iteracion,imagen_id,imagen,indice_llamada,etapa,forma_tensor,tiempo_ms
1,0,imagen.jpeg,0,conv2d,1x3x224x224,114.923524
1,0,imagen.jpeg,1,batchnorm,1x32x112x112,9.157894
1,0,imagen.jpeg,2,activacion,1x32x112x112,2.809241
1,0,imagen.jpeg,3,depthwise_conv,1x32x112x112,37.03612
1,0,imagen.jpeg,4,batchnorm,1x32x112x112,9.230485
1,0,imagen.jpeg,5,activacion,1x32x112x112,2.831772
1,0,imagen.jpeg,6,pointwise_conv,1x32x112x112,129.227657
1,0,imagen.jpeg,7,batchnorm,1x16x112x112,4.673813
1,0,imagen.jpeg,8,pointwise_conv,1x16x112x112,170.812119
1,0,imagen.jpeg,9,batchnorm,1x96x112x112,27.643583
1,0,imagen.jpeg,10,activacion,1x96x112x112,9.468277
1,0,imagen.jpeg,11,depthwise_conv,1x96x112x112,29.09355
1,0,imagen.jpeg,12,batchnorm,1x96x56x56,6.878958
1,0,imagen.jpeg,13,activacion,1x96x56x56,2.500268
1,0,imagen.jpeg,14,pointwise_conv,1x96x56x56,94.350661
1,0,imagen.jpeg,15,batchnorm,1x24x56x56,1.70666
1,0,imagen.jpeg,16,pointwise_conv,1x24x56x56,88.309573
1,0,imagen.jpeg,17,batchnorm,1x144x56x56,10.448939
1,0,imagen.jpeg,18,activacion,1x144x56x56,3.5293
1,0,imagen.jpeg,19,depthwise_conv,1x144x56x56,41.815705
1,0,imagen.jpeg,20,batchnorm,1x144x56x56,10.297507
1,0,imagen.jpeg,21,activacion,1x144x56x56,3.954645
1,0,imagen.jpeg,22,pointwise_conv,1x144x56x56,199.399853
1,0,imagen.jpeg,23,batchnorm,1x24x56x56,1.75306
1,0,imagen.jpeg,24,layer_add,1x24x56x56,0.87138
1,0,imagen.jpeg,25,pointwise_conv,1x24x56x56,87.667855
1,0,imagen.jpeg,26,batchnorm,1x144x56x56,10.445809
1,0,imagen.jpeg,27,activacion,1x144x56x56,3.867484
1,0,imagen.jpeg,28,depthwise_conv,1x144x56x56,10.648691
1,0,imagen.jpeg,29,batchnorm,1x144x28x28,2.5773
1,0,imagen.jpeg,30,activacion,1x144x28x28,1.011732
1,0,imagen.jpeg,31,pointwise_conv,1x144x28x28,25.612811
1,0,imagen.jpeg,32,batchnorm,1x32x28x28,0.568316
1,0,imagen.jpeg,33,pointwise_conv,1x32x28x28,34.543852
1,0,imagen.jpeg,34,batchnorm,1x192x28x28,3.463489
1,0,imagen.jpeg,35,activacion,1x192x28x28,1.115192
1,0,imagen.jpeg,36,depthwise_conv,1x192x28x28,13.993099
1,0,imagen.jpeg,37,batchnorm,1x192x28x28,3.459349
1,0,imagen.jpeg,38,activacion,1x192x28x28,1.381786
1,0,imagen.jpeg,39,pointwise_conv,1x192x28x28,34.130387
1,0,imagen.jpeg,40,batchnorm,1x32x28x28,0.573476
1,0,imagen.jpeg,41,layer_add,1x32x28x28,0.274784
1,0,imagen.jpeg,42,pointwise_conv,1x32x28x28,34.554643
1,0,imagen.jpeg,43,batchnorm,1x192x28x28,3.47359
1,0,imagen.jpeg,44,activacion,1x192x28x28,1.180994
1,0,imagen.jpeg,45,depthwise_conv,1x192x28x28,13.975478
1,0,imagen.jpeg,46,batchnorm,1x192x28x28,3.447199
1,0,imagen.jpeg,47,activacion,1x192x28x28,1.340475
1,0,imagen.jpeg,48,pointwise_conv,1x192x28x28,34.234689
1,0,imagen.jpeg,49,batchnorm,1x32x28x28,0.575376
1,0,imagen.jpeg,50,layer_add,1x32x28x28,0.271754
1,0,imagen.jpeg,51,pointwise_conv,1x32x28x28,34.509392
1,0,imagen.jpeg,52,batchnorm,1x192x28x28,3.48094
1,0,imagen.jpeg,53,activacion,1x192x28x28,1.255144
1,0,imagen.jpeg,54,depthwise_conv,1x192x28x28,3.665892
1,0,imagen.jpeg,55,batchnorm,1x192x14x14,0.88962
1,0,imagen.jpeg,56,activacion,1x192x14x14,0.277763
1,0,imagen.jpeg,57,pointwise_conv,1x192x14x14,12.613673
1,0,imagen.jpeg,58,batchnorm,1x64x14x14,0.288543
1,0,imagen.jpeg,59,pointwise_conv,1x64x14x14,24.293136
1,0,imagen.jpeg,60,batchnorm,1x384x14x14,1.76826
1,0,imagen.jpeg,61,activacion,1x384x14x14,0.558896
1,0,imagen.jpeg,62,depthwise_conv,1x384x14x14,7.144191
1,0,imagen.jpeg,63,batchnorm,1x384x14x14,1.73533
1,0,imagen.jpeg,64,activacion,1x384x14x14,0.685448
1,0,imagen.jpeg,65,pointwise_conv,1x384x14x14,30.724649
1,0,imagen.jpeg,66,batchnorm,1x64x14x14,0.289084
1,0,imagen.jpeg,67,layer_add,1x64x14x14,0.140951
1,0,imagen.jpeg,68,pointwise_conv,1x64x14x14,24.292116
1,0,imagen.jpeg,69,batchnorm,1x384x14x14,1.74899
1,0,imagen.jpeg,70,activacion,1x384x14x14,0.612987
1,0,imagen.jpeg,71,depthwise_conv,1x384x14x14,7.079021
1,0,imagen.jpeg,72,batchnorm,1x384x14x14,1.76038
1,0,imagen.jpeg,73,activacion,1x384x14x14,0.679057
1,0,imagen.jpeg,74,pointwise_conv,1x384x14x14,30.721868
1,0,imagen.jpeg,75,batchnorm,1x64x14x14,0.289873
1,0,imagen.jpeg,76,layer_add,1x64x14x14,0.135042
1,0,imagen.jpeg,77,pointwise_conv,1x64x14x14,24.291735
1,0,imagen.jpeg,78,batchnorm,1x384x14x14,1.75117
1,0,imagen.jpeg,79,activacion,1x384x14x14,0.692228
1,0,imagen.jpeg,80,depthwise_conv,1x384x14x14,7.05065
1,0,imagen.jpeg,81,batchnorm,1x384x14x14,1.737639
1,0,imagen.jpeg,82,activacion,1x384x14x14,0.660838
1,0,imagen.jpeg,83,pointwise_conv,1x384x14x14,31.293485
1,0,imagen.jpeg,84,batchnorm,1x64x14x14,0.294883
1,0,imagen.jpeg,85,layer_add,1x64x14x14,0.137882
1,0,imagen.jpeg,86,pointwise_conv,1x64x14x14,24.304586
1,0,imagen.jpeg,87,batchnorm,1x384x14x14,1.75142
1,0,imagen.jpeg,88,activacion,1x384x14x14,0.631497
1,0,imagen.jpeg,89,depthwise_conv,1x384x14x14,7.135481
1,0,imagen.jpeg,90,batchnorm,1x384x14x14,1.76686
1,0,imagen.jpeg,91,activacion,1x384x14x14,0.656067
1,0,imagen.jpeg,92,pointwise_conv,1x384x14x14,46.019332
1,0,imagen.jpeg,93,batchnorm,1x96x14x14,0.448085
1,0,imagen.jpeg,94,pointwise_conv,1x96x14x14,55.382009
1,0,imagen.jpeg,95,batchnorm,1x576x14x14,2.63085
1,0,imagen.jpeg,96,activacion,1x576x14x14,0.970991
1,0,imagen.jpeg,97,depthwise_conv,1x576x14x14,10.57737
1,0,imagen.jpeg,98,batchnorm,1x576x14x14,2.63809
1,0,imagen.jpeg,99,activacion,1x576x14x14,0.965761
1,0,imagen.jpeg,100,pointwise_conv,1x576x14x14,97.575237
1,0,imagen.jpeg,101,batchnorm,1x96x14x14,0.437015
1,0,imagen.jpeg,102,layer_add,1x96x14x14,0.209783
1,0,imagen.jpeg,103,pointwise_conv,1x96x14x14,55.534221
1,0,imagen.jpeg,104,batchnorm,1x576x14x14,2.662341
1,0,imagen.jpeg,105,activacion,1x576x14x14,0.983391
1,0,imagen.jpeg,106,depthwise_conv,1x576x14x14,10.61181
1,0,imagen.jpeg,107,batchnorm,1x576x14x14,2.65125
1,0,imagen.jpeg,108,activacion,1x576x14x14,0.955481
1,0,imagen.jpeg,109,pointwise_conv,1x576x14x14,97.643409
1,0,imagen.jpeg,110,batchnorm,1x96x14x14,0.460665
1,0,imagen.jpeg,111,layer_add,1x96x14x14,0.207142
1,0,imagen.jpeg,112,pointwise_conv,1x96x14x14,55.399169
1,0,imagen.jpeg,113,batchnorm,1x576x14x14,2.64299
1,0,imagen.jpeg,114,activacion,1x576x14x14,1.020922
1,0,imagen.jpeg,115,depthwise_conv,1x576x14x14,2.765101
1,0,imagen.jpeg,116,batchnorm,1x576x7x7,0.688518
1,0,imagen.jpeg,117,activacion,1x576x7x7,0.205572
1,0,imagen.jpeg,118,pointwise_conv,1x576x7x7,42.695744
1,0,imagen.jpeg,119,batchnorm,1x160x7x7,0.183402
1,0,imagen.jpeg,120,pointwise_conv,1x160x7x7,31.585309
1,0,imagen.jpeg,121,batchnorm,1x960x7x7,1.112343
1,0,imagen.jpeg,122,activacion,1x960x7x7,0.390764
1,0,imagen.jpeg,123,depthwise_conv,1x960x7x7,4.621332
1,0,imagen.jpeg,124,batchnorm,1x960x7x7,1.112703
1,0,imagen.jpeg,125,activacion,1x960x7x7,0.406474
1,0,imagen.jpeg,126,pointwise_conv,1x960x7x7,90.77011
1,0,imagen.jpeg,127,batchnorm,1x160x7x7,0.185642
1,0,imagen.jpeg,128,layer_add,1x160x7x7,0.081051
1,0,imagen.jpeg,129,pointwise_conv,1x160x7x7,31.643359
1,0,imagen.jpeg,130,batchnorm,1x960x7x7,1.117163
1,0,imagen.jpeg,131,activacion,1x960x7x7,0.397704
1,0,imagen.jpeg,132,depthwise_conv,1x960x7x7,4.626473
1,0,imagen.jpeg,133,batchnorm,1x960x7x7,1.096443
1,0,imagen.jpeg,134,activacion,1x960x7x7,0.398415
1,0,imagen.jpeg,135,pointwise_conv,1x960x7x7,90.684779
1,0,imagen.jpeg,136,batchnorm,1x160x7x7,0.186022
1,0,imagen.jpeg,137,layer_add,1x160x7x7,0.084581
1,0,imagen.jpeg,138,pointwise_conv,1x160x7x7,31.514188
1,0,imagen.jpeg,139,batchnorm,1x960x7x7,1.112673
1,0,imagen.jpeg,140,activacion,1x960x7x7,0.403515
1,0,imagen.jpeg,141,depthwise_conv,1x960x7x7,4.633242
1,0,imagen.jpeg,142,batchnorm,1x960x7x7,1.094923
1,0,imagen.jpeg,143,activacion,1x960x7x7,0.317404
1,0,imagen.jpeg,144,pointwise_conv,1x960x7x7,181.51926
1,0,imagen.jpeg,145,batchnorm,1x320x7x7,0.373364
1,0,imagen.jpeg,146,pointwise_conv,1x320x7x7,108.491122
1,0,imagen.jpeg,147,batchnorm,1x1280x7x7,1.495847
1,0,imagen.jpeg,148,activacion,1x1280x7x7,0.572557
1,0,imagen.jpeg,149,pooling,1x1280x7x7,0.263913
1,0,imagen.jpeg,150,linear,1x1280,5.112398
2,0,imagen.jpeg,0,conv2d,1x3x224x224,114.986825
2,0,imagen.jpeg,1,batchnorm,1x32x112x112,9.173765
2,0,imagen.jpeg,2,activacion,1x32x112x112,2.993804
2,0,imagen.jpeg,3,depthwise_conv,1x32x112x112,37.04216
2,0,imagen.jpeg,4,batchnorm,1x32x112x112,9.236135
2,0,imagen.jpeg,5,activacion,1x32x112x112,2.843333
2,0,imagen.jpeg,6,pointwise_conv,1x32x112x112,129.552931
2,0,imagen.jpeg,7,batchnorm,1x16x112x112,4.586682
2,0,imagen.jpeg,8,pointwise_conv,1x16x112x112,170.681287
2,0,imagen.jpeg,9,batchnorm,1x96x112x112,27.860936
2,0,imagen.jpeg,10,activacion,1x96x112x112,9.401336
2,0,imagen.jpeg,11,depthwise_conv,1x96x112x112,29.192991
2,0,imagen.jpeg,12,batchnorm,1x96x56x56,6.858898
2,0,imagen.jpeg,13,activacion,1x96x56x56,2.509768
2,0,imagen.jpeg,14,pointwise_conv,1x96x56x56,95.425243
2,0,imagen.jpeg,15,batchnorm,1x24x56x56,1.708769
2,0,imagen.jpeg,16,pointwise_conv,1x24x56x56,88.351073
2,0,imagen.jpeg,17,batchnorm,1x144x56x56,10.450599
2,0,imagen.jpeg,18,activacion,1x144x56x56,3.53174
2,0,imagen.jpeg,19,depthwise_conv,1x144x56x56,41.938226
2,0,imagen.jpeg,20,batchnorm,1x144x56x56,10.313207
2,0,imagen.jpeg,21,activacion,1x144x56x56,4.035696
2,0,imagen.jpeg,22,pointwise_conv,1x144x56x56,199.559255
2,0,imagen.jpeg,23,batchnorm,1x24x56x56,1.71192
2,0,imagen.jpeg,24,layer_add,1x24x56x56,0.769619
2,0,imagen.jpeg,25,pointwise_conv,1x24x56x56,87.704566
2,0,imagen.jpeg,26,batchnorm,1x144x56x56,10.451499
2,0,imagen.jpeg,27,activacion,1x144x56x56,3.924004
2,0,imagen.jpeg,28,depthwise_conv,1x144x56x56,10.763752
2,0,imagen.jpeg,29,batchnorm,1x144x28x28,2.596979
2,0,imagen.jpeg,30,activacion,1x144x28x28,0.89636
2,0,imagen.jpeg,31,pointwise_conv,1x144x28x28,25.664361
2,0,imagen.jpeg,32,batchnorm,1x32x28x28,0.568197
2,0,imagen.jpeg,33,pointwise_conv,1x32x28x28,34.549912
2,0,imagen.jpeg,34,batchnorm,1x192x28x28,3.479919
2,0,imagen.jpeg,35,activacion,1x192x28x28,1.116302
2,0,imagen.jpeg,36,depthwise_conv,1x192x28x28,13.982199
2,0,imagen.jpeg,37,batchnorm,1x192x28x28,3.438099
2,0,imagen.jpeg,38,activacion,1x192x28x28,1.364166
2,0,imagen.jpeg,39,pointwise_conv,1x192x28x28,34.293729
2,0,imagen.jpeg,40,batchnorm,1x32x28x28,0.570536
2,0,imagen.jpeg,41,layer_add,1x32x28x28,0.272993
2,0,imagen.jpeg,42,pointwise_conv,1x32x28x28,34.519161
2,0,imagen.jpeg,43,batchnorm,1x192x28x28,3.44838
2,0,imagen.jpeg,44,activacion,1x192x28x28,1.182514
2,0,imagen.jpeg,45,depthwise_conv,1x192x28x28,14.000539
2,0,imagen.jpeg,46,batchnorm,1x192x28x28,3.436499
2,0,imagen.jpeg,47,activacion,1x192x28x28,1.385616
2,0,imagen.jpeg,48,pointwise_conv,1x192x28x28,34.084057
2,0,imagen.jpeg,49,batchnorm,1x32x28x28,0.599907
2,0,imagen.jpeg,50,layer_add,1x32x28x28,0.276604
2,0,imagen.jpeg,51,pointwise_conv,1x32x28x28,34.486422
2,0,imagen.jpeg,52,batchnorm,1x192x28x28,3.461149
2,0,imagen.jpeg,53,activacion,1x192x28x28,1.285904
2,0,imagen.jpeg,54,depthwise_conv,1x192x28x28,3.638001
2,0,imagen.jpeg,55,batchnorm,1x192x14x14,0.87265
2,0,imagen.jpeg,56,activacion,1x192x14x14,0.276393
2,0,imagen.jpeg,57,pointwise_conv,1x192x14x14,12.607993
2,0,imagen.jpeg,58,batchnorm,1x64x14x14,0.287633
2,0,imagen.jpeg,59,pointwise_conv,1x64x14x14,24.383107
2,0,imagen.jpeg,60,batchnorm,1x384x14x14,1.75714
2,0,imagen.jpeg,61,activacion,1x384x14x14,0.557756
2,0,imagen.jpeg,62,depthwise_conv,1x384x14x14,7.07712
2,0,imagen.jpeg,63,batchnorm,1x384x14x14,1.7557
2,0,imagen.jpeg,64,activacion,1x384x14x14,0.687258
2,0,imagen.jpeg,65,pointwise_conv,1x384x14x14,30.737999
2,0,imagen.jpeg,66,batchnorm,1x64x14x14,0.293243
2,0,imagen.jpeg,67,layer_add,1x64x14x14,0.137312
2,0,imagen.jpeg,68,pointwise_conv,1x64x14x14,24.420367
2,0,imagen.jpeg,69,batchnorm,1x384x14x14,1.773601
2,0,imagen.jpeg,70,activacion,1x384x14x14,0.617817
2,0,imagen.jpeg,71,depthwise_conv,1x384x14x14,7.06192
2,0,imagen.jpeg,72,batchnorm,1x384x14x14,1.732149
2,0,imagen.jpeg,73,activacion,1x384x14x14,0.675207
2,0,imagen.jpeg,74,pointwise_conv,1x384x14x14,30.776539
2,0,imagen.jpeg,75,batchnorm,1x64x14x14,0.290023
2,0,imagen.jpeg,76,layer_add,1x64x14x14,0.136192
2,0,imagen.jpeg,77,pointwise_conv,1x64x14x14,24.282265
2,0,imagen.jpeg,78,batchnorm,1x384x14x14,1.76292
2,0,imagen.jpeg,79,activacion,1x384x14x14,0.658508
2,0,imagen.jpeg,80,depthwise_conv,1x384x14x14,7.06914
2,0,imagen.jpeg,81,batchnorm,1x384x14x14,1.73518
2,0,imagen.jpeg,82,activacion,1x384x14x14,0.696898
2,0,imagen.jpeg,83,pointwise_conv,1x384x14x14,30.695758
2,0,imagen.jpeg,84,batchnorm,1x64x14x14,0.302273
2,0,imagen.jpeg,85,layer_add,1x64x14x14,0.135812
2,0,imagen.jpeg,86,pointwise_conv,1x64x14x14,24.354146
2,0,imagen.jpeg,87,batchnorm,1x384x14x14,1.74962
2,0,imagen.jpeg,88,activacion,1x384x14x14,0.639257
2,0,imagen.jpeg,89,depthwise_conv,1x384x14x14,7.04186
2,0,imagen.jpeg,90,batchnorm,1x384x14x14,1.75275
2,0,imagen.jpeg,91,activacion,1x384x14x14,0.642667
2,0,imagen.jpeg,92,pointwise_conv,1x384x14x14,46.055653
2,0,imagen.jpeg,93,batchnorm,1x96x14x14,0.432915
2,0,imagen.jpeg,94,pointwise_conv,1x96x14x14,55.395359
2,0,imagen.jpeg,95,batchnorm,1x576x14x14,2.637029
2,0,imagen.jpeg,96,activacion,1x576x14x14,0.970531
2,0,imagen.jpeg,97,depthwise_conv,1x576x14x14,10.620271
2,0,imagen.jpeg,98,batchnorm,1x576x14x14,2.61851
2,0,imagen.jpeg,99,activacion,1x576x14x14,1.016041
2,0,imagen.jpeg,100,pointwise_conv,1x576x14x14,97.325924
2,0,imagen.jpeg,101,batchnorm,1x96x14x14,0.435945
2,0,imagen.jpeg,102,layer_add,1x96x14x14,0.208572
2,0,imagen.jpeg,103,pointwise_conv,1x96x14x14,55.4875
2,0,imagen.jpeg,104,batchnorm,1x576x14x14,2.65174
2,0,imagen.jpeg,105,activacion,1x576x14x14,0.993262
2,0,imagen.jpeg,106,depthwise_conv,1x576x14x14,10.611371
2,0,imagen.jpeg,107,batchnorm,1x576x14x14,2.64394
2,0,imagen.jpeg,108,activacion,1x576x14x14,0.982901
2,0,imagen.jpeg,109,pointwise_conv,1x576x14x14,97.418386
2,0,imagen.jpeg,110,batchnorm,1x96x14x14,0.435985
2,0,imagen.jpeg,111,layer_add,1x96x14x14,0.207842
2,0,imagen.jpeg,112,pointwise_conv,1x96x14x14,55.388909
2,0,imagen.jpeg,113,batchnorm,1x576x14x14,2.63837
2,0,imagen.jpeg,114,activacion,1x576x14x14,0.979591
2,0,imagen.jpeg,115,depthwise_conv,1x576x14x14,2.798922
2,0,imagen.jpeg,116,batchnorm,1x576x7x7,0.662198
2,0,imagen.jpeg,117,activacion,1x576x7x7,0.203253
2,0,imagen.jpeg,118,pointwise_conv,1x576x7x7,42.716735
2,0,imagen.jpeg,119,batchnorm,1x160x7x7,0.183692
2,0,imagen.jpeg,120,pointwise_conv,1x160x7x7,31.605289
2,0,imagen.jpeg,121,batchnorm,1x960x7x7,1.115853
2,0,imagen.jpeg,122,activacion,1x960x7x7,0.412784
2,0,imagen.jpeg,123,depthwise_conv,1x960x7x7,4.608892
2,0,imagen.jpeg,124,batchnorm,1x960x7x7,1.096982
2,0,imagen.jpeg,125,activacion,1x960x7x7,0.404874
2,0,imagen.jpeg,126,pointwise_conv,1x960x7x7,90.649189
2,0,imagen.jpeg,127,batchnorm,1x160x7x7,0.185222
2,0,imagen.jpeg,128,layer_add,1x160x7x7,0.088321
2,0,imagen.jpeg,129,pointwise_conv,1x160x7x7,31.528708
2,0,imagen.jpeg,130,batchnorm,1x960x7x7,1.113453
2,0,imagen.jpeg,131,activacion,1x960x7x7,0.396714
2,0,imagen.jpeg,132,depthwise_conv,1x960x7x7,4.619962
2,0,imagen.jpeg,133,batchnorm,1x960x7x7,1.094312
2,0,imagen.jpeg,134,activacion,1x960x7x7,0.395945
2,0,imagen.jpeg,135,pointwise_conv,1x960x7x7,90.798721
2,0,imagen.jpeg,136,batchnorm,1x160x7x7,0.186782
2,0,imagen.jpeg,137,layer_add,1x160x7x7,0.087891
2,0,imagen.jpeg,138,pointwise_conv,1x160x7x7,31.499217
2,0,imagen.jpeg,139,batchnorm,1x960x7x7,1.114762
2,0,imagen.jpeg,140,activacion,1x960x7x7,0.426475
2,0,imagen.jpeg,141,depthwise_conv,1x960x7x7,4.610352
2,0,imagen.jpeg,142,batchnorm,1x960x7x7,1.097203
2,0,imagen.jpeg,143,activacion,1x960x7x7,0.325704
2,0,imagen.jpeg,144,pointwise_conv,1x960x7x7,181.569821
2,0,imagen.jpeg,145,batchnorm,1x320x7x7,0.373774
2,0,imagen.jpeg,146,pointwise_conv,1x320x7x7,108.474431
2,0,imagen.jpeg,147,batchnorm,1x1280x7x7,1.525557
2,0,imagen.jpeg,148,activacion,1x1280x7x7,0.540586
2,0,imagen.jpeg,149,pooling,1x1280x7x7,0.263403
2,0,imagen.jpeg,150,linear,1x1280,5.102318
3,0,imagen.jpeg,0,conv2d,1x3x224x224,115.098856
3,0,imagen.jpeg,1,batchnorm,1x32x112x112,9.168174
3,0,imagen.jpeg,2,activacion,1x32x112x112,2.770011
3,0,imagen.jpeg,3,depthwise_conv,1x32x112x112,37.118921
3,0,imagen.jpeg,4,batchnorm,1x32x112x112,9.227315
3,0,imagen.jpeg,5,activacion,1x32x112x112,2.830652
3,0,imagen.jpeg,6,pointwise_conv,1x32x112x112,129.242697
3,0,imagen.jpeg,7,batchnorm,1x16x112x112,4.637743
3,0,imagen.jpeg,8,pointwise_conv,1x16x112x112,171.178313
3,0,imagen.jpeg,9,batchnorm,1x96x112x112,27.791036
3,0,imagen.jpeg,10,activacion,1x96x112x112,9.338736
3,0,imagen.jpeg,11,depthwise_conv,1x96x112x112,29.039829
3,0,imagen.jpeg,12,batchnorm,1x96x56x56,6.872368
3,0,imagen.jpeg,13,activacion,1x96x56x56,2.501468
3,0,imagen.jpeg,14,pointwise_conv,1x96x56x56,94.705345
3,0,imagen.jpeg,15,batchnorm,1x24x56x56,1.7103
3,0,imagen.jpeg,16,pointwise_conv,1x24x56x56,88.496384
3,0,imagen.jpeg,17,batchnorm,1x144x56x56,10.453329
3,0,imagen.jpeg,18,activacion,1x144x56x56,3.595621
3,0,imagen.jpeg,19,depthwise_conv,1x144x56x56,41.845765
3,0,imagen.jpeg,20,batchnorm,1x144x56x56,10.396818
3,0,imagen.jpeg,21,activacion,1x144x56x56,3.943745
3,0,imagen.jpeg,22,pointwise_conv,1x144x56x56,199.769698
3,0,imagen.jpeg,23,batchnorm,1x24x56x56,1.710429
3,0,imagen.jpeg,24,layer_add,1x24x56x56,0.88323
3,0,imagen.jpeg,25,pointwise_conv,1x24x56x56,87.600975
3,0,imagen.jpeg,26,batchnorm,1x144x56x56,10.452869
3,0,imagen.jpeg,27,activacion,1x144x56x56,3.954355
3,0,imagen.jpeg,28,depthwise_conv,1x144x56x56,10.624671
3,0,imagen.jpeg,29,batchnorm,1x144x28x28,2.601739
3,0,imagen.jpeg,30,activacion,1x144x28x28,0.90545
3,0,imagen.jpeg,31,pointwise_conv,1x144x28x28,25.665551
3,0,imagen.jpeg,32,batchnorm,1x32x28x28,0.571496
3,0,imagen.jpeg,33,pointwise_conv,1x32x28x28,34.610633
3,0,imagen.jpeg,34,batchnorm,1x192x28x28,3.467259
3,0,imagen.jpeg,35,activacion,1x192x28x28,1.115852
3,0,imagen.jpeg,36,depthwise_conv,1x192x28x28,13.996299
3,0,imagen.jpeg,37,batchnorm,1x192x28x28,3.54469
3,0,imagen.jpeg,38,activacion,1x192x28x28,1.341855
3,0,imagen.jpeg,39,pointwise_conv,1x192x28x28,34.091787
3,0,imagen.jpeg,40,batchnorm,1x32x28x28,0.572167
3,0,imagen.jpeg,41,layer_add,1x32x28x28,0.274333
3,0,imagen.jpeg,42,pointwise_conv,1x32x28x28,34.551852
3,0,imagen.jpeg,43,batchnorm,1x192x28x28,3.475049
3,0,imagen.jpeg,44,activacion,1x192x28x28,1.183003
3,0,imagen.jpeg,45,depthwise_conv,1x192x28x28,13.987249
3,0,imagen.jpeg,46,batchnorm,1x192x28x28,3.415669
3,0,imagen.jpeg,47,activacion,1x192x28x28,1.407196
3,0,imagen.jpeg,48,pointwise_conv,1x192x28x28,34.052007
3,0,imagen.jpeg,49,batchnorm,1x32x28x28,0.594167
3,0,imagen.jpeg,50,layer_add,1x32x28x28,0.272184
3,0,imagen.jpeg,51,pointwise_conv,1x32x28x28,34.486562
3,0,imagen.jpeg,52,batchnorm,1x192x28x28,3.451849
3,0,imagen.jpeg,53,activacion,1x192x28x28,1.282544
3,0,imagen.jpeg,54,depthwise_conv,1x192x28x28,3.643481
3,0,imagen.jpeg,55,batchnorm,1x192x14x14,0.87579
3,0,imagen.jpeg,56,activacion,1x192x14x14,0.277304
3,0,imagen.jpeg,57,pointwise_conv,1x192x14x14,12.625943
3,0,imagen.jpeg,58,batchnorm,1x64x14x14,0.309183
3,0,imagen.jpeg,59,pointwise_conv,1x64x14x14,24.366787
3,0,imagen.jpeg,60,batchnorm,1x384x14x14,1.75386
3,0,imagen.jpeg,61,activacion,1x384x14x14,0.557566
3,0,imagen.jpeg,62,depthwise_conv,1x384x14x14,7.07373
3,0,imagen.jpeg,63,batchnorm,1x384x14x14,1.75699
3,0,imagen.jpeg,64,activacion,1x384x14x14,0.691398
3,0,imagen.jpeg,65,pointwise_conv,1x384x14x14,30.716488
3,0,imagen.jpeg,66,batchnorm,1x64x14x14,0.289044
3,0,imagen.jpeg,67,layer_add,1x64x14x14,0.136451
3,0,imagen.jpeg,68,pointwise_conv,1x64x14x14,24.288706
3,0,imagen.jpeg,69,batchnorm,1x384x14x14,1.77041
3,0,imagen.jpeg,70,activacion,1x384x14x14,0.614587
3,0,imagen.jpeg,71,depthwise_conv,1x384x14x14,7.055961
3,0,imagen.jpeg,72,batchnorm,1x384x14x14,1.73127
3,0,imagen.jpeg,73,activacion,1x384x14x14,0.695338
3,0,imagen.jpeg,74,pointwise_conv,1x384x14x14,30.80221
3,0,imagen.jpeg,75,batchnorm,1x64x14x14,0.288423
3,0,imagen.jpeg,76,layer_add,1x64x14x14,0.136332
3,0,imagen.jpeg,77,pointwise_conv,1x64x14x14,24.284775
3,0,imagen.jpeg,78,batchnorm,1x384x14x14,1.76826
3,0,imagen.jpeg,79,activacion,1x384x14x14,0.644267
3,0,imagen.jpeg,80,depthwise_conv,1x384x14x14,7.07141
3,0,imagen.jpeg,81,batchnorm,1x384x14x14,1.72991
3,0,imagen.jpeg,82,activacion,1x384x14x14,0.701288
3,0,imagen.jpeg,83,pointwise_conv,1x384x14x14,30.694008
3,0,imagen.jpeg,84,batchnorm,1x64x14x14,0.303383
3,0,imagen.jpeg,85,layer_add,1x64x14x14,0.137632
3,0,imagen.jpeg,86,pointwise_conv,1x64x14x14,24.369476
3,0,imagen.jpeg,87,batchnorm,1x384x14x14,1.75263
3,0,imagen.jpeg,88,activacion,1x384x14x14,0.631537
3,0,imagen.jpeg,89,depthwise_conv,1x384x14x14,7.06116
3,0,imagen.jpeg,90,batchnorm,1x384x14x14,1.76513
3,0,imagen.jpeg,91,activacion,1x384x14x14,0.629137
3,0,imagen.jpeg,92,pointwise_conv,1x384x14x14,46.251775
3,0,imagen.jpeg,93,batchnorm,1x96x14x14,0.433124
3,0,imagen.jpeg,94,pointwise_conv,1x96x14x14,55.467499
3,0,imagen.jpeg,95,batchnorm,1x576x14x14,2.65881
3,0,imagen.jpeg,96,activacion,1x576x14x14,0.972771
3,0,imagen.jpeg,97,depthwise_conv,1x576x14x14,10.60784
3,0,imagen.jpeg,98,batchnorm,1x576x14x14,2.62099
3,0,imagen.jpeg,99,activacion,1x576x14x14,1.008942
3,0,imagen.jpeg,100,pointwise_conv,1x576x14x14,97.473187
3,0,imagen.jpeg,101,batchnorm,1x96x14x14,0.436115
3,0,imagen.jpeg,102,layer_add,1x96x14x14,0.205612
3,0,imagen.jpeg,103,pointwise_conv,1x96x14x14,55.49384
3,0,imagen.jpeg,104,batchnorm,1x576x14x14,2.65018
3,0,imagen.jpeg,105,activacion,1x576x14x14,1.016351
3,0,imagen.jpeg,106,depthwise_conv,1x576x14x14,10.647371
3,0,imagen.jpeg,107,batchnorm,1x576x14x14,2.65252
3,0,imagen.jpeg,108,activacion,1x576x14x14,0.985651
3,0,imagen.jpeg,109,pointwise_conv,1x576x14x14,97.460726
3,0,imagen.jpeg,110,batchnorm,1x96x14x14,0.434875
3,0,imagen.jpeg,111,layer_add,1x96x14x14,0.205022
3,0,imagen.jpeg,112,pointwise_conv,1x96x14x14,55.321558
3,0,imagen.jpeg,113,batchnorm,1x576x14x14,2.6636
3,0,imagen.jpeg,114,activacion,1x576x14x14,0.985261
3,0,imagen.jpeg,115,depthwise_conv,1x576x14x14,2.801492
3,0,imagen.jpeg,116,batchnorm,1x576x7x7,0.662558
3,0,imagen.jpeg,117,activacion,1x576x7x7,0.203483
3,0,imagen.jpeg,118,pointwise_conv,1x576x7x7,42.821576
3,0,imagen.jpeg,119,batchnorm,1x160x7x7,0.185802
3,0,imagen.jpeg,120,pointwise_conv,1x160x7x7,31.499397
3,0,imagen.jpeg,121,batchnorm,1x960x7x7,1.116293
3,0,imagen.jpeg,122,activacion,1x960x7x7,0.402074
3,0,imagen.jpeg,123,depthwise_conv,1x960x7x7,4.683373
3,0,imagen.jpeg,124,batchnorm,1x960x7x7,1.096992
3,0,imagen.jpeg,125,activacion,1x960x7x7,0.405734
3,0,imagen.jpeg,126,pointwise_conv,1x960x7x7,90.619559
3,0,imagen.jpeg,127,batchnorm,1x160x7x7,0.184742
3,0,imagen.jpeg,128,layer_add,1x160x7x7,0.084421
3,0,imagen.jpeg,129,pointwise_conv,1x160x7x7,31.511778
3,0,imagen.jpeg,130,batchnorm,1x960x7x7,1.110483
3,0,imagen.jpeg,131,activacion,1x960x7x7,0.439325
3,0,imagen.jpeg,132,depthwise_conv,1x960x7x7,4.604262
3,0,imagen.jpeg,133,batchnorm,1x960x7x7,1.094762
3,0,imagen.jpeg,134,activacion,1x960x7x7,0.398484
3,0,imagen.jpeg,135,pointwise_conv,1x960x7x7,90.74632
3,0,imagen.jpeg,136,batchnorm,1x160x7x7,0.186952
3,0,imagen.jpeg,137,layer_add,1x160x7x7,0.086861
3,0,imagen.jpeg,138,pointwise_conv,1x160x7x7,31.561538
3,0,imagen.jpeg,139,batchnorm,1x960x7x7,1.137953
3,0,imagen.jpeg,140,activacion,1x960x7x7,0.391454
3,0,imagen.jpeg,141,depthwise_conv,1x960x7x7,4.608682
3,0,imagen.jpeg,142,batchnorm,1x960x7x7,1.095752
3,0,imagen.jpeg,143,activacion,1x960x7x7,0.317043
3,0,imagen.jpeg,144,pointwise_conv,1x960x7x7,181.50184
3,0,imagen.jpeg,145,batchnorm,1x320x7x7,0.377254
3,0,imagen.jpeg,146,pointwise_conv,1x320x7x7,108.577602
3,0,imagen.jpeg,147,batchnorm,1x1280x7x7,1.517877
3,0,imagen.jpeg,148,activacion,1x1280x7x7,0.542906
3,0,imagen.jpeg,149,pooling,1x1280x7x7,0.263193
3,0,imagen.jpeg,150,linear,1x1280,5.117868
4,0,imagen.jpeg,0,conv2d,1x3x224x224,115.029205
4,0,imagen.jpeg,1,batchnorm,1x32x112x112,9.142904
4,0,imagen.jpeg,2,activacion,1x32x112x112,2.806002
4,0,imagen.jpeg,3,depthwise_conv,1x32x112x112,37.03341
4,0,imagen.jpeg,4,batchnorm,1x32x112x112,9.235425
4,0,imagen.jpeg,5,activacion,1x32x112x112,2.833152
4,0,imagen.jpeg,6,pointwise_conv,1x32x112x112,129.164816
4,0,imagen.jpeg,7,batchnorm,1x16x112x112,4.597952
4,0,imagen.jpeg,8,pointwise_conv,1x16x112x112,170.837129
4,0,imagen.jpeg,9,batchnorm,1x96x112x112,27.763225
4,0,imagen.jpeg,10,activacion,1x96x112x112,9.418047
4,0,imagen.jpeg,11,depthwise_conv,1x96x112x112,29.133711
4,0,imagen.jpeg,12,batchnorm,1x96x56x56,6.883738
4,0,imagen.jpeg,13,activacion,1x96x56x56,2.476708
4,0,imagen.jpeg,14,pointwise_conv,1x96x56x56,97.304154
4,0,imagen.jpeg,15,batchnorm,1x24x56x56,1.710229
4,0,imagen.jpeg,16,pointwise_conv,1x24x56x56,88.324933
4,0,imagen.jpeg,17,batchnorm,1x144x56x56,10.452939
4,0,imagen.jpeg,18,activacion,1x144x56x56,3.53595
4,0,imagen.jpeg,19,depthwise_conv,1x144x56x56,41.938036
4,0,imagen.jpeg,20,batchnorm,1x144x56x56,10.297436
4,0,imagen.jpeg,21,activacion,1x144x56x56,3.948885
4,0,imagen.jpeg,22,pointwise_conv,1x144x56x56,199.604436
4,0,imagen.jpeg,23,batchnorm,1x24x56x56,1.712499
4,0,imagen.jpeg,24,layer_add,1x24x56x56,0.775919
4,0,imagen.jpeg,25,pointwise_conv,1x24x56x56,87.673275
4,0,imagen.jpeg,26,batchnorm,1x144x56x56,10.499839
4,0,imagen.jpeg,27,activacion,1x144x56x56,3.877334
4,0,imagen.jpeg,28,depthwise_conv,1x144x56x56,10.655911
4,0,imagen.jpeg,29,batchnorm,1x144x28x28,2.601379
4,0,imagen.jpeg,30,activacion,1x144x28x28,0.89335
4,0,imagen.jpeg,31,pointwise_conv,1x144x28x28,25.60168
4,0,imagen.jpeg,32,batchnorm,1x32x28x28,0.587677
4,0,imagen.jpeg,33,pointwise_conv,1x32x28x28,34.528032
4,0,imagen.jpeg,34,batchnorm,1x192x28x28,3.469019
4,0,imagen.jpeg,35,activacion,1x192x28x28,1.148333
4,0,imagen.jpeg,36,depthwise_conv,1x192x28x28,14.051209
4,0,imagen.jpeg,37,batchnorm,1x192x28x28,3.443209
4,0,imagen.jpeg,38,activacion,1x192x28x28,1.376106
4,0,imagen.jpeg,39,pointwise_conv,1x192x28x28,34.053387
4,0,imagen.jpeg,40,batchnorm,1x32x28x28,0.573066
4,0,imagen.jpeg,41,layer_add,1x32x28x28,0.312674
4,0,imagen.jpeg,42,pointwise_conv,1x32x28x28,34.520312
4,0,imagen.jpeg,43,batchnorm,1x192x28x28,3.459569
4,0,imagen.jpeg,44,activacion,1x192x28x28,1.182273
4,0,imagen.jpeg,45,depthwise_conv,1x192x28x28,13.995299
4,0,imagen.jpeg,46,batchnorm,1x192x28x28,3.53085
4,0,imagen.jpeg,47,activacion,1x192x28x28,1.339045
4,0,imagen.jpeg,48,pointwise_conv,1x192x28x28,34.490151
4,0,imagen.jpeg,49,batchnorm,1x32x28x28,0.576607
4,0,imagen.jpeg,50,layer_add,1x32x28x28,0.308573
4,0,imagen.jpeg,51,pointwise_conv,1x32x28x28,34.533272
4,0,imagen.jpeg,52,batchnorm,1x192x28x28,3.457459
4,0,imagen.jpeg,53,activacion,1x192x28x28,1.288065
4,0,imagen.jpeg,54,depthwise_conv,1x192x28x28,3.649231
4,0,imagen.jpeg,55,batchnorm,1x192x14x14,0.87647
4,0,imagen.jpeg,56,activacion,1x192x14x14,0.275493
4,0,imagen.jpeg,57,pointwise_conv,1x192x14x14,12.613973
4,0,imagen.jpeg,58,batchnorm,1x64x14x14,0.288903
4,0,imagen.jpeg,59,pointwise_conv,1x64x14x14,24.395017
4,0,imagen.jpeg,60,batchnorm,1x384x14x14,1.75835
4,0,imagen.jpeg,61,activacion,1x384x14x14,0.558116
4,0,imagen.jpeg,62,depthwise_conv,1x384x14x14,7.08116
4,0,imagen.jpeg,63,batchnorm,1x384x14x14,1.73314
4,0,imagen.jpeg,64,activacion,1x384x14x14,0.693438
4,0,imagen.jpeg,65,pointwise_conv,1x384x14x14,30.700289
4,0,imagen.jpeg,66,batchnorm,1x64x14x14,0.288633
4,0,imagen.jpeg,67,layer_add,1x64x14x14,0.138312
4,0,imagen.jpeg,68,pointwise_conv,1x64x14x14,24.273036
4,0,imagen.jpeg,69,batchnorm,1x384x14x14,1.74563
4,0,imagen.jpeg,70,activacion,1x384x14x14,0.617077
4,0,imagen.jpeg,71,depthwise_conv,1x384x14x14,7.04556
4,0,imagen.jpeg,72,batchnorm,1x384x14x14,1.74757
4,0,imagen.jpeg,73,activacion,1x384x14x14,0.672787
4,0,imagen.jpeg,74,pointwise_conv,1x384x14x14,30.79965
4,0,imagen.jpeg,75,batchnorm,1x64x14x14,0.290673
4,0,imagen.jpeg,76,layer_add,1x64x14x14,0.137502
4,0,imagen.jpeg,77,pointwise_conv,1x64x14x14,24.351417
4,0,imagen.jpeg,78,batchnorm,1x384x14x14,1.767261
4,0,imagen.jpeg,79,activacion,1x384x14x14,0.645907
4,0,imagen.jpeg,80,depthwise_conv,1x384x14x14,7.08142
4,0,imagen.jpeg,81,batchnorm,1x384x14x14,1.76896
4,0,imagen.jpeg,82,activacion,1x384x14x14,0.733518
4,0,imagen.jpeg,83,pointwise_conv,1x384x14x14,30.760929
4,0,imagen.jpeg,84,batchnorm,1x64x14x14,0.288133
4,0,imagen.jpeg,85,layer_add,1x64x14x14,0.156102
4,0,imagen.jpeg,86,pointwise_conv,1x64x14x14,24.345006
4,0,imagen.jpeg,87,batchnorm,1x384x14x14,1.75119
4,0,imagen.jpeg,88,activacion,1x384x14x14,0.637468
4,0,imagen.jpeg,89,depthwise_conv,1x384x14x14,7.06152
4,0,imagen.jpeg,90,batchnorm,1x384x14x14,1.75657
4,0,imagen.jpeg,91,activacion,1x384x14x14,0.655637
4,0,imagen.jpeg,92,pointwise_conv,1x384x14x14,46.020533
4,0,imagen.jpeg,93,batchnorm,1x96x14x14,0.432585
4,0,imagen.jpeg,94,pointwise_conv,1x96x14x14,55.395448
4,0,imagen.jpeg,95,batchnorm,1x576x14x14,2.6344
4,0,imagen.jpeg,96,activacion,1x576x14x14,1.005302
4,0,imagen.jpeg,97,depthwise_conv,1x576x14x14,10.58887
4,0,imagen.jpeg,98,batchnorm,1x576x14x14,2.6391
4,0,imagen.jpeg,99,activacion,1x576x14x14,0.970481
4,0,imagen.jpeg,100,pointwise_conv,1x576x14x14,97.643958
4,0,imagen.jpeg,101,batchnorm,1x96x14x14,0.439545
4,0,imagen.jpeg,102,layer_add,1x96x14x14,0.206402
4,0,imagen.jpeg,103,pointwise_conv,1x96x14x14,55.49623
4,0,imagen.jpeg,104,batchnorm,1x576x14x14,2.738151
4,0,imagen.jpeg,105,activacion,1x576x14x14,0.984641
4,0,imagen.jpeg,106,depthwise_conv,1x576x14x14,10.632361
4,0,imagen.jpeg,107,batchnorm,1x576x14x14,2.64446
4,0,imagen.jpeg,108,activacion,1x576x14x14,0.982052
4,0,imagen.jpeg,109,pointwise_conv,1x576x14x14,97.466507
4,0,imagen.jpeg,110,batchnorm,1x96x14x14,0.436185
4,0,imagen.jpeg,111,layer_add,1x96x14x14,0.206092
4,0,imagen.jpeg,112,pointwise_conv,1x96x14x14,55.370909
4,0,imagen.jpeg,113,batchnorm,1x576x14x14,2.63719
4,0,imagen.jpeg,114,activacion,1x576x14x14,0.987231
4,0,imagen.jpeg,115,depthwise_conv,1x576x14x14,2.806652
4,0,imagen.jpeg,116,batchnorm,1x576x7x7,0.665807
4,0,imagen.jpeg,117,activacion,1x576x7x7,0.206412
4,0,imagen.jpeg,118,pointwise_conv,1x576x7x7,42.700725
4,0,imagen.jpeg,119,batchnorm,1x160x7x7,0.183512
4,0,imagen.jpeg,120,pointwise_conv,1x160x7x7,31.502888
4,0,imagen.jpeg,121,batchnorm,1x960x7x7,1.113103
4,0,imagen.jpeg,122,activacion,1x960x7x7,0.413144
4,0,imagen.jpeg,123,depthwise_conv,1x960x7x7,4.664933
4,0,imagen.jpeg,124,batchnorm,1x960x7x7,1.095122
4,0,imagen.jpeg,125,activacion,1x960x7x7,0.404145
4,0,imagen.jpeg,126,pointwise_conv,1x960x7x7,90.601449
4,0,imagen.jpeg,127,batchnorm,1x160x7x7,0.185622
4,0,imagen.jpeg,128,layer_add,1x160x7x7,0.086951
4,0,imagen.jpeg,129,pointwise_conv,1x160x7x7,31.527228
4,0,imagen.jpeg,130,batchnorm,1x960x7x7,1.112322
4,0,imagen.jpeg,131,activacion,1x960x7x7,0.404945
4,0,imagen.jpeg,132,depthwise_conv,1x960x7x7,4.633053
4,0,imagen.jpeg,133,batchnorm,1x960x7x7,1.097992
4,0,imagen.jpeg,134,activacion,1x960x7x7,0.397374
4,0,imagen.jpeg,135,pointwise_conv,1x960x7x7,90.661459
4,0,imagen.jpeg,136,batchnorm,1x160x7x7,0.187352
4,0,imagen.jpeg,137,layer_add,1x160x7x7,0.089371
4,0,imagen.jpeg,138,pointwise_conv,1x160x7x7,31.575058
4,0,imagen.jpeg,139,batchnorm,1x960x7x7,1.120703
4,0,imagen.jpeg,140,activacion,1x960x7x7,0.403215
4,0,imagen.jpeg,141,depthwise_conv,1x960x7x7,4.610212
4,0,imagen.jpeg,142,batchnorm,1x960x7x7,1.096472
4,0,imagen.jpeg,143,activacion,1x960x7x7,0.316643
4,0,imagen.jpeg,144,pointwise_conv,1x960x7x7,181.192307
4,0,imagen.jpeg,145,batchnorm,1x320x7x7,0.374064
4,0,imagen.jpeg,146,pointwise_conv,1x320x7x7,108.480371
4,0,imagen.jpeg,147,batchnorm,1x1280x7x7,1.491377
4,0,imagen.jpeg,148,activacion,1x1280x7x7,0.581156
4,0,imagen.jpeg,149,pooling,1x1280x7x7,0.263283
4,0,imagen.jpeg,150,linear,1x1280,5.103968
5,0,imagen.jpeg,0,conv2d,1x3x224x224,115.817714
5,0,imagen.jpeg,1,batchnorm,1x32x112x112,9.190675
5,0,imagen.jpeg,2,activacion,1x32x112x112,2.769061
5,0,imagen.jpeg,3,depthwise_conv,1x32x112x112,37.067781
5,0,imagen.jpeg,4,batchnorm,1x32x112x112,9.320916
5,0,imagen.jpeg,5,activacion,1x32x112x112,2.824382
5,0,imagen.jpeg,6,pointwise_conv,1x32x112x112,129.376878
5,0,imagen.jpeg,7,batchnorm,1x16x112x112,4.584712
5,0,imagen.jpeg,8,pointwise_conv,1x16x112x112,179.345406
5,0,imagen.jpeg,9,batchnorm,1x96x112x112,27.683044
5,0,imagen.jpeg,10,activacion,1x96x112x112,9.333906
5,0,imagen.jpeg,11,depthwise_conv,1x96x112x112,29.09344
5,0,imagen.jpeg,12,batchnorm,1x96x56x56,6.869278
5,0,imagen.jpeg,13,activacion,1x96x56x56,2.498428
5,0,imagen.jpeg,14,pointwise_conv,1x96x56x56,95.716267
5,0,imagen.jpeg,15,batchnorm,1x24x56x56,1.76176
5,0,imagen.jpeg,16,pointwise_conv,1x24x56x56,88.330493
5,0,imagen.jpeg,17,batchnorm,1x144x56x56,10.457318
5,0,imagen.jpeg,18,activacion,1x144x56x56,3.55453
5,0,imagen.jpeg,19,depthwise_conv,1x144x56x56,41.890305
5,0,imagen.jpeg,20,batchnorm,1x144x56x56,10.303617
5,0,imagen.jpeg,21,activacion,1x144x56x56,3.949495
5,0,imagen.jpeg,22,pointwise_conv,1x144x56x56,199.239942
5,0,imagen.jpeg,23,batchnorm,1x24x56x56,1.71121
5,0,imagen.jpeg,24,layer_add,1x24x56x56,0.779339
5,0,imagen.jpeg,25,pointwise_conv,1x24x56x56,87.857777
5,0,imagen.jpeg,26,batchnorm,1x144x56x56,10.445819
5,0,imagen.jpeg,27,activacion,1x144x56x56,3.942455
5,0,imagen.jpeg,28,depthwise_conv,1x144x56x56,10.628511
5,0,imagen.jpeg,29,batchnorm,1x144x28x28,2.597159
5,0,imagen.jpeg,30,activacion,1x144x28x28,0.89228
5,0,imagen.jpeg,31,pointwise_conv,1x144x28x28,25.62645
5,0,imagen.jpeg,32,batchnorm,1x32x28x28,0.565466
5,0,imagen.jpeg,33,pointwise_conv,1x32x28x28,34.625833
5,0,imagen.jpeg,34,batchnorm,1x192x28x28,3.46544
5,0,imagen.jpeg,35,activacion,1x192x28x28,1.115083
5,0,imagen.jpeg,36,depthwise_conv,1x192x28x28,13.988959
5,0,imagen.jpeg,37,batchnorm,1x192x28x28,3.456199
5,0,imagen.jpeg,38,activacion,1x192x28x28,1.340995
5,0,imagen.jpeg,39,pointwise_conv,1x192x28x28,34.340219
5,0,imagen.jpeg,40,batchnorm,1x32x28x28,0.577476
5,0,imagen.jpeg,41,layer_add,1x32x28x28,0.275643
5,0,imagen.jpeg,42,pointwise_conv,1x32x28x28,34.561392
5,0,imagen.jpeg,43,batchnorm,1x192x28x28,3.539901
5,0,imagen.jpeg,44,activacion,1x192x28x28,1.182194
5,0,imagen.jpeg,45,depthwise_conv,1x192x28x28,14.019539
5,0,imagen.jpeg,46,batchnorm,1x192x28x28,3.45452
5,0,imagen.jpeg,47,activacion,1x192x28x28,1.339705
5,0,imagen.jpeg,48,pointwise_conv,1x192x28x28,34.168158
5,0,imagen.jpeg,49,batchnorm,1x32x28x28,0.574457
5,0,imagen.jpeg,50,layer_add,1x32x28x28,0.274403
5,0,imagen.jpeg,51,pointwise_conv,1x32x28x28,34.509352
5,0,imagen.jpeg,52,batchnorm,1x192x28x28,3.467109
5,0,imagen.jpeg,53,activacion,1x192x28x28,1.253805
5,0,imagen.jpeg,54,depthwise_conv,1x192x28x28,3.647911
5,0,imagen.jpeg,55,batchnorm,1x192x14x14,0.874729
5,0,imagen.jpeg,56,activacion,1x192x14x14,0.276703
5,0,imagen.jpeg,57,pointwise_conv,1x192x14x14,12.694274
5,0,imagen.jpeg,58,batchnorm,1x64x14x14,0.288243
5,0,imagen.jpeg,59,pointwise_conv,1x64x14x14,24.286515
5,0,imagen.jpeg,60,batchnorm,1x384x14x14,1.74994
5,0,imagen.jpeg,61,activacion,1x384x14x14,0.596576
5,0,imagen.jpeg,62,depthwise_conv,1x384x14x14,7.04789
5,0,imagen.jpeg,63,batchnorm,1x384x14x14,1.741909
5,0,imagen.jpeg,64,activacion,1x384x14x14,0.684368
5,0,imagen.jpeg,65,pointwise_conv,1x384x14x14,30.76226
5,0,imagen.jpeg,66,batchnorm,1x64x14x14,0.289494
5,0,imagen.jpeg,67,layer_add,1x64x14x14,0.136171
5,0,imagen.jpeg,68,pointwise_conv,1x64x14x14,24.380917
5,0,imagen.jpeg,69,batchnorm,1x384x14x14,1.79168
5,0,imagen.jpeg,70,activacion,1x384x14x14,0.615417
5,0,imagen.jpeg,71,depthwise_conv,1x384x14x14,7.145771
5,0,imagen.jpeg,72,batchnorm,1x384x14x14,1.73483
5,0,imagen.jpeg,73,activacion,1x384x14x14,0.715728
5,0,imagen.jpeg,74,pointwise_conv,1x384x14x14,30.704209
5,0,imagen.jpeg,75,batchnorm,1x64x14x14,0.301503
5,0,imagen.jpeg,76,layer_add,1x64x14x14,0.142222
5,0,imagen.jpeg,77,pointwise_conv,1x64x14x14,24.277295
5,0,imagen.jpeg,78,batchnorm,1x384x14x14,1.743459
5,0,imagen.jpeg,79,activacion,1x384x14x14,0.660797
5,0,imagen.jpeg,80,depthwise_conv,1x384x14x14,7.04119
5,0,imagen.jpeg,81,batchnorm,1x384x14x14,1.75885
5,0,imagen.jpeg,82,activacion,1x384x14x14,0.651257
5,0,imagen.jpeg,83,pointwise_conv,1x384x14x14,30.84166
5,0,imagen.jpeg,84,batchnorm,1x64x14x14,0.289704
5,0,imagen.jpeg,85,layer_add,1x64x14x14,0.137442
5,0,imagen.jpeg,86,pointwise_conv,1x64x14x14,24.287256
5,0,imagen.jpeg,87,batchnorm,1x384x14x14,1.76201
5,0,imagen.jpeg,88,activacion,1x384x14x14,0.631257
5,0,imagen.jpeg,89,depthwise_conv,1x384x14x14,7.06153
5,0,imagen.jpeg,90,batchnorm,1x384x14x14,1.738339
5,0,imagen.jpeg,91,activacion,1x384x14x14,0.652808
5,0,imagen.jpeg,92,pointwise_conv,1x384x14x14,46.108603
5,0,imagen.jpeg,93,batchnorm,1x96x14x14,0.432695
5,0,imagen.jpeg,94,pointwise_conv,1x96x14x14,55.484989
5,0,imagen.jpeg,95,batchnorm,1x576x14x14,2.666471
5,0,imagen.jpeg,96,activacion,1x576x14x14,0.975671
5,0,imagen.jpeg,97,depthwise_conv,1x576x14x14,10.617811
5,0,imagen.jpeg,98,batchnorm,1x576x14x14,2.64725
5,0,imagen.jpeg,99,activacion,1x576x14x14,0.965821
5,0,imagen.jpeg,100,pointwise_conv,1x576x14x14,97.511797
5,0,imagen.jpeg,101,batchnorm,1x96x14x14,0.435945
5,0,imagen.jpeg,102,layer_add,1x96x14x14,0.204633
5,0,imagen.jpeg,103,pointwise_conv,1x96x14x14,55.526851
5,0,imagen.jpeg,104,batchnorm,1x576x14x14,2.64217
5,0,imagen.jpeg,105,activacion,1x576x14x14,0.984631
5,0,imagen.jpeg,106,depthwise_conv,1x576x14x14,10.607111
5,0,imagen.jpeg,107,batchnorm,1x576x14x14,2.610929
5,0,imagen.jpeg,108,activacion,1x576x14x14,0.944891
5,0,imagen.jpeg,109,pointwise_conv,1x576x14x14,97.528467
5,0,imagen.jpeg,110,batchnorm,1x96x14x14,0.438785
5,0,imagen.jpeg,111,layer_add,1x96x14x14,0.207612
5,0,imagen.jpeg,112,pointwise_conv,1x96x14x14,55.338488
5,0,imagen.jpeg,113,batchnorm,1x576x14x14,2.65009
5,0,imagen.jpeg,114,activacion,1x576x14x14,0.987041
5,0,imagen.jpeg,115,depthwise_conv,1x576x14x14,2.794242
5,0,imagen.jpeg,116,batchnorm,1x576x7x7,0.663868
5,0,imagen.jpeg,117,activacion,1x576x7x7,0.203283
5,0,imagen.jpeg,118,pointwise_conv,1x576x7x7,42.779495
5,0,imagen.jpeg,119,batchnorm,1x160x7x7,0.184232
5,0,imagen.jpeg,120,pointwise_conv,1x160x7x7,31.510818
5,0,imagen.jpeg,121,batchnorm,1x960x7x7,1.135513
5,0,imagen.jpeg,122,activacion,1x960x7x7,0.399704
5,0,imagen.jpeg,123,depthwise_conv,1x960x7x7,4.606202
5,0,imagen.jpeg,124,batchnorm,1x960x7x7,1.094433
5,0,imagen.jpeg,125,activacion,1x960x7x7,0.406725
5,0,imagen.jpeg,126,pointwise_conv,1x960x7x7,90.802881
5,0,imagen.jpeg,127,batchnorm,1x160x7x7,0.184842
5,0,imagen.jpeg,128,layer_add,1x160x7x7,0.084471
5,0,imagen.jpeg,129,pointwise_conv,1x160x7x7,31.525658
5,0,imagen.jpeg,130,batchnorm,1x960x7x7,1.131502
5,0,imagen.jpeg,131,activacion,1x960x7x7,0.396895
5,0,imagen.jpeg,132,depthwise_conv,1x960x7x7,4.604743
5,0,imagen.jpeg,133,batchnorm,1x960x7x7,1.094442
5,0,imagen.jpeg,134,activacion,1x960x7x7,0.495675
5,0,imagen.jpeg,135,pointwise_conv,1x960x7x7,90.812161
5,0,imagen.jpeg,136,batchnorm,1x160x7x7,0.207672
5,0,imagen.jpeg,137,layer_add,1x160x7x7,0.085601
5,0,imagen.jpeg,138,pointwise_conv,1x160x7x7,31.575209
5,0,imagen.jpeg,139,batchnorm,1x960x7x7,1.116913
5,0,imagen.jpeg,140,activacion,1x960x7x7,0.399244
5,0,imagen.jpeg,141,depthwise_conv,1x960x7x7,4.630633
5,0,imagen.jpeg,142,batchnorm,1x960x7x7,1.115493
5,0,imagen.jpeg,143,activacion,1x960x7x7,0.318304
5,0,imagen.jpeg,144,pointwise_conv,1x960x7x7,181.576621
5,0,imagen.jpeg,145,batchnorm,1x320x7x7,0.373204
5,0,imagen.jpeg,146,pointwise_conv,1x320x7x7,108.520792
5,0,imagen.jpeg,147,batchnorm,1x1280x7x7,1.501097
5,0,imagen.jpeg,148,activacion,1x1280x7x7,0.541707
5,0,imagen.jpeg,149,pooling,1x1280x7x7,0.263873
5,0,imagen.jpeg,150,linear,1x1280,5.111688
6,0,imagen.jpeg,0,conv2d,1x3x224x224,114.841314
6,0,imagen.jpeg,1,batchnorm,1x32x112x112,9.188464
6,0,imagen.jpeg,2,activacion,1x32x112x112,2.808401
6,0,imagen.jpeg,3,depthwise_conv,1x32x112x112,37.144092
6,0,imagen.jpeg,4,batchnorm,1x32x112x112,9.235735
6,0,imagen.jpeg,5,activacion,1x32x112x112,2.800211
6,0,imagen.jpeg,6,pointwise_conv,1x32x112x112,129.580901
6,0,imagen.jpeg,7,batchnorm,1x16x112x112,4.583952
6,0,imagen.jpeg,8,pointwise_conv,1x16x112x112,171.046811
6,0,imagen.jpeg,9,batchnorm,1x96x112x112,27.672364
6,0,imagen.jpeg,10,activacion,1x96x112x112,9.401917
6,0,imagen.jpeg,11,depthwise_conv,1x96x112x112,29.091791
6,0,imagen.jpeg,12,batchnorm,1x96x56x56,6.886918
6,0,imagen.jpeg,13,activacion,1x96x56x56,2.510378
6,0,imagen.jpeg,14,pointwise_conv,1x96x56x56,94.802726
6,0,imagen.jpeg,15,batchnorm,1x24x56x56,1.76199
6,0,imagen.jpeg,16,pointwise_conv,1x24x56x56,88.343853
6,0,imagen.jpeg,17,batchnorm,1x144x56x56,10.447298
6,0,imagen.jpeg,18,activacion,1x144x56x56,3.56696
6,0,imagen.jpeg,19,depthwise_conv,1x144x56x56,41.911326
6,0,imagen.jpeg,20,batchnorm,1x144x56x56,10.291817
6,0,imagen.jpeg,21,activacion,1x144x56x56,3.979195
6,0,imagen.jpeg,22,pointwise_conv,1x144x56x56,199.268012
6,0,imagen.jpeg,23,batchnorm,1x24x56x56,1.76461
6,0,imagen.jpeg,24,layer_add,1x24x56x56,0.777079
6,0,imagen.jpeg,25,pointwise_conv,1x24x56x56,87.718726
6,0,imagen.jpeg,26,batchnorm,1x144x56x56,10.441028
6,0,imagen.jpeg,27,activacion,1x144x56x56,3.862223
6,0,imagen.jpeg,28,depthwise_conv,1x144x56x56,10.657261
6,0,imagen.jpeg,29,batchnorm,1x144x28x28,2.579379
6,0,imagen.jpeg,30,activacion,1x144x28x28,0.947821
6,0,imagen.jpeg,31,pointwise_conv,1x144x28x28,25.576251
6,0,imagen.jpeg,32,batchnorm,1x32x28x28,0.566436
6,0,imagen.jpeg,33,pointwise_conv,1x32x28x28,34.611433
6,0,imagen.jpeg,34,batchnorm,1x192x28x28,3.46804
6,0,imagen.jpeg,35,activacion,1x192x28x28,1.113483
6,0,imagen.jpeg,36,depthwise_conv,1x192x28x28,13.993919
6,0,imagen.jpeg,37,batchnorm,1x192x28x28,3.44799
6,0,imagen.jpeg,38,activacion,1x192x28x28,1.391046
6,0,imagen.jpeg,39,pointwise_conv,1x192x28x28,34.420081
6,0,imagen.jpeg,40,batchnorm,1x32x28x28,0.569837
6,0,imagen.jpeg,41,layer_add,1x32x28x28,0.275993
6,0,imagen.jpeg,42,pointwise_conv,1x32x28x28,34.661413
6,0,imagen.jpeg,43,batchnorm,1x192x28x28,3.46525
6,0,imagen.jpeg,44,activacion,1x192x28x28,1.185394
6,0,imagen.jpeg,45,depthwise_conv,1x192x28x28,14.020579
6,0,imagen.jpeg,46,batchnorm,1x192x28x28,3.447769
6,0,imagen.jpeg,47,activacion,1x192x28x28,1.338055
6,0,imagen.jpeg,48,pointwise_conv,1x192x28x28,34.220219
6,0,imagen.jpeg,49,batchnorm,1x32x28x28,0.576617
6,0,imagen.jpeg,50,layer_add,1x32x28x28,0.274543
6,0,imagen.jpeg,51,pointwise_conv,1x32x28x28,34.523342
6,0,imagen.jpeg,52,batchnorm,1x192x28x28,3.54679
6,0,imagen.jpeg,53,activacion,1x192x28x28,1.255625
6,0,imagen.jpeg,54,depthwise_conv,1x192x28x28,3.680051
6,0,imagen.jpeg,55,batchnorm,1x192x14x14,0.89132
6,0,imagen.jpeg,56,activacion,1x192x14x14,0.277273
6,0,imagen.jpeg,57,pointwise_conv,1x192x14x14,12.615163
6,0,imagen.jpeg,58,batchnorm,1x64x14x14,0.289284
6,0,imagen.jpeg,59,pointwise_conv,1x64x14x14,24.298715
6,0,imagen.jpeg,60,batchnorm,1x384x14x14,1.77347
6,0,imagen.jpeg,61,activacion,1x384x14x14,0.559607
6,0,imagen.jpeg,62,depthwise_conv,1x384x14x14,7.078941
6,0,imagen.jpeg,63,batchnorm,1x384x14x14,1.74027
6,0,imagen.jpeg,64,activacion,1x384x14x14,0.666567
6,0,imagen.jpeg,65,pointwise_conv,1x384x14x14,30.77511
6,0,imagen.jpeg,66,batchnorm,1x64x14x14,0.288183
6,0,imagen.jpeg,67,layer_add,1x64x14x14,0.138942
6,0,imagen.jpeg,68,pointwise_conv,1x64x14x14,24.368947
6,0,imagen.jpeg,69,batchnorm,1x384x14x14,1.75112
6,0,imagen.jpeg,70,activacion,1x384x14x14,0.618097
6,0,imagen.jpeg,71,depthwise_conv,1x384x14x14,7.0741
6,0,imagen.jpeg,72,batchnorm,1x384x14x14,1.76141
6,0,imagen.jpeg,73,activacion,1x384x14x14,0.674917
6,0,imagen.jpeg,74,pointwise_conv,1x384x14x14,30.731178
6,0,imagen.jpeg,75,batchnorm,1x64x14x14,0.290043
6,0,imagen.jpeg,76,layer_add,1x64x14x14,0.136401
6,0,imagen.jpeg,77,pointwise_conv,1x64x14x14,24.301206
6,0,imagen.jpeg,78,batchnorm,1x384x14x14,1.74204
6,0,imagen.jpeg,79,activacion,1x384x14x14,0.666047
6,0,imagen.jpeg,80,depthwise_conv,1x384x14x14,7.05514
6,0,imagen.jpeg,81,batchnorm,1x384x14x14,1.731699
6,0,imagen.jpeg,82,activacion,1x384x14x14,0.665357
6,0,imagen.jpeg,83,pointwise_conv,1x384x14x14,30.812219
6,0,imagen.jpeg,84,batchnorm,1x64x14x14,0.289693
6,0,imagen.jpeg,85,layer_add,1x64x14x14,0.137461
6,0,imagen.jpeg,86,pointwise_conv,1x64x14x14,24.305586
6,0,imagen.jpeg,87,batchnorm,1x384x14x14,1.76252
6,0,imagen.jpeg,88,activacion,1x384x14x14,0.629678
6,0,imagen.jpeg,89,depthwise_conv,1x384x14x14,7.06907
6,0,imagen.jpeg,90,batchnorm,1x384x14x14,1.73146
6,0,imagen.jpeg,91,activacion,1x384x14x14,0.693668
6,0,imagen.jpeg,92,pointwise_conv,1x384x14x14,46.077053
6,0,imagen.jpeg,93,batchnorm,1x96x14x14,0.437115
6,0,imagen.jpeg,94,pointwise_conv,1x96x14x14,55.372448
6,0,imagen.jpeg,95,batchnorm,1x576x14x14,2.64917
6,0,imagen.jpeg,96,activacion,1x576x14x14,0.971461
6,0,imagen.jpeg,97,depthwise_conv,1x576x14x14,10.696041
6,0,imagen.jpeg,98,batchnorm,1x576x14x14,2.64487
6,0,imagen.jpeg,99,activacion,1x576x14x14,0.975121
6,0,imagen.jpeg,100,pointwise_conv,1x576x14x14,97.498096
6,0,imagen.jpeg,101,batchnorm,1x96x14x14,0.435065
6,0,imagen.jpeg,102,layer_add,1x96x14x14,0.206802
6,0,imagen.jpeg,103,pointwise_conv,1x96x14x14,55.597001
6,0,imagen.jpeg,104,batchnorm,1x576x14x14,2.6596
6,0,imagen.jpeg,105,activacion,1x576x14x14,0.992251
6,0,imagen.jpeg,106,depthwise_conv,1x576x14x14,10.6224
6,0,imagen.jpeg,107,batchnorm,1x576x14x14,2.62813
6,0,imagen.jpeg,108,activacion,1x576x14x14,0.986461
6,0,imagen.jpeg,109,pointwise_conv,1x576x14x14,97.486577
6,0,imagen.jpeg,110,batchnorm,1x96x14x14,0.434795
6,0,imagen.jpeg,111,layer_add,1x96x14x14,0.203932
6,0,imagen.jpeg,112,pointwise_conv,1x96x14x14,55.296958
6,0,imagen.jpeg,113,batchnorm,1x576x14x14,2.645771
6,0,imagen.jpeg,114,activacion,1x576x14x14,1.024581
6,0,imagen.jpeg,115,depthwise_conv,1x576x14x14,2.771452
6,0,imagen.jpeg,116,batchnorm,1x576x7x7,0.662358
6,0,imagen.jpeg,117,activacion,1x576x7x7,0.315024
6,0,imagen.jpeg,118,pointwise_conv,1x576x7x7,42.703365
6,0,imagen.jpeg,119,batchnorm,1x160x7x7,0.184342
6,0,imagen.jpeg,120,pointwise_conv,1x160x7x7,31.501978
6,0,imagen.jpeg,121,batchnorm,1x960x7x7,1.140193
6,0,imagen.jpeg,122,activacion,1x960x7x7,0.390764
6,0,imagen.jpeg,123,depthwise_conv,1x960x7x7,4.618443
6,0,imagen.jpeg,124,batchnorm,1x960x7x7,1.095802
6,0,imagen.jpeg,125,activacion,1x960x7x7,0.406574
6,0,imagen.jpeg,126,pointwise_conv,1x960x7x7,90.854711
6,0,imagen.jpeg,127,batchnorm,1x160x7x7,0.184642
6,0,imagen.jpeg,128,layer_add,1x160x7x7,0.089621
6,0,imagen.jpeg,129,pointwise_conv,1x160x7x7,31.598898
6,0,imagen.jpeg,130,batchnorm,1x960x7x7,1.114252
6,0,imagen.jpeg,131,activacion,1x960x7x7,0.404565
6,0,imagen.jpeg,132,depthwise_conv,1x960x7x7,4.632983
6,0,imagen.jpeg,133,batchnorm,1x960x7x7,1.110053
6,0,imagen.jpeg,134,activacion,1x960x7x7,0.396275
6,0,imagen.jpeg,135,pointwise_conv,1x960x7x7,90.71927
6,0,imagen.jpeg,136,batchnorm,1x160x7x7,0.187772
6,0,imagen.jpeg,137,layer_add,1x160x7x7,0.089961
6,0,imagen.jpeg,138,pointwise_conv,1x160x7x7,31.588328
6,0,imagen.jpeg,139,batchnorm,1x960x7x7,1.118633
6,0,imagen.jpeg,140,activacion,1x960x7x7,0.391604
6,0,imagen.jpeg,141,depthwise_conv,1x960x7x7,4.598342
6,0,imagen.jpeg,142,batchnorm,1x960x7x7,1.094153
6,0,imagen.jpeg,143,activacion,1x960x7x7,0.314064
6,0,imagen.jpeg,144,pointwise_conv,1x960x7x7,182.37637
6,0,imagen.jpeg,145,batchnorm,1x320x7x7,0.371984
6,0,imagen.jpeg,146,pointwise_conv,1x320x7x7,108.541822
6,0,imagen.jpeg,147,batchnorm,1x1280x7x7,1.517617
6,0,imagen.jpeg,148,activacion,1x1280x7x7,0.528716
6,0,imagen.jpeg,149,pooling,1x1280x7x7,0.265283
6,0,imagen.jpeg,150,linear,1x1280,5.108988
7,0,imagen.jpeg,0,conv2d,1x3x224x224,115.056966
7,0,imagen.jpeg,1,batchnorm,1x32x112x112,9.153624
7,0,imagen.jpeg,2,activacion,1x32x112x112,2.767601
7,0,imagen.jpeg,3,depthwise_conv,1x32x112x112,37.109691
7,0,imagen.jpeg,4,batchnorm,1x32x112x112,9.222515
7,0,imagen.jpeg,5,activacion,1x32x112x112,2.837892
7,0,imagen.jpeg,6,pointwise_conv,1x32x112x112,129.108466
7,0,imagen.jpeg,7,batchnorm,1x16x112x112,4.644903
7,0,imagen.jpeg,8,pointwise_conv,1x16x112x112,171.674269
7,0,imagen.jpeg,9,batchnorm,1x96x112x112,27.740645
7,0,imagen.jpeg,10,activacion,1x96x112x112,9.340616
7,0,imagen.jpeg,11,depthwise_conv,1x96x112x112,29.12099
7,0,imagen.jpeg,12,batchnorm,1x96x56x56,6.989099
7,0,imagen.jpeg,13,activacion,1x96x56x56,2.479378
7,0,imagen.jpeg,14,pointwise_conv,1x96x56x56,96.167842
7,0,imagen.jpeg,15,batchnorm,1x24x56x56,1.840221
7,0,imagen.jpeg,16,pointwise_conv,1x24x56x56,88.243991
7,0,imagen.jpeg,17,batchnorm,1x144x56x56,10.462189
7,0,imagen.jpeg,18,activacion,1x144x56x56,3.612861
7,0,imagen.jpeg,19,depthwise_conv,1x144x56x56,41.817475
7,0,imagen.jpeg,20,batchnorm,1x144x56x56,10.307987
7,0,imagen.jpeg,21,activacion,1x144x56x56,3.951765
7,0,imagen.jpeg,22,pointwise_conv,1x144x56x56,199.456245
7,0,imagen.jpeg,23,batchnorm,1x24x56x56,1.76689
7,0,imagen.jpeg,24,layer_add,1x24x56x56,0.776269
7,0,imagen.jpeg,25,pointwise_conv,1x24x56x56,87.885028
7,0,imagen.jpeg,26,batchnorm,1x144x56x56,10.438508
7,0,imagen.jpeg,27,activacion,1x144x56x56,3.860453
7,0,imagen.jpeg,28,depthwise_conv,1x144x56x56,10.664341
7,0,imagen.jpeg,29,batchnorm,1x144x28x28,2.58047
7,0,imagen.jpeg,30,activacion,1x144x28x28,0.92329
7,0,imagen.jpeg,31,pointwise_conv,1x144x28x28,25.703152
7,0,imagen.jpeg,32,batchnorm,1x32x28x28,0.567197
7,0,imagen.jpeg,33,pointwise_conv,1x32x28x28,34.663094
7,0,imagen.jpeg,34,batchnorm,1x192x28x28,3.47019
7,0,imagen.jpeg,35,activacion,1x192x28x28,1.113583
7,0,imagen.jpeg,36,depthwise_conv,1x192x28x28,13.999769
7,0,imagen.jpeg,37,batchnorm,1x192x28x28,3.441689
7,0,imagen.jpeg,38,activacion,1x192x28x28,1.379646
7,0,imagen.jpeg,39,pointwise_conv,1x192x28x28,34.145378
7,0,imagen.jpeg,40,batchnorm,1x32x28x28,0.566947
7,0,imagen.jpeg,41,layer_add,1x32x28x28,0.277393
7,0,imagen.jpeg,42,pointwise_conv,1x32x28x28,34.626783
7,0,imagen.jpeg,43,batchnorm,1x192x28x28,3.470089
7,0,imagen.jpeg,44,activacion,1x192x28x28,1.181924
7,0,imagen.jpeg,45,depthwise_conv,1x192x28x28,13.996459
7,0,imagen.jpeg,46,batchnorm,1x192x28x28,3.447549
7,0,imagen.jpeg,47,activacion,1x192x28x28,1.338666
7,0,imagen.jpeg,48,pointwise_conv,1x192x28x28,34.160008
7,0,imagen.jpeg,49,batchnorm,1x32x28x28,0.572206
7,0,imagen.jpeg,50,layer_add,1x32x28x28,0.267143
7,0,imagen.jpeg,51,pointwise_conv,1x32x28x28,34.569643
7,0,imagen.jpeg,52,batchnorm,1x192x28x28,3.470889
7,0,imagen.jpeg,53,activacion,1x192x28x28,1.252815
7,0,imagen.jpeg,54,depthwise_conv,1x192x28x28,3.615571
7,0,imagen.jpeg,55,batchnorm,1x192x14x14,0.89343
7,0,imagen.jpeg,56,activacion,1x192x14x14,0.277093
7,0,imagen.jpeg,57,pointwise_conv,1x192x14x14,12.732595
7,0,imagen.jpeg,58,batchnorm,1x64x14x14,0.288183
7,0,imagen.jpeg,59,pointwise_conv,1x64x14x14,24.302636
7,0,imagen.jpeg,60,batchnorm,1x384x14x14,1.77008
7,0,imagen.jpeg,61,activacion,1x384x14x14,0.564536
7,0,imagen.jpeg,62,depthwise_conv,1x384x14x14,7.04675
7,0,imagen.jpeg,63,batchnorm,1x384x14x14,1.73505
7,0,imagen.jpeg,64,activacion,1x384x14x14,0.685917
7,0,imagen.jpeg,65,pointwise_conv,1x384x14x14,30.737859
7,0,imagen.jpeg,66,batchnorm,1x64x14x14,0.289183
7,0,imagen.jpeg,67,layer_add,1x64x14x14,0.138891
7,0,imagen.jpeg,68,pointwise_conv,1x64x14x14,24.378107
7,0,imagen.jpeg,69,batchnorm,1x384x14x14,1.75213
7,0,imagen.jpeg,70,activacion,1x384x14x14,0.617937
7,0,imagen.jpeg,71,depthwise_conv,1x384x14x14,7.07847
7,0,imagen.jpeg,72,batchnorm,1x384x14x14,1.75784
7,0,imagen.jpeg,73,activacion,1x384x14x14,0.677618
7,0,imagen.jpeg,74,pointwise_conv,1x384x14x14,30.713849
7,0,imagen.jpeg,75,batchnorm,1x64x14x14,0.288413
7,0,imagen.jpeg,76,layer_add,1x64x14x14,0.135352
7,0,imagen.jpeg,77,pointwise_conv,1x64x14x14,24.302316
7,0,imagen.jpeg,78,batchnorm,1x384x14x14,1.74598
7,0,imagen.jpeg,79,activacion,1x384x14x14,0.686358
7,0,imagen.jpeg,80,depthwise_conv,1x384x14x14,7.04107
7,0,imagen.jpeg,81,batchnorm,1x384x14x14,1.74087
7,0,imagen.jpeg,82,activacion,1x384x14x14,0.651767
7,0,imagen.jpeg,83,pointwise_conv,1x384x14x14,30.754469
7,0,imagen.jpeg,84,batchnorm,1x64x14x14,0.291643
7,0,imagen.jpeg,85,layer_add,1x64x14x14,0.146922
7,0,imagen.jpeg,86,pointwise_conv,1x64x14x14,24.296315
7,0,imagen.jpeg,87,batchnorm,1x384x14x14,1.77093
7,0,imagen.jpeg,88,activacion,1x384x14x14,0.630087
7,0,imagen.jpeg,89,depthwise_conv,1x384x14x14,7.0659
7,0,imagen.jpeg,90,batchnorm,1x384x14x14,1.735479
7,0,imagen.jpeg,91,activacion,1x384x14x14,0.689658
7,0,imagen.jpeg,92,pointwise_conv,1x384x14x14,46.138744
7,0,imagen.jpeg,93,batchnorm,1x96x14x14,0.432425
7,0,imagen.jpeg,94,pointwise_conv,1x96x14x14,55.382789
7,0,imagen.jpeg,95,batchnorm,1x576x14x14,2.64815
7,0,imagen.jpeg,96,activacion,1x576x14x14,0.972531
7,0,imagen.jpeg,97,depthwise_conv,1x576x14x14,10.593811
7,0,imagen.jpeg,98,batchnorm,1x576x14x14,2.64803
7,0,imagen.jpeg,99,activacion,1x576x14x14,0.976721
7,0,imagen.jpeg,100,pointwise_conv,1x576x14x14,97.536177
7,0,imagen.jpeg,101,batchnorm,1x96x14x14,0.443085
7,0,imagen.jpeg,102,layer_add,1x96x14x14,0.205212
7,0,imagen.jpeg,103,pointwise_conv,1x96x14x14,55.580201
7,0,imagen.jpeg,104,batchnorm,1x576x14x14,2.66179
7,0,imagen.jpeg,105,activacion,1x576x14x14,0.992801
7,0,imagen.jpeg,106,depthwise_conv,1x576x14x14,10.58131
7,0,imagen.jpeg,107,batchnorm,1x576x14x14,2.62746
7,0,imagen.jpeg,108,activacion,1x576x14x14,0.986171
7,0,imagen.jpeg,109,pointwise_conv,1x576x14x14,97.455207
7,0,imagen.jpeg,110,batchnorm,1x96x14x14,0.435915
7,0,imagen.jpeg,111,layer_add,1x96x14x14,0.208132
7,0,imagen.jpeg,112,pointwise_conv,1x96x14x14,55.415899
7,0,imagen.jpeg,113,batchnorm,1x576x14x14,2.6466
7,0,imagen.jpeg,114,activacion,1x576x14x14,0.984972
7,0,imagen.jpeg,115,depthwise_conv,1x576x14x14,2.872442
7,0,imagen.jpeg,116,batchnorm,1x576x7x7,0.661897
7,0,imagen.jpeg,117,activacion,1x576x7x7,0.237283
7,0,imagen.jpeg,118,pointwise_conv,1x576x7x7,42.699175
7,0,imagen.jpeg,119,batchnorm,1x160x7x7,0.183162
7,0,imagen.jpeg,120,pointwise_conv,1x160x7x7,31.516668
7,0,imagen.jpeg,121,batchnorm,1x960x7x7,1.132883
7,0,imagen.jpeg,122,activacion,1x960x7x7,0.405825
7,0,imagen.jpeg,123,depthwise_conv,1x960x7x7,4.593952
7,0,imagen.jpeg,124,batchnorm,1x960x7x7,1.095843
7,0,imagen.jpeg,125,activacion,1x960x7x7,0.429085
7,0,imagen.jpeg,126,pointwise_conv,1x960x7x7,90.75656
7,0,imagen.jpeg,127,batchnorm,1x160x7x7,0.184492
7,0,imagen.jpeg,128,layer_add,1x160x7x7,0.086261
7,0,imagen.jpeg,129,pointwise_conv,1x160x7x7,31.586218
7,0,imagen.jpeg,130,batchnorm,1x960x7x7,1.111552
7,0,imagen.jpeg,131,activacion,1x960x7x7,0.396475
7,0,imagen.jpeg,132,depthwise_conv,1x960x7x7,4.630503
7,0,imagen.jpeg,133,batchnorm,1x960x7x7,1.115693
7,0,imagen.jpeg,134,activacion,1x960x7x7,0.398715
7,0,imagen.jpeg,135,pointwise_conv,1x960x7x7,90.856931
7,0,imagen.jpeg,136,batchnorm,1x160x7x7,0.187082
7,0,imagen.jpeg,137,layer_add,1x160x7x7,0.086251
7,0,imagen.jpeg,138,pointwise_conv,1x160x7x7,31.494187
7,0,imagen.jpeg,139,batchnorm,1x960x7x7,1.118003
7,0,imagen.jpeg,140,activacion,1x960x7x7,0.391854
7,0,imagen.jpeg,141,depthwise_conv,1x960x7x7,4.597012
7,0,imagen.jpeg,142,batchnorm,1x960x7x7,1.112373
7,0,imagen.jpeg,143,activacion,1x960x7x7,0.318874
7,0,imagen.jpeg,144,pointwise_conv,1x960x7x7,181.253828
7,0,imagen.jpeg,145,batchnorm,1x320x7x7,0.373945
7,0,imagen.jpeg,146,pointwise_conv,1x320x7x7,108.507952
7,0,imagen.jpeg,147,batchnorm,1x1280x7x7,1.498367
7,0,imagen.jpeg,148,activacion,1x1280x7x7,0.530866
7,0,imagen.jpeg,149,pooling,1x1280x7x7,0.264923
7,0,imagen.jpeg,150,linear,1x1280,5.108878
8,0,imagen.jpeg,0,conv2d,1x3x224x224,114.765673
8,0,imagen.jpeg,1,batchnorm,1x32x112x112,9.173795
8,0,imagen.jpeg,2,activacion,1x32x112x112,2.806982
8,0,imagen.jpeg,3,depthwise_conv,1x32x112x112,37.156892
8,0,imagen.jpeg,4,batchnorm,1x32x112x112,9.275315
8,0,imagen.jpeg,5,activacion,1x32x112x112,2.800852
8,0,imagen.jpeg,6,pointwise_conv,1x32x112x112,129.264658
8,0,imagen.jpeg,7,batchnorm,1x16x112x112,4.582932
8,0,imagen.jpeg,8,pointwise_conv,1x16x112x112,170.89562
8,0,imagen.jpeg,9,batchnorm,1x96x112x112,27.660374
8,0,imagen.jpeg,10,activacion,1x96x112x112,9.386417
8,0,imagen.jpeg,11,depthwise_conv,1x96x112x112,29.203722
8,0,imagen.jpeg,12,batchnorm,1x96x56x56,6.871128
8,0,imagen.jpeg,13,activacion,1x96x56x56,2.502878
8,0,imagen.jpeg,14,pointwise_conv,1x96x56x56,96.279413
8,0,imagen.jpeg,15,batchnorm,1x24x56x56,1.707139
8,0,imagen.jpeg,16,pointwise_conv,1x24x56x56,88.237302
8,0,imagen.jpeg,17,batchnorm,1x144x56x56,10.52238
8,0,imagen.jpeg,18,activacion,1x144x56x56,3.51728
8,0,imagen.jpeg,19,depthwise_conv,1x144x56x56,41.824545
8,0,imagen.jpeg,20,batchnorm,1x144x56x56,10.290517
8,0,imagen.jpeg,21,activacion,1x144x56x56,3.953445
8,0,imagen.jpeg,22,pointwise_conv,1x144x56x56,199.11345
8,0,imagen.jpeg,23,batchnorm,1x24x56x56,1.71107
8,0,imagen.jpeg,24,layer_add,1x24x56x56,0.792759
8,0,imagen.jpeg,25,pointwise_conv,1x24x56x56,87.744017
8,0,imagen.jpeg,26,batchnorm,1x144x56x56,10.441829
8,0,imagen.jpeg,27,activacion,1x144x56x56,3.913905
8,0,imagen.jpeg,28,depthwise_conv,1x144x56x56,10.656211
8,0,imagen.jpeg,29,batchnorm,1x144x28x28,2.606089
8,0,imagen.jpeg,30,activacion,1x144x28x28,0.898831
8,0,imagen.jpeg,31,pointwise_conv,1x144x28x28,25.5707
8,0,imagen.jpeg,32,batchnorm,1x32x28x28,0.671548
8,0,imagen.jpeg,33,pointwise_conv,1x32x28x28,34.543413
8,0,imagen.jpeg,34,batchnorm,1x192x28x28,3.460269
8,0,imagen.jpeg,35,activacion,1x192x28x28,1.160923
8,0,imagen.jpeg,36,depthwise_conv,1x192x28x28,13.980239
8,0,imagen.jpeg,37,batchnorm,1x192x28x28,3.439559
8,0,imagen.jpeg,38,activacion,1x192x28x28,1.368245
8,0,imagen.jpeg,39,pointwise_conv,1x192x28x28,34.084907
8,0,imagen.jpeg,40,batchnorm,1x32x28x28,0.567206
8,0,imagen.jpeg,41,layer_add,1x32x28x28,0.248823
8,0,imagen.jpeg,42,pointwise_conv,1x32x28x28,34.637643
8,0,imagen.jpeg,43,batchnorm,1x192x28x28,3.461509
8,0,imagen.jpeg,44,activacion,1x192x28x28,1.181283
8,0,imagen.jpeg,45,depthwise_conv,1x192x28x28,13.972878
8,0,imagen.jpeg,46,batchnorm,1x192x28x28,3.456949
8,0,imagen.jpeg,47,activacion,1x192x28x28,1.337576
8,0,imagen.jpeg,48,pointwise_conv,1x192x28x28,34.32381
8,0,imagen.jpeg,49,batchnorm,1x32x28x28,0.574206
8,0,imagen.jpeg,50,layer_add,1x32x28x28,0.269923
8,0,imagen.jpeg,51,pointwise_conv,1x32x28x28,34.555142
8,0,imagen.jpeg,52,batchnorm,1x192x28x28,3.455579
8,0,imagen.jpeg,53,activacion,1x192x28x28,1.255504
8,0,imagen.jpeg,54,depthwise_conv,1x192x28x28,3.629161
8,0,imagen.jpeg,55,batchnorm,1x192x14x14,0.87876
8,0,imagen.jpeg,56,activacion,1x192x14x14,0.278563
8,0,imagen.jpeg,57,pointwise_conv,1x192x14x14,12.604853
8,0,imagen.jpeg,58,batchnorm,1x64x14x14,0.287664
8,0,imagen.jpeg,59,pointwise_conv,1x64x14x14,24.293476
8,0,imagen.jpeg,60,batchnorm,1x384x14x14,1.76757
8,0,imagen.jpeg,61,activacion,1x384x14x14,0.557976
8,0,imagen.jpeg,62,depthwise_conv,1x384x14x14,7.06083
8,0,imagen.jpeg,63,batchnorm,1x384x14x14,1.73469
8,0,imagen.jpeg,64,activacion,1x384x14x14,0.745308
8,0,imagen.jpeg,65,pointwise_conv,1x384x14x14,30.78294
8,0,imagen.jpeg,66,batchnorm,1x64x14x14,0.306513
8,0,imagen.jpeg,67,layer_add,1x64x14x14,0.138152
8,0,imagen.jpeg,68,pointwise_conv,1x64x14x14,24.271955
8,0,imagen.jpeg,69,batchnorm,1x384x14x14,1.7524
8,0,imagen.jpeg,70,activacion,1x384x14x14,0.615187
8,0,imagen.jpeg,71,depthwise_conv,1x384x14x14,7.07515
8,0,imagen.jpeg,72,batchnorm,1x384x14x14,1.75177
8,0,imagen.jpeg,73,activacion,1x384x14x14,0.679628
8,0,imagen.jpeg,74,pointwise_conv,1x384x14x14,30.711029
8,0,imagen.jpeg,75,batchnorm,1x64x14x14,0.289243
8,0,imagen.jpeg,76,layer_add,1x64x14x14,0.137842
8,0,imagen.jpeg,77,pointwise_conv,1x64x14x14,24.309566
8,0,imagen.jpeg,78,batchnorm,1x384x14x14,1.83328
8,0,imagen.jpeg,79,activacion,1x384x14x14,0.646078
8,0,imagen.jpeg,80,depthwise_conv,1x384x14x14,7.065351
8,0,imagen.jpeg,81,batchnorm,1x384x14x14,1.857741
8,0,imagen.jpeg,82,activacion,1x384x14x14,0.650898
8,0,imagen.jpeg,83,pointwise_conv,1x384x14x14,30.761469
8,0,imagen.jpeg,84,batchnorm,1x64x14x14,0.288353
8,0,imagen.jpeg,85,layer_add,1x64x14x14,0.136801
8,0,imagen.jpeg,86,pointwise_conv,1x64x14x14,24.297486
8,0,imagen.jpeg,87,batchnorm,1x384x14x14,1.74908
8,0,imagen.jpeg,88,activacion,1x384x14x14,0.630217
8,0,imagen.jpeg,89,depthwise_conv,1x384x14x14,7.07688
8,0,imagen.jpeg,90,batchnorm,1x384x14x14,1.76234
8,0,imagen.jpeg,91,activacion,1x384x14x14,0.656887
8,0,imagen.jpeg,92,pointwise_conv,1x384x14x14,46.117574
8,0,imagen.jpeg,93,batchnorm,1x96x14x14,0.447045
8,0,imagen.jpeg,94,pointwise_conv,1x96x14x14,55.311128
8,0,imagen.jpeg,95,batchnorm,1x576x14x14,2.629039
8,0,imagen.jpeg,96,activacion,1x576x14x14,1.014831
8,0,imagen.jpeg,97,depthwise_conv,1x576x14x14,10.593091
8,0,imagen.jpeg,98,batchnorm,1x576x14x14,2.6352
8,0,imagen.jpeg,99,activacion,1x576x14x14,0.974391
8,0,imagen.jpeg,100,pointwise_conv,1x576x14x14,97.566418
8,0,imagen.jpeg,101,batchnorm,1x96x14x14,0.443665
8,0,imagen.jpeg,102,layer_add,1x96x14x14,0.205882
8,0,imagen.jpeg,103,pointwise_conv,1x96x14x14,55.674622
8,0,imagen.jpeg,104,batchnorm,1x576x14x14,2.705881
8,0,imagen.jpeg,105,activacion,1x576x14x14,0.986481
8,0,imagen.jpeg,106,depthwise_conv,1x576x14x14,10.660332
8,0,imagen.jpeg,107,batchnorm,1x576x14x14,2.64636
8,0,imagen.jpeg,108,activacion,1x576x14x14,0.95195
8,0,imagen.jpeg,109,pointwise_conv,1x576x14x14,97.447256
8,0,imagen.jpeg,110,batchnorm,1x96x14x14,0.440245
8,0,imagen.jpeg,111,layer_add,1x96x14x14,0.202533
8,0,imagen.jpeg,112,pointwise_conv,1x96x14x14,55.427409
8,0,imagen.jpeg,113,batchnorm,1x576x14x14,2.6726
8,0,imagen.jpeg,114,activacion,1x576x14x14,0.972861
8,0,imagen.jpeg,115,depthwise_conv,1x576x14x14,2.797412
8,0,imagen.jpeg,116,batchnorm,1x576x7x7,0.664958
8,0,imagen.jpeg,117,activacion,1x576x7x7,0.204723
8,0,imagen.jpeg,118,pointwise_conv,1x576x7x7,42.652834
8,0,imagen.jpeg,119,batchnorm,1x160x7x7,0.184352
8,0,imagen.jpeg,120,pointwise_conv,1x160x7x7,31.584039
8,0,imagen.jpeg,121,batchnorm,1x960x7x7,1.113523
8,0,imagen.jpeg,122,activacion,1x960x7x7,0.402534
8,0,imagen.jpeg,123,depthwise_conv,1x960x7x7,4.613612
8,0,imagen.jpeg,124,batchnorm,1x960x7x7,1.095672
8,0,imagen.jpeg,125,activacion,1x960x7x7,0.405824
8,0,imagen.jpeg,126,pointwise_conv,1x960x7x7,90.69123
8,0,imagen.jpeg,127,batchnorm,1x160x7x7,0.185822
8,0,imagen.jpeg,128,layer_add,1x160x7x7,0.089721
8,0,imagen.jpeg,129,pointwise_conv,1x160x7x7,31.604918
8,0,imagen.jpeg,130,batchnorm,1x960x7x7,1.117213
8,0,imagen.jpeg,131,activacion,1x960x7x7,0.406374
8,0,imagen.jpeg,132,depthwise_conv,1x960x7x7,4.651143
8,0,imagen.jpeg,133,batchnorm,1x960x7x7,1.095023
8,0,imagen.jpeg,134,activacion,1x960x7x7,0.396205
8,0,imagen.jpeg,135,pointwise_conv,1x960x7x7,90.630749
8,0,imagen.jpeg,136,batchnorm,1x160x7x7,0.186422
8,0,imagen.jpeg,137,layer_add,1x160x7x7,0.088951
8,0,imagen.jpeg,138,pointwise_conv,1x160x7x7,31.507908
8,0,imagen.jpeg,139,batchnorm,1x960x7x7,1.118993
8,0,imagen.jpeg,140,activacion,1x960x7x7,0.429645
8,0,imagen.jpeg,141,depthwise_conv,1x960x7x7,4.564422
8,0,imagen.jpeg,142,batchnorm,1x960x7x7,1.095502
8,0,imagen.jpeg,143,activacion,1x960x7x7,0.318323
8,0,imagen.jpeg,144,pointwise_conv,1x960x7x7,181.610592
8,0,imagen.jpeg,145,batchnorm,1x320x7x7,0.373264
8,0,imagen.jpeg,146,pointwise_conv,1x320x7x7,108.502692
8,0,imagen.jpeg,147,batchnorm,1x1280x7x7,1.520158
8,0,imagen.jpeg,148,activacion,1x1280x7x7,0.542686
8,0,imagen.jpeg,149,pooling,1x1280x7x7,0.264393
8,0,imagen.jpeg,150,linear,1x1280,5.104848
9,0,imagen.jpeg,0,conv2d,1x3x224x224,115.892596
9,0,imagen.jpeg,1,batchnorm,1x32x112x112,9.226615
9,0,imagen.jpeg,2,activacion,1x32x112x112,2.816032
9,0,imagen.jpeg,3,depthwise_conv,1x32x112x112,37.032461
9,0,imagen.jpeg,4,batchnorm,1x32x112x112,9.221685
9,0,imagen.jpeg,5,activacion,1x32x112x112,2.803162
9,0,imagen.jpeg,6,pointwise_conv,1x32x112x112,129.144006
9,0,imagen.jpeg,7,batchnorm,1x16x112x112,4.601423
9,0,imagen.jpeg,8,pointwise_conv,1x16x112x112,170.983951
9,0,imagen.jpeg,9,batchnorm,1x96x112x112,27.679794
9,0,imagen.jpeg,10,activacion,1x96x112x112,9.334376
9,0,imagen.jpeg,11,depthwise_conv,1x96x112x112,29.241482
9,0,imagen.jpeg,12,batchnorm,1x96x56x56,6.893848
9,0,imagen.jpeg,13,activacion,1x96x56x56,2.477338
9,0,imagen.jpeg,14,pointwise_conv,1x96x56x56,94.652745
9,0,imagen.jpeg,15,batchnorm,1x24x56x56,1.76563
9,0,imagen.jpeg,16,pointwise_conv,1x24x56x56,88.283442
9,0,imagen.jpeg,17,batchnorm,1x144x56x56,10.442049
9,0,imagen.jpeg,18,activacion,1x144x56x56,3.54377
9,0,imagen.jpeg,19,depthwise_conv,1x144x56x56,41.937767
9,0,imagen.jpeg,20,batchnorm,1x144x56x56,10.313137
9,0,imagen.jpeg,21,activacion,1x144x56x56,3.966805
9,0,imagen.jpeg,22,pointwise_conv,1x144x56x56,199.148901
9,0,imagen.jpeg,23,batchnorm,1x24x56x56,1.71007
9,0,imagen.jpeg,24,layer_add,1x24x56x56,0.83429
9,0,imagen.jpeg,25,pointwise_conv,1x24x56x56,87.718126
9,0,imagen.jpeg,26,batchnorm,1x144x56x56,10.472419
9,0,imagen.jpeg,27,activacion,1x144x56x56,3.860254
9,0,imagen.jpeg,28,depthwise_conv,1x144x56x56,10.726172
9,0,imagen.jpeg,29,batchnorm,1x144x28x28,2.59171
9,0,imagen.jpeg,30,activacion,1x144x28x28,0.89085
9,0,imagen.jpeg,31,pointwise_conv,1x144x28x28,25.678222
9,0,imagen.jpeg,32,batchnorm,1x32x28x28,0.566207
9,0,imagen.jpeg,33,pointwise_conv,1x32x28x28,34.542722
9,0,imagen.jpeg,34,batchnorm,1x192x28x28,3.467659
9,0,imagen.jpeg,35,activacion,1x192x28x28,1.127922
9,0,imagen.jpeg,36,depthwise_conv,1x192x28x28,14.013789
9,0,imagen.jpeg,37,batchnorm,1x192x28x28,3.455239
9,0,imagen.jpeg,38,activacion,1x192x28x28,1.341896
9,0,imagen.jpeg,39,pointwise_conv,1x192x28x28,34.34949
9,0,imagen.jpeg,40,batchnorm,1x32x28x28,0.574526
9,0,imagen.jpeg,41,layer_add,1x32x28x28,0.273953
9,0,imagen.jpeg,42,pointwise_conv,1x32x28x28,34.626903
9,0,imagen.jpeg,43,batchnorm,1x192x28x28,3.52166
9,0,imagen.jpeg,44,activacion,1x192x28x28,1.185423
9,0,imagen.jpeg,45,depthwise_conv,1x192x28x28,13.979069
9,0,imagen.jpeg,46,batchnorm,1x192x28x28,3.49743
9,0,imagen.jpeg,47,activacion,1x192x28x28,1.338005
9,0,imagen.jpeg,48,pointwise_conv,1x192x28x28,34.31232
9,0,imagen.jpeg,49,batchnorm,1x32x28x28,0.573467
9,0,imagen.jpeg,50,layer_add,1x32x28x28,0.272523
9,0,imagen.jpeg,51,pointwise_conv,1x32x28x28,34.655294
9,0,imagen.jpeg,52,batchnorm,1x192x28x28,3.470459
9,0,imagen.jpeg,53,activacion,1x192x28x28,1.256164
9,0,imagen.jpeg,54,depthwise_conv,1x192x28x28,3.681882
9,0,imagen.jpeg,55,batchnorm,1x192x14x14,0.872099
9,0,imagen.jpeg,56,activacion,1x192x14x14,0.276933
9,0,imagen.jpeg,57,pointwise_conv,1x192x14x14,12.623703
9,0,imagen.jpeg,58,batchnorm,1x64x14x14,0.288343
9,0,imagen.jpeg,59,pointwise_conv,1x64x14x14,24.289526
9,0,imagen.jpeg,60,batchnorm,1x384x14x14,1.75205
9,0,imagen.jpeg,61,activacion,1x384x14x14,0.595827
9,0,imagen.jpeg,62,depthwise_conv,1x384x14x14,7.05896
9,0,imagen.jpeg,63,batchnorm,1x384x14x14,1.75831
9,0,imagen.jpeg,64,activacion,1x384x14x14,0.684458
9,0,imagen.jpeg,65,pointwise_conv,1x384x14x14,30.80974
9,0,imagen.jpeg,66,batchnorm,1x64x14x14,0.290603
9,0,imagen.jpeg,67,layer_add,1x64x14x14,0.137192
9,0,imagen.jpeg,68,pointwise_conv,1x64x14x14,24.303695
9,0,imagen.jpeg,69,batchnorm,1x384x14x14,1.76512
9,0,imagen.jpeg,70,activacion,1x384x14x14,0.614287
9,0,imagen.jpeg,71,depthwise_conv,1x384x14x14,7.069441
9,0,imagen.jpeg,72,batchnorm,1x384x14x14,1.73192
9,0,imagen.jpeg,73,activacion,1x384x14x14,0.699868
9,0,imagen.jpeg,74,pointwise_conv,1x384x14x14,30.696438
9,0,imagen.jpeg,75,batchnorm,1x64x14x14,0.288483
9,0,imagen.jpeg,76,layer_add,1x64x14x14,0.139072
9,0,imagen.jpeg,77,pointwise_conv,1x64x14x14,24.366416
9,0,imagen.jpeg,78,batchnorm,1x384x14x14,1.75115
9,0,imagen.jpeg,79,activacion,1x384x14x14,0.647048
9,0,imagen.jpeg,80,depthwise_conv,1x384x14x14,7.070601
9,0,imagen.jpeg,81,batchnorm,1x384x14x14,1.75188
9,0,imagen.jpeg,82,activacion,1x384x14x14,0.677287
9,0,imagen.jpeg,83,pointwise_conv,1x384x14x14,30.718628
9,0,imagen.jpeg,84,batchnorm,1x64x14x14,0.291554
9,0,imagen.jpeg,85,layer_add,1x64x14x14,0.139421
9,0,imagen.jpeg,86,pointwise_conv,1x64x14x14,24.281466
9,0,imagen.jpeg,87,batchnorm,1x384x14x14,1.77309
9,0,imagen.jpeg,88,activacion,1x384x14x14,0.628007
9,0,imagen.jpeg,89,depthwise_conv,1x384x14x14,7.05978
9,0,imagen.jpeg,90,batchnorm,1x384x14x14,1.73362
9,0,imagen.jpeg,91,activacion,1x384x14x14,0.653467
9,0,imagen.jpeg,92,pointwise_conv,1x384x14x14,46.138494
9,0,imagen.jpeg,93,batchnorm,1x96x14x14,0.432245
9,0,imagen.jpeg,94,pointwise_conv,1x96x14x14,55.341238
9,0,imagen.jpeg,95,batchnorm,1x576x14x14,2.65636
9,0,imagen.jpeg,96,activacion,1x576x14x14,0.970851
9,0,imagen.jpeg,97,depthwise_conv,1x576x14x14,10.801212
9,0,imagen.jpeg,98,batchnorm,1x576x14x14,2.65229
9,0,imagen.jpeg,99,activacion,1x576x14x14,0.970131
9,0,imagen.jpeg,100,pointwise_conv,1x576x14x14,97.404016
9,0,imagen.jpeg,101,batchnorm,1x96x14x14,0.434454
9,0,imagen.jpeg,102,layer_add,1x96x14x14,0.211802
9,0,imagen.jpeg,103,pointwise_conv,1x96x14x14,55.46197
9,0,imagen.jpeg,104,batchnorm,1x576x14x14,2.63501
9,0,imagen.jpeg,105,activacion,1x576x14x14,1.030872
9,0,imagen.jpeg,106,depthwise_conv,1x576x14x14,10.59513
9,0,imagen.jpeg,107,batchnorm,1x576x14x14,2.64109
9,0,imagen.jpeg,108,activacion,1x576x14x14,0.94597
9,0,imagen.jpeg,109,pointwise_conv,1x576x14x14,97.544957
9,0,imagen.jpeg,110,batchnorm,1x96x14x14,0.437615
9,0,imagen.jpeg,111,layer_add,1x96x14x14,0.204832
9,0,imagen.jpeg,112,pointwise_conv,1x96x14x14,55.409899
9,0,imagen.jpeg,113,batchnorm,1x576x14x14,2.64987
9,0,imagen.jpeg,114,activacion,1x576x14x14,0.986231
9,0,imagen.jpeg,115,depthwise_conv,1x576x14x14,2.800732
9,0,imagen.jpeg,116,batchnorm,1x576x7x7,0.663688
9,0,imagen.jpeg,117,activacion,1x576x7x7,0.203383
9,0,imagen.jpeg,118,pointwise_conv,1x576x7x7,42.720285
9,0,imagen.jpeg,119,batchnorm,1x160x7x7,0.183402
9,0,imagen.jpeg,120,pointwise_conv,1x160x7x7,31.577579
9,0,imagen.jpeg,121,batchnorm,1x960x7x7,1.113563
9,0,imagen.jpeg,122,activacion,1x960x7x7,0.428485
9,0,imagen.jpeg,123,depthwise_conv,1x960x7x7,4.594652
9,0,imagen.jpeg,124,batchnorm,1x960x7x7,1.095162
9,0,imagen.jpeg,125,activacion,1x960x7x7,0.420425
9,0,imagen.jpeg,126,pointwise_conv,1x960x7x7,90.72045
9,0,imagen.jpeg,127,batchnorm,1x160x7x7,0.184122
9,0,imagen.jpeg,128,layer_add,1x160x7x7,0.082061
9,0,imagen.jpeg,129,pointwise_conv,1x160x7x7,31.599798
9,0,imagen.jpeg,130,batchnorm,1x960x7x7,1.133473
9,0,imagen.jpeg,131,activacion,1x960x7x7,0.395934
9,0,imagen.jpeg,132,depthwise_conv,1x960x7x7,4.601542
9,0,imagen.jpeg,133,batchnorm,1x960x7x7,1.094123
9,0,imagen.jpeg,134,activacion,1x960x7x7,0.396855
9,0,imagen.jpeg,135,pointwise_conv,1x960x7x7,90.74597
9,0,imagen.jpeg,136,batchnorm,1x160x7x7,0.184972
9,0,imagen.jpeg,137,layer_add,1x160x7x7,0.083231
9,0,imagen.jpeg,138,pointwise_conv,1x160x7x7,31.550508
9,0,imagen.jpeg,139,batchnorm,1x960x7x7,1.161404
9,0,imagen.jpeg,140,activacion,1x960x7x7,0.416084
9,0,imagen.jpeg,141,depthwise_conv,1x960x7x7,4.626562
9,0,imagen.jpeg,142,batchnorm,1x960x7x7,1.094532
9,0,imagen.jpeg,143,activacion,1x960x7x7,0.338683
9,0,imagen.jpeg,144,pointwise_conv,1x960x7x7,181.521631
9,0,imagen.jpeg,145,batchnorm,1x320x7x7,0.371844
9,0,imagen.jpeg,146,pointwise_conv,1x320x7x7,108.554022
9,0,imagen.jpeg,147,batchnorm,1x1280x7x7,1.499277
9,0,imagen.jpeg,148,activacion,1x1280x7x7,0.529946
9,0,imagen.jpeg,149,pooling,1x1280x7x7,0.265364
9,0,imagen.jpeg,150,linear,1x1280,5.126189
10,0,imagen.jpeg,0,conv2d,1x3x224x224,114.832454
10,0,imagen.jpeg,1,batchnorm,1x32x112x112,9.157904
10,0,imagen.jpeg,2,activacion,1x32x112x112,2.803922
10,0,imagen.jpeg,3,depthwise_conv,1x32x112x112,37.02919
10,0,imagen.jpeg,4,batchnorm,1x32x112x112,9.216294
10,0,imagen.jpeg,5,activacion,1x32x112x112,2.803932
10,0,imagen.jpeg,6,pointwise_conv,1x32x112x112,129.377329
10,0,imagen.jpeg,7,batchnorm,1x16x112x112,4.596072
10,0,imagen.jpeg,8,pointwise_conv,1x16x112x112,171.037942
10,0,imagen.jpeg,9,batchnorm,1x96x112x112,27.749485
10,0,imagen.jpeg,10,activacion,1x96x112x112,9.360506
10,0,imagen.jpeg,11,depthwise_conv,1x96x112x112,29.155391
10,0,imagen.jpeg,12,batchnorm,1x96x56x56,6.963819
10,0,imagen.jpeg,13,activacion,1x96x56x56,2.476098
10,0,imagen.jpeg,14,pointwise_conv,1x96x56x56,95.504375
10,0,imagen.jpeg,15,batchnorm,1x24x56x56,1.77966
10,0,imagen.jpeg,16,pointwise_conv,1x24x56x56,88.300803
10,0,imagen.jpeg,17,batchnorm,1x144x56x56,10.463519
10,0,imagen.jpeg,18,activacion,1x144x56x56,3.53181
10,0,imagen.jpeg,19,depthwise_conv,1x144x56x56,41.825355
10,0,imagen.jpeg,20,batchnorm,1x144x56x56,10.294257
10,0,imagen.jpeg,21,activacion,1x144x56x56,3.950015
10,0,imagen.jpeg,22,pointwise_conv,1x144x56x56,199.201162
10,0,imagen.jpeg,23,batchnorm,1x24x56x56,1.76039
10,0,imagen.jpeg,24,layer_add,1x24x56x56,0.769499
10,0,imagen.jpeg,25,pointwise_conv,1x24x56x56,87.769677
10,0,imagen.jpeg,26,batchnorm,1x144x56x56,10.445379
10,0,imagen.jpeg,27,activacion,1x144x56x56,3.862634
10,0,imagen.jpeg,28,depthwise_conv,1x144x56x56,10.653551
10,0,imagen.jpeg,29,batchnorm,1x144x28x28,2.577749
10,0,imagen.jpeg,30,activacion,1x144x28x28,0.927411
10,0,imagen.jpeg,31,pointwise_conv,1x144x28x28,25.697202
10,0,imagen.jpeg,32,batchnorm,1x32x28x28,0.568427
10,0,imagen.jpeg,33,pointwise_conv,1x32x28x28,34.565343
10,0,imagen.jpeg,34,batchnorm,1x192x28x28,3.468099
10,0,imagen.jpeg,35,activacion,1x192x28x28,1.115143
10,0,imagen.jpeg,36,depthwise_conv,1x192x28x28,13.986158
10,0,imagen.jpeg,37,batchnorm,1x192x28x28,3.46259
10,0,imagen.jpeg,38,activacion,1x192x28x28,1.340555
10,0,imagen.jpeg,39,pointwise_conv,1x192x28x28,34.203568
10,0,imagen.jpeg,40,batchnorm,1x32x28x28,0.569346
10,0,imagen.jpeg,41,layer_add,1x32x28x28,0.268803
10,0,imagen.jpeg,42,pointwise_conv,1x32x28x28,34.566223
10,0,imagen.jpeg,43,batchnorm,1x192x28x28,3.463639
10,0,imagen.jpeg,44,activacion,1x192x28x28,1.179674
10,0,imagen.jpeg,45,depthwise_conv,1x192x28x28,14.13971
10,0,imagen.jpeg,46,batchnorm,1x192x28x28,3.55511
10,0,imagen.jpeg,47,activacion,1x192x28x28,1.379076
10,0,imagen.jpeg,48,pointwise_conv,1x192x28x28,34.794105
10,0,imagen.jpeg,49,batchnorm,1x32x28x28,0.575427
10,0,imagen.jpeg,50,layer_add,1x32x28x28,0.272403
10,0,imagen.jpeg,51,pointwise_conv,1x32x28x28,34.471891
10,0,imagen.jpeg,52,batchnorm,1x192x28x28,3.46007
10,0,imagen.jpeg,53,activacion,1x192x28x28,1.294845
10,0,imagen.jpeg,54,depthwise_conv,1x192x28x28,3.669672
10,0,imagen.jpeg,55,batchnorm,1x192x14x14,0.8743
10,0,imagen.jpeg,56,activacion,1x192x14x14,0.276574
10,0,imagen.jpeg,57,pointwise_conv,1x192x14x14,12.602363
10,0,imagen.jpeg,58,batchnorm,1x64x14x14,0.289344
10,0,imagen.jpeg,59,pointwise_conv,1x64x14x14,24.304176
10,0,imagen.jpeg,60,batchnorm,1x384x14x14,1.76469
10,0,imagen.jpeg,61,activacion,1x384x14x14,0.558786
10,0,imagen.jpeg,62,depthwise_conv,1x384x14x14,7.10458
10,0,imagen.jpeg,63,batchnorm,1x384x14x14,1.734599
10,0,imagen.jpeg,64,activacion,1x384x14x14,0.736018
10,0,imagen.jpeg,65,pointwise_conv,1x384x14x14,30.777369
10,0,imagen.jpeg,66,batchnorm,1x64x14x14,0.288174
10,0,imagen.jpeg,67,layer_add,1x64x14x14,0.139282
10,0,imagen.jpeg,68,pointwise_conv,1x64x14x14,24.277285
10,0,imagen.jpeg,69,batchnorm,1x384x14x14,1.7492
10,0,imagen.jpeg,70,activacion,1x384x14x14,0.613767
10,0,imagen.jpeg,71,depthwise_conv,1x384x14x14,7.03899
10,0,imagen.jpeg,72,batchnorm,1x384x14x14,1.75752
10,0,imagen.jpeg,73,activacion,1x384x14x14,0.678517
10,0,imagen.jpeg,74,pointwise_conv,1x384x14x14,30.732209
10,0,imagen.jpeg,75,batchnorm,1x64x14x14,0.290103
10,0,imagen.jpeg,76,layer_add,1x64x14x14,0.134681
10,0,imagen.jpeg,77,pointwise_conv,1x64x14x14,24.366247
10,0,imagen.jpeg,78,batchnorm,1x384x14x14,1.768971
10,0,imagen.jpeg,79,activacion,1x384x14x14,0.644968
10,0,imagen.jpeg,80,depthwise_conv,1x384x14x14,7.05342
10,0,imagen.jpeg,81,batchnorm,1x384x14x14,1.734279
10,0,imagen.jpeg,82,activacion,1x384x14x14,0.660087
10,0,imagen.jpeg,83,pointwise_conv,1x384x14x14,30.728069
10,0,imagen.jpeg,84,batchnorm,1x64x14x14,0.288713
10,0,imagen.jpeg,85,layer_add,1x64x14x14,0.139952
10,0,imagen.jpeg,86,pointwise_conv,1x64x14x14,24.310746
10,0,imagen.jpeg,87,batchnorm,1x384x14x14,1.75345
10,0,imagen.jpeg,88,activacion,1x384x14x14,0.627647
10,0,imagen.jpeg,89,depthwise_conv,1x384x14x14,7.06195
10,0,imagen.jpeg,90,batchnorm,1x384x14x14,1.75809
10,0,imagen.jpeg,91,activacion,1x384x14x14,0.654607
10,0,imagen.jpeg,92,pointwise_conv,1x384x14x14,46.135054
10,0,imagen.jpeg,93,batchnorm,1x96x14x14,0.448585
10,0,imagen.jpeg,94,pointwise_conv,1x96x14x14,55.324678
10,0,imagen.jpeg,95,batchnorm,1x576x14x14,2.63135
10,0,imagen.jpeg,96,activacion,1x576x14x14,1.113693
10,0,imagen.jpeg,97,depthwise_conv,1x576x14x14,10.59611
10,0,imagen.jpeg,98,batchnorm,1x576x14x14,2.6395
10,0,imagen.jpeg,99,activacion,1x576x14x14,0.968591
10,0,imagen.jpeg,100,pointwise_conv,1x576x14x14,97.469666
10,0,imagen.jpeg,101,batchnorm,1x96x14x14,0.434455
10,0,imagen.jpeg,102,layer_add,1x96x14x14,0.207143
10,0,imagen.jpeg,103,pointwise_conv,1x96x14x14,55.50661
10,0,imagen.jpeg,104,batchnorm,1x576x14x14,2.660671
10,0,imagen.jpeg,105,activacion,1x576x14x14,1.016491
10,0,imagen.jpeg,106,depthwise_conv,1x576x14x14,10.614081
10,0,imagen.jpeg,107,batchnorm,1x576x14x14,2.780671
10,0,imagen.jpeg,108,activacion,1x576x14x14,0.942251
10,0,imagen.jpeg,109,pointwise_conv,1x576x14x14,97.525007
10,0,imagen.jpeg,110,batchnorm,1x96x14x14,0.455295
10,0,imagen.jpeg,111,layer_add,1x96x14x14,0.205922
10,0,imagen.jpeg,112,pointwise_conv,1x96x14x14,55.392079
10,0,imagen.jpeg,113,batchnorm,1x576x14x14,2.63632
10,0,imagen.jpeg,114,activacion,1x576x14x14,1.038082
10,0,imagen.jpeg,115,depthwise_conv,1x576x14x14,2.767591
10,0,imagen.jpeg,116,batchnorm,1x576x7x7,0.662147
10,0,imagen.jpeg,117,activacion,1x576x7x7,0.203762
10,0,imagen.jpeg,118,pointwise_conv,1x576x7x7,42.732205
10,0,imagen.jpeg,119,batchnorm,1x160x7x7,0.183542
10,0,imagen.jpeg,120,pointwise_conv,1x160x7x7,31.577608
10,0,imagen.jpeg,121,batchnorm,1x960x7x7,1.118292
10,0,imagen.jpeg,122,activacion,1x960x7x7,0.400975
10,0,imagen.jpeg,123,depthwise_conv,1x960x7x7,4.600772
10,0,imagen.jpeg,124,batchnorm,1x960x7x7,1.111563
10,0,imagen.jpeg,125,activacion,1x960x7x7,0.403025
10,0,imagen.jpeg,126,pointwise_conv,1x960x7x7,90.782541
10,0,imagen.jpeg,127,batchnorm,1x160x7x7,0.184632
10,0,imagen.jpeg,128,layer_add,1x160x7x7,0.087661
10,0,imagen.jpeg,129,pointwise_conv,1x160x7x7,31.523158
10,0,imagen.jpeg,130,batchnorm,1x960x7x7,1.114383
10,0,imagen.jpeg,131,activacion,1x960x7x7,0.407614
10,0,imagen.jpeg,132,depthwise_conv,1x960x7x7,4.630463
10,0,imagen.jpeg,133,batchnorm,1x960x7x7,1.094562
10,0,imagen.jpeg,134,activacion,1x960x7x7,0.397014
10,0,imagen.jpeg,135,pointwise_conv,1x960x7x7,90.789831
10,0,imagen.jpeg,136,batchnorm,1x160x7x7,0.187192
10,0,imagen.jpeg,137,layer_add,1x160x7x7,0.086081
10,0,imagen.jpeg,138,pointwise_conv,1x160x7x7,31.492837
10,0,imagen.jpeg,139,batchnorm,1x960x7x7,1.118663
10,0,imagen.jpeg,140,activacion,1x960x7x7,0.393065
10,0,imagen.jpeg,141,depthwise_conv,1x960x7x7,4.592762
10,0,imagen.jpeg,142,batchnorm,1x960x7x7,1.094613
10,0,imagen.jpeg,143,activacion,1x960x7x7,0.317864
10,0,imagen.jpeg,144,pointwise_conv,1x960x7x7,181.587672
10,0,imagen.jpeg,145,batchnorm,1x320x7x7,0.374245
10,0,imagen.jpeg,146,pointwise_conv,1x320x7x7,108.490552
10,0,imagen.jpeg,147,batchnorm,1x1280x7x7,1.520567
10,0,imagen.jpeg,148,activacion,1x1280x7x7,0.556516
10,0,imagen.jpeg,149,pooling,1x1280x7x7,0.263093
10,0,imagen.jpeg,150,linear,1x1280,5.098368
11,0,imagen.jpeg,0,conv2d,1x3x224x224,115.767585
11,0,imagen.jpeg,1,batchnorm,1x32x112x112,9.169505
11,0,imagen.jpeg,2,activacion,1x32x112x112,2.766481
11,0,imagen.jpeg,3,depthwise_conv,1x32x112x112,37.147982
11,0,imagen.jpeg,4,batchnorm,1x32x112x112,9.221705
11,0,imagen.jpeg,5,activacion,1x32x112x112,2.836852
11,0,imagen.jpeg,6,pointwise_conv,1x32x112x112,128.761972
11,0,imagen.jpeg,7,batchnorm,1x16x112x112,4.573872
11,0,imagen.jpeg,8,pointwise_conv,1x16x112x112,171.347565
11,0,imagen.jpeg,9,batchnorm,1x96x112x112,27.683204
11,0,imagen.jpeg,10,activacion,1x96x112x112,9.478698
11,0,imagen.jpeg,11,depthwise_conv,1x96x112x112,29.113761
11,0,imagen.jpeg,12,batchnorm,1x96x56x56,6.859918
11,0,imagen.jpeg,13,activacion,1x96x56x56,2.477589
11,0,imagen.jpeg,14,pointwise_conv,1x96x56x56,95.698447
11,0,imagen.jpeg,15,batchnorm,1x24x56x56,1.75914
11,0,imagen.jpeg,16,pointwise_conv,1x24x56x56,88.329543
11,0,imagen.jpeg,17,batchnorm,1x144x56x56,10.470209
11,0,imagen.jpeg,18,activacion,1x144x56x56,3.53172
11,0,imagen.jpeg,19,depthwise_conv,1x144x56x56,41.801935
11,0,imagen.jpeg,20,batchnorm,1x144x56x56,10.323038
11,0,imagen.jpeg,21,activacion,1x144x56x56,3.969145
11,0,imagen.jpeg,22,pointwise_conv,1x144x56x56,199.700708
11,0,imagen.jpeg,23,batchnorm,1x24x56x56,1.76306
11,0,imagen.jpeg,24,layer_add,1x24x56x56,0.803529
11,0,imagen.jpeg,25,pointwise_conv,1x24x56x56,87.729346
11,0,imagen.jpeg,26,batchnorm,1x144x56x56,10.453739
11,0,imagen.jpeg,27,activacion,1x144x56x56,3.865734
11,0,imagen.jpeg,28,depthwise_conv,1x144x56x56,10.64233
11,0,imagen.jpeg,29,batchnorm,1x144x28x28,2.705031
11,0,imagen.jpeg,30,activacion,1x144x28x28,0.91194
11,0,imagen.jpeg,31,pointwise_conv,1x144x28x28,25.680261
11,0,imagen.jpeg,32,batchnorm,1x32x28x28,0.566136
11,0,imagen.jpeg,33,pointwise_conv,1x32x28x28,34.542183
11,0,imagen.jpeg,34,batchnorm,1x192x28x28,3.46599
11,0,imagen.jpeg,35,activacion,1x192x28x28,1.112783
11,0,imagen.jpeg,36,depthwise_conv,1x192x28x28,13.985929
11,0,imagen.jpeg,37,batchnorm,1x192x28x28,3.448679
11,0,imagen.jpeg,38,activacion,1x192x28x28,1.341335
11,0,imagen.jpeg,39,pointwise_conv,1x192x28x28,34.152428
11,0,imagen.jpeg,40,batchnorm,1x32x28x28,0.570677
11,0,imagen.jpeg,41,layer_add,1x32x28x28,0.275763
11,0,imagen.jpeg,42,pointwise_conv,1x32x28x28,34.544382
11,0,imagen.jpeg,43,batchnorm,1x192x28x28,3.46833
11,0,imagen.jpeg,44,activacion,1x192x28x28,1.180914
11,0,imagen.jpeg,45,depthwise_conv,1x192x28x28,14.012759
11,0,imagen.jpeg,46,batchnorm,1x192x28x28,3.447709
11,0,imagen.jpeg,47,activacion,1x192x28x28,1.341385
11,0,imagen.jpeg,48,pointwise_conv,1x192x28x28,34.205728
11,0,imagen.jpeg,49,batchnorm,1x32x28x28,0.576536
11,0,imagen.jpeg,50,layer_add,1x32x28x28,0.247473
11,0,imagen.jpeg,51,pointwise_conv,1x32x28x28,34.533142
11,0,imagen.jpeg,52,batchnorm,1x192x28x28,3.473929
11,0,imagen.jpeg,53,activacion,1x192x28x28,1.256094
11,0,imagen.jpeg,54,depthwise_conv,1x192x28x28,3.674282
11,0,imagen.jpeg,55,batchnorm,1x192x14x14,0.87609
11,0,imagen.jpeg,56,activacion,1x192x14x14,0.277633
11,0,imagen.jpeg,57,pointwise_conv,1x192x14x14,12.602193
11,0,imagen.jpeg,58,batchnorm,1x64x14x14,0.287524
11,0,imagen.jpeg,59,pointwise_conv,1x64x14x14,24.303216
11,0,imagen.jpeg,60,batchnorm,1x384x14x14,1.75064
11,0,imagen.jpeg,61,activacion,1x384x14x14,0.581097
11,0,imagen.jpeg,62,depthwise_conv,1x384x14x14,7.109151
11,0,imagen.jpeg,63,batchnorm,1x384x14x14,1.73591
11,0,imagen.jpeg,64,activacion,1x384x14x14,0.686757
11,0,imagen.jpeg,65,pointwise_conv,1x384x14x14,30.730249
11,0,imagen.jpeg,66,batchnorm,1x64x14x14,0.291743
11,0,imagen.jpeg,67,layer_add,1x64x14x14,0.136861
11,0,imagen.jpeg,68,pointwise_conv,1x64x14x14,24.285636
11,0,imagen.jpeg,69,batchnorm,1x384x14x14,1.767221
11,0,imagen.jpeg,70,activacion,1x384x14x14,0.616197
11,0,imagen.jpeg,71,depthwise_conv,1x384x14x14,7.05986
11,0,imagen.jpeg,72,batchnorm,1x384x14x14,1.73044
11,0,imagen.jpeg,73,activacion,1x384x14x14,0.710308
11,0,imagen.jpeg,74,pointwise_conv,1x384x14x14,30.785949
11,0,imagen.jpeg,75,batchnorm,1x64x14x14,0.288274
11,0,imagen.jpeg,76,layer_add,1x64x14x14,0.169772
11,0,imagen.jpeg,77,pointwise_conv,1x64x14x14,24.283946
11,0,imagen.jpeg,78,batchnorm,1x384x14x14,1.7649
11,0,imagen.jpeg,79,activacion,1x384x14x14,0.644807
11,0,imagen.jpeg,80,depthwise_conv,1x384x14x14,7.08038
11,0,imagen.jpeg,81,batchnorm,1x384x14x14,1.75658
11,0,imagen.jpeg,82,activacion,1x384x14x14,0.651157
11,0,imagen.jpeg,83,pointwise_conv,1x384x14x14,30.81149
11,0,imagen.jpeg,84,batchnorm,1x64x14x14,0.290994
11,0,imagen.jpeg,85,layer_add,1x64x14x14,0.135691
11,0,imagen.jpeg,86,pointwise_conv,1x64x14x14,24.294726
11,0,imagen.jpeg,87,batchnorm,1x384x14x14,1.76943
11,0,imagen.jpeg,88,activacion,1x384x14x14,0.629798
11,0,imagen.jpeg,89,depthwise_conv,1x384x14x14,7.134611
11,0,imagen.jpeg,90,batchnorm,1x384x14x14,1.732969
11,0,imagen.jpeg,91,activacion,1x384x14x14,0.651707
11,0,imagen.jpeg,92,pointwise_conv,1x384x14x14,46.177204
11,0,imagen.jpeg,93,batchnorm,1x96x14x14,0.433005
11,0,imagen.jpeg,94,pointwise_conv,1x96x14x14,55.412799
11,0,imagen.jpeg,95,batchnorm,1x576x14x14,2.64834
11,0,imagen.jpeg,96,activacion,1x576x14x14,0.971391
11,0,imagen.jpeg,97,depthwise_conv,1x576x14x14,10.607561
11,0,imagen.jpeg,98,batchnorm,1x576x14x14,2.65026
11,0,imagen.jpeg,99,activacion,1x576x14x14,0.967861
11,0,imagen.jpeg,100,pointwise_conv,1x576x14x14,97.581278
11,0,imagen.jpeg,101,batchnorm,1x96x14x14,0.440445
11,0,imagen.jpeg,102,layer_add,1x96x14x14,0.204322
11,0,imagen.jpeg,103,pointwise_conv,1x96x14x14,55.557401
11,0,imagen.jpeg,104,batchnorm,1x576x14x14,2.63669
11,0,imagen.jpeg,105,activacion,1x576x14x14,0.986632
11,0,imagen.jpeg,106,depthwise_conv,1x576x14x14,10.602711
11,0,imagen.jpeg,107,batchnorm,1x576x14x14,2.61551
11,0,imagen.jpeg,108,activacion,1x576x14x14,1.026111
11,0,imagen.jpeg,109,pointwise_conv,1x576x14x14,99.252527
11,0,imagen.jpeg,110,batchnorm,1x96x14x14,0.439885
11,0,imagen.jpeg,111,layer_add,1x96x14x14,0.201362
11,0,imagen.jpeg,112,pointwise_conv,1x96x14x14,55.399219
11,0,imagen.jpeg,113,batchnorm,1x576x14x14,2.64334
11,0,imagen.jpeg,114,activacion,1x576x14x14,0.986121
11,0,imagen.jpeg,115,depthwise_conv,1x576x14x14,2.805862
11,0,imagen.jpeg,116,batchnorm,1x576x7x7,0.665128
11,0,imagen.jpeg,117,activacion,1x576x7x7,0.203423
11,0,imagen.jpeg,118,pointwise_conv,1x576x7x7,42.797796
11,0,imagen.jpeg,119,batchnorm,1x160x7x7,0.183242
11,0,imagen.jpeg,120,pointwise_conv,1x160x7x7,31.586648
11,0,imagen.jpeg,121,batchnorm,1x960x7x7,1.117943
11,0,imagen.jpeg,122,activacion,1x960x7x7,0.394214
11,0,imagen.jpeg,123,depthwise_conv,1x960x7x7,4.620622
11,0,imagen.jpeg,124,batchnorm,1x960x7x7,1.098893
11,0,imagen.jpeg,125,activacion,1x960x7x7,0.404175
11,0,imagen.jpeg,126,pointwise_conv,1x960x7x7,90.610559
11,0,imagen.jpeg,127,batchnorm,1x160x7x7,0.184692
11,0,imagen.jpeg,128,layer_add,1x160x7x7,0.081931
11,0,imagen.jpeg,129,pointwise_conv,1x160x7x7,31.523468
11,0,imagen.jpeg,130,batchnorm,1x960x7x7,1.116502
11,0,imagen.jpeg,131,activacion,1x960x7x7,0.399025
11,0,imagen.jpeg,132,depthwise_conv,1x960x7x7,4.633583
11,0,imagen.jpeg,133,batchnorm,1x960x7x7,1.096223
11,0,imagen.jpeg,134,activacion,1x960x7x7,0.412835
11,0,imagen.jpeg,135,pointwise_conv,1x960x7x7,90.753351
11,0,imagen.jpeg,136,batchnorm,1x160x7x7,0.186652
11,0,imagen.jpeg,137,layer_add,1x160x7x7,0.086851
11,0,imagen.jpeg,138,pointwise_conv,1x160x7x7,31.495428
11,0,imagen.jpeg,139,batchnorm,1x960x7x7,1.115253
11,0,imagen.jpeg,140,activacion,1x960x7x7,0.435855
11,0,imagen.jpeg,141,depthwise_conv,1x960x7x7,4.602903
11,0,imagen.jpeg,142,batchnorm,1x960x7x7,1.097063
11,0,imagen.jpeg,143,activacion,1x960x7x7,0.316634
11,0,imagen.jpeg,144,pointwise_conv,1x960x7x7,181.498831
11,0,imagen.jpeg,145,batchnorm,1x320x7x7,0.373334
11,0,imagen.jpeg,146,pointwise_conv,1x320x7x7,108.525472
11,0,imagen.jpeg,147,batchnorm,1x1280x7x7,1.524858
11,0,imagen.jpeg,148,activacion,1x1280x7x7,0.532696
11,0,imagen.jpeg,149,pooling,1x1280x7x7,0.264583
11,0,imagen.jpeg,150,linear,1x1280,5.114458
12,0,imagen.jpeg,0,conv2d,1x3x224x224,115.747065
12,0,imagen.jpeg,1,batchnorm,1x32x112x112,9.164904
12,0,imagen.jpeg,2,activacion,1x32x112x112,2.771062
12,0,imagen.jpeg,3,depthwise_conv,1x32x112x112,37.01557
12,0,imagen.jpeg,4,batchnorm,1x32x112x112,9.231065
12,0,imagen.jpeg,5,activacion,1x32x112x112,2.835702
12,0,imagen.jpeg,6,pointwise_conv,1x32x112x112,129.314578
12,0,imagen.jpeg,7,batchnorm,1x16x112x112,4.595212
12,0,imagen.jpeg,8,pointwise_conv,1x16x112x112,170.711799
12,0,imagen.jpeg,9,batchnorm,1x96x112x112,27.784535
12,0,imagen.jpeg,10,activacion,1x96x112x112,9.345906
12,0,imagen.jpeg,11,depthwise_conv,1x96x112x112,29.12156
12,0,imagen.jpeg,12,batchnorm,1x96x56x56,6.858258
12,0,imagen.jpeg,13,activacion,1x96x56x56,2.500438
12,0,imagen.jpeg,14,pointwise_conv,1x96x56x56,95.166971
12,0,imagen.jpeg,15,batchnorm,1x24x56x56,1.77045
12,0,imagen.jpeg,16,pointwise_conv,1x24x56x56,89.297914
12,0,imagen.jpeg,17,batchnorm,1x144x56x56,10.452879
12,0,imagen.jpeg,18,activacion,1x144x56x56,3.531881
12,0,imagen.jpeg,19,depthwise_conv,1x144x56x56,41.816695
12,0,imagen.jpeg,20,batchnorm,1x144x56x56,10.394848
12,0,imagen.jpeg,21,activacion,1x144x56x56,3.947615
12,0,imagen.jpeg,22,pointwise_conv,1x144x56x56,199.517055
12,0,imagen.jpeg,23,batchnorm,1x24x56x56,1.840001
12,0,imagen.jpeg,24,layer_add,1x24x56x56,0.773048
12,0,imagen.jpeg,25,pointwise_conv,1x24x56x56,87.708436
12,0,imagen.jpeg,26,batchnorm,1x144x56x56,10.456829
12,0,imagen.jpeg,27,activacion,1x144x56x56,3.943415
12,0,imagen.jpeg,28,depthwise_conv,1x144x56x56,10.63998
12,0,imagen.jpeg,29,batchnorm,1x144x28x28,2.575919
12,0,imagen.jpeg,30,activacion,1x144x28x28,0.941751
12,0,imagen.jpeg,31,pointwise_conv,1x144x28x28,25.57534
12,0,imagen.jpeg,32,batchnorm,1x32x28x28,0.569146
12,0,imagen.jpeg,33,pointwise_conv,1x32x28x28,34.603113
12,0,imagen.jpeg,34,batchnorm,1x192x28x28,3.466969
12,0,imagen.jpeg,35,activacion,1x192x28x28,1.114043
12,0,imagen.jpeg,36,depthwise_conv,1x192x28x28,14.000809
12,0,imagen.jpeg,37,batchnorm,1x192x28x28,3.440439
12,0,imagen.jpeg,38,activacion,1x192x28x28,1.339855
12,0,imagen.jpeg,39,pointwise_conv,1x192x28x28,34.187498
12,0,imagen.jpeg,40,batchnorm,1x32x28x28,0.568797
12,0,imagen.jpeg,41,layer_add,1x32x28x28,0.274423
12,0,imagen.jpeg,42,pointwise_conv,1x32x28x28,34.561993
12,0,imagen.jpeg,43,batchnorm,1x192x28x28,3.4825
12,0,imagen.jpeg,44,activacion,1x192x28x28,1.180494
12,0,imagen.jpeg,45,depthwise_conv,1x192x28x28,13.996079
12,0,imagen.jpeg,46,batchnorm,1x192x28x28,3.58076
12,0,imagen.jpeg,47,activacion,1x192x28x28,1.341235
12,0,imagen.jpeg,48,pointwise_conv,1x192x28x28,34.148558
12,0,imagen.jpeg,49,batchnorm,1x32x28x28,0.571987
12,0,imagen.jpeg,50,layer_add,1x32x28x28,0.263193
12,0,imagen.jpeg,51,pointwise_conv,1x32x28x28,34.513812
12,0,imagen.jpeg,52,batchnorm,1x192x28x28,3.4692
12,0,imagen.jpeg,53,activacion,1x192x28x28,1.254485
12,0,imagen.jpeg,54,depthwise_conv,1x192x28x28,3.656382
12,0,imagen.jpeg,55,batchnorm,1x192x14x14,0.87444
12,0,imagen.jpeg,56,activacion,1x192x14x14,0.294373
12,0,imagen.jpeg,57,pointwise_conv,1x192x14x14,12.607724
12,0,imagen.jpeg,58,batchnorm,1x64x14x14,0.288193
12,0,imagen.jpeg,59,pointwise_conv,1x64x14x14,24.387157
12,0,imagen.jpeg,60,batchnorm,1x384x14x14,1.77136
12,0,imagen.jpeg,61,activacion,1x384x14x14,0.558137
12,0,imagen.jpeg,62,depthwise_conv,1x384x14x14,7.065631
12,0,imagen.jpeg,63,batchnorm,1x384x14x14,1.7309
12,0,imagen.jpeg,64,activacion,1x384x14x14,0.690718
12,0,imagen.jpeg,65,pointwise_conv,1x384x14x14,30.718959
12,0,imagen.jpeg,66,batchnorm,1x64x14x14,0.288434
12,0,imagen.jpeg,67,layer_add,1x64x14x14,0.139301
12,0,imagen.jpeg,68,pointwise_conv,1x64x14x14,24.291666
12,0,imagen.jpeg,69,batchnorm,1x384x14x14,1.76791
12,0,imagen.jpeg,70,activacion,1x384x14x14,0.617887
12,0,imagen.jpeg,71,depthwise_conv,1x384x14x14,7.06406
12,0,imagen.jpeg,72,batchnorm,1x384x14x14,1.730809
12,0,imagen.jpeg,73,activacion,1x384x14x14,0.703758
12,0,imagen.jpeg,74,pointwise_conv,1x384x14x14,30.77841
12,0,imagen.jpeg,75,batchnorm,1x64x14x14,0.291714
12,0,imagen.jpeg,76,layer_add,1x64x14x14,0.138031
12,0,imagen.jpeg,77,pointwise_conv,1x64x14x14,24.280056
12,0,imagen.jpeg,78,batchnorm,1x384x14x14,1.7468
12,0,imagen.jpeg,79,activacion,1x384x14x14,0.703328
12,0,imagen.jpeg,80,depthwise_conv,1x384x14x14,7.06222
12,0,imagen.jpeg,81,batchnorm,1x384x14x14,1.75868
12,0,imagen.jpeg,82,activacion,1x384x14x14,0.640837
12,0,imagen.jpeg,83,pointwise_conv,1x384x14x14,30.747149
12,0,imagen.jpeg,84,batchnorm,1x64x14x14,0.289003
12,0,imagen.jpeg,85,layer_add,1x64x14x14,0.136741
12,0,imagen.jpeg,86,pointwise_conv,1x64x14x14,24.396077
12,0,imagen.jpeg,87,batchnorm,1x384x14x14,1.76272
12,0,imagen.jpeg,88,activacion,1x384x14x14,0.628187
12,0,imagen.jpeg,89,depthwise_conv,1x384x14x14,7.05761
12,0,imagen.jpeg,90,batchnorm,1x384x14x14,1.73368
12,0,imagen.jpeg,91,activacion,1x384x14x14,0.652498
12,0,imagen.jpeg,92,pointwise_conv,1x384x14x14,46.026483
12,0,imagen.jpeg,93,batchnorm,1x96x14x14,0.432705
12,0,imagen.jpeg,94,pointwise_conv,1x96x14x14,55.41886
12,0,imagen.jpeg,95,batchnorm,1x576x14x14,2.650181
12,0,imagen.jpeg,96,activacion,1x576x14x14,0.978321
12,0,imagen.jpeg,97,depthwise_conv,1x576x14x14,10.60967
12,0,imagen.jpeg,98,batchnorm,1x576x14x14,2.67024
12,0,imagen.jpeg,99,activacion,1x576x14x14,0.982311
12,0,imagen.jpeg,100,pointwise_conv,1x576x14x14,97.538627
12,0,imagen.jpeg,101,batchnorm,1x96x14x14,0.435775
12,0,imagen.jpeg,102,layer_add,1x96x14x14,0.205702
12,0,imagen.jpeg,103,pointwise_conv,1x96x14x14,55.48331
12,0,imagen.jpeg,104,batchnorm,1x576x14x14,2.662
12,0,imagen.jpeg,105,activacion,1x576x14x14,0.984301
12,0,imagen.jpeg,106,depthwise_conv,1x576x14x14,10.662591
12,0,imagen.jpeg,107,batchnorm,1x576x14x14,2.62647
12,0,imagen.jpeg,108,activacion,1x576x14x14,1.014191
12,0,imagen.jpeg,109,pointwise_conv,1x576x14x14,97.484707
12,0,imagen.jpeg,110,batchnorm,1x96x14x14,0.438855
12,0,imagen.jpeg,111,layer_add,1x96x14x14,0.209172
12,0,imagen.jpeg,112,pointwise_conv,1x96x14x14,55.413279
12,0,imagen.jpeg,113,batchnorm,1x576x14x14,2.65254
12,0,imagen.jpeg,114,activacion,1x576x14x14,0.975511
12,0,imagen.jpeg,115,depthwise_conv,1x576x14x14,2.806992
12,0,imagen.jpeg,116,batchnorm,1x576x7x7,0.661457
12,0,imagen.jpeg,117,activacion,1x576x7x7,0.203692
12,0,imagen.jpeg,118,pointwise_conv,1x576x7x7,42.778996
12,0,imagen.jpeg,119,batchnorm,1x160x7x7,0.183832
12,0,imagen.jpeg,120,pointwise_conv,1x160x7x7,31.498558
12,0,imagen.jpeg,121,batchnorm,1x960x7x7,1.132073
12,0,imagen.jpeg,122,activacion,1x960x7x7,0.402324
12,0,imagen.jpeg,123,depthwise_conv,1x960x7x7,4.603422
12,0,imagen.jpeg,124,batchnorm,1x960x7x7,1.094803
12,0,imagen.jpeg,125,activacion,1x960x7x7,0.402685
12,0,imagen.jpeg,126,pointwise_conv,1x960x7x7,90.716351
12,0,imagen.jpeg,127,batchnorm,1x160x7x7,0.184652
12,0,imagen.jpeg,128,layer_add,1x160x7x7,0.086481
12,0,imagen.jpeg,129,pointwise_conv,1x160x7x7,31.625739
12,0,imagen.jpeg,130,batchnorm,1x960x7x7,1.118083
12,0,imagen.jpeg,131,activacion,1x960x7x7,0.399925
12,0,imagen.jpeg,132,depthwise_conv,1x960x7x7,4.609192
12,0,imagen.jpeg,133,batchnorm,1x960x7x7,1.109013
12,0,imagen.jpeg,134,activacion,1x960x7x7,0.395915
12,0,imagen.jpeg,135,pointwise_conv,1x960x7x7,90.790851
12,0,imagen.jpeg,136,batchnorm,1x160x7x7,0.186612
12,0,imagen.jpeg,137,layer_add,1x160x7x7,0.088861
12,0,imagen.jpeg,138,pointwise_conv,1x160x7x7,31.505058
12,0,imagen.jpeg,139,batchnorm,1x960x7x7,1.113853
12,0,imagen.jpeg,140,activacion,1x960x7x7,0.402674
12,0,imagen.jpeg,141,depthwise_conv,1x960x7x7,4.617322
12,0,imagen.jpeg,142,batchnorm,1x960x7x7,1.112212
12,0,imagen.jpeg,143,activacion,1x960x7x7,0.315953
12,0,imagen.jpeg,144,pointwise_conv,1x960x7x7,181.573192
12,0,imagen.jpeg,145,batchnorm,1x320x7x7,0.373514
12,0,imagen.jpeg,146,pointwise_conv,1x320x7x7,108.543493
12,0,imagen.jpeg,147,batchnorm,1x1280x7x7,1.495917
12,0,imagen.jpeg,148,activacion,1x1280x7x7,0.527656
12,0,imagen.jpeg,149,pooling,1x1280x7x7,0.264713
12,0,imagen.jpeg,150,linear,1x1280,5.098788
13,0,imagen.jpeg,0,conv2d,1x3x224x224,114.771723
13,0,imagen.jpeg,1,batchnorm,1x32x112x112,9.167524
13,0,imagen.jpeg,2,activacion,1x32x112x112,2.806982
13,0,imagen.jpeg,3,depthwise_conv,1x32x112x112,37.107132
13,0,imagen.jpeg,4,batchnorm,1x32x112x112,9.244555
13,0,imagen.jpeg,5,activacion,1x32x112x112,2.841162
13,0,imagen.jpeg,6,pointwise_conv,1x32x112x112,130.427601
13,0,imagen.jpeg,7,batchnorm,1x16x112x112,4.625092
13,0,imagen.jpeg,8,pointwise_conv,1x16x112x112,170.953062
13,0,imagen.jpeg,9,batchnorm,1x96x112x112,27.874027
13,0,imagen.jpeg,10,activacion,1x96x112x112,9.356246
13,0,imagen.jpeg,11,depthwise_conv,1x96x112x112,29.086811
13,0,imagen.jpeg,12,batchnorm,1x96x56x56,6.867938
13,0,imagen.jpeg,13,activacion,1x96x56x56,2.506489
13,0,imagen.jpeg,14,pointwise_conv,1x96x56x56,94.502003
13,0,imagen.jpeg,15,batchnorm,1x24x56x56,1.71156
13,0,imagen.jpeg,16,pointwise_conv,1x24x56x56,88.293442
13,0,imagen.jpeg,17,batchnorm,1x144x56x56,10.456819
13,0,imagen.jpeg,18,activacion,1x144x56x56,3.52312
13,0,imagen.jpeg,19,depthwise_conv,1x144x56x56,41.916826
13,0,imagen.jpeg,20,batchnorm,1x144x56x56,10.296937
13,0,imagen.jpeg,21,activacion,1x144x56x56,3.949015
13,0,imagen.jpeg,22,pointwise_conv,1x144x56x56,199.416274
13,0,imagen.jpeg,23,batchnorm,1x24x56x56,1.713159
13,0,imagen.jpeg,24,layer_add,1x24x56x56,0.774298
13,0,imagen.jpeg,25,pointwise_conv,1x24x56x56,87.725226
13,0,imagen.jpeg,26,batchnorm,1x144x56x56,10.53641
13,0,imagen.jpeg,27,activacion,1x144x56x56,3.853253
13,0,imagen.jpeg,28,depthwise_conv,1x144x56x56,10.660081
13,0,imagen.jpeg,29,batchnorm,1x144x28x28,2.608089
13,0,imagen.jpeg,30,activacion,1x144x28x28,0.90711
13,0,imagen.jpeg,31,pointwise_conv,1x144x28x28,25.58838
13,0,imagen.jpeg,32,batchnorm,1x32x28x28,0.583507
13,0,imagen.jpeg,33,pointwise_conv,1x32x28x28,34.546893
13,0,imagen.jpeg,34,batchnorm,1x192x28x28,3.460449
13,0,imagen.jpeg,35,activacion,1x192x28x28,1.144453
13,0,imagen.jpeg,36,depthwise_conv,1x192x28x28,14.06088
13,0,imagen.jpeg,37,batchnorm,1x192x28x28,3.45881
13,0,imagen.jpeg,38,activacion,1x192x28x28,1.370156
13,0,imagen.jpeg,39,pointwise_conv,1x192x28x28,34.181669
13,0,imagen.jpeg,40,batchnorm,1x32x28x28,0.571357
13,0,imagen.jpeg,41,layer_add,1x32x28x28,0.273364
13,0,imagen.jpeg,42,pointwise_conv,1x32x28x28,34.523123
13,0,imagen.jpeg,43,batchnorm,1x192x28x28,3.461529
13,0,imagen.jpeg,44,activacion,1x192x28x28,1.209313
13,0,imagen.jpeg,45,depthwise_conv,1x192x28x28,13.969389
13,0,imagen.jpeg,46,batchnorm,1x192x28x28,3.435209
13,0,imagen.jpeg,47,activacion,1x192x28x28,1.339886
13,0,imagen.jpeg,48,pointwise_conv,1x192x28x28,34.120487
13,0,imagen.jpeg,49,batchnorm,1x32x28x28,0.576866
13,0,imagen.jpeg,50,layer_add,1x32x28x28,0.274363
13,0,imagen.jpeg,51,pointwise_conv,1x32x28x28,34.487581
13,0,imagen.jpeg,52,batchnorm,1x192x28x28,3.461799
13,0,imagen.jpeg,53,activacion,1x192x28x28,1.279035
13,0,imagen.jpeg,54,depthwise_conv,1x192x28x28,3.671352
13,0,imagen.jpeg,55,batchnorm,1x192x14x14,0.87367
13,0,imagen.jpeg,56,activacion,1x192x14x14,0.277553
13,0,imagen.jpeg,57,pointwise_conv,1x192x14x14,12.609463
13,0,imagen.jpeg,58,batchnorm,1x64x14x14,0.288133
13,0,imagen.jpeg,59,pointwise_conv,1x64x14x14,24.366146
13,0,imagen.jpeg,60,batchnorm,1x384x14x14,1.75926
13,0,imagen.jpeg,61,activacion,1x384x14x14,0.557486
13,0,imagen.jpeg,62,depthwise_conv,1x384x14x14,7.06249
13,0,imagen.jpeg,63,batchnorm,1x384x14x14,1.73296
13,0,imagen.jpeg,64,activacion,1x384x14x14,0.740658
13,0,imagen.jpeg,65,pointwise_conv,1x384x14x14,30.699119
13,0,imagen.jpeg,66,batchnorm,1x64x14x14,0.305483
13,0,imagen.jpeg,67,layer_add,1x64x14x14,0.141201
13,0,imagen.jpeg,68,pointwise_conv,1x64x14x14,24.401957
13,0,imagen.jpeg,69,batchnorm,1x384x14x14,1.75218
13,0,imagen.jpeg,70,activacion,1x384x14x14,0.640688
13,0,imagen.jpeg,71,depthwise_conv,1x384x14x14,7.04384
13,0,imagen.jpeg,72,batchnorm,1x384x14x14,1.74957
13,0,imagen.jpeg,73,activacion,1x384x14x14,0.679548
13,0,imagen.jpeg,74,pointwise_conv,1x384x14x14,30.78955
13,0,imagen.jpeg,75,batchnorm,1x64x14x14,0.288053
13,0,imagen.jpeg,76,layer_add,1x64x14x14,0.137102
13,0,imagen.jpeg,77,pointwise_conv,1x64x14x14,24.298236
13,0,imagen.jpeg,78,batchnorm,1x384x14x14,1.77592
13,0,imagen.jpeg,79,activacion,1x384x14x14,0.662237
13,0,imagen.jpeg,80,depthwise_conv,1x384x14x14,7.0668
13,0,imagen.jpeg,81,batchnorm,1x384x14x14,1.737179
13,0,imagen.jpeg,82,activacion,1x384x14x14,0.666918
13,0,imagen.jpeg,83,pointwise_conv,1x384x14x14,30.769
13,0,imagen.jpeg,84,batchnorm,1x64x14x14,0.291163
13,0,imagen.jpeg,85,layer_add,1x64x14x14,0.139681
13,0,imagen.jpeg,86,pointwise_conv,1x64x14x14,24.355337
13,0,imagen.jpeg,87,batchnorm,1x384x14x14,1.74766
13,0,imagen.jpeg,88,activacion,1x384x14x14,0.627447
13,0,imagen.jpeg,89,depthwise_conv,1x384x14x14,7.07261
13,0,imagen.jpeg,90,batchnorm,1x384x14x14,1.76086
13,0,imagen.jpeg,91,activacion,1x384x14x14,0.643597
13,0,imagen.jpeg,92,pointwise_conv,1x384x14x14,46.026183
13,0,imagen.jpeg,93,batchnorm,1x96x14x14,0.432775
13,0,imagen.jpeg,94,pointwise_conv,1x96x14x14,55.401849
13,0,imagen.jpeg,95,batchnorm,1x576x14x14,2.63662
13,0,imagen.jpeg,96,activacion,1x576x14x14,1.018522
13,0,imagen.jpeg,97,depthwise_conv,1x576x14x14,10.60052
13,0,imagen.jpeg,98,batchnorm,1x576x14x14,2.63671
13,0,imagen.jpeg,99,activacion,1x576x14x14,0.975591
13,0,imagen.jpeg,100,pointwise_conv,1x576x14x14,97.353676
13,0,imagen.jpeg,101,batchnorm,1x96x14x14,0.437115
13,0,imagen.jpeg,102,layer_add,1x96x14x14,0.208732
13,0,imagen.jpeg,103,pointwise_conv,1x96x14x14,55.47148
13,0,imagen.jpeg,104,batchnorm,1x576x14x14,2.65842
13,0,imagen.jpeg,105,activacion,1x576x14x14,0.990051
13,0,imagen.jpeg,106,depthwise_conv,1x576x14x14,10.689732
13,0,imagen.jpeg,107,batchnorm,1x576x14x14,2.64664
13,0,imagen.jpeg,108,activacion,1x576x14x14,0.957101
13,0,imagen.jpeg,109,pointwise_conv,1x576x14x14,97.361186
13,0,imagen.jpeg,110,batchnorm,1x96x14x14,0.457096
13,0,imagen.jpeg,111,layer_add,1x96x14x14,0.206412
13,0,imagen.jpeg,112,pointwise_conv,1x96x14x14,55.377459
13,0,imagen.jpeg,113,batchnorm,1x576x14x14,2.64089
13,0,imagen.jpeg,114,activacion,1x576x14x14,1.034441
13,0,imagen.jpeg,115,depthwise_conv,1x576x14x14,2.769752
13,0,imagen.jpeg,116,batchnorm,1x576x7x7,0.695758
13,0,imagen.jpeg,117,activacion,1x576x7x7,0.203482
13,0,imagen.jpeg,118,pointwise_conv,1x576x7x7,42.735325
13,0,imagen.jpeg,119,batchnorm,1x160x7x7,0.184162
13,0,imagen.jpeg,120,pointwise_conv,1x160x7x7,31.498028
13,0,imagen.jpeg,121,batchnorm,1x960x7x7,1.116953
13,0,imagen.jpeg,122,activacion,1x960x7x7,0.392894
13,0,imagen.jpeg,123,depthwise_conv,1x960x7x7,4.642382
13,0,imagen.jpeg,124,batchnorm,1x960x7x7,1.114942
13,0,imagen.jpeg,125,activacion,1x960x7x7,0.425075
13,0,imagen.jpeg,126,pointwise_conv,1x960x7x7,90.66722
13,0,imagen.jpeg,127,batchnorm,1x160x7x7,0.184612
13,0,imagen.jpeg,128,layer_add,1x160x7x7,0.083071
13,0,imagen.jpeg,129,pointwise_conv,1x160x7x7,31.527938
13,0,imagen.jpeg,130,batchnorm,1x960x7x7,1.113633
13,0,imagen.jpeg,131,activacion,1x960x7x7,0.396375
13,0,imagen.jpeg,132,depthwise_conv,1x960x7x7,4.630752
13,0,imagen.jpeg,133,batchnorm,1x960x7x7,1.094942
13,0,imagen.jpeg,134,activacion,1x960x7x7,0.396834
13,0,imagen.jpeg,135,pointwise_conv,1x960x7x7,90.63323
13,0,imagen.jpeg,136,batchnorm,1x160x7x7,0.186692
13,0,imagen.jpeg,137,layer_add,1x160x7x7,0.086491
13,0,imagen.jpeg,138,pointwise_conv,1x160x7x7,31.510638
13,0,imagen.jpeg,139,batchnorm,1x960x7x7,1.121803
13,0,imagen.jpeg,140,activacion,1x960x7x7,0.404504
13,0,imagen.jpeg,141,depthwise_conv,1x960x7x7,4.706594
13,0,imagen.jpeg,142,batchnorm,1x960x7x7,1.098003
13,0,imagen.jpeg,143,activacion,1x960x7x7,0.317974
13,0,imagen.jpeg,144,pointwise_conv,1x960x7x7,181.229778
13,0,imagen.jpeg,145,batchnorm,1x320x7x7,0.372554
13,0,imagen.jpeg,146,pointwise_conv,1x320x7x7,108.469762
13,0,imagen.jpeg,147,batchnorm,1x1280x7x7,1.500207
13,0,imagen.jpeg,148,activacion,1x1280x7x7,0.572606
13,0,imagen.jpeg,149,pooling,1x1280x7x7,0.263573
13,0,imagen.jpeg,150,linear,1x1280,5.104658
14,0,imagen.jpeg,0,conv2d,1x3x224x224,118.490936
14,0,imagen.jpeg,1,batchnorm,1x32x112x112,9.167145
14,0,imagen.jpeg,2,activacion,1x32x112x112,2.800912
14,0,imagen.jpeg,3,depthwise_conv,1x32x112x112,37.041871
14,0,imagen.jpeg,4,batchnorm,1x32x112x112,9.333786
14,0,imagen.jpeg,5,activacion,1x32x112x112,2.835623
14,0,imagen.jpeg,6,pointwise_conv,1x32x112x112,129.214218
14,0,imagen.jpeg,7,batchnorm,1x16x112x112,4.587212
14,0,imagen.jpeg,8,pointwise_conv,1x16x112x112,172.288566
14,0,imagen.jpeg,9,batchnorm,1x96x112x112,27.659914
14,0,imagen.jpeg,10,activacion,1x96x112x112,9.332926
14,0,imagen.jpeg,11,depthwise_conv,1x96x112x112,29.086761
14,0,imagen.jpeg,12,batchnorm,1x96x56x56,6.883728
14,0,imagen.jpeg,13,activacion,1x96x56x56,2.507678
14,0,imagen.jpeg,14,pointwise_conv,1x96x56x56,95.582085
14,0,imagen.jpeg,15,batchnorm,1x24x56x56,1.709329
14,0,imagen.jpeg,16,pointwise_conv,1x24x56x56,88.468545
14,0,imagen.jpeg,17,batchnorm,1x144x56x56,10.457399
14,0,imagen.jpeg,18,activacion,1x144x56x56,3.4948
14,0,imagen.jpeg,19,depthwise_conv,1x144x56x56,41.933166
14,0,imagen.jpeg,20,batchnorm,1x144x56x56,10.307217
14,0,imagen.jpeg,21,activacion,1x144x56x56,3.955925
14,0,imagen.jpeg,22,pointwise_conv,1x144x56x56,199.157822
14,0,imagen.jpeg,23,batchnorm,1x24x56x56,1.71273
14,0,imagen.jpeg,24,layer_add,1x24x56x56,0.85229
14,0,imagen.jpeg,25,pointwise_conv,1x24x56x56,87.640896
14,0,imagen.jpeg,26,batchnorm,1x144x56x56,10.450109
14,0,imagen.jpeg,27,activacion,1x144x56x56,3.858964
14,0,imagen.jpeg,28,depthwise_conv,1x144x56x56,10.668561
14,0,imagen.jpeg,29,batchnorm,1x144x28x28,2.607099
14,0,imagen.jpeg,30,activacion,1x144x28x28,0.8937
14,0,imagen.jpeg,31,pointwise_conv,1x144x28x28,25.757572
14,0,imagen.jpeg,32,batchnorm,1x32x28x28,0.568447
14,0,imagen.jpeg,33,pointwise_conv,1x32x28x28,34.541282
14,0,imagen.jpeg,34,batchnorm,1x192x28x28,3.547951
14,0,imagen.jpeg,35,activacion,1x192x28x28,1.130193
14,0,imagen.jpeg,36,depthwise_conv,1x192x28x28,14.06242
14,0,imagen.jpeg,37,batchnorm,1x192x28x28,3.425699
14,0,imagen.jpeg,38,activacion,1x192x28x28,1.341196
14,0,imagen.jpeg,39,pointwise_conv,1x192x28x28,34.101887
14,0,imagen.jpeg,40,batchnorm,1x32x28x28,0.571227
14,0,imagen.jpeg,41,layer_add,1x32x28x28,0.275513
14,0,imagen.jpeg,42,pointwise_conv,1x32x28x28,34.544212
14,0,imagen.jpeg,43,batchnorm,1x192x28x28,3.477259
14,0,imagen.jpeg,44,activacion,1x192x28x28,1.181844
14,0,imagen.jpeg,45,depthwise_conv,1x192x28x28,14.09837
14,0,imagen.jpeg,46,batchnorm,1x192x28x28,3.416459
14,0,imagen.jpeg,47,activacion,1x192x28x28,1.366956
14,0,imagen.jpeg,48,pointwise_conv,1x192x28x28,34.062137
14,0,imagen.jpeg,49,batchnorm,1x32x28x28,0.603197
14,0,imagen.jpeg,50,layer_add,1x32x28x28,0.262653
14,0,imagen.jpeg,51,pointwise_conv,1x32x28x28,34.541442
14,0,imagen.jpeg,52,batchnorm,1x192x28x28,3.456429
14,0,imagen.jpeg,53,activacion,1x192x28x28,1.283255
14,0,imagen.jpeg,54,depthwise_conv,1x192x28x28,3.715122
14,0,imagen.jpeg,55,batchnorm,1x192x14x14,0.87437
14,0,imagen.jpeg,56,activacion,1x192x14x14,0.277673
14,0,imagen.jpeg,57,pointwise_conv,1x192x14x14,12.688155
14,0,imagen.jpeg,58,batchnorm,1x64x14x14,0.289143
14,0,imagen.jpeg,59,pointwise_conv,1x64x14x14,24.293196
14,0,imagen.jpeg,60,batchnorm,1x384x14x14,1.75106
14,0,imagen.jpeg,61,activacion,1x384x14x14,0.558957
14,0,imagen.jpeg,62,depthwise_conv,1x384x14x14,7.075071
14,0,imagen.jpeg,63,batchnorm,1x384x14x14,1.75416
14,0,imagen.jpeg,64,activacion,1x384x14x14,0.688378
14,0,imagen.jpeg,65,pointwise_conv,1x384x14x14,30.773779
14,0,imagen.jpeg,66,batchnorm,1x64x14x14,0.288443
14,0,imagen.jpeg,67,layer_add,1x64x14x14,0.137081
14,0,imagen.jpeg,68,pointwise_conv,1x64x14x14,24.292316
14,0,imagen.jpeg,69,batchnorm,1x384x14x14,1.767471
14,0,imagen.jpeg,70,activacion,1x384x14x14,0.629147
14,0,imagen.jpeg,71,depthwise_conv,1x384x14x14,7.133941
14,0,imagen.jpeg,72,batchnorm,1x384x14x14,1.73514
14,0,imagen.jpeg,73,activacion,1x384x14x14,0.673957
14,0,imagen.jpeg,74,pointwise_conv,1x384x14x14,30.81152
14,0,imagen.jpeg,75,batchnorm,1x64x14x14,0.290403
14,0,imagen.jpeg,76,layer_add,1x64x14x14,0.138182
14,0,imagen.jpeg,77,pointwise_conv,1x64x14x14,24.291356
14,0,imagen.jpeg,78,batchnorm,1x384x14x14,1.75583
14,0,imagen.jpeg,79,activacion,1x384x14x14,0.680817
14,0,imagen.jpeg,80,depthwise_conv,1x384x14x14,7.06796
14,0,imagen.jpeg,81,batchnorm,1x384x14x14,1.75754
14,0,imagen.jpeg,82,activacion,1x384x14x14,0.641558
14,0,imagen.jpeg,83,pointwise_conv,1x384x14x14,30.8095
14,0,imagen.jpeg,84,batchnorm,1x64x14x14,0.288163
14,0,imagen.jpeg,85,layer_add,1x64x14x14,0.136542
14,0,imagen.jpeg,86,pointwise_conv,1x64x14x14,24.297926
14,0,imagen.jpeg,87,batchnorm,1x384x14x14,1.76355
14,0,imagen.jpeg,88,activacion,1x384x14x14,0.663968
14,0,imagen.jpeg,89,depthwise_conv,1x384x14x14,7.05673
14,0,imagen.jpeg,90,batchnorm,1x384x14x14,1.740509
14,0,imagen.jpeg,91,activacion,1x384x14x14,0.648397
14,0,imagen.jpeg,92,pointwise_conv,1x384x14x14,46.159854
14,0,imagen.jpeg,93,batchnorm,1x96x14x14,0.433835
14,0,imagen.jpeg,94,pointwise_conv,1x96x14x14,55.408779
14,0,imagen.jpeg,95,batchnorm,1x576x14x14,2.659851
14,0,imagen.jpeg,96,activacion,1x576x14x14,0.980761
14,0,imagen.jpeg,97,depthwise_conv,1x576x14x14,10.640221
14,0,imagen.jpeg,98,batchnorm,1x576x14x14,2.6276
14,0,imagen.jpeg,99,activacion,1x576x14x14,1.034522
14,0,imagen.jpeg,100,pointwise_conv,1x576x14x14,97.514318
14,0,imagen.jpeg,101,batchnorm,1x96x14x14,0.436985
14,0,imagen.jpeg,102,layer_add,1x96x14x14,0.235043
14,0,imagen.jpeg,103,pointwise_conv,1x96x14x14,55.52043
14,0,imagen.jpeg,104,batchnorm,1x576x14x14,2.63456
14,0,imagen.jpeg,105,activacion,1x576x14x14,1.050422
14,0,imagen.jpeg,106,depthwise_conv,1x576x14x14,10.600821
14,0,imagen.jpeg,107,batchnorm,1x576x14x14,2.63321
14,0,imagen.jpeg,108,activacion,1x576x14x14,0.945291
14,0,imagen.jpeg,109,pointwise_conv,1x576x14x14,97.422916
14,0,imagen.jpeg,110,batchnorm,1x96x14x14,0.436705
14,0,imagen.jpeg,111,layer_add,1x96x14x14,0.205403
14,0,imagen.jpeg,112,pointwise_conv,1x96x14x14,55.386739
14,0,imagen.jpeg,113,batchnorm,1x576x14x14,2.65753
14,0,imagen.jpeg,114,activacion,1x576x14x14,0.981111
14,0,imagen.jpeg,115,depthwise_conv,1x576x14x14,2.804372
14,0,imagen.jpeg,116,batchnorm,1x576x7x7,0.661348
14,0,imagen.jpeg,117,activacion,1x576x7x7,0.204002
14,0,imagen.jpeg,118,pointwise_conv,1x576x7x7,42.811867
14,0,imagen.jpeg,119,batchnorm,1x160x7x7,0.185342
14,0,imagen.jpeg,120,pointwise_conv,1x160x7x7,31.510668
14,0,imagen.jpeg,121,batchnorm,1x960x7x7,1.115113
14,0,imagen.jpeg,122,activacion,1x960x7x7,0.414844
14,0,imagen.jpeg,123,depthwise_conv,1x960x7x7,4.614543
14,0,imagen.jpeg,124,batchnorm,1x960x7x7,1.095173
14,0,imagen.jpeg,125,activacion,1x960x7x7,0.404645
14,0,imagen.jpeg,126,pointwise_conv,1x960x7x7,90.75103
14,0,imagen.jpeg,127,batchnorm,1x160x7x7,0.185122
14,0,imagen.jpeg,128,layer_add,1x160x7x7,0.088651
14,0,imagen.jpeg,129,pointwise_conv,1x160x7x7,31.525828
14,0,imagen.jpeg,130,batchnorm,1x960x7x7,1.129633
14,0,imagen.jpeg,131,activacion,1x960x7x7,0.398654
14,0,imagen.jpeg,132,depthwise_conv,1x960x7x7,4.610122
14,0,imagen.jpeg,133,batchnorm,1x960x7x7,1.094192
14,0,imagen.jpeg,134,activacion,1x960x7x7,0.396105
14,0,imagen.jpeg,135,pointwise_conv,1x960x7x7,90.879672
14,0,imagen.jpeg,136,batchnorm,1x160x7x7,0.188093
14,0,imagen.jpeg,137,layer_add,1x160x7x7,0.086001
14,0,imagen.jpeg,138,pointwise_conv,1x160x7x7,31.61688
14,0,imagen.jpeg,139,batchnorm,1x960x7x7,1.178303
14,0,imagen.jpeg,140,activacion,1x960x7x7,0.398024
14,0,imagen.jpeg,141,depthwise_conv,1x960x7x7,4.667213
14,0,imagen.jpeg,142,batchnorm,1x960x7x7,1.135523
14,0,imagen.jpeg,143,activacion,1x960x7x7,0.317893
14,0,imagen.jpeg,144,pointwise_conv,1x960x7x7,181.500502
14,0,imagen.jpeg,145,batchnorm,1x320x7x7,0.374644
14,0,imagen.jpeg,146,pointwise_conv,1x320x7x7,108.623463
14,0,imagen.jpeg,147,batchnorm,1x1280x7x7,1.495237
14,0,imagen.jpeg,148,activacion,1x1280x7x7,0.543496
14,0,imagen.jpeg,149,pooling,1x1280x7x7,0.263473
14,0,imagen.jpeg,150,linear,1x1280,5.172139
15,0,imagen.jpeg,0,conv2d,1x3x224x224,115.33924
15,0,imagen.jpeg,1,batchnorm,1x32x112x112,9.168904
15,0,imagen.jpeg,2,activacion,1x32x112x112,2.808721
15,0,imagen.jpeg,3,depthwise_conv,1x32x112x112,37.140582
15,0,imagen.jpeg,4,batchnorm,1x32x112x112,9.237255
15,0,imagen.jpeg,5,activacion,1x32x112x112,2.841222
15,0,imagen.jpeg,6,pointwise_conv,1x32x112x112,129.050376
15,0,imagen.jpeg,7,batchnorm,1x16x112x112,4.598983
15,0,imagen.jpeg,8,pointwise_conv,1x16x112x112,171.254995
15,0,imagen.jpeg,9,batchnorm,1x96x112x112,27.745815
15,0,imagen.jpeg,10,activacion,1x96x112x112,9.354936
15,0,imagen.jpeg,11,depthwise_conv,1x96x112x112,29.097261
15,0,imagen.jpeg,12,batchnorm,1x96x56x56,6.878999
15,0,imagen.jpeg,13,activacion,1x96x56x56,2.510039
15,0,imagen.jpeg,14,pointwise_conv,1x96x56x56,95.775988
15,0,imagen.jpeg,15,batchnorm,1x24x56x56,1.70595
15,0,imagen.jpeg,16,pointwise_conv,1x24x56x56,88.355724
15,0,imagen.jpeg,17,batchnorm,1x144x56x56,10.446598
15,0,imagen.jpeg,18,activacion,1x144x56x56,3.56778
15,0,imagen.jpeg,19,depthwise_conv,1x144x56x56,41.924116
15,0,imagen.jpeg,20,batchnorm,1x144x56x56,10.305257
15,0,imagen.jpeg,21,activacion,1x144x56x56,3.965145
15,0,imagen.jpeg,22,pointwise_conv,1x144x56x56,199.556256
15,0,imagen.jpeg,23,batchnorm,1x24x56x56,1.713829
15,0,imagen.jpeg,24,layer_add,1x24x56x56,0.763088
15,0,imagen.jpeg,25,pointwise_conv,1x24x56x56,87.736247
15,0,imagen.jpeg,26,batchnorm,1x144x56x56,10.446588
15,0,imagen.jpeg,27,activacion,1x144x56x56,3.875814
15,0,imagen.jpeg,28,depthwise_conv,1x144x56x56,10.688371
15,0,imagen.jpeg,29,batchnorm,1x144x28x28,2.601769
15,0,imagen.jpeg,30,activacion,1x144x28x28,0.903851
15,0,imagen.jpeg,31,pointwise_conv,1x144x28x28,25.621501
15,0,imagen.jpeg,32,batchnorm,1x32x28x28,0.569327
15,0,imagen.jpeg,33,pointwise_conv,1x32x28x28,34.632603
15,0,imagen.jpeg,34,batchnorm,1x192x28x28,3.442799
15,0,imagen.jpeg,35,activacion,1x192x28x28,1.147103
15,0,imagen.jpeg,36,depthwise_conv,1x192x28x28,13.969648
15,0,imagen.jpeg,37,batchnorm,1x192x28x28,3.439169
15,0,imagen.jpeg,38,activacion,1x192x28x28,1.385036
15,0,imagen.jpeg,39,pointwise_conv,1x192x28x28,34.086227
15,0,imagen.jpeg,40,batchnorm,1x32x28x28,0.599506
15,0,imagen.jpeg,41,layer_add,1x32x28x28,0.273963
15,0,imagen.jpeg,42,pointwise_conv,1x32x28x28,34.517532
15,0,imagen.jpeg,43,batchnorm,1x192x28x28,3.5451
15,0,imagen.jpeg,44,activacion,1x192x28x28,1.206444
15,0,imagen.jpeg,45,depthwise_conv,1x192x28x28,13.996739
15,0,imagen.jpeg,46,batchnorm,1x192x28x28,3.442019
15,0,imagen.jpeg,47,activacion,1x192x28x28,1.388445
15,0,imagen.jpeg,48,pointwise_conv,1x192x28x28,34.279209
15,0,imagen.jpeg,49,batchnorm,1x32x28x28,0.574737
15,0,imagen.jpeg,50,layer_add,1x32x28x28,0.266863
15,0,imagen.jpeg,51,pointwise_conv,1x32x28x28,34.491151
15,0,imagen.jpeg,52,batchnorm,1x192x28x28,3.458179
15,0,imagen.jpeg,53,activacion,1x192x28x28,1.285735
15,0,imagen.jpeg,54,depthwise_conv,1x192x28x28,3.693452
15,0,imagen.jpeg,55,batchnorm,1x192x14x14,0.87548
15,0,imagen.jpeg,56,activacion,1x192x14x14,0.276853
15,0,imagen.jpeg,57,pointwise_conv,1x192x14x14,12.617243
15,0,imagen.jpeg,58,batchnorm,1x64x14x14,0.288043
15,0,imagen.jpeg,59,pointwise_conv,1x64x14x14,24.312966
15,0,imagen.jpeg,60,batchnorm,1x384x14x14,1.7594
15,0,imagen.jpeg,61,activacion,1x384x14x14,0.556987
15,0,imagen.jpeg,62,depthwise_conv,1x384x14x14,7.076841
15,0,imagen.jpeg,63,batchnorm,1x384x14x14,1.75415
15,0,imagen.jpeg,64,activacion,1x384x14x14,0.700928
15,0,imagen.jpeg,65,pointwise_conv,1x384x14x14,30.707969
15,0,imagen.jpeg,66,batchnorm,1x64x14x14,0.289983
15,0,imagen.jpeg,67,layer_add,1x64x14x14,0.140672
15,0,imagen.jpeg,68,pointwise_conv,1x64x14x14,24.345977
15,0,imagen.jpeg,69,batchnorm,1x384x14x14,1.748749
15,0,imagen.jpeg,70,activacion,1x384x14x14,0.640497
15,0,imagen.jpeg,71,depthwise_conv,1x384x14x14,7.04429
15,0,imagen.jpeg,72,batchnorm,1x384x14x14,1.74801
15,0,imagen.jpeg,73,activacion,1x384x14x14,0.677458
15,0,imagen.jpeg,74,pointwise_conv,1x384x14x14,30.773069
15,0,imagen.jpeg,75,batchnorm,1x64x14x14,0.289253
15,0,imagen.jpeg,76,layer_add,1x64x14x14,0.140231
15,0,imagen.jpeg,77,pointwise_conv,1x64x14x14,24.339427
15,0,imagen.jpeg,78,batchnorm,1x384x14x14,1.77446
15,0,imagen.jpeg,79,activacion,1x384x14x14,0.666798
15,0,imagen.jpeg,80,depthwise_conv,1x384x14x14,7.05483
15,0,imagen.jpeg,81,batchnorm,1x384x14x14,1.73632
15,0,imagen.jpeg,82,activacion,1x384x14x14,0.684698
15,0,imagen.jpeg,83,pointwise_conv,1x384x14x14,30.787309
15,0,imagen.jpeg,84,batchnorm,1x64x14x14,0.289283
15,0,imagen.jpeg,85,layer_add,1x64x14x14,0.139151
15,0,imagen.jpeg,86,pointwise_conv,1x64x14x14,24.277246
15,0,imagen.jpeg,87,batchnorm,1x384x14x14,1.74788
15,0,imagen.jpeg,88,activacion,1x384x14x14,0.636877
15,0,imagen.jpeg,89,depthwise_conv,1x384x14x14,7.129851
15,0,imagen.jpeg,90,batchnorm,1x384x14x14,1.75829
15,0,imagen.jpeg,91,activacion,1x384x14x14,0.656207
15,0,imagen.jpeg,92,pointwise_conv,1x384x14x14,46.062113
15,0,imagen.jpeg,93,batchnorm,1x96x14x14,0.431735
15,0,imagen.jpeg,94,pointwise_conv,1x96x14x14,55.397129
15,0,imagen.jpeg,95,batchnorm,1x576x14x14,2.629579
15,0,imagen.jpeg,96,activacion,1x576x14x14,1.052412
15,0,imagen.jpeg,97,depthwise_conv,1x576x14x14,10.59668
15,0,imagen.jpeg,98,batchnorm,1x576x14x14,2.63015
15,0,imagen.jpeg,99,activacion,1x576x14x14,0.981191
15,0,imagen.jpeg,100,pointwise_conv,1x576x14x14,97.608589
15,0,imagen.jpeg,101,batchnorm,1x96x14x14,0.436925
15,0,imagen.jpeg,102,layer_add,1x96x14x14,0.206063
15,0,imagen.jpeg,103,pointwise_conv,1x96x14x14,55.583061
15,0,imagen.jpeg,104,batchnorm,1x576x14x14,2.65072
15,0,imagen.jpeg,105,activacion,1x576x14x14,0.982412
15,0,imagen.jpeg,106,depthwise_conv,1x576x14x14,10.618221
15,0,imagen.jpeg,107,batchnorm,1x576x14x14,2.64267
15,0,imagen.jpeg,108,activacion,1x576x14x14,0.945821
15,0,imagen.jpeg,109,pointwise_conv,1x576x14x14,97.402256
15,0,imagen.jpeg,110,batchnorm,1x96x14x14,0.434315
15,0,imagen.jpeg,111,layer_add,1x96x14x14,0.207693
15,0,imagen.jpeg,112,pointwise_conv,1x96x14x14,55.328219
15,0,imagen.jpeg,113,batchnorm,1x576x14x14,2.66706
15,0,imagen.jpeg,114,activacion,1x576x14x14,0.974561
15,0,imagen.jpeg,115,depthwise_conv,1x576x14x14,2.809422
15,0,imagen.jpeg,116,batchnorm,1x576x7x7,0.665507
15,0,imagen.jpeg,117,activacion,1x576x7x7,0.204232
15,0,imagen.jpeg,118,pointwise_conv,1x576x7x7,42.770606
15,0,imagen.jpeg,119,batchnorm,1x160x7x7,0.183932
15,0,imagen.jpeg,120,pointwise_conv,1x160x7x7,31.493327
15,0,imagen.jpeg,121,batchnorm,1x960x7x7,1.112802
15,0,imagen.jpeg,122,activacion,1x960x7x7,0.412885
15,0,imagen.jpeg,123,depthwise_conv,1x960x7x7,4.641342
15,0,imagen.jpeg,124,batchnorm,1x960x7x7,1.095543
15,0,imagen.jpeg,125,activacion,1x960x7x7,0.404255
15,0,imagen.jpeg,126,pointwise_conv,1x960x7x7,91.57576
15,0,imagen.jpeg,127,batchnorm,1x160x7x7,0.187032
15,0,imagen.jpeg,128,layer_add,1x160x7x7,0.083371
15,0,imagen.jpeg,129,pointwise_conv,1x160x7x7,31.562319
15,0,imagen.jpeg,130,batchnorm,1x960x7x7,1.143563
15,0,imagen.jpeg,131,activacion,1x960x7x7,0.397064
15,0,imagen.jpeg,132,depthwise_conv,1x960x7x7,4.675853
15,0,imagen.jpeg,133,batchnorm,1x960x7x7,1.097232
15,0,imagen.jpeg,134,activacion,1x960x7x7,0.396454
15,0,imagen.jpeg,135,pointwise_conv,1x960x7x7,90.751411
15,0,imagen.jpeg,136,batchnorm,1x160x7x7,0.186342
15,0,imagen.jpeg,137,layer_add,1x160x7x7,0.086551
15,0,imagen.jpeg,138,pointwise_conv,1x160x7x7,31.603699
15,0,imagen.jpeg,139,batchnorm,1x960x7x7,1.130703
15,0,imagen.jpeg,140,activacion,1x960x7x7,0.391675
15,0,imagen.jpeg,141,depthwise_conv,1x960x7x7,4.600133
15,0,imagen.jpeg,142,batchnorm,1x960x7x7,1.094192
15,0,imagen.jpeg,143,activacion,1x960x7x7,0.336934
15,0,imagen.jpeg,144,pointwise_conv,1x960x7x7,181.650203
15,0,imagen.jpeg,145,batchnorm,1x320x7x7,0.373714
15,0,imagen.jpeg,146,pointwise_conv,1x320x7x7,108.593073
15,0,imagen.jpeg,147,batchnorm,1x1280x7x7,1.498447
15,0,imagen.jpeg,148,activacion,1x1280x7x7,0.541646
15,0,imagen.jpeg,149,pooling,1x1280x7x7,0.263313
15,0,imagen.jpeg,150,linear,1x1280,5.134798
16,0,imagen.jpeg,0,conv2d,1x3x224x224,114.975416
16,0,imagen.jpeg,1,batchnorm,1x32x112x112,9.165894
16,0,imagen.jpeg,2,activacion,1x32x112x112,2.797862
16,0,imagen.jpeg,3,depthwise_conv,1x32x112x112,37.116672
16,0,imagen.jpeg,4,batchnorm,1x32x112x112,9.232144
16,0,imagen.jpeg,5,activacion,1x32x112x112,2.800832
16,0,imagen.jpeg,6,pointwise_conv,1x32x112x112,129.788554
16,0,imagen.jpeg,7,batchnorm,1x16x112x112,4.588682
16,0,imagen.jpeg,8,pointwise_conv,1x16x112x112,170.433505
16,0,imagen.jpeg,9,batchnorm,1x96x112x112,27.678775
16,0,imagen.jpeg,10,activacion,1x96x112x112,9.337686
16,0,imagen.jpeg,11,depthwise_conv,1x96x112x112,29.103811
16,0,imagen.jpeg,12,batchnorm,1x96x56x56,6.886758
16,0,imagen.jpeg,13,activacion,1x96x56x56,2.477438
16,0,imagen.jpeg,14,pointwise_conv,1x96x56x56,94.627285
16,0,imagen.jpeg,15,batchnorm,1x24x56x56,1.76035
16,0,imagen.jpeg,16,pointwise_conv,1x24x56x56,88.307443
16,0,imagen.jpeg,17,batchnorm,1x144x56x56,10.470609
16,0,imagen.jpeg,18,activacion,1x144x56x56,3.52932
16,0,imagen.jpeg,19,depthwise_conv,1x144x56x56,41.886096
16,0,imagen.jpeg,20,batchnorm,1x144x56x56,10.334257
16,0,imagen.jpeg,21,activacion,1x144x56x56,3.989985
16,0,imagen.jpeg,22,pointwise_conv,1x144x56x56,199.293463
16,0,imagen.jpeg,23,batchnorm,1x24x56x56,1.712249
16,0,imagen.jpeg,24,layer_add,1x24x56x56,0.80116
16,0,imagen.jpeg,25,pointwise_conv,1x24x56x56,87.825947
16,0,imagen.jpeg,26,batchnorm,1x144x56x56,10.444399
16,0,imagen.jpeg,27,activacion,1x144x56x56,3.947475
16,0,imagen.jpeg,28,depthwise_conv,1x144x56x56,10.63466
16,0,imagen.jpeg,29,batchnorm,1x144x28x28,2.59692
16,0,imagen.jpeg,30,activacion,1x144x28x28,0.90556
16,0,imagen.jpeg,31,pointwise_conv,1x144x28x28,25.729532
16,0,imagen.jpeg,32,batchnorm,1x32x28x28,0.566816
16,0,imagen.jpeg,33,pointwise_conv,1x32x28x28,34.625874
16,0,imagen.jpeg,34,batchnorm,1x192x28x28,3.46694
16,0,imagen.jpeg,35,activacion,1x192x28x28,1.115243
16,0,imagen.jpeg,36,depthwise_conv,1x192x28x28,13.997849
16,0,imagen.jpeg,37,batchnorm,1x192x28x28,3.465099
16,0,imagen.jpeg,38,activacion,1x192x28x28,1.340495
16,0,imagen.jpeg,39,pointwise_conv,1x192x28x28,34.100967
16,0,imagen.jpeg,40,batchnorm,1x32x28x28,0.574246
16,0,imagen.jpeg,41,layer_add,1x32x28x28,0.270624
16,0,imagen.jpeg,42,pointwise_conv,1x32x28x28,34.652834
16,0,imagen.jpeg,43,batchnorm,1x192x28x28,3.47582
16,0,imagen.jpeg,44,activacion,1x192x28x28,1.181594
16,0,imagen.jpeg,45,depthwise_conv,1x192x28x28,14.015149
16,0,imagen.jpeg,46,batchnorm,1x192x28x28,3.454559
16,0,imagen.jpeg,47,activacion,1x192x28x28,1.341455
16,0,imagen.jpeg,48,pointwise_conv,1x192x28x28,33.995196
16,0,imagen.jpeg,49,batchnorm,1x32x28x28,0.575157
16,0,imagen.jpeg,50,layer_add,1x32x28x28,0.270583
16,0,imagen.jpeg,51,pointwise_conv,1x32x28x28,34.573273
16,0,imagen.jpeg,52,batchnorm,1x192x28x28,3.469239
16,0,imagen.jpeg,53,activacion,1x192x28x28,1.255844
16,0,imagen.jpeg,54,depthwise_conv,1x192x28x28,3.666311
16,0,imagen.jpeg,55,batchnorm,1x192x14x14,0.87267
16,0,imagen.jpeg,56,activacion,1x192x14x14,0.276544
16,0,imagen.jpeg,57,pointwise_conv,1x192x14x14,12.628093
16,0,imagen.jpeg,58,batchnorm,1x64x14x14,0.288494
16,0,imagen.jpeg,59,pointwise_conv,1x64x14x14,24.295795
16,0,imagen.jpeg,60,batchnorm,1x384x14x14,1.75645
16,0,imagen.jpeg,61,activacion,1x384x14x14,0.586326
16,0,imagen.jpeg,62,depthwise_conv,1x384x14x14,7.05169
16,0,imagen.jpeg,63,batchnorm,1x384x14x14,1.753359
16,0,imagen.jpeg,64,activacion,1x384x14x14,0.667968
16,0,imagen.jpeg,65,pointwise_conv,1x384x14x14,30.81721
16,0,imagen.jpeg,66,batchnorm,1x64x14x14,0.288214
16,0,imagen.jpeg,67,layer_add,1x64x14x14,0.137411
16,0,imagen.jpeg,68,pointwise_conv,1x64x14x14,24.353576
16,0,imagen.jpeg,69,batchnorm,1x384x14x14,1.77582
16,0,imagen.jpeg,70,activacion,1x384x14x14,0.615917
16,0,imagen.jpeg,71,depthwise_conv,1x384x14x14,7.071271
16,0,imagen.jpeg,72,batchnorm,1x384x14x14,1.73443
16,0,imagen.jpeg,73,activacion,1x384x14x14,0.673688
16,0,imagen.jpeg,74,pointwise_conv,1x384x14x14,30.692558
16,0,imagen.jpeg,75,batchnorm,1x64x14x14,0.289574
16,0,imagen.jpeg,76,layer_add,1x64x14x14,0.131431
16,0,imagen.jpeg,77,pointwise_conv,1x64x14x14,24.280666
16,0,imagen.jpeg,78,batchnorm,1x384x14x14,1.74564
16,0,imagen.jpeg,79,activacion,1x384x14x14,0.645827
16,0,imagen.jpeg,80,depthwise_conv,1x384x14x14,7.140461
16,0,imagen.jpeg,81,batchnorm,1x384x14x14,1.76411
16,0,imagen.jpeg,82,activacion,1x384x14x14,0.641927
16,0,imagen.jpeg,83,pointwise_conv,1x384x14x14,30.896321
16,0,imagen.jpeg,84,batchnorm,1x64x14x14,0.288743
16,0,imagen.jpeg,85,layer_add,1x64x14x14,0.139411
16,0,imagen.jpeg,86,pointwise_conv,1x64x14x14,24.290196
16,0,imagen.jpeg,87,batchnorm,1x384x14x14,1.76762
16,0,imagen.jpeg,88,activacion,1x384x14x14,0.632508
16,0,imagen.jpeg,89,depthwise_conv,1x384x14x14,7.05642
16,0,imagen.jpeg,90,batchnorm,1x384x14x14,1.74077
16,0,imagen.jpeg,91,activacion,1x384x14x14,0.643208
16,0,imagen.jpeg,92,pointwise_conv,1x384x14x14,46.198805
16,0,imagen.jpeg,93,batchnorm,1x96x14x14,0.432715
16,0,imagen.jpeg,94,pointwise_conv,1x96x14x14,55.334179
16,0,imagen.jpeg,95,batchnorm,1x576x14x14,2.67037
16,0,imagen.jpeg,96,activacion,1x576x14x14,0.969121
16,0,imagen.jpeg,97,depthwise_conv,1x576x14x14,10.627531
16,0,imagen.jpeg,98,batchnorm,1x576x14x14,2.652331
16,0,imagen.jpeg,99,activacion,1x576x14x14,0.966631
16,0,imagen.jpeg,100,pointwise_conv,1x576x14x14,97.529058
16,0,imagen.jpeg,101,batchnorm,1x96x14x14,0.460266
16,0,imagen.jpeg,102,layer_add,1x96x14x14,0.210332
16,0,imagen.jpeg,103,pointwise_conv,1x96x14x14,55.532511
16,0,imagen.jpeg,104,batchnorm,1x576x14x14,2.6313
16,0,imagen.jpeg,105,activacion,1x576x14x14,1.029372
16,0,imagen.jpeg,106,depthwise_conv,1x576x14x14,10.60174
16,0,imagen.jpeg,107,batchnorm,1x576x14x14,2.620059
16,0,imagen.jpeg,108,activacion,1x576x14x14,0.94395
16,0,imagen.jpeg,109,pointwise_conv,1x576x14x14,97.474517
16,0,imagen.jpeg,110,batchnorm,1x96x14x14,0.438545
16,0,imagen.jpeg,111,layer_add,1x96x14x14,0.205742
16,0,imagen.jpeg,112,pointwise_conv,1x96x14x14,55.378379
16,0,imagen.jpeg,113,batchnorm,1x576x14x14,2.663361
16,0,imagen.jpeg,114,activacion,1x576x14x14,0.977261
16,0,imagen.jpeg,115,depthwise_conv,1x576x14x14,2.863342
16,0,imagen.jpeg,116,batchnorm,1x576x7x7,0.663838
16,0,imagen.jpeg,117,activacion,1x576x7x7,0.201832
16,0,imagen.jpeg,118,pointwise_conv,1x576x7x7,42.653134
16,0,imagen.jpeg,119,batchnorm,1x160x7x7,0.183922
16,0,imagen.jpeg,120,pointwise_conv,1x160x7x7,31.515758
16,0,imagen.jpeg,121,batchnorm,1x960x7x7,1.138113
16,0,imagen.jpeg,122,activacion,1x960x7x7,0.391025
16,0,imagen.jpeg,123,depthwise_conv,1x960x7x7,4.627573
16,0,imagen.jpeg,124,batchnorm,1x960x7x7,1.094273
16,0,imagen.jpeg,125,activacion,1x960x7x7,0.405145
16,0,imagen.jpeg,126,pointwise_conv,1x960x7x7,90.632459
16,0,imagen.jpeg,127,batchnorm,1x160x7x7,0.185642
16,0,imagen.jpeg,128,layer_add,1x160x7x7,0.088141
16,0,imagen.jpeg,129,pointwise_conv,1x160x7x7,31.598128
16,0,imagen.jpeg,130,batchnorm,1x960x7x7,1.136873
16,0,imagen.jpeg,131,activacion,1x960x7x7,0.395554
16,0,imagen.jpeg,132,depthwise_conv,1x960x7x7,4.623323
16,0,imagen.jpeg,133,batchnorm,1x960x7x7,1.093553
16,0,imagen.jpeg,134,activacion,1x960x7x7,0.427845
16,0,imagen.jpeg,135,pointwise_conv,1x960x7x7,90.504028
16,0,imagen.jpeg,136,batchnorm,1x160x7x7,0.188142
16,0,imagen.jpeg,137,layer_add,1x160x7x7,0.169632
16,0,imagen.jpeg,138,pointwise_conv,1x160x7x7,31.495908
16,0,imagen.jpeg,139,batchnorm,1x960x7x7,1.116642
16,0,imagen.jpeg,140,activacion,1x960x7x7,0.395454
16,0,imagen.jpeg,141,depthwise_conv,1x960x7x7,4.624893
16,0,imagen.jpeg,142,batchnorm,1x960x7x7,1.113243
16,0,imagen.jpeg,143,activacion,1x960x7x7,0.315694
16,0,imagen.jpeg,144,pointwise_conv,1x960x7x7,181.40161
16,0,imagen.jpeg,145,batchnorm,1x320x7x7,0.375834
16,0,imagen.jpeg,146,pointwise_conv,1x320x7x7,108.554163
16,0,imagen.jpeg,147,batchnorm,1x1280x7x7,1.502757
16,0,imagen.jpeg,148,activacion,1x1280x7x7,0.555976
16,0,imagen.jpeg,149,pooling,1x1280x7x7,0.263233
16,0,imagen.jpeg,150,linear,1x1280,5.134628
17,0,imagen.jpeg,0,conv2d,1x3x224x224,114.702733
17,0,imagen.jpeg,1,batchnorm,1x32x112x112,9.163124
17,0,imagen.jpeg,2,activacion,1x32x112x112,2.804012
17,0,imagen.jpeg,3,depthwise_conv,1x32x112x112,37.131011
17,0,imagen.jpeg,4,batchnorm,1x32x112x112,9.224595
17,0,imagen.jpeg,5,activacion,1x32x112x112,2.800312
17,0,imagen.jpeg,6,pointwise_conv,1x32x112x112,129.874325
17,0,imagen.jpeg,7,batchnorm,1x16x112x112,4.585862
17,0,imagen.jpeg,8,pointwise_conv,1x16x112x112,170.957232
17,0,imagen.jpeg,9,batchnorm,1x96x112x112,27.675904
17,0,imagen.jpeg,10,activacion,1x96x112x112,9.522368
17,0,imagen.jpeg,11,depthwise_conv,1x96x112x112,29.088371
17,0,imagen.jpeg,12,batchnorm,1x96x56x56,6.96775
17,0,imagen.jpeg,13,activacion,1x96x56x56,2.505579
17,0,imagen.jpeg,14,pointwise_conv,1x96x56x56,93.792055
17,0,imagen.jpeg,15,batchnorm,1x24x56x56,1.842101
17,0,imagen.jpeg,16,pointwise_conv,1x24x56x56,88.254742
17,0,imagen.jpeg,17,batchnorm,1x144x56x56,10.492229
17,0,imagen.jpeg,18,activacion,1x144x56x56,3.603271
17,0,imagen.jpeg,19,depthwise_conv,1x144x56x56,41.903266
17,0,imagen.jpeg,20,batchnorm,1x144x56x56,10.295717
17,0,imagen.jpeg,21,activacion,1x144x56x56,3.947135
17,0,imagen.jpeg,22,pointwise_conv,1x144x56x56,199.424345
17,0,imagen.jpeg,23,batchnorm,1x24x56x56,1.719649
17,0,imagen.jpeg,24,layer_add,1x24x56x56,0.766529
17,0,imagen.jpeg,25,pointwise_conv,1x24x56x56,87.803467
17,0,imagen.jpeg,26,batchnorm,1x144x56x56,10.459369
17,0,imagen.jpeg,27,activacion,1x144x56x56,3.857394
17,0,imagen.jpeg,28,depthwise_conv,1x144x56x56,10.62952
17,0,imagen.jpeg,29,batchnorm,1x144x28x28,2.60536
17,0,imagen.jpeg,30,activacion,1x144x28x28,0.89771
17,0,imagen.jpeg,31,pointwise_conv,1x144x28x28,25.656461
17,0,imagen.jpeg,32,batchnorm,1x32x28x28,0.566926
17,0,imagen.jpeg,33,pointwise_conv,1x32x28x28,34.649484
17,0,imagen.jpeg,34,batchnorm,1x192x28x28,3.48213
17,0,imagen.jpeg,35,activacion,1x192x28x28,1.112292
17,0,imagen.jpeg,36,depthwise_conv,1x192x28x28,13.971279
17,0,imagen.jpeg,37,batchnorm,1x192x28x28,3.44648
17,0,imagen.jpeg,38,activacion,1x192x28x28,1.387536
17,0,imagen.jpeg,39,pointwise_conv,1x192x28x28,34.26208
17,0,imagen.jpeg,40,batchnorm,1x32x28x28,0.570366
17,0,imagen.jpeg,41,layer_add,1x32x28x28,0.271183
17,0,imagen.jpeg,42,pointwise_conv,1x32x28x28,34.614333
17,0,imagen.jpeg,43,batchnorm,1x192x28x28,3.466389
17,0,imagen.jpeg,44,activacion,1x192x28x28,1.180363
17,0,imagen.jpeg,45,depthwise_conv,1x192x28x28,13.982179
17,0,imagen.jpeg,46,batchnorm,1x192x28x28,3.451019
17,0,imagen.jpeg,47,activacion,1x192x28x28,1.341315
17,0,imagen.jpeg,48,pointwise_conv,1x192x28x28,34.027737
17,0,imagen.jpeg,49,batchnorm,1x32x28x28,0.573157
17,0,imagen.jpeg,50,layer_add,1x32x28x28,0.274223
17,0,imagen.jpeg,51,pointwise_conv,1x32x28x28,34.604313
17,0,imagen.jpeg,52,batchnorm,1x192x28x28,3.46661
17,0,imagen.jpeg,53,activacion,1x192x28x28,1.252714
17,0,imagen.jpeg,54,depthwise_conv,1x192x28x28,3.659362
17,0,imagen.jpeg,55,batchnorm,1x192x14x14,0.875569
17,0,imagen.jpeg,56,activacion,1x192x14x14,0.277023
17,0,imagen.jpeg,57,pointwise_conv,1x192x14x14,12.620934
17,0,imagen.jpeg,58,batchnorm,1x64x14x14,0.288023
17,0,imagen.jpeg,59,pointwise_conv,1x64x14x14,24.371947
17,0,imagen.jpeg,60,batchnorm,1x384x14x14,1.7644
17,0,imagen.jpeg,61,activacion,1x384x14x14,0.558146
17,0,imagen.jpeg,62,depthwise_conv,1x384x14x14,7.06642
17,0,imagen.jpeg,63,batchnorm,1x384x14x14,1.738409
17,0,imagen.jpeg,64,activacion,1x384x14x14,0.684918
17,0,imagen.jpeg,65,pointwise_conv,1x384x14x14,30.718239
17,0,imagen.jpeg,66,batchnorm,1x64x14x14,0.288803
17,0,imagen.jpeg,67,layer_add,1x64x14x14,0.139032
17,0,imagen.jpeg,68,pointwise_conv,1x64x14x14,24.385397
17,0,imagen.jpeg,69,batchnorm,1x384x14x14,1.76344
17,0,imagen.jpeg,70,activacion,1x384x14x14,0.616757
17,0,imagen.jpeg,71,depthwise_conv,1x384x14x14,7.0632
17,0,imagen.jpeg,72,batchnorm,1x384x14x14,1.73034
17,0,imagen.jpeg,73,activacion,1x384x14x14,0.707568
17,0,imagen.jpeg,74,pointwise_conv,1x384x14x14,30.705049
17,0,imagen.jpeg,75,batchnorm,1x64x14x14,0.288743
17,0,imagen.jpeg,76,layer_add,1x64x14x14,0.137442
17,0,imagen.jpeg,77,pointwise_conv,1x64x14x14,24.275405
17,0,imagen.jpeg,78,batchnorm,1x384x14x14,1.74726
17,0,imagen.jpeg,79,activacion,1x384x14x14,0.651498
17,0,imagen.jpeg,80,depthwise_conv,1x384x14x14,7.07051
17,0,imagen.jpeg,81,batchnorm,1x384x14x14,1.832691
17,0,imagen.jpeg,82,activacion,1x384x14x14,0.640307
17,0,imagen.jpeg,83,pointwise_conv,1x384x14x14,30.73647
17,0,imagen.jpeg,84,batchnorm,1x64x14x14,0.289154
17,0,imagen.jpeg,85,layer_add,1x64x14x14,0.140751
17,0,imagen.jpeg,86,pointwise_conv,1x64x14x14,24.414137
17,0,imagen.jpeg,87,batchnorm,1x384x14x14,1.828791
17,0,imagen.jpeg,88,activacion,1x384x14x14,0.633977
17,0,imagen.jpeg,89,depthwise_conv,1x384x14x14,7.103081
17,0,imagen.jpeg,90,batchnorm,1x384x14x14,1.74622
17,0,imagen.jpeg,91,activacion,1x384x14x14,0.629217
17,0,imagen.jpeg,92,pointwise_conv,1x384x14x14,46.115923
17,0,imagen.jpeg,93,batchnorm,1x96x14x14,0.433565
17,0,imagen.jpeg,94,pointwise_conv,1x96x14x14,55.379629
17,0,imagen.jpeg,95,batchnorm,1x576x14x14,2.65445
17,0,imagen.jpeg,96,activacion,1x576x14x14,0.971101
17,0,imagen.jpeg,97,depthwise_conv,1x576x14x14,10.61502
17,0,imagen.jpeg,98,batchnorm,1x576x14x14,2.64497
17,0,imagen.jpeg,99,activacion,1x576x14x14,0.977141
17,0,imagen.jpeg,100,pointwise_conv,1x576x14x14,97.360106
17,0,imagen.jpeg,101,batchnorm,1x96x14x14,0.436825
17,0,imagen.jpeg,102,layer_add,1x96x14x14,0.204582
17,0,imagen.jpeg,103,pointwise_conv,1x96x14x14,55.542851
17,0,imagen.jpeg,104,batchnorm,1x576x14x14,2.66928
17,0,imagen.jpeg,105,activacion,1x576x14x14,0.986592
17,0,imagen.jpeg,106,depthwise_conv,1x576x14x14,10.61939
17,0,imagen.jpeg,107,batchnorm,1x576x14x14,2.62564
17,0,imagen.jpeg,108,activacion,1x576x14x14,0.992042
17,0,imagen.jpeg,109,pointwise_conv,1x576x14x14,97.344336
17,0,imagen.jpeg,110,batchnorm,1x96x14x14,0.435515
17,0,imagen.jpeg,111,layer_add,1x96x14x14,0.202432
17,0,imagen.jpeg,112,pointwise_conv,1x96x14x14,55.380919
17,0,imagen.jpeg,113,batchnorm,1x576x14x14,2.65134
17,0,imagen.jpeg,114,activacion,1x576x14x14,0.985561
17,0,imagen.jpeg,115,depthwise_conv,1x576x14x14,2.803702
17,0,imagen.jpeg,116,batchnorm,1x576x7x7,0.663707
17,0,imagen.jpeg,117,activacion,1x576x7x7,0.203912
17,0,imagen.jpeg,118,pointwise_conv,1x576x7x7,42.645685
17,0,imagen.jpeg,119,batchnorm,1x160x7x7,0.183532
17,0,imagen.jpeg,120,pointwise_conv,1x160x7x7,31.516728
17,0,imagen.jpeg,121,batchnorm,1x960x7x7,1.141613
17,0,imagen.jpeg,122,activacion,1x960x7x7,0.402144
17,0,imagen.jpeg,123,depthwise_conv,1x960x7x7,4.605532
17,0,imagen.jpeg,124,batchnorm,1x960x7x7,1.097762
17,0,imagen.jpeg,125,activacion,1x960x7x7,0.405264
17,0,imagen.jpeg,126,pointwise_conv,1x960x7x7,90.69841
17,0,imagen.jpeg,127,batchnorm,1x160x7x7,0.184692
17,0,imagen.jpeg,128,layer_add,1x160x7x7,0.082461
17,0,imagen.jpeg,129,pointwise_conv,1x160x7x7,31.607889
17,0,imagen.jpeg,130,batchnorm,1x960x7x7,1.114303
17,0,imagen.jpeg,131,activacion,1x960x7x7,0.397164
17,0,imagen.jpeg,132,depthwise_conv,1x960x7x7,4.615492
17,0,imagen.jpeg,133,batchnorm,1x960x7x7,1.113833
17,0,imagen.jpeg,134,activacion,1x960x7x7,0.399085
17,0,imagen.jpeg,135,pointwise_conv,1x960x7x7,90.626459
17,0,imagen.jpeg,136,batchnorm,1x160x7x7,0.199992
17,0,imagen.jpeg,137,layer_add,1x160x7x7,0.087551
17,0,imagen.jpeg,138,pointwise_conv,1x160x7x7,31.487088
17,0,imagen.jpeg,139,batchnorm,1x960x7x7,1.120103
17,0,imagen.jpeg,140,activacion,1x960x7x7,0.398045
17,0,imagen.jpeg,141,depthwise_conv,1x960x7x7,4.623363
17,0,imagen.jpeg,142,batchnorm,1x960x7x7,1.113483
17,0,imagen.jpeg,143,activacion,1x960x7x7,0.319254
17,0,imagen.jpeg,144,pointwise_conv,1x960x7x7,181.168178
17,0,imagen.jpeg,145,batchnorm,1x320x7x7,0.371884
17,0,imagen.jpeg,146,pointwise_conv,1x320x7x7,108.511422
17,0,imagen.jpeg,147,batchnorm,1x1280x7x7,1.495307
17,0,imagen.jpeg,148,activacion,1x1280x7x7,0.539936
17,0,imagen.jpeg,149,pooling,1x1280x7x7,0.263413
17,0,imagen.jpeg,150,linear,1x1280,5.126508
18,0,imagen.jpeg,0,conv2d,1x3x224x224,115.384581
18,0,imagen.jpeg,1,batchnorm,1x32x112x112,9.176374
18,0,imagen.jpeg,2,activacion,1x32x112x112,2.794252
18,0,imagen.jpeg,3,depthwise_conv,1x32x112x112,37.105472
18,0,imagen.jpeg,4,batchnorm,1x32x112x112,9.238455
18,0,imagen.jpeg,5,activacion,1x32x112x112,2.799921
18,0,imagen.jpeg,6,pointwise_conv,1x32x112x112,129.134217
18,0,imagen.jpeg,7,batchnorm,1x16x112x112,4.598062
18,0,imagen.jpeg,8,pointwise_conv,1x16x112x112,171.013042
18,0,imagen.jpeg,9,batchnorm,1x96x112x112,27.668204
18,0,imagen.jpeg,10,activacion,1x96x112x112,9.361836
18,0,imagen.jpeg,11,depthwise_conv,1x96x112x112,29.204552
18,0,imagen.jpeg,12,batchnorm,1x96x56x56,6.893069
18,0,imagen.jpeg,13,activacion,1x96x56x56,2.511569
18,0,imagen.jpeg,14,pointwise_conv,1x96x56x56,96.969932
18,0,imagen.jpeg,15,batchnorm,1x24x56x56,1.70857
18,0,imagen.jpeg,16,pointwise_conv,1x24x56x56,88.348074
18,0,imagen.jpeg,17,batchnorm,1x144x56x56,10.54049
18,0,imagen.jpeg,18,activacion,1x144x56x56,3.52481
18,0,imagen.jpeg,19,depthwise_conv,1x144x56x56,41.833585
18,0,imagen.jpeg,20,batchnorm,1x144x56x56,10.303547
18,0,imagen.jpeg,21,activacion,1x144x56x56,3.955295
18,0,imagen.jpeg,22,pointwise_conv,1x144x56x56,199.409966
18,0,imagen.jpeg,23,batchnorm,1x24x56x56,1.71701
18,0,imagen.jpeg,24,layer_add,1x24x56x56,0.764999
18,0,imagen.jpeg,25,pointwise_conv,1x24x56x56,87.760476
18,0,imagen.jpeg,26,batchnorm,1x144x56x56,10.446029
18,0,imagen.jpeg,27,activacion,1x144x56x56,3.856064
18,0,imagen.jpeg,28,depthwise_conv,1x144x56x56,10.661901
18,0,imagen.jpeg,29,batchnorm,1x144x28x28,2.60742
18,0,imagen.jpeg,30,activacion,1x144x28x28,0.89565
18,0,imagen.jpeg,31,pointwise_conv,1x144x28x28,25.822804
18,0,imagen.jpeg,32,batchnorm,1x32x28x28,0.567737
18,0,imagen.jpeg,33,pointwise_conv,1x32x28x28,34.622733
18,0,imagen.jpeg,34,batchnorm,1x192x28x28,3.470619
18,0,imagen.jpeg,35,activacion,1x192x28x28,1.114272
18,0,imagen.jpeg,36,depthwise_conv,1x192x28x28,13.990259
18,0,imagen.jpeg,37,batchnorm,1x192x28x28,3.425739
18,0,imagen.jpeg,38,activacion,1x192x28x28,1.358816
18,0,imagen.jpeg,39,pointwise_conv,1x192x28x28,34.133798
18,0,imagen.jpeg,40,batchnorm,1x32x28x28,0.569656
18,0,imagen.jpeg,41,layer_add,1x32x28x28,0.277223
18,0,imagen.jpeg,42,pointwise_conv,1x32x28x28,34.626484
18,0,imagen.jpeg,43,batchnorm,1x192x28x28,3.447939
18,0,imagen.jpeg,44,activacion,1x192x28x28,1.180164
18,0,imagen.jpeg,45,depthwise_conv,1x192x28x28,13.987949
18,0,imagen.jpeg,46,batchnorm,1x192x28x28,3.443169
18,0,imagen.jpeg,47,activacion,1x192x28x28,1.410376
18,0,imagen.jpeg,48,pointwise_conv,1x192x28x28,34.080267
18,0,imagen.jpeg,49,batchnorm,1x32x28x28,0.600047
18,0,imagen.jpeg,50,layer_add,1x32x28x28,0.272703
18,0,imagen.jpeg,51,pointwise_conv,1x32x28x28,34.556183
18,0,imagen.jpeg,52,batchnorm,1x192x28x28,3.450919
18,0,imagen.jpeg,53,activacion,1x192x28x28,1.286175
18,0,imagen.jpeg,54,depthwise_conv,1x192x28x28,3.659882
18,0,imagen.jpeg,55,batchnorm,1x192x14x14,0.87676
18,0,imagen.jpeg,56,activacion,1x192x14x14,0.277013
18,0,imagen.jpeg,57,pointwise_conv,1x192x14x14,12.738255
18,0,imagen.jpeg,58,batchnorm,1x64x14x14,0.310704
18,0,imagen.jpeg,59,pointwise_conv,1x64x14x14,24.299026
18,0,imagen.jpeg,60,batchnorm,1x384x14x14,1.75336
18,0,imagen.jpeg,61,activacion,1x384x14x14,0.558486
18,0,imagen.jpeg,62,depthwise_conv,1x384x14x14,7.07018
18,0,imagen.jpeg,63,batchnorm,1x384x14x14,1.753249
18,0,imagen.jpeg,64,activacion,1x384x14x14,0.689478
18,0,imagen.jpeg,65,pointwise_conv,1x384x14x14,30.80462
18,0,imagen.jpeg,66,batchnorm,1x64x14x14,0.287913
18,0,imagen.jpeg,67,layer_add,1x64x14x14,0.137852
18,0,imagen.jpeg,68,pointwise_conv,1x64x14x14,24.294136
18,0,imagen.jpeg,69,batchnorm,1x384x14x14,1.7615
18,0,imagen.jpeg,70,activacion,1x384x14x14,0.613077
18,0,imagen.jpeg,71,depthwise_conv,1x384x14x14,7.05672
18,0,imagen.jpeg,72,batchnorm,1x384x14x14,1.73683
18,0,imagen.jpeg,73,activacion,1x384x14x14,0.655538
18,0,imagen.jpeg,74,pointwise_conv,1x384x14x14,30.763939
18,0,imagen.jpeg,75,batchnorm,1x64x14x14,0.292254
18,0,imagen.jpeg,76,layer_add,1x64x14x14,0.137411
18,0,imagen.jpeg,77,pointwise_conv,1x64x14x14,24.297516
18,0,imagen.jpeg,78,batchnorm,1x384x14x14,1.832221
18,0,imagen.jpeg,79,activacion,1x384x14x14,0.646837
18,0,imagen.jpeg,80,depthwise_conv,1x384x14x14,7.121471
18,0,imagen.jpeg,81,batchnorm,1x384x14x14,1.836231
18,0,imagen.jpeg,82,activacion,1x384x14x14,0.644327
18,0,imagen.jpeg,83,pointwise_conv,1x384x14x14,31.392896
18,0,imagen.jpeg,84,batchnorm,1x64x14x14,0.294763
18,0,imagen.jpeg,85,layer_add,1x64x14x14,0.135592
18,0,imagen.jpeg,86,pointwise_conv,1x64x14x14,24.299776
18,0,imagen.jpeg,87,batchnorm,1x384x14x14,1.77242
18,0,imagen.jpeg,88,activacion,1x384x14x14,0.628597
18,0,imagen.jpeg,89,depthwise_conv,1x384x14x14,7.058641
18,0,imagen.jpeg,90,batchnorm,1x384x14x14,1.73032
18,0,imagen.jpeg,91,activacion,1x384x14x14,0.650388
18,0,imagen.jpeg,92,pointwise_conv,1x384x14x14,46.152594
18,0,imagen.jpeg,93,batchnorm,1x96x14x14,0.432574
18,0,imagen.jpeg,94,pointwise_conv,1x96x14x14,55.333968
18,0,imagen.jpeg,95,batchnorm,1x576x14x14,2.65054
18,0,imagen.jpeg,96,activacion,1x576x14x14,0.971441
18,0,imagen.jpeg,97,depthwise_conv,1x576x14x14,10.60797
18,0,imagen.jpeg,98,batchnorm,1x576x14x14,2.64702
18,0,imagen.jpeg,99,activacion,1x576x14x14,0.969421
18,0,imagen.jpeg,100,pointwise_conv,1x576x14x14,97.67671
18,0,imagen.jpeg,101,batchnorm,1x96x14x14,0.443065
18,0,imagen.jpeg,102,layer_add,1x96x14x14,0.205312
18,0,imagen.jpeg,103,pointwise_conv,1x96x14x14,55.548231
18,0,imagen.jpeg,104,batchnorm,1x576x14x14,2.63272
18,0,imagen.jpeg,105,activacion,1x576x14x14,0.992581
18,0,imagen.jpeg,106,depthwise_conv,1x576x14x14,10.59795
18,0,imagen.jpeg,107,batchnorm,1x576x14x14,2.6287
18,0,imagen.jpeg,108,activacion,1x576x14x14,0.985041
18,0,imagen.jpeg,109,pointwise_conv,1x576x14x14,97.446797
18,0,imagen.jpeg,110,batchnorm,1x96x14x14,0.436944
18,0,imagen.jpeg,111,layer_add,1x96x14x14,0.206842
18,0,imagen.jpeg,112,pointwise_conv,1x96x14x14,55.43478
18,0,imagen.jpeg,113,batchnorm,1x576x14x14,2.64931
18,0,imagen.jpeg,114,activacion,1x576x14x14,0.977231
18,0,imagen.jpeg,115,depthwise_conv,1x576x14x14,2.803732
18,0,imagen.jpeg,116,batchnorm,1x576x7x7,0.663128
18,0,imagen.jpeg,117,activacion,1x576x7x7,0.203322
18,0,imagen.jpeg,118,pointwise_conv,1x576x7x7,42.680384
18,0,imagen.jpeg,119,batchnorm,1x160x7x7,0.183802
18,0,imagen.jpeg,120,pointwise_conv,1x160x7x7,31.519648
18,0,imagen.jpeg,121,batchnorm,1x960x7x7,1.137333
18,0,imagen.jpeg,122,activacion,1x960x7x7,0.392165
18,0,imagen.jpeg,123,depthwise_conv,1x960x7x7,4.690533
18,0,imagen.jpeg,124,batchnorm,1x960x7x7,1.095282
18,0,imagen.jpeg,125,activacion,1x960x7x7,0.403904
18,0,imagen.jpeg,126,pointwise_conv,1x960x7x7,90.499068
18,0,imagen.jpeg,127,batchnorm,1x160x7x7,0.184663
18,0,imagen.jpeg,128,layer_add,1x160x7x7,0.089661
18,0,imagen.jpeg,129,pointwise_conv,1x160x7x7,31.599279
18,0,imagen.jpeg,130,batchnorm,1x960x7x7,1.130893
18,0,imagen.jpeg,131,activacion,1x960x7x7,0.395304
18,0,imagen.jpeg,132,depthwise_conv,1x960x7x7,4.610612
18,0,imagen.jpeg,133,batchnorm,1x960x7x7,1.093022
18,0,imagen.jpeg,134,activacion,1x960x7x7,0.415105
18,0,imagen.jpeg,135,pointwise_conv,1x960x7x7,90.727461
18,0,imagen.jpeg,136,batchnorm,1x160x7x7,0.204933
18,0,imagen.jpeg,137,layer_add,1x160x7x7,0.086261
18,0,imagen.jpeg,138,pointwise_conv,1x160x7x7,31.494327
18,0,imagen.jpeg,139,batchnorm,1x960x7x7,1.116893
18,0,imagen.jpeg,140,activacion,1x960x7x7,0.395155
18,0,imagen.jpeg,141,depthwise_conv,1x960x7x7,4.599283
18,0,imagen.jpeg,142,batchnorm,1x960x7x7,1.117123
18,0,imagen.jpeg,143,activacion,1x960x7x7,0.319934
18,0,imagen.jpeg,144,pointwise_conv,1x960x7x7,181.230929
18,0,imagen.jpeg,145,batchnorm,1x320x7x7,0.373604
18,0,imagen.jpeg,146,pointwise_conv,1x320x7x7,108.460102
18,0,imagen.jpeg,147,batchnorm,1x1280x7x7,1.500057
18,0,imagen.jpeg,148,activacion,1x1280x7x7,0.528256
18,0,imagen.jpeg,149,pooling,1x1280x7x7,0.265083
18,0,imagen.jpeg,150,linear,1x1280,5.113698
19,0,imagen.jpeg,0,conv2d,1x3x224x224,114.959276
19,0,imagen.jpeg,1,batchnorm,1x32x112x112,9.242845
19,0,imagen.jpeg,2,activacion,1x32x112x112,2.795361
19,0,imagen.jpeg,3,depthwise_conv,1x32x112x112,37.035881
19,0,imagen.jpeg,4,batchnorm,1x32x112x112,9.228034
19,0,imagen.jpeg,5,activacion,1x32x112x112,2.863842
19,0,imagen.jpeg,6,pointwise_conv,1x32x112x112,129.176788
19,0,imagen.jpeg,7,batchnorm,1x16x112x112,4.585423
19,0,imagen.jpeg,8,pointwise_conv,1x16x112x112,170.657529
19,0,imagen.jpeg,9,batchnorm,1x96x112x112,27.640844
19,0,imagen.jpeg,10,activacion,1x96x112x112,9.357296
19,0,imagen.jpeg,11,depthwise_conv,1x96x112x112,29.187022
19,0,imagen.jpeg,12,batchnorm,1x96x56x56,6.890668
19,0,imagen.jpeg,13,activacion,1x96x56x56,2.505708
19,0,imagen.jpeg,14,pointwise_conv,1x96x56x56,95.320273
19,0,imagen.jpeg,15,batchnorm,1x24x56x56,1.714679
19,0,imagen.jpeg,16,pointwise_conv,1x24x56x56,88.323123
19,0,imagen.jpeg,17,batchnorm,1x144x56x56,10.450439
19,0,imagen.jpeg,18,activacion,1x144x56x56,3.52785
19,0,imagen.jpeg,19,depthwise_conv,1x144x56x56,41.851985
19,0,imagen.jpeg,20,batchnorm,1x144x56x56,10.299207
19,0,imagen.jpeg,21,activacion,1x144x56x56,4.029976
19,0,imagen.jpeg,22,pointwise_conv,1x144x56x56,199.133772
19,0,imagen.jpeg,23,batchnorm,1x24x56x56,1.77392
19,0,imagen.jpeg,24,layer_add,1x24x56x56,0.86109
19,0,imagen.jpeg,25,pointwise_conv,1x24x56x56,88.662917
19,0,imagen.jpeg,26,batchnorm,1x144x56x56,10.452259
19,0,imagen.jpeg,27,activacion,1x144x56x56,3.860174
19,0,imagen.jpeg,28,depthwise_conv,1x144x56x56,10.691871
19,0,imagen.jpeg,29,batchnorm,1x144x28x28,2.604499
19,0,imagen.jpeg,30,activacion,1x144x28x28,0.90596
19,0,imagen.jpeg,31,pointwise_conv,1x144x28x28,25.734553
19,0,imagen.jpeg,32,batchnorm,1x32x28x28,0.568337
19,0,imagen.jpeg,33,pointwise_conv,1x32x28x28,34.629284
19,0,imagen.jpeg,34,batchnorm,1x192x28x28,3.466499
19,0,imagen.jpeg,35,activacion,1x192x28x28,1.118453
19,0,imagen.jpeg,36,depthwise_conv,1x192x28x28,13.999049
19,0,imagen.jpeg,37,batchnorm,1x192x28x28,3.427449
19,0,imagen.jpeg,38,activacion,1x192x28x28,1.339346
19,0,imagen.jpeg,39,pointwise_conv,1x192x28x28,34.232439
19,0,imagen.jpeg,40,batchnorm,1x32x28x28,0.574256
19,0,imagen.jpeg,41,layer_add,1x32x28x28,0.261423
19,0,imagen.jpeg,42,pointwise_conv,1x32x28x28,34.575092
19,0,imagen.jpeg,43,batchnorm,1x192x28x28,3.47348
19,0,imagen.jpeg,44,activacion,1x192x28x28,1.187713
19,0,imagen.jpeg,45,depthwise_conv,1x192x28x28,13.995999
19,0,imagen.jpeg,46,batchnorm,1x192x28x28,3.449659
19,0,imagen.jpeg,47,activacion,1x192x28x28,1.336125
19,0,imagen.jpeg,48,pointwise_conv,1x192x28x28,34.451412
19,0,imagen.jpeg,49,batchnorm,1x32x28x28,0.573457
19,0,imagen.jpeg,50,layer_add,1x32x28x28,0.274313
19,0,imagen.jpeg,51,pointwise_conv,1x32x28x28,34.596943
19,0,imagen.jpeg,52,batchnorm,1x192x28x28,3.47765
19,0,imagen.jpeg,53,activacion,1x192x28x28,1.253314
19,0,imagen.jpeg,54,depthwise_conv,1x192x28x28,3.659422
19,0,imagen.jpeg,55,batchnorm,1x192x14x14,0.87755
19,0,imagen.jpeg,56,activacion,1x192x14x14,0.276853
19,0,imagen.jpeg,57,pointwise_conv,1x192x14x14,12.619754
19,0,imagen.jpeg,58,batchnorm,1x64x14x14,0.288933
19,0,imagen.jpeg,59,pointwise_conv,1x64x14x14,24.288286
19,0,imagen.jpeg,60,batchnorm,1x384x14x14,1.7538
19,0,imagen.jpeg,61,activacion,1x384x14x14,0.584297
19,0,imagen.jpeg,62,depthwise_conv,1x384x14x14,7.06014
19,0,imagen.jpeg,63,batchnorm,1x384x14x14,1.74835
19,0,imagen.jpeg,64,activacion,1x384x14x14,0.688838
19,0,imagen.jpeg,65,pointwise_conv,1x384x14x14,30.78143
19,0,imagen.jpeg,66,batchnorm,1x64x14x14,0.290593
19,0,imagen.jpeg,67,layer_add,1x64x14x14,0.138172
19,0,imagen.jpeg,68,pointwise_conv,1x64x14x14,24.283856
19,0,imagen.jpeg,69,batchnorm,1x384x14x14,1.76543
19,0,imagen.jpeg,70,activacion,1x384x14x14,0.615457
19,0,imagen.jpeg,71,depthwise_conv,1x384x14x14,7.06178
19,0,imagen.jpeg,72,batchnorm,1x384x14x14,1.73839
19,0,imagen.jpeg,73,activacion,1x384x14x14,0.673338
19,0,imagen.jpeg,74,pointwise_conv,1x384x14x14,30.7743
19,0,imagen.jpeg,75,batchnorm,1x64x14x14,0.289804
19,0,imagen.jpeg,76,layer_add,1x64x14x14,0.134251
19,0,imagen.jpeg,77,pointwise_conv,1x64x14x14,24.350247
19,0,imagen.jpeg,78,batchnorm,1x384x14x14,1.75201
19,0,imagen.jpeg,79,activacion,1x384x14x14,0.649997
19,0,imagen.jpeg,80,depthwise_conv,1x384x14x14,7.195952
19,0,imagen.jpeg,81,batchnorm,1x384x14x14,1.7648
19,0,imagen.jpeg,82,activacion,1x384x14x14,0.640448
19,0,imagen.jpeg,83,pointwise_conv,1x384x14x14,30.718579
19,0,imagen.jpeg,84,batchnorm,1x64x14x14,0.290093
19,0,imagen.jpeg,85,layer_add,1x64x14x14,0.137221
19,0,imagen.jpeg,86,pointwise_conv,1x64x14x14,24.291366
19,0,imagen.jpeg,87,batchnorm,1x384x14x14,1.77621
19,0,imagen.jpeg,88,activacion,1x384x14x14,0.629067
19,0,imagen.jpeg,89,depthwise_conv,1x384x14x14,7.0479
19,0,imagen.jpeg,90,batchnorm,1x384x14x14,1.73867
19,0,imagen.jpeg,91,activacion,1x384x14x14,0.667778
19,0,imagen.jpeg,92,pointwise_conv,1x384x14x14,46.140454
19,0,imagen.jpeg,93,batchnorm,1x96x14x14,0.432845
19,0,imagen.jpeg,94,pointwise_conv,1x96x14x14,55.381689
19,0,imagen.jpeg,95,batchnorm,1x576x14x14,2.662311
19,0,imagen.jpeg,96,activacion,1x576x14x14,0.981191
19,0,imagen.jpeg,97,depthwise_conv,1x576x14x14,10.650311
19,0,imagen.jpeg,98,batchnorm,1x576x14x14,2.6552
19,0,imagen.jpeg,99,activacion,1x576x14x14,0.965061
19,0,imagen.jpeg,100,pointwise_conv,1x576x14x14,97.427166
19,0,imagen.jpeg,101,batchnorm,1x96x14x14,0.462265
19,0,imagen.jpeg,102,layer_add,1x96x14x14,0.206443
19,0,imagen.jpeg,103,pointwise_conv,1x96x14x14,55.46632
19,0,imagen.jpeg,104,batchnorm,1x576x14x14,2.63606
19,0,imagen.jpeg,105,activacion,1x576x14x14,1.050312
19,0,imagen.jpeg,106,depthwise_conv,1x576x14x14,10.593341
19,0,imagen.jpeg,107,batchnorm,1x576x14x14,2.63753
19,0,imagen.jpeg,108,activacion,1x576x14x14,0.963191
19,0,imagen.jpeg,109,pointwise_conv,1x576x14x14,97.380546
19,0,imagen.jpeg,110,batchnorm,1x96x14x14,0.439305
19,0,imagen.jpeg,111,layer_add,1x96x14x14,0.213232
19,0,imagen.jpeg,112,pointwise_conv,1x96x14x14,55.396019
19,0,imagen.jpeg,113,batchnorm,1x576x14x14,2.6551
19,0,imagen.jpeg,114,activacion,1x576x14x14,0.984822
19,0,imagen.jpeg,115,depthwise_conv,1x576x14x14,2.799451
19,0,imagen.jpeg,116,batchnorm,1x576x7x7,0.663568
19,0,imagen.jpeg,117,activacion,1x576x7x7,0.204092
19,0,imagen.jpeg,118,pointwise_conv,1x576x7x7,42.700245
19,0,imagen.jpeg,119,batchnorm,1x160x7x7,0.184032
19,0,imagen.jpeg,120,pointwise_conv,1x160x7x7,31.599449
19,0,imagen.jpeg,121,batchnorm,1x960x7x7,1.114593
19,0,imagen.jpeg,122,activacion,1x960x7x7,0.427145
19,0,imagen.jpeg,123,depthwise_conv,1x960x7x7,4.596373
19,0,imagen.jpeg,124,batchnorm,1x960x7x7,1.096913
19,0,imagen.jpeg,125,activacion,1x960x7x7,0.406285
19,0,imagen.jpeg,126,pointwise_conv,1x960x7x7,90.766201
19,0,imagen.jpeg,127,batchnorm,1x160x7x7,0.184142
19,0,imagen.jpeg,128,layer_add,1x160x7x7,0.085451
19,0,imagen.jpeg,129,pointwise_conv,1x160x7x7,31.528808
19,0,imagen.jpeg,130,batchnorm,1x960x7x7,1.134283
19,0,imagen.jpeg,131,activacion,1x960x7x7,0.399365
19,0,imagen.jpeg,132,depthwise_conv,1x960x7x7,4.580272
19,0,imagen.jpeg,133,batchnorm,1x960x7x7,1.095472
19,0,imagen.jpeg,134,activacion,1x960x7x7,0.396854
19,0,imagen.jpeg,135,pointwise_conv,1x960x7x7,90.61581
19,0,imagen.jpeg,136,batchnorm,1x160x7x7,0.185582
19,0,imagen.jpeg,137,layer_add,1x160x7x7,0.086811
19,0,imagen.jpeg,138,pointwise_conv,1x160x7x7,31.516368
19,0,imagen.jpeg,139,batchnorm,1x960x7x7,1.131742
19,0,imagen.jpeg,140,activacion,1x960x7x7,0.399445
19,0,imagen.jpeg,141,depthwise_conv,1x960x7x7,4.620662
19,0,imagen.jpeg,142,batchnorm,1x960x7x7,1.095373
19,0,imagen.jpeg,143,activacion,1x960x7x7,0.338394
19,0,imagen.jpeg,144,pointwise_conv,1x960x7x7,181.272069
19,0,imagen.jpeg,145,batchnorm,1x320x7x7,0.373634
19,0,imagen.jpeg,146,pointwise_conv,1x320x7x7,108.491203
19,0,imagen.jpeg,147,batchnorm,1x1280x7x7,1.522768
19,0,imagen.jpeg,148,activacion,1x1280x7x7,0.546596
19,0,imagen.jpeg,149,pooling,1x1280x7x7,0.263523
19,0,imagen.jpeg,150,linear,1x1280,5.087707
20,0,imagen.jpeg,0,conv2d,1x3x224x224,114.855304
20,0,imagen.jpeg,1,batchnorm,1x32x112x112,9.182395
20,0,imagen.jpeg,2,activacion,1x32x112x112,2.806512
20,0,imagen.jpeg,3,depthwise_conv,1x32x112x112,37.02934
20,0,imagen.jpeg,4,batchnorm,1x32x112x112,9.214185
20,0,imagen.jpeg,5,activacion,1x32x112x112,3.056135
20,0,imagen.jpeg,6,pointwise_conv,1x32x112x112,129.202788
20,0,imagen.jpeg,7,batchnorm,1x16x112x112,4.588132
20,0,imagen.jpeg,8,pointwise_conv,1x16x112x112,170.897682
20,0,imagen.jpeg,9,batchnorm,1x96x112x112,27.677974
20,0,imagen.jpeg,10,activacion,1x96x112x112,9.421857
20,0,imagen.jpeg,11,depthwise_conv,1x96x112x112,29.202182
20,0,imagen.jpeg,12,batchnorm,1x96x56x56,6.902428
20,0,imagen.jpeg,13,activacion,1x96x56x56,2.476208
20,0,imagen.jpeg,14,pointwise_conv,1x96x56x56,94.16291
20,0,imagen.jpeg,15,batchnorm,1x24x56x56,1.71036
20,0,imagen.jpeg,16,pointwise_conv,1x24x56x56,88.311634
20,0,imagen.jpeg,17,batchnorm,1x144x56x56,10.457599
20,0,imagen.jpeg,18,activacion,1x144x56x56,3.52823
20,0,imagen.jpeg,19,depthwise_conv,1x144x56x56,41.980277
20,0,imagen.jpeg,20,batchnorm,1x144x56x56,10.313917
20,0,imagen.jpeg,21,activacion,1x144x56x56,3.960065
20,0,imagen.jpeg,22,pointwise_conv,1x144x56x56,199.432346
20,0,imagen.jpeg,23,batchnorm,1x24x56x56,1.70963
20,0,imagen.jpeg,24,layer_add,1x24x56x56,0.82719
20,0,imagen.jpeg,25,pointwise_conv,1x24x56x56,87.654266
20,0,imagen.jpeg,26,batchnorm,1x144x56x56,10.466349
20,0,imagen.jpeg,27,activacion,1x144x56x56,3.856193
20,0,imagen.jpeg,28,depthwise_conv,1x144x56x56,10.650681
20,0,imagen.jpeg,29,batchnorm,1x144x28x28,2.608779
20,0,imagen.jpeg,30,activacion,1x144x28x28,0.89851
20,0,imagen.jpeg,31,pointwise_conv,1x144x28x28,25.706992
20,0,imagen.jpeg,32,batchnorm,1x32x28x28,0.568836
20,0,imagen.jpeg,33,pointwise_conv,1x32x28x28,34.539603
20,0,imagen.jpeg,34,batchnorm,1x192x28x28,3.4696
20,0,imagen.jpeg,35,activacion,1x192x28x28,1.131403
20,0,imagen.jpeg,36,depthwise_conv,1x192x28x28,13.962879
20,0,imagen.jpeg,37,batchnorm,1x192x28x28,3.424539
20,0,imagen.jpeg,38,activacion,1x192x28x28,1.380636
20,0,imagen.jpeg,39,pointwise_conv,1x192x28x28,34.194019
20,0,imagen.jpeg,40,batchnorm,1x32x28x28,0.579637
20,0,imagen.jpeg,41,layer_add,1x32x28x28,0.274343
20,0,imagen.jpeg,42,pointwise_conv,1x32x28x28,34.530262
20,0,imagen.jpeg,43,batchnorm,1x192x28x28,3.444929
20,0,imagen.jpeg,44,activacion,1x192x28x28,1.179913
20,0,imagen.jpeg,45,depthwise_conv,1x192x28x28,13.963149
20,0,imagen.jpeg,46,batchnorm,1x192x28x28,3.44137
20,0,imagen.jpeg,47,activacion,1x192x28x28,1.366236
20,0,imagen.jpeg,48,pointwise_conv,1x192x28x28,34.27976
20,0,imagen.jpeg,49,batchnorm,1x32x28x28,0.595347
20,0,imagen.jpeg,50,layer_add,1x32x28x28,0.273644
20,0,imagen.jpeg,51,pointwise_conv,1x32x28x28,34.498412
20,0,imagen.jpeg,52,batchnorm,1x192x28x28,3.441049
20,0,imagen.jpeg,53,activacion,1x192x28x28,1.280935
20,0,imagen.jpeg,54,depthwise_conv,1x192x28x28,3.672081
20,0,imagen.jpeg,55,batchnorm,1x192x14x14,0.87293
20,0,imagen.jpeg,56,activacion,1x192x14x14,0.277333
20,0,imagen.jpeg,57,pointwise_conv,1x192x14x14,12.625254
20,0,imagen.jpeg,58,batchnorm,1x64x14x14,0.302054
20,0,imagen.jpeg,59,pointwise_conv,1x64x14x14,24.291916
20,0,imagen.jpeg,60,batchnorm,1x384x14x14,1.75504
20,0,imagen.jpeg,61,activacion,1x384x14x14,0.560716
20,0,imagen.jpeg,62,depthwise_conv,1x384x14x14,7.069
20,0,imagen.jpeg,63,batchnorm,1x384x14x14,1.76246
20,0,imagen.jpeg,64,activacion,1x384x14x14,0.698418
20,0,imagen.jpeg,65,pointwise_conv,1x384x14x14,30.8075
20,0,imagen.jpeg,66,batchnorm,1x64x14x14,0.291223
20,0,imagen.jpeg,67,layer_add,1x64x14x14,0.136152
20,0,imagen.jpeg,68,pointwise_conv,1x64x14x14,24.292906
20,0,imagen.jpeg,69,batchnorm,1x384x14x14,1.77109
20,0,imagen.jpeg,70,activacion,1x384x14x14,0.615617
20,0,imagen.jpeg,71,depthwise_conv,1x384x14x14,7.04966
20,0,imagen.jpeg,72,batchnorm,1x384x14x14,1.739049
20,0,imagen.jpeg,73,activacion,1x384x14x14,0.677108
20,0,imagen.jpeg,74,pointwise_conv,1x384x14x14,30.738479
20,0,imagen.jpeg,75,batchnorm,1x64x14x14,0.289673
20,0,imagen.jpeg,76,layer_add,1x64x14x14,0.137071
20,0,imagen.jpeg,77,pointwise_conv,1x64x14x14,24.378347
20,0,imagen.jpeg,78,batchnorm,1x384x14x14,1.74967
20,0,imagen.jpeg,79,activacion,1x384x14x14,0.657058
20,0,imagen.jpeg,80,depthwise_conv,1x384x14x14,7.06537
20,0,imagen.jpeg,81,batchnorm,1x384x14x14,1.73358
20,0,imagen.jpeg,82,activacion,1x384x14x14,0.667707
20,0,imagen.jpeg,83,pointwise_conv,1x384x14x14,30.707579
20,0,imagen.jpeg,84,batchnorm,1x64x14x14,0.288973
20,0,imagen.jpeg,85,layer_add,1x64x14x14,0.140582
20,0,imagen.jpeg,86,pointwise_conv,1x64x14x14,24.293236
20,0,imagen.jpeg,87,batchnorm,1x384x14x14,1.7481
20,0,imagen.jpeg,88,activacion,1x384x14x14,0.627038
20,0,imagen.jpeg,89,depthwise_conv,1x384x14x14,7.04672
20,0,imagen.jpeg,90,batchnorm,1x384x14x14,1.74731
20,0,imagen.jpeg,91,activacion,1x384x14x14,0.641868
20,0,imagen.jpeg,92,pointwise_conv,1x384x14x14,46.119074
20,0,imagen.jpeg,93,batchnorm,1x96x14x14,0.432205
20,0,imagen.jpeg,94,pointwise_conv,1x96x14x14,55.350019
20,0,imagen.jpeg,95,batchnorm,1x576x14x14,2.746641
20,0,imagen.jpeg,96,activacion,1x576x14x14,0.971751
20,0,imagen.jpeg,97,depthwise_conv,1x576x14x14,10.737782
20,0,imagen.jpeg,98,batchnorm,1x576x14x14,2.62771
20,0,imagen.jpeg,99,activacion,1x576x14x14,1.028472
20,0,imagen.jpeg,100,pointwise_conv,1x576x14x14,97.372697
20,0,imagen.jpeg,101,batchnorm,1x96x14x14,0.435965
20,0,imagen.jpeg,102,layer_add,1x96x14x14,0.205702
20,0,imagen.jpeg,103,pointwise_conv,1x96x14x14,55.546591
20,0,imagen.jpeg,104,batchnorm,1x576x14x14,2.65069
20,0,imagen.jpeg,105,activacion,1x576x14x14,0.982751
20,0,imagen.jpeg,106,depthwise_conv,1x576x14x14,10.624251
20,0,imagen.jpeg,107,batchnorm,1x576x14x14,2.63814
20,0,imagen.jpeg,108,activacion,1x576x14x14,0.955961
20,0,imagen.jpeg,109,pointwise_conv,1x576x14x14,97.519878
20,0,imagen.jpeg,110,batchnorm,1x96x14x14,0.436685
20,0,imagen.jpeg,111,layer_add,1x96x14x14,0.207732
20,0,imagen.jpeg,112,pointwise_conv,1x96x14x14,55.44633
20,0,imagen.jpeg,113,batchnorm,1x576x14x14,2.65918
20,0,imagen.jpeg,114,activacion,1x576x14x14,0.986161
20,0,imagen.jpeg,115,depthwise_conv,1x576x14x14,2.797042
20,0,imagen.jpeg,116,batchnorm,1x576x7x7,0.663228
20,0,imagen.jpeg,117,activacion,1x576x7x7,0.203143
20,0,imagen.jpeg,118,pointwise_conv,1x576x7x7,42.719705
20,0,imagen.jpeg,119,batchnorm,1x160x7x7,0.183732
20,0,imagen.jpeg,120,pointwise_conv,1x160x7x7,31.588759
20,0,imagen.jpeg,121,batchnorm,1x960x7x7,1.112712
20,0,imagen.jpeg,122,activacion,1x960x7x7,0.391775
20,0,imagen.jpeg,123,depthwise_conv,1x960x7x7,4.623783
20,0,imagen.jpeg,124,batchnorm,1x960x7x7,1.096753
20,0,imagen.jpeg,125,activacion,1x960x7x7,0.404445
20,0,imagen.jpeg,126,pointwise_conv,1x960x7x7,90.775701
20,0,imagen.jpeg,127,batchnorm,1x160x7x7,0.184472
20,0,imagen.jpeg,128,layer_add,1x160x7x7,0.089681
20,0,imagen.jpeg,129,pointwise_conv,1x160x7x7,31.520898
20,0,imagen.jpeg,130,batchnorm,1x960x7x7,1.119723
20,0,imagen.jpeg,131,activacion,1x960x7x7,0.428515
20,0,imagen.jpeg,132,depthwise_conv,1x960x7x7,4.637003
20,0,imagen.jpeg,133,batchnorm,1x960x7x7,1.094063
20,0,imagen.jpeg,134,activacion,1x960x7x7,0.395845
20,0,imagen.jpeg,135,pointwise_conv,1x960x7x7,90.773161
20,0,imagen.jpeg,136,batchnorm,1x160x7x7,0.188152
20,0,imagen.jpeg,137,layer_add,1x160x7x7,0.087111
20,0,imagen.jpeg,138,pointwise_conv,1x160x7x7,31.564959
20,0,imagen.jpeg,139,batchnorm,1x960x7x7,1.136503
20,0,imagen.jpeg,140,activacion,1x960x7x7,0.391814
20,0,imagen.jpeg,141,depthwise_conv,1x960x7x7,4.609382
20,0,imagen.jpeg,142,batchnorm,1x960x7x7,1.095203
20,0,imagen.jpeg,143,activacion,1x960x7x7,0.317534
20,0,imagen.jpeg,144,pointwise_conv,1x960x7x7,181.512952
20,0,imagen.jpeg,145,batchnorm,1x320x7x7,0.371144
20,0,imagen.jpeg,146,pointwise_conv,1x320x7x7,108.498073
20,0,imagen.jpeg,147,batchnorm,1x1280x7x7,1.513677
20,0,imagen.jpeg,148,activacion,1x1280x7x7,0.531867
20,0,imagen.jpeg,149,pooling,1x1280x7x7,0.265323
20,0,imagen.jpeg,150,linear,1x1280,5.097858
21,0,imagen.jpeg,0,conv2d,1x3x224x224,115.502662
21,0,imagen.jpeg,1,batchnorm,1x32x112x112,9.156284
21,0,imagen.jpeg,2,activacion,1x32x112x112,2.800332
21,0,imagen.jpeg,3,depthwise_conv,1x32x112x112,37.037071
21,0,imagen.jpeg,4,batchnorm,1x32x112x112,9.245055
21,0,imagen.jpeg,5,activacion,1x32x112x112,2.802292
21,0,imagen.jpeg,6,pointwise_conv,1x32x112x112,129.321069
21,0,imagen.jpeg,7,batchnorm,1x16x112x112,4.599602
21,0,imagen.jpeg,8,pointwise_conv,1x16x112x112,179.999465
21,0,imagen.jpeg,9,batchnorm,1x96x112x112,27.753755
21,0,imagen.jpeg,10,activacion,1x96x112x112,9.452277
21,0,imagen.jpeg,11,depthwise_conv,1x96x112x112,29.129821
21,0,imagen.jpeg,12,batchnorm,1x96x56x56,6.877398
21,0,imagen.jpeg,13,activacion,1x96x56x56,2.503169
21,0,imagen.jpeg,14,pointwise_conv,1x96x56x56,94.719696
21,0,imagen.jpeg,15,batchnorm,1x24x56x56,1.708219
21,0,imagen.jpeg,16,pointwise_conv,1x24x56x56,88.271333
21,0,imagen.jpeg,17,batchnorm,1x144x56x56,10.457489
21,0,imagen.jpeg,18,activacion,1x144x56x56,3.53908
21,0,imagen.jpeg,19,depthwise_conv,1x144x56x56,41.835376
21,0,imagen.jpeg,20,batchnorm,1x144x56x56,10.299057
21,0,imagen.jpeg,21,activacion,1x144x56x56,4.034496
21,0,imagen.jpeg,22,pointwise_conv,1x144x56x56,199.266904
21,0,imagen.jpeg,23,batchnorm,1x24x56x56,1.76364
21,0,imagen.jpeg,24,layer_add,1x24x56x56,0.765279
21,0,imagen.jpeg,25,pointwise_conv,1x24x56x56,87.798767
21,0,imagen.jpeg,26,batchnorm,1x144x56x56,10.444979
21,0,imagen.jpeg,27,activacion,1x144x56x56,3.901804
21,0,imagen.jpeg,28,depthwise_conv,1x144x56x56,10.720772
21,0,imagen.jpeg,29,batchnorm,1x144x28x28,2.579439
21,0,imagen.jpeg,30,activacion,1x144x28x28,0.893101
21,0,imagen.jpeg,31,pointwise_conv,1x144x28x28,25.594761
21,0,imagen.jpeg,32,batchnorm,1x32x28x28,0.571437
21,0,imagen.jpeg,33,pointwise_conv,1x32x28x28,34.536762
21,0,imagen.jpeg,34,batchnorm,1x192x28x28,3.455629
21,0,imagen.jpeg,35,activacion,1x192x28x28,1.116003
21,0,imagen.jpeg,36,depthwise_conv,1x192x28x28,13.975389
21,0,imagen.jpeg,37,batchnorm,1x192x28x28,3.44147
21,0,imagen.jpeg,38,activacion,1x192x28x28,1.341215
21,0,imagen.jpeg,39,pointwise_conv,1x192x28x28,34.103618
21,0,imagen.jpeg,40,batchnorm,1x32x28x28,0.570957
21,0,imagen.jpeg,41,layer_add,1x32x28x28,0.273253
21,0,imagen.jpeg,42,pointwise_conv,1x32x28x28,34.565603
21,0,imagen.jpeg,43,batchnorm,1x192x28x28,3.463299
21,0,imagen.jpeg,44,activacion,1x192x28x28,1.181923
21,0,imagen.jpeg,45,depthwise_conv,1x192x28x28,13.997089
21,0,imagen.jpeg,46,batchnorm,1x192x28x28,3.45105
21,0,imagen.jpeg,47,activacion,1x192x28x28,1.340655
21,0,imagen.jpeg,48,pointwise_conv,1x192x28x28,34.171188
21,0,imagen.jpeg,49,batchnorm,1x32x28x28,0.572507
21,0,imagen.jpeg,50,layer_add,1x32x28x28,0.273733
21,0,imagen.jpeg,51,pointwise_conv,1x32x28x28,34.519112
21,0,imagen.jpeg,52,batchnorm,1x192x28x28,3.47359
21,0,imagen.jpeg,53,activacion,1x192x28x28,1.256184
21,0,imagen.jpeg,54,depthwise_conv,1x192x28x28,3.643051
21,0,imagen.jpeg,55,batchnorm,1x192x14x14,0.89116
21,0,imagen.jpeg,56,activacion,1x192x14x14,0.276883
21,0,imagen.jpeg,57,pointwise_conv,1x192x14x14,12.663804
21,0,imagen.jpeg,58,batchnorm,1x64x14x14,0.292683
21,0,imagen.jpeg,59,pointwise_conv,1x64x14x14,24.355557
21,0,imagen.jpeg,60,batchnorm,1x384x14x14,1.76901
21,0,imagen.jpeg,61,activacion,1x384x14x14,0.557727
21,0,imagen.jpeg,62,depthwise_conv,1x384x14x14,7.058691
21,0,imagen.jpeg,63,batchnorm,1x384x14x14,1.73382
21,0,imagen.jpeg,64,activacion,1x384x14x14,0.713608
21,0,imagen.jpeg,65,pointwise_conv,1x384x14x14,30.707489
21,0,imagen.jpeg,66,batchnorm,1x64x14x14,0.289373
21,0,imagen.jpeg,67,layer_add,1x64x14x14,0.137952
21,0,imagen.jpeg,68,pointwise_conv,1x64x14x14,24.300967
21,0,imagen.jpeg,69,batchnorm,1x384x14x14,1.75283
21,0,imagen.jpeg,70,activacion,1x384x14x14,0.613577
21,0,imagen.jpeg,71,depthwise_conv,1x384x14x14,7.06324
21,0,imagen.jpeg,72,batchnorm,1x384x14x14,1.75268
21,0,imagen.jpeg,73,activacion,1x384x14x14,0.675438
21,0,imagen.jpeg,74,pointwise_conv,1x384x14x14,30.8535
21,0,imagen.jpeg,75,batchnorm,1x64x14x14,0.288754
21,0,imagen.jpeg,76,layer_add,1x64x14x14,0.138602
21,0,imagen.jpeg,77,pointwise_conv,1x64x14x14,24.288306
21,0,imagen.jpeg,78,batchnorm,1x384x14x14,1.74726
21,0,imagen.jpeg,79,activacion,1x384x14x14,0.679897
21,0,imagen.jpeg,80,depthwise_conv,1x384x14x14,7.0334
21,0,imagen.jpeg,81,batchnorm,1x384x14x14,1.734199
21,0,imagen.jpeg,82,activacion,1x384x14x14,0.662587
21,0,imagen.jpeg,83,pointwise_conv,1x384x14x14,30.784289
21,0,imagen.jpeg,84,batchnorm,1x64x14x14,0.289723
21,0,imagen.jpeg,85,layer_add,1x64x14x14,0.137272
21,0,imagen.jpeg,86,pointwise_conv,1x64x14x14,24.404217
21,0,imagen.jpeg,87,batchnorm,1x384x14x14,1.76244
21,0,imagen.jpeg,88,activacion,1x384x14x14,0.628027
21,0,imagen.jpeg,89,depthwise_conv,1x384x14x14,7.078571
21,0,imagen.jpeg,90,batchnorm,1x384x14x14,1.75314
21,0,imagen.jpeg,91,activacion,1x384x14x14,0.664367
21,0,imagen.jpeg,92,pointwise_conv,1x384x14x14,46.087053
21,0,imagen.jpeg,93,batchnorm,1x96x14x14,0.432875
21,0,imagen.jpeg,94,pointwise_conv,1x96x14x14,55.432849
21,0,imagen.jpeg,95,batchnorm,1x576x14x14,2.64629
21,0,imagen.jpeg,96,activacion,1x576x14x14,0.970621
21,0,imagen.jpeg,97,depthwise_conv,1x576x14x14,10.625391
21,0,imagen.jpeg,98,batchnorm,1x576x14x14,2.64623
21,0,imagen.jpeg,99,activacion,1x576x14x14,0.982711
21,0,imagen.jpeg,100,pointwise_conv,1x576x14x14,97.380627
21,0,imagen.jpeg,101,batchnorm,1x96x14x14,0.435185
21,0,imagen.jpeg,102,layer_add,1x96x14x14,0.204442
21,0,imagen.jpeg,103,pointwise_conv,1x96x14x14,55.491581
21,0,imagen.jpeg,104,batchnorm,1x576x14x14,2.66706
21,0,imagen.jpeg,105,activacion,1x576x14x14,0.983562
21,0,imagen.jpeg,106,depthwise_conv,1x576x14x14,10.751983
21,0,imagen.jpeg,107,batchnorm,1x576x14x14,2.626329
21,0,imagen.jpeg,108,activacion,1x576x14x14,0.944741
21,0,imagen.jpeg,109,pointwise_conv,1x576x14x14,97.358106
21,0,imagen.jpeg,110,batchnorm,1x96x14x14,0.438165
21,0,imagen.jpeg,111,layer_add,1x96x14x14,0.231682
21,0,imagen.jpeg,112,pointwise_conv,1x96x14x14,55.37816
21,0,imagen.jpeg,113,batchnorm,1x576x14x14,2.62929
21,0,imagen.jpeg,114,activacion,1x576x14x14,1.018902
21,0,imagen.jpeg,115,depthwise_conv,1x576x14x14,2.774601
21,0,imagen.jpeg,116,batchnorm,1x576x7x7,0.685508
21,0,imagen.jpeg,117,activacion,1x576x7x7,0.207003
21,0,imagen.jpeg,118,pointwise_conv,1x576x7x7,42.734335
21,0,imagen.jpeg,119,batchnorm,1x160x7x7,0.252293
21,0,imagen.jpeg,120,pointwise_conv,1x160x7x7,31.491158
21,0,imagen.jpeg,121,batchnorm,1x960x7x7,1.114873
21,0,imagen.jpeg,122,activacion,1x960x7x7,0.394225
21,0,imagen.jpeg,123,depthwise_conv,1x960x7x7,4.623583
21,0,imagen.jpeg,124,batchnorm,1x960x7x7,1.117483
21,0,imagen.jpeg,125,activacion,1x960x7x7,0.405764
21,0,imagen.jpeg,126,pointwise_conv,1x960x7x7,90.740991
21,0,imagen.jpeg,127,batchnorm,1x160x7x7,0.184912
21,0,imagen.jpeg,128,layer_add,1x160x7x7,0.083151
21,0,imagen.jpeg,129,pointwise_conv,1x160x7x7,31.523968
21,0,imagen.jpeg,130,batchnorm,1x960x7x7,1.114873
21,0,imagen.jpeg,131,activacion,1x960x7x7,0.404284
21,0,imagen.jpeg,132,depthwise_conv,1x960x7x7,4.603612
21,0,imagen.jpeg,133,batchnorm,1x960x7x7,1.109772
21,0,imagen.jpeg,134,activacion,1x960x7x7,0.399565
21,0,imagen.jpeg,135,pointwise_conv,1x960x7x7,90.824182
21,0,imagen.jpeg,136,batchnorm,1x160x7x7,0.186822
21,0,imagen.jpeg,137,layer_add,1x160x7x7,0.086111
21,0,imagen.jpeg,138,pointwise_conv,1x160x7x7,31.503048
21,0,imagen.jpeg,139,batchnorm,1x960x7x7,1.115242
21,0,imagen.jpeg,140,activacion,1x960x7x7,0.417795
21,0,imagen.jpeg,141,depthwise_conv,1x960x7x7,4.645382
21,0,imagen.jpeg,142,batchnorm,1x960x7x7,1.095152
21,0,imagen.jpeg,143,activacion,1x960x7x7,0.316673
21,0,imagen.jpeg,144,pointwise_conv,1x960x7x7,181.518673
21,0,imagen.jpeg,145,batchnorm,1x320x7x7,0.372555
21,0,imagen.jpeg,146,pointwise_conv,1x320x7x7,108.598384
21,0,imagen.jpeg,147,batchnorm,1x1280x7x7,1.497027
21,0,imagen.jpeg,148,activacion,1x1280x7x7,0.580757
21,0,imagen.jpeg,149,pooling,1x1280x7x7,0.263853
21,0,imagen.jpeg,150,linear,1x1280,5.172839
22,0,imagen.jpeg,0,conv2d,1x3x224x224,115.028706
22,0,imagen.jpeg,1,batchnorm,1x32x112x112,9.161934
22,0,imagen.jpeg,2,activacion,1x32x112x112,2.890783
22,0,imagen.jpeg,3,depthwise_conv,1x32x112x112,37.193012
22,0,imagen.jpeg,4,batchnorm,1x32x112x112,9.234425
22,0,imagen.jpeg,5,activacion,1x32x112x112,2.862593
22,0,imagen.jpeg,6,pointwise_conv,1x32x112x112,128.770093
22,0,imagen.jpeg,7,batchnorm,1x16x112x112,4.615613
22,0,imagen.jpeg,8,pointwise_conv,1x16x112x112,171.010053
22,0,imagen.jpeg,9,batchnorm,1x96x112x112,27.730995
22,0,imagen.jpeg,10,activacion,1x96x112x112,9.429927
22,0,imagen.jpeg,11,depthwise_conv,1x96x112x112,29.129051
22,0,imagen.jpeg,12,batchnorm,1x96x56x56,6.885859
22,0,imagen.jpeg,13,activacion,1x96x56x56,2.524038
22,0,imagen.jpeg,14,pointwise_conv,1x96x56x56,94.663385
22,0,imagen.jpeg,15,batchnorm,1x24x56x56,1.710549
22,0,imagen.jpeg,16,pointwise_conv,1x24x56x56,88.362574
22,0,imagen.jpeg,17,batchnorm,1x144x56x56,10.457049
22,0,imagen.jpeg,18,activacion,1x144x56x56,3.52846
22,0,imagen.jpeg,19,depthwise_conv,1x144x56x56,41.911526
22,0,imagen.jpeg,20,batchnorm,1x144x56x56,10.352958
22,0,imagen.jpeg,21,activacion,1x144x56x56,3.946575
22,0,imagen.jpeg,22,pointwise_conv,1x144x56x56,199.151562
22,0,imagen.jpeg,23,batchnorm,1x24x56x56,1.75939
22,0,imagen.jpeg,24,layer_add,1x24x56x56,0.801599
22,0,imagen.jpeg,25,pointwise_conv,1x24x56x56,87.626375
22,0,imagen.jpeg,26,batchnorm,1x144x56x56,10.527009
22,0,imagen.jpeg,27,activacion,1x144x56x56,3.862704
22,0,imagen.jpeg,28,depthwise_conv,1x144x56x56,10.783913
22,0,imagen.jpeg,29,batchnorm,1x144x28x28,2.599099
22,0,imagen.jpeg,30,activacion,1x144x28x28,0.895601
22,0,imagen.jpeg,31,pointwise_conv,1x144x28x28,25.667922
22,0,imagen.jpeg,32,batchnorm,1x32x28x28,0.585466
22,0,imagen.jpeg,33,pointwise_conv,1x32x28x28,34.546892
22,0,imagen.jpeg,34,batchnorm,1x192x28x28,3.461039
22,0,imagen.jpeg,35,activacion,1x192x28x28,1.148983
22,0,imagen.jpeg,36,depthwise_conv,1x192x28x28,13.978019
22,0,imagen.jpeg,37,batchnorm,1x192x28x28,3.5226
22,0,imagen.jpeg,38,activacion,1x192x28x28,1.340656
22,0,imagen.jpeg,39,pointwise_conv,1x192x28x28,34.113827
22,0,imagen.jpeg,40,batchnorm,1x32x28x28,0.572006
22,0,imagen.jpeg,41,layer_add,1x32x28x28,0.275203
22,0,imagen.jpeg,42,pointwise_conv,1x32x28x28,34.516522
22,0,imagen.jpeg,43,batchnorm,1x192x28x28,3.472799
22,0,imagen.jpeg,44,activacion,1x192x28x28,1.181913
22,0,imagen.jpeg,45,depthwise_conv,1x192x28x28,13.976719
22,0,imagen.jpeg,46,batchnorm,1x192x28x28,3.445689
22,0,imagen.jpeg,47,activacion,1x192x28x28,1.337185
22,0,imagen.jpeg,48,pointwise_conv,1x192x28x28,34.257699
22,0,imagen.jpeg,49,batchnorm,1x32x28x28,0.576527
22,0,imagen.jpeg,50,layer_add,1x32x28x28,0.276554
22,0,imagen.jpeg,51,pointwise_conv,1x32x28x28,34.515523
22,0,imagen.jpeg,52,batchnorm,1x192x28x28,3.47583
22,0,imagen.jpeg,53,activacion,1x192x28x28,1.255614
22,0,imagen.jpeg,54,depthwise_conv,1x192x28x28,3.637831
22,0,imagen.jpeg,55,batchnorm,1x192x14x14,0.87216
22,0,imagen.jpeg,56,activacion,1x192x14x14,0.276603
22,0,imagen.jpeg,57,pointwise_conv,1x192x14x14,12.604423
22,0,imagen.jpeg,58,batchnorm,1x64x14x14,0.289153
22,0,imagen.jpeg,59,pointwise_conv,1x64x14x14,24.390047
22,0,imagen.jpeg,60,batchnorm,1x384x14x14,1.76669
22,0,imagen.jpeg,61,activacion,1x384x14x14,0.558976
22,0,imagen.jpeg,62,depthwise_conv,1x384x14x14,7.06252
22,0,imagen.jpeg,63,batchnorm,1x384x14x14,1.730889
22,0,imagen.jpeg,64,activacion,1x384x14x14,0.732218
22,0,imagen.jpeg,65,pointwise_conv,1x384x14x14,30.704109
22,0,imagen.jpeg,66,batchnorm,1x64x14x14,0.287943
22,0,imagen.jpeg,67,layer_add,1x64x14x14,0.158412
22,0,imagen.jpeg,68,pointwise_conv,1x64x14x14,24.277566
22,0,imagen.jpeg,69,batchnorm,1x384x14x14,1.747799
22,0,imagen.jpeg,70,activacion,1x384x14x14,0.617947
22,0,imagen.jpeg,71,depthwise_conv,1x384x14x14,7.0692
22,0,imagen.jpeg,72,batchnorm,1x384x14x14,1.750609
22,0,imagen.jpeg,73,activacion,1x384x14x14,0.652558
22,0,imagen.jpeg,74,pointwise_conv,1x384x14x14,30.82618
22,0,imagen.jpeg,75,batchnorm,1x64x14x14,0.289683
22,0,imagen.jpeg,76,layer_add,1x64x14x14,0.134852
22,0,imagen.jpeg,77,pointwise_conv,1x64x14x14,24.283396
22,0,imagen.jpeg,78,batchnorm,1x384x14x14,1.76454
22,0,imagen.jpeg,79,activacion,1x384x14x14,0.648277
22,0,imagen.jpeg,80,depthwise_conv,1x384x14x14,7.06041
22,0,imagen.jpeg,81,batchnorm,1x384x14x14,1.74344
22,0,imagen.jpeg,82,activacion,1x384x14x14,0.658827
22,0,imagen.jpeg,83,pointwise_conv,1x384x14x14,30.832791
22,0,imagen.jpeg,84,batchnorm,1x64x14x14,0.288283
22,0,imagen.jpeg,85,layer_add,1x64x14x14,0.134322
22,0,imagen.jpeg,86,pointwise_conv,1x64x14x14,24.383507
22,0,imagen.jpeg,87,batchnorm,1x384x14x14,1.75032
22,0,imagen.jpeg,88,activacion,1x384x14x14,0.638287
22,0,imagen.jpeg,89,depthwise_conv,1x384x14x14,7.07119
22,0,imagen.jpeg,90,batchnorm,1x384x14x14,1.75995
22,0,imagen.jpeg,91,activacion,1x384x14x14,0.658218
22,0,imagen.jpeg,92,pointwise_conv,1x384x14x14,46.038273
22,0,imagen.jpeg,93,batchnorm,1x96x14x14,0.454205
22,0,imagen.jpeg,94,pointwise_conv,1x96x14x14,55.386999
22,0,imagen.jpeg,95,batchnorm,1x576x14x14,2.62947
22,0,imagen.jpeg,96,activacion,1x576x14x14,1.009172
22,0,imagen.jpeg,97,depthwise_conv,1x576x14x14,10.60301
22,0,imagen.jpeg,98,batchnorm,1x576x14x14,2.64251
22,0,imagen.jpeg,99,activacion,1x576x14x14,0.967401
22,0,imagen.jpeg,100,pointwise_conv,1x576x14x14,97.509038
22,0,imagen.jpeg,101,batchnorm,1x96x14x14,0.436205
22,0,imagen.jpeg,102,layer_add,1x96x14x14,0.206102
22,0,imagen.jpeg,103,pointwise_conv,1x96x14x14,55.544921
22,0,imagen.jpeg,104,batchnorm,1x576x14x14,2.65807
22,0,imagen.jpeg,105,activacion,1x576x14x14,0.983761
22,0,imagen.jpeg,106,depthwise_conv,1x576x14x14,10.691051
22,0,imagen.jpeg,107,batchnorm,1x576x14x14,2.64293
22,0,imagen.jpeg,108,activacion,1x576x14x14,0.954301
22,0,imagen.jpeg,109,pointwise_conv,1x576x14x14,97.361907
22,0,imagen.jpeg,110,batchnorm,1x96x14x14,0.436955
22,0,imagen.jpeg,111,layer_add,1x96x14x14,0.201263
22,0,imagen.jpeg,112,pointwise_conv,1x96x14x14,55.317109
22,0,imagen.jpeg,113,batchnorm,1x576x14x14,2.64704
22,0,imagen.jpeg,114,activacion,1x576x14x14,1.023052
22,0,imagen.jpeg,115,depthwise_conv,1x576x14x14,2.766801
22,0,imagen.jpeg,116,batchnorm,1x576x7x7,0.701848
22,0,imagen.jpeg,117,activacion,1x576x7x7,0.203432
22,0,imagen.jpeg,118,pointwise_conv,1x576x7x7,42.848917
22,0,imagen.jpeg,119,batchnorm,1x160x7x7,0.183802
22,0,imagen.jpeg,120,pointwise_conv,1x160x7x7,31.512828
22,0,imagen.jpeg,121,batchnorm,1x960x7x7,1.112013
22,0,imagen.jpeg,122,activacion,1x960x7x7,0.395275
22,0,imagen.jpeg,123,depthwise_conv,1x960x7x7,4.615492
22,0,imagen.jpeg,124,batchnorm,1x960x7x7,1.112523
22,0,imagen.jpeg,125,activacion,1x960x7x7,0.404725
22,0,imagen.jpeg,126,pointwise_conv,1x960x7x7,90.583289
22,0,imagen.jpeg,127,batchnorm,1x160x7x7,0.184162
22,0,imagen.jpeg,128,layer_add,1x160x7x7,0.088031
22,0,imagen.jpeg,129,pointwise_conv,1x160x7x7,31.506298
22,0,imagen.jpeg,130,batchnorm,1x960x7x7,1.117803
22,0,imagen.jpeg,131,activacion,1x960x7x7,0.399674
22,0,imagen.jpeg,132,depthwise_conv,1x960x7x7,4.626803
22,0,imagen.jpeg,133,batchnorm,1x960x7x7,1.109822
22,0,imagen.jpeg,134,activacion,1x960x7x7,0.395744
22,0,imagen.jpeg,135,pointwise_conv,1x960x7x7,90.61029
22,0,imagen.jpeg,136,batchnorm,1x160x7x7,0.186582
22,0,imagen.jpeg,137,layer_add,1x160x7x7,0.088101
22,0,imagen.jpeg,138,pointwise_conv,1x160x7x7,31.491818
22,0,imagen.jpeg,139,batchnorm,1x960x7x7,1.113483
22,0,imagen.jpeg,140,activacion,1x960x7x7,0.403104
22,0,imagen.jpeg,141,depthwise_conv,1x960x7x7,4.717324
22,0,imagen.jpeg,142,batchnorm,1x960x7x7,1.095102
22,0,imagen.jpeg,143,activacion,1x960x7x7,0.315873
22,0,imagen.jpeg,144,pointwise_conv,1x960x7x7,181.988577
22,0,imagen.jpeg,145,batchnorm,1x320x7x7,0.377114
22,0,imagen.jpeg,146,pointwise_conv,1x320x7x7,108.482813
22,0,imagen.jpeg,147,batchnorm,1x1280x7x7,1.499187
22,0,imagen.jpeg,148,activacion,1x1280x7x7,0.544546
22,0,imagen.jpeg,149,pooling,1x1280x7x7,0.263783
22,0,imagen.jpeg,150,linear,1x1280,5.126208
23,0,imagen.jpeg,0,conv2d,1x3x224x224,115.28412
23,0,imagen.jpeg,1,batchnorm,1x32x112x112,9.174074
23,0,imagen.jpeg,2,activacion,1x32x112x112,2.767352
23,0,imagen.jpeg,3,depthwise_conv,1x32x112x112,37.103961
23,0,imagen.jpeg,4,batchnorm,1x32x112x112,9.239865
23,0,imagen.jpeg,5,activacion,1x32x112x112,2.977304
23,0,imagen.jpeg,6,pointwise_conv,1x32x112x112,129.156187
23,0,imagen.jpeg,7,batchnorm,1x16x112x112,4.583432
23,0,imagen.jpeg,8,pointwise_conv,1x16x112x112,170.701619
23,0,imagen.jpeg,9,batchnorm,1x96x112x112,27.729015
23,0,imagen.jpeg,10,activacion,1x96x112x112,9.467578
23,0,imagen.jpeg,11,depthwise_conv,1x96x112x112,29.109641
23,0,imagen.jpeg,12,batchnorm,1x96x56x56,6.866348
23,0,imagen.jpeg,13,activacion,1x96x56x56,2.500098
23,0,imagen.jpeg,14,pointwise_conv,1x96x56x56,95.0953
23,0,imagen.jpeg,15,batchnorm,1x24x56x56,1.707459
23,0,imagen.jpeg,16,pointwise_conv,1x24x56x56,88.401414
23,0,imagen.jpeg,17,batchnorm,1x144x56x56,10.450749
23,0,imagen.jpeg,18,activacion,1x144x56x56,3.52264
23,0,imagen.jpeg,19,depthwise_conv,1x144x56x56,41.918036
23,0,imagen.jpeg,20,batchnorm,1x144x56x56,10.307807
23,0,imagen.jpeg,21,activacion,1x144x56x56,3.956195
23,0,imagen.jpeg,22,pointwise_conv,1x144x56x56,199.299904
23,0,imagen.jpeg,23,batchnorm,1x24x56x56,1.711579
23,0,imagen.jpeg,24,layer_add,1x24x56x56,0.823739
23,0,imagen.jpeg,25,pointwise_conv,1x24x56x56,87.583225
23,0,imagen.jpeg,26,batchnorm,1x144x56x56,10.457569
23,0,imagen.jpeg,27,activacion,1x144x56x56,3.864384
23,0,imagen.jpeg,28,depthwise_conv,1x144x56x56,10.664861
23,0,imagen.jpeg,29,batchnorm,1x144x28x28,2.606439
23,0,imagen.jpeg,30,activacion,1x144x28x28,0.89172
23,0,imagen.jpeg,31,pointwise_conv,1x144x28x28,25.619181
23,0,imagen.jpeg,32,batchnorm,1x32x28x28,0.569807
23,0,imagen.jpeg,33,pointwise_conv,1x32x28x28,34.556013
23,0,imagen.jpeg,34,batchnorm,1x192x28x28,3.4422
23,0,imagen.jpeg,35,activacion,1x192x28x28,1.113803
23,0,imagen.jpeg,36,depthwise_conv,1x192x28x28,14.07551
23,0,imagen.jpeg,37,batchnorm,1x192x28x28,3.422649
23,0,imagen.jpeg,38,activacion,1x192x28x28,1.365855
23,0,imagen.jpeg,39,pointwise_conv,1x192x28x28,34.074947
23,0,imagen.jpeg,40,batchnorm,1x32x28x28,0.595417
23,0,imagen.jpeg,41,layer_add,1x32x28x28,0.273314
23,0,imagen.jpeg,42,pointwise_conv,1x32x28x28,34.522062
23,0,imagen.jpeg,43,batchnorm,1x192x28x28,3.453449
23,0,imagen.jpeg,44,activacion,1x192x28x28,1.212284
23,0,imagen.jpeg,45,depthwise_conv,1x192x28x28,14.0825
23,0,imagen.jpeg,46,batchnorm,1x192x28x28,3.49467
23,0,imagen.jpeg,47,activacion,1x192x28x28,1.414966
23,0,imagen.jpeg,48,pointwise_conv,1x192x28x28,34.095668
23,0,imagen.jpeg,49,batchnorm,1x32x28x28,0.594297
23,0,imagen.jpeg,50,layer_add,1x32x28x28,0.272653
23,0,imagen.jpeg,51,pointwise_conv,1x32x28x28,34.478582
23,0,imagen.jpeg,52,batchnorm,1x192x28x28,3.4601
23,0,imagen.jpeg,53,activacion,1x192x28x28,1.288775
23,0,imagen.jpeg,54,depthwise_conv,1x192x28x28,3.657401
23,0,imagen.jpeg,55,batchnorm,1x192x14x14,0.87443
23,0,imagen.jpeg,56,activacion,1x192x14x14,0.277034
23,0,imagen.jpeg,57,pointwise_conv,1x192x14x14,12.617243
23,0,imagen.jpeg,58,batchnorm,1x64x14x14,0.287874
23,0,imagen.jpeg,59,pointwise_conv,1x64x14x14,24.368797
23,0,imagen.jpeg,60,batchnorm,1x384x14x14,1.75535
23,0,imagen.jpeg,61,activacion,1x384x14x14,0.557896
23,0,imagen.jpeg,62,depthwise_conv,1x384x14x14,7.07746
23,0,imagen.jpeg,63,batchnorm,1x384x14x14,1.75402
23,0,imagen.jpeg,64,activacion,1x384x14x14,0.694618
23,0,imagen.jpeg,65,pointwise_conv,1x384x14x14,30.79908
23,0,imagen.jpeg,66,batchnorm,1x64x14x14,0.292313
23,0,imagen.jpeg,67,layer_add,1x64x14x14,0.136872
23,0,imagen.jpeg,68,pointwise_conv,1x64x14x14,24.287256
23,0,imagen.jpeg,69,batchnorm,1x384x14x14,1.74781
23,0,imagen.jpeg,70,activacion,1x384x14x14,0.617037
23,0,imagen.jpeg,71,depthwise_conv,1x384x14x14,7.05512
23,0,imagen.jpeg,72,batchnorm,1x384x14x14,1.734899
23,0,imagen.jpeg,73,activacion,1x384x14x14,0.674108
23,0,imagen.jpeg,74,pointwise_conv,1x384x14x14,30.853901
23,0,imagen.jpeg,75,batchnorm,1x64x14x14,0.289814
23,0,imagen.jpeg,76,layer_add,1x64x14x14,0.140081
23,0,imagen.jpeg,77,pointwise_conv,1x64x14x14,24.305836
23,0,imagen.jpeg,78,batchnorm,1x384x14x14,1.77436
23,0,imagen.jpeg,79,activacion,1x384x14x14,0.661827
23,0,imagen.jpeg,80,depthwise_conv,1x384x14x14,7.06545
23,0,imagen.jpeg,81,batchnorm,1x384x14x14,1.73911
23,0,imagen.jpeg,82,activacion,1x384x14x14,0.666077
23,0,imagen.jpeg,83,pointwise_conv,1x384x14x14,30.727729
23,0,imagen.jpeg,84,batchnorm,1x64x14x14,0.292923
23,0,imagen.jpeg,85,layer_add,1x64x14x14,0.135682
23,0,imagen.jpeg,86,pointwise_conv,1x64x14x14,24.347716
23,0,imagen.jpeg,87,batchnorm,1x384x14x14,1.74769
23,0,imagen.jpeg,88,activacion,1x384x14x14,0.655088
23,0,imagen.jpeg,89,depthwise_conv,1x384x14x14,7.04212
23,0,imagen.jpeg,90,batchnorm,1x384x14x14,1.74613
23,0,imagen.jpeg,91,activacion,1x384x14x14,0.659198
23,0,imagen.jpeg,92,pointwise_conv,1x384x14x14,46.059083
23,0,imagen.jpeg,93,batchnorm,1x96x14x14,0.432255
23,0,imagen.jpeg,94,pointwise_conv,1x96x14x14,55.40642
23,0,imagen.jpeg,95,batchnorm,1x576x14x14,2.6581
23,0,imagen.jpeg,96,activacion,1x576x14x14,0.971001
23,0,imagen.jpeg,97,depthwise_conv,1x576x14x14,10.616111
23,0,imagen.jpeg,98,batchnorm,1x576x14x14,2.63399
23,0,imagen.jpeg,99,activacion,1x576x14x14,0.999781
23,0,imagen.jpeg,100,pointwise_conv,1x576x14x14,97.452437
23,0,imagen.jpeg,101,batchnorm,1x96x14x14,0.432965
23,0,imagen.jpeg,102,layer_add,1x96x14x14,0.208133
23,0,imagen.jpeg,103,pointwise_conv,1x96x14x14,55.544501
23,0,imagen.jpeg,104,batchnorm,1x576x14x14,2.694071
23,0,imagen.jpeg,105,activacion,1x576x14x14,0.991832
23,0,imagen.jpeg,106,depthwise_conv,1x576x14x14,10.685662
23,0,imagen.jpeg,107,batchnorm,1x576x14x14,2.64224
23,0,imagen.jpeg,108,activacion,1x576x14x14,0.948431
23,0,imagen.jpeg,109,pointwise_conv,1x576x14x14,97.455387
23,0,imagen.jpeg,110,batchnorm,1x96x14x14,0.438115
23,0,imagen.jpeg,111,layer_add,1x96x14x14,0.207812
23,0,imagen.jpeg,112,pointwise_conv,1x96x14x14,55.342709
23,0,imagen.jpeg,113,batchnorm,1x576x14x14,2.662221
23,0,imagen.jpeg,114,activacion,1x576x14x14,0.983931
23,0,imagen.jpeg,115,depthwise_conv,1x576x14x14,2.797352
23,0,imagen.jpeg,116,batchnorm,1x576x7x7,0.662018
23,0,imagen.jpeg,117,activacion,1x576x7x7,0.203322
23,0,imagen.jpeg,118,pointwise_conv,1x576x7x7,42.733005
23,0,imagen.jpeg,119,batchnorm,1x160x7x7,0.183472
23,0,imagen.jpeg,120,pointwise_conv,1x160x7x7,31.495918
23,0,imagen.jpeg,121,batchnorm,1x960x7x7,1.113293
23,0,imagen.jpeg,122,activacion,1x960x7x7,0.401964
23,0,imagen.jpeg,123,depthwise_conv,1x960x7x7,4.687423
23,0,imagen.jpeg,124,batchnorm,1x960x7x7,1.097542
23,0,imagen.jpeg,125,activacion,1x960x7x7,0.404544
23,0,imagen.jpeg,126,pointwise_conv,1x960x7x7,90.72306
23,0,imagen.jpeg,127,batchnorm,1x160x7x7,0.184392
23,0,imagen.jpeg,128,layer_add,1x160x7x7,0.083841
23,0,imagen.jpeg,129,pointwise_conv,1x160x7x7,31.642719
23,0,imagen.jpeg,130,batchnorm,1x960x7x7,1.118542
23,0,imagen.jpeg,131,activacion,1x960x7x7,0.423615
23,0,imagen.jpeg,132,depthwise_conv,1x960x7x7,4.607422
23,0,imagen.jpeg,133,batchnorm,1x960x7x7,1.096173
23,0,imagen.jpeg,134,activacion,1x960x7x7,0.396855
23,0,imagen.jpeg,135,pointwise_conv,1x960x7x7,90.774741
23,0,imagen.jpeg,136,batchnorm,1x160x7x7,0.187442
23,0,imagen.jpeg,137,layer_add,1x160x7x7,0.084991
23,0,imagen.jpeg,138,pointwise_conv,1x160x7x7,31.598539
23,0,imagen.jpeg,139,batchnorm,1x960x7x7,1.138753
23,0,imagen.jpeg,140,activacion,1x960x7x7,0.391524
23,0,imagen.jpeg,141,depthwise_conv,1x960x7x7,4.594782
23,0,imagen.jpeg,142,batchnorm,1x960x7x7,1.094973
23,0,imagen.jpeg,143,activacion,1x960x7x7,0.318494
23,0,imagen.jpeg,144,pointwise_conv,1x960x7x7,181.470682
23,0,imagen.jpeg,145,batchnorm,1x320x7x7,0.372895
23,0,imagen.jpeg,146,pointwise_conv,1x320x7x7,108.495882
23,0,imagen.jpeg,147,batchnorm,1x1280x7x7,1.528757
23,0,imagen.jpeg,148,activacion,1x1280x7x7,0.532037
23,0,imagen.jpeg,149,pooling,1x1280x7x7,0.265373
23,0,imagen.jpeg,150,linear,1x1280,5.120758
24,0,imagen.jpeg,0,conv2d,1x3x224x224,115.020727
24,0,imagen.jpeg,1,batchnorm,1x32x112x112,9.157154
24,0,imagen.jpeg,2,activacion,1x32x112x112,2.803612
24,0,imagen.jpeg,3,depthwise_conv,1x32x112x112,37.03985
24,0,imagen.jpeg,4,batchnorm,1x32x112x112,9.306846
24,0,imagen.jpeg,5,activacion,1x32x112x112,2.805162
24,0,imagen.jpeg,6,pointwise_conv,1x32x112x112,129.825125
24,0,imagen.jpeg,7,batchnorm,1x16x112x112,4.595492
24,0,imagen.jpeg,8,pointwise_conv,1x16x112x112,170.71041
24,0,imagen.jpeg,9,batchnorm,1x96x112x112,27.846456
24,0,imagen.jpeg,10,activacion,1x96x112x112,9.430967
24,0,imagen.jpeg,11,depthwise_conv,1x96x112x112,29.094571
24,0,imagen.jpeg,12,batchnorm,1x96x56x56,6.880418
24,0,imagen.jpeg,13,activacion,1x96x56x56,2.474908
24,0,imagen.jpeg,14,pointwise_conv,1x96x56x56,94.353462
24,0,imagen.jpeg,15,batchnorm,1x24x56x56,1.76011
24,0,imagen.jpeg,16,pointwise_conv,1x24x56x56,88.305333
24,0,imagen.jpeg,17,batchnorm,1x144x56x56,10.478969
24,0,imagen.jpeg,18,activacion,1x144x56x56,3.594021
24,0,imagen.jpeg,19,depthwise_conv,1x144x56x56,41.908296
24,0,imagen.jpeg,20,batchnorm,1x144x56x56,10.316748
24,0,imagen.jpeg,21,activacion,1x144x56x56,3.956125
24,0,imagen.jpeg,22,pointwise_conv,1x144x56x56,199.067222
24,0,imagen.jpeg,23,batchnorm,1x24x56x56,1.71605
24,0,imagen.jpeg,24,layer_add,1x24x56x56,0.86057
24,0,imagen.jpeg,25,pointwise_conv,1x24x56x56,87.731077
24,0,imagen.jpeg,26,batchnorm,1x144x56x56,10.440099
24,0,imagen.jpeg,27,activacion,1x144x56x56,3.819523
24,0,imagen.jpeg,28,depthwise_conv,1x144x56x56,10.637831
24,0,imagen.jpeg,29,batchnorm,1x144x28x28,2.5988
24,0,imagen.jpeg,30,activacion,1x144x28x28,0.89832
24,0,imagen.jpeg,31,pointwise_conv,1x144x28x28,25.581011
24,0,imagen.jpeg,32,batchnorm,1x32x28x28,0.568366
24,0,imagen.jpeg,33,pointwise_conv,1x32x28x28,34.602133
24,0,imagen.jpeg,34,batchnorm,1x192x28x28,3.53842
24,0,imagen.jpeg,35,activacion,1x192x28x28,1.120003
24,0,imagen.jpeg,36,depthwise_conv,1x192x28x28,14.039
24,0,imagen.jpeg,37,batchnorm,1x192x28x28,3.462859
24,0,imagen.jpeg,38,activacion,1x192x28x28,1.338725
24,0,imagen.jpeg,39,pointwise_conv,1x192x28x28,34.32202
24,0,imagen.jpeg,40,batchnorm,1x32x28x28,0.569797
24,0,imagen.jpeg,41,layer_add,1x32x28x28,0.272893
24,0,imagen.jpeg,42,pointwise_conv,1x32x28x28,34.544752
24,0,imagen.jpeg,43,batchnorm,1x192x28x28,3.479799
24,0,imagen.jpeg,44,activacion,1x192x28x28,1.181573
24,0,imagen.jpeg,45,depthwise_conv,1x192x28x28,14.07752
24,0,imagen.jpeg,46,batchnorm,1x192x28x28,3.450449
24,0,imagen.jpeg,47,activacion,1x192x28x28,1.342656
24,0,imagen.jpeg,48,pointwise_conv,1x192x28x28,34.214259
24,0,imagen.jpeg,49,batchnorm,1x32x28x28,0.573067
24,0,imagen.jpeg,50,layer_add,1x32x28x28,0.273123
24,0,imagen.jpeg,51,pointwise_conv,1x32x28x28,34.514192
24,0,imagen.jpeg,52,batchnorm,1x192x28x28,3.473869
24,0,imagen.jpeg,53,activacion,1x192x28x28,1.254094
24,0,imagen.jpeg,54,depthwise_conv,1x192x28x28,3.658881
24,0,imagen.jpeg,55,batchnorm,1x192x14x14,0.87548
24,0,imagen.jpeg,56,activacion,1x192x14x14,0.277084
24,0,imagen.jpeg,57,pointwise_conv,1x192x14x14,12.706774
24,0,imagen.jpeg,58,batchnorm,1x64x14x14,0.288464
24,0,imagen.jpeg,59,pointwise_conv,1x64x14x14,24.295936
24,0,imagen.jpeg,60,batchnorm,1x384x14x14,1.75557
24,0,imagen.jpeg,61,activacion,1x384x14x14,0.582646
24,0,imagen.jpeg,62,depthwise_conv,1x384x14x14,7.04981
24,0,imagen.jpeg,63,batchnorm,1x384x14x14,1.744889
24,0,imagen.jpeg,64,activacion,1x384x14x14,0.689818
24,0,imagen.jpeg,65,pointwise_conv,1x384x14x14,30.724599
24,0,imagen.jpeg,66,batchnorm,1x64x14x14,0.289094
24,0,imagen.jpeg,67,layer_add,1x64x14x14,0.139301
24,0,imagen.jpeg,68,pointwise_conv,1x64x14x14,24.419457
24,0,imagen.jpeg,69,batchnorm,1x384x14x14,1.76697
24,0,imagen.jpeg,70,activacion,1x384x14x14,0.617527
24,0,imagen.jpeg,71,depthwise_conv,1x384x14x14,7.12515
24,0,imagen.jpeg,72,batchnorm,1x384x14x14,1.73542
24,0,imagen.jpeg,73,activacion,1x384x14x14,0.676368
24,0,imagen.jpeg,74,pointwise_conv,1x384x14x14,30.689369
24,0,imagen.jpeg,75,batchnorm,1x64x14x14,0.289813
24,0,imagen.jpeg,76,layer_add,1x64x14x14,0.138631
24,0,imagen.jpeg,77,pointwise_conv,1x64x14x14,24.277325
24,0,imagen.jpeg,78,batchnorm,1x384x14x14,1.75525
24,0,imagen.jpeg,79,activacion,1x384x14x14,0.670397
24,0,imagen.jpeg,80,depthwise_conv,1x384x14x14,7.07023
24,0,imagen.jpeg,81,batchnorm,1x384x14x14,1.75607
24,0,imagen.jpeg,82,activacion,1x384x14x14,0.652168
24,0,imagen.jpeg,83,pointwise_conv,1x384x14x14,30.80669
24,0,imagen.jpeg,84,batchnorm,1x64x14x14,0.288543
24,0,imagen.jpeg,85,layer_add,1x64x14x14,0.139322
24,0,imagen.jpeg,86,pointwise_conv,1x64x14x14,24.288486
24,0,imagen.jpeg,87,batchnorm,1x384x14x14,1.77132
24,0,imagen.jpeg,88,activacion,1x384x14x14,0.647557
24,0,imagen.jpeg,89,depthwise_conv,1x384x14x14,7.05506
24,0,imagen.jpeg,90,batchnorm,1x384x14x14,1.734229
24,0,imagen.jpeg,91,activacion,1x384x14x14,0.653127
24,0,imagen.jpeg,92,pointwise_conv,1x384x14x14,46.106193
24,0,imagen.jpeg,93,batchnorm,1x96x14x14,0.436435
24,0,imagen.jpeg,94,pointwise_conv,1x96x14x14,55.44509
24,0,imagen.jpeg,95,batchnorm,1x576x14x14,2.655631
24,0,imagen.jpeg,96,activacion,1x576x14x14,0.975081
24,0,imagen.jpeg,97,depthwise_conv,1x576x14x14,10.59981
24,0,imagen.jpeg,98,batchnorm,1x576x14x14,2.64653
24,0,imagen.jpeg,99,activacion,1x576x14x14,1.003231
24,0,imagen.jpeg,100,pointwise_conv,1x576x14x14,97.476898
24,0,imagen.jpeg,101,batchnorm,1x96x14x14,0.454535
24,0,imagen.jpeg,102,layer_add,1x96x14x14,0.210392
24,0,imagen.jpeg,103,pointwise_conv,1x96x14x14,55.526241
24,0,imagen.jpeg,104,batchnorm,1x576x14x14,2.63452
24,0,imagen.jpeg,105,activacion,1x576x14x14,1.042642
24,0,imagen.jpeg,106,depthwise_conv,1x576x14x14,10.601901
24,0,imagen.jpeg,107,batchnorm,1x576x14x14,2.63927
24,0,imagen.jpeg,108,activacion,1x576x14x14,0.944981
24,0,imagen.jpeg,109,pointwise_conv,1x576x14x14,100.887626
24,0,imagen.jpeg,110,batchnorm,1x96x14x14,0.439125
24,0,imagen.jpeg,111,layer_add,1x96x14x14,0.202842
24,0,imagen.jpeg,112,pointwise_conv,1x96x14x14,55.323839
24,0,imagen.jpeg,113,batchnorm,1x576x14x14,2.65576
24,0,imagen.jpeg,114,activacion,1x576x14x14,0.974351
24,0,imagen.jpeg,115,depthwise_conv,1x576x14x14,2.793252
24,0,imagen.jpeg,116,batchnorm,1x576x7x7,0.665377
24,0,imagen.jpeg,117,activacion,1x576x7x7,0.203672
24,0,imagen.jpeg,118,pointwise_conv,1x576x7x7,42.767936
24,0,imagen.jpeg,119,batchnorm,1x160x7x7,0.184882
24,0,imagen.jpeg,120,pointwise_conv,1x160x7x7,31.504798
24,0,imagen.jpeg,121,batchnorm,1x960x7x7,1.116923
24,0,imagen.jpeg,122,activacion,1x960x7x7,0.390874
24,0,imagen.jpeg,123,depthwise_conv,1x960x7x7,4.643722
24,0,imagen.jpeg,124,batchnorm,1x960x7x7,1.109982
24,0,imagen.jpeg,125,activacion,1x960x7x7,0.405815
24,0,imagen.jpeg,126,pointwise_conv,1x960x7x7,90.751181
24,0,imagen.jpeg,127,batchnorm,1x160x7x7,0.184443
24,0,imagen.jpeg,128,layer_add,1x160x7x7,0.089201
24,0,imagen.jpeg,129,pointwise_conv,1x160x7x7,31.529269
24,0,imagen.jpeg,130,batchnorm,1x960x7x7,1.115472
24,0,imagen.jpeg,131,activacion,1x960x7x7,0.395965
24,0,imagen.jpeg,132,depthwise_conv,1x960x7x7,4.594273
24,0,imagen.jpeg,133,batchnorm,1x960x7x7,1.095002
24,0,imagen.jpeg,134,activacion,1x960x7x7,0.397334
24,0,imagen.jpeg,135,pointwise_conv,1x960x7x7,90.795112
24,0,imagen.jpeg,136,batchnorm,1x160x7x7,0.187742
24,0,imagen.jpeg,137,layer_add,1x160x7x7,0.086391
24,0,imagen.jpeg,138,pointwise_conv,1x160x7x7,31.583119
24,0,imagen.jpeg,139,batchnorm,1x960x7x7,1.136713
24,0,imagen.jpeg,140,activacion,1x960x7x7,0.395385
24,0,imagen.jpeg,141,depthwise_conv,1x960x7x7,4.608062
24,0,imagen.jpeg,142,batchnorm,1x960x7x7,1.094583
24,0,imagen.jpeg,143,activacion,1x960x7x7,0.314924
24,0,imagen.jpeg,144,pointwise_conv,1x960x7x7,181.607774
24,0,imagen.jpeg,145,batchnorm,1x320x7x7,0.373115
24,0,imagen.jpeg,146,pointwise_conv,1x320x7x7,108.521503
24,0,imagen.jpeg,147,batchnorm,1x1280x7x7,1.516657
24,0,imagen.jpeg,148,activacion,1x1280x7x7,0.535626
24,0,imagen.jpeg,149,pooling,1x1280x7x7,0.263933
24,0,imagen.jpeg,150,linear,1x1280,5.144079
25,0,imagen.jpeg,0,conv2d,1x3x224x224,115.773716
25,0,imagen.jpeg,1,batchnorm,1x32x112x112,9.158924
25,0,imagen.jpeg,2,activacion,1x32x112x112,2.806292
25,0,imagen.jpeg,3,depthwise_conv,1x32x112x112,37.165502
25,0,imagen.jpeg,4,batchnorm,1x32x112x112,9.231315
25,0,imagen.jpeg,5,activacion,1x32x112x112,2.854883
25,0,imagen.jpeg,6,pointwise_conv,1x32x112x112,129.090447
25,0,imagen.jpeg,7,batchnorm,1x16x112x112,4.585942
25,0,imagen.jpeg,8,pointwise_conv,1x16x112x112,172.115935
25,0,imagen.jpeg,9,batchnorm,1x96x112x112,27.670445
25,0,imagen.jpeg,10,activacion,1x96x112x112,9.404417
25,0,imagen.jpeg,11,depthwise_conv,1x96x112x112,29.132131
25,0,imagen.jpeg,12,batchnorm,1x96x56x56,6.876718
25,0,imagen.jpeg,13,activacion,1x96x56x56,2.498249
25,0,imagen.jpeg,14,pointwise_conv,1x96x56x56,95.90774
25,0,imagen.jpeg,15,batchnorm,1x24x56x56,1.76222
25,0,imagen.jpeg,16,pointwise_conv,1x24x56x56,88.422775
25,0,imagen.jpeg,17,batchnorm,1x144x56x56,10.457539
25,0,imagen.jpeg,18,activacion,1x144x56x56,3.53945
25,0,imagen.jpeg,19,depthwise_conv,1x144x56x56,41.901127
25,0,imagen.jpeg,20,batchnorm,1x144x56x56,10.313437
25,0,imagen.jpeg,21,activacion,1x144x56x56,3.963895
25,0,imagen.jpeg,22,pointwise_conv,1x144x56x56,198.996581
25,0,imagen.jpeg,23,batchnorm,1x24x56x56,1.709359
25,0,imagen.jpeg,24,layer_add,1x24x56x56,0.798999
25,0,imagen.jpeg,25,pointwise_conv,1x24x56x56,87.724377
25,0,imagen.jpeg,26,batchnorm,1x144x56x56,10.444818
25,0,imagen.jpeg,27,activacion,1x144x56x56,3.867424
25,0,imagen.jpeg,28,depthwise_conv,1x144x56x56,10.631881
25,0,imagen.jpeg,29,batchnorm,1x144x28x28,2.59956
25,0,imagen.jpeg,30,activacion,1x144x28x28,0.89295
25,0,imagen.jpeg,31,pointwise_conv,1x144x28x28,25.799413
25,0,imagen.jpeg,32,batchnorm,1x32x28x28,0.568627
25,0,imagen.jpeg,33,pointwise_conv,1x32x28x28,34.643504
25,0,imagen.jpeg,34,batchnorm,1x192x28x28,3.468229
25,0,imagen.jpeg,35,activacion,1x192x28x28,1.113883
25,0,imagen.jpeg,36,depthwise_conv,1x192x28x28,13.990109
25,0,imagen.jpeg,37,batchnorm,1x192x28x28,3.445829
25,0,imagen.jpeg,38,activacion,1x192x28x28,1.385646
25,0,imagen.jpeg,39,pointwise_conv,1x192x28x28,34.139648
25,0,imagen.jpeg,40,batchnorm,1x32x28x28,0.571657
25,0,imagen.jpeg,41,layer_add,1x32x28x28,0.271363
25,0,imagen.jpeg,42,pointwise_conv,1x32x28x28,34.653084
25,0,imagen.jpeg,43,batchnorm,1x192x28x28,3.468789
25,0,imagen.jpeg,44,activacion,1x192x28x28,1.180743
25,0,imagen.jpeg,45,depthwise_conv,1x192x28x28,14.001449
25,0,imagen.jpeg,46,batchnorm,1x192x28x28,3.46069
25,0,imagen.jpeg,47,activacion,1x192x28x28,1.337855
25,0,imagen.jpeg,48,pointwise_conv,1x192x28x28,34.085147
25,0,imagen.jpeg,49,batchnorm,1x32x28x28,0.574327
25,0,imagen.jpeg,50,layer_add,1x32x28x28,0.274303
25,0,imagen.jpeg,51,pointwise_conv,1x32x28x28,34.600443
25,0,imagen.jpeg,52,batchnorm,1x192x28x28,3.549651
25,0,imagen.jpeg,53,activacion,1x192x28x28,1.255524
25,0,imagen.jpeg,54,depthwise_conv,1x192x28x28,3.644921
25,0,imagen.jpeg,55,batchnorm,1x192x14x14,0.87496
25,0,imagen.jpeg,56,activacion,1x192x14x14,0.273994
25,0,imagen.jpeg,57,pointwise_conv,1x192x14x14,12.636543
25,0,imagen.jpeg,58,batchnorm,1x64x14x14,0.287693
25,0,imagen.jpeg,59,pointwise_conv,1x64x14x14,24.295786
25,0,imagen.jpeg,60,batchnorm,1x384x14x14,1.75537
25,0,imagen.jpeg,61,activacion,1x384x14x14,0.578807
25,0,imagen.jpeg,62,depthwise_conv,1x384x14x14,7.04984
25,0,imagen.jpeg,63,batchnorm,1x384x14x14,1.73454
25,0,imagen.jpeg,64,activacion,1x384x14x14,0.690978
25,0,imagen.jpeg,65,pointwise_conv,1x384x14x14,30.78992
25,0,imagen.jpeg,66,batchnorm,1x64x14x14,0.290503
25,0,imagen.jpeg,67,layer_add,1x64x14x14,0.138362
25,0,imagen.jpeg,68,pointwise_conv,1x64x14x14,24.354747
25,0,imagen.jpeg,69,batchnorm,1x384x14x14,1.76055
25,0,imagen.jpeg,70,activacion,1x384x14x14,0.617977
25,0,imagen.jpeg,71,depthwise_conv,1x384x14x14,7.061
25,0,imagen.jpeg,72,batchnorm,1x384x14x14,1.732849
25,0,imagen.jpeg,73,activacion,1x384x14x14,0.710698
25,0,imagen.jpeg,74,pointwise_conv,1x384x14x14,30.700429
25,0,imagen.jpeg,75,batchnorm,1x64x14x14,0.287703
25,0,imagen.jpeg,76,layer_add,1x64x14x14,0.154512
25,0,imagen.jpeg,77,pointwise_conv,1x64x14x14,24.290407
25,0,imagen.jpeg,78,batchnorm,1x384x14x14,1.74789
25,0,imagen.jpeg,79,activacion,1x384x14x14,0.659757
25,0,imagen.jpeg,80,depthwise_conv,1x384x14x14,7.0574
25,0,imagen.jpeg,81,batchnorm,1x384x14x14,1.75863
25,0,imagen.jpeg,82,activacion,1x384x14x14,0.667368
25,0,imagen.jpeg,83,pointwise_conv,1x384x14x14,30.78366
25,0,imagen.jpeg,84,batchnorm,1x64x14x14,0.289623
25,0,imagen.jpeg,85,layer_add,1x64x14x14,0.138922
25,0,imagen.jpeg,86,pointwise_conv,1x64x14x14,24.314446
25,0,imagen.jpeg,87,batchnorm,1x384x14x14,1.78513
25,0,imagen.jpeg,88,activacion,1x384x14x14,0.627857
25,0,imagen.jpeg,89,depthwise_conv,1x384x14x14,7.05369
25,0,imagen.jpeg,90,batchnorm,1x384x14x14,1.730119
25,0,imagen.jpeg,91,activacion,1x384x14x14,0.650807
25,0,imagen.jpeg,92,pointwise_conv,1x384x14x14,46.231705
25,0,imagen.jpeg,93,batchnorm,1x96x14x14,0.435215
25,0,imagen.jpeg,94,pointwise_conv,1x96x14x14,55.322499
25,0,imagen.jpeg,95,batchnorm,1x576x14x14,2.67083
25,0,imagen.jpeg,96,activacion,1x576x14x14,0.975501
25,0,imagen.jpeg,97,depthwise_conv,1x576x14x14,10.5884
25,0,imagen.jpeg,98,batchnorm,1x576x14x14,2.65485
25,0,imagen.jpeg,99,activacion,1x576x14x14,0.968711
25,0,imagen.jpeg,100,pointwise_conv,1x576x14x14,97.458467
25,0,imagen.jpeg,101,batchnorm,1x96x14x14,0.457465
25,0,imagen.jpeg,102,layer_add,1x96x14x14,0.205452
25,0,imagen.jpeg,103,pointwise_conv,1x96x14x14,55.540991
25,0,imagen.jpeg,104,batchnorm,1x576x14x14,2.63576
25,0,imagen.jpeg,105,activacion,1x576x14x14,1.024922
25,0,imagen.jpeg,106,depthwise_conv,1x576x14x14,10.59727
25,0,imagen.jpeg,107,batchnorm,1x576x14x14,2.63248
25,0,imagen.jpeg,108,activacion,1x576x14x14,0.956451
25,0,imagen.jpeg,109,pointwise_conv,1x576x14x14,97.366166
25,0,imagen.jpeg,110,batchnorm,1x96x14x14,0.436005
25,0,imagen.jpeg,111,layer_add,1x96x14x14,0.204423
25,0,imagen.jpeg,112,pointwise_conv,1x96x14x14,55.322479
25,0,imagen.jpeg,113,batchnorm,1x576x14x14,2.65872
25,0,imagen.jpeg,114,activacion,1x576x14x14,0.976771
25,0,imagen.jpeg,115,depthwise_conv,1x576x14x14,2.800152
25,0,imagen.jpeg,116,batchnorm,1x576x7x7,0.664568
25,0,imagen.jpeg,117,activacion,1x576x7x7,0.203613
25,0,imagen.jpeg,118,pointwise_conv,1x576x7x7,42.745615
25,0,imagen.jpeg,119,batchnorm,1x160x7x7,0.183532
25,0,imagen.jpeg,120,pointwise_conv,1x160x7x7,31.505408
25,0,imagen.jpeg,121,batchnorm,1x960x7x7,1.117423
25,0,imagen.jpeg,122,activacion,1x960x7x7,0.427944
25,0,imagen.jpeg,123,depthwise_conv,1x960x7x7,4.603322
25,0,imagen.jpeg,124,batchnorm,1x960x7x7,1.096572
25,0,imagen.jpeg,125,activacion,1x960x7x7,0.420324
25,0,imagen.jpeg,126,pointwise_conv,1x960x7x7,90.767611
25,0,imagen.jpeg,127,batchnorm,1x160x7x7,0.187452
25,0,imagen.jpeg,128,layer_add,1x160x7x7,0.083901
25,0,imagen.jpeg,129,pointwise_conv,1x160x7x7,31.553279
25,0,imagen.jpeg,130,batchnorm,1x960x7x7,1.189773
25,0,imagen.jpeg,131,activacion,1x960x7x7,0.395775
25,0,imagen.jpeg,132,depthwise_conv,1x960x7x7,4.613232
25,0,imagen.jpeg,133,batchnorm,1x960x7x7,1.095573
25,0,imagen.jpeg,134,activacion,1x960x7x7,0.396535
25,0,imagen.jpeg,135,pointwise_conv,1x960x7x7,90.62323
25,0,imagen.jpeg,136,batchnorm,1x160x7x7,0.186632
25,0,imagen.jpeg,137,layer_add,1x160x7x7,0.084151
25,0,imagen.jpeg,138,pointwise_conv,1x160x7x7,31.550769
25,0,imagen.jpeg,139,batchnorm,1x960x7x7,1.115572
25,0,imagen.jpeg,140,activacion,1x960x7x7,0.395394
25,0,imagen.jpeg,141,depthwise_conv,1x960x7x7,4.613723
25,0,imagen.jpeg,142,batchnorm,1x960x7x7,1.094212
25,0,imagen.jpeg,143,activacion,1x960x7x7,0.317644
25,0,imagen.jpeg,144,pointwise_conv,1x960x7x7,181.199179
25,0,imagen.jpeg,145,batchnorm,1x320x7x7,0.374085
25,0,imagen.jpeg,146,pointwise_conv,1x320x7x7,108.595604
25,0,imagen.jpeg,147,batchnorm,1x1280x7x7,1.494377
25,0,imagen.jpeg,148,activacion,1x1280x7x7,0.535076
25,0,imagen.jpeg,149,pooling,1x1280x7x7,0.264023
25,0,imagen.jpeg,150,linear,1x1280,5.173799
26,0,imagen.jpeg,0,conv2d,1x3x224x224,115.661725
26,0,imagen.jpeg,1,batchnorm,1x32x112x112,9.186675
26,0,imagen.jpeg,2,activacion,1x32x112x112,2.801172
26,0,imagen.jpeg,3,depthwise_conv,1x32x112x112,37.120622
26,0,imagen.jpeg,4,batchnorm,1x32x112x112,9.231875
26,0,imagen.jpeg,5,activacion,1x32x112x112,2.800942
26,0,imagen.jpeg,6,pointwise_conv,1x32x112x112,129.189848
26,0,imagen.jpeg,7,batchnorm,1x16x112x112,4.579542
26,0,imagen.jpeg,8,pointwise_conv,1x16x112x112,171.62265
26,0,imagen.jpeg,9,batchnorm,1x96x112x112,27.650974
26,0,imagen.jpeg,10,activacion,1x96x112x112,9.497008
26,0,imagen.jpeg,11,depthwise_conv,1x96x112x112,29.098391
26,0,imagen.jpeg,12,batchnorm,1x96x56x56,6.965239
26,0,imagen.jpeg,13,activacion,1x96x56x56,2.507599
26,0,imagen.jpeg,14,pointwise_conv,1x96x56x56,97.033233
26,0,imagen.jpeg,15,batchnorm,1x24x56x56,1.844001
26,0,imagen.jpeg,16,pointwise_conv,1x24x56x56,88.286934
26,0,imagen.jpeg,17,batchnorm,1x144x56x56,10.462189
26,0,imagen.jpeg,18,activacion,1x144x56x56,3.613101
26,0,imagen.jpeg,19,depthwise_conv,1x144x56x56,41.794955
26,0,imagen.jpeg,20,batchnorm,1x144x56x56,10.336398
26,0,imagen.jpeg,21,activacion,1x144x56x56,3.946145
26,0,imagen.jpeg,22,pointwise_conv,1x144x56x56,199.416646
26,0,imagen.jpeg,23,batchnorm,1x24x56x56,1.71487
26,0,imagen.jpeg,24,layer_add,1x24x56x56,0.84429
26,0,imagen.jpeg,25,pointwise_conv,1x24x56x56,87.701797
26,0,imagen.jpeg,26,batchnorm,1x144x56x56,10.452839
26,0,imagen.jpeg,27,activacion,1x144x56x56,3.853564
26,0,imagen.jpeg,28,depthwise_conv,1x144x56x56,10.644711
26,0,imagen.jpeg,29,batchnorm,1x144x28x28,2.598249
26,0,imagen.jpeg,30,activacion,1x144x28x28,0.895351
26,0,imagen.jpeg,31,pointwise_conv,1x144x28x28,25.726112
26,0,imagen.jpeg,32,batchnorm,1x32x28x28,0.566036
26,0,imagen.jpeg,33,pointwise_conv,1x32x28x28,34.641813
26,0,imagen.jpeg,34,batchnorm,1x192x28x28,3.52686
26,0,imagen.jpeg,35,activacion,1x192x28x28,1.115002
26,0,imagen.jpeg,36,depthwise_conv,1x192x28x28,14.001159
26,0,imagen.jpeg,37,batchnorm,1x192x28x28,3.4602
26,0,imagen.jpeg,38,activacion,1x192x28x28,1.383586
26,0,imagen.jpeg,39,pointwise_conv,1x192x28x28,34.052517
26,0,imagen.jpeg,40,batchnorm,1x32x28x28,0.570206
26,0,imagen.jpeg,41,layer_add,1x32x28x28,0.274883
26,0,imagen.jpeg,42,pointwise_conv,1x32x28x28,34.630533
26,0,imagen.jpeg,43,batchnorm,1x192x28x28,3.47415
26,0,imagen.jpeg,44,activacion,1x192x28x28,1.181753
26,0,imagen.jpeg,45,depthwise_conv,1x192x28x28,14.01722
26,0,imagen.jpeg,46,batchnorm,1x192x28x28,3.48286
26,0,imagen.jpeg,47,activacion,1x192x28x28,1.336585
26,0,imagen.jpeg,48,pointwise_conv,1x192x28x28,41.750305
26,0,imagen.jpeg,49,batchnorm,1x32x28x28,0.576756
26,0,imagen.jpeg,50,layer_add,1x32x28x28,0.271433
26,0,imagen.jpeg,51,pointwise_conv,1x32x28x28,34.568633
26,0,imagen.jpeg,52,batchnorm,1x192x28x28,3.48036
26,0,imagen.jpeg,53,activacion,1x192x28x28,1.255455
26,0,imagen.jpeg,54,depthwise_conv,1x192x28x28,3.641882
26,0,imagen.jpeg,55,batchnorm,1x192x14x14,0.87341
26,0,imagen.jpeg,56,activacion,1x192x14x14,0.277433
26,0,imagen.jpeg,57,pointwise_conv,1x192x14x14,12.618713
26,0,imagen.jpeg,58,batchnorm,1x64x14x14,0.288723
26,0,imagen.jpeg,59,pointwise_conv,1x64x14x14,24.314386
26,0,imagen.jpeg,60,batchnorm,1x384x14x14,1.75859
26,0,imagen.jpeg,61,activacion,1x384x14x14,0.558606
26,0,imagen.jpeg,62,depthwise_conv,1x384x14x14,7.056761
26,0,imagen.jpeg,63,batchnorm,1x384x14x14,1.808901
26,0,imagen.jpeg,64,activacion,1x384x14x14,0.695308
26,0,imagen.jpeg,65,pointwise_conv,1x384x14x14,30.82322
26,0,imagen.jpeg,66,batchnorm,1x64x14x14,0.289294
26,0,imagen.jpeg,67,layer_add,1x64x14x14,0.138432
26,0,imagen.jpeg,68,pointwise_conv,1x64x14x14,24.285596
26,0,imagen.jpeg,69,batchnorm,1x384x14x14,1.75766
26,0,imagen.jpeg,70,activacion,1x384x14x14,0.630527
26,0,imagen.jpeg,71,depthwise_conv,1x384x14x14,7.09052
26,0,imagen.jpeg,72,batchnorm,1x384x14x14,1.76619
26,0,imagen.jpeg,73,activacion,1x384x14x14,0.683127
26,0,imagen.jpeg,74,pointwise_conv,1x384x14x14,30.859081
26,0,imagen.jpeg,75,batchnorm,1x64x14x14,0.290524
26,0,imagen.jpeg,76,layer_add,1x64x14x14,0.153552
26,0,imagen.jpeg,77,pointwise_conv,1x64x14x14,24.284756
26,0,imagen.jpeg,78,batchnorm,1x384x14x14,1.753849
26,0,imagen.jpeg,79,activacion,1x384x14x14,0.649037
26,0,imagen.jpeg,80,depthwise_conv,1x384x14x14,7.145761
26,0,imagen.jpeg,81,batchnorm,1x384x14x14,1.75534
26,0,imagen.jpeg,82,activacion,1x384x14x14,0.649107
26,0,imagen.jpeg,83,pointwise_conv,1x384x14x14,30.715279
26,0,imagen.jpeg,84,batchnorm,1x64x14x14,0.288813
26,0,imagen.jpeg,85,layer_add,1x64x14x14,0.140262
26,0,imagen.jpeg,86,pointwise_conv,1x64x14x14,24.300736
26,0,imagen.jpeg,87,batchnorm,1x384x14x14,1.772501
26,0,imagen.jpeg,88,activacion,1x384x14x14,0.629847
26,0,imagen.jpeg,89,depthwise_conv,1x384x14x14,7.05049
26,0,imagen.jpeg,90,batchnorm,1x384x14x14,1.733259
26,0,imagen.jpeg,91,activacion,1x384x14x14,0.662768
26,0,imagen.jpeg,92,pointwise_conv,1x384x14x14,46.138664
26,0,imagen.jpeg,93,batchnorm,1x96x14x14,0.432205
26,0,imagen.jpeg,94,pointwise_conv,1x96x14x14,55.327889
26,0,imagen.jpeg,95,batchnorm,1x576x14x14,2.65232
26,0,imagen.jpeg,96,activacion,1x576x14x14,0.971971
26,0,imagen.jpeg,97,depthwise_conv,1x576x14x14,10.60379
26,0,imagen.jpeg,98,batchnorm,1x576x14x14,2.65712
26,0,imagen.jpeg,99,activacion,1x576x14x14,0.975071
26,0,imagen.jpeg,100,pointwise_conv,1x576x14x14,97.527499
26,0,imagen.jpeg,101,batchnorm,1x96x14x14,0.457285
26,0,imagen.jpeg,102,layer_add,1x96x14x14,0.209992
26,0,imagen.jpeg,103,pointwise_conv,1x96x14x14,55.554511
26,0,imagen.jpeg,104,batchnorm,1x576x14x14,2.63256
26,0,imagen.jpeg,105,activacion,1x576x14x14,1.043582
26,0,imagen.jpeg,106,depthwise_conv,1x576x14x14,10.60467
26,0,imagen.jpeg,107,batchnorm,1x576x14x14,2.63916
26,0,imagen.jpeg,108,activacion,1x576x14x14,0.983611
26,0,imagen.jpeg,109,pointwise_conv,1x576x14x14,97.453718
26,0,imagen.jpeg,110,batchnorm,1x96x14x14,0.439835
26,0,imagen.jpeg,111,layer_add,1x96x14x14,0.205163
26,0,imagen.jpeg,112,pointwise_conv,1x96x14x14,55.392749
26,0,imagen.jpeg,113,batchnorm,1x576x14x14,2.65708
26,0,imagen.jpeg,114,activacion,1x576x14x14,0.978731
26,0,imagen.jpeg,115,depthwise_conv,1x576x14x14,2.790841
26,0,imagen.jpeg,116,batchnorm,1x576x7x7,0.662128
26,0,imagen.jpeg,117,activacion,1x576x7x7,0.204042
26,0,imagen.jpeg,118,pointwise_conv,1x576x7x7,42.719866
26,0,imagen.jpeg,119,batchnorm,1x160x7x7,0.183722
26,0,imagen.jpeg,120,pointwise_conv,1x160x7x7,31.496148
26,0,imagen.jpeg,121,batchnorm,1x960x7x7,1.114892
26,0,imagen.jpeg,122,activacion,1x960x7x7,0.427105
26,0,imagen.jpeg,123,depthwise_conv,1x960x7x7,4.646932
26,0,imagen.jpeg,124,batchnorm,1x960x7x7,1.095692
26,0,imagen.jpeg,125,activacion,1x960x7x7,0.405074
26,0,imagen.jpeg,126,pointwise_conv,1x960x7x7,90.806282
26,0,imagen.jpeg,127,batchnorm,1x160x7x7,0.184532
26,0,imagen.jpeg,128,layer_add,1x160x7x7,0.089681
26,0,imagen.jpeg,129,pointwise_conv,1x160x7x7,31.611249
26,0,imagen.jpeg,130,batchnorm,1x960x7x7,1.136853
26,0,imagen.jpeg,131,activacion,1x960x7x7,0.397514
26,0,imagen.jpeg,132,depthwise_conv,1x960x7x7,4.615833
26,0,imagen.jpeg,133,batchnorm,1x960x7x7,1.093872
26,0,imagen.jpeg,134,activacion,1x960x7x7,0.416124
26,0,imagen.jpeg,135,pointwise_conv,1x960x7x7,90.750861
26,0,imagen.jpeg,136,batchnorm,1x160x7x7,0.187922
26,0,imagen.jpeg,137,layer_add,1x160x7x7,0.090291
26,0,imagen.jpeg,138,pointwise_conv,1x160x7x7,31.480218
26,0,imagen.jpeg,139,batchnorm,1x960x7x7,1.115212
26,0,imagen.jpeg,140,activacion,1x960x7x7,0.393334
26,0,imagen.jpeg,141,depthwise_conv,1x960x7x7,4.623263
26,0,imagen.jpeg,142,batchnorm,1x960x7x7,1.111323
26,0,imagen.jpeg,143,activacion,1x960x7x7,0.315764
26,0,imagen.jpeg,144,pointwise_conv,1x960x7x7,181.383531
26,0,imagen.jpeg,145,batchnorm,1x320x7x7,0.373644
26,0,imagen.jpeg,146,pointwise_conv,1x320x7x7,108.462752
26,0,imagen.jpeg,147,batchnorm,1x1280x7x7,1.496577
26,0,imagen.jpeg,148,activacion,1x1280x7x7,0.530326
26,0,imagen.jpeg,149,pooling,1x1280x7x7,0.265043
26,0,imagen.jpeg,150,linear,1x1280,5.142388
27,0,imagen.jpeg,0,conv2d,1x3x224x224,115.078588
27,0,imagen.jpeg,1,batchnorm,1x32x112x112,9.245925
27,0,imagen.jpeg,2,activacion,1x32x112x112,2.805372
27,0,imagen.jpeg,3,depthwise_conv,1x32x112x112,37.036531
27,0,imagen.jpeg,4,batchnorm,1x32x112x112,9.239965
27,0,imagen.jpeg,5,activacion,1x32x112x112,2.803412
27,0,imagen.jpeg,6,pointwise_conv,1x32x112x112,129.962167
27,0,imagen.jpeg,7,batchnorm,1x16x112x112,4.605303
27,0,imagen.jpeg,8,pointwise_conv,1x16x112x112,170.294835
27,0,imagen.jpeg,9,batchnorm,1x96x112x112,27.677845
27,0,imagen.jpeg,10,activacion,1x96x112x112,9.351947
27,0,imagen.jpeg,11,depthwise_conv,1x96x112x112,29.250332
27,0,imagen.jpeg,12,batchnorm,1x96x56x56,6.876548
27,0,imagen.jpeg,13,activacion,1x96x56x56,2.475989
27,0,imagen.jpeg,14,pointwise_conv,1x96x56x56,95.190912
27,0,imagen.jpeg,15,batchnorm,1x24x56x56,1.76209
27,0,imagen.jpeg,16,pointwise_conv,1x24x56x56,88.339114
27,0,imagen.jpeg,17,batchnorm,1x144x56x56,10.50734
27,0,imagen.jpeg,18,activacion,1x144x56x56,3.52524
27,0,imagen.jpeg,19,depthwise_conv,1x144x56x56,41.800775
27,0,imagen.jpeg,20,batchnorm,1x144x56x56,10.306817
27,0,imagen.jpeg,21,activacion,1x144x56x56,3.947665
27,0,imagen.jpeg,22,pointwise_conv,1x144x56x56,199.242434
27,0,imagen.jpeg,23,batchnorm,1x24x56x56,1.7566
27,0,imagen.jpeg,24,layer_add,1x24x56x56,0.803929
27,0,imagen.jpeg,25,pointwise_conv,1x24x56x56,87.886969
27,0,imagen.jpeg,26,batchnorm,1x144x56x56,10.451659
27,0,imagen.jpeg,27,activacion,1x144x56x56,3.858944
27,0,imagen.jpeg,28,depthwise_conv,1x144x56x56,10.62397
27,0,imagen.jpeg,29,batchnorm,1x144x28x28,2.5795
27,0,imagen.jpeg,30,activacion,1x144x28x28,0.93194
27,0,imagen.jpeg,31,pointwise_conv,1x144x28x28,25.658321
27,0,imagen.jpeg,32,batchnorm,1x32x28x28,0.567686
27,0,imagen.jpeg,33,pointwise_conv,1x32x28x28,34.544222
27,0,imagen.jpeg,34,batchnorm,1x192x28x28,3.466789
27,0,imagen.jpeg,35,activacion,1x192x28x28,1.113373
27,0,imagen.jpeg,36,depthwise_conv,1x192x28x28,14.006299
27,0,imagen.jpeg,37,batchnorm,1x192x28x28,3.451539
27,0,imagen.jpeg,38,activacion,1x192x28x28,1.381456
27,0,imagen.jpeg,39,pointwise_conv,1x192x28x28,34.387141
27,0,imagen.jpeg,40,batchnorm,1x32x28x28,0.573066
27,0,imagen.jpeg,41,layer_add,1x32x28x28,0.273813
27,0,imagen.jpeg,42,pointwise_conv,1x32x28x28,34.642254
27,0,imagen.jpeg,43,batchnorm,1x192x28x28,3.467429
27,0,imagen.jpeg,44,activacion,1x192x28x28,1.184123
27,0,imagen.jpeg,45,depthwise_conv,1x192x28x28,13.997949
27,0,imagen.jpeg,46,batchnorm,1x192x28x28,3.447509
27,0,imagen.jpeg,47,activacion,1x192x28x28,1.340206
27,0,imagen.jpeg,48,pointwise_conv,1x192x28x28,34.178949
27,0,imagen.jpeg,49,batchnorm,1x32x28x28,0.574117
27,0,imagen.jpeg,50,layer_add,1x32x28x28,0.272313
27,0,imagen.jpeg,51,pointwise_conv,1x32x28x28,34.588063
27,0,imagen.jpeg,52,batchnorm,1x192x28x28,3.46886
27,0,imagen.jpeg,53,activacion,1x192x28x28,1.254354
27,0,imagen.jpeg,54,depthwise_conv,1x192x28x28,3.641472
27,0,imagen.jpeg,55,batchnorm,1x192x14x14,0.8735
27,0,imagen.jpeg,56,activacion,1x192x14x14,0.294293
27,0,imagen.jpeg,57,pointwise_conv,1x192x14x14,12.607613
27,0,imagen.jpeg,58,batchnorm,1x64x14x14,0.288003
27,0,imagen.jpeg,59,pointwise_conv,1x64x14x14,24.289096
27,0,imagen.jpeg,60,batchnorm,1x384x14x14,1.77154
27,0,imagen.jpeg,61,activacion,1x384x14x14,0.559167
27,0,imagen.jpeg,62,depthwise_conv,1x384x14x14,7.064281
27,0,imagen.jpeg,63,batchnorm,1x384x14x14,1.73691
27,0,imagen.jpeg,64,activacion,1x384x14x14,0.690717
27,0,imagen.jpeg,65,pointwise_conv,1x384x14x14,30.82098
27,0,imagen.jpeg,66,batchnorm,1x64x14x14,0.289543
27,0,imagen.jpeg,67,layer_add,1x64x14x14,0.144142
27,0,imagen.jpeg,68,pointwise_conv,1x64x14x14,24.291186
27,0,imagen.jpeg,69,batchnorm,1x384x14x14,1.76493
27,0,imagen.jpeg,70,activacion,1x384x14x14,0.613807
27,0,imagen.jpeg,71,depthwise_conv,1x384x14x14,7.149551
27,0,imagen.jpeg,72,batchnorm,1x384x14x14,1.76592
27,0,imagen.jpeg,73,activacion,1x384x14x14,0.652267
27,0,imagen.jpeg,74,pointwise_conv,1x384x14x14,30.715839
27,0,imagen.jpeg,75,batchnorm,1x64x14x14,0.288883
27,0,imagen.jpeg,76,layer_add,1x64x14x14,0.136292
27,0,imagen.jpeg,77,pointwise_conv,1x64x14x14,24.359597
27,0,imagen.jpeg,78,batchnorm,1x384x14x14,1.74889
27,0,imagen.jpeg,79,activacion,1x384x14x14,0.677947
27,0,imagen.jpeg,80,depthwise_conv,1x384x14x14,7.04067
27,0,imagen.jpeg,81,batchnorm,1x384x14x14,1.7467
27,0,imagen.jpeg,82,activacion,1x384x14x14,0.640757
27,0,imagen.jpeg,83,pointwise_conv,1x384x14x14,30.74906
27,0,imagen.jpeg,84,batchnorm,1x64x14x14,0.288713
27,0,imagen.jpeg,85,layer_add,1x64x14x14,0.135401
27,0,imagen.jpeg,86,pointwise_conv,1x64x14x14,24.298506
27,0,imagen.jpeg,87,batchnorm,1x384x14x14,1.76839
27,0,imagen.jpeg,88,activacion,1x384x14x14,0.632267
27,0,imagen.jpeg,89,depthwise_conv,1x384x14x14,7.06122
27,0,imagen.jpeg,90,batchnorm,1x384x14x14,1.73404
27,0,imagen.jpeg,91,activacion,1x384x14x14,0.655557
27,0,imagen.jpeg,92,pointwise_conv,1x384x14x14,46.144055
27,0,imagen.jpeg,93,batchnorm,1x96x14x14,0.433535
27,0,imagen.jpeg,94,pointwise_conv,1x96x14x14,55.342098
27,0,imagen.jpeg,95,batchnorm,1x576x14x14,2.654461
27,0,imagen.jpeg,96,activacion,1x576x14x14,0.972421
27,0,imagen.jpeg,97,depthwise_conv,1x576x14x14,10.672871
27,0,imagen.jpeg,98,batchnorm,1x576x14x14,2.716161
27,0,imagen.jpeg,99,activacion,1x576x14x14,0.972111
27,0,imagen.jpeg,100,pointwise_conv,1x576x14x14,97.353756
27,0,imagen.jpeg,101,batchnorm,1x96x14x14,0.434455
27,0,imagen.jpeg,102,layer_add,1x96x14x14,0.207722
27,0,imagen.jpeg,103,pointwise_conv,1x96x14x14,55.551652
27,0,imagen.jpeg,104,batchnorm,1x576x14x14,2.62621
27,0,imagen.jpeg,105,activacion,1x576x14x14,0.995271
27,0,imagen.jpeg,106,depthwise_conv,1x576x14x14,10.600471
27,0,imagen.jpeg,107,batchnorm,1x576x14x14,2.62677
27,0,imagen.jpeg,108,activacion,1x576x14x14,1.014892
27,0,imagen.jpeg,109,pointwise_conv,1x576x14x14,97.554989
27,0,imagen.jpeg,110,batchnorm,1x96x14x14,0.437985
27,0,imagen.jpeg,111,layer_add,1x96x14x14,0.206022
27,0,imagen.jpeg,112,pointwise_conv,1x96x14x14,55.382319
27,0,imagen.jpeg,113,batchnorm,1x576x14x14,2.6492
27,0,imagen.jpeg,114,activacion,1x576x14x14,1.033182
27,0,imagen.jpeg,115,depthwise_conv,1x576x14x14,2.801062
27,0,imagen.jpeg,116,batchnorm,1x576x7x7,0.663518
27,0,imagen.jpeg,117,activacion,1x576x7x7,0.203553
27,0,imagen.jpeg,118,pointwise_conv,1x576x7x7,42.661205
27,0,imagen.jpeg,119,batchnorm,1x160x7x7,0.183162
27,0,imagen.jpeg,120,pointwise_conv,1x160x7x7,31.556729
27,0,imagen.jpeg,121,batchnorm,1x960x7x7,1.195854
27,0,imagen.jpeg,122,activacion,1x960x7x7,0.401154
27,0,imagen.jpeg,123,depthwise_conv,1x960x7x7,4.599752
27,0,imagen.jpeg,124,batchnorm,1x960x7x7,1.095922
27,0,imagen.jpeg,125,activacion,1x960x7x7,0.404275
27,0,imagen.jpeg,126,pointwise_conv,1x960x7x7,90.58625
27,0,imagen.jpeg,127,batchnorm,1x160x7x7,0.184482
27,0,imagen.jpeg,128,layer_add,1x160x7x7,0.083281
27,0,imagen.jpeg,129,pointwise_conv,1x160x7x7,31.584688
27,0,imagen.jpeg,130,batchnorm,1x960x7x7,1.115853
27,0,imagen.jpeg,131,activacion,1x960x7x7,0.399424
27,0,imagen.jpeg,132,depthwise_conv,1x960x7x7,4.606242
27,0,imagen.jpeg,133,batchnorm,1x960x7x7,1.093392
27,0,imagen.jpeg,134,activacion,1x960x7x7,0.398194
27,0,imagen.jpeg,135,pointwise_conv,1x960x7x7,90.63916
27,0,imagen.jpeg,136,batchnorm,1x160x7x7,0.204123
27,0,imagen.jpeg,137,layer_add,1x160x7x7,0.087671
27,0,imagen.jpeg,138,pointwise_conv,1x160x7x7,31.507378
27,0,imagen.jpeg,139,batchnorm,1x960x7x7,1.114563
27,0,imagen.jpeg,140,activacion,1x960x7x7,0.395215
27,0,imagen.jpeg,141,depthwise_conv,1x960x7x7,4.621882
27,0,imagen.jpeg,142,batchnorm,1x960x7x7,1.115403
27,0,imagen.jpeg,143,activacion,1x960x7x7,0.317083
27,0,imagen.jpeg,144,pointwise_conv,1x960x7x7,181.492033
27,0,imagen.jpeg,145,batchnorm,1x320x7x7,0.373265
27,0,imagen.jpeg,146,pointwise_conv,1x320x7x7,108.577214
27,0,imagen.jpeg,147,batchnorm,1x1280x7x7,1.496217
27,0,imagen.jpeg,148,activacion,1x1280x7x7,0.537066
27,0,imagen.jpeg,149,pooling,1x1280x7x7,0.263183
27,0,imagen.jpeg,150,linear,1x1280,5.126338
28,0,imagen.jpeg,0,conv2d,1x3x224x224,116.014418
28,0,imagen.jpeg,1,batchnorm,1x32x112x112,9.172834
28,0,imagen.jpeg,2,activacion,1x32x112x112,2.987684
28,0,imagen.jpeg,3,depthwise_conv,1x32x112x112,37.065111
28,0,imagen.jpeg,4,batchnorm,1x32x112x112,9.223254
28,0,imagen.jpeg,5,activacion,1x32x112x112,2.836422
28,0,imagen.jpeg,6,pointwise_conv,1x32x112x112,129.4001
28,0,imagen.jpeg,7,batchnorm,1x16x112x112,4.599622
28,0,imagen.jpeg,8,pointwise_conv,1x16x112x112,171.016853
28,0,imagen.jpeg,9,batchnorm,1x96x112x112,27.644935
28,0,imagen.jpeg,10,activacion,1x96x112x112,9.479668
28,0,imagen.jpeg,11,depthwise_conv,1x96x112x112,29.166581
28,0,imagen.jpeg,12,batchnorm,1x96x56x56,6.879799
28,0,imagen.jpeg,13,activacion,1x96x56x56,2.511559
28,0,imagen.jpeg,14,pointwise_conv,1x96x56x56,94.972779
28,0,imagen.jpeg,15,batchnorm,1x24x56x56,1.708729
28,0,imagen.jpeg,16,pointwise_conv,1x24x56x56,89.348136
28,0,imagen.jpeg,17,batchnorm,1x144x56x56,10.465529
28,0,imagen.jpeg,18,activacion,1x144x56x56,3.54436
28,0,imagen.jpeg,19,depthwise_conv,1x144x56x56,41.806745
28,0,imagen.jpeg,20,batchnorm,1x144x56x56,10.306337
28,0,imagen.jpeg,21,activacion,1x144x56x56,3.973995
28,0,imagen.jpeg,22,pointwise_conv,1x144x56x56,199.358246
28,0,imagen.jpeg,23,batchnorm,1x24x56x56,1.712169
28,0,imagen.jpeg,24,layer_add,1x24x56x56,0.89121
28,0,imagen.jpeg,25,pointwise_conv,1x24x56x56,87.571685
28,0,imagen.jpeg,26,batchnorm,1x144x56x56,10.459389
28,0,imagen.jpeg,27,activacion,1x144x56x56,3.864024
28,0,imagen.jpeg,28,depthwise_conv,1x144x56x56,10.665261
28,0,imagen.jpeg,29,batchnorm,1x144x28x28,2.609449
28,0,imagen.jpeg,30,activacion,1x144x28x28,0.894141
28,0,imagen.jpeg,31,pointwise_conv,1x144x28x28,25.704222
28,0,imagen.jpeg,32,batchnorm,1x32x28x28,0.567526
28,0,imagen.jpeg,33,pointwise_conv,1x32x28x28,34.554703
28,0,imagen.jpeg,34,batchnorm,1x192x28x28,3.47558
28,0,imagen.jpeg,35,activacion,1x192x28x28,1.115073
28,0,imagen.jpeg,36,depthwise_conv,1x192x28x28,14.08228
28,0,imagen.jpeg,37,batchnorm,1x192x28x28,3.430209
28,0,imagen.jpeg,38,activacion,1x192x28x28,1.336915
28,0,imagen.jpeg,39,pointwise_conv,1x192x28x28,34.213479
28,0,imagen.jpeg,40,batchnorm,1x32x28x28,0.569657
28,0,imagen.jpeg,41,layer_add,1x32x28x28,0.273813
28,0,imagen.jpeg,42,pointwise_conv,1x32x28x28,34.540013
28,0,imagen.jpeg,43,batchnorm,1x192x28x28,3.471739
28,0,imagen.jpeg,44,activacion,1x192x28x28,1.183284
28,0,imagen.jpeg,45,depthwise_conv,1x192x28x28,13.99916
28,0,imagen.jpeg,46,batchnorm,1x192x28x28,3.420389
28,0,imagen.jpeg,47,activacion,1x192x28x28,1.437486
28,0,imagen.jpeg,48,pointwise_conv,1x192x28x28,34.058197
28,0,imagen.jpeg,49,batchnorm,1x32x28x28,0.664027
28,0,imagen.jpeg,50,layer_add,1x32x28x28,0.274313
28,0,imagen.jpeg,51,pointwise_conv,1x32x28x28,34.497112
28,0,imagen.jpeg,52,batchnorm,1x192x28x28,3.438069
28,0,imagen.jpeg,53,activacion,1x192x28x28,1.296785
28,0,imagen.jpeg,54,depthwise_conv,1x192x28x28,3.670202
28,0,imagen.jpeg,55,batchnorm,1x192x14x14,0.87313
28,0,imagen.jpeg,56,activacion,1x192x14x14,0.277273
28,0,imagen.jpeg,57,pointwise_conv,1x192x14x14,12.606693
28,0,imagen.jpeg,58,batchnorm,1x64x14x14,0.299454
28,0,imagen.jpeg,59,pointwise_conv,1x64x14x14,24.321456
28,0,imagen.jpeg,60,batchnorm,1x384x14x14,1.76641
28,0,imagen.jpeg,61,activacion,1x384x14x14,0.556296
28,0,imagen.jpeg,62,depthwise_conv,1x384x14x14,7.0793
28,0,imagen.jpeg,63,batchnorm,1x384x14x14,1.75181
28,0,imagen.jpeg,64,activacion,1x384x14x14,0.687228
28,0,imagen.jpeg,65,pointwise_conv,1x384x14x14,30.78736
28,0,imagen.jpeg,66,batchnorm,1x64x14x14,0.288324
28,0,imagen.jpeg,67,layer_add,1x64x14x14,0.133402
28,0,imagen.jpeg,68,pointwise_conv,1x64x14x14,24.306116
28,0,imagen.jpeg,69,batchnorm,1x384x14x14,1.79617
28,0,imagen.jpeg,70,activacion,1x384x14x14,0.631507
28,0,imagen.jpeg,71,depthwise_conv,1x384x14x14,7.055711
28,0,imagen.jpeg,72,batchnorm,1x384x14x14,1.73638
28,0,imagen.jpeg,73,activacion,1x384x14x14,0.692318
28,0,imagen.jpeg,74,pointwise_conv,1x384x14x14,30.723429
28,0,imagen.jpeg,75,batchnorm,1x64x14x14,0.289773
28,0,imagen.jpeg,76,layer_add,1x64x14x14,0.137422
28,0,imagen.jpeg,77,pointwise_conv,1x64x14x14,24.359497
28,0,imagen.jpeg,78,batchnorm,1x384x14x14,1.7464
28,0,imagen.jpeg,79,activacion,1x384x14x14,0.646367
28,0,imagen.jpeg,80,depthwise_conv,1x384x14x14,7.06476
28,0,imagen.jpeg,81,batchnorm,1x384x14x14,1.75974
28,0,imagen.jpeg,82,activacion,1x384x14x14,0.652098
28,0,imagen.jpeg,83,pointwise_conv,1x384x14x14,30.747299
28,0,imagen.jpeg,84,batchnorm,1x64x14x14,0.288574
28,0,imagen.jpeg,85,layer_add,1x64x14x14,0.138201
28,0,imagen.jpeg,86,pointwise_conv,1x64x14x14,24.281116
28,0,imagen.jpeg,87,batchnorm,1x384x14x14,1.75414
28,0,imagen.jpeg,88,activacion,1x384x14x14,0.657528
28,0,imagen.jpeg,89,depthwise_conv,1x384x14x14,7.03477
28,0,imagen.jpeg,90,batchnorm,1x384x14x14,1.74439
28,0,imagen.jpeg,91,activacion,1x384x14x14,0.656908
28,0,imagen.jpeg,92,pointwise_conv,1x384x14x14,46.182445
28,0,imagen.jpeg,93,batchnorm,1x96x14x14,0.433165
28,0,imagen.jpeg,94,pointwise_conv,1x96x14x14,55.347309
28,0,imagen.jpeg,95,batchnorm,1x576x14x14,2.6642
28,0,imagen.jpeg,96,activacion,1x576x14x14,0.973401
28,0,imagen.jpeg,97,depthwise_conv,1x576x14x14,10.686011
28,0,imagen.jpeg,98,batchnorm,1x576x14x14,2.62011
28,0,imagen.jpeg,99,activacion,1x576x14x14,1.029232
28,0,imagen.jpeg,100,pointwise_conv,1x576x14x14,97.435737
28,0,imagen.jpeg,101,batchnorm,1x96x14x14,0.436535
28,0,imagen.jpeg,102,layer_add,1x96x14x14,0.204173
28,0,imagen.jpeg,103,pointwise_conv,1x96x14x14,55.594091
28,0,imagen.jpeg,104,batchnorm,1x576x14x14,2.6413
28,0,imagen.jpeg,105,activacion,1x576x14x14,0.988602
28,0,imagen.jpeg,106,depthwise_conv,1x576x14x14,10.60503
28,0,imagen.jpeg,107,batchnorm,1x576x14x14,2.63887
28,0,imagen.jpeg,108,activacion,1x576x14x14,0.954091
28,0,imagen.jpeg,109,pointwise_conv,1x576x14x14,97.398006
28,0,imagen.jpeg,110,batchnorm,1x96x14x14,0.437305
28,0,imagen.jpeg,111,layer_add,1x96x14x14,0.209532
28,0,imagen.jpeg,112,pointwise_conv,1x96x14x14,55.42575
28,0,imagen.jpeg,113,batchnorm,1x576x14x14,2.66796
28,0,imagen.jpeg,114,activacion,1x576x14x14,0.975001
28,0,imagen.jpeg,115,depthwise_conv,1x576x14x14,2.868163
28,0,imagen.jpeg,116,batchnorm,1x576x7x7,0.665108
28,0,imagen.jpeg,117,activacion,1x576x7x7,0.203543
28,0,imagen.jpeg,118,pointwise_conv,1x576x7x7,42.624484
28,0,imagen.jpeg,119,batchnorm,1x160x7x7,0.183762
28,0,imagen.jpeg,120,pointwise_conv,1x160x7x7,31.565339
28,0,imagen.jpeg,121,batchnorm,1x960x7x7,1.116463
28,0,imagen.jpeg,122,activacion,1x960x7x7,0.391434
28,0,imagen.jpeg,123,depthwise_conv,1x960x7x7,4.644713
28,0,imagen.jpeg,124,batchnorm,1x960x7x7,1.094743
28,0,imagen.jpeg,125,activacion,1x960x7x7,0.404445
28,0,imagen.jpeg,126,pointwise_conv,1x960x7x7,90.908923
28,0,imagen.jpeg,127,batchnorm,1x160x7x7,0.184742
28,0,imagen.jpeg,128,layer_add,1x160x7x7,0.087561
28,0,imagen.jpeg,129,pointwise_conv,1x160x7x7,31.521479
28,0,imagen.jpeg,130,batchnorm,1x960x7x7,1.114793
28,0,imagen.jpeg,131,activacion,1x960x7x7,0.401804
28,0,imagen.jpeg,132,depthwise_conv,1x960x7x7,4.575672
28,0,imagen.jpeg,133,batchnorm,1x960x7x7,1.094383
28,0,imagen.jpeg,134,activacion,1x960x7x7,0.397915
28,0,imagen.jpeg,135,pointwise_conv,1x960x7x7,90.832842
28,0,imagen.jpeg,136,batchnorm,1x160x7x7,0.187463
28,0,imagen.jpeg,137,layer_add,1x160x7x7,0.087981
28,0,imagen.jpeg,138,pointwise_conv,1x160x7x7,31.508079
28,0,imagen.jpeg,139,batchnorm,1x960x7x7,1.134843
28,0,imagen.jpeg,140,activacion,1x960x7x7,0.395625
28,0,imagen.jpeg,141,depthwise_conv,1x960x7x7,4.613733
28,0,imagen.jpeg,142,batchnorm,1x960x7x7,1.094373
28,0,imagen.jpeg,143,activacion,1x960x7x7,0.328214
28,0,imagen.jpeg,144,pointwise_conv,1x960x7x7,181.440762
28,0,imagen.jpeg,145,batchnorm,1x320x7x7,0.372584
28,0,imagen.jpeg,146,pointwise_conv,1x320x7x7,108.550414
28,0,imagen.jpeg,147,batchnorm,1x1280x7x7,1.516348
28,0,imagen.jpeg,148,activacion,1x1280x7x7,0.535666
28,0,imagen.jpeg,149,pooling,1x1280x7x7,0.264323
28,0,imagen.jpeg,150,linear,1x1280,5.100598
29,0,imagen.jpeg,0,conv2d,1x3x224x224,114.723243
29,0,imagen.jpeg,1,batchnorm,1x32x112x112,9.166544
29,0,imagen.jpeg,2,activacion,1x32x112x112,2.806902
29,0,imagen.jpeg,3,depthwise_conv,1x32x112x112,37.132772
29,0,imagen.jpeg,4,batchnorm,1x32x112x112,9.238425
29,0,imagen.jpeg,5,activacion,1x32x112x112,2.838072
29,0,imagen.jpeg,6,pointwise_conv,1x32x112x112,129.102787
29,0,imagen.jpeg,7,batchnorm,1x16x112x112,4.680983
29,0,imagen.jpeg,8,pointwise_conv,1x16x112x112,171.036444
29,0,imagen.jpeg,9,batchnorm,1x96x112x112,27.655515
29,0,imagen.jpeg,10,activacion,1x96x112x112,9.541239
29,0,imagen.jpeg,11,depthwise_conv,1x96x112x112,29.099651
29,0,imagen.jpeg,12,batchnorm,1x96x56x56,6.889489
29,0,imagen.jpeg,13,activacion,1x96x56x56,2.544498
29,0,imagen.jpeg,14,pointwise_conv,1x96x56x56,97.129624
29,0,imagen.jpeg,15,batchnorm,1x24x56x56,1.76655
29,0,imagen.jpeg,16,pointwise_conv,1x24x56x56,88.311704
29,0,imagen.jpeg,17,batchnorm,1x144x56x56,10.47595
29,0,imagen.jpeg,18,activacion,1x144x56x56,3.49175
29,0,imagen.jpeg,19,depthwise_conv,1x144x56x56,41.816565
29,0,imagen.jpeg,20,batchnorm,1x144x56x56,10.308647
29,0,imagen.jpeg,21,activacion,1x144x56x56,3.958235
29,0,imagen.jpeg,22,pointwise_conv,1x144x56x56,199.425526
29,0,imagen.jpeg,23,batchnorm,1x24x56x56,1.711849
29,0,imagen.jpeg,24,layer_add,1x24x56x56,0.8518
29,0,imagen.jpeg,25,pointwise_conv,1x24x56x56,87.819128
29,0,imagen.jpeg,26,batchnorm,1x144x56x56,10.434338
29,0,imagen.jpeg,27,activacion,1x144x56x56,3.822463
29,0,imagen.jpeg,28,depthwise_conv,1x144x56x56,10.620091
29,0,imagen.jpeg,29,batchnorm,1x144x28x28,2.681921
29,0,imagen.jpeg,30,activacion,1x144x28x28,0.89704
29,0,imagen.jpeg,31,pointwise_conv,1x144x28x28,25.649281
29,0,imagen.jpeg,32,batchnorm,1x32x28x28,0.566217
29,0,imagen.jpeg,33,pointwise_conv,1x32x28x28,34.540183
29,0,imagen.jpeg,34,batchnorm,1x192x28x28,3.464889
29,0,imagen.jpeg,35,activacion,1x192x28x28,1.113752
29,0,imagen.jpeg,36,depthwise_conv,1x192x28x28,13.991769
29,0,imagen.jpeg,37,batchnorm,1x192x28x28,3.45735
29,0,imagen.jpeg,38,activacion,1x192x28x28,1.379666
29,0,imagen.jpeg,39,pointwise_conv,1x192x28x28,34.26818
29,0,imagen.jpeg,40,batchnorm,1x32x28x28,0.568397
29,0,imagen.jpeg,41,layer_add,1x32x28x28,0.274903
29,0,imagen.jpeg,42,pointwise_conv,1x32x28x28,34.567713
29,0,imagen.jpeg,43,batchnorm,1x192x28x28,3.472309
29,0,imagen.jpeg,44,activacion,1x192x28x28,1.182383
29,0,imagen.jpeg,45,depthwise_conv,1x192x28x28,13.984119
29,0,imagen.jpeg,46,batchnorm,1x192x28x28,3.425989
29,0,imagen.jpeg,47,activacion,1x192x28x28,1.338685
29,0,imagen.jpeg,48,pointwise_conv,1x192x28x28,34.280719
29,0,imagen.jpeg,49,batchnorm,1x32x28x28,0.575486
29,0,imagen.jpeg,50,layer_add,1x32x28x28,0.261253
29,0,imagen.jpeg,51,pointwise_conv,1x32x28x28,34.648594
29,0,imagen.jpeg,52,batchnorm,1x192x28x28,3.4891
29,0,imagen.jpeg,53,activacion,1x192x28x28,1.254084
29,0,imagen.jpeg,54,depthwise_conv,1x192x28x28,3.658621
29,0,imagen.jpeg,55,batchnorm,1x192x14x14,0.87268
29,0,imagen.jpeg,56,activacion,1x192x14x14,0.276753
29,0,imagen.jpeg,57,pointwise_conv,1x192x14x14,12.625743
29,0,imagen.jpeg,58,batchnorm,1x64x14x14,0.288733
29,0,imagen.jpeg,59,pointwise_conv,1x64x14x14,24.295556
29,0,imagen.jpeg,60,batchnorm,1x384x14x14,1.75852
29,0,imagen.jpeg,61,activacion,1x384x14x14,0.592267
29,0,imagen.jpeg,62,depthwise_conv,1x384x14x14,7.120851
29,0,imagen.jpeg,63,batchnorm,1x384x14x14,1.74577
29,0,imagen.jpeg,64,activacion,1x384x14x14,0.688757
29,0,imagen.jpeg,65,pointwise_conv,1x384x14x14,30.715299
29,0,imagen.jpeg,66,batchnorm,1x64x14x14,0.288773
29,0,imagen.jpeg,67,layer_add,1x64x14x14,0.137461
29,0,imagen.jpeg,68,pointwise_conv,1x64x14x14,24.288336
29,0,imagen.jpeg,69,batchnorm,1x384x14x14,1.76877
29,0,imagen.jpeg,70,activacion,1x384x14x14,0.617697
29,0,imagen.jpeg,71,depthwise_conv,1x384x14x14,7.061101
29,0,imagen.jpeg,72,batchnorm,1x384x14x14,1.73683
29,0,imagen.jpeg,73,activacion,1x384x14x14,0.675668
29,0,imagen.jpeg,74,pointwise_conv,1x384x14x14,30.79315
29,0,imagen.jpeg,75,batchnorm,1x64x14x14,0.288063
29,0,imagen.jpeg,76,layer_add,1x64x14x14,0.137231
29,0,imagen.jpeg,77,pointwise_conv,1x64x14x14,24.303576
29,0,imagen.jpeg,78,batchnorm,1x384x14x14,1.74897
29,0,imagen.jpeg,79,activacion,1x384x14x14,0.660407
29,0,imagen.jpeg,80,depthwise_conv,1x384x14x14,7.07227
29,0,imagen.jpeg,81,batchnorm,1x384x14x14,1.75848
29,0,imagen.jpeg,82,activacion,1x384x14x14,0.642058
29,0,imagen.jpeg,83,pointwise_conv,1x384x14x14,30.755279
29,0,imagen.jpeg,84,batchnorm,1x64x14x14,0.291653
29,0,imagen.jpeg,85,layer_add,1x64x14x14,0.135961
29,0,imagen.jpeg,86,pointwise_conv,1x64x14x14,24.296996
29,0,imagen.jpeg,87,batchnorm,1x384x14x14,1.75962
29,0,imagen.jpeg,88,activacion,1x384x14x14,0.629237
29,0,imagen.jpeg,89,depthwise_conv,1x384x14x14,7.133741
29,0,imagen.jpeg,90,batchnorm,1x384x14x14,1.735609
29,0,imagen.jpeg,91,activacion,1x384x14x14,0.667467
29,0,imagen.jpeg,92,pointwise_conv,1x384x14x14,46.064143
29,0,imagen.jpeg,93,batchnorm,1x96x14x14,0.433295
29,0,imagen.jpeg,94,pointwise_conv,1x96x14x14,55.405509
29,0,imagen.jpeg,95,batchnorm,1x576x14x14,2.67943
29,0,imagen.jpeg,96,activacion,1x576x14x14,0.973321
29,0,imagen.jpeg,97,depthwise_conv,1x576x14x14,10.628801
29,0,imagen.jpeg,98,batchnorm,1x576x14x14,2.66181
29,0,imagen.jpeg,99,activacion,1x576x14x14,0.964751
29,0,imagen.jpeg,100,pointwise_conv,1x576x14x14,97.467758
29,0,imagen.jpeg,101,batchnorm,1x96x14x14,0.460185
29,0,imagen.jpeg,102,layer_add,1x96x14x14,0.204862
29,0,imagen.jpeg,103,pointwise_conv,1x96x14x14,55.480651
29,0,imagen.jpeg,104,batchnorm,1x576x14x14,2.63781
29,0,imagen.jpeg,105,activacion,1x576x14x14,1.040281
29,0,imagen.jpeg,106,depthwise_conv,1x576x14x14,10.603721
29,0,imagen.jpeg,107,batchnorm,1x576x14x14,2.63996
29,0,imagen.jpeg,108,activacion,1x576x14x14,0.942821
29,0,imagen.jpeg,109,pointwise_conv,1x576x14x14,97.388827
29,0,imagen.jpeg,110,batchnorm,1x96x14x14,0.435035
29,0,imagen.jpeg,111,layer_add,1x96x14x14,0.207602
29,0,imagen.jpeg,112,pointwise_conv,1x96x14x14,55.4668
29,0,imagen.jpeg,113,batchnorm,1x576x14x14,2.669401
29,0,imagen.jpeg,114,activacion,1x576x14x14,0.975791
29,0,imagen.jpeg,115,depthwise_conv,1x576x14x14,2.804002
29,0,imagen.jpeg,116,batchnorm,1x576x7x7,0.663357
29,0,imagen.jpeg,117,activacion,1x576x7x7,0.204022
29,0,imagen.jpeg,118,pointwise_conv,1x576x7x7,42.660705
29,0,imagen.jpeg,119,batchnorm,1x160x7x7,0.183422
29,0,imagen.jpeg,120,pointwise_conv,1x160x7x7,31.566879
29,0,imagen.jpeg,121,batchnorm,1x960x7x7,1.114023
29,0,imagen.jpeg,122,activacion,1x960x7x7,0.415745
29,0,imagen.jpeg,123,depthwise_conv,1x960x7x7,4.610382
29,0,imagen.jpeg,124,batchnorm,1x960x7x7,1.096072
29,0,imagen.jpeg,125,activacion,1x960x7x7,0.405955
29,0,imagen.jpeg,126,pointwise_conv,1x960x7x7,90.60321
29,0,imagen.jpeg,127,batchnorm,1x160x7x7,0.184122
29,0,imagen.jpeg,128,layer_add,1x160x7x7,0.082881
29,0,imagen.jpeg,129,pointwise_conv,1x160x7x7,31.521438
29,0,imagen.jpeg,130,batchnorm,1x960x7x7,1.145523
29,0,imagen.jpeg,131,activacion,1x960x7x7,0.399085
29,0,imagen.jpeg,132,depthwise_conv,1x960x7x7,4.619092
29,0,imagen.jpeg,133,batchnorm,1x960x7x7,1.093783
29,0,imagen.jpeg,134,activacion,1x960x7x7,0.397535
29,0,imagen.jpeg,135,pointwise_conv,1x960x7x7,90.725931
29,0,imagen.jpeg,136,batchnorm,1x160x7x7,0.186442
29,0,imagen.jpeg,137,layer_add,1x160x7x7,0.085111
29,0,imagen.jpeg,138,pointwise_conv,1x160x7x7,31.495767
29,0,imagen.jpeg,139,batchnorm,1x960x7x7,1.135093
29,0,imagen.jpeg,140,activacion,1x960x7x7,0.394584
29,0,imagen.jpeg,141,depthwise_conv,1x960x7x7,4.601862
29,0,imagen.jpeg,142,batchnorm,1x960x7x7,1.095762
29,0,imagen.jpeg,143,activacion,1x960x7x7,0.342694
29,0,imagen.jpeg,144,pointwise_conv,1x960x7x7,181.31651
29,0,imagen.jpeg,145,batchnorm,1x320x7x7,0.373584
29,0,imagen.jpeg,146,pointwise_conv,1x320x7x7,108.499413
29,0,imagen.jpeg,147,batchnorm,1x1280x7x7,1.518437
29,0,imagen.jpeg,148,activacion,1x1280x7x7,0.530686
29,0,imagen.jpeg,149,pooling,1x1280x7x7,0.264923
29,0,imagen.jpeg,150,linear,1x1280,5.095948
30,0,imagen.jpeg,0,conv2d,1x3x224x224,117.88701
30,0,imagen.jpeg,1,batchnorm,1x32x112x112,9.165704
30,0,imagen.jpeg,2,activacion,1x32x112x112,2.767622
30,0,imagen.jpeg,3,depthwise_conv,1x32x112x112,37.077831
30,0,imagen.jpeg,4,batchnorm,1x32x112x112,9.230824
30,0,imagen.jpeg,5,activacion,1x32x112x112,2.832012
30,0,imagen.jpeg,6,pointwise_conv,1x32x112x112,130.22374
30,0,imagen.jpeg,7,batchnorm,1x16x112x112,4.597442
30,0,imagen.jpeg,8,pointwise_conv,1x16x112x112,170.524558
30,0,imagen.jpeg,9,batchnorm,1x96x112x112,27.777616
30,0,imagen.jpeg,10,activacion,1x96x112x112,9.322796
30,0,imagen.jpeg,11,depthwise_conv,1x96x112x112,29.119961
30,0,imagen.jpeg,12,batchnorm,1x96x56x56,6.870478
30,0,imagen.jpeg,13,activacion,1x96x56x56,2.500788
30,0,imagen.jpeg,14,pointwise_conv,1x96x56x56,94.809597
30,0,imagen.jpeg,15,batchnorm,1x24x56x56,1.709669
30,0,imagen.jpeg,16,pointwise_conv,1x24x56x56,88.277363
30,0,imagen.jpeg,17,batchnorm,1x144x56x56,10.465608
30,0,imagen.jpeg,18,activacion,1x144x56x56,3.736282
30,0,imagen.jpeg,19,depthwise_conv,1x144x56x56,41.904037
30,0,imagen.jpeg,20,batchnorm,1x144x56x56,10.375788
30,0,imagen.jpeg,21,activacion,1x144x56x56,3.946565
30,0,imagen.jpeg,22,pointwise_conv,1x144x56x56,199.522388
30,0,imagen.jpeg,23,batchnorm,1x24x56x56,1.709979
30,0,imagen.jpeg,24,layer_add,1x24x56x56,0.94668
30,0,imagen.jpeg,25,pointwise_conv,1x24x56x56,87.608395
30,0,imagen.jpeg,26,batchnorm,1x144x56x56,10.456529
30,0,imagen.jpeg,27,activacion,1x144x56x56,3.858214
30,0,imagen.jpeg,28,depthwise_conv,1x144x56x56,10.633191
30,0,imagen.jpeg,29,batchnorm,1x144x28x28,2.597289
30,0,imagen.jpeg,30,activacion,1x144x28x28,0.89144
30,0,imagen.jpeg,31,pointwise_conv,1x144x28x28,25.603811
30,0,imagen.jpeg,32,batchnorm,1x32x28x28,0.567447
30,0,imagen.jpeg,33,pointwise_conv,1x32x28x28,34.551733
30,0,imagen.jpeg,34,batchnorm,1x192x28x28,3.47057
30,0,imagen.jpeg,35,activacion,1x192x28x28,1.115103
30,0,imagen.jpeg,36,depthwise_conv,1x192x28x28,13.990239
30,0,imagen.jpeg,37,batchnorm,1x192x28x28,3.45719
30,0,imagen.jpeg,38,activacion,1x192x28x28,1.385856
30,0,imagen.jpeg,39,pointwise_conv,1x192x28x28,34.219579
30,0,imagen.jpeg,40,batchnorm,1x32x28x28,0.570037
30,0,imagen.jpeg,41,layer_add,1x32x28x28,0.273303
30,0,imagen.jpeg,42,pointwise_conv,1x32x28x28,34.553743
30,0,imagen.jpeg,43,batchnorm,1x192x28x28,3.48872
30,0,imagen.jpeg,44,activacion,1x192x28x28,1.182063
30,0,imagen.jpeg,45,depthwise_conv,1x192x28x28,14.014519
30,0,imagen.jpeg,46,batchnorm,1x192x28x28,3.426909
30,0,imagen.jpeg,47,activacion,1x192x28x28,1.337715
30,0,imagen.jpeg,48,pointwise_conv,1x192x28x28,34.205348
30,0,imagen.jpeg,49,batchnorm,1x32x28x28,0.573886
30,0,imagen.jpeg,50,layer_add,1x32x28x28,0.272633
30,0,imagen.jpeg,51,pointwise_conv,1x32x28x28,34.506792
30,0,imagen.jpeg,52,batchnorm,1x192x28x28,3.443549
30,0,imagen.jpeg,53,activacion,1x192x28x28,1.255544
30,0,imagen.jpeg,54,depthwise_conv,1x192x28x28,3.677882
30,0,imagen.jpeg,55,batchnorm,1x192x14x14,0.87344
30,0,imagen.jpeg,56,activacion,1x192x14x14,0.276643
30,0,imagen.jpeg,57,pointwise_conv,1x192x14x14,12.599863
30,0,imagen.jpeg,58,batchnorm,1x64x14x14,0.290563
30,0,imagen.jpeg,59,pointwise_conv,1x64x14x14,24.359947
30,0,imagen.jpeg,60,batchnorm,1x384x14x14,1.753399
30,0,imagen.jpeg,61,activacion,1x384x14x14,0.558626
30,0,imagen.jpeg,62,depthwise_conv,1x384x14x14,7.05443
30,0,imagen.jpeg,63,batchnorm,1x384x14x14,1.75193
30,0,imagen.jpeg,64,activacion,1x384x14x14,0.690938
30,0,imagen.jpeg,65,pointwise_conv,1x384x14x14,30.747279
30,0,imagen.jpeg,66,batchnorm,1x64x14x14,0.288234
30,0,imagen.jpeg,67,layer_add,1x64x14x14,0.139072
30,0,imagen.jpeg,68,pointwise_conv,1x64x14x14,24.289666
30,0,imagen.jpeg,69,batchnorm,1x384x14x14,1.76792
30,0,imagen.jpeg,70,activacion,1x384x14x14,0.615947
30,0,imagen.jpeg,71,depthwise_conv,1x384x14x14,7.05667
30,0,imagen.jpeg,72,batchnorm,1x384x14x14,1.737439
30,0,imagen.jpeg,73,activacion,1x384x14x14,0.660468
30,0,imagen.jpeg,74,pointwise_conv,1x384x14x14,30.876701
30,0,imagen.jpeg,75,batchnorm,1x64x14x14,0.291233
30,0,imagen.jpeg,76,layer_add,1x64x14x14,0.137642
30,0,imagen.jpeg,77,pointwise_conv,1x64x14x14,24.416688
30,0,imagen.jpeg,78,batchnorm,1x384x14x14,1.75369
30,0,imagen.jpeg,79,activacion,1x384x14x14,0.656858
30,0,imagen.jpeg,80,depthwise_conv,1x384x14x14,7.075161
30,0,imagen.jpeg,81,batchnorm,1x384x14x14,1.75874
30,0,imagen.jpeg,82,activacion,1x384x14x14,0.650417
30,0,imagen.jpeg,83,pointwise_conv,1x384x14x14,30.736769
30,0,imagen.jpeg,84,batchnorm,1x64x14x14,0.288864
30,0,imagen.jpeg,85,layer_add,1x64x14x14,0.139702
30,0,imagen.jpeg,86,pointwise_conv,1x64x14x14,24.355067
30,0,imagen.jpeg,87,batchnorm,1x384x14x14,1.75321
30,0,imagen.jpeg,88,activacion,1x384x14x14,0.628427
30,0,imagen.jpeg,89,depthwise_conv,1x384x14x14,7.06555
30,0,imagen.jpeg,90,batchnorm,1x384x14x14,1.732319
30,0,imagen.jpeg,91,activacion,1x384x14x14,0.649327
30,0,imagen.jpeg,92,pointwise_conv,1x384x14x14,46.043913
30,0,imagen.jpeg,93,batchnorm,1x96x14x14,0.432065
30,0,imagen.jpeg,94,pointwise_conv,1x96x14x14,55.42115
30,0,imagen.jpeg,95,batchnorm,1x576x14x14,2.65798
30,0,imagen.jpeg,96,activacion,1x576x14x14,0.980451
30,0,imagen.jpeg,97,depthwise_conv,1x576x14x14,10.58513
30,0,imagen.jpeg,98,batchnorm,1x576x14x14,2.64167
30,0,imagen.jpeg,99,activacion,1x576x14x14,0.968141
30,0,imagen.jpeg,100,pointwise_conv,1x576x14x14,97.554629
30,0,imagen.jpeg,101,batchnorm,1x96x14x14,0.434525
30,0,imagen.jpeg,102,layer_add,1x96x14x14,0.210793
30,0,imagen.jpeg,103,pointwise_conv,1x96x14x14,55.46158
30,0,imagen.jpeg,104,batchnorm,1x576x14x14,2.63655
30,0,imagen.jpeg,105,activacion,1x576x14x14,1.034131
30,0,imagen.jpeg,106,depthwise_conv,1x576x14x14,10.599691
30,0,imagen.jpeg,107,batchnorm,1x576x14x14,2.704921
30,0,imagen.jpeg,108,activacion,1x576x14x14,0.983291
30,0,imagen.jpeg,109,pointwise_conv,1x576x14x14,97.418677
30,0,imagen.jpeg,110,batchnorm,1x96x14x14,0.437765
30,0,imagen.jpeg,111,layer_add,1x96x14x14,0.204482
30,0,imagen.jpeg,112,pointwise_conv,1x96x14x14,55.4323
30,0,imagen.jpeg,113,batchnorm,1x576x14x14,2.65051
30,0,imagen.jpeg,114,activacion,1x576x14x14,0.984181
30,0,imagen.jpeg,115,depthwise_conv,1x576x14x14,2.796332
30,0,imagen.jpeg,116,batchnorm,1x576x7x7,0.664617
30,0,imagen.jpeg,117,activacion,1x576x7x7,0.203602
30,0,imagen.jpeg,118,pointwise_conv,1x576x7x7,42.792407
30,0,imagen.jpeg,119,batchnorm,1x160x7x7,0.183642
30,0,imagen.jpeg,120,pointwise_conv,1x160x7x7,31.517829
30,0,imagen.jpeg,121,batchnorm,1x960x7x7,1.112523
30,0,imagen.jpeg,122,activacion,1x960x7x7,0.442365
30,0,imagen.jpeg,123,depthwise_conv,1x960x7x7,4.641802
30,0,imagen.jpeg,124,batchnorm,1x960x7x7,1.095762
30,0,imagen.jpeg,125,activacion,1x960x7x7,0.403874
30,0,imagen.jpeg,126,pointwise_conv,1x960x7x7,90.867483
30,0,imagen.jpeg,127,batchnorm,1x160x7x7,0.185262
30,0,imagen.jpeg,128,layer_add,1x160x7x7,0.088191
30,0,imagen.jpeg,129,pointwise_conv,1x160x7x7,31.580588
30,0,imagen.jpeg,130,batchnorm,1x960x7x7,1.132603
30,0,imagen.jpeg,131,activacion,1x960x7x7,0.406764
30,0,imagen.jpeg,132,depthwise_conv,1x960x7x7,4.588532
30,0,imagen.jpeg,133,batchnorm,1x960x7x7,1.094002
30,0,imagen.jpeg,134,activacion,1x960x7x7,0.396525
30,0,imagen.jpeg,135,pointwise_conv,1x960x7x7,90.764292
30,0,imagen.jpeg,136,batchnorm,1x160x7x7,0.186712
30,0,imagen.jpeg,137,layer_add,1x160x7x7,0.088771
30,0,imagen.jpeg,138,pointwise_conv,1x160x7x7,31.499038
30,0,imagen.jpeg,139,batchnorm,1x960x7x7,1.133212
30,0,imagen.jpeg,140,activacion,1x960x7x7,0.392105
30,0,imagen.jpeg,141,depthwise_conv,1x960x7x7,4.622493
30,0,imagen.jpeg,142,batchnorm,1x960x7x7,1.094023
30,0,imagen.jpeg,143,activacion,1x960x7x7,0.332314
30,0,imagen.jpeg,144,pointwise_conv,1x960x7x7,181.619104
30,0,imagen.jpeg,145,batchnorm,1x320x7x7,0.371584
30,0,imagen.jpeg,146,pointwise_conv,1x320x7x7,108.470223
30,0,imagen.jpeg,147,batchnorm,1x1280x7x7,1.496227
30,0,imagen.jpeg,148,activacion,1x1280x7x7,0.530096
30,0,imagen.jpeg,149,pooling,1x1280x7x7,0.264303
30,0,imagen.jpeg,150,linear,1x1280,5.141849
31,0,imagen.jpeg,0,conv2d,1x3x224x224,115.520243
31,0,imagen.jpeg,1,batchnorm,1x32x112x112,9.165134
31,0,imagen.jpeg,2,activacion,1x32x112x112,2.805932
31,0,imagen.jpeg,3,depthwise_conv,1x32x112x112,37.037011
31,0,imagen.jpeg,4,batchnorm,1x32x112x112,9.233385
31,0,imagen.jpeg,5,activacion,1x32x112x112,2.801272
31,0,imagen.jpeg,6,pointwise_conv,1x32x112x112,129.375211
31,0,imagen.jpeg,7,batchnorm,1x16x112x112,4.597953
31,0,imagen.jpeg,8,pointwise_conv,1x16x112x112,170.992463
31,0,imagen.jpeg,9,batchnorm,1x96x112x112,27.761506
31,0,imagen.jpeg,10,activacion,1x96x112x112,9.369927
31,0,imagen.jpeg,11,depthwise_conv,1x96x112x112,29.140361
31,0,imagen.jpeg,12,batchnorm,1x96x56x56,6.881548
31,0,imagen.jpeg,13,activacion,1x96x56x56,2.511899
31,0,imagen.jpeg,14,pointwise_conv,1x96x56x56,93.958258
31,0,imagen.jpeg,15,batchnorm,1x24x56x56,1.75247
31,0,imagen.jpeg,16,pointwise_conv,1x24x56x56,88.373555
31,0,imagen.jpeg,17,batchnorm,1x144x56x56,10.613071
31,0,imagen.jpeg,18,activacion,1x144x56x56,3.531771
31,0,imagen.jpeg,19,depthwise_conv,1x144x56x56,41.809626
31,0,imagen.jpeg,20,batchnorm,1x144x56x56,10.380698
31,0,imagen.jpeg,21,activacion,1x144x56x56,3.951785
31,0,imagen.jpeg,22,pointwise_conv,1x144x56x56,199.295376
31,0,imagen.jpeg,23,batchnorm,1x24x56x56,1.75993
31,0,imagen.jpeg,24,layer_add,1x24x56x56,0.770338
31,0,imagen.jpeg,25,pointwise_conv,1x24x56x56,87.680796
31,0,imagen.jpeg,26,batchnorm,1x144x56x56,10.54773
31,0,imagen.jpeg,27,activacion,1x144x56x56,3.865394
31,0,imagen.jpeg,28,depthwise_conv,1x144x56x56,10.651521
31,0,imagen.jpeg,29,batchnorm,1x144x28x28,2.578349
31,0,imagen.jpeg,30,activacion,1x144x28x28,0.89756
31,0,imagen.jpeg,31,pointwise_conv,1x144x28x28,25.604421
31,0,imagen.jpeg,32,batchnorm,1x32x28x28,0.568847
31,0,imagen.jpeg,33,pointwise_conv,1x32x28x28,34.537703
31,0,imagen.jpeg,34,batchnorm,1x192x28x28,3.46782
31,0,imagen.jpeg,35,activacion,1x192x28x28,1.117233
31,0,imagen.jpeg,36,depthwise_conv,1x192x28x28,14.11681
31,0,imagen.jpeg,37,batchnorm,1x192x28x28,3.460319
31,0,imagen.jpeg,38,activacion,1x192x28x28,1.380396
31,0,imagen.jpeg,39,pointwise_conv,1x192x28x28,34.279899
31,0,imagen.jpeg,40,batchnorm,1x32x28x28,0.568606
31,0,imagen.jpeg,41,layer_add,1x32x28x28,0.273853
31,0,imagen.jpeg,42,pointwise_conv,1x32x28x28,34.555242
31,0,imagen.jpeg,43,batchnorm,1x192x28x28,3.469449
31,0,imagen.jpeg,44,activacion,1x192x28x28,1.182813
31,0,imagen.jpeg,45,depthwise_conv,1x192x28x28,14.022799
31,0,imagen.jpeg,46,batchnorm,1x192x28x28,3.456199
31,0,imagen.jpeg,47,activacion,1x192x28x28,1.338286
31,0,imagen.jpeg,48,pointwise_conv,1x192x28x28,34.252929
31,0,imagen.jpeg,49,batchnorm,1x32x28x28,0.571846
31,0,imagen.jpeg,50,layer_add,1x32x28x28,0.273843
31,0,imagen.jpeg,51,pointwise_conv,1x32x28x28,34.578343
31,0,imagen.jpeg,52,batchnorm,1x192x28x28,3.468629
31,0,imagen.jpeg,53,activacion,1x192x28x28,1.255544
31,0,imagen.jpeg,54,depthwise_conv,1x192x28x28,3.667041
31,0,imagen.jpeg,55,batchnorm,1x192x14x14,0.87493
31,0,imagen.jpeg,56,activacion,1x192x14x14,0.276573
31,0,imagen.jpeg,57,pointwise_conv,1x192x14x14,12.609563
31,0,imagen.jpeg,58,batchnorm,1x64x14x14,0.288273
31,0,imagen.jpeg,59,pointwise_conv,1x64x14x14,24.384717
31,0,imagen.jpeg,60,batchnorm,1x384x14x14,1.7757
31,0,imagen.jpeg,61,activacion,1x384x14x14,0.558246
31,0,imagen.jpeg,62,depthwise_conv,1x384x14x14,7.06584
31,0,imagen.jpeg,63,batchnorm,1x384x14x14,1.73398
31,0,imagen.jpeg,64,activacion,1x384x14x14,0.690738
31,0,imagen.jpeg,65,pointwise_conv,1x384x14x14,30.79333
31,0,imagen.jpeg,66,batchnorm,1x64x14x14,0.289354
31,0,imagen.jpeg,67,layer_add,1x64x14x14,0.137661
31,0,imagen.jpeg,68,pointwise_conv,1x64x14x14,24.288526
31,0,imagen.jpeg,69,batchnorm,1x384x14x14,1.76641
31,0,imagen.jpeg,70,activacion,1x384x14x14,0.615037
31,0,imagen.jpeg,71,depthwise_conv,1x384x14x14,7.073441
31,0,imagen.jpeg,72,batchnorm,1x384x14x14,1.73048
31,0,imagen.jpeg,73,activacion,1x384x14x14,0.699068
31,0,imagen.jpeg,74,pointwise_conv,1x384x14x14,30.78013
31,0,imagen.jpeg,75,batchnorm,1x64x14x14,0.301584
31,0,imagen.jpeg,76,layer_add,1x64x14x14,0.142432
31,0,imagen.jpeg,77,pointwise_conv,1x64x14x14,24.282636
31,0,imagen.jpeg,78,batchnorm,1x384x14x14,1.74363
31,0,imagen.jpeg,79,activacion,1x384x14x14,0.659307
31,0,imagen.jpeg,80,depthwise_conv,1x384x14x14,7.056731
31,0,imagen.jpeg,81,batchnorm,1x384x14x14,1.75192
31,0,imagen.jpeg,82,activacion,1x384x14x14,0.667127
31,0,imagen.jpeg,83,pointwise_conv,1x384x14x14,30.762099
31,0,imagen.jpeg,84,batchnorm,1x64x14x14,0.290663
31,0,imagen.jpeg,85,layer_add,1x64x14x14,0.139902
31,0,imagen.jpeg,86,pointwise_conv,1x64x14x14,24.351177
31,0,imagen.jpeg,87,batchnorm,1x384x14x14,1.76121
31,0,imagen.jpeg,88,activacion,1x384x14x14,0.627547
31,0,imagen.jpeg,89,depthwise_conv,1x384x14x14,7.06076
31,0,imagen.jpeg,90,batchnorm,1x384x14x14,1.73336
31,0,imagen.jpeg,91,activacion,1x384x14x14,0.651948
31,0,imagen.jpeg,92,pointwise_conv,1x384x14x14,46.037203
31,0,imagen.jpeg,93,batchnorm,1x96x14x14,0.432255
31,0,imagen.jpeg,94,pointwise_conv,1x96x14x14,55.48556
31,0,imagen.jpeg,95,batchnorm,1x576x14x14,2.65146
31,0,imagen.jpeg,96,activacion,1x576x14x14,0.971741
31,0,imagen.jpeg,97,depthwise_conv,1x576x14x14,10.60151
31,0,imagen.jpeg,98,batchnorm,1x576x14x14,2.65178
31,0,imagen.jpeg,99,activacion,1x576x14x14,0.974121
31,0,imagen.jpeg,100,pointwise_conv,1x576x14x14,97.417077
31,0,imagen.jpeg,101,batchnorm,1x96x14x14,0.454255
31,0,imagen.jpeg,102,layer_add,1x96x14x14,0.194362
31,0,imagen.jpeg,103,pointwise_conv,1x96x14x14,55.478351
31,0,imagen.jpeg,104,batchnorm,1x576x14x14,2.63794
31,0,imagen.jpeg,105,activacion,1x576x14x14,1.035851
31,0,imagen.jpeg,106,depthwise_conv,1x576x14x14,10.725462
31,0,imagen.jpeg,107,batchnorm,1x576x14x14,2.62523
31,0,imagen.jpeg,108,activacion,1x576x14x14,0.946401
31,0,imagen.jpeg,109,pointwise_conv,1x576x14x14,97.427157
31,0,imagen.jpeg,110,batchnorm,1x96x14x14,0.436375
31,0,imagen.jpeg,111,layer_add,1x96x14x14,0.211932
31,0,imagen.jpeg,112,pointwise_conv,1x96x14x14,55.326499
31,0,imagen.jpeg,113,batchnorm,1x576x14x14,2.654031
31,0,imagen.jpeg,114,activacion,1x576x14x14,0.997931
31,0,imagen.jpeg,115,depthwise_conv,1x576x14x14,2.798072
31,0,imagen.jpeg,116,batchnorm,1x576x7x7,0.662608
31,0,imagen.jpeg,117,activacion,1x576x7x7,0.203393
31,0,imagen.jpeg,118,pointwise_conv,1x576x7x7,42.776096
31,0,imagen.jpeg,119,batchnorm,1x160x7x7,0.183802
31,0,imagen.jpeg,120,pointwise_conv,1x160x7x7,31.509428
31,0,imagen.jpeg,121,batchnorm,1x960x7x7,1.135393
31,0,imagen.jpeg,122,activacion,1x960x7x7,0.391414
31,0,imagen.jpeg,123,depthwise_conv,1x960x7x7,4.609662
31,0,imagen.jpeg,124,batchnorm,1x960x7x7,1.094913
31,0,imagen.jpeg,125,activacion,1x960x7x7,0.405085
31,0,imagen.jpeg,126,pointwise_conv,1x960x7x7,91.49577
31,0,imagen.jpeg,127,batchnorm,1x160x7x7,0.189552
31,0,imagen.jpeg,128,layer_add,1x160x7x7,0.085481
31,0,imagen.jpeg,129,pointwise_conv,1x160x7x7,31.565779
31,0,imagen.jpeg,130,batchnorm,1x960x7x7,1.115783
31,0,imagen.jpeg,131,activacion,1x960x7x7,0.395814
31,0,imagen.jpeg,132,depthwise_conv,1x960x7x7,4.618693
31,0,imagen.jpeg,133,batchnorm,1x960x7x7,1.113043
31,0,imagen.jpeg,134,activacion,1x960x7x7,0.399635
31,0,imagen.jpeg,135,pointwise_conv,1x960x7x7,90.761832
31,0,imagen.jpeg,136,batchnorm,1x160x7x7,0.187002
31,0,imagen.jpeg,137,layer_add,1x160x7x7,0.085611
31,0,imagen.jpeg,138,pointwise_conv,1x160x7x7,31.512798
31,0,imagen.jpeg,139,batchnorm,1x960x7x7,1.121902
31,0,imagen.jpeg,140,activacion,1x960x7x7,0.393025
31,0,imagen.jpeg,141,depthwise_conv,1x960x7x7,4.671453
31,0,imagen.jpeg,142,batchnorm,1x960x7x7,1.096123
31,0,imagen.jpeg,143,activacion,1x960x7x7,0.317144
31,0,imagen.jpeg,144,pointwise_conv,1x960x7x7,181.480443
31,0,imagen.jpeg,145,batchnorm,1x320x7x7,0.370945
31,0,imagen.jpeg,146,pointwise_conv,1x320x7x7,108.593004
31,0,imagen.jpeg,147,batchnorm,1x1280x7x7,1.496827
31,0,imagen.jpeg,148,activacion,1x1280x7x7,0.573386
31,0,imagen.jpeg,149,pooling,1x1280x7x7,0.263223
31,0,imagen.jpeg,150,linear,1x1280,5.101598
32,0,imagen.jpeg,0,conv2d,1x3x224x224,115.19756
32,0,imagen.jpeg,1,batchnorm,1x32x112x112,9.165684
32,0,imagen.jpeg,2,activacion,1x32x112x112,2.809042
32,0,imagen.jpeg,3,depthwise_conv,1x32x112x112,37.105772
32,0,imagen.jpeg,4,batchnorm,1x32x112x112,9.307965
32,0,imagen.jpeg,5,activacion,1x32x112x112,2.837282
32,0,imagen.jpeg,6,pointwise_conv,1x32x112x112,128.859635
32,0,imagen.jpeg,7,batchnorm,1x16x112x112,4.600162
32,0,imagen.jpeg,8,pointwise_conv,1x16x112x112,171.63134
32,0,imagen.jpeg,9,batchnorm,1x96x112x112,27.660424
32,0,imagen.jpeg,10,activacion,1x96x112x112,9.344266
32,0,imagen.jpeg,11,depthwise_conv,1x96x112x112,29.0649
32,0,imagen.jpeg,12,batchnorm,1x96x56x56,6.869738
32,0,imagen.jpeg,13,activacion,1x96x56x56,2.505709
32,0,imagen.jpeg,14,pointwise_conv,1x96x56x56,95.83468
32,0,imagen.jpeg,15,batchnorm,1x24x56x56,1.76188
32,0,imagen.jpeg,16,pointwise_conv,1x24x56x56,88.394835
32,0,imagen.jpeg,17,batchnorm,1x144x56x56,10.444379
32,0,imagen.jpeg,18,activacion,1x144x56x56,3.49516
32,0,imagen.jpeg,19,depthwise_conv,1x144x56x56,41.886866
32,0,imagen.jpeg,20,batchnorm,1x144x56x56,10.327368
32,0,imagen.jpeg,21,activacion,1x144x56x56,3.956885
32,0,imagen.jpeg,22,pointwise_conv,1x144x56x56,199.493918
32,0,imagen.jpeg,23,batchnorm,1x24x56x56,1.70782
32,0,imagen.jpeg,24,layer_add,1x24x56x56,0.85416
32,0,imagen.jpeg,25,pointwise_conv,1x24x56x56,87.718837
32,0,imagen.jpeg,26,batchnorm,1x144x56x56,10.444829
32,0,imagen.jpeg,27,activacion,1x144x56x56,3.857854
32,0,imagen.jpeg,28,depthwise_conv,1x144x56x56,10.624281
32,0,imagen.jpeg,29,batchnorm,1x144x28x28,2.59751
32,0,imagen.jpeg,30,activacion,1x144x28x28,0.90514
32,0,imagen.jpeg,31,pointwise_conv,1x144x28x28,25.602861
32,0,imagen.jpeg,32,batchnorm,1x32x28x28,0.570507
32,0,imagen.jpeg,33,pointwise_conv,1x32x28x28,34.548323
32,0,imagen.jpeg,34,batchnorm,1x192x28x28,3.47267
32,0,imagen.jpeg,35,activacion,1x192x28x28,1.118203
32,0,imagen.jpeg,36,depthwise_conv,1x192x28x28,14.05135
32,0,imagen.jpeg,37,batchnorm,1x192x28x28,3.450119
32,0,imagen.jpeg,38,activacion,1x192x28x28,1.342456
32,0,imagen.jpeg,39,pointwise_conv,1x192x28x28,34.096078
32,0,imagen.jpeg,40,batchnorm,1x32x28x28,0.568886
32,0,imagen.jpeg,41,layer_add,1x32x28x28,0.250213
32,0,imagen.jpeg,42,pointwise_conv,1x32x28x28,34.557133
32,0,imagen.jpeg,43,batchnorm,1x192x28x28,3.47875
32,0,imagen.jpeg,44,activacion,1x192x28x28,1.182864
32,0,imagen.jpeg,45,depthwise_conv,1x192x28x28,14.054239
32,0,imagen.jpeg,46,batchnorm,1x192x28x28,3.421689
32,0,imagen.jpeg,47,activacion,1x192x28x28,1.364636
32,0,imagen.jpeg,48,pointwise_conv,1x192x28x28,33.979006
32,0,imagen.jpeg,49,batchnorm,1x32x28x28,0.594067
32,0,imagen.jpeg,50,layer_add,1x32x28x28,0.277554
32,0,imagen.jpeg,51,pointwise_conv,1x32x28x28,34.499593
32,0,imagen.jpeg,52,batchnorm,1x192x28x28,3.447529
32,0,imagen.jpeg,53,activacion,1x192x28x28,1.284315
32,0,imagen.jpeg,54,depthwise_conv,1x192x28x28,3.634961
32,0,imagen.jpeg,55,batchnorm,1x192x14x14,0.87549
32,0,imagen.jpeg,56,activacion,1x192x14x14,0.277223
32,0,imagen.jpeg,57,pointwise_conv,1x192x14x14,12.666534
32,0,imagen.jpeg,58,batchnorm,1x64x14x14,0.352604
32,0,imagen.jpeg,59,pointwise_conv,1x64x14x14,24.301156
32,0,imagen.jpeg,60,batchnorm,1x384x14x14,1.75007
32,0,imagen.jpeg,61,activacion,1x384x14x14,0.557717
32,0,imagen.jpeg,62,depthwise_conv,1x384x14x14,7.074581
32,0,imagen.jpeg,63,batchnorm,1x384x14x14,1.75488
32,0,imagen.jpeg,64,activacion,1x384x14x14,0.691057
32,0,imagen.jpeg,65,pointwise_conv,1x384x14x14,30.715039
32,0,imagen.jpeg,66,batchnorm,1x64x14x14,0.288463
32,0,imagen.jpeg,67,layer_add,1x64x14x14,0.137441
32,0,imagen.jpeg,68,pointwise_conv,1x64x14x14,24.347437
32,0,imagen.jpeg,69,batchnorm,1x384x14x14,1.76715
32,0,imagen.jpeg,70,activacion,1x384x14x14,0.615246
32,0,imagen.jpeg,71,depthwise_conv,1x384x14x14,7.123941
32,0,imagen.jpeg,72,batchnorm,1x384x14x14,1.734469
32,0,imagen.jpeg,73,activacion,1x384x14x14,0.673318
32,0,imagen.jpeg,74,pointwise_conv,1x384x14x14,30.738599
32,0,imagen.jpeg,75,batchnorm,1x64x14x14,0.288903
32,0,imagen.jpeg,76,layer_add,1x64x14x14,0.135812
32,0,imagen.jpeg,77,pointwise_conv,1x64x14x14,24.288386
32,0,imagen.jpeg,78,batchnorm,1x384x14x14,1.77406
32,0,imagen.jpeg,79,activacion,1x384x14x14,0.643817
32,0,imagen.jpeg,80,depthwise_conv,1x384x14x14,7.07438
32,0,imagen.jpeg,81,batchnorm,1x384x14x14,1.73367
32,0,imagen.jpeg,82,activacion,1x384x14x14,0.676978
32,0,imagen.jpeg,83,pointwise_conv,1x384x14x14,30.7483
32,0,imagen.jpeg,84,batchnorm,1x64x14x14,0.350054
32,0,imagen.jpeg,85,layer_add,1x64x14x14,0.140132
32,0,imagen.jpeg,86,pointwise_conv,1x64x14x14,24.340176
32,0,imagen.jpeg,87,batchnorm,1x384x14x14,1.76929
32,0,imagen.jpeg,88,activacion,1x384x14x14,0.664488
32,0,imagen.jpeg,89,depthwise_conv,1x384x14x14,7.046691
32,0,imagen.jpeg,90,batchnorm,1x384x14x14,1.74805
32,0,imagen.jpeg,91,activacion,1x384x14x14,0.653407
32,0,imagen.jpeg,92,pointwise_conv,1x384x14x14,46.044583
32,0,imagen.jpeg,93,batchnorm,1x96x14x14,0.433075
32,0,imagen.jpeg,94,pointwise_conv,1x96x14x14,55.39965
32,0,imagen.jpeg,95,batchnorm,1x576x14x14,2.66157
32,0,imagen.jpeg,96,activacion,1x576x14x14,0.974211
32,0,imagen.jpeg,97,depthwise_conv,1x576x14x14,10.682112
32,0,imagen.jpeg,98,batchnorm,1x576x14x14,2.62383
32,0,imagen.jpeg,99,activacion,1x576x14x14,1.034651
32,0,imagen.jpeg,100,pointwise_conv,1x576x14x14,97.339566
32,0,imagen.jpeg,101,batchnorm,1x96x14x14,0.434745
32,0,imagen.jpeg,102,layer_add,1x96x14x14,0.210223
32,0,imagen.jpeg,103,pointwise_conv,1x96x14x14,55.635492
32,0,imagen.jpeg,104,batchnorm,1x576x14x14,2.65351
32,0,imagen.jpeg,105,activacion,1x576x14x14,0.983252
32,0,imagen.jpeg,106,depthwise_conv,1x576x14x14,10.59869
32,0,imagen.jpeg,107,batchnorm,1x576x14x14,2.63739
32,0,imagen.jpeg,108,activacion,1x576x14x14,0.943451
32,0,imagen.jpeg,109,pointwise_conv,1x576x14x14,97.352817
32,0,imagen.jpeg,110,batchnorm,1x96x14x14,0.436155
32,0,imagen.jpeg,111,layer_add,1x96x14x14,0.207172
32,0,imagen.jpeg,112,pointwise_conv,1x96x14x14,55.333769
32,0,imagen.jpeg,113,batchnorm,1x576x14x14,2.673051
32,0,imagen.jpeg,114,activacion,1x576x14x14,0.993901
32,0,imagen.jpeg,115,depthwise_conv,1x576x14x14,2.795172
32,0,imagen.jpeg,116,batchnorm,1x576x7x7,0.664468
32,0,imagen.jpeg,117,activacion,1x576x7x7,0.204203
32,0,imagen.jpeg,118,pointwise_conv,1x576x7x7,42.738786
32,0,imagen.jpeg,119,batchnorm,1x160x7x7,0.184782
32,0,imagen.jpeg,120,pointwise_conv,1x160x7x7,31.517499
32,0,imagen.jpeg,121,batchnorm,1x960x7x7,1.114713
32,0,imagen.jpeg,122,activacion,1x960x7x7,0.402285
32,0,imagen.jpeg,123,depthwise_conv,1x960x7x7,4.620982
32,0,imagen.jpeg,124,batchnorm,1x960x7x7,1.094602
32,0,imagen.jpeg,125,activacion,1x960x7x7,0.420355
32,0,imagen.jpeg,126,pointwise_conv,1x960x7x7,90.57945
32,0,imagen.jpeg,127,batchnorm,1x160x7x7,0.183672
32,0,imagen.jpeg,128,layer_add,1x160x7x7,0.087601
32,0,imagen.jpeg,129,pointwise_conv,1x160x7x7,31.516488
32,0,imagen.jpeg,130,batchnorm,1x960x7x7,1.115153
32,0,imagen.jpeg,131,activacion,1x960x7x7,0.406925
32,0,imagen.jpeg,132,depthwise_conv,1x960x7x7,4.612692
32,0,imagen.jpeg,133,batchnorm,1x960x7x7,1.095892
32,0,imagen.jpeg,134,activacion,1x960x7x7,0.413324
32,0,imagen.jpeg,135,pointwise_conv,1x960x7x7,90.634481
32,0,imagen.jpeg,136,batchnorm,1x160x7x7,0.186462
32,0,imagen.jpeg,137,layer_add,1x160x7x7,0.089061
32,0,imagen.jpeg,138,pointwise_conv,1x160x7x7,31.556629
32,0,imagen.jpeg,139,batchnorm,1x960x7x7,1.116702
32,0,imagen.jpeg,140,activacion,1x960x7x7,0.418375
32,0,imagen.jpeg,141,depthwise_conv,1x960x7x7,4.595483
32,0,imagen.jpeg,142,batchnorm,1x960x7x7,1.094242
32,0,imagen.jpeg,143,activacion,1x960x7x7,0.314493
32,0,imagen.jpeg,144,pointwise_conv,1x960x7x7,181.26845
32,0,imagen.jpeg,145,batchnorm,1x320x7x7,0.374844
32,0,imagen.jpeg,146,pointwise_conv,1x320x7x7,108.493793
32,0,imagen.jpeg,147,batchnorm,1x1280x7x7,1.525787
32,0,imagen.jpeg,148,activacion,1x1280x7x7,0.530946
32,0,imagen.jpeg,149,pooling,1x1280x7x7,0.265073
32,0,imagen.jpeg,150,linear,1x1280,5.228529
33,0,imagen.jpeg,0,conv2d,1x3x224x224,115.372602
33,0,imagen.jpeg,1,batchnorm,1x32x112x112,9.168525
33,0,imagen.jpeg,2,activacion,1x32x112x112,2.769021
33,0,imagen.jpeg,3,depthwise_conv,1x32x112x112,37.108062
33,0,imagen.jpeg,4,batchnorm,1x32x112x112,9.246765
33,0,imagen.jpeg,5,activacion,1x32x112x112,2.837782
33,0,imagen.jpeg,6,pointwise_conv,1x32x112x112,128.964116
33,0,imagen.jpeg,7,batchnorm,1x16x112x112,4.579082
33,0,imagen.jpeg,8,pointwise_conv,1x16x112x112,171.108255
33,0,imagen.jpeg,9,batchnorm,1x96x112x112,27.695265
33,0,imagen.jpeg,10,activacion,1x96x112x112,9.372766
33,0,imagen.jpeg,11,depthwise_conv,1x96x112x112,29.123191
33,0,imagen.jpeg,12,batchnorm,1x96x56x56,6.867298
33,0,imagen.jpeg,13,activacion,1x96x56x56,2.494889
33,0,imagen.jpeg,14,pointwise_conv,1x96x56x56,95.415795
33,0,imagen.jpeg,15,batchnorm,1x24x56x56,1.75276
33,0,imagen.jpeg,16,pointwise_conv,1x24x56x56,88.329244
33,0,imagen.jpeg,17,batchnorm,1x144x56x56,10.460669
33,0,imagen.jpeg,18,activacion,1x144x56x56,3.546351
33,0,imagen.jpeg,19,depthwise_conv,1x144x56x56,41.868536
33,0,imagen.jpeg,20,batchnorm,1x144x56x56,10.307937
33,0,imagen.jpeg,21,activacion,1x144x56x56,3.957175
33,0,imagen.jpeg,22,pointwise_conv,1x144x56x56,199.300105
33,0,imagen.jpeg,23,batchnorm,1x24x56x56,1.716899
33,0,imagen.jpeg,24,layer_add,1x24x56x56,0.87391
33,0,imagen.jpeg,25,pointwise_conv,1x24x56x56,87.600636
33,0,imagen.jpeg,26,batchnorm,1x144x56x56,10.461049
33,0,imagen.jpeg,27,activacion,1x144x56x56,4.041506
33,0,imagen.jpeg,28,depthwise_conv,1x144x56x56,10.673681
33,0,imagen.jpeg,29,batchnorm,1x144x28x28,2.596019
33,0,imagen.jpeg,30,activacion,1x144x28x28,0.894761
33,0,imagen.jpeg,31,pointwise_conv,1x144x28x28,25.627801
33,0,imagen.jpeg,32,batchnorm,1x32x28x28,0.569616
33,0,imagen.jpeg,33,pointwise_conv,1x32x28x28,34.603623
33,0,imagen.jpeg,34,batchnorm,1x192x28x28,3.472989
33,0,imagen.jpeg,35,activacion,1x192x28x28,1.114102
33,0,imagen.jpeg,36,depthwise_conv,1x192x28x28,13.980129
33,0,imagen.jpeg,37,batchnorm,1x192x28x28,3.459779
33,0,imagen.jpeg,38,activacion,1x192x28x28,1.380056
33,0,imagen.jpeg,39,pointwise_conv,1x192x28x28,34.139308
33,0,imagen.jpeg,40,batchnorm,1x32x28x28,0.567666
33,0,imagen.jpeg,41,layer_add,1x32x28x28,0.275603
33,0,imagen.jpeg,42,pointwise_conv,1x32x28x28,34.558562
33,0,imagen.jpeg,43,batchnorm,1x192x28x28,3.481239
33,0,imagen.jpeg,44,activacion,1x192x28x28,1.185413
33,0,imagen.jpeg,45,depthwise_conv,1x192x28x28,14.10311
33,0,imagen.jpeg,46,batchnorm,1x192x28x28,3.417949
33,0,imagen.jpeg,47,activacion,1x192x28x28,1.337935
33,0,imagen.jpeg,48,pointwise_conv,1x192x28x28,34.29528
33,0,imagen.jpeg,49,batchnorm,1x32x28x28,0.574927
33,0,imagen.jpeg,50,layer_add,1x32x28x28,0.271023
33,0,imagen.jpeg,51,pointwise_conv,1x32x28x28,34.519053
33,0,imagen.jpeg,52,batchnorm,1x192x28x28,3.47891
33,0,imagen.jpeg,53,activacion,1x192x28x28,1.254824
33,0,imagen.jpeg,54,depthwise_conv,1x192x28x28,3.634502
33,0,imagen.jpeg,55,batchnorm,1x192x14x14,0.87241
33,0,imagen.jpeg,56,activacion,1x192x14x14,0.276924
33,0,imagen.jpeg,57,pointwise_conv,1x192x14x14,12.715504
33,0,imagen.jpeg,58,batchnorm,1x64x14x14,0.289443
33,0,imagen.jpeg,59,pointwise_conv,1x64x14x14,24.282156
33,0,imagen.jpeg,60,batchnorm,1x384x14x14,1.75577
33,0,imagen.jpeg,61,activacion,1x384x14x14,0.557736
33,0,imagen.jpeg,62,depthwise_conv,1x384x14x14,7.05311
33,0,imagen.jpeg,63,batchnorm,1x384x14x14,1.75389
33,0,imagen.jpeg,64,activacion,1x384x14x14,0.686667
33,0,imagen.jpeg,65,pointwise_conv,1x384x14x14,30.714849
33,0,imagen.jpeg,66,batchnorm,1x64x14x14,0.290023
33,0,imagen.jpeg,67,layer_add,1x64x14x14,0.137002
33,0,imagen.jpeg,68,pointwise_conv,1x64x14x14,24.286866
33,0,imagen.jpeg,69,batchnorm,1x384x14x14,1.822871
33,0,imagen.jpeg,70,activacion,1x384x14x14,0.622327
33,0,imagen.jpeg,71,depthwise_conv,1x384x14x14,7.061231
33,0,imagen.jpeg,72,batchnorm,1x384x14x14,1.73363
33,0,imagen.jpeg,73,activacion,1x384x14x14,0.673717
33,0,imagen.jpeg,74,pointwise_conv,1x384x14x14,30.74797
33,0,imagen.jpeg,75,batchnorm,1x64x14x14,0.287983
33,0,imagen.jpeg,76,layer_add,1x64x14x14,0.135792
33,0,imagen.jpeg,77,pointwise_conv,1x64x14x14,24.301257
33,0,imagen.jpeg,78,batchnorm,1x384x14x14,1.76281
33,0,imagen.jpeg,79,activacion,1x384x14x14,0.646777
33,0,imagen.jpeg,80,depthwise_conv,1x384x14x14,7.07696
33,0,imagen.jpeg,81,batchnorm,1x384x14x14,1.75847
33,0,imagen.jpeg,82,activacion,1x384x14x14,0.667068
33,0,imagen.jpeg,83,pointwise_conv,1x384x14x14,30.812821
33,0,imagen.jpeg,84,batchnorm,1x64x14x14,0.290253
33,0,imagen.jpeg,85,layer_add,1x64x14x14,0.135832
33,0,imagen.jpeg,86,pointwise_conv,1x64x14x14,24.292657
33,0,imagen.jpeg,87,batchnorm,1x384x14x14,1.74445
33,0,imagen.jpeg,88,activacion,1x384x14x14,0.653798
33,0,imagen.jpeg,89,depthwise_conv,1x384x14x14,7.06054
33,0,imagen.jpeg,90,batchnorm,1x384x14x14,1.7322
33,0,imagen.jpeg,91,activacion,1x384x14x14,0.638737
33,0,imagen.jpeg,92,pointwise_conv,1x384x14x14,46.61214
33,0,imagen.jpeg,93,batchnorm,1x96x14x14,0.437765
33,0,imagen.jpeg,94,pointwise_conv,1x96x14x14,55.39864
33,0,imagen.jpeg,95,batchnorm,1x576x14x14,2.65529
33,0,imagen.jpeg,96,activacion,1x576x14x14,0.970751
33,0,imagen.jpeg,97,depthwise_conv,1x576x14x14,10.629081
33,0,imagen.jpeg,98,batchnorm,1x576x14x14,2.64631
33,0,imagen.jpeg,99,activacion,1x576x14x14,0.977641
33,0,imagen.jpeg,100,pointwise_conv,1x576x14x14,97.569449
33,0,imagen.jpeg,101,batchnorm,1x96x14x14,0.457605
33,0,imagen.jpeg,102,layer_add,1x96x14x14,0.205083
33,0,imagen.jpeg,103,pointwise_conv,1x96x14x14,55.526521
33,0,imagen.jpeg,104,batchnorm,1x576x14x14,2.631649
33,0,imagen.jpeg,105,activacion,1x576x14x14,1.026621
33,0,imagen.jpeg,106,depthwise_conv,1x576x14x14,10.57123
33,0,imagen.jpeg,107,batchnorm,1x576x14x14,2.615
33,0,imagen.jpeg,108,activacion,1x576x14x14,0.963381
33,0,imagen.jpeg,109,pointwise_conv,1x576x14x14,97.320156
33,0,imagen.jpeg,110,batchnorm,1x96x14x14,0.435435
33,0,imagen.jpeg,111,layer_add,1x96x14x14,0.206412
33,0,imagen.jpeg,112,pointwise_conv,1x96x14x14,55.321789
33,0,imagen.jpeg,113,batchnorm,1x576x14x14,2.66194
33,0,imagen.jpeg,114,activacion,1x576x14x14,0.981571
33,0,imagen.jpeg,115,depthwise_conv,1x576x14x14,2.904973
33,0,imagen.jpeg,116,batchnorm,1x576x7x7,0.663977
33,0,imagen.jpeg,117,activacion,1x576x7x7,0.203812
33,0,imagen.jpeg,118,pointwise_conv,1x576x7x7,42.759736
33,0,imagen.jpeg,119,batchnorm,1x160x7x7,0.183532
33,0,imagen.jpeg,120,pointwise_conv,1x160x7x7,31.510508
33,0,imagen.jpeg,121,batchnorm,1x960x7x7,1.136633
33,0,imagen.jpeg,122,activacion,1x960x7x7,0.403624
33,0,imagen.jpeg,123,depthwise_conv,1x960x7x7,4.595442
33,0,imagen.jpeg,124,batchnorm,1x960x7x7,1.096342
33,0,imagen.jpeg,125,activacion,1x960x7x7,0.404585
33,0,imagen.jpeg,126,pointwise_conv,1x960x7x7,90.725541
33,0,imagen.jpeg,127,batchnorm,1x160x7x7,0.186622
33,0,imagen.jpeg,128,layer_add,1x160x7x7,0.084951
33,0,imagen.jpeg,129,pointwise_conv,1x160x7x7,31.517358
33,0,imagen.jpeg,130,batchnorm,1x960x7x7,1.133663
33,0,imagen.jpeg,131,activacion,1x960x7x7,0.395444
33,0,imagen.jpeg,132,depthwise_conv,1x960x7x7,4.576852
33,0,imagen.jpeg,133,batchnorm,1x960x7x7,1.095363
33,0,imagen.jpeg,134,activacion,1x960x7x7,0.417855
33,0,imagen.jpeg,135,pointwise_conv,1x960x7x7,90.58873
33,0,imagen.jpeg,136,batchnorm,1x160x7x7,0.185072
33,0,imagen.jpeg,137,layer_add,1x160x7x7,0.088001
33,0,imagen.jpeg,138,pointwise_conv,1x160x7x7,31.533419
33,0,imagen.jpeg,139,batchnorm,1x960x7x7,1.114692
33,0,imagen.jpeg,140,activacion,1x960x7x7,0.407645
33,0,imagen.jpeg,141,depthwise_conv,1x960x7x7,4.598873
33,0,imagen.jpeg,142,batchnorm,1x960x7x7,1.095212
33,0,imagen.jpeg,143,activacion,1x960x7x7,0.319534
33,0,imagen.jpeg,144,pointwise_conv,1x960x7x7,181.22704
33,0,imagen.jpeg,145,batchnorm,1x320x7x7,0.372785
33,0,imagen.jpeg,146,pointwise_conv,1x320x7x7,108.462943
33,0,imagen.jpeg,147,batchnorm,1x1280x7x7,1.497147
33,0,imagen.jpeg,148,activacion,1x1280x7x7,0.528296
33,0,imagen.jpeg,149,pooling,1x1280x7x7,0.264793
33,0,imagen.jpeg,150,linear,1x1280,5.157068
34,0,imagen.jpeg,0,conv2d,1x3x224x224,115.116669
34,0,imagen.jpeg,1,batchnorm,1x32x112x112,9.152814
34,0,imagen.jpeg,2,activacion,1x32x112x112,2.807942
34,0,imagen.jpeg,3,depthwise_conv,1x32x112x112,37.090082
34,0,imagen.jpeg,4,batchnorm,1x32x112x112,9.216365
34,0,imagen.jpeg,5,activacion,1x32x112x112,2.801322
34,0,imagen.jpeg,6,pointwise_conv,1x32x112x112,129.149868
34,0,imagen.jpeg,7,batchnorm,1x16x112x112,4.589952
34,0,imagen.jpeg,8,pointwise_conv,1x16x112x112,170.752931
34,0,imagen.jpeg,9,batchnorm,1x96x112x112,27.687965
34,0,imagen.jpeg,10,activacion,1x96x112x112,9.334587
34,0,imagen.jpeg,11,depthwise_conv,1x96x112x112,29.089511
34,0,imagen.jpeg,12,batchnorm,1x96x56x56,6.883518
34,0,imagen.jpeg,13,activacion,1x96x56x56,2.478819
34,0,imagen.jpeg,14,pointwise_conv,1x96x56x56,95.366974
34,0,imagen.jpeg,15,batchnorm,1x24x56x56,1.748189
34,0,imagen.jpeg,16,pointwise_conv,1x24x56x56,88.333165
34,0,imagen.jpeg,17,batchnorm,1x144x56x56,10.468069
34,0,imagen.jpeg,18,activacion,1x144x56x56,3.52489
34,0,imagen.jpeg,19,depthwise_conv,1x144x56x56,41.890756
34,0,imagen.jpeg,20,batchnorm,1x144x56x56,10.312417
34,0,imagen.jpeg,21,activacion,1x144x56x56,3.964895
34,0,imagen.jpeg,22,pointwise_conv,1x144x56x56,199.505848
34,0,imagen.jpeg,23,batchnorm,1x24x56x56,1.75966
34,0,imagen.jpeg,24,layer_add,1x24x56x56,0.783049
34,0,imagen.jpeg,25,pointwise_conv,1x24x56x56,87.856849
34,0,imagen.jpeg,26,batchnorm,1x144x56x56,10.449019
34,0,imagen.jpeg,27,activacion,1x144x56x56,3.864684
34,0,imagen.jpeg,28,depthwise_conv,1x144x56x56,10.622621
34,0,imagen.jpeg,29,batchnorm,1x144x28x28,2.577459
34,0,imagen.jpeg,30,activacion,1x144x28x28,0.89602
34,0,imagen.jpeg,31,pointwise_conv,1x144x28x28,25.567831
34,0,imagen.jpeg,32,batchnorm,1x32x28x28,0.569306
34,0,imagen.jpeg,33,pointwise_conv,1x32x28x28,34.648603
34,0,imagen.jpeg,34,batchnorm,1x192x28x28,3.45993
34,0,imagen.jpeg,35,activacion,1x192x28x28,1.116543
34,0,imagen.jpeg,36,depthwise_conv,1x192x28x28,13.999229
34,0,imagen.jpeg,37,batchnorm,1x192x28x28,3.452299
34,0,imagen.jpeg,38,activacion,1x192x28x28,1.383105
34,0,imagen.jpeg,39,pointwise_conv,1x192x28x28,34.094677
34,0,imagen.jpeg,40,batchnorm,1x32x28x28,0.569376
34,0,imagen.jpeg,41,layer_add,1x32x28x28,0.287483
34,0,imagen.jpeg,42,pointwise_conv,1x32x28x28,34.603653
34,0,imagen.jpeg,43,batchnorm,1x192x28x28,3.476359
34,0,imagen.jpeg,44,activacion,1x192x28x28,1.181213
34,0,imagen.jpeg,45,depthwise_conv,1x192x28x28,14.155801
34,0,imagen.jpeg,46,batchnorm,1x192x28x28,3.469929
34,0,imagen.jpeg,47,activacion,1x192x28x28,1.337526
34,0,imagen.jpeg,48,pointwise_conv,1x192x28x28,34.086658
34,0,imagen.jpeg,49,batchnorm,1x32x28x28,0.571066
34,0,imagen.jpeg,50,layer_add,1x32x28x28,0.272474
34,0,imagen.jpeg,51,pointwise_conv,1x32x28x28,34.505872
34,0,imagen.jpeg,52,batchnorm,1x192x28x28,3.46764
34,0,imagen.jpeg,53,activacion,1x192x28x28,1.254814
34,0,imagen.jpeg,54,depthwise_conv,1x192x28x28,3.736183
34,0,imagen.jpeg,55,batchnorm,1x192x14x14,0.8735
34,0,imagen.jpeg,56,activacion,1x192x14x14,0.276013
34,0,imagen.jpeg,57,pointwise_conv,1x192x14x14,12.611194
34,0,imagen.jpeg,58,batchnorm,1x64x14x14,0.287983
34,0,imagen.jpeg,59,pointwise_conv,1x64x14x14,24.293746
34,0,imagen.jpeg,60,batchnorm,1x384x14x14,1.75082
34,0,imagen.jpeg,61,activacion,1x384x14x14,0.556756
34,0,imagen.jpeg,62,depthwise_conv,1x384x14x14,7.04664
34,0,imagen.jpeg,63,batchnorm,1x384x14x14,1.73376
34,0,imagen.jpeg,64,activacion,1x384x14x14,0.688698
34,0,imagen.jpeg,65,pointwise_conv,1x384x14x14,30.702199
34,0,imagen.jpeg,66,batchnorm,1x64x14x14,0.288363
34,0,imagen.jpeg,67,layer_add,1x64x14x14,0.139312
34,0,imagen.jpeg,68,pointwise_conv,1x64x14x14,24.377557
34,0,imagen.jpeg,69,batchnorm,1x384x14x14,1.77411
34,0,imagen.jpeg,70,activacion,1x384x14x14,0.615277
34,0,imagen.jpeg,71,depthwise_conv,1x384x14x14,7.0821
34,0,imagen.jpeg,72,batchnorm,1x384x14x14,1.735009
34,0,imagen.jpeg,73,activacion,1x384x14x14,0.704768
34,0,imagen.jpeg,74,pointwise_conv,1x384x14x14,30.706509
34,0,imagen.jpeg,75,batchnorm,1x64x14x14,0.290543
34,0,imagen.jpeg,76,layer_add,1x64x14x14,0.138372
34,0,imagen.jpeg,77,pointwise_conv,1x64x14x14,24.304226
34,0,imagen.jpeg,78,batchnorm,1x384x14x14,1.75087
34,0,imagen.jpeg,79,activacion,1x384x14x14,0.661437
34,0,imagen.jpeg,80,depthwise_conv,1x384x14x14,7.074141
34,0,imagen.jpeg,81,batchnorm,1x384x14x14,1.76014
34,0,imagen.jpeg,82,activacion,1x384x14x14,0.640707
34,0,imagen.jpeg,83,pointwise_conv,1x384x14x14,30.82706
34,0,imagen.jpeg,84,batchnorm,1x64x14x14,0.288063
34,0,imagen.jpeg,85,layer_add,1x64x14x14,0.138972
34,0,imagen.jpeg,86,pointwise_conv,1x64x14x14,24.292186
34,0,imagen.jpeg,87,batchnorm,1x384x14x14,1.76379
34,0,imagen.jpeg,88,activacion,1x384x14x14,0.631437
34,0,imagen.jpeg,89,depthwise_conv,1x384x14x14,7.06325
34,0,imagen.jpeg,90,batchnorm,1x384x14x14,1.736119
34,0,imagen.jpeg,91,activacion,1x384x14x14,0.651967
34,0,imagen.jpeg,92,pointwise_conv,1x384x14x14,46.078514
34,0,imagen.jpeg,93,batchnorm,1x96x14x14,0.433135
34,0,imagen.jpeg,94,pointwise_conv,1x96x14x14,55.389929
34,0,imagen.jpeg,95,batchnorm,1x576x14x14,2.66253
34,0,imagen.jpeg,96,activacion,1x576x14x14,0.972281
34,0,imagen.jpeg,97,depthwise_conv,1x576x14x14,10.606701
34,0,imagen.jpeg,98,batchnorm,1x576x14x14,2.64354
34,0,imagen.jpeg,99,activacion,1x576x14x14,0.967551
34,0,imagen.jpeg,100,pointwise_conv,1x576x14x14,97.494069
34,0,imagen.jpeg,101,batchnorm,1x96x14x14,0.459415
34,0,imagen.jpeg,102,layer_add,1x96x14x14,0.202112
34,0,imagen.jpeg,103,pointwise_conv,1x96x14x14,55.533932
34,0,imagen.jpeg,104,batchnorm,1x576x14x14,2.63197
34,0,imagen.jpeg,105,activacion,1x576x14x14,1.023312
34,0,imagen.jpeg,106,depthwise_conv,1x576x14x14,10.59472
34,0,imagen.jpeg,107,batchnorm,1x576x14x14,2.619579
34,0,imagen.jpeg,108,activacion,1x576x14x14,0.944401
34,0,imagen.jpeg,109,pointwise_conv,1x576x14x14,97.549588
34,0,imagen.jpeg,110,batchnorm,1x96x14x14,0.438715
34,0,imagen.jpeg,111,layer_add,1x96x14x14,0.203123
34,0,imagen.jpeg,112,pointwise_conv,1x96x14x14,55.390079
34,0,imagen.jpeg,113,batchnorm,1x576x14x14,2.65344
34,0,imagen.jpeg,114,activacion,1x576x14x14,0.976801
34,0,imagen.jpeg,115,depthwise_conv,1x576x14x14,2.802452
34,0,imagen.jpeg,116,batchnorm,1x576x7x7,0.663237
34,0,imagen.jpeg,117,activacion,1x576x7x7,0.203842
34,0,imagen.jpeg,118,pointwise_conv,1x576x7x7,42.745756
34,0,imagen.jpeg,119,batchnorm,1x160x7x7,0.183332
34,0,imagen.jpeg,120,pointwise_conv,1x160x7x7,31.532019
34,0,imagen.jpeg,121,batchnorm,1x960x7x7,1.132432
34,0,imagen.jpeg,122,activacion,1x960x7x7,0.395275
34,0,imagen.jpeg,123,depthwise_conv,1x960x7x7,4.605593
34,0,imagen.jpeg,124,batchnorm,1x960x7x7,1.094493
34,0,imagen.jpeg,125,activacion,1x960x7x7,0.404685
34,0,imagen.jpeg,126,pointwise_conv,1x960x7x7,90.59534
34,0,imagen.jpeg,127,batchnorm,1x160x7x7,0.184892
34,0,imagen.jpeg,128,layer_add,1x160x7x7,0.086991
34,0,imagen.jpeg,129,pointwise_conv,1x160x7x7,31.6564
34,0,imagen.jpeg,130,batchnorm,1x960x7x7,1.129603
34,0,imagen.jpeg,131,activacion,1x960x7x7,0.397544
34,0,imagen.jpeg,132,depthwise_conv,1x960x7x7,4.663243
34,0,imagen.jpeg,133,batchnorm,1x960x7x7,1.093262
34,0,imagen.jpeg,134,activacion,1x960x7x7,0.415315
34,0,imagen.jpeg,135,pointwise_conv,1x960x7x7,90.517149
34,0,imagen.jpeg,136,batchnorm,1x160x7x7,0.187232
34,0,imagen.jpeg,137,layer_add,1x160x7x7,0.087851
34,0,imagen.jpeg,138,pointwise_conv,1x160x7x7,31.561489
34,0,imagen.jpeg,139,batchnorm,1x960x7x7,1.128153
34,0,imagen.jpeg,140,activacion,1x960x7x7,0.424325
34,0,imagen.jpeg,141,depthwise_conv,1x960x7x7,4.600962
34,0,imagen.jpeg,142,batchnorm,1x960x7x7,1.094912
34,0,imagen.jpeg,143,activacion,1x960x7x7,0.315693
34,0,imagen.jpeg,144,pointwise_conv,1x960x7x7,181.20765
34,0,imagen.jpeg,145,batchnorm,1x320x7x7,0.372014
34,0,imagen.jpeg,146,pointwise_conv,1x320x7x7,108.485993
34,0,imagen.jpeg,147,batchnorm,1x1280x7x7,1.497987
34,0,imagen.jpeg,148,activacion,1x1280x7x7,0.539037
34,0,imagen.jpeg,149,pooling,1x1280x7x7,0.263713
34,0,imagen.jpeg,150,linear,1x1280,5.131728
35,0,imagen.jpeg,0,conv2d,1x3x224x224,115.694125
35,0,imagen.jpeg,1,batchnorm,1x32x112x112,9.156574
35,0,imagen.jpeg,2,activacion,1x32x112x112,2.771721
35,0,imagen.jpeg,3,depthwise_conv,1x32x112x112,37.082041
35,0,imagen.jpeg,4,batchnorm,1x32x112x112,9.235365
35,0,imagen.jpeg,5,activacion,1x32x112x112,2.831532
35,0,imagen.jpeg,6,pointwise_conv,1x32x112x112,129.707945
35,0,imagen.jpeg,7,batchnorm,1x16x112x112,4.597673
35,0,imagen.jpeg,8,pointwise_conv,1x16x112x112,171.252647
35,0,imagen.jpeg,9,batchnorm,1x96x112x112,27.758585
35,0,imagen.jpeg,10,activacion,1x96x112x112,9.371596
35,0,imagen.jpeg,11,depthwise_conv,1x96x112x112,29.093721
35,0,imagen.jpeg,12,batchnorm,1x96x56x56,6.971159
35,0,imagen.jpeg,13,activacion,1x96x56x56,2.476898
35,0,imagen.jpeg,14,pointwise_conv,1x96x56x56,94.174661
35,0,imagen.jpeg,15,batchnorm,1x24x56x56,1.76658
35,0,imagen.jpeg,16,pointwise_conv,1x24x56x56,88.417856
35,0,imagen.jpeg,17,batchnorm,1x144x56x56,10.459859
35,0,imagen.jpeg,18,activacion,1x144x56x56,3.52612
35,0,imagen.jpeg,19,depthwise_conv,1x144x56x56,41.882316
35,0,imagen.jpeg,20,batchnorm,1x144x56x56,10.307727
35,0,imagen.jpeg,21,activacion,1x144x56x56,3.965236
35,0,imagen.jpeg,22,pointwise_conv,1x144x56x56,199.509828
35,0,imagen.jpeg,23,batchnorm,1x24x56x56,1.71011
35,0,imagen.jpeg,24,layer_add,1x24x56x56,0.89833
35,0,imagen.jpeg,25,pointwise_conv,1x24x56x56,88.497976
35,0,imagen.jpeg,26,batchnorm,1x144x56x56,10.456099
35,0,imagen.jpeg,27,activacion,1x144x56x56,3.942905
35,0,imagen.jpeg,28,depthwise_conv,1x144x56x56,10.645951
35,0,imagen.jpeg,29,batchnorm,1x144x28x28,2.577209
35,0,imagen.jpeg,30,activacion,1x144x28x28,0.922691
35,0,imagen.jpeg,31,pointwise_conv,1x144x28x28,25.650062
35,0,imagen.jpeg,32,batchnorm,1x32x28x28,0.571267
35,0,imagen.jpeg,33,pointwise_conv,1x32x28x28,34.683945
35,0,imagen.jpeg,34,batchnorm,1x192x28x28,3.476909
35,0,imagen.jpeg,35,activacion,1x192x28x28,1.114353
35,0,imagen.jpeg,36,depthwise_conv,1x192x28x28,14.014109
35,0,imagen.jpeg,37,batchnorm,1x192x28x28,3.450119
35,0,imagen.jpeg,38,activacion,1x192x28x28,1.340015
35,0,imagen.jpeg,39,pointwise_conv,1x192x28x28,34.107788
35,0,imagen.jpeg,40,batchnorm,1x32x28x28,0.570696
35,0,imagen.jpeg,41,layer_add,1x32x28x28,0.274614
35,0,imagen.jpeg,42,pointwise_conv,1x32x28x28,34.601533
35,0,imagen.jpeg,43,batchnorm,1x192x28x28,3.46135
35,0,imagen.jpeg,44,activacion,1x192x28x28,1.181883
35,0,imagen.jpeg,45,depthwise_conv,1x192x28x28,14.002399
35,0,imagen.jpeg,46,batchnorm,1x192x28x28,3.447669
35,0,imagen.jpeg,47,activacion,1x192x28x28,1.336895
35,0,imagen.jpeg,48,pointwise_conv,1x192x28x28,34.054877
35,0,imagen.jpeg,49,batchnorm,1x32x28x28,0.575596
35,0,imagen.jpeg,50,layer_add,1x32x28x28,0.249773
35,0,imagen.jpeg,51,pointwise_conv,1x32x28x28,34.592783
35,0,imagen.jpeg,52,batchnorm,1x192x28x28,3.471319
35,0,imagen.jpeg,53,activacion,1x192x28x28,1.256484
35,0,imagen.jpeg,54,depthwise_conv,1x192x28x28,3.628431
35,0,imagen.jpeg,55,batchnorm,1x192x14x14,0.87393
35,0,imagen.jpeg,56,activacion,1x192x14x14,0.295913
35,0,imagen.jpeg,57,pointwise_conv,1x192x14x14,12.618093
35,0,imagen.jpeg,58,batchnorm,1x64x14x14,0.288813
35,0,imagen.jpeg,59,pointwise_conv,1x64x14x14,24.296546
35,0,imagen.jpeg,60,batchnorm,1x384x14x14,1.79721
35,0,imagen.jpeg,61,activacion,1x384x14x14,0.560586
35,0,imagen.jpeg,62,depthwise_conv,1x384x14x14,7.096641
35,0,imagen.jpeg,63,batchnorm,1x384x14x14,1.739689
35,0,imagen.jpeg,64,activacion,1x384x14x14,0.687808
35,0,imagen.jpeg,65,pointwise_conv,1x384x14x14,30.834271
35,0,imagen.jpeg,66,batchnorm,1x64x14x14,0.290554
35,0,imagen.jpeg,67,layer_add,1x64x14x14,0.135911
35,0,imagen.jpeg,68,pointwise_conv,1x64x14x14,24.390687
35,0,imagen.jpeg,69,batchnorm,1x384x14x14,1.75355
35,0,imagen.jpeg,70,activacion,1x384x14x14,0.615387
35,0,imagen.jpeg,71,depthwise_conv,1x384x14x14,7.07831
35,0,imagen.jpeg,72,batchnorm,1x384x14x14,1.75883
35,0,imagen.jpeg,73,activacion,1x384x14x14,0.664108
35,0,imagen.jpeg,74,pointwise_conv,1x384x14x14,30.72336
35,0,imagen.jpeg,75,batchnorm,1x64x14x14,0.288224
35,0,imagen.jpeg,76,layer_add,1x64x14x14,0.140181
35,0,imagen.jpeg,77,pointwise_conv,1x64x14x14,24.295846
35,0,imagen.jpeg,78,batchnorm,1x384x14x14,1.75746
35,0,imagen.jpeg,79,activacion,1x384x14x14,0.676688
35,0,imagen.jpeg,80,depthwise_conv,1x384x14x14,7.04997
35,0,imagen.jpeg,81,batchnorm,1x384x14x14,1.735899
35,0,imagen.jpeg,82,activacion,1x384x14x14,0.661318
35,0,imagen.jpeg,83,pointwise_conv,1x384x14x14,30.81553
35,0,imagen.jpeg,84,batchnorm,1x64x14x14,0.289213
35,0,imagen.jpeg,85,layer_add,1x64x14x14,0.138522
35,0,imagen.jpeg,86,pointwise_conv,1x64x14x14,24.293156
35,0,imagen.jpeg,87,batchnorm,1x384x14x14,1.7632
35,0,imagen.jpeg,88,activacion,1x384x14x14,0.639237
35,0,imagen.jpeg,89,depthwise_conv,1x384x14x14,7.05955
35,0,imagen.jpeg,90,batchnorm,1x384x14x14,1.73824
35,0,imagen.jpeg,91,activacion,1x384x14x14,0.687508
35,0,imagen.jpeg,92,pointwise_conv,1x384x14x14,46.111904
35,0,imagen.jpeg,93,batchnorm,1x96x14x14,0.435965
35,0,imagen.jpeg,94,pointwise_conv,1x96x14x14,55.312088
35,0,imagen.jpeg,95,batchnorm,1x576x14x14,2.64799
35,0,imagen.jpeg,96,activacion,1x576x14x14,0.974162
35,0,imagen.jpeg,97,depthwise_conv,1x576x14x14,10.614771
35,0,imagen.jpeg,98,batchnorm,1x576x14x14,2.6447
35,0,imagen.jpeg,99,activacion,1x576x14x14,0.967781
35,0,imagen.jpeg,100,pointwise_conv,1x576x14x14,97.479199
35,0,imagen.jpeg,101,batchnorm,1x96x14x14,0.434345
35,0,imagen.jpeg,102,layer_add,1x96x14x14,0.208193
35,0,imagen.jpeg,103,pointwise_conv,1x96x14x14,55.539231
35,0,imagen.jpeg,104,batchnorm,1x576x14x14,2.67039
35,0,imagen.jpeg,105,activacion,1x576x14x14,0.985361
35,0,imagen.jpeg,106,depthwise_conv,1x576x14x14,10.619331
35,0,imagen.jpeg,107,batchnorm,1x576x14x14,2.61919
35,0,imagen.jpeg,108,activacion,1x576x14x14,0.983791
35,0,imagen.jpeg,109,pointwise_conv,1x576x14x14,97.349916
35,0,imagen.jpeg,110,batchnorm,1x96x14x14,0.435395
35,0,imagen.jpeg,111,layer_add,1x96x14x14,0.209693
35,0,imagen.jpeg,112,pointwise_conv,1x96x14x14,55.382719
35,0,imagen.jpeg,113,batchnorm,1x576x14x14,2.703441
35,0,imagen.jpeg,114,activacion,1x576x14x14,0.975151
35,0,imagen.jpeg,115,depthwise_conv,1x576x14x14,2.808052
35,0,imagen.jpeg,116,batchnorm,1x576x7x7,0.662377
35,0,imagen.jpeg,117,activacion,1x576x7x7,0.203532
35,0,imagen.jpeg,118,pointwise_conv,1x576x7x7,42.780386
35,0,imagen.jpeg,119,batchnorm,1x160x7x7,0.184122
35,0,imagen.jpeg,120,pointwise_conv,1x160x7x7,31.548029
35,0,imagen.jpeg,121,batchnorm,1x960x7x7,1.134422
35,0,imagen.jpeg,122,activacion,1x960x7x7,0.392725
35,0,imagen.jpeg,123,depthwise_conv,1x960x7x7,4.641262
35,0,imagen.jpeg,124,batchnorm,1x960x7x7,1.095622
35,0,imagen.jpeg,125,activacion,1x960x7x7,0.424404
35,0,imagen.jpeg,126,pointwise_conv,1x960x7x7,90.833312
35,0,imagen.jpeg,127,batchnorm,1x160x7x7,0.186032
35,0,imagen.jpeg,128,layer_add,1x160x7x7,0.084901
35,0,imagen.jpeg,129,pointwise_conv,1x160x7x7,31.586059
35,0,imagen.jpeg,130,batchnorm,1x960x7x7,1.114203
35,0,imagen.jpeg,131,activacion,1x960x7x7,0.396815
35,0,imagen.jpeg,132,depthwise_conv,1x960x7x7,4.604302
35,0,imagen.jpeg,133,batchnorm,1x960x7x7,1.114633
35,0,imagen.jpeg,134,activacion,1x960x7x7,0.397145
35,0,imagen.jpeg,135,pointwise_conv,1x960x7x7,90.823763
35,0,imagen.jpeg,136,batchnorm,1x160x7x7,0.186792
35,0,imagen.jpeg,137,layer_add,1x160x7x7,0.086551
35,0,imagen.jpeg,138,pointwise_conv,1x160x7x7,31.526968
35,0,imagen.jpeg,139,batchnorm,1x960x7x7,1.122033
35,0,imagen.jpeg,140,activacion,1x960x7x7,0.402054
35,0,imagen.jpeg,141,depthwise_conv,1x960x7x7,4.614113
35,0,imagen.jpeg,142,batchnorm,1x960x7x7,1.095593
35,0,imagen.jpeg,143,activacion,1x960x7x7,0.319134
35,0,imagen.jpeg,144,pointwise_conv,1x960x7x7,181.564874
35,0,imagen.jpeg,145,batchnorm,1x320x7x7,0.371994
35,0,imagen.jpeg,146,pointwise_conv,1x320x7x7,108.517664
35,0,imagen.jpeg,147,batchnorm,1x1280x7x7,1.495497
35,0,imagen.jpeg,148,activacion,1x1280x7x7,0.538576
35,0,imagen.jpeg,149,pooling,1x1280x7x7,0.263973
35,0,imagen.jpeg,150,linear,1x1280,5.107708
36,0,imagen.jpeg,0,conv2d,1x3x224x224,115.173919
36,0,imagen.jpeg,1,batchnorm,1x32x112x112,9.168464
36,0,imagen.jpeg,2,activacion,1x32x112x112,2.803102
36,0,imagen.jpeg,3,depthwise_conv,1x32x112x112,37.140813
36,0,imagen.jpeg,4,batchnorm,1x32x112x112,9.226884
36,0,imagen.jpeg,5,activacion,1x32x112x112,2.838692
36,0,imagen.jpeg,6,pointwise_conv,1x32x112x112,128.914875
36,0,imagen.jpeg,7,batchnorm,1x16x112x112,4.599392
36,0,imagen.jpeg,8,pointwise_conv,1x16x112x112,178.180606
36,0,imagen.jpeg,9,batchnorm,1x96x112x112,27.675345
36,0,imagen.jpeg,10,activacion,1x96x112x112,9.358567
36,0,imagen.jpeg,11,depthwise_conv,1x96x112x112,29.205512
36,0,imagen.jpeg,12,batchnorm,1x96x56x56,6.884858
36,0,imagen.jpeg,13,activacion,1x96x56x56,2.474918
36,0,imagen.jpeg,14,pointwise_conv,1x96x56x56,96.066332
36,0,imagen.jpeg,15,batchnorm,1x24x56x56,1.708619
36,0,imagen.jpeg,16,pointwise_conv,1x24x56x56,88.386495
36,0,imagen.jpeg,17,batchnorm,1x144x56x56,10.50482
36,0,imagen.jpeg,18,activacion,1x144x56x56,3.52193
36,0,imagen.jpeg,19,depthwise_conv,1x144x56x56,41.832885
36,0,imagen.jpeg,20,batchnorm,1x144x56x56,10.307327
36,0,imagen.jpeg,21,activacion,1x144x56x56,3.945845
36,0,imagen.jpeg,22,pointwise_conv,1x144x56x56,199.151134
36,0,imagen.jpeg,23,batchnorm,1x24x56x56,1.75033
36,0,imagen.jpeg,24,layer_add,1x24x56x56,0.779369
36,0,imagen.jpeg,25,pointwise_conv,1x24x56x56,87.723517
36,0,imagen.jpeg,26,batchnorm,1x144x56x56,10.443509
36,0,imagen.jpeg,27,activacion,1x144x56x56,3.902764
36,0,imagen.jpeg,28,depthwise_conv,1x144x56x56,10.706442
36,0,imagen.jpeg,29,batchnorm,1x144x28x28,2.604639
36,0,imagen.jpeg,30,activacion,1x144x28x28,0.907861
36,0,imagen.jpeg,31,pointwise_conv,1x144x28x28,25.657412
36,0,imagen.jpeg,32,batchnorm,1x32x28x28,0.586417
36,0,imagen.jpeg,33,pointwise_conv,1x32x28x28,34.531983
36,0,imagen.jpeg,34,batchnorm,1x192x28x28,3.452239
36,0,imagen.jpeg,35,activacion,1x192x28x28,1.147013
36,0,imagen.jpeg,36,depthwise_conv,1x192x28x28,13.972759
36,0,imagen.jpeg,37,batchnorm,1x192x28x28,3.447559
36,0,imagen.jpeg,38,activacion,1x192x28x28,1.339765
36,0,imagen.jpeg,39,pointwise_conv,1x192x28x28,34.117858
36,0,imagen.jpeg,40,batchnorm,1x32x28x28,0.570976
36,0,imagen.jpeg,41,layer_add,1x32x28x28,0.273463
36,0,imagen.jpeg,42,pointwise_conv,1x32x28x28,34.587203
36,0,imagen.jpeg,43,batchnorm,1x192x28x28,3.464539
36,0,imagen.jpeg,44,activacion,1x192x28x28,1.181893
36,0,imagen.jpeg,45,depthwise_conv,1x192x28x28,13.972099
36,0,imagen.jpeg,46,batchnorm,1x192x28x28,3.435269
36,0,imagen.jpeg,47,activacion,1x192x28x28,1.339756
36,0,imagen.jpeg,48,pointwise_conv,1x192x28x28,34.184439
36,0,imagen.jpeg,49,batchnorm,1x32x28x28,0.573806
36,0,imagen.jpeg,50,layer_add,1x32x28x28,0.273423
36,0,imagen.jpeg,51,pointwise_conv,1x32x28x28,34.643903
36,0,imagen.jpeg,52,batchnorm,1x192x28x28,3.468049
36,0,imagen.jpeg,53,activacion,1x192x28x28,1.254074
36,0,imagen.jpeg,54,depthwise_conv,1x192x28x28,3.705472
36,0,imagen.jpeg,55,batchnorm,1x192x14x14,0.89289
36,0,imagen.jpeg,56,activacion,1x192x14x14,0.276913
36,0,imagen.jpeg,57,pointwise_conv,1x192x14x14,12.603354
36,0,imagen.jpeg,58,batchnorm,1x64x14x14,0.289193
36,0,imagen.jpeg,59,pointwise_conv,1x64x14x14,24.366767
36,0,imagen.jpeg,60,batchnorm,1x384x14x14,1.76643
36,0,imagen.jpeg,61,activacion,1x384x14x14,0.557366
36,0,imagen.jpeg,62,depthwise_conv,1x384x14x14,7.06021
36,0,imagen.jpeg,63,batchnorm,1x384x14x14,1.73231
36,0,imagen.jpeg,64,activacion,1x384x14x14,0.727548
36,0,imagen.jpeg,65,pointwise_conv,1x384x14x14,30.7674
36,0,imagen.jpeg,66,batchnorm,1x64x14x14,0.287983
36,0,imagen.jpeg,67,layer_add,1x64x14x14,0.135741
36,0,imagen.jpeg,68,pointwise_conv,1x64x14x14,24.424568
36,0,imagen.jpeg,69,batchnorm,1x384x14x14,1.794971
36,0,imagen.jpeg,70,activacion,1x384x14x14,0.676888
36,0,imagen.jpeg,71,depthwise_conv,1x384x14x14,7.158091
36,0,imagen.jpeg,72,batchnorm,1x384x14x14,1.78531
36,0,imagen.jpeg,73,activacion,1x384x14x14,0.650378
36,0,imagen.jpeg,74,pointwise_conv,1x384x14x14,30.956042
36,0,imagen.jpeg,75,batchnorm,1x64x14x14,0.296124
36,0,imagen.jpeg,76,layer_add,1x64x14x14,0.149172
36,0,imagen.jpeg,77,pointwise_conv,1x64x14x14,24.390768
36,0,imagen.jpeg,78,batchnorm,1x384x14x14,1.76178
36,0,imagen.jpeg,79,activacion,1x384x14x14,0.645327
36,0,imagen.jpeg,80,depthwise_conv,1x384x14x14,7.07882
36,0,imagen.jpeg,81,batchnorm,1x384x14x14,1.76009
36,0,imagen.jpeg,82,activacion,1x384x14x14,0.661677
36,0,imagen.jpeg,83,pointwise_conv,1x384x14x14,30.76044
36,0,imagen.jpeg,84,batchnorm,1x64x14x14,0.290664
36,0,imagen.jpeg,85,layer_add,1x64x14x14,0.137711
36,0,imagen.jpeg,86,pointwise_conv,1x64x14x14,24.298316
36,0,imagen.jpeg,87,batchnorm,1x384x14x14,1.75634
36,0,imagen.jpeg,88,activacion,1x384x14x14,0.628297
36,0,imagen.jpeg,89,depthwise_conv,1x384x14x14,7.184161
36,0,imagen.jpeg,90,batchnorm,1x384x14x14,1.73888
36,0,imagen.jpeg,91,activacion,1x384x14x14,0.638157
36,0,imagen.jpeg,92,pointwise_conv,1x384x14x14,46.090904
36,0,imagen.jpeg,93,batchnorm,1x96x14x14,0.431785
36,0,imagen.jpeg,94,pointwise_conv,1x96x14x14,55.33729
36,0,imagen.jpeg,95,batchnorm,1x576x14x14,2.65332
36,0,imagen.jpeg,96,activacion,1x576x14x14,0.972651
36,0,imagen.jpeg,97,depthwise_conv,1x576x14x14,10.591811
36,0,imagen.jpeg,98,batchnorm,1x576x14x14,2.62591
36,0,imagen.jpeg,99,activacion,1x576x14x14,0.971441
36,0,imagen.jpeg,100,pointwise_conv,1x576x14x14,97.600149
36,0,imagen.jpeg,101,batchnorm,1x96x14x14,0.464685
36,0,imagen.jpeg,102,layer_add,1x96x14x14,0.208933
36,0,imagen.jpeg,103,pointwise_conv,1x96x14x14,55.535921
36,0,imagen.jpeg,104,batchnorm,1x576x14x14,2.63199
36,0,imagen.jpeg,105,activacion,1x576x14x14,1.031891
36,0,imagen.jpeg,106,depthwise_conv,1x576x14x14,10.598731
36,0,imagen.jpeg,107,batchnorm,1x576x14x14,2.64531
36,0,imagen.jpeg,108,activacion,1x576x14x14,0.947221
36,0,imagen.jpeg,109,pointwise_conv,1x576x14x14,97.386407
36,0,imagen.jpeg,110,batchnorm,1x96x14x14,0.436645
36,0,imagen.jpeg,111,layer_add,1x96x14x14,0.204603
36,0,imagen.jpeg,112,pointwise_conv,1x96x14x14,55.40206
36,0,imagen.jpeg,113,batchnorm,1x576x14x14,2.66754
36,0,imagen.jpeg,114,activacion,1x576x14x14,0.979731
36,0,imagen.jpeg,115,depthwise_conv,1x576x14x14,2.798582
36,0,imagen.jpeg,116,batchnorm,1x576x7x7,0.661687
36,0,imagen.jpeg,117,activacion,1x576x7x7,0.203182
36,0,imagen.jpeg,118,pointwise_conv,1x576x7x7,42.655025
36,0,imagen.jpeg,119,batchnorm,1x160x7x7,0.183792
36,0,imagen.jpeg,120,pointwise_conv,1x160x7x7,31.507488
36,0,imagen.jpeg,121,batchnorm,1x960x7x7,1.114723
36,0,imagen.jpeg,122,activacion,1x960x7x7,0.484475
36,0,imagen.jpeg,123,depthwise_conv,1x960x7x7,4.596903
36,0,imagen.jpeg,124,batchnorm,1x960x7x7,1.096222
36,0,imagen.jpeg,125,activacion,1x960x7x7,0.404684
36,0,imagen.jpeg,126,pointwise_conv,1x960x7x7,90.55666
36,0,imagen.jpeg,127,batchnorm,1x160x7x7,0.184502
36,0,imagen.jpeg,128,layer_add,1x160x7x7,0.088221
36,0,imagen.jpeg,129,pointwise_conv,1x160x7x7,31.585049
36,0,imagen.jpeg,130,batchnorm,1x960x7x7,1.137043
36,0,imagen.jpeg,131,activacion,1x960x7x7,0.409025
36,0,imagen.jpeg,132,depthwise_conv,1x960x7x7,4.609172
36,0,imagen.jpeg,133,batchnorm,1x960x7x7,1.094733
36,0,imagen.jpeg,134,activacion,1x960x7x7,0.397225
36,0,imagen.jpeg,135,pointwise_conv,1x960x7x7,90.854153
36,0,imagen.jpeg,136,batchnorm,1x160x7x7,0.187632
36,0,imagen.jpeg,137,layer_add,1x160x7x7,0.088241
36,0,imagen.jpeg,138,pointwise_conv,1x160x7x7,31.562129
36,0,imagen.jpeg,139,batchnorm,1x960x7x7,1.133493
36,0,imagen.jpeg,140,activacion,1x960x7x7,0.398345
36,0,imagen.jpeg,141,depthwise_conv,1x960x7x7,4.635672
36,0,imagen.jpeg,142,batchnorm,1x960x7x7,1.093962
36,0,imagen.jpeg,143,activacion,1x960x7x7,0.336623
36,0,imagen.jpeg,144,pointwise_conv,1x960x7x7,181.461183
36,0,imagen.jpeg,145,batchnorm,1x320x7x7,0.373494
36,0,imagen.jpeg,146,pointwise_conv,1x320x7x7,108.559085
36,0,imagen.jpeg,147,batchnorm,1x1280x7x7,1.497007
36,0,imagen.jpeg,148,activacion,1x1280x7x7,0.537256
36,0,imagen.jpeg,149,pooling,1x1280x7x7,0.263333
36,0,imagen.jpeg,150,linear,1x1280,5.133409
37,0,imagen.jpeg,0,conv2d,1x3x224x224,115.844817
37,0,imagen.jpeg,1,batchnorm,1x32x112x112,9.185924
37,0,imagen.jpeg,2,activacion,1x32x112x112,2.929353
37,0,imagen.jpeg,3,depthwise_conv,1x32x112x112,37.065801
37,0,imagen.jpeg,4,batchnorm,1x32x112x112,9.241805
37,0,imagen.jpeg,5,activacion,1x32x112x112,2.837752
37,0,imagen.jpeg,6,pointwise_conv,1x32x112x112,129.28694
37,0,imagen.jpeg,7,batchnorm,1x16x112x112,4.589932
37,0,imagen.jpeg,8,pointwise_conv,1x16x112x112,179.756564
37,0,imagen.jpeg,9,batchnorm,1x96x112x112,27.688775
37,0,imagen.jpeg,10,activacion,1x96x112x112,9.500648
37,0,imagen.jpeg,11,depthwise_conv,1x96x112x112,29.094781
37,0,imagen.jpeg,12,batchnorm,1x96x56x56,6.872458
37,0,imagen.jpeg,13,activacion,1x96x56x56,2.505939
37,0,imagen.jpeg,14,pointwise_conv,1x96x56x56,95.0054
37,0,imagen.jpeg,15,batchnorm,1x24x56x56,1.709509
37,0,imagen.jpeg,16,pointwise_conv,1x24x56x56,88.362714
37,0,imagen.jpeg,17,batchnorm,1x144x56x56,10.437739
37,0,imagen.jpeg,18,activacion,1x144x56x56,3.558391
37,0,imagen.jpeg,19,depthwise_conv,1x144x56x56,41.825096
37,0,imagen.jpeg,20,batchnorm,1x144x56x56,10.298557
37,0,imagen.jpeg,21,activacion,1x144x56x56,4.035576
37,0,imagen.jpeg,22,pointwise_conv,1x144x56x56,199.481908
37,0,imagen.jpeg,23,batchnorm,1x24x56x56,1.71436
37,0,imagen.jpeg,24,layer_add,1x24x56x56,0.770099
37,0,imagen.jpeg,25,pointwise_conv,1x24x56x56,87.739458
37,0,imagen.jpeg,26,batchnorm,1x144x56x56,10.442269
37,0,imagen.jpeg,27,activacion,1x144x56x56,3.866184
37,0,imagen.jpeg,28,depthwise_conv,1x144x56x56,10.649881
37,0,imagen.jpeg,29,batchnorm,1x144x28x28,2.60615
37,0,imagen.jpeg,30,activacion,1x144x28x28,0.90809
37,0,imagen.jpeg,31,pointwise_conv,1x144x28x28,25.732412
37,0,imagen.jpeg,32,batchnorm,1x32x28x28,0.569777
37,0,imagen.jpeg,33,pointwise_conv,1x32x28x28,34.529953
37,0,imagen.jpeg,34,batchnorm,1x192x28x28,3.457139
37,0,imagen.jpeg,35,activacion,1x192x28x28,1.144953
37,0,imagen.jpeg,36,depthwise_conv,1x192x28x28,13.976639
37,0,imagen.jpeg,37,batchnorm,1x192x28x28,3.440039
37,0,imagen.jpeg,38,activacion,1x192x28x28,1.379856
37,0,imagen.jpeg,39,pointwise_conv,1x192x28x28,34.151259
37,0,imagen.jpeg,40,batchnorm,1x32x28x28,0.571256
37,0,imagen.jpeg,41,layer_add,1x32x28x28,0.271293
37,0,imagen.jpeg,42,pointwise_conv,1x32x28x28,34.522432
37,0,imagen.jpeg,43,batchnorm,1x192x28x28,3.467049
37,0,imagen.jpeg,44,activacion,1x192x28x28,1.270784
37,0,imagen.jpeg,45,depthwise_conv,1x192x28x28,14.03831
37,0,imagen.jpeg,46,batchnorm,1x192x28x28,3.442049
37,0,imagen.jpeg,47,activacion,1x192x28x28,1.369576
37,0,imagen.jpeg,48,pointwise_conv,1x192x28x28,34.075458
37,0,imagen.jpeg,49,batchnorm,1x32x28x28,0.572697
37,0,imagen.jpeg,50,layer_add,1x32x28x28,0.302284
37,0,imagen.jpeg,51,pointwise_conv,1x32x28x28,34.490472
37,0,imagen.jpeg,52,batchnorm,1x192x28x28,3.457999
37,0,imagen.jpeg,53,activacion,1x192x28x28,1.285365
37,0,imagen.jpeg,54,depthwise_conv,1x192x28x28,3.663272
37,0,imagen.jpeg,55,batchnorm,1x192x14x14,0.87126
37,0,imagen.jpeg,56,activacion,1x192x14x14,0.276373
37,0,imagen.jpeg,57,pointwise_conv,1x192x14x14,12.610773
37,0,imagen.jpeg,58,batchnorm,1x64x14x14,0.289953
37,0,imagen.jpeg,59,pointwise_conv,1x64x14x14,24.292646
37,0,imagen.jpeg,60,batchnorm,1x384x14x14,1.76393
37,0,imagen.jpeg,61,activacion,1x384x14x14,0.560477
37,0,imagen.jpeg,62,depthwise_conv,1x384x14x14,7.068541
37,0,imagen.jpeg,63,batchnorm,1x384x14x14,1.73678
37,0,imagen.jpeg,64,activacion,1x384x14x14,0.806159
37,0,imagen.jpeg,65,pointwise_conv,1x384x14x14,30.71364
37,0,imagen.jpeg,66,batchnorm,1x64x14x14,0.304223
37,0,imagen.jpeg,67,layer_add,1x64x14x14,0.138511
37,0,imagen.jpeg,68,pointwise_conv,1x64x14x14,24.287296
37,0,imagen.jpeg,69,batchnorm,1x384x14x14,1.75546
37,0,imagen.jpeg,70,activacion,1x384x14x14,0.612967
37,0,imagen.jpeg,71,depthwise_conv,1x384x14x14,7.050361
37,0,imagen.jpeg,72,batchnorm,1x384x14x14,1.75247
37,0,imagen.jpeg,73,activacion,1x384x14x14,0.678568
37,0,imagen.jpeg,74,pointwise_conv,1x384x14x14,30.76344
37,0,imagen.jpeg,75,batchnorm,1x64x14x14,0.293703
37,0,imagen.jpeg,76,layer_add,1x64x14x14,0.135102
37,0,imagen.jpeg,77,pointwise_conv,1x64x14x14,24.364197
37,0,imagen.jpeg,78,batchnorm,1x384x14x14,1.76349
37,0,imagen.jpeg,79,activacion,1x384x14x14,0.655307
37,0,imagen.jpeg,80,depthwise_conv,1x384x14x14,7.05629
37,0,imagen.jpeg,81,batchnorm,1x384x14x14,1.734529
37,0,imagen.jpeg,82,activacion,1x384x14x14,0.659987
37,0,imagen.jpeg,83,pointwise_conv,1x384x14x14,30.684999
37,0,imagen.jpeg,84,batchnorm,1x64x14x14,0.289554
37,0,imagen.jpeg,85,layer_add,1x64x14x14,0.140331
37,0,imagen.jpeg,86,pointwise_conv,1x64x14x14,24.276936
37,0,imagen.jpeg,87,batchnorm,1x384x14x14,1.75394
37,0,imagen.jpeg,88,activacion,1x384x14x14,0.628687
37,0,imagen.jpeg,89,depthwise_conv,1x384x14x14,7.077761
37,0,imagen.jpeg,90,batchnorm,1x384x14x14,1.82165
37,0,imagen.jpeg,91,activacion,1x384x14x14,0.643597
37,0,imagen.jpeg,92,pointwise_conv,1x384x14x14,46.037993
37,0,imagen.jpeg,93,batchnorm,1x96x14x14,0.433245
37,0,imagen.jpeg,94,pointwise_conv,1x96x14x14,55.376579
37,0,imagen.jpeg,95,batchnorm,1x576x14x14,2.63341
37,0,imagen.jpeg,96,activacion,1x576x14x14,1.023951
37,0,imagen.jpeg,97,depthwise_conv,1x576x14x14,10.602591
37,0,imagen.jpeg,98,batchnorm,1x576x14x14,2.63752
37,0,imagen.jpeg,99,activacion,1x576x14x14,0.976201
37,0,imagen.jpeg,100,pointwise_conv,1x576x14x14,97.513628
37,0,imagen.jpeg,101,batchnorm,1x96x14x14,0.436985
37,0,imagen.jpeg,102,layer_add,1x96x14x14,0.207383
37,0,imagen.jpeg,103,pointwise_conv,1x96x14x14,55.480921
37,0,imagen.jpeg,104,batchnorm,1x576x14x14,2.65165
37,0,imagen.jpeg,105,activacion,1x576x14x14,0.984661
37,0,imagen.jpeg,106,depthwise_conv,1x576x14x14,10.611881
37,0,imagen.jpeg,107,batchnorm,1x576x14x14,2.64402
37,0,imagen.jpeg,108,activacion,1x576x14x14,0.943471
37,0,imagen.jpeg,109,pointwise_conv,1x576x14x14,97.482308
37,0,imagen.jpeg,110,batchnorm,1x96x14x14,0.455826
37,0,imagen.jpeg,111,layer_add,1x96x14x14,0.209382
37,0,imagen.jpeg,112,pointwise_conv,1x96x14x14,55.346179
37,0,imagen.jpeg,113,batchnorm,1x576x14x14,2.63229
37,0,imagen.jpeg,114,activacion,1x576x14x14,1.053552
37,0,imagen.jpeg,115,depthwise_conv,1x576x14x14,2.771031
37,0,imagen.jpeg,116,batchnorm,1x576x7x7,0.663088
37,0,imagen.jpeg,117,activacion,1x576x7x7,0.206363
37,0,imagen.jpeg,118,pointwise_conv,1x576x7x7,42.635535
37,0,imagen.jpeg,119,batchnorm,1x160x7x7,0.183912
37,0,imagen.jpeg,120,pointwise_conv,1x160x7x7,31.605739
37,0,imagen.jpeg,121,batchnorm,1x960x7x7,1.116203
37,0,imagen.jpeg,122,activacion,1x960x7x7,0.400315
37,0,imagen.jpeg,123,depthwise_conv,1x960x7x7,4.617272
37,0,imagen.jpeg,124,batchnorm,1x960x7x7,1.113342
37,0,imagen.jpeg,125,activacion,1x960x7x7,0.405704
37,0,imagen.jpeg,126,pointwise_conv,1x960x7x7,90.668561
37,0,imagen.jpeg,127,batchnorm,1x160x7x7,0.187152
37,0,imagen.jpeg,128,layer_add,1x160x7x7,0.083861
37,0,imagen.jpeg,129,pointwise_conv,1x160x7x7,31.524178
37,0,imagen.jpeg,130,batchnorm,1x960x7x7,1.112662
37,0,imagen.jpeg,131,activacion,1x960x7x7,0.406735
37,0,imagen.jpeg,132,depthwise_conv,1x960x7x7,4.617413
37,0,imagen.jpeg,133,batchnorm,1x960x7x7,1.095473
37,0,imagen.jpeg,134,activacion,1x960x7x7,0.396265
37,0,imagen.jpeg,135,pointwise_conv,1x960x7x7,90.63354
37,0,imagen.jpeg,136,batchnorm,1x160x7x7,0.186572
37,0,imagen.jpeg,137,layer_add,1x160x7x7,0.087631
37,0,imagen.jpeg,138,pointwise_conv,1x160x7x7,31.549929
37,0,imagen.jpeg,139,batchnorm,1x960x7x7,1.115232
37,0,imagen.jpeg,140,activacion,1x960x7x7,0.391065
37,0,imagen.jpeg,141,depthwise_conv,1x960x7x7,4.643103
37,0,imagen.jpeg,142,batchnorm,1x960x7x7,1.094552
37,0,imagen.jpeg,143,activacion,1x960x7x7,0.317634
37,0,imagen.jpeg,144,pointwise_conv,1x960x7x7,181.253861
37,0,imagen.jpeg,145,batchnorm,1x320x7x7,0.372894
37,0,imagen.jpeg,146,pointwise_conv,1x320x7x7,108.480653
37,0,imagen.jpeg,147,batchnorm,1x1280x7x7,1.501447
37,0,imagen.jpeg,148,activacion,1x1280x7x7,0.557326
37,0,imagen.jpeg,149,pooling,1x1280x7x7,0.266273
37,0,imagen.jpeg,150,linear,1x1280,5.081668
38,0,imagen.jpeg,0,conv2d,1x3x224x224,115.142429
38,0,imagen.jpeg,1,batchnorm,1x32x112x112,9.163434
38,0,imagen.jpeg,2,activacion,1x32x112x112,2.802792
38,0,imagen.jpeg,3,depthwise_conv,1x32x112x112,37.047571
38,0,imagen.jpeg,4,batchnorm,1x32x112x112,9.243425
38,0,imagen.jpeg,5,activacion,1x32x112x112,2.857013
38,0,imagen.jpeg,6,pointwise_conv,1x32x112x112,129.817256
38,0,imagen.jpeg,7,batchnorm,1x16x112x112,4.580952
38,0,imagen.jpeg,8,pointwise_conv,1x16x112x112,170.60808
38,0,imagen.jpeg,9,batchnorm,1x96x112x112,27.710085
38,0,imagen.jpeg,10,activacion,1x96x112x112,9.369026
38,0,imagen.jpeg,11,depthwise_conv,1x96x112x112,29.136241
38,0,imagen.jpeg,12,batchnorm,1x96x56x56,6.873238
38,0,imagen.jpeg,13,activacion,1x96x56x56,2.505748
38,0,imagen.jpeg,14,pointwise_conv,1x96x56x56,94.975219
38,0,imagen.jpeg,15,batchnorm,1x24x56x56,1.707409
38,0,imagen.jpeg,16,pointwise_conv,1x24x56x56,88.388285
38,0,imagen.jpeg,17,batchnorm,1x144x56x56,10.461719
38,0,imagen.jpeg,18,activacion,1x144x56x56,3.53548
38,0,imagen.jpeg,19,depthwise_conv,1x144x56x56,41.831975
38,0,imagen.jpeg,20,batchnorm,1x144x56x56,10.310837
38,0,imagen.jpeg,21,activacion,1x144x56x56,3.950195
38,0,imagen.jpeg,22,pointwise_conv,1x144x56x56,199.542799
38,0,imagen.jpeg,23,batchnorm,1x24x56x56,1.713629
38,0,imagen.jpeg,24,layer_add,1x24x56x56,0.782759
38,0,imagen.jpeg,25,pointwise_conv,1x24x56x56,87.711437
38,0,imagen.jpeg,26,batchnorm,1x144x56x56,10.437348
38,0,imagen.jpeg,27,activacion,1x144x56x56,3.917194
38,0,imagen.jpeg,28,depthwise_conv,1x144x56x56,10.702032
38,0,imagen.jpeg,29,batchnorm,1x144x28x28,2.602459
38,0,imagen.jpeg,30,activacion,1x144x28x28,0.89566
38,0,imagen.jpeg,31,pointwise_conv,1x144x28x28,25.735862
38,0,imagen.jpeg,32,batchnorm,1x32x28x28,0.567066
38,0,imagen.jpeg,33,pointwise_conv,1x32x28x28,34.550703
38,0,imagen.jpeg,34,batchnorm,1x192x28x28,3.437789
38,0,imagen.jpeg,35,activacion,1x192x28x28,1.118933
38,0,imagen.jpeg,36,depthwise_conv,1x192x28x28,13.979179
38,0,imagen.jpeg,37,batchnorm,1x192x28x28,3.462989
38,0,imagen.jpeg,38,activacion,1x192x28x28,1.371505
38,0,imagen.jpeg,39,pointwise_conv,1x192x28x28,34.27171
38,0,imagen.jpeg,40,batchnorm,1x32x28x28,0.589906
38,0,imagen.jpeg,41,layer_add,1x32x28x28,0.275813
38,0,imagen.jpeg,42,pointwise_conv,1x32x28x28,34.538512
38,0,imagen.jpeg,43,batchnorm,1x192x28x28,3.44374
38,0,imagen.jpeg,44,activacion,1x192x28x28,1.207894
38,0,imagen.jpeg,45,depthwise_conv,1x192x28x28,13.99594
38,0,imagen.jpeg,46,batchnorm,1x192x28x28,3.44049
38,0,imagen.jpeg,47,activacion,1x192x28x28,1.386605
38,0,imagen.jpeg,48,pointwise_conv,1x192x28x28,34.201289
38,0,imagen.jpeg,49,batchnorm,1x32x28x28,0.595577
38,0,imagen.jpeg,50,layer_add,1x32x28x28,0.259933
38,0,imagen.jpeg,51,pointwise_conv,1x32x28x28,34.488492
38,0,imagen.jpeg,52,batchnorm,1x192x28x28,3.460999
38,0,imagen.jpeg,53,activacion,1x192x28x28,1.286905
38,0,imagen.jpeg,54,depthwise_conv,1x192x28x28,3.666082
38,0,imagen.jpeg,55,batchnorm,1x192x14x14,0.87925
38,0,imagen.jpeg,56,activacion,1x192x14x14,0.277733
38,0,imagen.jpeg,57,pointwise_conv,1x192x14x14,12.618034
38,0,imagen.jpeg,58,batchnorm,1x64x14x14,0.289513
38,0,imagen.jpeg,59,pointwise_conv,1x64x14x14,24.303786
38,0,imagen.jpeg,60,batchnorm,1x384x14x14,1.75387
38,0,imagen.jpeg,61,activacion,1x384x14x14,0.557966
38,0,imagen.jpeg,62,depthwise_conv,1x384x14x14,7.135661
38,0,imagen.jpeg,63,batchnorm,1x384x14x14,1.75495
38,0,imagen.jpeg,64,activacion,1x384x14x14,0.689178
38,0,imagen.jpeg,65,pointwise_conv,1x384x14x14,30.76555
38,0,imagen.jpeg,66,batchnorm,1x64x14x14,0.289694
38,0,imagen.jpeg,67,layer_add,1x64x14x14,0.134541
38,0,imagen.jpeg,68,pointwise_conv,1x64x14x14,24.282936
38,0,imagen.jpeg,69,batchnorm,1x384x14x14,1.75121
38,0,imagen.jpeg,70,activacion,1x384x14x14,0.615857
38,0,imagen.jpeg,71,depthwise_conv,1x384x14x14,7.06283
38,0,imagen.jpeg,72,batchnorm,1x384x14x14,1.73412
38,0,imagen.jpeg,73,activacion,1x384x14x14,0.673038
38,0,imagen.jpeg,74,pointwise_conv,1x384x14x14,30.80709
38,0,imagen.jpeg,75,batchnorm,1x64x14x14,0.290473
38,0,imagen.jpeg,76,layer_add,1x64x14x14,0.140462
38,0,imagen.jpeg,77,pointwise_conv,1x64x14x14,24.292306
38,0,imagen.jpeg,78,batchnorm,1x384x14x14,1.76236
38,0,imagen.jpeg,79,activacion,1x384x14x14,0.650437
38,0,imagen.jpeg,80,depthwise_conv,1x384x14x14,7.0633
38,0,imagen.jpeg,81,batchnorm,1x384x14x14,1.735989
38,0,imagen.jpeg,82,activacion,1x384x14x14,0.696978
38,0,imagen.jpeg,83,pointwise_conv,1x384x14x14,30.700619
38,0,imagen.jpeg,84,batchnorm,1x64x14x14,0.303914
38,0,imagen.jpeg,85,layer_add,1x64x14x14,0.141021
38,0,imagen.jpeg,86,pointwise_conv,1x64x14x14,24.276596
38,0,imagen.jpeg,87,batchnorm,1x384x14x14,1.75301
38,0,imagen.jpeg,88,activacion,1x384x14x14,0.631108
38,0,imagen.jpeg,89,depthwise_conv,1x384x14x14,7.135311
38,0,imagen.jpeg,90,batchnorm,1x384x14x14,1.76525
38,0,imagen.jpeg,91,activacion,1x384x14x14,0.660827
38,0,imagen.jpeg,92,pointwise_conv,1x384x14x14,46.084033
38,0,imagen.jpeg,93,batchnorm,1x96x14x14,0.434295
38,0,imagen.jpeg,94,pointwise_conv,1x96x14x14,55.43579
38,0,imagen.jpeg,95,batchnorm,1x576x14x14,2.66479
38,0,imagen.jpeg,96,activacion,1x576x14x14,0.970091
38,0,imagen.jpeg,97,depthwise_conv,1x576x14x14,10.61059
38,0,imagen.jpeg,98,batchnorm,1x576x14x14,2.61778
38,0,imagen.jpeg,99,activacion,1x576x14x14,1.047012
38,0,imagen.jpeg,100,pointwise_conv,1x576x14x14,97.275996
38,0,imagen.jpeg,101,batchnorm,1x96x14x14,0.435725
38,0,imagen.jpeg,102,layer_add,1x96x14x14,0.205052
38,0,imagen.jpeg,103,pointwise_conv,1x96x14x14,55.573872
38,0,imagen.jpeg,104,batchnorm,1x576x14x14,2.6488
38,0,imagen.jpeg,105,activacion,1x576x14x14,0.986791
38,0,imagen.jpeg,106,depthwise_conv,1x576x14x14,10.614391
38,0,imagen.jpeg,107,batchnorm,1x576x14x14,2.64794
38,0,imagen.jpeg,108,activacion,1x576x14x14,0.946831
38,0,imagen.jpeg,109,pointwise_conv,1x576x14x14,97.58495
38,0,imagen.jpeg,110,batchnorm,1x96x14x14,0.437415
38,0,imagen.jpeg,111,layer_add,1x96x14x14,0.204842
38,0,imagen.jpeg,112,pointwise_conv,1x96x14x14,55.38155
38,0,imagen.jpeg,113,batchnorm,1x576x14x14,2.66511
38,0,imagen.jpeg,114,activacion,1x576x14x14,0.983811
38,0,imagen.jpeg,115,depthwise_conv,1x576x14x14,2.807942
38,0,imagen.jpeg,116,batchnorm,1x576x7x7,0.664587
38,0,imagen.jpeg,117,activacion,1x576x7x7,0.203622
38,0,imagen.jpeg,118,pointwise_conv,1x576x7x7,42.705186
38,0,imagen.jpeg,119,batchnorm,1x160x7x7,0.183822
38,0,imagen.jpeg,120,pointwise_conv,1x160x7x7,31.560819
38,0,imagen.jpeg,121,batchnorm,1x960x7x7,1.114813
38,0,imagen.jpeg,122,activacion,1x960x7x7,0.403684
38,0,imagen.jpeg,123,depthwise_conv,1x960x7x7,4.664773
38,0,imagen.jpeg,124,batchnorm,1x960x7x7,1.094882
38,0,imagen.jpeg,125,activacion,1x960x7x7,0.405065
38,0,imagen.jpeg,126,pointwise_conv,1x960x7x7,90.898064
38,0,imagen.jpeg,127,batchnorm,1x160x7x7,0.186532
38,0,imagen.jpeg,128,layer_add,1x160x7x7,0.087911
38,0,imagen.jpeg,129,pointwise_conv,1x160x7x7,31.519798
38,0,imagen.jpeg,130,batchnorm,1x960x7x7,1.112413
38,0,imagen.jpeg,131,activacion,1x960x7x7,0.399715
38,0,imagen.jpeg,132,depthwise_conv,1x960x7x7,4.578872
38,0,imagen.jpeg,133,batchnorm,1x960x7x7,1.094253
38,0,imagen.jpeg,134,activacion,1x960x7x7,0.397825
38,0,imagen.jpeg,135,pointwise_conv,1x960x7x7,90.759192
38,0,imagen.jpeg,136,batchnorm,1x160x7x7,0.186252
38,0,imagen.jpeg,137,layer_add,1x160x7x7,0.085991
38,0,imagen.jpeg,138,pointwise_conv,1x160x7x7,31.501898
38,0,imagen.jpeg,139,batchnorm,1x960x7x7,1.115363
38,0,imagen.jpeg,140,activacion,1x960x7x7,0.392875
38,0,imagen.jpeg,141,depthwise_conv,1x960x7x7,4.598293
38,0,imagen.jpeg,142,batchnorm,1x960x7x7,1.100272
38,0,imagen.jpeg,143,activacion,1x960x7x7,0.320474
38,0,imagen.jpeg,144,pointwise_conv,1x960x7x7,182.357013
38,0,imagen.jpeg,145,batchnorm,1x320x7x7,0.375724
38,0,imagen.jpeg,146,pointwise_conv,1x320x7x7,108.475524
38,0,imagen.jpeg,147,batchnorm,1x1280x7x7,1.515937
38,0,imagen.jpeg,148,activacion,1x1280x7x7,0.543077
38,0,imagen.jpeg,149,pooling,1x1280x7x7,0.263943
38,0,imagen.jpeg,150,linear,1x1280,5.100508
39,0,imagen.jpeg,0,conv2d,1x3x224x224,115.164169
39,0,imagen.jpeg,1,batchnorm,1x32x112x112,9.154304
39,0,imagen.jpeg,2,activacion,1x32x112x112,2.803922
39,0,imagen.jpeg,3,depthwise_conv,1x32x112x112,37.025091
39,0,imagen.jpeg,4,batchnorm,1x32x112x112,9.218445
39,0,imagen.jpeg,5,activacion,1x32x112x112,2.803681
39,0,imagen.jpeg,6,pointwise_conv,1x32x112x112,129.565363
39,0,imagen.jpeg,7,batchnorm,1x16x112x112,4.597012
39,0,imagen.jpeg,8,pointwise_conv,1x16x112x112,172.540711
39,0,imagen.jpeg,9,batchnorm,1x96x112x112,27.714425
39,0,imagen.jpeg,10,activacion,1x96x112x112,9.387367
39,0,imagen.jpeg,11,depthwise_conv,1x96x112x112,29.096061
39,0,imagen.jpeg,12,batchnorm,1x96x56x56,6.885648
39,0,imagen.jpeg,13,activacion,1x96x56x56,2.544549
39,0,imagen.jpeg,14,pointwise_conv,1x96x56x56,95.232353
39,0,imagen.jpeg,15,batchnorm,1x24x56x56,1.70953
39,0,imagen.jpeg,16,pointwise_conv,1x24x56x56,88.278334
39,0,imagen.jpeg,17,batchnorm,1x144x56x56,10.430959
39,0,imagen.jpeg,18,activacion,1x144x56x56,3.617831
39,0,imagen.jpeg,19,depthwise_conv,1x144x56x56,41.863096
39,0,imagen.jpeg,20,batchnorm,1x144x56x56,10.358298
39,0,imagen.jpeg,21,activacion,1x144x56x56,3.943825
39,0,imagen.jpeg,22,pointwise_conv,1x144x56x56,199.438087
39,0,imagen.jpeg,23,batchnorm,1x24x56x56,1.71341
39,0,imagen.jpeg,24,layer_add,1x24x56x56,0.797579
39,0,imagen.jpeg,25,pointwise_conv,1x24x56x56,87.641416
39,0,imagen.jpeg,26,batchnorm,1x144x56x56,10.445129
39,0,imagen.jpeg,27,activacion,1x144x56x56,3.945625
39,0,imagen.jpeg,28,depthwise_conv,1x144x56x56,10.653471
39,0,imagen.jpeg,29,batchnorm,1x144x28x28,2.60786
39,0,imagen.jpeg,30,activacion,1x144x28x28,0.89448
39,0,imagen.jpeg,31,pointwise_conv,1x144x28x28,25.651771
39,0,imagen.jpeg,32,batchnorm,1x32x28x28,0.572847
39,0,imagen.jpeg,33,pointwise_conv,1x32x28x28,34.640084
39,0,imagen.jpeg,34,batchnorm,1x192x28x28,3.449249
39,0,imagen.jpeg,35,activacion,1x192x28x28,1.151253
39,0,imagen.jpeg,36,depthwise_conv,1x192x28x28,13.977579
39,0,imagen.jpeg,37,batchnorm,1x192x28x28,3.444119
39,0,imagen.jpeg,38,activacion,1x192x28x28,1.465747
39,0,imagen.jpeg,39,pointwise_conv,1x192x28x28,34.157428
39,0,imagen.jpeg,40,batchnorm,1x32x28x28,0.594176
39,0,imagen.jpeg,41,layer_add,1x32x28x28,0.275933
39,0,imagen.jpeg,42,pointwise_conv,1x32x28x28,34.524922
39,0,imagen.jpeg,43,batchnorm,1x192x28x28,3.45938
39,0,imagen.jpeg,44,activacion,1x192x28x28,1.215044
39,0,imagen.jpeg,45,depthwise_conv,1x192x28x28,13.982009
39,0,imagen.jpeg,46,batchnorm,1x192x28x28,3.441689
39,0,imagen.jpeg,47,activacion,1x192x28x28,1.385715
39,0,imagen.jpeg,48,pointwise_conv,1x192x28x28,34.110338
39,0,imagen.jpeg,49,batchnorm,1x32x28x28,0.574016
39,0,imagen.jpeg,50,layer_add,1x32x28x28,0.301164
39,0,imagen.jpeg,51,pointwise_conv,1x32x28x28,34.481052
39,0,imagen.jpeg,52,batchnorm,1x192x28x28,3.461579
39,0,imagen.jpeg,53,activacion,1x192x28x28,1.299395
39,0,imagen.jpeg,54,depthwise_conv,1x192x28x28,3.652501
39,0,imagen.jpeg,55,batchnorm,1x192x14x14,0.87895
39,0,imagen.jpeg,56,activacion,1x192x14x14,0.279563
39,0,imagen.jpeg,57,pointwise_conv,1x192x14x14,12.626793
39,0,imagen.jpeg,58,batchnorm,1x64x14x14,0.289763
39,0,imagen.jpeg,59,pointwise_conv,1x64x14x14,24.347717
39,0,imagen.jpeg,60,batchnorm,1x384x14x14,1.75226
39,0,imagen.jpeg,61,activacion,1x384x14x14,0.560407
39,0,imagen.jpeg,62,depthwise_conv,1x384x14x14,7.065021
39,0,imagen.jpeg,63,batchnorm,1x384x14x14,1.767171
39,0,imagen.jpeg,64,activacion,1x384x14x14,0.666898
39,0,imagen.jpeg,65,pointwise_conv,1x384x14x14,30.711729
39,0,imagen.jpeg,66,batchnorm,1x64x14x14,0.289103
39,0,imagen.jpeg,67,layer_add,1x64x14x14,0.137861
39,0,imagen.jpeg,68,pointwise_conv,1x64x14x14,24.281986
39,0,imagen.jpeg,69,batchnorm,1x384x14x14,1.75078
39,0,imagen.jpeg,70,activacion,1x384x14x14,0.641108
39,0,imagen.jpeg,71,depthwise_conv,1x384x14x14,7.050751
39,0,imagen.jpeg,72,batchnorm,1x384x14x14,1.74551
39,0,imagen.jpeg,73,activacion,1x384x14x14,0.675518
39,0,imagen.jpeg,74,pointwise_conv,1x384x14x14,30.77321
39,0,imagen.jpeg,75,batchnorm,1x64x14x14,0.288084
39,0,imagen.jpeg,76,layer_add,1x64x14x14,0.137061
39,0,imagen.jpeg,77,pointwise_conv,1x64x14x14,24.295916
39,0,imagen.jpeg,78,batchnorm,1x384x14x14,1.7622
39,0,imagen.jpeg,79,activacion,1x384x14x14,0.646878
39,0,imagen.jpeg,80,depthwise_conv,1x384x14x14,7.061091
39,0,imagen.jpeg,81,batchnorm,1x384x14x14,1.7312
39,0,imagen.jpeg,82,activacion,1x384x14x14,0.666918
39,0,imagen.jpeg,83,pointwise_conv,1x384x14x14,30.704299
39,0,imagen.jpeg,84,batchnorm,1x64x14x14,0.290783
39,0,imagen.jpeg,85,layer_add,1x64x14x14,0.137102
39,0,imagen.jpeg,86,pointwise_conv,1x64x14x14,24.351426
39,0,imagen.jpeg,87,batchnorm,1x384x14x14,1.75888
39,0,imagen.jpeg,88,activacion,1x384x14x14,0.632618
39,0,imagen.jpeg,89,depthwise_conv,1x384x14x14,7.098881
39,0,imagen.jpeg,90,batchnorm,1x384x14x14,1.821831
39,0,imagen.jpeg,91,activacion,1x384x14x14,0.643477
39,0,imagen.jpeg,92,pointwise_conv,1x384x14x14,46.099184
39,0,imagen.jpeg,93,batchnorm,1x96x14x14,0.434595
39,0,imagen.jpeg,94,pointwise_conv,1x96x14x14,55.3805
39,0,imagen.jpeg,95,batchnorm,1x576x14x14,2.63409
39,0,imagen.jpeg,96,activacion,1x576x14x14,1.007392
39,0,imagen.jpeg,97,depthwise_conv,1x576x14x14,10.599741
39,0,imagen.jpeg,98,batchnorm,1x576x14x14,2.62697
39,0,imagen.jpeg,99,activacion,1x576x14x14,0.967441
39,0,imagen.jpeg,100,pointwise_conv,1x576x14x14,97.399337
39,0,imagen.jpeg,101,batchnorm,1x96x14x14,0.435915
39,0,imagen.jpeg,102,layer_add,1x96x14x14,0.206932
39,0,imagen.jpeg,103,pointwise_conv,1x96x14x14,55.542312
39,0,imagen.jpeg,104,batchnorm,1x576x14x14,2.664831
39,0,imagen.jpeg,105,activacion,1x576x14x14,0.989961
39,0,imagen.jpeg,106,depthwise_conv,1x576x14x14,10.679822
39,0,imagen.jpeg,107,batchnorm,1x576x14x14,2.64895
39,0,imagen.jpeg,108,activacion,1x576x14x14,0.951541
39,0,imagen.jpeg,109,pointwise_conv,1x576x14x14,97.279696
39,0,imagen.jpeg,110,batchnorm,1x96x14x14,0.509586
39,0,imagen.jpeg,111,layer_add,1x96x14x14,0.206173
39,0,imagen.jpeg,112,pointwise_conv,1x96x14x14,55.358409
39,0,imagen.jpeg,113,batchnorm,1x576x14x14,2.62819
39,0,imagen.jpeg,114,activacion,1x576x14x14,1.029982
39,0,imagen.jpeg,115,depthwise_conv,1x576x14x14,2.765561
39,0,imagen.jpeg,116,batchnorm,1x576x7x7,0.691838
39,0,imagen.jpeg,117,activacion,1x576x7x7,0.204572
39,0,imagen.jpeg,118,pointwise_conv,1x576x7x7,42.729065
39,0,imagen.jpeg,119,batchnorm,1x160x7x7,0.185012
39,0,imagen.jpeg,120,pointwise_conv,1x160x7x7,31.6383
39,0,imagen.jpeg,121,batchnorm,1x960x7x7,1.116323
39,0,imagen.jpeg,122,activacion,1x960x7x7,0.398834
39,0,imagen.jpeg,123,depthwise_conv,1x960x7x7,4.619602
39,0,imagen.jpeg,124,batchnorm,1x960x7x7,1.112342
39,0,imagen.jpeg,125,activacion,1x960x7x7,0.405744
39,0,imagen.jpeg,126,pointwise_conv,1x960x7x7,90.785022
39,0,imagen.jpeg,127,batchnorm,1x160x7x7,0.185742
39,0,imagen.jpeg,128,layer_add,1x160x7x7,0.080271
39,0,imagen.jpeg,129,pointwise_conv,1x160x7x7,31.546529
39,0,imagen.jpeg,130,batchnorm,1x960x7x7,1.113163
39,0,imagen.jpeg,131,activacion,1x960x7x7,0.405504
39,0,imagen.jpeg,132,depthwise_conv,1x960x7x7,4.632762
39,0,imagen.jpeg,133,batchnorm,1x960x7x7,1.094932
39,0,imagen.jpeg,134,activacion,1x960x7x7,0.398224
39,0,imagen.jpeg,135,pointwise_conv,1x960x7x7,91.623852
39,0,imagen.jpeg,136,batchnorm,1x160x7x7,0.187772
39,0,imagen.jpeg,137,layer_add,1x160x7x7,0.085421
39,0,imagen.jpeg,138,pointwise_conv,1x160x7x7,31.505498
39,0,imagen.jpeg,139,batchnorm,1x960x7x7,1.139053
39,0,imagen.jpeg,140,activacion,1x960x7x7,0.394884
39,0,imagen.jpeg,141,depthwise_conv,1x960x7x7,4.617632
39,0,imagen.jpeg,142,batchnorm,1x960x7x7,1.095462
39,0,imagen.jpeg,143,activacion,1x960x7x7,0.314393
39,0,imagen.jpeg,144,pointwise_conv,1x960x7x7,181.235741
39,0,imagen.jpeg,145,batchnorm,1x320x7x7,0.375755
39,0,imagen.jpeg,146,pointwise_conv,1x320x7x7,108.493573
39,0,imagen.jpeg,147,batchnorm,1x1280x7x7,1.523947
39,0,imagen.jpeg,148,activacion,1x1280x7x7,0.526816
39,0,imagen.jpeg,149,pooling,1x1280x7x7,0.265043
39,0,imagen.jpeg,150,linear,1x1280,5.101398
40,0,imagen.jpeg,0,conv2d,1x3x224x224,115.472383
40,0,imagen.jpeg,1,batchnorm,1x32x112x112,9.189365
40,0,imagen.jpeg,2,activacion,1x32x112x112,2.767402
40,0,imagen.jpeg,3,depthwise_conv,1x32x112x112,37.071771
40,0,imagen.jpeg,4,batchnorm,1x32x112x112,9.221755
40,0,imagen.jpeg,5,activacion,1x32x112x112,2.837412
40,0,imagen.jpeg,6,pointwise_conv,1x32x112x112,129.022067
40,0,imagen.jpeg,7,batchnorm,1x16x112x112,4.594193
40,0,imagen.jpeg,8,pointwise_conv,1x16x112x112,171.232387
40,0,imagen.jpeg,9,batchnorm,1x96x112x112,27.795716
40,0,imagen.jpeg,10,activacion,1x96x112x112,9.349957
40,0,imagen.jpeg,11,depthwise_conv,1x96x112x112,29.107381
40,0,imagen.jpeg,12,batchnorm,1x96x56x56,6.867018
40,0,imagen.jpeg,13,activacion,1x96x56x56,2.476808
40,0,imagen.jpeg,14,pointwise_conv,1x96x56x56,97.58825
40,0,imagen.jpeg,15,batchnorm,1x24x56x56,1.709159
40,0,imagen.jpeg,16,pointwise_conv,1x24x56x56,88.289904
40,0,imagen.jpeg,17,batchnorm,1x144x56x56,10.451619
40,0,imagen.jpeg,18,activacion,1x144x56x56,3.5223
40,0,imagen.jpeg,19,depthwise_conv,1x144x56x56,41.877716
40,0,imagen.jpeg,20,batchnorm,1x144x56x56,10.298957
40,0,imagen.jpeg,21,activacion,1x144x56x56,4.030166
40,0,imagen.jpeg,22,pointwise_conv,1x144x56x56,199.314267
40,0,imagen.jpeg,23,batchnorm,1x24x56x56,1.714389
40,0,imagen.jpeg,24,layer_add,1x24x56x56,0.840319
40,0,imagen.jpeg,25,pointwise_conv,1x24x56x56,87.593836
40,0,imagen.jpeg,26,batchnorm,1x144x56x56,10.50497
40,0,imagen.jpeg,27,activacion,1x144x56x56,3.854184
40,0,imagen.jpeg,28,depthwise_conv,1x144x56x56,10.648871
40,0,imagen.jpeg,29,batchnorm,1x144x28x28,2.606719
40,0,imagen.jpeg,30,activacion,1x144x28x28,0.905681
40,0,imagen.jpeg,31,pointwise_conv,1x144x28x28,25.623611
40,0,imagen.jpeg,32,batchnorm,1x32x28x28,0.584247
40,0,imagen.jpeg,33,pointwise_conv,1x32x28x28,34.522052
40,0,imagen.jpeg,34,batchnorm,1x192x28x28,3.462459
40,0,imagen.jpeg,35,activacion,1x192x28x28,1.153533
40,0,imagen.jpeg,36,depthwise_conv,1x192x28x28,14.07663
40,0,imagen.jpeg,37,batchnorm,1x192x28x28,3.43699
40,0,imagen.jpeg,38,activacion,1x192x28x28,1.413096
40,0,imagen.jpeg,39,pointwise_conv,1x192x28x28,34.049278
40,0,imagen.jpeg,40,batchnorm,1x32x28x28,0.568616
40,0,imagen.jpeg,41,layer_add,1x32x28x28,0.279293
40,0,imagen.jpeg,42,pointwise_conv,1x32x28x28,34.511502
40,0,imagen.jpeg,43,batchnorm,1x192x28x28,3.4608
40,0,imagen.jpeg,44,activacion,1x192x28x28,1.180963
40,0,imagen.jpeg,45,depthwise_conv,1x192x28x28,13.974469
40,0,imagen.jpeg,46,batchnorm,1x192x28x28,3.52022
40,0,imagen.jpeg,47,activacion,1x192x28x28,1.337126
40,0,imagen.jpeg,48,pointwise_conv,1x192x28x28,34.125698
40,0,imagen.jpeg,49,batchnorm,1x32x28x28,0.576847
40,0,imagen.jpeg,50,layer_add,1x32x28x28,0.273143
40,0,imagen.jpeg,51,pointwise_conv,1x32x28x28,34.640854
40,0,imagen.jpeg,52,batchnorm,1x192x28x28,3.467709
40,0,imagen.jpeg,53,activacion,1x192x28x28,1.253965
40,0,imagen.jpeg,54,depthwise_conv,1x192x28x28,3.604611
40,0,imagen.jpeg,55,batchnorm,1x192x14x14,0.87537
40,0,imagen.jpeg,56,activacion,1x192x14x14,0.277543
40,0,imagen.jpeg,57,pointwise_conv,1x192x14x14,12.615954
40,0,imagen.jpeg,58,batchnorm,1x64x14x14,0.289764
40,0,imagen.jpeg,59,pointwise_conv,1x64x14x14,24.350476
40,0,imagen.jpeg,60,batchnorm,1x384x14x14,1.76939
40,0,imagen.jpeg,61,activacion,1x384x14x14,0.557926
40,0,imagen.jpeg,62,depthwise_conv,1x384x14x14,7.07174
40,0,imagen.jpeg,63,batchnorm,1x384x14x14,1.73423
40,0,imagen.jpeg,64,activacion,1x384x14x14,0.724758
40,0,imagen.jpeg,65,pointwise_conv,1x384x14x14,30.719879
40,0,imagen.jpeg,66,batchnorm,1x64x14x14,0.288153
40,0,imagen.jpeg,67,layer_add,1x64x14x14,0.137072
40,0,imagen.jpeg,68,pointwise_conv,1x64x14x14,24.274326
40,0,imagen.jpeg,69,batchnorm,1x384x14x14,1.74863
40,0,imagen.jpeg,70,activacion,1x384x14x14,0.617347
40,0,imagen.jpeg,71,depthwise_conv,1x384x14x14,7.074161
40,0,imagen.jpeg,72,batchnorm,1x384x14x14,1.76075
40,0,imagen.jpeg,73,activacion,1x384x14x14,0.660378
40,0,imagen.jpeg,74,pointwise_conv,1x384x14x14,30.836191
40,0,imagen.jpeg,75,batchnorm,1x64x14x14,0.290083
40,0,imagen.jpeg,76,layer_add,1x64x14x14,0.133462
40,0,imagen.jpeg,77,pointwise_conv,1x64x14x14,24.289817
40,0,imagen.jpeg,78,batchnorm,1x384x14x14,1.77122
40,0,imagen.jpeg,79,activacion,1x384x14x14,0.647008
40,0,imagen.jpeg,80,depthwise_conv,1x384x14x14,7.074271
40,0,imagen.jpeg,81,batchnorm,1x384x14x14,1.74218
40,0,imagen.jpeg,82,activacion,1x384x14x14,0.660997
40,0,imagen.jpeg,83,pointwise_conv,1x384x14x14,30.755849
40,0,imagen.jpeg,84,batchnorm,1x64x14x14,0.289073
40,0,imagen.jpeg,85,layer_add,1x64x14x14,0.138732
40,0,imagen.jpeg,86,pointwise_conv,1x64x14x14,24.400628
40,0,imagen.jpeg,87,batchnorm,1x384x14x14,1.75417
40,0,imagen.jpeg,88,activacion,1x384x14x14,0.628027
40,0,imagen.jpeg,89,depthwise_conv,1x384x14x14,7.07458
40,0,imagen.jpeg,90,batchnorm,1x384x14x14,1.75677
40,0,imagen.jpeg,91,activacion,1x384x14x14,0.654747
40,0,imagen.jpeg,92,pointwise_conv,1x384x14x14,46.042374
40,0,imagen.jpeg,93,batchnorm,1x96x14x14,0.449015
40,0,imagen.jpeg,94,pointwise_conv,1x96x14x14,55.362929
40,0,imagen.jpeg,95,batchnorm,1x576x14x14,2.6309
40,0,imagen.jpeg,96,activacion,1x576x14x14,0.976182
40,0,imagen.jpeg,97,depthwise_conv,1x576x14x14,10.59079
40,0,imagen.jpeg,98,batchnorm,1x576x14x14,2.63254
40,0,imagen.jpeg,99,activacion,1x576x14x14,0.978521
40,0,imagen.jpeg,100,pointwise_conv,1x576x14x14,97.416538
40,0,imagen.jpeg,101,batchnorm,1x96x14x14,0.437465
40,0,imagen.jpeg,102,layer_add,1x96x14x14,0.205413
40,0,imagen.jpeg,103,pointwise_conv,1x96x14x14,55.489511
40,0,imagen.jpeg,104,batchnorm,1x576x14x14,2.722011
40,0,imagen.jpeg,105,activacion,1x576x14x14,0.984361
40,0,imagen.jpeg,106,depthwise_conv,1x576x14x14,10.61513
40,0,imagen.jpeg,107,batchnorm,1x576x14x14,2.65027
40,0,imagen.jpeg,108,activacion,1x576x14x14,0.945931
40,0,imagen.jpeg,109,pointwise_conv,1x576x14x14,100.958628
40,0,imagen.jpeg,110,batchnorm,1x96x14x14,0.440075
40,0,imagen.jpeg,111,layer_add,1x96x14x14,0.207232
40,0,imagen.jpeg,112,pointwise_conv,1x96x14x14,55.39687
40,0,imagen.jpeg,113,batchnorm,1x576x14x14,2.64904
40,0,imagen.jpeg,114,activacion,1x576x14x14,0.973961
40,0,imagen.jpeg,115,depthwise_conv,1x576x14x14,2.776242
40,0,imagen.jpeg,116,batchnorm,1x576x7x7,0.663378
40,0,imagen.jpeg,117,activacion,1x576x7x7,0.236203
40,0,imagen.jpeg,118,pointwise_conv,1x576x7x7,42.722026
40,0,imagen.jpeg,119,batchnorm,1x160x7x7,0.183672
40,0,imagen.jpeg,120,pointwise_conv,1x160x7x7,31.484288
40,0,imagen.jpeg,121,batchnorm,1x960x7x7,1.131833
40,0,imagen.jpeg,122,activacion,1x960x7x7,0.400615
40,0,imagen.jpeg,123,depthwise_conv,1x960x7x7,4.645763
40,0,imagen.jpeg,124,batchnorm,1x960x7x7,1.096772
40,0,imagen.jpeg,125,activacion,1x960x7x7,0.404795
40,0,imagen.jpeg,126,pointwise_conv,1x960x7x7,90.58795
40,0,imagen.jpeg,127,batchnorm,1x160x7x7,0.185062
40,0,imagen.jpeg,128,layer_add,1x160x7x7,0.090272
40,0,imagen.jpeg,129,pointwise_conv,1x160x7x7,31.504969
40,0,imagen.jpeg,130,batchnorm,1x960x7x7,1.124702
40,0,imagen.jpeg,131,activacion,1x960x7x7,0.395985
40,0,imagen.jpeg,132,depthwise_conv,1x960x7x7,4.627672
40,0,imagen.jpeg,133,batchnorm,1x960x7x7,1.110353
40,0,imagen.jpeg,134,activacion,1x960x7x7,0.397534
40,0,imagen.jpeg,135,pointwise_conv,1x960x7x7,90.749092
40,0,imagen.jpeg,136,batchnorm,1x160x7x7,0.186452
40,0,imagen.jpeg,137,layer_add,1x160x7x7,0.089841
40,0,imagen.jpeg,138,pointwise_conv,1x160x7x7,31.549948
40,0,imagen.jpeg,139,batchnorm,1x960x7x7,1.115563
40,0,imagen.jpeg,140,activacion,1x960x7x7,0.392875
40,0,imagen.jpeg,141,depthwise_conv,1x960x7x7,4.646243
40,0,imagen.jpeg,142,batchnorm,1x960x7x7,1.096672
40,0,imagen.jpeg,143,activacion,1x960x7x7,0.315243
40,0,imagen.jpeg,144,pointwise_conv,1x960x7x7,181.514824
40,0,imagen.jpeg,145,batchnorm,1x320x7x7,0.388564
40,0,imagen.jpeg,146,pointwise_conv,1x320x7x7,108.441733
40,0,imagen.jpeg,147,batchnorm,1x1280x7x7,1.496397
40,0,imagen.jpeg,148,activacion,1x1280x7x7,0.539476
40,0,imagen.jpeg,149,pooling,1x1280x7x7,0.299073
40,0,imagen.jpeg,150,linear,1x1280,5.177819
41,0,imagen.jpeg,0,conv2d,1x3x224x224,115.482763
41,0,imagen.jpeg,1,batchnorm,1x32x112x112,9.158924
41,0,imagen.jpeg,2,activacion,1x32x112x112,2.803932
41,0,imagen.jpeg,3,depthwise_conv,1x32x112x112,37.079292
41,0,imagen.jpeg,4,batchnorm,1x32x112x112,9.231255
41,0,imagen.jpeg,5,activacion,1x32x112x112,2.829352
41,0,imagen.jpeg,6,pointwise_conv,1x32x112x112,129.672824
41,0,imagen.jpeg,7,batchnorm,1x16x112x112,4.616882
41,0,imagen.jpeg,8,pointwise_conv,1x16x112x112,170.551749
41,0,imagen.jpeg,9,batchnorm,1x96x112x112,27.678695
41,0,imagen.jpeg,10,activacion,1x96x112x112,9.354956
41,0,imagen.jpeg,11,depthwise_conv,1x96x112x112,29.10397
41,0,imagen.jpeg,12,batchnorm,1x96x56x56,6.882378
41,0,imagen.jpeg,13,activacion,1x96x56x56,2.497288
41,0,imagen.jpeg,14,pointwise_conv,1x96x56x56,94.770597
41,0,imagen.jpeg,15,batchnorm,1x24x56x56,1.711449
41,0,imagen.jpeg,16,pointwise_conv,1x24x56x56,88.292664
41,0,imagen.jpeg,17,batchnorm,1x144x56x56,10.446969
41,0,imagen.jpeg,18,activacion,1x144x56x56,3.54193
41,0,imagen.jpeg,19,depthwise_conv,1x144x56x56,41.897176
41,0,imagen.jpeg,20,batchnorm,1x144x56x56,10.292677
41,0,imagen.jpeg,21,activacion,1x144x56x56,3.920165
41,0,imagen.jpeg,22,pointwise_conv,1x144x56x56,199.171124
41,0,imagen.jpeg,23,batchnorm,1x24x56x56,1.71124
41,0,imagen.jpeg,24,layer_add,1x24x56x56,0.771299
41,0,imagen.jpeg,25,pointwise_conv,1x24x56x56,87.750818
41,0,imagen.jpeg,26,batchnorm,1x144x56x56,10.445459
41,0,imagen.jpeg,27,activacion,1x144x56x56,3.914995
41,0,imagen.jpeg,28,depthwise_conv,1x144x56x56,10.657981
41,0,imagen.jpeg,29,batchnorm,1x144x28x28,2.62687
41,0,imagen.jpeg,30,activacion,1x144x28x28,0.89524
41,0,imagen.jpeg,31,pointwise_conv,1x144x28x28,25.657162
41,0,imagen.jpeg,32,batchnorm,1x32x28x28,0.585737
41,0,imagen.jpeg,33,pointwise_conv,1x32x28x28,34.570053
41,0,imagen.jpeg,34,batchnorm,1x192x28x28,3.5088
41,0,imagen.jpeg,35,activacion,1x192x28x28,1.147433
41,0,imagen.jpeg,36,depthwise_conv,1x192x28x28,14.001749
41,0,imagen.jpeg,37,batchnorm,1x192x28x28,3.44476
41,0,imagen.jpeg,38,activacion,1x192x28x28,1.372276
41,0,imagen.jpeg,39,pointwise_conv,1x192x28x28,34.25112
41,0,imagen.jpeg,40,batchnorm,1x32x28x28,0.570057
41,0,imagen.jpeg,41,layer_add,1x32x28x28,0.341164
41,0,imagen.jpeg,42,pointwise_conv,1x32x28x28,34.545883
41,0,imagen.jpeg,43,batchnorm,1x192x28x28,3.46659
41,0,imagen.jpeg,44,activacion,1x192x28x28,1.215804
41,0,imagen.jpeg,45,depthwise_conv,1x192x28x28,14.03422
41,0,imagen.jpeg,46,batchnorm,1x192x28x28,3.442819
41,0,imagen.jpeg,47,activacion,1x192x28x28,1.413546
41,0,imagen.jpeg,48,pointwise_conv,1x192x28x28,34.134349
41,0,imagen.jpeg,49,batchnorm,1x32x28x28,0.578447
41,0,imagen.jpeg,50,layer_add,1x32x28x28,0.301173
41,0,imagen.jpeg,51,pointwise_conv,1x32x28x28,34.484612
41,0,imagen.jpeg,52,batchnorm,1x192x28x28,3.457829
41,0,imagen.jpeg,53,activacion,1x192x28x28,1.275445
41,0,imagen.jpeg,54,depthwise_conv,1x192x28x28,3.624181
41,0,imagen.jpeg,55,batchnorm,1x192x14x14,0.87342
41,0,imagen.jpeg,56,activacion,1x192x14x14,0.276663
41,0,imagen.jpeg,57,pointwise_conv,1x192x14x14,12.677815
41,0,imagen.jpeg,58,batchnorm,1x64x14x14,0.287613
41,0,imagen.jpeg,59,pointwise_conv,1x64x14x14,24.286586
41,0,imagen.jpeg,60,batchnorm,1x384x14x14,1.76679
41,0,imagen.jpeg,61,activacion,1x384x14x14,0.558906
41,0,imagen.jpeg,62,depthwise_conv,1x384x14x14,7.07471
41,0,imagen.jpeg,63,batchnorm,1x384x14x14,1.73414
41,0,imagen.jpeg,64,activacion,1x384x14x14,0.722998
41,0,imagen.jpeg,65,pointwise_conv,1x384x14x14,30.739179
41,0,imagen.jpeg,66,batchnorm,1x64x14x14,0.302244
41,0,imagen.jpeg,67,layer_add,1x64x14x14,0.138741
41,0,imagen.jpeg,68,pointwise_conv,1x64x14x14,24.280126
41,0,imagen.jpeg,69,batchnorm,1x384x14x14,1.7615
41,0,imagen.jpeg,70,activacion,1x384x14x14,0.613337
41,0,imagen.jpeg,71,depthwise_conv,1x384x14x14,7.0527
41,0,imagen.jpeg,72,batchnorm,1x384x14x14,1.74958
41,0,imagen.jpeg,73,activacion,1x384x14x14,0.679428
41,0,imagen.jpeg,74,pointwise_conv,1x384x14x14,30.715579
41,0,imagen.jpeg,75,batchnorm,1x64x14x14,0.287944
41,0,imagen.jpeg,76,layer_add,1x64x14x14,0.135961
41,0,imagen.jpeg,77,pointwise_conv,1x64x14x14,24.421348
41,0,imagen.jpeg,78,batchnorm,1x384x14x14,1.76426
41,0,imagen.jpeg,79,activacion,1x384x14x14,0.648167
41,0,imagen.jpeg,80,depthwise_conv,1x384x14x14,7.06341
41,0,imagen.jpeg,81,batchnorm,1x384x14x14,1.74012
41,0,imagen.jpeg,82,activacion,1x384x14x14,0.644637
41,0,imagen.jpeg,83,pointwise_conv,1x384x14x14,30.765609
41,0,imagen.jpeg,84,batchnorm,1x64x14x14,0.289763
41,0,imagen.jpeg,85,layer_add,1x64x14x14,0.137591
41,0,imagen.jpeg,86,pointwise_conv,1x64x14x14,24.293097
41,0,imagen.jpeg,87,batchnorm,1x384x14x14,1.75277
41,0,imagen.jpeg,88,activacion,1x384x14x14,0.634387
41,0,imagen.jpeg,89,depthwise_conv,1x384x14x14,7.07482
41,0,imagen.jpeg,90,batchnorm,1x384x14x14,1.75631
41,0,imagen.jpeg,91,activacion,1x384x14x14,0.656918
41,0,imagen.jpeg,92,pointwise_conv,1x384x14x14,46.012593
41,0,imagen.jpeg,93,batchnorm,1x96x14x14,0.445365
41,0,imagen.jpeg,94,pointwise_conv,1x96x14x14,55.43869
41,0,imagen.jpeg,95,batchnorm,1x576x14x14,2.64614
41,0,imagen.jpeg,96,activacion,1x576x14x14,1.016412
41,0,imagen.jpeg,97,depthwise_conv,1x576x14x14,10.615631
41,0,imagen.jpeg,98,batchnorm,1x576x14x14,2.64013
41,0,imagen.jpeg,99,activacion,1x576x14x14,0.965801
41,0,imagen.jpeg,100,pointwise_conv,1x576x14x14,97.447078
41,0,imagen.jpeg,101,batchnorm,1x96x14x14,0.435605
41,0,imagen.jpeg,102,layer_add,1x96x14x14,0.205352
41,0,imagen.jpeg,103,pointwise_conv,1x96x14x14,55.546432
41,0,imagen.jpeg,104,batchnorm,1x576x14x14,2.64948
41,0,imagen.jpeg,105,activacion,1x576x14x14,0.989411
41,0,imagen.jpeg,106,depthwise_conv,1x576x14x14,10.610451
41,0,imagen.jpeg,107,batchnorm,1x576x14x14,2.65268
41,0,imagen.jpeg,108,activacion,1x576x14x14,0.950991
41,0,imagen.jpeg,109,pointwise_conv,1x576x14x14,97.502849
41,0,imagen.jpeg,110,batchnorm,1x96x14x14,0.438895
41,0,imagen.jpeg,111,layer_add,1x96x14x14,0.207463
41,0,imagen.jpeg,112,pointwise_conv,1x96x14x14,55.310979
41,0,imagen.jpeg,113,batchnorm,1x576x14x14,2.63685
41,0,imagen.jpeg,114,activacion,1x576x14x14,1.027312
41,0,imagen.jpeg,115,depthwise_conv,1x576x14x14,2.767241
41,0,imagen.jpeg,116,batchnorm,1x576x7x7,0.664888
41,0,imagen.jpeg,117,activacion,1x576x7x7,0.203262
41,0,imagen.jpeg,118,pointwise_conv,1x576x7x7,42.803027
41,0,imagen.jpeg,119,batchnorm,1x160x7x7,0.183122
41,0,imagen.jpeg,120,pointwise_conv,1x160x7x7,31.505208
41,0,imagen.jpeg,121,batchnorm,1x960x7x7,1.115623
41,0,imagen.jpeg,122,activacion,1x960x7x7,0.392594
41,0,imagen.jpeg,123,depthwise_conv,1x960x7x7,4.607222
41,0,imagen.jpeg,124,batchnorm,1x960x7x7,1.109663
41,0,imagen.jpeg,125,activacion,1x960x7x7,0.405264
41,0,imagen.jpeg,126,pointwise_conv,1x960x7x7,90.848113
41,0,imagen.jpeg,127,batchnorm,1x160x7x7,0.185512
41,0,imagen.jpeg,128,layer_add,1x160x7x7,0.081351
41,0,imagen.jpeg,129,pointwise_conv,1x160x7x7,31.523708
41,0,imagen.jpeg,130,batchnorm,1x960x7x7,1.113122
41,0,imagen.jpeg,131,activacion,1x960x7x7,0.405575
41,0,imagen.jpeg,132,depthwise_conv,1x960x7x7,4.643513
41,0,imagen.jpeg,133,batchnorm,1x960x7x7,1.096102
41,0,imagen.jpeg,134,activacion,1x960x7x7,0.399244
41,0,imagen.jpeg,135,pointwise_conv,1x960x7x7,90.773523
41,0,imagen.jpeg,136,batchnorm,1x160x7x7,0.185223
41,0,imagen.jpeg,137,layer_add,1x160x7x7,0.085821
41,0,imagen.jpeg,138,pointwise_conv,1x160x7x7,31.563969
41,0,imagen.jpeg,139,batchnorm,1x960x7x7,1.118023
41,0,imagen.jpeg,140,activacion,1x960x7x7,0.391124
41,0,imagen.jpeg,141,depthwise_conv,1x960x7x7,4.623003
41,0,imagen.jpeg,142,batchnorm,1x960x7x7,1.095673
41,0,imagen.jpeg,143,activacion,1x960x7x7,0.315944
41,0,imagen.jpeg,144,pointwise_conv,1x960x7x7,181.525994
41,0,imagen.jpeg,145,batchnorm,1x320x7x7,0.373644
41,0,imagen.jpeg,146,pointwise_conv,1x320x7x7,108.546454
41,0,imagen.jpeg,147,batchnorm,1x1280x7x7,1.536567
41,0,imagen.jpeg,148,activacion,1x1280x7x7,0.541236
41,0,imagen.jpeg,149,pooling,1x1280x7x7,0.281993
41,0,imagen.jpeg,150,linear,1x1280,5.101158
42,0,imagen.jpeg,0,conv2d,1x3x224x224,115.748736
42,0,imagen.jpeg,1,batchnorm,1x32x112x112,9.169375
42,0,imagen.jpeg,2,activacion,1x32x112x112,2.767822
42,0,imagen.jpeg,3,depthwise_conv,1x32x112x112,37.096782
42,0,imagen.jpeg,4,batchnorm,1x32x112x112,9.220905
42,0,imagen.jpeg,5,activacion,1x32x112x112,2.840173
42,0,imagen.jpeg,6,pointwise_conv,1x32x112x112,129.368961
42,0,imagen.jpeg,7,batchnorm,1x16x112x112,4.598602
42,0,imagen.jpeg,8,pointwise_conv,1x16x112x112,176.061303
42,0,imagen.jpeg,9,batchnorm,1x96x112x112,27.657895
42,0,imagen.jpeg,10,activacion,1x96x112x112,9.416198
42,0,imagen.jpeg,11,depthwise_conv,1x96x112x112,29.182722
42,0,imagen.jpeg,12,batchnorm,1x96x56x56,6.881018
42,0,imagen.jpeg,13,activacion,1x96x56x56,2.475898
42,0,imagen.jpeg,14,pointwise_conv,1x96x56x56,94.424864
42,0,imagen.jpeg,15,batchnorm,1x24x56x56,1.75086
42,0,imagen.jpeg,16,pointwise_conv,1x24x56x56,88.447006
42,0,imagen.jpeg,17,batchnorm,1x144x56x56,10.468049
42,0,imagen.jpeg,18,activacion,1x144x56x56,3.535121
42,0,imagen.jpeg,19,depthwise_conv,1x144x56x56,41.889537
42,0,imagen.jpeg,20,batchnorm,1x144x56x56,10.307677
42,0,imagen.jpeg,21,activacion,1x144x56x56,3.947095
42,0,imagen.jpeg,22,pointwise_conv,1x144x56x56,199.210905
42,0,imagen.jpeg,23,batchnorm,1x24x56x56,1.712769
42,0,imagen.jpeg,24,layer_add,1x24x56x56,0.776669
42,0,imagen.jpeg,25,pointwise_conv,1x24x56x56,87.709938
42,0,imagen.jpeg,26,batchnorm,1x144x56x56,10.445649
42,0,imagen.jpeg,27,activacion,1x144x56x56,3.863954
42,0,imagen.jpeg,28,depthwise_conv,1x144x56x56,10.631371
42,0,imagen.jpeg,29,batchnorm,1x144x28x28,2.603849
42,0,imagen.jpeg,30,activacion,1x144x28x28,0.89605
42,0,imagen.jpeg,31,pointwise_conv,1x144x28x28,25.670252
42,0,imagen.jpeg,32,batchnorm,1x32x28x28,0.569986
42,0,imagen.jpeg,33,pointwise_conv,1x32x28x28,34.673825
42,0,imagen.jpeg,34,batchnorm,1x192x28x28,3.48633
42,0,imagen.jpeg,35,activacion,1x192x28x28,1.114493
42,0,imagen.jpeg,36,depthwise_conv,1x192x28x28,13.997999
42,0,imagen.jpeg,37,batchnorm,1x192x28x28,3.453099
42,0,imagen.jpeg,38,activacion,1x192x28x28,1.335835
42,0,imagen.jpeg,39,pointwise_conv,1x192x28x28,34.125528
42,0,imagen.jpeg,40,batchnorm,1x32x28x28,0.570166
42,0,imagen.jpeg,41,layer_add,1x32x28x28,0.273863
42,0,imagen.jpeg,42,pointwise_conv,1x32x28x28,34.621944
42,0,imagen.jpeg,43,batchnorm,1x192x28x28,3.4735
42,0,imagen.jpeg,44,activacion,1x192x28x28,1.180243
42,0,imagen.jpeg,45,depthwise_conv,1x192x28x28,13.993069
42,0,imagen.jpeg,46,batchnorm,1x192x28x28,3.449479
42,0,imagen.jpeg,47,activacion,1x192x28x28,1.342456
42,0,imagen.jpeg,48,pointwise_conv,1x192x28x28,34.149109
42,0,imagen.jpeg,49,batchnorm,1x32x28x28,0.572956
42,0,imagen.jpeg,50,layer_add,1x32x28x28,0.257583
42,0,imagen.jpeg,51,pointwise_conv,1x32x28x28,34.749815
42,0,imagen.jpeg,52,batchnorm,1x192x28x28,3.554811
42,0,imagen.jpeg,53,activacion,1x192x28x28,1.255564
42,0,imagen.jpeg,54,depthwise_conv,1x192x28x28,3.639591
42,0,imagen.jpeg,55,batchnorm,1x192x14x14,0.87526
42,0,imagen.jpeg,56,activacion,1x192x14x14,0.278273
42,0,imagen.jpeg,57,pointwise_conv,1x192x14x14,12.664794
42,0,imagen.jpeg,58,batchnorm,1x64x14x14,0.289033
42,0,imagen.jpeg,59,pointwise_conv,1x64x14x14,24.307156
42,0,imagen.jpeg,60,batchnorm,1x384x14x14,1.78427
42,0,imagen.jpeg,61,activacion,1x384x14x14,0.557406
42,0,imagen.jpeg,62,depthwise_conv,1x384x14x14,7.07
42,0,imagen.jpeg,63,batchnorm,1x384x14x14,1.7357
42,0,imagen.jpeg,64,activacion,1x384x14x14,0.688368
42,0,imagen.jpeg,65,pointwise_conv,1x384x14x14,30.72781
42,0,imagen.jpeg,66,batchnorm,1x64x14x14,0.288084
42,0,imagen.jpeg,67,layer_add,1x64x14x14,0.140012
42,0,imagen.jpeg,68,pointwise_conv,1x64x14x14,24.348157
42,0,imagen.jpeg,69,batchnorm,1x384x14x14,1.75976
42,0,imagen.jpeg,70,activacion,1x384x14x14,0.634367
42,0,imagen.jpeg,71,depthwise_conv,1x384x14x14,7.06501
42,0,imagen.jpeg,72,batchnorm,1x384x14x14,1.7373
42,0,imagen.jpeg,73,activacion,1x384x14x14,0.743129
42,0,imagen.jpeg,74,pointwise_conv,1x384x14x14,30.7397
42,0,imagen.jpeg,75,batchnorm,1x64x14x14,0.289193
42,0,imagen.jpeg,76,layer_add,1x64x14x14,0.135041
42,0,imagen.jpeg,77,pointwise_conv,1x64x14x14,24.286926
42,0,imagen.jpeg,78,batchnorm,1x384x14x14,1.75137
42,0,imagen.jpeg,79,activacion,1x384x14x14,0.661158
42,0,imagen.jpeg,80,depthwise_conv,1x384x14x14,7.0419
42,0,imagen.jpeg,81,batchnorm,1x384x14x14,1.7525
42,0,imagen.jpeg,82,activacion,1x384x14x14,0.659818
42,0,imagen.jpeg,83,pointwise_conv,1x384x14x14,30.818721
42,0,imagen.jpeg,84,batchnorm,1x64x14x14,0.288563
42,0,imagen.jpeg,85,layer_add,1x64x14x14,0.142371
42,0,imagen.jpeg,86,pointwise_conv,1x64x14x14,24.285956
42,0,imagen.jpeg,87,batchnorm,1x384x14x14,1.76367
42,0,imagen.jpeg,88,activacion,1x384x14x14,0.644327
42,0,imagen.jpeg,89,depthwise_conv,1x384x14x14,7.05917
42,0,imagen.jpeg,90,batchnorm,1x384x14x14,1.73331
42,0,imagen.jpeg,91,activacion,1x384x14x14,0.653967
42,0,imagen.jpeg,92,pointwise_conv,1x384x14x14,46.167915
42,0,imagen.jpeg,93,batchnorm,1x96x14x14,0.435095
42,0,imagen.jpeg,94,pointwise_conv,1x96x14x14,55.444631
42,0,imagen.jpeg,95,batchnorm,1x576x14x14,2.64938
42,0,imagen.jpeg,96,activacion,1x576x14x14,0.970391
42,0,imagen.jpeg,97,depthwise_conv,1x576x14x14,10.609241
42,0,imagen.jpeg,98,batchnorm,1x576x14x14,2.65288
42,0,imagen.jpeg,99,activacion,1x576x14x14,0.968761
42,0,imagen.jpeg,100,pointwise_conv,1x576x14x14,97.493769
42,0,imagen.jpeg,101,batchnorm,1x96x14x14,0.437155
42,0,imagen.jpeg,102,layer_add,1x96x14x14,0.206062
42,0,imagen.jpeg,103,pointwise_conv,1x96x14x14,55.545521
42,0,imagen.jpeg,104,batchnorm,1x576x14x14,2.6738
42,0,imagen.jpeg,105,activacion,1x576x14x14,0.985791
42,0,imagen.jpeg,106,depthwise_conv,1x576x14x14,10.62165
42,0,imagen.jpeg,107,batchnorm,1x576x14x14,2.62542
42,0,imagen.jpeg,108,activacion,1x576x14x14,1.013301
42,0,imagen.jpeg,109,pointwise_conv,1x576x14x14,97.319977
42,0,imagen.jpeg,110,batchnorm,1x96x14x14,0.435665
42,0,imagen.jpeg,111,layer_add,1x96x14x14,0.204922
42,0,imagen.jpeg,112,pointwise_conv,1x96x14x14,55.328829
42,0,imagen.jpeg,113,batchnorm,1x576x14x14,2.65167
42,0,imagen.jpeg,114,activacion,1x576x14x14,0.979431
42,0,imagen.jpeg,115,depthwise_conv,1x576x14x14,2.806492
42,0,imagen.jpeg,116,batchnorm,1x576x7x7,0.662517
42,0,imagen.jpeg,117,activacion,1x576x7x7,0.203092
42,0,imagen.jpeg,118,pointwise_conv,1x576x7x7,42.740886
42,0,imagen.jpeg,119,batchnorm,1x160x7x7,0.184342
42,0,imagen.jpeg,120,pointwise_conv,1x160x7x7,31.514328
42,0,imagen.jpeg,121,batchnorm,1x960x7x7,1.142603
42,0,imagen.jpeg,122,activacion,1x960x7x7,0.391604
42,0,imagen.jpeg,123,depthwise_conv,1x960x7x7,4.598102
42,0,imagen.jpeg,124,batchnorm,1x960x7x7,1.095022
42,0,imagen.jpeg,125,activacion,1x960x7x7,0.404815
42,0,imagen.jpeg,126,pointwise_conv,1x960x7x7,90.619351
42,0,imagen.jpeg,127,batchnorm,1x160x7x7,0.183982
42,0,imagen.jpeg,128,layer_add,1x160x7x7,0.089661
42,0,imagen.jpeg,129,pointwise_conv,1x160x7x7,31.523399
42,0,imagen.jpeg,130,batchnorm,1x960x7x7,1.183654
42,0,imagen.jpeg,131,activacion,1x960x7x7,0.395954
42,0,imagen.jpeg,132,depthwise_conv,1x960x7x7,4.613052
42,0,imagen.jpeg,133,batchnorm,1x960x7x7,1.094312
42,0,imagen.jpeg,134,activacion,1x960x7x7,0.415034
42,0,imagen.jpeg,135,pointwise_conv,1x960x7x7,90.751572
42,0,imagen.jpeg,136,batchnorm,1x160x7x7,0.186362
42,0,imagen.jpeg,137,layer_add,1x160x7x7,0.088241
42,0,imagen.jpeg,138,pointwise_conv,1x160x7x7,31.568179
42,0,imagen.jpeg,139,batchnorm,1x960x7x7,1.121113
42,0,imagen.jpeg,140,activacion,1x960x7x7,0.402135
42,0,imagen.jpeg,141,depthwise_conv,1x960x7x7,4.613412
42,0,imagen.jpeg,142,batchnorm,1x960x7x7,1.112262
42,0,imagen.jpeg,143,activacion,1x960x7x7,0.314443
42,0,imagen.jpeg,144,pointwise_conv,1x960x7x7,181.218431
42,0,imagen.jpeg,145,batchnorm,1x320x7x7,0.373894
42,0,imagen.jpeg,146,pointwise_conv,1x320x7x7,108.647365
42,0,imagen.jpeg,147,batchnorm,1x1280x7x7,1.496417
42,0,imagen.jpeg,148,activacion,1x1280x7x7,0.540896
42,0,imagen.jpeg,149,pooling,1x1280x7x7,0.262913
42,0,imagen.jpeg,150,linear,1x1280,5.166978
43,0,imagen.jpeg,0,conv2d,1x3x224x224,114.634913
43,0,imagen.jpeg,1,batchnorm,1x32x112x112,9.161174
43,0,imagen.jpeg,2,activacion,1x32x112x112,2.864192
43,0,imagen.jpeg,3,depthwise_conv,1x32x112x112,37.098322
43,0,imagen.jpeg,4,batchnorm,1x32x112x112,9.240645
43,0,imagen.jpeg,5,activacion,1x32x112x112,2.801501
43,0,imagen.jpeg,6,pointwise_conv,1x32x112x112,129.364011
43,0,imagen.jpeg,7,batchnorm,1x16x112x112,4.596612
43,0,imagen.jpeg,8,pointwise_conv,1x16x112x112,171.216927
43,0,imagen.jpeg,9,batchnorm,1x96x112x112,27.679825
43,0,imagen.jpeg,10,activacion,1x96x112x112,9.367206
43,0,imagen.jpeg,11,depthwise_conv,1x96x112x112,29.102771
43,0,imagen.jpeg,12,batchnorm,1x96x56x56,6.959759
43,0,imagen.jpeg,13,activacion,1x96x56x56,2.474518
43,0,imagen.jpeg,14,pointwise_conv,1x96x56x56,96.744941
43,0,imagen.jpeg,15,batchnorm,1x24x56x56,1.71139
43,0,imagen.jpeg,16,pointwise_conv,1x24x56x56,88.411266
43,0,imagen.jpeg,17,batchnorm,1x144x56x56,10.454739
43,0,imagen.jpeg,18,activacion,1x144x56x56,3.52971
43,0,imagen.jpeg,19,depthwise_conv,1x144x56x56,41.916867
43,0,imagen.jpeg,20,batchnorm,1x144x56x56,10.309517
43,0,imagen.jpeg,21,activacion,1x144x56x56,4.028846
43,0,imagen.jpeg,22,pointwise_conv,1x144x56x56,199.524809
43,0,imagen.jpeg,23,batchnorm,1x24x56x56,1.710749
43,0,imagen.jpeg,24,layer_add,1x24x56x56,0.823009
43,0,imagen.jpeg,25,pointwise_conv,1x24x56x56,87.609796
43,0,imagen.jpeg,26,batchnorm,1x144x56x56,10.444619
43,0,imagen.jpeg,27,activacion,1x144x56x56,3.847134
43,0,imagen.jpeg,28,depthwise_conv,1x144x56x56,10.638681
43,0,imagen.jpeg,29,batchnorm,1x144x28x28,2.604339
43,0,imagen.jpeg,30,activacion,1x144x28x28,0.89845
43,0,imagen.jpeg,31,pointwise_conv,1x144x28x28,25.707003
43,0,imagen.jpeg,32,batchnorm,1x32x28x28,0.569337
43,0,imagen.jpeg,33,pointwise_conv,1x32x28x28,34.615484
43,0,imagen.jpeg,34,batchnorm,1x192x28x28,3.48012
43,0,imagen.jpeg,35,activacion,1x192x28x28,1.115822
43,0,imagen.jpeg,36,depthwise_conv,1x192x28x28,13.981599
43,0,imagen.jpeg,37,batchnorm,1x192x28x28,3.423839
43,0,imagen.jpeg,38,activacion,1x192x28x28,1.369005
43,0,imagen.jpeg,39,pointwise_conv,1x192x28x28,34.083347
43,0,imagen.jpeg,40,batchnorm,1x32x28x28,0.592967
43,0,imagen.jpeg,41,layer_add,1x32x28x28,0.273353
43,0,imagen.jpeg,42,pointwise_conv,1x32x28x28,34.576283
43,0,imagen.jpeg,43,batchnorm,1x192x28x28,3.44541
43,0,imagen.jpeg,44,activacion,1x192x28x28,1.211314
43,0,imagen.jpeg,45,depthwise_conv,1x192x28x28,13.975119
43,0,imagen.jpeg,46,batchnorm,1x192x28x28,3.438579
43,0,imagen.jpeg,47,activacion,1x192x28x28,1.398636
43,0,imagen.jpeg,48,pointwise_conv,1x192x28x28,34.077587
43,0,imagen.jpeg,49,batchnorm,1x32x28x28,0.605907
43,0,imagen.jpeg,50,layer_add,1x32x28x28,0.277143
43,0,imagen.jpeg,51,pointwise_conv,1x32x28x28,34.563443
43,0,imagen.jpeg,52,batchnorm,1x192x28x28,3.46778
43,0,imagen.jpeg,53,activacion,1x192x28x28,1.284095
43,0,imagen.jpeg,54,depthwise_conv,1x192x28x28,3.643031
43,0,imagen.jpeg,55,batchnorm,1x192x14x14,0.87365
43,0,imagen.jpeg,56,activacion,1x192x14x14,0.277093
43,0,imagen.jpeg,57,pointwise_conv,1x192x14x14,12.613704
43,0,imagen.jpeg,58,batchnorm,1x64x14x14,0.288804
43,0,imagen.jpeg,59,pointwise_conv,1x64x14x14,24.295236
43,0,imagen.jpeg,60,batchnorm,1x384x14x14,1.75021
43,0,imagen.jpeg,61,activacion,1x384x14x14,0.556076
43,0,imagen.jpeg,62,depthwise_conv,1x384x14x14,7.09434
43,0,imagen.jpeg,63,batchnorm,1x384x14x14,1.76148
43,0,imagen.jpeg,64,activacion,1x384x14x14,0.690838
43,0,imagen.jpeg,65,pointwise_conv,1x384x14x14,30.700739
43,0,imagen.jpeg,66,batchnorm,1x64x14x14,0.289503
43,0,imagen.jpeg,67,layer_add,1x64x14x14,0.142412
43,0,imagen.jpeg,68,pointwise_conv,1x64x14x14,24.350877
43,0,imagen.jpeg,69,batchnorm,1x384x14x14,1.74616
43,0,imagen.jpeg,70,activacion,1x384x14x14,0.657868
43,0,imagen.jpeg,71,depthwise_conv,1x384x14x14,7.0427
43,0,imagen.jpeg,72,batchnorm,1x384x14x14,1.74138
43,0,imagen.jpeg,73,activacion,1x384x14x14,0.675648
43,0,imagen.jpeg,74,pointwise_conv,1x384x14x14,30.713989
43,0,imagen.jpeg,75,batchnorm,1x64x14x14,0.289233
43,0,imagen.jpeg,76,layer_add,1x64x14x14,0.137812
43,0,imagen.jpeg,77,pointwise_conv,1x64x14x14,24.301136
43,0,imagen.jpeg,78,batchnorm,1x384x14x14,1.769611
43,0,imagen.jpeg,79,activacion,1x384x14x14,0.649367
43,0,imagen.jpeg,80,depthwise_conv,1x384x14x14,7.07279
43,0,imagen.jpeg,81,batchnorm,1x384x14x14,1.734299
43,0,imagen.jpeg,82,activacion,1x384x14x14,0.771979
43,0,imagen.jpeg,83,pointwise_conv,1x384x14x14,30.75179
43,0,imagen.jpeg,84,batchnorm,1x64x14x14,0.291953
43,0,imagen.jpeg,85,layer_add,1x64x14x14,0.140952
43,0,imagen.jpeg,86,pointwise_conv,1x64x14x14,24.338767
43,0,imagen.jpeg,87,batchnorm,1x384x14x14,1.75347
43,0,imagen.jpeg,88,activacion,1x384x14x14,0.628327
43,0,imagen.jpeg,89,depthwise_conv,1x384x14x14,7.07754
43,0,imagen.jpeg,90,batchnorm,1x384x14x14,1.75029
43,0,imagen.jpeg,91,activacion,1x384x14x14,0.651488
43,0,imagen.jpeg,92,pointwise_conv,1x384x14x14,46.144065
43,0,imagen.jpeg,93,batchnorm,1x96x14x14,0.436725
43,0,imagen.jpeg,94,pointwise_conv,1x96x14x14,55.319499
43,0,imagen.jpeg,95,batchnorm,1x576x14x14,2.62805
43,0,imagen.jpeg,96,activacion,1x576x14x14,0.981751
43,0,imagen.jpeg,97,depthwise_conv,1x576x14x14,10.59038
43,0,imagen.jpeg,98,batchnorm,1x576x14x14,2.62303
43,0,imagen.jpeg,99,activacion,1x576x14x14,1.023782
43,0,imagen.jpeg,100,pointwise_conv,1x576x14x14,97.427078
43,0,imagen.jpeg,101,batchnorm,1x96x14x14,0.442165
43,0,imagen.jpeg,102,layer_add,1x96x14x14,0.206543
43,0,imagen.jpeg,103,pointwise_conv,1x96x14x14,55.644022
43,0,imagen.jpeg,104,batchnorm,1x576x14x14,2.653981
43,0,imagen.jpeg,105,activacion,1x576x14x14,0.982741
43,0,imagen.jpeg,106,depthwise_conv,1x576x14x14,10.641411
43,0,imagen.jpeg,107,batchnorm,1x576x14x14,2.64003
43,0,imagen.jpeg,108,activacion,1x576x14x14,0.994252
43,0,imagen.jpeg,109,pointwise_conv,1x576x14x14,97.321797
43,0,imagen.jpeg,110,batchnorm,1x96x14x14,0.436155
43,0,imagen.jpeg,111,layer_add,1x96x14x14,0.207343
43,0,imagen.jpeg,112,pointwise_conv,1x96x14x14,55.389149
43,0,imagen.jpeg,113,batchnorm,1x576x14x14,2.667511
43,0,imagen.jpeg,114,activacion,1x576x14x14,0.979591
43,0,imagen.jpeg,115,depthwise_conv,1x576x14x14,2.798122
43,0,imagen.jpeg,116,batchnorm,1x576x7x7,0.671878
43,0,imagen.jpeg,117,activacion,1x576x7x7,0.203732
43,0,imagen.jpeg,118,pointwise_conv,1x576x7x7,42.649195
43,0,imagen.jpeg,119,batchnorm,1x160x7x7,0.183862
43,0,imagen.jpeg,120,pointwise_conv,1x160x7x7,31.532189
43,0,imagen.jpeg,121,batchnorm,1x960x7x7,1.117143
43,0,imagen.jpeg,122,activacion,1x960x7x7,0.390934
43,0,imagen.jpeg,123,depthwise_conv,1x960x7x7,4.631393
43,0,imagen.jpeg,124,batchnorm,1x960x7x7,1.096063
43,0,imagen.jpeg,125,activacion,1x960x7x7,0.420515
43,0,imagen.jpeg,126,pointwise_conv,1x960x7x7,90.666731
43,0,imagen.jpeg,127,batchnorm,1x160x7x7,0.184812
43,0,imagen.jpeg,128,layer_add,1x160x7x7,0.083691
43,0,imagen.jpeg,129,pointwise_conv,1x160x7x7,31.594909
43,0,imagen.jpeg,130,batchnorm,1x960x7x7,1.114893
43,0,imagen.jpeg,131,activacion,1x960x7x7,0.396135
43,0,imagen.jpeg,132,depthwise_conv,1x960x7x7,4.620682
43,0,imagen.jpeg,133,batchnorm,1x960x7x7,1.093622
43,0,imagen.jpeg,134,activacion,1x960x7x7,0.396565
43,0,imagen.jpeg,135,pointwise_conv,1x960x7x7,90.637821
43,0,imagen.jpeg,136,batchnorm,1x160x7x7,0.186412
43,0,imagen.jpeg,137,layer_add,1x160x7x7,0.083641
43,0,imagen.jpeg,138,pointwise_conv,1x160x7x7,31.528169
43,0,imagen.jpeg,139,batchnorm,1x960x7x7,1.117613
43,0,imagen.jpeg,140,activacion,1x960x7x7,0.440045
43,0,imagen.jpeg,141,depthwise_conv,1x960x7x7,4.600973
43,0,imagen.jpeg,142,batchnorm,1x960x7x7,1.095132
43,0,imagen.jpeg,143,activacion,1x960x7x7,0.318603
43,0,imagen.jpeg,144,pointwise_conv,1x960x7x7,181.336332
43,0,imagen.jpeg,145,batchnorm,1x320x7x7,0.373225
43,0,imagen.jpeg,146,pointwise_conv,1x320x7x7,108.470483
43,0,imagen.jpeg,147,batchnorm,1x1280x7x7,1.524487
43,0,imagen.jpeg,148,activacion,1x1280x7x7,0.528756
43,0,imagen.jpeg,149,pooling,1x1280x7x7,0.266303
43,0,imagen.jpeg,150,linear,1x1280,5.101008
44,0,imagen.jpeg,0,conv2d,1x3x224x224,114.725925
44,0,imagen.jpeg,1,batchnorm,1x32x112x112,9.161524
44,0,imagen.jpeg,2,activacion,1x32x112x112,2.801272
44,0,imagen.jpeg,3,depthwise_conv,1x32x112x112,37.167223
44,0,imagen.jpeg,4,batchnorm,1x32x112x112,9.243425
44,0,imagen.jpeg,5,activacion,1x32x112x112,2.834452
44,0,imagen.jpeg,6,pointwise_conv,1x32x112x112,128.629833
44,0,imagen.jpeg,7,batchnorm,1x16x112x112,4.585082
44,0,imagen.jpeg,8,pointwise_conv,1x16x112x112,170.997294
44,0,imagen.jpeg,9,batchnorm,1x96x112x112,27.678015
44,0,imagen.jpeg,10,activacion,1x96x112x112,9.366096
44,0,imagen.jpeg,11,depthwise_conv,1x96x112x112,29.166441
44,0,imagen.jpeg,12,batchnorm,1x96x56x56,6.885848
44,0,imagen.jpeg,13,activacion,1x96x56x56,2.506089
44,0,imagen.jpeg,14,pointwise_conv,1x96x56x56,95.182363
44,0,imagen.jpeg,15,batchnorm,1x24x56x56,1.70836
44,0,imagen.jpeg,16,pointwise_conv,1x24x56x56,88.83018
44,0,imagen.jpeg,17,batchnorm,1x144x56x56,10.590201
44,0,imagen.jpeg,18,activacion,1x144x56x56,3.52728
44,0,imagen.jpeg,19,depthwise_conv,1x144x56x56,41.906096
44,0,imagen.jpeg,20,batchnorm,1x144x56x56,10.362098
44,0,imagen.jpeg,21,activacion,1x144x56x56,3.980115
44,0,imagen.jpeg,22,pointwise_conv,1x144x56x56,199.365838
44,0,imagen.jpeg,23,batchnorm,1x24x56x56,1.71357
44,0,imagen.jpeg,24,layer_add,1x24x56x56,0.83808
44,0,imagen.jpeg,25,pointwise_conv,1x24x56x56,87.796709
44,0,imagen.jpeg,26,batchnorm,1x144x56x56,10.467469
44,0,imagen.jpeg,27,activacion,1x144x56x56,3.859284
44,0,imagen.jpeg,28,depthwise_conv,1x144x56x56,10.651151
44,0,imagen.jpeg,29,batchnorm,1x144x28x28,2.60934
44,0,imagen.jpeg,30,activacion,1x144x28x28,0.89399
44,0,imagen.jpeg,31,pointwise_conv,1x144x28x28,25.660892
44,0,imagen.jpeg,32,batchnorm,1x32x28x28,0.570197
44,0,imagen.jpeg,33,pointwise_conv,1x32x28x28,34.610774
44,0,imagen.jpeg,34,batchnorm,1x192x28x28,3.443899
44,0,imagen.jpeg,35,activacion,1x192x28x28,1.115733
44,0,imagen.jpeg,36,depthwise_conv,1x192x28x28,13.994869
44,0,imagen.jpeg,37,batchnorm,1x192x28x28,3.431969
44,0,imagen.jpeg,38,activacion,1x192x28x28,1.388976
44,0,imagen.jpeg,39,pointwise_conv,1x192x28x28,34.032497
44,0,imagen.jpeg,40,batchnorm,1x32x28x28,0.593177
44,0,imagen.jpeg,41,layer_add,1x32x28x28,0.281343
44,0,imagen.jpeg,42,pointwise_conv,1x32x28x28,34.621914
44,0,imagen.jpeg,43,batchnorm,1x192x28x28,3.462039
44,0,imagen.jpeg,44,activacion,1x192x28x28,1.206993
44,0,imagen.jpeg,45,depthwise_conv,1x192x28x28,13.987699
44,0,imagen.jpeg,46,batchnorm,1x192x28x28,3.459749
44,0,imagen.jpeg,47,activacion,1x192x28x28,1.367675
44,0,imagen.jpeg,48,pointwise_conv,1x192x28x28,34.247299
44,0,imagen.jpeg,49,batchnorm,1x32x28x28,0.607697
44,0,imagen.jpeg,50,layer_add,1x32x28x28,0.270853
44,0,imagen.jpeg,51,pointwise_conv,1x32x28x28,34.540743
44,0,imagen.jpeg,52,batchnorm,1x192x28x28,3.46009
44,0,imagen.jpeg,53,activacion,1x192x28x28,1.280755
44,0,imagen.jpeg,54,depthwise_conv,1x192x28x28,3.672091
44,0,imagen.jpeg,55,batchnorm,1x192x14x14,0.87216
44,0,imagen.jpeg,56,activacion,1x192x14x14,0.277214
44,0,imagen.jpeg,57,pointwise_conv,1x192x14x14,12.614173
44,0,imagen.jpeg,58,batchnorm,1x64x14x14,0.288494
44,0,imagen.jpeg,59,pointwise_conv,1x64x14x14,24.296306
44,0,imagen.jpeg,60,batchnorm,1x384x14x14,1.75515
44,0,imagen.jpeg,61,activacion,1x384x14x14,0.557477
44,0,imagen.jpeg,62,depthwise_conv,1x384x14x14,7.072101
44,0,imagen.jpeg,63,batchnorm,1x384x14x14,1.76201
44,0,imagen.jpeg,64,activacion,1x384x14x14,0.695608
44,0,imagen.jpeg,65,pointwise_conv,1x384x14x14,30.78251
44,0,imagen.jpeg,66,batchnorm,1x64x14x14,0.289063
44,0,imagen.jpeg,67,layer_add,1x64x14x14,0.139042
44,0,imagen.jpeg,68,pointwise_conv,1x64x14x14,24.283326
44,0,imagen.jpeg,69,batchnorm,1x384x14x14,1.75066
44,0,imagen.jpeg,70,activacion,1x384x14x14,0.617517
44,0,imagen.jpeg,71,depthwise_conv,1x384x14x14,7.04769
44,0,imagen.jpeg,72,batchnorm,1x384x14x14,1.73158
44,0,imagen.jpeg,73,activacion,1x384x14x14,0.674607
44,0,imagen.jpeg,74,pointwise_conv,1x384x14x14,30.716339
44,0,imagen.jpeg,75,batchnorm,1x64x14x14,0.293504
44,0,imagen.jpeg,76,layer_add,1x64x14x14,0.143461
44,0,imagen.jpeg,77,pointwise_conv,1x64x14x14,24.300697
44,0,imagen.jpeg,78,batchnorm,1x384x14x14,1.828331
44,0,imagen.jpeg,79,activacion,1x384x14x14,0.647927
44,0,imagen.jpeg,80,depthwise_conv,1x384x14x14,7.124681
44,0,imagen.jpeg,81,batchnorm,1x384x14x14,1.73382
44,0,imagen.jpeg,82,activacion,1x384x14x14,0.677337
44,0,imagen.jpeg,83,pointwise_conv,1x384x14x14,30.734919
44,0,imagen.jpeg,84,batchnorm,1x64x14x14,0.302784
44,0,imagen.jpeg,85,layer_add,1x64x14x14,0.134811
44,0,imagen.jpeg,86,pointwise_conv,1x64x14x14,24.293486
44,0,imagen.jpeg,87,batchnorm,1x384x14x14,1.74803
44,0,imagen.jpeg,88,activacion,1x384x14x14,0.626817
44,0,imagen.jpeg,89,depthwise_conv,1x384x14x14,7.04812
44,0,imagen.jpeg,90,batchnorm,1x384x14x14,1.75945
44,0,imagen.jpeg,91,activacion,1x384x14x14,0.649138
44,0,imagen.jpeg,92,pointwise_conv,1x384x14x14,46.110334
44,0,imagen.jpeg,93,batchnorm,1x96x14x14,0.432185
44,0,imagen.jpeg,94,pointwise_conv,1x96x14x14,55.34304
44,0,imagen.jpeg,95,batchnorm,1x576x14x14,2.63629
44,0,imagen.jpeg,96,activacion,1x576x14x14,0.971491
44,0,imagen.jpeg,97,depthwise_conv,1x576x14x14,10.594781
44,0,imagen.jpeg,98,batchnorm,1x576x14x14,2.62182
44,0,imagen.jpeg,99,activacion,1x576x14x14,1.041392
44,0,imagen.jpeg,100,pointwise_conv,1x576x14x14,97.450618
44,0,imagen.jpeg,101,batchnorm,1x96x14x14,0.436405
44,0,imagen.jpeg,102,layer_add,1x96x14x14,0.205703
44,0,imagen.jpeg,103,pointwise_conv,1x96x14x14,55.526451
44,0,imagen.jpeg,104,batchnorm,1x576x14x14,2.65018
44,0,imagen.jpeg,105,activacion,1x576x14x14,1.020552
44,0,imagen.jpeg,106,depthwise_conv,1x576x14x14,10.61905
44,0,imagen.jpeg,107,batchnorm,1x576x14x14,2.64507
44,0,imagen.jpeg,108,activacion,1x576x14x14,0.94316
44,0,imagen.jpeg,109,pointwise_conv,1x576x14x14,97.442368
44,0,imagen.jpeg,110,batchnorm,1x96x14x14,0.438725
44,0,imagen.jpeg,111,layer_add,1x96x14x14,0.204442
44,0,imagen.jpeg,112,pointwise_conv,1x96x14x14,55.497671
44,0,imagen.jpeg,113,batchnorm,1x576x14x14,2.6623
44,0,imagen.jpeg,114,activacion,1x576x14x14,0.978001
44,0,imagen.jpeg,115,depthwise_conv,1x576x14x14,2.799441
44,0,imagen.jpeg,116,batchnorm,1x576x7x7,0.664038
44,0,imagen.jpeg,117,activacion,1x576x7x7,0.204812
44,0,imagen.jpeg,118,pointwise_conv,1x576x7x7,42.670046
44,0,imagen.jpeg,119,batchnorm,1x160x7x7,0.183742
44,0,imagen.jpeg,120,pointwise_conv,1x160x7x7,31.500609
44,0,imagen.jpeg,121,batchnorm,1x960x7x7,1.115953
44,0,imagen.jpeg,122,activacion,1x960x7x7,0.400585
44,0,imagen.jpeg,123,depthwise_conv,1x960x7x7,4.606512
44,0,imagen.jpeg,124,batchnorm,1x960x7x7,1.094372
44,0,imagen.jpeg,125,activacion,1x960x7x7,0.405995
44,0,imagen.jpeg,126,pointwise_conv,1x960x7x7,90.629671
44,0,imagen.jpeg,127,batchnorm,1x160x7x7,0.184132
44,0,imagen.jpeg,128,layer_add,1x160x7x7,0.087321
44,0,imagen.jpeg,129,pointwise_conv,1x160x7x7,31.596409
44,0,imagen.jpeg,130,batchnorm,1x960x7x7,1.116703
44,0,imagen.jpeg,131,activacion,1x960x7x7,0.406965
44,0,imagen.jpeg,132,depthwise_conv,1x960x7x7,4.581822
44,0,imagen.jpeg,133,batchnorm,1x960x7x7,1.094252
44,0,imagen.jpeg,134,activacion,1x960x7x7,0.397065
44,0,imagen.jpeg,135,pointwise_conv,1x960x7x7,90.845063
44,0,imagen.jpeg,136,batchnorm,1x160x7x7,0.187312
44,0,imagen.jpeg,137,layer_add,1x160x7x7,0.088521
44,0,imagen.jpeg,138,pointwise_conv,1x160x7x7,31.487388
44,0,imagen.jpeg,139,batchnorm,1x960x7x7,1.114803
44,0,imagen.jpeg,140,activacion,1x960x7x7,0.425555
44,0,imagen.jpeg,141,depthwise_conv,1x960x7x7,4.625392
44,0,imagen.jpeg,142,batchnorm,1x960x7x7,1.095292
44,0,imagen.jpeg,143,activacion,1x960x7x7,0.314333
44,0,imagen.jpeg,144,pointwise_conv,1x960x7x7,181.248402
44,0,imagen.jpeg,145,batchnorm,1x320x7x7,0.372884
44,0,imagen.jpeg,146,pointwise_conv,1x320x7x7,108.472014
44,0,imagen.jpeg,147,batchnorm,1x1280x7x7,1.576248
44,0,imagen.jpeg,148,activacion,1x1280x7x7,0.529936
44,0,imagen.jpeg,149,pooling,1x1280x7x7,0.266733
44,0,imagen.jpeg,150,linear,1x1280,5.098768
45,0,imagen.jpeg,0,conv2d,1x3x224x224,115.2255
45,0,imagen.jpeg,1,batchnorm,1x32x112x112,9.258886
45,0,imagen.jpeg,2,activacion,1x32x112x112,2.767262
45,0,imagen.jpeg,3,depthwise_conv,1x32x112x112,37.056322
45,0,imagen.jpeg,4,batchnorm,1x32x112x112,9.216645
45,0,imagen.jpeg,5,activacion,1x32x112x112,2.838592
45,0,imagen.jpeg,6,pointwise_conv,1x32x112x112,129.611224
45,0,imagen.jpeg,7,batchnorm,1x16x112x112,4.600182
45,0,imagen.jpeg,8,pointwise_conv,1x16x112x112,170.508379
45,0,imagen.jpeg,9,batchnorm,1x96x112x112,27.673945
45,0,imagen.jpeg,10,activacion,1x96x112x112,9.411827
45,0,imagen.jpeg,11,depthwise_conv,1x96x112x112,29.189592
45,0,imagen.jpeg,12,batchnorm,1x96x56x56,6.856658
45,0,imagen.jpeg,13,activacion,1x96x56x56,2.594729
45,0,imagen.jpeg,14,pointwise_conv,1x96x56x56,94.928059
45,0,imagen.jpeg,15,batchnorm,1x24x56x56,1.710579
45,0,imagen.jpeg,16,pointwise_conv,1x24x56x56,88.282405
45,0,imagen.jpeg,17,batchnorm,1x144x56x56,10.457859
45,0,imagen.jpeg,18,activacion,1x144x56x56,3.529511
45,0,imagen.jpeg,19,depthwise_conv,1x144x56x56,41.851776
45,0,imagen.jpeg,20,batchnorm,1x144x56x56,10.309947
45,0,imagen.jpeg,21,activacion,1x144x56x56,3.961036
45,0,imagen.jpeg,22,pointwise_conv,1x144x56x56,199.151005
45,0,imagen.jpeg,23,batchnorm,1x24x56x56,1.713219
45,0,imagen.jpeg,24,layer_add,1x24x56x56,0.774319
45,0,imagen.jpeg,25,pointwise_conv,1x24x56x56,87.714747
45,0,imagen.jpeg,26,batchnorm,1x144x56x56,10.459169
45,0,imagen.jpeg,27,activacion,1x144x56x56,3.878194
45,0,imagen.jpeg,28,depthwise_conv,1x144x56x56,10.646361
45,0,imagen.jpeg,29,batchnorm,1x144x28x28,2.59939
45,0,imagen.jpeg,30,activacion,1x144x28x28,0.89601
45,0,imagen.jpeg,31,pointwise_conv,1x144x28x28,25.725623
45,0,imagen.jpeg,32,batchnorm,1x32x28x28,0.571307
45,0,imagen.jpeg,33,pointwise_conv,1x32x28x28,34.537913
45,0,imagen.jpeg,34,batchnorm,1x192x28x28,3.445499
45,0,imagen.jpeg,35,activacion,1x192x28x28,1.144703
45,0,imagen.jpeg,36,depthwise_conv,1x192x28x28,13.972008
45,0,imagen.jpeg,37,batchnorm,1x192x28x28,3.435189
45,0,imagen.jpeg,38,activacion,1x192x28x28,1.368595
45,0,imagen.jpeg,39,pointwise_conv,1x192x28x28,34.031337
45,0,imagen.jpeg,40,batchnorm,1x32x28x28,0.599287
45,0,imagen.jpeg,41,layer_add,1x32x28x28,0.272063
45,0,imagen.jpeg,42,pointwise_conv,1x32x28x28,34.719494
45,0,imagen.jpeg,43,batchnorm,1x192x28x28,3.464679
45,0,imagen.jpeg,44,activacion,1x192x28x28,1.213263
45,0,imagen.jpeg,45,depthwise_conv,1x192x28x28,13.979949
45,0,imagen.jpeg,46,batchnorm,1x192x28x28,3.433469
45,0,imagen.jpeg,47,activacion,1x192x28x28,1.393976
45,0,imagen.jpeg,48,pointwise_conv,1x192x28x28,33.994177
45,0,imagen.jpeg,49,batchnorm,1x32x28x28,0.573797
45,0,imagen.jpeg,50,layer_add,1x32x28x28,0.286113
45,0,imagen.jpeg,51,pointwise_conv,1x32x28x28,34.560943
45,0,imagen.jpeg,52,batchnorm,1x192x28x28,3.466579
45,0,imagen.jpeg,53,activacion,1x192x28x28,1.297075
45,0,imagen.jpeg,54,depthwise_conv,1x192x28x28,3.672212
45,0,imagen.jpeg,55,batchnorm,1x192x14x14,0.87456
45,0,imagen.jpeg,56,activacion,1x192x14x14,0.276583
45,0,imagen.jpeg,57,pointwise_conv,1x192x14x14,12.611764
45,0,imagen.jpeg,58,batchnorm,1x64x14x14,0.287713
45,0,imagen.jpeg,59,pointwise_conv,1x64x14x14,24.290846
45,0,imagen.jpeg,60,batchnorm,1x384x14x14,1.75348
45,0,imagen.jpeg,61,activacion,1x384x14x14,0.562376
45,0,imagen.jpeg,62,depthwise_conv,1x384x14x14,7.06107
45,0,imagen.jpeg,63,batchnorm,1x384x14x14,1.76245
45,0,imagen.jpeg,64,activacion,1x384x14x14,0.688098
45,0,imagen.jpeg,65,pointwise_conv,1x384x14x14,30.754239
45,0,imagen.jpeg,66,batchnorm,1x64x14x14,0.289573
45,0,imagen.jpeg,67,layer_add,1x64x14x14,0.137851
45,0,imagen.jpeg,68,pointwise_conv,1x64x14x14,24.295387
45,0,imagen.jpeg,69,batchnorm,1x384x14x14,1.7567
45,0,imagen.jpeg,70,activacion,1x384x14x14,0.642237
45,0,imagen.jpeg,71,depthwise_conv,1x384x14x14,7.04715
45,0,imagen.jpeg,72,batchnorm,1x384x14x14,1.75302
45,0,imagen.jpeg,73,activacion,1x384x14x14,0.676948
45,0,imagen.jpeg,74,pointwise_conv,1x384x14x14,30.719759
45,0,imagen.jpeg,75,batchnorm,1x64x14x14,0.288674
45,0,imagen.jpeg,76,layer_add,1x64x14x14,0.138992
45,0,imagen.jpeg,77,pointwise_conv,1x64x14x14,24.357097
45,0,imagen.jpeg,78,batchnorm,1x384x14x14,1.76622
45,0,imagen.jpeg,79,activacion,1x384x14x14,0.644518
45,0,imagen.jpeg,80,depthwise_conv,1x384x14x14,7.049491
45,0,imagen.jpeg,81,batchnorm,1x384x14x14,1.73101
45,0,imagen.jpeg,82,activacion,1x384x14x14,0.661348
45,0,imagen.jpeg,83,pointwise_conv,1x384x14x14,30.71022
45,0,imagen.jpeg,84,batchnorm,1x64x14x14,0.289533
45,0,imagen.jpeg,85,layer_add,1x64x14x14,0.137281
45,0,imagen.jpeg,86,pointwise_conv,1x64x14x14,24.296207
45,0,imagen.jpeg,87,batchnorm,1x384x14x14,1.75049
45,0,imagen.jpeg,88,activacion,1x384x14x14,0.627427
45,0,imagen.jpeg,89,depthwise_conv,1x384x14x14,7.058491
45,0,imagen.jpeg,90,batchnorm,1x384x14x14,1.75914
45,0,imagen.jpeg,91,activacion,1x384x14x14,0.640298
45,0,imagen.jpeg,92,pointwise_conv,1x384x14x14,46.091474
45,0,imagen.jpeg,93,batchnorm,1x96x14x14,0.434135
45,0,imagen.jpeg,94,pointwise_conv,1x96x14x14,55.37883
45,0,imagen.jpeg,95,batchnorm,1x576x14x14,2.63699
45,0,imagen.jpeg,96,activacion,1x576x14x14,1.024822
45,0,imagen.jpeg,97,depthwise_conv,1x576x14x14,10.57997
45,0,imagen.jpeg,98,batchnorm,1x576x14x14,2.64063
45,0,imagen.jpeg,99,activacion,1x576x14x14,0.973621
45,0,imagen.jpeg,100,pointwise_conv,1x576x14x14,97.385908
45,0,imagen.jpeg,101,batchnorm,1x96x14x14,0.435095
45,0,imagen.jpeg,102,layer_add,1x96x14x14,0.209742
45,0,imagen.jpeg,103,pointwise_conv,1x96x14x14,55.568342
45,0,imagen.jpeg,104,batchnorm,1x576x14x14,2.65309
45,0,imagen.jpeg,105,activacion,1x576x14x14,0.984251
45,0,imagen.jpeg,106,depthwise_conv,1x576x14x14,10.609281
45,0,imagen.jpeg,107,batchnorm,1x576x14x14,2.6553
45,0,imagen.jpeg,108,activacion,1x576x14x14,0.948361
45,0,imagen.jpeg,109,pointwise_conv,1x576x14x14,97.476098
45,0,imagen.jpeg,110,batchnorm,1x96x14x14,0.456515
45,0,imagen.jpeg,111,layer_add,1x96x14x14,0.206333
45,0,imagen.jpeg,112,pointwise_conv,1x96x14x14,55.38648
45,0,imagen.jpeg,113,batchnorm,1x576x14x14,2.63335
45,0,imagen.jpeg,114,activacion,1x576x14x14,1.021902
45,0,imagen.jpeg,115,depthwise_conv,1x576x14x14,2.774431
45,0,imagen.jpeg,116,batchnorm,1x576x7x7,0.664148
45,0,imagen.jpeg,117,activacion,1x576x7x7,0.202983
45,0,imagen.jpeg,118,pointwise_conv,1x576x7x7,42.673505
45,0,imagen.jpeg,119,batchnorm,1x160x7x7,0.183472
45,0,imagen.jpeg,120,pointwise_conv,1x160x7x7,31.507768
45,0,imagen.jpeg,121,batchnorm,1x960x7x7,1.115442
45,0,imagen.jpeg,122,activacion,1x960x7x7,0.400205
45,0,imagen.jpeg,123,depthwise_conv,1x960x7x7,4.677664
45,0,imagen.jpeg,124,batchnorm,1x960x7x7,1.114193
45,0,imagen.jpeg,125,activacion,1x960x7x7,0.404945
45,0,imagen.jpeg,126,pointwise_conv,1x960x7x7,90.817723
45,0,imagen.jpeg,127,batchnorm,1x160x7x7,0.186393
45,0,imagen.jpeg,128,layer_add,1x160x7x7,0.082901
45,0,imagen.jpeg,129,pointwise_conv,1x160x7x7,31.58808
45,0,imagen.jpeg,130,batchnorm,1x960x7x7,1.112963
45,0,imagen.jpeg,131,activacion,1x960x7x7,0.405044
45,0,imagen.jpeg,132,depthwise_conv,1x960x7x7,4.630212
45,0,imagen.jpeg,133,batchnorm,1x960x7x7,1.096722
45,0,imagen.jpeg,134,activacion,1x960x7x7,0.398274
45,0,imagen.jpeg,135,pointwise_conv,1x960x7x7,90.62562
45,0,imagen.jpeg,136,batchnorm,1x160x7x7,0.186032
45,0,imagen.jpeg,137,layer_add,1x160x7x7,0.087681
45,0,imagen.jpeg,138,pointwise_conv,1x160x7x7,31.501769
45,0,imagen.jpeg,139,batchnorm,1x960x7x7,1.116073
45,0,imagen.jpeg,140,activacion,1x960x7x7,0.401834
45,0,imagen.jpeg,141,depthwise_conv,1x960x7x7,4.641283
45,0,imagen.jpeg,142,batchnorm,1x960x7x7,1.095432
45,0,imagen.jpeg,143,activacion,1x960x7x7,0.317003
45,0,imagen.jpeg,144,pointwise_conv,1x960x7x7,181.579815
45,0,imagen.jpeg,145,batchnorm,1x320x7x7,0.372865
45,0,imagen.jpeg,146,pointwise_conv,1x320x7x7,108.465633
45,0,imagen.jpeg,147,batchnorm,1x1280x7x7,1.497537
45,0,imagen.jpeg,148,activacion,1x1280x7x7,0.530156
45,0,imagen.jpeg,149,pooling,1x1280x7x7,0.266643
45,0,imagen.jpeg,150,linear,1x1280,5.106098
46,0,imagen.jpeg,0,conv2d,1x3x224x224,114.717695
46,0,imagen.jpeg,1,batchnorm,1x32x112x112,9.238056
46,0,imagen.jpeg,2,activacion,1x32x112x112,2.864663
46,0,imagen.jpeg,3,depthwise_conv,1x32x112x112,37.216723
46,0,imagen.jpeg,4,batchnorm,1x32x112x112,9.222955
46,0,imagen.jpeg,5,activacion,1x32x112x112,2.829382
46,0,imagen.jpeg,6,pointwise_conv,1x32x112x112,129.464402
46,0,imagen.jpeg,7,batchnorm,1x16x112x112,4.621102
46,0,imagen.jpeg,8,pointwise_conv,1x16x112x112,172.279039
46,0,imagen.jpeg,9,batchnorm,1x96x112x112,27.678095
46,0,imagen.jpeg,10,activacion,1x96x112x112,9.352397
46,0,imagen.jpeg,11,depthwise_conv,1x96x112x112,29.170432
46,0,imagen.jpeg,12,batchnorm,1x96x56x56,6.884038
46,0,imagen.jpeg,13,activacion,1x96x56x56,2.472868
46,0,imagen.jpeg,14,pointwise_conv,1x96x56x56,94.415714
46,0,imagen.jpeg,15,batchnorm,1x24x56x56,1.70958
46,0,imagen.jpeg,16,pointwise_conv,1x24x56x56,88.304655
46,0,imagen.jpeg,17,batchnorm,1x144x56x56,10.51237
46,0,imagen.jpeg,18,activacion,1x144x56x56,3.489649
46,0,imagen.jpeg,19,depthwise_conv,1x144x56x56,41.799155
46,0,imagen.jpeg,20,batchnorm,1x144x56x56,10.336508
46,0,imagen.jpeg,21,activacion,1x144x56x56,3.949045
46,0,imagen.jpeg,22,pointwise_conv,1x144x56x56,199.552139
46,0,imagen.jpeg,23,batchnorm,1x24x56x56,1.713219
46,0,imagen.jpeg,24,layer_add,1x24x56x56,0.826889
46,0,imagen.jpeg,25,pointwise_conv,1x24x56x56,87.670097
46,0,imagen.jpeg,26,batchnorm,1x144x56x56,10.451229
46,0,imagen.jpeg,27,activacion,1x144x56x56,3.944325
46,0,imagen.jpeg,28,depthwise_conv,1x144x56x56,10.617391
46,0,imagen.jpeg,29,batchnorm,1x144x28x28,2.59879
46,0,imagen.jpeg,30,activacion,1x144x28x28,0.90588
46,0,imagen.jpeg,31,pointwise_conv,1x144x28x28,25.784694
46,0,imagen.jpeg,32,batchnorm,1x32x28x28,0.567526
46,0,imagen.jpeg,33,pointwise_conv,1x32x28x28,34.605993
46,0,imagen.jpeg,34,batchnorm,1x192x28x28,3.479369
46,0,imagen.jpeg,35,activacion,1x192x28x28,1.113003
46,0,imagen.jpeg,36,depthwise_conv,1x192x28x28,14.013529
46,0,imagen.jpeg,37,batchnorm,1x192x28x28,3.452689
46,0,imagen.jpeg,38,activacion,1x192x28x28,1.384925
46,0,imagen.jpeg,39,pointwise_conv,1x192x28x28,34.197299
46,0,imagen.jpeg,40,batchnorm,1x32x28x28,0.569776
46,0,imagen.jpeg,41,layer_add,1x32x28x28,0.273693
46,0,imagen.jpeg,42,pointwise_conv,1x32x28x28,34.546233
46,0,imagen.jpeg,43,batchnorm,1x192x28x28,3.475729
46,0,imagen.jpeg,44,activacion,1x192x28x28,1.180354
46,0,imagen.jpeg,45,depthwise_conv,1x192x28x28,14.009709
46,0,imagen.jpeg,46,batchnorm,1x192x28x28,3.415299
46,0,imagen.jpeg,47,activacion,1x192x28x28,1.337575
46,0,imagen.jpeg,48,pointwise_conv,1x192x28x28,34.004726
46,0,imagen.jpeg,49,batchnorm,1x32x28x28,0.573317
46,0,imagen.jpeg,50,layer_add,1x32x28x28,0.274923
46,0,imagen.jpeg,51,pointwise_conv,1x32x28x28,34.572473
46,0,imagen.jpeg,52,batchnorm,1x192x28x28,3.448269
46,0,imagen.jpeg,53,activacion,1x192x28x28,1.255624
46,0,imagen.jpeg,54,depthwise_conv,1x192x28x28,3.684712
46,0,imagen.jpeg,55,batchnorm,1x192x14x14,0.87175
46,0,imagen.jpeg,56,activacion,1x192x14x14,0.276763
46,0,imagen.jpeg,57,pointwise_conv,1x192x14x14,12.613633
46,0,imagen.jpeg,58,batchnorm,1x64x14x14,0.287553
46,0,imagen.jpeg,59,pointwise_conv,1x64x14x14,24.304966
46,0,imagen.jpeg,60,batchnorm,1x384x14x14,1.76068
46,0,imagen.jpeg,61,activacion,1x384x14x14,0.558036
46,0,imagen.jpeg,62,depthwise_conv,1x384x14x14,7.03536
46,0,imagen.jpeg,63,batchnorm,1x384x14x14,1.821431
46,0,imagen.jpeg,64,activacion,1x384x14x14,0.698288
46,0,imagen.jpeg,65,pointwise_conv,1x384x14x14,30.948442
46,0,imagen.jpeg,66,batchnorm,1x64x14x14,0.288073
46,0,imagen.jpeg,67,layer_add,1x64x14x14,0.138802
46,0,imagen.jpeg,68,pointwise_conv,1x64x14x14,24.285006
46,0,imagen.jpeg,69,batchnorm,1x384x14x14,1.76473
46,0,imagen.jpeg,70,activacion,1x384x14x14,0.614527
46,0,imagen.jpeg,71,depthwise_conv,1x384x14x14,7.04623
46,0,imagen.jpeg,72,batchnorm,1x384x14x14,1.73376
46,0,imagen.jpeg,73,activacion,1x384x14x14,0.673217
46,0,imagen.jpeg,74,pointwise_conv,1x384x14x14,30.74455
46,0,imagen.jpeg,75,batchnorm,1x64x14x14,0.289423
46,0,imagen.jpeg,76,layer_add,1x64x14x14,0.134922
46,0,imagen.jpeg,77,pointwise_conv,1x64x14x14,24.366957
46,0,imagen.jpeg,78,batchnorm,1x384x14x14,1.74918
46,0,imagen.jpeg,79,activacion,1x384x14x14,0.661217
46,0,imagen.jpeg,80,depthwise_conv,1x384x14x14,7.071771
46,0,imagen.jpeg,81,batchnorm,1x384x14x14,1.7576
46,0,imagen.jpeg,82,activacion,1x384x14x14,0.666807
46,0,imagen.jpeg,83,pointwise_conv,1x384x14x14,30.701329
46,0,imagen.jpeg,84,batchnorm,1x64x14x14,0.288723
46,0,imagen.jpeg,85,layer_add,1x64x14x14,0.137591
46,0,imagen.jpeg,86,pointwise_conv,1x64x14x14,24.299307
46,0,imagen.jpeg,87,batchnorm,1x384x14x14,1.75222
46,0,imagen.jpeg,88,activacion,1x384x14x14,0.653607
46,0,imagen.jpeg,89,depthwise_conv,1x384x14x14,7.04113
46,0,imagen.jpeg,90,batchnorm,1x384x14x14,1.7384
46,0,imagen.jpeg,91,activacion,1x384x14x14,0.649778
46,0,imagen.jpeg,92,pointwise_conv,1x384x14x14,46.157105
46,0,imagen.jpeg,93,batchnorm,1x96x14x14,0.436285
46,0,imagen.jpeg,94,pointwise_conv,1x96x14x14,55.330469
46,0,imagen.jpeg,95,batchnorm,1x576x14x14,2.65996
46,0,imagen.jpeg,96,activacion,1x576x14x14,0.972901
46,0,imagen.jpeg,97,depthwise_conv,1x576x14x14,10.692932
46,0,imagen.jpeg,98,batchnorm,1x576x14x14,2.6167
46,0,imagen.jpeg,99,activacion,1x576x14x14,0.979581
46,0,imagen.jpeg,100,pointwise_conv,1x576x14x14,97.421158
46,0,imagen.jpeg,101,batchnorm,1x96x14x14,0.435735
46,0,imagen.jpeg,102,layer_add,1x96x14x14,0.235143
46,0,imagen.jpeg,103,pointwise_conv,1x96x14x14,55.515761
46,0,imagen.jpeg,104,batchnorm,1x576x14x14,2.64222
46,0,imagen.jpeg,105,activacion,1x576x14x14,1.024662
46,0,imagen.jpeg,106,depthwise_conv,1x576x14x14,10.57571
46,0,imagen.jpeg,107,batchnorm,1x576x14x14,2.62848
46,0,imagen.jpeg,108,activacion,1x576x14x14,0.956191
46,0,imagen.jpeg,109,pointwise_conv,1x576x14x14,97.347977
46,0,imagen.jpeg,110,batchnorm,1x96x14x14,0.436345
46,0,imagen.jpeg,111,layer_add,1x96x14x14,0.206382
46,0,imagen.jpeg,112,pointwise_conv,1x96x14x14,55.37065
46,0,imagen.jpeg,113,batchnorm,1x576x14x14,2.656591
46,0,imagen.jpeg,114,activacion,1x576x14x14,0.978111
46,0,imagen.jpeg,115,depthwise_conv,1x576x14x14,2.797942
46,0,imagen.jpeg,116,batchnorm,1x576x7x7,0.665058
46,0,imagen.jpeg,117,activacion,1x576x7x7,0.204033
46,0,imagen.jpeg,118,pointwise_conv,1x576x7x7,42.771596
46,0,imagen.jpeg,119,batchnorm,1x160x7x7,0.183682
46,0,imagen.jpeg,120,pointwise_conv,1x160x7x7,31.574689
46,0,imagen.jpeg,121,batchnorm,1x960x7x7,1.117793
46,0,imagen.jpeg,122,activacion,1x960x7x7,0.423315
46,0,imagen.jpeg,123,depthwise_conv,1x960x7x7,4.620993
46,0,imagen.jpeg,124,batchnorm,1x960x7x7,1.094393
46,0,imagen.jpeg,125,activacion,1x960x7x7,0.402735
46,0,imagen.jpeg,126,pointwise_conv,1x960x7x7,90.6053
46,0,imagen.jpeg,127,batchnorm,1x160x7x7,0.185302
46,0,imagen.jpeg,128,layer_add,1x160x7x7,0.087151
46,0,imagen.jpeg,129,pointwise_conv,1x160x7x7,31.531748
46,0,imagen.jpeg,130,batchnorm,1x960x7x7,1.110732
46,0,imagen.jpeg,131,activacion,1x960x7x7,0.397495
46,0,imagen.jpeg,132,depthwise_conv,1x960x7x7,4.580193
46,0,imagen.jpeg,133,batchnorm,1x960x7x7,1.094872
46,0,imagen.jpeg,134,activacion,1x960x7x7,0.398054
46,0,imagen.jpeg,135,pointwise_conv,1x960x7x7,90.813853
46,0,imagen.jpeg,136,batchnorm,1x160x7x7,0.188212
46,0,imagen.jpeg,137,layer_add,1x160x7x7,0.086801
46,0,imagen.jpeg,138,pointwise_conv,1x160x7x7,31.502168
46,0,imagen.jpeg,139,batchnorm,1x960x7x7,1.137193
46,0,imagen.jpeg,140,activacion,1x960x7x7,0.391415
46,0,imagen.jpeg,141,depthwise_conv,1x960x7x7,4.749304
46,0,imagen.jpeg,142,batchnorm,1x960x7x7,1.095282
46,0,imagen.jpeg,143,activacion,1x960x7x7,0.315273
46,0,imagen.jpeg,144,pointwise_conv,1x960x7x7,181.502524
46,0,imagen.jpeg,145,batchnorm,1x320x7x7,0.372404
46,0,imagen.jpeg,146,pointwise_conv,1x320x7x7,108.500174
46,0,imagen.jpeg,147,batchnorm,1x1280x7x7,1.519287
46,0,imagen.jpeg,148,activacion,1x1280x7x7,0.542506
46,0,imagen.jpeg,149,pooling,1x1280x7x7,0.265133
46,0,imagen.jpeg,150,linear,1x1280,5.104538
47,0,imagen.jpeg,0,conv2d,1x3x224x224,115.14337
47,0,imagen.jpeg,1,batchnorm,1x32x112x112,9.145004
47,0,imagen.jpeg,2,activacion,1x32x112x112,2.803712
47,0,imagen.jpeg,3,depthwise_conv,1x32x112x112,37.025461
47,0,imagen.jpeg,4,batchnorm,1x32x112x112,9.232845
47,0,imagen.jpeg,5,activacion,1x32x112x112,2.804342
47,0,imagen.jpeg,6,pointwise_conv,1x32x112x112,129.22515
47,0,imagen.jpeg,7,batchnorm,1x16x112x112,4.597822
47,0,imagen.jpeg,8,pointwise_conv,1x16x112x112,171.325089
47,0,imagen.jpeg,9,batchnorm,1x96x112x112,27.641704
47,0,imagen.jpeg,10,activacion,1x96x112x112,9.363086
47,0,imagen.jpeg,11,depthwise_conv,1x96x112x112,29.098821
47,0,imagen.jpeg,12,batchnorm,1x96x56x56,6.888788
47,0,imagen.jpeg,13,activacion,1x96x56x56,2.476748
47,0,imagen.jpeg,14,pointwise_conv,1x96x56x56,97.245156
47,0,imagen.jpeg,15,batchnorm,1x24x56x56,1.708279
47,0,imagen.jpeg,16,pointwise_conv,1x24x56x56,88.348545
47,0,imagen.jpeg,17,batchnorm,1x144x56x56,10.454578
47,0,imagen.jpeg,18,activacion,1x144x56x56,3.53063
47,0,imagen.jpeg,19,depthwise_conv,1x144x56x56,41.840596
47,0,imagen.jpeg,20,batchnorm,1x144x56x56,10.305647
47,0,imagen.jpeg,21,activacion,1x144x56x56,3.975595
47,0,imagen.jpeg,22,pointwise_conv,1x144x56x56,199.345047
47,0,imagen.jpeg,23,batchnorm,1x24x56x56,1.712459
47,0,imagen.jpeg,24,layer_add,1x24x56x56,0.817159
47,0,imagen.jpeg,25,pointwise_conv,1x24x56x56,87.661957
47,0,imagen.jpeg,26,batchnorm,1x144x56x56,10.445529
47,0,imagen.jpeg,27,activacion,1x144x56x56,3.854884
47,0,imagen.jpeg,28,depthwise_conv,1x144x56x56,10.718232
47,0,imagen.jpeg,29,batchnorm,1x144x28x28,2.598569
47,0,imagen.jpeg,30,activacion,1x144x28x28,0.902121
47,0,imagen.jpeg,31,pointwise_conv,1x144x28x28,25.731233
47,0,imagen.jpeg,32,batchnorm,1x32x28x28,0.569416
47,0,imagen.jpeg,33,pointwise_conv,1x32x28x28,34.538682
47,0,imagen.jpeg,34,batchnorm,1x192x28x28,3.442439
47,0,imagen.jpeg,35,activacion,1x192x28x28,1.117692
47,0,imagen.jpeg,36,depthwise_conv,1x192x28x28,13.98638
47,0,imagen.jpeg,37,batchnorm,1x192x28x28,3.432089
47,0,imagen.jpeg,38,activacion,1x192x28x28,1.367435
47,0,imagen.jpeg,39,pointwise_conv,1x192x28x28,34.158319
47,0,imagen.jpeg,40,batchnorm,1x32x28x28,0.595187
47,0,imagen.jpeg,41,layer_add,1x32x28x28,0.277873
47,0,imagen.jpeg,42,pointwise_conv,1x32x28x28,34.518383
47,0,imagen.jpeg,43,batchnorm,1x192x28x28,3.463239
47,0,imagen.jpeg,44,activacion,1x192x28x28,1.213424
47,0,imagen.jpeg,45,depthwise_conv,1x192x28x28,13.98017
47,0,imagen.jpeg,46,batchnorm,1x192x28x28,3.441799
47,0,imagen.jpeg,47,activacion,1x192x28x28,1.394425
47,0,imagen.jpeg,48,pointwise_conv,1x192x28x28,34.30438
47,0,imagen.jpeg,49,batchnorm,1x32x28x28,0.616897
47,0,imagen.jpeg,50,layer_add,1x32x28x28,0.248163
47,0,imagen.jpeg,51,pointwise_conv,1x32x28x28,34.529483
47,0,imagen.jpeg,52,batchnorm,1x192x28x28,3.456799
47,0,imagen.jpeg,53,activacion,1x192x28x28,1.284365
47,0,imagen.jpeg,54,depthwise_conv,1x192x28x28,3.650061
47,0,imagen.jpeg,55,batchnorm,1x192x14x14,0.87138
47,0,imagen.jpeg,56,activacion,1x192x14x14,0.276193
47,0,imagen.jpeg,57,pointwise_conv,1x192x14x14,12.618734
47,0,imagen.jpeg,58,batchnorm,1x64x14x14,0.288153
47,0,imagen.jpeg,59,pointwise_conv,1x64x14x14,24.301967
47,0,imagen.jpeg,60,batchnorm,1x384x14x14,1.75784
47,0,imagen.jpeg,61,activacion,1x384x14x14,0.557627
47,0,imagen.jpeg,62,depthwise_conv,1x384x14x14,7.076371
47,0,imagen.jpeg,63,batchnorm,1x384x14x14,1.836221
47,0,imagen.jpeg,64,activacion,1x384x14x14,0.693278
47,0,imagen.jpeg,65,pointwise_conv,1x384x14x14,30.73049
47,0,imagen.jpeg,66,batchnorm,1x64x14x14,0.288554
47,0,imagen.jpeg,67,layer_add,1x64x14x14,0.138051
47,0,imagen.jpeg,68,pointwise_conv,1x64x14x14,24.284666
47,0,imagen.jpeg,69,batchnorm,1x384x14x14,1.75093
47,0,imagen.jpeg,70,activacion,1x384x14x14,0.640378
47,0,imagen.jpeg,71,depthwise_conv,1x384x14x14,7.050751
47,0,imagen.jpeg,72,batchnorm,1x384x14x14,1.73278
47,0,imagen.jpeg,73,activacion,1x384x14x14,0.673187
47,0,imagen.jpeg,74,pointwise_conv,1x384x14x14,30.71365
47,0,imagen.jpeg,75,batchnorm,1x64x14x14,0.289313
47,0,imagen.jpeg,76,layer_add,1x64x14x14,0.138582
47,0,imagen.jpeg,77,pointwise_conv,1x64x14x14,24.354517
47,0,imagen.jpeg,78,batchnorm,1x384x14x14,1.75971
47,0,imagen.jpeg,79,activacion,1x384x14x14,0.646777
47,0,imagen.jpeg,80,depthwise_conv,1x384x14x14,7.07849
47,0,imagen.jpeg,81,batchnorm,1x384x14x14,1.73539
47,0,imagen.jpeg,82,activacion,1x384x14x14,0.690178
47,0,imagen.jpeg,83,pointwise_conv,1x384x14x14,30.712499
47,0,imagen.jpeg,84,batchnorm,1x64x14x14,0.291223
47,0,imagen.jpeg,85,layer_add,1x64x14x14,0.141172
47,0,imagen.jpeg,86,pointwise_conv,1x64x14x14,24.401387
47,0,imagen.jpeg,87,batchnorm,1x384x14x14,1.75637
47,0,imagen.jpeg,88,activacion,1x384x14x14,0.628687
47,0,imagen.jpeg,89,depthwise_conv,1x384x14x14,7.08082
47,0,imagen.jpeg,90,batchnorm,1x384x14x14,1.82517
47,0,imagen.jpeg,91,activacion,1x384x14x14,0.653858
47,0,imagen.jpeg,92,pointwise_conv,1x384x14x14,46.010883
47,0,imagen.jpeg,93,batchnorm,1x96x14x14,0.433465
47,0,imagen.jpeg,94,pointwise_conv,1x96x14x14,55.38759
47,0,imagen.jpeg,95,batchnorm,1x576x14x14,2.63437
47,0,imagen.jpeg,96,activacion,1x576x14x14,0.971661
47,0,imagen.jpeg,97,depthwise_conv,1x576x14x14,10.603411
47,0,imagen.jpeg,98,batchnorm,1x576x14x14,2.61856
47,0,imagen.jpeg,99,activacion,1x576x14x14,1.015301
47,0,imagen.jpeg,100,pointwise_conv,1x576x14x14,97.327477
47,0,imagen.jpeg,101,batchnorm,1x96x14x14,0.438815
47,0,imagen.jpeg,102,layer_add,1x96x14x14,0.205223
47,0,imagen.jpeg,103,pointwise_conv,1x96x14x14,55.537271
47,0,imagen.jpeg,104,batchnorm,1x576x14x14,2.6473
47,0,imagen.jpeg,105,activacion,1x576x14x14,0.982441
47,0,imagen.jpeg,106,depthwise_conv,1x576x14x14,10.604861
47,0,imagen.jpeg,107,batchnorm,1x576x14x14,2.64759
47,0,imagen.jpeg,108,activacion,1x576x14x14,0.942771
47,0,imagen.jpeg,109,pointwise_conv,1x576x14x14,97.360028
47,0,imagen.jpeg,110,batchnorm,1x96x14x14,0.436585
47,0,imagen.jpeg,111,layer_add,1x96x14x14,0.205283
47,0,imagen.jpeg,112,pointwise_conv,1x96x14x14,55.372079
47,0,imagen.jpeg,113,batchnorm,1x576x14x14,2.64345
47,0,imagen.jpeg,114,activacion,1x576x14x14,1.004451
47,0,imagen.jpeg,115,depthwise_conv,1x576x14x14,2.801112
47,0,imagen.jpeg,116,batchnorm,1x576x7x7,0.666468
47,0,imagen.jpeg,117,activacion,1x576x7x7,0.204482
47,0,imagen.jpeg,118,pointwise_conv,1x576x7x7,42.634775
47,0,imagen.jpeg,119,batchnorm,1x160x7x7,0.183592
47,0,imagen.jpeg,120,pointwise_conv,1x160x7x7,31.560369
47,0,imagen.jpeg,121,batchnorm,1x960x7x7,1.112953
47,0,imagen.jpeg,122,activacion,1x960x7x7,0.390814
47,0,imagen.jpeg,123,depthwise_conv,1x960x7x7,4.640533
47,0,imagen.jpeg,124,batchnorm,1x960x7x7,1.108953
47,0,imagen.jpeg,125,activacion,1x960x7x7,0.406185
47,0,imagen.jpeg,126,pointwise_conv,1x960x7x7,90.635441
47,0,imagen.jpeg,127,batchnorm,1x160x7x7,0.185122
47,0,imagen.jpeg,128,layer_add,1x160x7x7,0.082461
47,0,imagen.jpeg,129,pointwise_conv,1x160x7x7,31.63917
47,0,imagen.jpeg,130,batchnorm,1x960x7x7,1.130193
47,0,imagen.jpeg,131,activacion,1x960x7x7,0.403335
47,0,imagen.jpeg,132,depthwise_conv,1x960x7x7,4.665853
47,0,imagen.jpeg,133,batchnorm,1x960x7x7,1.095053
47,0,imagen.jpeg,134,activacion,1x960x7x7,0.396975
47,0,imagen.jpeg,135,pointwise_conv,1x960x7x7,90.876943
47,0,imagen.jpeg,136,batchnorm,1x160x7x7,0.186422
47,0,imagen.jpeg,137,layer_add,1x160x7x7,0.086361
47,0,imagen.jpeg,138,pointwise_conv,1x160x7x7,31.504568
47,0,imagen.jpeg,139,batchnorm,1x960x7x7,1.115932
47,0,imagen.jpeg,140,activacion,1x960x7x7,0.427835
47,0,imagen.jpeg,141,depthwise_conv,1x960x7x7,4.596302
47,0,imagen.jpeg,142,batchnorm,1x960x7x7,1.094973
47,0,imagen.jpeg,143,activacion,1x960x7x7,0.319424
47,0,imagen.jpeg,144,pointwise_conv,1x960x7x7,181.655086
47,0,imagen.jpeg,145,batchnorm,1x320x7x7,0.373624
47,0,imagen.jpeg,146,pointwise_conv,1x320x7x7,108.411613
47,0,imagen.jpeg,147,batchnorm,1x1280x7x7,1.529307
47,0,imagen.jpeg,148,activacion,1x1280x7x7,0.534276
47,0,imagen.jpeg,149,pooling,1x1280x7x7,0.265133
47,0,imagen.jpeg,150,linear,1x1280,5.107428
48,0,imagen.jpeg,0,conv2d,1x3x224x224,114.719344
48,0,imagen.jpeg,1,batchnorm,1x32x112x112,9.153194
48,0,imagen.jpeg,2,activacion,1x32x112x112,2.769812
48,0,imagen.jpeg,3,depthwise_conv,1x32x112x112,37.071722
48,0,imagen.jpeg,4,batchnorm,1x32x112x112,9.226534
48,0,imagen.jpeg,5,activacion,1x32x112x112,2.837792
48,0,imagen.jpeg,6,pointwise_conv,1x32x112x112,129.310551
48,0,imagen.jpeg,7,batchnorm,1x16x112x112,4.617593
48,0,imagen.jpeg,8,pointwise_conv,1x16x112x112,170.721702
48,0,imagen.jpeg,9,batchnorm,1x96x112x112,27.638344
48,0,imagen.jpeg,10,activacion,1x96x112x112,9.385807
48,0,imagen.jpeg,11,depthwise_conv,1x96x112x112,29.085531
48,0,imagen.jpeg,12,batchnorm,1x96x56x56,6.875478
48,0,imagen.jpeg,13,activacion,1x96x56x56,2.526089
48,0,imagen.jpeg,14,pointwise_conv,1x96x56x56,94.478515
48,0,imagen.jpeg,15,batchnorm,1x24x56x56,1.71195
48,0,imagen.jpeg,16,pointwise_conv,1x24x56x56,88.352905
48,0,imagen.jpeg,17,batchnorm,1x144x56x56,10.442949
48,0,imagen.jpeg,18,activacion,1x144x56x56,3.556631
48,0,imagen.jpeg,19,depthwise_conv,1x144x56x56,41.822475
48,0,imagen.jpeg,20,batchnorm,1x144x56x56,10.301347
48,0,imagen.jpeg,21,activacion,1x144x56x56,3.938055
48,0,imagen.jpeg,22,pointwise_conv,1x144x56x56,199.350438
48,0,imagen.jpeg,23,batchnorm,1x24x56x56,1.712979
48,0,imagen.jpeg,24,layer_add,1x24x56x56,0.86661
48,0,imagen.jpeg,25,pointwise_conv,1x24x56x56,87.600357
48,0,imagen.jpeg,26,batchnorm,1x144x56x56,10.457109
48,0,imagen.jpeg,27,activacion,1x144x56x56,3.857284
48,0,imagen.jpeg,28,depthwise_conv,1x144x56x56,10.748483
48,0,imagen.jpeg,29,batchnorm,1x144x28x28,2.60464
48,0,imagen.jpeg,30,activacion,1x144x28x28,0.89365
48,0,imagen.jpeg,31,pointwise_conv,1x144x28x28,25.592141
48,0,imagen.jpeg,32,batchnorm,1x32x28x28,0.584977
48,0,imagen.jpeg,33,pointwise_conv,1x32x28x28,34.525013
48,0,imagen.jpeg,34,batchnorm,1x192x28x28,3.45744
48,0,imagen.jpeg,35,activacion,1x192x28x28,1.147143
48,0,imagen.jpeg,36,depthwise_conv,1x192x28x28,13.974469
48,0,imagen.jpeg,37,batchnorm,1x192x28x28,3.442229
48,0,imagen.jpeg,38,activacion,1x192x28x28,1.409256
48,0,imagen.jpeg,39,pointwise_conv,1x192x28x28,34.211329
48,0,imagen.jpeg,40,batchnorm,1x32x28x28,0.568597
48,0,imagen.jpeg,41,layer_add,1x32x28x28,0.311873
48,0,imagen.jpeg,42,pointwise_conv,1x32x28x28,34.564724
48,0,imagen.jpeg,43,batchnorm,1x192x28x28,3.471
48,0,imagen.jpeg,44,activacion,1x192x28x28,1.209243
48,0,imagen.jpeg,45,depthwise_conv,1x192x28x28,13.977289
48,0,imagen.jpeg,46,batchnorm,1x192x28x28,3.436399
48,0,imagen.jpeg,47,activacion,1x192x28x28,1.337315
48,0,imagen.jpeg,48,pointwise_conv,1x192x28x28,34.106868
48,0,imagen.jpeg,49,batchnorm,1x32x28x28,0.572426
48,0,imagen.jpeg,50,layer_add,1x32x28x28,0.276543
48,0,imagen.jpeg,51,pointwise_conv,1x32x28x28,34.489842
48,0,imagen.jpeg,52,batchnorm,1x192x28x28,3.46317
48,0,imagen.jpeg,53,activacion,1x192x28x28,1.256274
48,0,imagen.jpeg,54,depthwise_conv,1x192x28x28,3.612212
48,0,imagen.jpeg,55,batchnorm,1x192x14x14,0.87573
48,0,imagen.jpeg,56,activacion,1x192x14x14,0.277143
48,0,imagen.jpeg,57,pointwise_conv,1x192x14x14,12.604674
48,0,imagen.jpeg,58,batchnorm,1x64x14x14,0.288253
48,0,imagen.jpeg,59,pointwise_conv,1x64x14x14,24.292156
48,0,imagen.jpeg,60,batchnorm,1x384x14x14,1.76791
48,0,imagen.jpeg,61,activacion,1x384x14x14,0.560266
48,0,imagen.jpeg,62,depthwise_conv,1x384x14x14,7.136241
48,0,imagen.jpeg,63,batchnorm,1x384x14x14,1.73819
48,0,imagen.jpeg,64,activacion,1x384x14x14,0.721658
48,0,imagen.jpeg,65,pointwise_conv,1x384x14x14,30.711169
48,0,imagen.jpeg,66,batchnorm,1x64x14x14,0.288333
48,0,imagen.jpeg,67,layer_add,1x64x14x14,0.139581
48,0,imagen.jpeg,68,pointwise_conv,1x64x14x14,24.290536
48,0,imagen.jpeg,69,batchnorm,1x384x14x14,1.7496
48,0,imagen.jpeg,70,activacion,1x384x14x14,0.613697
48,0,imagen.jpeg,71,depthwise_conv,1x384x14x14,7.132431
48,0,imagen.jpeg,72,batchnorm,1x384x14x14,1.75361
48,0,imagen.jpeg,73,activacion,1x384x14x14,0.684567
48,0,imagen.jpeg,74,pointwise_conv,1x384x14x14,30.843161
48,0,imagen.jpeg,75,batchnorm,1x64x14x14,0.291503
48,0,imagen.jpeg,76,layer_add,1x64x14x14,0.137592
48,0,imagen.jpeg,77,pointwise_conv,1x64x14x14,24.329077
48,0,imagen.jpeg,78,batchnorm,1x384x14x14,1.76121
48,0,imagen.jpeg,79,activacion,1x384x14x14,0.682987
48,0,imagen.jpeg,80,depthwise_conv,1x384x14x14,7.06257
48,0,imagen.jpeg,81,batchnorm,1x384x14x14,1.74319
48,0,imagen.jpeg,82,activacion,1x384x14x14,0.658568
48,0,imagen.jpeg,83,pointwise_conv,1x384x14x14,30.74456
48,0,imagen.jpeg,84,batchnorm,1x64x14x14,0.288403
48,0,imagen.jpeg,85,layer_add,1x64x14x14,0.140512
48,0,imagen.jpeg,86,pointwise_conv,1x64x14x14,24.353928
48,0,imagen.jpeg,87,batchnorm,1x384x14x14,1.75364
48,0,imagen.jpeg,88,activacion,1x384x14x14,0.629567
48,0,imagen.jpeg,89,depthwise_conv,1x384x14x14,7.143561
48,0,imagen.jpeg,90,batchnorm,1x384x14x14,1.75299
48,0,imagen.jpeg,91,activacion,1x384x14x14,0.637577
48,0,imagen.jpeg,92,pointwise_conv,1x384x14x14,46.056254
48,0,imagen.jpeg,93,batchnorm,1x96x14x14,0.446605
48,0,imagen.jpeg,94,pointwise_conv,1x96x14x14,55.3756
48,0,imagen.jpeg,95,batchnorm,1x576x14x14,2.63137
48,0,imagen.jpeg,96,activacion,1x576x14x14,1.022502
48,0,imagen.jpeg,97,depthwise_conv,1x576x14x14,10.5939
48,0,imagen.jpeg,98,batchnorm,1x576x14x14,2.63244
48,0,imagen.jpeg,99,activacion,1x576x14x14,0.972241
48,0,imagen.jpeg,100,pointwise_conv,1x576x14x14,97.58358
48,0,imagen.jpeg,101,batchnorm,1x96x14x14,0.436605
48,0,imagen.jpeg,102,layer_add,1x96x14x14,0.204242
48,0,imagen.jpeg,103,pointwise_conv,1x96x14x14,55.476931
48,0,imagen.jpeg,104,batchnorm,1x576x14x14,2.657341
48,0,imagen.jpeg,105,activacion,1x576x14x14,0.982221
48,0,imagen.jpeg,106,depthwise_conv,1x576x14x14,10.610971
48,0,imagen.jpeg,107,batchnorm,1x576x14x14,2.6493
48,0,imagen.jpeg,108,activacion,1x576x14x14,0.984282
48,0,imagen.jpeg,109,pointwise_conv,1x576x14x14,97.463629
48,0,imagen.jpeg,110,batchnorm,1x96x14x14,0.459345
48,0,imagen.jpeg,111,layer_add,1x96x14x14,0.208352
48,0,imagen.jpeg,112,pointwise_conv,1x96x14x14,55.36523
48,0,imagen.jpeg,113,batchnorm,1x576x14x14,2.63445
48,0,imagen.jpeg,114,activacion,1x576x14x14,1.035862
48,0,imagen.jpeg,115,depthwise_conv,1x576x14x14,2.777752
48,0,imagen.jpeg,116,batchnorm,1x576x7x7,0.708238
48,0,imagen.jpeg,117,activacion,1x576x7x7,0.205422
48,0,imagen.jpeg,118,pointwise_conv,1x576x7x7,42.663396
48,0,imagen.jpeg,119,batchnorm,1x160x7x7,0.183722
48,0,imagen.jpeg,120,pointwise_conv,1x160x7x7,31.569069
48,0,imagen.jpeg,121,batchnorm,1x960x7x7,1.113073
48,0,imagen.jpeg,122,activacion,1x960x7x7,0.391014
48,0,imagen.jpeg,123,depthwise_conv,1x960x7x7,4.632052
48,0,imagen.jpeg,124,batchnorm,1x960x7x7,1.111742
48,0,imagen.jpeg,125,activacion,1x960x7x7,0.405064
48,0,imagen.jpeg,126,pointwise_conv,1x960x7x7,90.596811
48,0,imagen.jpeg,127,batchnorm,1x160x7x7,0.186232
48,0,imagen.jpeg,128,layer_add,1x160x7x7,0.088451
48,0,imagen.jpeg,129,pointwise_conv,1x160x7x7,31.573079
48,0,imagen.jpeg,130,batchnorm,1x960x7x7,1.112792
48,0,imagen.jpeg,131,activacion,1x960x7x7,0.404425
48,0,imagen.jpeg,132,depthwise_conv,1x960x7x7,4.604533
48,0,imagen.jpeg,133,batchnorm,1x960x7x7,1.110183
48,0,imagen.jpeg,134,activacion,1x960x7x7,0.398125
48,0,imagen.jpeg,135,pointwise_conv,1x960x7x7,90.658981
48,0,imagen.jpeg,136,batchnorm,1x160x7x7,0.186482
48,0,imagen.jpeg,137,layer_add,1x160x7x7,0.086571
48,0,imagen.jpeg,138,pointwise_conv,1x160x7x7,31.509748
48,0,imagen.jpeg,139,batchnorm,1x960x7x7,1.116212
48,0,imagen.jpeg,140,activacion,1x960x7x7,0.393064
48,0,imagen.jpeg,141,depthwise_conv,1x960x7x7,4.635733
48,0,imagen.jpeg,142,batchnorm,1x960x7x7,1.095503
48,0,imagen.jpeg,143,activacion,1x960x7x7,0.315704
48,0,imagen.jpeg,144,pointwise_conv,1x960x7x7,181.507934
48,0,imagen.jpeg,145,batchnorm,1x320x7x7,0.373124
48,0,imagen.jpeg,146,pointwise_conv,1x320x7x7,108.478794
48,0,imagen.jpeg,147,batchnorm,1x1280x7x7,1.495297
48,0,imagen.jpeg,148,activacion,1x1280x7x7,0.578696
48,0,imagen.jpeg,149,pooling,1x1280x7x7,0.264883
48,0,imagen.jpeg,150,linear,1x1280,5.106508
49,0,imagen.jpeg,0,conv2d,1x3x224x224,114.979267
49,0,imagen.jpeg,1,batchnorm,1x32x112x112,9.156774
49,0,imagen.jpeg,2,activacion,1x32x112x112,3.036994
49,0,imagen.jpeg,3,depthwise_conv,1x32x112x112,37.044211
49,0,imagen.jpeg,4,batchnorm,1x32x112x112,9.231625
49,0,imagen.jpeg,5,activacion,1x32x112x112,2.845392
49,0,imagen.jpeg,6,pointwise_conv,1x32x112x112,129.822067
49,0,imagen.jpeg,7,batchnorm,1x16x112x112,4.591762
49,0,imagen.jpeg,8,pointwise_conv,1x16x112x112,170.698152
49,0,imagen.jpeg,9,batchnorm,1x96x112x112,27.744126
49,0,imagen.jpeg,10,activacion,1x96x112x112,9.383526
49,0,imagen.jpeg,11,depthwise_conv,1x96x112x112,29.158372
49,0,imagen.jpeg,12,batchnorm,1x96x56x56,6.874849
49,0,imagen.jpeg,13,activacion,1x96x56x56,2.511049
49,0,imagen.jpeg,14,pointwise_conv,1x96x56x56,94.271823
49,0,imagen.jpeg,15,batchnorm,1x24x56x56,1.71144
49,0,imagen.jpeg,16,pointwise_conv,1x24x56x56,88.316525
49,0,imagen.jpeg,17,batchnorm,1x144x56x56,10.432248
49,0,imagen.jpeg,18,activacion,1x144x56x56,3.53769
49,0,imagen.jpeg,19,depthwise_conv,1x144x56x56,41.919216
49,0,imagen.jpeg,20,batchnorm,1x144x56x56,10.298057
49,0,imagen.jpeg,21,activacion,1x144x56x56,3.946354
49,0,imagen.jpeg,22,pointwise_conv,1x144x56x56,199.423249
49,0,imagen.jpeg,23,batchnorm,1x24x56x56,1.856331
49,0,imagen.jpeg,24,layer_add,1x24x56x56,0.771518
49,0,imagen.jpeg,25,pointwise_conv,1x24x56x56,87.782648
49,0,imagen.jpeg,26,batchnorm,1x144x56x56,10.429139
49,0,imagen.jpeg,27,activacion,1x144x56x56,3.864124
49,0,imagen.jpeg,28,depthwise_conv,1x144x56x56,10.757682
49,0,imagen.jpeg,29,batchnorm,1x144x28x28,2.60447
49,0,imagen.jpeg,30,activacion,1x144x28x28,0.89206
49,0,imagen.jpeg,31,pointwise_conv,1x144x28x28,25.599111
49,0,imagen.jpeg,32,batchnorm,1x32x28x28,0.569546
49,0,imagen.jpeg,33,pointwise_conv,1x32x28x28,34.534473
49,0,imagen.jpeg,34,batchnorm,1x192x28x28,3.444659
49,0,imagen.jpeg,35,activacion,1x192x28x28,1.149853
49,0,imagen.jpeg,36,depthwise_conv,1x192x28x28,13.980439
49,0,imagen.jpeg,37,batchnorm,1x192x28x28,3.45122
49,0,imagen.jpeg,38,activacion,1x192x28x28,1.365255
49,0,imagen.jpeg,39,pointwise_conv,1x192x28x28,34.348011
49,0,imagen.jpeg,40,batchnorm,1x32x28x28,0.591856
49,0,imagen.jpeg,41,layer_add,1x32x28x28,0.271353
49,0,imagen.jpeg,42,pointwise_conv,1x32x28x28,34.538362
49,0,imagen.jpeg,43,batchnorm,1x192x28x28,3.440029
49,0,imagen.jpeg,44,activacion,1x192x28x28,1.209754
49,0,imagen.jpeg,45,depthwise_conv,1x192x28x28,13.976609
49,0,imagen.jpeg,46,batchnorm,1x192x28x28,3.443109
49,0,imagen.jpeg,47,activacion,1x192x28x28,1.362585
49,0,imagen.jpeg,48,pointwise_conv,1x192x28x28,34.23113
49,0,imagen.jpeg,49,batchnorm,1x32x28x28,0.601707
49,0,imagen.jpeg,50,layer_add,1x32x28x28,0.276943
49,0,imagen.jpeg,51,pointwise_conv,1x32x28x28,34.477142
49,0,imagen.jpeg,52,batchnorm,1x192x28x28,3.46122
49,0,imagen.jpeg,53,activacion,1x192x28x28,1.288905
49,0,imagen.jpeg,54,depthwise_conv,1x192x28x28,3.671582
49,0,imagen.jpeg,55,batchnorm,1x192x14x14,0.87246
49,0,imagen.jpeg,56,activacion,1x192x14x14,0.277283
49,0,imagen.jpeg,57,pointwise_conv,1x192x14x14,12.631594
49,0,imagen.jpeg,58,batchnorm,1x64x14x14,0.288453
49,0,imagen.jpeg,59,pointwise_conv,1x64x14x14,24.345267
49,0,imagen.jpeg,60,batchnorm,1x384x14x14,1.75063
49,0,imagen.jpeg,61,activacion,1x384x14x14,0.557666
49,0,imagen.jpeg,62,depthwise_conv,1x384x14x14,7.08008
49,0,imagen.jpeg,63,batchnorm,1x384x14x14,1.76399
49,0,imagen.jpeg,64,activacion,1x384x14x14,0.687087
49,0,imagen.jpeg,65,pointwise_conv,1x384x14x14,30.7826
49,0,imagen.jpeg,66,batchnorm,1x64x14x14,0.293083
49,0,imagen.jpeg,67,layer_add,1x64x14x14,0.141222
49,0,imagen.jpeg,68,pointwise_conv,1x64x14x14,24.289376
49,0,imagen.jpeg,69,batchnorm,1x384x14x14,1.74889
49,0,imagen.jpeg,70,activacion,1x384x14x14,0.634217
49,0,imagen.jpeg,71,depthwise_conv,1x384x14x14,7.02991
49,0,imagen.jpeg,72,batchnorm,1x384x14x14,1.745619
49,0,imagen.jpeg,73,activacion,1x384x14x14,0.665858
49,0,imagen.jpeg,74,pointwise_conv,1x384x14x14,30.79163
49,0,imagen.jpeg,75,batchnorm,1x64x14x14,0.288723
49,0,imagen.jpeg,76,layer_add,1x64x14x14,0.135942
49,0,imagen.jpeg,77,pointwise_conv,1x64x14x14,24.292687
49,0,imagen.jpeg,78,batchnorm,1x384x14x14,1.76449
49,0,imagen.jpeg,79,activacion,1x384x14x14,0.653758
49,0,imagen.jpeg,80,depthwise_conv,1x384x14x14,7.05049
49,0,imagen.jpeg,81,batchnorm,1x384x14x14,1.73412
49,0,imagen.jpeg,82,activacion,1x384x14x14,0.697538
49,0,imagen.jpeg,83,pointwise_conv,1x384x14x14,30.687899
49,0,imagen.jpeg,84,batchnorm,1x64x14x14,0.290694
49,0,imagen.jpeg,85,layer_add,1x64x14x14,0.145812
49,0,imagen.jpeg,86,pointwise_conv,1x64x14x14,24.339177
49,0,imagen.jpeg,87,batchnorm,1x384x14x14,1.749
49,0,imagen.jpeg,88,activacion,1x384x14x14,0.628097
49,0,imagen.jpeg,89,depthwise_conv,1x384x14x14,7.06806
49,0,imagen.jpeg,90,batchnorm,1x384x14x14,1.76729
49,0,imagen.jpeg,91,activacion,1x384x14x14,0.654167
49,0,imagen.jpeg,92,pointwise_conv,1x384x14x14,46.525999
49,0,imagen.jpeg,93,batchnorm,1x96x14x14,0.450376
49,0,imagen.jpeg,94,pointwise_conv,1x96x14x14,55.538352
49,0,imagen.jpeg,95,batchnorm,1x576x14x14,2.67417
49,0,imagen.jpeg,96,activacion,1x576x14x14,0.971601
49,0,imagen.jpeg,97,depthwise_conv,1x576x14x14,10.620711
49,0,imagen.jpeg,98,batchnorm,1x576x14x14,2.62512
49,0,imagen.jpeg,99,activacion,1x576x14x14,0.968001
49,0,imagen.jpeg,100,pointwise_conv,1x576x14x14,97.411768
49,0,imagen.jpeg,101,batchnorm,1x96x14x14,0.435395
49,0,imagen.jpeg,102,layer_add,1x96x14x14,0.232443
49,0,imagen.jpeg,103,pointwise_conv,1x96x14x14,55.468151
49,0,imagen.jpeg,104,batchnorm,1x576x14x14,2.63791
49,0,imagen.jpeg,105,activacion,1x576x14x14,1.018352
49,0,imagen.jpeg,106,depthwise_conv,1x576x14x14,10.60105
49,0,imagen.jpeg,107,batchnorm,1x576x14x14,2.721441
49,0,imagen.jpeg,108,activacion,1x576x14x14,0.94191
49,0,imagen.jpeg,109,pointwise_conv,1x576x14x14,97.472898
49,0,imagen.jpeg,110,batchnorm,1x96x14x14,0.437295
49,0,imagen.jpeg,111,layer_add,1x96x14x14,0.205093
49,0,imagen.jpeg,112,pointwise_conv,1x96x14x14,55.397381
49,0,imagen.jpeg,113,batchnorm,1x576x14x14,2.65654
49,0,imagen.jpeg,114,activacion,1x576x14x14,0.984471
49,0,imagen.jpeg,115,depthwise_conv,1x576x14x14,2.805172
49,0,imagen.jpeg,116,batchnorm,1x576x7x7,0.663018
49,0,imagen.jpeg,117,activacion,1x576x7x7,0.203782
49,0,imagen.jpeg,118,pointwise_conv,1x576x7x7,42.723176
49,0,imagen.jpeg,119,batchnorm,1x160x7x7,0.183352
49,0,imagen.jpeg,120,pointwise_conv,1x160x7x7,31.560509
49,0,imagen.jpeg,121,batchnorm,1x960x7x7,1.114253
49,0,imagen.jpeg,122,activacion,1x960x7x7,0.438115
49,0,imagen.jpeg,123,depthwise_conv,1x960x7x7,4.651593
49,0,imagen.jpeg,124,batchnorm,1x960x7x7,1.099622
49,0,imagen.jpeg,125,activacion,1x960x7x7,0.406265
49,0,imagen.jpeg,126,pointwise_conv,1x960x7x7,90.689771
49,0,imagen.jpeg,127,batchnorm,1x160x7x7,0.184812
49,0,imagen.jpeg,128,layer_add,1x160x7x7,0.082221
49,0,imagen.jpeg,129,pointwise_conv,1x160x7x7,31.561359
49,0,imagen.jpeg,130,batchnorm,1x960x7x7,1.131892
49,0,imagen.jpeg,131,activacion,1x960x7x7,0.396935
49,0,imagen.jpeg,132,depthwise_conv,1x960x7x7,4.577942
49,0,imagen.jpeg,133,batchnorm,1x960x7x7,1.094912
49,0,imagen.jpeg,134,activacion,1x960x7x7,0.397504
49,0,imagen.jpeg,135,pointwise_conv,1x960x7x7,90.617331
49,0,imagen.jpeg,136,batchnorm,1x160x7x7,0.186732
49,0,imagen.jpeg,137,layer_add,1x160x7x7,0.085331
49,0,imagen.jpeg,138,pointwise_conv,1x160x7x7,31.495688
49,0,imagen.jpeg,139,batchnorm,1x960x7x7,1.131563
49,0,imagen.jpeg,140,activacion,1x960x7x7,0.391665
49,0,imagen.jpeg,141,depthwise_conv,1x960x7x7,4.627322
49,0,imagen.jpeg,142,batchnorm,1x960x7x7,1.108632
49,0,imagen.jpeg,143,activacion,1x960x7x7,0.314114
49,0,imagen.jpeg,144,pointwise_conv,1x960x7x7,181.186491
49,0,imagen.jpeg,145,batchnorm,1x320x7x7,0.373684
49,0,imagen.jpeg,146,pointwise_conv,1x320x7x7,108.539295
49,0,imagen.jpeg,147,batchnorm,1x1280x7x7,1.513868
49,0,imagen.jpeg,148,activacion,1x1280x7x7,0.540386
49,0,imagen.jpeg,149,pooling,1x1280x7x7,0.265273
49,0,imagen.jpeg,150,linear,1x1280,5.096908
50,0,imagen.jpeg,0,conv2d,1x3x224x224,115.287711
50,0,imagen.jpeg,1,batchnorm,1x32x112x112,9.160304
50,0,imagen.jpeg,2,activacion,1x32x112x112,2.808932
50,0,imagen.jpeg,3,depthwise_conv,1x32x112x112,37.032032
50,0,imagen.jpeg,4,batchnorm,1x32x112x112,9.319836
50,0,imagen.jpeg,5,activacion,1x32x112x112,2.827502
50,0,imagen.jpeg,6,pointwise_conv,1x32x112x112,129.343931
50,0,imagen.jpeg,7,batchnorm,1x16x112x112,4.597092
50,0,imagen.jpeg,8,pointwise_conv,1x16x112x112,171.329929
50,0,imagen.jpeg,9,batchnorm,1x96x112x112,27.742105
50,0,imagen.jpeg,10,activacion,1x96x112x112,9.349846
50,0,imagen.jpeg,11,depthwise_conv,1x96x112x112,29.105562
50,0,imagen.jpeg,12,batchnorm,1x96x56x56,6.890138
50,0,imagen.jpeg,13,activacion,1x96x56x56,2.478078
50,0,imagen.jpeg,14,pointwise_conv,1x96x56x56,95.236534
50,0,imagen.jpeg,15,batchnorm,1x24x56x56,1.74669
50,0,imagen.jpeg,16,pointwise_conv,1x24x56x56,88.328355
50,0,imagen.jpeg,17,batchnorm,1x144x56x56,10.457179
50,0,imagen.jpeg,18,activacion,1x144x56x56,3.54241
50,0,imagen.jpeg,19,depthwise_conv,1x144x56x56,41.817866
50,0,imagen.jpeg,20,batchnorm,1x144x56x56,10.361838
50,0,imagen.jpeg,21,activacion,1x144x56x56,3.949615
50,0,imagen.jpeg,22,pointwise_conv,1x144x56x56,199.309467
50,0,imagen.jpeg,23,batchnorm,1x24x56x56,1.76743
50,0,imagen.jpeg,24,layer_add,1x24x56x56,0.801659
50,0,imagen.jpeg,25,pointwise_conv,1x24x56x56,87.649217
50,0,imagen.jpeg,26,batchnorm,1x144x56x56,10.54281
50,0,imagen.jpeg,27,activacion,1x144x56x56,3.862203
50,0,imagen.jpeg,28,depthwise_conv,1x144x56x56,10.640211
50,0,imagen.jpeg,29,batchnorm,1x144x28x28,2.579719
50,0,imagen.jpeg,30,activacion,1x144x28x28,0.89184
50,0,imagen.jpeg,31,pointwise_conv,1x144x28x28,25.624522
50,0,imagen.jpeg,32,batchnorm,1x32x28x28,0.572657
50,0,imagen.jpeg,33,pointwise_conv,1x32x28x28,34.660935
50,0,imagen.jpeg,34,batchnorm,1x192x28x28,3.461879
50,0,imagen.jpeg,35,activacion,1x192x28x28,1.116982
50,0,imagen.jpeg,36,depthwise_conv,1x192x28x28,14.05239
50,0,imagen.jpeg,37,batchnorm,1x192x28x28,3.450309
50,0,imagen.jpeg,38,activacion,1x192x28x28,1.340236
50,0,imagen.jpeg,39,pointwise_conv,1x192x28x28,34.115378
50,0,imagen.jpeg,40,batchnorm,1x32x28x28,0.569716
50,0,imagen.jpeg,41,layer_add,1x32x28x28,0.272613
50,0,imagen.jpeg,42,pointwise_conv,1x32x28x28,34.548173
50,0,imagen.jpeg,43,batchnorm,1x192x28x28,3.47746
50,0,imagen.jpeg,44,activacion,1x192x28x28,1.180514
50,0,imagen.jpeg,45,depthwise_conv,1x192x28x28,14.007029
50,0,imagen.jpeg,46,batchnorm,1x192x28x28,3.457079
50,0,imagen.jpeg,47,activacion,1x192x28x28,1.341485
50,0,imagen.jpeg,48,pointwise_conv,1x192x28x28,34.32028
50,0,imagen.jpeg,49,batchnorm,1x32x28x28,0.573316
50,0,imagen.jpeg,50,layer_add,1x32x28x28,0.277823
50,0,imagen.jpeg,51,pointwise_conv,1x32x28x28,34.503353
50,0,imagen.jpeg,52,batchnorm,1x192x28x28,3.46982
50,0,imagen.jpeg,53,activacion,1x192x28x28,1.256834
50,0,imagen.jpeg,54,depthwise_conv,1x192x28x28,3.709422
50,0,imagen.jpeg,55,batchnorm,1x192x14x14,0.87392
50,0,imagen.jpeg,56,activacion,1x192x14x14,0.277853
50,0,imagen.jpeg,57,pointwise_conv,1x192x14x14,12.616943
50,0,imagen.jpeg,58,batchnorm,1x64x14x14,0.288873
50,0,imagen.jpeg,59,pointwise_conv,1x64x14x14,24.349127
50,0,imagen.jpeg,60,batchnorm,1x384x14x14,1.77513
50,0,imagen.jpeg,61,activacion,1x384x14x14,0.558496
50,0,imagen.jpeg,62,depthwise_conv,1x384x14x14,7.07798
50,0,imagen.jpeg,63,batchnorm,1x384x14x14,1.73262
50,0,imagen.jpeg,64,activacion,1x384x14x14,0.689278
50,0,imagen.jpeg,65,pointwise_conv,1x384x14x14,30.76856
50,0,imagen.jpeg,66,batchnorm,1x64x14x14,0.288233
50,0,imagen.jpeg,67,layer_add,1x64x14x14,0.135441
50,0,imagen.jpeg,68,pointwise_conv,1x64x14x14,24.288356
50,0,imagen.jpeg,69,batchnorm,1x384x14x14,1.75923
50,0,imagen.jpeg,70,activacion,1x384x14x14,0.613097
50,0,imagen.jpeg,71,depthwise_conv,1x384x14x14,7.067081
50,0,imagen.jpeg,72,batchnorm,1x384x14x14,1.73982
50,0,imagen.jpeg,73,activacion,1x384x14x14,0.701598
50,0,imagen.jpeg,74,pointwise_conv,1x384x14x14,30.78805
50,0,imagen.jpeg,75,batchnorm,1x64x14x14,0.305574
50,0,imagen.jpeg,76,layer_add,1x64x14x14,0.138151
50,0,imagen.jpeg,77,pointwise_conv,1x64x14x14,24.289386
50,0,imagen.jpeg,78,batchnorm,1x384x14x14,1.75366
50,0,imagen.jpeg,79,activacion,1x384x14x14,0.648938
50,0,imagen.jpeg,80,depthwise_conv,1x384x14x14,7.04589
50,0,imagen.jpeg,81,batchnorm,1x384x14x14,1.74717
50,0,imagen.jpeg,82,activacion,1x384x14x14,0.663048
50,0,imagen.jpeg,83,pointwise_conv,1x384x14x14,30.729219
50,0,imagen.jpeg,84,batchnorm,1x64x14x14,0.289253
50,0,imagen.jpeg,85,layer_add,1x64x14x14,0.136951
50,0,imagen.jpeg,86,pointwise_conv,1x64x14x14,24.354017
50,0,imagen.jpeg,87,batchnorm,1x384x14x14,1.76499
50,0,imagen.jpeg,88,activacion,1x384x14x14,0.628198
50,0,imagen.jpeg,89,depthwise_conv,1x384x14x14,7.077101
50,0,imagen.jpeg,90,batchnorm,1x384x14x14,1.74689
50,0,imagen.jpeg,91,activacion,1x384x14x14,0.630897
50,0,imagen.jpeg,92,pointwise_conv,1x384x14x14,46.140715
50,0,imagen.jpeg,93,batchnorm,1x96x14x14,0.432395
50,0,imagen.jpeg,94,pointwise_conv,1x96x14x14,55.39103
50,0,imagen.jpeg,95,batchnorm,1x576x14x14,2.64562
50,0,imagen.jpeg,96,activacion,1x576x14x14,0.981392
50,0,imagen.jpeg,97,depthwise_conv,1x576x14x14,10.61313
50,0,imagen.jpeg,98,batchnorm,1x576x14x14,2.65268
50,0,imagen.jpeg,99,activacion,1x576x14x14,0.978131
50,0,imagen.jpeg,100,pointwise_conv,1x576x14x14,98.949456
50,0,imagen.jpeg,101,batchnorm,1x96x14x14,0.443005
50,0,imagen.jpeg,102,layer_add,1x96x14x14,0.208532
50,0,imagen.jpeg,103,pointwise_conv,1x96x14x14,55.549652
50,0,imagen.jpeg,104,batchnorm,1x576x14x14,2.66895
50,0,imagen.jpeg,105,activacion,1x576x14x14,0.984612
50,0,imagen.jpeg,106,depthwise_conv,1x576x14x14,10.690851
50,0,imagen.jpeg,107,batchnorm,1x576x14x14,2.714121
50,0,imagen.jpeg,108,activacion,1x576x14x14,0.953751
50,0,imagen.jpeg,109,pointwise_conv,1x576x14x14,97.54291
50,0,imagen.jpeg,110,batchnorm,1x96x14x14,0.439645
50,0,imagen.jpeg,111,layer_add,1x96x14x14,0.208992
50,0,imagen.jpeg,112,pointwise_conv,1x96x14x14,55.317689
50,0,imagen.jpeg,113,batchnorm,1x576x14x14,2.63767
50,0,imagen.jpeg,114,activacion,1x576x14x14,1.021402
50,0,imagen.jpeg,115,depthwise_conv,1x576x14x14,2.769351
50,0,imagen.jpeg,116,batchnorm,1x576x7x7,0.662618
50,0,imagen.jpeg,117,activacion,1x576x7x7,0.203413
50,0,imagen.jpeg,118,pointwise_conv,1x576x7x7,42.825427
50,0,imagen.jpeg,119,batchnorm,1x160x7x7,0.185542
50,0,imagen.jpeg,120,pointwise_conv,1x160x7x7,31.519069
50,0,imagen.jpeg,121,batchnorm,1x960x7x7,1.237814
50,0,imagen.jpeg,122,activacion,1x960x7x7,0.392244
50,0,imagen.jpeg,123,depthwise_conv,1x960x7x7,4.625232
50,0,imagen.jpeg,124,batchnorm,1x960x7x7,1.107093
50,0,imagen.jpeg,125,activacion,1x960x7x7,0.405364
50,0,imagen.jpeg,126,pointwise_conv,1x960x7x7,90.739993
50,0,imagen.jpeg,127,batchnorm,1x160x7x7,0.185012
50,0,imagen.jpeg,128,layer_add,1x160x7x7,0.089111
50,0,imagen.jpeg,129,pointwise_conv,1x160x7x7,31.552219
50,0,imagen.jpeg,130,batchnorm,1x960x7x7,1.112693
50,0,imagen.jpeg,131,activacion,1x960x7x7,0.404974
50,0,imagen.jpeg,132,depthwise_conv,1x960x7x7,4.636163
50,0,imagen.jpeg,133,batchnorm,1x960x7x7,1.094322
50,0,imagen.jpeg,134,activacion,1x960x7x7,0.396164
50,0,imagen.jpeg,135,pointwise_conv,1x960x7x7,90.800523
50,0,imagen.jpeg,136,batchnorm,1x160x7x7,0.185772
50,0,imagen.jpeg,137,layer_add,1x160x7x7,0.088721
50,0,imagen.jpeg,138,pointwise_conv,1x160x7x7,31.519518
50,0,imagen.jpeg,139,batchnorm,1x960x7x7,1.118043
50,0,imagen.jpeg,140,activacion,1x960x7x7,0.489845
50,0,imagen.jpeg,141,depthwise_conv,1x960x7x7,4.611323
50,0,imagen.jpeg,142,batchnorm,1x960x7x7,1.095683
50,0,imagen.jpeg,143,activacion,1x960x7x7,0.315044
50,0,imagen.jpeg,144,pointwise_conv,1x960x7x7,181.445894
50,0,imagen.jpeg,145,batchnorm,1x320x7x7,0.374694
50,0,imagen.jpeg,146,pointwise_conv,1x320x7x7,108.484914
50,0,imagen.jpeg,147,batchnorm,1x1280x7x7,1.522457
50,0,imagen.jpeg,148,activacion,1x1280x7x7,0.530856
50,0,imagen.jpeg,149,pooling,1x1280x7x7,0.265423
50,0,imagen.jpeg,150,linear,1x1280,5.114458
51,0,imagen.jpeg,0,conv2d,1x3x224x224,114.556153
51,0,imagen.jpeg,1,batchnorm,1x32x112x112,9.175274
51,0,imagen.jpeg,2,activacion,1x32x112x112,2.768152
51,0,imagen.jpeg,3,depthwise_conv,1x32x112x112,37.054481
51,0,imagen.jpeg,4,batchnorm,1x32x112x112,9.308356
51,0,imagen.jpeg,5,activacion,1x32x112x112,2.836142
51,0,imagen.jpeg,6,pointwise_conv,1x32x112x112,129.000918
51,0,imagen.jpeg,7,batchnorm,1x16x112x112,4.617213
51,0,imagen.jpeg,8,pointwise_conv,1x16x112x112,171.996747
51,0,imagen.jpeg,9,batchnorm,1x96x112x112,27.693135
51,0,imagen.jpeg,10,activacion,1x96x112x112,9.379727
51,0,imagen.jpeg,11,depthwise_conv,1x96x112x112,29.100741
51,0,imagen.jpeg,12,batchnorm,1x96x56x56,6.877558
51,0,imagen.jpeg,13,activacion,1x96x56x56,2.499258
51,0,imagen.jpeg,14,pointwise_conv,1x96x56x56,98.989496
51,0,imagen.jpeg,15,batchnorm,1x24x56x56,1.76303
51,0,imagen.jpeg,16,pointwise_conv,1x24x56x56,88.289035
51,0,imagen.jpeg,17,batchnorm,1x144x56x56,10.452569
51,0,imagen.jpeg,18,activacion,1x144x56x56,3.49403
51,0,imagen.jpeg,19,depthwise_conv,1x144x56x56,41.862566
51,0,imagen.jpeg,20,batchnorm,1x144x56x56,10.306438
51,0,imagen.jpeg,21,activacion,1x144x56x56,3.948625
51,0,imagen.jpeg,22,pointwise_conv,1x144x56x56,199.248566
51,0,imagen.jpeg,23,batchnorm,1x24x56x56,1.708709
51,0,imagen.jpeg,24,layer_add,1x24x56x56,0.91627
51,0,imagen.jpeg,25,pointwise_conv,1x24x56x56,88.631258
51,0,imagen.jpeg,26,batchnorm,1x144x56x56,10.514549
51,0,imagen.jpeg,27,activacion,1x144x56x56,3.854034
51,0,imagen.jpeg,28,depthwise_conv,1x144x56x56,10.639331
51,0,imagen.jpeg,29,batchnorm,1x144x28x28,2.57986
51,0,imagen.jpeg,30,activacion,1x144x28x28,0.89614
51,0,imagen.jpeg,31,pointwise_conv,1x144x28x28,25.666692
51,0,imagen.jpeg,32,batchnorm,1x32x28x28,0.567986
51,0,imagen.jpeg,33,pointwise_conv,1x32x28x28,34.548853
51,0,imagen.jpeg,34,batchnorm,1x192x28x28,3.53168
51,0,imagen.jpeg,35,activacion,1x192x28x28,1.117702
51,0,imagen.jpeg,36,depthwise_conv,1x192x28x28,14.0573
51,0,imagen.jpeg,37,batchnorm,1x192x28x28,3.451369
51,0,imagen.jpeg,38,activacion,1x192x28x28,1.341985
51,0,imagen.jpeg,39,pointwise_conv,1x192x28x28,34.155219
51,0,imagen.jpeg,40,batchnorm,1x32x28x28,0.569687
51,0,imagen.jpeg,41,layer_add,1x32x28x28,0.271723
51,0,imagen.jpeg,42,pointwise_conv,1x32x28x28,34.554873
51,0,imagen.jpeg,43,batchnorm,1x192x28x28,3.47678
51,0,imagen.jpeg,44,activacion,1x192x28x28,1.183214
51,0,imagen.jpeg,45,depthwise_conv,1x192x28x28,14.08509
51,0,imagen.jpeg,46,batchnorm,1x192x28x28,3.442039
51,0,imagen.jpeg,47,activacion,1x192x28x28,1.340636
51,0,imagen.jpeg,48,pointwise_conv,1x192x28x28,34.133089
51,0,imagen.jpeg,49,batchnorm,1x32x28x28,0.575896
51,0,imagen.jpeg,50,layer_add,1x32x28x28,0.253563
51,0,imagen.jpeg,51,pointwise_conv,1x32x28x28,34.702435
51,0,imagen.jpeg,52,batchnorm,1x192x28x28,3.468869
51,0,imagen.jpeg,53,activacion,1x192x28x28,1.255664
51,0,imagen.jpeg,54,depthwise_conv,1x192x28x28,3.641421
51,0,imagen.jpeg,55,batchnorm,1x192x14x14,0.87377
51,0,imagen.jpeg,56,activacion,1x192x14x14,0.276804
51,0,imagen.jpeg,57,pointwise_conv,1x192x14x14,12.663024
51,0,imagen.jpeg,58,batchnorm,1x64x14x14,0.289524
51,0,imagen.jpeg,59,pointwise_conv,1x64x14x14,24.294426
51,0,imagen.jpeg,60,batchnorm,1x384x14x14,1.75288
51,0,imagen.jpeg,61,activacion,1x384x14x14,0.561847
51,0,imagen.jpeg,62,depthwise_conv,1x384x14x14,7.04675
51,0,imagen.jpeg,63,batchnorm,1x384x14x14,1.73358
51,0,imagen.jpeg,64,activacion,1x384x14x14,0.685158
51,0,imagen.jpeg,65,pointwise_conv,1x384x14x14,30.74001
51,0,imagen.jpeg,66,batchnorm,1x64x14x14,0.289573
51,0,imagen.jpeg,67,layer_add,1x64x14x14,0.137291
51,0,imagen.jpeg,68,pointwise_conv,1x64x14x14,24.284206
51,0,imagen.jpeg,69,batchnorm,1x384x14x14,1.76717
51,0,imagen.jpeg,70,activacion,1x384x14x14,0.625057
51,0,imagen.jpeg,71,depthwise_conv,1x384x14x14,7.135921
51,0,imagen.jpeg,72,batchnorm,1x384x14x14,1.73335
51,0,imagen.jpeg,73,activacion,1x384x14x14,0.693748
51,0,imagen.jpeg,74,pointwise_conv,1x384x14x14,30.716639
51,0,imagen.jpeg,75,batchnorm,1x64x14x14,0.287803
51,0,imagen.jpeg,76,layer_add,1x64x14x14,0.138741
51,0,imagen.jpeg,77,pointwise_conv,1x64x14x14,24.350857
51,0,imagen.jpeg,78,batchnorm,1x384x14x14,1.77086
51,0,imagen.jpeg,79,activacion,1x384x14x14,0.649547
51,0,imagen.jpeg,80,depthwise_conv,1x384x14x14,7.06037
51,0,imagen.jpeg,81,batchnorm,1x384x14x14,1.75127
51,0,imagen.jpeg,82,activacion,1x384x14x14,0.644608
51,0,imagen.jpeg,83,pointwise_conv,1x384x14x14,30.814631
51,0,imagen.jpeg,84,batchnorm,1x64x14x14,0.290233
51,0,imagen.jpeg,85,layer_add,1x64x14x14,0.134902
51,0,imagen.jpeg,86,pointwise_conv,1x64x14x14,24.301766
51,0,imagen.jpeg,87,batchnorm,1x384x14x14,1.76486
51,0,imagen.jpeg,88,activacion,1x384x14x14,0.628277
51,0,imagen.jpeg,89,depthwise_conv,1x384x14x14,7.062111
51,0,imagen.jpeg,90,batchnorm,1x384x14x14,1.7351
51,0,imagen.jpeg,91,activacion,1x384x14x14,0.649747
51,0,imagen.jpeg,92,pointwise_conv,1x384x14x14,46.065054
51,0,imagen.jpeg,93,batchnorm,1x96x14x14,0.432805
51,0,imagen.jpeg,94,pointwise_conv,1x96x14x14,55.392531
51,0,imagen.jpeg,95,batchnorm,1x576x14x14,2.65151
51,0,imagen.jpeg,96,activacion,1x576x14x14,0.974751
51,0,imagen.jpeg,97,depthwise_conv,1x576x14x14,10.609071
51,0,imagen.jpeg,98,batchnorm,1x576x14x14,2.64652
51,0,imagen.jpeg,99,activacion,1x576x14x14,0.968091
51,0,imagen.jpeg,100,pointwise_conv,1x576x14x14,97.444108
51,0,imagen.jpeg,101,batchnorm,1x96x14x14,0.454405
51,0,imagen.jpeg,102,layer_add,1x96x14x14,0.208462
51,0,imagen.jpeg,103,pointwise_conv,1x96x14x14,55.553862
51,0,imagen.jpeg,104,batchnorm,1x576x14x14,2.63854
51,0,imagen.jpeg,105,activacion,1x576x14x14,1.019042
51,0,imagen.jpeg,106,depthwise_conv,1x576x14x14,10.60267
51,0,imagen.jpeg,107,batchnorm,1x576x14x14,2.61863
51,0,imagen.jpeg,108,activacion,1x576x14x14,0.94219
51,0,imagen.jpeg,109,pointwise_conv,1x576x14x14,97.449459
51,0,imagen.jpeg,110,batchnorm,1x96x14x14,0.436665
51,0,imagen.jpeg,111,layer_add,1x96x14x14,0.205362
51,0,imagen.jpeg,112,pointwise_conv,1x96x14x14,55.33251
51,0,imagen.jpeg,113,batchnorm,1x576x14x14,2.65661
51,0,imagen.jpeg,114,activacion,1x576x14x14,0.976631
51,0,imagen.jpeg,115,depthwise_conv,1x576x14x14,2.806712
51,0,imagen.jpeg,116,batchnorm,1x576x7x7,0.663838
51,0,imagen.jpeg,117,activacion,1x576x7x7,0.203463
51,0,imagen.jpeg,118,pointwise_conv,1x576x7x7,42.789127
51,0,imagen.jpeg,119,batchnorm,1x160x7x7,0.183342
51,0,imagen.jpeg,120,pointwise_conv,1x160x7x7,31.508249
51,0,imagen.jpeg,121,batchnorm,1x960x7x7,1.139313
51,0,imagen.jpeg,122,activacion,1x960x7x7,0.391554
51,0,imagen.jpeg,123,depthwise_conv,1x960x7x7,4.600792
51,0,imagen.jpeg,124,batchnorm,1x960x7x7,1.095622
51,0,imagen.jpeg,125,activacion,1x960x7x7,0.420214
51,0,imagen.jpeg,126,pointwise_conv,1x960x7x7,90.789442
51,0,imagen.jpeg,127,batchnorm,1x160x7x7,0.184972
51,0,imagen.jpeg,128,layer_add,1x160x7x7,0.084221
51,0,imagen.jpeg,129,pointwise_conv,1x160x7x7,31.516728
51,0,imagen.jpeg,130,batchnorm,1x960x7x7,1.133353
51,0,imagen.jpeg,131,activacion,1x960x7x7,0.398104
51,0,imagen.jpeg,132,depthwise_conv,1x960x7x7,4.620993
51,0,imagen.jpeg,133,batchnorm,1x960x7x7,1.095302
51,0,imagen.jpeg,134,activacion,1x960x7x7,0.419845
51,0,imagen.jpeg,135,pointwise_conv,1x960x7x7,90.717732
51,0,imagen.jpeg,136,batchnorm,1x160x7x7,0.186982
51,0,imagen.jpeg,137,layer_add,1x160x7x7,0.086401
51,0,imagen.jpeg,138,pointwise_conv,1x160x7x7,31.535159
51,0,imagen.jpeg,139,batchnorm,1x960x7x7,1.117413
51,0,imagen.jpeg,140,activacion,1x960x7x7,0.391845
51,0,imagen.jpeg,141,depthwise_conv,1x960x7x7,4.616902
51,0,imagen.jpeg,142,batchnorm,1x960x7x7,1.118273
51,0,imagen.jpeg,143,activacion,1x960x7x7,0.315873
51,0,imagen.jpeg,144,pointwise_conv,1x960x7x7,181.330953
51,0,imagen.jpeg,145,batchnorm,1x320x7x7,0.373444
51,0,imagen.jpeg,146,pointwise_conv,1x320x7x7,108.546465
51,0,imagen.jpeg,147,batchnorm,1x1280x7x7,1.493877
51,0,imagen.jpeg,148,activacion,1x1280x7x7,0.528706
51,0,imagen.jpeg,149,pooling,1x1280x7x7,0.264123
51,0,imagen.jpeg,150,linear,1x1280,5.133688
52,0,imagen.jpeg,0,conv2d,1x3x224x224,115.21942
52,0,imagen.jpeg,1,batchnorm,1x32x112x112,9.167125
52,0,imagen.jpeg,2,activacion,1x32x112x112,2.806492
52,0,imagen.jpeg,3,depthwise_conv,1x32x112x112,37.115702
52,0,imagen.jpeg,4,batchnorm,1x32x112x112,9.234485
52,0,imagen.jpeg,5,activacion,1x32x112x112,2.801882
52,0,imagen.jpeg,6,pointwise_conv,1x32x112x112,129.634694
52,0,imagen.jpeg,7,batchnorm,1x16x112x112,4.602632
52,0,imagen.jpeg,8,pointwise_conv,1x16x112x112,170.755713
52,0,imagen.jpeg,9,batchnorm,1x96x112x112,27.676135
52,0,imagen.jpeg,10,activacion,1x96x112x112,9.486668
52,0,imagen.jpeg,11,depthwise_conv,1x96x112x112,29.066121
52,0,imagen.jpeg,12,batchnorm,1x96x56x56,6.898628
52,0,imagen.jpeg,13,activacion,1x96x56x56,2.505469
52,0,imagen.jpeg,14,pointwise_conv,1x96x56x56,95.279734
52,0,imagen.jpeg,15,batchnorm,1x24x56x56,1.70978
52,0,imagen.jpeg,16,pointwise_conv,1x24x56x56,88.264644
52,0,imagen.jpeg,17,batchnorm,1x144x56x56,10.454299
52,0,imagen.jpeg,18,activacion,1x144x56x56,3.56722
52,0,imagen.jpeg,19,depthwise_conv,1x144x56x56,41.880866
52,0,imagen.jpeg,20,batchnorm,1x144x56x56,10.298187
52,0,imagen.jpeg,21,activacion,1x144x56x56,3.963655
52,0,imagen.jpeg,22,pointwise_conv,1x144x56x56,199.215586
52,0,imagen.jpeg,23,batchnorm,1x24x56x56,1.75511
52,0,imagen.jpeg,24,layer_add,1x24x56x56,0.779699
52,0,imagen.jpeg,25,pointwise_conv,1x24x56x56,87.804389
52,0,imagen.jpeg,26,batchnorm,1x144x56x56,10.456339
52,0,imagen.jpeg,27,activacion,1x144x56x56,3.921375
52,0,imagen.jpeg,28,depthwise_conv,1x144x56x56,10.661121
52,0,imagen.jpeg,29,batchnorm,1x144x28x28,2.580179
52,0,imagen.jpeg,30,activacion,1x144x28x28,0.935651
52,0,imagen.jpeg,31,pointwise_conv,1x144x28x28,25.606901
52,0,imagen.jpeg,32,batchnorm,1x32x28x28,0.565866
52,0,imagen.jpeg,33,pointwise_conv,1x32x28x28,34.603084
52,0,imagen.jpeg,34,batchnorm,1x192x28x28,3.465109
52,0,imagen.jpeg,35,activacion,1x192x28x28,1.116993
52,0,imagen.jpeg,36,depthwise_conv,1x192x28x28,13.985999
52,0,imagen.jpeg,37,batchnorm,1x192x28x28,3.448389
52,0,imagen.jpeg,38,activacion,1x192x28x28,1.336165
52,0,imagen.jpeg,39,pointwise_conv,1x192x28x28,34.120608
52,0,imagen.jpeg,40,batchnorm,1x32x28x28,0.570026
52,0,imagen.jpeg,41,layer_add,1x32x28x28,0.274013
52,0,imagen.jpeg,42,pointwise_conv,1x32x28x28,34.555623
52,0,imagen.jpeg,43,batchnorm,1x192x28x28,3.52598
52,0,imagen.jpeg,44,activacion,1x192x28x28,1.181863
52,0,imagen.jpeg,45,depthwise_conv,1x192x28x28,13.989179
52,0,imagen.jpeg,46,batchnorm,1x192x28x28,3.440599
52,0,imagen.jpeg,47,activacion,1x192x28x28,1.340856
52,0,imagen.jpeg,48,pointwise_conv,1x192x28x28,34.108988
52,0,imagen.jpeg,49,batchnorm,1x32x28x28,0.573386
52,0,imagen.jpeg,50,layer_add,1x32x28x28,0.273703
52,0,imagen.jpeg,51,pointwise_conv,1x32x28x28,34.520133
52,0,imagen.jpeg,52,batchnorm,1x192x28x28,3.46541
52,0,imagen.jpeg,53,activacion,1x192x28x28,1.257735
52,0,imagen.jpeg,54,depthwise_conv,1x192x28x28,3.652211
52,0,imagen.jpeg,55,batchnorm,1x192x14x14,0.87194
52,0,imagen.jpeg,56,activacion,1x192x14x14,0.275823
52,0,imagen.jpeg,57,pointwise_conv,1x192x14x14,12.620613
52,0,imagen.jpeg,58,batchnorm,1x64x14x14,0.289333
52,0,imagen.jpeg,59,pointwise_conv,1x64x14x14,24.294816
52,0,imagen.jpeg,60,batchnorm,1x384x14x14,1.77221
52,0,imagen.jpeg,61,activacion,1x384x14x14,0.558526
52,0,imagen.jpeg,62,depthwise_conv,1x384x14x14,7.06113
52,0,imagen.jpeg,63,batchnorm,1x384x14x14,1.733649
52,0,imagen.jpeg,64,activacion,1x384x14x14,0.688448
52,0,imagen.jpeg,65,pointwise_conv,1x384x14x14,30.715049
52,0,imagen.jpeg,66,batchnorm,1x64x14x14,0.288203
52,0,imagen.jpeg,67,layer_add,1x64x14x14,0.136182
52,0,imagen.jpeg,68,pointwise_conv,1x64x14x14,24.337956
52,0,imagen.jpeg,69,batchnorm,1x384x14x14,1.75376
52,0,imagen.jpeg,70,activacion,1x384x14x14,0.617167
52,0,imagen.jpeg,71,depthwise_conv,1x384x14x14,7.086821
52,0,imagen.jpeg,72,batchnorm,1x384x14x14,1.76779
52,0,imagen.jpeg,73,activacion,1x384x14x14,0.673488
52,0,imagen.jpeg,74,pointwise_conv,1x384x14x14,30.723889
52,0,imagen.jpeg,75,batchnorm,1x64x14x14,0.289963
52,0,imagen.jpeg,76,layer_add,1x64x14x14,0.133841
52,0,imagen.jpeg,77,pointwise_conv,1x64x14x14,24.403208
52,0,imagen.jpeg,78,batchnorm,1x384x14x14,1.75367
52,0,imagen.jpeg,79,activacion,1x384x14x14,0.682668
52,0,imagen.jpeg,80,depthwise_conv,1x384x14x14,7.0392
52,0,imagen.jpeg,81,batchnorm,1x384x14x14,1.75197
52,0,imagen.jpeg,82,activacion,1x384x14x14,0.654647
52,0,imagen.jpeg,83,pointwise_conv,1x384x14x14,30.760599
52,0,imagen.jpeg,84,batchnorm,1x64x14x14,0.288353
52,0,imagen.jpeg,85,layer_add,1x64x14x14,0.139462
52,0,imagen.jpeg,86,pointwise_conv,1x64x14x14,24.313756
52,0,imagen.jpeg,87,batchnorm,1x384x14x14,1.76236
52,0,imagen.jpeg,88,activacion,1x384x14x14,0.628628
52,0,imagen.jpeg,89,depthwise_conv,1x384x14x14,7.061251
52,0,imagen.jpeg,90,batchnorm,1x384x14x14,1.73142
52,0,imagen.jpeg,91,activacion,1x384x14x14,0.656408
52,0,imagen.jpeg,92,pointwise_conv,1x384x14x14,46.056523
52,0,imagen.jpeg,93,batchnorm,1x96x14x14,0.434115
52,0,imagen.jpeg,94,pointwise_conv,1x96x14x14,55.39062
52,0,imagen.jpeg,95,batchnorm,1x576x14x14,2.66122
52,0,imagen.jpeg,96,activacion,1x576x14x14,0.972501
52,0,imagen.jpeg,97,depthwise_conv,1x576x14x14,10.61989
52,0,imagen.jpeg,98,batchnorm,1x576x14x14,2.6476
52,0,imagen.jpeg,99,activacion,1x576x14x14,0.969841
52,0,imagen.jpeg,100,pointwise_conv,1x576x14x14,97.441128
52,0,imagen.jpeg,101,batchnorm,1x96x14x14,0.435805
52,0,imagen.jpeg,102,layer_add,1x96x14x14,0.207072
52,0,imagen.jpeg,103,pointwise_conv,1x96x14x14,55.519531
52,0,imagen.jpeg,104,batchnorm,1x576x14x14,2.67183
52,0,imagen.jpeg,105,activacion,1x576x14x14,0.988902
52,0,imagen.jpeg,106,depthwise_conv,1x576x14x14,10.61901
52,0,imagen.jpeg,107,batchnorm,1x576x14x14,2.61769
52,0,imagen.jpeg,108,activacion,1x576x14x14,1.033532
52,0,imagen.jpeg,109,pointwise_conv,1x576x14x14,97.309247
52,0,imagen.jpeg,110,batchnorm,1x96x14x14,0.438485
52,0,imagen.jpeg,111,layer_add,1x96x14x14,0.206363
52,0,imagen.jpeg,112,pointwise_conv,1x96x14x14,55.32926
52,0,imagen.jpeg,113,batchnorm,1x576x14x14,2.65153
52,0,imagen.jpeg,114,activacion,1x576x14x14,0.988251
52,0,imagen.jpeg,115,depthwise_conv,1x576x14x14,2.801492
52,0,imagen.jpeg,116,batchnorm,1x576x7x7,0.661598
52,0,imagen.jpeg,117,activacion,1x576x7x7,0.204222
52,0,imagen.jpeg,118,pointwise_conv,1x576x7x7,42.778856
52,0,imagen.jpeg,119,batchnorm,1x160x7x7,0.183332
52,0,imagen.jpeg,120,pointwise_conv,1x160x7x7,31.505388
52,0,imagen.jpeg,121,batchnorm,1x960x7x7,1.134702
52,0,imagen.jpeg,122,activacion,1x960x7x7,0.404955
52,0,imagen.jpeg,123,depthwise_conv,1x960x7x7,4.619522
52,0,imagen.jpeg,124,batchnorm,1x960x7x7,1.095533
52,0,imagen.jpeg,125,activacion,1x960x7x7,0.403305
52,0,imagen.jpeg,126,pointwise_conv,1x960x7x7,90.848223
52,0,imagen.jpeg,127,batchnorm,1x160x7x7,0.186342
52,0,imagen.jpeg,128,layer_add,1x160x7x7,0.088051
52,0,imagen.jpeg,129,pointwise_conv,1x160x7x7,31.582469
52,0,imagen.jpeg,130,batchnorm,1x960x7x7,1.129253
52,0,imagen.jpeg,131,activacion,1x960x7x7,0.399124
52,0,imagen.jpeg,132,depthwise_conv,1x960x7x7,4.628883
52,0,imagen.jpeg,133,batchnorm,1x960x7x7,1.094232
52,0,imagen.jpeg,134,activacion,1x960x7x7,0.400764
52,0,imagen.jpeg,135,pointwise_conv,1x960x7x7,90.740672
52,0,imagen.jpeg,136,batchnorm,1x160x7x7,0.201582
52,0,imagen.jpeg,137,layer_add,1x160x7x7,0.089661
52,0,imagen.jpeg,138,pointwise_conv,1x160x7x7,31.540519
52,0,imagen.jpeg,139,batchnorm,1x960x7x7,1.117003
52,0,imagen.jpeg,140,activacion,1x960x7x7,0.394325
52,0,imagen.jpeg,141,depthwise_conv,1x960x7x7,4.630552
52,0,imagen.jpeg,142,batchnorm,1x960x7x7,1.111572
52,0,imagen.jpeg,143,activacion,1x960x7x7,0.316083
52,0,imagen.jpeg,144,pointwise_conv,1x960x7x7,181.570936
52,0,imagen.jpeg,145,batchnorm,1x320x7x7,0.373914
52,0,imagen.jpeg,146,pointwise_conv,1x320x7x7,108.521645
52,0,imagen.jpeg,147,batchnorm,1x1280x7x7,1.499997
52,0,imagen.jpeg,148,activacion,1x1280x7x7,0.537816
52,0,imagen.jpeg,149,pooling,1x1280x7x7,0.263103
52,0,imagen.jpeg,150,linear,1x1280,5.134019
53,0,imagen.jpeg,0,conv2d,1x3x224x224,115.073899
53,0,imagen.jpeg,1,batchnorm,1x32x112x112,9.184924
53,0,imagen.jpeg,2,activacion,1x32x112x112,2.804722
53,0,imagen.jpeg,3,depthwise_conv,1x32x112x112,37.085622
53,0,imagen.jpeg,4,batchnorm,1x32x112x112,9.233615
53,0,imagen.jpeg,5,activacion,1x32x112x112,2.850123
53,0,imagen.jpeg,6,pointwise_conv,1x32x112x112,129.696565
53,0,imagen.jpeg,7,batchnorm,1x16x112x112,4.615992
53,0,imagen.jpeg,8,pointwise_conv,1x16x112x112,180.752497
53,0,imagen.jpeg,9,batchnorm,1x96x112x112,27.684935
53,0,imagen.jpeg,10,activacion,1x96x112x112,9.349907
53,0,imagen.jpeg,11,depthwise_conv,1x96x112x112,29.112821
53,0,imagen.jpeg,12,batchnorm,1x96x56x56,6.936539
53,0,imagen.jpeg,13,activacion,1x96x56x56,2.475718
53,0,imagen.jpeg,14,pointwise_conv,1x96x56x56,94.312983
53,0,imagen.jpeg,15,batchnorm,1x24x56x56,1.713529
53,0,imagen.jpeg,16,pointwise_conv,1x24x56x56,88.512367
53,0,imagen.jpeg,17,batchnorm,1x144x56x56,10.448969
53,0,imagen.jpeg,18,activacion,1x144x56x56,3.565881
53,0,imagen.jpeg,19,depthwise_conv,1x144x56x56,41.915897
53,0,imagen.jpeg,20,batchnorm,1x144x56x56,10.314247
53,0,imagen.jpeg,21,activacion,1x144x56x56,3.960146
53,0,imagen.jpeg,22,pointwise_conv,1x144x56x56,199.429939
53,0,imagen.jpeg,23,batchnorm,1x24x56x56,1.710719
53,0,imagen.jpeg,24,layer_add,1x24x56x56,0.780389
53,0,imagen.jpeg,25,pointwise_conv,1x24x56x56,87.740949
53,0,imagen.jpeg,26,batchnorm,1x144x56x56,10.452969
53,0,imagen.jpeg,27,activacion,1x144x56x56,3.931934
53,0,imagen.jpeg,28,depthwise_conv,1x144x56x56,10.673641
53,0,imagen.jpeg,29,batchnorm,1x144x28x28,2.60878
53,0,imagen.jpeg,30,activacion,1x144x28x28,0.89199
53,0,imagen.jpeg,31,pointwise_conv,1x144x28x28,25.689433
53,0,imagen.jpeg,32,batchnorm,1x32x28x28,0.568086
53,0,imagen.jpeg,33,pointwise_conv,1x32x28x28,34.605003
53,0,imagen.jpeg,34,batchnorm,1x192x28x28,3.526601
53,0,imagen.jpeg,35,activacion,1x192x28x28,1.118463
53,0,imagen.jpeg,36,depthwise_conv,1x192x28x28,14.006989
53,0,imagen.jpeg,37,batchnorm,1x192x28x28,3.429209
53,0,imagen.jpeg,38,activacion,1x192x28x28,1.383716
53,0,imagen.jpeg,39,pointwise_conv,1x192x28x28,34.107998
53,0,imagen.jpeg,40,batchnorm,1x32x28x28,0.569966
53,0,imagen.jpeg,41,layer_add,1x32x28x28,0.277303
53,0,imagen.jpeg,42,pointwise_conv,1x32x28x28,34.600794
53,0,imagen.jpeg,43,batchnorm,1x192x28x28,3.47514
53,0,imagen.jpeg,44,activacion,1x192x28x28,1.181053
53,0,imagen.jpeg,45,depthwise_conv,1x192x28x28,13.980779
53,0,imagen.jpeg,46,batchnorm,1x192x28x28,3.414299
53,0,imagen.jpeg,47,activacion,1x192x28x28,1.412516
53,0,imagen.jpeg,48,pointwise_conv,1x192x28x28,33.964217
53,0,imagen.jpeg,49,batchnorm,1x32x28x28,0.593297
53,0,imagen.jpeg,50,layer_add,1x32x28x28,0.272683
53,0,imagen.jpeg,51,pointwise_conv,1x32x28x28,34.533733
53,0,imagen.jpeg,52,batchnorm,1x192x28x28,3.447359
53,0,imagen.jpeg,53,activacion,1x192x28x28,1.292265
53,0,imagen.jpeg,54,depthwise_conv,1x192x28x28,3.660552
53,0,imagen.jpeg,55,batchnorm,1x192x14x14,0.8762
53,0,imagen.jpeg,56,activacion,1x192x14x14,0.276963
53,0,imagen.jpeg,57,pointwise_conv,1x192x14x14,12.625594
53,0,imagen.jpeg,58,batchnorm,1x64x14x14,0.288083
53,0,imagen.jpeg,59,pointwise_conv,1x64x14x14,24.285507
53,0,imagen.jpeg,60,batchnorm,1x384x14x14,1.76528
53,0,imagen.jpeg,61,activacion,1x384x14x14,0.558176
53,0,imagen.jpeg,62,depthwise_conv,1x384x14x14,7.07984
53,0,imagen.jpeg,63,batchnorm,1x384x14x14,1.76108
53,0,imagen.jpeg,64,activacion,1x384x14x14,0.695388
53,0,imagen.jpeg,65,pointwise_conv,1x384x14x14,30.72993
53,0,imagen.jpeg,66,batchnorm,1x64x14x14,0.290453
53,0,imagen.jpeg,67,layer_add,1x64x14x14,0.134982
53,0,imagen.jpeg,68,pointwise_conv,1x64x14x14,24.393977
53,0,imagen.jpeg,69,batchnorm,1x384x14x14,1.77822
53,0,imagen.jpeg,70,activacion,1x384x14x14,0.616067
53,0,imagen.jpeg,71,depthwise_conv,1x384x14x14,7.05324
53,0,imagen.jpeg,72,batchnorm,1x384x14x14,1.73514
53,0,imagen.jpeg,73,activacion,1x384x14x14,0.673207
53,0,imagen.jpeg,74,pointwise_conv,1x384x14x14,30.80168
53,0,imagen.jpeg,75,batchnorm,1x64x14x14,0.288854
53,0,imagen.jpeg,76,layer_add,1x64x14x14,0.138411
53,0,imagen.jpeg,77,pointwise_conv,1x64x14x14,24.291896
53,0,imagen.jpeg,78,batchnorm,1x384x14x14,1.74722
53,0,imagen.jpeg,79,activacion,1x384x14x14,0.653167
53,0,imagen.jpeg,80,depthwise_conv,1x384x14x14,7.105521
53,0,imagen.jpeg,81,batchnorm,1x384x14x14,1.8308
53,0,imagen.jpeg,82,activacion,1x384x14x14,0.645218
53,0,imagen.jpeg,83,pointwise_conv,1x384x14x14,30.75926
53,0,imagen.jpeg,84,batchnorm,1x64x14x14,0.288643
53,0,imagen.jpeg,85,layer_add,1x64x14x14,0.137371
53,0,imagen.jpeg,86,pointwise_conv,1x64x14x14,24.283116
53,0,imagen.jpeg,87,batchnorm,1x384x14x14,1.75155
53,0,imagen.jpeg,88,activacion,1x384x14x14,0.657267
53,0,imagen.jpeg,89,depthwise_conv,1x384x14x14,7.05628
53,0,imagen.jpeg,90,batchnorm,1x384x14x14,1.76446
53,0,imagen.jpeg,91,activacion,1x384x14x14,0.653178
53,0,imagen.jpeg,92,pointwise_conv,1x384x14x14,46.140515
53,0,imagen.jpeg,93,batchnorm,1x96x14x14,0.436775
53,0,imagen.jpeg,94,pointwise_conv,1x96x14x14,55.439321
53,0,imagen.jpeg,95,batchnorm,1x576x14x14,2.66759
53,0,imagen.jpeg,96,activacion,1x576x14x14,0.973501
53,0,imagen.jpeg,97,depthwise_conv,1x576x14x14,10.670591
53,0,imagen.jpeg,98,batchnorm,1x576x14x14,2.62111
53,0,imagen.jpeg,99,activacion,1x576x14x14,1.035762
53,0,imagen.jpeg,100,pointwise_conv,1x576x14x14,97.332798
53,0,imagen.jpeg,101,batchnorm,1x96x14x14,0.435125
53,0,imagen.jpeg,102,layer_add,1x96x14x14,0.210942
53,0,imagen.jpeg,103,pointwise_conv,1x96x14x14,55.520312
53,0,imagen.jpeg,104,batchnorm,1x576x14x14,2.65104
53,0,imagen.jpeg,105,activacion,1x576x14x14,1.020712
53,0,imagen.jpeg,106,depthwise_conv,1x576x14x14,10.613621
53,0,imagen.jpeg,107,batchnorm,1x576x14x14,2.64221
53,0,imagen.jpeg,108,activacion,1x576x14x14,0.946761
53,0,imagen.jpeg,109,pointwise_conv,1x576x14x14,97.468948
53,0,imagen.jpeg,110,batchnorm,1x96x14x14,0.436675
53,0,imagen.jpeg,111,layer_add,1x96x14x14,0.206192
53,0,imagen.jpeg,112,pointwise_conv,1x96x14x14,55.38086
53,0,imagen.jpeg,113,batchnorm,1x576x14x14,2.661
53,0,imagen.jpeg,114,activacion,1x576x14x14,0.976281
53,0,imagen.jpeg,115,depthwise_conv,1x576x14x14,2.794202
53,0,imagen.jpeg,116,batchnorm,1x576x7x7,0.662407
53,0,imagen.jpeg,117,activacion,1x576x7x7,0.203582
53,0,imagen.jpeg,118,pointwise_conv,1x576x7x7,42.741306
53,0,imagen.jpeg,119,batchnorm,1x160x7x7,0.183742
53,0,imagen.jpeg,120,pointwise_conv,1x160x7x7,31.522808
53,0,imagen.jpeg,121,batchnorm,1x960x7x7,1.122273
53,0,imagen.jpeg,122,activacion,1x960x7x7,0.442415
53,0,imagen.jpeg,123,depthwise_conv,1x960x7x7,4.597962
53,0,imagen.jpeg,124,batchnorm,1x960x7x7,1.099413
53,0,imagen.jpeg,125,activacion,1x960x7x7,0.406395
53,0,imagen.jpeg,126,pointwise_conv,1x960x7x7,90.793513
53,0,imagen.jpeg,127,batchnorm,1x160x7x7,0.185542
53,0,imagen.jpeg,128,layer_add,1x160x7x7,0.083161
53,0,imagen.jpeg,129,pointwise_conv,1x160x7x7,31.579329
53,0,imagen.jpeg,130,batchnorm,1x960x7x7,1.135403
53,0,imagen.jpeg,131,activacion,1x960x7x7,0.406324
53,0,imagen.jpeg,132,depthwise_conv,1x960x7x7,4.608893
53,0,imagen.jpeg,133,batchnorm,1x960x7x7,1.096303
53,0,imagen.jpeg,134,activacion,1x960x7x7,0.397734
53,0,imagen.jpeg,135,pointwise_conv,1x960x7x7,90.812073
53,0,imagen.jpeg,136,batchnorm,1x160x7x7,0.186162
53,0,imagen.jpeg,137,layer_add,1x160x7x7,0.086281
53,0,imagen.jpeg,138,pointwise_conv,1x160x7x7,31.550279
53,0,imagen.jpeg,139,batchnorm,1x960x7x7,1.136413
53,0,imagen.jpeg,140,activacion,1x960x7x7,0.395585
53,0,imagen.jpeg,141,depthwise_conv,1x960x7x7,4.603073
53,0,imagen.jpeg,142,batchnorm,1x960x7x7,1.095123
53,0,imagen.jpeg,143,activacion,1x960x7x7,0.337624
53,0,imagen.jpeg,144,pointwise_conv,1x960x7x7,181.495915
53,0,imagen.jpeg,145,batchnorm,1x320x7x7,0.373555
53,0,imagen.jpeg,146,pointwise_conv,1x320x7x7,108.587495
53,0,imagen.jpeg,147,batchnorm,1x1280x7x7,1.494167
53,0,imagen.jpeg,148,activacion,1x1280x7x7,0.532156
53,0,imagen.jpeg,149,pooling,1x1280x7x7,0.264343
53,0,imagen.jpeg,150,linear,1x1280,5.137638
54,0,imagen.jpeg,0,conv2d,1x3x224x224,115.860908
54,0,imagen.jpeg,1,batchnorm,1x32x112x112,9.164514
54,0,imagen.jpeg,2,activacion,1x32x112x112,2.811112
54,0,imagen.jpeg,3,depthwise_conv,1x32x112x112,37.105502
54,0,imagen.jpeg,4,batchnorm,1x32x112x112,9.244455
54,0,imagen.jpeg,5,activacion,1x32x112x112,2.838873
54,0,imagen.jpeg,6,pointwise_conv,1x32x112x112,128.885286
54,0,imagen.jpeg,7,batchnorm,1x16x112x112,4.595323
54,0,imagen.jpeg,8,pointwise_conv,1x16x112x112,171.050686
54,0,imagen.jpeg,9,batchnorm,1x96x112x112,27.684185
54,0,imagen.jpeg,10,activacion,1x96x112x112,9.381966
54,0,imagen.jpeg,11,depthwise_conv,1x96x112x112,29.196802
54,0,imagen.jpeg,12,batchnorm,1x96x56x56,6.871038
54,0,imagen.jpeg,13,activacion,1x96x56x56,2.509339
54,0,imagen.jpeg,14,pointwise_conv,1x96x56x56,96.594039
54,0,imagen.jpeg,15,batchnorm,1x24x56x56,1.710319
54,0,imagen.jpeg,16,pointwise_conv,1x24x56x56,88.406606
54,0,imagen.jpeg,17,batchnorm,1x144x56x56,10.579301
54,0,imagen.jpeg,18,activacion,1x144x56x56,3.5222
54,0,imagen.jpeg,19,depthwise_conv,1x144x56x56,41.827616
54,0,imagen.jpeg,20,batchnorm,1x144x56x56,10.307097
54,0,imagen.jpeg,21,activacion,1x144x56x56,3.962935
54,0,imagen.jpeg,22,pointwise_conv,1x144x56x56,199.51611
54,0,imagen.jpeg,23,batchnorm,1x24x56x56,1.71271
54,0,imagen.jpeg,24,layer_add,1x24x56x56,0.763529
54,0,imagen.jpeg,25,pointwise_conv,1x24x56x56,87.715268
54,0,imagen.jpeg,26,batchnorm,1x144x56x56,10.443429
54,0,imagen.jpeg,27,activacion,1x144x56x56,3.895694
54,0,imagen.jpeg,28,depthwise_conv,1x144x56x56,10.651122
54,0,imagen.jpeg,29,batchnorm,1x144x28x28,2.60127
54,0,imagen.jpeg,30,activacion,1x144x28x28,0.89218
54,0,imagen.jpeg,31,pointwise_conv,1x144x28x28,25.682362
54,0,imagen.jpeg,32,batchnorm,1x32x28x28,0.572477
54,0,imagen.jpeg,33,pointwise_conv,1x32x28x28,34.562273
54,0,imagen.jpeg,34,batchnorm,1x192x28x28,3.435329
54,0,imagen.jpeg,35,activacion,1x192x28x28,1.129913
54,0,imagen.jpeg,36,depthwise_conv,1x192x28x28,13.981569
54,0,imagen.jpeg,37,batchnorm,1x192x28x28,3.445809
54,0,imagen.jpeg,38,activacion,1x192x28x28,1.425046
54,0,imagen.jpeg,39,pointwise_conv,1x192x28x28,34.115459
54,0,imagen.jpeg,40,batchnorm,1x32x28x28,0.593377
54,0,imagen.jpeg,41,layer_add,1x32x28x28,0.276493
54,0,imagen.jpeg,42,pointwise_conv,1x32x28x28,34.587154
54,0,imagen.jpeg,43,batchnorm,1x192x28x28,3.441119
54,0,imagen.jpeg,44,activacion,1x192x28x28,1.205814
54,0,imagen.jpeg,45,depthwise_conv,1x192x28x28,13.986759
54,0,imagen.jpeg,46,batchnorm,1x192x28x28,3.434939
54,0,imagen.jpeg,47,activacion,1x192x28x28,1.398686
54,0,imagen.jpeg,48,pointwise_conv,1x192x28x28,34.081048
54,0,imagen.jpeg,49,batchnorm,1x32x28x28,0.600237
54,0,imagen.jpeg,50,layer_add,1x32x28x28,0.271784
54,0,imagen.jpeg,51,pointwise_conv,1x32x28x28,34.537353
54,0,imagen.jpeg,52,batchnorm,1x192x28x28,3.50147
54,0,imagen.jpeg,53,activacion,1x192x28x28,1.283335
54,0,imagen.jpeg,54,depthwise_conv,1x192x28x28,3.630221
54,0,imagen.jpeg,55,batchnorm,1x192x14x14,0.87285
54,0,imagen.jpeg,56,activacion,1x192x14x14,0.277113
54,0,imagen.jpeg,57,pointwise_conv,1x192x14x14,12.611953
54,0,imagen.jpeg,58,batchnorm,1x64x14x14,0.287794
54,0,imagen.jpeg,59,pointwise_conv,1x64x14x14,24.311337
54,0,imagen.jpeg,60,batchnorm,1x384x14x14,1.7513
54,0,imagen.jpeg,61,activacion,1x384x14x14,0.556987
54,0,imagen.jpeg,62,depthwise_conv,1x384x14x14,7.095031
54,0,imagen.jpeg,63,batchnorm,1x384x14x14,1.7614
54,0,imagen.jpeg,64,activacion,1x384x14x14,0.691658
54,0,imagen.jpeg,65,pointwise_conv,1x384x14x14,30.755349
54,0,imagen.jpeg,66,batchnorm,1x64x14x14,0.288493
54,0,imagen.jpeg,67,layer_add,1x64x14x14,0.140862
54,0,imagen.jpeg,68,pointwise_conv,1x64x14x14,24.284977
54,0,imagen.jpeg,69,batchnorm,1x384x14x14,1.74586
54,0,imagen.jpeg,70,activacion,1x384x14x14,0.648987
54,0,imagen.jpeg,71,depthwise_conv,1x384x14x14,7.04455
54,0,imagen.jpeg,72,batchnorm,1x384x14x14,1.734239
54,0,imagen.jpeg,73,activacion,1x384x14x14,0.676178
54,0,imagen.jpeg,74,pointwise_conv,1x384x14x14,30.703779
54,0,imagen.jpeg,75,batchnorm,1x64x14x14,0.289274
54,0,imagen.jpeg,76,layer_add,1x64x14x14,0.136771
54,0,imagen.jpeg,77,pointwise_conv,1x64x14x14,24.307756
54,0,imagen.jpeg,78,batchnorm,1x384x14x14,1.821391
54,0,imagen.jpeg,79,activacion,1x384x14x14,0.645167
54,0,imagen.jpeg,80,depthwise_conv,1x384x14x14,7.06541
54,0,imagen.jpeg,81,batchnorm,1x384x14x14,1.731699
54,0,imagen.jpeg,82,activacion,1x384x14x14,0.695058
54,0,imagen.jpeg,83,pointwise_conv,1x384x14x14,30.704569
54,0,imagen.jpeg,84,batchnorm,1x64x14x14,0.290104
54,0,imagen.jpeg,85,layer_add,1x64x14x14,0.134991
54,0,imagen.jpeg,86,pointwise_conv,1x64x14x14,24.292827
54,0,imagen.jpeg,87,batchnorm,1x384x14x14,1.75342
54,0,imagen.jpeg,88,activacion,1x384x14x14,0.628347
54,0,imagen.jpeg,89,depthwise_conv,1x384x14x14,7.07652
54,0,imagen.jpeg,90,batchnorm,1x384x14x14,1.75855
54,0,imagen.jpeg,91,activacion,1x384x14x14,0.640627
54,0,imagen.jpeg,92,pointwise_conv,1x384x14x14,46.125195
54,0,imagen.jpeg,93,batchnorm,1x96x14x14,0.432575
54,0,imagen.jpeg,94,pointwise_conv,1x96x14x14,55.332859
54,0,imagen.jpeg,95,batchnorm,1x576x14x14,2.62874
54,0,imagen.jpeg,96,activacion,1x576x14x14,1.015672
54,0,imagen.jpeg,97,depthwise_conv,1x576x14x14,10.667071
54,0,imagen.jpeg,98,batchnorm,1x576x14x14,2.63179
54,0,imagen.jpeg,99,activacion,1x576x14x14,0.963771
54,0,imagen.jpeg,100,pointwise_conv,1x576x14x14,97.456309
54,0,imagen.jpeg,101,batchnorm,1x96x14x14,0.439075
54,0,imagen.jpeg,102,layer_add,1x96x14x14,0.205903
54,0,imagen.jpeg,103,pointwise_conv,1x96x14x14,55.644473
54,0,imagen.jpeg,104,batchnorm,1x576x14x14,2.6623
54,0,imagen.jpeg,105,activacion,1x576x14x14,0.992601
54,0,imagen.jpeg,106,depthwise_conv,1x576x14x14,10.612881
54,0,imagen.jpeg,107,batchnorm,1x576x14x14,2.64283
54,0,imagen.jpeg,108,activacion,1x576x14x14,0.942401
54,0,imagen.jpeg,109,pointwise_conv,1x576x14x14,97.328768
54,0,imagen.jpeg,110,batchnorm,1x96x14x14,0.436335
54,0,imagen.jpeg,111,layer_add,1x96x14x14,0.205533
54,0,imagen.jpeg,112,pointwise_conv,1x96x14x14,55.37434
54,0,imagen.jpeg,113,batchnorm,1x576x14x14,2.6322
54,0,imagen.jpeg,114,activacion,1x576x14x14,0.984572
54,0,imagen.jpeg,115,depthwise_conv,1x576x14x14,2.807642
54,0,imagen.jpeg,116,batchnorm,1x576x7x7,0.663958
54,0,imagen.jpeg,117,activacion,1x576x7x7,0.204163
54,0,imagen.jpeg,118,pointwise_conv,1x576x7x7,42.634065
54,0,imagen.jpeg,119,batchnorm,1x160x7x7,0.183472
54,0,imagen.jpeg,120,pointwise_conv,1x160x7x7,31.536059
54,0,imagen.jpeg,121,batchnorm,1x960x7x7,1.112653
54,0,imagen.jpeg,122,activacion,1x960x7x7,0.390714
54,0,imagen.jpeg,123,depthwise_conv,1x960x7x7,4.602852
54,0,imagen.jpeg,124,batchnorm,1x960x7x7,1.175803
54,0,imagen.jpeg,125,activacion,1x960x7x7,0.404654
54,0,imagen.jpeg,126,pointwise_conv,1x960x7x7,90.600221
54,0,imagen.jpeg,127,batchnorm,1x160x7x7,0.184582
54,0,imagen.jpeg,128,layer_add,1x160x7x7,0.090271
54,0,imagen.jpeg,129,pointwise_conv,1x160x7x7,31.59078
54,0,imagen.jpeg,130,batchnorm,1x960x7x7,1.114212
54,0,imagen.jpeg,131,activacion,1x960x7x7,0.396184
54,0,imagen.jpeg,132,depthwise_conv,1x960x7x7,4.638303
54,0,imagen.jpeg,133,batchnorm,1x960x7x7,1.094293
54,0,imagen.jpeg,134,activacion,1x960x7x7,0.395685
54,0,imagen.jpeg,135,pointwise_conv,1x960x7x7,90.677131
54,0,imagen.jpeg,136,batchnorm,1x160x7x7,0.186062
54,0,imagen.jpeg,137,layer_add,1x160x7x7,0.088761
54,0,imagen.jpeg,138,pointwise_conv,1x160x7x7,31.525508
54,0,imagen.jpeg,139,batchnorm,1x960x7x7,1.123013
54,0,imagen.jpeg,140,activacion,1x960x7x7,0.392944
54,0,imagen.jpeg,141,depthwise_conv,1x960x7x7,4.618253
54,0,imagen.jpeg,142,batchnorm,1x960x7x7,1.094173
54,0,imagen.jpeg,143,activacion,1x960x7x7,0.314224
54,0,imagen.jpeg,144,pointwise_conv,1x960x7x7,181.95295
54,0,imagen.jpeg,145,batchnorm,1x320x7x7,0.378864
54,0,imagen.jpeg,146,pointwise_conv,1x320x7x7,108.557415
54,0,imagen.jpeg,147,batchnorm,1x1280x7x7,1.517908
54,0,imagen.jpeg,148,activacion,1x1280x7x7,0.539666
54,0,imagen.jpeg,149,pooling,1x1280x7x7,0.265483
54,0,imagen.jpeg,150,linear,1x1280,5.173769
55,0,imagen.jpeg,0,conv2d,1x3x224x224,115.580835
55,0,imagen.jpeg,1,batchnorm,1x32x112x112,9.289756
55,0,imagen.jpeg,2,activacion,1x32x112x112,2.797962
55,0,imagen.jpeg,3,depthwise_conv,1x32x112x112,37.025032
55,0,imagen.jpeg,4,batchnorm,1x32x112x112,9.224695
55,0,imagen.jpeg,5,activacion,1x32x112x112,2.836242
55,0,imagen.jpeg,6,pointwise_conv,1x32x112x112,129.154939
55,0,imagen.jpeg,7,batchnorm,1x16x112x112,4.590222
55,0,imagen.jpeg,8,pointwise_conv,1x16x112x112,172.058648
55,0,imagen.jpeg,9,batchnorm,1x96x112x112,27.695265
55,0,imagen.jpeg,10,activacion,1x96x112x112,9.353357
55,0,imagen.jpeg,11,depthwise_conv,1x96x112x112,29.129681
55,0,imagen.jpeg,12,batchnorm,1x96x56x56,6.890228
55,0,imagen.jpeg,13,activacion,1x96x56x56,2.475978
55,0,imagen.jpeg,14,pointwise_conv,1x96x56x56,95.547657
55,0,imagen.jpeg,15,batchnorm,1x24x56x56,1.71304
55,0,imagen.jpeg,16,pointwise_conv,1x24x56x56,88.269594
55,0,imagen.jpeg,17,batchnorm,1x144x56x56,10.450688
55,0,imagen.jpeg,18,activacion,1x144x56x56,3.587271
55,0,imagen.jpeg,19,depthwise_conv,1x144x56x56,41.927357
55,0,imagen.jpeg,20,batchnorm,1x144x56x56,10.304277
55,0,imagen.jpeg,21,activacion,1x144x56x56,3.950065
55,0,imagen.jpeg,22,pointwise_conv,1x144x56x56,199.360758
55,0,imagen.jpeg,23,batchnorm,1x24x56x56,1.76294
55,0,imagen.jpeg,24,layer_add,1x24x56x56,0.767769
55,0,imagen.jpeg,25,pointwise_conv,1x24x56x56,87.840249
55,0,imagen.jpeg,26,batchnorm,1x144x56x56,10.439109
55,0,imagen.jpeg,27,activacion,1x144x56x56,3.864004
55,0,imagen.jpeg,28,depthwise_conv,1x144x56x56,10.671491
55,0,imagen.jpeg,29,batchnorm,1x144x28x28,2.60604
55,0,imagen.jpeg,30,activacion,1x144x28x28,0.90727
55,0,imagen.jpeg,31,pointwise_conv,1x144x28x28,25.629792
55,0,imagen.jpeg,32,batchnorm,1x32x28x28,0.567987
55,0,imagen.jpeg,33,pointwise_conv,1x32x28x28,34.540463
55,0,imagen.jpeg,34,batchnorm,1x192x28x28,3.455659
55,0,imagen.jpeg,35,activacion,1x192x28x28,1.147793
55,0,imagen.jpeg,36,depthwise_conv,1x192x28x28,13.965909
55,0,imagen.jpeg,37,batchnorm,1x192x28x28,3.440609
55,0,imagen.jpeg,38,activacion,1x192x28x28,1.381236
55,0,imagen.jpeg,39,pointwise_conv,1x192x28x28,34.107458
55,0,imagen.jpeg,40,batchnorm,1x32x28x28,0.573307
55,0,imagen.jpeg,41,layer_add,1x32x28x28,0.275543
55,0,imagen.jpeg,42,pointwise_conv,1x32x28x28,34.542993
55,0,imagen.jpeg,43,batchnorm,1x192x28x28,3.460699
55,0,imagen.jpeg,44,activacion,1x192x28x28,1.182913
55,0,imagen.jpeg,45,depthwise_conv,1x192x28x28,14.01367
55,0,imagen.jpeg,46,batchnorm,1x192x28x28,3.44971
55,0,imagen.jpeg,47,activacion,1x192x28x28,1.337575
55,0,imagen.jpeg,48,pointwise_conv,1x192x28x28,34.175049
55,0,imagen.jpeg,49,batchnorm,1x32x28x28,0.573037
55,0,imagen.jpeg,50,layer_add,1x32x28x28,0.270413
55,0,imagen.jpeg,51,pointwise_conv,1x32x28x28,34.569193
55,0,imagen.jpeg,52,batchnorm,1x192x28x28,3.45668
55,0,imagen.jpeg,53,activacion,1x192x28x28,1.255664
55,0,imagen.jpeg,54,depthwise_conv,1x192x28x28,3.638922
55,0,imagen.jpeg,55,batchnorm,1x192x14x14,0.891441
55,0,imagen.jpeg,56,activacion,1x192x14x14,0.276893
55,0,imagen.jpeg,57,pointwise_conv,1x192x14x14,12.618974
55,0,imagen.jpeg,58,batchnorm,1x64x14x14,0.289923
55,0,imagen.jpeg,59,pointwise_conv,1x64x14x14,24.338277
55,0,imagen.jpeg,60,batchnorm,1x384x14x14,1.76539
55,0,imagen.jpeg,61,activacion,1x384x14x14,0.557486
55,0,imagen.jpeg,62,depthwise_conv,1x384x14x14,7.06496
55,0,imagen.jpeg,63,batchnorm,1x384x14x14,1.73214
55,0,imagen.jpeg,64,activacion,1x384x14x14,0.690508
55,0,imagen.jpeg,65,pointwise_conv,1x384x14x14,30.748489
55,0,imagen.jpeg,66,batchnorm,1x64x14x14,0.288803
55,0,imagen.jpeg,67,layer_add,1x64x14x14,0.133732
55,0,imagen.jpeg,68,pointwise_conv,1x64x14x14,24.277756
55,0,imagen.jpeg,69,batchnorm,1x384x14x14,1.74429
55,0,imagen.jpeg,70,activacion,1x384x14x14,0.613057
55,0,imagen.jpeg,71,depthwise_conv,1x384x14x14,7.066981
55,0,imagen.jpeg,72,batchnorm,1x384x14x14,1.75681
55,0,imagen.jpeg,73,activacion,1x384x14x14,0.676778
55,0,imagen.jpeg,74,pointwise_conv,1x384x14x14,30.76606
55,0,imagen.jpeg,75,batchnorm,1x64x14x14,0.290843
55,0,imagen.jpeg,76,layer_add,1x64x14x14,0.138742
55,0,imagen.jpeg,77,pointwise_conv,1x64x14x14,24.347647
55,0,imagen.jpeg,78,batchnorm,1x384x14x14,1.77081
55,0,imagen.jpeg,79,activacion,1x384x14x14,0.647448
55,0,imagen.jpeg,80,depthwise_conv,1x384x14x14,7.05836
55,0,imagen.jpeg,81,batchnorm,1x384x14x14,1.73241
55,0,imagen.jpeg,82,activacion,1x384x14x14,0.662707
55,0,imagen.jpeg,83,pointwise_conv,1x384x14x14,30.74782
55,0,imagen.jpeg,84,batchnorm,1x64x14x14,0.289104
55,0,imagen.jpeg,85,layer_add,1x64x14x14,0.140181
55,0,imagen.jpeg,86,pointwise_conv,1x64x14x14,24.283796
55,0,imagen.jpeg,87,batchnorm,1x384x14x14,1.76776
55,0,imagen.jpeg,88,activacion,1x384x14x14,0.627787
55,0,imagen.jpeg,89,depthwise_conv,1x384x14x14,7.06749
55,0,imagen.jpeg,90,batchnorm,1x384x14x14,1.730659
55,0,imagen.jpeg,91,activacion,1x384x14x14,0.702578
55,0,imagen.jpeg,92,pointwise_conv,1x384x14x14,46.054384
55,0,imagen.jpeg,93,batchnorm,1x96x14x14,0.432265
55,0,imagen.jpeg,94,pointwise_conv,1x96x14x14,55.334049
55,0,imagen.jpeg,95,batchnorm,1x576x14x14,2.65299
55,0,imagen.jpeg,96,activacion,1x576x14x14,0.974381
55,0,imagen.jpeg,97,depthwise_conv,1x576x14x14,10.738893
55,0,imagen.jpeg,98,batchnorm,1x576x14x14,2.64382
55,0,imagen.jpeg,99,activacion,1x576x14x14,0.978611
55,0,imagen.jpeg,100,pointwise_conv,1x576x14x14,97.5453
55,0,imagen.jpeg,101,batchnorm,1x96x14x14,0.438015
55,0,imagen.jpeg,102,layer_add,1x96x14x14,0.205372
55,0,imagen.jpeg,103,pointwise_conv,1x96x14x14,55.567672
55,0,imagen.jpeg,104,batchnorm,1x576x14x14,2.65695
55,0,imagen.jpeg,105,activacion,1x576x14x14,0.984822
55,0,imagen.jpeg,106,depthwise_conv,1x576x14x14,10.609801
55,0,imagen.jpeg,107,batchnorm,1x576x14x14,2.61805
55,0,imagen.jpeg,108,activacion,1x576x14x14,0.943591
55,0,imagen.jpeg,109,pointwise_conv,1x576x14x14,97.355027
55,0,imagen.jpeg,110,batchnorm,1x96x14x14,0.438295
55,0,imagen.jpeg,111,layer_add,1x96x14x14,0.206012
55,0,imagen.jpeg,112,pointwise_conv,1x96x14x14,55.498821
55,0,imagen.jpeg,113,batchnorm,1x576x14x14,2.64013
55,0,imagen.jpeg,114,activacion,1x576x14x14,1.009601
55,0,imagen.jpeg,115,depthwise_conv,1x576x14x14,2.774772
55,0,imagen.jpeg,116,batchnorm,1x576x7x7,0.697178
55,0,imagen.jpeg,117,activacion,1x576x7x7,0.204242
55,0,imagen.jpeg,118,pointwise_conv,1x576x7x7,42.637765
55,0,imagen.jpeg,119,batchnorm,1x160x7x7,0.183392
55,0,imagen.jpeg,120,pointwise_conv,1x160x7x7,31.567469
55,0,imagen.jpeg,121,batchnorm,1x960x7x7,1.124853
55,0,imagen.jpeg,122,activacion,1x960x7x7,0.400415
55,0,imagen.jpeg,123,depthwise_conv,1x960x7x7,4.621132
55,0,imagen.jpeg,124,batchnorm,1x960x7x7,1.114592
55,0,imagen.jpeg,125,activacion,1x960x7x7,0.404574
55,0,imagen.jpeg,126,pointwise_conv,1x960x7x7,90.534841
55,0,imagen.jpeg,127,batchnorm,1x160x7x7,0.186892
55,0,imagen.jpeg,128,layer_add,1x160x7x7,0.081041
55,0,imagen.jpeg,129,pointwise_conv,1x160x7x7,31.508758
55,0,imagen.jpeg,130,batchnorm,1x960x7x7,1.114913
55,0,imagen.jpeg,131,activacion,1x960x7x7,0.399954
55,0,imagen.jpeg,132,depthwise_conv,1x960x7x7,4.611292
55,0,imagen.jpeg,133,batchnorm,1x960x7x7,1.112602
55,0,imagen.jpeg,134,activacion,1x960x7x7,0.398724
55,0,imagen.jpeg,135,pointwise_conv,1x960x7x7,90.743453
55,0,imagen.jpeg,136,batchnorm,1x160x7x7,0.186262
55,0,imagen.jpeg,137,layer_add,1x160x7x7,0.086461
55,0,imagen.jpeg,138,pointwise_conv,1x160x7x7,31.486768
55,0,imagen.jpeg,139,batchnorm,1x960x7x7,1.114592
55,0,imagen.jpeg,140,activacion,1x960x7x7,0.400105
55,0,imagen.jpeg,141,depthwise_conv,1x960x7x7,4.618303
55,0,imagen.jpeg,142,batchnorm,1x960x7x7,1.095642
55,0,imagen.jpeg,143,activacion,1x960x7x7,0.317463
55,0,imagen.jpeg,144,pointwise_conv,1x960x7x7,181.478805
55,0,imagen.jpeg,145,batchnorm,1x320x7x7,0.392244
55,0,imagen.jpeg,146,pointwise_conv,1x320x7x7,108.433634
55,0,imagen.jpeg,147,batchnorm,1x1280x7x7,1.497657
55,0,imagen.jpeg,148,activacion,1x1280x7x7,0.531236
55,0,imagen.jpeg,149,pooling,1x1280x7x7,0.295143
55,0,imagen.jpeg,150,linear,1x1280,5.104059
56,0,imagen.jpeg,0,conv2d,1x3x224x224,115.193611
56,0,imagen.jpeg,1,batchnorm,1x32x112x112,9.162054
56,0,imagen.jpeg,2,activacion,1x32x112x112,2.810522
56,0,imagen.jpeg,3,depthwise_conv,1x32x112x112,37.046302
56,0,imagen.jpeg,4,batchnorm,1x32x112x112,9.223425
56,0,imagen.jpeg,5,activacion,1x32x112x112,2.835752
56,0,imagen.jpeg,6,pointwise_conv,1x32x112x112,129.414143
56,0,imagen.jpeg,7,batchnorm,1x16x112x112,4.586622
56,0,imagen.jpeg,8,pointwise_conv,1x16x112x112,170.720243
56,0,imagen.jpeg,9,batchnorm,1x96x112x112,27.649314
56,0,imagen.jpeg,10,activacion,1x96x112x112,9.357636
56,0,imagen.jpeg,11,depthwise_conv,1x96x112x112,29.169582
56,0,imagen.jpeg,12,batchnorm,1x96x56x56,6.895149
56,0,imagen.jpeg,13,activacion,1x96x56x56,2.529379
56,0,imagen.jpeg,14,pointwise_conv,1x96x56x56,94.87282
56,0,imagen.jpeg,15,batchnorm,1x24x56x56,1.709279
56,0,imagen.jpeg,16,pointwise_conv,1x24x56x56,88.289304
56,0,imagen.jpeg,17,batchnorm,1x144x56x56,10.440349
56,0,imagen.jpeg,18,activacion,1x144x56x56,3.5222
56,0,imagen.jpeg,19,depthwise_conv,1x144x56x56,41.839866
56,0,imagen.jpeg,20,batchnorm,1x144x56x56,10.307658
56,0,imagen.jpeg,21,activacion,1x144x56x56,4.019946
56,0,imagen.jpeg,22,pointwise_conv,1x144x56x56,199.282998
56,0,imagen.jpeg,23,batchnorm,1x24x56x56,1.77922
56,0,imagen.jpeg,24,layer_add,1x24x56x56,0.776809
56,0,imagen.jpeg,25,pointwise_conv,1x24x56x56,87.762539
56,0,imagen.jpeg,26,batchnorm,1x144x56x56,10.448049
56,0,imagen.jpeg,27,activacion,1x144x56x56,4.009636
56,0,imagen.jpeg,28,depthwise_conv,1x144x56x56,10.710642
56,0,imagen.jpeg,29,batchnorm,1x144x28x28,2.60396
56,0,imagen.jpeg,30,activacion,1x144x28x28,0.89448
56,0,imagen.jpeg,31,pointwise_conv,1x144x28x28,25.768644
56,0,imagen.jpeg,32,batchnorm,1x32x28x28,0.585776
56,0,imagen.jpeg,33,pointwise_conv,1x32x28x28,34.525173
56,0,imagen.jpeg,34,batchnorm,1x192x28x28,3.460039
56,0,imagen.jpeg,35,activacion,1x192x28x28,1.148783
56,0,imagen.jpeg,36,depthwise_conv,1x192x28x28,13.970099
56,0,imagen.jpeg,37,batchnorm,1x192x28x28,3.435979
56,0,imagen.jpeg,38,activacion,1x192x28x28,1.342836
56,0,imagen.jpeg,39,pointwise_conv,1x192x28x28,34.314051
56,0,imagen.jpeg,40,batchnorm,1x32x28x28,0.571697
56,0,imagen.jpeg,41,layer_add,1x32x28x28,0.274423
56,0,imagen.jpeg,42,pointwise_conv,1x32x28x28,34.661784
56,0,imagen.jpeg,43,batchnorm,1x192x28x28,3.45992
56,0,imagen.jpeg,44,activacion,1x192x28x28,1.210424
56,0,imagen.jpeg,45,depthwise_conv,1x192x28x28,13.980619
56,0,imagen.jpeg,46,batchnorm,1x192x28x28,3.431919
56,0,imagen.jpeg,47,activacion,1x192x28x28,1.338726
56,0,imagen.jpeg,48,pointwise_conv,1x192x28x28,34.104388
56,0,imagen.jpeg,49,batchnorm,1x32x28x28,0.574496
56,0,imagen.jpeg,50,layer_add,1x32x28x28,0.272273
56,0,imagen.jpeg,51,pointwise_conv,1x32x28x28,34.524153
56,0,imagen.jpeg,52,batchnorm,1x192x28x28,3.466539
56,0,imagen.jpeg,53,activacion,1x192x28x28,1.254555
56,0,imagen.jpeg,54,depthwise_conv,1x192x28x28,3.660432
56,0,imagen.jpeg,55,batchnorm,1x192x14x14,0.89027
56,0,imagen.jpeg,56,activacion,1x192x14x14,0.280033
56,0,imagen.jpeg,57,pointwise_conv,1x192x14x14,12.610523
56,0,imagen.jpeg,58,batchnorm,1x64x14x14,0.288474
56,0,imagen.jpeg,59,pointwise_conv,1x64x14x14,24.292416
56,0,imagen.jpeg,60,batchnorm,1x384x14x14,1.76264
56,0,imagen.jpeg,61,activacion,1x384x14x14,0.557947
56,0,imagen.jpeg,62,depthwise_conv,1x384x14x14,7.065181
56,0,imagen.jpeg,63,batchnorm,1x384x14x14,1.743399
56,0,imagen.jpeg,64,activacion,1x384x14x14,0.723928
56,0,imagen.jpeg,65,pointwise_conv,1x384x14x14,30.80229
56,0,imagen.jpeg,66,batchnorm,1x64x14x14,0.290594
56,0,imagen.jpeg,67,layer_add,1x64x14x14,0.139641
56,0,imagen.jpeg,68,pointwise_conv,1x64x14x14,24.279427
56,0,imagen.jpeg,69,batchnorm,1x384x14x14,1.75384
56,0,imagen.jpeg,70,activacion,1x384x14x14,0.612847
56,0,imagen.jpeg,71,depthwise_conv,1x384x14x14,7.087161
56,0,imagen.jpeg,72,batchnorm,1x384x14x14,1.75202
56,0,imagen.jpeg,73,activacion,1x384x14x14,0.653687
56,0,imagen.jpeg,74,pointwise_conv,1x384x14x14,30.716189
56,0,imagen.jpeg,75,batchnorm,1x64x14x14,0.290473
56,0,imagen.jpeg,76,layer_add,1x64x14x14,0.135732
56,0,imagen.jpeg,77,pointwise_conv,1x64x14x14,24.367487
56,0,imagen.jpeg,78,batchnorm,1x384x14x14,1.76645
56,0,imagen.jpeg,79,activacion,1x384x14x14,0.644078
56,0,imagen.jpeg,80,depthwise_conv,1x384x14x14,7.059601
56,0,imagen.jpeg,81,batchnorm,1x384x14x14,1.7359
56,0,imagen.jpeg,82,activacion,1x384x14x14,0.662477
56,0,imagen.jpeg,83,pointwise_conv,1x384x14x14,30.72338
56,0,imagen.jpeg,84,batchnorm,1x64x14x14,0.288393
56,0,imagen.jpeg,85,layer_add,1x64x14x14,0.139742
56,0,imagen.jpeg,86,pointwise_conv,1x64x14x14,24.308076
56,0,imagen.jpeg,87,batchnorm,1x384x14x14,1.74969
56,0,imagen.jpeg,88,activacion,1x384x14x14,0.628167
56,0,imagen.jpeg,89,depthwise_conv,1x384x14x14,7.067011
56,0,imagen.jpeg,90,batchnorm,1x384x14x14,1.739039
56,0,imagen.jpeg,91,activacion,1x384x14x14,0.654298
56,0,imagen.jpeg,92,pointwise_conv,1x384x14x14,46.130445
56,0,imagen.jpeg,93,batchnorm,1x96x14x14,0.432025
56,0,imagen.jpeg,94,pointwise_conv,1x96x14x14,55.37148
56,0,imagen.jpeg,95,batchnorm,1x576x14x14,2.63824
56,0,imagen.jpeg,96,activacion,1x576x14x14,0.969531
56,0,imagen.jpeg,97,depthwise_conv,1x576x14x14,10.57519
56,0,imagen.jpeg,98,batchnorm,1x576x14x14,2.64369
56,0,imagen.jpeg,99,activacion,1x576x14x14,0.968931
56,0,imagen.jpeg,100,pointwise_conv,1x576x14x14,97.398228
56,0,imagen.jpeg,101,batchnorm,1x96x14x14,0.436715
56,0,imagen.jpeg,102,layer_add,1x96x14x14,0.205723
56,0,imagen.jpeg,103,pointwise_conv,1x96x14x14,55.542252
56,0,imagen.jpeg,104,batchnorm,1x576x14x14,2.656061
56,0,imagen.jpeg,105,activacion,1x576x14x14,0.987971
56,0,imagen.jpeg,106,depthwise_conv,1x576x14x14,10.613751
56,0,imagen.jpeg,107,batchnorm,1x576x14x14,2.62386
56,0,imagen.jpeg,108,activacion,1x576x14x14,0.946281
56,0,imagen.jpeg,109,pointwise_conv,1x576x14x14,101.033509
56,0,imagen.jpeg,110,batchnorm,1x96x14x14,0.441035
56,0,imagen.jpeg,111,layer_add,1x96x14x14,0.203712
56,0,imagen.jpeg,112,pointwise_conv,1x96x14x14,55.36066
56,0,imagen.jpeg,113,batchnorm,1x576x14x14,2.65037
56,0,imagen.jpeg,114,activacion,1x576x14x14,0.975322
56,0,imagen.jpeg,115,depthwise_conv,1x576x14x14,2.767991
56,0,imagen.jpeg,116,batchnorm,1x576x7x7,0.661638
56,0,imagen.jpeg,117,activacion,1x576x7x7,0.233523
56,0,imagen.jpeg,118,pointwise_conv,1x576x7x7,42.709306
56,0,imagen.jpeg,119,batchnorm,1x160x7x7,0.183922
56,0,imagen.jpeg,120,pointwise_conv,1x160x7x7,31.60516
56,0,imagen.jpeg,121,batchnorm,1x960x7x7,1.131483
56,0,imagen.jpeg,122,activacion,1x960x7x7,0.395374
56,0,imagen.jpeg,123,depthwise_conv,1x960x7x7,4.602452
56,0,imagen.jpeg,124,batchnorm,1x960x7x7,1.094562
56,0,imagen.jpeg,125,activacion,1x960x7x7,0.403844
56,0,imagen.jpeg,126,pointwise_conv,1x960x7x7,90.895094
56,0,imagen.jpeg,127,batchnorm,1x160x7x7,0.184942
56,0,imagen.jpeg,128,layer_add,1x160x7x7,0.088071
56,0,imagen.jpeg,129,pointwise_conv,1x160x7x7,31.522408
56,0,imagen.jpeg,130,batchnorm,1x960x7x7,1.110413
56,0,imagen.jpeg,131,activacion,1x960x7x7,0.396654
56,0,imagen.jpeg,132,depthwise_conv,1x960x7x7,4.626483
56,0,imagen.jpeg,133,batchnorm,1x960x7x7,1.111653
56,0,imagen.jpeg,134,activacion,1x960x7x7,0.397415
56,0,imagen.jpeg,135,pointwise_conv,1x960x7x7,90.753952
56,0,imagen.jpeg,136,batchnorm,1x160x7x7,0.186782
56,0,imagen.jpeg,137,layer_add,1x160x7x7,0.088691
56,0,imagen.jpeg,138,pointwise_conv,1x160x7x7,31.509119
56,0,imagen.jpeg,139,batchnorm,1x960x7x7,1.116083
56,0,imagen.jpeg,140,activacion,1x960x7x7,0.404414
56,0,imagen.jpeg,141,depthwise_conv,1x960x7x7,4.588742
56,0,imagen.jpeg,142,batchnorm,1x960x7x7,1.093992
56,0,imagen.jpeg,143,activacion,1x960x7x7,0.316703
56,0,imagen.jpeg,144,pointwise_conv,1x960x7x7,181.565976
56,0,imagen.jpeg,145,batchnorm,1x320x7x7,0.390584
56,0,imagen.jpeg,146,pointwise_conv,1x320x7x7,108.452883
56,0,imagen.jpeg,147,batchnorm,1x1280x7x7,1.494427
56,0,imagen.jpeg,148,activacion,1x1280x7x7,0.525326
56,0,imagen.jpeg,149,pooling,1x1280x7x7,0.299984
56,0,imagen.jpeg,150,linear,1x1280,5.107208
57,0,imagen.jpeg,0,conv2d,1x3x224x224,115.905098
57,0,imagen.jpeg,1,batchnorm,1x32x112x112,9.159164
57,0,imagen.jpeg,2,activacion,1x32x112x112,2.770642
57,0,imagen.jpeg,3,depthwise_conv,1x32x112x112,37.115512
57,0,imagen.jpeg,4,batchnorm,1x32x112x112,9.235085
57,0,imagen.jpeg,5,activacion,1x32x112x112,2.828502
57,0,imagen.jpeg,6,pointwise_conv,1x32x112x112,129.299462
57,0,imagen.jpeg,7,batchnorm,1x16x112x112,4.626003
57,0,imagen.jpeg,8,pointwise_conv,1x16x112x112,171.009636
57,0,imagen.jpeg,9,batchnorm,1x96x112x112,27.800317
57,0,imagen.jpeg,10,activacion,1x96x112x112,9.350167
57,0,imagen.jpeg,11,depthwise_conv,1x96x112x112,29.185262
57,0,imagen.jpeg,12,batchnorm,1x96x56x56,6.890109
57,0,imagen.jpeg,13,activacion,1x96x56x56,2.494648
57,0,imagen.jpeg,14,pointwise_conv,1x96x56x56,95.406096
57,0,imagen.jpeg,15,batchnorm,1x24x56x56,1.7598
57,0,imagen.jpeg,16,pointwise_conv,1x24x56x56,88.318135
57,0,imagen.jpeg,17,batchnorm,1x144x56x56,10.464579
57,0,imagen.jpeg,18,activacion,1x144x56x56,3.492089
57,0,imagen.jpeg,19,depthwise_conv,1x144x56x56,41.826406
57,0,imagen.jpeg,20,batchnorm,1x144x56x56,10.320087
57,0,imagen.jpeg,21,activacion,1x144x56x56,3.949685
57,0,imagen.jpeg,22,pointwise_conv,1x144x56x56,199.231426
57,0,imagen.jpeg,23,batchnorm,1x24x56x56,1.712619
57,0,imagen.jpeg,24,layer_add,1x24x56x56,0.824579
57,0,imagen.jpeg,25,pointwise_conv,1x24x56x56,87.688488
57,0,imagen.jpeg,26,batchnorm,1x144x56x56,10.461999
57,0,imagen.jpeg,27,activacion,1x144x56x56,3.861484
57,0,imagen.jpeg,28,depthwise_conv,1x144x56x56,10.708921
57,0,imagen.jpeg,29,batchnorm,1x144x28x28,2.60113
57,0,imagen.jpeg,30,activacion,1x144x28x28,0.89262
57,0,imagen.jpeg,31,pointwise_conv,1x144x28x28,25.786363
57,0,imagen.jpeg,32,batchnorm,1x32x28x28,0.573997
57,0,imagen.jpeg,33,pointwise_conv,1x32x28x28,34.558133
57,0,imagen.jpeg,34,batchnorm,1x192x28x28,3.47173
57,0,imagen.jpeg,35,activacion,1x192x28x28,1.114492
57,0,imagen.jpeg,36,depthwise_conv,1x192x28x28,14.00754
57,0,imagen.jpeg,37,batchnorm,1x192x28x28,3.52288
57,0,imagen.jpeg,38,activacion,1x192x28x28,1.348235
57,0,imagen.jpeg,39,pointwise_conv,1x192x28x28,38.582849
57,0,imagen.jpeg,40,batchnorm,1x32x28x28,0.572436
57,0,imagen.jpeg,41,layer_add,1x32x28x28,0.273513
57,0,imagen.jpeg,42,pointwise_conv,1x32x28x28,34.558433
57,0,imagen.jpeg,43,batchnorm,1x192x28x28,3.47332
57,0,imagen.jpeg,44,activacion,1x192x28x28,1.181633
57,0,imagen.jpeg,45,depthwise_conv,1x192x28x28,13.994169
57,0,imagen.jpeg,46,batchnorm,1x192x28x28,3.444799
57,0,imagen.jpeg,47,activacion,1x192x28x28,1.338966
57,0,imagen.jpeg,48,pointwise_conv,1x192x28x28,34.103738
57,0,imagen.jpeg,49,batchnorm,1x32x28x28,0.575237
57,0,imagen.jpeg,50,layer_add,1x32x28x28,0.273533
57,0,imagen.jpeg,51,pointwise_conv,1x32x28x28,34.517723
57,0,imagen.jpeg,52,batchnorm,1x192x28x28,3.479579
57,0,imagen.jpeg,53,activacion,1x192x28x28,1.254714
57,0,imagen.jpeg,54,depthwise_conv,1x192x28x28,3.627941
57,0,imagen.jpeg,55,batchnorm,1x192x14x14,0.87661
57,0,imagen.jpeg,56,activacion,1x192x14x14,0.276674
57,0,imagen.jpeg,57,pointwise_conv,1x192x14x14,12.630813
57,0,imagen.jpeg,58,batchnorm,1x64x14x14,0.289434
57,0,imagen.jpeg,59,pointwise_conv,1x64x14x14,24.348867
57,0,imagen.jpeg,60,batchnorm,1x384x14x14,1.75718
57,0,imagen.jpeg,61,activacion,1x384x14x14,0.620468
57,0,imagen.jpeg,62,depthwise_conv,1x384x14x14,7.056931
57,0,imagen.jpeg,63,batchnorm,1x384x14x14,1.738879
57,0,imagen.jpeg,64,activacion,1x384x14x14,0.691688
57,0,imagen.jpeg,65,pointwise_conv,1x384x14x14,30.860781
57,0,imagen.jpeg,66,batchnorm,1x64x14x14,0.289283
57,0,imagen.jpeg,67,layer_add,1x64x14x14,0.137351
57,0,imagen.jpeg,68,pointwise_conv,1x64x14x14,24.291387
57,0,imagen.jpeg,69,batchnorm,1x384x14x14,1.76148
57,0,imagen.jpeg,70,activacion,1x384x14x14,0.630167
57,0,imagen.jpeg,71,depthwise_conv,1x384x14x14,7.06546
57,0,imagen.jpeg,72,batchnorm,1x384x14x14,1.732349
57,0,imagen.jpeg,73,activacion,1x384x14x14,0.716758
57,0,imagen.jpeg,74,pointwise_conv,1x384x14x14,30.76683
57,0,imagen.jpeg,75,batchnorm,1x64x14x14,0.289283
57,0,imagen.jpeg,76,layer_add,1x64x14x14,0.139222
57,0,imagen.jpeg,77,pointwise_conv,1x64x14x14,24.284496
57,0,imagen.jpeg,78,batchnorm,1x384x14x14,1.750489
57,0,imagen.jpeg,79,activacion,1x384x14x14,0.651437
57,0,imagen.jpeg,80,depthwise_conv,1x384x14x14,7.06473
57,0,imagen.jpeg,81,batchnorm,1x384x14x14,1.7554
57,0,imagen.jpeg,82,activacion,1x384x14x14,0.665707
57,0,imagen.jpeg,83,pointwise_conv,1x384x14x14,30.71189
57,0,imagen.jpeg,84,batchnorm,1x64x14x14,0.288403
57,0,imagen.jpeg,85,layer_add,1x64x14x14,0.140252
57,0,imagen.jpeg,86,pointwise_conv,1x64x14x14,24.351297
57,0,imagen.jpeg,87,batchnorm,1x384x14x14,1.76892
57,0,imagen.jpeg,88,activacion,1x384x14x14,0.630367
57,0,imagen.jpeg,89,depthwise_conv,1x384x14x14,7.07615
57,0,imagen.jpeg,90,batchnorm,1x384x14x14,1.75933
57,0,imagen.jpeg,91,activacion,1x384x14x14,0.626317
57,0,imagen.jpeg,92,pointwise_conv,1x384x14x14,46.169175
57,0,imagen.jpeg,93,batchnorm,1x96x14x14,0.433215
57,0,imagen.jpeg,94,pointwise_conv,1x96x14x14,55.38439
57,0,imagen.jpeg,95,batchnorm,1x576x14x14,2.65596
57,0,imagen.jpeg,96,activacion,1x576x14x14,0.971051
57,0,imagen.jpeg,97,depthwise_conv,1x576x14x14,10.615661
57,0,imagen.jpeg,98,batchnorm,1x576x14x14,2.6492
57,0,imagen.jpeg,99,activacion,1x576x14x14,0.966181
57,0,imagen.jpeg,100,pointwise_conv,1x576x14x14,97.429988
57,0,imagen.jpeg,101,batchnorm,1x96x14x14,0.457936
57,0,imagen.jpeg,102,layer_add,1x96x14x14,0.202532
57,0,imagen.jpeg,103,pointwise_conv,1x96x14x14,55.522632
57,0,imagen.jpeg,104,batchnorm,1x576x14x14,2.64166
57,0,imagen.jpeg,105,activacion,1x576x14x14,1.020172
57,0,imagen.jpeg,106,depthwise_conv,1x576x14x14,10.605571
57,0,imagen.jpeg,107,batchnorm,1x576x14x14,2.6242
57,0,imagen.jpeg,108,activacion,1x576x14x14,0.941931
57,0,imagen.jpeg,109,pointwise_conv,1x576x14x14,97.329637
57,0,imagen.jpeg,110,batchnorm,1x96x14x14,0.435675
57,0,imagen.jpeg,111,layer_add,1x96x14x14,0.205922
57,0,imagen.jpeg,112,pointwise_conv,1x96x14x14,55.39766
57,0,imagen.jpeg,113,batchnorm,1x576x14x14,2.65376
57,0,imagen.jpeg,114,activacion,1x576x14x14,0.981212
57,0,imagen.jpeg,115,depthwise_conv,1x576x14x14,2.805652
57,0,imagen.jpeg,116,batchnorm,1x576x7x7,0.660668
57,0,imagen.jpeg,117,activacion,1x576x7x7,0.203162
57,0,imagen.jpeg,118,pointwise_conv,1x576x7x7,42.763287
57,0,imagen.jpeg,119,batchnorm,1x160x7x7,0.184313
57,0,imagen.jpeg,120,pointwise_conv,1x160x7x7,31.580649
57,0,imagen.jpeg,121,batchnorm,1x960x7x7,1.139333
57,0,imagen.jpeg,122,activacion,1x960x7x7,0.404365
57,0,imagen.jpeg,123,depthwise_conv,1x960x7x7,4.608962
57,0,imagen.jpeg,124,batchnorm,1x960x7x7,1.097143
57,0,imagen.jpeg,125,activacion,1x960x7x7,0.404875
57,0,imagen.jpeg,126,pointwise_conv,1x960x7x7,90.768263
57,0,imagen.jpeg,127,batchnorm,1x160x7x7,0.184212
57,0,imagen.jpeg,128,layer_add,1x160x7x7,0.083381
57,0,imagen.jpeg,129,pointwise_conv,1x160x7x7,31.550429
57,0,imagen.jpeg,130,batchnorm,1x960x7x7,1.112522
57,0,imagen.jpeg,131,activacion,1x960x7x7,0.395895
57,0,imagen.jpeg,132,depthwise_conv,1x960x7x7,4.591973
57,0,imagen.jpeg,133,batchnorm,1x960x7x7,1.093292
57,0,imagen.jpeg,134,activacion,1x960x7x7,0.397615
57,0,imagen.jpeg,135,pointwise_conv,1x960x7x7,90.58185
57,0,imagen.jpeg,136,batchnorm,1x160x7x7,0.186502
57,0,imagen.jpeg,137,layer_add,1x160x7x7,0.085391
57,0,imagen.jpeg,138,pointwise_conv,1x160x7x7,31.61894
57,0,imagen.jpeg,139,batchnorm,1x960x7x7,1.116482
57,0,imagen.jpeg,140,activacion,1x960x7x7,0.390795
57,0,imagen.jpeg,141,depthwise_conv,1x960x7x7,4.597862
57,0,imagen.jpeg,142,batchnorm,1x960x7x7,1.111963
57,0,imagen.jpeg,143,activacion,1x960x7x7,0.320794
57,0,imagen.jpeg,144,pointwise_conv,1x960x7x7,181.168791
57,0,imagen.jpeg,145,batchnorm,1x320x7x7,0.372564
57,0,imagen.jpeg,146,pointwise_conv,1x320x7x7,108.448224
57,0,imagen.jpeg,147,batchnorm,1x1280x7x7,1.493017
57,0,imagen.jpeg,148,activacion,1x1280x7x7,0.531236
57,0,imagen.jpeg,149,pooling,1x1280x7x7,0.264623
57,0,imagen.jpeg,150,linear,1x1280,5.125318
58,0,imagen.jpeg,0,conv2d,1x3x224x224,114.936598
58,0,imagen.jpeg,1,batchnorm,1x32x112x112,9.158754
58,0,imagen.jpeg,2,activacion,1x32x112x112,2.804942
58,0,imagen.jpeg,3,depthwise_conv,1x32x112x112,37.015801
58,0,imagen.jpeg,4,batchnorm,1x32x112x112,9.258786
58,0,imagen.jpeg,5,activacion,1x32x112x112,2.800552
58,0,imagen.jpeg,6,pointwise_conv,1x32x112x112,129.24187
58,0,imagen.jpeg,7,batchnorm,1x16x112x112,4.600232
58,0,imagen.jpeg,8,pointwise_conv,1x16x112x112,171.453181
58,0,imagen.jpeg,9,batchnorm,1x96x112x112,27.731316
58,0,imagen.jpeg,10,activacion,1x96x112x112,9.345626
58,0,imagen.jpeg,11,depthwise_conv,1x96x112x112,29.104591
58,0,imagen.jpeg,12,batchnorm,1x96x56x56,6.898349
58,0,imagen.jpeg,13,activacion,1x96x56x56,2.475188
58,0,imagen.jpeg,14,pointwise_conv,1x96x56x56,96.121194
58,0,imagen.jpeg,15,batchnorm,1x24x56x56,1.708289
58,0,imagen.jpeg,16,pointwise_conv,1x24x56x56,88.289245
58,0,imagen.jpeg,17,batchnorm,1x144x56x56,10.454439
58,0,imagen.jpeg,18,activacion,1x144x56x56,3.5798
58,0,imagen.jpeg,19,depthwise_conv,1x144x56x56,41.819906
58,0,imagen.jpeg,20,batchnorm,1x144x56x56,10.363238
58,0,imagen.jpeg,21,activacion,1x144x56x56,3.944425
58,0,imagen.jpeg,22,pointwise_conv,1x144x56x56,199.085975
58,0,imagen.jpeg,23,batchnorm,1x24x56x56,1.76028
58,0,imagen.jpeg,24,layer_add,1x24x56x56,0.841809
58,0,imagen.jpeg,25,pointwise_conv,1x24x56x56,87.618397
58,0,imagen.jpeg,26,batchnorm,1x144x56x56,10.53558
58,0,imagen.jpeg,27,activacion,1x144x56x56,3.865824
58,0,imagen.jpeg,28,depthwise_conv,1x144x56x56,10.657281
58,0,imagen.jpeg,29,batchnorm,1x144x28x28,2.60919
58,0,imagen.jpeg,30,activacion,1x144x28x28,0.89538
58,0,imagen.jpeg,31,pointwise_conv,1x144x28x28,25.588461
58,0,imagen.jpeg,32,batchnorm,1x32x28x28,0.567367
58,0,imagen.jpeg,33,pointwise_conv,1x32x28x28,34.525163
58,0,imagen.jpeg,34,batchnorm,1x192x28x28,3.461179
58,0,imagen.jpeg,35,activacion,1x192x28x28,1.116982
58,0,imagen.jpeg,36,depthwise_conv,1x192x28x28,13.968759
58,0,imagen.jpeg,37,batchnorm,1x192x28x28,3.50982
58,0,imagen.jpeg,38,activacion,1x192x28x28,1.340726
58,0,imagen.jpeg,39,pointwise_conv,1x192x28x28,34.101288
58,0,imagen.jpeg,40,batchnorm,1x32x28x28,0.568466
58,0,imagen.jpeg,41,layer_add,1x32x28x28,0.274063
58,0,imagen.jpeg,42,pointwise_conv,1x32x28x28,34.552533
58,0,imagen.jpeg,43,batchnorm,1x192x28x28,3.470669
58,0,imagen.jpeg,44,activacion,1x192x28x28,1.183973
58,0,imagen.jpeg,45,depthwise_conv,1x192x28x28,14.00438
58,0,imagen.jpeg,46,batchnorm,1x192x28x28,3.468649
58,0,imagen.jpeg,47,activacion,1x192x28x28,1.340145
58,0,imagen.jpeg,48,pointwise_conv,1x192x28x28,34.726806
58,0,imagen.jpeg,49,batchnorm,1x32x28x28,0.576547
58,0,imagen.jpeg,50,layer_add,1x32x28x28,0.271123
58,0,imagen.jpeg,51,pointwise_conv,1x32x28x28,34.480982
58,0,imagen.jpeg,52,batchnorm,1x192x28x28,3.50458
58,0,imagen.jpeg,53,activacion,1x192x28x28,1.337686
58,0,imagen.jpeg,54,depthwise_conv,1x192x28x28,3.737662
58,0,imagen.jpeg,55,batchnorm,1x192x14x14,0.89493
58,0,imagen.jpeg,56,activacion,1x192x14x14,0.278933
58,0,imagen.jpeg,57,pointwise_conv,1x192x14x14,12.947268
58,0,imagen.jpeg,58,batchnorm,1x64x14x14,0.291974
58,0,imagen.jpeg,59,pointwise_conv,1x64x14x14,24.391538
58,0,imagen.jpeg,60,batchnorm,1x384x14x14,1.75762
58,0,imagen.jpeg,61,activacion,1x384x14x14,0.581897
58,0,imagen.jpeg,62,depthwise_conv,1x384x14x14,7.063551
58,0,imagen.jpeg,63,batchnorm,1x384x14x14,1.75356
58,0,imagen.jpeg,64,activacion,1x384x14x14,0.690068
58,0,imagen.jpeg,65,pointwise_conv,1x384x14x14,30.71605
58,0,imagen.jpeg,66,batchnorm,1x64x14x14,0.288393
58,0,imagen.jpeg,67,layer_add,1x64x14x14,0.142182
58,0,imagen.jpeg,68,pointwise_conv,1x64x14x14,24.351587
58,0,imagen.jpeg,69,batchnorm,1x384x14x14,1.76137
58,0,imagen.jpeg,70,activacion,1x384x14x14,0.636477
58,0,imagen.jpeg,71,depthwise_conv,1x384x14x14,7.04401
58,0,imagen.jpeg,72,batchnorm,1x384x14x14,1.735949
58,0,imagen.jpeg,73,activacion,1x384x14x14,0.671868
58,0,imagen.jpeg,74,pointwise_conv,1x384x14x14,30.753269
58,0,imagen.jpeg,75,batchnorm,1x64x14x14,0.289953
58,0,imagen.jpeg,76,layer_add,1x64x14x14,0.138282
58,0,imagen.jpeg,77,pointwise_conv,1x64x14x14,24.289726
58,0,imagen.jpeg,78,batchnorm,1x384x14x14,1.747159
58,0,imagen.jpeg,79,activacion,1x384x14x14,0.662368
58,0,imagen.jpeg,80,depthwise_conv,1x384x14x14,7.071391
58,0,imagen.jpeg,81,batchnorm,1x384x14x14,1.773151
58,0,imagen.jpeg,82,activacion,1x384x14x14,0.639308
58,0,imagen.jpeg,83,pointwise_conv,1x384x14x14,30.78365
58,0,imagen.jpeg,84,batchnorm,1x64x14x14,0.288674
58,0,imagen.jpeg,85,layer_add,1x64x14x14,0.138811
58,0,imagen.jpeg,86,pointwise_conv,1x64x14x14,24.458978
58,0,imagen.jpeg,87,batchnorm,1x384x14x14,1.770821
58,0,imagen.jpeg,88,activacion,1x384x14x14,0.628017
58,0,imagen.jpeg,89,depthwise_conv,1x384x14x14,7.0604
58,0,imagen.jpeg,90,batchnorm,1x384x14x14,1.73057
58,0,imagen.jpeg,91,activacion,1x384x14x14,0.652638
58,0,imagen.jpeg,92,pointwise_conv,1x384x14x14,46.028054
58,0,imagen.jpeg,93,batchnorm,1x96x14x14,0.432515
58,0,imagen.jpeg,94,pointwise_conv,1x96x14x14,55.38389
58,0,imagen.jpeg,95,batchnorm,1x576x14x14,2.654851
58,0,imagen.jpeg,96,activacion,1x576x14x14,0.973251
58,0,imagen.jpeg,97,depthwise_conv,1x576x14x14,10.610111
58,0,imagen.jpeg,98,batchnorm,1x576x14x14,2.65333
58,0,imagen.jpeg,99,activacion,1x576x14x14,0.967631
58,0,imagen.jpeg,100,pointwise_conv,1x576x14x14,97.366107
58,0,imagen.jpeg,101,batchnorm,1x96x14x14,0.435715
58,0,imagen.jpeg,102,layer_add,1x96x14x14,0.207333
58,0,imagen.jpeg,103,pointwise_conv,1x96x14x14,55.477731
58,0,imagen.jpeg,104,batchnorm,1x576x14x14,2.63024
58,0,imagen.jpeg,105,activacion,1x576x14x14,1.089633
58,0,imagen.jpeg,106,depthwise_conv,1x576x14x14,10.660011
58,0,imagen.jpeg,107,batchnorm,1x576x14x14,2.64977
58,0,imagen.jpeg,108,activacion,1x576x14x14,0.944851
58,0,imagen.jpeg,109,pointwise_conv,1x576x14x14,97.423579
58,0,imagen.jpeg,110,batchnorm,1x96x14x14,0.435595
58,0,imagen.jpeg,111,layer_add,1x96x14x14,0.207792
58,0,imagen.jpeg,112,pointwise_conv,1x96x14x14,55.33729
58,0,imagen.jpeg,113,batchnorm,1x576x14x14,2.660251
58,0,imagen.jpeg,114,activacion,1x576x14x14,1.022282
58,0,imagen.jpeg,115,depthwise_conv,1x576x14x14,2.797891
58,0,imagen.jpeg,116,batchnorm,1x576x7x7,0.664318
58,0,imagen.jpeg,117,activacion,1x576x7x7,0.203632
58,0,imagen.jpeg,118,pointwise_conv,1x576x7x7,42.683556
58,0,imagen.jpeg,119,batchnorm,1x160x7x7,0.183652
58,0,imagen.jpeg,120,pointwise_conv,1x160x7x7,31.515789
58,0,imagen.jpeg,121,batchnorm,1x960x7x7,1.110163
58,0,imagen.jpeg,122,activacion,1x960x7x7,0.432195
58,0,imagen.jpeg,123,depthwise_conv,1x960x7x7,4.610393
58,0,imagen.jpeg,124,batchnorm,1x960x7x7,1.095553
58,0,imagen.jpeg,125,activacion,1x960x7x7,0.405075
58,0,imagen.jpeg,126,pointwise_conv,1x960x7x7,90.614241
58,0,imagen.jpeg,127,batchnorm,1x160x7x7,0.184992
58,0,imagen.jpeg,128,layer_add,1x160x7x7,0.087501
58,0,imagen.jpeg,129,pointwise_conv,1x160x7x7,31.555689
58,0,imagen.jpeg,130,batchnorm,1x960x7x7,1.132993
58,0,imagen.jpeg,131,activacion,1x960x7x7,0.407084
58,0,imagen.jpeg,132,depthwise_conv,1x960x7x7,4.633143
58,0,imagen.jpeg,133,batchnorm,1x960x7x7,1.107893
58,0,imagen.jpeg,134,activacion,1x960x7x7,0.399104
58,0,imagen.jpeg,135,pointwise_conv,1x960x7x7,90.743753
58,0,imagen.jpeg,136,batchnorm,1x160x7x7,0.186912
58,0,imagen.jpeg,137,layer_add,1x160x7x7,0.087861
58,0,imagen.jpeg,138,pointwise_conv,1x160x7x7,31.506309
58,0,imagen.jpeg,139,batchnorm,1x960x7x7,1.137833
58,0,imagen.jpeg,140,activacion,1x960x7x7,0.397205
58,0,imagen.jpeg,141,depthwise_conv,1x960x7x7,4.696774
58,0,imagen.jpeg,142,batchnorm,1x960x7x7,1.094573
58,0,imagen.jpeg,143,activacion,1x960x7x7,0.335504
58,0,imagen.jpeg,144,pointwise_conv,1x960x7x7,181.554276
58,0,imagen.jpeg,145,batchnorm,1x320x7x7,0.374924
58,0,imagen.jpeg,146,pointwise_conv,1x320x7x7,108.442064
58,0,imagen.jpeg,147,batchnorm,1x1280x7x7,1.494727
58,0,imagen.jpeg,148,activacion,1x1280x7x7,0.535856
58,0,imagen.jpeg,149,pooling,1x1280x7x7,0.263953
58,0,imagen.jpeg,150,linear,1x1280,5.142259
59,0,imagen.jpeg,0,conv2d,1x3x224x224,115.001229
59,0,imagen.jpeg,1,batchnorm,1x32x112x112,9.144554
59,0,imagen.jpeg,2,activacion,1x32x112x112,2.797982
59,0,imagen.jpeg,3,depthwise_conv,1x32x112x112,37.100932
59,0,imagen.jpeg,4,batchnorm,1x32x112x112,9.282136
59,0,imagen.jpeg,5,activacion,1x32x112x112,2.800602
59,0,imagen.jpeg,6,pointwise_conv,1x32x112x112,129.090399
59,0,imagen.jpeg,7,batchnorm,1x16x112x112,4.599082
59,0,imagen.jpeg,8,pointwise_conv,1x16x112x112,170.592741
59,0,imagen.jpeg,9,batchnorm,1x96x112x112,27.730655
59,0,imagen.jpeg,10,activacion,1x96x112x112,9.339856
59,0,imagen.jpeg,11,depthwise_conv,1x96x112x112,29.112251
59,0,imagen.jpeg,12,batchnorm,1x96x56x56,6.863648
59,0,imagen.jpeg,13,activacion,1x96x56x56,2.473258
59,0,imagen.jpeg,14,pointwise_conv,1x96x56x56,99.550943
59,0,imagen.jpeg,15,batchnorm,1x24x56x56,1.745269
59,0,imagen.jpeg,16,pointwise_conv,1x24x56x56,88.407456
59,0,imagen.jpeg,17,batchnorm,1x144x56x56,10.457799
59,0,imagen.jpeg,18,activacion,1x144x56x56,3.54066
59,0,imagen.jpeg,19,depthwise_conv,1x144x56x56,41.877857
59,0,imagen.jpeg,20,batchnorm,1x144x56x56,10.448098
59,0,imagen.jpeg,21,activacion,1x144x56x56,3.961935
59,0,imagen.jpeg,22,pointwise_conv,1x144x56x56,198.993325
59,0,imagen.jpeg,23,batchnorm,1x24x56x56,1.71421
59,0,imagen.jpeg,24,layer_add,1x24x56x56,0.774888
59,0,imagen.jpeg,25,pointwise_conv,1x24x56x56,87.787939
59,0,imagen.jpeg,26,batchnorm,1x144x56x56,10.439579
59,0,imagen.jpeg,27,activacion,1x144x56x56,3.865604
59,0,imagen.jpeg,28,depthwise_conv,1x144x56x56,10.633751
59,0,imagen.jpeg,29,batchnorm,1x144x28x28,2.59504
59,0,imagen.jpeg,30,activacion,1x144x28x28,0.90368
59,0,imagen.jpeg,31,pointwise_conv,1x144x28x28,25.615461
59,0,imagen.jpeg,32,batchnorm,1x32x28x28,0.568597
59,0,imagen.jpeg,33,pointwise_conv,1x32x28x28,34.560653
59,0,imagen.jpeg,34,batchnorm,1x192x28x28,3.53487
59,0,imagen.jpeg,35,activacion,1x192x28x28,1.116762
59,0,imagen.jpeg,36,depthwise_conv,1x192x28x28,13.99926
59,0,imagen.jpeg,37,batchnorm,1x192x28x28,3.45758
59,0,imagen.jpeg,38,activacion,1x192x28x28,1.341495
59,0,imagen.jpeg,39,pointwise_conv,1x192x28x28,34.105309
59,0,imagen.jpeg,40,batchnorm,1x32x28x28,0.568906
59,0,imagen.jpeg,41,layer_add,1x32x28x28,0.278063
59,0,imagen.jpeg,42,pointwise_conv,1x32x28x28,34.593164
59,0,imagen.jpeg,43,batchnorm,1x192x28x28,3.47875
59,0,imagen.jpeg,44,activacion,1x192x28x28,1.183704
59,0,imagen.jpeg,45,depthwise_conv,1x192x28x28,14.0518
59,0,imagen.jpeg,46,batchnorm,1x192x28x28,3.446829
59,0,imagen.jpeg,47,activacion,1x192x28x28,1.338245
59,0,imagen.jpeg,48,pointwise_conv,1x192x28x28,34.147219
59,0,imagen.jpeg,49,batchnorm,1x32x28x28,0.571846
59,0,imagen.jpeg,50,layer_add,1x32x28x28,0.273053
59,0,imagen.jpeg,51,pointwise_conv,1x32x28x28,34.506972
59,0,imagen.jpeg,52,batchnorm,1x192x28x28,3.46784
59,0,imagen.jpeg,53,activacion,1x192x28x28,1.253184
59,0,imagen.jpeg,54,depthwise_conv,1x192x28x28,3.804944
59,0,imagen.jpeg,55,batchnorm,1x192x14x14,0.87458
59,0,imagen.jpeg,56,activacion,1x192x14x14,0.276993
59,0,imagen.jpeg,57,pointwise_conv,1x192x14x14,12.724835
59,0,imagen.jpeg,58,batchnorm,1x64x14x14,0.288883
59,0,imagen.jpeg,59,pointwise_conv,1x64x14x14,24.320897
59,0,imagen.jpeg,60,batchnorm,1x384x14x14,1.75249
59,0,imagen.jpeg,61,activacion,1x384x14x14,0.581087
59,0,imagen.jpeg,62,depthwise_conv,1x384x14x14,7.05063
59,0,imagen.jpeg,63,batchnorm,1x384x14x14,1.74665
59,0,imagen.jpeg,64,activacion,1x384x14x14,0.694218
59,0,imagen.jpeg,65,pointwise_conv,1x384x14x14,30.70721
59,0,imagen.jpeg,66,batchnorm,1x64x14x14,0.290673
59,0,imagen.jpeg,67,layer_add,1x64x14x14,0.137931
59,0,imagen.jpeg,68,pointwise_conv,1x64x14x14,24.369657
59,0,imagen.jpeg,69,batchnorm,1x384x14x14,1.77648
59,0,imagen.jpeg,70,activacion,1x384x14x14,0.614877
59,0,imagen.jpeg,71,depthwise_conv,1x384x14x14,7.137001
59,0,imagen.jpeg,72,batchnorm,1x384x14x14,1.740479
59,0,imagen.jpeg,73,activacion,1x384x14x14,0.711368
59,0,imagen.jpeg,74,pointwise_conv,1x384x14x14,30.7545
59,0,imagen.jpeg,75,batchnorm,1x64x14x14,0.288053
59,0,imagen.jpeg,76,layer_add,1x64x14x14,0.138212
59,0,imagen.jpeg,77,pointwise_conv,1x64x14x14,24.294787
59,0,imagen.jpeg,78,batchnorm,1x384x14x14,1.74987
59,0,imagen.jpeg,79,activacion,1x384x14x14,0.653087
59,0,imagen.jpeg,80,depthwise_conv,1x384x14x14,7.074241
59,0,imagen.jpeg,81,batchnorm,1x384x14x14,1.76029
59,0,imagen.jpeg,82,activacion,1x384x14x14,0.663147
59,0,imagen.jpeg,83,pointwise_conv,1x384x14x14,30.77722
59,0,imagen.jpeg,84,batchnorm,1x64x14x14,0.290093
59,0,imagen.jpeg,85,layer_add,1x64x14x14,0.135372
59,0,imagen.jpeg,86,pointwise_conv,1x64x14x14,24.288317
59,0,imagen.jpeg,87,batchnorm,1x384x14x14,1.76428
59,0,imagen.jpeg,88,activacion,1x384x14x14,0.632967
59,0,imagen.jpeg,89,depthwise_conv,1x384x14x14,7.05978
59,0,imagen.jpeg,90,batchnorm,1x384x14x14,1.73705
59,0,imagen.jpeg,91,activacion,1x384x14x14,0.653028
59,0,imagen.jpeg,92,pointwise_conv,1x384x14x14,46.075404
59,0,imagen.jpeg,93,batchnorm,1x96x14x14,0.432115
59,0,imagen.jpeg,94,pointwise_conv,1x96x14x14,55.39495
59,0,imagen.jpeg,95,batchnorm,1x576x14x14,2.66462
59,0,imagen.jpeg,96,activacion,1x576x14x14,0.969401
59,0,imagen.jpeg,97,depthwise_conv,1x576x14x14,10.610191
59,0,imagen.jpeg,98,batchnorm,1x576x14x14,2.64273
59,0,imagen.jpeg,99,activacion,1x576x14x14,0.968931
59,0,imagen.jpeg,100,pointwise_conv,1x576x14x14,97.489379
59,0,imagen.jpeg,101,batchnorm,1x96x14x14,0.456856
59,0,imagen.jpeg,102,layer_add,1x96x14x14,0.206372
59,0,imagen.jpeg,103,pointwise_conv,1x96x14x14,55.526432
59,0,imagen.jpeg,104,batchnorm,1x576x14x14,2.63837
59,0,imagen.jpeg,105,activacion,1x576x14x14,1.038971
59,0,imagen.jpeg,106,depthwise_conv,1x576x14x14,10.601331
59,0,imagen.jpeg,107,batchnorm,1x576x14x14,2.64238
59,0,imagen.jpeg,108,activacion,1x576x14x14,0.943841
59,0,imagen.jpeg,109,pointwise_conv,1x576x14x14,97.55801
59,0,imagen.jpeg,110,batchnorm,1x96x14x14,0.438915
59,0,imagen.jpeg,111,layer_add,1x96x14x14,0.210863
59,0,imagen.jpeg,112,pointwise_conv,1x96x14x14,55.34333
59,0,imagen.jpeg,113,batchnorm,1x576x14x14,2.647461
59,0,imagen.jpeg,114,activacion,1x576x14x14,0.986031
59,0,imagen.jpeg,115,depthwise_conv,1x576x14x14,2.796912
59,0,imagen.jpeg,116,batchnorm,1x576x7x7,0.661818
59,0,imagen.jpeg,117,activacion,1x576x7x7,0.203522
59,0,imagen.jpeg,118,pointwise_conv,1x576x7x7,42.750156
59,0,imagen.jpeg,119,batchnorm,1x160x7x7,0.183852
59,0,imagen.jpeg,120,pointwise_conv,1x160x7x7,31.539159
59,0,imagen.jpeg,121,batchnorm,1x960x7x7,1.138753
59,0,imagen.jpeg,122,activacion,1x960x7x7,0.404355
59,0,imagen.jpeg,123,depthwise_conv,1x960x7x7,4.614473
59,0,imagen.jpeg,124,batchnorm,1x960x7x7,1.097513
59,0,imagen.jpeg,125,activacion,1x960x7x7,0.406125
59,0,imagen.jpeg,126,pointwise_conv,1x960x7x7,90.677192
59,0,imagen.jpeg,127,batchnorm,1x160x7x7,0.185552
59,0,imagen.jpeg,128,layer_add,1x160x7x7,0.083571
59,0,imagen.jpeg,129,pointwise_conv,1x160x7x7,31.547949
59,0,imagen.jpeg,130,batchnorm,1x960x7x7,1.134263
59,0,imagen.jpeg,131,activacion,1x960x7x7,0.408035
59,0,imagen.jpeg,132,depthwise_conv,1x960x7x7,4.608962
59,0,imagen.jpeg,133,batchnorm,1x960x7x7,1.095452
59,0,imagen.jpeg,134,activacion,1x960x7x7,0.397985
59,0,imagen.jpeg,135,pointwise_conv,1x960x7x7,90.588571
59,0,imagen.jpeg,136,batchnorm,1x160x7x7,0.184973
59,0,imagen.jpeg,137,layer_add,1x160x7x7,0.087031
59,0,imagen.jpeg,138,pointwise_conv,1x160x7x7,31.534749
59,0,imagen.jpeg,139,batchnorm,1x960x7x7,1.119082
59,0,imagen.jpeg,140,activacion,1x960x7x7,0.394585
59,0,imagen.jpeg,141,depthwise_conv,1x960x7x7,4.602133
59,0,imagen.jpeg,142,batchnorm,1x960x7x7,1.095993
59,0,imagen.jpeg,143,activacion,1x960x7x7,0.322124
59,0,imagen.jpeg,144,pointwise_conv,1x960x7x7,181.189412
59,0,imagen.jpeg,145,batchnorm,1x320x7x7,0.374334
59,0,imagen.jpeg,146,pointwise_conv,1x320x7x7,108.464524
59,0,imagen.jpeg,147,batchnorm,1x1280x7x7,1.497937
59,0,imagen.jpeg,148,activacion,1x1280x7x7,0.545596
59,0,imagen.jpeg,149,pooling,1x1280x7x7,0.264303
59,0,imagen.jpeg,150,linear,1x1280,5.125939
60,0,imagen.jpeg,0,conv2d,1x3x224x224,114.567084
60,0,imagen.jpeg,1,batchnorm,1x32x112x112,9.172175
60,0,imagen.jpeg,2,activacion,1x32x112x112,2.808612
60,0,imagen.jpeg,3,depthwise_conv,1x32x112x112,37.087482
60,0,imagen.jpeg,4,batchnorm,1x32x112x112,9.226615
60,0,imagen.jpeg,5,activacion,1x32x112x112,2.819532
60,0,imagen.jpeg,6,pointwise_conv,1x32x112x112,129.897208
60,0,imagen.jpeg,7,batchnorm,1x16x112x112,4.593962
60,0,imagen.jpeg,8,pointwise_conv,1x16x112x112,171.042487
60,0,imagen.jpeg,9,batchnorm,1x96x112x112,27.704125
60,0,imagen.jpeg,10,activacion,1x96x112x112,9.359966
60,0,imagen.jpeg,11,depthwise_conv,1x96x112x112,29.090941
60,0,imagen.jpeg,12,batchnorm,1x96x56x56,6.885228
60,0,imagen.jpeg,13,activacion,1x96x56x56,2.475988
60,0,imagen.jpeg,14,pointwise_conv,1x96x56x56,94.91384
60,0,imagen.jpeg,15,batchnorm,1x24x56x56,1.76633
60,0,imagen.jpeg,16,pointwise_conv,1x24x56x56,88.358935
60,0,imagen.jpeg,17,batchnorm,1x144x56x56,10.457139
60,0,imagen.jpeg,18,activacion,1x144x56x56,3.541021
60,0,imagen.jpeg,19,depthwise_conv,1x144x56x56,42.088779
60,0,imagen.jpeg,20,batchnorm,1x144x56x56,10.305667
60,0,imagen.jpeg,21,activacion,1x144x56x56,3.949085
60,0,imagen.jpeg,22,pointwise_conv,1x144x56x56,199.211237
60,0,imagen.jpeg,23,batchnorm,1x24x56x56,1.76586
60,0,imagen.jpeg,24,layer_add,1x24x56x56,0.82525
60,0,imagen.jpeg,25,pointwise_conv,1x24x56x56,87.642537
60,0,imagen.jpeg,26,batchnorm,1x144x56x56,10.456209
60,0,imagen.jpeg,27,activacion,1x144x56x56,3.878155
60,0,imagen.jpeg,28,depthwise_conv,1x144x56x56,10.661001
60,0,imagen.jpeg,29,batchnorm,1x144x28x28,2.58221
60,0,imagen.jpeg,30,activacion,1x144x28x28,0.89771
60,0,imagen.jpeg,31,pointwise_conv,1x144x28x28,25.54818
60,0,imagen.jpeg,32,batchnorm,1x32x28x28,0.567216
60,0,imagen.jpeg,33,pointwise_conv,1x32x28x28,34.602534
60,0,imagen.jpeg,34,batchnorm,1x192x28x28,3.477999
60,0,imagen.jpeg,35,activacion,1x192x28x28,1.115453
60,0,imagen.jpeg,36,depthwise_conv,1x192x28x28,14.032099
60,0,imagen.jpeg,37,batchnorm,1x192x28x28,3.453019
60,0,imagen.jpeg,38,activacion,1x192x28x28,1.340395
60,0,imagen.jpeg,39,pointwise_conv,1x192x28x28,34.198649
60,0,imagen.jpeg,40,batchnorm,1x32x28x28,0.569486
60,0,imagen.jpeg,41,layer_add,1x32x28x28,0.275853
60,0,imagen.jpeg,42,pointwise_conv,1x32x28x28,34.552423
60,0,imagen.jpeg,43,batchnorm,1x192x28x28,3.53328
60,0,imagen.jpeg,44,activacion,1x192x28x28,1.182633
60,0,imagen.jpeg,45,depthwise_conv,1x192x28x28,13.992009
60,0,imagen.jpeg,46,batchnorm,1x192x28x28,3.44483
60,0,imagen.jpeg,47,activacion,1x192x28x28,1.340885
60,0,imagen.jpeg,48,pointwise_conv,1x192x28x28,34.170409
60,0,imagen.jpeg,49,batchnorm,1x32x28x28,0.573377
60,0,imagen.jpeg,50,layer_add,1x32x28x28,0.275083
60,0,imagen.jpeg,51,pointwise_conv,1x32x28x28,34.520333
60,0,imagen.jpeg,52,batchnorm,1x192x28x28,3.466769
60,0,imagen.jpeg,53,activacion,1x192x28x28,1.254155
60,0,imagen.jpeg,54,depthwise_conv,1x192x28x28,3.656561
60,0,imagen.jpeg,55,batchnorm,1x192x14x14,0.87567
60,0,imagen.jpeg,56,activacion,1x192x14x14,0.276604
60,0,imagen.jpeg,57,pointwise_conv,1x192x14x14,12.673644
60,0,imagen.jpeg,58,batchnorm,1x64x14x14,0.288874
60,0,imagen.jpeg,59,pointwise_conv,1x64x14x14,24.295807
60,0,imagen.jpeg,60,batchnorm,1x384x14x14,1.760821
60,0,imagen.jpeg,61,activacion,1x384x14x14,0.557826
60,0,imagen.jpeg,62,depthwise_conv,1x384x14x14,7.07926
60,0,imagen.jpeg,63,batchnorm,1x384x14x14,1.76082
60,0,imagen.jpeg,64,activacion,1x384x14x14,0.663997
60,0,imagen.jpeg,65,pointwise_conv,1x384x14x14,30.8266
60,0,imagen.jpeg,66,batchnorm,1x64x14x14,0.288353
60,0,imagen.jpeg,67,layer_add,1x64x14x14,0.138932
60,0,imagen.jpeg,68,pointwise_conv,1x64x14x14,24.348637
60,0,imagen.jpeg,69,batchnorm,1x384x14x14,1.75699
60,0,imagen.jpeg,70,activacion,1x384x14x14,0.616957
60,0,imagen.jpeg,71,depthwise_conv,1x384x14x14,7.06768
60,0,imagen.jpeg,72,batchnorm,1x384x14x14,1.73158
60,0,imagen.jpeg,73,activacion,1x384x14x14,0.676867
60,0,imagen.jpeg,74,pointwise_conv,1x384x14x14,30.693389
60,0,imagen.jpeg,75,batchnorm,1x64x14x14,0.303423
60,0,imagen.jpeg,76,layer_add,1x64x14x14,0.139672
60,0,imagen.jpeg,77,pointwise_conv,1x64x14x14,24.278186
60,0,imagen.jpeg,78,batchnorm,1x384x14x14,1.750639
60,0,imagen.jpeg,79,activacion,1x384x14x14,0.646647
60,0,imagen.jpeg,80,depthwise_conv,1x384x14x14,7.0482
60,0,imagen.jpeg,81,batchnorm,1x384x14x14,1.74588
60,0,imagen.jpeg,82,activacion,1x384x14x14,0.663727
60,0,imagen.jpeg,83,pointwise_conv,1x384x14x14,30.8039
60,0,imagen.jpeg,84,batchnorm,1x64x14x14,0.288253
60,0,imagen.jpeg,85,layer_add,1x64x14x14,0.136892
60,0,imagen.jpeg,86,pointwise_conv,1x64x14x14,24.296976
60,0,imagen.jpeg,87,batchnorm,1x384x14x14,1.76449
60,0,imagen.jpeg,88,activacion,1x384x14x14,0.633228
60,0,imagen.jpeg,89,depthwise_conv,1x384x14x14,7.063631
60,0,imagen.jpeg,90,batchnorm,1x384x14x14,1.73888
60,0,imagen.jpeg,91,activacion,1x384x14x14,0.636227
60,0,imagen.jpeg,92,pointwise_conv,1x384x14x14,46.078575
60,0,imagen.jpeg,93,batchnorm,1x96x14x14,0.435925
60,0,imagen.jpeg,94,pointwise_conv,1x96x14x14,55.38065
60,0,imagen.jpeg,95,batchnorm,1x576x14x14,2.64769
60,0,imagen.jpeg,96,activacion,1x576x14x14,0.971641
60,0,imagen.jpeg,97,depthwise_conv,1x576x14x14,10.609571
60,0,imagen.jpeg,98,batchnorm,1x576x14x14,2.655571
60,0,imagen.jpeg,99,activacion,1x576x14x14,0.964981
60,0,imagen.jpeg,100,pointwise_conv,1x576x14x14,97.52712
60,0,imagen.jpeg,101,batchnorm,1x96x14x14,0.437965
60,0,imagen.jpeg,102,layer_add,1x96x14x14,0.203852
60,0,imagen.jpeg,103,pointwise_conv,1x96x14x14,55.533002
60,0,imagen.jpeg,104,batchnorm,1x576x14x14,2.63717
60,0,imagen.jpeg,105,activacion,1x576x14x14,1.020632
60,0,imagen.jpeg,106,depthwise_conv,1x576x14x14,10.605911
60,0,imagen.jpeg,107,batchnorm,1x576x14x14,2.63926
60,0,imagen.jpeg,108,activacion,1x576x14x14,0.972061
60,0,imagen.jpeg,109,pointwise_conv,1x576x14x14,97.647612
60,0,imagen.jpeg,110,batchnorm,1x96x14x14,0.435265
60,0,imagen.jpeg,111,layer_add,1x96x14x14,0.203833
60,0,imagen.jpeg,112,pointwise_conv,1x96x14x14,55.393061
60,0,imagen.jpeg,113,batchnorm,1x576x14x14,2.64926
60,0,imagen.jpeg,114,activacion,1x576x14x14,0.986902
60,0,imagen.jpeg,115,depthwise_conv,1x576x14x14,2.809942
60,0,imagen.jpeg,116,batchnorm,1x576x7x7,0.661318
60,0,imagen.jpeg,117,activacion,1x576x7x7,0.203212
60,0,imagen.jpeg,118,pointwise_conv,1x576x7x7,42.762127
60,0,imagen.jpeg,119,batchnorm,1x160x7x7,0.184742
60,0,imagen.jpeg,120,pointwise_conv,1x160x7x7,31.509269
60,0,imagen.jpeg,121,batchnorm,1x960x7x7,1.139743
60,0,imagen.jpeg,122,activacion,1x960x7x7,0.394165
60,0,imagen.jpeg,123,depthwise_conv,1x960x7x7,4.621662
60,0,imagen.jpeg,124,batchnorm,1x960x7x7,1.095392
60,0,imagen.jpeg,125,activacion,1x960x7x7,0.420014
60,0,imagen.jpeg,126,pointwise_conv,1x960x7x7,90.629911
60,0,imagen.jpeg,127,batchnorm,1x160x7x7,0.184602
60,0,imagen.jpeg,128,layer_add,1x160x7x7,0.087591
60,0,imagen.jpeg,129,pointwise_conv,1x160x7x7,31.509288
60,0,imagen.jpeg,130,batchnorm,1x960x7x7,1.112733
60,0,imagen.jpeg,131,activacion,1x960x7x7,0.400264
60,0,imagen.jpeg,132,depthwise_conv,1x960x7x7,4.605653
60,0,imagen.jpeg,133,batchnorm,1x960x7x7,1.094853
60,0,imagen.jpeg,134,activacion,1x960x7x7,0.398954
60,0,imagen.jpeg,135,pointwise_conv,1x960x7x7,90.53622
60,0,imagen.jpeg,136,batchnorm,1x160x7x7,0.202492
60,0,imagen.jpeg,137,layer_add,1x160x7x7,0.087721
60,0,imagen.jpeg,138,pointwise_conv,1x160x7x7,31.566019
60,0,imagen.jpeg,139,batchnorm,1x960x7x7,1.123643
60,0,imagen.jpeg,140,activacion,1x960x7x7,0.390545
60,0,imagen.jpeg,141,depthwise_conv,1x960x7x7,4.644603
60,0,imagen.jpeg,142,batchnorm,1x960x7x7,1.109182
60,0,imagen.jpeg,143,activacion,1x960x7x7,0.313473
60,0,imagen.jpeg,144,pointwise_conv,1x960x7x7,181.172182
60,0,imagen.jpeg,145,batchnorm,1x320x7x7,0.372934
60,0,imagen.jpeg,146,pointwise_conv,1x320x7x7,108.605296
60,0,imagen.jpeg,147,batchnorm,1x1280x7x7,1.495797
60,0,imagen.jpeg,148,activacion,1x1280x7x7,0.541287
60,0,imagen.jpeg,149,pooling,1x1280x7x7,0.263783
60,0,imagen.jpeg,150,linear,1x1280,5.137019
61,0,imagen.jpeg,0,conv2d,1x3x224x224,114.794177
61,0,imagen.jpeg,1,batchnorm,1x32x112x112,9.171614
61,0,imagen.jpeg,2,activacion,1x32x112x112,2.797522
61,0,imagen.jpeg,3,depthwise_conv,1x32x112x112,37.091812
61,0,imagen.jpeg,4,batchnorm,1x32x112x112,9.236105
61,0,imagen.jpeg,5,activacion,1x32x112x112,2.802222
61,0,imagen.jpeg,6,pointwise_conv,1x32x112x112,129.030908
61,0,imagen.jpeg,7,batchnorm,1x16x112x112,4.602223
61,0,imagen.jpeg,8,pointwise_conv,1x16x112x112,185.088646
61,0,imagen.jpeg,9,batchnorm,1x96x112x112,27.641405
61,0,imagen.jpeg,10,activacion,1x96x112x112,9.374486
61,0,imagen.jpeg,11,depthwise_conv,1x96x112x112,29.095471
61,0,imagen.jpeg,12,batchnorm,1x96x56x56,6.929629
61,0,imagen.jpeg,13,activacion,1x96x56x56,2.502729
61,0,imagen.jpeg,14,pointwise_conv,1x96x56x56,95.976492
61,0,imagen.jpeg,15,batchnorm,1x24x56x56,1.7502
61,0,imagen.jpeg,16,pointwise_conv,1x24x56x56,88.222424
61,0,imagen.jpeg,17,batchnorm,1x144x56x56,10.463049
61,0,imagen.jpeg,18,activacion,1x144x56x56,3.494269
61,0,imagen.jpeg,19,depthwise_conv,1x144x56x56,41.810095
61,0,imagen.jpeg,20,batchnorm,1x144x56x56,10.322577
61,0,imagen.jpeg,21,activacion,1x144x56x56,3.990805
61,0,imagen.jpeg,22,pointwise_conv,1x144x56x56,199.226627
61,0,imagen.jpeg,23,batchnorm,1x24x56x56,1.710729
61,0,imagen.jpeg,24,layer_add,1x24x56x56,0.8892
61,0,imagen.jpeg,25,pointwise_conv,1x24x56x56,87.657818
61,0,imagen.jpeg,26,batchnorm,1x144x56x56,10.463299
61,0,imagen.jpeg,27,activacion,1x144x56x56,3.856364
61,0,imagen.jpeg,28,depthwise_conv,1x144x56x56,10.650471
61,0,imagen.jpeg,29,batchnorm,1x144x28x28,2.59911
61,0,imagen.jpeg,30,activacion,1x144x28x28,0.89398
61,0,imagen.jpeg,31,pointwise_conv,1x144x28x28,25.736743
61,0,imagen.jpeg,32,batchnorm,1x32x28x28,0.570986
61,0,imagen.jpeg,33,pointwise_conv,1x32x28x28,34.628744
61,0,imagen.jpeg,34,batchnorm,1x192x28x28,3.47497
61,0,imagen.jpeg,35,activacion,1x192x28x28,1.116293
61,0,imagen.jpeg,36,depthwise_conv,1x192x28x28,14.000929
61,0,imagen.jpeg,37,batchnorm,1x192x28x28,3.45407
61,0,imagen.jpeg,38,activacion,1x192x28x28,1.339815
61,0,imagen.jpeg,39,pointwise_conv,1x192x28x28,33.988276
61,0,imagen.jpeg,40,batchnorm,1x32x28x28,0.569927
61,0,imagen.jpeg,41,layer_add,1x32x28x28,0.275143
61,0,imagen.jpeg,42,pointwise_conv,1x32x28x28,34.599374
61,0,imagen.jpeg,43,batchnorm,1x192x28x28,3.4816
61,0,imagen.jpeg,44,activacion,1x192x28x28,1.183233
61,0,imagen.jpeg,45,depthwise_conv,1x192x28x28,13.976279
61,0,imagen.jpeg,46,batchnorm,1x192x28x28,3.464179
61,0,imagen.jpeg,47,activacion,1x192x28x28,1.344085
61,0,imagen.jpeg,48,pointwise_conv,1x192x28x28,36.532506
61,0,imagen.jpeg,49,batchnorm,1x32x28x28,0.573867
61,0,imagen.jpeg,50,layer_add,1x32x28x28,0.307314
61,0,imagen.jpeg,51,pointwise_conv,1x32x28x28,34.551773
61,0,imagen.jpeg,52,batchnorm,1x192x28x28,3.460439
61,0,imagen.jpeg,53,activacion,1x192x28x28,1.279575
61,0,imagen.jpeg,54,depthwise_conv,1x192x28x28,3.626711
61,0,imagen.jpeg,55,batchnorm,1x192x14x14,0.87544
61,0,imagen.jpeg,56,activacion,1x192x14x14,0.276813
61,0,imagen.jpeg,57,pointwise_conv,1x192x14x14,12.613024
61,0,imagen.jpeg,58,batchnorm,1x64x14x14,0.287973
61,0,imagen.jpeg,59,pointwise_conv,1x64x14x14,24.296697
61,0,imagen.jpeg,60,batchnorm,1x384x14x14,1.75718
61,0,imagen.jpeg,61,activacion,1x384x14x14,0.559267
61,0,imagen.jpeg,62,depthwise_conv,1x384x14x14,7.115051
61,0,imagen.jpeg,63,batchnorm,1x384x14x14,1.76006
61,0,imagen.jpeg,64,activacion,1x384x14x14,0.688647
61,0,imagen.jpeg,65,pointwise_conv,1x384x14x14,30.75876
61,0,imagen.jpeg,66,batchnorm,1x64x14x14,0.291044
61,0,imagen.jpeg,67,layer_add,1x64x14x14,0.141391
61,0,imagen.jpeg,68,pointwise_conv,1x64x14x14,24.285726
61,0,imagen.jpeg,69,batchnorm,1x384x14x14,1.74864
61,0,imagen.jpeg,70,activacion,1x384x14x14,0.638388
61,0,imagen.jpeg,71,depthwise_conv,1x384x14x14,7.046971
61,0,imagen.jpeg,72,batchnorm,1x384x14x14,1.74507
61,0,imagen.jpeg,73,activacion,1x384x14x14,0.678187
61,0,imagen.jpeg,74,pointwise_conv,1x384x14x14,30.717699
61,0,imagen.jpeg,75,batchnorm,1x64x14x14,0.289154
61,0,imagen.jpeg,76,layer_add,1x64x14x14,0.136012
61,0,imagen.jpeg,77,pointwise_conv,1x64x14x14,24.294436
61,0,imagen.jpeg,78,batchnorm,1x384x14x14,1.76731
61,0,imagen.jpeg,79,activacion,1x384x14x14,0.651067
61,0,imagen.jpeg,80,depthwise_conv,1x384x14x14,7.131061
61,0,imagen.jpeg,81,batchnorm,1x384x14x14,1.73677
61,0,imagen.jpeg,82,activacion,1x384x14x14,0.664177
61,0,imagen.jpeg,83,pointwise_conv,1x384x14x14,30.679849
61,0,imagen.jpeg,84,batchnorm,1x64x14x14,0.292904
61,0,imagen.jpeg,85,layer_add,1x64x14x14,0.140571
61,0,imagen.jpeg,86,pointwise_conv,1x64x14x14,24.329706
61,0,imagen.jpeg,87,batchnorm,1x384x14x14,1.75264
61,0,imagen.jpeg,88,activacion,1x384x14x14,0.632737
61,0,imagen.jpeg,89,depthwise_conv,1x384x14x14,7.07192
61,0,imagen.jpeg,90,batchnorm,1x384x14x14,1.753639
61,0,imagen.jpeg,91,activacion,1x384x14x14,0.656448
61,0,imagen.jpeg,92,pointwise_conv,1x384x14x14,46.096304
61,0,imagen.jpeg,93,batchnorm,1x96x14x14,0.434654
61,0,imagen.jpeg,94,pointwise_conv,1x96x14x14,55.315929
61,0,imagen.jpeg,95,batchnorm,1x576x14x14,2.63312
61,0,imagen.jpeg,96,activacion,1x576x14x14,1.018072
61,0,imagen.jpeg,97,depthwise_conv,1x576x14x14,10.598
61,0,imagen.jpeg,98,batchnorm,1x576x14x14,2.634499
61,0,imagen.jpeg,99,activacion,1x576x14x14,0.975871
61,0,imagen.jpeg,100,pointwise_conv,1x576x14x14,97.468849
61,0,imagen.jpeg,101,batchnorm,1x96x14x14,0.437895
61,0,imagen.jpeg,102,layer_add,1x96x14x14,0.203992
61,0,imagen.jpeg,103,pointwise_conv,1x96x14x14,55.536272
61,0,imagen.jpeg,104,batchnorm,1x576x14x14,2.64924
61,0,imagen.jpeg,105,activacion,1x576x14x14,1.018582
61,0,imagen.jpeg,106,depthwise_conv,1x576x14x14,10.60973
61,0,imagen.jpeg,107,batchnorm,1x576x14x14,2.64396
61,0,imagen.jpeg,108,activacion,1x576x14x14,0.941381
61,0,imagen.jpeg,109,pointwise_conv,1x576x14x14,97.422929
61,0,imagen.jpeg,110,batchnorm,1x96x14x14,0.457535
61,0,imagen.jpeg,111,layer_add,1x96x14x14,0.202283
61,0,imagen.jpeg,112,pointwise_conv,1x96x14x14,55.40889
61,0,imagen.jpeg,113,batchnorm,1x576x14x14,2.65209
61,0,imagen.jpeg,114,activacion,1x576x14x14,1.042372
61,0,imagen.jpeg,115,depthwise_conv,1x576x14x14,2.771021
61,0,imagen.jpeg,116,batchnorm,1x576x7x7,0.662748
61,0,imagen.jpeg,117,activacion,1x576x7x7,0.203143
61,0,imagen.jpeg,118,pointwise_conv,1x576x7x7,42.886348
61,0,imagen.jpeg,119,batchnorm,1x160x7x7,0.185592
61,0,imagen.jpeg,120,pointwise_conv,1x160x7x7,31.497559
61,0,imagen.jpeg,121,batchnorm,1x960x7x7,1.115723
61,0,imagen.jpeg,122,activacion,1x960x7x7,0.400614
61,0,imagen.jpeg,123,depthwise_conv,1x960x7x7,4.630153
61,0,imagen.jpeg,124,batchnorm,1x960x7x7,1.096233
61,0,imagen.jpeg,125,activacion,1x960x7x7,0.406185
61,0,imagen.jpeg,126,pointwise_conv,1x960x7x7,90.606411
61,0,imagen.jpeg,127,batchnorm,1x160x7x7,0.184282
61,0,imagen.jpeg,128,layer_add,1x160x7x7,0.082861
61,0,imagen.jpeg,129,pointwise_conv,1x160x7x7,31.58574
61,0,imagen.jpeg,130,batchnorm,1x960x7x7,1.116323
61,0,imagen.jpeg,131,activacion,1x960x7x7,0.406664
61,0,imagen.jpeg,132,depthwise_conv,1x960x7x7,4.622733
61,0,imagen.jpeg,133,batchnorm,1x960x7x7,1.094773
61,0,imagen.jpeg,134,activacion,1x960x7x7,0.398925
61,0,imagen.jpeg,135,pointwise_conv,1x960x7x7,90.648921
61,0,imagen.jpeg,136,batchnorm,1x160x7x7,0.185822
61,0,imagen.jpeg,137,layer_add,1x160x7x7,0.085321
61,0,imagen.jpeg,138,pointwise_conv,1x160x7x7,31.484198
61,0,imagen.jpeg,139,batchnorm,1x960x7x7,1.116882
61,0,imagen.jpeg,140,activacion,1x960x7x7,0.402175
61,0,imagen.jpeg,141,depthwise_conv,1x960x7x7,4.618592
61,0,imagen.jpeg,142,batchnorm,1x960x7x7,1.095172
61,0,imagen.jpeg,143,activacion,1x960x7x7,0.317063
61,0,imagen.jpeg,144,pointwise_conv,1x960x7x7,181.475406
61,0,imagen.jpeg,145,batchnorm,1x320x7x7,0.375175
61,0,imagen.jpeg,146,pointwise_conv,1x320x7x7,108.650796
61,0,imagen.jpeg,147,batchnorm,1x1280x7x7,1.542637
61,0,imagen.jpeg,148,activacion,1x1280x7x7,0.531426
61,0,imagen.jpeg,149,pooling,1x1280x7x7,0.270213
61,0,imagen.jpeg,150,linear,1x1280,5.089038
62,0,imagen.jpeg,0,conv2d,1x3x224x224,122.024809
62,0,imagen.jpeg,1,batchnorm,1x32x112x112,9.227425
62,0,imagen.jpeg,2,activacion,1x32x112x112,2.807332
62,0,imagen.jpeg,3,depthwise_conv,1x32x112x112,37.343435
62,0,imagen.jpeg,4,batchnorm,1x32x112x112,9.284255
62,0,imagen.jpeg,5,activacion,1x32x112x112,2.837162
62,0,imagen.jpeg,6,pointwise_conv,1x32x112x112,131.710388
62,0,imagen.jpeg,7,batchnorm,1x16x112x112,4.581402
62,0,imagen.jpeg,8,pointwise_conv,1x16x112x112,171.070327
62,0,imagen.jpeg,9,batchnorm,1x96x112x112,27.743746
62,0,imagen.jpeg,10,activacion,1x96x112x112,9.398537
62,0,imagen.jpeg,11,depthwise_conv,1x96x112x112,29.197482
62,0,imagen.jpeg,12,batchnorm,1x96x56x56,6.864988
62,0,imagen.jpeg,13,activacion,1x96x56x56,2.508319
62,0,imagen.jpeg,14,pointwise_conv,1x96x56x56,94.05112
62,0,imagen.jpeg,15,batchnorm,1x24x56x56,1.75112
62,0,imagen.jpeg,16,pointwise_conv,1x24x56x56,88.317125
62,0,imagen.jpeg,17,batchnorm,1x144x56x56,10.465829
62,0,imagen.jpeg,18,activacion,1x144x56x56,3.53441
62,0,imagen.jpeg,19,depthwise_conv,1x144x56x56,41.827386
62,0,imagen.jpeg,20,batchnorm,1x144x56x56,10.296977
62,0,imagen.jpeg,21,activacion,1x144x56x56,3.958095
62,0,imagen.jpeg,22,pointwise_conv,1x144x56x56,199.718783
62,0,imagen.jpeg,23,batchnorm,1x24x56x56,1.823051
62,0,imagen.jpeg,24,layer_add,1x24x56x56,0.778679
62,0,imagen.jpeg,25,pointwise_conv,1x24x56x56,87.785799
62,0,imagen.jpeg,26,batchnorm,1x144x56x56,10.444849
62,0,imagen.jpeg,27,activacion,1x144x56x56,3.857424
62,0,imagen.jpeg,28,depthwise_conv,1x144x56x56,10.652802
62,0,imagen.jpeg,29,batchnorm,1x144x28x28,2.57703
62,0,imagen.jpeg,30,activacion,1x144x28x28,0.936341
62,0,imagen.jpeg,31,pointwise_conv,1x144x28x28,25.673852
62,0,imagen.jpeg,32,batchnorm,1x32x28x28,0.570686
62,0,imagen.jpeg,33,pointwise_conv,1x32x28x28,34.544024
62,0,imagen.jpeg,34,batchnorm,1x192x28x28,3.46221
62,0,imagen.jpeg,35,activacion,1x192x28x28,1.116473
62,0,imagen.jpeg,36,depthwise_conv,1x192x28x28,13.987469
62,0,imagen.jpeg,37,batchnorm,1x192x28x28,3.444639
62,0,imagen.jpeg,38,activacion,1x192x28x28,1.341936
62,0,imagen.jpeg,39,pointwise_conv,1x192x28x28,34.139039
62,0,imagen.jpeg,40,batchnorm,1x32x28x28,0.570706
62,0,imagen.jpeg,41,layer_add,1x32x28x28,0.272283
62,0,imagen.jpeg,42,pointwise_conv,1x32x28x28,34.581324
62,0,imagen.jpeg,43,batchnorm,1x192x28x28,3.479269
62,0,imagen.jpeg,44,activacion,1x192x28x28,1.181843
62,0,imagen.jpeg,45,depthwise_conv,1x192x28x28,13.983629
62,0,imagen.jpeg,46,batchnorm,1x192x28x28,3.442959
62,0,imagen.jpeg,47,activacion,1x192x28x28,1.352935
62,0,imagen.jpeg,48,pointwise_conv,1x192x28x28,34.191549
62,0,imagen.jpeg,49,batchnorm,1x32x28x28,0.573506
62,0,imagen.jpeg,50,layer_add,1x32x28x28,0.274583
62,0,imagen.jpeg,51,pointwise_conv,1x32x28x28,34.595503
62,0,imagen.jpeg,52,batchnorm,1x192x28x28,3.47183
62,0,imagen.jpeg,53,activacion,1x192x28x28,1.254574
62,0,imagen.jpeg,54,depthwise_conv,1x192x28x28,3.681422
62,0,imagen.jpeg,55,batchnorm,1x192x14x14,0.87591
62,0,imagen.jpeg,56,activacion,1x192x14x14,0.310794
62,0,imagen.jpeg,57,pointwise_conv,1x192x14x14,12.615374
62,0,imagen.jpeg,58,batchnorm,1x64x14x14,0.288363
62,0,imagen.jpeg,59,pointwise_conv,1x64x14x14,24.291207
62,0,imagen.jpeg,60,batchnorm,1x384x14x14,1.76899
62,0,imagen.jpeg,61,activacion,1x384x14x14,0.557696
62,0,imagen.jpeg,62,depthwise_conv,1x384x14x14,7.05462
62,0,imagen.jpeg,63,batchnorm,1x384x14x14,1.733679
62,0,imagen.jpeg,64,activacion,1x384x14x14,0.689088
62,0,imagen.jpeg,65,pointwise_conv,1x384x14x14,30.814171
62,0,imagen.jpeg,66,batchnorm,1x64x14x14,0.288723
62,0,imagen.jpeg,67,layer_add,1x64x14x14,0.134412
62,0,imagen.jpeg,68,pointwise_conv,1x64x14x14,24.287076
62,0,imagen.jpeg,69,batchnorm,1x384x14x14,1.75746
62,0,imagen.jpeg,70,activacion,1x384x14x14,0.618377
62,0,imagen.jpeg,71,depthwise_conv,1x384x14x14,7.06372
62,0,imagen.jpeg,72,batchnorm,1x384x14x14,1.733339
62,0,imagen.jpeg,73,activacion,1x384x14x14,0.705138
62,0,imagen.jpeg,74,pointwise_conv,1x384x14x14,30.74843
62,0,imagen.jpeg,75,batchnorm,1x64x14x14,0.292953
62,0,imagen.jpeg,76,layer_add,1x64x14x14,0.134791
62,0,imagen.jpeg,77,pointwise_conv,1x64x14x14,24.388117
62,0,imagen.jpeg,78,batchnorm,1x384x14x14,1.74887
62,0,imagen.jpeg,79,activacion,1x384x14x14,0.687218
62,0,imagen.jpeg,80,depthwise_conv,1x384x14x14,7.05499
62,0,imagen.jpeg,81,batchnorm,1x384x14x14,1.7583
62,0,imagen.jpeg,82,activacion,1x384x14x14,0.665897
62,0,imagen.jpeg,83,pointwise_conv,1x384x14x14,30.703389
62,0,imagen.jpeg,84,batchnorm,1x64x14x14,0.288243
62,0,imagen.jpeg,85,layer_add,1x64x14x14,0.138382
62,0,imagen.jpeg,86,pointwise_conv,1x64x14x14,24.290507
62,0,imagen.jpeg,87,batchnorm,1x384x14x14,1.77862
62,0,imagen.jpeg,88,activacion,1x384x14x14,0.648928
62,0,imagen.jpeg,89,depthwise_conv,1x384x14x14,7.06281
62,0,imagen.jpeg,90,batchnorm,1x384x14x14,1.73473
62,0,imagen.jpeg,91,activacion,1x384x14x14,0.642037
62,0,imagen.jpeg,92,pointwise_conv,1x384x14x14,46.089554
62,0,imagen.jpeg,93,batchnorm,1x96x14x14,0.431855
62,0,imagen.jpeg,94,pointwise_conv,1x96x14x14,55.34011
62,0,imagen.jpeg,95,batchnorm,1x576x14x14,2.64877
62,0,imagen.jpeg,96,activacion,1x576x14x14,0.973411
62,0,imagen.jpeg,97,depthwise_conv,1x576x14x14,10.715502
62,0,imagen.jpeg,98,batchnorm,1x576x14x14,2.63933
62,0,imagen.jpeg,99,activacion,1x576x14x14,0.973441
62,0,imagen.jpeg,100,pointwise_conv,1x576x14x14,97.454619
62,0,imagen.jpeg,101,batchnorm,1x96x14x14,0.437195
62,0,imagen.jpeg,102,layer_add,1x96x14x14,0.204592
62,0,imagen.jpeg,103,pointwise_conv,1x96x14x14,55.482782
62,0,imagen.jpeg,104,batchnorm,1x576x14x14,2.63592
62,0,imagen.jpeg,105,activacion,1x576x14x14,0.988431
62,0,imagen.jpeg,106,depthwise_conv,1x576x14x14,10.603931
62,0,imagen.jpeg,107,batchnorm,1x576x14x14,2.6205
62,0,imagen.jpeg,108,activacion,1x576x14x14,1.022112
62,0,imagen.jpeg,109,pointwise_conv,1x576x14x14,97.357758
62,0,imagen.jpeg,110,batchnorm,1x96x14x14,0.439405
62,0,imagen.jpeg,111,layer_add,1x96x14x14,0.204212
62,0,imagen.jpeg,112,pointwise_conv,1x96x14x14,55.403981
62,0,imagen.jpeg,113,batchnorm,1x576x14x14,2.65048
62,0,imagen.jpeg,114,activacion,1x576x14x14,0.978301
62,0,imagen.jpeg,115,depthwise_conv,1x576x14x14,2.793832
62,0,imagen.jpeg,116,batchnorm,1x576x7x7,0.663247
62,0,imagen.jpeg,117,activacion,1x576x7x7,0.203612
62,0,imagen.jpeg,118,pointwise_conv,1x576x7x7,42.728586
62,0,imagen.jpeg,119,batchnorm,1x160x7x7,0.184612
62,0,imagen.jpeg,120,pointwise_conv,1x160x7x7,31.58782
62,0,imagen.jpeg,121,batchnorm,1x960x7x7,1.129393
62,0,imagen.jpeg,122,activacion,1x960x7x7,0.390814
62,0,imagen.jpeg,123,depthwise_conv,1x960x7x7,4.619843
62,0,imagen.jpeg,124,batchnorm,1x960x7x7,1.095493
62,0,imagen.jpeg,125,activacion,1x960x7x7,0.404394
62,0,imagen.jpeg,126,pointwise_conv,1x960x7x7,90.640341
62,0,imagen.jpeg,127,batchnorm,1x160x7x7,0.185612
62,0,imagen.jpeg,128,layer_add,1x160x7x7,0.084681
62,0,imagen.jpeg,129,pointwise_conv,1x160x7x7,31.522819
62,0,imagen.jpeg,130,batchnorm,1x960x7x7,1.134673
62,0,imagen.jpeg,131,activacion,1x960x7x7,0.395674
62,0,imagen.jpeg,132,depthwise_conv,1x960x7x7,4.738544
62,0,imagen.jpeg,133,batchnorm,1x960x7x7,1.094952
62,0,imagen.jpeg,134,activacion,1x960x7x7,0.413975
62,0,imagen.jpeg,135,pointwise_conv,1x960x7x7,90.599231
62,0,imagen.jpeg,136,batchnorm,1x160x7x7,0.187402
62,0,imagen.jpeg,137,layer_add,1x160x7x7,0.088961
62,0,imagen.jpeg,138,pointwise_conv,1x160x7x7,31.480108
62,0,imagen.jpeg,139,batchnorm,1x960x7x7,1.115662
62,0,imagen.jpeg,140,activacion,1x960x7x7,0.400275
62,0,imagen.jpeg,141,depthwise_conv,1x960x7x7,4.616733
62,0,imagen.jpeg,142,batchnorm,1x960x7x7,1.111803
62,0,imagen.jpeg,143,activacion,1x960x7x7,0.320934
62,0,imagen.jpeg,144,pointwise_conv,1x960x7x7,181.199912
62,0,imagen.jpeg,145,batchnorm,1x320x7x7,0.373284
62,0,imagen.jpeg,146,pointwise_conv,1x320x7x7,108.428564
62,0,imagen.jpeg,147,batchnorm,1x1280x7x7,1.494467
62,0,imagen.jpeg,148,activacion,1x1280x7x7,0.529036
62,0,imagen.jpeg,149,pooling,1x1280x7x7,0.264814
62,0,imagen.jpeg,150,linear,1x1280,5.164279
63,0,imagen.jpeg,0,conv2d,1x3x224x224,114.935288
63,0,imagen.jpeg,1,batchnorm,1x32x112x112,9.153314
63,0,imagen.jpeg,2,activacion,1x32x112x112,2.856023
63,0,imagen.jpeg,3,depthwise_conv,1x32x112x112,37.033302
63,0,imagen.jpeg,4,batchnorm,1x32x112x112,9.235395
63,0,imagen.jpeg,5,activacion,1x32x112x112,2.800722
63,0,imagen.jpeg,6,pointwise_conv,1x32x112x112,129.610935
63,0,imagen.jpeg,7,batchnorm,1x16x112x112,4.595512
63,0,imagen.jpeg,8,pointwise_conv,1x16x112x112,170.912756
63,0,imagen.jpeg,9,batchnorm,1x96x112x112,27.673004
63,0,imagen.jpeg,10,activacion,1x96x112x112,9.354767
63,0,imagen.jpeg,11,depthwise_conv,1x96x112x112,29.202222
63,0,imagen.jpeg,12,batchnorm,1x96x56x56,6.892489
63,0,imagen.jpeg,13,activacion,1x96x56x56,2.476878
63,0,imagen.jpeg,14,pointwise_conv,1x96x56x56,95.069792
63,0,imagen.jpeg,15,batchnorm,1x24x56x56,1.7569
63,0,imagen.jpeg,16,pointwise_conv,1x24x56x56,88.288125
63,0,imagen.jpeg,17,batchnorm,1x144x56x56,10.446889
63,0,imagen.jpeg,18,activacion,1x144x56x56,3.5338
63,0,imagen.jpeg,19,depthwise_conv,1x144x56x56,41.881627
63,0,imagen.jpeg,20,batchnorm,1x144x56x56,10.314617
63,0,imagen.jpeg,21,activacion,1x144x56x56,4.010995
63,0,imagen.jpeg,22,pointwise_conv,1x144x56x56,199.601582
63,0,imagen.jpeg,23,batchnorm,1x24x56x56,1.76332
63,0,imagen.jpeg,24,layer_add,1x24x56x56,0.767639
63,0,imagen.jpeg,25,pointwise_conv,1x24x56x56,87.798929
63,0,imagen.jpeg,26,batchnorm,1x144x56x56,10.452199
63,0,imagen.jpeg,27,activacion,1x144x56x56,3.884744
63,0,imagen.jpeg,28,depthwise_conv,1x144x56x56,10.648701
63,0,imagen.jpeg,29,batchnorm,1x144x28x28,2.578109
63,0,imagen.jpeg,30,activacion,1x144x28x28,0.925941
63,0,imagen.jpeg,31,pointwise_conv,1x144x28x28,25.641442
63,0,imagen.jpeg,32,batchnorm,1x32x28x28,0.569066
63,0,imagen.jpeg,33,pointwise_conv,1x32x28x28,34.566353
63,0,imagen.jpeg,34,batchnorm,1x192x28x28,3.465469
63,0,imagen.jpeg,35,activacion,1x192x28x28,1.116532
63,0,imagen.jpeg,36,depthwise_conv,1x192x28x28,14.00643
63,0,imagen.jpeg,37,batchnorm,1x192x28x28,3.466389
63,0,imagen.jpeg,38,activacion,1x192x28x28,1.378766
63,0,imagen.jpeg,39,pointwise_conv,1x192x28x28,34.354121
63,0,imagen.jpeg,40,batchnorm,1x32x28x28,0.570997
63,0,imagen.jpeg,41,layer_add,1x32x28x28,0.271533
63,0,imagen.jpeg,42,pointwise_conv,1x32x28x28,34.552283
63,0,imagen.jpeg,43,batchnorm,1x192x28x28,3.465779
63,0,imagen.jpeg,44,activacion,1x192x28x28,1.181464
63,0,imagen.jpeg,45,depthwise_conv,1x192x28x28,14.021209
63,0,imagen.jpeg,46,batchnorm,1x192x28x28,3.447229
63,0,imagen.jpeg,47,activacion,1x192x28x28,1.340476
63,0,imagen.jpeg,48,pointwise_conv,1x192x28x28,34.28696
63,0,imagen.jpeg,49,batchnorm,1x32x28x28,0.573396
63,0,imagen.jpeg,50,layer_add,1x32x28x28,0.272313
63,0,imagen.jpeg,51,pointwise_conv,1x32x28x28,34.565713
63,0,imagen.jpeg,52,batchnorm,1x192x28x28,3.46442
63,0,imagen.jpeg,53,activacion,1x192x28x28,1.254855
63,0,imagen.jpeg,54,depthwise_conv,1x192x28x28,3.649442
63,0,imagen.jpeg,55,batchnorm,1x192x14x14,0.960501
63,0,imagen.jpeg,56,activacion,1x192x14x14,0.274763
63,0,imagen.jpeg,57,pointwise_conv,1x192x14x14,12.622024
63,0,imagen.jpeg,58,batchnorm,1x64x14x14,0.288414
63,0,imagen.jpeg,59,pointwise_conv,1x64x14x14,24.297367
63,0,imagen.jpeg,60,batchnorm,1x384x14x14,1.76644
63,0,imagen.jpeg,61,activacion,1x384x14x14,0.562267
63,0,imagen.jpeg,62,depthwise_conv,1x384x14x14,7.05746
63,0,imagen.jpeg,63,batchnorm,1x384x14x14,1.73238
63,0,imagen.jpeg,64,activacion,1x384x14x14,0.691587
63,0,imagen.jpeg,65,pointwise_conv,1x384x14x14,30.70805
63,0,imagen.jpeg,66,batchnorm,1x64x14x14,0.290793
63,0,imagen.jpeg,67,layer_add,1x64x14x14,0.137442
63,0,imagen.jpeg,68,pointwise_conv,1x64x14x14,24.275236
63,0,imagen.jpeg,69,batchnorm,1x384x14x14,1.74909
63,0,imagen.jpeg,70,activacion,1x384x14x14,0.625907
63,0,imagen.jpeg,71,depthwise_conv,1x384x14x14,7.196252
63,0,imagen.jpeg,72,batchnorm,1x384x14x14,1.76979
63,0,imagen.jpeg,73,activacion,1x384x14x14,0.687008
63,0,imagen.jpeg,74,pointwise_conv,1x384x14x14,30.68635
63,0,imagen.jpeg,75,batchnorm,1x64x14x14,0.288383
63,0,imagen.jpeg,76,layer_add,1x64x14x14,0.136952
63,0,imagen.jpeg,77,pointwise_conv,1x64x14x14,24.375378
63,0,imagen.jpeg,78,batchnorm,1x384x14x14,1.77263
63,0,imagen.jpeg,79,activacion,1x384x14x14,0.646228
63,0,imagen.jpeg,80,depthwise_conv,1x384x14x14,7.056911
63,0,imagen.jpeg,81,batchnorm,1x384x14x14,1.73149
63,0,imagen.jpeg,82,activacion,1x384x14x14,0.663087
63,0,imagen.jpeg,83,pointwise_conv,1x384x14x14,30.72039
63,0,imagen.jpeg,84,batchnorm,1x64x14x14,0.290613
63,0,imagen.jpeg,85,layer_add,1x64x14x14,0.141852
63,0,imagen.jpeg,86,pointwise_conv,1x64x14x14,24.286896
63,0,imagen.jpeg,87,batchnorm,1x384x14x14,1.76523
63,0,imagen.jpeg,88,activacion,1x384x14x14,0.627067
63,0,imagen.jpeg,89,depthwise_conv,1x384x14x14,7.068241
63,0,imagen.jpeg,90,batchnorm,1x384x14x14,1.73344
63,0,imagen.jpeg,91,activacion,1x384x14x14,0.766038
63,0,imagen.jpeg,92,pointwise_conv,1x384x14x14,46.008133
63,0,imagen.jpeg,93,batchnorm,1x96x14x14,0.432585
63,0,imagen.jpeg,94,pointwise_conv,1x96x14x14,55.31256
63,0,imagen.jpeg,95,batchnorm,1x576x14x14,2.70632
63,0,imagen.jpeg,96,activacion,1x576x14x14,0.969431
63,0,imagen.jpeg,97,depthwise_conv,1x576x14x14,10.619181
63,0,imagen.jpeg,98,batchnorm,1x576x14x14,2.64098
63,0,imagen.jpeg,99,activacion,1x576x14x14,0.979001
63,0,imagen.jpeg,100,pointwise_conv,1x576x14x14,97.434999
63,0,imagen.jpeg,101,batchnorm,1x96x14x14,0.435075
63,0,imagen.jpeg,102,layer_add,1x96x14x14,0.209472
63,0,imagen.jpeg,103,pointwise_conv,1x96x14x14,55.495802
63,0,imagen.jpeg,104,batchnorm,1x576x14x14,2.655761
63,0,imagen.jpeg,105,activacion,1x576x14x14,0.988531
63,0,imagen.jpeg,106,depthwise_conv,1x576x14x14,10.605011
63,0,imagen.jpeg,107,batchnorm,1x576x14x14,2.620039
63,0,imagen.jpeg,108,activacion,1x576x14x14,0.999802
63,0,imagen.jpeg,109,pointwise_conv,1x576x14x14,97.341628
63,0,imagen.jpeg,110,batchnorm,1x96x14x14,0.436855
63,0,imagen.jpeg,111,layer_add,1x96x14x14,0.204172
63,0,imagen.jpeg,112,pointwise_conv,1x96x14x14,55.36972
63,0,imagen.jpeg,113,batchnorm,1x576x14x14,2.6467
63,0,imagen.jpeg,114,activacion,1x576x14x14,0.979901
63,0,imagen.jpeg,115,depthwise_conv,1x576x14x14,2.810032
63,0,imagen.jpeg,116,batchnorm,1x576x7x7,0.664858
63,0,imagen.jpeg,117,activacion,1x576x7x7,0.234163
63,0,imagen.jpeg,118,pointwise_conv,1x576x7x7,42.696036
63,0,imagen.jpeg,119,batchnorm,1x160x7x7,0.184152
63,0,imagen.jpeg,120,pointwise_conv,1x160x7x7,31.5991
63,0,imagen.jpeg,121,batchnorm,1x960x7x7,1.130563
63,0,imagen.jpeg,122,activacion,1x960x7x7,0.402194
63,0,imagen.jpeg,123,depthwise_conv,1x960x7x7,4.600452
63,0,imagen.jpeg,124,batchnorm,1x960x7x7,1.098302
63,0,imagen.jpeg,125,activacion,1x960x7x7,0.406665
63,0,imagen.jpeg,126,pointwise_conv,1x960x7x7,90.665622
63,0,imagen.jpeg,127,batchnorm,1x160x7x7,0.199813
63,0,imagen.jpeg,128,layer_add,1x160x7x7,0.083591
63,0,imagen.jpeg,129,pointwise_conv,1x160x7x7,31.60075
63,0,imagen.jpeg,130,batchnorm,1x960x7x7,1.159913
63,0,imagen.jpeg,131,activacion,1x960x7x7,0.402374
63,0,imagen.jpeg,132,depthwise_conv,1x960x7x7,4.691493
63,0,imagen.jpeg,133,batchnorm,1x960x7x7,1.110923
63,0,imagen.jpeg,134,activacion,1x960x7x7,0.398074
63,0,imagen.jpeg,135,pointwise_conv,1x960x7x7,90.588441
63,0,imagen.jpeg,136,batchnorm,1x160x7x7,0.186112
63,0,imagen.jpeg,137,layer_add,1x160x7x7,0.085731
63,0,imagen.jpeg,138,pointwise_conv,1x160x7x7,31.482258
63,0,imagen.jpeg,139,batchnorm,1x960x7x7,1.115752
63,0,imagen.jpeg,140,activacion,1x960x7x7,0.395225
63,0,imagen.jpeg,141,depthwise_conv,1x960x7x7,4.620573
63,0,imagen.jpeg,142,batchnorm,1x960x7x7,1.100192
63,0,imagen.jpeg,143,activacion,1x960x7x7,0.317954
63,0,imagen.jpeg,144,pointwise_conv,1x960x7x7,181.540836
63,0,imagen.jpeg,145,batchnorm,1x320x7x7,0.371994
63,0,imagen.jpeg,146,pointwise_conv,1x320x7x7,108.473684
63,0,imagen.jpeg,147,batchnorm,1x1280x7x7,1.492987
63,0,imagen.jpeg,148,activacion,1x1280x7x7,0.576137
63,0,imagen.jpeg,149,pooling,1x1280x7x7,0.263253
63,0,imagen.jpeg,150,linear,1x1280,5.111098
64,0,imagen.jpeg,0,conv2d,1x3x224x224,115.821008
64,0,imagen.jpeg,1,batchnorm,1x32x112x112,9.152964
64,0,imagen.jpeg,2,activacion,1x32x112x112,2.767961
64,0,imagen.jpeg,3,depthwise_conv,1x32x112x112,37.070182
64,0,imagen.jpeg,4,batchnorm,1x32x112x112,9.223935
64,0,imagen.jpeg,5,activacion,1x32x112x112,2.832062
64,0,imagen.jpeg,6,pointwise_conv,1x32x112x112,128.873377
64,0,imagen.jpeg,7,batchnorm,1x16x112x112,4.624993
64,0,imagen.jpeg,8,pointwise_conv,1x16x112x112,171.935507
64,0,imagen.jpeg,9,batchnorm,1x96x112x112,27.810256
64,0,imagen.jpeg,10,activacion,1x96x112x112,9.427217
64,0,imagen.jpeg,11,depthwise_conv,1x96x112x112,29.125661
64,0,imagen.jpeg,12,batchnorm,1x96x56x56,6.882188
64,0,imagen.jpeg,13,activacion,1x96x56x56,2.477038
64,0,imagen.jpeg,14,pointwise_conv,1x96x56x56,95.643849
64,0,imagen.jpeg,15,batchnorm,1x24x56x56,1.749289
64,0,imagen.jpeg,16,pointwise_conv,1x24x56x56,88.405116
64,0,imagen.jpeg,17,batchnorm,1x144x56x56,10.457039
64,0,imagen.jpeg,18,activacion,1x144x56x56,3.601221
64,0,imagen.jpeg,19,depthwise_conv,1x144x56x56,41.879137
64,0,imagen.jpeg,20,batchnorm,1x144x56x56,10.305108
64,0,imagen.jpeg,21,activacion,1x144x56x56,3.954705
64,0,imagen.jpeg,22,pointwise_conv,1x144x56x56,199.47057
64,0,imagen.jpeg,23,batchnorm,1x24x56x56,1.76458
64,0,imagen.jpeg,24,layer_add,1x24x56x56,0.80383
64,0,imagen.jpeg,25,pointwise_conv,1x24x56x56,87.727398
64,0,imagen.jpeg,26,batchnorm,1x144x56x56,10.456199
64,0,imagen.jpeg,27,activacion,1x144x56x56,3.942595
64,0,imagen.jpeg,28,depthwise_conv,1x144x56x56,10.739382
64,0,imagen.jpeg,29,batchnorm,1x144x28x28,2.579209
64,0,imagen.jpeg,30,activacion,1x144x28x28,0.925501
64,0,imagen.jpeg,31,pointwise_conv,1x144x28x28,25.623612
64,0,imagen.jpeg,32,batchnorm,1x32x28x28,0.570706
64,0,imagen.jpeg,33,pointwise_conv,1x32x28x28,34.604253
64,0,imagen.jpeg,34,batchnorm,1x192x28x28,3.45984
64,0,imagen.jpeg,35,activacion,1x192x28x28,1.113913
64,0,imagen.jpeg,36,depthwise_conv,1x192x28x28,13.995919
64,0,imagen.jpeg,37,batchnorm,1x192x28x28,3.46875
64,0,imagen.jpeg,38,activacion,1x192x28x28,1.336735
64,0,imagen.jpeg,39,pointwise_conv,1x192x28x28,34.219689
64,0,imagen.jpeg,40,batchnorm,1x32x28x28,0.573567
64,0,imagen.jpeg,41,layer_add,1x32x28x28,0.269473
64,0,imagen.jpeg,42,pointwise_conv,1x32x28x28,34.553353
64,0,imagen.jpeg,43,batchnorm,1x192x28x28,3.467879
64,0,imagen.jpeg,44,activacion,1x192x28x28,1.179583
64,0,imagen.jpeg,45,depthwise_conv,1x192x28x28,14.004939
64,0,imagen.jpeg,46,batchnorm,1x192x28x28,3.451729
64,0,imagen.jpeg,47,activacion,1x192x28x28,1.339356
64,0,imagen.jpeg,48,pointwise_conv,1x192x28x28,34.183529
64,0,imagen.jpeg,49,batchnorm,1x32x28x28,0.576436
64,0,imagen.jpeg,50,layer_add,1x32x28x28,0.275944
64,0,imagen.jpeg,51,pointwise_conv,1x32x28x28,34.507262
64,0,imagen.jpeg,52,batchnorm,1x192x28x28,3.467339
64,0,imagen.jpeg,53,activacion,1x192x28x28,1.254184
64,0,imagen.jpeg,54,depthwise_conv,1x192x28x28,3.693582
64,0,imagen.jpeg,55,batchnorm,1x192x14x14,0.87851
64,0,imagen.jpeg,56,activacion,1x192x14x14,0.299313
64,0,imagen.jpeg,57,pointwise_conv,1x192x14x14,12.614714
64,0,imagen.jpeg,58,batchnorm,1x64x14x14,0.289943
64,0,imagen.jpeg,59,pointwise_conv,1x64x14x14,24.295396
64,0,imagen.jpeg,60,batchnorm,1x384x14x14,1.846671
64,0,imagen.jpeg,61,activacion,1x384x14x14,0.558416
64,0,imagen.jpeg,62,depthwise_conv,1x384x14x14,7.06526
64,0,imagen.jpeg,63,batchnorm,1x384x14x14,1.734089
64,0,imagen.jpeg,64,activacion,1x384x14x14,0.665527
64,0,imagen.jpeg,65,pointwise_conv,1x384x14x14,30.77634
64,0,imagen.jpeg,66,batchnorm,1x64x14x14,0.288754
64,0,imagen.jpeg,67,layer_add,1x64x14x14,0.140641
64,0,imagen.jpeg,68,pointwise_conv,1x64x14x14,24.285026
64,0,imagen.jpeg,69,batchnorm,1x384x14x14,1.75683
64,0,imagen.jpeg,70,activacion,1x384x14x14,0.630008
64,0,imagen.jpeg,71,depthwise_conv,1x384x14x14,7.070761
64,0,imagen.jpeg,72,batchnorm,1x384x14x14,1.743169
64,0,imagen.jpeg,73,activacion,1x384x14x14,0.704918
64,0,imagen.jpeg,74,pointwise_conv,1x384x14x14,30.819461
64,0,imagen.jpeg,75,batchnorm,1x64x14x14,0.292253
64,0,imagen.jpeg,76,layer_add,1x64x14x14,0.136291
64,0,imagen.jpeg,77,pointwise_conv,1x64x14x14,24.282407
64,0,imagen.jpeg,78,batchnorm,1x384x14x14,1.75222
64,0,imagen.jpeg,79,activacion,1x384x14x14,0.689328
64,0,imagen.jpeg,80,depthwise_conv,1x384x14x14,7.049031
64,0,imagen.jpeg,81,batchnorm,1x384x14x14,1.75288
64,0,imagen.jpeg,82,activacion,1x384x14x14,0.663727
64,0,imagen.jpeg,83,pointwise_conv,1x384x14x14,30.79733
64,0,imagen.jpeg,84,batchnorm,1x64x14x14,0.291664
64,0,imagen.jpeg,85,layer_add,1x64x14x14,0.140981
64,0,imagen.jpeg,86,pointwise_conv,1x64x14x14,24.307527
64,0,imagen.jpeg,87,batchnorm,1x384x14x14,1.860811
64,0,imagen.jpeg,88,activacion,1x384x14x14,0.629527
64,0,imagen.jpeg,89,depthwise_conv,1x384x14x14,7.126731
64,0,imagen.jpeg,90,batchnorm,1x384x14x14,1.735979
64,0,imagen.jpeg,91,activacion,1x384x14x14,0.678468
64,0,imagen.jpeg,92,pointwise_conv,1x384x14x14,46.143095
64,0,imagen.jpeg,93,batchnorm,1x96x14x14,0.433675
64,0,imagen.jpeg,94,pointwise_conv,1x96x14x14,55.435091
64,0,imagen.jpeg,95,batchnorm,1x576x14x14,2.64745
64,0,imagen.jpeg,96,activacion,1x576x14x14,0.972751
64,0,imagen.jpeg,97,depthwise_conv,1x576x14x14,10.631231
64,0,imagen.jpeg,98,batchnorm,1x576x14x14,2.656441
64,0,imagen.jpeg,99,activacion,1x576x14x14,0.967641
64,0,imagen.jpeg,100,pointwise_conv,1x576x14x14,97.48982
64,0,imagen.jpeg,101,batchnorm,1x96x14x14,0.437445
64,0,imagen.jpeg,102,layer_add,1x96x14x14,0.208073
64,0,imagen.jpeg,103,pointwise_conv,1x96x14x14,55.489981
64,0,imagen.jpeg,104,batchnorm,1x576x14x14,2.668371
64,0,imagen.jpeg,105,activacion,1x576x14x14,0.991421
64,0,imagen.jpeg,106,depthwise_conv,1x576x14x14,10.600641
64,0,imagen.jpeg,107,batchnorm,1x576x14x14,2.61694
64,0,imagen.jpeg,108,activacion,1x576x14x14,1.000241
64,0,imagen.jpeg,109,pointwise_conv,1x576x14x14,97.432529
64,0,imagen.jpeg,110,batchnorm,1x96x14x14,0.434875
64,0,imagen.jpeg,111,layer_add,1x96x14x14,0.206342
64,0,imagen.jpeg,112,pointwise_conv,1x96x14x14,55.446111
64,0,imagen.jpeg,113,batchnorm,1x576x14x14,2.65163
64,0,imagen.jpeg,114,activacion,1x576x14x14,0.992601
64,0,imagen.jpeg,115,depthwise_conv,1x576x14x14,2.815822
64,0,imagen.jpeg,116,batchnorm,1x576x7x7,0.663347
64,0,imagen.jpeg,117,activacion,1x576x7x7,0.235782
64,0,imagen.jpeg,118,pointwise_conv,1x576x7x7,42.706247
64,0,imagen.jpeg,119,batchnorm,1x160x7x7,0.185312
64,0,imagen.jpeg,120,pointwise_conv,1x160x7x7,31.58249
64,0,imagen.jpeg,121,batchnorm,1x960x7x7,1.129713
64,0,imagen.jpeg,122,activacion,1x960x7x7,0.393234
64,0,imagen.jpeg,123,depthwise_conv,1x960x7x7,4.600452
64,0,imagen.jpeg,124,batchnorm,1x960x7x7,1.095032
64,0,imagen.jpeg,125,activacion,1x960x7x7,0.436565
64,0,imagen.jpeg,126,pointwise_conv,1x960x7x7,90.789753
64,0,imagen.jpeg,127,batchnorm,1x160x7x7,0.198852
64,0,imagen.jpeg,128,layer_add,1x160x7x7,0.090142
64,0,imagen.jpeg,129,pointwise_conv,1x160x7x7,31.514209
64,0,imagen.jpeg,130,batchnorm,1x960x7x7,1.109153
64,0,imagen.jpeg,131,activacion,1x960x7x7,0.397504
64,0,imagen.jpeg,132,depthwise_conv,1x960x7x7,4.667303
64,0,imagen.jpeg,133,batchnorm,1x960x7x7,1.127153
64,0,imagen.jpeg,134,activacion,1x960x7x7,0.397795
64,0,imagen.jpeg,135,pointwise_conv,1x960x7x7,90.752123
64,0,imagen.jpeg,136,batchnorm,1x160x7x7,0.186533
64,0,imagen.jpeg,137,layer_add,1x160x7x7,0.086941
64,0,imagen.jpeg,138,pointwise_conv,1x160x7x7,31.511389
64,0,imagen.jpeg,139,batchnorm,1x960x7x7,1.113082
64,0,imagen.jpeg,140,activacion,1x960x7x7,0.397315
64,0,imagen.jpeg,141,depthwise_conv,1x960x7x7,4.628603
64,0,imagen.jpeg,142,batchnorm,1x960x7x7,1.094382
64,0,imagen.jpeg,143,activacion,1x960x7x7,0.317263
64,0,imagen.jpeg,144,pointwise_conv,1x960x7x7,181.574327
64,0,imagen.jpeg,145,batchnorm,1x320x7x7,0.390615
64,0,imagen.jpeg,146,pointwise_conv,1x320x7x7,108.592996
64,0,imagen.jpeg,147,batchnorm,1x1280x7x7,1.498147
64,0,imagen.jpeg,148,activacion,1x1280x7x7,0.526565
64,0,imagen.jpeg,149,pooling,1x1280x7x7,0.265233
64,0,imagen.jpeg,150,linear,1x1280,5.098408
65,0,imagen.jpeg,0,conv2d,1x3x224x224,114.951118
65,0,imagen.jpeg,1,batchnorm,1x32x112x112,9.164414
65,0,imagen.jpeg,2,activacion,1x32x112x112,2.799802
65,0,imagen.jpeg,3,depthwise_conv,1x32x112x112,37.059082
65,0,imagen.jpeg,4,batchnorm,1x32x112x112,9.231205
65,0,imagen.jpeg,5,activacion,1x32x112x112,2.842572
65,0,imagen.jpeg,6,pointwise_conv,1x32x112x112,128.913847
65,0,imagen.jpeg,7,batchnorm,1x16x112x112,4.596592
65,0,imagen.jpeg,8,pointwise_conv,1x16x112x112,170.903395
65,0,imagen.jpeg,9,batchnorm,1x96x112x112,27.766446
65,0,imagen.jpeg,10,activacion,1x96x112x112,9.383307
65,0,imagen.jpeg,11,depthwise_conv,1x96x112x112,29.082301
65,0,imagen.jpeg,12,batchnorm,1x96x56x56,6.891988
65,0,imagen.jpeg,13,activacion,1x96x56x56,2.548829
65,0,imagen.jpeg,14,pointwise_conv,1x96x56x56,98.970097
65,0,imagen.jpeg,15,batchnorm,1x24x56x56,1.708089
65,0,imagen.jpeg,16,pointwise_conv,1x24x56x56,88.262225
65,0,imagen.jpeg,17,batchnorm,1x144x56x56,10.52803
65,0,imagen.jpeg,18,activacion,1x144x56x56,3.55195
65,0,imagen.jpeg,19,depthwise_conv,1x144x56x56,41.828746
65,0,imagen.jpeg,20,batchnorm,1x144x56x56,10.388169
65,0,imagen.jpeg,21,activacion,1x144x56x56,3.949575
65,0,imagen.jpeg,22,pointwise_conv,1x144x56x56,199.523931
65,0,imagen.jpeg,23,batchnorm,1x24x56x56,1.76296
65,0,imagen.jpeg,24,layer_add,1x24x56x56,0.771039
65,0,imagen.jpeg,25,pointwise_conv,1x24x56x56,87.703749
65,0,imagen.jpeg,26,batchnorm,1x144x56x56,10.53158
65,0,imagen.jpeg,27,activacion,1x144x56x56,3.855793
65,0,imagen.jpeg,28,depthwise_conv,1x144x56x56,10.675692
65,0,imagen.jpeg,29,batchnorm,1x144x28x28,2.57899
65,0,imagen.jpeg,30,activacion,1x144x28x28,0.89725
65,0,imagen.jpeg,31,pointwise_conv,1x144x28x28,25.697132
65,0,imagen.jpeg,32,batchnorm,1x32x28x28,0.564967
65,0,imagen.jpeg,33,pointwise_conv,1x32x28x28,34.543073
65,0,imagen.jpeg,34,batchnorm,1x192x28x28,3.457649
65,0,imagen.jpeg,35,activacion,1x192x28x28,1.118672
65,0,imagen.jpeg,36,depthwise_conv,1x192x28x28,13.972279
65,0,imagen.jpeg,37,batchnorm,1x192x28x28,3.52378
65,0,imagen.jpeg,38,activacion,1x192x28x28,1.341346
65,0,imagen.jpeg,39,pointwise_conv,1x192x28x28,34.086178
65,0,imagen.jpeg,40,batchnorm,1x32x28x28,0.569006
65,0,imagen.jpeg,41,layer_add,1x32x28x28,0.275574
65,0,imagen.jpeg,42,pointwise_conv,1x32x28x28,34.544083
65,0,imagen.jpeg,43,batchnorm,1x192x28x28,3.465259
65,0,imagen.jpeg,44,activacion,1x192x28x28,1.181994
65,0,imagen.jpeg,45,depthwise_conv,1x192x28x28,14.012209
65,0,imagen.jpeg,46,batchnorm,1x192x28x28,3.447749
65,0,imagen.jpeg,47,activacion,1x192x28x28,1.340645
65,0,imagen.jpeg,48,pointwise_conv,1x192x28x28,34.418021
65,0,imagen.jpeg,49,batchnorm,1x32x28x28,0.575847
65,0,imagen.jpeg,50,layer_add,1x32x28x28,0.272303
65,0,imagen.jpeg,51,pointwise_conv,1x32x28x28,34.530053
65,0,imagen.jpeg,52,batchnorm,1x192x28x28,3.462289
65,0,imagen.jpeg,53,activacion,1x192x28x28,1.253924
65,0,imagen.jpeg,54,depthwise_conv,1x192x28x28,3.663172
65,0,imagen.jpeg,55,batchnorm,1x192x14x14,0.8924
65,0,imagen.jpeg,56,activacion,1x192x14x14,0.277423
65,0,imagen.jpeg,57,pointwise_conv,1x192x14x14,12.606353
65,0,imagen.jpeg,58,batchnorm,1x64x14x14,0.289063
65,0,imagen.jpeg,59,pointwise_conv,1x64x14x14,24.352697
65,0,imagen.jpeg,60,batchnorm,1x384x14x14,1.77033
65,0,imagen.jpeg,61,activacion,1x384x14x14,0.559286
65,0,imagen.jpeg,62,depthwise_conv,1x384x14x14,7.05929
65,0,imagen.jpeg,63,batchnorm,1x384x14x14,1.74144
65,0,imagen.jpeg,64,activacion,1x384x14x14,0.685278
65,0,imagen.jpeg,65,pointwise_conv,1x384x14x14,30.686509
65,0,imagen.jpeg,66,batchnorm,1x64x14x14,0.289753
65,0,imagen.jpeg,67,layer_add,1x64x14x14,0.136012
65,0,imagen.jpeg,68,pointwise_conv,1x64x14x14,24.291347
65,0,imagen.jpeg,69,batchnorm,1x384x14x14,1.74947
65,0,imagen.jpeg,70,activacion,1x384x14x14,0.615967
65,0,imagen.jpeg,71,depthwise_conv,1x384x14x14,7.069511
65,0,imagen.jpeg,72,batchnorm,1x384x14x14,1.75365
65,0,imagen.jpeg,73,activacion,1x384x14x14,0.665857
65,0,imagen.jpeg,74,pointwise_conv,1x384x14x14,30.883481
65,0,imagen.jpeg,75,batchnorm,1x64x14x14,0.292233
65,0,imagen.jpeg,76,layer_add,1x64x14x14,0.140422
65,0,imagen.jpeg,77,pointwise_conv,1x64x14x14,24.300546
65,0,imagen.jpeg,78,batchnorm,1x384x14x14,1.77797
65,0,imagen.jpeg,79,activacion,1x384x14x14,0.673738
65,0,imagen.jpeg,80,depthwise_conv,1x384x14x14,7.06326
65,0,imagen.jpeg,81,batchnorm,1x384x14x14,1.7391
65,0,imagen.jpeg,82,activacion,1x384x14x14,0.641957
65,0,imagen.jpeg,83,pointwise_conv,1x384x14x14,30.7794
65,0,imagen.jpeg,84,batchnorm,1x64x14x14,0.289263
65,0,imagen.jpeg,85,layer_add,1x64x14x14,0.138622
65,0,imagen.jpeg,86,pointwise_conv,1x64x14x14,24.371467
65,0,imagen.jpeg,87,batchnorm,1x384x14x14,1.75151
65,0,imagen.jpeg,88,activacion,1x384x14x14,0.627917
65,0,imagen.jpeg,89,depthwise_conv,1x384x14x14,7.065331
65,0,imagen.jpeg,90,batchnorm,1x384x14x14,1.76091
65,0,imagen.jpeg,91,activacion,1x384x14x14,0.650418
65,0,imagen.jpeg,92,pointwise_conv,1x384x14x14,46.53546
65,0,imagen.jpeg,93,batchnorm,1x96x14x14,0.444575
65,0,imagen.jpeg,94,pointwise_conv,1x96x14x14,55.40767
65,0,imagen.jpeg,95,batchnorm,1x576x14x14,2.63662
65,0,imagen.jpeg,96,activacion,1x576x14x14,1.011581
65,0,imagen.jpeg,97,depthwise_conv,1x576x14x14,10.660722
65,0,imagen.jpeg,98,batchnorm,1x576x14x14,2.62335
65,0,imagen.jpeg,99,activacion,1x576x14x14,0.976371
65,0,imagen.jpeg,100,pointwise_conv,1x576x14x14,97.47272
65,0,imagen.jpeg,101,batchnorm,1x96x14x14,0.439795
65,0,imagen.jpeg,102,layer_add,1x96x14x14,0.207903
65,0,imagen.jpeg,103,pointwise_conv,1x96x14x14,55.526062
65,0,imagen.jpeg,104,batchnorm,1x576x14x14,2.65268
65,0,imagen.jpeg,105,activacion,1x576x14x14,0.982951
65,0,imagen.jpeg,106,depthwise_conv,1x576x14x14,10.695202
65,0,imagen.jpeg,107,batchnorm,1x576x14x14,2.63703
65,0,imagen.jpeg,108,activacion,1x576x14x14,0.941711
65,0,imagen.jpeg,109,pointwise_conv,1x576x14x14,97.303428
65,0,imagen.jpeg,110,batchnorm,1x96x14x14,0.434715
65,0,imagen.jpeg,111,layer_add,1x96x14x14,0.204053
65,0,imagen.jpeg,112,pointwise_conv,1x96x14x14,55.38017
65,0,imagen.jpeg,113,batchnorm,1x576x14x14,2.64285
65,0,imagen.jpeg,114,activacion,1x576x14x14,1.016122
65,0,imagen.jpeg,115,depthwise_conv,1x576x14x14,2.775001
65,0,imagen.jpeg,116,batchnorm,1x576x7x7,0.667518
65,0,imagen.jpeg,117,activacion,1x576x7x7,0.204153
65,0,imagen.jpeg,118,pointwise_conv,1x576x7x7,42.732456
65,0,imagen.jpeg,119,batchnorm,1x160x7x7,0.183612
65,0,imagen.jpeg,120,pointwise_conv,1x160x7x7,31.493519
65,0,imagen.jpeg,121,batchnorm,1x960x7x7,1.115392
65,0,imagen.jpeg,122,activacion,1x960x7x7,0.400905
65,0,imagen.jpeg,123,depthwise_conv,1x960x7x7,4.608513
65,0,imagen.jpeg,124,batchnorm,1x960x7x7,1.112803
65,0,imagen.jpeg,125,activacion,1x960x7x7,0.405525
65,0,imagen.jpeg,126,pointwise_conv,1x960x7x7,90.756223
65,0,imagen.jpeg,127,batchnorm,1x160x7x7,0.184572
65,0,imagen.jpeg,128,layer_add,1x160x7x7,0.081831
65,0,imagen.jpeg,129,pointwise_conv,1x160x7x7,31.535279
65,0,imagen.jpeg,130,batchnorm,1x960x7x7,1.124893
65,0,imagen.jpeg,131,activacion,1x960x7x7,0.395285
65,0,imagen.jpeg,132,depthwise_conv,1x960x7x7,4.642073
65,0,imagen.jpeg,133,batchnorm,1x960x7x7,1.094882
65,0,imagen.jpeg,134,activacion,1x960x7x7,0.397474
65,0,imagen.jpeg,135,pointwise_conv,1x960x7x7,90.717743
65,0,imagen.jpeg,136,batchnorm,1x160x7x7,0.186752
65,0,imagen.jpeg,137,layer_add,1x160x7x7,0.087731
65,0,imagen.jpeg,138,pointwise_conv,1x160x7x7,31.515049
65,0,imagen.jpeg,139,batchnorm,1x960x7x7,1.119982
65,0,imagen.jpeg,140,activacion,1x960x7x7,0.430005
65,0,imagen.jpeg,141,depthwise_conv,1x960x7x7,4.664833
65,0,imagen.jpeg,142,batchnorm,1x960x7x7,1.096923
65,0,imagen.jpeg,143,activacion,1x960x7x7,0.318454
65,0,imagen.jpeg,144,pointwise_conv,1x960x7x7,181.209672
65,0,imagen.jpeg,145,batchnorm,1x320x7x7,0.372324
65,0,imagen.jpeg,146,pointwise_conv,1x320x7x7,108.462595
65,0,imagen.jpeg,147,batchnorm,1x1280x7x7,1.498667
65,0,imagen.jpeg,148,activacion,1x1280x7x7,0.528366
65,0,imagen.jpeg,149,pooling,1x1280x7x7,0.265083
65,0,imagen.jpeg,150,linear,1x1280,5.099278
66,0,imagen.jpeg,0,conv2d,1x3x224x224,114.724046
66,0,imagen.jpeg,1,batchnorm,1x32x112x112,9.158234
66,0,imagen.jpeg,2,activacion,1x32x112x112,2.835612
66,0,imagen.jpeg,3,depthwise_conv,1x32x112x112,37.046972
66,0,imagen.jpeg,4,batchnorm,1x32x112x112,9.237205
66,0,imagen.jpeg,5,activacion,1x32x112x112,2.934183
66,0,imagen.jpeg,6,pointwise_conv,1x32x112x112,129.276312
66,0,imagen.jpeg,7,batchnorm,1x16x112x112,4.586612
66,0,imagen.jpeg,8,pointwise_conv,1x16x112x112,170.496481
66,0,imagen.jpeg,9,batchnorm,1x96x112x112,27.744556
66,0,imagen.jpeg,10,activacion,1x96x112x112,9.354787
66,0,imagen.jpeg,11,depthwise_conv,1x96x112x112,29.129662
66,0,imagen.jpeg,12,batchnorm,1x96x56x56,6.876239
66,0,imagen.jpeg,13,activacion,1x96x56x56,2.512619
66,0,imagen.jpeg,14,pointwise_conv,1x96x56x56,94.369254
66,0,imagen.jpeg,15,batchnorm,1x24x56x56,1.70537
66,0,imagen.jpeg,16,pointwise_conv,1x24x56x56,88.280464
66,0,imagen.jpeg,17,batchnorm,1x144x56x56,10.454459
66,0,imagen.jpeg,18,activacion,1x144x56x56,3.52267
66,0,imagen.jpeg,19,depthwise_conv,1x144x56x56,41.901147
66,0,imagen.jpeg,20,batchnorm,1x144x56x56,10.296177
66,0,imagen.jpeg,21,activacion,1x144x56x56,3.955375
66,0,imagen.jpeg,22,pointwise_conv,1x144x56x56,199.37669
66,0,imagen.jpeg,23,batchnorm,1x24x56x56,1.75213
66,0,imagen.jpeg,24,layer_add,1x24x56x56,0.769098
66,0,imagen.jpeg,25,pointwise_conv,1x24x56x56,87.836959
66,0,imagen.jpeg,26,batchnorm,1x144x56x56,10.50863
66,0,imagen.jpeg,27,activacion,1x144x56x56,3.861104
66,0,imagen.jpeg,28,depthwise_conv,1x144x56x56,10.645641
66,0,imagen.jpeg,29,batchnorm,1x144x28x28,2.580819
66,0,imagen.jpeg,30,activacion,1x144x28x28,0.922831
66,0,imagen.jpeg,31,pointwise_conv,1x144x28x28,25.582531
66,0,imagen.jpeg,32,batchnorm,1x32x28x28,0.568156
66,0,imagen.jpeg,33,pointwise_conv,1x32x28x28,34.555524
66,0,imagen.jpeg,34,batchnorm,1x192x28x28,3.464119
66,0,imagen.jpeg,35,activacion,1x192x28x28,1.116763
66,0,imagen.jpeg,36,depthwise_conv,1x192x28x28,14.10112
66,0,imagen.jpeg,37,batchnorm,1x192x28x28,3.44189
66,0,imagen.jpeg,38,activacion,1x192x28x28,1.340335
66,0,imagen.jpeg,39,pointwise_conv,1x192x28x28,34.197239
66,0,imagen.jpeg,40,batchnorm,1x32x28x28,0.569626
66,0,imagen.jpeg,41,layer_add,1x32x28x28,0.276753
66,0,imagen.jpeg,42,pointwise_conv,1x32x28x28,34.559723
66,0,imagen.jpeg,43,batchnorm,1x192x28x28,3.466919
66,0,imagen.jpeg,44,activacion,1x192x28x28,1.183423
66,0,imagen.jpeg,45,depthwise_conv,1x192x28x28,14.02144
66,0,imagen.jpeg,46,batchnorm,1x192x28x28,3.52668
66,0,imagen.jpeg,47,activacion,1x192x28x28,1.339876
66,0,imagen.jpeg,48,pointwise_conv,1x192x28x28,34.088368
66,0,imagen.jpeg,49,batchnorm,1x32x28x28,0.574097
66,0,imagen.jpeg,50,layer_add,1x32x28x28,0.264633
66,0,imagen.jpeg,51,pointwise_conv,1x32x28x28,34.514923
66,0,imagen.jpeg,52,batchnorm,1x192x28x28,3.463339
66,0,imagen.jpeg,53,activacion,1x192x28x28,1.255484
66,0,imagen.jpeg,54,depthwise_conv,1x192x28x28,3.661372
66,0,imagen.jpeg,55,batchnorm,1x192x14x14,0.889451
66,0,imagen.jpeg,56,activacion,1x192x14x14,0.275783
66,0,imagen.jpeg,57,pointwise_conv,1x192x14x14,12.628344
66,0,imagen.jpeg,58,batchnorm,1x64x14x14,0.288364
66,0,imagen.jpeg,59,pointwise_conv,1x64x14x14,24.368578
66,0,imagen.jpeg,60,batchnorm,1x384x14x14,1.76653
66,0,imagen.jpeg,61,activacion,1x384x14x14,0.559547
66,0,imagen.jpeg,62,depthwise_conv,1x384x14x14,7.06745
66,0,imagen.jpeg,63,batchnorm,1x384x14x14,1.73347
66,0,imagen.jpeg,64,activacion,1x384x14x14,0.680327
66,0,imagen.jpeg,65,pointwise_conv,1x384x14x14,30.73598
66,0,imagen.jpeg,66,batchnorm,1x64x14x14,0.287614
66,0,imagen.jpeg,67,layer_add,1x64x14x14,0.136301
66,0,imagen.jpeg,68,pointwise_conv,1x64x14x14,24.283196
66,0,imagen.jpeg,69,batchnorm,1x384x14x14,1.75094
66,0,imagen.jpeg,70,activacion,1x384x14x14,0.616577
66,0,imagen.jpeg,71,depthwise_conv,1x384x14x14,7.068671
66,0,imagen.jpeg,72,batchnorm,1x384x14x14,1.81432
66,0,imagen.jpeg,73,activacion,1x384x14x14,0.668547
66,0,imagen.jpeg,74,pointwise_conv,1x384x14x14,30.835451
66,0,imagen.jpeg,75,batchnorm,1x64x14x14,0.289803
66,0,imagen.jpeg,76,layer_add,1x64x14x14,0.134342
66,0,imagen.jpeg,77,pointwise_conv,1x64x14x14,24.294156
66,0,imagen.jpeg,78,batchnorm,1x384x14x14,1.75162
66,0,imagen.jpeg,79,activacion,1x384x14x14,0.672318
66,0,imagen.jpeg,80,depthwise_conv,1x384x14x14,7.0319
66,0,imagen.jpeg,81,batchnorm,1x384x14x14,1.73627
66,0,imagen.jpeg,82,activacion,1x384x14x14,0.661457
66,0,imagen.jpeg,83,pointwise_conv,1x384x14x14,30.722359
66,0,imagen.jpeg,84,batchnorm,1x64x14x14,0.289204
66,0,imagen.jpeg,85,layer_add,1x64x14x14,0.139971
66,0,imagen.jpeg,86,pointwise_conv,1x64x14x14,24.370997
66,0,imagen.jpeg,87,batchnorm,1x384x14x14,1.77347
66,0,imagen.jpeg,88,activacion,1x384x14x14,0.628667
66,0,imagen.jpeg,89,depthwise_conv,1x384x14x14,7.05663
66,0,imagen.jpeg,90,batchnorm,1x384x14x14,1.732349
66,0,imagen.jpeg,91,activacion,1x384x14x14,0.697478
66,0,imagen.jpeg,92,pointwise_conv,1x384x14x14,46.001954
66,0,imagen.jpeg,93,batchnorm,1x96x14x14,0.431995
66,0,imagen.jpeg,94,pointwise_conv,1x96x14x14,55.421201
66,0,imagen.jpeg,95,batchnorm,1x576x14x14,2.65236
66,0,imagen.jpeg,96,activacion,1x576x14x14,0.975121
66,0,imagen.jpeg,97,depthwise_conv,1x576x14x14,10.627421
66,0,imagen.jpeg,98,batchnorm,1x576x14x14,2.64695
66,0,imagen.jpeg,99,activacion,1x576x14x14,0.974861
66,0,imagen.jpeg,100,pointwise_conv,1x576x14x14,97.455419
66,0,imagen.jpeg,101,batchnorm,1x96x14x14,0.434685
66,0,imagen.jpeg,102,layer_add,1x96x14x14,0.205722
66,0,imagen.jpeg,103,pointwise_conv,1x96x14x14,55.498482
66,0,imagen.jpeg,104,batchnorm,1x576x14x14,2.733491
66,0,imagen.jpeg,105,activacion,1x576x14x14,0.988331
66,0,imagen.jpeg,106,depthwise_conv,1x576x14x14,10.603141
66,0,imagen.jpeg,107,batchnorm,1x576x14x14,2.61889
66,0,imagen.jpeg,108,activacion,1x576x14x14,1.003111
66,0,imagen.jpeg,109,pointwise_conv,1x576x14x14,97.55729
66,0,imagen.jpeg,110,batchnorm,1x96x14x14,0.439335
66,0,imagen.jpeg,111,layer_add,1x96x14x14,0.209662
66,0,imagen.jpeg,112,pointwise_conv,1x96x14x14,55.458211
66,0,imagen.jpeg,113,batchnorm,1x576x14x14,2.64695
66,0,imagen.jpeg,114,activacion,1x576x14x14,0.985122
66,0,imagen.jpeg,115,depthwise_conv,1x576x14x14,2.806501
66,0,imagen.jpeg,116,batchnorm,1x576x7x7,0.662618
66,0,imagen.jpeg,117,activacion,1x576x7x7,0.232843
66,0,imagen.jpeg,118,pointwise_conv,1x576x7x7,42.775957
66,0,imagen.jpeg,119,batchnorm,1x160x7x7,0.184022
66,0,imagen.jpeg,120,pointwise_conv,1x160x7x7,31.507879
66,0,imagen.jpeg,121,batchnorm,1x960x7x7,1.131653
66,0,imagen.jpeg,122,activacion,1x960x7x7,0.396104
66,0,imagen.jpeg,123,depthwise_conv,1x960x7x7,4.623813
66,0,imagen.jpeg,124,batchnorm,1x960x7x7,1.094692
66,0,imagen.jpeg,125,activacion,1x960x7x7,0.424875
66,0,imagen.jpeg,126,pointwise_conv,1x960x7x7,90.784433
66,0,imagen.jpeg,127,batchnorm,1x160x7x7,0.198822
66,0,imagen.jpeg,128,layer_add,1x160x7x7,0.086471
66,0,imagen.jpeg,129,pointwise_conv,1x160x7x7,31.524179
66,0,imagen.jpeg,130,batchnorm,1x960x7x7,1.114273
66,0,imagen.jpeg,131,activacion,1x960x7x7,0.407415
66,0,imagen.jpeg,132,depthwise_conv,1x960x7x7,4.617662
66,0,imagen.jpeg,133,batchnorm,1x960x7x7,1.110142
66,0,imagen.jpeg,134,activacion,1x960x7x7,0.401424
66,0,imagen.jpeg,135,pointwise_conv,1x960x7x7,90.669472
66,0,imagen.jpeg,136,batchnorm,1x160x7x7,0.188062
66,0,imagen.jpeg,137,layer_add,1x160x7x7,0.086951
66,0,imagen.jpeg,138,pointwise_conv,1x160x7x7,31.561369
66,0,imagen.jpeg,139,batchnorm,1x960x7x7,1.116533
66,0,imagen.jpeg,140,activacion,1x960x7x7,0.402165
66,0,imagen.jpeg,141,depthwise_conv,1x960x7x7,4.621032
66,0,imagen.jpeg,142,batchnorm,1x960x7x7,1.110343
66,0,imagen.jpeg,143,activacion,1x960x7x7,0.318593
66,0,imagen.jpeg,144,pointwise_conv,1x960x7x7,181.323784
66,0,imagen.jpeg,145,batchnorm,1x320x7x7,0.374144
66,0,imagen.jpeg,146,pointwise_conv,1x320x7x7,108.549476
66,0,imagen.jpeg,147,batchnorm,1x1280x7x7,1.501558
66,0,imagen.jpeg,148,activacion,1x1280x7x7,0.542926
66,0,imagen.jpeg,149,pooling,1x1280x7x7,0.263163
66,0,imagen.jpeg,150,linear,1x1280,5.092308
67,0,imagen.jpeg,0,conv2d,1x3x224x224,114.607395
67,0,imagen.jpeg,1,batchnorm,1x32x112x112,9.162234
67,0,imagen.jpeg,2,activacion,1x32x112x112,2.803192
67,0,imagen.jpeg,3,depthwise_conv,1x32x112x112,37.095992
67,0,imagen.jpeg,4,batchnorm,1x32x112x112,9.314216
67,0,imagen.jpeg,5,activacion,1x32x112x112,2.801352
67,0,imagen.jpeg,6,pointwise_conv,1x32x112x112,129.537775
67,0,imagen.jpeg,7,batchnorm,1x16x112x112,4.663744
67,0,imagen.jpeg,8,pointwise_conv,1x16x112x112,171.909747
67,0,imagen.jpeg,9,batchnorm,1x96x112x112,27.671635
67,0,imagen.jpeg,10,activacion,1x96x112x112,9.370287
67,0,imagen.jpeg,11,depthwise_conv,1x96x112x112,29.104112
67,0,imagen.jpeg,12,batchnorm,1x96x56x56,6.882519
67,0,imagen.jpeg,13,activacion,1x96x56x56,2.507779
67,0,imagen.jpeg,14,pointwise_conv,1x96x56x56,94.970271
67,0,imagen.jpeg,15,batchnorm,1x24x56x56,1.709789
67,0,imagen.jpeg,16,pointwise_conv,1x24x56x56,88.308205
67,0,imagen.jpeg,17,batchnorm,1x144x56x56,10.451809
67,0,imagen.jpeg,18,activacion,1x144x56x56,3.54653
67,0,imagen.jpeg,19,depthwise_conv,1x144x56x56,41.920657
67,0,imagen.jpeg,20,batchnorm,1x144x56x56,10.338007
67,0,imagen.jpeg,21,activacion,1x144x56x56,3.924185
67,0,imagen.jpeg,22,pointwise_conv,1x144x56x56,199.216017
67,0,imagen.jpeg,23,batchnorm,1x24x56x56,1.71303
67,0,imagen.jpeg,24,layer_add,1x24x56x56,0.819739
67,0,imagen.jpeg,25,pointwise_conv,1x24x56x56,88.566479
67,0,imagen.jpeg,26,batchnorm,1x144x56x56,10.430499
67,0,imagen.jpeg,27,activacion,1x144x56x56,3.857244
67,0,imagen.jpeg,28,depthwise_conv,1x144x56x56,10.657031
67,0,imagen.jpeg,29,batchnorm,1x144x28x28,2.60242
67,0,imagen.jpeg,30,activacion,1x144x28x28,0.89509
67,0,imagen.jpeg,31,pointwise_conv,1x144x28x28,25.705942
67,0,imagen.jpeg,32,batchnorm,1x32x28x28,0.567487
67,0,imagen.jpeg,33,pointwise_conv,1x32x28x28,34.563393
67,0,imagen.jpeg,34,batchnorm,1x192x28x28,3.55437
67,0,imagen.jpeg,35,activacion,1x192x28x28,1.117833
67,0,imagen.jpeg,36,depthwise_conv,1x192x28x28,14.006319
67,0,imagen.jpeg,37,batchnorm,1x192x28x28,3.422259
67,0,imagen.jpeg,38,activacion,1x192x28x28,1.406596
67,0,imagen.jpeg,39,pointwise_conv,1x192x28x28,34.23682
67,0,imagen.jpeg,40,batchnorm,1x32x28x28,0.571767
67,0,imagen.jpeg,41,layer_add,1x32x28x28,0.272773
67,0,imagen.jpeg,42,pointwise_conv,1x32x28x28,34.531353
67,0,imagen.jpeg,43,batchnorm,1x192x28x28,3.45342
67,0,imagen.jpeg,44,activacion,1x192x28x28,1.183744
67,0,imagen.jpeg,45,depthwise_conv,1x192x28x28,14.06502
67,0,imagen.jpeg,46,batchnorm,1x192x28x28,3.431379
67,0,imagen.jpeg,47,activacion,1x192x28x28,1.411146
67,0,imagen.jpeg,48,pointwise_conv,1x192x28x28,34.051417
67,0,imagen.jpeg,49,batchnorm,1x32x28x28,0.597947
67,0,imagen.jpeg,50,layer_add,1x32x28x28,0.276633
67,0,imagen.jpeg,51,pointwise_conv,1x32x28x28,34.480413
67,0,imagen.jpeg,52,batchnorm,1x192x28x28,3.458649
67,0,imagen.jpeg,53,activacion,1x192x28x28,1.285854
67,0,imagen.jpeg,54,depthwise_conv,1x192x28x28,3.658802
67,0,imagen.jpeg,55,batchnorm,1x192x14x14,0.874779
67,0,imagen.jpeg,56,activacion,1x192x14x14,0.277033
67,0,imagen.jpeg,57,pointwise_conv,1x192x14x14,12.689135
67,0,imagen.jpeg,58,batchnorm,1x64x14x14,0.288613
67,0,imagen.jpeg,59,pointwise_conv,1x64x14x14,24.284257
67,0,imagen.jpeg,60,batchnorm,1x384x14x14,1.75836
67,0,imagen.jpeg,61,activacion,1x384x14x14,0.558647
67,0,imagen.jpeg,62,depthwise_conv,1x384x14x14,7.082241
67,0,imagen.jpeg,63,batchnorm,1x384x14x14,1.77212
67,0,imagen.jpeg,64,activacion,1x384x14x14,0.690148
67,0,imagen.jpeg,65,pointwise_conv,1x384x14x14,30.789921
67,0,imagen.jpeg,66,batchnorm,1x64x14x14,0.290053
67,0,imagen.jpeg,67,layer_add,1x64x14x14,0.140232
67,0,imagen.jpeg,68,pointwise_conv,1x64x14x14,24.297017
67,0,imagen.jpeg,69,batchnorm,1x384x14x14,1.77256
67,0,imagen.jpeg,70,activacion,1x384x14x14,0.627908
67,0,imagen.jpeg,71,depthwise_conv,1x384x14x14,7.128991
67,0,imagen.jpeg,72,batchnorm,1x384x14x14,1.73491
67,0,imagen.jpeg,73,activacion,1x384x14x14,0.674098
67,0,imagen.jpeg,74,pointwise_conv,1x384x14x14,30.73366
67,0,imagen.jpeg,75,batchnorm,1x64x14x14,0.288544
67,0,imagen.jpeg,76,layer_add,1x64x14x14,0.138111
67,0,imagen.jpeg,77,pointwise_conv,1x64x14x14,24.303727
67,0,imagen.jpeg,78,batchnorm,1x384x14x14,1.76315
67,0,imagen.jpeg,79,activacion,1x384x14x14,0.662717
67,0,imagen.jpeg,80,depthwise_conv,1x384x14x14,7.0638
67,0,imagen.jpeg,81,batchnorm,1x384x14x14,1.73762
67,0,imagen.jpeg,82,activacion,1x384x14x14,0.685368
67,0,imagen.jpeg,83,pointwise_conv,1x384x14x14,30.79028
67,0,imagen.jpeg,84,batchnorm,1x64x14x14,0.291253
67,0,imagen.jpeg,85,layer_add,1x64x14x14,0.133952
67,0,imagen.jpeg,86,pointwise_conv,1x64x14x14,24.285507
67,0,imagen.jpeg,87,batchnorm,1x384x14x14,1.75956
67,0,imagen.jpeg,88,activacion,1x384x14x14,0.653188
67,0,imagen.jpeg,89,depthwise_conv,1x384x14x14,7.04519
67,0,imagen.jpeg,90,batchnorm,1x384x14x14,1.74686
67,0,imagen.jpeg,91,activacion,1x384x14x14,0.630018
67,0,imagen.jpeg,92,pointwise_conv,1x384x14x14,46.122565
67,0,imagen.jpeg,93,batchnorm,1x96x14x14,0.438985
67,0,imagen.jpeg,94,pointwise_conv,1x96x14x14,55.439171
67,0,imagen.jpeg,95,batchnorm,1x576x14x14,2.664561
67,0,imagen.jpeg,96,activacion,1x576x14x14,0.970551
67,0,imagen.jpeg,97,depthwise_conv,1x576x14x14,10.619511
67,0,imagen.jpeg,98,batchnorm,1x576x14x14,2.61954
67,0,imagen.jpeg,99,activacion,1x576x14x14,1.034652
67,0,imagen.jpeg,100,pointwise_conv,1x576x14x14,97.360268
67,0,imagen.jpeg,101,batchnorm,1x96x14x14,0.436025
67,0,imagen.jpeg,102,layer_add,1x96x14x14,0.205552
67,0,imagen.jpeg,103,pointwise_conv,1x96x14x14,55.539772
67,0,imagen.jpeg,104,batchnorm,1x576x14x14,2.64797
67,0,imagen.jpeg,105,activacion,1x576x14x14,0.988231
67,0,imagen.jpeg,106,depthwise_conv,1x576x14x14,10.653391
67,0,imagen.jpeg,107,batchnorm,1x576x14x14,2.65467
67,0,imagen.jpeg,108,activacion,1x576x14x14,0.942681
67,0,imagen.jpeg,109,pointwise_conv,1x576x14x14,97.519381
67,0,imagen.jpeg,110,batchnorm,1x96x14x14,0.434685
67,0,imagen.jpeg,111,layer_add,1x96x14x14,0.208512
67,0,imagen.jpeg,112,pointwise_conv,1x96x14x14,55.36939
67,0,imagen.jpeg,113,batchnorm,1x576x14x14,2.65569
67,0,imagen.jpeg,114,activacion,1x576x14x14,0.985962
67,0,imagen.jpeg,115,depthwise_conv,1x576x14x14,2.794612
67,0,imagen.jpeg,116,batchnorm,1x576x7x7,0.665618
67,0,imagen.jpeg,117,activacion,1x576x7x7,0.207042
67,0,imagen.jpeg,118,pointwise_conv,1x576x7x7,42.788858
67,0,imagen.jpeg,119,batchnorm,1x160x7x7,0.183533
67,0,imagen.jpeg,120,pointwise_conv,1x160x7x7,31.510258
67,0,imagen.jpeg,121,batchnorm,1x960x7x7,1.118433
67,0,imagen.jpeg,122,activacion,1x960x7x7,0.399324
67,0,imagen.jpeg,123,depthwise_conv,1x960x7x7,4.641333
67,0,imagen.jpeg,124,batchnorm,1x960x7x7,1.095462
67,0,imagen.jpeg,125,activacion,1x960x7x7,0.420165
67,0,imagen.jpeg,126,pointwise_conv,1x960x7x7,90.849254
67,0,imagen.jpeg,127,batchnorm,1x160x7x7,0.183962
67,0,imagen.jpeg,128,layer_add,1x160x7x7,0.0825
67,0,imagen.jpeg,129,pointwise_conv,1x160x7x7,31.547859
67,0,imagen.jpeg,130,batchnorm,1x960x7x7,1.114842
67,0,imagen.jpeg,131,activacion,1x960x7x7,0.419855
67,0,imagen.jpeg,132,depthwise_conv,1x960x7x7,4.586362
67,0,imagen.jpeg,133,batchnorm,1x960x7x7,1.095763
67,0,imagen.jpeg,134,activacion,1x960x7x7,0.397985
67,0,imagen.jpeg,135,pointwise_conv,1x960x7x7,90.901194
67,0,imagen.jpeg,136,batchnorm,1x160x7x7,0.187402
67,0,imagen.jpeg,137,layer_add,1x160x7x7,0.086061
67,0,imagen.jpeg,138,pointwise_conv,1x160x7x7,31.577479
67,0,imagen.jpeg,139,batchnorm,1x960x7x7,1.136983
67,0,imagen.jpeg,140,activacion,1x960x7x7,0.391724
67,0,imagen.jpeg,141,depthwise_conv,1x960x7x7,4.602052
67,0,imagen.jpeg,142,batchnorm,1x960x7x7,1.096212
67,0,imagen.jpeg,143,activacion,1x960x7x7,0.316053
67,0,imagen.jpeg,144,pointwise_conv,1x960x7x7,181.442085
67,0,imagen.jpeg,145,batchnorm,1x320x7x7,0.371724
67,0,imagen.jpeg,146,pointwise_conv,1x320x7x7,108.515095
67,0,imagen.jpeg,147,batchnorm,1x1280x7x7,1.580238
67,0,imagen.jpeg,148,activacion,1x1280x7x7,0.531646
67,0,imagen.jpeg,149,pooling,1x1280x7x7,0.264553
67,0,imagen.jpeg,150,linear,1x1280,5.102208
68,0,imagen.jpeg,0,conv2d,1x3x224x224,114.634405
68,0,imagen.jpeg,1,batchnorm,1x32x112x112,9.246766
68,0,imagen.jpeg,2,activacion,1x32x112x112,2.768012
68,0,imagen.jpeg,3,depthwise_conv,1x32x112x112,37.093792
68,0,imagen.jpeg,4,batchnorm,1x32x112x112,9.224885
68,0,imagen.jpeg,5,activacion,1x32x112x112,2.835182
68,0,imagen.jpeg,6,pointwise_conv,1x32x112x112,129.080729
68,0,imagen.jpeg,7,batchnorm,1x16x112x112,4.594132
68,0,imagen.jpeg,8,pointwise_conv,1x16x112x112,171.175408
68,0,imagen.jpeg,9,batchnorm,1x96x112x112,27.706626
68,0,imagen.jpeg,10,activacion,1x96x112x112,9.355777
68,0,imagen.jpeg,11,depthwise_conv,1x96x112x112,29.136681
68,0,imagen.jpeg,12,batchnorm,1x96x56x56,6.870778
68,0,imagen.jpeg,13,activacion,1x96x56x56,2.476788
68,0,imagen.jpeg,14,pointwise_conv,1x96x56x56,96.394877
68,0,imagen.jpeg,15,batchnorm,1x24x56x56,1.75159
68,0,imagen.jpeg,16,pointwise_conv,1x24x56x56,88.294355
68,0,imagen.jpeg,17,batchnorm,1x144x56x56,10.469509
68,0,imagen.jpeg,18,activacion,1x144x56x56,3.53026
68,0,imagen.jpeg,19,depthwise_conv,1x144x56x56,41.902577
68,0,imagen.jpeg,20,batchnorm,1x144x56x56,10.288847
68,0,imagen.jpeg,21,activacion,1x144x56x56,4.011686
68,0,imagen.jpeg,22,pointwise_conv,1x144x56x56,199.133447
68,0,imagen.jpeg,23,batchnorm,1x24x56x56,1.75238
68,0,imagen.jpeg,24,layer_add,1x24x56x56,0.777729
68,0,imagen.jpeg,25,pointwise_conv,1x24x56x56,87.774349
68,0,imagen.jpeg,26,batchnorm,1x144x56x56,10.460179
68,0,imagen.jpeg,27,activacion,1x144x56x56,3.926624
68,0,imagen.jpeg,28,depthwise_conv,1x144x56x56,10.709232
68,0,imagen.jpeg,29,batchnorm,1x144x28x28,2.58111
68,0,imagen.jpeg,30,activacion,1x144x28x28,0.9387
68,0,imagen.jpeg,31,pointwise_conv,1x144x28x28,25.633211
68,0,imagen.jpeg,32,batchnorm,1x32x28x28,0.567867
68,0,imagen.jpeg,33,pointwise_conv,1x32x28x28,34.612854
68,0,imagen.jpeg,34,batchnorm,1x192x28x28,3.469709
68,0,imagen.jpeg,35,activacion,1x192x28x28,1.115083
68,0,imagen.jpeg,36,depthwise_conv,1x192x28x28,14.00239
68,0,imagen.jpeg,37,batchnorm,1x192x28x28,3.44504
68,0,imagen.jpeg,38,activacion,1x192x28x28,1.338655
68,0,imagen.jpeg,39,pointwise_conv,1x192x28x28,34.092588
68,0,imagen.jpeg,40,batchnorm,1x32x28x28,0.569206
68,0,imagen.jpeg,41,layer_add,1x32x28x28,0.275073
68,0,imagen.jpeg,42,pointwise_conv,1x32x28x28,34.630575
68,0,imagen.jpeg,43,batchnorm,1x192x28x28,3.51676
68,0,imagen.jpeg,44,activacion,1x192x28x28,1.181194
68,0,imagen.jpeg,45,depthwise_conv,1x192x28x28,13.980929
68,0,imagen.jpeg,46,batchnorm,1x192x28x28,3.447789
68,0,imagen.jpeg,47,activacion,1x192x28x28,1.338385
68,0,imagen.jpeg,48,pointwise_conv,1x192x28x28,34.131318
68,0,imagen.jpeg,49,batchnorm,1x32x28x28,0.576827
68,0,imagen.jpeg,50,layer_add,1x32x28x28,0.276433
68,0,imagen.jpeg,51,pointwise_conv,1x32x28x28,34.597064
68,0,imagen.jpeg,52,batchnorm,1x192x28x28,3.473289
68,0,imagen.jpeg,53,activacion,1x192x28x28,1.255144
68,0,imagen.jpeg,54,depthwise_conv,1x192x28x28,3.628431
68,0,imagen.jpeg,55,batchnorm,1x192x14x14,0.974721
68,0,imagen.jpeg,56,activacion,1x192x14x14,0.279263
68,0,imagen.jpeg,57,pointwise_conv,1x192x14x14,12.605873
68,0,imagen.jpeg,58,batchnorm,1x64x14x14,0.288233
68,0,imagen.jpeg,59,pointwise_conv,1x64x14x14,24.409158
68,0,imagen.jpeg,60,batchnorm,1x384x14x14,1.77132
68,0,imagen.jpeg,61,activacion,1x384x14x14,0.557786
68,0,imagen.jpeg,62,depthwise_conv,1x384x14x14,7.05937
68,0,imagen.jpeg,63,batchnorm,1x384x14x14,1.730629
68,0,imagen.jpeg,64,activacion,1x384x14x14,0.688558
68,0,imagen.jpeg,65,pointwise_conv,1x384x14x14,30.729
68,0,imagen.jpeg,66,batchnorm,1x64x14x14,0.288283
68,0,imagen.jpeg,67,layer_add,1x64x14x14,0.138832
68,0,imagen.jpeg,68,pointwise_conv,1x64x14x14,24.359658
68,0,imagen.jpeg,69,batchnorm,1x384x14x14,1.75062
68,0,imagen.jpeg,70,activacion,1x384x14x14,0.617237
68,0,imagen.jpeg,71,depthwise_conv,1x384x14x14,7.130101
68,0,imagen.jpeg,72,batchnorm,1x384x14x14,1.76048
68,0,imagen.jpeg,73,activacion,1x384x14x14,0.678168
68,0,imagen.jpeg,74,pointwise_conv,1x384x14x14,30.73412
68,0,imagen.jpeg,75,batchnorm,1x64x14x14,0.289443
68,0,imagen.jpeg,76,layer_add,1x64x14x14,0.132352
68,0,imagen.jpeg,77,pointwise_conv,1x64x14x14,24.294166
68,0,imagen.jpeg,78,batchnorm,1x384x14x14,1.74852
68,0,imagen.jpeg,79,activacion,1x384x14x14,0.677438
68,0,imagen.jpeg,80,depthwise_conv,1x384x14x14,7.046961
68,0,imagen.jpeg,81,batchnorm,1x384x14x14,1.73618
68,0,imagen.jpeg,82,activacion,1x384x14x14,0.660117
68,0,imagen.jpeg,83,pointwise_conv,1x384x14x14,30.837831
68,0,imagen.jpeg,84,batchnorm,1x64x14x14,0.288793
68,0,imagen.jpeg,85,layer_add,1x64x14x14,0.139052
68,0,imagen.jpeg,86,pointwise_conv,1x64x14x14,24.297956
68,0,imagen.jpeg,87,batchnorm,1x384x14x14,1.76646
68,0,imagen.jpeg,88,activacion,1x384x14x14,0.628087
68,0,imagen.jpeg,89,depthwise_conv,1x384x14x14,7.0636
68,0,imagen.jpeg,90,batchnorm,1x384x14x14,1.73149
68,0,imagen.jpeg,91,activacion,1x384x14x14,0.678807
68,0,imagen.jpeg,92,pointwise_conv,1x384x14x14,46.051264
68,0,imagen.jpeg,93,batchnorm,1x96x14x14,0.432005
68,0,imagen.jpeg,94,pointwise_conv,1x96x14x14,55.414411
68,0,imagen.jpeg,95,batchnorm,1x576x14x14,2.649501
68,0,imagen.jpeg,96,activacion,1x576x14x14,0.978601
68,0,imagen.jpeg,97,depthwise_conv,1x576x14x14,10.602661
68,0,imagen.jpeg,98,batchnorm,1x576x14x14,2.64698
68,0,imagen.jpeg,99,activacion,1x576x14x14,0.966821
68,0,imagen.jpeg,100,pointwise_conv,1x576x14x14,97.439639
68,0,imagen.jpeg,101,batchnorm,1x96x14x14,0.440645
68,0,imagen.jpeg,102,layer_add,1x96x14x14,0.203403
68,0,imagen.jpeg,103,pointwise_conv,1x96x14x14,55.587732
68,0,imagen.jpeg,104,batchnorm,1x576x14x14,2.66118
68,0,imagen.jpeg,105,activacion,1x576x14x14,0.984681
68,0,imagen.jpeg,106,depthwise_conv,1x576x14x14,10.60564
68,0,imagen.jpeg,107,batchnorm,1x576x14x14,2.62401
68,0,imagen.jpeg,108,activacion,1x576x14x14,0.991291
68,0,imagen.jpeg,109,pointwise_conv,1x576x14x14,97.421909
68,0,imagen.jpeg,110,batchnorm,1x96x14x14,0.435445
68,0,imagen.jpeg,111,layer_add,1x96x14x14,0.203763
68,0,imagen.jpeg,112,pointwise_conv,1x96x14x14,55.33385
68,0,imagen.jpeg,113,batchnorm,1x576x14x14,2.65491
68,0,imagen.jpeg,114,activacion,1x576x14x14,0.975921
68,0,imagen.jpeg,115,depthwise_conv,1x576x14x14,2.805232
68,0,imagen.jpeg,116,batchnorm,1x576x7x7,0.662818
68,0,imagen.jpeg,117,activacion,1x576x7x7,0.203343
68,0,imagen.jpeg,118,pointwise_conv,1x576x7x7,42.857448
68,0,imagen.jpeg,119,batchnorm,1x160x7x7,0.184462
68,0,imagen.jpeg,120,pointwise_conv,1x160x7x7,31.57556
68,0,imagen.jpeg,121,batchnorm,1x960x7x7,1.130753
68,0,imagen.jpeg,122,activacion,1x960x7x7,0.391884
68,0,imagen.jpeg,123,depthwise_conv,1x960x7x7,4.624733
68,0,imagen.jpeg,124,batchnorm,1x960x7x7,1.094343
68,0,imagen.jpeg,125,activacion,1x960x7x7,0.424065
68,0,imagen.jpeg,126,pointwise_conv,1x960x7x7,90.752583
68,0,imagen.jpeg,127,batchnorm,1x160x7x7,0.201123
68,0,imagen.jpeg,128,layer_add,1x160x7x7,0.088781
68,0,imagen.jpeg,129,pointwise_conv,1x160x7x7,31.510568
68,0,imagen.jpeg,130,batchnorm,1x960x7x7,1.112912
68,0,imagen.jpeg,131,activacion,1x960x7x7,0.398424
68,0,imagen.jpeg,132,depthwise_conv,1x960x7x7,4.614023
68,0,imagen.jpeg,133,batchnorm,1x960x7x7,1.188154
68,0,imagen.jpeg,134,activacion,1x960x7x7,0.401535
68,0,imagen.jpeg,135,pointwise_conv,1x960x7x7,90.873664
68,0,imagen.jpeg,136,batchnorm,1x160x7x7,0.188842
68,0,imagen.jpeg,137,layer_add,1x160x7x7,0.088391
68,0,imagen.jpeg,138,pointwise_conv,1x160x7x7,31.572129
68,0,imagen.jpeg,139,batchnorm,1x960x7x7,1.115362
68,0,imagen.jpeg,140,activacion,1x960x7x7,0.393934
68,0,imagen.jpeg,141,depthwise_conv,1x960x7x7,4.620003
68,0,imagen.jpeg,142,batchnorm,1x960x7x7,1.096813
68,0,imagen.jpeg,143,activacion,1x960x7x7,0.317004
68,0,imagen.jpeg,144,pointwise_conv,1x960x7x7,181.514736
68,0,imagen.jpeg,145,batchnorm,1x320x7x7,0.389024
68,0,imagen.jpeg,146,pointwise_conv,1x320x7x7,108.450585
68,0,imagen.jpeg,147,batchnorm,1x1280x7x7,1.495187
68,0,imagen.jpeg,148,activacion,1x1280x7x7,0.541217
68,0,imagen.jpeg,149,pooling,1x1280x7x7,0.264153
68,0,imagen.jpeg,150,linear,1x1280,5.096088
69,0,imagen.jpeg,0,conv2d,1x3x224x224,114.746207
69,0,imagen.jpeg,1,batchnorm,1x32x112x112,9.158795
69,0,imagen.jpeg,2,activacion,1x32x112x112,2.872643
69,0,imagen.jpeg,3,depthwise_conv,1x32x112x112,37.112012
69,0,imagen.jpeg,4,batchnorm,1x32x112x112,9.233255
69,0,imagen.jpeg,5,activacion,1x32x112x112,2.835903
69,0,imagen.jpeg,6,pointwise_conv,1x32x112x112,129.15802
69,0,imagen.jpeg,7,batchnorm,1x16x112x112,4.594513
69,0,imagen.jpeg,8,pointwise_conv,1x16x112x112,179.682755
69,0,imagen.jpeg,9,batchnorm,1x96x112x112,27.705975
69,0,imagen.jpeg,10,activacion,1x96x112x112,9.448307
69,0,imagen.jpeg,11,depthwise_conv,1x96x112x112,29.040681
69,0,imagen.jpeg,12,batchnorm,1x96x56x56,6.961639
69,0,imagen.jpeg,13,activacion,1x96x56x56,2.511558
69,0,imagen.jpeg,14,pointwise_conv,1x96x56x56,95.092192
69,0,imagen.jpeg,15,batchnorm,1x24x56x56,1.708649
69,0,imagen.jpeg,16,pointwise_conv,1x24x56x56,88.320006
69,0,imagen.jpeg,17,batchnorm,1x144x56x56,10.444979
69,0,imagen.jpeg,18,activacion,1x144x56x56,3.55647
69,0,imagen.jpeg,19,depthwise_conv,1x144x56x56,41.920457
69,0,imagen.jpeg,20,batchnorm,1x144x56x56,10.295277
69,0,imagen.jpeg,21,activacion,1x144x56x56,3.953725
69,0,imagen.jpeg,22,pointwise_conv,1x144x56x56,199.149557
69,0,imagen.jpeg,23,batchnorm,1x24x56x56,1.715239
69,0,imagen.jpeg,24,layer_add,1x24x56x56,0.820339
69,0,imagen.jpeg,25,pointwise_conv,1x24x56x56,87.727449
69,0,imagen.jpeg,26,batchnorm,1x144x56x56,10.441098
69,0,imagen.jpeg,27,activacion,1x144x56x56,3.942645
69,0,imagen.jpeg,28,depthwise_conv,1x144x56x56,10.644061
69,0,imagen.jpeg,29,batchnorm,1x144x28x28,2.614789
69,0,imagen.jpeg,30,activacion,1x144x28x28,0.911561
69,0,imagen.jpeg,31,pointwise_conv,1x144x28x28,25.602392
69,0,imagen.jpeg,32,batchnorm,1x32x28x28,0.584237
69,0,imagen.jpeg,33,pointwise_conv,1x32x28x28,34.607594
69,0,imagen.jpeg,34,batchnorm,1x192x28x28,3.45577
69,0,imagen.jpeg,35,activacion,1x192x28x28,1.155283
69,0,imagen.jpeg,36,depthwise_conv,1x192x28x28,13.977809
69,0,imagen.jpeg,37,batchnorm,1x192x28x28,3.444419
69,0,imagen.jpeg,38,activacion,1x192x28x28,1.379416
69,0,imagen.jpeg,39,pointwise_conv,1x192x28x28,34.144978
69,0,imagen.jpeg,40,batchnorm,1x32x28x28,0.572677
69,0,imagen.jpeg,41,layer_add,1x32x28x28,0.317733
69,0,imagen.jpeg,42,pointwise_conv,1x32x28x28,34.644395
69,0,imagen.jpeg,43,batchnorm,1x192x28x28,3.462689
69,0,imagen.jpeg,44,activacion,1x192x28x28,1.206144
69,0,imagen.jpeg,45,depthwise_conv,1x192x28x28,14.004429
69,0,imagen.jpeg,46,batchnorm,1x192x28x28,3.457199
69,0,imagen.jpeg,47,activacion,1x192x28x28,1.364046
69,0,imagen.jpeg,48,pointwise_conv,1x192x28x28,34.198429
69,0,imagen.jpeg,49,batchnorm,1x32x28x28,0.572217
69,0,imagen.jpeg,50,layer_add,1x32x28x28,0.304624
69,0,imagen.jpeg,51,pointwise_conv,1x32x28x28,34.550343
69,0,imagen.jpeg,52,batchnorm,1x192x28x28,3.45801
69,0,imagen.jpeg,53,activacion,1x192x28x28,1.287635
69,0,imagen.jpeg,54,depthwise_conv,1x192x28x28,3.695302
69,0,imagen.jpeg,55,batchnorm,1x192x14x14,0.87271
69,0,imagen.jpeg,56,activacion,1x192x14x14,0.276863
69,0,imagen.jpeg,57,pointwise_conv,1x192x14x14,12.616584
69,0,imagen.jpeg,58,batchnorm,1x64x14x14,0.290413
69,0,imagen.jpeg,59,pointwise_conv,1x64x14x14,24.290837
69,0,imagen.jpeg,60,batchnorm,1x384x14x14,1.7512
69,0,imagen.jpeg,61,activacion,1x384x14x14,0.562456
69,0,imagen.jpeg,62,depthwise_conv,1x384x14x14,7.06945
69,0,imagen.jpeg,63,batchnorm,1x384x14x14,1.73307
69,0,imagen.jpeg,64,activacion,1x384x14x14,0.719558
69,0,imagen.jpeg,65,pointwise_conv,1x384x14x14,30.719079
69,0,imagen.jpeg,66,batchnorm,1x64x14x14,0.306563
69,0,imagen.jpeg,67,layer_add,1x64x14x14,0.137662
69,0,imagen.jpeg,68,pointwise_conv,1x64x14x14,24.367868
69,0,imagen.jpeg,69,batchnorm,1x384x14x14,1.75061
69,0,imagen.jpeg,70,activacion,1x384x14x14,0.641677
69,0,imagen.jpeg,71,depthwise_conv,1x384x14x14,7.04918
69,0,imagen.jpeg,72,batchnorm,1x384x14x14,1.7531
69,0,imagen.jpeg,73,activacion,1x384x14x14,0.664268
69,0,imagen.jpeg,74,pointwise_conv,1x384x14x14,30.73928
69,0,imagen.jpeg,75,batchnorm,1x64x14x14,0.290714
69,0,imagen.jpeg,76,layer_add,1x64x14x14,0.134531
69,0,imagen.jpeg,77,pointwise_conv,1x64x14x14,24.290696
69,0,imagen.jpeg,78,batchnorm,1x384x14x14,1.76726
69,0,imagen.jpeg,79,activacion,1x384x14x14,0.651747
69,0,imagen.jpeg,80,depthwise_conv,1x384x14x14,7.06512
69,0,imagen.jpeg,81,batchnorm,1x384x14x14,1.73612
69,0,imagen.jpeg,82,activacion,1x384x14x14,0.665008
69,0,imagen.jpeg,83,pointwise_conv,1x384x14x14,30.944432
69,0,imagen.jpeg,84,batchnorm,1x64x14x14,0.290603
69,0,imagen.jpeg,85,layer_add,1x64x14x14,0.137322
69,0,imagen.jpeg,86,pointwise_conv,1x64x14x14,24.284996
69,0,imagen.jpeg,87,batchnorm,1x384x14x14,1.74905
69,0,imagen.jpeg,88,activacion,1x384x14x14,0.628297
69,0,imagen.jpeg,89,depthwise_conv,1x384x14x14,7.079531
69,0,imagen.jpeg,90,batchnorm,1x384x14x14,1.75473
69,0,imagen.jpeg,91,activacion,1x384x14x14,0.639417
69,0,imagen.jpeg,92,pointwise_conv,1x384x14x14,46.092795
69,0,imagen.jpeg,93,batchnorm,1x96x14x14,0.432875
69,0,imagen.jpeg,94,pointwise_conv,1x96x14x14,55.32881
69,0,imagen.jpeg,95,batchnorm,1x576x14x14,2.63016
69,0,imagen.jpeg,96,activacion,1x576x14x14,1.010682
69,0,imagen.jpeg,97,depthwise_conv,1x576x14x14,10.59553
69,0,imagen.jpeg,98,batchnorm,1x576x14x14,2.63906
69,0,imagen.jpeg,99,activacion,1x576x14x14,0.978461
69,0,imagen.jpeg,100,pointwise_conv,1x576x14x14,97.607231
69,0,imagen.jpeg,101,batchnorm,1x96x14x14,0.441985
69,0,imagen.jpeg,102,layer_add,1x96x14x14,0.205683
69,0,imagen.jpeg,103,pointwise_conv,1x96x14x14,55.549482
69,0,imagen.jpeg,104,batchnorm,1x576x14x14,2.65262
69,0,imagen.jpeg,105,activacion,1x576x14x14,0.983981
69,0,imagen.jpeg,106,depthwise_conv,1x576x14x14,10.601971
69,0,imagen.jpeg,107,batchnorm,1x576x14x14,2.64622
69,0,imagen.jpeg,108,activacion,1x576x14x14,0.947051
69,0,imagen.jpeg,109,pointwise_conv,1x576x14x14,97.425379
69,0,imagen.jpeg,110,batchnorm,1x96x14x14,0.438815
69,0,imagen.jpeg,111,layer_add,1x96x14x14,0.209352
69,0,imagen.jpeg,112,pointwise_conv,1x96x14x14,55.37245
69,0,imagen.jpeg,113,batchnorm,1x576x14x14,2.63814
69,0,imagen.jpeg,114,activacion,1x576x14x14,1.016902
69,0,imagen.jpeg,115,depthwise_conv,1x576x14x14,2.766251
69,0,imagen.jpeg,116,batchnorm,1x576x7x7,0.661548
69,0,imagen.jpeg,117,activacion,1x576x7x7,0.203733
69,0,imagen.jpeg,118,pointwise_conv,1x576x7x7,42.687546
69,0,imagen.jpeg,119,batchnorm,1x160x7x7,0.184292
69,0,imagen.jpeg,120,pointwise_conv,1x160x7x7,31.541879
69,0,imagen.jpeg,121,batchnorm,1x960x7x7,1.115553
69,0,imagen.jpeg,122,activacion,1x960x7x7,0.404005
69,0,imagen.jpeg,123,depthwise_conv,1x960x7x7,4.616702
69,0,imagen.jpeg,124,batchnorm,1x960x7x7,1.113672
69,0,imagen.jpeg,125,activacion,1x960x7x7,0.419705
69,0,imagen.jpeg,126,pointwise_conv,1x960x7x7,90.624871
69,0,imagen.jpeg,127,batchnorm,1x160x7x7,0.184162
69,0,imagen.jpeg,128,layer_add,1x160x7x7,0.083101
69,0,imagen.jpeg,129,pointwise_conv,1x160x7x7,31.58937
69,0,imagen.jpeg,130,batchnorm,1x960x7x7,1.116492
69,0,imagen.jpeg,131,activacion,1x960x7x7,0.395375
69,0,imagen.jpeg,132,depthwise_conv,1x960x7x7,4.640083
69,0,imagen.jpeg,133,batchnorm,1x960x7x7,1.093342
69,0,imagen.jpeg,134,activacion,1x960x7x7,0.395855
69,0,imagen.jpeg,135,pointwise_conv,1x960x7x7,90.801024
69,0,imagen.jpeg,136,batchnorm,1x160x7x7,0.185972
69,0,imagen.jpeg,137,layer_add,1x160x7x7,0.086631
69,0,imagen.jpeg,138,pointwise_conv,1x160x7x7,31.546629
69,0,imagen.jpeg,139,batchnorm,1x960x7x7,1.118622
69,0,imagen.jpeg,140,activacion,1x960x7x7,0.395165
69,0,imagen.jpeg,141,depthwise_conv,1x960x7x7,4.650343
69,0,imagen.jpeg,142,batchnorm,1x960x7x7,1.096323
69,0,imagen.jpeg,143,activacion,1x960x7x7,0.316394
69,0,imagen.jpeg,144,pointwise_conv,1x960x7x7,181.644358
69,0,imagen.jpeg,145,batchnorm,1x320x7x7,0.373644
69,0,imagen.jpeg,146,pointwise_conv,1x320x7x7,108.518405
69,0,imagen.jpeg,147,batchnorm,1x1280x7x7,1.524248
69,0,imagen.jpeg,148,activacion,1x1280x7x7,0.529246
69,0,imagen.jpeg,149,pooling,1x1280x7x7,0.266983
69,0,imagen.jpeg,150,linear,1x1280,5.111768
70,0,imagen.jpeg,0,conv2d,1x3x224x224,114.877948
70,0,imagen.jpeg,1,batchnorm,1x32x112x112,9.154055
70,0,imagen.jpeg,2,activacion,1x32x112x112,2.768912
70,0,imagen.jpeg,3,depthwise_conv,1x32x112x112,37.128772
70,0,imagen.jpeg,4,batchnorm,1x32x112x112,9.232745
70,0,imagen.jpeg,5,activacion,1x32x112x112,2.837953
70,0,imagen.jpeg,6,pointwise_conv,1x32x112x112,129.310972
70,0,imagen.jpeg,7,batchnorm,1x16x112x112,4.648073
70,0,imagen.jpeg,8,pointwise_conv,1x16x112x112,170.687113
70,0,imagen.jpeg,9,batchnorm,1x96x112x112,27.615524
70,0,imagen.jpeg,10,activacion,1x96x112x112,9.344836
70,0,imagen.jpeg,11,depthwise_conv,1x96x112x112,29.208613
70,0,imagen.jpeg,12,batchnorm,1x96x56x56,6.905569
70,0,imagen.jpeg,13,activacion,1x96x56x56,2.507459
70,0,imagen.jpeg,14,pointwise_conv,1x96x56x56,94.368805
70,0,imagen.jpeg,15,batchnorm,1x24x56x56,1.71066
70,0,imagen.jpeg,16,pointwise_conv,1x24x56x56,88.243865
70,0,imagen.jpeg,17,batchnorm,1x144x56x56,10.52047
70,0,imagen.jpeg,18,activacion,1x144x56x56,3.522141
70,0,imagen.jpeg,19,depthwise_conv,1x144x56x56,41.939768
70,0,imagen.jpeg,20,batchnorm,1x144x56x56,10.304838
70,0,imagen.jpeg,21,activacion,1x144x56x56,3.950055
70,0,imagen.jpeg,22,pointwise_conv,1x144x56x56,199.40609
70,0,imagen.jpeg,23,batchnorm,1x24x56x56,1.71028
70,0,imagen.jpeg,24,layer_add,1x24x56x56,0.83645
70,0,imagen.jpeg,25,pointwise_conv,1x24x56x56,87.661078
70,0,imagen.jpeg,26,batchnorm,1x144x56x56,10.443479
70,0,imagen.jpeg,27,activacion,1x144x56x56,3.862564
70,0,imagen.jpeg,28,depthwise_conv,1x144x56x56,10.659501
70,0,imagen.jpeg,29,batchnorm,1x144x28x28,2.603809
70,0,imagen.jpeg,30,activacion,1x144x28x28,0.893721
70,0,imagen.jpeg,31,pointwise_conv,1x144x28x28,25.581741
70,0,imagen.jpeg,32,batchnorm,1x32x28x28,0.588637
70,0,imagen.jpeg,33,pointwise_conv,1x32x28x28,34.666955
70,0,imagen.jpeg,34,batchnorm,1x192x28x28,3.4593
70,0,imagen.jpeg,35,activacion,1x192x28x28,1.145533
70,0,imagen.jpeg,36,depthwise_conv,1x192x28x28,13.97268
70,0,imagen.jpeg,37,batchnorm,1x192x28x28,3.435119
70,0,imagen.jpeg,38,activacion,1x192x28x28,1.369605
70,0,imagen.jpeg,39,pointwise_conv,1x192x28x28,34.098348
70,0,imagen.jpeg,40,batchnorm,1x32x28x28,0.575046
70,0,imagen.jpeg,41,layer_add,1x32x28x28,0.310023
70,0,imagen.jpeg,42,pointwise_conv,1x32x28x28,34.595654
70,0,imagen.jpeg,43,batchnorm,1x192x28x28,3.47505
70,0,imagen.jpeg,44,activacion,1x192x28x28,1.207664
70,0,imagen.jpeg,45,depthwise_conv,1x192x28x28,13.965799
70,0,imagen.jpeg,46,batchnorm,1x192x28x28,3.451449
70,0,imagen.jpeg,47,activacion,1x192x28x28,1.338915
70,0,imagen.jpeg,48,pointwise_conv,1x192x28x28,34.228959
70,0,imagen.jpeg,49,batchnorm,1x32x28x28,0.572347
70,0,imagen.jpeg,50,layer_add,1x32x28x28,0.274893
70,0,imagen.jpeg,51,pointwise_conv,1x32x28x28,34.569774
70,0,imagen.jpeg,52,batchnorm,1x192x28x28,3.46238
70,0,imagen.jpeg,53,activacion,1x192x28x28,1.254374
70,0,imagen.jpeg,54,depthwise_conv,1x192x28x28,3.634531
70,0,imagen.jpeg,55,batchnorm,1x192x14x14,0.87467
70,0,imagen.jpeg,56,activacion,1x192x14x14,0.277143
70,0,imagen.jpeg,57,pointwise_conv,1x192x14x14,12.614114
70,0,imagen.jpeg,58,batchnorm,1x64x14x14,0.290024
70,0,imagen.jpeg,59,pointwise_conv,1x64x14x14,24.304556
70,0,imagen.jpeg,60,batchnorm,1x384x14x14,1.77006
70,0,imagen.jpeg,61,activacion,1x384x14x14,0.557786
70,0,imagen.jpeg,62,depthwise_conv,1x384x14x14,7.0588
70,0,imagen.jpeg,63,batchnorm,1x384x14x14,1.739489
70,0,imagen.jpeg,64,activacion,1x384x14x14,0.723788
70,0,imagen.jpeg,65,pointwise_conv,1x384x14x14,30.76558
70,0,imagen.jpeg,66,batchnorm,1x64x14x14,0.288723
70,0,imagen.jpeg,67,layer_add,1x64x14x14,0.156302
70,0,imagen.jpeg,68,pointwise_conv,1x64x14x14,24.289986
70,0,imagen.jpeg,69,batchnorm,1x384x14x14,1.76155
70,0,imagen.jpeg,70,activacion,1x384x14x14,0.612377
70,0,imagen.jpeg,71,depthwise_conv,1x384x14x14,7.05381
70,0,imagen.jpeg,72,batchnorm,1x384x14x14,1.7453
70,0,imagen.jpeg,73,activacion,1x384x14x14,0.670697
70,0,imagen.jpeg,74,pointwise_conv,1x384x14x14,30.721309
70,0,imagen.jpeg,75,batchnorm,1x64x14x14,0.289404
70,0,imagen.jpeg,76,layer_add,1x64x14x14,0.133242
70,0,imagen.jpeg,77,pointwise_conv,1x64x14x14,24.288236
70,0,imagen.jpeg,78,batchnorm,1x384x14x14,1.77256
70,0,imagen.jpeg,79,activacion,1x384x14x14,0.649857
70,0,imagen.jpeg,80,depthwise_conv,1x384x14x14,7.130461
70,0,imagen.jpeg,81,batchnorm,1x384x14x14,1.735069
70,0,imagen.jpeg,82,activacion,1x384x14x14,0.648627
70,0,imagen.jpeg,83,pointwise_conv,1x384x14x14,30.7286
70,0,imagen.jpeg,84,batchnorm,1x64x14x14,0.289213
70,0,imagen.jpeg,85,layer_add,1x64x14x14,0.138541
70,0,imagen.jpeg,86,pointwise_conv,1x64x14x14,24.291807
70,0,imagen.jpeg,87,batchnorm,1x384x14x14,1.75157
70,0,imagen.jpeg,88,activacion,1x384x14x14,0.648027
70,0,imagen.jpeg,89,depthwise_conv,1x384x14x14,7.04996
70,0,imagen.jpeg,90,batchnorm,1x384x14x14,1.7632
70,0,imagen.jpeg,91,activacion,1x384x14x14,0.656138
70,0,imagen.jpeg,92,pointwise_conv,1x384x14x14,46.133925
70,0,imagen.jpeg,93,batchnorm,1x96x14x14,0.447345
70,0,imagen.jpeg,94,pointwise_conv,1x96x14x14,55.371661
70,0,imagen.jpeg,95,batchnorm,1x576x14x14,2.63346
70,0,imagen.jpeg,96,activacion,1x576x14x14,1.003361
70,0,imagen.jpeg,97,depthwise_conv,1x576x14x14,10.597041
70,0,imagen.jpeg,98,batchnorm,1x576x14x14,2.643721
70,0,imagen.jpeg,99,activacion,1x576x14x14,0.965751
70,0,imagen.jpeg,100,pointwise_conv,1x576x14x14,97.537061
70,0,imagen.jpeg,101,batchnorm,1x96x14x14,0.437595
70,0,imagen.jpeg,102,layer_add,1x96x14x14,0.204213
70,0,imagen.jpeg,103,pointwise_conv,1x96x14x14,55.606843
70,0,imagen.jpeg,104,batchnorm,1x576x14x14,2.65389
70,0,imagen.jpeg,105,activacion,1x576x14x14,0.982421
70,0,imagen.jpeg,106,depthwise_conv,1x576x14x14,10.607741
70,0,imagen.jpeg,107,batchnorm,1x576x14x14,2.6517
70,0,imagen.jpeg,108,activacion,1x576x14x14,0.944941
70,0,imagen.jpeg,109,pointwise_conv,1x576x14x14,97.424729
70,0,imagen.jpeg,110,batchnorm,1x96x14x14,0.458135
70,0,imagen.jpeg,111,layer_add,1x96x14x14,0.209762
70,0,imagen.jpeg,112,pointwise_conv,1x96x14x14,55.37421
70,0,imagen.jpeg,113,batchnorm,1x576x14x14,2.63405
70,0,imagen.jpeg,114,activacion,1x576x14x14,1.032822
70,0,imagen.jpeg,115,depthwise_conv,1x576x14x14,2.769741
70,0,imagen.jpeg,116,batchnorm,1x576x7x7,0.696438
70,0,imagen.jpeg,117,activacion,1x576x7x7,0.203732
70,0,imagen.jpeg,118,pointwise_conv,1x576x7x7,42.723637
70,0,imagen.jpeg,119,batchnorm,1x160x7x7,0.183652
70,0,imagen.jpeg,120,pointwise_conv,1x160x7x7,31.497818
70,0,imagen.jpeg,121,batchnorm,1x960x7x7,1.116163
70,0,imagen.jpeg,122,activacion,1x960x7x7,0.403635
70,0,imagen.jpeg,123,depthwise_conv,1x960x7x7,4.658813
70,0,imagen.jpeg,124,batchnorm,1x960x7x7,1.114562
70,0,imagen.jpeg,125,activacion,1x960x7x7,0.420035
70,0,imagen.jpeg,126,pointwise_conv,1x960x7x7,90.766293
70,0,imagen.jpeg,127,batchnorm,1x160x7x7,0.185072
70,0,imagen.jpeg,128,layer_add,1x160x7x7,0.08667
70,0,imagen.jpeg,129,pointwise_conv,1x160x7x7,31.61067
70,0,imagen.jpeg,130,batchnorm,1x960x7x7,1.114723
70,0,imagen.jpeg,131,activacion,1x960x7x7,0.397075
70,0,imagen.jpeg,132,depthwise_conv,1x960x7x7,4.626702
70,0,imagen.jpeg,133,batchnorm,1x960x7x7,1.093972
70,0,imagen.jpeg,134,activacion,1x960x7x7,0.397334
70,0,imagen.jpeg,135,pointwise_conv,1x960x7x7,90.668992
70,0,imagen.jpeg,136,batchnorm,1x160x7x7,0.187562
70,0,imagen.jpeg,137,layer_add,1x160x7x7,0.088741
70,0,imagen.jpeg,138,pointwise_conv,1x160x7x7,31.534049
70,0,imagen.jpeg,139,batchnorm,1x960x7x7,1.119553
70,0,imagen.jpeg,140,activacion,1x960x7x7,0.426974
70,0,imagen.jpeg,141,depthwise_conv,1x960x7x7,4.697894
70,0,imagen.jpeg,142,batchnorm,1x960x7x7,1.096073
70,0,imagen.jpeg,143,activacion,1x960x7x7,0.318174
70,0,imagen.jpeg,144,pointwise_conv,1x960x7x7,181.723989
70,0,imagen.jpeg,145,batchnorm,1x320x7x7,0.380114
70,0,imagen.jpeg,146,pointwise_conv,1x320x7x7,108.679087
70,0,imagen.jpeg,147,batchnorm,1x1280x7x7,1.516957
70,0,imagen.jpeg,148,activacion,1x1280x7x7,0.528796
70,0,imagen.jpeg,149,pooling,1x1280x7x7,0.265063
70,0,imagen.jpeg,150,linear,1x1280,5.099068
71,0,imagen.jpeg,0,conv2d,1x3x224x224,114.875588
71,0,imagen.jpeg,1,batchnorm,1x32x112x112,9.158914
71,0,imagen.jpeg,2,activacion,1x32x112x112,2.767201
71,0,imagen.jpeg,3,depthwise_conv,1x32x112x112,37.050272
71,0,imagen.jpeg,4,batchnorm,1x32x112x112,9.229875
71,0,imagen.jpeg,5,activacion,1x32x112x112,2.834662
71,0,imagen.jpeg,6,pointwise_conv,1x32x112x112,128.945748
71,0,imagen.jpeg,7,batchnorm,1x16x112x112,4.621042
71,0,imagen.jpeg,8,pointwise_conv,1x16x112x112,171.689984
71,0,imagen.jpeg,9,batchnorm,1x96x112x112,27.697266
71,0,imagen.jpeg,10,activacion,1x96x112x112,9.64962
71,0,imagen.jpeg,11,depthwise_conv,1x96x112x112,29.197622
71,0,imagen.jpeg,12,batchnorm,1x96x56x56,6.862058
71,0,imagen.jpeg,13,activacion,1x96x56x56,2.477138
71,0,imagen.jpeg,14,pointwise_conv,1x96x56x56,95.431046
71,0,imagen.jpeg,15,batchnorm,1x24x56x56,1.76582
71,0,imagen.jpeg,16,pointwise_conv,1x24x56x56,88.295565
71,0,imagen.jpeg,17,batchnorm,1x144x56x56,10.469989
71,0,imagen.jpeg,18,activacion,1x144x56x56,3.532951
71,0,imagen.jpeg,19,depthwise_conv,1x144x56x56,41.815376
71,0,imagen.jpeg,20,batchnorm,1x144x56x56,10.371378
71,0,imagen.jpeg,21,activacion,1x144x56x56,4.001956
71,0,imagen.jpeg,22,pointwise_conv,1x144x56x56,199.43858
71,0,imagen.jpeg,23,batchnorm,1x24x56x56,1.712289
71,0,imagen.jpeg,24,layer_add,1x24x56x56,0.80081
71,0,imagen.jpeg,25,pointwise_conv,1x24x56x56,87.742229
71,0,imagen.jpeg,26,batchnorm,1x144x56x56,10.456799
71,0,imagen.jpeg,27,activacion,1x144x56x56,3.912674
71,0,imagen.jpeg,28,depthwise_conv,1x144x56x56,10.624691
71,0,imagen.jpeg,29,batchnorm,1x144x28x28,2.596459
71,0,imagen.jpeg,30,activacion,1x144x28x28,0.89871
71,0,imagen.jpeg,31,pointwise_conv,1x144x28x28,25.769713
71,0,imagen.jpeg,32,batchnorm,1x32x28x28,0.566297
71,0,imagen.jpeg,33,pointwise_conv,1x32x28x28,34.551403
71,0,imagen.jpeg,34,batchnorm,1x192x28x28,3.468729
71,0,imagen.jpeg,35,activacion,1x192x28x28,1.116772
71,0,imagen.jpeg,36,depthwise_conv,1x192x28x28,14.03177
71,0,imagen.jpeg,37,batchnorm,1x192x28x28,3.444539
71,0,imagen.jpeg,38,activacion,1x192x28x28,1.390086
71,0,imagen.jpeg,39,pointwise_conv,1x192x28x28,34.080758
71,0,imagen.jpeg,40,batchnorm,1x32x28x28,0.570227
71,0,imagen.jpeg,41,layer_add,1x32x28x28,0.276463
71,0,imagen.jpeg,42,pointwise_conv,1x32x28x28,34.636224
71,0,imagen.jpeg,43,batchnorm,1x192x28x28,3.46778
71,0,imagen.jpeg,44,activacion,1x192x28x28,1.180734
71,0,imagen.jpeg,45,depthwise_conv,1x192x28x28,13.984289
71,0,imagen.jpeg,46,batchnorm,1x192x28x28,3.444379
71,0,imagen.jpeg,47,activacion,1x192x28x28,1.340696
71,0,imagen.jpeg,48,pointwise_conv,1x192x28x28,34.344801
71,0,imagen.jpeg,49,batchnorm,1x32x28x28,0.576966
71,0,imagen.jpeg,50,layer_add,1x32x28x28,0.276143
71,0,imagen.jpeg,51,pointwise_conv,1x32x28x28,34.567083
71,0,imagen.jpeg,52,batchnorm,1x192x28x28,3.46997
71,0,imagen.jpeg,53,activacion,1x192x28x28,1.257355
71,0,imagen.jpeg,54,depthwise_conv,1x192x28x28,3.670222
71,0,imagen.jpeg,55,batchnorm,1x192x14x14,0.87377
71,0,imagen.jpeg,56,activacion,1x192x14x14,0.276353
71,0,imagen.jpeg,57,pointwise_conv,1x192x14x14,12.603834
71,0,imagen.jpeg,58,batchnorm,1x64x14x14,0.287733
71,0,imagen.jpeg,59,pointwise_conv,1x64x14x14,24.299567
71,0,imagen.jpeg,60,batchnorm,1x384x14x14,1.814841
71,0,imagen.jpeg,61,activacion,1x384x14x14,0.560696
71,0,imagen.jpeg,62,depthwise_conv,1x384x14x14,7.05785
71,0,imagen.jpeg,63,batchnorm,1x384x14x14,1.74155
71,0,imagen.jpeg,64,activacion,1x384x14x14,0.688468
71,0,imagen.jpeg,65,pointwise_conv,1x384x14x14,30.819861
71,0,imagen.jpeg,66,batchnorm,1x64x14x14,0.288774
71,0,imagen.jpeg,67,layer_add,1x64x14x14,0.137981
71,0,imagen.jpeg,68,pointwise_conv,1x64x14x14,24.290047
71,0,imagen.jpeg,69,batchnorm,1x384x14x14,1.76668
71,0,imagen.jpeg,70,activacion,1x384x14x14,0.615587
71,0,imagen.jpeg,71,depthwise_conv,1x384x14x14,7.07088
71,0,imagen.jpeg,72,batchnorm,1x384x14x14,1.732469
71,0,imagen.jpeg,73,activacion,1x384x14x14,0.701728
71,0,imagen.jpeg,74,pointwise_conv,1x384x14x14,30.70402
71,0,imagen.jpeg,75,batchnorm,1x64x14x14,0.301603
71,0,imagen.jpeg,76,layer_add,1x64x14x14,0.138522
71,0,imagen.jpeg,77,pointwise_conv,1x64x14x14,24.345227
71,0,imagen.jpeg,78,batchnorm,1x384x14x14,1.75552
71,0,imagen.jpeg,79,activacion,1x384x14x14,0.649638
71,0,imagen.jpeg,80,depthwise_conv,1x384x14x14,7.05086
71,0,imagen.jpeg,81,batchnorm,1x384x14x14,1.74676
71,0,imagen.jpeg,82,activacion,1x384x14x14,0.666617
71,0,imagen.jpeg,83,pointwise_conv,1x384x14x14,30.700439
71,0,imagen.jpeg,84,batchnorm,1x64x14x14,0.289213
71,0,imagen.jpeg,85,layer_add,1x64x14x14,0.135232
71,0,imagen.jpeg,86,pointwise_conv,1x64x14x14,24.342637
71,0,imagen.jpeg,87,batchnorm,1x384x14x14,1.76538
71,0,imagen.jpeg,88,activacion,1x384x14x14,0.627648
71,0,imagen.jpeg,89,depthwise_conv,1x384x14x14,7.056701
71,0,imagen.jpeg,90,batchnorm,1x384x14x14,1.73599
71,0,imagen.jpeg,91,activacion,1x384x14x14,0.649417
71,0,imagen.jpeg,92,pointwise_conv,1x384x14x14,46.139035
71,0,imagen.jpeg,93,batchnorm,1x96x14x14,0.434455
71,0,imagen.jpeg,94,pointwise_conv,1x96x14x14,55.32453
71,0,imagen.jpeg,95,batchnorm,1x576x14x14,2.65427
71,0,imagen.jpeg,96,activacion,1x576x14x14,0.979101
71,0,imagen.jpeg,97,depthwise_conv,1x576x14x14,10.602091
71,0,imagen.jpeg,98,batchnorm,1x576x14x14,2.731251
71,0,imagen.jpeg,99,activacion,1x576x14x14,1.025672
71,0,imagen.jpeg,100,pointwise_conv,1x576x14x14,97.52829
71,0,imagen.jpeg,101,batchnorm,1x96x14x14,0.436445
71,0,imagen.jpeg,102,layer_add,1x96x14x14,0.208452
71,0,imagen.jpeg,103,pointwise_conv,1x96x14x14,55.556482
71,0,imagen.jpeg,104,batchnorm,1x576x14x14,2.63985
71,0,imagen.jpeg,105,activacion,1x576x14x14,0.989131
71,0,imagen.jpeg,106,depthwise_conv,1x576x14x14,10.624601
71,0,imagen.jpeg,107,batchnorm,1x576x14x14,2.62282
71,0,imagen.jpeg,108,activacion,1x576x14x14,0.998801
71,0,imagen.jpeg,109,pointwise_conv,1x576x14x14,97.582761
71,0,imagen.jpeg,110,batchnorm,1x96x14x14,0.436365
71,0,imagen.jpeg,111,layer_add,1x96x14x14,0.207063
71,0,imagen.jpeg,112,pointwise_conv,1x96x14x14,55.396331
71,0,imagen.jpeg,113,batchnorm,1x576x14x14,2.65742
71,0,imagen.jpeg,114,activacion,1x576x14x14,0.982551
71,0,imagen.jpeg,115,depthwise_conv,1x576x14x14,2.795662
71,0,imagen.jpeg,116,batchnorm,1x576x7x7,0.661437
71,0,imagen.jpeg,117,activacion,1x576x7x7,0.204323
71,0,imagen.jpeg,118,pointwise_conv,1x576x7x7,42.744296
71,0,imagen.jpeg,119,batchnorm,1x160x7x7,0.183852
71,0,imagen.jpeg,120,pointwise_conv,1x160x7x7,31.508049
71,0,imagen.jpeg,121,batchnorm,1x960x7x7,1.198434
71,0,imagen.jpeg,122,activacion,1x960x7x7,0.391744
71,0,imagen.jpeg,123,depthwise_conv,1x960x7x7,4.601202
71,0,imagen.jpeg,124,batchnorm,1x960x7x7,1.096492
71,0,imagen.jpeg,125,activacion,1x960x7x7,0.428924
71,0,imagen.jpeg,126,pointwise_conv,1x960x7x7,90.692052
71,0,imagen.jpeg,127,batchnorm,1x160x7x7,0.184322
71,0,imagen.jpeg,128,layer_add,1x160x7x7,0.084871
71,0,imagen.jpeg,129,pointwise_conv,1x160x7x7,31.58673
71,0,imagen.jpeg,130,batchnorm,1x960x7x7,1.115452
71,0,imagen.jpeg,131,activacion,1x960x7x7,0.397295
71,0,imagen.jpeg,132,depthwise_conv,1x960x7x7,4.602753
71,0,imagen.jpeg,133,batchnorm,1x960x7x7,1.111383
71,0,imagen.jpeg,134,activacion,1x960x7x7,0.400455
71,0,imagen.jpeg,135,pointwise_conv,1x960x7x7,90.820544
71,0,imagen.jpeg,136,batchnorm,1x160x7x7,0.186323
71,0,imagen.jpeg,137,layer_add,1x160x7x7,0.087841
71,0,imagen.jpeg,138,pointwise_conv,1x160x7x7,31.488629
71,0,imagen.jpeg,139,batchnorm,1x960x7x7,1.116483
71,0,imagen.jpeg,140,activacion,1x960x7x7,0.400935
71,0,imagen.jpeg,141,depthwise_conv,1x960x7x7,4.632922
71,0,imagen.jpeg,142,batchnorm,1x960x7x7,1.113712
71,0,imagen.jpeg,143,activacion,1x960x7x7,0.317833
71,0,imagen.jpeg,144,pointwise_conv,1x960x7x7,181.500736
71,0,imagen.jpeg,145,batchnorm,1x320x7x7,0.371925
71,0,imagen.jpeg,146,pointwise_conv,1x320x7x7,108.491845
71,0,imagen.jpeg,147,batchnorm,1x1280x7x7,1.493127
71,0,imagen.jpeg,148,activacion,1x1280x7x7,0.526946
71,0,imagen.jpeg,149,pooling,1x1280x7x7,0.264753
71,0,imagen.jpeg,150,linear,1x1280,5.103678
72,0,imagen.jpeg,0,conv2d,1x3x224x224,115.336703
72,0,imagen.jpeg,1,batchnorm,1x32x112x112,9.163074
72,0,imagen.jpeg,2,activacion,1x32x112x112,2.803282
72,0,imagen.jpeg,3,depthwise_conv,1x32x112x112,37.179223
72,0,imagen.jpeg,4,batchnorm,1x32x112x112,9.227365
72,0,imagen.jpeg,5,activacion,1x32x112x112,2.840902
72,0,imagen.jpeg,6,pointwise_conv,1x32x112x112,128.948278
72,0,imagen.jpeg,7,batchnorm,1x16x112x112,4.598092
72,0,imagen.jpeg,8,pointwise_conv,1x16x112x112,172.1555
72,0,imagen.jpeg,9,batchnorm,1x96x112x112,27.640335
72,0,imagen.jpeg,10,activacion,1x96x112x112,9.355286
72,0,imagen.jpeg,11,depthwise_conv,1x96x112x112,29.201423
72,0,imagen.jpeg,12,batchnorm,1x96x56x56,6.888358
72,0,imagen.jpeg,13,activacion,1x96x56x56,2.497579
72,0,imagen.jpeg,14,pointwise_conv,1x96x56x56,95.874902
72,0,imagen.jpeg,15,batchnorm,1x24x56x56,1.75987
72,0,imagen.jpeg,16,pointwise_conv,1x24x56x56,88.392917
72,0,imagen.jpeg,17,batchnorm,1x144x56x56,10.449669
72,0,imagen.jpeg,18,activacion,1x144x56x56,3.49521
72,0,imagen.jpeg,19,depthwise_conv,1x144x56x56,41.819476
72,0,imagen.jpeg,20,batchnorm,1x144x56x56,10.300047
72,0,imagen.jpeg,21,activacion,1x144x56x56,3.950425
72,0,imagen.jpeg,22,pointwise_conv,1x144x56x56,199.476961
72,0,imagen.jpeg,23,batchnorm,1x24x56x56,1.716429
72,0,imagen.jpeg,24,layer_add,1x24x56x56,0.848449
72,0,imagen.jpeg,25,pointwise_conv,1x24x56x56,87.647268
72,0,imagen.jpeg,26,batchnorm,1x144x56x56,10.462499
72,0,imagen.jpeg,27,activacion,1x144x56x56,3.851764
72,0,imagen.jpeg,28,depthwise_conv,1x144x56x56,10.62661
72,0,imagen.jpeg,29,batchnorm,1x144x28x28,2.59881
72,0,imagen.jpeg,30,activacion,1x144x28x28,0.89206
72,0,imagen.jpeg,31,pointwise_conv,1x144x28x28,25.823424
72,0,imagen.jpeg,32,batchnorm,1x32x28x28,0.569986
72,0,imagen.jpeg,33,pointwise_conv,1x32x28x28,34.550953
72,0,imagen.jpeg,34,batchnorm,1x192x28x28,3.47256
72,0,imagen.jpeg,35,activacion,1x192x28x28,1.116183
72,0,imagen.jpeg,36,depthwise_conv,1x192x28x28,13.982699
72,0,imagen.jpeg,37,batchnorm,1x192x28x28,3.45181
72,0,imagen.jpeg,38,activacion,1x192x28x28,1.388245
72,0,imagen.jpeg,39,pointwise_conv,1x192x28x28,34.125879
72,0,imagen.jpeg,40,batchnorm,1x32x28x28,0.570477
72,0,imagen.jpeg,41,layer_add,1x32x28x28,0.274913
72,0,imagen.jpeg,42,pointwise_conv,1x32x28x28,34.553013
72,0,imagen.jpeg,43,batchnorm,1x192x28x28,3.476139
72,0,imagen.jpeg,44,activacion,1x192x28x28,1.180034
72,0,imagen.jpeg,45,depthwise_conv,1x192x28x28,14.004769
72,0,imagen.jpeg,46,batchnorm,1x192x28x28,3.424889
72,0,imagen.jpeg,47,activacion,1x192x28x28,1.371116
72,0,imagen.jpeg,48,pointwise_conv,1x192x28x28,34.953468
72,0,imagen.jpeg,49,batchnorm,1x32x28x28,0.577437
72,0,imagen.jpeg,50,layer_add,1x32x28x28,0.273223
72,0,imagen.jpeg,51,pointwise_conv,1x32x28x28,34.521233
72,0,imagen.jpeg,52,batchnorm,1x192x28x28,3.48498
72,0,imagen.jpeg,53,activacion,1x192x28x28,1.253984
72,0,imagen.jpeg,54,depthwise_conv,1x192x28x28,3.647781
72,0,imagen.jpeg,55,batchnorm,1x192x14x14,0.87405
72,0,imagen.jpeg,56,activacion,1x192x14x14,0.277223
72,0,imagen.jpeg,57,pointwise_conv,1x192x14x14,12.627773
72,0,imagen.jpeg,58,batchnorm,1x64x14x14,0.288923
72,0,imagen.jpeg,59,pointwise_conv,1x64x14x14,24.293266
72,0,imagen.jpeg,60,batchnorm,1x384x14x14,1.7539
72,0,imagen.jpeg,61,activacion,1x384x14x14,0.585926
72,0,imagen.jpeg,62,depthwise_conv,1x384x14x14,7.05273
72,0,imagen.jpeg,63,batchnorm,1x384x14x14,1.73485
72,0,imagen.jpeg,64,activacion,1x384x14x14,0.689768
72,0,imagen.jpeg,65,pointwise_conv,1x384x14x14,30.784221
72,0,imagen.jpeg,66,batchnorm,1x64x14x14,0.287893
72,0,imagen.jpeg,67,layer_add,1x64x14x14,0.136752
72,0,imagen.jpeg,68,pointwise_conv,1x64x14x14,24.301187
72,0,imagen.jpeg,69,batchnorm,1x384x14x14,1.76348
72,0,imagen.jpeg,70,activacion,1x384x14x14,0.613357
72,0,imagen.jpeg,71,depthwise_conv,1x384x14x14,7.064451
72,0,imagen.jpeg,72,batchnorm,1x384x14x14,1.73677
72,0,imagen.jpeg,73,activacion,1x384x14x14,0.729949
72,0,imagen.jpeg,74,pointwise_conv,1x384x14x14,30.679929
72,0,imagen.jpeg,75,batchnorm,1x64x14x14,0.290014
72,0,imagen.jpeg,76,layer_add,1x64x14x14,0.138782
72,0,imagen.jpeg,77,pointwise_conv,1x64x14x14,24.347897
72,0,imagen.jpeg,78,batchnorm,1x384x14x14,1.74799
72,0,imagen.jpeg,79,activacion,1x384x14x14,0.663448
72,0,imagen.jpeg,80,depthwise_conv,1x384x14x14,7.06902
72,0,imagen.jpeg,81,batchnorm,1x384x14x14,1.76523
72,0,imagen.jpeg,82,activacion,1x384x14x14,0.670167
72,0,imagen.jpeg,83,pointwise_conv,1x384x14x14,30.835841
72,0,imagen.jpeg,84,batchnorm,1x64x14x14,0.289913
72,0,imagen.jpeg,85,layer_add,1x64x14x14,0.134642
72,0,imagen.jpeg,86,pointwise_conv,1x64x14x14,24.299556
72,0,imagen.jpeg,87,batchnorm,1x384x14x14,1.7602
72,0,imagen.jpeg,88,activacion,1x384x14x14,0.629097
72,0,imagen.jpeg,89,depthwise_conv,1x384x14x14,7.05801
72,0,imagen.jpeg,90,batchnorm,1x384x14x14,1.7307
72,0,imagen.jpeg,91,activacion,1x384x14x14,0.653428
72,0,imagen.jpeg,92,pointwise_conv,1x384x14x14,46.130175
72,0,imagen.jpeg,93,batchnorm,1x96x14x14,0.433225
72,0,imagen.jpeg,94,pointwise_conv,1x96x14x14,55.33281
72,0,imagen.jpeg,95,batchnorm,1x576x14x14,2.6561
72,0,imagen.jpeg,96,activacion,1x576x14x14,0.972981
72,0,imagen.jpeg,97,depthwise_conv,1x576x14x14,10.675261
72,0,imagen.jpeg,98,batchnorm,1x576x14x14,2.65164
72,0,imagen.jpeg,99,activacion,1x576x14x14,0.969301
72,0,imagen.jpeg,100,pointwise_conv,1x576x14x14,97.584051
72,0,imagen.jpeg,101,batchnorm,1x96x14x14,0.458366
72,0,imagen.jpeg,102,layer_add,1x96x14x14,0.205572
72,0,imagen.jpeg,103,pointwise_conv,1x96x14x14,55.467602
72,0,imagen.jpeg,104,batchnorm,1x576x14x14,2.62975
72,0,imagen.jpeg,105,activacion,1x576x14x14,1.028942
72,0,imagen.jpeg,106,depthwise_conv,1x576x14x14,10.60413
72,0,imagen.jpeg,107,batchnorm,1x576x14x14,2.63451
72,0,imagen.jpeg,108,activacion,1x576x14x14,0.996192
72,0,imagen.jpeg,109,pointwise_conv,1x576x14x14,101.02981
72,0,imagen.jpeg,110,batchnorm,1x96x14x14,0.441015
72,0,imagen.jpeg,111,layer_add,1x96x14x14,0.203823
72,0,imagen.jpeg,112,pointwise_conv,1x96x14x14,55.455381
72,0,imagen.jpeg,113,batchnorm,1x576x14x14,2.66194
72,0,imagen.jpeg,114,activacion,1x576x14x14,0.975111
72,0,imagen.jpeg,115,depthwise_conv,1x576x14x14,2.793982
72,0,imagen.jpeg,116,batchnorm,1x576x7x7,0.663377
72,0,imagen.jpeg,117,activacion,1x576x7x7,0.204932
72,0,imagen.jpeg,118,pointwise_conv,1x576x7x7,42.842198
72,0,imagen.jpeg,119,batchnorm,1x160x7x7,0.183652
72,0,imagen.jpeg,120,pointwise_conv,1x160x7x7,31.557309
72,0,imagen.jpeg,121,batchnorm,1x960x7x7,1.113243
72,0,imagen.jpeg,122,activacion,1x960x7x7,0.391575
72,0,imagen.jpeg,123,depthwise_conv,1x960x7x7,4.613483
72,0,imagen.jpeg,124,batchnorm,1x960x7x7,1.094143
72,0,imagen.jpeg,125,activacion,1x960x7x7,0.403155
72,0,imagen.jpeg,126,pointwise_conv,1x960x7x7,90.803484
72,0,imagen.jpeg,127,batchnorm,1x160x7x7,0.184312
72,0,imagen.jpeg,128,layer_add,1x160x7x7,0.086151
72,0,imagen.jpeg,129,pointwise_conv,1x160x7x7,31.524819
72,0,imagen.jpeg,130,batchnorm,1x960x7x7,1.190404
72,0,imagen.jpeg,131,activacion,1x960x7x7,0.399594
72,0,imagen.jpeg,132,depthwise_conv,1x960x7x7,4.623573
72,0,imagen.jpeg,133,batchnorm,1x960x7x7,1.093543
72,0,imagen.jpeg,134,activacion,1x960x7x7,0.397364
72,0,imagen.jpeg,135,pointwise_conv,1x960x7x7,90.683142
72,0,imagen.jpeg,136,batchnorm,1x160x7x7,0.186632
72,0,imagen.jpeg,137,layer_add,1x160x7x7,0.088921
72,0,imagen.jpeg,138,pointwise_conv,1x160x7x7,31.491368
72,0,imagen.jpeg,139,batchnorm,1x960x7x7,1.128632
72,0,imagen.jpeg,140,activacion,1x960x7x7,0.396085
72,0,imagen.jpeg,141,depthwise_conv,1x960x7x7,4.636193
72,0,imagen.jpeg,142,batchnorm,1x960x7x7,1.094852
72,0,imagen.jpeg,143,activacion,1x960x7x7,0.316543
72,0,imagen.jpeg,144,pointwise_conv,1x960x7x7,181.574948
72,0,imagen.jpeg,145,batchnorm,1x320x7x7,0.374395
72,0,imagen.jpeg,146,pointwise_conv,1x320x7x7,108.447614
72,0,imagen.jpeg,147,batchnorm,1x1280x7x7,1.495797
72,0,imagen.jpeg,148,activacion,1x1280x7x7,0.535076
72,0,imagen.jpeg,149,pooling,1x1280x7x7,0.264463
72,0,imagen.jpeg,150,linear,1x1280,5.145418
73,0,imagen.jpeg,0,conv2d,1x3x224x224,115.169582
73,0,imagen.jpeg,1,batchnorm,1x32x112x112,9.175664
73,0,imagen.jpeg,2,activacion,1x32x112x112,2.931903
73,0,imagen.jpeg,3,depthwise_conv,1x32x112x112,37.040022
73,0,imagen.jpeg,4,batchnorm,1x32x112x112,9.242566
73,0,imagen.jpeg,5,activacion,1x32x112x112,2.801282
73,0,imagen.jpeg,6,pointwise_conv,1x32x112x112,129.275121
73,0,imagen.jpeg,7,batchnorm,1x16x112x112,4.583892
73,0,imagen.jpeg,8,pointwise_conv,1x16x112x112,170.854105
73,0,imagen.jpeg,9,batchnorm,1x96x112x112,27.663605
73,0,imagen.jpeg,10,activacion,1x96x112x112,9.430467
73,0,imagen.jpeg,11,depthwise_conv,1x96x112x112,29.087521
73,0,imagen.jpeg,12,batchnorm,1x96x56x56,6.882949
73,0,imagen.jpeg,13,activacion,1x96x56x56,2.478169
73,0,imagen.jpeg,14,pointwise_conv,1x96x56x56,94.724818
73,0,imagen.jpeg,15,batchnorm,1x24x56x56,1.76112
73,0,imagen.jpeg,16,pointwise_conv,1x24x56x56,88.333725
73,0,imagen.jpeg,17,batchnorm,1x144x56x56,10.456609
73,0,imagen.jpeg,18,activacion,1x144x56x56,3.53327
73,0,imagen.jpeg,19,depthwise_conv,1x144x56x56,41.835067
73,0,imagen.jpeg,20,batchnorm,1x144x56x56,10.303967
73,0,imagen.jpeg,21,activacion,1x144x56x56,3.966925
73,0,imagen.jpeg,22,pointwise_conv,1x144x56x56,199.3801
73,0,imagen.jpeg,23,batchnorm,1x24x56x56,1.818161
73,0,imagen.jpeg,24,layer_add,1x24x56x56,0.776339
73,0,imagen.jpeg,25,pointwise_conv,1x24x56x56,87.81497
73,0,imagen.jpeg,26,batchnorm,1x144x56x56,10.464729
73,0,imagen.jpeg,27,activacion,1x144x56x56,3.854624
73,0,imagen.jpeg,28,depthwise_conv,1x144x56x56,10.645892
73,0,imagen.jpeg,29,batchnorm,1x144x28x28,2.581769
73,0,imagen.jpeg,30,activacion,1x144x28x28,0.89344
73,0,imagen.jpeg,31,pointwise_conv,1x144x28x28,25.655102
73,0,imagen.jpeg,32,batchnorm,1x32x28x28,0.571246
73,0,imagen.jpeg,33,pointwise_conv,1x32x28x28,34.559853
73,0,imagen.jpeg,34,batchnorm,1x192x28x28,3.465119
73,0,imagen.jpeg,35,activacion,1x192x28x28,1.117122
73,0,imagen.jpeg,36,depthwise_conv,1x192x28x28,14.07723
73,0,imagen.jpeg,37,batchnorm,1x192x28x28,3.453569
73,0,imagen.jpeg,38,activacion,1x192x28x28,1.340576
73,0,imagen.jpeg,39,pointwise_conv,1x192x28x28,34.19763
73,0,imagen.jpeg,40,batchnorm,1x32x28x28,0.571457
73,0,imagen.jpeg,41,layer_add,1x32x28x28,0.271393
73,0,imagen.jpeg,42,pointwise_conv,1x32x28x28,34.617604
73,0,imagen.jpeg,43,batchnorm,1x192x28x28,3.47656
73,0,imagen.jpeg,44,activacion,1x192x28x28,1.182584
73,0,imagen.jpeg,45,depthwise_conv,1x192x28x28,13.996049
73,0,imagen.jpeg,46,batchnorm,1x192x28x28,3.4466
73,0,imagen.jpeg,47,activacion,1x192x28x28,1.339385
73,0,imagen.jpeg,48,pointwise_conv,1x192x28x28,34.170449
73,0,imagen.jpeg,49,batchnorm,1x32x28x28,0.573936
73,0,imagen.jpeg,50,layer_add,1x32x28x28,0.274953
73,0,imagen.jpeg,51,pointwise_conv,1x32x28x28,34.515023
73,0,imagen.jpeg,52,batchnorm,1x192x28x28,3.486409
73,0,imagen.jpeg,53,activacion,1x192x28x28,1.254994
73,0,imagen.jpeg,54,depthwise_conv,1x192x28x28,3.650352
73,0,imagen.jpeg,55,batchnorm,1x192x14x14,0.87372
73,0,imagen.jpeg,56,activacion,1x192x14x14,0.276733
73,0,imagen.jpeg,57,pointwise_conv,1x192x14x14,12.606894
73,0,imagen.jpeg,58,batchnorm,1x64x14x14,0.288323
73,0,imagen.jpeg,59,pointwise_conv,1x64x14x14,24.286377
73,0,imagen.jpeg,60,batchnorm,1x384x14x14,1.75198
73,0,imagen.jpeg,61,activacion,1x384x14x14,0.563256
73,0,imagen.jpeg,62,depthwise_conv,1x384x14x14,7.137021
73,0,imagen.jpeg,63,batchnorm,1x384x14x14,1.73498
73,0,imagen.jpeg,64,activacion,1x384x14x14,0.686588
73,0,imagen.jpeg,65,pointwise_conv,1x384x14x14,30.73011
73,0,imagen.jpeg,66,batchnorm,1x64x14x14,0.290254
73,0,imagen.jpeg,67,layer_add,1x64x14x14,0.139051
73,0,imagen.jpeg,68,pointwise_conv,1x64x14x14,24.287006
73,0,imagen.jpeg,69,batchnorm,1x384x14x14,1.76602
73,0,imagen.jpeg,70,activacion,1x384x14x14,0.627367
73,0,imagen.jpeg,71,depthwise_conv,1x384x14x14,7.07871
73,0,imagen.jpeg,72,batchnorm,1x384x14x14,1.73405
73,0,imagen.jpeg,73,activacion,1x384x14x14,0.724708
73,0,imagen.jpeg,74,pointwise_conv,1x384x14x14,30.76169
73,0,imagen.jpeg,75,batchnorm,1x64x14x14,0.304814
73,0,imagen.jpeg,76,layer_add,1x64x14x14,0.139171
73,0,imagen.jpeg,77,pointwise_conv,1x64x14x14,24.302097
73,0,imagen.jpeg,78,batchnorm,1x384x14x14,1.75286
73,0,imagen.jpeg,79,activacion,1x384x14x14,0.648247
73,0,imagen.jpeg,80,depthwise_conv,1x384x14x14,7.048311
73,0,imagen.jpeg,81,batchnorm,1x384x14x14,1.74781
73,0,imagen.jpeg,82,activacion,1x384x14x14,0.666537
73,0,imagen.jpeg,83,pointwise_conv,1x384x14x14,30.699959
73,0,imagen.jpeg,84,batchnorm,1x64x14x14,0.290303
73,0,imagen.jpeg,85,layer_add,1x64x14x14,0.135702
73,0,imagen.jpeg,86,pointwise_conv,1x64x14x14,24.296146
73,0,imagen.jpeg,87,batchnorm,1x384x14x14,1.77088
73,0,imagen.jpeg,88,activacion,1x384x14x14,0.628617
73,0,imagen.jpeg,89,depthwise_conv,1x384x14x14,7.122232
73,0,imagen.jpeg,90,batchnorm,1x384x14x14,1.7373
73,0,imagen.jpeg,91,activacion,1x384x14x14,0.650528
73,0,imagen.jpeg,92,pointwise_conv,1x384x14x14,46.050104
73,0,imagen.jpeg,93,batchnorm,1x96x14x14,0.433155
73,0,imagen.jpeg,94,pointwise_conv,1x96x14x14,55.380681
73,0,imagen.jpeg,95,batchnorm,1x576x14x14,2.65799
73,0,imagen.jpeg,96,activacion,1x576x14x14,0.971671
73,0,imagen.jpeg,97,depthwise_conv,1x576x14x14,10.617901
73,0,imagen.jpeg,98,batchnorm,1x576x14x14,2.663521
73,0,imagen.jpeg,99,activacion,1x576x14x14,0.967811
73,0,imagen.jpeg,100,pointwise_conv,1x576x14x14,97.46999
73,0,imagen.jpeg,101,batchnorm,1x96x14x14,0.452626
73,0,imagen.jpeg,102,layer_add,1x96x14x14,0.205472
73,0,imagen.jpeg,103,pointwise_conv,1x96x14x14,55.480522
73,0,imagen.jpeg,104,batchnorm,1x576x14x14,2.63208
73,0,imagen.jpeg,105,activacion,1x576x14x14,1.024342
73,0,imagen.jpeg,106,depthwise_conv,1x576x14x14,10.592891
73,0,imagen.jpeg,107,batchnorm,1x576x14x14,2.63752
73,0,imagen.jpeg,108,activacion,1x576x14x14,0.954901
73,0,imagen.jpeg,109,pointwise_conv,1x576x14x14,97.48002
73,0,imagen.jpeg,110,batchnorm,1x96x14x14,0.439505
73,0,imagen.jpeg,111,layer_add,1x96x14x14,0.202512
73,0,imagen.jpeg,112,pointwise_conv,1x96x14x14,55.409701
73,0,imagen.jpeg,113,batchnorm,1x576x14x14,2.65258
73,0,imagen.jpeg,114,activacion,1x576x14x14,0.985531
73,0,imagen.jpeg,115,depthwise_conv,1x576x14x14,2.793172
73,0,imagen.jpeg,116,batchnorm,1x576x7x7,0.664618
73,0,imagen.jpeg,117,activacion,1x576x7x7,0.203783
73,0,imagen.jpeg,118,pointwise_conv,1x576x7x7,42.652086
73,0,imagen.jpeg,119,batchnorm,1x160x7x7,0.183732
73,0,imagen.jpeg,120,pointwise_conv,1x160x7x7,31.57792
73,0,imagen.jpeg,121,batchnorm,1x960x7x7,1.110852
73,0,imagen.jpeg,122,activacion,1x960x7x7,0.396075
73,0,imagen.jpeg,123,depthwise_conv,1x960x7x7,4.607713
73,0,imagen.jpeg,124,batchnorm,1x960x7x7,1.096853
73,0,imagen.jpeg,125,activacion,1x960x7x7,0.404475
73,0,imagen.jpeg,126,pointwise_conv,1x960x7x7,90.701573
73,0,imagen.jpeg,127,batchnorm,1x160x7x7,0.186452
73,0,imagen.jpeg,128,layer_add,1x160x7x7,0.0842
73,0,imagen.jpeg,129,pointwise_conv,1x160x7x7,31.527129
73,0,imagen.jpeg,130,batchnorm,1x960x7x7,1.261635
73,0,imagen.jpeg,131,activacion,1x960x7x7,0.396535
73,0,imagen.jpeg,132,depthwise_conv,1x960x7x7,4.605022
73,0,imagen.jpeg,133,batchnorm,1x960x7x7,1.094462
73,0,imagen.jpeg,134,activacion,1x960x7x7,0.396075
73,0,imagen.jpeg,135,pointwise_conv,1x960x7x7,90.756474
73,0,imagen.jpeg,136,batchnorm,1x160x7x7,0.185292
73,0,imagen.jpeg,137,layer_add,1x160x7x7,0.085851
73,0,imagen.jpeg,138,pointwise_conv,1x160x7x7,31.480968
73,0,imagen.jpeg,139,batchnorm,1x960x7x7,1.115422
73,0,imagen.jpeg,140,activacion,1x960x7x7,0.391885
73,0,imagen.jpeg,141,depthwise_conv,1x960x7x7,4.629153
73,0,imagen.jpeg,142,batchnorm,1x960x7x7,1.111993
73,0,imagen.jpeg,143,activacion,1x960x7x7,0.327554
73,0,imagen.jpeg,144,pointwise_conv,1x960x7x7,181.466916
73,0,imagen.jpeg,145,batchnorm,1x320x7x7,0.372654
73,0,imagen.jpeg,146,pointwise_conv,1x320x7x7,108.473465
73,0,imagen.jpeg,147,batchnorm,1x1280x7x7,1.497787
73,0,imagen.jpeg,148,activacion,1x1280x7x7,0.540176
73,0,imagen.jpeg,149,pooling,1x1280x7x7,0.263283
73,0,imagen.jpeg,150,linear,1x1280,5.137418
74,0,imagen.jpeg,0,conv2d,1x3x224x224,114.664586
74,0,imagen.jpeg,1,batchnorm,1x32x112x112,9.135174
74,0,imagen.jpeg,2,activacion,1x32x112x112,2.804001
74,0,imagen.jpeg,3,depthwise_conv,1x32x112x112,37.011942
74,0,imagen.jpeg,4,batchnorm,1x32x112x112,9.226455
74,0,imagen.jpeg,5,activacion,1x32x112x112,2.805512
74,0,imagen.jpeg,6,pointwise_conv,1x32x112x112,129.600646
74,0,imagen.jpeg,7,batchnorm,1x16x112x112,4.601793
74,0,imagen.jpeg,8,pointwise_conv,1x16x112x112,170.990466
74,0,imagen.jpeg,9,batchnorm,1x96x112x112,27.757146
74,0,imagen.jpeg,10,activacion,1x96x112x112,9.484918
74,0,imagen.jpeg,11,depthwise_conv,1x96x112x112,29.069351
74,0,imagen.jpeg,12,batchnorm,1x96x56x56,6.875638
74,0,imagen.jpeg,13,activacion,1x96x56x56,2.474228
74,0,imagen.jpeg,14,pointwise_conv,1x96x56x56,94.673748
74,0,imagen.jpeg,15,batchnorm,1x24x56x56,1.76007
74,0,imagen.jpeg,16,pointwise_conv,1x24x56x56,88.362336
74,0,imagen.jpeg,17,batchnorm,1x144x56x56,10.464239
74,0,imagen.jpeg,18,activacion,1x144x56x56,3.584031
74,0,imagen.jpeg,19,depthwise_conv,1x144x56x56,41.822386
74,0,imagen.jpeg,20,batchnorm,1x144x56x56,10.329317
74,0,imagen.jpeg,21,activacion,1x144x56x56,4.038776
74,0,imagen.jpeg,22,pointwise_conv,1x144x56x56,199.042866
74,0,imagen.jpeg,23,batchnorm,1x24x56x56,1.71325
74,0,imagen.jpeg,24,layer_add,1x24x56x56,0.773809
74,0,imagen.jpeg,25,pointwise_conv,1x24x56x56,87.737459
74,0,imagen.jpeg,26,batchnorm,1x144x56x56,10.437558
74,0,imagen.jpeg,27,activacion,1x144x56x56,3.869894
74,0,imagen.jpeg,28,depthwise_conv,1x144x56x56,10.726882
74,0,imagen.jpeg,29,batchnorm,1x144x28x28,2.595409
74,0,imagen.jpeg,30,activacion,1x144x28x28,0.89048
74,0,imagen.jpeg,31,pointwise_conv,1x144x28x28,25.576521
74,0,imagen.jpeg,32,batchnorm,1x32x28x28,0.567956
74,0,imagen.jpeg,33,pointwise_conv,1x32x28x28,34.551513
74,0,imagen.jpeg,34,batchnorm,1x192x28x28,3.466639
74,0,imagen.jpeg,35,activacion,1x192x28x28,1.117012
74,0,imagen.jpeg,36,depthwise_conv,1x192x28x28,14.00437
74,0,imagen.jpeg,37,batchnorm,1x192x28x28,3.46901
74,0,imagen.jpeg,38,activacion,1x192x28x28,1.335896
74,0,imagen.jpeg,39,pointwise_conv,1x192x28x28,34.451802
74,0,imagen.jpeg,40,batchnorm,1x32x28x28,0.570707
74,0,imagen.jpeg,41,layer_add,1x32x28x28,0.275193
74,0,imagen.jpeg,42,pointwise_conv,1x32x28x28,34.556054
74,0,imagen.jpeg,43,batchnorm,1x192x28x28,3.471259
74,0,imagen.jpeg,44,activacion,1x192x28x28,1.181154
74,0,imagen.jpeg,45,depthwise_conv,1x192x28x28,14.03647
74,0,imagen.jpeg,46,batchnorm,1x192x28x28,3.45111
74,0,imagen.jpeg,47,activacion,1x192x28x28,1.339255
74,0,imagen.jpeg,48,pointwise_conv,1x192x28x28,34.26034
74,0,imagen.jpeg,49,batchnorm,1x32x28x28,0.572917
74,0,imagen.jpeg,50,layer_add,1x32x28x28,0.274643
74,0,imagen.jpeg,51,pointwise_conv,1x32x28x28,34.509923
74,0,imagen.jpeg,52,batchnorm,1x192x28x28,3.47104
74,0,imagen.jpeg,53,activacion,1x192x28x28,1.256275
74,0,imagen.jpeg,54,depthwise_conv,1x192x28x28,3.631871
74,0,imagen.jpeg,55,batchnorm,1x192x14x14,0.87289
74,0,imagen.jpeg,56,activacion,1x192x14x14,0.276773
74,0,imagen.jpeg,57,pointwise_conv,1x192x14x14,12.745535
74,0,imagen.jpeg,58,batchnorm,1x64x14x14,0.297724
74,0,imagen.jpeg,59,pointwise_conv,1x64x14x14,24.449359
74,0,imagen.jpeg,60,batchnorm,1x384x14x14,1.78331
74,0,imagen.jpeg,61,activacion,1x384x14x14,0.557696
74,0,imagen.jpeg,62,depthwise_conv,1x384x14x14,7.07704
74,0,imagen.jpeg,63,batchnorm,1x384x14x14,1.73541
74,0,imagen.jpeg,64,activacion,1x384x14x14,0.687548
74,0,imagen.jpeg,65,pointwise_conv,1x384x14x14,30.75035
74,0,imagen.jpeg,66,batchnorm,1x64x14x14,0.289593
74,0,imagen.jpeg,67,layer_add,1x64x14x14,0.137872
74,0,imagen.jpeg,68,pointwise_conv,1x64x14x14,24.299496
74,0,imagen.jpeg,69,batchnorm,1x384x14x14,1.74524
74,0,imagen.jpeg,70,activacion,1x384x14x14,0.631698
74,0,imagen.jpeg,71,depthwise_conv,1x384x14x14,7.206972
74,0,imagen.jpeg,72,batchnorm,1x384x14x14,1.7603
74,0,imagen.jpeg,73,activacion,1x384x14x14,0.677058
74,0,imagen.jpeg,74,pointwise_conv,1x384x14x14,30.78499
74,0,imagen.jpeg,75,batchnorm,1x64x14x14,0.289994
74,0,imagen.jpeg,76,layer_add,1x64x14x14,0.135951
74,0,imagen.jpeg,77,pointwise_conv,1x64x14x14,24.296577
74,0,imagen.jpeg,78,batchnorm,1x384x14x14,1.75053
74,0,imagen.jpeg,79,activacion,1x384x14x14,0.645718
74,0,imagen.jpeg,80,depthwise_conv,1x384x14x14,7.063651
74,0,imagen.jpeg,81,batchnorm,1x384x14x14,1.73116
74,0,imagen.jpeg,82,activacion,1x384x14x14,0.665428
74,0,imagen.jpeg,83,pointwise_conv,1x384x14x14,30.7317
74,0,imagen.jpeg,84,batchnorm,1x64x14x14,0.288213
74,0,imagen.jpeg,85,layer_add,1x64x14x14,0.138402
74,0,imagen.jpeg,86,pointwise_conv,1x64x14x14,24.346847
74,0,imagen.jpeg,87,batchnorm,1x384x14x14,1.7607
74,0,imagen.jpeg,88,activacion,1x384x14x14,0.628617
74,0,imagen.jpeg,89,depthwise_conv,1x384x14x14,7.06564
74,0,imagen.jpeg,90,batchnorm,1x384x14x14,1.73241
74,0,imagen.jpeg,91,activacion,1x384x14x14,0.691238
74,0,imagen.jpeg,92,pointwise_conv,1x384x14x14,46.032745
74,0,imagen.jpeg,93,batchnorm,1x96x14x14,0.432205
74,0,imagen.jpeg,94,pointwise_conv,1x96x14x14,55.434711
74,0,imagen.jpeg,95,batchnorm,1x576x14x14,2.64893
74,0,imagen.jpeg,96,activacion,1x576x14x14,0.973291
74,0,imagen.jpeg,97,depthwise_conv,1x576x14x14,10.629301
74,0,imagen.jpeg,98,batchnorm,1x576x14x14,2.64982
74,0,imagen.jpeg,99,activacion,1x576x14x14,0.964091
74,0,imagen.jpeg,100,pointwise_conv,1x576x14x14,97.451219
74,0,imagen.jpeg,101,batchnorm,1x96x14x14,0.436025
74,0,imagen.jpeg,102,layer_add,1x96x14x14,0.204913
74,0,imagen.jpeg,103,pointwise_conv,1x96x14x14,55.498832
74,0,imagen.jpeg,104,batchnorm,1x576x14x14,2.65566
74,0,imagen.jpeg,105,activacion,1x576x14x14,0.994481
74,0,imagen.jpeg,106,depthwise_conv,1x576x14x14,10.674592
74,0,imagen.jpeg,107,batchnorm,1x576x14x14,2.62664
74,0,imagen.jpeg,108,activacion,1x576x14x14,1.064592
74,0,imagen.jpeg,109,pointwise_conv,1x576x14x14,97.54943
74,0,imagen.jpeg,110,batchnorm,1x96x14x14,0.435565
74,0,imagen.jpeg,111,layer_add,1x96x14x14,0.240063
74,0,imagen.jpeg,112,pointwise_conv,1x96x14x14,55.35484
74,0,imagen.jpeg,113,batchnorm,1x576x14x14,2.63347
74,0,imagen.jpeg,114,activacion,1x576x14x14,0.981921
74,0,imagen.jpeg,115,depthwise_conv,1x576x14x14,2.776452
74,0,imagen.jpeg,116,batchnorm,1x576x7x7,0.661907
74,0,imagen.jpeg,117,activacion,1x576x7x7,0.204182
74,0,imagen.jpeg,118,pointwise_conv,1x576x7x7,42.734927
74,0,imagen.jpeg,119,batchnorm,1x160x7x7,0.183833
74,0,imagen.jpeg,120,pointwise_conv,1x160x7x7,31.492748
74,0,imagen.jpeg,121,batchnorm,1x960x7x7,1.114962
74,0,imagen.jpeg,122,activacion,1x960x7x7,0.403555
74,0,imagen.jpeg,123,depthwise_conv,1x960x7x7,4.609372
74,0,imagen.jpeg,124,batchnorm,1x960x7x7,1.110633
74,0,imagen.jpeg,125,activacion,1x960x7x7,0.405234
74,0,imagen.jpeg,126,pointwise_conv,1x960x7x7,90.772654
74,0,imagen.jpeg,127,batchnorm,1x160x7x7,0.186992
74,0,imagen.jpeg,128,layer_add,1x160x7x7,0.087901
74,0,imagen.jpeg,129,pointwise_conv,1x160x7x7,31.530609
74,0,imagen.jpeg,130,batchnorm,1x960x7x7,1.116032
74,0,imagen.jpeg,131,activacion,1x960x7x7,0.394895
74,0,imagen.jpeg,132,depthwise_conv,1x960x7x7,4.617863
74,0,imagen.jpeg,133,batchnorm,1x960x7x7,1.108933
74,0,imagen.jpeg,134,activacion,1x960x7x7,0.397405
74,0,imagen.jpeg,135,pointwise_conv,1x960x7x7,90.807574
74,0,imagen.jpeg,136,batchnorm,1x160x7x7,0.187732
74,0,imagen.jpeg,137,layer_add,1x160x7x7,0.087331
74,0,imagen.jpeg,138,pointwise_conv,1x160x7x7,31.559299
74,0,imagen.jpeg,139,batchnorm,1x960x7x7,1.122943
74,0,imagen.jpeg,140,activacion,1x960x7x7,0.390995
74,0,imagen.jpeg,141,depthwise_conv,1x960x7x7,4.622612
74,0,imagen.jpeg,142,batchnorm,1x960x7x7,1.095542
74,0,imagen.jpeg,143,activacion,1x960x7x7,0.318593
74,0,imagen.jpeg,144,pointwise_conv,1x960x7x7,181.587508
74,0,imagen.jpeg,145,batchnorm,1x320x7x7,0.372254
74,0,imagen.jpeg,146,pointwise_conv,1x320x7x7,108.490185
74,0,imagen.jpeg,147,batchnorm,1x1280x7x7,1.495707
74,0,imagen.jpeg,148,activacion,1x1280x7x7,0.585217
74,0,imagen.jpeg,149,pooling,1x1280x7x7,0.264483
74,0,imagen.jpeg,150,linear,1x1280,5.101708
75,0,imagen.jpeg,0,conv2d,1x3x224x224,114.652705
75,0,imagen.jpeg,1,batchnorm,1x32x112x112,9.163004
75,0,imagen.jpeg,2,activacion,1x32x112x112,2.992074
75,0,imagen.jpeg,3,depthwise_conv,1x32x112x112,37.041462
75,0,imagen.jpeg,4,batchnorm,1x32x112x112,9.218755
75,0,imagen.jpeg,5,activacion,1x32x112x112,2.832682
75,0,imagen.jpeg,6,pointwise_conv,1x32x112x112,129.09196
75,0,imagen.jpeg,7,batchnorm,1x16x112x112,4.599293
75,0,imagen.jpeg,8,pointwise_conv,1x16x112x112,173.814749
75,0,imagen.jpeg,9,batchnorm,1x96x112x112,27.782976
75,0,imagen.jpeg,10,activacion,1x96x112x112,9.504488
75,0,imagen.jpeg,11,depthwise_conv,1x96x112x112,29.091412
75,0,imagen.jpeg,12,batchnorm,1x96x56x56,6.890499
75,0,imagen.jpeg,13,activacion,1x96x56x56,2.473478
75,0,imagen.jpeg,14,pointwise_conv,1x96x56x56,95.555678
75,0,imagen.jpeg,15,batchnorm,1x24x56x56,1.70661
75,0,imagen.jpeg,16,pointwise_conv,1x24x56x56,88.373266
75,0,imagen.jpeg,17,batchnorm,1x144x56x56,10.457289
75,0,imagen.jpeg,18,activacion,1x144x56x56,3.53393
75,0,imagen.jpeg,19,depthwise_conv,1x144x56x56,41.945648
75,0,imagen.jpeg,20,batchnorm,1x144x56x56,10.303777
75,0,imagen.jpeg,21,activacion,1x144x56x56,3.955085
75,0,imagen.jpeg,22,pointwise_conv,1x144x56x56,199.338989
75,0,imagen.jpeg,23,batchnorm,1x24x56x56,1.76183
75,0,imagen.jpeg,24,layer_add,1x24x56x56,0.767998
75,0,imagen.jpeg,25,pointwise_conv,1x24x56x56,87.667638
75,0,imagen.jpeg,26,batchnorm,1x144x56x56,10.5206
75,0,imagen.jpeg,27,activacion,1x144x56x56,3.860444
75,0,imagen.jpeg,28,depthwise_conv,1x144x56x56,10.642562
75,0,imagen.jpeg,29,batchnorm,1x144x28x28,2.5784
75,0,imagen.jpeg,30,activacion,1x144x28x28,0.89879
75,0,imagen.jpeg,31,pointwise_conv,1x144x28x28,25.758583
75,0,imagen.jpeg,32,batchnorm,1x32x28x28,0.589386
75,0,imagen.jpeg,33,pointwise_conv,1x32x28x28,34.526433
75,0,imagen.jpeg,34,batchnorm,1x192x28x28,3.467919
75,0,imagen.jpeg,35,activacion,1x192x28x28,1.144633
75,0,imagen.jpeg,36,depthwise_conv,1x192x28x28,14.05216
75,0,imagen.jpeg,37,batchnorm,1x192x28x28,3.438909
75,0,imagen.jpeg,38,activacion,1x192x28x28,1.342325
75,0,imagen.jpeg,39,pointwise_conv,1x192x28x28,34.136529
75,0,imagen.jpeg,40,batchnorm,1x32x28x28,0.573307
75,0,imagen.jpeg,41,layer_add,1x32x28x28,0.274313
75,0,imagen.jpeg,42,pointwise_conv,1x32x28x28,34.507903
75,0,imagen.jpeg,43,batchnorm,1x192x28x28,3.464289
75,0,imagen.jpeg,44,activacion,1x192x28x28,1.183224
75,0,imagen.jpeg,45,depthwise_conv,1x192x28x28,13.974169
75,0,imagen.jpeg,46,batchnorm,1x192x28x28,3.448359
75,0,imagen.jpeg,47,activacion,1x192x28x28,1.387096
75,0,imagen.jpeg,48,pointwise_conv,1x192x28x28,34.357801
75,0,imagen.jpeg,49,batchnorm,1x32x28x28,0.575696
75,0,imagen.jpeg,50,layer_add,1x32x28x28,0.273323
75,0,imagen.jpeg,51,pointwise_conv,1x32x28x28,34.580334
75,0,imagen.jpeg,52,batchnorm,1x192x28x28,3.47402
75,0,imagen.jpeg,53,activacion,1x192x28x28,1.254864
75,0,imagen.jpeg,54,depthwise_conv,1x192x28x28,3.673322
75,0,imagen.jpeg,55,batchnorm,1x192x14x14,0.87784
75,0,imagen.jpeg,56,activacion,1x192x14x14,0.277424
75,0,imagen.jpeg,57,pointwise_conv,1x192x14x14,12.619463
75,0,imagen.jpeg,58,batchnorm,1x64x14x14,0.289273
75,0,imagen.jpeg,59,pointwise_conv,1x64x14x14,24.356507
75,0,imagen.jpeg,60,batchnorm,1x384x14x14,1.76571
75,0,imagen.jpeg,61,activacion,1x384x14x14,0.557766
75,0,imagen.jpeg,62,depthwise_conv,1x384x14x14,7.05461
75,0,imagen.jpeg,63,batchnorm,1x384x14x14,1.732829
75,0,imagen.jpeg,64,activacion,1x384x14x14,0.735278
75,0,imagen.jpeg,65,pointwise_conv,1x384x14x14,30.786971
75,0,imagen.jpeg,66,batchnorm,1x64x14x14,0.304713
75,0,imagen.jpeg,67,layer_add,1x64x14x14,0.133992
75,0,imagen.jpeg,68,pointwise_conv,1x64x14x14,24.275697
75,0,imagen.jpeg,69,batchnorm,1x384x14x14,1.74378
75,0,imagen.jpeg,70,activacion,1x384x14x14,0.631427
75,0,imagen.jpeg,71,depthwise_conv,1x384x14x14,7.02588
75,0,imagen.jpeg,72,batchnorm,1x384x14x14,1.76062
75,0,imagen.jpeg,73,activacion,1x384x14x14,0.677648
75,0,imagen.jpeg,74,pointwise_conv,1x384x14x14,30.807061
75,0,imagen.jpeg,75,batchnorm,1x64x14x14,0.288233
75,0,imagen.jpeg,76,layer_add,1x64x14x14,0.138452
75,0,imagen.jpeg,77,pointwise_conv,1x64x14x14,24.341657
75,0,imagen.jpeg,78,batchnorm,1x384x14x14,1.76302
75,0,imagen.jpeg,79,activacion,1x384x14x14,0.647838
75,0,imagen.jpeg,80,depthwise_conv,1x384x14x14,7.129392
75,0,imagen.jpeg,81,batchnorm,1x384x14x14,1.73566
75,0,imagen.jpeg,82,activacion,1x384x14x14,0.651997
75,0,imagen.jpeg,83,pointwise_conv,1x384x14x14,30.756241
75,0,imagen.jpeg,84,batchnorm,1x64x14x14,0.290823
75,0,imagen.jpeg,85,layer_add,1x64x14x14,0.132892
75,0,imagen.jpeg,86,pointwise_conv,1x64x14x14,24.379377
75,0,imagen.jpeg,87,batchnorm,1x384x14x14,1.76723
75,0,imagen.jpeg,88,activacion,1x384x14x14,0.627807
75,0,imagen.jpeg,89,depthwise_conv,1x384x14x14,7.128561
75,0,imagen.jpeg,90,batchnorm,1x384x14x14,1.7531
75,0,imagen.jpeg,91,activacion,1x384x14x14,0.661387
75,0,imagen.jpeg,92,pointwise_conv,1x384x14x14,46.166315
75,0,imagen.jpeg,93,batchnorm,1x96x14x14,0.433585
75,0,imagen.jpeg,94,pointwise_conv,1x96x14x14,55.38122
75,0,imagen.jpeg,95,batchnorm,1x576x14x14,2.63265
75,0,imagen.jpeg,96,activacion,1x576x14x14,1.034402
75,0,imagen.jpeg,97,depthwise_conv,1x576x14x14,10.592471
75,0,imagen.jpeg,98,batchnorm,1x576x14x14,2.63308
75,0,imagen.jpeg,99,activacion,1x576x14x14,0.967061
75,0,imagen.jpeg,100,pointwise_conv,1x576x14x14,97.46938
75,0,imagen.jpeg,101,batchnorm,1x96x14x14,0.436455
75,0,imagen.jpeg,102,layer_add,1x96x14x14,0.204973
75,0,imagen.jpeg,103,pointwise_conv,1x96x14x14,55.494071
75,0,imagen.jpeg,104,batchnorm,1x576x14x14,2.66624
75,0,imagen.jpeg,105,activacion,1x576x14x14,0.988151
75,0,imagen.jpeg,106,depthwise_conv,1x576x14x14,10.686112
75,0,imagen.jpeg,107,batchnorm,1x576x14x14,2.66284
75,0,imagen.jpeg,108,activacion,1x576x14x14,0.951961
75,0,imagen.jpeg,109,pointwise_conv,1x576x14x14,97.47541
75,0,imagen.jpeg,110,batchnorm,1x96x14x14,0.437095
75,0,imagen.jpeg,111,layer_add,1x96x14x14,0.206432
75,0,imagen.jpeg,112,pointwise_conv,1x96x14x14,55.31867
75,0,imagen.jpeg,113,batchnorm,1x576x14x14,2.63197
75,0,imagen.jpeg,114,activacion,1x576x14x14,1.068063
75,0,imagen.jpeg,115,depthwise_conv,1x576x14x14,2.764391
75,0,imagen.jpeg,116,batchnorm,1x576x7x7,0.664128
75,0,imagen.jpeg,117,activacion,1x576x7x7,0.204142
75,0,imagen.jpeg,118,pointwise_conv,1x576x7x7,42.777217
75,0,imagen.jpeg,119,batchnorm,1x160x7x7,0.184762
75,0,imagen.jpeg,120,pointwise_conv,1x160x7x7,31.541979
75,0,imagen.jpeg,121,batchnorm,1x960x7x7,1.113672
75,0,imagen.jpeg,122,activacion,1x960x7x7,0.411255
75,0,imagen.jpeg,123,depthwise_conv,1x960x7x7,4.614852
75,0,imagen.jpeg,124,batchnorm,1x960x7x7,1.096082
75,0,imagen.jpeg,125,activacion,1x960x7x7,0.405854
75,0,imagen.jpeg,126,pointwise_conv,1x960x7x7,90.744303
75,0,imagen.jpeg,127,batchnorm,1x160x7x7,0.184692
75,0,imagen.jpeg,128,layer_add,1x160x7x7,0.082401
75,0,imagen.jpeg,129,pointwise_conv,1x160x7x7,31.529389
75,0,imagen.jpeg,130,batchnorm,1x960x7x7,1.111863
75,0,imagen.jpeg,131,activacion,1x960x7x7,0.399974
75,0,imagen.jpeg,132,depthwise_conv,1x960x7x7,4.640763
75,0,imagen.jpeg,133,batchnorm,1x960x7x7,1.094362
75,0,imagen.jpeg,134,activacion,1x960x7x7,0.397514
75,0,imagen.jpeg,135,pointwise_conv,1x960x7x7,90.776053
75,0,imagen.jpeg,136,batchnorm,1x160x7x7,0.186843
75,0,imagen.jpeg,137,layer_add,1x160x7x7,0.084851
75,0,imagen.jpeg,138,pointwise_conv,1x160x7x7,31.519609
75,0,imagen.jpeg,139,batchnorm,1x960x7x7,1.116903
75,0,imagen.jpeg,140,activacion,1x960x7x7,0.485786
75,0,imagen.jpeg,141,depthwise_conv,1x960x7x7,4.596182
75,0,imagen.jpeg,142,batchnorm,1x960x7x7,1.097793
75,0,imagen.jpeg,143,activacion,1x960x7x7,0.316724
75,0,imagen.jpeg,144,pointwise_conv,1x960x7x7,181.555797
75,0,imagen.jpeg,145,batchnorm,1x320x7x7,0.375204
75,0,imagen.jpeg,146,pointwise_conv,1x320x7x7,108.611907
75,0,imagen.jpeg,147,batchnorm,1x1280x7x7,1.520308
75,0,imagen.jpeg,148,activacion,1x1280x7x7,0.537226
75,0,imagen.jpeg,149,pooling,1x1280x7x7,0.264593
75,0,imagen.jpeg,150,linear,1x1280,5.095278
76,0,imagen.jpeg,0,conv2d,1x3x224x224,114.924218
76,0,imagen.jpeg,1,batchnorm,1x32x112x112,9.162624
76,0,imagen.jpeg,2,activacion,1x32x112x112,2.767402
76,0,imagen.jpeg,3,depthwise_conv,1x32x112x112,37.075102
76,0,imagen.jpeg,4,batchnorm,1x32x112x112,9.322496
76,0,imagen.jpeg,5,activacion,1x32x112x112,2.837982
76,0,imagen.jpeg,6,pointwise_conv,1x32x112x112,128.797317
76,0,imagen.jpeg,7,batchnorm,1x16x112x112,4.680543
76,0,imagen.jpeg,8,pointwise_conv,1x16x112x112,170.803154
76,0,imagen.jpeg,9,batchnorm,1x96x112x112,27.737866
76,0,imagen.jpeg,10,activacion,1x96x112x112,9.529939
76,0,imagen.jpeg,11,depthwise_conv,1x96x112x112,29.121501
76,0,imagen.jpeg,12,batchnorm,1x96x56x56,6.878518
76,0,imagen.jpeg,13,activacion,1x96x56x56,2.504668
76,0,imagen.jpeg,14,pointwise_conv,1x96x56x56,95.576708
76,0,imagen.jpeg,15,batchnorm,1x24x56x56,1.709359
76,0,imagen.jpeg,16,pointwise_conv,1x24x56x56,88.269195
76,0,imagen.jpeg,17,batchnorm,1x144x56x56,10.48158
76,0,imagen.jpeg,18,activacion,1x144x56x56,3.603421
76,0,imagen.jpeg,19,depthwise_conv,1x144x56x56,42.14444
76,0,imagen.jpeg,20,batchnorm,1x144x56x56,10.337798
76,0,imagen.jpeg,21,activacion,1x144x56x56,4.075287
76,0,imagen.jpeg,22,pointwise_conv,1x144x56x56,199.529722
76,0,imagen.jpeg,23,batchnorm,1x24x56x56,1.70971
76,0,imagen.jpeg,24,layer_add,1x24x56x56,0.85071
76,0,imagen.jpeg,25,pointwise_conv,1x24x56x56,87.727939
76,0,imagen.jpeg,26,batchnorm,1x144x56x56,10.443189
76,0,imagen.jpeg,27,activacion,1x144x56x56,3.968656
76,0,imagen.jpeg,28,depthwise_conv,1x144x56x56,10.629181
76,0,imagen.jpeg,29,batchnorm,1x144x28x28,2.59532
76,0,imagen.jpeg,30,activacion,1x144x28x28,0.90667
76,0,imagen.jpeg,31,pointwise_conv,1x144x28x28,25.663863
76,0,imagen.jpeg,32,batchnorm,1x32x28x28,0.567727
76,0,imagen.jpeg,33,pointwise_conv,1x32x28x28,34.542473
76,0,imagen.jpeg,34,batchnorm,1x192x28x28,3.473419
76,0,imagen.jpeg,35,activacion,1x192x28x28,1.117802
76,0,imagen.jpeg,36,depthwise_conv,1x192x28x28,14.064231
76,0,imagen.jpeg,37,batchnorm,1x192x28x28,3.452709
76,0,imagen.jpeg,38,activacion,1x192x28x28,1.339586
76,0,imagen.jpeg,39,pointwise_conv,1x192x28x28,34.059178
76,0,imagen.jpeg,40,batchnorm,1x32x28x28,0.569056
76,0,imagen.jpeg,41,layer_add,1x32x28x28,0.273623
76,0,imagen.jpeg,42,pointwise_conv,1x32x28x28,34.556363
76,0,imagen.jpeg,43,batchnorm,1x192x28x28,3.47575
76,0,imagen.jpeg,44,activacion,1x192x28x28,1.183004
76,0,imagen.jpeg,45,depthwise_conv,1x192x28x28,14.06467
76,0,imagen.jpeg,46,batchnorm,1x192x28x28,3.425959
76,0,imagen.jpeg,47,activacion,1x192x28x28,1.337615
76,0,imagen.jpeg,48,pointwise_conv,1x192x28x28,34.349881
76,0,imagen.jpeg,49,batchnorm,1x32x28x28,0.573557
76,0,imagen.jpeg,50,layer_add,1x32x28x28,0.271303
76,0,imagen.jpeg,51,pointwise_conv,1x32x28x28,34.513853
76,0,imagen.jpeg,52,batchnorm,1x192x28x28,3.46978
76,0,imagen.jpeg,53,activacion,1x192x28x28,1.254874
76,0,imagen.jpeg,54,depthwise_conv,1x192x28x28,3.658732
76,0,imagen.jpeg,55,batchnorm,1x192x14x14,0.8756
76,0,imagen.jpeg,56,activacion,1x192x14x14,0.276933
76,0,imagen.jpeg,57,pointwise_conv,1x192x14x14,12.609874
76,0,imagen.jpeg,58,batchnorm,1x64x14x14,0.288633
76,0,imagen.jpeg,59,pointwise_conv,1x64x14x14,24.299867
76,0,imagen.jpeg,60,batchnorm,1x384x14x14,1.75204
76,0,imagen.jpeg,61,activacion,1x384x14x14,0.560087
76,0,imagen.jpeg,62,depthwise_conv,1x384x14x14,7.05104
76,0,imagen.jpeg,63,batchnorm,1x384x14x14,1.75642
76,0,imagen.jpeg,64,activacion,1x384x14x14,0.690268
76,0,imagen.jpeg,65,pointwise_conv,1x384x14x14,30.72877
76,0,imagen.jpeg,66,batchnorm,1x64x14x14,0.288153
76,0,imagen.jpeg,67,layer_add,1x64x14x14,0.141592
76,0,imagen.jpeg,68,pointwise_conv,1x64x14x14,24.303856
76,0,imagen.jpeg,69,batchnorm,1x384x14x14,1.77301
76,0,imagen.jpeg,70,activacion,1x384x14x14,0.617647
76,0,imagen.jpeg,71,depthwise_conv,1x384x14x14,7.131491
76,0,imagen.jpeg,72,batchnorm,1x384x14x14,1.734099
76,0,imagen.jpeg,73,activacion,1x384x14x14,0.673218
76,0,imagen.jpeg,74,pointwise_conv,1x384x14x14,30.75868
76,0,imagen.jpeg,75,batchnorm,1x64x14x14,0.289463
76,0,imagen.jpeg,76,layer_add,1x64x14x14,0.140912
76,0,imagen.jpeg,77,pointwise_conv,1x64x14x14,24.280347
76,0,imagen.jpeg,78,batchnorm,1x384x14x14,1.76352
76,0,imagen.jpeg,79,activacion,1x384x14x14,0.644247
76,0,imagen.jpeg,80,depthwise_conv,1x384x14x14,7.083301
76,0,imagen.jpeg,81,batchnorm,1x384x14x14,1.760631
76,0,imagen.jpeg,82,activacion,1x384x14x14,0.666658
76,0,imagen.jpeg,83,pointwise_conv,1x384x14x14,30.772681
76,0,imagen.jpeg,84,batchnorm,1x64x14x14,0.288903
76,0,imagen.jpeg,85,layer_add,1x64x14x14,0.137662
76,0,imagen.jpeg,86,pointwise_conv,1x64x14x14,24.290527
76,0,imagen.jpeg,87,batchnorm,1x384x14x14,1.76736
76,0,imagen.jpeg,88,activacion,1x384x14x14,0.633228
76,0,imagen.jpeg,89,depthwise_conv,1x384x14x14,7.060131
76,0,imagen.jpeg,90,batchnorm,1x384x14x14,1.73998
76,0,imagen.jpeg,91,activacion,1x384x14x14,0.640977
76,0,imagen.jpeg,92,pointwise_conv,1x384x14x14,46.060505
76,0,imagen.jpeg,93,batchnorm,1x96x14x14,0.431775
76,0,imagen.jpeg,94,pointwise_conv,1x96x14x14,55.386131
76,0,imagen.jpeg,95,batchnorm,1x576x14x14,2.65496
76,0,imagen.jpeg,96,activacion,1x576x14x14,0.971691
76,0,imagen.jpeg,97,depthwise_conv,1x576x14x14,10.613101
76,0,imagen.jpeg,98,batchnorm,1x576x14x14,2.61859
76,0,imagen.jpeg,99,activacion,1x576x14x14,0.979921
76,0,imagen.jpeg,100,pointwise_conv,1x576x14x14,97.552951
76,0,imagen.jpeg,101,batchnorm,1x96x14x14,0.439755
76,0,imagen.jpeg,102,layer_add,1x96x14x14,0.203402
76,0,imagen.jpeg,103,pointwise_conv,1x96x14x14,55.524592
76,0,imagen.jpeg,104,batchnorm,1x576x14x14,2.63444
76,0,imagen.jpeg,105,activacion,1x576x14x14,1.045862
76,0,imagen.jpeg,106,depthwise_conv,1x576x14x14,10.59841
76,0,imagen.jpeg,107,batchnorm,1x576x14x14,2.6389
76,0,imagen.jpeg,108,activacion,1x576x14x14,0.945801
76,0,imagen.jpeg,109,pointwise_conv,1x576x14x14,97.368028
76,0,imagen.jpeg,110,batchnorm,1x96x14x14,0.434585
76,0,imagen.jpeg,111,layer_add,1x96x14x14,0.202782
76,0,imagen.jpeg,112,pointwise_conv,1x96x14x14,55.34025
76,0,imagen.jpeg,113,batchnorm,1x576x14x14,2.67523
76,0,imagen.jpeg,114,activacion,1x576x14x14,0.975381
76,0,imagen.jpeg,115,depthwise_conv,1x576x14x14,2.798742
76,0,imagen.jpeg,116,batchnorm,1x576x7x7,0.660868
76,0,imagen.jpeg,117,activacion,1x576x7x7,0.203153
76,0,imagen.jpeg,118,pointwise_conv,1x576x7x7,42.676416
76,0,imagen.jpeg,119,batchnorm,1x160x7x7,0.183822
76,0,imagen.jpeg,120,pointwise_conv,1x160x7x7,31.493479
76,0,imagen.jpeg,121,batchnorm,1x960x7x7,1.111833
76,0,imagen.jpeg,122,activacion,1x960x7x7,0.431564
76,0,imagen.jpeg,123,depthwise_conv,1x960x7x7,4.594213
76,0,imagen.jpeg,124,batchnorm,1x960x7x7,1.095012
76,0,imagen.jpeg,125,activacion,1x960x7x7,0.405074
76,0,imagen.jpeg,126,pointwise_conv,1x960x7x7,90.576591
76,0,imagen.jpeg,127,batchnorm,1x160x7x7,0.184522
76,0,imagen.jpeg,128,layer_add,1x160x7x7,0.090261
76,0,imagen.jpeg,129,pointwise_conv,1x160x7x7,31.521899
76,0,imagen.jpeg,130,batchnorm,1x960x7x7,1.118363
76,0,imagen.jpeg,131,activacion,1x960x7x7,0.407655
76,0,imagen.jpeg,132,depthwise_conv,1x960x7x7,4.608683
76,0,imagen.jpeg,133,batchnorm,1x960x7x7,1.094343
76,0,imagen.jpeg,134,activacion,1x960x7x7,0.397495
76,0,imagen.jpeg,135,pointwise_conv,1x960x7x7,90.654552
76,0,imagen.jpeg,136,batchnorm,1x160x7x7,0.187723
76,0,imagen.jpeg,137,layer_add,1x160x7x7,0.086731
76,0,imagen.jpeg,138,pointwise_conv,1x160x7x7,31.5548
76,0,imagen.jpeg,139,batchnorm,1x960x7x7,1.132873
76,0,imagen.jpeg,140,activacion,1x960x7x7,0.403235
76,0,imagen.jpeg,141,depthwise_conv,1x960x7x7,4.615403
76,0,imagen.jpeg,142,batchnorm,1x960x7x7,1.094363
76,0,imagen.jpeg,143,activacion,1x960x7x7,0.315824
76,0,imagen.jpeg,144,pointwise_conv,1x960x7x7,181.569527
76,0,imagen.jpeg,145,batchnorm,1x320x7x7,0.373964
76,0,imagen.jpeg,146,pointwise_conv,1x320x7x7,108.533946
76,0,imagen.jpeg,147,batchnorm,1x1280x7x7,1.513177
76,0,imagen.jpeg,148,activacion,1x1280x7x7,0.528126
76,0,imagen.jpeg,149,pooling,1x1280x7x7,0.265403
76,0,imagen.jpeg,150,linear,1x1280,5.176159
77,0,imagen.jpeg,0,conv2d,1x3x224x224,115.586536
77,0,imagen.jpeg,1,batchnorm,1x32x112x112,9.173345
77,0,imagen.jpeg,2,activacion,1x32x112x112,2.804352
77,0,imagen.jpeg,3,depthwise_conv,1x32x112x112,37.089403
77,0,imagen.jpeg,4,batchnorm,1x32x112x112,9.248195
77,0,imagen.jpeg,5,activacion,1x32x112x112,2.800692
77,0,imagen.jpeg,6,pointwise_conv,1x32x112x112,129.580576
77,0,imagen.jpeg,7,batchnorm,1x16x112x112,4.608813
77,0,imagen.jpeg,8,pointwise_conv,1x16x112x112,170.32773
77,0,imagen.jpeg,9,batchnorm,1x96x112x112,27.662825
77,0,imagen.jpeg,10,activacion,1x96x112x112,9.331816
77,0,imagen.jpeg,11,depthwise_conv,1x96x112x112,29.144142
77,0,imagen.jpeg,12,batchnorm,1x96x56x56,6.882199
77,0,imagen.jpeg,13,activacion,1x96x56x56,2.473789
77,0,imagen.jpeg,14,pointwise_conv,1x96x56x56,95.186473
77,0,imagen.jpeg,15,batchnorm,1x24x56x56,1.76341
77,0,imagen.jpeg,16,pointwise_conv,1x24x56x56,88.281705
77,0,imagen.jpeg,17,batchnorm,1x144x56x56,10.464219
77,0,imagen.jpeg,18,activacion,1x144x56x56,3.530721
77,0,imagen.jpeg,19,depthwise_conv,1x144x56x56,41.901007
77,0,imagen.jpeg,20,batchnorm,1x144x56x56,10.304307
77,0,imagen.jpeg,21,activacion,1x144x56x56,3.944205
77,0,imagen.jpeg,22,pointwise_conv,1x144x56x56,199.39888
77,0,imagen.jpeg,23,batchnorm,1x24x56x56,1.75257
77,0,imagen.jpeg,24,layer_add,1x24x56x56,0.782428
77,0,imagen.jpeg,25,pointwise_conv,1x24x56x56,87.925821
77,0,imagen.jpeg,26,batchnorm,1x144x56x56,10.439058
77,0,imagen.jpeg,27,activacion,1x144x56x56,3.865624
77,0,imagen.jpeg,28,depthwise_conv,1x144x56x56,10.648601
77,0,imagen.jpeg,29,batchnorm,1x144x28x28,2.580379
77,0,imagen.jpeg,30,activacion,1x144x28x28,0.915651
77,0,imagen.jpeg,31,pointwise_conv,1x144x28x28,25.603672
77,0,imagen.jpeg,32,batchnorm,1x32x28x28,0.568647
77,0,imagen.jpeg,33,pointwise_conv,1x32x28x28,34.601954
77,0,imagen.jpeg,34,batchnorm,1x192x28x28,3.46641
77,0,imagen.jpeg,35,activacion,1x192x28x28,1.114543
77,0,imagen.jpeg,36,depthwise_conv,1x192x28x28,13.982199
77,0,imagen.jpeg,37,batchnorm,1x192x28x28,3.44469
77,0,imagen.jpeg,38,activacion,1x192x28x28,1.338765
77,0,imagen.jpeg,39,pointwise_conv,1x192x28x28,34.193419
77,0,imagen.jpeg,40,batchnorm,1x32x28x28,0.573427
77,0,imagen.jpeg,41,layer_add,1x32x28x28,0.276753
77,0,imagen.jpeg,42,pointwise_conv,1x32x28x28,34.562884
77,0,imagen.jpeg,43,batchnorm,1x192x28x28,3.47378
77,0,imagen.jpeg,44,activacion,1x192x28x28,1.184884
77,0,imagen.jpeg,45,depthwise_conv,1x192x28x28,14.06119
77,0,imagen.jpeg,46,batchnorm,1x192x28x28,3.45291
77,0,imagen.jpeg,47,activacion,1x192x28x28,1.338785
77,0,imagen.jpeg,48,pointwise_conv,1x192x28x28,34.116418
77,0,imagen.jpeg,49,batchnorm,1x32x28x28,0.574326
77,0,imagen.jpeg,50,layer_add,1x32x28x28,0.274233
77,0,imagen.jpeg,51,pointwise_conv,1x32x28x28,34.512123
77,0,imagen.jpeg,52,batchnorm,1x192x28x28,3.466379
77,0,imagen.jpeg,53,activacion,1x192x28x28,1.255215
77,0,imagen.jpeg,54,depthwise_conv,1x192x28x28,3.643651
77,0,imagen.jpeg,55,batchnorm,1x192x14x14,0.87286
77,0,imagen.jpeg,56,activacion,1x192x14x14,0.276033
77,0,imagen.jpeg,57,pointwise_conv,1x192x14x14,12.726905
77,0,imagen.jpeg,58,batchnorm,1x64x14x14,0.288423
77,0,imagen.jpeg,59,pointwise_conv,1x64x14x14,24.292537
77,0,imagen.jpeg,60,batchnorm,1x384x14x14,1.75235
77,0,imagen.jpeg,61,activacion,1x384x14x14,0.563406
77,0,imagen.jpeg,62,depthwise_conv,1x384x14x14,7.04919
77,0,imagen.jpeg,63,batchnorm,1x384x14x14,1.73491
77,0,imagen.jpeg,64,activacion,1x384x14x14,0.688028
77,0,imagen.jpeg,65,pointwise_conv,1x384x14x14,30.71944
77,0,imagen.jpeg,66,batchnorm,1x64x14x14,0.289623
77,0,imagen.jpeg,67,layer_add,1x64x14x14,0.137902
77,0,imagen.jpeg,68,pointwise_conv,1x64x14x14,24.365067
77,0,imagen.jpeg,69,batchnorm,1x384x14x14,1.838371
77,0,imagen.jpeg,70,activacion,1x384x14x14,0.616917
77,0,imagen.jpeg,71,depthwise_conv,1x384x14x14,7.07494
77,0,imagen.jpeg,72,batchnorm,1x384x14x14,1.73586
77,0,imagen.jpeg,73,activacion,1x384x14x14,0.761368
77,0,imagen.jpeg,74,pointwise_conv,1x384x14x14,30.72981
77,0,imagen.jpeg,75,batchnorm,1x64x14x14,0.302043
77,0,imagen.jpeg,76,layer_add,1x64x14x14,0.140112
77,0,imagen.jpeg,77,pointwise_conv,1x64x14x14,24.280597
77,0,imagen.jpeg,78,batchnorm,1x384x14x14,1.74594
77,0,imagen.jpeg,79,activacion,1x384x14x14,0.647867
77,0,imagen.jpeg,80,depthwise_conv,1x384x14x14,7.04405
77,0,imagen.jpeg,81,batchnorm,1x384x14x14,1.75212
77,0,imagen.jpeg,82,activacion,1x384x14x14,0.667327
77,0,imagen.jpeg,83,pointwise_conv,1x384x14x14,30.818151
77,0,imagen.jpeg,84,batchnorm,1x64x14x14,0.290973
77,0,imagen.jpeg,85,layer_add,1x64x14x14,0.135012
77,0,imagen.jpeg,86,pointwise_conv,1x64x14x14,24.292786
77,0,imagen.jpeg,87,batchnorm,1x384x14x14,1.76423
77,0,imagen.jpeg,88,activacion,1x384x14x14,0.628817
77,0,imagen.jpeg,89,depthwise_conv,1x384x14x14,7.082331
77,0,imagen.jpeg,90,batchnorm,1x384x14x14,1.733489
77,0,imagen.jpeg,91,activacion,1x384x14x14,0.660057
77,0,imagen.jpeg,92,pointwise_conv,1x384x14x14,46.059764
77,0,imagen.jpeg,93,batchnorm,1x96x14x14,0.432675
77,0,imagen.jpeg,94,pointwise_conv,1x96x14x14,55.386281
77,0,imagen.jpeg,95,batchnorm,1x576x14x14,2.662451
77,0,imagen.jpeg,96,activacion,1x576x14x14,0.970511
77,0,imagen.jpeg,97,depthwise_conv,1x576x14x14,10.624001
77,0,imagen.jpeg,98,batchnorm,1x576x14x14,2.65025
77,0,imagen.jpeg,99,activacion,1x576x14x14,0.970741
77,0,imagen.jpeg,100,pointwise_conv,1x576x14x14,97.427569
77,0,imagen.jpeg,101,batchnorm,1x96x14x14,0.437105
77,0,imagen.jpeg,102,layer_add,1x96x14x14,0.204102
77,0,imagen.jpeg,103,pointwise_conv,1x96x14x14,55.583133
77,0,imagen.jpeg,104,batchnorm,1x576x14x14,2.63412
77,0,imagen.jpeg,105,activacion,1x576x14x14,1.018641
77,0,imagen.jpeg,106,depthwise_conv,1x576x14x14,10.590581
77,0,imagen.jpeg,107,batchnorm,1x576x14x14,2.62319
77,0,imagen.jpeg,108,activacion,1x576x14x14,1.012141
77,0,imagen.jpeg,109,pointwise_conv,1x576x14x14,97.49879
77,0,imagen.jpeg,110,batchnorm,1x96x14x14,0.437345
77,0,imagen.jpeg,111,layer_add,1x96x14x14,0.204932
77,0,imagen.jpeg,112,pointwise_conv,1x96x14x14,55.428021
77,0,imagen.jpeg,113,batchnorm,1x576x14x14,2.648601
77,0,imagen.jpeg,114,activacion,1x576x14x14,0.979971
77,0,imagen.jpeg,115,depthwise_conv,1x576x14x14,2.804942
77,0,imagen.jpeg,116,batchnorm,1x576x7x7,0.663838
77,0,imagen.jpeg,117,activacion,1x576x7x7,0.203353
77,0,imagen.jpeg,118,pointwise_conv,1x576x7x7,42.790537
77,0,imagen.jpeg,119,batchnorm,1x160x7x7,0.183572
77,0,imagen.jpeg,120,pointwise_conv,1x160x7x7,31.494408
77,0,imagen.jpeg,121,batchnorm,1x960x7x7,1.136923
77,0,imagen.jpeg,122,activacion,1x960x7x7,0.395285
77,0,imagen.jpeg,123,depthwise_conv,1x960x7x7,4.624302
77,0,imagen.jpeg,124,batchnorm,1x960x7x7,1.094902
77,0,imagen.jpeg,125,activacion,1x960x7x7,0.405434
77,0,imagen.jpeg,126,pointwise_conv,1x960x7x7,90.797284
77,0,imagen.jpeg,127,batchnorm,1x160x7x7,0.186862
77,0,imagen.jpeg,128,layer_add,1x160x7x7,0.084611
77,0,imagen.jpeg,129,pointwise_conv,1x160x7x7,31.507439
77,0,imagen.jpeg,130,batchnorm,1x960x7x7,1.129703
77,0,imagen.jpeg,131,activacion,1x960x7x7,0.399404
77,0,imagen.jpeg,132,depthwise_conv,1x960x7x7,4.618773
77,0,imagen.jpeg,133,batchnorm,1x960x7x7,1.095372
77,0,imagen.jpeg,134,activacion,1x960x7x7,0.431515
77,0,imagen.jpeg,135,pointwise_conv,1x960x7x7,90.776523
77,0,imagen.jpeg,136,batchnorm,1x160x7x7,0.204452
77,0,imagen.jpeg,137,layer_add,1x160x7x7,0.084421
77,0,imagen.jpeg,138,pointwise_conv,1x160x7x7,31.538999
77,0,imagen.jpeg,139,batchnorm,1x960x7x7,1.116592
77,0,imagen.jpeg,140,activacion,1x960x7x7,0.402755
77,0,imagen.jpeg,141,depthwise_conv,1x960x7x7,4.637823
77,0,imagen.jpeg,142,batchnorm,1x960x7x7,1.117153
77,0,imagen.jpeg,143,activacion,1x960x7x7,0.318403
77,0,imagen.jpeg,144,pointwise_conv,1x960x7x7,181.437616
77,0,imagen.jpeg,145,batchnorm,1x320x7x7,0.373604
77,0,imagen.jpeg,146,pointwise_conv,1x320x7x7,108.550766
77,0,imagen.jpeg,147,batchnorm,1x1280x7x7,1.505097
77,0,imagen.jpeg,148,activacion,1x1280x7x7,0.543126
77,0,imagen.jpeg,149,pooling,1x1280x7x7,0.263303
77,0,imagen.jpeg,150,linear,1x1280,5.132858
78,0,imagen.jpeg,0,conv2d,1x3x224x224,114.940698
78,0,imagen.jpeg,1,batchnorm,1x32x112x112,9.176535
78,0,imagen.jpeg,2,activacion,1x32x112x112,2.901813
78,0,imagen.jpeg,3,depthwise_conv,1x32x112x112,37.103013
78,0,imagen.jpeg,4,batchnorm,1x32x112x112,9.379777
78,0,imagen.jpeg,5,activacion,1x32x112x112,2.898643
78,0,imagen.jpeg,6,pointwise_conv,1x32x112x112,130.370434
78,0,imagen.jpeg,7,batchnorm,1x16x112x112,4.629283
78,0,imagen.jpeg,8,pointwise_conv,1x16x112x112,170.972157
78,0,imagen.jpeg,9,batchnorm,1x96x112x112,27.747946
78,0,imagen.jpeg,10,activacion,1x96x112x112,9.368217
78,0,imagen.jpeg,11,depthwise_conv,1x96x112x112,29.109982
78,0,imagen.jpeg,12,batchnorm,1x96x56x56,6.880299
78,0,imagen.jpeg,13,activacion,1x96x56x56,2.503528
78,0,imagen.jpeg,14,pointwise_conv,1x96x56x56,94.366045
78,0,imagen.jpeg,15,batchnorm,1x24x56x56,1.70892
78,0,imagen.jpeg,16,pointwise_conv,1x24x56x56,88.300266
78,0,imagen.jpeg,17,batchnorm,1x144x56x56,10.465459
78,0,imagen.jpeg,18,activacion,1x144x56x56,3.52941
78,0,imagen.jpeg,19,depthwise_conv,1x144x56x56,41.920267
78,0,imagen.jpeg,20,batchnorm,1x144x56x56,10.295377
78,0,imagen.jpeg,21,activacion,1x144x56x56,4.033736
78,0,imagen.jpeg,22,pointwise_conv,1x144x56x56,199.205748
78,0,imagen.jpeg,23,batchnorm,1x24x56x56,1.75857
78,0,imagen.jpeg,24,layer_add,1x24x56x56,0.761898
78,0,imagen.jpeg,25,pointwise_conv,1x24x56x56,87.734689
78,0,imagen.jpeg,26,batchnorm,1x144x56x56,10.435069
78,0,imagen.jpeg,27,activacion,1x144x56x56,3.857494
78,0,imagen.jpeg,28,depthwise_conv,1x144x56x56,10.638921
78,0,imagen.jpeg,29,batchnorm,1x144x28x28,2.67798
78,0,imagen.jpeg,30,activacion,1x144x28x28,0.89369
78,0,imagen.jpeg,31,pointwise_conv,1x144x28x28,25.599341
78,0,imagen.jpeg,32,batchnorm,1x32x28x28,0.584116
78,0,imagen.jpeg,33,pointwise_conv,1x32x28x28,34.589304
78,0,imagen.jpeg,34,batchnorm,1x192x28x28,3.51223
78,0,imagen.jpeg,35,activacion,1x192x28x28,1.159203
78,0,imagen.jpeg,36,depthwise_conv,1x192x28x28,13.955469
78,0,imagen.jpeg,37,batchnorm,1x192x28x28,3.438559
78,0,imagen.jpeg,38,activacion,1x192x28x28,1.411826
78,0,imagen.jpeg,39,pointwise_conv,1x192x28x28,34.177749
78,0,imagen.jpeg,40,batchnorm,1x32x28x28,0.570647
78,0,imagen.jpeg,41,layer_add,1x32x28x28,0.307483
78,0,imagen.jpeg,42,pointwise_conv,1x32x28x28,34.574494
78,0,imagen.jpeg,43,batchnorm,1x192x28x28,3.46379
78,0,imagen.jpeg,44,activacion,1x192x28x28,1.216473
78,0,imagen.jpeg,45,depthwise_conv,1x192x28x28,13.951258
78,0,imagen.jpeg,46,batchnorm,1x192x28x28,3.452729
78,0,imagen.jpeg,47,activacion,1x192x28x28,1.388346
78,0,imagen.jpeg,48,pointwise_conv,1x192x28x28,34.029297
78,0,imagen.jpeg,49,batchnorm,1x32x28x28,0.574276
78,0,imagen.jpeg,50,layer_add,1x32x28x28,0.273813
78,0,imagen.jpeg,51,pointwise_conv,1x32x28x28,34.572133
78,0,imagen.jpeg,52,batchnorm,1x192x28x28,3.461959
78,0,imagen.jpeg,53,activacion,1x192x28x28,1.255385
78,0,imagen.jpeg,54,depthwise_conv,1x192x28x28,3.618681
78,0,imagen.jpeg,55,batchnorm,1x192x14x14,0.8754
78,0,imagen.jpeg,56,activacion,1x192x14x14,0.277483
78,0,imagen.jpeg,57,pointwise_conv,1x192x14x14,12.604863
78,0,imagen.jpeg,58,batchnorm,1x64x14x14,0.288224
78,0,imagen.jpeg,59,pointwise_conv,1x64x14x14,24.370957
78,0,imagen.jpeg,60,batchnorm,1x384x14x14,1.78276
78,0,imagen.jpeg,61,activacion,1x384x14x14,0.559246
78,0,imagen.jpeg,62,depthwise_conv,1x384x14x14,7.076481
78,0,imagen.jpeg,63,batchnorm,1x384x14x14,1.73477
78,0,imagen.jpeg,64,activacion,1x384x14x14,0.730468
78,0,imagen.jpeg,65,pointwise_conv,1x384x14x14,30.72852
78,0,imagen.jpeg,66,batchnorm,1x64x14x14,0.302894
78,0,imagen.jpeg,67,layer_add,1x64x14x14,0.140551
78,0,imagen.jpeg,68,pointwise_conv,1x64x14x14,24.348317
78,0,imagen.jpeg,69,batchnorm,1x384x14x14,1.75274
78,0,imagen.jpeg,70,activacion,1x384x14x14,0.613967
78,0,imagen.jpeg,71,depthwise_conv,1x384x14x14,7.05165
78,0,imagen.jpeg,72,batchnorm,1x384x14x14,1.74567
78,0,imagen.jpeg,73,activacion,1x384x14x14,0.677307
78,0,imagen.jpeg,74,pointwise_conv,1x384x14x14,30.72995
78,0,imagen.jpeg,75,batchnorm,1x64x14x14,0.289593
78,0,imagen.jpeg,76,layer_add,1x64x14x14,0.139852
78,0,imagen.jpeg,77,pointwise_conv,1x64x14x14,24.301107
78,0,imagen.jpeg,78,batchnorm,1x384x14x14,1.76242
78,0,imagen.jpeg,79,activacion,1x384x14x14,0.645618
78,0,imagen.jpeg,80,depthwise_conv,1x384x14x14,7.042131
78,0,imagen.jpeg,81,batchnorm,1x384x14x14,1.73246
78,0,imagen.jpeg,82,activacion,1x384x14x14,0.652838
78,0,imagen.jpeg,83,pointwise_conv,1x384x14x14,30.792491
78,0,imagen.jpeg,84,batchnorm,1x64x14x14,0.288513
78,0,imagen.jpeg,85,layer_add,1x64x14x14,0.138222
78,0,imagen.jpeg,86,pointwise_conv,1x64x14x14,24.290977
78,0,imagen.jpeg,87,batchnorm,1x384x14x14,1.7475
78,0,imagen.jpeg,88,activacion,1x384x14x14,0.630048
78,0,imagen.jpeg,89,depthwise_conv,1x384x14x14,7.069821
78,0,imagen.jpeg,90,batchnorm,1x384x14x14,1.75561
78,0,imagen.jpeg,91,activacion,1x384x14x14,0.639767
78,0,imagen.jpeg,92,pointwise_conv,1x384x14x14,46.076764
78,0,imagen.jpeg,93,batchnorm,1x96x14x14,0.504276
78,0,imagen.jpeg,94,pointwise_conv,1x96x14x14,55.34898
78,0,imagen.jpeg,95,batchnorm,1x576x14x14,2.6345
78,0,imagen.jpeg,96,activacion,1x576x14x14,1.030921
78,0,imagen.jpeg,97,depthwise_conv,1x576x14x14,10.596051
78,0,imagen.jpeg,98,batchnorm,1x576x14x14,2.63581
78,0,imagen.jpeg,99,activacion,1x576x14x14,0.965031
78,0,imagen.jpeg,100,pointwise_conv,1x576x14x14,97.453489
78,0,imagen.jpeg,101,batchnorm,1x96x14x14,0.435605
78,0,imagen.jpeg,102,layer_add,1x96x14x14,0.206802
78,0,imagen.jpeg,103,pointwise_conv,1x96x14x14,55.580043
78,0,imagen.jpeg,104,batchnorm,1x576x14x14,2.665001
78,0,imagen.jpeg,105,activacion,1x576x14x14,0.982901
78,0,imagen.jpeg,106,depthwise_conv,1x576x14x14,10.615271
78,0,imagen.jpeg,107,batchnorm,1x576x14x14,2.649231
78,0,imagen.jpeg,108,activacion,1x576x14x14,0.956971
78,0,imagen.jpeg,109,pointwise_conv,1x576x14x14,100.398974
78,0,imagen.jpeg,110,batchnorm,1x96x14x14,0.439905
78,0,imagen.jpeg,111,layer_add,1x96x14x14,0.208333
78,0,imagen.jpeg,112,pointwise_conv,1x96x14x14,55.3577
78,0,imagen.jpeg,113,batchnorm,1x576x14x14,2.663231
78,0,imagen.jpeg,114,activacion,1x576x14x14,0.977351
78,0,imagen.jpeg,115,depthwise_conv,1x576x14x14,2.794972
78,0,imagen.jpeg,116,batchnorm,1x576x7x7,0.662987
78,0,imagen.jpeg,117,activacion,1x576x7x7,0.203622
78,0,imagen.jpeg,118,pointwise_conv,1x576x7x7,42.669966
78,0,imagen.jpeg,119,batchnorm,1x160x7x7,0.183542
78,0,imagen.jpeg,120,pointwise_conv,1x160x7x7,31.56642
78,0,imagen.jpeg,121,batchnorm,1x960x7x7,1.132393
78,0,imagen.jpeg,122,activacion,1x960x7x7,0.391925
78,0,imagen.jpeg,123,depthwise_conv,1x960x7x7,4.608782
78,0,imagen.jpeg,124,batchnorm,1x960x7x7,1.094543
78,0,imagen.jpeg,125,activacion,1x960x7x7,0.421825
78,0,imagen.jpeg,126,pointwise_conv,1x960x7x7,90.863355
78,0,imagen.jpeg,127,batchnorm,1x160x7x7,0.200213
78,0,imagen.jpeg,128,layer_add,1x160x7x7,0.088621
78,0,imagen.jpeg,129,pointwise_conv,1x160x7x7,31.585469
78,0,imagen.jpeg,130,batchnorm,1x960x7x7,1.112293
78,0,imagen.jpeg,131,activacion,1x960x7x7,0.396924
78,0,imagen.jpeg,132,depthwise_conv,1x960x7x7,4.644033
78,0,imagen.jpeg,133,batchnorm,1x960x7x7,1.110443
78,0,imagen.jpeg,134,activacion,1x960x7x7,0.396925
78,0,imagen.jpeg,135,pointwise_conv,1x960x7x7,90.758043
78,0,imagen.jpeg,136,batchnorm,1x160x7x7,0.187003
78,0,imagen.jpeg,137,layer_add,1x160x7x7,0.087531
78,0,imagen.jpeg,138,pointwise_conv,1x160x7x7,31.56063
78,0,imagen.jpeg,139,batchnorm,1x960x7x7,1.118353
78,0,imagen.jpeg,140,activacion,1x960x7x7,0.399824
78,0,imagen.jpeg,141,depthwise_conv,1x960x7x7,4.635263
78,0,imagen.jpeg,142,batchnorm,1x960x7x7,1.095193
78,0,imagen.jpeg,143,activacion,1x960x7x7,0.316884
78,0,imagen.jpeg,144,pointwise_conv,1x960x7x7,181.506497
78,0,imagen.jpeg,145,batchnorm,1x320x7x7,0.373044
78,0,imagen.jpeg,146,pointwise_conv,1x320x7x7,108.553716
78,0,imagen.jpeg,147,batchnorm,1x1280x7x7,1.495267
78,0,imagen.jpeg,148,activacion,1x1280x7x7,0.575806
78,0,imagen.jpeg,149,pooling,1x1280x7x7,0.263263
78,0,imagen.jpeg,150,linear,1x1280,5.117238
79,0,imagen.jpeg,0,conv2d,1x3x224x224,114.682825
79,0,imagen.jpeg,1,batchnorm,1x32x112x112,9.169295
79,0,imagen.jpeg,2,activacion,1x32x112x112,2.957804
79,0,imagen.jpeg,3,depthwise_conv,1x32x112x112,37.101902
79,0,imagen.jpeg,4,batchnorm,1x32x112x112,9.230445
79,0,imagen.jpeg,5,activacion,1x32x112x112,2.836272
79,0,imagen.jpeg,6,pointwise_conv,1x32x112x112,129.11954
79,0,imagen.jpeg,7,batchnorm,1x16x112x112,4.586832
79,0,imagen.jpeg,8,pointwise_conv,1x16x112x112,171.345372
79,0,imagen.jpeg,9,batchnorm,1x96x112x112,27.651164
79,0,imagen.jpeg,10,activacion,1x96x112x112,9.434078
79,0,imagen.jpeg,11,depthwise_conv,1x96x112x112,29.078501
79,0,imagen.jpeg,12,batchnorm,1x96x56x56,6.973429
79,0,imagen.jpeg,13,activacion,1x96x56x56,2.564029
79,0,imagen.jpeg,14,pointwise_conv,1x96x56x56,96.803782
79,0,imagen.jpeg,15,batchnorm,1x24x56x56,1.844901
79,0,imagen.jpeg,16,pointwise_conv,1x24x56x56,88.257425
79,0,imagen.jpeg,17,batchnorm,1x144x56x56,10.455649
79,0,imagen.jpeg,18,activacion,1x144x56x56,3.617521
79,0,imagen.jpeg,19,depthwise_conv,1x144x56x56,41.821407
79,0,imagen.jpeg,20,batchnorm,1x144x56x56,10.310188
79,0,imagen.jpeg,21,activacion,1x144x56x56,3.954545
79,0,imagen.jpeg,22,pointwise_conv,1x144x56x56,199.3143
79,0,imagen.jpeg,23,batchnorm,1x24x56x56,1.71117
79,0,imagen.jpeg,24,layer_add,1x24x56x56,0.85473
79,0,imagen.jpeg,25,pointwise_conv,1x24x56x56,87.77494
79,0,imagen.jpeg,26,batchnorm,1x144x56x56,10.434299
79,0,imagen.jpeg,27,activacion,1x144x56x56,3.863904
79,0,imagen.jpeg,28,depthwise_conv,1x144x56x56,10.639722
79,0,imagen.jpeg,29,batchnorm,1x144x28x28,2.59887
79,0,imagen.jpeg,30,activacion,1x144x28x28,0.90659
79,0,imagen.jpeg,31,pointwise_conv,1x144x28x28,25.619691
79,0,imagen.jpeg,32,batchnorm,1x32x28x28,0.569707
79,0,imagen.jpeg,33,pointwise_conv,1x32x28x28,34.629814
79,0,imagen.jpeg,34,batchnorm,1x192x28x28,3.467189
79,0,imagen.jpeg,35,activacion,1x192x28x28,1.115802
79,0,imagen.jpeg,36,depthwise_conv,1x192x28x28,13.98007
79,0,imagen.jpeg,37,batchnorm,1x192x28x28,3.46388
79,0,imagen.jpeg,38,activacion,1x192x28x28,1.381306
79,0,imagen.jpeg,39,pointwise_conv,1x192x28x28,34.155159
79,0,imagen.jpeg,40,batchnorm,1x32x28x28,0.567257
79,0,imagen.jpeg,41,layer_add,1x32x28x28,0.274753
79,0,imagen.jpeg,42,pointwise_conv,1x32x28x28,34.615104
79,0,imagen.jpeg,43,batchnorm,1x192x28x28,3.473619
79,0,imagen.jpeg,44,activacion,1x192x28x28,1.183464
79,0,imagen.jpeg,45,depthwise_conv,1x192x28x28,13.993239
79,0,imagen.jpeg,46,batchnorm,1x192x28x28,3.454119
79,0,imagen.jpeg,47,activacion,1x192x28x28,1.340976
79,0,imagen.jpeg,48,pointwise_conv,1x192x28x28,34.108909
79,0,imagen.jpeg,49,batchnorm,1x32x28x28,0.573877
79,0,imagen.jpeg,50,layer_add,1x32x28x28,0.274033
79,0,imagen.jpeg,51,pointwise_conv,1x32x28x28,34.567784
79,0,imagen.jpeg,52,batchnorm,1x192x28x28,3.482489
79,0,imagen.jpeg,53,activacion,1x192x28x28,1.254994
79,0,imagen.jpeg,54,depthwise_conv,1x192x28x28,3.675312
79,0,imagen.jpeg,55,batchnorm,1x192x14x14,0.87202
79,0,imagen.jpeg,56,activacion,1x192x14x14,0.277323
79,0,imagen.jpeg,57,pointwise_conv,1x192x14x14,12.613454
79,0,imagen.jpeg,58,batchnorm,1x64x14x14,0.288564
79,0,imagen.jpeg,59,pointwise_conv,1x64x14x14,24.404187
79,0,imagen.jpeg,60,batchnorm,1x384x14x14,1.75225
79,0,imagen.jpeg,61,activacion,1x384x14x14,0.585207
79,0,imagen.jpeg,62,depthwise_conv,1x384x14x14,7.05124
79,0,imagen.jpeg,63,batchnorm,1x384x14x14,1.74892
79,0,imagen.jpeg,64,activacion,1x384x14x14,0.692358
79,0,imagen.jpeg,65,pointwise_conv,1x384x14x14,30.72721
79,0,imagen.jpeg,66,batchnorm,1x64x14x14,0.289533
79,0,imagen.jpeg,67,layer_add,1x64x14x14,0.137972
79,0,imagen.jpeg,68,pointwise_conv,1x64x14x14,24.350518
79,0,imagen.jpeg,69,batchnorm,1x384x14x14,1.7656
79,0,imagen.jpeg,70,activacion,1x384x14x14,0.613757
79,0,imagen.jpeg,71,depthwise_conv,1x384x14x14,7.05717
79,0,imagen.jpeg,72,batchnorm,1x384x14x14,1.736799
79,0,imagen.jpeg,73,activacion,1x384x14x14,0.650208
79,0,imagen.jpeg,74,pointwise_conv,1x384x14x14,30.73159
79,0,imagen.jpeg,75,batchnorm,1x64x14x14,0.288614
79,0,imagen.jpeg,76,layer_add,1x64x14x14,0.137691
79,0,imagen.jpeg,77,pointwise_conv,1x64x14x14,24.274537
79,0,imagen.jpeg,78,batchnorm,1x384x14x14,1.74977
79,0,imagen.jpeg,79,activacion,1x384x14x14,0.662417
79,0,imagen.jpeg,80,depthwise_conv,1x384x14x14,7.07469
79,0,imagen.jpeg,81,batchnorm,1x384x14x14,1.838961
79,0,imagen.jpeg,82,activacion,1x384x14x14,0.655857
79,0,imagen.jpeg,83,pointwise_conv,1x384x14x14,30.75156
79,0,imagen.jpeg,84,batchnorm,1x64x14x14,0.291083
79,0,imagen.jpeg,85,layer_add,1x64x14x14,0.135162
79,0,imagen.jpeg,86,pointwise_conv,1x64x14x14,24.303417
79,0,imagen.jpeg,87,batchnorm,1x384x14x14,1.77016
79,0,imagen.jpeg,88,activacion,1x384x14x14,0.628267
79,0,imagen.jpeg,89,depthwise_conv,1x384x14x14,7.059741
79,0,imagen.jpeg,90,batchnorm,1x384x14x14,1.73121
79,0,imagen.jpeg,91,activacion,1x384x14x14,0.654437
79,0,imagen.jpeg,92,pointwise_conv,1x384x14x14,46.122545
79,0,imagen.jpeg,93,batchnorm,1x96x14x14,0.432535
79,0,imagen.jpeg,94,pointwise_conv,1x96x14x14,55.31908
79,0,imagen.jpeg,95,batchnorm,1x576x14x14,2.65522
79,0,imagen.jpeg,96,activacion,1x576x14x14,0.975072
79,0,imagen.jpeg,97,depthwise_conv,1x576x14x14,10.602951
79,0,imagen.jpeg,98,batchnorm,1x576x14x14,2.62143
79,0,imagen.jpeg,99,activacion,1x576x14x14,0.982061
79,0,imagen.jpeg,100,pointwise_conv,1x576x14x14,97.43889
79,0,imagen.jpeg,101,batchnorm,1x96x14x14,0.438865
79,0,imagen.jpeg,102,layer_add,1x96x14x14,0.231282
79,0,imagen.jpeg,103,pointwise_conv,1x96x14x14,55.513622
79,0,imagen.jpeg,104,batchnorm,1x576x14x14,2.63636
79,0,imagen.jpeg,105,activacion,1x576x14x14,1.037372
79,0,imagen.jpeg,106,depthwise_conv,1x576x14x14,10.596441
79,0,imagen.jpeg,107,batchnorm,1x576x14x14,2.63687
79,0,imagen.jpeg,108,activacion,1x576x14x14,0.946971
79,0,imagen.jpeg,109,pointwise_conv,1x576x14x14,97.371719
79,0,imagen.jpeg,110,batchnorm,1x96x14x14,0.435775
79,0,imagen.jpeg,111,layer_add,1x96x14x14,0.206213
79,0,imagen.jpeg,112,pointwise_conv,1x96x14x14,55.401021
79,0,imagen.jpeg,113,batchnorm,1x576x14x14,2.67024
79,0,imagen.jpeg,114,activacion,1x576x14x14,0.980591
79,0,imagen.jpeg,115,depthwise_conv,1x576x14x14,2.817882
79,0,imagen.jpeg,116,batchnorm,1x576x7x7,0.663007
79,0,imagen.jpeg,117,activacion,1x576x7x7,0.202832
79,0,imagen.jpeg,118,pointwise_conv,1x576x7x7,42.637155
79,0,imagen.jpeg,119,batchnorm,1x160x7x7,0.183872
79,0,imagen.jpeg,120,pointwise_conv,1x160x7x7,31.501429
79,0,imagen.jpeg,121,batchnorm,1x960x7x7,1.111722
79,0,imagen.jpeg,122,activacion,1x960x7x7,0.412425
79,0,imagen.jpeg,123,depthwise_conv,1x960x7x7,4.599322
79,0,imagen.jpeg,124,batchnorm,1x960x7x7,1.096632
79,0,imagen.jpeg,125,activacion,1x960x7x7,0.406084
79,0,imagen.jpeg,126,pointwise_conv,1x960x7x7,90.636943
79,0,imagen.jpeg,127,batchnorm,1x160x7x7,0.184942
79,0,imagen.jpeg,128,layer_add,1x160x7x7,0.085091
79,0,imagen.jpeg,129,pointwise_conv,1x160x7x7,31.61494
79,0,imagen.jpeg,130,batchnorm,1x960x7x7,1.115402
79,0,imagen.jpeg,131,activacion,1x960x7x7,0.404175
79,0,imagen.jpeg,132,depthwise_conv,1x960x7x7,4.613292
79,0,imagen.jpeg,133,batchnorm,1x960x7x7,1.094032
79,0,imagen.jpeg,134,activacion,1x960x7x7,0.396595
79,0,imagen.jpeg,135,pointwise_conv,1x960x7x7,91.643274
79,0,imagen.jpeg,136,batchnorm,1x160x7x7,0.187072
79,0,imagen.jpeg,137,layer_add,1x160x7x7,0.087051
79,0,imagen.jpeg,138,pointwise_conv,1x160x7x7,31.486198
79,0,imagen.jpeg,139,batchnorm,1x960x7x7,1.117232
79,0,imagen.jpeg,140,activacion,1x960x7x7,0.392145
79,0,imagen.jpeg,141,depthwise_conv,1x960x7x7,4.631633
79,0,imagen.jpeg,142,batchnorm,1x960x7x7,1.119782
79,0,imagen.jpeg,143,activacion,1x960x7x7,0.319033
79,0,imagen.jpeg,144,pointwise_conv,1x960x7x7,181.437116
79,0,imagen.jpeg,145,batchnorm,1x320x7x7,0.373355
79,0,imagen.jpeg,146,pointwise_conv,1x320x7x7,108.489645
79,0,imagen.jpeg,147,batchnorm,1x1280x7x7,1.494907
79,0,imagen.jpeg,148,activacion,1x1280x7x7,0.531136
79,0,imagen.jpeg,149,pooling,1x1280x7x7,0.264383
79,0,imagen.jpeg,150,linear,1x1280,5.135709
80,0,imagen.jpeg,0,conv2d,1x3x224x224,115.529415
80,0,imagen.jpeg,1,batchnorm,1x32x112x112,9.161395
80,0,imagen.jpeg,2,activacion,1x32x112x112,2.802682
80,0,imagen.jpeg,3,depthwise_conv,1x32x112x112,37.169883
80,0,imagen.jpeg,4,batchnorm,1x32x112x112,9.232405
80,0,imagen.jpeg,5,activacion,1x32x112x112,2.804042
80,0,imagen.jpeg,6,pointwise_conv,1x32x112x112,129.227262
80,0,imagen.jpeg,7,batchnorm,1x16x112x112,4.599712
80,0,imagen.jpeg,8,pointwise_conv,1x16x112x112,170.754215
80,0,imagen.jpeg,9,batchnorm,1x96x112x112,27.675225
80,0,imagen.jpeg,10,activacion,1x96x112x112,9.386406
80,0,imagen.jpeg,11,depthwise_conv,1x96x112x112,29.169562
80,0,imagen.jpeg,12,batchnorm,1x96x56x56,6.869618
80,0,imagen.jpeg,13,activacion,1x96x56x56,2.507369
80,0,imagen.jpeg,14,pointwise_conv,1x96x56x56,95.433377
80,0,imagen.jpeg,15,batchnorm,1x24x56x56,1.70793
80,0,imagen.jpeg,16,pointwise_conv,1x24x56x56,88.202715
80,0,imagen.jpeg,17,batchnorm,1x144x56x56,10.5399
80,0,imagen.jpeg,18,activacion,1x144x56x56,3.56558
80,0,imagen.jpeg,19,depthwise_conv,1x144x56x56,41.817436
80,0,imagen.jpeg,20,batchnorm,1x144x56x56,10.306197
80,0,imagen.jpeg,21,activacion,1x144x56x56,3.950035
80,0,imagen.jpeg,22,pointwise_conv,1x144x56x56,199.228489
80,0,imagen.jpeg,23,batchnorm,1x24x56x56,1.76732
80,0,imagen.jpeg,24,layer_add,1x24x56x56,0.813939
80,0,imagen.jpeg,25,pointwise_conv,1x24x56x56,87.707658
80,0,imagen.jpeg,26,batchnorm,1x144x56x56,10.436899
80,0,imagen.jpeg,27,activacion,1x144x56x56,3.896295
80,0,imagen.jpeg,28,depthwise_conv,1x144x56x56,10.692792
80,0,imagen.jpeg,29,batchnorm,1x144x28x28,2.579029
80,0,imagen.jpeg,30,activacion,1x144x28x28,0.929911
80,0,imagen.jpeg,31,pointwise_conv,1x144x28x28,25.553931
80,0,imagen.jpeg,32,batchnorm,1x32x28x28,0.568757
80,0,imagen.jpeg,33,pointwise_conv,1x32x28x28,34.676615
80,0,imagen.jpeg,34,batchnorm,1x192x28x28,3.457369
80,0,imagen.jpeg,35,activacion,1x192x28x28,1.115403
80,0,imagen.jpeg,36,depthwise_conv,1x192x28x28,14.001709
80,0,imagen.jpeg,37,batchnorm,1x192x28x28,3.448619
80,0,imagen.jpeg,38,activacion,1x192x28x28,1.344145
80,0,imagen.jpeg,39,pointwise_conv,1x192x28x28,34.113959
80,0,imagen.jpeg,40,batchnorm,1x32x28x28,0.571497
80,0,imagen.jpeg,41,layer_add,1x32x28x28,0.274853
80,0,imagen.jpeg,42,pointwise_conv,1x32x28x28,34.677965
80,0,imagen.jpeg,43,batchnorm,1x192x28x28,3.46593
80,0,imagen.jpeg,44,activacion,1x192x28x28,1.185094
80,0,imagen.jpeg,45,depthwise_conv,1x192x28x28,14.006039
80,0,imagen.jpeg,46,batchnorm,1x192x28x28,3.450339
80,0,imagen.jpeg,47,activacion,1x192x28x28,1.340425
80,0,imagen.jpeg,48,pointwise_conv,1x192x28x28,34.143688
80,0,imagen.jpeg,49,batchnorm,1x32x28x28,0.574166
80,0,imagen.jpeg,50,layer_add,1x32x28x28,0.272494
80,0,imagen.jpeg,51,pointwise_conv,1x32x28x28,34.573474
80,0,imagen.jpeg,52,batchnorm,1x192x28x28,3.458639
80,0,imagen.jpeg,53,activacion,1x192x28x28,1.256695
80,0,imagen.jpeg,54,depthwise_conv,1x192x28x28,3.644431
80,0,imagen.jpeg,55,batchnorm,1x192x14x14,0.88955
80,0,imagen.jpeg,56,activacion,1x192x14x14,0.276713
80,0,imagen.jpeg,57,pointwise_conv,1x192x14x14,12.604943
80,0,imagen.jpeg,58,batchnorm,1x64x14x14,0.288373
80,0,imagen.jpeg,59,pointwise_conv,1x64x14x14,24.291626
80,0,imagen.jpeg,60,batchnorm,1x384x14x14,1.76653
80,0,imagen.jpeg,61,activacion,1x384x14x14,0.557676
80,0,imagen.jpeg,62,depthwise_conv,1x384x14x14,7.05875
80,0,imagen.jpeg,63,batchnorm,1x384x14x14,1.733439
80,0,imagen.jpeg,64,activacion,1x384x14x14,0.686428
80,0,imagen.jpeg,65,pointwise_conv,1x384x14x14,30.781051
80,0,imagen.jpeg,66,batchnorm,1x64x14x14,0.288593
80,0,imagen.jpeg,67,layer_add,1x64x14x14,0.137372
80,0,imagen.jpeg,68,pointwise_conv,1x64x14x14,24.297226
80,0,imagen.jpeg,69,batchnorm,1x384x14x14,1.7528
80,0,imagen.jpeg,70,activacion,1x384x14x14,0.614837
80,0,imagen.jpeg,71,depthwise_conv,1x384x14x14,7.124391
80,0,imagen.jpeg,72,batchnorm,1x384x14x14,1.75522
80,0,imagen.jpeg,73,activacion,1x384x14x14,0.660097
80,0,imagen.jpeg,74,pointwise_conv,1x384x14x14,30.834981
80,0,imagen.jpeg,75,batchnorm,1x64x14x14,0.294903
80,0,imagen.jpeg,76,layer_add,1x64x14x14,0.138982
80,0,imagen.jpeg,77,pointwise_conv,1x64x14x14,24.346958
80,0,imagen.jpeg,78,batchnorm,1x384x14x14,1.859811
80,0,imagen.jpeg,79,activacion,1x384x14x14,0.649397
80,0,imagen.jpeg,80,depthwise_conv,1x384x14x14,7.090931
80,0,imagen.jpeg,81,batchnorm,1x384x14x14,1.75704
80,0,imagen.jpeg,82,activacion,1x384x14x14,0.646157
80,0,imagen.jpeg,83,pointwise_conv,1x384x14x14,31.055963
80,0,imagen.jpeg,84,batchnorm,1x64x14x14,0.293123
80,0,imagen.jpeg,85,layer_add,1x64x14x14,0.138322
80,0,imagen.jpeg,86,pointwise_conv,1x64x14x14,24.301977
80,0,imagen.jpeg,87,batchnorm,1x384x14x14,1.75761
80,0,imagen.jpeg,88,activacion,1x384x14x14,0.632677
80,0,imagen.jpeg,89,depthwise_conv,1x384x14x14,7.085981
80,0,imagen.jpeg,90,batchnorm,1x384x14x14,1.76857
80,0,imagen.jpeg,91,activacion,1x384x14x14,0.630317
80,0,imagen.jpeg,92,pointwise_conv,1x384x14x14,46.146756
80,0,imagen.jpeg,93,batchnorm,1x96x14x14,0.433365
80,0,imagen.jpeg,94,pointwise_conv,1x96x14x14,55.34829
80,0,imagen.jpeg,95,batchnorm,1x576x14x14,2.63867
80,0,imagen.jpeg,96,activacion,1x576x14x14,1.010682
80,0,imagen.jpeg,97,depthwise_conv,1x576x14x14,10.59957
80,0,imagen.jpeg,98,batchnorm,1x576x14x14,2.62663
80,0,imagen.jpeg,99,activacion,1x576x14x14,0.976091
80,0,imagen.jpeg,100,pointwise_conv,1x576x14x14,97.43367
80,0,imagen.jpeg,101,batchnorm,1x96x14x14,0.435855
80,0,imagen.jpeg,102,layer_add,1x96x14x14,0.206783
80,0,imagen.jpeg,103,pointwise_conv,1x96x14x14,55.562292
80,0,imagen.jpeg,104,batchnorm,1x576x14x14,2.64979
80,0,imagen.jpeg,105,activacion,1x576x14x14,1.024732
80,0,imagen.jpeg,106,depthwise_conv,1x576x14x14,10.609201
80,0,imagen.jpeg,107,batchnorm,1x576x14x14,2.645681
80,0,imagen.jpeg,108,activacion,1x576x14x14,0.9529
80,0,imagen.jpeg,109,pointwise_conv,1x576x14x14,97.391549
80,0,imagen.jpeg,110,batchnorm,1x96x14x14,0.438695
80,0,imagen.jpeg,111,layer_add,1x96x14x14,0.206052
80,0,imagen.jpeg,112,pointwise_conv,1x96x14x14,55.366001
80,0,imagen.jpeg,113,batchnorm,1x576x14x14,2.63474
80,0,imagen.jpeg,114,activacion,1x576x14x14,1.057712
80,0,imagen.jpeg,115,depthwise_conv,1x576x14x14,2.795041
80,0,imagen.jpeg,116,batchnorm,1x576x7x7,0.662978
80,0,imagen.jpeg,117,activacion,1x576x7x7,0.203402
80,0,imagen.jpeg,118,pointwise_conv,1x576x7x7,42.645986
80,0,imagen.jpeg,119,batchnorm,1x160x7x7,0.183532
80,0,imagen.jpeg,120,pointwise_conv,1x160x7x7,31.518539
80,0,imagen.jpeg,121,batchnorm,1x960x7x7,1.115663
80,0,imagen.jpeg,122,activacion,1x960x7x7,0.401044
80,0,imagen.jpeg,123,depthwise_conv,1x960x7x7,4.622922
80,0,imagen.jpeg,124,batchnorm,1x960x7x7,1.178683
80,0,imagen.jpeg,125,activacion,1x960x7x7,0.406114
80,0,imagen.jpeg,126,pointwise_conv,1x960x7x7,90.616231
80,0,imagen.jpeg,127,batchnorm,1x160x7x7,0.186132
80,0,imagen.jpeg,128,layer_add,1x160x7x7,0.086981
80,0,imagen.jpeg,129,pointwise_conv,1x160x7x7,31.59599
80,0,imagen.jpeg,130,batchnorm,1x960x7x7,1.112883
80,0,imagen.jpeg,131,activacion,1x960x7x7,0.404255
80,0,imagen.jpeg,132,depthwise_conv,1x960x7x7,4.639722
80,0,imagen.jpeg,133,batchnorm,1x960x7x7,1.094112
80,0,imagen.jpeg,134,activacion,1x960x7x7,0.394904
80,0,imagen.jpeg,135,pointwise_conv,1x960x7x7,90.610242
80,0,imagen.jpeg,136,batchnorm,1x160x7x7,0.185582
80,0,imagen.jpeg,137,layer_add,1x160x7x7,0.087851
80,0,imagen.jpeg,138,pointwise_conv,1x160x7x7,31.498659
80,0,imagen.jpeg,139,batchnorm,1x960x7x7,1.117712
80,0,imagen.jpeg,140,activacion,1x960x7x7,0.395055
80,0,imagen.jpeg,141,depthwise_conv,1x960x7x7,4.624723
80,0,imagen.jpeg,142,batchnorm,1x960x7x7,1.094172
80,0,imagen.jpeg,143,activacion,1x960x7x7,0.316873
80,0,imagen.jpeg,144,pointwise_conv,1x960x7x7,181.335725
80,0,imagen.jpeg,145,batchnorm,1x320x7x7,0.372804
80,0,imagen.jpeg,146,pointwise_conv,1x320x7x7,108.429395
80,0,imagen.jpeg,147,batchnorm,1x1280x7x7,1.495087
80,0,imagen.jpeg,148,activacion,1x1280x7x7,0.560226
80,0,imagen.jpeg,149,pooling,1x1280x7x7,0.265273
80,0,imagen.jpeg,150,linear,1x1280,5.101938
81,0,imagen.jpeg,0,conv2d,1x3x224x224,115.275823
81,0,imagen.jpeg,1,batchnorm,1x32x112x112,9.241245
81,0,imagen.jpeg,2,activacion,1x32x112x112,2.767321
81,0,imagen.jpeg,3,depthwise_conv,1x32x112x112,37.053952
81,0,imagen.jpeg,4,batchnorm,1x32x112x112,9.233165
81,0,imagen.jpeg,5,activacion,1x32x112x112,2.841013
81,0,imagen.jpeg,6,pointwise_conv,1x32x112x112,129.08174
81,0,imagen.jpeg,7,batchnorm,1x16x112x112,4.627183
81,0,imagen.jpeg,8,pointwise_conv,1x16x112x112,170.796075
81,0,imagen.jpeg,9,batchnorm,1x96x112x112,27.663505
81,0,imagen.jpeg,10,activacion,1x96x112x112,9.347327
81,0,imagen.jpeg,11,depthwise_conv,1x96x112x112,29.126172
81,0,imagen.jpeg,12,batchnorm,1x96x56x56,6.909639
81,0,imagen.jpeg,13,activacion,1x96x56x56,2.510508
81,0,imagen.jpeg,14,pointwise_conv,1x96x56x56,94.378654
81,0,imagen.jpeg,15,batchnorm,1x24x56x56,1.709539
81,0,imagen.jpeg,16,pointwise_conv,1x24x56x56,88.362716
81,0,imagen.jpeg,17,batchnorm,1x144x56x56,10.451599
81,0,imagen.jpeg,18,activacion,1x144x56x56,3.56026
81,0,imagen.jpeg,19,depthwise_conv,1x144x56x56,41.997118
81,0,imagen.jpeg,20,batchnorm,1x144x56x56,10.303597
81,0,imagen.jpeg,21,activacion,1x144x56x56,3.947665
81,0,imagen.jpeg,22,pointwise_conv,1x144x56x56,199.478782
81,0,imagen.jpeg,23,batchnorm,1x24x56x56,1.71204
81,0,imagen.jpeg,24,layer_add,1x24x56x56,0.761459
81,0,imagen.jpeg,25,pointwise_conv,1x24x56x56,87.731229
81,0,imagen.jpeg,26,batchnorm,1x144x56x56,10.440189
81,0,imagen.jpeg,27,activacion,1x144x56x56,3.907885
81,0,imagen.jpeg,28,depthwise_conv,1x144x56x56,10.658982
81,0,imagen.jpeg,29,batchnorm,1x144x28x28,2.61027
81,0,imagen.jpeg,30,activacion,1x144x28x28,0.908131
81,0,imagen.jpeg,31,pointwise_conv,1x144x28x28,25.676672
81,0,imagen.jpeg,32,batchnorm,1x32x28x28,0.585627
81,0,imagen.jpeg,33,pointwise_conv,1x32x28x28,34.551573
81,0,imagen.jpeg,34,batchnorm,1x192x28x28,3.45992
81,0,imagen.jpeg,35,activacion,1x192x28x28,1.156123
81,0,imagen.jpeg,36,depthwise_conv,1x192x28x28,13.98161
81,0,imagen.jpeg,37,batchnorm,1x192x28x28,3.446239
81,0,imagen.jpeg,38,activacion,1x192x28x28,1.335535
81,0,imagen.jpeg,39,pointwise_conv,1x192x28x28,34.18292
81,0,imagen.jpeg,40,batchnorm,1x32x28x28,0.571026
81,0,imagen.jpeg,41,layer_add,1x32x28x28,0.380834
81,0,imagen.jpeg,42,pointwise_conv,1x32x28x28,34.524683
81,0,imagen.jpeg,43,batchnorm,1x192x28x28,3.469849
81,0,imagen.jpeg,44,activacion,1x192x28x28,1.212683
81,0,imagen.jpeg,45,depthwise_conv,1x192x28x28,13.970509
81,0,imagen.jpeg,46,batchnorm,1x192x28x28,3.440149
81,0,imagen.jpeg,47,activacion,1x192x28x28,1.338666
81,0,imagen.jpeg,48,pointwise_conv,1x192x28x28,34.071958
81,0,imagen.jpeg,49,batchnorm,1x32x28x28,0.572466
81,0,imagen.jpeg,50,layer_add,1x32x28x28,0.275383
81,0,imagen.jpeg,51,pointwise_conv,1x32x28x28,34.566963
81,0,imagen.jpeg,52,batchnorm,1x192x28x28,3.460239
81,0,imagen.jpeg,53,activacion,1x192x28x28,1.253594
81,0,imagen.jpeg,54,depthwise_conv,1x192x28x28,3.630171
81,0,imagen.jpeg,55,batchnorm,1x192x14x14,0.89009
81,0,imagen.jpeg,56,activacion,1x192x14x14,0.277093
81,0,imagen.jpeg,57,pointwise_conv,1x192x14x14,12.604344
81,0,imagen.jpeg,58,batchnorm,1x64x14x14,0.288503
81,0,imagen.jpeg,59,pointwise_conv,1x64x14x14,24.297017
81,0,imagen.jpeg,60,batchnorm,1x384x14x14,1.768011
81,0,imagen.jpeg,61,activacion,1x384x14x14,0.564927
81,0,imagen.jpeg,62,depthwise_conv,1x384x14x14,7.068401
81,0,imagen.jpeg,63,batchnorm,1x384x14x14,1.73807
81,0,imagen.jpeg,64,activacion,1x384x14x14,0.717888
81,0,imagen.jpeg,65,pointwise_conv,1x384x14x14,30.775241
81,0,imagen.jpeg,66,batchnorm,1x64x14x14,0.292614
81,0,imagen.jpeg,67,layer_add,1x64x14x14,0.143332
81,0,imagen.jpeg,68,pointwise_conv,1x64x14x14,24.280447
81,0,imagen.jpeg,69,batchnorm,1x384x14x14,1.74897
81,0,imagen.jpeg,70,activacion,1x384x14x14,0.618687
81,0,imagen.jpeg,71,depthwise_conv,1x384x14x14,7.07496
81,0,imagen.jpeg,72,batchnorm,1x384x14x14,1.75427
81,0,imagen.jpeg,73,activacion,1x384x14x14,0.674427
81,0,imagen.jpeg,74,pointwise_conv,1x384x14x14,30.75286
81,0,imagen.jpeg,75,batchnorm,1x64x14x14,0.288353
81,0,imagen.jpeg,76,layer_add,1x64x14x14,0.136781
81,0,imagen.jpeg,77,pointwise_conv,1x64x14x14,24.350708
81,0,imagen.jpeg,78,batchnorm,1x384x14x14,1.76238
81,0,imagen.jpeg,79,activacion,1x384x14x14,0.665467
81,0,imagen.jpeg,80,depthwise_conv,1x384x14x14,7.059881
81,0,imagen.jpeg,81,batchnorm,1x384x14x14,1.73519
81,0,imagen.jpeg,82,activacion,1x384x14x14,0.664178
81,0,imagen.jpeg,83,pointwise_conv,1x384x14x14,30.73013
81,0,imagen.jpeg,84,batchnorm,1x64x14x14,0.290033
81,0,imagen.jpeg,85,layer_add,1x64x14x14,0.135702
81,0,imagen.jpeg,86,pointwise_conv,1x64x14x14,24.290207
81,0,imagen.jpeg,87,batchnorm,1x384x14x14,1.7478
81,0,imagen.jpeg,88,activacion,1x384x14x14,0.627077
81,0,imagen.jpeg,89,depthwise_conv,1x384x14x14,7.06886
81,0,imagen.jpeg,90,batchnorm,1x384x14x14,1.75768
81,0,imagen.jpeg,91,activacion,1x384x14x14,0.655367
81,0,imagen.jpeg,92,pointwise_conv,1x384x14x14,46.123116
81,0,imagen.jpeg,93,batchnorm,1x96x14x14,0.447005
81,0,imagen.jpeg,94,pointwise_conv,1x96x14x14,55.492282
81,0,imagen.jpeg,95,batchnorm,1x576x14x14,2.65263
81,0,imagen.jpeg,96,activacion,1x576x14x14,1.003861
81,0,imagen.jpeg,97,depthwise_conv,1x576x14x14,10.620381
81,0,imagen.jpeg,98,batchnorm,1x576x14x14,2.70785
81,0,imagen.jpeg,99,activacion,1x576x14x14,0.965701
81,0,imagen.jpeg,100,pointwise_conv,1x576x14x14,97.562011
81,0,imagen.jpeg,101,batchnorm,1x96x14x14,0.435215
81,0,imagen.jpeg,102,layer_add,1x96x14x14,0.205122
81,0,imagen.jpeg,103,pointwise_conv,1x96x14x14,55.578233
81,0,imagen.jpeg,104,batchnorm,1x576x14x14,2.65375
81,0,imagen.jpeg,105,activacion,1x576x14x14,0.994001
81,0,imagen.jpeg,106,depthwise_conv,1x576x14x14,10.610351
81,0,imagen.jpeg,107,batchnorm,1x576x14x14,2.647511
81,0,imagen.jpeg,108,activacion,1x576x14x14,0.9532
81,0,imagen.jpeg,109,pointwise_conv,1x576x14x14,97.51763
81,0,imagen.jpeg,110,batchnorm,1x96x14x14,0.438735
81,0,imagen.jpeg,111,layer_add,1x96x14x14,0.202562
81,0,imagen.jpeg,112,pointwise_conv,1x96x14x14,55.36223
81,0,imagen.jpeg,113,batchnorm,1x576x14x14,2.6379
81,0,imagen.jpeg,114,activacion,1x576x14x14,1.026241
81,0,imagen.jpeg,115,depthwise_conv,1x576x14x14,2.764842
81,0,imagen.jpeg,116,batchnorm,1x576x7x7,0.665127
81,0,imagen.jpeg,117,activacion,1x576x7x7,0.203802
81,0,imagen.jpeg,118,pointwise_conv,1x576x7x7,42.757997
81,0,imagen.jpeg,119,batchnorm,1x160x7x7,0.184152
81,0,imagen.jpeg,120,pointwise_conv,1x160x7x7,31.574029
81,0,imagen.jpeg,121,batchnorm,1x960x7x7,1.115273
81,0,imagen.jpeg,122,activacion,1x960x7x7,0.391914
81,0,imagen.jpeg,123,depthwise_conv,1x960x7x7,4.632073
81,0,imagen.jpeg,124,batchnorm,1x960x7x7,1.110673
81,0,imagen.jpeg,125,activacion,1x960x7x7,0.404345
81,0,imagen.jpeg,126,pointwise_conv,1x960x7x7,90.667562
81,0,imagen.jpeg,127,batchnorm,1x160x7x7,0.184802
81,0,imagen.jpeg,128,layer_add,1x160x7x7,0.083581
81,0,imagen.jpeg,129,pointwise_conv,1x160x7x7,31.5881
81,0,imagen.jpeg,130,batchnorm,1x960x7x7,1.112173
81,0,imagen.jpeg,131,activacion,1x960x7x7,0.399364
81,0,imagen.jpeg,132,depthwise_conv,1x960x7x7,4.618513
81,0,imagen.jpeg,133,batchnorm,1x960x7x7,1.097173
81,0,imagen.jpeg,134,activacion,1x960x7x7,0.396785
81,0,imagen.jpeg,135,pointwise_conv,1x960x7x7,90.580831
81,0,imagen.jpeg,136,batchnorm,1x160x7x7,0.185112
81,0,imagen.jpeg,137,layer_add,1x160x7x7,0.083141
81,0,imagen.jpeg,138,pointwise_conv,1x160x7x7,31.503029
81,0,imagen.jpeg,139,batchnorm,1x960x7x7,1.118793
81,0,imagen.jpeg,140,activacion,1x960x7x7,0.394164
81,0,imagen.jpeg,141,depthwise_conv,1x960x7x7,4.644383
81,0,imagen.jpeg,142,batchnorm,1x960x7x7,1.093773
81,0,imagen.jpeg,143,activacion,1x960x7x7,0.319024
81,0,imagen.jpeg,144,pointwise_conv,1x960x7x7,181.141713
81,0,imagen.jpeg,145,batchnorm,1x320x7x7,0.373424
81,0,imagen.jpeg,146,pointwise_conv,1x320x7x7,108.496595
81,0,imagen.jpeg,147,batchnorm,1x1280x7x7,1.493637
81,0,imagen.jpeg,148,activacion,1x1280x7x7,0.574137
81,0,imagen.jpeg,149,pooling,1x1280x7x7,0.263743
81,0,imagen.jpeg,150,linear,1x1280,5.107909
82,0,imagen.jpeg,0,conv2d,1x3x224x224,115.0279
82,0,imagen.jpeg,1,batchnorm,1x32x112x112,9.159864
82,0,imagen.jpeg,2,activacion,1x32x112x112,2.807412
82,0,imagen.jpeg,3,depthwise_conv,1x32x112x112,37.027412
82,0,imagen.jpeg,4,batchnorm,1x32x112x112,9.286386
82,0,imagen.jpeg,5,activacion,1x32x112x112,2.841493
82,0,imagen.jpeg,6,pointwise_conv,1x32x112x112,128.962508
82,0,imagen.jpeg,7,batchnorm,1x16x112x112,4.590092
82,0,imagen.jpeg,8,pointwise_conv,1x16x112x112,172.023729
82,0,imagen.jpeg,9,batchnorm,1x96x112x112,27.682885
82,0,imagen.jpeg,10,activacion,1x96x112x112,9.346936
82,0,imagen.jpeg,11,depthwise_conv,1x96x112x112,29.152132
82,0,imagen.jpeg,12,batchnorm,1x96x56x56,6.864868
82,0,imagen.jpeg,13,activacion,1x96x56x56,2.524128
82,0,imagen.jpeg,14,pointwise_conv,1x96x56x56,94.940221
82,0,imagen.jpeg,15,batchnorm,1x24x56x56,1.70946
82,0,imagen.jpeg,16,pointwise_conv,1x24x56x56,88.348776
82,0,imagen.jpeg,17,batchnorm,1x144x56x56,10.46576
82,0,imagen.jpeg,18,activacion,1x144x56x56,3.53715
82,0,imagen.jpeg,19,depthwise_conv,1x144x56x56,41.840237
82,0,imagen.jpeg,20,batchnorm,1x144x56x56,10.318168
82,0,imagen.jpeg,21,activacion,1x144x56x56,3.958265
82,0,imagen.jpeg,22,pointwise_conv,1x144x56x56,199.581103
82,0,imagen.jpeg,23,batchnorm,1x24x56x56,1.71242
82,0,imagen.jpeg,24,layer_add,1x24x56x56,0.799709
82,0,imagen.jpeg,25,pointwise_conv,1x24x56x56,87.709528
82,0,imagen.jpeg,26,batchnorm,1x144x56x56,10.452289
82,0,imagen.jpeg,27,activacion,1x144x56x56,3.861824
82,0,imagen.jpeg,28,depthwise_conv,1x144x56x56,10.669542
82,0,imagen.jpeg,29,batchnorm,1x144x28x28,2.621819
82,0,imagen.jpeg,30,activacion,1x144x28x28,0.91575
82,0,imagen.jpeg,31,pointwise_conv,1x144x28x28,27.24801
82,0,imagen.jpeg,32,batchnorm,1x32x28x28,0.579407
82,0,imagen.jpeg,33,pointwise_conv,1x32x28x28,34.620494
82,0,imagen.jpeg,34,batchnorm,1x192x28x28,3.473319
82,0,imagen.jpeg,35,activacion,1x192x28x28,1.116163
82,0,imagen.jpeg,36,depthwise_conv,1x192x28x28,13.9943
82,0,imagen.jpeg,37,batchnorm,1x192x28x28,3.441789
82,0,imagen.jpeg,38,activacion,1x192x28x28,1.340155
82,0,imagen.jpeg,39,pointwise_conv,1x192x28x28,34.160779
82,0,imagen.jpeg,40,batchnorm,1x32x28x28,0.568837
82,0,imagen.jpeg,41,layer_add,1x32x28x28,0.273443
82,0,imagen.jpeg,42,pointwise_conv,1x32x28x28,34.549523
82,0,imagen.jpeg,43,batchnorm,1x192x28x28,3.465829
82,0,imagen.jpeg,44,activacion,1x192x28x28,1.180993
82,0,imagen.jpeg,45,depthwise_conv,1x192x28x28,14.00671
82,0,imagen.jpeg,46,batchnorm,1x192x28x28,3.451369
82,0,imagen.jpeg,47,activacion,1x192x28x28,1.339346
82,0,imagen.jpeg,48,pointwise_conv,1x192x28x28,34.176419
82,0,imagen.jpeg,49,batchnorm,1x32x28x28,0.576777
82,0,imagen.jpeg,50,layer_add,1x32x28x28,0.271353
82,0,imagen.jpeg,51,pointwise_conv,1x32x28x28,34.512723
82,0,imagen.jpeg,52,batchnorm,1x192x28x28,3.46683
82,0,imagen.jpeg,53,activacion,1x192x28x28,1.255474
82,0,imagen.jpeg,54,depthwise_conv,1x192x28x28,3.638532
82,0,imagen.jpeg,55,batchnorm,1x192x14x14,0.88803
82,0,imagen.jpeg,56,activacion,1x192x14x14,0.275623
82,0,imagen.jpeg,57,pointwise_conv,1x192x14x14,12.674574
82,0,imagen.jpeg,58,batchnorm,1x64x14x14,0.291594
82,0,imagen.jpeg,59,pointwise_conv,1x64x14x14,24.302097
82,0,imagen.jpeg,60,batchnorm,1x384x14x14,1.7719
82,0,imagen.jpeg,61,activacion,1x384x14x14,0.557786
82,0,imagen.jpeg,62,depthwise_conv,1x384x14x14,7.073481
82,0,imagen.jpeg,63,batchnorm,1x384x14x14,1.73149
82,0,imagen.jpeg,64,activacion,1x384x14x14,0.687048
82,0,imagen.jpeg,65,pointwise_conv,1x384x14x14,30.797081
82,0,imagen.jpeg,66,batchnorm,1x64x14x14,0.288344
82,0,imagen.jpeg,67,layer_add,1x64x14x14,0.139331
82,0,imagen.jpeg,68,pointwise_conv,1x64x14x14,24.293617
82,0,imagen.jpeg,69,batchnorm,1x384x14x14,1.748689
82,0,imagen.jpeg,70,activacion,1x384x14x14,0.612937
82,0,imagen.jpeg,71,depthwise_conv,1x384x14x14,7.07029
82,0,imagen.jpeg,72,batchnorm,1x384x14x14,1.75761
82,0,imagen.jpeg,73,activacion,1x384x14x14,0.681978
82,0,imagen.jpeg,74,pointwise_conv,1x384x14x14,30.740721
82,0,imagen.jpeg,75,batchnorm,1x64x14x14,0.289224
82,0,imagen.jpeg,76,layer_add,1x64x14x14,0.137241
82,0,imagen.jpeg,77,pointwise_conv,1x64x14x14,24.355467
82,0,imagen.jpeg,78,batchnorm,1x384x14x14,1.74758
82,0,imagen.jpeg,79,activacion,1x384x14x14,0.672388
82,0,imagen.jpeg,80,depthwise_conv,1x384x14x14,7.04529
82,0,imagen.jpeg,81,batchnorm,1x384x14x14,1.737199
82,0,imagen.jpeg,82,activacion,1x384x14x14,0.652438
82,0,imagen.jpeg,83,pointwise_conv,1x384x14x14,30.72177
82,0,imagen.jpeg,84,batchnorm,1x64x14x14,0.289053
82,0,imagen.jpeg,85,layer_add,1x64x14x14,0.136112
82,0,imagen.jpeg,86,pointwise_conv,1x64x14x14,24.349277
82,0,imagen.jpeg,87,batchnorm,1x384x14x14,1.76461
82,0,imagen.jpeg,88,activacion,1x384x14x14,0.631078
82,0,imagen.jpeg,89,depthwise_conv,1x384x14x14,7.058811
82,0,imagen.jpeg,90,batchnorm,1x384x14x14,1.73283
82,0,imagen.jpeg,91,activacion,1x384x14x14,0.669338
82,0,imagen.jpeg,92,pointwise_conv,1x384x14x14,46.228136
82,0,imagen.jpeg,93,batchnorm,1x96x14x14,0.433225
82,0,imagen.jpeg,94,pointwise_conv,1x96x14x14,55.30626
82,0,imagen.jpeg,95,batchnorm,1x576x14x14,2.65238
82,0,imagen.jpeg,96,activacion,1x576x14x14,0.972271
82,0,imagen.jpeg,97,depthwise_conv,1x576x14x14,10.683401
82,0,imagen.jpeg,98,batchnorm,1x576x14x14,2.64174
82,0,imagen.jpeg,99,activacion,1x576x14x14,0.970571
82,0,imagen.jpeg,100,pointwise_conv,1x576x14x14,97.384169
82,0,imagen.jpeg,101,batchnorm,1x96x14x14,0.435765
82,0,imagen.jpeg,102,layer_add,1x96x14x14,0.203882
82,0,imagen.jpeg,103,pointwise_conv,1x96x14x14,55.550503
82,0,imagen.jpeg,104,batchnorm,1x576x14x14,2.66335
82,0,imagen.jpeg,105,activacion,1x576x14x14,0.983591
82,0,imagen.jpeg,106,depthwise_conv,1x576x14x14,10.59972
82,0,imagen.jpeg,107,batchnorm,1x576x14x14,2.61509
82,0,imagen.jpeg,108,activacion,1x576x14x14,1.084273
82,0,imagen.jpeg,109,pointwise_conv,1x576x14x14,97.530081
82,0,imagen.jpeg,110,batchnorm,1x96x14x14,0.435775
82,0,imagen.jpeg,111,layer_add,1x96x14x14,0.204283
82,0,imagen.jpeg,112,pointwise_conv,1x96x14x14,55.397931
82,0,imagen.jpeg,113,batchnorm,1x576x14x14,2.65376
82,0,imagen.jpeg,114,activacion,1x576x14x14,0.975751
82,0,imagen.jpeg,115,depthwise_conv,1x576x14x14,2.774082
82,0,imagen.jpeg,116,batchnorm,1x576x7x7,0.662468
82,0,imagen.jpeg,117,activacion,1x576x7x7,0.203402
82,0,imagen.jpeg,118,pointwise_conv,1x576x7x7,42.759057
82,0,imagen.jpeg,119,batchnorm,1x160x7x7,0.184682
82,0,imagen.jpeg,120,pointwise_conv,1x160x7x7,31.550249
82,0,imagen.jpeg,121,batchnorm,1x960x7x7,1.117053
82,0,imagen.jpeg,122,activacion,1x960x7x7,0.403955
82,0,imagen.jpeg,123,depthwise_conv,1x960x7x7,4.615032
82,0,imagen.jpeg,124,batchnorm,1x960x7x7,1.114642
82,0,imagen.jpeg,125,activacion,1x960x7x7,0.405704
82,0,imagen.jpeg,126,pointwise_conv,1x960x7x7,90.617392
82,0,imagen.jpeg,127,batchnorm,1x160x7x7,0.184962
82,0,imagen.jpeg,128,layer_add,1x160x7x7,0.087141
82,0,imagen.jpeg,129,pointwise_conv,1x160x7x7,31.516719
82,0,imagen.jpeg,130,batchnorm,1x960x7x7,1.118122
82,0,imagen.jpeg,131,activacion,1x960x7x7,0.398135
82,0,imagen.jpeg,132,depthwise_conv,1x960x7x7,4.611443
82,0,imagen.jpeg,133,batchnorm,1x960x7x7,1.108373
82,0,imagen.jpeg,134,activacion,1x960x7x7,0.399005
82,0,imagen.jpeg,135,pointwise_conv,1x960x7x7,90.578532
82,0,imagen.jpeg,136,batchnorm,1x160x7x7,0.189482
82,0,imagen.jpeg,137,layer_add,1x160x7x7,0.086411
82,0,imagen.jpeg,138,pointwise_conv,1x160x7x7,31.514139
82,0,imagen.jpeg,139,batchnorm,1x960x7x7,1.118463
82,0,imagen.jpeg,140,activacion,1x960x7x7,0.401905
82,0,imagen.jpeg,141,depthwise_conv,1x960x7x7,4.630962
82,0,imagen.jpeg,142,batchnorm,1x960x7x7,1.110642
82,0,imagen.jpeg,143,activacion,1x960x7x7,0.316583
82,0,imagen.jpeg,144,pointwise_conv,1x960x7x7,181.459977
82,0,imagen.jpeg,145,batchnorm,1x320x7x7,0.387644
82,0,imagen.jpeg,146,pointwise_conv,1x320x7x7,108.461065
82,0,imagen.jpeg,147,batchnorm,1x1280x7x7,1.498357
82,0,imagen.jpeg,148,activacion,1x1280x7x7,0.528706
82,0,imagen.jpeg,149,pooling,1x1280x7x7,0.305043
82,0,imagen.jpeg,150,linear,1x1280,5.097658
83,0,imagen.jpeg,0,conv2d,1x3x224x224,114.865878
83,0,imagen.jpeg,1,batchnorm,1x32x112x112,9.159734
83,0,imagen.jpeg,2,activacion,1x32x112x112,2.824902
83,0,imagen.jpeg,3,depthwise_conv,1x32x112x112,37.150023
83,0,imagen.jpeg,4,batchnorm,1x32x112x112,9.224255
83,0,imagen.jpeg,5,activacion,1x32x112x112,2.842623
83,0,imagen.jpeg,6,pointwise_conv,1x32x112x112,128.734837
83,0,imagen.jpeg,7,batchnorm,1x16x112x112,4.670713
83,0,imagen.jpeg,8,pointwise_conv,1x16x112x112,170.898286
83,0,imagen.jpeg,9,batchnorm,1x96x112x112,27.695385
83,0,imagen.jpeg,10,activacion,1x96x112x112,9.404927
83,0,imagen.jpeg,11,depthwise_conv,1x96x112x112,29.090691
83,0,imagen.jpeg,12,batchnorm,1x96x56x56,6.870498
83,0,imagen.jpeg,13,activacion,1x96x56x56,2.474048
83,0,imagen.jpeg,14,pointwise_conv,1x96x56x56,95.556568
83,0,imagen.jpeg,15,batchnorm,1x24x56x56,1.71199
83,0,imagen.jpeg,16,pointwise_conv,1x24x56x56,88.263476
83,0,imagen.jpeg,17,batchnorm,1x144x56x56,10.453139
83,0,imagen.jpeg,18,activacion,1x144x56x56,3.52794
83,0,imagen.jpeg,19,depthwise_conv,1x144x56x56,41.804887
83,0,imagen.jpeg,20,batchnorm,1x144x56x56,10.288598
83,0,imagen.jpeg,21,activacion,1x144x56x56,3.951415
83,0,imagen.jpeg,22,pointwise_conv,1x144x56x56,199.368571
83,0,imagen.jpeg,23,batchnorm,1x24x56x56,1.76346
83,0,imagen.jpeg,24,layer_add,1x24x56x56,0.769429
83,0,imagen.jpeg,25,pointwise_conv,1x24x56x56,87.775989
83,0,imagen.jpeg,26,batchnorm,1x144x56x56,10.491129
83,0,imagen.jpeg,27,activacion,1x144x56x56,4.022866
83,0,imagen.jpeg,28,depthwise_conv,1x144x56x56,10.840333
83,0,imagen.jpeg,29,batchnorm,1x144x28x28,2.68543
83,0,imagen.jpeg,30,activacion,1x144x28x28,0.89585
83,0,imagen.jpeg,31,pointwise_conv,1x144x28x28,25.880845
83,0,imagen.jpeg,32,batchnorm,1x32x28x28,0.569936
83,0,imagen.jpeg,33,pointwise_conv,1x32x28x28,34.536283
83,0,imagen.jpeg,34,batchnorm,1x192x28x28,3.4597
83,0,imagen.jpeg,35,activacion,1x192x28x28,1.149773
83,0,imagen.jpeg,36,depthwise_conv,1x192x28x28,13.97068
83,0,imagen.jpeg,37,batchnorm,1x192x28x28,3.434969
83,0,imagen.jpeg,38,activacion,1x192x28x28,1.412526
83,0,imagen.jpeg,39,pointwise_conv,1x192x28x28,34.079588
83,0,imagen.jpeg,40,batchnorm,1x32x28x28,0.569127
83,0,imagen.jpeg,41,layer_add,1x32x28x28,0.306054
83,0,imagen.jpeg,42,pointwise_conv,1x32x28x28,34.519973
83,0,imagen.jpeg,43,batchnorm,1x192x28x28,3.461409
83,0,imagen.jpeg,44,activacion,1x192x28x28,1.212474
83,0,imagen.jpeg,45,depthwise_conv,1x192x28x28,13.971179
83,0,imagen.jpeg,46,batchnorm,1x192x28x28,3.446019
83,0,imagen.jpeg,47,activacion,1x192x28x28,1.338055
83,0,imagen.jpeg,48,pointwise_conv,1x192x28x28,34.19589
83,0,imagen.jpeg,49,batchnorm,1x32x28x28,0.576097
83,0,imagen.jpeg,50,layer_add,1x32x28x28,0.247283
83,0,imagen.jpeg,51,pointwise_conv,1x32x28x28,34.509493
83,0,imagen.jpeg,52,batchnorm,1x192x28x28,3.46174
83,0,imagen.jpeg,53,activacion,1x192x28x28,1.292534
83,0,imagen.jpeg,54,depthwise_conv,1x192x28x28,3.630582
83,0,imagen.jpeg,55,batchnorm,1x192x14x14,0.871179
83,0,imagen.jpeg,56,activacion,1x192x14x14,0.277003
83,0,imagen.jpeg,57,pointwise_conv,1x192x14x14,12.613154
83,0,imagen.jpeg,58,batchnorm,1x64x14x14,0.288153
83,0,imagen.jpeg,59,pointwise_conv,1x64x14x14,24.296957
83,0,imagen.jpeg,60,batchnorm,1x384x14x14,1.76663
83,0,imagen.jpeg,61,activacion,1x384x14x14,0.558097
83,0,imagen.jpeg,62,depthwise_conv,1x384x14x14,7.124311
83,0,imagen.jpeg,63,batchnorm,1x384x14x14,1.73662
83,0,imagen.jpeg,64,activacion,1x384x14x14,0.722858
83,0,imagen.jpeg,65,pointwise_conv,1x384x14x14,30.70285
83,0,imagen.jpeg,66,batchnorm,1x64x14x14,0.319483
83,0,imagen.jpeg,67,layer_add,1x64x14x14,0.144522
83,0,imagen.jpeg,68,pointwise_conv,1x64x14x14,24.272696
83,0,imagen.jpeg,69,batchnorm,1x384x14x14,1.74857
83,0,imagen.jpeg,70,activacion,1x384x14x14,0.617837
83,0,imagen.jpeg,71,depthwise_conv,1x384x14x14,7.044831
83,0,imagen.jpeg,72,batchnorm,1x384x14x14,1.7495
83,0,imagen.jpeg,73,activacion,1x384x14x14,0.676617
83,0,imagen.jpeg,74,pointwise_conv,1x384x14x14,30.77383
83,0,imagen.jpeg,75,batchnorm,1x64x14x14,0.289733
83,0,imagen.jpeg,76,layer_add,1x64x14x14,0.135202
83,0,imagen.jpeg,77,pointwise_conv,1x64x14x14,24.294246
83,0,imagen.jpeg,78,batchnorm,1x384x14x14,1.7668
83,0,imagen.jpeg,79,activacion,1x384x14x14,0.661458
83,0,imagen.jpeg,80,depthwise_conv,1x384x14x14,7.05562
83,0,imagen.jpeg,81,batchnorm,1x384x14x14,1.74392
83,0,imagen.jpeg,82,activacion,1x384x14x14,0.656528
83,0,imagen.jpeg,83,pointwise_conv,1x384x14x14,30.825261
83,0,imagen.jpeg,84,batchnorm,1x64x14x14,0.289753
83,0,imagen.jpeg,85,layer_add,1x64x14x14,0.134772
83,0,imagen.jpeg,86,pointwise_conv,1x64x14x14,24.305296
83,0,imagen.jpeg,87,batchnorm,1x384x14x14,1.74833
83,0,imagen.jpeg,88,activacion,1x384x14x14,0.629178
83,0,imagen.jpeg,89,depthwise_conv,1x384x14x14,7.124751
83,0,imagen.jpeg,90,batchnorm,1x384x14x14,1.75799
83,0,imagen.jpeg,91,activacion,1x384x14x14,0.654197
83,0,imagen.jpeg,92,pointwise_conv,1x384x14x14,46.037814
83,0,imagen.jpeg,93,batchnorm,1x96x14x14,0.450305
83,0,imagen.jpeg,94,pointwise_conv,1x96x14x14,55.400601
83,0,imagen.jpeg,95,batchnorm,1x576x14x14,2.63304
83,0,imagen.jpeg,96,activacion,1x576x14x14,1.017652
83,0,imagen.jpeg,97,depthwise_conv,1x576x14x14,10.595831
83,0,imagen.jpeg,98,batchnorm,1x576x14x14,2.63899
83,0,imagen.jpeg,99,activacion,1x576x14x14,0.967001
83,0,imagen.jpeg,100,pointwise_conv,1x576x14x14,97.526111
83,0,imagen.jpeg,101,batchnorm,1x96x14x14,0.438145
83,0,imagen.jpeg,102,layer_add,1x96x14x14,0.205642
83,0,imagen.jpeg,103,pointwise_conv,1x96x14x14,55.486592
83,0,imagen.jpeg,104,batchnorm,1x576x14x14,2.65873
83,0,imagen.jpeg,105,activacion,1x576x14x14,0.984031
83,0,imagen.jpeg,106,depthwise_conv,1x576x14x14,10.617521
83,0,imagen.jpeg,107,batchnorm,1x576x14x14,2.649141
83,0,imagen.jpeg,108,activacion,1x576x14x14,0.965031
83,0,imagen.jpeg,109,pointwise_conv,1x576x14x14,97.43428
83,0,imagen.jpeg,110,batchnorm,1x96x14x14,0.457255
83,0,imagen.jpeg,111,layer_add,1x96x14x14,0.204703
83,0,imagen.jpeg,112,pointwise_conv,1x96x14x14,55.3793
83,0,imagen.jpeg,113,batchnorm,1x576x14x14,2.64265
83,0,imagen.jpeg,114,activacion,1x576x14x14,1.005491
83,0,imagen.jpeg,115,depthwise_conv,1x576x14x14,2.777482
83,0,imagen.jpeg,116,batchnorm,1x576x7x7,0.690107
83,0,imagen.jpeg,117,activacion,1x576x7x7,0.204472
83,0,imagen.jpeg,118,pointwise_conv,1x576x7x7,42.798198
83,0,imagen.jpeg,119,batchnorm,1x160x7x7,0.184612
83,0,imagen.jpeg,120,pointwise_conv,1x160x7x7,31.547609
83,0,imagen.jpeg,121,batchnorm,1x960x7x7,1.110913
83,0,imagen.jpeg,122,activacion,1x960x7x7,0.399424
83,0,imagen.jpeg,123,depthwise_conv,1x960x7x7,4.621633
83,0,imagen.jpeg,124,batchnorm,1x960x7x7,1.111913
83,0,imagen.jpeg,125,activacion,1x960x7x7,0.405205
83,0,imagen.jpeg,126,pointwise_conv,1x960x7x7,90.813534
83,0,imagen.jpeg,127,batchnorm,1x160x7x7,0.184123
83,0,imagen.jpeg,128,layer_add,1x160x7x7,0.082811
83,0,imagen.jpeg,129,pointwise_conv,1x160x7x7,31.513059
83,0,imagen.jpeg,130,batchnorm,1x960x7x7,1.118773
83,0,imagen.jpeg,131,activacion,1x960x7x7,0.395625
83,0,imagen.jpeg,132,depthwise_conv,1x960x7x7,4.636152
83,0,imagen.jpeg,133,batchnorm,1x960x7x7,1.095432
83,0,imagen.jpeg,134,activacion,1x960x7x7,0.397304
83,0,imagen.jpeg,135,pointwise_conv,1x960x7x7,90.809884
83,0,imagen.jpeg,136,batchnorm,1x160x7x7,0.186222
83,0,imagen.jpeg,137,layer_add,1x160x7x7,0.087531
83,0,imagen.jpeg,138,pointwise_conv,1x160x7x7,31.501139
83,0,imagen.jpeg,139,batchnorm,1x960x7x7,1.114593
83,0,imagen.jpeg,140,activacion,1x960x7x7,0.395824
83,0,imagen.jpeg,141,depthwise_conv,1x960x7x7,4.580083
83,0,imagen.jpeg,142,batchnorm,1x960x7x7,1.097273
83,0,imagen.jpeg,143,activacion,1x960x7x7,0.318494
83,0,imagen.jpeg,144,pointwise_conv,1x960x7x7,181.422866
83,0,imagen.jpeg,145,batchnorm,1x320x7x7,0.375504
83,0,imagen.jpeg,146,pointwise_conv,1x320x7x7,108.492906
83,0,imagen.jpeg,147,batchnorm,1x1280x7x7,1.495217
83,0,imagen.jpeg,148,activacion,1x1280x7x7,0.529586
83,0,imagen.jpeg,149,pooling,1x1280x7x7,0.265123
83,0,imagen.jpeg,150,linear,1x1280,5.105108
84,0,imagen.jpeg,0,conv2d,1x3x224x224,114.737726
84,0,imagen.jpeg,1,batchnorm,1x32x112x112,9.178225
84,0,imagen.jpeg,2,activacion,1x32x112x112,2.799762
84,0,imagen.jpeg,3,depthwise_conv,1x32x112x112,37.042512
84,0,imagen.jpeg,4,batchnorm,1x32x112x112,9.236935
84,0,imagen.jpeg,5,activacion,1x32x112x112,2.901463
84,0,imagen.jpeg,6,pointwise_conv,1x32x112x112,129.508125
84,0,imagen.jpeg,7,batchnorm,1x16x112x112,4.585172
84,0,imagen.jpeg,8,pointwise_conv,1x16x112x112,170.842675
84,0,imagen.jpeg,9,batchnorm,1x96x112x112,27.719296
84,0,imagen.jpeg,10,activacion,1x96x112x112,9.425327
84,0,imagen.jpeg,11,depthwise_conv,1x96x112x112,29.139912
84,0,imagen.jpeg,12,batchnorm,1x96x56x56,6.876829
84,0,imagen.jpeg,13,activacion,1x96x56x56,2.506279
84,0,imagen.jpeg,14,pointwise_conv,1x96x56x56,97.653513
84,0,imagen.jpeg,15,batchnorm,1x24x56x56,1.709989
84,0,imagen.jpeg,16,pointwise_conv,1x24x56x56,88.264585
84,0,imagen.jpeg,17,batchnorm,1x144x56x56,10.450709
84,0,imagen.jpeg,18,activacion,1x144x56x56,3.52756
84,0,imagen.jpeg,19,depthwise_conv,1x144x56x56,41.846267
84,0,imagen.jpeg,20,batchnorm,1x144x56x56,10.285847
84,0,imagen.jpeg,21,activacion,1x144x56x56,4.068977
84,0,imagen.jpeg,22,pointwise_conv,1x144x56x56,199.022207
84,0,imagen.jpeg,23,batchnorm,1x24x56x56,1.75942
84,0,imagen.jpeg,24,layer_add,1x24x56x56,0.790969
84,0,imagen.jpeg,25,pointwise_conv,1x24x56x56,87.82648
84,0,imagen.jpeg,26,batchnorm,1x144x56x56,10.454819
84,0,imagen.jpeg,27,activacion,1x144x56x56,3.858444
84,0,imagen.jpeg,28,depthwise_conv,1x144x56x56,10.710962
84,0,imagen.jpeg,29,batchnorm,1x144x28x28,2.58029
84,0,imagen.jpeg,30,activacion,1x144x28x28,0.930891
84,0,imagen.jpeg,31,pointwise_conv,1x144x28x28,25.603992
84,0,imagen.jpeg,32,batchnorm,1x32x28x28,0.569076
84,0,imagen.jpeg,33,pointwise_conv,1x32x28x28,34.549023
84,0,imagen.jpeg,34,batchnorm,1x192x28x28,3.46454
84,0,imagen.jpeg,35,activacion,1x192x28x28,1.112763
84,0,imagen.jpeg,36,depthwise_conv,1x192x28x28,13.991949
84,0,imagen.jpeg,37,batchnorm,1x192x28x28,3.45489
84,0,imagen.jpeg,38,activacion,1x192x28x28,1.340485
84,0,imagen.jpeg,39,pointwise_conv,1x192x28x28,34.176419
84,0,imagen.jpeg,40,batchnorm,1x32x28x28,0.569616
84,0,imagen.jpeg,41,layer_add,1x32x28x28,0.272854
84,0,imagen.jpeg,42,pointwise_conv,1x32x28x28,34.560994
84,0,imagen.jpeg,43,batchnorm,1x192x28x28,3.47334
84,0,imagen.jpeg,44,activacion,1x192x28x28,1.182554
84,0,imagen.jpeg,45,depthwise_conv,1x192x28x28,13.98431
84,0,imagen.jpeg,46,batchnorm,1x192x28x28,3.44895
84,0,imagen.jpeg,47,activacion,1x192x28x28,1.337065
84,0,imagen.jpeg,48,pointwise_conv,1x192x28x28,34.30314
84,0,imagen.jpeg,49,batchnorm,1x32x28x28,0.573187
84,0,imagen.jpeg,50,layer_add,1x32x28x28,0.272833
84,0,imagen.jpeg,51,pointwise_conv,1x32x28x28,34.502273
84,0,imagen.jpeg,52,batchnorm,1x192x28x28,3.480019
84,0,imagen.jpeg,53,activacion,1x192x28x28,1.256024
84,0,imagen.jpeg,54,depthwise_conv,1x192x28x28,3.653492
84,0,imagen.jpeg,55,batchnorm,1x192x14x14,0.87311
84,0,imagen.jpeg,56,activacion,1x192x14x14,0.300743
84,0,imagen.jpeg,57,pointwise_conv,1x192x14x14,12.600214
84,0,imagen.jpeg,58,batchnorm,1x64x14x14,0.288293
84,0,imagen.jpeg,59,pointwise_conv,1x64x14x14,24.351887
84,0,imagen.jpeg,60,batchnorm,1x384x14x14,1.77224
84,0,imagen.jpeg,61,activacion,1x384x14x14,0.559406
84,0,imagen.jpeg,62,depthwise_conv,1x384x14x14,7.06215
84,0,imagen.jpeg,63,batchnorm,1x384x14x14,1.729739
84,0,imagen.jpeg,64,activacion,1x384x14x14,0.690838
84,0,imagen.jpeg,65,pointwise_conv,1x384x14x14,30.72632
84,0,imagen.jpeg,66,batchnorm,1x64x14x14,0.288243
84,0,imagen.jpeg,67,layer_add,1x64x14x14,0.139692
84,0,imagen.jpeg,68,pointwise_conv,1x64x14x14,24.286746
84,0,imagen.jpeg,69,batchnorm,1x384x14x14,1.75778
84,0,imagen.jpeg,70,activacion,1x384x14x14,0.617097
84,0,imagen.jpeg,71,depthwise_conv,1x384x14x14,7.082251
84,0,imagen.jpeg,72,batchnorm,1x384x14x14,1.732599
84,0,imagen.jpeg,73,activacion,1x384x14x14,0.724628
84,0,imagen.jpeg,74,pointwise_conv,1x384x14x14,30.800411
84,0,imagen.jpeg,75,batchnorm,1x64x14x14,0.290753
84,0,imagen.jpeg,76,layer_add,1x64x14x14,0.138952
84,0,imagen.jpeg,77,pointwise_conv,1x64x14x14,24.283987
84,0,imagen.jpeg,78,batchnorm,1x384x14x14,1.753399
84,0,imagen.jpeg,79,activacion,1x384x14x14,0.671128
84,0,imagen.jpeg,80,depthwise_conv,1x384x14x14,7.047061
84,0,imagen.jpeg,81,batchnorm,1x384x14x14,1.75089
84,0,imagen.jpeg,82,activacion,1x384x14x14,0.663748
84,0,imagen.jpeg,83,pointwise_conv,1x384x14x14,30.74146
84,0,imagen.jpeg,84,batchnorm,1x64x14x14,0.288624
84,0,imagen.jpeg,85,layer_add,1x64x14x14,0.140212
84,0,imagen.jpeg,86,pointwise_conv,1x64x14x14,24.353537
84,0,imagen.jpeg,87,batchnorm,1x384x14x14,1.77145
84,0,imagen.jpeg,88,activacion,1x384x14x14,0.629047
84,0,imagen.jpeg,89,depthwise_conv,1x384x14x14,7.0614
84,0,imagen.jpeg,90,batchnorm,1x384x14x14,1.73062
84,0,imagen.jpeg,91,activacion,1x384x14x14,0.654367
84,0,imagen.jpeg,92,pointwise_conv,1x384x14x14,46.045424
84,0,imagen.jpeg,93,batchnorm,1x96x14x14,0.432395
84,0,imagen.jpeg,94,pointwise_conv,1x96x14x14,55.390171
84,0,imagen.jpeg,95,batchnorm,1x576x14x14,2.65624
84,0,imagen.jpeg,96,activacion,1x576x14x14,0.971721
84,0,imagen.jpeg,97,depthwise_conv,1x576x14x14,10.624061
84,0,imagen.jpeg,98,batchnorm,1x576x14x14,2.674071
84,0,imagen.jpeg,99,activacion,1x576x14x14,0.965021
84,0,imagen.jpeg,100,pointwise_conv,1x576x14x14,97.538171
84,0,imagen.jpeg,101,batchnorm,1x96x14x14,0.434215
84,0,imagen.jpeg,102,layer_add,1x96x14x14,0.207063
84,0,imagen.jpeg,103,pointwise_conv,1x96x14x14,55.499823
84,0,imagen.jpeg,104,batchnorm,1x576x14x14,2.668881
84,0,imagen.jpeg,105,activacion,1x576x14x14,0.993101
84,0,imagen.jpeg,106,depthwise_conv,1x576x14x14,10.601921
84,0,imagen.jpeg,107,batchnorm,1x576x14x14,2.62073
84,0,imagen.jpeg,108,activacion,1x576x14x14,1.104912
84,0,imagen.jpeg,109,pointwise_conv,1x576x14x14,97.43298
84,0,imagen.jpeg,110,batchnorm,1x96x14x14,0.439305
84,0,imagen.jpeg,111,layer_add,1x96x14x14,0.206473
84,0,imagen.jpeg,112,pointwise_conv,1x96x14x14,55.386601
84,0,imagen.jpeg,113,batchnorm,1x576x14x14,2.651121
84,0,imagen.jpeg,114,activacion,1x576x14x14,0.976711
84,0,imagen.jpeg,115,depthwise_conv,1x576x14x14,2.804752
84,0,imagen.jpeg,116,batchnorm,1x576x7x7,0.663188
84,0,imagen.jpeg,117,activacion,1x576x7x7,0.203553
84,0,imagen.jpeg,118,pointwise_conv,1x576x7x7,42.708936
84,0,imagen.jpeg,119,batchnorm,1x160x7x7,0.184222
84,0,imagen.jpeg,120,pointwise_conv,1x160x7x7,31.577299
84,0,imagen.jpeg,121,batchnorm,1x960x7x7,1.129953
84,0,imagen.jpeg,122,activacion,1x960x7x7,0.393325
84,0,imagen.jpeg,123,depthwise_conv,1x960x7x7,4.613963
84,0,imagen.jpeg,124,batchnorm,1x960x7x7,1.097673
84,0,imagen.jpeg,125,activacion,1x960x7x7,0.405235
84,0,imagen.jpeg,126,pointwise_conv,1x960x7x7,90.616142
84,0,imagen.jpeg,127,batchnorm,1x160x7x7,0.186042
84,0,imagen.jpeg,128,layer_add,1x160x7x7,0.087101
84,0,imagen.jpeg,129,pointwise_conv,1x160x7x7,31.483369
84,0,imagen.jpeg,130,batchnorm,1x960x7x7,1.115802
84,0,imagen.jpeg,131,activacion,1x960x7x7,0.406295
84,0,imagen.jpeg,132,depthwise_conv,1x960x7x7,4.724073
84,0,imagen.jpeg,133,batchnorm,1x960x7x7,1.160383
84,0,imagen.jpeg,134,activacion,1x960x7x7,0.399484
84,0,imagen.jpeg,135,pointwise_conv,1x960x7x7,90.577582
84,0,imagen.jpeg,136,batchnorm,1x160x7x7,0.202352
84,0,imagen.jpeg,137,layer_add,1x160x7x7,0.087351
84,0,imagen.jpeg,138,pointwise_conv,1x160x7x7,31.485059
84,0,imagen.jpeg,139,batchnorm,1x960x7x7,1.115433
84,0,imagen.jpeg,140,activacion,1x960x7x7,0.402194
84,0,imagen.jpeg,141,depthwise_conv,1x960x7x7,4.640443
84,0,imagen.jpeg,142,batchnorm,1x960x7x7,1.111873
84,0,imagen.jpeg,143,activacion,1x960x7x7,0.316043
84,0,imagen.jpeg,144,pointwise_conv,1x960x7x7,181.177544
84,0,imagen.jpeg,145,batchnorm,1x320x7x7,0.373115
84,0,imagen.jpeg,146,pointwise_conv,1x320x7x7,108.451515
84,0,imagen.jpeg,147,batchnorm,1x1280x7x7,1.495417
84,0,imagen.jpeg,148,activacion,1x1280x7x7,0.542077
84,0,imagen.jpeg,149,pooling,1x1280x7x7,0.263433
84,0,imagen.jpeg,150,linear,1x1280,5.138669
85,0,imagen.jpeg,0,conv2d,1x3x224x224,114.968449
85,0,imagen.jpeg,1,batchnorm,1x32x112x112,9.156334
85,0,imagen.jpeg,2,activacion,1x32x112x112,2.800422
85,0,imagen.jpeg,3,depthwise_conv,1x32x112x112,37.032001
85,0,imagen.jpeg,4,batchnorm,1x32x112x112,9.251895
85,0,imagen.jpeg,5,activacion,1x32x112x112,2.802052
85,0,imagen.jpeg,6,pointwise_conv,1x32x112x112,129.843319
85,0,imagen.jpeg,7,batchnorm,1x16x112x112,4.597362
85,0,imagen.jpeg,8,pointwise_conv,1x16x112x112,170.788756
85,0,imagen.jpeg,9,batchnorm,1x96x112x112,27.926028
85,0,imagen.jpeg,10,activacion,1x96x112x112,9.66576
85,0,imagen.jpeg,11,depthwise_conv,1x96x112x112,29.144952
85,0,imagen.jpeg,12,batchnorm,1x96x56x56,6.874258
85,0,imagen.jpeg,13,activacion,1x96x56x56,2.508179
85,0,imagen.jpeg,14,pointwise_conv,1x96x56x56,95.636299
85,0,imagen.jpeg,15,batchnorm,1x24x56x56,1.708169
85,0,imagen.jpeg,16,pointwise_conv,1x24x56x56,88.335466
85,0,imagen.jpeg,17,batchnorm,1x144x56x56,10.427158
85,0,imagen.jpeg,18,activacion,1x144x56x56,3.54542
85,0,imagen.jpeg,19,depthwise_conv,1x144x56x56,41.894817
85,0,imagen.jpeg,20,batchnorm,1x144x56x56,10.368168
85,0,imagen.jpeg,21,activacion,1x144x56x56,3.939935
85,0,imagen.jpeg,22,pointwise_conv,1x144x56x56,199.392841
85,0,imagen.jpeg,23,batchnorm,1x24x56x56,1.70982
85,0,imagen.jpeg,24,layer_add,1x24x56x56,0.82698
85,0,imagen.jpeg,25,pointwise_conv,1x24x56x56,87.594318
85,0,imagen.jpeg,26,batchnorm,1x144x56x56,10.53919
85,0,imagen.jpeg,27,activacion,1x144x56x56,3.858574
85,0,imagen.jpeg,28,depthwise_conv,1x144x56x56,10.643172
85,0,imagen.jpeg,29,batchnorm,1x144x28x28,2.60983
85,0,imagen.jpeg,30,activacion,1x144x28x28,0.89465
85,0,imagen.jpeg,31,pointwise_conv,1x144x28x28,25.586932
85,0,imagen.jpeg,32,batchnorm,1x32x28x28,0.583706
85,0,imagen.jpeg,33,pointwise_conv,1x32x28x28,34.593874
85,0,imagen.jpeg,34,batchnorm,1x192x28x28,3.45831
85,0,imagen.jpeg,35,activacion,1x192x28x28,1.144763
85,0,imagen.jpeg,36,depthwise_conv,1x192x28x28,13.99404
85,0,imagen.jpeg,37,batchnorm,1x192x28x28,3.52951
85,0,imagen.jpeg,38,activacion,1x192x28x28,1.362195
85,0,imagen.jpeg,39,pointwise_conv,1x192x28x28,34.366431
85,0,imagen.jpeg,40,batchnorm,1x32x28x28,0.591636
85,0,imagen.jpeg,41,layer_add,1x32x28x28,0.276753
85,0,imagen.jpeg,42,pointwise_conv,1x32x28x28,34.525093
85,0,imagen.jpeg,43,batchnorm,1x192x28x28,3.46026
85,0,imagen.jpeg,44,activacion,1x192x28x28,1.222694
85,0,imagen.jpeg,45,depthwise_conv,1x192x28x28,13.994619
85,0,imagen.jpeg,46,batchnorm,1x192x28x28,3.430949
85,0,imagen.jpeg,47,activacion,1x192x28x28,1.382976
85,0,imagen.jpeg,48,pointwise_conv,1x192x28x28,33.993197
85,0,imagen.jpeg,49,batchnorm,1x32x28x28,0.573126
85,0,imagen.jpeg,50,layer_add,1x32x28x28,0.306164
85,0,imagen.jpeg,51,pointwise_conv,1x32x28x28,34.476002
85,0,imagen.jpeg,52,batchnorm,1x192x28x28,3.464179
85,0,imagen.jpeg,53,activacion,1x192x28x28,1.353655
85,0,imagen.jpeg,54,depthwise_conv,1x192x28x28,3.655062
85,0,imagen.jpeg,55,batchnorm,1x192x14x14,0.87471
85,0,imagen.jpeg,56,activacion,1x192x14x14,0.274133
85,0,imagen.jpeg,57,pointwise_conv,1x192x14x14,12.618954
85,0,imagen.jpeg,58,batchnorm,1x64x14x14,0.288973
85,0,imagen.jpeg,59,pointwise_conv,1x64x14x14,24.369558
85,0,imagen.jpeg,60,batchnorm,1x384x14x14,1.75757
85,0,imagen.jpeg,61,activacion,1x384x14x14,0.558826
85,0,imagen.jpeg,62,depthwise_conv,1x384x14x14,7.06861
85,0,imagen.jpeg,63,batchnorm,1x384x14x14,1.73222
85,0,imagen.jpeg,64,activacion,1x384x14x14,0.692657
85,0,imagen.jpeg,65,pointwise_conv,1x384x14x14,30.72634
85,0,imagen.jpeg,66,batchnorm,1x64x14x14,0.291483
85,0,imagen.jpeg,67,layer_add,1x64x14x14,0.142572
85,0,imagen.jpeg,68,pointwise_conv,1x64x14x14,24.280926
85,0,imagen.jpeg,69,batchnorm,1x384x14x14,1.74925
85,0,imagen.jpeg,70,activacion,1x384x14x14,0.640028
85,0,imagen.jpeg,71,depthwise_conv,1x384x14x14,7.164682
85,0,imagen.jpeg,72,batchnorm,1x384x14x14,1.75258
85,0,imagen.jpeg,73,activacion,1x384x14x14,0.663878
85,0,imagen.jpeg,74,pointwise_conv,1x384x14x14,30.852402
85,0,imagen.jpeg,75,batchnorm,1x64x14x14,0.288313
85,0,imagen.jpeg,76,layer_add,1x64x14x14,0.139742
85,0,imagen.jpeg,77,pointwise_conv,1x64x14x14,24.293556
85,0,imagen.jpeg,78,batchnorm,1x384x14x14,1.76543
85,0,imagen.jpeg,79,activacion,1x384x14x14,0.663537
85,0,imagen.jpeg,80,depthwise_conv,1x384x14x14,7.069411
85,0,imagen.jpeg,81,batchnorm,1x384x14x14,1.73294
85,0,imagen.jpeg,82,activacion,1x384x14x14,0.705558
85,0,imagen.jpeg,83,pointwise_conv,1x384x14x14,30.695259
85,0,imagen.jpeg,84,batchnorm,1x64x14x14,0.288543
85,0,imagen.jpeg,85,layer_add,1x64x14x14,0.136812
85,0,imagen.jpeg,86,pointwise_conv,1x64x14x14,24.361367
85,0,imagen.jpeg,87,batchnorm,1x384x14x14,1.75365
85,0,imagen.jpeg,88,activacion,1x384x14x14,0.628117
85,0,imagen.jpeg,89,depthwise_conv,1x384x14x14,7.07887
85,0,imagen.jpeg,90,batchnorm,1x384x14x14,1.75282
85,0,imagen.jpeg,91,activacion,1x384x14x14,0.651528
85,0,imagen.jpeg,92,pointwise_conv,1x384x14x14,46.108925
85,0,imagen.jpeg,93,batchnorm,1x96x14x14,0.435865
85,0,imagen.jpeg,94,pointwise_conv,1x96x14x14,55.406951
85,0,imagen.jpeg,95,batchnorm,1x576x14x14,2.63582
85,0,imagen.jpeg,96,activacion,1x576x14x14,1.035441
85,0,imagen.jpeg,97,depthwise_conv,1x576x14x14,10.597031
85,0,imagen.jpeg,98,batchnorm,1x576x14x14,2.63727
85,0,imagen.jpeg,99,activacion,1x576x14x14,0.966191
85,0,imagen.jpeg,100,pointwise_conv,1x576x14x14,97.420539
85,0,imagen.jpeg,101,batchnorm,1x96x14x14,0.434505
85,0,imagen.jpeg,102,layer_add,1x96x14x14,0.205632
85,0,imagen.jpeg,103,pointwise_conv,1x96x14x14,55.497412
85,0,imagen.jpeg,104,batchnorm,1x576x14x14,2.65488
85,0,imagen.jpeg,105,activacion,1x576x14x14,0.983771
85,0,imagen.jpeg,106,depthwise_conv,1x576x14x14,10.693822
85,0,imagen.jpeg,107,batchnorm,1x576x14x14,2.650321
85,0,imagen.jpeg,108,activacion,1x576x14x14,0.94172
85,0,imagen.jpeg,109,pointwise_conv,1x576x14x14,97.42202
85,0,imagen.jpeg,110,batchnorm,1x96x14x14,0.438175
85,0,imagen.jpeg,111,layer_add,1x96x14x14,0.199572
85,0,imagen.jpeg,112,pointwise_conv,1x96x14x14,55.30264
85,0,imagen.jpeg,113,batchnorm,1x576x14x14,2.63722
85,0,imagen.jpeg,114,activacion,1x576x14x14,1.018422
85,0,imagen.jpeg,115,depthwise_conv,1x576x14x14,2.767461
85,0,imagen.jpeg,116,batchnorm,1x576x7x7,0.663918
85,0,imagen.jpeg,117,activacion,1x576x7x7,0.204023
85,0,imagen.jpeg,118,pointwise_conv,1x576x7x7,42.716736
85,0,imagen.jpeg,119,batchnorm,1x160x7x7,0.184562
85,0,imagen.jpeg,120,pointwise_conv,1x160x7x7,31.509589
85,0,imagen.jpeg,121,batchnorm,1x960x7x7,1.115413
85,0,imagen.jpeg,122,activacion,1x960x7x7,0.399175
85,0,imagen.jpeg,123,depthwise_conv,1x960x7x7,4.621273
85,0,imagen.jpeg,124,batchnorm,1x960x7x7,1.112363
85,0,imagen.jpeg,125,activacion,1x960x7x7,0.422685
85,0,imagen.jpeg,126,pointwise_conv,1x960x7x7,90.712994
85,0,imagen.jpeg,127,batchnorm,1x160x7x7,0.184872
85,0,imagen.jpeg,128,layer_add,1x160x7x7,0.083161
85,0,imagen.jpeg,129,pointwise_conv,1x160x7x7,31.519339
85,0,imagen.jpeg,130,batchnorm,1x960x7x7,1.112712
85,0,imagen.jpeg,131,activacion,1x960x7x7,0.404065
85,0,imagen.jpeg,132,depthwise_conv,1x960x7x7,4.648113
85,0,imagen.jpeg,133,batchnorm,1x960x7x7,1.094832
85,0,imagen.jpeg,134,activacion,1x960x7x7,0.397284
85,0,imagen.jpeg,135,pointwise_conv,1x960x7x7,90.635883
85,0,imagen.jpeg,136,batchnorm,1x160x7x7,0.186852
85,0,imagen.jpeg,137,layer_add,1x160x7x7,0.086371
85,0,imagen.jpeg,138,pointwise_conv,1x160x7x7,31.514349
85,0,imagen.jpeg,139,batchnorm,1x960x7x7,1.122692
85,0,imagen.jpeg,140,activacion,1x960x7x7,0.392205
85,0,imagen.jpeg,141,depthwise_conv,1x960x7x7,4.704384
85,0,imagen.jpeg,142,batchnorm,1x960x7x7,1.095692
85,0,imagen.jpeg,143,activacion,1x960x7x7,0.316834
85,0,imagen.jpeg,144,pointwise_conv,1x960x7x7,181.254175
85,0,imagen.jpeg,145,batchnorm,1x320x7x7,0.372725
85,0,imagen.jpeg,146,pointwise_conv,1x320x7x7,108.497225
85,0,imagen.jpeg,147,batchnorm,1x1280x7x7,1.495197
85,0,imagen.jpeg,148,activacion,1x1280x7x7,0.568607
85,0,imagen.jpeg,149,pooling,1x1280x7x7,0.264733
85,0,imagen.jpeg,150,linear,1x1280,5.105238
86,0,imagen.jpeg,0,conv2d,1x3x224x224,115.334214
86,0,imagen.jpeg,1,batchnorm,1x32x112x112,9.155434
86,0,imagen.jpeg,2,activacion,1x32x112x112,2.769611
86,0,imagen.jpeg,3,depthwise_conv,1x32x112x112,37.060152
86,0,imagen.jpeg,4,batchnorm,1x32x112x112,9.236085
86,0,imagen.jpeg,5,activacion,1x32x112x112,2.917513
86,0,imagen.jpeg,6,pointwise_conv,1x32x112x112,129.324803
86,0,imagen.jpeg,7,batchnorm,1x16x112x112,4.621743
86,0,imagen.jpeg,8,pointwise_conv,1x16x112x112,170.934847
86,0,imagen.jpeg,9,batchnorm,1x96x112x112,27.742516
86,0,imagen.jpeg,10,activacion,1x96x112x112,9.340816
86,0,imagen.jpeg,11,depthwise_conv,1x96x112x112,29.092381
86,0,imagen.jpeg,12,batchnorm,1x96x56x56,6.851568
86,0,imagen.jpeg,13,activacion,1x96x56x56,2.498488
86,0,imagen.jpeg,14,pointwise_conv,1x96x56x56,96.889303
86,0,imagen.jpeg,15,batchnorm,1x24x56x56,1.75743
86,0,imagen.jpeg,16,pointwise_conv,1x24x56x56,88.490738
86,0,imagen.jpeg,17,batchnorm,1x144x56x56,10.456969
86,0,imagen.jpeg,18,activacion,1x144x56x56,3.55022
86,0,imagen.jpeg,19,depthwise_conv,1x144x56x56,41.909487
86,0,imagen.jpeg,20,batchnorm,1x144x56x56,10.286237
86,0,imagen.jpeg,21,activacion,1x144x56x56,3.951655
86,0,imagen.jpeg,22,pointwise_conv,1x144x56x56,199.108298
86,0,imagen.jpeg,23,batchnorm,1x24x56x56,1.75868
86,0,imagen.jpeg,24,layer_add,1x24x56x56,0.786979
86,0,imagen.jpeg,25,pointwise_conv,1x24x56x56,87.772459
86,0,imagen.jpeg,26,batchnorm,1x144x56x56,10.450439
86,0,imagen.jpeg,27,activacion,1x144x56x56,3.855434
86,0,imagen.jpeg,28,depthwise_conv,1x144x56x56,10.625191
86,0,imagen.jpeg,29,batchnorm,1x144x28x28,2.578999
86,0,imagen.jpeg,30,activacion,1x144x28x28,0.9052
86,0,imagen.jpeg,31,pointwise_conv,1x144x28x28,25.714553
86,0,imagen.jpeg,32,batchnorm,1x32x28x28,0.569867
86,0,imagen.jpeg,33,pointwise_conv,1x32x28x28,34.555504
86,0,imagen.jpeg,34,batchnorm,1x192x28x28,3.463859
86,0,imagen.jpeg,35,activacion,1x192x28x28,1.129383
86,0,imagen.jpeg,36,depthwise_conv,1x192x28x28,14.095051
86,0,imagen.jpeg,37,batchnorm,1x192x28x28,3.43927
86,0,imagen.jpeg,38,activacion,1x192x28x28,1.339225
86,0,imagen.jpeg,39,pointwise_conv,1x192x28x28,34.164049
86,0,imagen.jpeg,40,batchnorm,1x32x28x28,0.573726
86,0,imagen.jpeg,41,layer_add,1x32x28x28,0.275643
86,0,imagen.jpeg,42,pointwise_conv,1x32x28x28,34.551573
86,0,imagen.jpeg,43,batchnorm,1x192x28x28,3.46989
86,0,imagen.jpeg,44,activacion,1x192x28x28,1.185404
86,0,imagen.jpeg,45,depthwise_conv,1x192x28x28,14.05473
86,0,imagen.jpeg,46,batchnorm,1x192x28x28,3.46379
86,0,imagen.jpeg,47,activacion,1x192x28x28,1.385616
86,0,imagen.jpeg,48,pointwise_conv,1x192x28x28,34.26753
86,0,imagen.jpeg,49,batchnorm,1x32x28x28,0.572257
86,0,imagen.jpeg,50,layer_add,1x32x28x28,0.274653
86,0,imagen.jpeg,51,pointwise_conv,1x32x28x28,34.542343
86,0,imagen.jpeg,52,batchnorm,1x192x28x28,3.47569
86,0,imagen.jpeg,53,activacion,1x192x28x28,1.256455
86,0,imagen.jpeg,54,depthwise_conv,1x192x28x28,3.627121
86,0,imagen.jpeg,55,batchnorm,1x192x14x14,0.8747
86,0,imagen.jpeg,56,activacion,1x192x14x14,0.296753
86,0,imagen.jpeg,57,pointwise_conv,1x192x14x14,12.615313
86,0,imagen.jpeg,58,batchnorm,1x64x14x14,0.288573
86,0,imagen.jpeg,59,pointwise_conv,1x64x14x14,24.363267
86,0,imagen.jpeg,60,batchnorm,1x384x14x14,1.77493
86,0,imagen.jpeg,61,activacion,1x384x14x14,0.557427
86,0,imagen.jpeg,62,depthwise_conv,1x384x14x14,7.067361
86,0,imagen.jpeg,63,batchnorm,1x384x14x14,1.73134
86,0,imagen.jpeg,64,activacion,1x384x14x14,0.687748
86,0,imagen.jpeg,65,pointwise_conv,1x384x14x14,30.74252
86,0,imagen.jpeg,66,batchnorm,1x64x14x14,0.288873
86,0,imagen.jpeg,67,layer_add,1x64x14x14,0.139342
86,0,imagen.jpeg,68,pointwise_conv,1x64x14x14,24.287436
86,0,imagen.jpeg,69,batchnorm,1x384x14x14,1.74898
86,0,imagen.jpeg,70,activacion,1x384x14x14,0.615637
86,0,imagen.jpeg,71,depthwise_conv,1x384x14x14,7.069521
86,0,imagen.jpeg,72,batchnorm,1x384x14x14,1.73163
86,0,imagen.jpeg,73,activacion,1x384x14x14,0.680528
86,0,imagen.jpeg,74,pointwise_conv,1x384x14x14,30.69196
86,0,imagen.jpeg,75,batchnorm,1x64x14x14,0.289453
86,0,imagen.jpeg,76,layer_add,1x64x14x14,0.137871
86,0,imagen.jpeg,77,pointwise_conv,1x64x14x14,24.283247
86,0,imagen.jpeg,78,batchnorm,1x384x14x14,1.75046
86,0,imagen.jpeg,79,activacion,1x384x14x14,0.676908
86,0,imagen.jpeg,80,depthwise_conv,1x384x14x14,7.06198
86,0,imagen.jpeg,81,batchnorm,1x384x14x14,1.75081
86,0,imagen.jpeg,82,activacion,1x384x14x14,0.663438
86,0,imagen.jpeg,83,pointwise_conv,1x384x14x14,30.7763
86,0,imagen.jpeg,84,batchnorm,1x64x14x14,0.288434
86,0,imagen.jpeg,85,layer_add,1x64x14x14,0.139491
86,0,imagen.jpeg,86,pointwise_conv,1x64x14x14,24.365528
86,0,imagen.jpeg,87,batchnorm,1x384x14x14,1.7783
86,0,imagen.jpeg,88,activacion,1x384x14x14,0.629837
86,0,imagen.jpeg,89,depthwise_conv,1x384x14x14,7.06686
86,0,imagen.jpeg,90,batchnorm,1x384x14x14,1.73385
86,0,imagen.jpeg,91,activacion,1x384x14x14,0.654588
86,0,imagen.jpeg,92,pointwise_conv,1x384x14x14,46.125516
86,0,imagen.jpeg,93,batchnorm,1x96x14x14,0.433805
86,0,imagen.jpeg,94,pointwise_conv,1x96x14x14,55.398311
86,0,imagen.jpeg,95,batchnorm,1x576x14x14,2.6489
86,0,imagen.jpeg,96,activacion,1x576x14x14,0.978711
86,0,imagen.jpeg,97,depthwise_conv,1x576x14x14,10.616871
86,0,imagen.jpeg,98,batchnorm,1x576x14x14,2.64761
86,0,imagen.jpeg,99,activacion,1x576x14x14,0.964521
86,0,imagen.jpeg,100,pointwise_conv,1x576x14x14,97.5113
86,0,imagen.jpeg,101,batchnorm,1x96x14x14,0.437185
86,0,imagen.jpeg,102,layer_add,1x96x14x14,0.203422
86,0,imagen.jpeg,103,pointwise_conv,1x96x14x14,55.547683
86,0,imagen.jpeg,104,batchnorm,1x576x14x14,2.68532
86,0,imagen.jpeg,105,activacion,1x576x14x14,0.983381
86,0,imagen.jpeg,106,depthwise_conv,1x576x14x14,10.610161
86,0,imagen.jpeg,107,batchnorm,1x576x14x14,2.62035
86,0,imagen.jpeg,108,activacion,1x576x14x14,1.003831
86,0,imagen.jpeg,109,pointwise_conv,1x576x14x14,97.411049
86,0,imagen.jpeg,110,batchnorm,1x96x14x14,0.436195
86,0,imagen.jpeg,111,layer_add,1x96x14x14,0.208763
86,0,imagen.jpeg,112,pointwise_conv,1x96x14x14,55.33977
86,0,imagen.jpeg,113,batchnorm,1x576x14x14,2.650641
86,0,imagen.jpeg,114,activacion,1x576x14x14,0.985371
86,0,imagen.jpeg,115,depthwise_conv,1x576x14x14,2.807402
86,0,imagen.jpeg,116,batchnorm,1x576x7x7,0.662817
86,0,imagen.jpeg,117,activacion,1x576x7x7,0.203702
86,0,imagen.jpeg,118,pointwise_conv,1x576x7x7,42.752077
86,0,imagen.jpeg,119,batchnorm,1x160x7x7,0.184722
86,0,imagen.jpeg,120,pointwise_conv,1x160x7x7,31.496088
86,0,imagen.jpeg,121,batchnorm,1x960x7x7,1.131232
86,0,imagen.jpeg,122,activacion,1x960x7x7,0.392955
86,0,imagen.jpeg,123,depthwise_conv,1x960x7x7,4.617173
86,0,imagen.jpeg,124,batchnorm,1x960x7x7,1.094213
86,0,imagen.jpeg,125,activacion,1x960x7x7,0.403135
86,0,imagen.jpeg,126,pointwise_conv,1x960x7x7,90.592852
86,0,imagen.jpeg,127,batchnorm,1x160x7x7,0.184672
86,0,imagen.jpeg,128,layer_add,1x160x7x7,0.085651
86,0,imagen.jpeg,129,pointwise_conv,1x160x7x7,31.509359
86,0,imagen.jpeg,130,batchnorm,1x960x7x7,1.114222
86,0,imagen.jpeg,131,activacion,1x960x7x7,0.406765
86,0,imagen.jpeg,132,depthwise_conv,1x960x7x7,4.606562
86,0,imagen.jpeg,133,batchnorm,1x960x7x7,1.094813
86,0,imagen.jpeg,134,activacion,1x960x7x7,0.397785
86,0,imagen.jpeg,135,pointwise_conv,1x960x7x7,90.773024
86,0,imagen.jpeg,136,batchnorm,1x160x7x7,0.187832
86,0,imagen.jpeg,137,layer_add,1x160x7x7,0.088001
86,0,imagen.jpeg,138,pointwise_conv,1x160x7x7,31.587229
86,0,imagen.jpeg,139,batchnorm,1x960x7x7,1.114333
86,0,imagen.jpeg,140,activacion,1x960x7x7,0.395764
86,0,imagen.jpeg,141,depthwise_conv,1x960x7x7,4.611212
86,0,imagen.jpeg,142,batchnorm,1x960x7x7,1.109102
86,0,imagen.jpeg,143,activacion,1x960x7x7,0.317693
86,0,imagen.jpeg,144,pointwise_conv,1x960x7x7,181.342896
86,0,imagen.jpeg,145,batchnorm,1x320x7x7,0.373584
86,0,imagen.jpeg,146,pointwise_conv,1x320x7x7,108.938892
86,0,imagen.jpeg,147,batchnorm,1x1280x7x7,1.497106
86,0,imagen.jpeg,148,activacion,1x1280x7x7,0.531156
86,0,imagen.jpeg,149,pooling,1x1280x7x7,0.264483
86,0,imagen.jpeg,150,linear,1x1280,5.186214
87,0,imagen.jpeg,0,conv2d,1x3x224x224,114.906697
87,0,imagen.jpeg,1,batchnorm,1x32x112x112,9.170406
87,0,imagen.jpeg,2,activacion,1x32x112x112,2.8683
87,0,imagen.jpeg,3,depthwise_conv,1x32x112x112,37.061259
87,0,imagen.jpeg,4,batchnorm,1x32x112x112,9.343228
87,0,imagen.jpeg,5,activacion,1x32x112x112,2.86215
87,0,imagen.jpeg,6,pointwise_conv,1x32x112x112,129.017785
87,0,imagen.jpeg,7,batchnorm,1x16x112x112,4.590898
87,0,imagen.jpeg,8,pointwise_conv,1x16x112x112,172.101918
87,0,imagen.jpeg,9,batchnorm,1x96x112x112,27.672921
87,0,imagen.jpeg,10,activacion,1x96x112x112,9.367648
87,0,imagen.jpeg,11,depthwise_conv,1x96x112x112,29.090966
87,0,imagen.jpeg,12,batchnorm,1x96x56x56,6.872022
87,0,imagen.jpeg,13,activacion,1x96x56x56,2.506487
87,0,imagen.jpeg,14,pointwise_conv,1x96x56x56,97.470057
87,0,imagen.jpeg,15,batchnorm,1x24x56x56,1.761646
87,0,imagen.jpeg,16,pointwise_conv,1x24x56x56,88.290416
87,0,imagen.jpeg,17,batchnorm,1x144x56x56,10.473987
87,0,imagen.jpeg,18,activacion,1x144x56x56,3.536232
87,0,imagen.jpeg,19,depthwise_conv,1x144x56x56,41.911095
87,0,imagen.jpeg,20,batchnorm,1x144x56x56,10.307736
87,0,imagen.jpeg,21,activacion,1x144x56x56,3.958484
87,0,imagen.jpeg,22,pointwise_conv,1x144x56x56,199.550432
87,0,imagen.jpeg,23,batchnorm,1x24x56x56,1.764246
87,0,imagen.jpeg,24,layer_add,1x24x56x56,0.864383
87,0,imagen.jpeg,25,pointwise_conv,1x24x56x56,87.573063
87,0,imagen.jpeg,26,batchnorm,1x144x56x56,10.453657
87,0,imagen.jpeg,27,activacion,1x144x56x56,3.900734
87,0,imagen.jpeg,28,depthwise_conv,1x144x56x56,10.662217
87,0,imagen.jpeg,29,batchnorm,1x144x28x28,2.582389
87,0,imagen.jpeg,30,activacion,1x144x28x28,0.916273
87,0,imagen.jpeg,31,pointwise_conv,1x144x28x28,25.637149
87,0,imagen.jpeg,32,batchnorm,1x32x28x28,0.568101
87,0,imagen.jpeg,33,pointwise_conv,1x32x28x28,34.601619
87,0,imagen.jpeg,34,batchnorm,1x192x28x28,3.469322
87,0,imagen.jpeg,35,activacion,1x192x28x28,1.114543
87,0,imagen.jpeg,36,depthwise_conv,1x192x28x28,13.991919
87,0,imagen.jpeg,37,batchnorm,1x192x28x28,3.449762
87,0,imagen.jpeg,38,activacion,1x192x28x28,1.381325
87,0,imagen.jpeg,39,pointwise_conv,1x192x28x28,34.098989
87,0,imagen.jpeg,40,batchnorm,1x32x28x28,0.569772
87,0,imagen.jpeg,41,layer_add,1x32x28x28,0.278131
87,0,imagen.jpeg,42,pointwise_conv,1x32x28x28,34.54964
87,0,imagen.jpeg,43,batchnorm,1x192x28x28,3.464402
87,0,imagen.jpeg,44,activacion,1x192x28x28,1.182024
87,0,imagen.jpeg,45,depthwise_conv,1x192x28x28,14.075508
87,0,imagen.jpeg,46,batchnorm,1x192x28x28,3.454382
87,0,imagen.jpeg,47,activacion,1x192x28x28,1.388325
87,0,imagen.jpeg,48,pointwise_conv,1x192x28x28,34.363189
87,0,imagen.jpeg,49,batchnorm,1x32x28x28,0.573402
87,0,imagen.jpeg,50,layer_add,1x32x28x28,0.272241
87,0,imagen.jpeg,51,pointwise_conv,1x32x28x28,34.5778
87,0,imagen.jpeg,52,batchnorm,1x192x28x28,3.466292
87,0,imagen.jpeg,53,activacion,1x192x28x28,1.255455
87,0,imagen.jpeg,54,depthwise_conv,1x192x28x28,3.655082
87,0,imagen.jpeg,55,batchnorm,1x192x14x14,0.887253
87,0,imagen.jpeg,56,activacion,1x192x14x14,0.276661
87,0,imagen.jpeg,57,pointwise_conv,1x192x14x14,12.690574
87,0,imagen.jpeg,58,batchnorm,1x64x14x14,0.288841
87,0,imagen.jpeg,59,pointwise_conv,1x64x14x14,24.287785
87,0,imagen.jpeg,60,batchnorm,1x384x14x14,1.768796
87,0,imagen.jpeg,61,activacion,1x384x14x14,0.560252
87,0,imagen.jpeg,62,depthwise_conv,1x384x14x14,7.063435
87,0,imagen.jpeg,63,batchnorm,1x384x14x14,1.739976
87,0,imagen.jpeg,64,activacion,1x384x14x14,0.689503
87,0,imagen.jpeg,65,pointwise_conv,1x384x14x14,30.717147
87,0,imagen.jpeg,66,batchnorm,1x64x14x14,0.288781
87,0,imagen.jpeg,67,layer_add,1x64x14x14,0.13572
87,0,imagen.jpeg,68,pointwise_conv,1x64x14x14,24.300804
87,0,imagen.jpeg,69,batchnorm,1x384x14x14,1.750176
87,0,imagen.jpeg,70,activacion,1x384x14x14,0.625822
87,0,imagen.jpeg,71,depthwise_conv,1x384x14x14,7.071495
87,0,imagen.jpeg,72,batchnorm,1x384x14x14,1.758096
87,0,imagen.jpeg,73,activacion,1x384x14x14,0.678433
87,0,imagen.jpeg,74,pointwise_conv,1x384x14x14,30.723817
87,0,imagen.jpeg,75,batchnorm,1x64x14x14,0.289181
87,0,imagen.jpeg,76,layer_add,1x64x14x14,0.1413
87,0,imagen.jpeg,77,pointwise_conv,1x64x14x14,24.357635
87,0,imagen.jpeg,78,batchnorm,1x384x14x14,1.765876
87,0,imagen.jpeg,79,activacion,1x384x14x14,0.686282
87,0,imagen.jpeg,80,depthwise_conv,1x384x14x14,7.042995
87,0,imagen.jpeg,81,batchnorm,1x384x14x14,1.735066
87,0,imagen.jpeg,82,activacion,1x384x14x14,0.660563
87,0,imagen.jpeg,83,pointwise_conv,1x384x14x14,30.784897
87,0,imagen.jpeg,84,batchnorm,1x64x14x14,0.290531
87,0,imagen.jpeg,85,layer_add,1x64x14x14,0.13521
87,0,imagen.jpeg,86,pointwise_conv,1x64x14x14,24.287605
87,0,imagen.jpeg,87,batchnorm,1x384x14x14,1.762596
87,0,imagen.jpeg,88,activacion,1x384x14x14,0.628012
87,0,imagen.jpeg,89,depthwise_conv,1x384x14x14,7.048615
87,0,imagen.jpeg,90,batchnorm,1x384x14x14,1.737306
87,0,imagen.jpeg,91,activacion,1x384x14x14,0.693912
87,0,imagen.jpeg,92,pointwise_conv,1x384x14x14,46.00444
87,0,imagen.jpeg,93,batchnorm,1x96x14x14,0.431452
87,0,imagen.jpeg,94,pointwise_conv,1x96x14x14,55.414862
87,0,imagen.jpeg,95,batchnorm,1x576x14x14,2.646949
87,0,imagen.jpeg,96,activacion,1x576x14x14,0.980843
87,0,imagen.jpeg,97,depthwise_conv,1x576x14x14,10.610857
87,0,imagen.jpeg,98,batchnorm,1x576x14x14,2.65032
87,0,imagen.jpeg,99,activacion,1x576x14x14,0.974954
87,0,imagen.jpeg,100,pointwise_conv,1x576x14x14,97.6796
87,0,imagen.jpeg,101,batchnorm,1x96x14x14,0.440282
87,0,imagen.jpeg,102,layer_add,1x96x14x14,0.2054
87,0,imagen.jpeg,103,pointwise_conv,1x96x14x14,55.606934
87,0,imagen.jpeg,104,batchnorm,1x576x14x14,2.659009
87,0,imagen.jpeg,105,activacion,1x576x14x14,0.984474
87,0,imagen.jpeg,106,depthwise_conv,1x576x14x14,10.605827
87,0,imagen.jpeg,107,batchnorm,1x576x14x14,2.622909
87,0,imagen.jpeg,108,activacion,1x576x14x14,1.009714
87,0,imagen.jpeg,109,pointwise_conv,1x576x14x14,97.385439
87,0,imagen.jpeg,110,batchnorm,1x96x14x14,0.436611
87,0,imagen.jpeg,111,layer_add,1x96x14x14,0.20642
87,0,imagen.jpeg,112,pointwise_conv,1x96x14x14,55.310283
87,0,imagen.jpeg,113,batchnorm,1x576x14x14,2.656509
87,0,imagen.jpeg,114,activacion,1x576x14x14,0.972993
87,0,imagen.jpeg,115,depthwise_conv,1x576x14x14,2.7942
87,0,imagen.jpeg,116,batchnorm,1x576x7x7,0.661682
87,0,imagen.jpeg,117,activacion,1x576x7x7,0.227121
87,0,imagen.jpeg,118,pointwise_conv,1x576x7x7,42.771809
87,0,imagen.jpeg,119,batchnorm,1x160x7x7,0.184271
87,0,imagen.jpeg,120,pointwise_conv,1x160x7x7,31.489889
87,0,imagen.jpeg,121,batchnorm,1x960x7x7,1.129924
87,0,imagen.jpeg,122,activacion,1x960x7x7,0.401452
87,0,imagen.jpeg,123,depthwise_conv,1x960x7x7,4.620696
87,0,imagen.jpeg,124,batchnorm,1x960x7x7,1.096414
87,0,imagen.jpeg,125,activacion,1x960x7x7,0.433262
87,0,imagen.jpeg,126,pointwise_conv,1x960x7x7,90.778636
87,0,imagen.jpeg,127,batchnorm,1x160x7x7,0.200771
87,0,imagen.jpeg,128,layer_add,1x160x7x7,0.082811
87,0,imagen.jpeg,129,pointwise_conv,1x160x7x7,31.538329
87,0,imagen.jpeg,130,batchnorm,1x960x7x7,1.126074
87,0,imagen.jpeg,131,activacion,1x960x7x7,0.397221
87,0,imagen.jpeg,132,depthwise_conv,1x960x7x7,4.620006
87,0,imagen.jpeg,133,batchnorm,1x960x7x7,1.120744
87,0,imagen.jpeg,134,activacion,1x960x7x7,0.400261
87,0,imagen.jpeg,135,pointwise_conv,1x960x7x7,90.760386
87,0,imagen.jpeg,136,batchnorm,1x160x7x7,0.185661
87,0,imagen.jpeg,137,layer_add,1x160x7x7,0.08742
87,0,imagen.jpeg,138,pointwise_conv,1x160x7x7,31.57253
87,0,imagen.jpeg,139,batchnorm,1x960x7x7,1.117744
87,0,imagen.jpeg,140,activacion,1x960x7x7,0.391101
87,0,imagen.jpeg,141,depthwise_conv,1x960x7x7,4.609806
87,0,imagen.jpeg,142,batchnorm,1x960x7x7,1.095904
87,0,imagen.jpeg,143,activacion,1x960x7x7,0.318231
87,0,imagen.jpeg,144,pointwise_conv,1x960x7x7,181.644262
87,0,imagen.jpeg,145,batchnorm,1x320x7x7,0.373201
87,0,imagen.jpeg,146,pointwise_conv,1x320x7x7,108.468809
87,0,imagen.jpeg,147,batchnorm,1x1280x7x7,1.494645
87,0,imagen.jpeg,148,activacion,1x1280x7x7,0.577062
87,0,imagen.jpeg,149,pooling,1x1280x7x7,0.263251
87,0,imagen.jpeg,150,linear,1x1280,5.095848
88,0,imagen.jpeg,0,conv2d,1x3x224x224,115.082892
88,0,imagen.jpeg,1,batchnorm,1x32x112x112,9.164772
88,0,imagen.jpeg,2,activacion,1x32x112x112,2.8052
88,0,imagen.jpeg,3,depthwise_conv,1x32x112x112,37.15914
88,0,imagen.jpeg,4,batchnorm,1x32x112x112,9.234942
88,0,imagen.jpeg,5,activacion,1x32x112x112,2.91241
88,0,imagen.jpeg,6,pointwise_conv,1x32x112x112,129.613282
88,0,imagen.jpeg,7,batchnorm,1x16x112x112,4.615897
88,0,imagen.jpeg,8,pointwise_conv,1x16x112x112,170.726857
88,0,imagen.jpeg,9,batchnorm,1x96x112x112,27.648257
88,0,imagen.jpeg,10,activacion,1x96x112x112,9.429633
88,0,imagen.jpeg,11,depthwise_conv,1x96x112x112,29.132691
88,0,imagen.jpeg,12,batchnorm,1x96x56x56,6.897475
88,0,imagen.jpeg,13,activacion,1x96x56x56,2.519419
88,0,imagen.jpeg,14,pointwise_conv,1x96x56x56,94.59453
88,0,imagen.jpeg,15,batchnorm,1x24x56x56,1.710646
88,0,imagen.jpeg,16,pointwise_conv,1x24x56x56,88.356679
88,0,imagen.jpeg,17,batchnorm,1x144x56x56,10.454437
88,0,imagen.jpeg,18,activacion,1x144x56x56,3.525852
88,0,imagen.jpeg,19,depthwise_conv,1x144x56x56,41.898756
88,0,imagen.jpeg,20,batchnorm,1x144x56x56,10.301356
88,0,imagen.jpeg,21,activacion,1x144x56x56,3.946204
88,0,imagen.jpeg,22,pointwise_conv,1x144x56x56,199.383619
88,0,imagen.jpeg,23,batchnorm,1x24x56x56,1.713156
88,0,imagen.jpeg,24,layer_add,1x24x56x56,0.767043
88,0,imagen.jpeg,25,pointwise_conv,1x24x56x56,87.901718
88,0,imagen.jpeg,26,batchnorm,1x144x56x56,10.433627
88,0,imagen.jpeg,27,activacion,1x144x56x56,3.863594
88,0,imagen.jpeg,28,depthwise_conv,1x144x56x56,10.646998
88,0,imagen.jpeg,29,batchnorm,1x144x28x28,2.60821
88,0,imagen.jpeg,30,activacion,1x144x28x28,0.893623
88,0,imagen.jpeg,31,pointwise_conv,1x144x28x28,25.58709
88,0,imagen.jpeg,32,batchnorm,1x32x28x28,0.585202
88,0,imagen.jpeg,33,pointwise_conv,1x32x28x28,34.615912
88,0,imagen.jpeg,34,batchnorm,1x192x28x28,3.453292
88,0,imagen.jpeg,35,activacion,1x192x28x28,1.147864
88,0,imagen.jpeg,36,depthwise_conv,1x192x28x28,13.982889
88,0,imagen.jpeg,37,batchnorm,1x192x28x28,3.442692
88,0,imagen.jpeg,38,activacion,1x192x28x28,1.368585
88,0,imagen.jpeg,39,pointwise_conv,1x192x28x28,34.22625
88,0,imagen.jpeg,40,batchnorm,1x32x28x28,0.573282
88,0,imagen.jpeg,41,layer_add,1x32x28x28,0.308081
88,0,imagen.jpeg,42,pointwise_conv,1x32x28x28,34.585592
88,0,imagen.jpeg,43,batchnorm,1x192x28x28,3.459342
88,0,imagen.jpeg,44,activacion,1x192x28x28,1.213584
88,0,imagen.jpeg,45,depthwise_conv,1x192x28x28,13.992379
88,0,imagen.jpeg,46,batchnorm,1x192x28x28,3.439972
88,0,imagen.jpeg,47,activacion,1x192x28x28,1.341385
88,0,imagen.jpeg,48,pointwise_conv,1x192x28x28,34.12043
88,0,imagen.jpeg,49,batchnorm,1x32x28x28,0.573252
88,0,imagen.jpeg,50,layer_add,1x32x28x28,0.277111
88,0,imagen.jpeg,51,pointwise_conv,1x32x28x28,34.473741
88,0,imagen.jpeg,52,batchnorm,1x192x28x28,3.453552
88,0,imagen.jpeg,53,activacion,1x192x28x28,1.255304
88,0,imagen.jpeg,54,depthwise_conv,1x192x28x28,3.627142
88,0,imagen.jpeg,55,batchnorm,1x192x14x14,0.873703
88,0,imagen.jpeg,56,activacion,1x192x14x14,0.276621
88,0,imagen.jpeg,57,pointwise_conv,1x192x14x14,12.626134
88,0,imagen.jpeg,58,batchnorm,1x64x14x14,0.289281
88,0,imagen.jpeg,59,pointwise_conv,1x64x14x14,24.292055
88,0,imagen.jpeg,60,batchnorm,1x384x14x14,1.766837
88,0,imagen.jpeg,61,activacion,1x384x14x14,0.557352
88,0,imagen.jpeg,62,depthwise_conv,1x384x14x14,7.073055
88,0,imagen.jpeg,63,batchnorm,1x384x14x14,1.734326
88,0,imagen.jpeg,64,activacion,1x384x14x14,0.736613
88,0,imagen.jpeg,65,pointwise_conv,1x384x14x14,30.720967
88,0,imagen.jpeg,66,batchnorm,1x64x14x14,0.304161
88,0,imagen.jpeg,67,layer_add,1x64x14x14,0.138361
88,0,imagen.jpeg,68,pointwise_conv,1x64x14x14,24.350055
88,0,imagen.jpeg,69,batchnorm,1x384x14x14,1.759457
88,0,imagen.jpeg,70,activacion,1x384x14x14,0.617712
88,0,imagen.jpeg,71,depthwise_conv,1x384x14x14,7.050145
88,0,imagen.jpeg,72,batchnorm,1x384x14x14,1.753296
88,0,imagen.jpeg,73,activacion,1x384x14x14,0.678702
88,0,imagen.jpeg,74,pointwise_conv,1x384x14x14,30.791838
88,0,imagen.jpeg,75,batchnorm,1x64x14x14,0.289911
88,0,imagen.jpeg,76,layer_add,1x64x14x14,0.1377
88,0,imagen.jpeg,77,pointwise_conv,1x64x14x14,24.294245
88,0,imagen.jpeg,78,batchnorm,1x384x14x14,1.765446
88,0,imagen.jpeg,79,activacion,1x384x14x14,0.644322
88,0,imagen.jpeg,80,depthwise_conv,1x384x14x14,7.044825
88,0,imagen.jpeg,81,batchnorm,1x384x14x14,1.734776
88,0,imagen.jpeg,82,activacion,1x384x14x14,0.660882
88,0,imagen.jpeg,83,pointwise_conv,1x384x14x14,30.816238
88,0,imagen.jpeg,84,batchnorm,1x64x14x14,0.288631
88,0,imagen.jpeg,85,layer_add,1x64x14x14,0.13858
88,0,imagen.jpeg,86,pointwise_conv,1x64x14x14,24.299725
88,0,imagen.jpeg,87,batchnorm,1x384x14x14,1.751906
88,0,imagen.jpeg,88,activacion,1x384x14x14,0.630752
88,0,imagen.jpeg,89,depthwise_conv,1x384x14x14,7.091875
88,0,imagen.jpeg,90,batchnorm,1x384x14x14,1.762146
88,0,imagen.jpeg,91,activacion,1x384x14x14,0.670152
88,0,imagen.jpeg,92,pointwise_conv,1x384x14x14,46.012551
88,0,imagen.jpeg,93,batchnorm,1x96x14x14,0.509531
88,0,imagen.jpeg,94,pointwise_conv,1x96x14x14,55.328214
88,0,imagen.jpeg,95,batchnorm,1x576x14x14,2.64415
88,0,imagen.jpeg,96,activacion,1x576x14x14,1.011694
88,0,imagen.jpeg,97,depthwise_conv,1x576x14x14,10.616997
88,0,imagen.jpeg,98,batchnorm,1x576x14x14,2.6448
88,0,imagen.jpeg,99,activacion,1x576x14x14,0.965644
88,0,imagen.jpeg,100,pointwise_conv,1x576x14x14,97.435712
88,0,imagen.jpeg,101,batchnorm,1x96x14x14,0.435202
88,0,imagen.jpeg,102,layer_add,1x96x14x14,0.208871
88,0,imagen.jpeg,103,pointwise_conv,1x96x14x14,55.576226
88,0,imagen.jpeg,104,batchnorm,1x576x14x14,2.651179
88,0,imagen.jpeg,105,activacion,1x576x14x14,0.984954
88,0,imagen.jpeg,106,depthwise_conv,1x576x14x14,10.608518
88,0,imagen.jpeg,107,batchnorm,1x576x14x14,2.645359
88,0,imagen.jpeg,108,activacion,1x576x14x14,0.983404
88,0,imagen.jpeg,109,pointwise_conv,1x576x14x14,97.383653
88,0,imagen.jpeg,110,batchnorm,1x96x14x14,0.459682
88,0,imagen.jpeg,111,layer_add,1x96x14x14,0.20791
88,0,imagen.jpeg,112,pointwise_conv,1x96x14x14,55.583276
88,0,imagen.jpeg,113,batchnorm,1x576x14x14,2.642459
88,0,imagen.jpeg,114,activacion,1x576x14x14,1.021814
88,0,imagen.jpeg,115,depthwise_conv,1x576x14x14,2.773399
88,0,imagen.jpeg,116,batchnorm,1x576x7x7,0.663572
88,0,imagen.jpeg,117,activacion,1x576x7x7,0.20352
88,0,imagen.jpeg,118,pointwise_conv,1x576x7x7,42.787801
88,0,imagen.jpeg,119,batchnorm,1x160x7x7,0.183091
88,0,imagen.jpeg,120,pointwise_conv,1x160x7x7,31.515731
88,0,imagen.jpeg,121,batchnorm,1x960x7x7,1.113534
88,0,imagen.jpeg,122,activacion,1x960x7x7,0.393311
88,0,imagen.jpeg,123,depthwise_conv,1x960x7x7,4.618506
88,0,imagen.jpeg,124,batchnorm,1x960x7x7,1.113584
88,0,imagen.jpeg,125,activacion,1x960x7x7,0.404371
88,0,imagen.jpeg,126,pointwise_conv,1x960x7x7,90.85101
88,0,imagen.jpeg,127,batchnorm,1x160x7x7,0.18733
88,0,imagen.jpeg,128,layer_add,1x160x7x7,0.08645
88,0,imagen.jpeg,129,pointwise_conv,1x160x7x7,31.618422
88,0,imagen.jpeg,130,batchnorm,1x960x7x7,1.116264
88,0,imagen.jpeg,131,activacion,1x960x7x7,0.395971
88,0,imagen.jpeg,132,depthwise_conv,1x960x7x7,4.699796
88,0,imagen.jpeg,133,batchnorm,1x960x7x7,1.094724
88,0,imagen.jpeg,134,activacion,1x960x7x7,0.396671
88,0,imagen.jpeg,135,pointwise_conv,1x960x7x7,90.698129
88,0,imagen.jpeg,136,batchnorm,1x160x7x7,0.187431
88,0,imagen.jpeg,137,layer_add,1x160x7x7,0.088611
88,0,imagen.jpeg,138,pointwise_conv,1x160x7x7,31.556891
88,0,imagen.jpeg,139,batchnorm,1x960x7x7,1.116074
88,0,imagen.jpeg,140,activacion,1x960x7x7,0.435881
88,0,imagen.jpeg,141,depthwise_conv,1x960x7x7,4.610476
88,0,imagen.jpeg,142,batchnorm,1x960x7x7,1.094984
88,0,imagen.jpeg,143,activacion,1x960x7x7,0.314371
88,0,imagen.jpeg,144,pointwise_conv,1x960x7x7,181.5215
88,0,imagen.jpeg,145,batchnorm,1x320x7x7,0.372431
88,0,imagen.jpeg,146,pointwise_conv,1x320x7x7,108.516272
88,0,imagen.jpeg,147,batchnorm,1x1280x7x7,1.519945
88,0,imagen.jpeg,148,activacion,1x1280x7x7,0.528912
88,0,imagen.jpeg,149,pooling,1x1280x7x7,0.26543
88,0,imagen.jpeg,150,linear,1x1280,5.117778
89,0,imagen.jpeg,0,conv2d,1x3x224x224,115.557129
89,0,imagen.jpeg,1,batchnorm,1x32x112x112,9.161452
89,0,imagen.jpeg,2,activacion,1x32x112x112,2.76701
89,0,imagen.jpeg,3,depthwise_conv,1x32x112x112,37.143061
89,0,imagen.jpeg,4,batchnorm,1x32x112x112,9.227193
89,0,imagen.jpeg,5,activacion,1x32x112x112,2.83906
89,0,imagen.jpeg,6,pointwise_conv,1x32x112x112,129.94804
89,0,imagen.jpeg,7,batchnorm,1x16x112x112,4.586356
89,0,imagen.jpeg,8,pointwise_conv,1x16x112x112,172.071478
89,0,imagen.jpeg,9,batchnorm,1x96x112x112,27.678588
89,0,imagen.jpeg,10,activacion,1x96x112x112,9.373803
89,0,imagen.jpeg,11,depthwise_conv,1x96x112x112,29.107623
89,0,imagen.jpeg,12,batchnorm,1x96x56x56,6.976885
89,0,imagen.jpeg,13,activacion,1x96x56x56,2.511619
89,0,imagen.jpeg,14,pointwise_conv,1x96x56x56,94.598975
89,0,imagen.jpeg,15,batchnorm,1x24x56x56,1.764236
89,0,imagen.jpeg,16,pointwise_conv,1x24x56x56,88.310992
89,0,imagen.jpeg,17,batchnorm,1x144x56x56,10.454967
89,0,imagen.jpeg,18,activacion,1x144x56x56,3.530102
89,0,imagen.jpeg,19,depthwise_conv,1x144x56x56,41.895608
89,0,imagen.jpeg,20,batchnorm,1x144x56x56,10.349646
89,0,imagen.jpeg,21,activacion,1x144x56x56,3.955614
89,0,imagen.jpeg,22,pointwise_conv,1x144x56x56,199.431775
89,0,imagen.jpeg,23,batchnorm,1x24x56x56,1.755337
89,0,imagen.jpeg,24,layer_add,1x24x56x56,0.766873
89,0,imagen.jpeg,25,pointwise_conv,1x24x56x56,87.754962
89,0,imagen.jpeg,26,batchnorm,1x144x56x56,10.434277
89,0,imagen.jpeg,27,activacion,1x144x56x56,3.867424
89,0,imagen.jpeg,28,depthwise_conv,1x144x56x56,10.663518
89,0,imagen.jpeg,29,batchnorm,1x144x28x28,2.575899
89,0,imagen.jpeg,30,activacion,1x144x28x28,0.938103
89,0,imagen.jpeg,31,pointwise_conv,1x144x28x28,25.567491
89,0,imagen.jpeg,32,batchnorm,1x32x28x28,0.566882
89,0,imagen.jpeg,33,pointwise_conv,1x32x28x28,34.638173
89,0,imagen.jpeg,34,batchnorm,1x192x28x28,3.471172
89,0,imagen.jpeg,35,activacion,1x192x28x28,1.116074
89,0,imagen.jpeg,36,depthwise_conv,1x192x28x28,13.979589
89,0,imagen.jpeg,37,batchnorm,1x192x28x28,3.442462
89,0,imagen.jpeg,38,activacion,1x192x28x28,1.381094
89,0,imagen.jpeg,39,pointwise_conv,1x192x28x28,34.172602
89,0,imagen.jpeg,40,batchnorm,1x32x28x28,0.571542
89,0,imagen.jpeg,41,layer_add,1x32x28x28,0.271251
89,0,imagen.jpeg,42,pointwise_conv,1x32x28x28,34.663953
89,0,imagen.jpeg,43,batchnorm,1x192x28x28,3.468233
89,0,imagen.jpeg,44,activacion,1x192x28x28,1.181955
89,0,imagen.jpeg,45,depthwise_conv,1x192x28x28,13.9979
89,0,imagen.jpeg,46,batchnorm,1x192x28x28,3.446852
89,0,imagen.jpeg,47,activacion,1x192x28x28,1.339495
89,0,imagen.jpeg,48,pointwise_conv,1x192x28x28,34.166961
89,0,imagen.jpeg,49,batchnorm,1x32x28x28,0.574092
89,0,imagen.jpeg,50,layer_add,1x32x28x28,0.276501
89,0,imagen.jpeg,51,pointwise_conv,1x32x28x28,34.586922
89,0,imagen.jpeg,52,batchnorm,1x192x28x28,3.463302
89,0,imagen.jpeg,53,activacion,1x192x28x28,1.255264
89,0,imagen.jpeg,54,depthwise_conv,1x192x28x28,3.695563
89,0,imagen.jpeg,55,batchnorm,1x192x14x14,0.873434
89,0,imagen.jpeg,56,activacion,1x192x14x14,0.293991
89,0,imagen.jpeg,57,pointwise_conv,1x192x14x14,12.605934
89,0,imagen.jpeg,58,batchnorm,1x64x14x14,0.288931
89,0,imagen.jpeg,59,pointwise_conv,1x64x14x14,24.289757
89,0,imagen.jpeg,60,batchnorm,1x384x14x14,1.779756
89,0,imagen.jpeg,61,activacion,1x384x14x14,0.557602
89,0,imagen.jpeg,62,depthwise_conv,1x384x14x14,7.069695
89,0,imagen.jpeg,63,batchnorm,1x384x14x14,1.742446
89,0,imagen.jpeg,64,activacion,1x384x14x14,0.686232
89,0,imagen.jpeg,65,pointwise_conv,1x384x14x14,30.746749
89,0,imagen.jpeg,66,batchnorm,1x64x14x14,0.288641
89,0,imagen.jpeg,67,layer_add,1x64x14x14,0.13334
89,0,imagen.jpeg,68,pointwise_conv,1x64x14x14,24.379517
89,0,imagen.jpeg,69,batchnorm,1x384x14x14,1.751926
89,0,imagen.jpeg,70,activacion,1x384x14x14,0.614762
89,0,imagen.jpeg,71,depthwise_conv,1x384x14x14,7.069885
89,0,imagen.jpeg,72,batchnorm,1x384x14x14,1.763416
89,0,imagen.jpeg,73,activacion,1x384x14x14,0.682792
89,0,imagen.jpeg,74,pointwise_conv,1x384x14x14,30.706749
89,0,imagen.jpeg,75,batchnorm,1x64x14x14,0.289111
89,0,imagen.jpeg,76,layer_add,1x64x14x14,0.13605
89,0,imagen.jpeg,77,pointwise_conv,1x64x14x14,24.292286
89,0,imagen.jpeg,78,batchnorm,1x384x14x14,1.746247
89,0,imagen.jpeg,79,activacion,1x384x14x14,0.691192
89,0,imagen.jpeg,80,depthwise_conv,1x384x14x14,7.040545
89,0,imagen.jpeg,81,batchnorm,1x384x14x14,1.753707
89,0,imagen.jpeg,82,activacion,1x384x14x14,0.640383
89,0,imagen.jpeg,83,pointwise_conv,1x384x14x14,30.8195
89,0,imagen.jpeg,84,batchnorm,1x64x14x14,0.289371
89,0,imagen.jpeg,85,layer_add,1x64x14x14,0.13771
89,0,imagen.jpeg,86,pointwise_conv,1x64x14x14,24.296676
89,0,imagen.jpeg,87,batchnorm,1x384x14x14,1.761057
89,0,imagen.jpeg,88,activacion,1x384x14x14,0.627242
89,0,imagen.jpeg,89,depthwise_conv,1x384x14x14,7.061755
89,0,imagen.jpeg,90,batchnorm,1x384x14x14,1.739297
89,0,imagen.jpeg,91,activacion,1x384x14x14,0.647532
89,0,imagen.jpeg,92,pointwise_conv,1x384x14x14,46.162994
89,0,imagen.jpeg,93,batchnorm,1x96x14x14,0.435972
89,0,imagen.jpeg,94,pointwise_conv,1x96x14x14,55.319116
89,0,imagen.jpeg,95,batchnorm,1x576x14x14,2.65315
89,0,imagen.jpeg,96,activacion,1x576x14x14,0.982123
89,0,imagen.jpeg,97,depthwise_conv,1x576x14x14,10.609178
89,0,imagen.jpeg,98,batchnorm,1x576x14x14,2.641889
89,0,imagen.jpeg,99,activacion,1x576x14x14,0.965893
89,0,imagen.jpeg,100,pointwise_conv,1x576x14x14,97.432576
89,0,imagen.jpeg,101,batchnorm,1x96x14x14,0.438512
89,0,imagen.jpeg,102,layer_add,1x96x14x14,0.207421
89,0,imagen.jpeg,103,pointwise_conv,1x96x14x14,55.589627
89,0,imagen.jpeg,104,batchnorm,1x576x14x14,2.670469
89,0,imagen.jpeg,105,activacion,1x576x14x14,0.986134
89,0,imagen.jpeg,106,depthwise_conv,1x576x14x14,10.618937
89,0,imagen.jpeg,107,batchnorm,1x576x14x14,2.632009
89,0,imagen.jpeg,108,activacion,1x576x14x14,0.994393
89,0,imagen.jpeg,109,pointwise_conv,1x576x14x14,97.440587
89,0,imagen.jpeg,110,batchnorm,1x96x14x14,0.436371
89,0,imagen.jpeg,111,layer_add,1x96x14x14,0.206431
89,0,imagen.jpeg,112,pointwise_conv,1x96x14x14,55.333867
89,0,imagen.jpeg,113,batchnorm,1x576x14x14,2.70919
89,0,imagen.jpeg,114,activacion,1x576x14x14,0.980373
89,0,imagen.jpeg,115,depthwise_conv,1x576x14x14,2.79955
89,0,imagen.jpeg,116,batchnorm,1x576x7x7,0.661592
89,0,imagen.jpeg,117,activacion,1x576x7x7,0.203781
89,0,imagen.jpeg,118,pointwise_conv,1x576x7x7,42.687432
89,0,imagen.jpeg,119,batchnorm,1x160x7x7,0.183231
89,0,imagen.jpeg,120,pointwise_conv,1x160x7x7,31.578592
89,0,imagen.jpeg,121,batchnorm,1x960x7x7,1.182944
89,0,imagen.jpeg,122,activacion,1x960x7x7,0.394181
89,0,imagen.jpeg,123,depthwise_conv,1x960x7x7,4.617426
89,0,imagen.jpeg,124,batchnorm,1x960x7x7,1.095913
89,0,imagen.jpeg,125,activacion,1x960x7x7,0.439941
89,0,imagen.jpeg,126,pointwise_conv,1x960x7x7,90.869124
89,0,imagen.jpeg,127,batchnorm,1x160x7x7,0.201361
89,0,imagen.jpeg,128,layer_add,1x160x7x7,0.082901
89,0,imagen.jpeg,129,pointwise_conv,1x160x7x7,31.608003
89,0,imagen.jpeg,130,batchnorm,1x960x7x7,1.112813
89,0,imagen.jpeg,131,activacion,1x960x7x7,0.404831
89,0,imagen.jpeg,132,depthwise_conv,1x960x7x7,4.637787
89,0,imagen.jpeg,133,batchnorm,1x960x7x7,1.113604
89,0,imagen.jpeg,134,activacion,1x960x7x7,0.398672
89,0,imagen.jpeg,135,pointwise_conv,1x960x7x7,90.805764
89,0,imagen.jpeg,136,batchnorm,1x160x7x7,0.186901
89,0,imagen.jpeg,137,layer_add,1x160x7x7,0.08501
89,0,imagen.jpeg,138,pointwise_conv,1x160x7x7,31.542423
89,0,imagen.jpeg,139,batchnorm,1x960x7x7,1.119554
89,0,imagen.jpeg,140,activacion,1x960x7x7,0.395271
89,0,imagen.jpeg,141,depthwise_conv,1x960x7x7,4.614417
89,0,imagen.jpeg,142,batchnorm,1x960x7x7,1.094664
89,0,imagen.jpeg,143,activacion,1x960x7x7,0.317111
89,0,imagen.jpeg,144,pointwise_conv,1x960x7x7,181.149086
89,0,imagen.jpeg,145,batchnorm,1x320x7x7,0.387391
89,0,imagen.jpeg,146,pointwise_conv,1x320x7x7,108.473276
89,0,imagen.jpeg,147,batchnorm,1x1280x7x7,1.498925
89,0,imagen.jpeg,148,activacion,1x1280x7x7,0.531221
89,0,imagen.jpeg,149,pooling,1x1280x7x7,0.264041
89,0,imagen.jpeg,150,linear,1x1280,5.109788
90,0,imagen.jpeg,0,conv2d,1x3x224x224,114.679129
90,0,imagen.jpeg,1,batchnorm,1x32x112x112,9.171522
90,0,imagen.jpeg,2,activacion,1x32x112x112,2.80822
90,0,imagen.jpeg,3,depthwise_conv,1x32x112x112,37.116163
90,0,imagen.jpeg,4,batchnorm,1x32x112x112,9.225793
90,0,imagen.jpeg,5,activacion,1x32x112x112,2.80368
90,0,imagen.jpeg,6,pointwise_conv,1x32x112x112,129.009282
90,0,imagen.jpeg,7,batchnorm,1x16x112x112,4.597676
90,0,imagen.jpeg,8,pointwise_conv,1x16x112x112,170.942851
90,0,imagen.jpeg,9,batchnorm,1x96x112x112,27.656379
90,0,imagen.jpeg,10,activacion,1x96x112x112,9.337563
90,0,imagen.jpeg,11,depthwise_conv,1x96x112x112,29.161364
90,0,imagen.jpeg,12,batchnorm,1x96x56x56,6.879685
90,0,imagen.jpeg,13,activacion,1x96x56x56,2.475249
90,0,imagen.jpeg,14,pointwise_conv,1x96x56x56,96.559036
90,0,imagen.jpeg,15,batchnorm,1x24x56x56,1.710456
90,0,imagen.jpeg,16,pointwise_conv,1x24x56x56,88.253236
90,0,imagen.jpeg,17,batchnorm,1x144x56x56,10.539287
90,0,imagen.jpeg,18,activacion,1x144x56x56,3.522122
90,0,imagen.jpeg,19,depthwise_conv,1x144x56x56,41.810039
90,0,imagen.jpeg,20,batchnorm,1x144x56x56,10.301697
90,0,imagen.jpeg,21,activacion,1x144x56x56,3.947064
90,0,imagen.jpeg,22,pointwise_conv,1x144x56x56,199.305313
90,0,imagen.jpeg,23,batchnorm,1x24x56x56,1.710746
90,0,imagen.jpeg,24,layer_add,1x24x56x56,0.786333
90,0,imagen.jpeg,25,pointwise_conv,1x24x56x56,87.746064
90,0,imagen.jpeg,26,batchnorm,1x144x56x56,10.440387
90,0,imagen.jpeg,27,activacion,1x144x56x56,3.851443
90,0,imagen.jpeg,28,depthwise_conv,1x144x56x56,10.679928
90,0,imagen.jpeg,29,batchnorm,1x144x28x28,2.597069
90,0,imagen.jpeg,30,activacion,1x144x28x28,0.905973
90,0,imagen.jpeg,31,pointwise_conv,1x144x28x28,25.622322
90,0,imagen.jpeg,32,batchnorm,1x32x28x28,0.581642
90,0,imagen.jpeg,33,pointwise_conv,1x32x28x28,34.610534
90,0,imagen.jpeg,34,batchnorm,1x192x28x28,3.458232
90,0,imagen.jpeg,35,activacion,1x192x28x28,1.154184
90,0,imagen.jpeg,36,depthwise_conv,1x192x28x28,13.99024
90,0,imagen.jpeg,37,batchnorm,1x192x28x28,3.441572
90,0,imagen.jpeg,38,activacion,1x192x28x28,1.398495
90,0,imagen.jpeg,39,pointwise_conv,1x192x28x28,34.127012
90,0,imagen.jpeg,40,batchnorm,1x32x28x28,0.568052
90,0,imagen.jpeg,41,layer_add,1x32x28x28,0.312211
90,0,imagen.jpeg,42,pointwise_conv,1x32x28x28,34.567524
90,0,imagen.jpeg,43,batchnorm,1x192x28x28,3.467742
90,0,imagen.jpeg,44,activacion,1x192x28x28,1.223765
90,0,imagen.jpeg,45,depthwise_conv,1x192x28x28,13.97819
90,0,imagen.jpeg,46,batchnorm,1x192x28x28,3.430152
90,0,imagen.jpeg,47,activacion,1x192x28x28,1.420595
90,0,imagen.jpeg,48,pointwise_conv,1x192x28x28,34.038692
90,0,imagen.jpeg,49,batchnorm,1x32x28x28,0.575212
90,0,imagen.jpeg,50,layer_add,1x32x28x28,0.276621
90,0,imagen.jpeg,51,pointwise_conv,1x32x28x28,34.623664
90,0,imagen.jpeg,52,batchnorm,1x192x28x28,3.471902
90,0,imagen.jpeg,53,activacion,1x192x28x28,1.340695
90,0,imagen.jpeg,54,depthwise_conv,1x192x28x28,3.662163
90,0,imagen.jpeg,55,batchnorm,1x192x14x14,0.874954
90,0,imagen.jpeg,56,activacion,1x192x14x14,0.277911
90,0,imagen.jpeg,57,pointwise_conv,1x192x14x14,12.603135
90,0,imagen.jpeg,58,batchnorm,1x64x14x14,0.288741
90,0,imagen.jpeg,59,pointwise_conv,1x64x14x14,24.418438
90,0,imagen.jpeg,60,batchnorm,1x384x14x14,1.750966
90,0,imagen.jpeg,61,activacion,1x384x14x14,0.557942
90,0,imagen.jpeg,62,depthwise_conv,1x384x14x14,7.065525
90,0,imagen.jpeg,63,batchnorm,1x384x14x14,1.837046
90,0,imagen.jpeg,64,activacion,1x384x14x14,0.695682
90,0,imagen.jpeg,65,pointwise_conv,1x384x14x14,31.677063
90,0,imagen.jpeg,66,batchnorm,1x64x14x14,0.291321
90,0,imagen.jpeg,67,layer_add,1x64x14x14,0.136941
90,0,imagen.jpeg,68,pointwise_conv,1x64x14x14,24.298268
90,0,imagen.jpeg,69,batchnorm,1x384x14x14,1.765966
90,0,imagen.jpeg,70,activacion,1x384x14x14,0.614692
90,0,imagen.jpeg,71,depthwise_conv,1x384x14x14,7.076415
90,0,imagen.jpeg,72,batchnorm,1x384x14x14,1.735297
90,0,imagen.jpeg,73,activacion,1x384x14x14,0.710813
90,0,imagen.jpeg,74,pointwise_conv,1x384x14x14,30.693091
90,0,imagen.jpeg,75,batchnorm,1x64x14x14,0.290161
90,0,imagen.jpeg,76,layer_add,1x64x14x14,0.14182
90,0,imagen.jpeg,77,pointwise_conv,1x64x14x14,24.278007
90,0,imagen.jpeg,78,batchnorm,1x384x14x14,1.755317
90,0,imagen.jpeg,79,activacion,1x384x14x14,0.643942
90,0,imagen.jpeg,80,depthwise_conv,1x384x14x14,7.151636
90,0,imagen.jpeg,81,batchnorm,1x384x14x14,1.752456
90,0,imagen.jpeg,82,activacion,1x384x14x14,0.643402
90,0,imagen.jpeg,83,pointwise_conv,1x384x14x14,30.76841
90,0,imagen.jpeg,84,batchnorm,1x64x14x14,0.290411
90,0,imagen.jpeg,85,layer_add,1x64x14x14,0.13699
90,0,imagen.jpeg,86,pointwise_conv,1x64x14x14,24.288967
90,0,imagen.jpeg,87,batchnorm,1x384x14x14,1.766266
90,0,imagen.jpeg,88,activacion,1x384x14x14,0.628983
90,0,imagen.jpeg,89,depthwise_conv,1x384x14x14,7.058875
90,0,imagen.jpeg,90,batchnorm,1x384x14x14,1.732936
90,0,imagen.jpeg,91,activacion,1x384x14x14,0.652412
90,0,imagen.jpeg,92,pointwise_conv,1x384x14x14,46.123595
90,0,imagen.jpeg,93,batchnorm,1x96x14x14,0.432391
90,0,imagen.jpeg,94,pointwise_conv,1x96x14x14,55.332719
90,0,imagen.jpeg,95,batchnorm,1x576x14x14,2.655709
90,0,imagen.jpeg,96,activacion,1x576x14x14,0.974283
90,0,imagen.jpeg,97,depthwise_conv,1x576x14x14,10.600668
90,0,imagen.jpeg,98,batchnorm,1x576x14x14,2.652389
90,0,imagen.jpeg,99,activacion,1x576x14x14,0.967693
90,0,imagen.jpeg,100,pointwise_conv,1x576x14x14,97.706771
90,0,imagen.jpeg,101,batchnorm,1x96x14x14,0.461832
90,0,imagen.jpeg,102,layer_add,1x96x14x14,0.209121
90,0,imagen.jpeg,103,pointwise_conv,1x96x14x14,55.54514
90,0,imagen.jpeg,104,batchnorm,1x576x14x14,2.63658
90,0,imagen.jpeg,105,activacion,1x576x14x14,1.031334
90,0,imagen.jpeg,106,depthwise_conv,1x576x14x14,10.590138
90,0,imagen.jpeg,107,batchnorm,1x576x14x14,2.62193
90,0,imagen.jpeg,108,activacion,1x576x14x14,1.029014
90,0,imagen.jpeg,109,pointwise_conv,1x576x14x14,97.33622
90,0,imagen.jpeg,110,batchnorm,1x96x14x14,0.436112
90,0,imagen.jpeg,111,layer_add,1x96x14x14,0.2078
90,0,imagen.jpeg,112,pointwise_conv,1x96x14x14,55.417949
90,0,imagen.jpeg,113,batchnorm,1x576x14x14,2.658369
90,0,imagen.jpeg,114,activacion,1x576x14x14,0.978304
90,0,imagen.jpeg,115,depthwise_conv,1x576x14x14,2.80249
90,0,imagen.jpeg,116,batchnorm,1x576x7x7,0.661332
90,0,imagen.jpeg,117,activacion,1x576x7x7,0.203191
90,0,imagen.jpeg,118,pointwise_conv,1x576x7x7,42.608763
90,0,imagen.jpeg,119,batchnorm,1x160x7x7,0.18426
90,0,imagen.jpeg,120,pointwise_conv,1x160x7x7,31.505454
90,0,imagen.jpeg,121,batchnorm,1x960x7x7,1.149154
90,0,imagen.jpeg,122,activacion,1x960x7x7,0.393381
90,0,imagen.jpeg,123,depthwise_conv,1x960x7x7,4.597857
90,0,imagen.jpeg,124,batchnorm,1x960x7x7,1.094594
90,0,imagen.jpeg,125,activacion,1x960x7x7,0.405462
90,0,imagen.jpeg,126,pointwise_conv,1x960x7x7,90.640227
90,0,imagen.jpeg,127,batchnorm,1x160x7x7,0.185161
90,0,imagen.jpeg,128,layer_add,1x160x7x7,0.087081
90,0,imagen.jpeg,129,pointwise_conv,1x160x7x7,31.590614
90,0,imagen.jpeg,130,batchnorm,1x960x7x7,1.127774
90,0,imagen.jpeg,131,activacion,1x960x7x7,0.398002
90,0,imagen.jpeg,132,depthwise_conv,1x960x7x7,4.575796
90,0,imagen.jpeg,133,batchnorm,1x960x7x7,1.095914
90,0,imagen.jpeg,134,activacion,1x960x7x7,0.396491
90,0,imagen.jpeg,135,pointwise_conv,1x960x7x7,90.721147
90,0,imagen.jpeg,136,batchnorm,1x160x7x7,0.187251
90,0,imagen.jpeg,137,layer_add,1x160x7x7,0.086241
90,0,imagen.jpeg,138,pointwise_conv,1x160x7x7,31.482763
90,0,imagen.jpeg,139,batchnorm,1x960x7x7,1.117714
90,0,imagen.jpeg,140,activacion,1x960x7x7,0.391302
90,0,imagen.jpeg,141,depthwise_conv,1x960x7x7,4.599367
90,0,imagen.jpeg,142,batchnorm,1x960x7x7,1.093274
90,0,imagen.jpeg,143,activacion,1x960x7x7,0.316951
90,0,imagen.jpeg,144,pointwise_conv,1x960x7x7,181.148393
90,0,imagen.jpeg,145,batchnorm,1x320x7x7,0.373752
90,0,imagen.jpeg,146,pointwise_conv,1x320x7x7,108.458751
90,0,imagen.jpeg,147,batchnorm,1x1280x7x7,1.513275
90,0,imagen.jpeg,148,activacion,1x1280x7x7,0.547422
90,0,imagen.jpeg,149,pooling,1x1280x7x7,0.263561
90,0,imagen.jpeg,150,linear,1x1280,5.088128
91,0,imagen.jpeg,0,conv2d,1x3x224x224,115.967008
91,0,imagen.jpeg,1,batchnorm,1x32x112x112,9.251853
91,0,imagen.jpeg,2,activacion,1x32x112x112,2.80361
91,0,imagen.jpeg,3,depthwise_conv,1x32x112x112,37.057774
91,0,imagen.jpeg,4,batchnorm,1x32x112x112,9.279364
91,0,imagen.jpeg,5,activacion,1x32x112x112,2.80023
91,0,imagen.jpeg,6,pointwise_conv,1x32x112x112,129.539657
91,0,imagen.jpeg,7,batchnorm,1x16x112x112,4.589417
91,0,imagen.jpeg,8,pointwise_conv,1x16x112x112,170.635036
91,0,imagen.jpeg,9,batchnorm,1x96x112x112,27.68101
91,0,imagen.jpeg,10,activacion,1x96x112x112,9.387514
91,0,imagen.jpeg,11,depthwise_conv,1x96x112x112,29.216125
91,0,imagen.jpeg,12,batchnorm,1x96x56x56,6.866125
91,0,imagen.jpeg,13,activacion,1x96x56x56,2.509989
91,0,imagen.jpeg,14,pointwise_conv,1x96x56x56,95.581036
91,0,imagen.jpeg,15,batchnorm,1x24x56x56,1.707726
91,0,imagen.jpeg,16,pointwise_conv,1x24x56x56,88.34072
91,0,imagen.jpeg,17,batchnorm,1x144x56x56,10.455028
91,0,imagen.jpeg,18,activacion,1x144x56x56,3.561033
91,0,imagen.jpeg,19,depthwise_conv,1x144x56x56,41.911712
91,0,imagen.jpeg,20,batchnorm,1x144x56x56,10.301747
91,0,imagen.jpeg,21,activacion,1x144x56x56,3.948784
91,0,imagen.jpeg,22,pointwise_conv,1x144x56x56,199.470502
91,0,imagen.jpeg,23,batchnorm,1x24x56x56,1.761686
91,0,imagen.jpeg,24,layer_add,1x24x56x56,0.766783
91,0,imagen.jpeg,25,pointwise_conv,1x24x56x56,87.782098
91,0,imagen.jpeg,26,batchnorm,1x144x56x56,10.440368
91,0,imagen.jpeg,27,activacion,1x144x56x56,3.864514
91,0,imagen.jpeg,28,depthwise_conv,1x144x56x56,10.652299
91,0,imagen.jpeg,29,batchnorm,1x144x28x28,2.608709
91,0,imagen.jpeg,30,activacion,1x144x28x28,0.905683
91,0,imagen.jpeg,31,pointwise_conv,1x144x28x28,25.701053
91,0,imagen.jpeg,32,batchnorm,1x32x28x28,0.588253
91,0,imagen.jpeg,33,pointwise_conv,1x32x28x28,34.530535
91,0,imagen.jpeg,34,batchnorm,1x192x28x28,3.459252
91,0,imagen.jpeg,35,activacion,1x192x28x28,1.162345
91,0,imagen.jpeg,36,depthwise_conv,1x192x28x28,13.97241
91,0,imagen.jpeg,37,batchnorm,1x192x28x28,3.434273
91,0,imagen.jpeg,38,activacion,1x192x28x28,1.341705
91,0,imagen.jpeg,39,pointwise_conv,1x192x28x28,34.068624
91,0,imagen.jpeg,40,batchnorm,1x32x28x28,0.571722
91,0,imagen.jpeg,41,layer_add,1x32x28x28,0.277441
91,0,imagen.jpeg,42,pointwise_conv,1x32x28x28,34.516585
91,0,imagen.jpeg,43,batchnorm,1x192x28x28,3.470532
91,0,imagen.jpeg,44,activacion,1x192x28x28,1.182415
91,0,imagen.jpeg,45,depthwise_conv,1x192x28x28,13.98926
91,0,imagen.jpeg,46,batchnorm,1x192x28x28,3.437222
91,0,imagen.jpeg,47,activacion,1x192x28x28,1.337155
91,0,imagen.jpeg,48,pointwise_conv,1x192x28x28,34.140183
91,0,imagen.jpeg,49,batchnorm,1x32x28x28,0.573082
91,0,imagen.jpeg,50,layer_add,1x32x28x28,0.270941
91,0,imagen.jpeg,51,pointwise_conv,1x32x28x28,34.634005
91,0,imagen.jpeg,52,batchnorm,1x192x28x28,3.465612
91,0,imagen.jpeg,53,activacion,1x192x28x28,1.255675
91,0,imagen.jpeg,54,depthwise_conv,1x192x28x28,3.608633
91,0,imagen.jpeg,55,batchnorm,1x192x14x14,0.891943
91,0,imagen.jpeg,56,activacion,1x192x14x14,0.277501
91,0,imagen.jpeg,57,pointwise_conv,1x192x14x14,12.611026
91,0,imagen.jpeg,58,batchnorm,1x64x14x14,0.289301
91,0,imagen.jpeg,59,pointwise_conv,1x64x14x14,24.287488
91,0,imagen.jpeg,60,batchnorm,1x384x14x14,1.769007
91,0,imagen.jpeg,61,activacion,1x384x14x14,0.558502
91,0,imagen.jpeg,62,depthwise_conv,1x384x14x14,7.064736
91,0,imagen.jpeg,63,batchnorm,1x384x14x14,1.734296
91,0,imagen.jpeg,64,activacion,1x384x14x14,0.729953
91,0,imagen.jpeg,65,pointwise_conv,1x384x14x14,30.783822
91,0,imagen.jpeg,66,batchnorm,1x64x14x14,0.289721
91,0,imagen.jpeg,67,layer_add,1x64x14x14,0.153521
91,0,imagen.jpeg,68,pointwise_conv,1x64x14x14,24.283619
91,0,imagen.jpeg,69,batchnorm,1x384x14x14,1.753376
91,0,imagen.jpeg,70,activacion,1x384x14x14,0.614312
91,0,imagen.jpeg,71,depthwise_conv,1x384x14x14,7.074015
91,0,imagen.jpeg,72,batchnorm,1x384x14x14,1.758866
91,0,imagen.jpeg,73,activacion,1x384x14x14,0.679462
91,0,imagen.jpeg,74,pointwise_conv,1x384x14x14,30.747222
91,0,imagen.jpeg,75,batchnorm,1x64x14x14,0.291631
91,0,imagen.jpeg,76,layer_add,1x64x14x14,0.1387
91,0,imagen.jpeg,77,pointwise_conv,1x64x14x14,24.355529
91,0,imagen.jpeg,78,batchnorm,1x384x14x14,1.762226
91,0,imagen.jpeg,79,activacion,1x384x14x14,0.650902
91,0,imagen.jpeg,80,depthwise_conv,1x384x14x14,7.057186
91,0,imagen.jpeg,81,batchnorm,1x384x14x14,1.738256
91,0,imagen.jpeg,82,activacion,1x384x14x14,0.662132
91,0,imagen.jpeg,83,pointwise_conv,1x384x14x14,30.859842
91,0,imagen.jpeg,84,batchnorm,1x64x14x14,0.289061
91,0,imagen.jpeg,85,layer_add,1x64x14x14,0.140701
91,0,imagen.jpeg,86,pointwise_conv,1x64x14x14,24.304809
91,0,imagen.jpeg,87,batchnorm,1x384x14x14,1.753456
91,0,imagen.jpeg,88,activacion,1x384x14x14,0.628252
91,0,imagen.jpeg,89,depthwise_conv,1x384x14x14,7.072426
91,0,imagen.jpeg,90,batchnorm,1x384x14x14,1.755656
91,0,imagen.jpeg,91,activacion,1x384x14x14,0.641182
91,0,imagen.jpeg,92,pointwise_conv,1x384x14x14,46.109387
91,0,imagen.jpeg,93,batchnorm,1x96x14x14,0.447412
91,0,imagen.jpeg,94,pointwise_conv,1x96x14x14,55.316521
91,0,imagen.jpeg,95,batchnorm,1x576x14x14,2.634939
91,0,imagen.jpeg,96,activacion,1x576x14x14,1.012364
91,0,imagen.jpeg,97,depthwise_conv,1x576x14x14,10.601148
91,0,imagen.jpeg,98,batchnorm,1x576x14x14,2.71854
91,0,imagen.jpeg,99,activacion,1x576x14x14,0.970444
91,0,imagen.jpeg,100,pointwise_conv,1x576x14x14,97.446584
91,0,imagen.jpeg,101,batchnorm,1x96x14x14,0.435462
91,0,imagen.jpeg,102,layer_add,1x96x14x14,0.20835
91,0,imagen.jpeg,103,pointwise_conv,1x96x14x14,55.564972
91,0,imagen.jpeg,104,batchnorm,1x576x14x14,2.65499
91,0,imagen.jpeg,105,activacion,1x576x14x14,0.983963
91,0,imagen.jpeg,106,depthwise_conv,1x576x14x14,10.613009
91,0,imagen.jpeg,107,batchnorm,1x576x14x14,2.65009
91,0,imagen.jpeg,108,activacion,1x576x14x14,0.944294
91,0,imagen.jpeg,109,pointwise_conv,1x576x14x14,97.577774
91,0,imagen.jpeg,110,batchnorm,1x96x14x14,0.462872
91,0,imagen.jpeg,111,layer_add,1x96x14x14,0.20635
91,0,imagen.jpeg,112,pointwise_conv,1x96x14x14,55.362841
91,0,imagen.jpeg,113,batchnorm,1x576x14x14,2.636519
91,0,imagen.jpeg,114,activacion,1x576x14x14,1.015594
91,0,imagen.jpeg,115,depthwise_conv,1x576x14x14,2.76639
91,0,imagen.jpeg,116,batchnorm,1x576x7x7,0.690862
91,0,imagen.jpeg,117,activacion,1x576x7x7,0.202551
91,0,imagen.jpeg,118,pointwise_conv,1x576x7x7,42.763836
91,0,imagen.jpeg,119,batchnorm,1x160x7x7,0.184241
91,0,imagen.jpeg,120,pointwise_conv,1x160x7x7,31.566444
91,0,imagen.jpeg,121,batchnorm,1x960x7x7,1.112454
91,0,imagen.jpeg,122,activacion,1x960x7x7,0.391791
91,0,imagen.jpeg,123,depthwise_conv,1x960x7x7,4.635917
91,0,imagen.jpeg,124,batchnorm,1x960x7x7,1.116184
91,0,imagen.jpeg,125,activacion,1x960x7x7,0.405552
91,0,imagen.jpeg,126,pointwise_conv,1x960x7x7,90.7041
91,0,imagen.jpeg,127,batchnorm,1x160x7x7,0.185901
91,0,imagen.jpeg,128,layer_add,1x160x7x7,0.083001
91,0,imagen.jpeg,129,pointwise_conv,1x160x7x7,31.582225
91,0,imagen.jpeg,130,batchnorm,1x960x7x7,1.117664
91,0,imagen.jpeg,131,activacion,1x960x7x7,0.395802
91,0,imagen.jpeg,132,depthwise_conv,1x960x7x7,4.592056
91,0,imagen.jpeg,133,batchnorm,1x960x7x7,1.093493
91,0,imagen.jpeg,134,activacion,1x960x7x7,0.397001
91,0,imagen.jpeg,135,pointwise_conv,1x960x7x7,90.58538
91,0,imagen.jpeg,136,batchnorm,1x160x7x7,0.186021
91,0,imagen.jpeg,137,layer_add,1x160x7x7,0.08589
91,0,imagen.jpeg,138,pointwise_conv,1x160x7x7,31.503535
91,0,imagen.jpeg,139,batchnorm,1x960x7x7,1.118334
91,0,imagen.jpeg,140,activacion,1x960x7x7,0.395212
91,0,imagen.jpeg,141,depthwise_conv,1x960x7x7,4.602396
91,0,imagen.jpeg,142,batchnorm,1x960x7x7,1.096644
91,0,imagen.jpeg,143,activacion,1x960x7x7,0.314991
91,0,imagen.jpeg,144,pointwise_conv,1x960x7x7,181.360461
91,0,imagen.jpeg,145,batchnorm,1x320x7x7,0.372791
91,0,imagen.jpeg,146,pointwise_conv,1x320x7x7,108.491636
91,0,imagen.jpeg,147,batchnorm,1x1280x7x7,1.500075
91,0,imagen.jpeg,148,activacion,1x1280x7x7,0.561142
91,0,imagen.jpeg,149,pooling,1x1280x7x7,0.264741
91,0,imagen.jpeg,150,linear,1x1280,5.112418
92,0,imagen.jpeg,0,conv2d,1x3x224x224,114.857299
92,0,imagen.jpeg,1,batchnorm,1x32x112x112,9.156213
92,0,imagen.jpeg,2,activacion,1x32x112x112,2.80383
92,0,imagen.jpeg,3,depthwise_conv,1x32x112x112,37.030285
92,0,imagen.jpeg,4,batchnorm,1x32x112x112,9.228394
92,0,imagen.jpeg,5,activacion,1x32x112x112,2.83556
92,0,imagen.jpeg,6,pointwise_conv,1x32x112x112,129.254092
92,0,imagen.jpeg,7,batchnorm,1x16x112x112,4.620797
92,0,imagen.jpeg,8,pointwise_conv,1x16x112x112,170.795583
92,0,imagen.jpeg,9,batchnorm,1x96x112x112,27.683321
92,0,imagen.jpeg,10,activacion,1x96x112x112,9.460974
92,0,imagen.jpeg,11,depthwise_conv,1x96x112x112,29.229046
92,0,imagen.jpeg,12,batchnorm,1x96x56x56,6.897855
92,0,imagen.jpeg,13,activacion,1x96x56x56,2.499549
92,0,imagen.jpeg,14,pointwise_conv,1x96x56x56,94.398196
92,0,imagen.jpeg,15,batchnorm,1x24x56x56,1.712226
92,0,imagen.jpeg,16,pointwise_conv,1x24x56x56,88.284753
92,0,imagen.jpeg,17,batchnorm,1x144x56x56,10.448249
92,0,imagen.jpeg,18,activacion,1x144x56x56,3.526353
92,0,imagen.jpeg,19,depthwise_conv,1x144x56x56,41.959414
92,0,imagen.jpeg,20,batchnorm,1x144x56x56,10.307188
92,0,imagen.jpeg,21,activacion,1x144x56x56,3.952095
92,0,imagen.jpeg,22,pointwise_conv,1x144x56x56,199.688571
92,0,imagen.jpeg,23,batchnorm,1x24x56x56,1.713906
92,0,imagen.jpeg,24,layer_add,1x24x56x56,0.767373
92,0,imagen.jpeg,25,pointwise_conv,1x24x56x56,87.795891
92,0,imagen.jpeg,26,batchnorm,1x144x56x56,10.449598
92,0,imagen.jpeg,27,activacion,1x144x56x56,3.858644
92,0,imagen.jpeg,28,depthwise_conv,1x144x56x56,10.662189
92,0,imagen.jpeg,29,batchnorm,1x144x28x28,2.61215
92,0,imagen.jpeg,30,activacion,1x144x28x28,0.894154
92,0,imagen.jpeg,31,pointwise_conv,1x144x28x28,25.641363
92,0,imagen.jpeg,32,batchnorm,1x32x28x28,0.587502
92,0,imagen.jpeg,33,pointwise_conv,1x32x28x28,34.537986
92,0,imagen.jpeg,34,batchnorm,1x192x28x28,3.457043
92,0,imagen.jpeg,35,activacion,1x192x28x28,1.149455
92,0,imagen.jpeg,36,depthwise_conv,1x192x28x28,14.000891
92,0,imagen.jpeg,37,batchnorm,1x192x28x28,3.437873
92,0,imagen.jpeg,38,activacion,1x192x28x28,1.339125
92,0,imagen.jpeg,39,pointwise_conv,1x192x28x28,34.224526
92,0,imagen.jpeg,40,batchnorm,1x32x28x28,0.571192
92,0,imagen.jpeg,41,layer_add,1x32x28x28,0.307822
92,0,imagen.jpeg,42,pointwise_conv,1x32x28x28,34.531356
92,0,imagen.jpeg,43,batchnorm,1x192x28x28,3.467853
92,0,imagen.jpeg,44,activacion,1x192x28x28,1.211664
92,0,imagen.jpeg,45,depthwise_conv,1x192x28x28,13.969991
92,0,imagen.jpeg,46,batchnorm,1x192x28x28,3.444342
92,0,imagen.jpeg,47,activacion,1x192x28x28,1.339405
92,0,imagen.jpeg,48,pointwise_conv,1x192x28x28,34.103765
92,0,imagen.jpeg,49,batchnorm,1x32x28x28,0.571862
92,0,imagen.jpeg,50,layer_add,1x32x28x28,0.274801
92,0,imagen.jpeg,51,pointwise_conv,1x32x28x28,34.587317
92,0,imagen.jpeg,52,batchnorm,1x192x28x28,3.457543
92,0,imagen.jpeg,53,activacion,1x192x28x28,1.254815
92,0,imagen.jpeg,54,depthwise_conv,1x192x28x28,3.627183
92,0,imagen.jpeg,55,batchnorm,1x192x14x14,0.874073
92,0,imagen.jpeg,56,activacion,1x192x14x14,0.276901
92,0,imagen.jpeg,57,pointwise_conv,1x192x14x14,12.609656
92,0,imagen.jpeg,58,batchnorm,1x64x14x14,0.288231
92,0,imagen.jpeg,59,pointwise_conv,1x64x14x14,24.304959
92,0,imagen.jpeg,60,batchnorm,1x384x14x14,1.773527
92,0,imagen.jpeg,61,activacion,1x384x14x14,0.558672
92,0,imagen.jpeg,62,depthwise_conv,1x384x14x14,7.071406
92,0,imagen.jpeg,63,batchnorm,1x384x14x14,1.731127
92,0,imagen.jpeg,64,activacion,1x384x14x14,0.737063
92,0,imagen.jpeg,65,pointwise_conv,1x384x14x14,30.849152
92,0,imagen.jpeg,66,batchnorm,1x64x14x14,0.316501
92,0,imagen.jpeg,67,layer_add,1x64x14x14,0.139831
92,0,imagen.jpeg,68,pointwise_conv,1x64x14x14,24.285688
92,0,imagen.jpeg,69,batchnorm,1x384x14x14,1.752596
92,0,imagen.jpeg,70,activacion,1x384x14x14,0.633102
92,0,imagen.jpeg,71,depthwise_conv,1x384x14x14,7.029486
92,0,imagen.jpeg,72,batchnorm,1x384x14x14,1.749156
92,0,imagen.jpeg,73,activacion,1x384x14x14,0.676792
92,0,imagen.jpeg,74,pointwise_conv,1x384x14x14,30.763143
92,0,imagen.jpeg,75,batchnorm,1x64x14x14,0.290131
92,0,imagen.jpeg,76,layer_add,1x64x14x14,0.13655
92,0,imagen.jpeg,77,pointwise_conv,1x64x14x14,24.366659
92,0,imagen.jpeg,78,batchnorm,1x384x14x14,1.763526
92,0,imagen.jpeg,79,activacion,1x384x14x14,0.643492
92,0,imagen.jpeg,80,depthwise_conv,1x384x14x14,7.055806
92,0,imagen.jpeg,81,batchnorm,1x384x14x14,1.734586
92,0,imagen.jpeg,82,activacion,1x384x14x14,0.663472
92,0,imagen.jpeg,83,pointwise_conv,1x384x14x14,30.742283
92,0,imagen.jpeg,84,batchnorm,1x64x14x14,0.288301
92,0,imagen.jpeg,85,layer_add,1x64x14x14,0.1363
92,0,imagen.jpeg,86,pointwise_conv,1x64x14x14,24.301049
92,0,imagen.jpeg,87,batchnorm,1x384x14x14,1.754986
92,0,imagen.jpeg,88,activacion,1x384x14x14,0.630152
92,0,imagen.jpeg,89,depthwise_conv,1x384x14x14,7.078186
92,0,imagen.jpeg,90,batchnorm,1x384x14x14,1.756546
92,0,imagen.jpeg,91,activacion,1x384x14x14,0.658122
92,0,imagen.jpeg,92,pointwise_conv,1x384x14x14,46.100179
92,0,imagen.jpeg,93,batchnorm,1x96x14x14,0.446981
92,0,imagen.jpeg,94,pointwise_conv,1x96x14x14,55.380454
92,0,imagen.jpeg,95,batchnorm,1x576x14x14,2.637739
92,0,imagen.jpeg,96,activacion,1x576x14x14,1.026304
92,0,imagen.jpeg,97,depthwise_conv,1x576x14x14,10.680819
92,0,imagen.jpeg,98,batchnorm,1x576x14x14,2.646299
92,0,imagen.jpeg,99,activacion,1x576x14x14,0.967184
92,0,imagen.jpeg,100,pointwise_conv,1x576x14x14,97.615079
92,0,imagen.jpeg,101,batchnorm,1x96x14x14,0.436402
92,0,imagen.jpeg,102,layer_add,1x96x14x14,0.205821
92,0,imagen.jpeg,103,pointwise_conv,1x96x14x14,55.495774
92,0,imagen.jpeg,104,batchnorm,1x576x14x14,2.6547
92,0,imagen.jpeg,105,activacion,1x576x14x14,0.988693
92,0,imagen.jpeg,106,depthwise_conv,1x576x14x14,10.603359
92,0,imagen.jpeg,107,batchnorm,1x576x14x14,2.64807
92,0,imagen.jpeg,108,activacion,1x576x14x14,0.981493
92,0,imagen.jpeg,109,pointwise_conv,1x576x14x14,97.483688
92,0,imagen.jpeg,110,batchnorm,1x96x14x14,0.455032
92,0,imagen.jpeg,111,layer_add,1x96x14x14,0.20364
92,0,imagen.jpeg,112,pointwise_conv,1x96x14x14,55.369354
92,0,imagen.jpeg,113,batchnorm,1x576x14x14,2.63738
92,0,imagen.jpeg,114,activacion,1x576x14x14,1.022644
92,0,imagen.jpeg,115,depthwise_conv,1x576x14x14,2.76577
92,0,imagen.jpeg,116,batchnorm,1x576x7x7,0.662873
92,0,imagen.jpeg,117,activacion,1x576x7x7,0.203581
92,0,imagen.jpeg,118,pointwise_conv,1x576x7x7,42.641606
92,0,imagen.jpeg,119,batchnorm,1x160x7x7,0.18368
92,0,imagen.jpeg,120,pointwise_conv,1x160x7x7,31.565206
92,0,imagen.jpeg,121,batchnorm,1x960x7x7,1.115344
92,0,imagen.jpeg,122,activacion,1x960x7x7,0.404621
92,0,imagen.jpeg,123,depthwise_conv,1x960x7x7,4.602997
92,0,imagen.jpeg,124,batchnorm,1x960x7x7,1.116004
92,0,imagen.jpeg,125,activacion,1x960x7x7,0.407041
92,0,imagen.jpeg,126,pointwise_conv,1x960x7x7,90.598353
92,0,imagen.jpeg,127,batchnorm,1x160x7x7,0.18508
92,0,imagen.jpeg,128,layer_add,1x160x7x7,0.08879
92,0,imagen.jpeg,129,pointwise_conv,1x160x7x7,31.535406
92,0,imagen.jpeg,130,batchnorm,1x960x7x7,1.114585
92,0,imagen.jpeg,131,activacion,1x960x7x7,0.398532
92,0,imagen.jpeg,132,depthwise_conv,1x960x7x7,4.623457
92,0,imagen.jpeg,133,batchnorm,1x960x7x7,1.093544
92,0,imagen.jpeg,134,activacion,1x960x7x7,0.395781
92,0,imagen.jpeg,135,pointwise_conv,1x960x7x7,90.767393
92,0,imagen.jpeg,136,batchnorm,1x160x7x7,0.186771
92,0,imagen.jpeg,137,layer_add,1x160x7x7,0.08865
92,0,imagen.jpeg,138,pointwise_conv,1x160x7x7,31.475606
92,0,imagen.jpeg,139,batchnorm,1x960x7x7,1.116324
92,0,imagen.jpeg,140,activacion,1x960x7x7,0.402961
92,0,imagen.jpeg,141,depthwise_conv,1x960x7x7,4.637767
92,0,imagen.jpeg,142,batchnorm,1x960x7x7,1.093764
92,0,imagen.jpeg,143,activacion,1x960x7x7,0.315691
92,0,imagen.jpeg,144,pointwise_conv,1x960x7x7,181.547868
92,0,imagen.jpeg,145,batchnorm,1x320x7x7,0.372471
92,0,imagen.jpeg,146,pointwise_conv,1x320x7x7,108.50622
92,0,imagen.jpeg,147,batchnorm,1x1280x7x7,1.502196
92,0,imagen.jpeg,148,activacion,1x1280x7x7,0.573083
92,0,imagen.jpeg,149,pooling,1x1280x7x7,0.263221
92,0,imagen.jpeg,150,linear,1x1280,5.110109
93,0,imagen.jpeg,0,conv2d,1x3x224x224,115.857217
93,0,imagen.jpeg,1,batchnorm,1x32x112x112,9.169923
93,0,imagen.jpeg,2,activacion,1x32x112x112,2.76912
93,0,imagen.jpeg,3,depthwise_conv,1x32x112x112,37.129526
93,0,imagen.jpeg,4,batchnorm,1x32x112x112,9.230574
93,0,imagen.jpeg,5,activacion,1x32x112x112,2.83906
93,0,imagen.jpeg,6,pointwise_conv,1x32x112x112,129.036945
93,0,imagen.jpeg,7,batchnorm,1x16x112x112,4.689288
93,0,imagen.jpeg,8,pointwise_conv,1x16x112x112,170.75515
93,0,imagen.jpeg,9,batchnorm,1x96x112x112,27.728892
93,0,imagen.jpeg,10,activacion,1x96x112x112,9.429155
93,0,imagen.jpeg,11,depthwise_conv,1x96x112x112,29.074588
93,0,imagen.jpeg,12,batchnorm,1x96x56x56,6.855635
93,0,imagen.jpeg,13,activacion,1x96x56x56,2.52192
93,0,imagen.jpeg,14,pointwise_conv,1x96x56x56,95.348191
93,0,imagen.jpeg,15,batchnorm,1x24x56x56,1.709686
93,0,imagen.jpeg,16,pointwise_conv,1x24x56x56,88.297975
93,0,imagen.jpeg,17,batchnorm,1x144x56x56,10.461188
93,0,imagen.jpeg,18,activacion,1x144x56x56,3.523793
93,0,imagen.jpeg,19,depthwise_conv,1x144x56x56,41.829995
93,0,imagen.jpeg,20,batchnorm,1x144x56x56,10.307458
93,0,imagen.jpeg,21,activacion,1x144x56x56,3.955354
93,0,imagen.jpeg,22,pointwise_conv,1x144x56x56,199.485648
93,0,imagen.jpeg,23,batchnorm,1x24x56x56,1.713476
93,0,imagen.jpeg,24,layer_add,1x24x56x56,0.845953
93,0,imagen.jpeg,25,pointwise_conv,1x24x56x56,87.708065
93,0,imagen.jpeg,26,batchnorm,1x144x56x56,10.459198
93,0,imagen.jpeg,27,activacion,1x144x56x56,3.873864
93,0,imagen.jpeg,28,depthwise_conv,1x144x56x56,10.661319
93,0,imagen.jpeg,29,batchnorm,1x144x28x28,2.60506
93,0,imagen.jpeg,30,activacion,1x144x28x28,0.896914
93,0,imagen.jpeg,31,pointwise_conv,1x144x28x28,25.739176
93,0,imagen.jpeg,32,batchnorm,1x32x28x28,0.569843
93,0,imagen.jpeg,33,pointwise_conv,1x32x28x28,34.544937
93,0,imagen.jpeg,34,batchnorm,1x192x28x28,3.483113
93,0,imagen.jpeg,35,activacion,1x192x28x28,1.116094
93,0,imagen.jpeg,36,depthwise_conv,1x192x28x28,14.010342
93,0,imagen.jpeg,37,batchnorm,1x192x28x28,3.417213
93,0,imagen.jpeg,38,activacion,1x192x28x28,1.386955
93,0,imagen.jpeg,39,pointwise_conv,1x192x28x28,34.157147
93,0,imagen.jpeg,40,batchnorm,1x32x28x28,0.571202
93,0,imagen.jpeg,41,layer_add,1x32x28x28,0.278061
93,0,imagen.jpeg,42,pointwise_conv,1x32x28x28,34.538528
93,0,imagen.jpeg,43,batchnorm,1x192x28x28,3.446133
93,0,imagen.jpeg,44,activacion,1x192x28x28,1.181384
93,0,imagen.jpeg,45,depthwise_conv,1x192x28x28,14.001502
93,0,imagen.jpeg,46,batchnorm,1x192x28x28,3.417082
93,0,imagen.jpeg,47,activacion,1x192x28x28,1.374225
93,0,imagen.jpeg,48,pointwise_conv,1x192x28x28,34.068776
93,0,imagen.jpeg,49,batchnorm,1x32x28x28,0.597332
93,0,imagen.jpeg,50,layer_add,1x32x28x28,0.277951
93,0,imagen.jpeg,51,pointwise_conv,1x32x28x28,34.486467
93,0,imagen.jpeg,52,batchnorm,1x192x28x28,3.448572
93,0,imagen.jpeg,53,activacion,1x192x28x28,1.283675
93,0,imagen.jpeg,54,depthwise_conv,1x192x28x28,3.634453
93,0,imagen.jpeg,55,batchnorm,1x192x14x14,0.876293
93,0,imagen.jpeg,56,activacion,1x192x14x14,0.276671
93,0,imagen.jpeg,57,pointwise_conv,1x192x14x14,12.601277
93,0,imagen.jpeg,58,batchnorm,1x64x14x14,0.291791
93,0,imagen.jpeg,59,pointwise_conv,1x64x14x14,24.33878
93,0,imagen.jpeg,60,batchnorm,1x384x14x14,1.756407
93,0,imagen.jpeg,61,activacion,1x384x14x14,0.557802
93,0,imagen.jpeg,62,depthwise_conv,1x384x14x14,7.074736
93,0,imagen.jpeg,63,batchnorm,1x384x14x14,1.853796
93,0,imagen.jpeg,64,activacion,1x384x14x14,0.692863
93,0,imagen.jpeg,65,pointwise_conv,1x384x14x14,30.718134
93,0,imagen.jpeg,66,batchnorm,1x64x14x14,0.291131
93,0,imagen.jpeg,67,layer_add,1x64x14x14,0.13547
93,0,imagen.jpeg,68,pointwise_conv,1x64x14x14,24.28406
93,0,imagen.jpeg,69,batchnorm,1x384x14x14,1.768107
93,0,imagen.jpeg,70,activacion,1x384x14x14,0.614583
93,0,imagen.jpeg,71,depthwise_conv,1x384x14x14,7.049646
93,0,imagen.jpeg,72,batchnorm,1x384x14x14,1.733186
93,0,imagen.jpeg,73,activacion,1x384x14x14,0.676352
93,0,imagen.jpeg,74,pointwise_conv,1x384x14x14,30.729934
93,0,imagen.jpeg,75,batchnorm,1x64x14x14,0.288911
93,0,imagen.jpeg,76,layer_add,1x64x14x14,0.13682
93,0,imagen.jpeg,77,pointwise_conv,1x64x14x14,24.3562
93,0,imagen.jpeg,78,batchnorm,1x384x14x14,1.760187
93,0,imagen.jpeg,79,activacion,1x384x14x14,0.650543
93,0,imagen.jpeg,80,depthwise_conv,1x384x14x14,7.061706
93,0,imagen.jpeg,81,batchnorm,1x384x14x14,1.739166
93,0,imagen.jpeg,82,activacion,1x384x14x14,0.680032
93,0,imagen.jpeg,83,pointwise_conv,1x384x14x14,30.712124
93,0,imagen.jpeg,84,batchnorm,1x64x14x14,0.304271
93,0,imagen.jpeg,85,layer_add,1x64x14x14,0.14048
93,0,imagen.jpeg,86,pointwise_conv,1x64x14x14,24.32318
93,0,imagen.jpeg,87,batchnorm,1x384x14x14,1.754196
93,0,imagen.jpeg,88,activacion,1x384x14x14,0.626902
93,0,imagen.jpeg,89,depthwise_conv,1x384x14x14,7.058446
93,0,imagen.jpeg,90,batchnorm,1x384x14x14,1.819967
93,0,imagen.jpeg,91,activacion,1x384x14x14,0.639823
93,0,imagen.jpeg,92,pointwise_conv,1x384x14x14,46.09167
93,0,imagen.jpeg,93,batchnorm,1x96x14x14,0.432751
93,0,imagen.jpeg,94,pointwise_conv,1x96x14x14,55.388746
93,0,imagen.jpeg,95,batchnorm,1x576x14x14,2.6634
93,0,imagen.jpeg,96,activacion,1x576x14x14,0.975004
93,0,imagen.jpeg,97,depthwise_conv,1x576x14x14,10.601839
93,0,imagen.jpeg,98,batchnorm,1x576x14x14,2.61541
93,0,imagen.jpeg,99,activacion,1x576x14x14,1.029703
93,0,imagen.jpeg,100,pointwise_conv,1x576x14x14,97.412282
93,0,imagen.jpeg,101,batchnorm,1x96x14x14,0.435282
93,0,imagen.jpeg,102,layer_add,1x96x14x14,0.207011
93,0,imagen.jpeg,103,pointwise_conv,1x96x14x14,55.489806
93,0,imagen.jpeg,104,batchnorm,1x576x14x14,2.65568
93,0,imagen.jpeg,105,activacion,1x576x14x14,0.983464
93,0,imagen.jpeg,106,depthwise_conv,1x576x14x14,10.610109
93,0,imagen.jpeg,107,batchnorm,1x576x14x14,2.637689
93,0,imagen.jpeg,108,activacion,1x576x14x14,0.953024
93,0,imagen.jpeg,109,pointwise_conv,1x576x14x14,97.536322
93,0,imagen.jpeg,110,batchnorm,1x96x14x14,0.436041
93,0,imagen.jpeg,111,layer_add,1x96x14x14,0.207311
93,0,imagen.jpeg,112,pointwise_conv,1x96x14x14,55.417556
93,0,imagen.jpeg,113,batchnorm,1x576x14x14,2.66399
93,0,imagen.jpeg,114,activacion,1x576x14x14,0.982443
93,0,imagen.jpeg,115,depthwise_conv,1x576x14x14,2.776021
93,0,imagen.jpeg,116,batchnorm,1x576x7x7,0.662792
93,0,imagen.jpeg,117,activacion,1x576x7x7,0.204331
93,0,imagen.jpeg,118,pointwise_conv,1x576x7x7,42.788679
93,0,imagen.jpeg,119,batchnorm,1x160x7x7,0.187301
93,0,imagen.jpeg,120,pointwise_conv,1x160x7x7,31.587787
93,0,imagen.jpeg,121,batchnorm,1x960x7x7,1.114174
93,0,imagen.jpeg,122,activacion,1x960x7x7,0.393191
93,0,imagen.jpeg,123,depthwise_conv,1x960x7x7,4.643357
93,0,imagen.jpeg,124,batchnorm,1x960x7x7,1.096734
93,0,imagen.jpeg,125,activacion,1x960x7x7,0.405491
93,0,imagen.jpeg,126,pointwise_conv,1x960x7x7,90.616187
93,0,imagen.jpeg,127,batchnorm,1x160x7x7,0.18468
93,0,imagen.jpeg,128,layer_add,1x160x7x7,0.0843
93,0,imagen.jpeg,129,pointwise_conv,1x160x7x7,31.538887
93,0,imagen.jpeg,130,batchnorm,1x960x7x7,1.113354
93,0,imagen.jpeg,131,activacion,1x960x7x7,0.423482
93,0,imagen.jpeg,132,depthwise_conv,1x960x7x7,4.616667
93,0,imagen.jpeg,133,batchnorm,1x960x7x7,1.095694
93,0,imagen.jpeg,134,activacion,1x960x7x7,0.397581
93,0,imagen.jpeg,135,pointwise_conv,1x960x7x7,90.700917
93,0,imagen.jpeg,136,batchnorm,1x160x7x7,0.18725
93,0,imagen.jpeg,137,layer_add,1x160x7x7,0.08643
93,0,imagen.jpeg,138,pointwise_conv,1x160x7x7,31.499787
93,0,imagen.jpeg,139,batchnorm,1x960x7x7,1.138124
93,0,imagen.jpeg,140,activacion,1x960x7x7,0.397841
93,0,imagen.jpeg,141,depthwise_conv,1x960x7x7,4.620127
93,0,imagen.jpeg,142,batchnorm,1x960x7x7,1.095684
93,0,imagen.jpeg,143,activacion,1x960x7x7,0.316791
93,0,imagen.jpeg,144,pointwise_conv,1x960x7x7,181.457893
93,0,imagen.jpeg,145,batchnorm,1x320x7x7,0.374782
93,0,imagen.jpeg,146,pointwise_conv,1x320x7x7,108.430823
93,0,imagen.jpeg,147,batchnorm,1x1280x7x7,1.520265
93,0,imagen.jpeg,148,activacion,1x1280x7x7,0.543822
93,0,imagen.jpeg,149,pooling,1x1280x7x7,0.263521
93,0,imagen.jpeg,150,linear,1x1280,5.098519
94,0,imagen.jpeg,0,conv2d,1x3x224x224,114.624107
94,0,imagen.jpeg,1,batchnorm,1x32x112x112,9.217804
94,0,imagen.jpeg,2,activacion,1x32x112x112,2.76822
94,0,imagen.jpeg,3,depthwise_conv,1x32x112x112,37.206578
94,0,imagen.jpeg,4,batchnorm,1x32x112x112,9.228174
94,0,imagen.jpeg,5,activacion,1x32x112x112,2.833041
94,0,imagen.jpeg,6,pointwise_conv,1x32x112x112,131.319519
94,0,imagen.jpeg,7,batchnorm,1x16x112x112,4.591417
94,0,imagen.jpeg,8,pointwise_conv,1x16x112x112,171.863061
94,0,imagen.jpeg,9,batchnorm,1x96x112x112,27.778464
94,0,imagen.jpeg,10,activacion,1x96x112x112,9.404365
94,0,imagen.jpeg,11,depthwise_conv,1x96x112x112,29.106298
94,0,imagen.jpeg,12,batchnorm,1x96x56x56,6.880065
94,0,imagen.jpeg,13,activacion,1x96x56x56,2.50848
94,0,imagen.jpeg,14,pointwise_conv,1x96x56x56,96.215528
94,0,imagen.jpeg,15,batchnorm,1x24x56x56,1.708287
94,0,imagen.jpeg,16,pointwise_conv,1x24x56x56,88.295439
94,0,imagen.jpeg,17,batchnorm,1x144x56x56,10.450899
94,0,imagen.jpeg,18,activacion,1x144x56x56,3.527843
94,0,imagen.jpeg,19,depthwise_conv,1x144x56x56,41.832856
94,0,imagen.jpeg,20,batchnorm,1x144x56x56,10.315909
94,0,imagen.jpeg,21,activacion,1x144x56x56,4.009235
94,0,imagen.jpeg,22,pointwise_conv,1x144x56x56,199.084393
94,0,imagen.jpeg,23,batchnorm,1x24x56x56,1.711106
94,0,imagen.jpeg,24,layer_add,1x24x56x56,0.765953
94,0,imagen.jpeg,25,pointwise_conv,1x24x56x56,87.681438
94,0,imagen.jpeg,26,batchnorm,1x144x56x56,10.457089
94,0,imagen.jpeg,27,activacion,1x144x56x56,3.861004
94,0,imagen.jpeg,28,depthwise_conv,1x144x56x56,10.74748
94,0,imagen.jpeg,29,batchnorm,1x144x28x28,2.60218
94,0,imagen.jpeg,30,activacion,1x144x28x28,0.892344
94,0,imagen.jpeg,31,pointwise_conv,1x144x28x28,25.778117
94,0,imagen.jpeg,32,batchnorm,1x32x28x28,0.570792
94,0,imagen.jpeg,33,pointwise_conv,1x32x28x28,34.543719
94,0,imagen.jpeg,34,batchnorm,1x192x28x28,3.476893
94,0,imagen.jpeg,35,activacion,1x192x28x28,1.115034
94,0,imagen.jpeg,36,depthwise_conv,1x192x28x28,13.986353
94,0,imagen.jpeg,37,batchnorm,1x192x28x28,3.430023
94,0,imagen.jpeg,38,activacion,1x192x28x28,1.410675
94,0,imagen.jpeg,39,pointwise_conv,1x192x28x28,34.271538
94,0,imagen.jpeg,40,batchnorm,1x32x28x28,0.573102
94,0,imagen.jpeg,41,layer_add,1x32x28x28,0.273271
94,0,imagen.jpeg,42,pointwise_conv,1x32x28x28,34.536979
94,0,imagen.jpeg,43,batchnorm,1x192x28x28,3.445913
94,0,imagen.jpeg,44,activacion,1x192x28x28,1.181195
94,0,imagen.jpeg,45,depthwise_conv,1x192x28x28,13.980772
94,0,imagen.jpeg,46,batchnorm,1x192x28x28,3.426043
94,0,imagen.jpeg,47,activacion,1x192x28x28,1.407765
94,0,imagen.jpeg,48,pointwise_conv,1x192x28x28,34.184208
94,0,imagen.jpeg,49,batchnorm,1x32x28x28,0.601242
94,0,imagen.jpeg,50,layer_add,1x32x28x28,0.273971
94,0,imagen.jpeg,51,pointwise_conv,1x32x28x28,34.495169
94,0,imagen.jpeg,52,batchnorm,1x192x28x28,3.447153
94,0,imagen.jpeg,53,activacion,1x192x28x28,1.279475
94,0,imagen.jpeg,54,depthwise_conv,1x192x28x28,3.640113
94,0,imagen.jpeg,55,batchnorm,1x192x14x14,0.873663
94,0,imagen.jpeg,56,activacion,1x192x14x14,0.276891
94,0,imagen.jpeg,57,pointwise_conv,1x192x14x14,12.605487
94,0,imagen.jpeg,58,batchnorm,1x64x14x14,0.288161
94,0,imagen.jpeg,59,pointwise_conv,1x64x14x14,24.360301
94,0,imagen.jpeg,60,batchnorm,1x384x14x14,1.758886
94,0,imagen.jpeg,61,activacion,1x384x14x14,0.557792
94,0,imagen.jpeg,62,depthwise_conv,1x384x14x14,7.073856
94,0,imagen.jpeg,63,batchnorm,1x384x14x14,1.752567
94,0,imagen.jpeg,64,activacion,1x384x14x14,0.692522
94,0,imagen.jpeg,65,pointwise_conv,1x384x14x14,30.735065
94,0,imagen.jpeg,66,batchnorm,1x64x14x14,0.288251
94,0,imagen.jpeg,67,layer_add,1x64x14x14,0.13684
94,0,imagen.jpeg,68,pointwise_conv,1x64x14x14,24.276271
94,0,imagen.jpeg,69,batchnorm,1x384x14x14,1.767557
94,0,imagen.jpeg,70,activacion,1x384x14x14,0.614293
94,0,imagen.jpeg,71,depthwise_conv,1x384x14x14,7.053706
94,0,imagen.jpeg,72,batchnorm,1x384x14x14,1.733827
94,0,imagen.jpeg,73,activacion,1x384x14x14,0.650612
94,0,imagen.jpeg,74,pointwise_conv,1x384x14x14,30.812725
94,0,imagen.jpeg,75,batchnorm,1x64x14x14,0.289851
94,0,imagen.jpeg,76,layer_add,1x64x14x14,0.1341
94,0,imagen.jpeg,77,pointwise_conv,1x64x14x14,24.289731
94,0,imagen.jpeg,78,batchnorm,1x384x14x14,1.765407
94,0,imagen.jpeg,79,activacion,1x384x14x14,0.661183
94,0,imagen.jpeg,80,depthwise_conv,1x384x14x14,7.065227
94,0,imagen.jpeg,81,batchnorm,1x384x14x14,1.732497
94,0,imagen.jpeg,82,activacion,1x384x14x14,0.690883
94,0,imagen.jpeg,83,pointwise_conv,1x384x14x14,30.775085
94,0,imagen.jpeg,84,batchnorm,1x64x14x14,0.289201
94,0,imagen.jpeg,85,layer_add,1x64x14x14,0.138021
94,0,imagen.jpeg,86,pointwise_conv,1x64x14x14,24.337601
94,0,imagen.jpeg,87,batchnorm,1x384x14x14,1.751426
94,0,imagen.jpeg,88,activacion,1x384x14x14,0.657422
94,0,imagen.jpeg,89,depthwise_conv,1x384x14x14,7.042157
94,0,imagen.jpeg,90,batchnorm,1x384x14x14,1.745256
94,0,imagen.jpeg,91,activacion,1x384x14x14,0.656932
94,0,imagen.jpeg,92,pointwise_conv,1x384x14x14,46.110222
94,0,imagen.jpeg,93,batchnorm,1x96x14x14,0.432952
94,0,imagen.jpeg,94,pointwise_conv,1x96x14x14,55.404637
94,0,imagen.jpeg,95,batchnorm,1x576x14x14,2.65449
94,0,imagen.jpeg,96,activacion,1x576x14x14,0.970774
94,0,imagen.jpeg,97,depthwise_conv,1x576x14x14,10.608499
94,0,imagen.jpeg,98,batchnorm,1x576x14x14,2.622689
94,0,imagen.jpeg,99,activacion,1x576x14x14,1.016994
94,0,imagen.jpeg,100,pointwise_conv,1x576x14x14,97.473334
94,0,imagen.jpeg,101,batchnorm,1x96x14x14,0.437892
94,0,imagen.jpeg,102,layer_add,1x96x14x14,0.205601
94,0,imagen.jpeg,103,pointwise_conv,1x96x14x14,55.480087
94,0,imagen.jpeg,104,batchnorm,1x576x14x14,2.64591
94,0,imagen.jpeg,105,activacion,1x576x14x14,0.982653
94,0,imagen.jpeg,106,depthwise_conv,1x576x14x14,10.6013
94,0,imagen.jpeg,107,batchnorm,1x576x14x14,2.64467
94,0,imagen.jpeg,108,activacion,1x576x14x14,0.943184
94,0,imagen.jpeg,109,pointwise_conv,1x576x14x14,97.503966
94,0,imagen.jpeg,110,batchnorm,1x96x14x14,0.436272
94,0,imagen.jpeg,111,layer_add,1x96x14x14,0.2077
94,0,imagen.jpeg,112,pointwise_conv,1x96x14x14,55.447028
94,0,imagen.jpeg,113,batchnorm,1x576x14x14,2.66769
94,0,imagen.jpeg,114,activacion,1x576x14x14,0.974904
94,0,imagen.jpeg,115,depthwise_conv,1x576x14x14,2.78679
94,0,imagen.jpeg,116,batchnorm,1x576x7x7,0.664873
94,0,imagen.jpeg,117,activacion,1x576x7x7,0.204161
94,0,imagen.jpeg,118,pointwise_conv,1x576x7x7,42.905101
94,0,imagen.jpeg,119,batchnorm,1x160x7x7,0.184161
94,0,imagen.jpeg,120,pointwise_conv,1x160x7x7,31.542258
94,0,imagen.jpeg,121,batchnorm,1x960x7x7,1.118084
94,0,imagen.jpeg,122,activacion,1x960x7x7,0.404611
94,0,imagen.jpeg,123,depthwise_conv,1x960x7x7,4.624108
94,0,imagen.jpeg,124,batchnorm,1x960x7x7,1.095844
94,0,imagen.jpeg,125,activacion,1x960x7x7,0.404082
94,0,imagen.jpeg,126,pointwise_conv,1x960x7x7,90.8209
94,0,imagen.jpeg,127,batchnorm,1x160x7x7,0.18529
94,0,imagen.jpeg,128,layer_add,1x160x7x7,0.0872
94,0,imagen.jpeg,129,pointwise_conv,1x160x7x7,31.520078
94,0,imagen.jpeg,130,batchnorm,1x960x7x7,1.116944
94,0,imagen.jpeg,131,activacion,1x960x7x7,0.425601
94,0,imagen.jpeg,132,depthwise_conv,1x960x7x7,4.601078
94,0,imagen.jpeg,133,batchnorm,1x960x7x7,1.094874
94,0,imagen.jpeg,134,activacion,1x960x7x7,0.398092
94,0,imagen.jpeg,135,pointwise_conv,1x960x7x7,90.767071
94,0,imagen.jpeg,136,batchnorm,1x160x7x7,0.187311
94,0,imagen.jpeg,137,layer_add,1x160x7x7,0.08596
94,0,imagen.jpeg,138,pointwise_conv,1x160x7x7,31.503388
94,0,imagen.jpeg,139,batchnorm,1x960x7x7,1.139935
94,0,imagen.jpeg,140,activacion,1x960x7x7,0.399752
94,0,imagen.jpeg,141,depthwise_conv,1x960x7x7,4.608897
94,0,imagen.jpeg,142,batchnorm,1x960x7x7,1.096594
94,0,imagen.jpeg,143,activacion,1x960x7x7,0.316561
94,0,imagen.jpeg,144,pointwise_conv,1x960x7x7,181.496821
94,0,imagen.jpeg,145,batchnorm,1x320x7x7,0.372171
94,0,imagen.jpeg,146,pointwise_conv,1x320x7x7,108.455877
94,0,imagen.jpeg,147,batchnorm,1x1280x7x7,1.514776
94,0,imagen.jpeg,148,activacion,1x1280x7x7,0.544032
94,0,imagen.jpeg,149,pooling,1x1280x7x7,0.263751
94,0,imagen.jpeg,150,linear,1x1280,5.10836
95,0,imagen.jpeg,0,conv2d,1x3x224x224,115.596464
95,0,imagen.jpeg,1,batchnorm,1x32x112x112,9.152254
95,0,imagen.jpeg,2,activacion,1x32x112x112,2.80567
95,0,imagen.jpeg,3,depthwise_conv,1x32x112x112,37.04131
95,0,imagen.jpeg,4,batchnorm,1x32x112x112,9.227224
95,0,imagen.jpeg,5,activacion,1x32x112x112,2.802791
95,0,imagen.jpeg,6,pointwise_conv,1x32x112x112,129.819249
95,0,imagen.jpeg,7,batchnorm,1x16x112x112,4.594807
95,0,imagen.jpeg,8,pointwise_conv,1x16x112x112,170.911384
95,0,imagen.jpeg,9,batchnorm,1x96x112x112,27.735314
95,0,imagen.jpeg,10,activacion,1x96x112x112,9.355545
95,0,imagen.jpeg,11,depthwise_conv,1x96x112x112,29.08336
95,0,imagen.jpeg,12,batchnorm,1x96x56x56,6.870386
95,0,imagen.jpeg,13,activacion,1x96x56x56,2.475499
95,0,imagen.jpeg,14,pointwise_conv,1x96x56x56,95.158919
95,0,imagen.jpeg,15,batchnorm,1x24x56x56,1.748947
95,0,imagen.jpeg,16,pointwise_conv,1x24x56x56,88.272202
95,0,imagen.jpeg,17,batchnorm,1x144x56x56,10.44524
95,0,imagen.jpeg,18,activacion,1x144x56x56,3.576554
95,0,imagen.jpeg,19,depthwise_conv,1x144x56x56,41.805178
95,0,imagen.jpeg,20,batchnorm,1x144x56x56,10.400949
95,0,imagen.jpeg,21,activacion,1x144x56x56,3.947935
95,0,imagen.jpeg,22,pointwise_conv,1x144x56x56,199.554921
95,0,imagen.jpeg,23,batchnorm,1x24x56x56,1.760007
95,0,imagen.jpeg,24,layer_add,1x24x56x56,0.771703
95,0,imagen.jpeg,25,pointwise_conv,1x24x56x56,87.71532
95,0,imagen.jpeg,26,batchnorm,1x144x56x56,10.53676
95,0,imagen.jpeg,27,activacion,1x144x56x56,3.859404
95,0,imagen.jpeg,28,depthwise_conv,1x144x56x56,10.64789
95,0,imagen.jpeg,29,batchnorm,1x144x28x28,2.5753
95,0,imagen.jpeg,30,activacion,1x144x28x28,0.936444
95,0,imagen.jpeg,31,pointwise_conv,1x144x28x28,25.580366
95,0,imagen.jpeg,32,batchnorm,1x32x28x28,0.567142
95,0,imagen.jpeg,33,pointwise_conv,1x32x28x28,34.545361
95,0,imagen.jpeg,34,batchnorm,1x192x28x28,3.462933
95,0,imagen.jpeg,35,activacion,1x192x28x28,1.113474
95,0,imagen.jpeg,36,depthwise_conv,1x192x28x28,13.994433
95,0,imagen.jpeg,37,batchnorm,1x192x28x28,3.524473
95,0,imagen.jpeg,38,activacion,1x192x28x28,1.341165
95,0,imagen.jpeg,39,pointwise_conv,1x192x28x28,34.176999
95,0,imagen.jpeg,40,batchnorm,1x32x28x28,0.569772
95,0,imagen.jpeg,41,layer_add,1x32x28x28,0.272491
95,0,imagen.jpeg,42,pointwise_conv,1x32x28x28,34.62438
95,0,imagen.jpeg,43,batchnorm,1x192x28x28,3.475043
95,0,imagen.jpeg,44,activacion,1x192x28x28,1.178824
95,0,imagen.jpeg,45,depthwise_conv,1x192x28x28,13.995453
95,0,imagen.jpeg,46,batchnorm,1x192x28x28,3.446453
95,0,imagen.jpeg,47,activacion,1x192x28x28,1.340415
95,0,imagen.jpeg,48,pointwise_conv,1x192x28x28,34.39917
95,0,imagen.jpeg,49,batchnorm,1x32x28x28,0.574173
95,0,imagen.jpeg,50,layer_add,1x32x28x28,0.275161
95,0,imagen.jpeg,51,pointwise_conv,1x32x28x28,34.581401
95,0,imagen.jpeg,52,batchnorm,1x192x28x28,3.474114
95,0,imagen.jpeg,53,activacion,1x192x28x28,1.252705
95,0,imagen.jpeg,54,depthwise_conv,1x192x28x28,3.643914
95,0,imagen.jpeg,55,batchnorm,1x192x14x14,0.889193
95,0,imagen.jpeg,56,activacion,1x192x14x14,0.277181
95,0,imagen.jpeg,57,pointwise_conv,1x192x14x14,12.606217
95,0,imagen.jpeg,58,batchnorm,1x64x14x14,0.287961
95,0,imagen.jpeg,59,pointwise_conv,1x64x14x14,24.344532
95,0,imagen.jpeg,60,batchnorm,1x384x14x14,1.763646
95,0,imagen.jpeg,61,activacion,1x384x14x14,0.561382
95,0,imagen.jpeg,62,depthwise_conv,1x384x14x14,7.063347
95,0,imagen.jpeg,63,batchnorm,1x384x14x14,1.734696
95,0,imagen.jpeg,64,activacion,1x384x14x14,0.689163
95,0,imagen.jpeg,65,pointwise_conv,1x384x14x14,30.743066
95,0,imagen.jpeg,66,batchnorm,1x64x14x14,0.289721
95,0,imagen.jpeg,67,layer_add,1x64x14x14,0.1361
95,0,imagen.jpeg,68,pointwise_conv,1x64x14x14,24.289882
95,0,imagen.jpeg,69,batchnorm,1x384x14x14,1.749437
95,0,imagen.jpeg,70,activacion,1x384x14x14,0.616903
95,0,imagen.jpeg,71,depthwise_conv,1x384x14x14,7.136277
95,0,imagen.jpeg,72,batchnorm,1x384x14x14,1.759206
95,0,imagen.jpeg,73,activacion,1x384x14x14,0.684963
95,0,imagen.jpeg,74,pointwise_conv,1x384x14x14,30.852407
95,0,imagen.jpeg,75,batchnorm,1x64x14x14,0.289161
95,0,imagen.jpeg,76,layer_add,1x64x14x14,0.138851
95,0,imagen.jpeg,77,pointwise_conv,1x64x14x14,24.295672
95,0,imagen.jpeg,78,batchnorm,1x384x14x14,1.749086
95,0,imagen.jpeg,79,activacion,1x384x14x14,0.668422
95,0,imagen.jpeg,80,depthwise_conv,1x384x14x14,7.046087
95,0,imagen.jpeg,81,batchnorm,1x384x14x14,1.734787
95,0,imagen.jpeg,82,activacion,1x384x14x14,0.661673
95,0,imagen.jpeg,83,pointwise_conv,1x384x14x14,30.704836
95,0,imagen.jpeg,84,batchnorm,1x64x14x14,0.290771
95,0,imagen.jpeg,85,layer_add,1x64x14x14,0.14095
95,0,imagen.jpeg,86,pointwise_conv,1x64x14x14,24.354702
95,0,imagen.jpeg,87,batchnorm,1x384x14x14,1.767177
95,0,imagen.jpeg,88,activacion,1x384x14x14,0.628772
95,0,imagen.jpeg,89,depthwise_conv,1x384x14x14,7.066457
95,0,imagen.jpeg,90,batchnorm,1x384x14x14,1.729886
95,0,imagen.jpeg,91,activacion,1x384x14x14,0.694292
95,0,imagen.jpeg,92,pointwise_conv,1x384x14x14,46.042364
95,0,imagen.jpeg,93,batchnorm,1x96x14x14,0.432571
95,0,imagen.jpeg,94,pointwise_conv,1x96x14x14,55.3819
95,0,imagen.jpeg,95,batchnorm,1x576x14x14,2.66565
95,0,imagen.jpeg,96,activacion,1x576x14x14,0.974374
95,0,imagen.jpeg,97,depthwise_conv,1x576x14x14,10.62074
95,0,imagen.jpeg,98,batchnorm,1x576x14x14,2.66187
95,0,imagen.jpeg,99,activacion,1x576x14x14,0.964443
95,0,imagen.jpeg,100,pointwise_conv,1x576x14x14,97.466318
95,0,imagen.jpeg,101,batchnorm,1x96x14x14,0.435002
95,0,imagen.jpeg,102,layer_add,1x96x14x14,0.205111
95,0,imagen.jpeg,103,pointwise_conv,1x96x14x14,55.497189
95,0,imagen.jpeg,104,batchnorm,1x576x14x14,2.66058
95,0,imagen.jpeg,105,activacion,1x576x14x14,0.982833
95,0,imagen.jpeg,106,depthwise_conv,1x576x14x14,10.692801
95,0,imagen.jpeg,107,batchnorm,1x576x14x14,2.61729
95,0,imagen.jpeg,108,activacion,1x576x14x14,0.996753
95,0,imagen.jpeg,109,pointwise_conv,1x576x14x14,97.350568
95,0,imagen.jpeg,110,batchnorm,1x96x14x14,0.438402
95,0,imagen.jpeg,111,layer_add,1x96x14x14,0.207061
95,0,imagen.jpeg,112,pointwise_conv,1x96x14x14,55.308089
95,0,imagen.jpeg,113,batchnorm,1x576x14x14,2.65783
95,0,imagen.jpeg,114,activacion,1x576x14x14,0.978474
95,0,imagen.jpeg,115,depthwise_conv,1x576x14x14,2.7957
95,0,imagen.jpeg,116,batchnorm,1x576x7x7,0.662952
95,0,imagen.jpeg,117,activacion,1x576x7x7,0.2031
95,0,imagen.jpeg,118,pointwise_conv,1x576x7x7,42.720362
95,0,imagen.jpeg,119,batchnorm,1x160x7x7,0.18331
95,0,imagen.jpeg,120,pointwise_conv,1x160x7x7,31.49614
95,0,imagen.jpeg,121,batchnorm,1x960x7x7,1.131355
95,0,imagen.jpeg,122,activacion,1x960x7x7,0.402012
95,0,imagen.jpeg,123,depthwise_conv,1x960x7x7,4.621497
95,0,imagen.jpeg,124,batchnorm,1x960x7x7,1.094795
95,0,imagen.jpeg,125,activacion,1x960x7x7,0.404802
95,0,imagen.jpeg,126,pointwise_conv,1x960x7x7,90.641684
95,0,imagen.jpeg,127,batchnorm,1x160x7x7,0.186501
95,0,imagen.jpeg,128,layer_add,1x160x7x7,0.08383
95,0,imagen.jpeg,129,pointwise_conv,1x160x7x7,31.5024
95,0,imagen.jpeg,130,batchnorm,1x960x7x7,1.125444
95,0,imagen.jpeg,131,activacion,1x960x7x7,0.395991
95,0,imagen.jpeg,132,depthwise_conv,1x960x7x7,4.736228
95,0,imagen.jpeg,133,batchnorm,1x960x7x7,1.115185
95,0,imagen.jpeg,134,activacion,1x960x7x7,0.398362
95,0,imagen.jpeg,135,pointwise_conv,1x960x7x7,91.638288
95,0,imagen.jpeg,136,batchnorm,1x160x7x7,0.188221
95,0,imagen.jpeg,137,layer_add,1x160x7x7,0.08481
95,0,imagen.jpeg,138,pointwise_conv,1x160x7x7,31.508499
95,0,imagen.jpeg,139,batchnorm,1x960x7x7,1.117344
95,0,imagen.jpeg,140,activacion,1x960x7x7,0.392961
95,0,imagen.jpeg,141,depthwise_conv,1x960x7x7,4.709688
95,0,imagen.jpeg,142,batchnorm,1x960x7x7,1.097594
95,0,imagen.jpeg,143,activacion,1x960x7x7,0.317881
95,0,imagen.jpeg,144,pointwise_conv,1x960x7x7,181.530398
95,0,imagen.jpeg,145,batchnorm,1x320x7x7,0.373252
95,0,imagen.jpeg,146,pointwise_conv,1x320x7x7,108.442611
95,0,imagen.jpeg,147,batchnorm,1x1280x7x7,1.495366
95,0,imagen.jpeg,148,activacion,1x1280x7x7,0.573912
95,0,imagen.jpeg,149,pooling,1x1280x7x7,0.265041
95,0,imagen.jpeg,150,linear,1x1280,5.10177
96,0,imagen.jpeg,0,conv2d,1x3x224x224,115.114066
96,0,imagen.jpeg,1,batchnorm,1x32x112x112,9.159264
96,0,imagen.jpeg,2,activacion,1x32x112x112,3.037021
96,0,imagen.jpeg,3,depthwise_conv,1x32x112x112,37.052371
96,0,imagen.jpeg,4,batchnorm,1x32x112x112,9.233315
96,0,imagen.jpeg,5,activacion,1x32x112x112,2.901921
96,0,imagen.jpeg,6,pointwise_conv,1x32x112x112,129.996743
96,0,imagen.jpeg,7,batchnorm,1x16x112x112,4.582468
96,0,imagen.jpeg,8,pointwise_conv,1x16x112x112,171.550883
96,0,imagen.jpeg,9,batchnorm,1x96x112x112,27.801575
96,0,imagen.jpeg,10,activacion,1x96x112x112,9.472946
96,0,imagen.jpeg,11,depthwise_conv,1x96x112x112,29.179921
96,0,imagen.jpeg,12,batchnorm,1x96x56x56,6.887706
96,0,imagen.jpeg,13,activacion,1x96x56x56,2.476079
96,0,imagen.jpeg,14,pointwise_conv,1x96x56x56,94.59519
96,0,imagen.jpeg,15,batchnorm,1x24x56x56,1.760547
96,0,imagen.jpeg,16,pointwise_conv,1x24x56x56,88.286176
96,0,imagen.jpeg,17,batchnorm,1x144x56x56,10.46209
96,0,imagen.jpeg,18,activacion,1x144x56x56,3.599093
96,0,imagen.jpeg,19,depthwise_conv,1x144x56x56,41.94664
96,0,imagen.jpeg,20,batchnorm,1x144x56x56,10.329119
96,0,imagen.jpeg,21,activacion,1x144x56x56,3.990295
96,0,imagen.jpeg,22,pointwise_conv,1x144x56x56,199.040688
96,0,imagen.jpeg,23,batchnorm,1x24x56x56,1.708626
96,0,imagen.jpeg,24,layer_add,1x24x56x56,0.849313
96,0,imagen.jpeg,25,pointwise_conv,1x24x56x56,87.678724
96,0,imagen.jpeg,26,batchnorm,1x144x56x56,10.45387
96,0,imagen.jpeg,27,activacion,1x144x56x56,3.856284
96,0,imagen.jpeg,28,depthwise_conv,1x144x56x56,10.64139
96,0,imagen.jpeg,29,batchnorm,1x144x28x28,2.59782
96,0,imagen.jpeg,30,activacion,1x144x28x28,0.907023
96,0,imagen.jpeg,31,pointwise_conv,1x144x28x28,25.645308
96,0,imagen.jpeg,32,batchnorm,1x32x28x28,0.566982
96,0,imagen.jpeg,33,pointwise_conv,1x32x28x28,34.628072
96,0,imagen.jpeg,34,batchnorm,1x192x28x28,3.475963
96,0,imagen.jpeg,35,activacion,1x192x28x28,1.115344
96,0,imagen.jpeg,36,depthwise_conv,1x192x28x28,14.060064
96,0,imagen.jpeg,37,batchnorm,1x192x28x28,3.470443
96,0,imagen.jpeg,38,activacion,1x192x28x28,1.337775
96,0,imagen.jpeg,39,pointwise_conv,1x192x28x28,34.30458
96,0,imagen.jpeg,40,batchnorm,1x32x28x28,0.569812
96,0,imagen.jpeg,41,layer_add,1x32x28x28,0.276731
96,0,imagen.jpeg,42,pointwise_conv,1x32x28x28,34.555652
96,0,imagen.jpeg,43,batchnorm,1x192x28x28,3.480124
96,0,imagen.jpeg,44,activacion,1x192x28x28,1.180355
96,0,imagen.jpeg,45,depthwise_conv,1x192x28x28,14.092094
96,0,imagen.jpeg,46,batchnorm,1x192x28x28,3.452263
96,0,imagen.jpeg,47,activacion,1x192x28x28,1.338255
96,0,imagen.jpeg,48,pointwise_conv,1x192x28x28,34.132701
96,0,imagen.jpeg,49,batchnorm,1x32x28x28,0.574053
96,0,imagen.jpeg,50,layer_add,1x32x28x28,0.275041
96,0,imagen.jpeg,51,pointwise_conv,1x32x28x28,34.509662
96,0,imagen.jpeg,52,batchnorm,1x192x28x28,3.472703
96,0,imagen.jpeg,53,activacion,1x192x28x28,1.254264
96,0,imagen.jpeg,54,depthwise_conv,1x192x28x28,3.633204
96,0,imagen.jpeg,55,batchnorm,1x192x14x14,0.874114
96,0,imagen.jpeg,56,activacion,1x192x14x14,0.277471
96,0,imagen.jpeg,57,pointwise_conv,1x192x14x14,12.608718
96,0,imagen.jpeg,58,batchnorm,1x64x14x14,0.288421
96,0,imagen.jpeg,59,pointwise_conv,1x64x14x14,24.373463
96,0,imagen.jpeg,60,batchnorm,1x384x14x14,1.757746
96,0,imagen.jpeg,61,activacion,1x384x14x14,0.558472
96,0,imagen.jpeg,62,depthwise_conv,1x384x14x14,7.050357
96,0,imagen.jpeg,63,batchnorm,1x384x14x14,1.749177
96,0,imagen.jpeg,64,activacion,1x384x14x14,0.686643
96,0,imagen.jpeg,65,pointwise_conv,1x384x14x14,30.740537
96,0,imagen.jpeg,66,batchnorm,1x64x14x14,0.288481
96,0,imagen.jpeg,67,layer_add,1x64x14x14,0.13645
96,0,imagen.jpeg,68,pointwise_conv,1x64x14x14,24.282833
96,0,imagen.jpeg,69,batchnorm,1x384x14x14,1.764977
96,0,imagen.jpeg,70,activacion,1x384x14x14,0.631713
96,0,imagen.jpeg,71,depthwise_conv,1x384x14x14,7.189537
96,0,imagen.jpeg,72,batchnorm,1x384x14x14,1.741426
96,0,imagen.jpeg,73,activacion,1x384x14x14,0.668652
96,0,imagen.jpeg,74,pointwise_conv,1x384x14x14,30.741657
96,0,imagen.jpeg,75,batchnorm,1x64x14x14,0.289951
96,0,imagen.jpeg,76,layer_add,1x64x14x14,0.141231
96,0,imagen.jpeg,77,pointwise_conv,1x64x14x14,24.278632
96,0,imagen.jpeg,78,batchnorm,1x384x14x14,1.746826
96,0,imagen.jpeg,79,activacion,1x384x14x14,0.658452
96,0,imagen.jpeg,80,depthwise_conv,1x384x14x14,7.077017
96,0,imagen.jpeg,81,batchnorm,1x384x14x14,1.765817
96,0,imagen.jpeg,82,activacion,1x384x14x14,0.653922
96,0,imagen.jpeg,83,pointwise_conv,1x384x14x14,30.814168
96,0,imagen.jpeg,84,batchnorm,1x64x14x14,0.288241
96,0,imagen.jpeg,85,layer_add,1x64x14x14,0.13876
96,0,imagen.jpeg,86,pointwise_conv,1x64x14x14,24.347493
96,0,imagen.jpeg,87,batchnorm,1x384x14x14,1.769986
96,0,imagen.jpeg,88,activacion,1x384x14x14,0.629342
96,0,imagen.jpeg,89,depthwise_conv,1x384x14x14,7.059317
96,0,imagen.jpeg,90,batchnorm,1x384x14x14,1.736157
96,0,imagen.jpeg,91,activacion,1x384x14x14,0.641103
96,0,imagen.jpeg,92,pointwise_conv,1x384x14x14,46.154316
96,0,imagen.jpeg,93,batchnorm,1x96x14x14,0.440382
96,0,imagen.jpeg,94,pointwise_conv,1x96x14x14,55.409061
96,0,imagen.jpeg,95,batchnorm,1x576x14x14,2.65358
96,0,imagen.jpeg,96,activacion,1x576x14x14,0.973134
96,0,imagen.jpeg,97,depthwise_conv,1x576x14x14,10.60872
96,0,imagen.jpeg,98,batchnorm,1x576x14x14,2.6522
96,0,imagen.jpeg,99,activacion,1x576x14x14,0.969474
96,0,imagen.jpeg,100,pointwise_conv,1x576x14x14,97.452482
96,0,imagen.jpeg,101,batchnorm,1x96x14x14,0.456902
96,0,imagen.jpeg,102,layer_add,1x96x14x14,0.20625
96,0,imagen.jpeg,103,pointwise_conv,1x96x14x14,55.523202
96,0,imagen.jpeg,104,batchnorm,1x576x14x14,2.63648
96,0,imagen.jpeg,105,activacion,1x576x14x14,1.027593
96,0,imagen.jpeg,106,depthwise_conv,1x576x14x14,10.594831
96,0,imagen.jpeg,107,batchnorm,1x576x14x14,2.63627
96,0,imagen.jpeg,108,activacion,1x576x14x14,0.945694
96,0,imagen.jpeg,109,pointwise_conv,1x576x14x14,97.555462
96,0,imagen.jpeg,110,batchnorm,1x96x14x14,0.435912
96,0,imagen.jpeg,111,layer_add,1x96x14x14,0.206321
96,0,imagen.jpeg,112,pointwise_conv,1x96x14x14,55.323441
96,0,imagen.jpeg,113,batchnorm,1x576x14x14,2.65561
96,0,imagen.jpeg,114,activacion,1x576x14x14,0.979454
96,0,imagen.jpeg,115,depthwise_conv,1x576x14x14,2.804501
96,0,imagen.jpeg,116,batchnorm,1x576x7x7,0.662142
96,0,imagen.jpeg,117,activacion,1x576x7x7,0.204291
96,0,imagen.jpeg,118,pointwise_conv,1x576x7x7,42.688953
96,0,imagen.jpeg,119,batchnorm,1x160x7x7,0.18341
96,0,imagen.jpeg,120,pointwise_conv,1x160x7x7,31.550801
96,0,imagen.jpeg,121,batchnorm,1x960x7x7,1.113524
96,0,imagen.jpeg,122,activacion,1x960x7x7,0.425501
96,0,imagen.jpeg,123,depthwise_conv,1x960x7x7,4.596498
96,0,imagen.jpeg,124,batchnorm,1x960x7x7,1.095054
96,0,imagen.jpeg,125,activacion,1x960x7x7,0.404841
96,0,imagen.jpeg,126,pointwise_conv,1x960x7x7,90.770087
96,0,imagen.jpeg,127,batchnorm,1x160x7x7,0.185411
96,0,imagen.jpeg,128,layer_add,1x160x7x7,0.087351
96,0,imagen.jpeg,129,pointwise_conv,1x160x7x7,31.5348
96,0,imagen.jpeg,130,batchnorm,1x960x7x7,1.135574
96,0,imagen.jpeg,131,activacion,1x960x7x7,0.406331
96,0,imagen.jpeg,132,depthwise_conv,1x960x7x7,4.596588
96,0,imagen.jpeg,133,batchnorm,1x960x7x7,1.094164
96,0,imagen.jpeg,134,activacion,1x960x7x7,0.396371
96,0,imagen.jpeg,135,pointwise_conv,1x960x7x7,90.779658
96,0,imagen.jpeg,136,batchnorm,1x160x7x7,0.187351
96,0,imagen.jpeg,137,layer_add,1x160x7x7,0.086711
96,0,imagen.jpeg,138,pointwise_conv,1x160x7x7,31.558151
96,0,imagen.jpeg,139,batchnorm,1x960x7x7,1.139405
96,0,imagen.jpeg,140,activacion,1x960x7x7,0.394472
96,0,imagen.jpeg,141,depthwise_conv,1x960x7x7,4.625948
96,0,imagen.jpeg,142,batchnorm,1x960x7x7,1.095224
96,0,imagen.jpeg,143,activacion,1x960x7x7,0.385702
96,0,imagen.jpeg,144,pointwise_conv,1x960x7x7,181.628516
96,0,imagen.jpeg,145,batchnorm,1x320x7x7,0.372491
96,0,imagen.jpeg,146,pointwise_conv,1x320x7x7,108.545656
96,0,imagen.jpeg,147,batchnorm,1x1280x7x7,1.498576
96,0,imagen.jpeg,148,activacion,1x1280x7x7,0.527392
96,0,imagen.jpeg,149,pooling,1x1280x7x7,0.265041
96,0,imagen.jpeg,150,linear,1x1280,5.19601
97,0,imagen.jpeg,0,conv2d,1x3x224x224,114.626009
97,0,imagen.jpeg,1,batchnorm,1x32x112x112,9.134785
97,0,imagen.jpeg,2,activacion,1x32x112x112,2.80009
97,0,imagen.jpeg,3,depthwise_conv,1x32x112x112,37.035492
97,0,imagen.jpeg,4,batchnorm,1x32x112x112,9.284246
97,0,imagen.jpeg,5,activacion,1x32x112x112,2.803791
97,0,imagen.jpeg,6,pointwise_conv,1x32x112x112,129.067995
97,0,imagen.jpeg,7,batchnorm,1x16x112x112,4.601748
97,0,imagen.jpeg,8,pointwise_conv,1x16x112x112,171.181916
97,0,imagen.jpeg,9,batchnorm,1x96x112x112,27.692107
97,0,imagen.jpeg,10,activacion,1x96x112x112,9.356426
97,0,imagen.jpeg,11,depthwise_conv,1x96x112x112,28.976821
97,0,imagen.jpeg,12,batchnorm,1x96x56x56,6.880506
97,0,imagen.jpeg,13,activacion,1x96x56x56,2.47841
97,0,imagen.jpeg,14,pointwise_conv,1x96x56x56,95.634748
97,0,imagen.jpeg,15,batchnorm,1x24x56x56,1.753397
97,0,imagen.jpeg,16,pointwise_conv,1x24x56x56,88.40229
97,0,imagen.jpeg,17,batchnorm,1x144x56x56,10.44355
97,0,imagen.jpeg,18,activacion,1x144x56x56,3.531394
97,0,imagen.jpeg,19,depthwise_conv,1x144x56x56,41.977381
97,0,imagen.jpeg,20,batchnorm,1x144x56x56,10.297179
97,0,imagen.jpeg,21,activacion,1x144x56x56,3.950225
97,0,imagen.jpeg,22,pointwise_conv,1x144x56x56,199.119776
97,0,imagen.jpeg,23,batchnorm,1x24x56x56,1.761567
97,0,imagen.jpeg,24,layer_add,1x24x56x56,0.766713
97,0,imagen.jpeg,25,pointwise_conv,1x24x56x56,87.731257
97,0,imagen.jpeg,26,batchnorm,1x144x56x56,10.452071
97,0,imagen.jpeg,27,activacion,1x144x56x56,3.865235
97,0,imagen.jpeg,28,depthwise_conv,1x144x56x56,10.62945
97,0,imagen.jpeg,29,batchnorm,1x144x28x28,2.58039
97,0,imagen.jpeg,30,activacion,1x144x28x28,0.896473
97,0,imagen.jpeg,31,pointwise_conv,1x144x28x28,25.647709
97,0,imagen.jpeg,32,batchnorm,1x32x28x28,0.568692
97,0,imagen.jpeg,33,pointwise_conv,1x32x28x28,34.545383
97,0,imagen.jpeg,34,batchnorm,1x192x28x28,3.531843
97,0,imagen.jpeg,35,activacion,1x192x28x28,1.115824
97,0,imagen.jpeg,36,depthwise_conv,1x192x28x28,14.016734
97,0,imagen.jpeg,37,batchnorm,1x192x28x28,3.444753
97,0,imagen.jpeg,38,activacion,1x192x28x28,1.340435
97,0,imagen.jpeg,39,pointwise_conv,1x192x28x28,34.215291
97,0,imagen.jpeg,40,batchnorm,1x32x28x28,0.571722
97,0,imagen.jpeg,41,layer_add,1x32x28x28,0.273721
97,0,imagen.jpeg,42,pointwise_conv,1x32x28x28,34.547273
97,0,imagen.jpeg,43,batchnorm,1x192x28x28,3.472754
97,0,imagen.jpeg,44,activacion,1x192x28x28,1.182294
97,0,imagen.jpeg,45,depthwise_conv,1x192x28x28,14.062004
97,0,imagen.jpeg,46,batchnorm,1x192x28x28,3.443983
97,0,imagen.jpeg,47,activacion,1x192x28x28,1.340245
97,0,imagen.jpeg,48,pointwise_conv,1x192x28x28,34.072721
97,0,imagen.jpeg,49,batchnorm,1x32x28x28,0.573353
97,0,imagen.jpeg,50,layer_add,1x32x28x28,0.271562
97,0,imagen.jpeg,51,pointwise_conv,1x32x28x28,34.531853
97,0,imagen.jpeg,52,batchnorm,1x192x28x28,3.492524
97,0,imagen.jpeg,53,activacion,1x192x28x28,1.256765
97,0,imagen.jpeg,54,depthwise_conv,1x192x28x28,3.702694
97,0,imagen.jpeg,55,batchnorm,1x192x14x14,0.875034
97,0,imagen.jpeg,56,activacion,1x192x14x14,0.302511
97,0,imagen.jpeg,57,pointwise_conv,1x192x14x14,12.675359
97,0,imagen.jpeg,58,batchnorm,1x64x14x14,0.289251
97,0,imagen.jpeg,59,pointwise_conv,1x64x14x14,24.294683
97,0,imagen.jpeg,60,batchnorm,1x384x14x14,1.770276
97,0,imagen.jpeg,61,activacion,1x384x14x14,0.558022
97,0,imagen.jpeg,62,depthwise_conv,1x384x14x14,7.045557
97,0,imagen.jpeg,63,batchnorm,1x384x14x14,1.734967
97,0,imagen.jpeg,64,activacion,1x384x14x14,0.687732
97,0,imagen.jpeg,65,pointwise_conv,1x384x14x14,30.726899
97,0,imagen.jpeg,66,batchnorm,1x64x14x14,0.288311
97,0,imagen.jpeg,67,layer_add,1x64x14x14,0.13742
97,0,imagen.jpeg,68,pointwise_conv,1x64x14x14,24.289374
97,0,imagen.jpeg,69,batchnorm,1x384x14x14,1.763317
97,0,imagen.jpeg,70,activacion,1x384x14x14,0.613683
97,0,imagen.jpeg,71,depthwise_conv,1x384x14x14,7.134417
97,0,imagen.jpeg,72,batchnorm,1x384x14x14,1.735077
97,0,imagen.jpeg,73,activacion,1x384x14x14,0.720062
97,0,imagen.jpeg,74,pointwise_conv,1x384x14x14,30.685069
97,0,imagen.jpeg,75,batchnorm,1x64x14x14,0.301761
97,0,imagen.jpeg,76,layer_add,1x64x14x14,0.14111
97,0,imagen.jpeg,77,pointwise_conv,1x64x14x14,24.286984
97,0,imagen.jpeg,78,batchnorm,1x384x14x14,1.749987
97,0,imagen.jpeg,79,activacion,1x384x14x14,0.648962
97,0,imagen.jpeg,80,depthwise_conv,1x384x14x14,7.056017
97,0,imagen.jpeg,81,batchnorm,1x384x14x14,1.750416
97,0,imagen.jpeg,82,activacion,1x384x14x14,0.648852
97,0,imagen.jpeg,83,pointwise_conv,1x384x14x14,30.783549
97,0,imagen.jpeg,84,batchnorm,1x64x14x14,0.290081
97,0,imagen.jpeg,85,layer_add,1x64x14x14,0.137011
97,0,imagen.jpeg,86,pointwise_conv,1x64x14x14,24.300883
97,0,imagen.jpeg,87,batchnorm,1x384x14x14,1.780757
97,0,imagen.jpeg,88,activacion,1x384x14x14,0.628133
97,0,imagen.jpeg,89,depthwise_conv,1x384x14x14,7.067127
97,0,imagen.jpeg,90,batchnorm,1x384x14x14,1.737947
97,0,imagen.jpeg,91,activacion,1x384x14x14,0.651733
97,0,imagen.jpeg,92,pointwise_conv,1x384x14x14,46.217988
97,0,imagen.jpeg,93,batchnorm,1x96x14x14,0.433381
97,0,imagen.jpeg,94,pointwise_conv,1x96x14x14,55.419553
97,0,imagen.jpeg,95,batchnorm,1x576x14x14,2.69002
97,0,imagen.jpeg,96,activacion,1x576x14x14,0.969884
97,0,imagen.jpeg,97,depthwise_conv,1x576x14x14,10.609151
97,0,imagen.jpeg,98,batchnorm,1x576x14x14,2.649031
97,0,imagen.jpeg,99,activacion,1x576x14x14,0.966514
97,0,imagen.jpeg,100,pointwise_conv,1x576x14x14,100.834709
97,0,imagen.jpeg,101,batchnorm,1x96x14x14,0.459802
97,0,imagen.jpeg,102,layer_add,1x96x14x14,0.207901
97,0,imagen.jpeg,103,pointwise_conv,1x96x14x14,55.530414
97,0,imagen.jpeg,104,batchnorm,1x576x14x14,2.63757
97,0,imagen.jpeg,105,activacion,1x576x14x14,1.024894
97,0,imagen.jpeg,106,depthwise_conv,1x576x14x14,10.593671
97,0,imagen.jpeg,107,batchnorm,1x576x14x14,2.65267
97,0,imagen.jpeg,108,activacion,1x576x14x14,0.942224
97,0,imagen.jpeg,109,pointwise_conv,1x576x14x14,97.346936
97,0,imagen.jpeg,110,batchnorm,1x96x14x14,0.436042
97,0,imagen.jpeg,111,layer_add,1x96x14x14,0.2045
97,0,imagen.jpeg,112,pointwise_conv,1x96x14x14,55.330024
97,0,imagen.jpeg,113,batchnorm,1x576x14x14,2.652491
97,0,imagen.jpeg,114,activacion,1x576x14x14,0.982714
97,0,imagen.jpeg,115,depthwise_conv,1x576x14x14,2.791531
97,0,imagen.jpeg,116,batchnorm,1x576x7x7,0.663713
97,0,imagen.jpeg,117,activacion,1x576x7x7,0.203101
97,0,imagen.jpeg,118,pointwise_conv,1x576x7x7,42.748495
97,0,imagen.jpeg,119,batchnorm,1x160x7x7,0.18372
97,0,imagen.jpeg,120,pointwise_conv,1x160x7x7,31.507352
97,0,imagen.jpeg,121,batchnorm,1x960x7x7,1.118004
97,0,imagen.jpeg,122,activacion,1x960x7x7,0.418681
97,0,imagen.jpeg,123,depthwise_conv,1x960x7x7,4.611448
97,0,imagen.jpeg,124,batchnorm,1x960x7x7,1.097014
97,0,imagen.jpeg,125,activacion,1x960x7x7,0.405481
97,0,imagen.jpeg,126,pointwise_conv,1x960x7x7,90.58911
97,0,imagen.jpeg,127,batchnorm,1x160x7x7,0.18447
97,0,imagen.jpeg,128,layer_add,1x160x7x7,0.08373
97,0,imagen.jpeg,129,pointwise_conv,1x160x7x7,31.535452
97,0,imagen.jpeg,130,batchnorm,1x960x7x7,1.140254
97,0,imagen.jpeg,131,activacion,1x960x7x7,0.407302
97,0,imagen.jpeg,132,depthwise_conv,1x960x7x7,4.635577
97,0,imagen.jpeg,133,batchnorm,1x960x7x7,1.102424
97,0,imagen.jpeg,134,activacion,1x960x7x7,0.399982
97,0,imagen.jpeg,135,pointwise_conv,1x960x7x7,90.88064
97,0,imagen.jpeg,136,batchnorm,1x160x7x7,0.18669
97,0,imagen.jpeg,137,layer_add,1x160x7x7,0.08678
97,0,imagen.jpeg,138,pointwise_conv,1x160x7x7,31.545292
97,0,imagen.jpeg,139,batchnorm,1x960x7x7,1.115874
97,0,imagen.jpeg,140,activacion,1x960x7x7,0.402561
97,0,imagen.jpeg,141,depthwise_conv,1x960x7x7,4.669928
97,0,imagen.jpeg,142,batchnorm,1x960x7x7,1.117654
97,0,imagen.jpeg,143,activacion,1x960x7x7,0.316042
97,0,imagen.jpeg,144,pointwise_conv,1x960x7x7,181.430353
97,0,imagen.jpeg,145,batchnorm,1x320x7x7,0.373761
97,0,imagen.jpeg,146,pointwise_conv,1x320x7x7,108.656611
97,0,imagen.jpeg,147,batchnorm,1x1280x7x7,1.495356
97,0,imagen.jpeg,148,activacion,1x1280x7x7,0.534002
97,0,imagen.jpeg,149,pooling,1x1280x7x7,0.263852
97,0,imagen.jpeg,150,linear,1x1280,5.129359
98,0,imagen.jpeg,0,conv2d,1x3x224x224,114.996626
98,0,imagen.jpeg,1,batchnorm,1x32x112x112,9.165565
98,0,imagen.jpeg,2,activacion,1x32x112x112,2.915881
98,0,imagen.jpeg,3,depthwise_conv,1x32x112x112,37.102014
98,0,imagen.jpeg,4,batchnorm,1x32x112x112,9.231326
98,0,imagen.jpeg,5,activacion,1x32x112x112,2.806731
98,0,imagen.jpeg,6,pointwise_conv,1x32x112x112,129.228701
98,0,imagen.jpeg,7,batchnorm,1x16x112x112,4.601878
98,0,imagen.jpeg,8,pointwise_conv,1x16x112x112,171.059322
98,0,imagen.jpeg,9,batchnorm,1x96x112x112,27.661137
98,0,imagen.jpeg,10,activacion,1x96x112x112,9.516367
98,0,imagen.jpeg,11,depthwise_conv,1x96x112x112,29.174233
98,0,imagen.jpeg,12,batchnorm,1x96x56x56,6.872256
98,0,imagen.jpeg,13,activacion,1x96x56x56,2.504979
98,0,imagen.jpeg,14,pointwise_conv,1x96x56x56,96.124133
98,0,imagen.jpeg,15,batchnorm,1x24x56x56,1.709877
98,0,imagen.jpeg,16,pointwise_conv,1x24x56x56,88.331423
98,0,imagen.jpeg,17,batchnorm,1x144x56x56,10.441341
98,0,imagen.jpeg,18,activacion,1x144x56x56,3.529763
98,0,imagen.jpeg,19,depthwise_conv,1x144x56x56,41.888692
98,0,imagen.jpeg,20,batchnorm,1x144x56x56,10.292
98,0,imagen.jpeg,21,activacion,1x144x56x56,3.952296
98,0,imagen.jpeg,22,pointwise_conv,1x144x56x56,199.642836
98,0,imagen.jpeg,23,batchnorm,1x24x56x56,1.713137
98,0,imagen.jpeg,24,layer_add,1x24x56x56,0.773453
98,0,imagen.jpeg,25,pointwise_conv,1x24x56x56,87.75972
98,0,imagen.jpeg,26,batchnorm,1x144x56x56,10.494581
98,0,imagen.jpeg,27,activacion,1x144x56x56,3.858625
98,0,imagen.jpeg,28,depthwise_conv,1x144x56x56,10.652301
98,0,imagen.jpeg,29,batchnorm,1x144x28x28,2.60588
98,0,imagen.jpeg,30,activacion,1x144x28x28,0.904733
98,0,imagen.jpeg,31,pointwise_conv,1x144x28x28,25.63135
98,0,imagen.jpeg,32,batchnorm,1x32x28x28,0.567503
98,0,imagen.jpeg,33,pointwise_conv,1x32x28x28,34.595654
98,0,imagen.jpeg,34,batchnorm,1x192x28x28,3.441933
98,0,imagen.jpeg,35,activacion,1x192x28x28,1.116014
98,0,imagen.jpeg,36,depthwise_conv,1x192x28x28,13.985205
98,0,imagen.jpeg,37,batchnorm,1x192x28x28,3.438504
98,0,imagen.jpeg,38,activacion,1x192x28x28,1.368026
98,0,imagen.jpeg,39,pointwise_conv,1x192x28x28,34.023362
98,0,imagen.jpeg,40,batchnorm,1x32x28x28,0.598822
98,0,imagen.jpeg,41,layer_add,1x32x28x28,0.275161
98,0,imagen.jpeg,42,pointwise_conv,1x32x28x28,34.581814
98,0,imagen.jpeg,43,batchnorm,1x192x28x28,3.460963
98,0,imagen.jpeg,44,activacion,1x192x28x28,1.213195
98,0,imagen.jpeg,45,depthwise_conv,1x192x28x28,13.993534
98,0,imagen.jpeg,46,batchnorm,1x192x28x28,3.452943
98,0,imagen.jpeg,47,activacion,1x192x28x28,1.384225
98,0,imagen.jpeg,48,pointwise_conv,1x192x28x28,34.255783
98,0,imagen.jpeg,49,batchnorm,1x32x28x28,0.605213
98,0,imagen.jpeg,50,layer_add,1x32x28x28,0.277311
98,0,imagen.jpeg,51,pointwise_conv,1x32x28x28,34.477774
98,0,imagen.jpeg,52,batchnorm,1x192x28x28,3.523214
98,0,imagen.jpeg,53,activacion,1x192x28x28,1.290005
98,0,imagen.jpeg,54,depthwise_conv,1x192x28x28,3.647344
98,0,imagen.jpeg,55,batchnorm,1x192x14x14,0.873854
98,0,imagen.jpeg,56,activacion,1x192x14x14,0.277151
98,0,imagen.jpeg,57,pointwise_conv,1x192x14x14,12.608289
98,0,imagen.jpeg,58,batchnorm,1x64x14x14,0.287751
98,0,imagen.jpeg,59,pointwise_conv,1x64x14x14,24.299814
98,0,imagen.jpeg,60,batchnorm,1x384x14x14,1.751716
98,0,imagen.jpeg,61,activacion,1x384x14x14,0.559392
98,0,imagen.jpeg,62,depthwise_conv,1x384x14x14,7.089828
98,0,imagen.jpeg,63,batchnorm,1x384x14x14,1.759457
98,0,imagen.jpeg,64,activacion,1x384x14x14,0.696463
98,0,imagen.jpeg,65,pointwise_conv,1x384x14x14,30.716539
98,0,imagen.jpeg,66,batchnorm,1x64x14x14,0.287722
98,0,imagen.jpeg,67,layer_add,1x64x14x14,0.138241
98,0,imagen.jpeg,68,pointwise_conv,1x64x14x14,24.350094
98,0,imagen.jpeg,69,batchnorm,1x384x14x14,1.753766
98,0,imagen.jpeg,70,activacion,1x384x14x14,0.635912
98,0,imagen.jpeg,71,depthwise_conv,1x384x14x14,7.049878
98,0,imagen.jpeg,72,batchnorm,1x384x14x14,1.732197
98,0,imagen.jpeg,73,activacion,1x384x14x14,0.677823
98,0,imagen.jpeg,74,pointwise_conv,1x384x14x14,30.750569
98,0,imagen.jpeg,75,batchnorm,1x64x14x14,0.292371
98,0,imagen.jpeg,76,layer_add,1x64x14x14,0.136831
98,0,imagen.jpeg,77,pointwise_conv,1x64x14x14,24.307934
98,0,imagen.jpeg,78,batchnorm,1x384x14x14,1.772497
98,0,imagen.jpeg,79,activacion,1x384x14x14,0.645373
98,0,imagen.jpeg,80,depthwise_conv,1x384x14x14,7.079887
98,0,imagen.jpeg,81,batchnorm,1x384x14x14,1.738297
98,0,imagen.jpeg,82,activacion,1x384x14x14,0.694932
98,0,imagen.jpeg,83,pointwise_conv,1x384x14x14,30.78604
98,0,imagen.jpeg,84,batchnorm,1x64x14x14,0.304521
98,0,imagen.jpeg,85,layer_add,1x64x14x14,0.136301
98,0,imagen.jpeg,86,pointwise_conv,1x64x14x14,24.287724
98,0,imagen.jpeg,87,batchnorm,1x384x14x14,1.747627
98,0,imagen.jpeg,88,activacion,1x384x14x14,0.628192
98,0,imagen.jpeg,89,depthwise_conv,1x384x14x14,7.048908
98,0,imagen.jpeg,90,batchnorm,1x384x14x14,1.755467
98,0,imagen.jpeg,91,activacion,1x384x14x14,0.642222
98,0,imagen.jpeg,92,pointwise_conv,1x384x14x14,46.14889
98,0,imagen.jpeg,93,batchnorm,1x96x14x14,0.433562
98,0,imagen.jpeg,94,pointwise_conv,1x96x14x14,55.321076
98,0,imagen.jpeg,95,batchnorm,1x576x14x14,2.630631
98,0,imagen.jpeg,96,activacion,1x576x14x14,0.969383
98,0,imagen.jpeg,97,depthwise_conv,1x576x14x14,10.596402
98,0,imagen.jpeg,98,batchnorm,1x576x14x14,2.61652
98,0,imagen.jpeg,99,activacion,1x576x14x14,0.999844
98,0,imagen.jpeg,100,pointwise_conv,1x576x14x14,97.52347
98,0,imagen.jpeg,101,batchnorm,1x96x14x14,0.437412
98,0,imagen.jpeg,102,layer_add,1x96x14x14,0.208641
98,0,imagen.jpeg,103,pointwise_conv,1x96x14x14,55.535577
98,0,imagen.jpeg,104,batchnorm,1x576x14x14,2.653041
98,0,imagen.jpeg,105,activacion,1x576x14x14,0.992294
98,0,imagen.jpeg,106,depthwise_conv,1x576x14x14,10.623822
98,0,imagen.jpeg,107,batchnorm,1x576x14x14,2.64966
98,0,imagen.jpeg,108,activacion,1x576x14x14,0.942364
98,0,imagen.jpeg,109,pointwise_conv,1x576x14x14,97.67833
98,0,imagen.jpeg,110,batchnorm,1x96x14x14,0.442101
98,0,imagen.jpeg,111,layer_add,1x96x14x14,0.202961
98,0,imagen.jpeg,112,pointwise_conv,1x96x14x14,55.358076
98,0,imagen.jpeg,113,batchnorm,1x576x14x14,2.67198
98,0,imagen.jpeg,114,activacion,1x576x14x14,1.025844
98,0,imagen.jpeg,115,depthwise_conv,1x576x14x14,2.867431
98,0,imagen.jpeg,116,batchnorm,1x576x7x7,0.663483
98,0,imagen.jpeg,117,activacion,1x576x7x7,0.203471
98,0,imagen.jpeg,118,pointwise_conv,1x576x7x7,42.737897
98,0,imagen.jpeg,119,batchnorm,1x160x7x7,0.183491
98,0,imagen.jpeg,120,pointwise_conv,1x160x7x7,31.509593
98,0,imagen.jpeg,121,batchnorm,1x960x7x7,1.113825
98,0,imagen.jpeg,122,activacion,1x960x7x7,0.403322
98,0,imagen.jpeg,123,depthwise_conv,1x960x7x7,4.633818
98,0,imagen.jpeg,124,batchnorm,1x960x7x7,1.095554
98,0,imagen.jpeg,125,activacion,1x960x7x7,0.404381
98,0,imagen.jpeg,126,pointwise_conv,1x960x7x7,90.653813
98,0,imagen.jpeg,127,batchnorm,1x160x7x7,0.18496
98,0,imagen.jpeg,128,layer_add,1x160x7x7,0.08919
98,0,imagen.jpeg,129,pointwise_conv,1x160x7x7,31.596983
98,0,imagen.jpeg,130,batchnorm,1x960x7x7,1.121305
98,0,imagen.jpeg,131,activacion,1x960x7x7,0.423892
98,0,imagen.jpeg,132,depthwise_conv,1x960x7x7,4.617238
98,0,imagen.jpeg,133,batchnorm,1x960x7x7,1.094614
98,0,imagen.jpeg,134,activacion,1x960x7x7,0.397431
98,0,imagen.jpeg,135,pointwise_conv,1x960x7x7,90.587053
98,0,imagen.jpeg,136,batchnorm,1x160x7x7,0.186561
98,0,imagen.jpeg,137,layer_add,1x160x7x7,0.08711
98,0,imagen.jpeg,138,pointwise_conv,1x160x7x7,31.568203
98,0,imagen.jpeg,139,batchnorm,1x960x7x7,1.141094
98,0,imagen.jpeg,140,activacion,1x960x7x7,0.392441
98,0,imagen.jpeg,141,depthwise_conv,1x960x7x7,4.601748
98,0,imagen.jpeg,142,batchnorm,1x960x7x7,1.093654
98,0,imagen.jpeg,143,activacion,1x960x7x7,0.315281
98,0,imagen.jpeg,144,pointwise_conv,1x960x7x7,181.392167
98,0,imagen.jpeg,145,batchnorm,1x320x7x7,0.371992
98,0,imagen.jpeg,146,pointwise_conv,1x320x7x7,108.510834
98,0,imagen.jpeg,147,batchnorm,1x1280x7x7,1.521255
98,0,imagen.jpeg,148,activacion,1x1280x7x7,0.531702
98,0,imagen.jpeg,149,pooling,1x1280x7x7,0.264971
98,0,imagen.jpeg,150,linear,1x1280,5.10034
99,0,imagen.jpeg,0,conv2d,1x3x224x224,115.476632
99,0,imagen.jpeg,1,batchnorm,1x32x112x112,9.185166
99,0,imagen.jpeg,2,activacion,1x32x112x112,2.767411
99,0,imagen.jpeg,3,depthwise_conv,1x32x112x112,37.130305
99,0,imagen.jpeg,4,batchnorm,1x32x112x112,9.221906
99,0,imagen.jpeg,5,activacion,1x32x112x112,2.822801
99,0,imagen.jpeg,6,pointwise_conv,1x32x112x112,129.438846
99,0,imagen.jpeg,7,batchnorm,1x16x112x112,4.592618
99,0,imagen.jpeg,8,pointwise_conv,1x16x112x112,170.395936
99,0,imagen.jpeg,9,batchnorm,1x96x112x112,27.710819
99,0,imagen.jpeg,10,activacion,1x96x112x112,9.346787
99,0,imagen.jpeg,11,depthwise_conv,1x96x112x112,29.165984
99,0,imagen.jpeg,12,batchnorm,1x96x56x56,6.912447
99,0,imagen.jpeg,13,activacion,1x96x56x56,2.495199
99,0,imagen.jpeg,14,pointwise_conv,1x96x56x56,93.451275
99,0,imagen.jpeg,15,batchnorm,1x24x56x56,1.709897
99,0,imagen.jpeg,16,pointwise_conv,1x24x56x56,88.356476
99,0,imagen.jpeg,17,batchnorm,1x144x56x56,10.451891
99,0,imagen.jpeg,18,activacion,1x144x56x56,3.533954
99,0,imagen.jpeg,19,depthwise_conv,1x144x56x56,41.883764
99,0,imagen.jpeg,20,batchnorm,1x144x56x56,10.30302
99,0,imagen.jpeg,21,activacion,1x144x56x56,4.030305
99,0,imagen.jpeg,22,pointwise_conv,1x144x56x56,199.415652
99,0,imagen.jpeg,23,batchnorm,1x24x56x56,1.755786
99,0,imagen.jpeg,24,layer_add,1x24x56x56,0.843664
99,0,imagen.jpeg,25,pointwise_conv,1x24x56x56,87.710964
99,0,imagen.jpeg,26,batchnorm,1x144x56x56,10.461121
99,0,imagen.jpeg,27,activacion,1x144x56x56,3.857785
99,0,imagen.jpeg,28,depthwise_conv,1x144x56x56,10.652451
99,0,imagen.jpeg,29,batchnorm,1x144x28x28,2.60372
99,0,imagen.jpeg,30,activacion,1x144x28x28,0.893304
99,0,imagen.jpeg,31,pointwise_conv,1x144x28x28,26.047902
99,0,imagen.jpeg,32,batchnorm,1x32x28x28,0.591813
99,0,imagen.jpeg,33,pointwise_conv,1x32x28x28,34.888906
99,0,imagen.jpeg,34,batchnorm,1x192x28x28,3.490163
99,0,imagen.jpeg,35,activacion,1x192x28x28,1.115445
99,0,imagen.jpeg,36,depthwise_conv,1x192x28x28,13.975495
99,0,imagen.jpeg,37,batchnorm,1x192x28x28,3.420674
99,0,imagen.jpeg,38,activacion,1x192x28x28,1.369975
99,0,imagen.jpeg,39,pointwise_conv,1x192x28x28,34.267084
99,0,imagen.jpeg,40,batchnorm,1x32x28x28,0.573162
99,0,imagen.jpeg,41,layer_add,1x32x28x28,0.271311
99,0,imagen.jpeg,42,pointwise_conv,1x32x28x28,34.606486
99,0,imagen.jpeg,43,batchnorm,1x192x28x28,3.487134
99,0,imagen.jpeg,44,activacion,1x192x28x28,1.182384
99,0,imagen.jpeg,45,depthwise_conv,1x192x28x28,13.980695
99,0,imagen.jpeg,46,batchnorm,1x192x28x28,3.419693
99,0,imagen.jpeg,47,activacion,1x192x28x28,1.361125
99,0,imagen.jpeg,48,pointwise_conv,1x192x28x28,34.118984
99,0,imagen.jpeg,49,batchnorm,1x32x28x28,0.575062
99,0,imagen.jpeg,50,layer_add,1x32x28x28,0.278811
99,0,imagen.jpeg,51,pointwise_conv,1x32x28x28,34.594126
99,0,imagen.jpeg,52,batchnorm,1x192x28x28,3.453974
99,0,imagen.jpeg,53,activacion,1x192x28x28,1.254435
99,0,imagen.jpeg,54,depthwise_conv,1x192x28x28,3.684154
99,0,imagen.jpeg,55,batchnorm,1x192x14x14,0.874763
99,0,imagen.jpeg,56,activacion,1x192x14x14,0.276771
99,0,imagen.jpeg,57,pointwise_conv,1x192x14x14,12.61719
99,0,imagen.jpeg,58,batchnorm,1x64x14x14,0.299671
99,0,imagen.jpeg,59,pointwise_conv,1x64x14x14,24.288335
99,0,imagen.jpeg,60,batchnorm,1x384x14x14,1.749007
99,0,imagen.jpeg,61,activacion,1x384x14x14,0.557332
99,0,imagen.jpeg,62,depthwise_conv,1x384x14x14,7.072908
99,0,imagen.jpeg,63,batchnorm,1x384x14x14,1.757867
99,0,imagen.jpeg,64,activacion,1x384x14x14,0.696192
99,0,imagen.jpeg,65,pointwise_conv,1x384x14x14,30.723671
99,0,imagen.jpeg,66,batchnorm,1x64x14x14,0.288291
99,0,imagen.jpeg,67,layer_add,1x64x14x14,0.13627
99,0,imagen.jpeg,68,pointwise_conv,1x64x14x14,24.416756
99,0,imagen.jpeg,69,batchnorm,1x384x14x14,1.783107
99,0,imagen.jpeg,70,activacion,1x384x14x14,0.615352
99,0,imagen.jpeg,71,depthwise_conv,1x384x14x14,7.077388
99,0,imagen.jpeg,72,batchnorm,1x384x14x14,1.735337
99,0,imagen.jpeg,73,activacion,1x384x14x14,0.652162
99,0,imagen.jpeg,74,pointwise_conv,1x384x14x14,30.738301
99,0,imagen.jpeg,75,batchnorm,1x64x14x14,0.287651
99,0,imagen.jpeg,76,layer_add,1x64x14x14,0.13803
99,0,imagen.jpeg,77,pointwise_conv,1x64x14x14,24.302385
99,0,imagen.jpeg,78,batchnorm,1x384x14x14,1.747807
99,0,imagen.jpeg,79,activacion,1x384x14x14,0.645523
99,0,imagen.jpeg,80,depthwise_conv,1x384x14x14,7.060347
99,0,imagen.jpeg,81,batchnorm,1x384x14x14,1.847287
99,0,imagen.jpeg,82,activacion,1x384x14x14,0.644292
99,0,imagen.jpeg,83,pointwise_conv,1x384x14x14,30.745381
99,0,imagen.jpeg,84,batchnorm,1x64x14x14,0.289301
99,0,imagen.jpeg,85,layer_add,1x64x14x14,0.13875
99,0,imagen.jpeg,86,pointwise_conv,1x64x14x14,24.293816
99,0,imagen.jpeg,87,batchnorm,1x384x14x14,1.747527
99,0,imagen.jpeg,88,activacion,1x384x14x14,0.661403
99,0,imagen.jpeg,89,depthwise_conv,1x384x14x14,7.028687
99,0,imagen.jpeg,90,batchnorm,1x384x14x14,1.743246
99,0,imagen.jpeg,91,activacion,1x384x14x14,0.648163
99,0,imagen.jpeg,92,pointwise_conv,1x384x14x14,46.12184
99,0,imagen.jpeg,93,batchnorm,1x96x14x14,0.434422
99,0,imagen.jpeg,94,pointwise_conv,1x96x14x14,55.393547
99,0,imagen.jpeg,95,batchnorm,1x576x14x14,2.657851
99,0,imagen.jpeg,96,activacion,1x576x14x14,0.971563
99,0,imagen.jpeg,97,depthwise_conv,1x576x14x14,10.583472
99,0,imagen.jpeg,98,batchnorm,1x576x14x14,2.613741
99,0,imagen.jpeg,99,activacion,1x576x14x14,1.016584
99,0,imagen.jpeg,100,pointwise_conv,1x576x14x14,97.342483
99,0,imagen.jpeg,101,batchnorm,1x96x14x14,0.434372
99,0,imagen.jpeg,102,layer_add,1x96x14x14,0.206191
99,0,imagen.jpeg,103,pointwise_conv,1x96x14x14,55.531979
99,0,imagen.jpeg,104,batchnorm,1x576x14x14,2.63329
99,0,imagen.jpeg,105,activacion,1x576x14x14,0.987964
99,0,imagen.jpeg,106,depthwise_conv,1x576x14x14,10.593552
99,0,imagen.jpeg,107,batchnorm,1x576x14x14,2.63168
99,0,imagen.jpeg,108,activacion,1x576x14x14,0.955874
99,0,imagen.jpeg,109,pointwise_conv,1x576x14x14,97.376523
99,0,imagen.jpeg,110,batchnorm,1x96x14x14,0.438572
99,0,imagen.jpeg,111,layer_add,1x96x14x14,0.205551
99,0,imagen.jpeg,112,pointwise_conv,1x96x14x14,55.505178
99,0,imagen.jpeg,113,batchnorm,1x576x14x14,2.65919
99,0,imagen.jpeg,114,activacion,1x576x14x14,0.978094
99,0,imagen.jpeg,115,depthwise_conv,1x576x14x14,2.801951
99,0,imagen.jpeg,116,batchnorm,1x576x7x7,0.660833
99,0,imagen.jpeg,117,activacion,1x576x7x7,0.203251
99,0,imagen.jpeg,118,pointwise_conv,1x576x7x7,42.725468
99,0,imagen.jpeg,119,batchnorm,1x160x7x7,0.18332
99,0,imagen.jpeg,120,pointwise_conv,1x160x7x7,31.505604
99,0,imagen.jpeg,121,batchnorm,1x960x7x7,1.110654
99,0,imagen.jpeg,122,activacion,1x960x7x7,0.401682
99,0,imagen.jpeg,123,depthwise_conv,1x960x7x7,4.678998
99,0,imagen.jpeg,124,batchnorm,1x960x7x7,1.094514
99,0,imagen.jpeg,125,activacion,1x960x7x7,0.406252
99,0,imagen.jpeg,126,pointwise_conv,1x960x7x7,90.692527
99,0,imagen.jpeg,127,batchnorm,1x160x7x7,0.18531
99,0,imagen.jpeg,128,layer_add,1x160x7x7,0.08275
99,0,imagen.jpeg,129,pointwise_conv,1x160x7x7,31.614275
99,0,imagen.jpeg,130,batchnorm,1x960x7x7,1.118114
99,0,imagen.jpeg,131,activacion,1x960x7x7,0.398351
99,0,imagen.jpeg,132,depthwise_conv,1x960x7x7,4.624939
99,0,imagen.jpeg,133,batchnorm,1x960x7x7,1.094934
99,0,imagen.jpeg,134,activacion,1x960x7x7,0.396201
99,0,imagen.jpeg,135,pointwise_conv,1x960x7x7,90.654057
99,0,imagen.jpeg,136,batchnorm,1x160x7x7,0.186541
99,0,imagen.jpeg,137,layer_add,1x160x7x7,0.086771
99,0,imagen.jpeg,138,pointwise_conv,1x160x7x7,31.502204
99,0,imagen.jpeg,139,batchnorm,1x960x7x7,1.134135
99,0,imagen.jpeg,140,activacion,1x960x7x7,0.391252
99,0,imagen.jpeg,141,depthwise_conv,1x960x7x7,4.609358
99,0,imagen.jpeg,142,batchnorm,1x960x7x7,1.095804
99,0,imagen.jpeg,143,activacion,1x960x7x7,0.315641
99,0,imagen.jpeg,144,pointwise_conv,1x960x7x7,181.304644
99,0,imagen.jpeg,145,batchnorm,1x320x7x7,0.372601
99,0,imagen.jpeg,146,pointwise_conv,1x320x7x7,108.509478
99,0,imagen.jpeg,147,batchnorm,1x1280x7x7,1.516666
99,0,imagen.jpeg,148,activacion,1x1280x7x7,0.532662
99,0,imagen.jpeg,149,pooling,1x1280x7x7,0.265051
99,0,imagen.jpeg,150,linear,1x1280,5.09375
100,0,imagen.jpeg,0,conv2d,1x3x224x224,116.63229
100,0,imagen.jpeg,1,batchnorm,1x32x112x112,9.174616
100,0,imagen.jpeg,2,activacion,1x32x112x112,2.810021
100,0,imagen.jpeg,3,depthwise_conv,1x32x112x112,37.127397
100,0,imagen.jpeg,4,batchnorm,1x32x112x112,9.239917
100,0,imagen.jpeg,5,activacion,1x32x112x112,2.809241
100,0,imagen.jpeg,6,pointwise_conv,1x32x112x112,129.856883
100,0,imagen.jpeg,7,batchnorm,1x16x112x112,4.593638
100,0,imagen.jpeg,8,pointwise_conv,1x16x112x112,171.758528
100,0,imagen.jpeg,9,batchnorm,1x96x112x112,27.633899
100,0,imagen.jpeg,10,activacion,1x96x112x112,9.360307
100,0,imagen.jpeg,11,depthwise_conv,1x96x112x112,29.279245
100,0,imagen.jpeg,12,batchnorm,1x96x56x56,6.872588
100,0,imagen.jpeg,13,activacion,1x96x56x56,2.50069
100,0,imagen.jpeg,14,pointwise_conv,1x96x56x56,96.15434
100,0,imagen.jpeg,15,batchnorm,1x24x56x56,1.755357
100,0,imagen.jpeg,16,pointwise_conv,1x24x56x56,88.234619
100,0,imagen.jpeg,17,batchnorm,1x144x56x56,10.545472
100,0,imagen.jpeg,18,activacion,1x144x56x56,3.491174
100,0,imagen.jpeg,19,depthwise_conv,1x144x56x56,41.901675
100,0,imagen.jpeg,20,batchnorm,1x144x56x56,10.30311
100,0,imagen.jpeg,21,activacion,1x144x56x56,3.952315
100,0,imagen.jpeg,22,pointwise_conv,1x144x56x56,199.084896
100,0,imagen.jpeg,23,batchnorm,1x24x56x56,1.713916
100,0,imagen.jpeg,24,layer_add,1x24x56x56,0.891664
100,0,imagen.jpeg,25,pointwise_conv,1x24x56x56,87.623017
100,0,imagen.jpeg,26,batchnorm,1x144x56x56,10.453101
100,0,imagen.jpeg,27,activacion,1x144x56x56,3.864426
100,0,imagen.jpeg,28,depthwise_conv,1x144x56x56,10.636492
100,0,imagen.jpeg,29,batchnorm,1x144x28x28,2.59849
100,0,imagen.jpeg,30,activacion,1x144x28x28,0.891163
100,0,imagen.jpeg,31,pointwise_conv,1x144x28x28,25.685122
100,0,imagen.jpeg,32,batchnorm,1x32x28x28,0.566962
100,0,imagen.jpeg,33,pointwise_conv,1x32x28x28,34.549487
100,0,imagen.jpeg,34,batchnorm,1x192x28x28,3.479163
100,0,imagen.jpeg,35,activacion,1x192x28x28,1.116365
100,0,imagen.jpeg,36,depthwise_conv,1x192x28x28,13.988925
100,0,imagen.jpeg,37,batchnorm,1x192x28x28,3.418503
100,0,imagen.jpeg,38,activacion,1x192x28x28,1.379436
100,0,imagen.jpeg,39,pointwise_conv,1x192x28x28,34.221395
100,0,imagen.jpeg,40,batchnorm,1x32x28x28,0.571153
100,0,imagen.jpeg,41,layer_add,1x32x28x28,0.273202
100,0,imagen.jpeg,42,pointwise_conv,1x32x28x28,34.683197
100,0,imagen.jpeg,43,batchnorm,1x192x28x28,3.472993
100,0,imagen.jpeg,44,activacion,1x192x28x28,1.182795
100,0,imagen.jpeg,45,depthwise_conv,1x192x28x28,13.996145
100,0,imagen.jpeg,46,batchnorm,1x192x28x28,3.424953
100,0,imagen.jpeg,47,activacion,1x192x28x28,1.339566
100,0,imagen.jpeg,48,pointwise_conv,1x192x28x28,34.235836
100,0,imagen.jpeg,49,batchnorm,1x32x28x28,0.572312
100,0,imagen.jpeg,50,layer_add,1x32x28x28,0.274151
100,0,imagen.jpeg,51,pointwise_conv,1x32x28x28,34.590227
100,0,imagen.jpeg,52,batchnorm,1x192x28x28,3.479394
100,0,imagen.jpeg,53,activacion,1x192x28x28,1.255195
100,0,imagen.jpeg,54,depthwise_conv,1x192x28x28,3.638044
100,0,imagen.jpeg,55,batchnorm,1x192x14x14,0.874654
100,0,imagen.jpeg,56,activacion,1x192x14x14,0.277481
100,0,imagen.jpeg,57,pointwise_conv,1x192x14x14,12.6042
100,0,imagen.jpeg,58,batchnorm,1x64x14x14,0.289191
100,0,imagen.jpeg,59,pointwise_conv,1x64x14x14,24.304077
100,0,imagen.jpeg,60,batchnorm,1x384x14x14,1.762277
100,0,imagen.jpeg,61,activacion,1x384x14x14,0.557662
100,0,imagen.jpeg,62,depthwise_conv,1x384x14x14,7.056148
100,0,imagen.jpeg,63,batchnorm,1x384x14x14,1.754997
100,0,imagen.jpeg,64,activacion,1x384x14x14,0.668373
100,0,imagen.jpeg,65,pointwise_conv,1x384x14x14,30.852713
100,0,imagen.jpeg,66,batchnorm,1x64x14x14,0.288031
100,0,imagen.jpeg,67,layer_add,1x64x14x14,0.138321
100,0,imagen.jpeg,68,pointwise_conv,1x64x14x14,24.293676
100,0,imagen.jpeg,69,batchnorm,1x384x14x14,1.759707
100,0,imagen.jpeg,70,activacion,1x384x14x14,0.617542
100,0,imagen.jpeg,71,depthwise_conv,1x384x14x14,7.071598
100,0,imagen.jpeg,72,batchnorm,1x384x14x14,1.735637
100,0,imagen.jpeg,73,activacion,1x384x14x14,0.673502
100,0,imagen.jpeg,74,pointwise_conv,1x384x14x14,30.755762
100,0,imagen.jpeg,75,batchnorm,1x64x14x14,0.290641
100,0,imagen.jpeg,76,layer_add,1x64x14x14,0.13497
100,0,imagen.jpeg,77,pointwise_conv,1x64x14x14,24.352227
100,0,imagen.jpeg,78,batchnorm,1x384x14x14,1.749857
100,0,imagen.jpeg,79,activacion,1x384x14x14,0.651842
100,0,imagen.jpeg,80,depthwise_conv,1x384x14x14,7.072468
100,0,imagen.jpeg,81,batchnorm,1x384x14x14,1.761877
100,0,imagen.jpeg,82,activacion,1x384x14x14,0.651273
100,0,imagen.jpeg,83,pointwise_conv,1x384x14x14,30.722862
100,0,imagen.jpeg,84,batchnorm,1x64x14x14,0.288691
100,0,imagen.jpeg,85,layer_add,1x64x14x14,0.138591
100,0,imagen.jpeg,86,pointwise_conv,1x64x14x14,24.310996
100,0,imagen.jpeg,87,batchnorm,1x384x14x14,1.773147
100,0,imagen.jpeg,88,activacion,1x384x14x14,0.628193
100,0,imagen.jpeg,89,depthwise_conv,1x384x14x14,7.060108
100,0,imagen.jpeg,90,batchnorm,1x384x14x14,1.733107
100,0,imagen.jpeg,91,activacion,1x384x14x14,0.656183
100,0,imagen.jpeg,92,pointwise_conv,1x384x14x14,46.159883
100,0,imagen.jpeg,93,batchnorm,1x96x14x14,0.434162
100,0,imagen.jpeg,94,pointwise_conv,1x96x14x14,55.33118
100,0,imagen.jpeg,95,batchnorm,1x576x14x14,2.657911
100,0,imagen.jpeg,96,activacion,1x576x14x14,0.973803
100,0,imagen.jpeg,97,depthwise_conv,1x576x14x14,10.608093
100,0,imagen.jpeg,98,batchnorm,1x576x14x14,2.61487
100,0,imagen.jpeg,99,activacion,1x576x14x14,0.969924
100,0,imagen.jpeg,100,pointwise_conv,1x576x14x14,97.352336
100,0,imagen.jpeg,101,batchnorm,1x96x14x14,0.435181
100,0,imagen.jpeg,102,layer_add,1x96x14x14,0.235471
100,0,imagen.jpeg,103,pointwise_conv,1x96x14x14,55.58705
100,0,imagen.jpeg,104,batchnorm,1x576x14x14,2.642941
100,0,imagen.jpeg,105,activacion,1x576x14x14,1.031954
100,0,imagen.jpeg,106,depthwise_conv,1x576x14x14,10.609422
100,0,imagen.jpeg,107,batchnorm,1x576x14x14,2.647221
100,0,imagen.jpeg,108,activacion,1x576x14x14,0.941253
100,0,imagen.jpeg,109,pointwise_conv,1x576x14x14,97.451087
100,0,imagen.jpeg,110,batchnorm,1x96x14x14,0.436362
100,0,imagen.jpeg,111,layer_add,1x96x14x14,0.206021
100,0,imagen.jpeg,112,pointwise_conv,1x96x14x14,55.388
100,0,imagen.jpeg,113,batchnorm,1x576x14x14,2.657031
100,0,imagen.jpeg,114,activacion,1x576x14x14,0.981914
100,0,imagen.jpeg,115,depthwise_conv,1x576x14x14,2.798871
100,0,imagen.jpeg,116,batchnorm,1x576x7x7,0.663563
100,0,imagen.jpeg,117,activacion,1x576x7x7,0.203521
100,0,imagen.jpeg,118,pointwise_conv,1x576x7x7,42.646369
100,0,imagen.jpeg,119,batchnorm,1x160x7x7,0.183351
100,0,imagen.jpeg,120,pointwise_conv,1x160x7x7,31.508495
100,0,imagen.jpeg,121,batchnorm,1x960x7x7,1.118424
100,0,imagen.jpeg,122,activacion,1x960x7x7,0.431132
100,0,imagen.jpeg,123,depthwise_conv,1x960x7x7,4.685348
100,0,imagen.jpeg,124,batchnorm,1x960x7x7,1.095304
100,0,imagen.jpeg,125,activacion,1x960x7x7,0.404951
100,0,imagen.jpeg,126,pointwise_conv,1x960x7x7,90.68722
100,0,imagen.jpeg,127,batchnorm,1x160x7x7,0.18422
100,0,imagen.jpeg,128,layer_add,1x160x7x7,0.09189
100,0,imagen.jpeg,129,pointwise_conv,1x160x7x7,31.621186
100,0,imagen.jpeg,130,batchnorm,1x960x7x7,1.130344
100,0,imagen.jpeg,131,activacion,1x960x7x7,0.408232
100,0,imagen.jpeg,132,depthwise_conv,1x960x7x7,4.610818
100,0,imagen.jpeg,133,batchnorm,1x960x7x7,1.093624
100,0,imagen.jpeg,134,activacion,1x960x7x7,0.412442
100,0,imagen.jpeg,135,pointwise_conv,1x960x7x7,90.59452
100,0,imagen.jpeg,136,batchnorm,1x160x7x7,0.18871
100,0,imagen.jpeg,137,layer_add,1x160x7x7,0.08895
100,0,imagen.jpeg,138,pointwise_conv,1x160x7x7,31.505506
100,0,imagen.jpeg,139,batchnorm,1x960x7x7,1.132165
100,0,imagen.jpeg,140,activacion,1x960x7x7,0.397362
100,0,imagen.jpeg,141,depthwise_conv,1x960x7x7,4.621738
100,0,imagen.jpeg,142,batchnorm,1x960x7x7,1.094814
100,0,imagen.jpeg,143,activacion,1x960x7x7,0.336762
100,0,imagen.jpeg,144,pointwise_conv,1x960x7x7,181.20801
100,0,imagen.jpeg,145,batchnorm,1x320x7x7,0.374112
100,0,imagen.jpeg,146,pointwise_conv,1x320x7x7,108.444491
100,0,imagen.jpeg,147,batchnorm,1x1280x7x7,1.510956
100,0,imagen.jpeg,148,activacion,1x1280x7x7,0.541692
100,0,imagen.jpeg,149,pooling,1x1280x7x7,0.263241
100,0,imagen.jpeg,150,linear,1x1280,5.10522
101,0,imagen.jpeg,0,conv2d,1x3x224x224,115.112847
101,0,imagen.jpeg,1,batchnorm,1x32x112x112,9.210996
101,0,imagen.jpeg,2,activacion,1x32x112x112,2.814941
101,0,imagen.jpeg,3,depthwise_conv,1x32x112x112,37.036797
101,0,imagen.jpeg,4,batchnorm,1x32x112x112,9.215787
101,0,imagen.jpeg,5,activacion,1x32x112x112,2.800921
101,0,imagen.jpeg,6,pointwise_conv,1x32x112x112,129.154845
101,0,imagen.jpeg,7,batchnorm,1x16x112x112,4.595889
101,0,imagen.jpeg,8,pointwise_conv,1x16x112x112,172.264777
101,0,imagen.jpeg,9,batchnorm,1x96x112x112,27.725561
101,0,imagen.jpeg,10,activacion,1x96x112x112,9.389138
101,0,imagen.jpeg,11,depthwise_conv,1x96x112x112,29.479627
101,0,imagen.jpeg,12,batchnorm,1x96x56x56,6.949517
101,0,imagen.jpeg,13,activacion,1x96x56x56,2.5205
101,0,imagen.jpeg,14,pointwise_conv,1x96x56x56,97.81462
101,0,imagen.jpeg,15,batchnorm,1x24x56x56,1.762217
101,0,imagen.jpeg,16,pointwise_conv,1x24x56x56,88.303212
101,0,imagen.jpeg,17,batchnorm,1x144x56x56,10.456091
101,0,imagen.jpeg,18,activacion,1x144x56x56,3.570244
101,0,imagen.jpeg,19,depthwise_conv,1x144x56x56,41.803046
101,0,imagen.jpeg,20,batchnorm,1x144x56x56,10.321141
101,0,imagen.jpeg,21,activacion,1x144x56x56,3.957366
101,0,imagen.jpeg,22,pointwise_conv,1x144x56x56,199.452965
101,0,imagen.jpeg,23,batchnorm,1x24x56x56,1.764027
101,0,imagen.jpeg,24,layer_add,1x24x56x56,0.770373
101,0,imagen.jpeg,25,pointwise_conv,1x24x56x56,87.74871
101,0,imagen.jpeg,26,batchnorm,1x144x56x56,10.449581
101,0,imagen.jpeg,27,activacion,1x144x56x56,3.855275
101,0,imagen.jpeg,28,depthwise_conv,1x144x56x56,10.646242
101,0,imagen.jpeg,29,batchnorm,1x144x28x28,2.57644
101,0,imagen.jpeg,30,activacion,1x144x28x28,0.930294
101,0,imagen.jpeg,31,pointwise_conv,1x144x28x28,25.651732
101,0,imagen.jpeg,32,batchnorm,1x32x28x28,0.569032
101,0,imagen.jpeg,33,pointwise_conv,1x32x28x28,34.559959
101,0,imagen.jpeg,34,batchnorm,1x192x28x28,3.462414
101,0,imagen.jpeg,35,activacion,1x192x28x28,1.112604
101,0,imagen.jpeg,36,depthwise_conv,1x192x28x28,13.988286
101,0,imagen.jpeg,37,batchnorm,1x192x28x28,3.446984
101,0,imagen.jpeg,38,activacion,1x192x28x28,1.386816
101,0,imagen.jpeg,39,pointwise_conv,1x192x28x28,34.183567
101,0,imagen.jpeg,40,batchnorm,1x32x28x28,0.570282
101,0,imagen.jpeg,41,layer_add,1x32x28x28,0.277191
101,0,imagen.jpeg,42,pointwise_conv,1x32x28x28,34.549068
101,0,imagen.jpeg,43,batchnorm,1x192x28x28,3.476424
101,0,imagen.jpeg,44,activacion,1x192x28x28,1.182235
101,0,imagen.jpeg,45,depthwise_conv,1x192x28x28,13.998196
101,0,imagen.jpeg,46,batchnorm,1x192x28x28,3.450924
101,0,imagen.jpeg,47,activacion,1x192x28x28,1.341916
101,0,imagen.jpeg,48,pointwise_conv,1x192x28x28,34.064716
101,0,imagen.jpeg,49,batchnorm,1x32x28x28,0.572892
101,0,imagen.jpeg,50,layer_add,1x32x28x28,0.288581
101,0,imagen.jpeg,51,pointwise_conv,1x32x28x28,34.585149
101,0,imagen.jpeg,52,batchnorm,1x192x28x28,3.467534
101,0,imagen.jpeg,53,activacion,1x192x28x28,1.255335
101,0,imagen.jpeg,54,depthwise_conv,1x192x28x28,3.643135
101,0,imagen.jpeg,55,batchnorm,1x192x14x14,0.872183
101,0,imagen.jpeg,56,activacion,1x192x14x14,0.277311
101,0,imagen.jpeg,57,pointwise_conv,1x192x14x14,12.61361
101,0,imagen.jpeg,58,batchnorm,1x64x14x14,0.288422
101,0,imagen.jpeg,59,pointwise_conv,1x64x14x14,24.430437
101,0,imagen.jpeg,60,batchnorm,1x384x14x14,1.771847
101,0,imagen.jpeg,61,activacion,1x384x14x14,0.558773
101,0,imagen.jpeg,62,depthwise_conv,1x384x14x14,7.059968
101,0,imagen.jpeg,63,batchnorm,1x384x14x14,1.733987
101,0,imagen.jpeg,64,activacion,1x384x14x14,0.690562
101,0,imagen.jpeg,65,pointwise_conv,1x384x14x14,30.818034
101,0,imagen.jpeg,66,batchnorm,1x64x14x14,0.289231
101,0,imagen.jpeg,67,layer_add,1x64x14x14,0.1362
101,0,imagen.jpeg,68,pointwise_conv,1x64x14x14,24.285037
101,0,imagen.jpeg,69,batchnorm,1x384x14x14,1.764697
101,0,imagen.jpeg,70,activacion,1x384x14x14,0.615573
101,0,imagen.jpeg,71,depthwise_conv,1x384x14x14,7.071128
101,0,imagen.jpeg,72,batchnorm,1x384x14x14,1.732917
101,0,imagen.jpeg,73,activacion,1x384x14x14,0.780493
101,0,imagen.jpeg,74,pointwise_conv,1x384x14x14,30.708643
101,0,imagen.jpeg,75,batchnorm,1x64x14x14,0.299861
101,0,imagen.jpeg,76,layer_add,1x64x14x14,0.13605
101,0,imagen.jpeg,77,pointwise_conv,1x64x14x14,24.342978
101,0,imagen.jpeg,78,batchnorm,1x384x14x14,1.753307
101,0,imagen.jpeg,79,activacion,1x384x14x14,0.672222
101,0,imagen.jpeg,80,depthwise_conv,1x384x14x14,7.035238
101,0,imagen.jpeg,81,batchnorm,1x384x14x14,1.746927
101,0,imagen.jpeg,82,activacion,1x384x14x14,0.653993
101,0,imagen.jpeg,83,pointwise_conv,1x384x14x14,30.772513
101,0,imagen.jpeg,84,batchnorm,1x64x14x14,0.293041
101,0,imagen.jpeg,85,layer_add,1x64x14x14,0.13335
101,0,imagen.jpeg,86,pointwise_conv,1x64x14x14,24.293208
101,0,imagen.jpeg,87,batchnorm,1x384x14x14,1.761797
101,0,imagen.jpeg,88,activacion,1x384x14x14,0.628073
101,0,imagen.jpeg,89,depthwise_conv,1x384x14x14,7.057358
101,0,imagen.jpeg,90,batchnorm,1x384x14x14,1.734547
101,0,imagen.jpeg,91,activacion,1x384x14x14,0.653062
101,0,imagen.jpeg,92,pointwise_conv,1x384x14x14,46.114735
101,0,imagen.jpeg,93,batchnorm,1x96x14x14,0.434521
101,0,imagen.jpeg,94,pointwise_conv,1x96x14x14,55.333602
101,0,imagen.jpeg,95,batchnorm,1x576x14x14,2.64693
101,0,imagen.jpeg,96,activacion,1x576x14x14,0.969464
101,0,imagen.jpeg,97,depthwise_conv,1x576x14x14,10.683563
101,0,imagen.jpeg,98,batchnorm,1x576x14x14,2.644411
101,0,imagen.jpeg,99,activacion,1x576x14x14,0.965304
101,0,imagen.jpeg,100,pointwise_conv,1x576x14x14,97.46141
101,0,imagen.jpeg,101,batchnorm,1x96x14x14,0.438252
101,0,imagen.jpeg,102,layer_add,1x96x14x14,0.206431
101,0,imagen.jpeg,103,pointwise_conv,1x96x14x14,55.482972
101,0,imagen.jpeg,104,batchnorm,1x576x14x14,2.633391
101,0,imagen.jpeg,105,activacion,1x576x14x14,0.994094
101,0,imagen.jpeg,106,depthwise_conv,1x576x14x14,10.582622
101,0,imagen.jpeg,107,batchnorm,1x576x14x14,2.62429
101,0,imagen.jpeg,108,activacion,1x576x14x14,1.023874
101,0,imagen.jpeg,109,pointwise_conv,1x576x14x14,97.4647
101,0,imagen.jpeg,110,batchnorm,1x96x14x14,0.436812
101,0,imagen.jpeg,111,layer_add,1x96x14x14,0.20809
101,0,imagen.jpeg,112,pointwise_conv,1x96x14x14,55.427151
101,0,imagen.jpeg,113,batchnorm,1x576x14x14,2.660511
101,0,imagen.jpeg,114,activacion,1x576x14x14,0.974334
101,0,imagen.jpeg,115,depthwise_conv,1x576x14x14,2.803461
101,0,imagen.jpeg,116,batchnorm,1x576x7x7,0.663263
101,0,imagen.jpeg,117,activacion,1x576x7x7,0.203241
101,0,imagen.jpeg,118,pointwise_conv,1x576x7x7,42.709211
101,0,imagen.jpeg,119,batchnorm,1x160x7x7,0.183781
101,0,imagen.jpeg,120,pointwise_conv,1x160x7x7,31.574817
101,0,imagen.jpeg,121,batchnorm,1x960x7x7,1.130654
101,0,imagen.jpeg,122,activacion,1x960x7x7,0.393661
101,0,imagen.jpeg,123,depthwise_conv,1x960x7x7,4.605709
101,0,imagen.jpeg,124,batchnorm,1x960x7x7,1.095165
101,0,imagen.jpeg,125,activacion,1x960x7x7,0.405002
101,0,imagen.jpeg,126,pointwise_conv,1x960x7x7,90.797924
101,0,imagen.jpeg,127,batchnorm,1x160x7x7,0.186231
101,0,imagen.jpeg,128,layer_add,1x160x7x7,0.08247
101,0,imagen.jpeg,129,pointwise_conv,1x160x7x7,31.513617
101,0,imagen.jpeg,130,batchnorm,1x960x7x7,1.124064
101,0,imagen.jpeg,131,activacion,1x960x7x7,0.397112
101,0,imagen.jpeg,132,depthwise_conv,1x960x7x7,4.620568
101,0,imagen.jpeg,133,batchnorm,1x960x7x7,1.121704
101,0,imagen.jpeg,134,activacion,1x960x7x7,0.402831
101,0,imagen.jpeg,135,pointwise_conv,1x960x7x7,90.866715
101,0,imagen.jpeg,136,batchnorm,1x160x7x7,0.186691
101,0,imagen.jpeg,137,layer_add,1x160x7x7,0.08771
101,0,imagen.jpeg,138,pointwise_conv,1x160x7x7,31.540217
101,0,imagen.jpeg,139,batchnorm,1x960x7x7,1.114995
101,0,imagen.jpeg,140,activacion,1x960x7x7,0.396182
101,0,imagen.jpeg,141,depthwise_conv,1x960x7x7,4.622328
101,0,imagen.jpeg,142,batchnorm,1x960x7x7,1.110054
101,0,imagen.jpeg,143,activacion,1x960x7x7,0.316331
101,0,imagen.jpeg,144,pointwise_conv,1x960x7x7,181.544698
101,0,imagen.jpeg,145,batchnorm,1x320x7x7,0.392001
101,0,imagen.jpeg,146,pointwise_conv,1x320x7x7,108.473556
101,0,imagen.jpeg,147,batchnorm,1x1280x7x7,1.491046
101,0,imagen.jpeg,148,activacion,1x1280x7x7,0.551062
101,0,imagen.jpeg,149,pooling,1x1280x7x7,0.303062
101,0,imagen.jpeg,150,linear,1x1280,5.11816
102,0,imagen.jpeg,0,conv2d,1x3x224x224,115.290912
102,0,imagen.jpeg,1,batchnorm,1x32x112x112,9.151676
102,0,imagen.jpeg,2,activacion,1x32x112x112,2.802801
102,0,imagen.jpeg,3,depthwise_conv,1x32x112x112,37.031019
102,0,imagen.jpeg,4,batchnorm,1x32x112x112,9.220587
102,0,imagen.jpeg,5,activacion,1x32x112x112,2.825951
102,0,imagen.jpeg,6,pointwise_conv,1x32x112x112,129.676541
102,0,imagen.jpeg,7,batchnorm,1x16x112x112,4.582788
102,0,imagen.jpeg,8,pointwise_conv,1x16x112x112,170.857867
102,0,imagen.jpeg,9,batchnorm,1x96x112x112,27.657041
102,0,imagen.jpeg,10,activacion,1x96x112x112,9.422088
102,0,imagen.jpeg,11,depthwise_conv,1x96x112x112,29.078407
102,0,imagen.jpeg,12,batchnorm,1x96x56x56,6.873048
102,0,imagen.jpeg,13,activacion,1x96x56x56,2.5025
102,0,imagen.jpeg,14,pointwise_conv,1x96x56x56,94.851962
102,0,imagen.jpeg,15,batchnorm,1x24x56x56,1.709717
102,0,imagen.jpeg,16,pointwise_conv,1x24x56x56,88.345206
102,0,imagen.jpeg,17,batchnorm,1x144x56x56,10.450552
102,0,imagen.jpeg,18,activacion,1x144x56x56,3.530834
102,0,imagen.jpeg,19,depthwise_conv,1x144x56x56,41.814098
102,0,imagen.jpeg,20,batchnorm,1x144x56x56,10.301552
102,0,imagen.jpeg,21,activacion,1x144x56x56,3.952476
102,0,imagen.jpeg,22,pointwise_conv,1x144x56x56,199.255952
102,0,imagen.jpeg,23,batchnorm,1x24x56x56,1.712457
102,0,imagen.jpeg,24,layer_add,1x24x56x56,0.835004
102,0,imagen.jpeg,25,pointwise_conv,1x24x56x56,87.703153
102,0,imagen.jpeg,26,batchnorm,1x144x56x56,10.458113
102,0,imagen.jpeg,27,activacion,1x144x56x56,3.863726
102,0,imagen.jpeg,28,depthwise_conv,1x144x56x56,10.645853
102,0,imagen.jpeg,29,batchnorm,1x144x28x28,2.609421
102,0,imagen.jpeg,30,activacion,1x144x28x28,0.898374
102,0,imagen.jpeg,31,pointwise_conv,1x144x28x28,25.651183
102,0,imagen.jpeg,32,batchnorm,1x32x28x28,0.586422
102,0,imagen.jpeg,33,pointwise_conv,1x32x28x28,34.523229
102,0,imagen.jpeg,34,batchnorm,1x192x28x28,3.460584
102,0,imagen.jpeg,35,activacion,1x192x28x28,1.147105
102,0,imagen.jpeg,36,depthwise_conv,1x192x28x28,13.991436
102,0,imagen.jpeg,37,batchnorm,1x192x28x28,3.440163
102,0,imagen.jpeg,38,activacion,1x192x28x28,1.367026
102,0,imagen.jpeg,39,pointwise_conv,1x192x28x28,34.138537
102,0,imagen.jpeg,40,batchnorm,1x32x28x28,0.575083
102,0,imagen.jpeg,41,layer_add,1x32x28x28,0.273251
102,0,imagen.jpeg,42,pointwise_conv,1x32x28x28,34.568999
102,0,imagen.jpeg,43,batchnorm,1x192x28x28,3.469844
102,0,imagen.jpeg,44,activacion,1x192x28x28,1.205604
102,0,imagen.jpeg,45,depthwise_conv,1x192x28x28,13.976677
102,0,imagen.jpeg,46,batchnorm,1x192x28x28,3.444594
102,0,imagen.jpeg,47,activacion,1x192x28x28,1.338546
102,0,imagen.jpeg,48,pointwise_conv,1x192x28x28,34.169307
102,0,imagen.jpeg,49,batchnorm,1x32x28x28,0.573222
102,0,imagen.jpeg,50,layer_add,1x32x28x28,0.274161
102,0,imagen.jpeg,51,pointwise_conv,1x32x28x28,34.478949
102,0,imagen.jpeg,52,batchnorm,1x192x28x28,3.458204
102,0,imagen.jpeg,53,activacion,1x192x28x28,1.254385
102,0,imagen.jpeg,54,depthwise_conv,1x192x28x28,3.630384
102,0,imagen.jpeg,55,batchnorm,1x192x14x14,0.872813
102,0,imagen.jpeg,56,activacion,1x192x14x14,0.274931
102,0,imagen.jpeg,57,pointwise_conv,1x192x14x14,12.613221
102,0,imagen.jpeg,58,batchnorm,1x64x14x14,0.287971
102,0,imagen.jpeg,59,pointwise_conv,1x64x14x14,24.298858
102,0,imagen.jpeg,60,batchnorm,1x384x14x14,1.761187
102,0,imagen.jpeg,61,activacion,1x384x14x14,0.562372
102,0,imagen.jpeg,62,depthwise_conv,1x384x14x14,7.062969
102,0,imagen.jpeg,63,batchnorm,1x384x14x14,1.735417
102,0,imagen.jpeg,64,activacion,1x384x14x14,0.803504
102,0,imagen.jpeg,65,pointwise_conv,1x384x14x14,30.718774
102,0,imagen.jpeg,66,batchnorm,1x64x14x14,0.306351
102,0,imagen.jpeg,67,layer_add,1x64x14x14,0.139861
102,0,imagen.jpeg,68,pointwise_conv,1x64x14x14,24.268088
102,0,imagen.jpeg,69,batchnorm,1x384x14x14,1.746847
102,0,imagen.jpeg,70,activacion,1x384x14x14,0.626903
102,0,imagen.jpeg,71,depthwise_conv,1x384x14x14,7.071629
102,0,imagen.jpeg,72,batchnorm,1x384x14x14,1.757637
102,0,imagen.jpeg,73,activacion,1x384x14x14,0.651973
102,0,imagen.jpeg,74,pointwise_conv,1x384x14x14,30.747414
102,0,imagen.jpeg,75,batchnorm,1x64x14x14,0.290901
102,0,imagen.jpeg,76,layer_add,1x64x14x14,0.14241
102,0,imagen.jpeg,77,pointwise_conv,1x64x14x14,24.356499
102,0,imagen.jpeg,78,batchnorm,1x384x14x14,1.776627
102,0,imagen.jpeg,79,activacion,1x384x14x14,0.645942
102,0,imagen.jpeg,80,depthwise_conv,1x384x14x14,7.058579
102,0,imagen.jpeg,81,batchnorm,1x384x14x14,1.735387
102,0,imagen.jpeg,82,activacion,1x384x14x14,0.660732
102,0,imagen.jpeg,83,pointwise_conv,1x384x14x14,30.911215
102,0,imagen.jpeg,84,batchnorm,1x64x14x14,0.288821
102,0,imagen.jpeg,85,layer_add,1x64x14x14,0.13694
102,0,imagen.jpeg,86,pointwise_conv,1x64x14x14,24.332808
102,0,imagen.jpeg,87,batchnorm,1x384x14x14,1.749187
102,0,imagen.jpeg,88,activacion,1x384x14x14,0.627403
102,0,imagen.jpeg,89,depthwise_conv,1x384x14x14,7.074168
102,0,imagen.jpeg,90,batchnorm,1x384x14x14,1.836557
102,0,imagen.jpeg,91,activacion,1x384x14x14,0.661382
102,0,imagen.jpeg,92,pointwise_conv,1x384x14x14,46.058436
102,0,imagen.jpeg,93,batchnorm,1x96x14x14,0.433542
102,0,imagen.jpeg,94,pointwise_conv,1x96x14x14,55.416274
102,0,imagen.jpeg,95,batchnorm,1x576x14x14,2.631571
102,0,imagen.jpeg,96,activacion,1x576x14x14,1.040954
102,0,imagen.jpeg,97,depthwise_conv,1x576x14x14,10.664083
102,0,imagen.jpeg,98,batchnorm,1x576x14x14,2.64707
102,0,imagen.jpeg,99,activacion,1x576x14x14,0.966014
102,0,imagen.jpeg,100,pointwise_conv,1x576x14x14,97.574284
102,0,imagen.jpeg,101,batchnorm,1x96x14x14,0.435882
102,0,imagen.jpeg,102,layer_add,1x96x14x14,0.207411
102,0,imagen.jpeg,103,pointwise_conv,1x96x14x14,55.477144
102,0,imagen.jpeg,104,batchnorm,1x576x14x14,2.659171
102,0,imagen.jpeg,105,activacion,1x576x14x14,0.993714
102,0,imagen.jpeg,106,depthwise_conv,1x576x14x14,10.616363
102,0,imagen.jpeg,107,batchnorm,1x576x14x14,2.650391
102,0,imagen.jpeg,108,activacion,1x576x14x14,0.942104
102,0,imagen.jpeg,109,pointwise_conv,1x576x14x14,97.503504
102,0,imagen.jpeg,110,batchnorm,1x96x14x14,0.440251
102,0,imagen.jpeg,111,layer_add,1x96x14x14,0.203541
102,0,imagen.jpeg,112,pointwise_conv,1x96x14x14,55.400174
102,0,imagen.jpeg,113,batchnorm,1x576x14x14,2.63531
102,0,imagen.jpeg,114,activacion,1x576x14x14,1.013134
102,0,imagen.jpeg,115,depthwise_conv,1x576x14x14,2.769841
102,0,imagen.jpeg,116,batchnorm,1x576x7x7,0.662672
102,0,imagen.jpeg,117,activacion,1x576x7x7,0.203551
102,0,imagen.jpeg,118,pointwise_conv,1x576x7x7,42.711193
102,0,imagen.jpeg,119,batchnorm,1x160x7x7,0.1832
102,0,imagen.jpeg,120,pointwise_conv,1x160x7x7,31.590458
102,0,imagen.jpeg,121,batchnorm,1x960x7x7,1.112584
102,0,imagen.jpeg,122,activacion,1x960x7x7,0.406772
102,0,imagen.jpeg,123,depthwise_conv,1x960x7x7,4.643828
102,0,imagen.jpeg,124,batchnorm,1x960x7x7,1.114274
102,0,imagen.jpeg,125,activacion,1x960x7x7,0.404201
102,0,imagen.jpeg,126,pointwise_conv,1x960x7x7,90.856697
102,0,imagen.jpeg,127,batchnorm,1x160x7x7,0.187861
102,0,imagen.jpeg,128,layer_add,1x160x7x7,0.08903
102,0,imagen.jpeg,129,pointwise_conv,1x160x7x7,31.527838
102,0,imagen.jpeg,130,batchnorm,1x960x7x7,1.115275
102,0,imagen.jpeg,131,activacion,1x960x7x7,0.395481
102,0,imagen.jpeg,132,depthwise_conv,1x960x7x7,4.637049
102,0,imagen.jpeg,133,batchnorm,1x960x7x7,1.093754
102,0,imagen.jpeg,134,activacion,1x960x7x7,0.396642
102,0,imagen.jpeg,135,pointwise_conv,1x960x7x7,90.753348
102,0,imagen.jpeg,136,batchnorm,1x160x7x7,0.187121
102,0,imagen.jpeg,137,layer_add,1x160x7x7,0.086761
102,0,imagen.jpeg,138,pointwise_conv,1x160x7x7,31.520328
102,0,imagen.jpeg,139,batchnorm,1x960x7x7,1.117035
102,0,imagen.jpeg,140,activacion,1x960x7x7,0.391432
102,0,imagen.jpeg,141,depthwise_conv,1x960x7x7,4.613099
102,0,imagen.jpeg,142,batchnorm,1x960x7x7,1.093724
102,0,imagen.jpeg,143,activacion,1x960x7x7,0.315751
102,0,imagen.jpeg,144,pointwise_conv,1x960x7x7,181.597716
102,0,imagen.jpeg,145,batchnorm,1x320x7x7,0.372542
102,0,imagen.jpeg,146,pointwise_conv,1x320x7x7,108.79924
102,0,imagen.jpeg,147,batchnorm,1x1280x7x7,1.522806
102,0,imagen.jpeg,148,activacion,1x1280x7x7,0.528562
102,0,imagen.jpeg,149,pooling,1x1280x7x7,0.266082
102,0,imagen.jpeg,150,linear,1x1280,5.15296
103,0,imagen.jpeg,0,conv2d,1x3x224x224,115.039387
103,0,imagen.jpeg,1,batchnorm,1x32x112x112,9.166677
103,0,imagen.jpeg,2,activacion,1x32x112x112,2.767321
103,0,imagen.jpeg,3,depthwise_conv,1x32x112x112,37.08116
103,0,imagen.jpeg,4,batchnorm,1x32x112x112,9.221718
103,0,imagen.jpeg,5,activacion,1x32x112x112,2.833472
103,0,imagen.jpeg,6,pointwise_conv,1x32x112x112,129.209354
103,0,imagen.jpeg,7,batchnorm,1x16x112x112,4.619679
103,0,imagen.jpeg,8,pointwise_conv,1x16x112x112,172.144257
103,0,imagen.jpeg,9,batchnorm,1x96x112x112,27.783872
103,0,imagen.jpeg,10,activacion,1x96x112x112,9.338138
103,0,imagen.jpeg,11,depthwise_conv,1x96x112x112,29.104108
103,0,imagen.jpeg,12,batchnorm,1x96x56x56,6.894478
103,0,imagen.jpeg,13,activacion,1x96x56x56,2.476841
103,0,imagen.jpeg,14,pointwise_conv,1x96x56x56,93.792141
103,0,imagen.jpeg,15,batchnorm,1x24x56x56,1.708447
103,0,imagen.jpeg,16,pointwise_conv,1x24x56x56,88.335939
103,0,imagen.jpeg,17,batchnorm,1x144x56x56,10.477513
103,0,imagen.jpeg,18,activacion,1x144x56x56,3.559015
103,0,imagen.jpeg,19,depthwise_conv,1x144x56x56,41.958781
103,0,imagen.jpeg,20,batchnorm,1x144x56x56,10.304612
103,0,imagen.jpeg,21,activacion,1x144x56x56,3.963186
103,0,imagen.jpeg,22,pointwise_conv,1x144x56x56,199.351651
103,0,imagen.jpeg,23,batchnorm,1x24x56x56,1.714487
103,0,imagen.jpeg,24,layer_add,1x24x56x56,0.852183
103,0,imagen.jpeg,25,pointwise_conv,1x24x56x56,87.624656
103,0,imagen.jpeg,26,batchnorm,1x144x56x56,10.446313
103,0,imagen.jpeg,27,activacion,1x144x56x56,3.876236
103,0,imagen.jpeg,28,depthwise_conv,1x144x56x56,10.767994
103,0,imagen.jpeg,29,batchnorm,1x144x28x28,2.60244
103,0,imagen.jpeg,30,activacion,1x144x28x28,0.893384
103,0,imagen.jpeg,31,pointwise_conv,1x144x28x28,25.639945
103,0,imagen.jpeg,32,batchnorm,1x32x28x28,0.567423
103,0,imagen.jpeg,33,pointwise_conv,1x32x28x28,34.54615
103,0,imagen.jpeg,34,batchnorm,1x192x28x28,3.471744
103,0,imagen.jpeg,35,activacion,1x192x28x28,1.115724
103,0,imagen.jpeg,36,depthwise_conv,1x192x28x28,13.979296
103,0,imagen.jpeg,37,batchnorm,1x192x28x28,3.431584
103,0,imagen.jpeg,38,activacion,1x192x28x28,1.373525
103,0,imagen.jpeg,39,pointwise_conv,1x192x28x28,34.35912
103,0,imagen.jpeg,40,batchnorm,1x32x28x28,0.571483
103,0,imagen.jpeg,41,layer_add,1x32x28x28,0.273442
103,0,imagen.jpeg,42,pointwise_conv,1x32x28x28,34.52854
103,0,imagen.jpeg,43,batchnorm,1x192x28x28,3.447344
103,0,imagen.jpeg,44,activacion,1x192x28x28,1.180405
103,0,imagen.jpeg,45,depthwise_conv,1x192x28x28,13.998367
103,0,imagen.jpeg,46,batchnorm,1x192x28x28,3.440294
103,0,imagen.jpeg,47,activacion,1x192x28x28,1.365685
103,0,imagen.jpeg,48,pointwise_conv,1x192x28x28,34.120469
103,0,imagen.jpeg,49,batchnorm,1x32x28x28,0.602552
103,0,imagen.jpeg,50,layer_add,1x32x28x28,0.276811
103,0,imagen.jpeg,51,pointwise_conv,1x32x28x28,34.49238
103,0,imagen.jpeg,52,batchnorm,1x192x28x28,3.440594
103,0,imagen.jpeg,53,activacion,1x192x28x28,1.286345
103,0,imagen.jpeg,54,depthwise_conv,1x192x28x28,3.715535
103,0,imagen.jpeg,55,batchnorm,1x192x14x14,0.872574
103,0,imagen.jpeg,56,activacion,1x192x14x14,0.277071
103,0,imagen.jpeg,57,pointwise_conv,1x192x14x14,12.612522
103,0,imagen.jpeg,58,batchnorm,1x64x14x14,0.289621
103,0,imagen.jpeg,59,pointwise_conv,1x64x14x14,24.285159
103,0,imagen.jpeg,60,batchnorm,1x384x14x14,1.753247
103,0,imagen.jpeg,61,activacion,1x384x14x14,0.567622
103,0,imagen.jpeg,62,depthwise_conv,1x384x14x14,7.190779
103,0,imagen.jpeg,63,batchnorm,1x384x14x14,1.763027
103,0,imagen.jpeg,64,activacion,1x384x14x14,0.667342
103,0,imagen.jpeg,65,pointwise_conv,1x384x14x14,30.830655
103,0,imagen.jpeg,66,batchnorm,1x64x14x14,0.292572
103,0,imagen.jpeg,67,layer_add,1x64x14x14,0.134351
103,0,imagen.jpeg,68,pointwise_conv,1x64x14x14,24.294469
103,0,imagen.jpeg,69,batchnorm,1x384x14x14,1.767077
103,0,imagen.jpeg,70,activacion,1x384x14x14,0.614172
103,0,imagen.jpeg,71,depthwise_conv,1x384x14x14,7.057469
103,0,imagen.jpeg,72,batchnorm,1x384x14x14,1.735977
103,0,imagen.jpeg,73,activacion,1x384x14x14,0.673872
103,0,imagen.jpeg,74,pointwise_conv,1x384x14x14,30.810126
103,0,imagen.jpeg,75,batchnorm,1x64x14x14,0.288771
103,0,imagen.jpeg,76,layer_add,1x64x14x14,0.136651
103,0,imagen.jpeg,77,pointwise_conv,1x64x14x14,24.288059
103,0,imagen.jpeg,78,batchnorm,1x384x14x14,1.751367
103,0,imagen.jpeg,79,activacion,1x384x14x14,0.649732
103,0,imagen.jpeg,80,depthwise_conv,1x384x14x14,7.066159
103,0,imagen.jpeg,81,batchnorm,1x384x14x14,1.766117
103,0,imagen.jpeg,82,activacion,1x384x14x14,0.640473
103,0,imagen.jpeg,83,pointwise_conv,1x384x14x14,30.750105
103,0,imagen.jpeg,84,batchnorm,1x64x14x14,0.289981
103,0,imagen.jpeg,85,layer_add,1x64x14x14,0.14203
103,0,imagen.jpeg,86,pointwise_conv,1x64x14x14,24.282599
103,0,imagen.jpeg,87,batchnorm,1x384x14x14,1.747177
103,0,imagen.jpeg,88,activacion,1x384x14x14,0.734073
103,0,imagen.jpeg,89,depthwise_conv,1x384x14x14,7.034879
103,0,imagen.jpeg,90,batchnorm,1x384x14x14,1.748997
103,0,imagen.jpeg,91,activacion,1x384x14x14,0.631682
103,0,imagen.jpeg,92,pointwise_conv,1x384x14x14,46.105048
103,0,imagen.jpeg,93,batchnorm,1x96x14x14,0.432172
103,0,imagen.jpeg,94,pointwise_conv,1x96x14x14,55.396376
103,0,imagen.jpeg,95,batchnorm,1x576x14x14,2.669341
103,0,imagen.jpeg,96,activacion,1x576x14x14,0.968814
103,0,imagen.jpeg,97,depthwise_conv,1x576x14x14,10.617943
103,0,imagen.jpeg,98,batchnorm,1x576x14x14,2.62338
103,0,imagen.jpeg,99,activacion,1x576x14x14,1.139655
103,0,imagen.jpeg,100,pointwise_conv,1x576x14x14,97.420147
103,0,imagen.jpeg,101,batchnorm,1x96x14x14,0.436662
103,0,imagen.jpeg,102,layer_add,1x96x14x14,0.206491
103,0,imagen.jpeg,103,pointwise_conv,1x96x14x14,55.546636
103,0,imagen.jpeg,104,batchnorm,1x576x14x14,2.638421
103,0,imagen.jpeg,105,activacion,1x576x14x14,1.028674
103,0,imagen.jpeg,106,depthwise_conv,1x576x14x14,10.660473
103,0,imagen.jpeg,107,batchnorm,1x576x14x14,2.694001
103,0,imagen.jpeg,108,activacion,1x576x14x14,0.947124
103,0,imagen.jpeg,109,pointwise_conv,1x576x14x14,98.812073
103,0,imagen.jpeg,110,batchnorm,1x96x14x14,0.435612
103,0,imagen.jpeg,111,layer_add,1x96x14x14,0.232251
103,0,imagen.jpeg,112,pointwise_conv,1x96x14x14,55.363535
103,0,imagen.jpeg,113,batchnorm,1x576x14x14,2.634611
103,0,imagen.jpeg,114,activacion,1x576x14x14,1.017015
103,0,imagen.jpeg,115,depthwise_conv,1x576x14x14,2.768741
103,0,imagen.jpeg,116,batchnorm,1x576x7x7,0.695323
103,0,imagen.jpeg,117,activacion,1x576x7x7,0.20402
103,0,imagen.jpeg,118,pointwise_conv,1x576x7x7,42.698754
103,0,imagen.jpeg,119,batchnorm,1x160x7x7,0.183291
103,0,imagen.jpeg,120,pointwise_conv,1x160x7x7,31.554939
103,0,imagen.jpeg,121,batchnorm,1x960x7x7,1.114385
103,0,imagen.jpeg,122,activacion,1x960x7x7,0.394961
103,0,imagen.jpeg,123,depthwise_conv,1x960x7x7,4.628359
103,0,imagen.jpeg,124,batchnorm,1x960x7x7,1.117205
103,0,imagen.jpeg,125,activacion,1x960x7x7,0.405042
103,0,imagen.jpeg,126,pointwise_conv,1x960x7x7,90.83905
103,0,imagen.jpeg,127,batchnorm,1x160x7x7,0.18728
103,0,imagen.jpeg,128,layer_add,1x160x7x7,0.085751
103,0,imagen.jpeg,129,pointwise_conv,1x160x7x7,31.519098
103,0,imagen.jpeg,130,batchnorm,1x960x7x7,1.114854
103,0,imagen.jpeg,131,activacion,1x960x7x7,0.397532
103,0,imagen.jpeg,132,depthwise_conv,1x960x7x7,4.629068
103,0,imagen.jpeg,133,batchnorm,1x960x7x7,1.110714
103,0,imagen.jpeg,134,activacion,1x960x7x7,0.397301
103,0,imagen.jpeg,135,pointwise_conv,1x960x7x7,90.77326
103,0,imagen.jpeg,136,batchnorm,1x160x7x7,0.18734
103,0,imagen.jpeg,137,layer_add,1x160x7x7,0.08498
103,0,imagen.jpeg,138,pointwise_conv,1x160x7x7,31.555609
103,0,imagen.jpeg,139,batchnorm,1x960x7x7,1.115344
103,0,imagen.jpeg,140,activacion,1x960x7x7,0.392361
103,0,imagen.jpeg,141,depthwise_conv,1x960x7x7,4.644229
103,0,imagen.jpeg,142,batchnorm,1x960x7x7,1.099744
103,0,imagen.jpeg,143,activacion,1x960x7x7,0.315201
103,0,imagen.jpeg,144,pointwise_conv,1x960x7x7,181.478051
103,0,imagen.jpeg,145,batchnorm,1x320x7x7,0.373451
103,0,imagen.jpeg,146,pointwise_conv,1x320x7x7,108.461084
103,0,imagen.jpeg,147,batchnorm,1x1280x7x7,1.497456
103,0,imagen.jpeg,148,activacion,1x1280x7x7,0.568333
103,0,imagen.jpeg,149,pooling,1x1280x7x7,0.265101
103,0,imagen.jpeg,150,linear,1x1280,5.090891
104,0,imagen.jpeg,0,conv2d,1x3x224x224,114.644229
104,0,imagen.jpeg,1,batchnorm,1x32x112x112,9.176118
104,0,imagen.jpeg,2,activacion,1x32x112x112,2.799142
104,0,imagen.jpeg,3,depthwise_conv,1x32x112x112,37.115592
104,0,imagen.jpeg,4,batchnorm,1x32x112x112,9.228328
104,0,imagen.jpeg,5,activacion,1x32x112x112,2.902152
104,0,imagen.jpeg,6,pointwise_conv,1x32x112x112,129.236919
104,0,imagen.jpeg,7,batchnorm,1x16x112x112,4.596199
104,0,imagen.jpeg,8,pointwise_conv,1x16x112x112,170.906249
104,0,imagen.jpeg,9,batchnorm,1x96x112x112,27.739743
104,0,imagen.jpeg,10,activacion,1x96x112x112,9.384478
104,0,imagen.jpeg,11,depthwise_conv,1x96x112x112,29.151329
104,0,imagen.jpeg,12,batchnorm,1x96x56x56,6.874168
104,0,imagen.jpeg,13,activacion,1x96x56x56,2.512921
104,0,imagen.jpeg,14,pointwise_conv,1x96x56x56,94.559606
104,0,imagen.jpeg,15,batchnorm,1x24x56x56,1.709807
104,0,imagen.jpeg,16,pointwise_conv,1x24x56x56,88.274682
104,0,imagen.jpeg,17,batchnorm,1x144x56x56,10.442143
104,0,imagen.jpeg,18,activacion,1x144x56x56,3.606084
104,0,imagen.jpeg,19,depthwise_conv,1x144x56x56,41.833052
104,0,imagen.jpeg,20,batchnorm,1x144x56x56,10.386463
104,0,imagen.jpeg,21,activacion,1x144x56x56,4.025307
104,0,imagen.jpeg,22,pointwise_conv,1x144x56x56,199.138717
104,0,imagen.jpeg,23,batchnorm,1x24x56x56,1.837047
104,0,imagen.jpeg,24,layer_add,1x24x56x56,0.769563
104,0,imagen.jpeg,25,pointwise_conv,1x24x56x56,87.74973
104,0,imagen.jpeg,26,batchnorm,1x144x56x56,10.440883
104,0,imagen.jpeg,27,activacion,1x144x56x56,3.945497
104,0,imagen.jpeg,28,depthwise_conv,1x144x56x56,10.659654
104,0,imagen.jpeg,29,batchnorm,1x144x28x28,2.580101
104,0,imagen.jpeg,30,activacion,1x144x28x28,0.892954
104,0,imagen.jpeg,31,pointwise_conv,1x144x28x28,25.615695
104,0,imagen.jpeg,32,batchnorm,1x32x28x28,0.571323
104,0,imagen.jpeg,33,pointwise_conv,1x32x28x28,34.530532
104,0,imagen.jpeg,34,batchnorm,1x192x28x28,3.458674
104,0,imagen.jpeg,35,activacion,1x192x28x28,1.133235
104,0,imagen.jpeg,36,depthwise_conv,1x192x28x28,13.978507
104,0,imagen.jpeg,37,batchnorm,1x192x28x28,3.440174
104,0,imagen.jpeg,38,activacion,1x192x28x28,1.342485
104,0,imagen.jpeg,39,pointwise_conv,1x192x28x28,34.14801
104,0,imagen.jpeg,40,batchnorm,1x32x28x28,0.570942
104,0,imagen.jpeg,41,layer_add,1x32x28x28,0.274101
104,0,imagen.jpeg,42,pointwise_conv,1x32x28x28,34.561482
104,0,imagen.jpeg,43,batchnorm,1x192x28x28,3.463524
104,0,imagen.jpeg,44,activacion,1x192x28x28,1.182985
104,0,imagen.jpeg,45,depthwise_conv,1x192x28x28,13.977898
104,0,imagen.jpeg,46,batchnorm,1x192x28x28,3.452074
104,0,imagen.jpeg,47,activacion,1x192x28x28,1.337726
104,0,imagen.jpeg,48,pointwise_conv,1x192x28x28,34.204331
104,0,imagen.jpeg,49,batchnorm,1x32x28x28,0.575932
104,0,imagen.jpeg,50,layer_add,1x32x28x28,0.273461
104,0,imagen.jpeg,51,pointwise_conv,1x32x28x28,34.501062
104,0,imagen.jpeg,52,batchnorm,1x192x28x28,3.466685
104,0,imagen.jpeg,53,activacion,1x192x28x28,1.254956
104,0,imagen.jpeg,54,depthwise_conv,1x192x28x28,3.624585
104,0,imagen.jpeg,55,batchnorm,1x192x14x14,0.907914
104,0,imagen.jpeg,56,activacion,1x192x14x14,0.276141
104,0,imagen.jpeg,57,pointwise_conv,1x192x14x14,12.638432
104,0,imagen.jpeg,58,batchnorm,1x64x14x14,0.289672
104,0,imagen.jpeg,59,pointwise_conv,1x64x14x14,24.39196
104,0,imagen.jpeg,60,batchnorm,1x384x14x14,1.766407
104,0,imagen.jpeg,61,activacion,1x384x14x14,0.557842
104,0,imagen.jpeg,62,depthwise_conv,1x384x14x14,7.063309
104,0,imagen.jpeg,63,batchnorm,1x384x14x14,1.734717
104,0,imagen.jpeg,64,activacion,1x384x14x14,0.691623
104,0,imagen.jpeg,65,pointwise_conv,1x384x14x14,30.698586
104,0,imagen.jpeg,66,batchnorm,1x64x14x14,0.288261
104,0,imagen.jpeg,67,layer_add,1x64x14x14,0.139131
104,0,imagen.jpeg,68,pointwise_conv,1x64x14x14,24.27714
104,0,imagen.jpeg,69,batchnorm,1x384x14x14,1.752977
104,0,imagen.jpeg,70,activacion,1x384x14x14,0.618082
104,0,imagen.jpeg,71,depthwise_conv,1x384x14x14,7.12315
104,0,imagen.jpeg,72,batchnorm,1x384x14x14,1.776708
104,0,imagen.jpeg,73,activacion,1x384x14x14,0.659643
104,0,imagen.jpeg,74,pointwise_conv,1x384x14x14,30.874746
104,0,imagen.jpeg,75,batchnorm,1x64x14x14,0.290931
104,0,imagen.jpeg,76,layer_add,1x64x14x14,0.13529
104,0,imagen.jpeg,77,pointwise_conv,1x64x14x14,24.28808
104,0,imagen.jpeg,78,batchnorm,1x384x14x14,1.768678
104,0,imagen.jpeg,79,activacion,1x384x14x14,0.646723
104,0,imagen.jpeg,80,depthwise_conv,1x384x14x14,7.058649
104,0,imagen.jpeg,81,batchnorm,1x384x14x14,1.732097
104,0,imagen.jpeg,82,activacion,1x384x14x14,0.647122
104,0,imagen.jpeg,83,pointwise_conv,1x384x14x14,30.766476
104,0,imagen.jpeg,84,batchnorm,1x64x14x14,0.293642
104,0,imagen.jpeg,85,layer_add,1x64x14x14,0.139911
104,0,imagen.jpeg,86,pointwise_conv,1x64x14x14,24.37043
104,0,imagen.jpeg,87,batchnorm,1x384x14x14,1.752148
104,0,imagen.jpeg,88,activacion,1x384x14x14,0.628153
104,0,imagen.jpeg,89,depthwise_conv,1x384x14x14,7.079009
104,0,imagen.jpeg,90,batchnorm,1x384x14x14,1.771437
104,0,imagen.jpeg,91,activacion,1x384x14x14,0.670323
104,0,imagen.jpeg,92,pointwise_conv,1x384x14x14,46.047079
104,0,imagen.jpeg,93,batchnorm,1x96x14x14,0.450602
104,0,imagen.jpeg,94,pointwise_conv,1x96x14x14,55.377057
104,0,imagen.jpeg,95,batchnorm,1x576x14x14,2.634411
104,0,imagen.jpeg,96,activacion,1x576x14x14,1.017414
104,0,imagen.jpeg,97,depthwise_conv,1x576x14x14,10.594814
104,0,imagen.jpeg,98,batchnorm,1x576x14x14,2.63947
104,0,imagen.jpeg,99,activacion,1x576x14x14,0.968254
104,0,imagen.jpeg,100,pointwise_conv,1x576x14x14,97.641172
104,0,imagen.jpeg,101,batchnorm,1x96x14x14,0.444022
104,0,imagen.jpeg,102,layer_add,1x96x14x14,0.209511
104,0,imagen.jpeg,103,pointwise_conv,1x96x14x14,55.530288
104,0,imagen.jpeg,104,batchnorm,1x576x14x14,2.658281
104,0,imagen.jpeg,105,activacion,1x576x14x14,0.982784
104,0,imagen.jpeg,106,depthwise_conv,1x576x14x14,10.690794
104,0,imagen.jpeg,107,batchnorm,1x576x14x14,2.652251
104,0,imagen.jpeg,108,activacion,1x576x14x14,0.944044
104,0,imagen.jpeg,109,pointwise_conv,1x576x14x14,97.554551
104,0,imagen.jpeg,110,batchnorm,1x96x14x14,0.436222
104,0,imagen.jpeg,111,layer_add,1x96x14x14,0.2017
104,0,imagen.jpeg,112,pointwise_conv,1x96x14x14,55.372608
104,0,imagen.jpeg,113,batchnorm,1x576x14x14,2.748281
104,0,imagen.jpeg,114,activacion,1x576x14x14,1.021144
104,0,imagen.jpeg,115,depthwise_conv,1x576x14x14,2.848761
104,0,imagen.jpeg,116,batchnorm,1x576x7x7,0.698042
104,0,imagen.jpeg,117,activacion,1x576x7x7,0.20641
104,0,imagen.jpeg,118,pointwise_conv,1x576x7x7,42.930987
104,0,imagen.jpeg,119,batchnorm,1x160x7x7,0.185551
104,0,imagen.jpeg,120,pointwise_conv,1x160x7x7,31.5293
104,0,imagen.jpeg,121,batchnorm,1x960x7x7,1.116324
104,0,imagen.jpeg,122,activacion,1x960x7x7,0.427642
104,0,imagen.jpeg,123,depthwise_conv,1x960x7x7,4.624329
104,0,imagen.jpeg,124,batchnorm,1x960x7x7,1.096325
104,0,imagen.jpeg,125,activacion,1x960x7x7,0.404392
104,0,imagen.jpeg,126,pointwise_conv,1x960x7x7,90.760513
104,0,imagen.jpeg,127,batchnorm,1x160x7x7,0.184381
104,0,imagen.jpeg,128,layer_add,1x160x7x7,0.0885
104,0,imagen.jpeg,129,pointwise_conv,1x160x7x7,31.51567
104,0,imagen.jpeg,130,batchnorm,1x960x7x7,1.132344
104,0,imagen.jpeg,131,activacion,1x960x7x7,0.396752
104,0,imagen.jpeg,132,depthwise_conv,1x960x7x7,4.615159
104,0,imagen.jpeg,133,batchnorm,1x960x7x7,1.094134
104,0,imagen.jpeg,134,activacion,1x960x7x7,0.396981
104,0,imagen.jpeg,135,pointwise_conv,1x960x7x7,90.789074
104,0,imagen.jpeg,136,batchnorm,1x160x7x7,0.187721
104,0,imagen.jpeg,137,layer_add,1x160x7x7,0.08887
104,0,imagen.jpeg,138,pointwise_conv,1x160x7x7,31.54331
104,0,imagen.jpeg,139,batchnorm,1x960x7x7,1.131234
104,0,imagen.jpeg,140,activacion,1x960x7x7,0.406012
104,0,imagen.jpeg,141,depthwise_conv,1x960x7x7,4.619569
104,0,imagen.jpeg,142,batchnorm,1x960x7x7,1.096014
104,0,imagen.jpeg,143,activacion,1x960x7x7,0.320872
104,0,imagen.jpeg,144,pointwise_conv,1x960x7x7,181.549578
104,0,imagen.jpeg,145,batchnorm,1x320x7x7,0.375251
104,0,imagen.jpeg,146,pointwise_conv,1x320x7x7,108.498227
104,0,imagen.jpeg,147,batchnorm,1x1280x7x7,1.496016
104,0,imagen.jpeg,148,activacion,1x1280x7x7,0.533242
104,0,imagen.jpeg,149,pooling,1x1280x7x7,0.264991
104,0,imagen.jpeg,150,linear,1x1280,5.128031
105,0,imagen.jpeg,0,conv2d,1x3x224x224,115.717837
105,0,imagen.jpeg,1,batchnorm,1x32x112x112,9.157278
105,0,imagen.jpeg,2,activacion,1x32x112x112,2.804512
105,0,imagen.jpeg,3,depthwise_conv,1x32x112x112,37.158873
105,0,imagen.jpeg,4,batchnorm,1x32x112x112,9.233269
105,0,imagen.jpeg,5,activacion,1x32x112x112,2.926672
105,0,imagen.jpeg,6,pointwise_conv,1x32x112x112,128.924112
105,0,imagen.jpeg,7,batchnorm,1x16x112x112,4.595449
105,0,imagen.jpeg,8,pointwise_conv,1x16x112x112,170.969166
105,0,imagen.jpeg,9,batchnorm,1x96x112x112,27.753764
105,0,imagen.jpeg,10,activacion,1x96x112x112,9.382819
105,0,imagen.jpeg,11,depthwise_conv,1x96x112x112,29.10574
105,0,imagen.jpeg,12,batchnorm,1x96x56x56,6.881619
105,0,imagen.jpeg,13,activacion,1x96x56x56,2.51125
105,0,imagen.jpeg,14,pointwise_conv,1x96x56x56,95.597315
105,0,imagen.jpeg,15,batchnorm,1x24x56x56,1.707897
105,0,imagen.jpeg,16,pointwise_conv,1x24x56x56,88.305254
105,0,imagen.jpeg,17,batchnorm,1x144x56x56,10.462863
105,0,imagen.jpeg,18,activacion,1x144x56x56,3.535114
105,0,imagen.jpeg,19,depthwise_conv,1x144x56x56,41.904793
105,0,imagen.jpeg,20,batchnorm,1x144x56x56,10.360873
105,0,imagen.jpeg,21,activacion,1x144x56x56,3.968066
105,0,imagen.jpeg,22,pointwise_conv,1x144x56x56,199.359095
105,0,imagen.jpeg,23,batchnorm,1x24x56x56,1.765148
105,0,imagen.jpeg,24,layer_add,1x24x56x56,0.763433
105,0,imagen.jpeg,25,pointwise_conv,1x24x56x56,87.719173
105,0,imagen.jpeg,26,batchnorm,1x144x56x56,10.500883
105,0,imagen.jpeg,27,activacion,1x144x56x56,3.902346
105,0,imagen.jpeg,28,depthwise_conv,1x144x56x56,10.660105
105,0,imagen.jpeg,29,batchnorm,1x144x28x28,2.60819
105,0,imagen.jpeg,30,activacion,1x144x28x28,0.908234
105,0,imagen.jpeg,31,pointwise_conv,1x144x28x28,25.812237
105,0,imagen.jpeg,32,batchnorm,1x32x28x28,0.587722
105,0,imagen.jpeg,33,pointwise_conv,1x32x28x28,34.594484
105,0,imagen.jpeg,34,batchnorm,1x192x28x28,3.454805
105,0,imagen.jpeg,35,activacion,1x192x28x28,1.152665
105,0,imagen.jpeg,36,depthwise_conv,1x192x28x28,14.061259
105,0,imagen.jpeg,37,batchnorm,1x192x28x28,3.445724
105,0,imagen.jpeg,38,activacion,1x192x28x28,1.365826
105,0,imagen.jpeg,39,pointwise_conv,1x192x28x28,34.131311
105,0,imagen.jpeg,40,batchnorm,1x32x28x28,0.570013
105,0,imagen.jpeg,41,layer_add,1x32x28x28,0.308232
105,0,imagen.jpeg,42,pointwise_conv,1x32x28x28,34.559613
105,0,imagen.jpeg,43,batchnorm,1x192x28x28,3.469915
105,0,imagen.jpeg,44,activacion,1x192x28x28,1.210355
105,0,imagen.jpeg,45,depthwise_conv,1x192x28x28,13.993838
105,0,imagen.jpeg,46,batchnorm,1x192x28x28,3.519395
105,0,imagen.jpeg,47,activacion,1x192x28x28,1.340855
105,0,imagen.jpeg,48,pointwise_conv,1x192x28x28,34.238442
105,0,imagen.jpeg,49,batchnorm,1x32x28x28,0.577362
105,0,imagen.jpeg,50,layer_add,1x32x28x28,0.306821
105,0,imagen.jpeg,51,pointwise_conv,1x32x28x28,34.483033
105,0,imagen.jpeg,52,batchnorm,1x192x28x28,3.456935
105,0,imagen.jpeg,53,activacion,1x192x28x28,1.288825
105,0,imagen.jpeg,54,depthwise_conv,1x192x28x28,3.641975
105,0,imagen.jpeg,55,batchnorm,1x192x14x14,0.871044
105,0,imagen.jpeg,56,activacion,1x192x14x14,0.276721
105,0,imagen.jpeg,57,pointwise_conv,1x192x14x14,12.609932
105,0,imagen.jpeg,58,batchnorm,1x64x14x14,0.288051
105,0,imagen.jpeg,59,pointwise_conv,1x64x14x14,24.424341
105,0,imagen.jpeg,60,batchnorm,1x384x14x14,1.751697
105,0,imagen.jpeg,61,activacion,1x384x14x14,0.559112
105,0,imagen.jpeg,62,depthwise_conv,1x384x14x14,7.049749
105,0,imagen.jpeg,63,batchnorm,1x384x14x14,1.736708
105,0,imagen.jpeg,64,activacion,1x384x14x14,0.718883
105,0,imagen.jpeg,65,pointwise_conv,1x384x14x14,30.706667
105,0,imagen.jpeg,66,batchnorm,1x64x14x14,0.302171
105,0,imagen.jpeg,67,layer_add,1x64x14x14,0.13583
105,0,imagen.jpeg,68,pointwise_conv,1x64x14x14,24.276771
105,0,imagen.jpeg,69,batchnorm,1x384x14x14,1.747787
105,0,imagen.jpeg,70,activacion,1x384x14x14,0.616802
105,0,imagen.jpeg,71,depthwise_conv,1x384x14x14,7.0307
105,0,imagen.jpeg,72,batchnorm,1x384x14x14,1.745267
105,0,imagen.jpeg,73,activacion,1x384x14x14,0.675122
105,0,imagen.jpeg,74,pointwise_conv,1x384x14x14,30.809888
105,0,imagen.jpeg,75,batchnorm,1x64x14x14,0.288662
105,0,imagen.jpeg,76,layer_add,1x64x14x14,0.138651
105,0,imagen.jpeg,77,pointwise_conv,1x64x14x14,24.293091
105,0,imagen.jpeg,78,batchnorm,1x384x14x14,1.763557
105,0,imagen.jpeg,79,activacion,1x384x14x14,0.650412
105,0,imagen.jpeg,80,depthwise_conv,1x384x14x14,7.08674
105,0,imagen.jpeg,81,batchnorm,1x384x14x14,1.749868
105,0,imagen.jpeg,82,activacion,1x384x14x14,0.661083
105,0,imagen.jpeg,83,pointwise_conv,1x384x14x14,30.779397
105,0,imagen.jpeg,84,batchnorm,1x64x14x14,0.289121
105,0,imagen.jpeg,85,layer_add,1x64x14x14,0.13702
105,0,imagen.jpeg,86,pointwise_conv,1x64x14x14,24.360181
105,0,imagen.jpeg,87,batchnorm,1x384x14x14,1.748827
105,0,imagen.jpeg,88,activacion,1x384x14x14,0.628723
105,0,imagen.jpeg,89,depthwise_conv,1x384x14x14,7.074509
105,0,imagen.jpeg,90,batchnorm,1x384x14x14,1.757897
105,0,imagen.jpeg,91,activacion,1x384x14x14,0.652422
105,0,imagen.jpeg,92,pointwise_conv,1x384x14x14,46.012821
105,0,imagen.jpeg,93,batchnorm,1x96x14x14,0.433022
105,0,imagen.jpeg,94,pointwise_conv,1x96x14x14,55.39343
105,0,imagen.jpeg,95,batchnorm,1x576x14x14,2.62942
105,0,imagen.jpeg,96,activacion,1x576x14x14,1.005864
105,0,imagen.jpeg,97,depthwise_conv,1x576x14x14,10.607344
105,0,imagen.jpeg,98,batchnorm,1x576x14x14,2.645171
105,0,imagen.jpeg,99,activacion,1x576x14x14,0.977034
105,0,imagen.jpeg,100,pointwise_conv,1x576x14x14,97.489723
105,0,imagen.jpeg,101,batchnorm,1x96x14x14,0.438502
105,0,imagen.jpeg,102,layer_add,1x96x14x14,0.203891
105,0,imagen.jpeg,103,pointwise_conv,1x96x14x14,55.489911
105,0,imagen.jpeg,104,batchnorm,1x576x14x14,2.722512
105,0,imagen.jpeg,105,activacion,1x576x14x14,0.989744
105,0,imagen.jpeg,106,depthwise_conv,1x576x14x14,10.605884
105,0,imagen.jpeg,107,batchnorm,1x576x14x14,2.656461
105,0,imagen.jpeg,108,activacion,1x576x14x14,0.943994
105,0,imagen.jpeg,109,pointwise_conv,1x576x14x14,97.450834
105,0,imagen.jpeg,110,batchnorm,1x96x14x14,0.453142
105,0,imagen.jpeg,111,layer_add,1x96x14x14,0.203381
105,0,imagen.jpeg,112,pointwise_conv,1x96x14x14,55.31761
105,0,imagen.jpeg,113,batchnorm,1x576x14x14,2.640151
105,0,imagen.jpeg,114,activacion,1x576x14x14,1.041104
105,0,imagen.jpeg,115,depthwise_conv,1x576x14x14,2.777281
105,0,imagen.jpeg,116,batchnorm,1x576x7x7,0.665492
105,0,imagen.jpeg,117,activacion,1x576x7x7,0.204471
105,0,imagen.jpeg,118,pointwise_conv,1x576x7x7,42.904879
105,0,imagen.jpeg,119,batchnorm,1x160x7x7,0.183921
105,0,imagen.jpeg,120,pointwise_conv,1x160x7x7,31.510841
105,0,imagen.jpeg,121,batchnorm,1x960x7x7,1.113645
105,0,imagen.jpeg,122,activacion,1x960x7x7,0.391632
105,0,imagen.jpeg,123,depthwise_conv,1x960x7x7,4.630199
105,0,imagen.jpeg,124,batchnorm,1x960x7x7,1.111485
105,0,imagen.jpeg,125,activacion,1x960x7x7,0.404501
105,0,imagen.jpeg,126,pointwise_conv,1x960x7x7,90.772607
105,0,imagen.jpeg,127,batchnorm,1x160x7x7,0.184491
105,0,imagen.jpeg,128,layer_add,1x160x7x7,0.08428
105,0,imagen.jpeg,129,pointwise_conv,1x160x7x7,31.588841
105,0,imagen.jpeg,130,batchnorm,1x960x7x7,1.115635
105,0,imagen.jpeg,131,activacion,1x960x7x7,0.407711
105,0,imagen.jpeg,132,depthwise_conv,1x960x7x7,4.627589
105,0,imagen.jpeg,133,batchnorm,1x960x7x7,1.099654
105,0,imagen.jpeg,134,activacion,1x960x7x7,0.393122
105,0,imagen.jpeg,135,pointwise_conv,1x960x7x7,90.784298
105,0,imagen.jpeg,136,batchnorm,1x160x7x7,0.185501
105,0,imagen.jpeg,137,layer_add,1x160x7x7,0.086201
105,0,imagen.jpeg,138,pointwise_conv,1x160x7x7,31.553441
105,0,imagen.jpeg,139,batchnorm,1x960x7x7,1.115784
105,0,imagen.jpeg,140,activacion,1x960x7x7,0.434242
105,0,imagen.jpeg,141,depthwise_conv,1x960x7x7,4.609619
105,0,imagen.jpeg,142,batchnorm,1x960x7x7,1.095795
105,0,imagen.jpeg,143,activacion,1x960x7x7,0.317301
105,0,imagen.jpeg,144,pointwise_conv,1x960x7x7,181.471604
105,0,imagen.jpeg,145,batchnorm,1x320x7x7,0.373792
105,0,imagen.jpeg,146,pointwise_conv,1x320x7x7,108.4586
105,0,imagen.jpeg,147,batchnorm,1x1280x7x7,1.522266
105,0,imagen.jpeg,148,activacion,1x1280x7x7,0.529662
105,0,imagen.jpeg,149,pooling,1x1280x7x7,0.265571
105,0,imagen.jpeg,150,linear,1x1280,5.090431
106,0,imagen.jpeg,0,conv2d,1x3x224x224,115.5575
106,0,imagen.jpeg,1,batchnorm,1x32x112x112,9.169128
106,0,imagen.jpeg,2,activacion,1x32x112x112,2.805491
106,0,imagen.jpeg,3,depthwise_conv,1x32x112x112,37.033434
106,0,imagen.jpeg,4,batchnorm,1x32x112x112,9.331339
106,0,imagen.jpeg,5,activacion,1x32x112x112,2.840112
106,0,imagen.jpeg,6,pointwise_conv,1x32x112x112,129.49023
106,0,imagen.jpeg,7,batchnorm,1x16x112x112,4.602209
106,0,imagen.jpeg,8,pointwise_conv,1x16x112x112,171.254304
106,0,imagen.jpeg,9,batchnorm,1x96x112x112,27.655405
106,0,imagen.jpeg,10,activacion,1x96x112x112,9.4979
106,0,imagen.jpeg,11,depthwise_conv,1x96x112x112,29.116411
106,0,imagen.jpeg,12,batchnorm,1x96x56x56,6.880968
106,0,imagen.jpeg,13,activacion,1x96x56x56,2.51325
106,0,imagen.jpeg,14,pointwise_conv,1x96x56x56,94.588944
106,0,imagen.jpeg,15,batchnorm,1x24x56x56,1.708767
106,0,imagen.jpeg,16,pointwise_conv,1x24x56x56,88.293398
106,0,imagen.jpeg,17,batchnorm,1x144x56x56,10.442373
106,0,imagen.jpeg,18,activacion,1x144x56x56,3.528314
106,0,imagen.jpeg,19,depthwise_conv,1x144x56x56,41.877925
106,0,imagen.jpeg,20,batchnorm,1x144x56x56,10.304013
106,0,imagen.jpeg,21,activacion,1x144x56x56,3.940266
106,0,imagen.jpeg,22,pointwise_conv,1x144x56x56,199.261081
106,0,imagen.jpeg,23,batchnorm,1x24x56x56,1.744197
106,0,imagen.jpeg,24,layer_add,1x24x56x56,0.780794
106,0,imagen.jpeg,25,pointwise_conv,1x24x56x56,87.762266
106,0,imagen.jpeg,26,batchnorm,1x144x56x56,10.439444
106,0,imagen.jpeg,27,activacion,1x144x56x56,3.880087
106,0,imagen.jpeg,28,depthwise_conv,1x144x56x56,10.646025
106,0,imagen.jpeg,29,batchnorm,1x144x28x28,2.581061
106,0,imagen.jpeg,30,activacion,1x144x28x28,0.895603
106,0,imagen.jpeg,31,pointwise_conv,1x144x28x28,25.603147
106,0,imagen.jpeg,32,batchnorm,1x32x28x28,0.568562
106,0,imagen.jpeg,33,pointwise_conv,1x32x28x28,34.525054
106,0,imagen.jpeg,34,batchnorm,1x192x28x28,3.531814
106,0,imagen.jpeg,35,activacion,1x192x28x28,1.114825
106,0,imagen.jpeg,36,depthwise_conv,1x192x28x28,13.981609
106,0,imagen.jpeg,37,batchnorm,1x192x28x28,3.450815
106,0,imagen.jpeg,38,activacion,1x192x28x28,1.385866
106,0,imagen.jpeg,39,pointwise_conv,1x192x28x28,34.169653
106,0,imagen.jpeg,40,batchnorm,1x32x28x28,0.570622
106,0,imagen.jpeg,41,layer_add,1x32x28x28,0.247861
106,0,imagen.jpeg,42,pointwise_conv,1x32x28x28,34.571125
106,0,imagen.jpeg,43,batchnorm,1x192x28x28,3.469274
106,0,imagen.jpeg,44,activacion,1x192x28x28,1.180975
106,0,imagen.jpeg,45,depthwise_conv,1x192x28x28,14.084139
106,0,imagen.jpeg,46,batchnorm,1x192x28x28,3.440884
106,0,imagen.jpeg,47,activacion,1x192x28x28,1.340005
106,0,imagen.jpeg,48,pointwise_conv,1x192x28x28,34.241313
106,0,imagen.jpeg,49,batchnorm,1x32x28x28,0.574582
106,0,imagen.jpeg,50,layer_add,1x32x28x28,0.273031
106,0,imagen.jpeg,51,pointwise_conv,1x32x28x28,34.510244
106,0,imagen.jpeg,52,batchnorm,1x192x28x28,3.466004
106,0,imagen.jpeg,53,activacion,1x192x28x28,1.254225
106,0,imagen.jpeg,54,depthwise_conv,1x192x28x28,3.638235
106,0,imagen.jpeg,55,batchnorm,1x192x14x14,0.893494
106,0,imagen.jpeg,56,activacion,1x192x14x14,0.277652
106,0,imagen.jpeg,57,pointwise_conv,1x192x14x14,12.703163
106,0,imagen.jpeg,58,batchnorm,1x64x14x14,0.288481
106,0,imagen.jpeg,59,pointwise_conv,1x64x14x14,24.294261
106,0,imagen.jpeg,60,batchnorm,1x384x14x14,1.768537
106,0,imagen.jpeg,61,activacion,1x384x14x14,0.558762
106,0,imagen.jpeg,62,depthwise_conv,1x384x14x14,7.1325
106,0,imagen.jpeg,63,batchnorm,1x384x14x14,1.737798
106,0,imagen.jpeg,64,activacion,1x384x14x14,0.728773
106,0,imagen.jpeg,65,pointwise_conv,1x384x14x14,30.695728
106,0,imagen.jpeg,66,batchnorm,1x64x14x14,0.288541
106,0,imagen.jpeg,67,layer_add,1x64x14x14,0.14182
106,0,imagen.jpeg,68,pointwise_conv,1x64x14x14,24.424042
106,0,imagen.jpeg,69,batchnorm,1x384x14x14,1.773217
106,0,imagen.jpeg,70,activacion,1x384x14x14,0.613473
106,0,imagen.jpeg,71,depthwise_conv,1x384x14x14,7.05882
106,0,imagen.jpeg,72,batchnorm,1x384x14x14,1.763737
106,0,imagen.jpeg,73,activacion,1x384x14x14,0.675233
106,0,imagen.jpeg,74,pointwise_conv,1x384x14x14,30.751298
106,0,imagen.jpeg,75,batchnorm,1x64x14x14,0.290091
106,0,imagen.jpeg,76,layer_add,1x64x14x14,0.139
106,0,imagen.jpeg,77,pointwise_conv,1x64x14x14,24.300592
106,0,imagen.jpeg,78,batchnorm,1x384x14x14,1.766418
106,0,imagen.jpeg,79,activacion,1x384x14x14,0.651923
106,0,imagen.jpeg,80,depthwise_conv,1x384x14x14,7.06345
106,0,imagen.jpeg,81,batchnorm,1x384x14x14,1.739577
106,0,imagen.jpeg,82,activacion,1x384x14x14,0.657302
106,0,imagen.jpeg,83,pointwise_conv,1x384x14x14,30.819419
106,0,imagen.jpeg,84,batchnorm,1x64x14x14,0.288771
106,0,imagen.jpeg,85,layer_add,1x64x14x14,0.139471
106,0,imagen.jpeg,86,pointwise_conv,1x64x14x14,24.365532
106,0,imagen.jpeg,87,batchnorm,1x384x14x14,1.754298
106,0,imagen.jpeg,88,activacion,1x384x14x14,0.631553
106,0,imagen.jpeg,89,depthwise_conv,1x384x14x14,7.070419
106,0,imagen.jpeg,90,batchnorm,1x384x14x14,1.757277
106,0,imagen.jpeg,91,activacion,1x384x14x14,0.638622
106,0,imagen.jpeg,92,pointwise_conv,1x384x14x14,46.059813
106,0,imagen.jpeg,93,batchnorm,1x96x14x14,0.433382
106,0,imagen.jpeg,94,pointwise_conv,1x96x14x14,55.435192
106,0,imagen.jpeg,95,batchnorm,1x576x14x14,2.650441
106,0,imagen.jpeg,96,activacion,1x576x14x14,1.026145
106,0,imagen.jpeg,97,depthwise_conv,1x576x14x14,10.602564
106,0,imagen.jpeg,98,batchnorm,1x576x14x14,2.640341
106,0,imagen.jpeg,99,activacion,1x576x14x14,0.976014
106,0,imagen.jpeg,100,pointwise_conv,1x576x14x14,97.457627
106,0,imagen.jpeg,101,batchnorm,1x96x14x14,0.436072
106,0,imagen.jpeg,102,layer_add,1x96x14x14,0.203331
106,0,imagen.jpeg,103,pointwise_conv,1x96x14x14,55.549202
106,0,imagen.jpeg,104,batchnorm,1x576x14x14,2.651262
106,0,imagen.jpeg,105,activacion,1x576x14x14,0.994794
106,0,imagen.jpeg,106,depthwise_conv,1x576x14x14,10.627894
106,0,imagen.jpeg,107,batchnorm,1x576x14x14,2.643141
106,0,imagen.jpeg,108,activacion,1x576x14x14,0.941244
106,0,imagen.jpeg,109,pointwise_conv,1x576x14x14,97.477718
106,0,imagen.jpeg,110,batchnorm,1x96x14x14,0.439172
106,0,imagen.jpeg,111,layer_add,1x96x14x14,0.205561
106,0,imagen.jpeg,112,pointwise_conv,1x96x14x14,55.317611
106,0,imagen.jpeg,113,batchnorm,1x576x14x14,2.635521
106,0,imagen.jpeg,114,activacion,1x576x14x14,1.012084
106,0,imagen.jpeg,115,depthwise_conv,1x576x14x14,2.780242
106,0,imagen.jpeg,116,batchnorm,1x576x7x7,0.663223
106,0,imagen.jpeg,117,activacion,1x576x7x7,0.203831
106,0,imagen.jpeg,118,pointwise_conv,1x576x7x7,42.758999
106,0,imagen.jpeg,119,batchnorm,1x160x7x7,0.183741
106,0,imagen.jpeg,120,pointwise_conv,1x160x7x7,31.524032
106,0,imagen.jpeg,121,batchnorm,1x960x7x7,1.115435
106,0,imagen.jpeg,122,activacion,1x960x7x7,0.403062
106,0,imagen.jpeg,123,depthwise_conv,1x960x7x7,4.618489
106,0,imagen.jpeg,124,batchnorm,1x960x7x7,1.110404
106,0,imagen.jpeg,125,activacion,1x960x7x7,0.418692
106,0,imagen.jpeg,126,pointwise_conv,1x960x7x7,90.797471
106,0,imagen.jpeg,127,batchnorm,1x160x7x7,0.187001
106,0,imagen.jpeg,128,layer_add,1x160x7x7,0.0864
106,0,imagen.jpeg,129,pointwise_conv,1x160x7x7,31.658033
106,0,imagen.jpeg,130,batchnorm,1x960x7x7,1.117175
106,0,imagen.jpeg,131,activacion,1x960x7x7,0.398672
106,0,imagen.jpeg,132,depthwise_conv,1x960x7x7,4.620129
106,0,imagen.jpeg,133,batchnorm,1x960x7x7,1.093705
106,0,imagen.jpeg,134,activacion,1x960x7x7,0.396041
106,0,imagen.jpeg,135,pointwise_conv,1x960x7x7,90.62805
106,0,imagen.jpeg,136,batchnorm,1x160x7x7,0.186801
106,0,imagen.jpeg,137,layer_add,1x160x7x7,0.0884
106,0,imagen.jpeg,138,pointwise_conv,1x160x7x7,31.612593
106,0,imagen.jpeg,139,batchnorm,1x960x7x7,1.115115
106,0,imagen.jpeg,140,activacion,1x960x7x7,0.433671
106,0,imagen.jpeg,141,depthwise_conv,1x960x7x7,4.59824
106,0,imagen.jpeg,142,batchnorm,1x960x7x7,1.095755
106,0,imagen.jpeg,143,activacion,1x960x7x7,0.317071
106,0,imagen.jpeg,144,pointwise_conv,1x960x7x7,181.18622
106,0,imagen.jpeg,145,batchnorm,1x320x7x7,0.371592
106,0,imagen.jpeg,146,pointwise_conv,1x320x7x7,108.544465
106,0,imagen.jpeg,147,batchnorm,1x1280x7x7,1.536136
106,0,imagen.jpeg,148,activacion,1x1280x7x7,0.546223
106,0,imagen.jpeg,149,pooling,1x1280x7x7,0.269031
106,0,imagen.jpeg,150,linear,1x1280,5.092791
107,0,imagen.jpeg,0,conv2d,1x3x224x224,114.59983
107,0,imagen.jpeg,1,batchnorm,1x32x112x112,9.164559
107,0,imagen.jpeg,2,activacion,1x32x112x112,2.820632
107,0,imagen.jpeg,3,depthwise_conv,1x32x112x112,37.130836
107,0,imagen.jpeg,4,batchnorm,1x32x112x112,9.240859
107,0,imagen.jpeg,5,activacion,1x32x112x112,2.846042
107,0,imagen.jpeg,6,pointwise_conv,1x32x112x112,129.579973
107,0,imagen.jpeg,7,batchnorm,1x16x112x112,4.622089
107,0,imagen.jpeg,8,pointwise_conv,1x16x112x112,171.025489
107,0,imagen.jpeg,9,batchnorm,1x96x112x112,27.636146
107,0,imagen.jpeg,10,activacion,1x96x112x112,9.47914
107,0,imagen.jpeg,11,depthwise_conv,1x96x112x112,29.084422
107,0,imagen.jpeg,12,batchnorm,1x96x56x56,6.849779
107,0,imagen.jpeg,13,activacion,1x96x56x56,2.50265
107,0,imagen.jpeg,14,pointwise_conv,1x96x56x56,94.786999
107,0,imagen.jpeg,15,batchnorm,1x24x56x56,1.708967
107,0,imagen.jpeg,16,pointwise_conv,1x24x56x56,88.378131
107,0,imagen.jpeg,17,batchnorm,1x144x56x56,10.441494
107,0,imagen.jpeg,18,activacion,1x144x56x56,3.528155
107,0,imagen.jpeg,19,depthwise_conv,1x144x56x56,41.952706
107,0,imagen.jpeg,20,batchnorm,1x144x56x56,10.298833
107,0,imagen.jpeg,21,activacion,1x144x56x56,3.958776
107,0,imagen.jpeg,22,pointwise_conv,1x144x56x56,199.225937
107,0,imagen.jpeg,23,batchnorm,1x24x56x56,1.714837
107,0,imagen.jpeg,24,layer_add,1x24x56x56,0.842483
107,0,imagen.jpeg,25,pointwise_conv,1x24x56x56,87.640079
107,0,imagen.jpeg,26,batchnorm,1x144x56x56,10.466074
107,0,imagen.jpeg,27,activacion,1x144x56x56,3.892106
107,0,imagen.jpeg,28,depthwise_conv,1x144x56x56,10.664655
107,0,imagen.jpeg,29,batchnorm,1x144x28x28,2.608101
107,0,imagen.jpeg,30,activacion,1x144x28x28,0.891783
107,0,imagen.jpeg,31,pointwise_conv,1x144x28x28,25.594118
107,0,imagen.jpeg,32,batchnorm,1x32x28x28,0.570792
107,0,imagen.jpeg,33,pointwise_conv,1x32x28x28,34.615355
107,0,imagen.jpeg,34,batchnorm,1x192x28x28,3.459835
107,0,imagen.jpeg,35,activacion,1x192x28x28,1.166925
107,0,imagen.jpeg,36,depthwise_conv,1x192x28x28,13.989689
107,0,imagen.jpeg,37,batchnorm,1x192x28x28,3.449315
107,0,imagen.jpeg,38,activacion,1x192x28x28,1.368715
107,0,imagen.jpeg,39,pointwise_conv,1x192x28x28,34.158134
107,0,imagen.jpeg,40,batchnorm,1x32x28x28,0.595383
107,0,imagen.jpeg,41,layer_add,1x32x28x28,0.271862
107,0,imagen.jpeg,42,pointwise_conv,1x32x28x28,34.512555
107,0,imagen.jpeg,43,batchnorm,1x192x28x28,3.520144
107,0,imagen.jpeg,44,activacion,1x192x28x28,1.208885
107,0,imagen.jpeg,45,depthwise_conv,1x192x28x28,13.986078
107,0,imagen.jpeg,46,batchnorm,1x192x28x28,3.441125
107,0,imagen.jpeg,47,activacion,1x192x28x28,1.368616
107,0,imagen.jpeg,48,pointwise_conv,1x192x28x28,34.114024
107,0,imagen.jpeg,49,batchnorm,1x32x28x28,0.575332
107,0,imagen.jpeg,50,layer_add,1x32x28x28,0.302272
107,0,imagen.jpeg,51,pointwise_conv,1x32x28x28,34.493065
107,0,imagen.jpeg,52,batchnorm,1x192x28x28,3.460034
107,0,imagen.jpeg,53,activacion,1x192x28x28,1.286275
107,0,imagen.jpeg,54,depthwise_conv,1x192x28x28,3.715595
107,0,imagen.jpeg,55,batchnorm,1x192x14x14,0.874943
107,0,imagen.jpeg,56,activacion,1x192x14x14,0.278431
107,0,imagen.jpeg,57,pointwise_conv,1x192x14x14,12.611093
107,0,imagen.jpeg,58,batchnorm,1x64x14x14,0.288511
107,0,imagen.jpeg,59,pointwise_conv,1x64x14x14,24.289743
107,0,imagen.jpeg,60,batchnorm,1x384x14x14,1.748798
107,0,imagen.jpeg,61,activacion,1x384x14x14,0.558953
107,0,imagen.jpeg,62,depthwise_conv,1x384x14x14,7.078199
107,0,imagen.jpeg,63,batchnorm,1x384x14x14,1.772058
107,0,imagen.jpeg,64,activacion,1x384x14x14,0.667313
107,0,imagen.jpeg,65,pointwise_conv,1x384x14x14,30.75608
107,0,imagen.jpeg,66,batchnorm,1x64x14x14,0.290022
107,0,imagen.jpeg,67,layer_add,1x64x14x14,0.140911
107,0,imagen.jpeg,68,pointwise_conv,1x64x14x14,24.352833
107,0,imagen.jpeg,69,batchnorm,1x384x14x14,1.874458
107,0,imagen.jpeg,70,activacion,1x384x14x14,0.648482
107,0,imagen.jpeg,71,depthwise_conv,1x384x14x14,7.04907
107,0,imagen.jpeg,72,batchnorm,1x384x14x14,1.736298
107,0,imagen.jpeg,73,activacion,1x384x14x14,0.672223
107,0,imagen.jpeg,74,pointwise_conv,1x384x14x14,30.78561
107,0,imagen.jpeg,75,batchnorm,1x64x14x14,0.288512
107,0,imagen.jpeg,76,layer_add,1x64x14x14,0.136251
107,0,imagen.jpeg,77,pointwise_conv,1x64x14x14,24.338353
107,0,imagen.jpeg,78,batchnorm,1x384x14x14,1.763097
107,0,imagen.jpeg,79,activacion,1x384x14x14,0.649223
107,0,imagen.jpeg,80,depthwise_conv,1x384x14x14,7.06434
107,0,imagen.jpeg,81,batchnorm,1x384x14x14,1.734377
107,0,imagen.jpeg,82,activacion,1x384x14x14,0.694913
107,0,imagen.jpeg,83,pointwise_conv,1x384x14x14,30.753819
107,0,imagen.jpeg,84,batchnorm,1x64x14x14,0.289771
107,0,imagen.jpeg,85,layer_add,1x64x14x14,0.14065
107,0,imagen.jpeg,86,pointwise_conv,1x64x14x14,24.321963
107,0,imagen.jpeg,87,batchnorm,1x384x14x14,1.752648
107,0,imagen.jpeg,88,activacion,1x384x14x14,0.627793
107,0,imagen.jpeg,89,depthwise_conv,1x384x14x14,7.07478
107,0,imagen.jpeg,90,batchnorm,1x384x14x14,1.753577
107,0,imagen.jpeg,91,activacion,1x384x14x14,0.629453
107,0,imagen.jpeg,92,pointwise_conv,1x384x14x14,46.068754
107,0,imagen.jpeg,93,batchnorm,1x96x14x14,0.434312
107,0,imagen.jpeg,94,pointwise_conv,1x96x14x14,55.415984
107,0,imagen.jpeg,95,batchnorm,1x576x14x14,2.635911
107,0,imagen.jpeg,96,activacion,1x576x14x14,1.007785
107,0,imagen.jpeg,97,depthwise_conv,1x576x14x14,10.601284
107,0,imagen.jpeg,98,batchnorm,1x576x14x14,2.624041
107,0,imagen.jpeg,99,activacion,1x576x14x14,1.004394
107,0,imagen.jpeg,100,pointwise_conv,1x576x14x14,97.39609
107,0,imagen.jpeg,101,batchnorm,1x96x14x14,0.435312
107,0,imagen.jpeg,102,layer_add,1x96x14x14,0.205581
107,0,imagen.jpeg,103,pointwise_conv,1x96x14x14,55.541964
107,0,imagen.jpeg,104,batchnorm,1x576x14x14,2.650001
107,0,imagen.jpeg,105,activacion,1x576x14x14,0.994274
107,0,imagen.jpeg,106,depthwise_conv,1x576x14x14,10.630645
107,0,imagen.jpeg,107,batchnorm,1x576x14x14,2.659331
107,0,imagen.jpeg,108,activacion,1x576x14x14,0.943024
107,0,imagen.jpeg,109,pointwise_conv,1x576x14x14,97.495301
107,0,imagen.jpeg,110,batchnorm,1x96x14x14,0.436502
107,0,imagen.jpeg,111,layer_add,1x96x14x14,0.202201
107,0,imagen.jpeg,112,pointwise_conv,1x96x14x14,55.327973
107,0,imagen.jpeg,113,batchnorm,1x576x14x14,2.633051
107,0,imagen.jpeg,114,activacion,1x576x14x14,0.985824
107,0,imagen.jpeg,115,depthwise_conv,1x576x14x14,2.802842
107,0,imagen.jpeg,116,batchnorm,1x576x7x7,0.662143
107,0,imagen.jpeg,117,activacion,1x576x7x7,0.203451
107,0,imagen.jpeg,118,pointwise_conv,1x576x7x7,42.788291
107,0,imagen.jpeg,119,batchnorm,1x160x7x7,0.184411
107,0,imagen.jpeg,120,pointwise_conv,1x160x7x7,31.546963
107,0,imagen.jpeg,121,batchnorm,1x960x7x7,1.120245
107,0,imagen.jpeg,122,activacion,1x960x7x7,0.390982
107,0,imagen.jpeg,123,depthwise_conv,1x960x7x7,4.603359
107,0,imagen.jpeg,124,batchnorm,1x960x7x7,1.095575
107,0,imagen.jpeg,125,activacion,1x960x7x7,0.405661
107,0,imagen.jpeg,126,pointwise_conv,1x960x7x7,90.843923
107,0,imagen.jpeg,127,batchnorm,1x160x7x7,0.187861
107,0,imagen.jpeg,128,layer_add,1x160x7x7,0.086131
107,0,imagen.jpeg,129,pointwise_conv,1x160x7x7,31.531633
107,0,imagen.jpeg,130,batchnorm,1x960x7x7,1.111925
107,0,imagen.jpeg,131,activacion,1x960x7x7,0.403772
107,0,imagen.jpeg,132,depthwise_conv,1x960x7x7,4.68643
107,0,imagen.jpeg,133,batchnorm,1x960x7x7,1.097885
107,0,imagen.jpeg,134,activacion,1x960x7x7,0.398132
107,0,imagen.jpeg,135,pointwise_conv,1x960x7x7,90.707844
107,0,imagen.jpeg,136,batchnorm,1x160x7x7,0.185911
107,0,imagen.jpeg,137,layer_add,1x160x7x7,0.085991
107,0,imagen.jpeg,138,pointwise_conv,1x160x7x7,31.587353
107,0,imagen.jpeg,139,batchnorm,1x960x7x7,1.141575
107,0,imagen.jpeg,140,activacion,1x960x7x7,0.395902
107,0,imagen.jpeg,141,depthwise_conv,1x960x7x7,4.649559
107,0,imagen.jpeg,142,batchnorm,1x960x7x7,1.096124
107,0,imagen.jpeg,143,activacion,1x960x7x7,0.319321
107,0,imagen.jpeg,144,pointwise_conv,1x960x7x7,181.563168
107,0,imagen.jpeg,145,batchnorm,1x320x7x7,0.371832
107,0,imagen.jpeg,146,pointwise_conv,1x320x7x7,108.519679
107,0,imagen.jpeg,147,batchnorm,1x1280x7x7,1.517326
107,0,imagen.jpeg,148,activacion,1x1280x7x7,0.543373
107,0,imagen.jpeg,149,pooling,1x1280x7x7,0.263291
107,0,imagen.jpeg,150,linear,1x1280,5.099152
108,0,imagen.jpeg,0,conv2d,1x3x224x224,114.906496
108,0,imagen.jpeg,1,batchnorm,1x32x112x112,9.173469
108,0,imagen.jpeg,2,activacion,1x32x112x112,2.770372
108,0,imagen.jpeg,3,depthwise_conv,1x32x112x112,37.090417
108,0,imagen.jpeg,4,batchnorm,1x32x112x112,9.226659
108,0,imagen.jpeg,5,activacion,1x32x112x112,2.825322
108,0,imagen.jpeg,6,pointwise_conv,1x32x112x112,128.995836
108,0,imagen.jpeg,7,batchnorm,1x16x112x112,4.58484
108,0,imagen.jpeg,8,pointwise_conv,1x16x112x112,172.762251
108,0,imagen.jpeg,9,batchnorm,1x96x112x112,27.688458
108,0,imagen.jpeg,10,activacion,1x96x112x112,9.36004
108,0,imagen.jpeg,11,depthwise_conv,1x96x112x112,29.072083
108,0,imagen.jpeg,12,batchnorm,1x96x56x56,6.886509
108,0,imagen.jpeg,13,activacion,1x96x56x56,2.477291
108,0,imagen.jpeg,14,pointwise_conv,1x96x56x56,96.116857
108,0,imagen.jpeg,15,batchnorm,1x24x56x56,1.710147
108,0,imagen.jpeg,16,pointwise_conv,1x24x56x56,88.455595
108,0,imagen.jpeg,17,batchnorm,1x144x56x56,10.432104
108,0,imagen.jpeg,18,activacion,1x144x56x56,3.526325
108,0,imagen.jpeg,19,depthwise_conv,1x144x56x56,41.928027
108,0,imagen.jpeg,20,batchnorm,1x144x56x56,10.292793
108,0,imagen.jpeg,21,activacion,1x144x56x56,3.942897
108,0,imagen.jpeg,22,pointwise_conv,1x144x56x56,200.015439
108,0,imagen.jpeg,23,batchnorm,1x24x56x56,1.713697
108,0,imagen.jpeg,24,layer_add,1x24x56x56,0.766374
108,0,imagen.jpeg,25,pointwise_conv,1x24x56x56,87.730682
108,0,imagen.jpeg,26,batchnorm,1x144x56x56,10.441945
108,0,imagen.jpeg,27,activacion,1x144x56x56,3.858937
108,0,imagen.jpeg,28,depthwise_conv,1x144x56x56,10.658806
108,0,imagen.jpeg,29,batchnorm,1x144x28x28,2.612941
108,0,imagen.jpeg,30,activacion,1x144x28x28,0.895274
108,0,imagen.jpeg,31,pointwise_conv,1x144x28x28,25.798599
108,0,imagen.jpeg,32,batchnorm,1x32x28x28,0.570622
108,0,imagen.jpeg,33,pointwise_conv,1x32x28x28,34.624526
108,0,imagen.jpeg,34,batchnorm,1x192x28x28,3.472505
108,0,imagen.jpeg,35,activacion,1x192x28x28,1.115344
108,0,imagen.jpeg,36,depthwise_conv,1x192x28x28,13.97344
108,0,imagen.jpeg,37,batchnorm,1x192x28x28,3.426245
108,0,imagen.jpeg,38,activacion,1x192x28x28,1.359716
108,0,imagen.jpeg,39,pointwise_conv,1x192x28x28,34.040675
108,0,imagen.jpeg,40,batchnorm,1x32x28x28,0.594272
108,0,imagen.jpeg,41,layer_add,1x32x28x28,0.278411
108,0,imagen.jpeg,42,pointwise_conv,1x32x28x28,34.587416
108,0,imagen.jpeg,43,batchnorm,1x192x28x28,3.446694
108,0,imagen.jpeg,44,activacion,1x192x28x28,1.209195
108,0,imagen.jpeg,45,depthwise_conv,1x192x28x28,13.978399
108,0,imagen.jpeg,46,batchnorm,1x192x28x28,3.435184
108,0,imagen.jpeg,47,activacion,1x192x28x28,1.361946
108,0,imagen.jpeg,48,pointwise_conv,1x192x28x28,34.098414
108,0,imagen.jpeg,49,batchnorm,1x32x28x28,0.601673
108,0,imagen.jpeg,50,layer_add,1x32x28x28,0.272671
108,0,imagen.jpeg,51,pointwise_conv,1x32x28x28,34.538997
108,0,imagen.jpeg,52,batchnorm,1x192x28x28,3.473565
108,0,imagen.jpeg,53,activacion,1x192x28x28,1.304606
108,0,imagen.jpeg,54,depthwise_conv,1x192x28x28,3.654135
108,0,imagen.jpeg,55,batchnorm,1x192x14x14,0.874213
108,0,imagen.jpeg,56,activacion,1x192x14x14,0.276571
108,0,imagen.jpeg,57,pointwise_conv,1x192x14x14,12.614863
108,0,imagen.jpeg,58,batchnorm,1x64x14x14,0.288141
108,0,imagen.jpeg,59,pointwise_conv,1x64x14x14,24.302723
108,0,imagen.jpeg,60,batchnorm,1x384x14x14,1.753738
108,0,imagen.jpeg,61,activacion,1x384x14x14,0.558113
108,0,imagen.jpeg,62,depthwise_conv,1x384x14x14,7.05878
108,0,imagen.jpeg,63,batchnorm,1x384x14x14,1.761968
108,0,imagen.jpeg,64,activacion,1x384x14x14,0.692403
108,0,imagen.jpeg,65,pointwise_conv,1x384x14x14,30.704651
108,0,imagen.jpeg,66,batchnorm,1x64x14x14,0.288042
108,0,imagen.jpeg,67,layer_add,1x64x14x14,0.137081
108,0,imagen.jpeg,68,pointwise_conv,1x64x14x14,24.360464
108,0,imagen.jpeg,69,batchnorm,1x384x14x14,1.747607
108,0,imagen.jpeg,70,activacion,1x384x14x14,0.648733
108,0,imagen.jpeg,71,depthwise_conv,1x384x14x14,7.05677
108,0,imagen.jpeg,72,batchnorm,1x384x14x14,1.739477
108,0,imagen.jpeg,73,activacion,1x384x14x14,0.671743
108,0,imagen.jpeg,74,pointwise_conv,1x384x14x14,30.797081
108,0,imagen.jpeg,75,batchnorm,1x64x14x14,0.290822
108,0,imagen.jpeg,76,layer_add,1x64x14x14,0.132801
108,0,imagen.jpeg,77,pointwise_conv,1x64x14x14,24.292823
108,0,imagen.jpeg,78,batchnorm,1x384x14x14,1.766137
108,0,imagen.jpeg,79,activacion,1x384x14x14,0.663533
108,0,imagen.jpeg,80,depthwise_conv,1x384x14x14,7.0501
108,0,imagen.jpeg,81,batchnorm,1x384x14x14,1.732187
108,0,imagen.jpeg,82,activacion,1x384x14x14,0.697453
108,0,imagen.jpeg,83,pointwise_conv,1x384x14x14,30.781901
108,0,imagen.jpeg,84,batchnorm,1x64x14x14,0.301711
108,0,imagen.jpeg,85,layer_add,1x64x14x14,0.140571
108,0,imagen.jpeg,86,pointwise_conv,1x64x14x14,24.307313
108,0,imagen.jpeg,87,batchnorm,1x384x14x14,1.755587
108,0,imagen.jpeg,88,activacion,1x384x14x14,0.628573
108,0,imagen.jpeg,89,depthwise_conv,1x384x14x14,7.05713
108,0,imagen.jpeg,90,batchnorm,1x384x14x14,1.751658
108,0,imagen.jpeg,91,activacion,1x384x14x14,0.650963
108,0,imagen.jpeg,92,pointwise_conv,1x384x14x14,46.205006
108,0,imagen.jpeg,93,batchnorm,1x96x14x14,0.433802
108,0,imagen.jpeg,94,pointwise_conv,1x96x14x14,55.331126
108,0,imagen.jpeg,95,batchnorm,1x576x14x14,2.632552
108,0,imagen.jpeg,96,activacion,1x576x14x14,0.974994
108,0,imagen.jpeg,97,depthwise_conv,1x576x14x14,10.602585
108,0,imagen.jpeg,98,batchnorm,1x576x14x14,2.623971
108,0,imagen.jpeg,99,activacion,1x576x14x14,1.009024
108,0,imagen.jpeg,100,pointwise_conv,1x576x14x14,97.562795
108,0,imagen.jpeg,101,batchnorm,1x96x14x14,0.443432
108,0,imagen.jpeg,102,layer_add,1x96x14x14,0.207541
108,0,imagen.jpeg,103,pointwise_conv,1x96x14x14,55.573766
108,0,imagen.jpeg,104,batchnorm,1x576x14x14,2.649821
108,0,imagen.jpeg,105,activacion,1x576x14x14,0.980804
108,0,imagen.jpeg,106,depthwise_conv,1x576x14x14,10.624195
108,0,imagen.jpeg,107,batchnorm,1x576x14x14,2.644612
108,0,imagen.jpeg,108,activacion,1x576x14x14,0.953284
108,0,imagen.jpeg,109,pointwise_conv,1x576x14x14,97.450905
108,0,imagen.jpeg,110,batchnorm,1x96x14x14,0.436952
108,0,imagen.jpeg,111,layer_add,1x96x14x14,0.203211
108,0,imagen.jpeg,112,pointwise_conv,1x96x14x14,55.309785
108,0,imagen.jpeg,113,batchnorm,1x576x14x14,2.732101
108,0,imagen.jpeg,114,activacion,1x576x14x14,0.981464
108,0,imagen.jpeg,115,depthwise_conv,1x576x14x14,2.805132
108,0,imagen.jpeg,116,batchnorm,1x576x7x7,0.662032
108,0,imagen.jpeg,117,activacion,1x576x7x7,0.203361
108,0,imagen.jpeg,118,pointwise_conv,1x576x7x7,42.773031
108,0,imagen.jpeg,119,batchnorm,1x160x7x7,0.183601
108,0,imagen.jpeg,120,pointwise_conv,1x160x7x7,31.511514
108,0,imagen.jpeg,121,batchnorm,1x960x7x7,1.112745
108,0,imagen.jpeg,122,activacion,1x960x7x7,0.390981
108,0,imagen.jpeg,123,depthwise_conv,1x960x7x7,4.62753
108,0,imagen.jpeg,124,batchnorm,1x960x7x7,1.095625
108,0,imagen.jpeg,125,activacion,1x960x7x7,0.420271
108,0,imagen.jpeg,126,pointwise_conv,1x960x7x7,90.635316
108,0,imagen.jpeg,127,batchnorm,1x160x7x7,0.184951
108,0,imagen.jpeg,128,layer_add,1x160x7x7,0.085841
108,0,imagen.jpeg,129,pointwise_conv,1x160x7x7,31.634134
108,0,imagen.jpeg,130,batchnorm,1x960x7x7,1.113465
108,0,imagen.jpeg,131,activacion,1x960x7x7,0.418901
108,0,imagen.jpeg,132,depthwise_conv,1x960x7x7,4.60069
108,0,imagen.jpeg,133,batchnorm,1x960x7x7,1.096175
108,0,imagen.jpeg,134,activacion,1x960x7x7,0.396411
108,0,imagen.jpeg,135,pointwise_conv,1x960x7x7,90.665276
108,0,imagen.jpeg,136,batchnorm,1x160x7x7,0.190391
108,0,imagen.jpeg,137,layer_add,1x160x7x7,0.08707
108,0,imagen.jpeg,138,pointwise_conv,1x160x7x7,31.490244
108,0,imagen.jpeg,139,batchnorm,1x960x7x7,1.116185
108,0,imagen.jpeg,140,activacion,1x960x7x7,0.391762
108,0,imagen.jpeg,141,depthwise_conv,1x960x7x7,4.62433
108,0,imagen.jpeg,142,batchnorm,1x960x7x7,1.094645
108,0,imagen.jpeg,143,activacion,1x960x7x7,0.313812
108,0,imagen.jpeg,144,pointwise_conv,1x960x7x7,181.184323
108,0,imagen.jpeg,145,batchnorm,1x320x7x7,0.373871
108,0,imagen.jpeg,146,pointwise_conv,1x320x7x7,108.546673
108,0,imagen.jpeg,147,batchnorm,1x1280x7x7,1.518846
108,0,imagen.jpeg,148,activacion,1x1280x7x7,0.531252
108,0,imagen.jpeg,149,pooling,1x1280x7x7,0.265281
108,0,imagen.jpeg,150,linear,1x1280,5.089432
109,0,imagen.jpeg,0,conv2d,1x3x224x224,115.924224
109,0,imagen.jpeg,1,batchnorm,1x32x112x112,9.173369
109,0,imagen.jpeg,2,activacion,1x32x112x112,2.805142
109,0,imagen.jpeg,3,depthwise_conv,1x32x112x112,37.108999
109,0,imagen.jpeg,4,batchnorm,1x32x112x112,9.219119
109,0,imagen.jpeg,5,activacion,1x32x112x112,2.834292
109,0,imagen.jpeg,6,pointwise_conv,1x32x112x112,128.888159
109,0,imagen.jpeg,7,batchnorm,1x16x112x112,4.59582
109,0,imagen.jpeg,8,pointwise_conv,1x16x112x112,171.014069
109,0,imagen.jpeg,9,batchnorm,1x96x112x112,27.675268
109,0,imagen.jpeg,10,activacion,1x96x112x112,9.32979
109,0,imagen.jpeg,11,depthwise_conv,1x96x112x112,29.255505
109,0,imagen.jpeg,12,batchnorm,1x96x56x56,6.8616
109,0,imagen.jpeg,13,activacion,1x96x56x56,2.479241
109,0,imagen.jpeg,14,pointwise_conv,1x96x56x56,95.345507
109,0,imagen.jpeg,15,batchnorm,1x24x56x56,1.758738
109,0,imagen.jpeg,16,pointwise_conv,1x24x56x56,88.235388
109,0,imagen.jpeg,17,batchnorm,1x144x56x56,10.556535
109,0,imagen.jpeg,18,activacion,1x144x56x56,3.530575
109,0,imagen.jpeg,19,depthwise_conv,1x144x56x56,41.811099
109,0,imagen.jpeg,20,batchnorm,1x144x56x56,10.328835
109,0,imagen.jpeg,21,activacion,1x144x56x56,3.950957
109,0,imagen.jpeg,22,pointwise_conv,1x144x56x56,199.357402
109,0,imagen.jpeg,23,batchnorm,1x24x56x56,1.713847
109,0,imagen.jpeg,24,layer_add,1x24x56x56,0.833864
109,0,imagen.jpeg,25,pointwise_conv,1x24x56x56,87.794835
109,0,imagen.jpeg,26,batchnorm,1x144x56x56,10.457765
109,0,imagen.jpeg,27,activacion,1x144x56x56,3.865816
109,0,imagen.jpeg,28,depthwise_conv,1x144x56x56,10.643175
109,0,imagen.jpeg,29,batchnorm,1x144x28x28,2.602442
109,0,imagen.jpeg,30,activacion,1x144x28x28,0.896384
109,0,imagen.jpeg,31,pointwise_conv,1x144x28x28,25.66984
109,0,imagen.jpeg,32,batchnorm,1x32x28x28,0.569112
109,0,imagen.jpeg,33,pointwise_conv,1x32x28x28,34.622748
109,0,imagen.jpeg,34,batchnorm,1x192x28x28,3.465515
109,0,imagen.jpeg,35,activacion,1x192x28x28,1.114705
109,0,imagen.jpeg,36,depthwise_conv,1x192x28x28,13.97356
109,0,imagen.jpeg,37,batchnorm,1x192x28x28,3.450425
109,0,imagen.jpeg,38,activacion,1x192x28x28,1.384596
109,0,imagen.jpeg,39,pointwise_conv,1x192x28x28,34.056225
109,0,imagen.jpeg,40,batchnorm,1x32x28x28,0.570482
109,0,imagen.jpeg,41,layer_add,1x32x28x28,0.272271
109,0,imagen.jpeg,42,pointwise_conv,1x32x28x28,34.630348
109,0,imagen.jpeg,43,batchnorm,1x192x28x28,3.467915
109,0,imagen.jpeg,44,activacion,1x192x28x28,1.181135
109,0,imagen.jpeg,45,depthwise_conv,1x192x28x28,14.05858
109,0,imagen.jpeg,46,batchnorm,1x192x28x28,3.480655
109,0,imagen.jpeg,47,activacion,1x192x28x28,1.335496
109,0,imagen.jpeg,48,pointwise_conv,1x192x28x28,34.395727
109,0,imagen.jpeg,49,batchnorm,1x32x28x28,0.572222
109,0,imagen.jpeg,50,layer_add,1x32x28x28,0.275081
109,0,imagen.jpeg,51,pointwise_conv,1x32x28x28,34.569858
109,0,imagen.jpeg,52,batchnorm,1x192x28x28,3.473095
109,0,imagen.jpeg,53,activacion,1x192x28x28,1.255875
109,0,imagen.jpeg,54,depthwise_conv,1x192x28x28,3.657116
109,0,imagen.jpeg,55,batchnorm,1x192x14x14,0.873254
109,0,imagen.jpeg,56,activacion,1x192x14x14,0.277612
109,0,imagen.jpeg,57,pointwise_conv,1x192x14x14,12.626924
109,0,imagen.jpeg,58,batchnorm,1x64x14x14,0.289621
109,0,imagen.jpeg,59,pointwise_conv,1x64x14x14,24.303864
109,0,imagen.jpeg,60,batchnorm,1x384x14x14,1.753108
109,0,imagen.jpeg,61,activacion,1x384x14x14,0.586053
109,0,imagen.jpeg,62,depthwise_conv,1x384x14x14,7.04812
109,0,imagen.jpeg,63,batchnorm,1x384x14x14,1.739947
109,0,imagen.jpeg,64,activacion,1x384x14x14,0.687873
109,0,imagen.jpeg,65,pointwise_conv,1x384x14x14,30.807722
109,0,imagen.jpeg,66,batchnorm,1x64x14x14,0.288881
109,0,imagen.jpeg,67,layer_add,1x64x14x14,0.13514
109,0,imagen.jpeg,68,pointwise_conv,1x64x14x14,24.291754
109,0,imagen.jpeg,69,batchnorm,1x384x14x14,1.769507
109,0,imagen.jpeg,70,activacion,1x384x14x14,0.619422
109,0,imagen.jpeg,71,depthwise_conv,1x384x14x14,7.057301
109,0,imagen.jpeg,72,batchnorm,1x384x14x14,1.742068
109,0,imagen.jpeg,73,activacion,1x384x14x14,0.709783
109,0,imagen.jpeg,74,pointwise_conv,1x384x14x14,30.787312
109,0,imagen.jpeg,75,batchnorm,1x64x14x14,0.288722
109,0,imagen.jpeg,76,layer_add,1x64x14x14,0.140401
109,0,imagen.jpeg,77,pointwise_conv,1x64x14x14,24.289264
109,0,imagen.jpeg,78,batchnorm,1x384x14x14,1.755307
109,0,imagen.jpeg,79,activacion,1x384x14x14,0.651833
109,0,imagen.jpeg,80,depthwise_conv,1x384x14x14,7.14004
109,0,imagen.jpeg,81,batchnorm,1x384x14x14,1.754697
109,0,imagen.jpeg,82,activacion,1x384x14x14,0.661203
109,0,imagen.jpeg,83,pointwise_conv,1x384x14x14,30.703292
109,0,imagen.jpeg,84,batchnorm,1x64x14x14,0.291092
109,0,imagen.jpeg,85,layer_add,1x64x14x14,0.135051
109,0,imagen.jpeg,86,pointwise_conv,1x64x14x14,24.300474
109,0,imagen.jpeg,87,batchnorm,1x384x14x14,1.766498
109,0,imagen.jpeg,88,activacion,1x384x14x14,0.627602
109,0,imagen.jpeg,89,depthwise_conv,1x384x14x14,7.060741
109,0,imagen.jpeg,90,batchnorm,1x384x14x14,1.736347
109,0,imagen.jpeg,91,activacion,1x384x14x14,0.656473
109,0,imagen.jpeg,92,pointwise_conv,1x384x14x14,46.119518
109,0,imagen.jpeg,93,batchnorm,1x96x14x14,0.432692
109,0,imagen.jpeg,94,pointwise_conv,1x96x14x14,55.331618
109,0,imagen.jpeg,95,batchnorm,1x576x14x14,2.661381
109,0,imagen.jpeg,96,activacion,1x576x14x14,0.972345
109,0,imagen.jpeg,97,depthwise_conv,1x576x14x14,10.591625
109,0,imagen.jpeg,98,batchnorm,1x576x14x14,2.652841
109,0,imagen.jpeg,99,activacion,1x576x14x14,0.967544
109,0,imagen.jpeg,100,pointwise_conv,1x576x14x14,97.625499
109,0,imagen.jpeg,101,batchnorm,1x96x14x14,0.438441
109,0,imagen.jpeg,102,layer_add,1x96x14x14,0.202661
109,0,imagen.jpeg,103,pointwise_conv,1x96x14x14,55.572029
109,0,imagen.jpeg,104,batchnorm,1x576x14x14,2.640602
109,0,imagen.jpeg,105,activacion,1x576x14x14,1.027474
109,0,imagen.jpeg,106,depthwise_conv,1x576x14x14,10.636696
109,0,imagen.jpeg,107,batchnorm,1x576x14x14,2.616612
109,0,imagen.jpeg,108,activacion,1x576x14x14,0.990505
109,0,imagen.jpeg,109,pointwise_conv,1x576x14x14,97.394867
109,0,imagen.jpeg,110,batchnorm,1x96x14x14,0.437842
109,0,imagen.jpeg,111,layer_add,1x96x14x14,0.20826
109,0,imagen.jpeg,112,pointwise_conv,1x96x14x14,55.385177
109,0,imagen.jpeg,113,batchnorm,1x576x14x14,2.652222
109,0,imagen.jpeg,114,activacion,1x576x14x14,0.985185
109,0,imagen.jpeg,115,depthwise_conv,1x576x14x14,2.801612
109,0,imagen.jpeg,116,batchnorm,1x576x7x7,0.662433
109,0,imagen.jpeg,117,activacion,1x576x7x7,0.202981
109,0,imagen.jpeg,118,pointwise_conv,1x576x7x7,42.715884
109,0,imagen.jpeg,119,batchnorm,1x160x7x7,0.183931
109,0,imagen.jpeg,120,pointwise_conv,1x160x7x7,31.569866
109,0,imagen.jpeg,121,batchnorm,1x960x7x7,1.135254
109,0,imagen.jpeg,122,activacion,1x960x7x7,0.391572
109,0,imagen.jpeg,123,depthwise_conv,1x960x7x7,4.60218
109,0,imagen.jpeg,124,batchnorm,1x960x7x7,1.095275
109,0,imagen.jpeg,125,activacion,1x960x7x7,0.405522
109,0,imagen.jpeg,126,pointwise_conv,1x960x7x7,90.775179
109,0,imagen.jpeg,127,batchnorm,1x160x7x7,0.184711
109,0,imagen.jpeg,128,layer_add,1x160x7x7,0.08443
109,0,imagen.jpeg,129,pointwise_conv,1x160x7x7,31.587636
109,0,imagen.jpeg,130,batchnorm,1x960x7x7,1.121295
109,0,imagen.jpeg,131,activacion,1x960x7x7,0.405942
109,0,imagen.jpeg,132,depthwise_conv,1x960x7x7,4.608819
109,0,imagen.jpeg,133,batchnorm,1x960x7x7,1.094934
109,0,imagen.jpeg,134,activacion,1x960x7x7,0.397942
109,0,imagen.jpeg,135,pointwise_conv,1x960x7x7,90.584858
109,0,imagen.jpeg,136,batchnorm,1x160x7x7,0.20183
109,0,imagen.jpeg,137,layer_add,1x160x7x7,0.086641
109,0,imagen.jpeg,138,pointwise_conv,1x160x7x7,31.497345
109,0,imagen.jpeg,139,batchnorm,1x960x7x7,1.116605
109,0,imagen.jpeg,140,activacion,1x960x7x7,0.393462
109,0,imagen.jpeg,141,depthwise_conv,1x960x7x7,4.629639
109,0,imagen.jpeg,142,batchnorm,1x960x7x7,1.120564
109,0,imagen.jpeg,143,activacion,1x960x7x7,0.317901
109,0,imagen.jpeg,144,pointwise_conv,1x960x7x7,181.169438
109,0,imagen.jpeg,145,batchnorm,1x320x7x7,0.373132
109,0,imagen.jpeg,146,pointwise_conv,1x320x7x7,108.427516
109,0,imagen.jpeg,147,batchnorm,1x1280x7x7,1.500146
109,0,imagen.jpeg,148,activacion,1x1280x7x7,0.534813
109,0,imagen.jpeg,149,pooling,1x1280x7x7,0.264351
109,0,imagen.jpeg,150,linear,1x1280,5.134072
110,0,imagen.jpeg,0,conv2d,1x3x224x224,115.463397
110,0,imagen.jpeg,1,batchnorm,1x32x112x112,9.16899
110,0,imagen.jpeg,2,activacion,1x32x112x112,2.887363
110,0,imagen.jpeg,3,depthwise_conv,1x32x112x112,37.040369
110,0,imagen.jpeg,4,batchnorm,1x32x112x112,9.23248
110,0,imagen.jpeg,5,activacion,1x32x112x112,2.799342
110,0,imagen.jpeg,6,pointwise_conv,1x32x112x112,131.167845
110,0,imagen.jpeg,7,batchnorm,1x16x112x112,4.62161
110,0,imagen.jpeg,8,pointwise_conv,1x16x112x112,170.736565
110,0,imagen.jpeg,9,batchnorm,1x96x112x112,27.639429
110,0,imagen.jpeg,10,activacion,1x96x112x112,9.34137
110,0,imagen.jpeg,11,depthwise_conv,1x96x112x112,29.205705
110,0,imagen.jpeg,12,batchnorm,1x96x56x56,6.857959
110,0,imagen.jpeg,13,activacion,1x96x56x56,2.50187
110,0,imagen.jpeg,14,pointwise_conv,1x96x56x56,94.757167
110,0,imagen.jpeg,15,batchnorm,1x24x56x56,1.707117
110,0,imagen.jpeg,16,pointwise_conv,1x24x56x56,88.329749
110,0,imagen.jpeg,17,batchnorm,1x144x56x56,10.437655
110,0,imagen.jpeg,18,activacion,1x144x56x56,3.525975
110,0,imagen.jpeg,19,depthwise_conv,1x144x56x56,41.82095
110,0,imagen.jpeg,20,batchnorm,1x144x56x56,10.312845
110,0,imagen.jpeg,21,activacion,1x144x56x56,3.946597
110,0,imagen.jpeg,22,pointwise_conv,1x144x56x56,199.38379
110,0,imagen.jpeg,23,batchnorm,1x24x56x56,1.709557
110,0,imagen.jpeg,24,layer_add,1x24x56x56,0.824324
110,0,imagen.jpeg,25,pointwise_conv,1x24x56x56,87.773859
110,0,imagen.jpeg,26,batchnorm,1x144x56x56,10.453625
110,0,imagen.jpeg,27,activacion,1x144x56x56,3.899207
110,0,imagen.jpeg,28,depthwise_conv,1x144x56x56,10.635516
110,0,imagen.jpeg,29,batchnorm,1x144x28x28,2.604861
110,0,imagen.jpeg,30,activacion,1x144x28x28,0.897524
110,0,imagen.jpeg,31,pointwise_conv,1x144x28x28,25.66931
110,0,imagen.jpeg,32,batchnorm,1x32x28x28,0.566793
110,0,imagen.jpeg,33,pointwise_conv,1x32x28x28,34.536539
110,0,imagen.jpeg,34,batchnorm,1x192x28x28,3.450785
110,0,imagen.jpeg,35,activacion,1x192x28x28,1.146315
110,0,imagen.jpeg,36,depthwise_conv,1x192x28x28,14.057121
110,0,imagen.jpeg,37,batchnorm,1x192x28x28,3.443795
110,0,imagen.jpeg,38,activacion,1x192x28x28,1.407986
110,0,imagen.jpeg,39,pointwise_conv,1x192x28x28,34.247678
110,0,imagen.jpeg,40,batchnorm,1x32x28x28,0.600283
110,0,imagen.jpeg,41,layer_add,1x32x28x28,0.278371
110,0,imagen.jpeg,42,pointwise_conv,1x32x28x28,34.610749
110,0,imagen.jpeg,43,batchnorm,1x192x28x28,3.451755
110,0,imagen.jpeg,44,activacion,1x192x28x28,1.213665
110,0,imagen.jpeg,45,depthwise_conv,1x192x28x28,13.979401
110,0,imagen.jpeg,46,batchnorm,1x192x28x28,3.430035
110,0,imagen.jpeg,47,activacion,1x192x28x28,1.370986
110,0,imagen.jpeg,48,pointwise_conv,1x192x28x28,33.994256
110,0,imagen.jpeg,49,batchnorm,1x32x28x28,0.574343
110,0,imagen.jpeg,50,layer_add,1x32x28x28,0.275941
110,0,imagen.jpeg,51,pointwise_conv,1x32x28x28,34.559049
110,0,imagen.jpeg,52,batchnorm,1x192x28x28,3.459095
110,0,imagen.jpeg,53,activacion,1x192x28x28,1.285475
110,0,imagen.jpeg,54,depthwise_conv,1x192x28x28,3.646316
110,0,imagen.jpeg,55,batchnorm,1x192x14x14,0.880354
110,0,imagen.jpeg,56,activacion,1x192x14x14,0.278071
110,0,imagen.jpeg,57,pointwise_conv,1x192x14x14,12.664474
110,0,imagen.jpeg,58,batchnorm,1x64x14x14,0.288321
110,0,imagen.jpeg,59,pointwise_conv,1x64x14x14,24.302915
110,0,imagen.jpeg,60,batchnorm,1x384x14x14,1.761228
110,0,imagen.jpeg,61,activacion,1x384x14x14,0.556893
110,0,imagen.jpeg,62,depthwise_conv,1x384x14x14,7.07319
110,0,imagen.jpeg,63,batchnorm,1x384x14x14,1.753767
110,0,imagen.jpeg,64,activacion,1x384x14x14,0.688563
110,0,imagen.jpeg,65,pointwise_conv,1x384x14x14,30.794243
110,0,imagen.jpeg,66,batchnorm,1x64x14x14,0.288201
110,0,imagen.jpeg,67,layer_add,1x64x14x14,0.139351
110,0,imagen.jpeg,68,pointwise_conv,1x64x14x14,24.326295
110,0,imagen.jpeg,69,batchnorm,1x384x14x14,1.758608
110,0,imagen.jpeg,70,activacion,1x384x14x14,0.640002
110,0,imagen.jpeg,71,depthwise_conv,1x384x14x14,7.0542
110,0,imagen.jpeg,72,batchnorm,1x384x14x14,1.730328
110,0,imagen.jpeg,73,activacion,1x384x14x14,0.651783
110,0,imagen.jpeg,74,pointwise_conv,1x384x14x14,30.719873
110,0,imagen.jpeg,75,batchnorm,1x64x14x14,0.289561
110,0,imagen.jpeg,76,layer_add,1x64x14x14,0.139461
110,0,imagen.jpeg,77,pointwise_conv,1x64x14x14,24.347525
110,0,imagen.jpeg,78,batchnorm,1x384x14x14,1.759498
110,0,imagen.jpeg,79,activacion,1x384x14x14,0.647293
110,0,imagen.jpeg,80,depthwise_conv,1x384x14x14,7.080911
110,0,imagen.jpeg,81,batchnorm,1x384x14x14,1.731418
110,0,imagen.jpeg,82,activacion,1x384x14x14,0.703323
110,0,imagen.jpeg,83,pointwise_conv,1x384x14x14,30.757573
110,0,imagen.jpeg,84,batchnorm,1x64x14x14,0.289392
110,0,imagen.jpeg,85,layer_add,1x64x14x14,0.154731
110,0,imagen.jpeg,86,pointwise_conv,1x64x14x14,24.279995
110,0,imagen.jpeg,87,batchnorm,1x384x14x14,1.753108
110,0,imagen.jpeg,88,activacion,1x384x14x14,0.631003
110,0,imagen.jpeg,89,depthwise_conv,1x384x14x14,7.073351
110,0,imagen.jpeg,90,batchnorm,1x384x14x14,1.753908
110,0,imagen.jpeg,91,activacion,1x384x14x14,0.653603
110,0,imagen.jpeg,92,pointwise_conv,1x384x14x14,46.093599
110,0,imagen.jpeg,93,batchnorm,1x96x14x14,0.431792
110,0,imagen.jpeg,94,pointwise_conv,1x96x14x14,55.4132
110,0,imagen.jpeg,95,batchnorm,1x576x14x14,2.640061
110,0,imagen.jpeg,96,activacion,1x576x14x14,1.031805
110,0,imagen.jpeg,97,depthwise_conv,1x576x14x14,10.569635
110,0,imagen.jpeg,98,batchnorm,1x576x14x14,2.621021
110,0,imagen.jpeg,99,activacion,1x576x14x14,0.967894
110,0,imagen.jpeg,100,pointwise_conv,1x576x14x14,97.383181
110,0,imagen.jpeg,101,batchnorm,1x96x14x14,0.435162
110,0,imagen.jpeg,102,layer_add,1x96x14x14,0.204441
110,0,imagen.jpeg,103,pointwise_conv,1x96x14x14,55.57155
110,0,imagen.jpeg,104,batchnorm,1x576x14x14,2.654841
110,0,imagen.jpeg,105,activacion,1x576x14x14,0.996995
110,0,imagen.jpeg,106,depthwise_conv,1x576x14x14,10.603136
110,0,imagen.jpeg,107,batchnorm,1x576x14x14,2.666932
110,0,imagen.jpeg,108,activacion,1x576x14x14,0.954645
110,0,imagen.jpeg,109,pointwise_conv,1x576x14x14,97.628772
110,0,imagen.jpeg,110,batchnorm,1x96x14x14,0.437931
110,0,imagen.jpeg,111,layer_add,1x96x14x14,0.201391
110,0,imagen.jpeg,112,pointwise_conv,1x96x14x14,55.38914
110,0,imagen.jpeg,113,batchnorm,1x576x14x14,2.667951
110,0,imagen.jpeg,114,activacion,1x576x14x14,0.975704
110,0,imagen.jpeg,115,depthwise_conv,1x576x14x14,2.797312
110,0,imagen.jpeg,116,batchnorm,1x576x7x7,0.662773
110,0,imagen.jpeg,117,activacion,1x576x7x7,0.203141
110,0,imagen.jpeg,118,pointwise_conv,1x576x7x7,42.724365
110,0,imagen.jpeg,119,batchnorm,1x160x7x7,0.183711
110,0,imagen.jpeg,120,pointwise_conv,1x160x7x7,31.497017
110,0,imagen.jpeg,121,batchnorm,1x960x7x7,1.114424
110,0,imagen.jpeg,122,activacion,1x960x7x7,0.403392
110,0,imagen.jpeg,123,depthwise_conv,1x960x7x7,4.68546
110,0,imagen.jpeg,124,batchnorm,1x960x7x7,1.097805
110,0,imagen.jpeg,125,activacion,1x960x7x7,0.420102
110,0,imagen.jpeg,126,pointwise_conv,1x960x7x7,90.720472
110,0,imagen.jpeg,127,batchnorm,1x160x7x7,0.185721
110,0,imagen.jpeg,128,layer_add,1x160x7x7,0.086891
110,0,imagen.jpeg,129,pointwise_conv,1x160x7x7,31.587576
110,0,imagen.jpeg,130,batchnorm,1x960x7x7,1.110325
110,0,imagen.jpeg,131,activacion,1x960x7x7,0.395481
110,0,imagen.jpeg,132,depthwise_conv,1x960x7x7,4.59604
110,0,imagen.jpeg,133,batchnorm,1x960x7x7,1.095495
110,0,imagen.jpeg,134,activacion,1x960x7x7,0.397892
110,0,imagen.jpeg,135,pointwise_conv,1x960x7x7,90.593502
110,0,imagen.jpeg,136,batchnorm,1x160x7x7,0.187341
110,0,imagen.jpeg,137,layer_add,1x160x7x7,0.08737
110,0,imagen.jpeg,138,pointwise_conv,1x160x7x7,31.507796
110,0,imagen.jpeg,139,batchnorm,1x960x7x7,1.114135
110,0,imagen.jpeg,140,activacion,1x960x7x7,0.423022
110,0,imagen.jpeg,141,depthwise_conv,1x960x7x7,4.573719
110,0,imagen.jpeg,142,batchnorm,1x960x7x7,1.094764
110,0,imagen.jpeg,143,activacion,1x960x7x7,0.314791
110,0,imagen.jpeg,144,pointwise_conv,1x960x7x7,181.384465
110,0,imagen.jpeg,145,batchnorm,1x320x7x7,0.373212
110,0,imagen.jpeg,146,pointwise_conv,1x320x7x7,108.53431
110,0,imagen.jpeg,147,batchnorm,1x1280x7x7,1.527767
110,0,imagen.jpeg,148,activacion,1x1280x7x7,0.528222
110,0,imagen.jpeg,149,pooling,1x1280x7x7,0.264912
110,0,imagen.jpeg,150,linear,1x1280,5.105842
111,0,imagen.jpeg,0,conv2d,1x3x224x224,114.755978
111,0,imagen.jpeg,1,batchnorm,1x32x112x112,9.247511
111,0,imagen.jpeg,2,activacion,1x32x112x112,2.766922
111,0,imagen.jpeg,3,depthwise_conv,1x32x112x112,37.074121
111,0,imagen.jpeg,4,batchnorm,1x32x112x112,9.23101
111,0,imagen.jpeg,5,activacion,1x32x112x112,2.848323
111,0,imagen.jpeg,6,pointwise_conv,1x32x112x112,129.527632
111,0,imagen.jpeg,7,batchnorm,1x16x112x112,4.60506
111,0,imagen.jpeg,8,pointwise_conv,1x16x112x112,172.096186
111,0,imagen.jpeg,9,batchnorm,1x96x112x112,27.72793
111,0,imagen.jpeg,10,activacion,1x96x112x112,9.360451
111,0,imagen.jpeg,11,depthwise_conv,1x96x112x112,29.288407
111,0,imagen.jpeg,12,batchnorm,1x96x56x56,6.891359
111,0,imagen.jpeg,13,activacion,1x96x56x56,2.475211
111,0,imagen.jpeg,14,pointwise_conv,1x96x56x56,94.278709
111,0,imagen.jpeg,15,batchnorm,1x24x56x56,1.763008
111,0,imagen.jpeg,16,pointwise_conv,1x24x56x56,88.308274
111,0,imagen.jpeg,17,batchnorm,1x144x56x56,10.463106
111,0,imagen.jpeg,18,activacion,1x144x56x56,3.489106
111,0,imagen.jpeg,19,depthwise_conv,1x144x56x56,41.808302
111,0,imagen.jpeg,20,batchnorm,1x144x56x56,10.315525
111,0,imagen.jpeg,21,activacion,1x144x56x56,4.059257
111,0,imagen.jpeg,22,pointwise_conv,1x144x56x56,199.264655
111,0,imagen.jpeg,23,batchnorm,1x24x56x56,1.710168
111,0,imagen.jpeg,24,layer_add,1x24x56x56,0.805823
111,0,imagen.jpeg,25,pointwise_conv,1x24x56x56,87.678612
111,0,imagen.jpeg,26,batchnorm,1x144x56x56,10.447886
111,0,imagen.jpeg,27,activacion,1x144x56x56,3.847296
111,0,imagen.jpeg,28,depthwise_conv,1x144x56x56,10.674327
111,0,imagen.jpeg,29,batchnorm,1x144x28x28,2.605471
111,0,imagen.jpeg,30,activacion,1x144x28x28,0.894274
111,0,imagen.jpeg,31,pointwise_conv,1x144x28x28,25.782562
111,0,imagen.jpeg,32,batchnorm,1x32x28x28,0.569632
111,0,imagen.jpeg,33,pointwise_conv,1x32x28x28,34.54612
111,0,imagen.jpeg,34,batchnorm,1x192x28x28,3.478495
111,0,imagen.jpeg,35,activacion,1x192x28x28,1.129075
111,0,imagen.jpeg,36,depthwise_conv,1x192x28x28,13.998041
111,0,imagen.jpeg,37,batchnorm,1x192x28x28,3.415914
111,0,imagen.jpeg,38,activacion,1x192x28x28,1.342576
111,0,imagen.jpeg,39,pointwise_conv,1x192x28x28,34.33303
111,0,imagen.jpeg,40,batchnorm,1x32x28x28,0.575703
111,0,imagen.jpeg,41,layer_add,1x32x28x28,0.271341
111,0,imagen.jpeg,42,pointwise_conv,1x32x28x28,34.55606
111,0,imagen.jpeg,43,batchnorm,1x192x28x28,3.478445
111,0,imagen.jpeg,44,activacion,1x192x28x28,1.181025
111,0,imagen.jpeg,45,depthwise_conv,1x192x28x28,13.973981
111,0,imagen.jpeg,46,batchnorm,1x192x28x28,3.416445
111,0,imagen.jpeg,47,activacion,1x192x28x28,1.371136
111,0,imagen.jpeg,48,pointwise_conv,1x192x28x28,33.969458
111,0,imagen.jpeg,49,batchnorm,1x32x28x28,0.595023
111,0,imagen.jpeg,50,layer_add,1x32x28x28,0.247502
111,0,imagen.jpeg,51,pointwise_conv,1x32x28x28,34.59423
111,0,imagen.jpeg,52,batchnorm,1x192x28x28,3.444925
111,0,imagen.jpeg,53,activacion,1x192x28x28,1.281885
111,0,imagen.jpeg,54,depthwise_conv,1x192x28x28,3.665086
111,0,imagen.jpeg,55,batchnorm,1x192x14x14,0.874534
111,0,imagen.jpeg,56,activacion,1x192x14x14,0.276651
111,0,imagen.jpeg,57,pointwise_conv,1x192x14x14,12.668975
111,0,imagen.jpeg,58,batchnorm,1x64x14x14,0.299511
111,0,imagen.jpeg,59,pointwise_conv,1x64x14x14,24.295536
111,0,imagen.jpeg,60,batchnorm,1x384x14x14,1.758938
111,0,imagen.jpeg,61,activacion,1x384x14x14,0.558512
111,0,imagen.jpeg,62,depthwise_conv,1x384x14x14,7.062451
111,0,imagen.jpeg,63,batchnorm,1x384x14x14,1.754128
111,0,imagen.jpeg,64,activacion,1x384x14x14,0.688533
111,0,imagen.jpeg,65,pointwise_conv,1x384x14x14,30.794454
111,0,imagen.jpeg,66,batchnorm,1x64x14x14,0.289631
111,0,imagen.jpeg,67,layer_add,1x64x14x14,0.133931
111,0,imagen.jpeg,68,pointwise_conv,1x64x14x14,24.301576
111,0,imagen.jpeg,69,batchnorm,1x384x14x14,1.767618
111,0,imagen.jpeg,70,activacion,1x384x14x14,0.614763
111,0,imagen.jpeg,71,depthwise_conv,1x384x14x14,7.056721
111,0,imagen.jpeg,72,batchnorm,1x384x14x14,1.733318
111,0,imagen.jpeg,73,activacion,1x384x14x14,0.695443
111,0,imagen.jpeg,74,pointwise_conv,1x384x14x14,30.745614
111,0,imagen.jpeg,75,batchnorm,1x64x14x14,0.289292
111,0,imagen.jpeg,76,layer_add,1x64x14x14,0.139341
111,0,imagen.jpeg,77,pointwise_conv,1x64x14x14,24.354056
111,0,imagen.jpeg,78,batchnorm,1x384x14x14,1.746187
111,0,imagen.jpeg,79,activacion,1x384x14x14,0.649513
111,0,imagen.jpeg,80,depthwise_conv,1x384x14x14,7.05825
111,0,imagen.jpeg,81,batchnorm,1x384x14x14,1.768427
111,0,imagen.jpeg,82,activacion,1x384x14x14,0.666403
111,0,imagen.jpeg,83,pointwise_conv,1x384x14x14,30.687673
111,0,imagen.jpeg,84,batchnorm,1x64x14x14,0.289891
111,0,imagen.jpeg,85,layer_add,1x64x14x14,0.135801
111,0,imagen.jpeg,86,pointwise_conv,1x64x14x14,24.276605
111,0,imagen.jpeg,87,batchnorm,1x384x14x14,1.749287
111,0,imagen.jpeg,88,activacion,1x384x14x14,0.652853
111,0,imagen.jpeg,89,depthwise_conv,1x384x14x14,7.03363
111,0,imagen.jpeg,90,batchnorm,1x384x14x14,1.750267
111,0,imagen.jpeg,91,activacion,1x384x14x14,0.651243
111,0,imagen.jpeg,92,pointwise_conv,1x384x14x14,46.199381
111,0,imagen.jpeg,93,batchnorm,1x96x14x14,0.434742
111,0,imagen.jpeg,94,pointwise_conv,1x96x14x14,55.342581
111,0,imagen.jpeg,95,batchnorm,1x576x14x14,2.661431
111,0,imagen.jpeg,96,activacion,1x576x14x14,0.971715
111,0,imagen.jpeg,97,depthwise_conv,1x576x14x14,10.674786
111,0,imagen.jpeg,98,batchnorm,1x576x14x14,2.623331
111,0,imagen.jpeg,99,activacion,1x576x14x14,1.028214
111,0,imagen.jpeg,100,pointwise_conv,1x576x14x14,97.425244
111,0,imagen.jpeg,101,batchnorm,1x96x14x14,0.435751
111,0,imagen.jpeg,102,layer_add,1x96x14x14,0.205221
111,0,imagen.jpeg,103,pointwise_conv,1x96x14x14,55.505662
111,0,imagen.jpeg,104,batchnorm,1x576x14x14,2.639922
111,0,imagen.jpeg,105,activacion,1x576x14x14,0.982354
111,0,imagen.jpeg,106,depthwise_conv,1x576x14x14,10.575256
111,0,imagen.jpeg,107,batchnorm,1x576x14x14,2.632121
111,0,imagen.jpeg,108,activacion,1x576x14x14,0.942444
111,0,imagen.jpeg,109,pointwise_conv,1x576x14x14,97.443205
111,0,imagen.jpeg,110,batchnorm,1x96x14x14,0.437172
111,0,imagen.jpeg,111,layer_add,1x96x14x14,0.205541
111,0,imagen.jpeg,112,pointwise_conv,1x96x14x14,55.381542
111,0,imagen.jpeg,113,batchnorm,1x576x14x14,2.672071
111,0,imagen.jpeg,114,activacion,1x576x14x14,0.982774
111,0,imagen.jpeg,115,depthwise_conv,1x576x14x14,2.774553
111,0,imagen.jpeg,116,batchnorm,1x576x7x7,0.663803
111,0,imagen.jpeg,117,activacion,1x576x7x7,0.204341
111,0,imagen.jpeg,118,pointwise_conv,1x576x7x7,42.699426
111,0,imagen.jpeg,119,batchnorm,1x160x7x7,0.183351
111,0,imagen.jpeg,120,pointwise_conv,1x160x7x7,31.561118
111,0,imagen.jpeg,121,batchnorm,1x960x7x7,1.115705
111,0,imagen.jpeg,122,activacion,1x960x7x7,0.392341
111,0,imagen.jpeg,123,depthwise_conv,1x960x7x7,4.634631
111,0,imagen.jpeg,124,batchnorm,1x960x7x7,1.095345
111,0,imagen.jpeg,125,activacion,1x960x7x7,0.405742
111,0,imagen.jpeg,126,pointwise_conv,1x960x7x7,90.882936
111,0,imagen.jpeg,127,batchnorm,1x160x7x7,0.185091
111,0,imagen.jpeg,128,layer_add,1x160x7x7,0.08166
111,0,imagen.jpeg,129,pointwise_conv,1x160x7x7,31.571048
111,0,imagen.jpeg,130,batchnorm,1x960x7x7,1.116884
111,0,imagen.jpeg,131,activacion,1x960x7x7,0.403502
111,0,imagen.jpeg,132,depthwise_conv,1x960x7x7,4.60019
111,0,imagen.jpeg,133,batchnorm,1x960x7x7,1.093544
111,0,imagen.jpeg,134,activacion,1x960x7x7,0.398512
111,0,imagen.jpeg,135,pointwise_conv,1x960x7x7,90.785007
111,0,imagen.jpeg,136,batchnorm,1x160x7x7,0.187501
111,0,imagen.jpeg,137,layer_add,1x160x7x7,0.08672
111,0,imagen.jpeg,138,pointwise_conv,1x160x7x7,31.637558
111,0,imagen.jpeg,139,batchnorm,1x960x7x7,1.155505
111,0,imagen.jpeg,140,activacion,1x960x7x7,0.391892
111,0,imagen.jpeg,141,depthwise_conv,1x960x7x7,4.628
111,0,imagen.jpeg,142,batchnorm,1x960x7x7,1.098335
111,0,imagen.jpeg,143,activacion,1x960x7x7,0.341152
111,0,imagen.jpeg,144,pointwise_conv,1x960x7x7,181.490622
111,0,imagen.jpeg,145,batchnorm,1x320x7x7,0.371031
111,0,imagen.jpeg,146,pointwise_conv,1x320x7x7,108.528193
111,0,imagen.jpeg,147,batchnorm,1x1280x7x7,1.493296
111,0,imagen.jpeg,148,activacion,1x1280x7x7,0.553602
111,0,imagen.jpeg,149,pooling,1x1280x7x7,0.263241
111,0,imagen.jpeg,150,linear,1x1280,5.149043
112,0,imagen.jpeg,0,conv2d,1x3x224x224,115.972296
112,0,imagen.jpeg,1,batchnorm,1x32x112x112,9.15592
112,0,imagen.jpeg,2,activacion,1x32x112x112,2.806952
112,0,imagen.jpeg,3,depthwise_conv,1x32x112x112,37.049722
112,0,imagen.jpeg,4,batchnorm,1x32x112x112,9.2482
112,0,imagen.jpeg,5,activacion,1x32x112x112,2.833492
112,0,imagen.jpeg,6,pointwise_conv,1x32x112x112,129.366516
112,0,imagen.jpeg,7,batchnorm,1x16x112x112,4.706551
112,0,imagen.jpeg,8,pointwise_conv,1x16x112x112,170.899387
112,0,imagen.jpeg,9,batchnorm,1x96x112x112,27.607171
112,0,imagen.jpeg,10,activacion,1x96x112x112,9.431561
112,0,imagen.jpeg,11,depthwise_conv,1x96x112x112,29.095748
112,0,imagen.jpeg,12,batchnorm,1x96x56x56,6.87706
112,0,imagen.jpeg,13,activacion,1x96x56x56,2.515801
112,0,imagen.jpeg,14,pointwise_conv,1x96x56x56,96.508702
112,0,imagen.jpeg,15,batchnorm,1x24x56x56,1.756607
112,0,imagen.jpeg,16,pointwise_conv,1x24x56x56,88.333436
112,0,imagen.jpeg,17,batchnorm,1x144x56x56,10.463616
112,0,imagen.jpeg,18,activacion,1x144x56x56,3.582266
112,0,imagen.jpeg,19,depthwise_conv,1x144x56x56,41.825653
112,0,imagen.jpeg,20,batchnorm,1x144x56x56,10.302186
112,0,imagen.jpeg,21,activacion,1x144x56x56,3.951848
112,0,imagen.jpeg,22,pointwise_conv,1x144x56x56,199.241252
112,0,imagen.jpeg,23,batchnorm,1x24x56x56,1.714268
112,0,imagen.jpeg,24,layer_add,1x24x56x56,0.783023
112,0,imagen.jpeg,25,pointwise_conv,1x24x56x56,87.780894
112,0,imagen.jpeg,26,batchnorm,1x144x56x56,10.472086
112,0,imagen.jpeg,27,activacion,1x144x56x56,3.935077
112,0,imagen.jpeg,28,depthwise_conv,1x144x56x56,10.634416
112,0,imagen.jpeg,29,batchnorm,1x144x28x28,2.597391
112,0,imagen.jpeg,30,activacion,1x144x28x28,0.907464
112,0,imagen.jpeg,31,pointwise_conv,1x144x28x28,25.737702
112,0,imagen.jpeg,32,batchnorm,1x32x28x28,0.567573
112,0,imagen.jpeg,33,pointwise_conv,1x32x28x28,34.545751
112,0,imagen.jpeg,34,batchnorm,1x192x28x28,3.473195
112,0,imagen.jpeg,35,activacion,1x192x28x28,1.114695
112,0,imagen.jpeg,36,depthwise_conv,1x192x28x28,13.999242
112,0,imagen.jpeg,37,batchnorm,1x192x28x28,3.450335
112,0,imagen.jpeg,38,activacion,1x192x28x28,1.385376
112,0,imagen.jpeg,39,pointwise_conv,1x192x28x28,34.19147
112,0,imagen.jpeg,40,batchnorm,1x32x28x28,0.569162
112,0,imagen.jpeg,41,layer_add,1x32x28x28,0.279261
112,0,imagen.jpeg,42,pointwise_conv,1x32x28x28,34.554491
112,0,imagen.jpeg,43,batchnorm,1x192x28x28,3.478855
112,0,imagen.jpeg,44,activacion,1x192x28x28,1.181375
112,0,imagen.jpeg,45,depthwise_conv,1x192x28x28,13.993062
112,0,imagen.jpeg,46,batchnorm,1x192x28x28,3.451115
112,0,imagen.jpeg,47,activacion,1x192x28x28,1.341516
112,0,imagen.jpeg,48,pointwise_conv,1x192x28x28,34.18986
112,0,imagen.jpeg,49,batchnorm,1x32x28x28,0.576323
112,0,imagen.jpeg,50,layer_add,1x32x28x28,0.267661
112,0,imagen.jpeg,51,pointwise_conv,1x32x28x28,34.512332
112,0,imagen.jpeg,52,batchnorm,1x192x28x28,3.473225
112,0,imagen.jpeg,53,activacion,1x192x28x28,1.254866
112,0,imagen.jpeg,54,depthwise_conv,1x192x28x28,3.671396
112,0,imagen.jpeg,55,batchnorm,1x192x14x14,0.873913
112,0,imagen.jpeg,56,activacion,1x192x14x14,0.276981
112,0,imagen.jpeg,57,pointwise_conv,1x192x14x14,12.647765
112,0,imagen.jpeg,58,batchnorm,1x64x14x14,0.288321
112,0,imagen.jpeg,59,pointwise_conv,1x64x14x14,24.427587
112,0,imagen.jpeg,60,batchnorm,1x384x14x14,1.752888
112,0,imagen.jpeg,61,activacion,1x384x14x14,0.584863
112,0,imagen.jpeg,62,depthwise_conv,1x384x14x14,7.056221
112,0,imagen.jpeg,63,batchnorm,1x384x14x14,1.736817
112,0,imagen.jpeg,64,activacion,1x384x14x14,0.687623
112,0,imagen.jpeg,65,pointwise_conv,1x384x14x14,30.730005
112,0,imagen.jpeg,66,batchnorm,1x64x14x14,0.287751
112,0,imagen.jpeg,67,layer_add,1x64x14x14,0.141371
112,0,imagen.jpeg,68,pointwise_conv,1x64x14x14,24.333217
112,0,imagen.jpeg,69,batchnorm,1x384x14x14,1.765908
112,0,imagen.jpeg,70,activacion,1x384x14x14,0.617933
112,0,imagen.jpeg,71,depthwise_conv,1x384x14x14,7.063481
112,0,imagen.jpeg,72,batchnorm,1x384x14x14,1.733427
112,0,imagen.jpeg,73,activacion,1x384x14x14,0.714713
112,0,imagen.jpeg,74,pointwise_conv,1x384x14x14,30.766175
112,0,imagen.jpeg,75,batchnorm,1x64x14x14,0.289782
112,0,imagen.jpeg,76,layer_add,1x64x14x14,0.13914
112,0,imagen.jpeg,77,pointwise_conv,1x64x14x14,24.315797
112,0,imagen.jpeg,78,batchnorm,1x384x14x14,1.747237
112,0,imagen.jpeg,79,activacion,1x384x14x14,0.661033
112,0,imagen.jpeg,80,depthwise_conv,1x384x14x14,7.073831
112,0,imagen.jpeg,81,batchnorm,1x384x14x14,1.830668
112,0,imagen.jpeg,82,activacion,1x384x14x14,0.649073
112,0,imagen.jpeg,83,pointwise_conv,1x384x14x14,30.756255
112,0,imagen.jpeg,84,batchnorm,1x64x14x14,0.289612
112,0,imagen.jpeg,85,layer_add,1x64x14x14,0.13742
112,0,imagen.jpeg,86,pointwise_conv,1x64x14x14,24.294947
112,0,imagen.jpeg,87,batchnorm,1x384x14x14,1.777478
112,0,imagen.jpeg,88,activacion,1x384x14x14,0.629272
112,0,imagen.jpeg,89,depthwise_conv,1x384x14x14,7.177091
112,0,imagen.jpeg,90,batchnorm,1x384x14x14,1.737287
112,0,imagen.jpeg,91,activacion,1x384x14x14,0.651863
112,0,imagen.jpeg,92,pointwise_conv,1x384x14x14,46.046712
112,0,imagen.jpeg,93,batchnorm,1x96x14x14,0.432492
112,0,imagen.jpeg,94,pointwise_conv,1x96x14x14,55.422214
112,0,imagen.jpeg,95,batchnorm,1x576x14x14,2.653051
112,0,imagen.jpeg,96,activacion,1x576x14x14,0.984184
112,0,imagen.jpeg,97,depthwise_conv,1x576x14x14,10.620586
112,0,imagen.jpeg,98,batchnorm,1x576x14x14,2.645091
112,0,imagen.jpeg,99,activacion,1x576x14x14,0.971705
112,0,imagen.jpeg,100,pointwise_conv,1x576x14x14,97.489257
112,0,imagen.jpeg,101,batchnorm,1x96x14x14,0.440312
112,0,imagen.jpeg,102,layer_add,1x96x14x14,0.205131
112,0,imagen.jpeg,103,pointwise_conv,1x96x14x14,55.486423
112,0,imagen.jpeg,104,batchnorm,1x576x14x14,2.630541
112,0,imagen.jpeg,105,activacion,1x576x14x14,1.025295
112,0,imagen.jpeg,106,depthwise_conv,1x576x14x14,10.593816
112,0,imagen.jpeg,107,batchnorm,1x576x14x14,2.621772
112,0,imagen.jpeg,108,activacion,1x576x14x14,0.968195
112,0,imagen.jpeg,109,pointwise_conv,1x576x14x14,97.493277
112,0,imagen.jpeg,110,batchnorm,1x96x14x14,0.435962
112,0,imagen.jpeg,111,layer_add,1x96x14x14,0.20621
112,0,imagen.jpeg,112,pointwise_conv,1x96x14x14,55.388833
112,0,imagen.jpeg,113,batchnorm,1x576x14x14,2.669782
112,0,imagen.jpeg,114,activacion,1x576x14x14,0.974354
112,0,imagen.jpeg,115,depthwise_conv,1x576x14x14,2.809772
112,0,imagen.jpeg,116,batchnorm,1x576x7x7,0.664103
112,0,imagen.jpeg,117,activacion,1x576x7x7,0.202941
112,0,imagen.jpeg,118,pointwise_conv,1x576x7x7,42.782578
112,0,imagen.jpeg,119,batchnorm,1x160x7x7,0.184421
112,0,imagen.jpeg,120,pointwise_conv,1x160x7x7,31.568009
112,0,imagen.jpeg,121,batchnorm,1x960x7x7,1.182105
112,0,imagen.jpeg,122,activacion,1x960x7x7,0.402612
112,0,imagen.jpeg,123,depthwise_conv,1x960x7x7,4.616411
112,0,imagen.jpeg,124,batchnorm,1x960x7x7,1.095105
112,0,imagen.jpeg,125,activacion,1x960x7x7,0.423502
112,0,imagen.jpeg,126,pointwise_conv,1x960x7x7,90.734299
112,0,imagen.jpeg,127,batchnorm,1x160x7x7,0.18442
112,0,imagen.jpeg,128,layer_add,1x160x7x7,0.089301
112,0,imagen.jpeg,129,pointwise_conv,1x160x7x7,31.509858
112,0,imagen.jpeg,130,batchnorm,1x960x7x7,1.115055
112,0,imagen.jpeg,131,activacion,1x960x7x7,0.398052
112,0,imagen.jpeg,132,depthwise_conv,1x960x7x7,4.61568
112,0,imagen.jpeg,133,batchnorm,1x960x7x7,1.110075
112,0,imagen.jpeg,134,activacion,1x960x7x7,0.397381
112,0,imagen.jpeg,135,pointwise_conv,1x960x7x7,90.80254
112,0,imagen.jpeg,136,batchnorm,1x160x7x7,0.187241
112,0,imagen.jpeg,137,layer_add,1x160x7x7,0.08814
112,0,imagen.jpeg,138,pointwise_conv,1x160x7x7,31.484829
112,0,imagen.jpeg,139,batchnorm,1x960x7x7,1.116265
112,0,imagen.jpeg,140,activacion,1x960x7x7,0.403462
112,0,imagen.jpeg,141,depthwise_conv,1x960x7x7,4.60865
112,0,imagen.jpeg,142,batchnorm,1x960x7x7,1.113155
112,0,imagen.jpeg,143,activacion,1x960x7x7,0.316332
112,0,imagen.jpeg,144,pointwise_conv,1x960x7x7,181.220088
112,0,imagen.jpeg,145,batchnorm,1x320x7x7,0.373682
112,0,imagen.jpeg,146,pointwise_conv,1x320x7x7,108.443987
112,0,imagen.jpeg,147,batchnorm,1x1280x7x7,1.499166
112,0,imagen.jpeg,148,activacion,1x1280x7x7,0.533642
112,0,imagen.jpeg,149,pooling,1x1280x7x7,0.264731
112,0,imagen.jpeg,150,linear,1x1280,5.158263
113,0,imagen.jpeg,0,conv2d,1x3x224x224,114.806245
113,0,imagen.jpeg,1,batchnorm,1x32x112x112,9.21554
113,0,imagen.jpeg,2,activacion,1x32x112x112,2.797412
113,0,imagen.jpeg,3,depthwise_conv,1x32x112x112,37.033503
113,0,imagen.jpeg,4,batchnorm,1x32x112x112,9.23371
113,0,imagen.jpeg,5,activacion,1x32x112x112,2.803182
113,0,imagen.jpeg,6,pointwise_conv,1x32x112x112,129.44854
113,0,imagen.jpeg,7,batchnorm,1x16x112x112,4.59562
113,0,imagen.jpeg,8,pointwise_conv,1x16x112x112,170.484442
113,0,imagen.jpeg,9,batchnorm,1x96x112x112,27.723102
113,0,imagen.jpeg,10,activacion,1x96x112x112,9.344951
113,0,imagen.jpeg,11,depthwise_conv,1x96x112x112,29.123999
113,0,imagen.jpeg,12,batchnorm,1x96x56x56,6.891501
113,0,imagen.jpeg,13,activacion,1x96x56x56,2.475661
113,0,imagen.jpeg,14,pointwise_conv,1x96x56x56,95.101479
113,0,imagen.jpeg,15,batchnorm,1x24x56x56,1.750737
113,0,imagen.jpeg,16,pointwise_conv,1x24x56x56,88.31979
113,0,imagen.jpeg,17,batchnorm,1x144x56x56,10.438476
113,0,imagen.jpeg,18,activacion,1x144x56x56,3.591766
113,0,imagen.jpeg,19,depthwise_conv,1x144x56x56,41.803844
113,0,imagen.jpeg,20,batchnorm,1x144x56x56,10.294715
113,0,imagen.jpeg,21,activacion,1x144x56x56,3.943137
113,0,imagen.jpeg,22,pointwise_conv,1x144x56x56,199.54387
113,0,imagen.jpeg,23,batchnorm,1x24x56x56,1.755227
113,0,imagen.jpeg,24,layer_add,1x24x56x56,0.802204
113,0,imagen.jpeg,25,pointwise_conv,1x24x56x56,87.781847
113,0,imagen.jpeg,26,batchnorm,1x144x56x56,10.444106
113,0,imagen.jpeg,27,activacion,1x144x56x56,3.911027
113,0,imagen.jpeg,28,depthwise_conv,1x144x56x56,10.745567
113,0,imagen.jpeg,29,batchnorm,1x144x28x28,2.577052
113,0,imagen.jpeg,30,activacion,1x144x28x28,0.921854
113,0,imagen.jpeg,31,pointwise_conv,1x144x28x28,25.560652
113,0,imagen.jpeg,32,batchnorm,1x32x28x28,0.567523
113,0,imagen.jpeg,33,pointwise_conv,1x32x28x28,34.547622
113,0,imagen.jpeg,34,batchnorm,1x192x28x28,3.463495
113,0,imagen.jpeg,35,activacion,1x192x28x28,1.112325
113,0,imagen.jpeg,36,depthwise_conv,1x192x28x28,14.007162
113,0,imagen.jpeg,37,batchnorm,1x192x28x28,3.445975
113,0,imagen.jpeg,38,activacion,1x192x28x28,1.338336
113,0,imagen.jpeg,39,pointwise_conv,1x192x28x28,34.253821
113,0,imagen.jpeg,40,batchnorm,1x32x28x28,0.570423
113,0,imagen.jpeg,41,layer_add,1x32x28x28,0.276751
113,0,imagen.jpeg,42,pointwise_conv,1x32x28x28,34.634383
113,0,imagen.jpeg,43,batchnorm,1x192x28x28,3.472975
113,0,imagen.jpeg,44,activacion,1x192x28x28,1.183995
113,0,imagen.jpeg,45,depthwise_conv,1x192x28x28,14.011022
113,0,imagen.jpeg,46,batchnorm,1x192x28x28,3.449165
113,0,imagen.jpeg,47,activacion,1x192x28x28,1.338196
113,0,imagen.jpeg,48,pointwise_conv,1x192x28x28,34.211831
113,0,imagen.jpeg,49,batchnorm,1x32x28x28,0.574713
113,0,imagen.jpeg,50,layer_add,1x32x28x28,0.275061
113,0,imagen.jpeg,51,pointwise_conv,1x32x28x28,34.503493
113,0,imagen.jpeg,52,batchnorm,1x192x28x28,3.465766
113,0,imagen.jpeg,53,activacion,1x192x28x28,1.253245
113,0,imagen.jpeg,54,depthwise_conv,1x192x28x28,3.676867
113,0,imagen.jpeg,55,batchnorm,1x192x14x14,0.888404
113,0,imagen.jpeg,56,activacion,1x192x14x14,0.276711
113,0,imagen.jpeg,57,pointwise_conv,1x192x14x14,12.605805
113,0,imagen.jpeg,58,batchnorm,1x64x14x14,0.287981
113,0,imagen.jpeg,59,pointwise_conv,1x64x14x14,24.290537
113,0,imagen.jpeg,60,batchnorm,1x384x14x14,1.820628
113,0,imagen.jpeg,61,activacion,1x384x14x14,0.558692
113,0,imagen.jpeg,62,depthwise_conv,1x384x14x14,7.067881
113,0,imagen.jpeg,63,batchnorm,1x384x14x14,1.737568
113,0,imagen.jpeg,64,activacion,1x384x14x14,0.689423
113,0,imagen.jpeg,65,pointwise_conv,1x384x14x14,30.741896
113,0,imagen.jpeg,66,batchnorm,1x64x14x14,0.290191
113,0,imagen.jpeg,67,layer_add,1x64x14x14,0.13427
113,0,imagen.jpeg,68,pointwise_conv,1x64x14x14,24.293368
113,0,imagen.jpeg,69,batchnorm,1x384x14x14,1.745938
113,0,imagen.jpeg,70,activacion,1x384x14x14,0.615412
113,0,imagen.jpeg,71,depthwise_conv,1x384x14x14,7.075852
113,0,imagen.jpeg,72,batchnorm,1x384x14x14,1.757578
113,0,imagen.jpeg,73,activacion,1x384x14x14,0.682243
113,0,imagen.jpeg,74,pointwise_conv,1x384x14x14,30.780007
113,0,imagen.jpeg,75,batchnorm,1x64x14x14,0.290131
113,0,imagen.jpeg,76,layer_add,1x64x14x14,0.13999
113,0,imagen.jpeg,77,pointwise_conv,1x64x14x14,24.300118
113,0,imagen.jpeg,78,batchnorm,1x384x14x14,1.743918
113,0,imagen.jpeg,79,activacion,1x384x14x14,0.677423
113,0,imagen.jpeg,80,depthwise_conv,1x384x14x14,7.042571
113,0,imagen.jpeg,81,batchnorm,1x384x14x14,1.746018
113,0,imagen.jpeg,82,activacion,1x384x14x14,0.638443
113,0,imagen.jpeg,83,pointwise_conv,1x384x14x14,30.893107
113,0,imagen.jpeg,84,batchnorm,1x64x14x14,0.289991
113,0,imagen.jpeg,85,layer_add,1x64x14x14,0.139401
113,0,imagen.jpeg,86,pointwise_conv,1x64x14x14,24.292847
113,0,imagen.jpeg,87,batchnorm,1x384x14x14,1.819738
113,0,imagen.jpeg,88,activacion,1x384x14x14,0.634613
113,0,imagen.jpeg,89,depthwise_conv,1x384x14x14,7.064551
113,0,imagen.jpeg,90,batchnorm,1x384x14x14,1.731877
113,0,imagen.jpeg,91,activacion,1x384x14x14,0.701243
113,0,imagen.jpeg,92,pointwise_conv,1x384x14x14,46.009974
113,0,imagen.jpeg,93,batchnorm,1x96x14x14,0.432482
113,0,imagen.jpeg,94,pointwise_conv,1x96x14x14,55.371005
113,0,imagen.jpeg,95,batchnorm,1x576x14x14,2.650312
113,0,imagen.jpeg,96,activacion,1x576x14x14,0.973794
113,0,imagen.jpeg,97,depthwise_conv,1x576x14x14,10.620847
113,0,imagen.jpeg,98,batchnorm,1x576x14x14,2.712842
113,0,imagen.jpeg,99,activacion,1x576x14x14,0.967044
113,0,imagen.jpeg,100,pointwise_conv,1x576x14x14,101.143558
113,0,imagen.jpeg,101,batchnorm,1x96x14x14,0.441052
113,0,imagen.jpeg,102,layer_add,1x96x14x14,0.203801
113,0,imagen.jpeg,103,pointwise_conv,1x96x14x14,55.538526
113,0,imagen.jpeg,104,batchnorm,1x576x14x14,2.666981
113,0,imagen.jpeg,105,activacion,1x576x14x14,0.988735
113,0,imagen.jpeg,106,depthwise_conv,1x576x14x14,10.612307
113,0,imagen.jpeg,107,batchnorm,1x576x14x14,2.625612
113,0,imagen.jpeg,108,activacion,1x576x14x14,1.072445
113,0,imagen.jpeg,109,pointwise_conv,1x576x14x14,97.41308
113,0,imagen.jpeg,110,batchnorm,1x96x14x14,0.439522
113,0,imagen.jpeg,111,layer_add,1x96x14x14,0.206531
113,0,imagen.jpeg,112,pointwise_conv,1x96x14x14,55.390785
113,0,imagen.jpeg,113,batchnorm,1x576x14x14,2.649591
113,0,imagen.jpeg,114,activacion,1x576x14x14,0.976884
113,0,imagen.jpeg,115,depthwise_conv,1x576x14x14,2.805062
113,0,imagen.jpeg,116,batchnorm,1x576x7x7,0.663743
113,0,imagen.jpeg,117,activacion,1x576x7x7,0.203731
113,0,imagen.jpeg,118,pointwise_conv,1x576x7x7,42.699129
113,0,imagen.jpeg,119,batchnorm,1x160x7x7,0.1837
113,0,imagen.jpeg,120,pointwise_conv,1x160x7x7,31.581969
113,0,imagen.jpeg,121,batchnorm,1x960x7x7,1.131145
113,0,imagen.jpeg,122,activacion,1x960x7x7,0.391932
113,0,imagen.jpeg,123,depthwise_conv,1x960x7x7,4.6066
113,0,imagen.jpeg,124,batchnorm,1x960x7x7,1.096555
113,0,imagen.jpeg,125,activacion,1x960x7x7,0.426662
113,0,imagen.jpeg,126,pointwise_conv,1x960x7x7,90.788491
113,0,imagen.jpeg,127,batchnorm,1x160x7x7,0.18555
113,0,imagen.jpeg,128,layer_add,1x160x7x7,0.085261
113,0,imagen.jpeg,129,pointwise_conv,1x160x7x7,31.515759
113,0,imagen.jpeg,130,batchnorm,1x960x7x7,1.111745
113,0,imagen.jpeg,131,activacion,1x960x7x7,0.396851
113,0,imagen.jpeg,132,depthwise_conv,1x960x7x7,4.612931
113,0,imagen.jpeg,133,batchnorm,1x960x7x7,1.118695
113,0,imagen.jpeg,134,activacion,1x960x7x7,0.398092
113,0,imagen.jpeg,135,pointwise_conv,1x960x7x7,90.728433
113,0,imagen.jpeg,136,batchnorm,1x160x7x7,0.185511
113,0,imagen.jpeg,137,layer_add,1x160x7x7,0.08521
113,0,imagen.jpeg,138,pointwise_conv,1x160x7x7,31.48884
113,0,imagen.jpeg,139,batchnorm,1x960x7x7,1.117925
113,0,imagen.jpeg,140,activacion,1x960x7x7,0.391702
113,0,imagen.jpeg,141,depthwise_conv,1x960x7x7,4.629361
113,0,imagen.jpeg,142,batchnorm,1x960x7x7,1.113785
113,0,imagen.jpeg,143,activacion,1x960x7x7,0.316541
113,0,imagen.jpeg,144,pointwise_conv,1x960x7x7,181.543545
113,0,imagen.jpeg,145,batchnorm,1x320x7x7,0.393491
113,0,imagen.jpeg,146,pointwise_conv,1x320x7x7,108.495251
113,0,imagen.jpeg,147,batchnorm,1x1280x7x7,1.497617
113,0,imagen.jpeg,148,activacion,1x1280x7x7,0.531632
113,0,imagen.jpeg,149,pooling,1x1280x7x7,0.297941
113,0,imagen.jpeg,150,linear,1x1280,5.174683
114,0,imagen.jpeg,0,conv2d,1x3x224x224,115.320462
114,0,imagen.jpeg,1,batchnorm,1x32x112x112,9.232351
114,0,imagen.jpeg,2,activacion,1x32x112x112,2.798533
114,0,imagen.jpeg,3,depthwise_conv,1x32x112x112,37.115024
114,0,imagen.jpeg,4,batchnorm,1x32x112x112,9.233831
114,0,imagen.jpeg,5,activacion,1x32x112x112,2.835103
114,0,imagen.jpeg,6,pointwise_conv,1x32x112x112,129.501895
114,0,imagen.jpeg,7,batchnorm,1x16x112x112,4.612211
114,0,imagen.jpeg,8,pointwise_conv,1x16x112x112,171.174739
114,0,imagen.jpeg,9,batchnorm,1x96x112x112,27.746323
114,0,imagen.jpeg,10,activacion,1x96x112x112,9.348262
114,0,imagen.jpeg,11,depthwise_conv,1x96x112x112,29.097379
114,0,imagen.jpeg,12,batchnorm,1x96x56x56,6.85417
114,0,imagen.jpeg,13,activacion,1x96x56x56,2.507861
114,0,imagen.jpeg,14,pointwise_conv,1x96x56x56,94.836542
114,0,imagen.jpeg,15,batchnorm,1x24x56x56,1.711348
114,0,imagen.jpeg,16,pointwise_conv,1x24x56x56,88.337382
114,0,imagen.jpeg,17,batchnorm,1x144x56x56,10.452897
114,0,imagen.jpeg,18,activacion,1x144x56x56,3.523246
114,0,imagen.jpeg,19,depthwise_conv,1x144x56x56,41.964266
114,0,imagen.jpeg,20,batchnorm,1x144x56x56,10.372796
114,0,imagen.jpeg,21,activacion,1x144x56x56,3.957927
114,0,imagen.jpeg,22,pointwise_conv,1x144x56x56,199.423537
114,0,imagen.jpeg,23,batchnorm,1x24x56x56,1.711648
114,0,imagen.jpeg,24,layer_add,1x24x56x56,0.829284
114,0,imagen.jpeg,25,pointwise_conv,1x24x56x56,87.62233
114,0,imagen.jpeg,26,batchnorm,1x144x56x56,10.520777
114,0,imagen.jpeg,27,activacion,1x144x56x56,3.853097
114,0,imagen.jpeg,28,depthwise_conv,1x144x56x56,10.654877
114,0,imagen.jpeg,29,batchnorm,1x144x28x28,2.604421
114,0,imagen.jpeg,30,activacion,1x144x28x28,0.904554
114,0,imagen.jpeg,31,pointwise_conv,1x144x28x28,25.626834
114,0,imagen.jpeg,32,batchnorm,1x32x28x28,0.569072
114,0,imagen.jpeg,33,pointwise_conv,1x32x28x28,34.537194
114,0,imagen.jpeg,34,batchnorm,1x192x28x28,3.448345
114,0,imagen.jpeg,35,activacion,1x192x28x28,1.148505
114,0,imagen.jpeg,36,depthwise_conv,1x192x28x28,13.987983
114,0,imagen.jpeg,37,batchnorm,1x192x28x28,3.519615
114,0,imagen.jpeg,38,activacion,1x192x28x28,1.378327
114,0,imagen.jpeg,39,pointwise_conv,1x192x28x28,34.318062
114,0,imagen.jpeg,40,batchnorm,1x32x28x28,0.588203
114,0,imagen.jpeg,41,layer_add,1x32x28x28,0.275011
114,0,imagen.jpeg,42,pointwise_conv,1x32x28x28,34.522134
114,0,imagen.jpeg,43,batchnorm,1x192x28x28,3.449765
114,0,imagen.jpeg,44,activacion,1x192x28x28,1.207995
114,0,imagen.jpeg,45,depthwise_conv,1x192x28x28,13.951102
114,0,imagen.jpeg,46,batchnorm,1x192x28x28,3.446565
114,0,imagen.jpeg,47,activacion,1x192x28x28,1.363066
114,0,imagen.jpeg,48,pointwise_conv,1x192x28x28,34.252903
114,0,imagen.jpeg,49,batchnorm,1x32x28x28,0.594822
114,0,imagen.jpeg,50,layer_add,1x32x28x28,0.273232
114,0,imagen.jpeg,51,pointwise_conv,1x32x28x28,34.478733
114,0,imagen.jpeg,52,batchnorm,1x192x28x28,3.459255
114,0,imagen.jpeg,53,activacion,1x192x28x28,1.285866
114,0,imagen.jpeg,54,depthwise_conv,1x192x28x28,3.621386
114,0,imagen.jpeg,55,batchnorm,1x192x14x14,0.873994
114,0,imagen.jpeg,56,activacion,1x192x14x14,0.277621
114,0,imagen.jpeg,57,pointwise_conv,1x192x14x14,12.618596
114,0,imagen.jpeg,58,batchnorm,1x64x14x14,0.289102
114,0,imagen.jpeg,59,pointwise_conv,1x64x14x14,24.389868
114,0,imagen.jpeg,60,batchnorm,1x384x14x14,1.756218
114,0,imagen.jpeg,61,activacion,1x384x14x14,0.557583
114,0,imagen.jpeg,62,depthwise_conv,1x384x14x14,7.076101
114,0,imagen.jpeg,63,batchnorm,1x384x14x14,1.755518
114,0,imagen.jpeg,64,activacion,1x384x14x14,0.694043
114,0,imagen.jpeg,65,pointwise_conv,1x384x14x14,30.758197
114,0,imagen.jpeg,66,batchnorm,1x64x14x14,0.290682
114,0,imagen.jpeg,67,layer_add,1x64x14x14,0.138091
114,0,imagen.jpeg,68,pointwise_conv,1x64x14x14,24.285758
114,0,imagen.jpeg,69,batchnorm,1x384x14x14,1.743257
114,0,imagen.jpeg,70,activacion,1x384x14x14,0.622463
114,0,imagen.jpeg,71,depthwise_conv,1x384x14x14,7.057981
114,0,imagen.jpeg,72,batchnorm,1x384x14x14,1.741797
114,0,imagen.jpeg,73,activacion,1x384x14x14,0.672353
114,0,imagen.jpeg,74,pointwise_conv,1x384x14x14,30.811217
114,0,imagen.jpeg,75,batchnorm,1x64x14x14,0.290111
114,0,imagen.jpeg,76,layer_add,1x64x14x14,0.138651
114,0,imagen.jpeg,77,pointwise_conv,1x64x14x14,24.288738
114,0,imagen.jpeg,78,batchnorm,1x384x14x14,1.772688
114,0,imagen.jpeg,79,activacion,1x384x14x14,0.646993
114,0,imagen.jpeg,80,depthwise_conv,1x384x14x14,7.071841
114,0,imagen.jpeg,81,batchnorm,1x384x14x14,1.735378
114,0,imagen.jpeg,82,activacion,1x384x14x14,0.705333
114,0,imagen.jpeg,83,pointwise_conv,1x384x14x14,30.681917
114,0,imagen.jpeg,84,batchnorm,1x64x14x14,0.304341
114,0,imagen.jpeg,85,layer_add,1x64x14x14,0.14244
114,0,imagen.jpeg,86,pointwise_conv,1x64x14x14,24.385948
114,0,imagen.jpeg,87,batchnorm,1x384x14x14,1.751558
114,0,imagen.jpeg,88,activacion,1x384x14x14,0.628453
114,0,imagen.jpeg,89,depthwise_conv,1x384x14x14,7.046602
114,0,imagen.jpeg,90,batchnorm,1x384x14x14,1.751928
114,0,imagen.jpeg,91,activacion,1x384x14x14,0.654763
114,0,imagen.jpeg,92,pointwise_conv,1x384x14x14,46.066496
114,0,imagen.jpeg,93,batchnorm,1x96x14x14,0.433102
114,0,imagen.jpeg,94,pointwise_conv,1x96x14x14,55.403837
114,0,imagen.jpeg,95,batchnorm,1x576x14x14,2.631882
114,0,imagen.jpeg,96,activacion,1x576x14x14,0.973664
114,0,imagen.jpeg,97,depthwise_conv,1x576x14x14,10.742688
114,0,imagen.jpeg,98,batchnorm,1x576x14x14,2.631292
114,0,imagen.jpeg,99,activacion,1x576x14x14,1.012524
114,0,imagen.jpeg,100,pointwise_conv,1x576x14x14,97.486875
114,0,imagen.jpeg,101,batchnorm,1x96x14x14,0.435462
114,0,imagen.jpeg,102,layer_add,1x96x14x14,0.209191
114,0,imagen.jpeg,103,pointwise_conv,1x96x14x14,55.545988
114,0,imagen.jpeg,104,batchnorm,1x576x14x14,2.651732
114,0,imagen.jpeg,105,activacion,1x576x14x14,0.989004
114,0,imagen.jpeg,106,depthwise_conv,1x576x14x14,10.695578
114,0,imagen.jpeg,107,batchnorm,1x576x14x14,2.640551
114,0,imagen.jpeg,108,activacion,1x576x14x14,0.948704
114,0,imagen.jpeg,109,pointwise_conv,1x576x14x14,97.494665
114,0,imagen.jpeg,110,batchnorm,1x96x14x14,0.440292
114,0,imagen.jpeg,111,layer_add,1x96x14x14,0.204381
114,0,imagen.jpeg,112,pointwise_conv,1x96x14x14,55.324946
114,0,imagen.jpeg,113,batchnorm,1x576x14x14,2.662692
114,0,imagen.jpeg,114,activacion,1x576x14x14,0.978524
114,0,imagen.jpeg,115,depthwise_conv,1x576x14x14,2.803923
114,0,imagen.jpeg,116,batchnorm,1x576x7x7,0.662533
114,0,imagen.jpeg,117,activacion,1x576x7x7,0.202771
114,0,imagen.jpeg,118,pointwise_conv,1x576x7x7,42.78023
114,0,imagen.jpeg,119,batchnorm,1x160x7x7,0.184161
114,0,imagen.jpeg,120,pointwise_conv,1x160x7x7,31.513771
114,0,imagen.jpeg,121,batchnorm,1x960x7x7,1.115645
114,0,imagen.jpeg,122,activacion,1x960x7x7,0.393801
114,0,imagen.jpeg,123,depthwise_conv,1x960x7x7,4.638861
114,0,imagen.jpeg,124,batchnorm,1x960x7x7,1.095525
114,0,imagen.jpeg,125,activacion,1x960x7x7,0.404692
114,0,imagen.jpeg,126,pointwise_conv,1x960x7x7,90.776414
114,0,imagen.jpeg,127,batchnorm,1x160x7x7,0.185001
114,0,imagen.jpeg,128,layer_add,1x160x7x7,0.086001
114,0,imagen.jpeg,129,pointwise_conv,1x160x7x7,31.539661
114,0,imagen.jpeg,130,batchnorm,1x960x7x7,1.111834
114,0,imagen.jpeg,131,activacion,1x960x7x7,0.431292
114,0,imagen.jpeg,132,depthwise_conv,1x960x7x7,4.617111
114,0,imagen.jpeg,133,batchnorm,1x960x7x7,1.096495
114,0,imagen.jpeg,134,activacion,1x960x7x7,0.395522
114,0,imagen.jpeg,135,pointwise_conv,1x960x7x7,90.774175
114,0,imagen.jpeg,136,batchnorm,1x160x7x7,0.188221
114,0,imagen.jpeg,137,layer_add,1x160x7x7,0.08938
114,0,imagen.jpeg,138,pointwise_conv,1x160x7x7,31.592491
114,0,imagen.jpeg,139,batchnorm,1x960x7x7,1.137285
114,0,imagen.jpeg,140,activacion,1x960x7x7,0.394802
114,0,imagen.jpeg,141,depthwise_conv,1x960x7x7,4.703421
114,0,imagen.jpeg,142,batchnorm,1x960x7x7,1.104495
114,0,imagen.jpeg,143,activacion,1x960x7x7,0.316812
114,0,imagen.jpeg,144,pointwise_conv,1x960x7x7,181.411481
114,0,imagen.jpeg,145,batchnorm,1x320x7x7,0.371261
114,0,imagen.jpeg,146,pointwise_conv,1x320x7x7,108.489865
114,0,imagen.jpeg,147,batchnorm,1x1280x7x7,1.514337
114,0,imagen.jpeg,148,activacion,1x1280x7x7,0.541412
114,0,imagen.jpeg,149,pooling,1x1280x7x7,0.263071
114,0,imagen.jpeg,150,linear,1x1280,5.094223
115,0,imagen.jpeg,0,conv2d,1x3x224x224,114.797153
115,0,imagen.jpeg,1,batchnorm,1x32x112x112,9.162871
115,0,imagen.jpeg,2,activacion,1x32x112x112,2.807532
115,0,imagen.jpeg,3,depthwise_conv,1x32x112x112,37.119696
115,0,imagen.jpeg,4,batchnorm,1x32x112x112,9.238911
115,0,imagen.jpeg,5,activacion,1x32x112x112,2.918293
115,0,imagen.jpeg,6,pointwise_conv,1x32x112x112,129.352119
115,0,imagen.jpeg,7,batchnorm,1x16x112x112,4.593381
115,0,imagen.jpeg,8,pointwise_conv,1x16x112x112,172.395991
115,0,imagen.jpeg,9,batchnorm,1x96x112x112,27.742034
115,0,imagen.jpeg,10,activacion,1x96x112x112,9.430512
115,0,imagen.jpeg,11,depthwise_conv,1x96x112x112,29.09987
115,0,imagen.jpeg,12,batchnorm,1x96x56x56,6.869141
115,0,imagen.jpeg,13,activacion,1x96x56x56,2.506411
115,0,imagen.jpeg,14,pointwise_conv,1x96x56x56,98.921582
115,0,imagen.jpeg,15,batchnorm,1x24x56x56,1.709688
115,0,imagen.jpeg,16,pointwise_conv,1x24x56x56,88.258815
115,0,imagen.jpeg,17,batchnorm,1x144x56x56,10.474907
115,0,imagen.jpeg,18,activacion,1x144x56x56,3.530916
115,0,imagen.jpeg,19,depthwise_conv,1x144x56x56,41.871928
115,0,imagen.jpeg,20,batchnorm,1x144x56x56,10.296446
115,0,imagen.jpeg,21,activacion,1x144x56x56,3.944427
115,0,imagen.jpeg,22,pointwise_conv,1x144x56x56,199.354354
115,0,imagen.jpeg,23,batchnorm,1x24x56x56,1.761488
115,0,imagen.jpeg,24,layer_add,1x24x56x56,0.784954
115,0,imagen.jpeg,25,pointwise_conv,1x24x56x56,87.792164
115,0,imagen.jpeg,26,batchnorm,1x144x56x56,10.456457
115,0,imagen.jpeg,27,activacion,1x144x56x56,3.866497
115,0,imagen.jpeg,28,depthwise_conv,1x144x56x56,10.754288
115,0,imagen.jpeg,29,batchnorm,1x144x28x28,2.578902
115,0,imagen.jpeg,30,activacion,1x144x28x28,0.893304
115,0,imagen.jpeg,31,pointwise_conv,1x144x28x28,25.642805
115,0,imagen.jpeg,32,batchnorm,1x32x28x28,0.567543
115,0,imagen.jpeg,33,pointwise_conv,1x32x28x28,34.621095
115,0,imagen.jpeg,34,batchnorm,1x192x28x28,3.569886
115,0,imagen.jpeg,35,activacion,1x192x28x28,1.279256
115,0,imagen.jpeg,36,depthwise_conv,1x192x28x28,13.999032
115,0,imagen.jpeg,37,batchnorm,1x192x28x28,3.473455
115,0,imagen.jpeg,38,activacion,1x192x28x28,1.404106
115,0,imagen.jpeg,39,pointwise_conv,1x192x28x28,34.677016
115,0,imagen.jpeg,40,batchnorm,1x32x28x28,0.576632
115,0,imagen.jpeg,41,layer_add,1x32x28x28,0.271591
115,0,imagen.jpeg,42,pointwise_conv,1x32x28x28,34.571615
115,0,imagen.jpeg,43,batchnorm,1x192x28x28,3.448486
115,0,imagen.jpeg,44,activacion,1x192x28x28,1.182265
115,0,imagen.jpeg,45,depthwise_conv,1x192x28x28,14.060943
115,0,imagen.jpeg,46,batchnorm,1x192x28x28,3.431886
115,0,imagen.jpeg,47,activacion,1x192x28x28,1.365627
115,0,imagen.jpeg,48,pointwise_conv,1x192x28x28,34.173693
115,0,imagen.jpeg,49,batchnorm,1x32x28x28,0.593833
115,0,imagen.jpeg,50,layer_add,1x32x28x28,0.261882
115,0,imagen.jpeg,51,pointwise_conv,1x32x28x28,34.501424
115,0,imagen.jpeg,52,batchnorm,1x192x28x28,3.449446
115,0,imagen.jpeg,53,activacion,1x192x28x28,1.298576
115,0,imagen.jpeg,54,depthwise_conv,1x192x28x28,3.650416
115,0,imagen.jpeg,55,batchnorm,1x192x14x14,0.876144
115,0,imagen.jpeg,56,activacion,1x192x14x14,0.276952
115,0,imagen.jpeg,57,pointwise_conv,1x192x14x14,12.661077
115,0,imagen.jpeg,58,batchnorm,1x64x14x14,0.339951
115,0,imagen.jpeg,59,pointwise_conv,1x64x14x14,24.287549
115,0,imagen.jpeg,60,batchnorm,1x384x14x14,1.750457
115,0,imagen.jpeg,61,activacion,1x384x14x14,0.557483
115,0,imagen.jpeg,62,depthwise_conv,1x384x14x14,7.076941
115,0,imagen.jpeg,63,batchnorm,1x384x14x14,1.759108
115,0,imagen.jpeg,64,activacion,1x384x14x14,0.686463
115,0,imagen.jpeg,65,pointwise_conv,1x384x14x14,30.738018
115,0,imagen.jpeg,66,batchnorm,1x64x14x14,0.288691
115,0,imagen.jpeg,67,layer_add,1x64x14x14,0.137921
115,0,imagen.jpeg,68,pointwise_conv,1x64x14x14,24.292999
115,0,imagen.jpeg,69,batchnorm,1x384x14x14,1.768458
115,0,imagen.jpeg,70,activacion,1x384x14x14,0.625802
115,0,imagen.jpeg,71,depthwise_conv,1x384x14x14,7.126591
115,0,imagen.jpeg,72,batchnorm,1x384x14x14,1.738708
115,0,imagen.jpeg,73,activacion,1x384x14x14,0.650313
115,0,imagen.jpeg,74,pointwise_conv,1x384x14x14,30.771298
115,0,imagen.jpeg,75,batchnorm,1x64x14x14,0.288171
115,0,imagen.jpeg,76,layer_add,1x64x14x14,0.13694
115,0,imagen.jpeg,77,pointwise_conv,1x64x14x14,24.295948
115,0,imagen.jpeg,78,batchnorm,1x384x14x14,1.747388
115,0,imagen.jpeg,79,activacion,1x384x14x14,0.662473
115,0,imagen.jpeg,80,depthwise_conv,1x384x14x14,7.073152
115,0,imagen.jpeg,81,batchnorm,1x384x14x14,1.771257
115,0,imagen.jpeg,82,activacion,1x384x14x14,0.648723
115,0,imagen.jpeg,83,pointwise_conv,1x384x14x14,30.785078
115,0,imagen.jpeg,84,batchnorm,1x64x14x14,0.291351
115,0,imagen.jpeg,85,layer_add,1x64x14x14,0.140501
115,0,imagen.jpeg,86,pointwise_conv,1x64x14x14,24.290449
115,0,imagen.jpeg,87,batchnorm,1x384x14x14,1.757498
115,0,imagen.jpeg,88,activacion,1x384x14x14,0.666713
115,0,imagen.jpeg,89,depthwise_conv,1x384x14x14,7.053992
115,0,imagen.jpeg,90,batchnorm,1x384x14x14,1.737658
115,0,imagen.jpeg,91,activacion,1x384x14x14,0.655072
115,0,imagen.jpeg,92,pointwise_conv,1x384x14x14,46.054287
115,0,imagen.jpeg,93,batchnorm,1x96x14x14,0.433502
115,0,imagen.jpeg,94,pointwise_conv,1x96x14x14,55.389729
115,0,imagen.jpeg,95,batchnorm,1x576x14x14,2.657802
115,0,imagen.jpeg,96,activacion,1x576x14x14,0.970734
115,0,imagen.jpeg,97,depthwise_conv,1x576x14x14,10.598518
115,0,imagen.jpeg,98,batchnorm,1x576x14x14,2.621822
115,0,imagen.jpeg,99,activacion,1x576x14x14,1.031035
115,0,imagen.jpeg,100,pointwise_conv,1x576x14x14,97.415248
115,0,imagen.jpeg,101,batchnorm,1x96x14x14,0.435442
115,0,imagen.jpeg,102,layer_add,1x96x14x14,0.204791
115,0,imagen.jpeg,103,pointwise_conv,1x96x14x14,55.52163
115,0,imagen.jpeg,104,batchnorm,1x576x14x14,2.635772
115,0,imagen.jpeg,105,activacion,1x576x14x14,0.986824
115,0,imagen.jpeg,106,depthwise_conv,1x576x14x14,10.596037
115,0,imagen.jpeg,107,batchnorm,1x576x14x14,2.762072
115,0,imagen.jpeg,108,activacion,1x576x14x14,0.944224
115,0,imagen.jpeg,109,pointwise_conv,1x576x14x14,97.405888
115,0,imagen.jpeg,110,batchnorm,1x96x14x14,0.435632
115,0,imagen.jpeg,111,layer_add,1x96x14x14,0.205511
115,0,imagen.jpeg,112,pointwise_conv,1x96x14x14,55.337669
115,0,imagen.jpeg,113,batchnorm,1x576x14x14,2.671572
115,0,imagen.jpeg,114,activacion,1x576x14x14,0.976024
115,0,imagen.jpeg,115,depthwise_conv,1x576x14x14,2.805983
115,0,imagen.jpeg,116,batchnorm,1x576x7x7,0.662623
115,0,imagen.jpeg,117,activacion,1x576x7x7,0.203031
115,0,imagen.jpeg,118,pointwise_conv,1x576x7x7,42.863722
115,0,imagen.jpeg,119,batchnorm,1x160x7x7,0.18435
115,0,imagen.jpeg,120,pointwise_conv,1x160x7x7,31.503501
115,0,imagen.jpeg,121,batchnorm,1x960x7x7,1.115195
115,0,imagen.jpeg,122,activacion,1x960x7x7,0.401612
115,0,imagen.jpeg,123,depthwise_conv,1x960x7x7,4.606881
115,0,imagen.jpeg,124,batchnorm,1x960x7x7,1.096445
115,0,imagen.jpeg,125,activacion,1x960x7x7,0.404482
115,0,imagen.jpeg,126,pointwise_conv,1x960x7x7,90.769548
115,0,imagen.jpeg,127,batchnorm,1x160x7x7,0.18428
115,0,imagen.jpeg,128,layer_add,1x160x7x7,0.082711
115,0,imagen.jpeg,129,pointwise_conv,1x160x7x7,31.513791
115,0,imagen.jpeg,130,batchnorm,1x960x7x7,1.115165
115,0,imagen.jpeg,131,activacion,1x960x7x7,0.419202
115,0,imagen.jpeg,132,depthwise_conv,1x960x7x7,4.60107
115,0,imagen.jpeg,133,batchnorm,1x960x7x7,1.095935
115,0,imagen.jpeg,134,activacion,1x960x7x7,0.397672
115,0,imagen.jpeg,135,pointwise_conv,1x960x7x7,90.806048
115,0,imagen.jpeg,136,batchnorm,1x160x7x7,0.18797
115,0,imagen.jpeg,137,layer_add,1x160x7x7,0.086741
115,0,imagen.jpeg,138,pointwise_conv,1x160x7x7,31.602312
115,0,imagen.jpeg,139,batchnorm,1x960x7x7,1.137305
115,0,imagen.jpeg,140,activacion,1x960x7x7,0.392971
115,0,imagen.jpeg,141,depthwise_conv,1x960x7x7,4.617931
115,0,imagen.jpeg,142,batchnorm,1x960x7x7,1.095485
115,0,imagen.jpeg,143,activacion,1x960x7x7,0.316251
115,0,imagen.jpeg,144,pointwise_conv,1x960x7x7,181.528436
115,0,imagen.jpeg,145,batchnorm,1x320x7x7,0.374392
115,0,imagen.jpeg,146,pointwise_conv,1x320x7x7,108.489088
115,0,imagen.jpeg,147,batchnorm,1x1280x7x7,1.568977
115,0,imagen.jpeg,148,activacion,1x1280x7x7,0.539402
115,0,imagen.jpeg,149,pooling,1x1280x7x7,0.264261
115,0,imagen.jpeg,150,linear,1x1280,5.107093
116,0,imagen.jpeg,0,conv2d,1x3x224x224,115.249979
116,0,imagen.jpeg,1,batchnorm,1x32x112x112,9.146451
116,0,imagen.jpeg,2,activacion,1x32x112x112,2.800823
116,0,imagen.jpeg,3,depthwise_conv,1x32x112x112,37.192657
116,0,imagen.jpeg,4,batchnorm,1x32x112x112,9.236532
116,0,imagen.jpeg,5,activacion,1x32x112x112,2.800913
116,0,imagen.jpeg,6,pointwise_conv,1x32x112x112,129.285372
116,0,imagen.jpeg,7,batchnorm,1x16x112x112,4.587821
116,0,imagen.jpeg,8,pointwise_conv,1x16x112x112,171.334442
116,0,imagen.jpeg,9,batchnorm,1x96x112x112,27.688644
116,0,imagen.jpeg,10,activacion,1x96x112x112,9.349822
116,0,imagen.jpeg,11,depthwise_conv,1x96x112x112,29.123211
116,0,imagen.jpeg,12,batchnorm,1x96x56x56,6.876701
116,0,imagen.jpeg,13,activacion,1x96x56x56,2.474971
116,0,imagen.jpeg,14,pointwise_conv,1x96x56x56,96.512605
116,0,imagen.jpeg,15,batchnorm,1x24x56x56,1.708218
116,0,imagen.jpeg,16,pointwise_conv,1x24x56x56,88.316268
116,0,imagen.jpeg,17,batchnorm,1x144x56x56,10.448857
116,0,imagen.jpeg,18,activacion,1x144x56x56,3.525876
116,0,imagen.jpeg,19,depthwise_conv,1x144x56x56,41.933559
116,0,imagen.jpeg,20,batchnorm,1x144x56x56,10.348867
116,0,imagen.jpeg,21,activacion,1x144x56x56,3.920337
116,0,imagen.jpeg,22,pointwise_conv,1x144x56x56,199.195889
116,0,imagen.jpeg,23,batchnorm,1x24x56x56,1.711838
116,0,imagen.jpeg,24,layer_add,1x24x56x56,0.765203
116,0,imagen.jpeg,25,pointwise_conv,1x24x56x56,87.720007
116,0,imagen.jpeg,26,batchnorm,1x144x56x56,10.449708
116,0,imagen.jpeg,27,activacion,1x144x56x56,3.860928
116,0,imagen.jpeg,28,depthwise_conv,1x144x56x56,10.644878
116,0,imagen.jpeg,29,batchnorm,1x144x28x28,2.609972
116,0,imagen.jpeg,30,activacion,1x144x28x28,1.028504
116,0,imagen.jpeg,31,pointwise_conv,1x144x28x28,25.715996
116,0,imagen.jpeg,32,batchnorm,1x32x28x28,0.583743
116,0,imagen.jpeg,33,pointwise_conv,1x32x28x28,34.573007
116,0,imagen.jpeg,34,batchnorm,1x192x28x28,3.461626
116,0,imagen.jpeg,35,activacion,1x192x28x28,1.146135
116,0,imagen.jpeg,36,depthwise_conv,1x192x28x28,13.980644
116,0,imagen.jpeg,37,batchnorm,1x192x28x28,3.438046
116,0,imagen.jpeg,38,activacion,1x192x28x28,1.420926
116,0,imagen.jpeg,39,pointwise_conv,1x192x28x28,34.031154
116,0,imagen.jpeg,40,batchnorm,1x32x28x28,0.571323
116,0,imagen.jpeg,41,layer_add,1x32x28x28,0.306571
116,0,imagen.jpeg,42,pointwise_conv,1x32x28x28,34.526066
116,0,imagen.jpeg,43,batchnorm,1x192x28x28,3.518826
116,0,imagen.jpeg,44,activacion,1x192x28x28,1.210675
116,0,imagen.jpeg,45,depthwise_conv,1x192x28x28,13.977704
116,0,imagen.jpeg,46,batchnorm,1x192x28x28,3.512326
116,0,imagen.jpeg,47,activacion,1x192x28x28,1.339906
116,0,imagen.jpeg,48,pointwise_conv,1x192x28x28,34.148815
116,0,imagen.jpeg,49,batchnorm,1x32x28x28,0.573592
116,0,imagen.jpeg,50,layer_add,1x32x28x28,0.271032
116,0,imagen.jpeg,51,pointwise_conv,1x32x28x28,34.488086
116,0,imagen.jpeg,52,batchnorm,1x192x28x28,3.466476
116,0,imagen.jpeg,53,activacion,1x192x28x28,1.252246
116,0,imagen.jpeg,54,depthwise_conv,1x192x28x28,3.630946
116,0,imagen.jpeg,55,batchnorm,1x192x14x14,0.875184
116,0,imagen.jpeg,56,activacion,1x192x14x14,0.277561
116,0,imagen.jpeg,57,pointwise_conv,1x192x14x14,12.624217
116,0,imagen.jpeg,58,batchnorm,1x64x14x14,0.289022
116,0,imagen.jpeg,59,pointwise_conv,1x64x14x14,24.2872
116,0,imagen.jpeg,60,batchnorm,1x384x14x14,1.762478
116,0,imagen.jpeg,61,activacion,1x384x14x14,0.562342
116,0,imagen.jpeg,62,depthwise_conv,1x384x14x14,7.068372
116,0,imagen.jpeg,63,batchnorm,1x384x14x14,1.734158
116,0,imagen.jpeg,64,activacion,1x384x14x14,0.706843
116,0,imagen.jpeg,65,pointwise_conv,1x384x14x14,30.715229
116,0,imagen.jpeg,66,batchnorm,1x64x14x14,0.306421
116,0,imagen.jpeg,67,layer_add,1x64x14x14,0.138611
116,0,imagen.jpeg,68,pointwise_conv,1x64x14x14,24.32976
116,0,imagen.jpeg,69,batchnorm,1x384x14x14,1.752548
116,0,imagen.jpeg,70,activacion,1x384x14x14,0.615292
116,0,imagen.jpeg,71,depthwise_conv,1x384x14x14,7.078832
116,0,imagen.jpeg,72,batchnorm,1x384x14x14,1.751918
116,0,imagen.jpeg,73,activacion,1x384x14x14,0.675154
116,0,imagen.jpeg,74,pointwise_conv,1x384x14x14,30.737259
116,0,imagen.jpeg,75,batchnorm,1x64x14x14,0.289771
116,0,imagen.jpeg,76,layer_add,1x64x14x14,0.13958
116,0,imagen.jpeg,77,pointwise_conv,1x64x14x14,24.34091
116,0,imagen.jpeg,78,batchnorm,1x384x14x14,1.784208
116,0,imagen.jpeg,79,activacion,1x384x14x14,0.644513
116,0,imagen.jpeg,80,depthwise_conv,1x384x14x14,7.071182
116,0,imagen.jpeg,81,batchnorm,1x384x14x14,1.739268
116,0,imagen.jpeg,82,activacion,1x384x14x14,0.662953
116,0,imagen.jpeg,83,pointwise_conv,1x384x14x14,30.78268
116,0,imagen.jpeg,84,batchnorm,1x64x14x14,0.288192
116,0,imagen.jpeg,85,layer_add,1x64x14x14,0.137781
116,0,imagen.jpeg,86,pointwise_conv,1x64x14x14,24.29969
116,0,imagen.jpeg,87,batchnorm,1x384x14x14,1.744328
116,0,imagen.jpeg,88,activacion,1x384x14x14,0.627173
116,0,imagen.jpeg,89,depthwise_conv,1x384x14x14,7.091662
116,0,imagen.jpeg,90,batchnorm,1x384x14x14,1.759038
116,0,imagen.jpeg,91,activacion,1x384x14x14,0.640833
116,0,imagen.jpeg,92,pointwise_conv,1x384x14x14,46.050899
116,0,imagen.jpeg,93,batchnorm,1x96x14x14,0.448623
116,0,imagen.jpeg,94,pointwise_conv,1x96x14x14,55.37174
116,0,imagen.jpeg,95,batchnorm,1x576x14x14,2.623352
116,0,imagen.jpeg,96,activacion,1x576x14x14,1.025274
116,0,imagen.jpeg,97,depthwise_conv,1x576x14x14,10.599617
116,0,imagen.jpeg,98,batchnorm,1x576x14x14,2.647222
116,0,imagen.jpeg,99,activacion,1x576x14x14,0.976884
116,0,imagen.jpeg,100,pointwise_conv,1x576x14x14,97.545571
116,0,imagen.jpeg,101,batchnorm,1x96x14x14,0.437412
116,0,imagen.jpeg,102,layer_add,1x96x14x14,0.20727
116,0,imagen.jpeg,103,pointwise_conv,1x96x14x14,55.541421
116,0,imagen.jpeg,104,batchnorm,1x576x14x14,2.653202
116,0,imagen.jpeg,105,activacion,1x576x14x14,0.983564
116,0,imagen.jpeg,106,depthwise_conv,1x576x14x14,10.602098
116,0,imagen.jpeg,107,batchnorm,1x576x14x14,2.648512
116,0,imagen.jpeg,108,activacion,1x576x14x14,0.945554
116,0,imagen.jpeg,109,pointwise_conv,1x576x14x14,97.435862
116,0,imagen.jpeg,110,batchnorm,1x96x14x14,0.458052
116,0,imagen.jpeg,111,layer_add,1x96x14x14,0.204731
116,0,imagen.jpeg,112,pointwise_conv,1x96x14x14,55.320371
116,0,imagen.jpeg,113,batchnorm,1x576x14x14,2.635452
116,0,imagen.jpeg,114,activacion,1x576x14x14,1.048514
116,0,imagen.jpeg,115,depthwise_conv,1x576x14x14,2.773412
116,0,imagen.jpeg,116,batchnorm,1x576x7x7,0.689723
116,0,imagen.jpeg,117,activacion,1x576x7x7,0.203591
116,0,imagen.jpeg,118,pointwise_conv,1x576x7x7,42.865244
116,0,imagen.jpeg,119,batchnorm,1x160x7x7,0.183621
116,0,imagen.jpeg,120,pointwise_conv,1x160x7x7,31.495323
116,0,imagen.jpeg,121,batchnorm,1x960x7x7,1.113065
116,0,imagen.jpeg,122,activacion,1x960x7x7,0.400192
116,0,imagen.jpeg,123,depthwise_conv,1x960x7x7,4.633991
116,0,imagen.jpeg,124,batchnorm,1x960x7x7,1.110425
116,0,imagen.jpeg,125,activacion,1x960x7x7,0.403432
116,0,imagen.jpeg,126,pointwise_conv,1x960x7x7,90.825112
116,0,imagen.jpeg,127,batchnorm,1x160x7x7,0.184711
116,0,imagen.jpeg,128,layer_add,1x160x7x7,0.09013
116,0,imagen.jpeg,129,pointwise_conv,1x160x7x7,31.592533
116,0,imagen.jpeg,130,batchnorm,1x960x7x7,1.118125
116,0,imagen.jpeg,131,activacion,1x960x7x7,0.397542
116,0,imagen.jpeg,132,depthwise_conv,1x960x7x7,4.728221
116,0,imagen.jpeg,133,batchnorm,1x960x7x7,1.095165
116,0,imagen.jpeg,134,activacion,1x960x7x7,0.397252
116,0,imagen.jpeg,135,pointwise_conv,1x960x7x7,90.709641
116,0,imagen.jpeg,136,batchnorm,1x160x7x7,0.187501
116,0,imagen.jpeg,137,layer_add,1x160x7x7,0.08971
116,0,imagen.jpeg,138,pointwise_conv,1x160x7x7,31.570703
116,0,imagen.jpeg,139,batchnorm,1x960x7x7,1.117305
116,0,imagen.jpeg,140,activacion,1x960x7x7,0.401792
116,0,imagen.jpeg,141,depthwise_conv,1x960x7x7,4.658721
116,0,imagen.jpeg,142,batchnorm,1x960x7x7,1.095415
116,0,imagen.jpeg,143,activacion,1x960x7x7,0.315741
116,0,imagen.jpeg,144,pointwise_conv,1x960x7x7,181.510153
116,0,imagen.jpeg,145,batchnorm,1x320x7x7,0.374352
116,0,imagen.jpeg,146,pointwise_conv,1x320x7x7,108.444761
116,0,imagen.jpeg,147,batchnorm,1x1280x7x7,1.526567
116,0,imagen.jpeg,148,activacion,1x1280x7x7,0.546032
116,0,imagen.jpeg,149,pooling,1x1280x7x7,0.263511
116,0,imagen.jpeg,150,linear,1x1280,5.115803
117,0,imagen.jpeg,0,conv2d,1x3x224x224,114.82128
117,0,imagen.jpeg,1,batchnorm,1x32x112x112,9.153632
117,0,imagen.jpeg,2,activacion,1x32x112x112,2.799662
117,0,imagen.jpeg,3,depthwise_conv,1x32x112x112,37.093389
117,0,imagen.jpeg,4,batchnorm,1x32x112x112,9.232792
117,0,imagen.jpeg,5,activacion,1x32x112x112,2.842573
117,0,imagen.jpeg,6,pointwise_conv,1x32x112x112,129.332578
117,0,imagen.jpeg,7,batchnorm,1x16x112x112,4.611491
117,0,imagen.jpeg,8,pointwise_conv,1x16x112x112,170.654305
117,0,imagen.jpeg,9,batchnorm,1x96x112x112,27.663535
117,0,imagen.jpeg,10,activacion,1x96x112x112,9.433413
117,0,imagen.jpeg,11,depthwise_conv,1x96x112x112,29.126313
117,0,imagen.jpeg,12,batchnorm,1x96x56x56,6.874621
117,0,imagen.jpeg,13,activacion,1x96x56x56,2.510921
117,0,imagen.jpeg,14,pointwise_conv,1x96x56x56,102.056623
117,0,imagen.jpeg,15,batchnorm,1x24x56x56,1.712528
117,0,imagen.jpeg,16,pointwise_conv,1x24x56x56,88.343982
117,0,imagen.jpeg,17,batchnorm,1x144x56x56,10.449828
117,0,imagen.jpeg,18,activacion,1x144x56x56,3.524616
117,0,imagen.jpeg,19,depthwise_conv,1x144x56x56,41.8897
117,0,imagen.jpeg,20,batchnorm,1x144x56x56,10.295796
117,0,imagen.jpeg,21,activacion,1x144x56x56,3.970198
117,0,imagen.jpeg,22,pointwise_conv,1x144x56x56,199.491306
117,0,imagen.jpeg,23,batchnorm,1x24x56x56,1.750087
117,0,imagen.jpeg,24,layer_add,1x24x56x56,0.785963
117,0,imagen.jpeg,25,pointwise_conv,1x24x56x56,87.735639
117,0,imagen.jpeg,26,batchnorm,1x144x56x56,10.426398
117,0,imagen.jpeg,27,activacion,1x144x56x56,3.862818
117,0,imagen.jpeg,28,depthwise_conv,1x144x56x56,10.645788
117,0,imagen.jpeg,29,batchnorm,1x144x28x28,2.578401
117,0,imagen.jpeg,30,activacion,1x144x28x28,0.923444
117,0,imagen.jpeg,31,pointwise_conv,1x144x28x28,25.577837
117,0,imagen.jpeg,32,batchnorm,1x32x28x28,0.569242
117,0,imagen.jpeg,33,pointwise_conv,1x32x28x28,34.610637
117,0,imagen.jpeg,34,batchnorm,1x192x28x28,3.456546
117,0,imagen.jpeg,35,activacion,1x192x28x28,1.115495
117,0,imagen.jpeg,36,depthwise_conv,1x192x28x28,13.985444
117,0,imagen.jpeg,37,batchnorm,1x192x28x28,3.440035
117,0,imagen.jpeg,38,activacion,1x192x28x28,1.381887
117,0,imagen.jpeg,39,pointwise_conv,1x192x28x28,34.121065
117,0,imagen.jpeg,40,batchnorm,1x32x28x28,0.572852
117,0,imagen.jpeg,41,layer_add,1x32x28x28,0.274611
117,0,imagen.jpeg,42,pointwise_conv,1x32x28x28,34.612438
117,0,imagen.jpeg,43,batchnorm,1x192x28x28,3.466446
117,0,imagen.jpeg,44,activacion,1x192x28x28,1.178675
117,0,imagen.jpeg,45,depthwise_conv,1x192x28x28,14.139225
117,0,imagen.jpeg,46,batchnorm,1x192x28x28,3.451486
117,0,imagen.jpeg,47,activacion,1x192x28x28,1.337176
117,0,imagen.jpeg,48,pointwise_conv,1x192x28x28,34.149476
117,0,imagen.jpeg,49,batchnorm,1x32x28x28,0.573592
117,0,imagen.jpeg,50,layer_add,1x32x28x28,0.276962
117,0,imagen.jpeg,51,pointwise_conv,1x32x28x28,34.560857
117,0,imagen.jpeg,52,batchnorm,1x192x28x28,3.469596
117,0,imagen.jpeg,53,activacion,1x192x28x28,1.255296
117,0,imagen.jpeg,54,depthwise_conv,1x192x28x28,3.645816
117,0,imagen.jpeg,55,batchnorm,1x192x14x14,0.891924
117,0,imagen.jpeg,56,activacion,1x192x14x14,0.277302
117,0,imagen.jpeg,57,pointwise_conv,1x192x14x14,12.599017
117,0,imagen.jpeg,58,batchnorm,1x64x14x14,0.288162
117,0,imagen.jpeg,59,pointwise_conv,1x64x14x14,24.376751
117,0,imagen.jpeg,60,batchnorm,1x384x14x14,1.770458
117,0,imagen.jpeg,61,activacion,1x384x14x14,0.559313
117,0,imagen.jpeg,62,depthwise_conv,1x384x14x14,7.064182
117,0,imagen.jpeg,63,batchnorm,1x384x14x14,1.735548
117,0,imagen.jpeg,64,activacion,1x384x14x14,0.688453
117,0,imagen.jpeg,65,pointwise_conv,1x384x14x14,30.69737
117,0,imagen.jpeg,66,batchnorm,1x64x14x14,0.290911
117,0,imagen.jpeg,67,layer_add,1x64x14x14,0.14142
117,0,imagen.jpeg,68,pointwise_conv,1x64x14x14,24.378691
117,0,imagen.jpeg,69,batchnorm,1x384x14x14,1.759838
117,0,imagen.jpeg,70,activacion,1x384x14x14,0.617213
117,0,imagen.jpeg,71,depthwise_conv,1x384x14x14,7.077242
117,0,imagen.jpeg,72,batchnorm,1x384x14x14,1.756458
117,0,imagen.jpeg,73,activacion,1x384x14x14,0.663513
117,0,imagen.jpeg,74,pointwise_conv,1x384x14x14,30.72273
117,0,imagen.jpeg,75,batchnorm,1x64x14x14,0.288301
117,0,imagen.jpeg,76,layer_add,1x64x14x14,0.139081
117,0,imagen.jpeg,77,pointwise_conv,1x64x14x14,24.30074
117,0,imagen.jpeg,78,batchnorm,1x384x14x14,1.772868
117,0,imagen.jpeg,79,activacion,1x384x14x14,0.649683
117,0,imagen.jpeg,80,depthwise_conv,1x384x14x14,7.054852
117,0,imagen.jpeg,81,batchnorm,1x384x14x14,1.735938
117,0,imagen.jpeg,82,activacion,1x384x14x14,0.659313
117,0,imagen.jpeg,83,pointwise_conv,1x384x14x14,30.80234
117,0,imagen.jpeg,84,batchnorm,1x64x14x14,0.289062
117,0,imagen.jpeg,85,layer_add,1x64x14x14,0.14031
117,0,imagen.jpeg,86,pointwise_conv,1x64x14x14,24.291041
117,0,imagen.jpeg,87,batchnorm,1x384x14x14,1.772388
117,0,imagen.jpeg,88,activacion,1x384x14x14,0.628673
117,0,imagen.jpeg,89,depthwise_conv,1x384x14x14,7.073002
117,0,imagen.jpeg,90,batchnorm,1x384x14x14,1.732968
117,0,imagen.jpeg,91,activacion,1x384x14x14,0.682353
117,0,imagen.jpeg,92,pointwise_conv,1x384x14x14,46.11448
117,0,imagen.jpeg,93,batchnorm,1x96x14x14,0.433702
117,0,imagen.jpeg,94,pointwise_conv,1x96x14x14,55.376073
117,0,imagen.jpeg,95,batchnorm,1x576x14x14,2.655852
117,0,imagen.jpeg,96,activacion,1x576x14x14,0.972334
117,0,imagen.jpeg,97,depthwise_conv,1x576x14x14,10.617468
117,0,imagen.jpeg,98,batchnorm,1x576x14x14,2.645452
117,0,imagen.jpeg,99,activacion,1x576x14x14,0.968214
117,0,imagen.jpeg,100,pointwise_conv,1x576x14x14,97.452294
117,0,imagen.jpeg,101,batchnorm,1x96x14x14,0.435472
117,0,imagen.jpeg,102,layer_add,1x96x14x14,0.206201
117,0,imagen.jpeg,103,pointwise_conv,1x96x14x14,55.547283
117,0,imagen.jpeg,104,batchnorm,1x576x14x14,2.658512
117,0,imagen.jpeg,105,activacion,1x576x14x14,0.982645
117,0,imagen.jpeg,106,depthwise_conv,1x576x14x14,10.618458
117,0,imagen.jpeg,107,batchnorm,1x576x14x14,2.618382
117,0,imagen.jpeg,108,activacion,1x576x14x14,0.976844
117,0,imagen.jpeg,109,pointwise_conv,1x576x14x14,97.534764
117,0,imagen.jpeg,110,batchnorm,1x96x14x14,0.436822
117,0,imagen.jpeg,111,layer_add,1x96x14x14,0.232281
117,0,imagen.jpeg,112,pointwise_conv,1x96x14x14,55.293713
117,0,imagen.jpeg,113,batchnorm,1x576x14x14,2.636292
117,0,imagen.jpeg,114,activacion,1x576x14x14,1.012654
117,0,imagen.jpeg,115,depthwise_conv,1x576x14x14,2.776182
117,0,imagen.jpeg,116,batchnorm,1x576x7x7,0.693483
117,0,imagen.jpeg,117,activacion,1x576x7x7,0.204601
117,0,imagen.jpeg,118,pointwise_conv,1x576x7x7,42.695225
117,0,imagen.jpeg,119,batchnorm,1x160x7x7,0.184141
117,0,imagen.jpeg,120,pointwise_conv,1x160x7x7,31.502584
117,0,imagen.jpeg,121,batchnorm,1x960x7x7,1.115235
117,0,imagen.jpeg,122,activacion,1x960x7x7,0.391082
117,0,imagen.jpeg,123,depthwise_conv,1x960x7x7,4.619311
117,0,imagen.jpeg,124,batchnorm,1x960x7x7,1.111545
117,0,imagen.jpeg,125,activacion,1x960x7x7,0.407582
117,0,imagen.jpeg,126,pointwise_conv,1x960x7x7,90.647913
117,0,imagen.jpeg,127,batchnorm,1x160x7x7,0.186501
117,0,imagen.jpeg,128,layer_add,1x160x7x7,0.08265
117,0,imagen.jpeg,129,pointwise_conv,1x160x7x7,31.701415
117,0,imagen.jpeg,130,batchnorm,1x960x7x7,1.118245
117,0,imagen.jpeg,131,activacion,1x960x7x7,0.396302
117,0,imagen.jpeg,132,depthwise_conv,1x960x7x7,4.618021
117,0,imagen.jpeg,133,batchnorm,1x960x7x7,1.110606
117,0,imagen.jpeg,134,activacion,1x960x7x7,0.398322
117,0,imagen.jpeg,135,pointwise_conv,1x960x7x7,90.766354
117,0,imagen.jpeg,136,batchnorm,1x160x7x7,0.1855
117,0,imagen.jpeg,137,layer_add,1x160x7x7,0.085951
117,0,imagen.jpeg,138,pointwise_conv,1x160x7x7,31.495374
117,0,imagen.jpeg,139,batchnorm,1x960x7x7,1.114105
117,0,imagen.jpeg,140,activacion,1x960x7x7,0.394032
117,0,imagen.jpeg,141,depthwise_conv,1x960x7x7,4.628931
117,0,imagen.jpeg,142,batchnorm,1x960x7x7,1.096355
117,0,imagen.jpeg,143,activacion,1x960x7x7,0.320132
117,0,imagen.jpeg,144,pointwise_conv,1x960x7x7,181.593659
117,0,imagen.jpeg,145,batchnorm,1x320x7x7,0.373132
117,0,imagen.jpeg,146,pointwise_conv,1x320x7x7,108.495606
117,0,imagen.jpeg,147,batchnorm,1x1280x7x7,1.499997
117,0,imagen.jpeg,148,activacion,1x1280x7x7,0.565153
117,0,imagen.jpeg,149,pooling,1x1280x7x7,0.265121
117,0,imagen.jpeg,150,linear,1x1280,5.086543
118,0,imagen.jpeg,0,conv2d,1x3x224x224,114.990515
118,0,imagen.jpeg,1,batchnorm,1x32x112x112,9.165701
118,0,imagen.jpeg,2,activacion,1x32x112x112,2.804073
118,0,imagen.jpeg,3,depthwise_conv,1x32x112x112,37.15585
118,0,imagen.jpeg,4,batchnorm,1x32x112x112,9.218032
118,0,imagen.jpeg,5,activacion,1x32x112x112,2.838023
118,0,imagen.jpeg,6,pointwise_conv,1x32x112x112,129.592702
118,0,imagen.jpeg,7,batchnorm,1x16x112x112,4.601491
118,0,imagen.jpeg,8,pointwise_conv,1x16x112x112,177.960165
118,0,imagen.jpeg,9,batchnorm,1x96x112x112,27.766607
118,0,imagen.jpeg,10,activacion,1x96x112x112,9.364223
118,0,imagen.jpeg,11,depthwise_conv,1x96x112x112,29.167193
118,0,imagen.jpeg,12,batchnorm,1x96x56x56,6.871001
118,0,imagen.jpeg,13,activacion,1x96x56x56,2.506141
118,0,imagen.jpeg,14,pointwise_conv,1x96x56x56,94.953584
118,0,imagen.jpeg,15,batchnorm,1x24x56x56,1.710908
118,0,imagen.jpeg,16,pointwise_conv,1x24x56x56,88.288404
118,0,imagen.jpeg,17,batchnorm,1x144x56x56,10.516538
118,0,imagen.jpeg,18,activacion,1x144x56x56,3.559997
118,0,imagen.jpeg,19,depthwise_conv,1x144x56x56,41.826871
118,0,imagen.jpeg,20,batchnorm,1x144x56x56,10.297347
118,0,imagen.jpeg,21,activacion,1x144x56x56,3.951828
118,0,imagen.jpeg,22,pointwise_conv,1x144x56x56,199.335393
118,0,imagen.jpeg,23,batchnorm,1x24x56x56,1.765398
118,0,imagen.jpeg,24,layer_add,1x24x56x56,0.791313
118,0,imagen.jpeg,25,pointwise_conv,1x24x56x56,87.712521
118,0,imagen.jpeg,26,batchnorm,1x144x56x56,10.450678
118,0,imagen.jpeg,27,activacion,1x144x56x56,3.890068
118,0,imagen.jpeg,28,depthwise_conv,1x144x56x56,10.643579
118,0,imagen.jpeg,29,batchnorm,1x144x28x28,2.579512
118,0,imagen.jpeg,30,activacion,1x144x28x28,0.918154
118,0,imagen.jpeg,31,pointwise_conv,1x144x28x28,25.650477
118,0,imagen.jpeg,32,batchnorm,1x32x28x28,0.569673
118,0,imagen.jpeg,33,pointwise_conv,1x32x28x28,34.537498
118,0,imagen.jpeg,34,batchnorm,1x192x28x28,3.464136
118,0,imagen.jpeg,35,activacion,1x192x28x28,1.117865
118,0,imagen.jpeg,36,depthwise_conv,1x192x28x28,13.989624
118,0,imagen.jpeg,37,batchnorm,1x192x28x28,3.436536
118,0,imagen.jpeg,38,activacion,1x192x28x28,1.384656
118,0,imagen.jpeg,39,pointwise_conv,1x192x28x28,34.152717
118,0,imagen.jpeg,40,batchnorm,1x32x28x28,0.580113
118,0,imagen.jpeg,41,layer_add,1x32x28x28,0.271952
118,0,imagen.jpeg,42,pointwise_conv,1x32x28x28,34.622149
118,0,imagen.jpeg,43,batchnorm,1x192x28x28,3.463576
118,0,imagen.jpeg,44,activacion,1x192x28x28,1.181346
118,0,imagen.jpeg,45,depthwise_conv,1x192x28x28,13.993544
118,0,imagen.jpeg,46,batchnorm,1x192x28x28,3.443796
118,0,imagen.jpeg,47,activacion,1x192x28x28,1.340787
118,0,imagen.jpeg,48,pointwise_conv,1x192x28x28,34.077066
118,0,imagen.jpeg,49,batchnorm,1x32x28x28,0.574543
118,0,imagen.jpeg,50,layer_add,1x32x28x28,0.275421
118,0,imagen.jpeg,51,pointwise_conv,1x32x28x28,34.567519
118,0,imagen.jpeg,52,batchnorm,1x192x28x28,3.464346
118,0,imagen.jpeg,53,activacion,1x192x28x28,1.254395
118,0,imagen.jpeg,54,depthwise_conv,1x192x28x28,3.665586
118,0,imagen.jpeg,55,batchnorm,1x192x14x14,0.891774
118,0,imagen.jpeg,56,activacion,1x192x14x14,0.276701
118,0,imagen.jpeg,57,pointwise_conv,1x192x14x14,12.607528
118,0,imagen.jpeg,58,batchnorm,1x64x14x14,0.287971
118,0,imagen.jpeg,59,pointwise_conv,1x64x14x14,24.300742
118,0,imagen.jpeg,60,batchnorm,1x384x14x14,1.774678
118,0,imagen.jpeg,61,activacion,1x384x14x14,0.557682
118,0,imagen.jpeg,62,depthwise_conv,1x384x14x14,7.063103
118,0,imagen.jpeg,63,batchnorm,1x384x14x14,1.730748
118,0,imagen.jpeg,64,activacion,1x384x14x14,0.688593
118,0,imagen.jpeg,65,pointwise_conv,1x384x14x14,30.836161
118,0,imagen.jpeg,66,batchnorm,1x64x14x14,0.288301
118,0,imagen.jpeg,67,layer_add,1x64x14x14,0.135971
118,0,imagen.jpeg,68,pointwise_conv,1x64x14x14,24.390062
118,0,imagen.jpeg,69,batchnorm,1x384x14x14,1.749908
118,0,imagen.jpeg,70,activacion,1x384x14x14,0.614343
118,0,imagen.jpeg,71,depthwise_conv,1x384x14x14,7.074243
118,0,imagen.jpeg,72,batchnorm,1x384x14x14,1.756448
118,0,imagen.jpeg,73,activacion,1x384x14x14,0.678433
118,0,imagen.jpeg,74,pointwise_conv,1x384x14x14,30.702721
118,0,imagen.jpeg,75,batchnorm,1x64x14x14,0.289462
118,0,imagen.jpeg,76,layer_add,1x64x14x14,0.1407
118,0,imagen.jpeg,77,pointwise_conv,1x64x14x14,24.340252
118,0,imagen.jpeg,78,batchnorm,1x384x14x14,1.767848
118,0,imagen.jpeg,79,activacion,1x384x14x14,0.647463
118,0,imagen.jpeg,80,depthwise_conv,1x384x14x14,7.068733
118,0,imagen.jpeg,81,batchnorm,1x384x14x14,1.732928
118,0,imagen.jpeg,82,activacion,1x384x14x14,0.685593
118,0,imagen.jpeg,83,pointwise_conv,1x384x14x14,30.721481
118,0,imagen.jpeg,84,batchnorm,1x64x14x14,0.288472
118,0,imagen.jpeg,85,layer_add,1x64x14x14,0.137161
118,0,imagen.jpeg,86,pointwise_conv,1x64x14x14,24.292282
118,0,imagen.jpeg,87,batchnorm,1x384x14x14,1.762328
118,0,imagen.jpeg,88,activacion,1x384x14x14,0.631223
118,0,imagen.jpeg,89,depthwise_conv,1x384x14x14,7.064342
118,0,imagen.jpeg,90,batchnorm,1x384x14x14,1.731308
118,0,imagen.jpeg,91,activacion,1x384x14x14,0.689884
118,0,imagen.jpeg,92,pointwise_conv,1x384x14x14,46.163401
118,0,imagen.jpeg,93,batchnorm,1x96x14x14,0.436162
118,0,imagen.jpeg,94,pointwise_conv,1x96x14x14,55.312434
118,0,imagen.jpeg,95,batchnorm,1x576x14x14,2.652582
118,0,imagen.jpeg,96,activacion,1x576x14x14,0.973715
118,0,imagen.jpeg,97,depthwise_conv,1x576x14x14,10.627249
118,0,imagen.jpeg,98,batchnorm,1x576x14x14,2.647212
118,0,imagen.jpeg,99,activacion,1x576x14x14,0.964784
118,0,imagen.jpeg,100,pointwise_conv,1x576x14x14,97.405967
118,0,imagen.jpeg,101,batchnorm,1x96x14x14,0.435512
118,0,imagen.jpeg,102,layer_add,1x96x14x14,0.203911
118,0,imagen.jpeg,103,pointwise_conv,1x96x14x14,55.563545
118,0,imagen.jpeg,104,batchnorm,1x576x14x14,2.666012
118,0,imagen.jpeg,105,activacion,1x576x14x14,0.989864
118,0,imagen.jpeg,106,depthwise_conv,1x576x14x14,10.610468
118,0,imagen.jpeg,107,batchnorm,1x576x14x14,2.617812
118,0,imagen.jpeg,108,activacion,1x576x14x14,1.000784
118,0,imagen.jpeg,109,pointwise_conv,1x576x14x14,97.392597
118,0,imagen.jpeg,110,batchnorm,1x96x14x14,0.437192
118,0,imagen.jpeg,111,layer_add,1x96x14x14,0.207371
118,0,imagen.jpeg,112,pointwise_conv,1x96x14x14,55.352624
118,0,imagen.jpeg,113,batchnorm,1x576x14x14,2.648982
118,0,imagen.jpeg,114,activacion,1x576x14x14,0.975344
118,0,imagen.jpeg,115,depthwise_conv,1x576x14x14,2.769443
118,0,imagen.jpeg,116,batchnorm,1x576x7x7,0.660943
118,0,imagen.jpeg,117,activacion,1x576x7x7,0.238541
118,0,imagen.jpeg,118,pointwise_conv,1x576x7x7,42.797826
118,0,imagen.jpeg,119,batchnorm,1x160x7x7,0.185091
118,0,imagen.jpeg,120,pointwise_conv,1x160x7x7,31.500244
118,0,imagen.jpeg,121,batchnorm,1x960x7x7,1.119255
118,0,imagen.jpeg,122,activacion,1x960x7x7,0.392472
118,0,imagen.jpeg,123,depthwise_conv,1x960x7x7,4.672032
118,0,imagen.jpeg,124,batchnorm,1x960x7x7,1.118125
118,0,imagen.jpeg,125,activacion,1x960x7x7,0.406012
118,0,imagen.jpeg,126,pointwise_conv,1x960x7x7,90.549336
118,0,imagen.jpeg,127,batchnorm,1x160x7x7,0.18498
118,0,imagen.jpeg,128,layer_add,1x160x7x7,0.090071
118,0,imagen.jpeg,129,pointwise_conv,1x160x7x7,31.634415
118,0,imagen.jpeg,130,batchnorm,1x960x7x7,1.117045
118,0,imagen.jpeg,131,activacion,1x960x7x7,0.406662
118,0,imagen.jpeg,132,depthwise_conv,1x960x7x7,4.615031
118,0,imagen.jpeg,133,batchnorm,1x960x7x7,1.110085
118,0,imagen.jpeg,134,activacion,1x960x7x7,0.396692
118,0,imagen.jpeg,135,pointwise_conv,1x960x7x7,90.765158
118,0,imagen.jpeg,136,batchnorm,1x160x7x7,0.186351
118,0,imagen.jpeg,137,layer_add,1x160x7x7,0.08883
118,0,imagen.jpeg,138,pointwise_conv,1x160x7x7,31.503445
118,0,imagen.jpeg,139,batchnorm,1x960x7x7,1.117206
118,0,imagen.jpeg,140,activacion,1x960x7x7,0.391802
118,0,imagen.jpeg,141,depthwise_conv,1x960x7x7,4.644352
118,0,imagen.jpeg,142,batchnorm,1x960x7x7,1.094655
118,0,imagen.jpeg,143,activacion,1x960x7x7,0.315921
118,0,imagen.jpeg,144,pointwise_conv,1x960x7x7,181.638146
118,0,imagen.jpeg,145,batchnorm,1x320x7x7,0.372532
118,0,imagen.jpeg,146,pointwise_conv,1x320x7x7,108.61917
118,0,imagen.jpeg,147,batchnorm,1x1280x7x7,1.524237
118,0,imagen.jpeg,148,activacion,1x1280x7x7,0.539023
118,0,imagen.jpeg,149,pooling,1x1280x7x7,0.270901
118,0,imagen.jpeg,150,linear,1x1280,5.180364
119,0,imagen.jpeg,0,conv2d,1x3x224x224,114.634858
119,0,imagen.jpeg,1,batchnorm,1x32x112x112,9.227613
119,0,imagen.jpeg,2,activacion,1x32x112x112,2.799653
119,0,imagen.jpeg,3,depthwise_conv,1x32x112x112,37.06184
119,0,imagen.jpeg,4,batchnorm,1x32x112x112,9.223572
119,0,imagen.jpeg,5,activacion,1x32x112x112,2.828213
119,0,imagen.jpeg,6,pointwise_conv,1x32x112x112,129.175044
119,0,imagen.jpeg,7,batchnorm,1x16x112x112,4.591531
119,0,imagen.jpeg,8,pointwise_conv,1x16x112x112,171.779601
119,0,imagen.jpeg,9,batchnorm,1x96x112x112,27.699758
119,0,imagen.jpeg,10,activacion,1x96x112x112,9.343333
119,0,imagen.jpeg,11,depthwise_conv,1x96x112x112,29.202895
119,0,imagen.jpeg,12,batchnorm,1x96x56x56,6.853931
119,0,imagen.jpeg,13,activacion,1x96x56x56,2.555452
119,0,imagen.jpeg,14,pointwise_conv,1x96x56x56,96.707986
119,0,imagen.jpeg,15,batchnorm,1x24x56x56,1.762088
119,0,imagen.jpeg,16,pointwise_conv,1x24x56x56,88.394058
119,0,imagen.jpeg,17,batchnorm,1x144x56x56,10.474358
119,0,imagen.jpeg,18,activacion,1x144x56x56,3.528256
119,0,imagen.jpeg,19,depthwise_conv,1x144x56x56,41.817453
119,0,imagen.jpeg,20,batchnorm,1x144x56x56,10.305417
119,0,imagen.jpeg,21,activacion,1x144x56x56,3.965358
119,0,imagen.jpeg,22,pointwise_conv,1x144x56x56,199.139248
119,0,imagen.jpeg,23,batchnorm,1x24x56x56,1.764818
119,0,imagen.jpeg,24,layer_add,1x24x56x56,0.775004
119,0,imagen.jpeg,25,pointwise_conv,1x24x56x56,87.781725
119,0,imagen.jpeg,26,batchnorm,1x144x56x56,10.460748
119,0,imagen.jpeg,27,activacion,1x144x56x56,3.901608
119,0,imagen.jpeg,28,depthwise_conv,1x144x56x56,10.622599
119,0,imagen.jpeg,29,batchnorm,1x144x28x28,2.578372
119,0,imagen.jpeg,30,activacion,1x144x28x28,0.892964
119,0,imagen.jpeg,31,pointwise_conv,1x144x28x28,25.694209
119,0,imagen.jpeg,32,batchnorm,1x32x28x28,0.567802
119,0,imagen.jpeg,33,pointwise_conv,1x32x28x28,34.551159
119,0,imagen.jpeg,34,batchnorm,1x192x28x28,3.461776
119,0,imagen.jpeg,35,activacion,1x192x28x28,1.125745
119,0,imagen.jpeg,36,depthwise_conv,1x192x28x28,14.000245
119,0,imagen.jpeg,37,batchnorm,1x192x28x28,3.453606
119,0,imagen.jpeg,38,activacion,1x192x28x28,1.336736
119,0,imagen.jpeg,39,pointwise_conv,1x192x28x28,34.160388
119,0,imagen.jpeg,40,batchnorm,1x32x28x28,0.573193
119,0,imagen.jpeg,41,layer_add,1x32x28x28,0.275521
119,0,imagen.jpeg,42,pointwise_conv,1x32x28x28,34.54875
119,0,imagen.jpeg,43,batchnorm,1x192x28x28,3.468916
119,0,imagen.jpeg,44,activacion,1x192x28x28,1.181306
119,0,imagen.jpeg,45,depthwise_conv,1x192x28x28,14.009014
119,0,imagen.jpeg,46,batchnorm,1x192x28x28,3.454756
119,0,imagen.jpeg,47,activacion,1x192x28x28,1.338856
119,0,imagen.jpeg,48,pointwise_conv,1x192x28x28,34.272638
119,0,imagen.jpeg,49,batchnorm,1x32x28x28,0.575533
119,0,imagen.jpeg,50,layer_add,1x32x28x28,0.273311
119,0,imagen.jpeg,51,pointwise_conv,1x32x28x28,34.59601
119,0,imagen.jpeg,52,batchnorm,1x192x28x28,3.474446
119,0,imagen.jpeg,53,activacion,1x192x28x28,1.254645
119,0,imagen.jpeg,54,depthwise_conv,1x192x28x28,3.638726
119,0,imagen.jpeg,55,batchnorm,1x192x14x14,0.875634
119,0,imagen.jpeg,56,activacion,1x192x14x14,0.277342
119,0,imagen.jpeg,57,pointwise_conv,1x192x14x14,12.602408
119,0,imagen.jpeg,58,batchnorm,1x64x14x14,0.288511
119,0,imagen.jpeg,59,pointwise_conv,1x64x14x14,24.292172
119,0,imagen.jpeg,60,batchnorm,1x384x14x14,1.750898
119,0,imagen.jpeg,61,activacion,1x384x14x14,0.558983
119,0,imagen.jpeg,62,depthwise_conv,1x384x14x14,7.060483
119,0,imagen.jpeg,63,batchnorm,1x384x14x14,1.735718
119,0,imagen.jpeg,64,activacion,1x384x14x14,0.689053
119,0,imagen.jpeg,65,pointwise_conv,1x384x14x14,30.778402
119,0,imagen.jpeg,66,batchnorm,1x64x14x14,0.289081
119,0,imagen.jpeg,67,layer_add,1x64x14x14,0.136491
119,0,imagen.jpeg,68,pointwise_conv,1x64x14x14,24.288152
119,0,imagen.jpeg,69,batchnorm,1x384x14x14,1.759849
119,0,imagen.jpeg,70,activacion,1x384x14x14,0.634893
119,0,imagen.jpeg,71,depthwise_conv,1x384x14x14,7.069623
119,0,imagen.jpeg,72,batchnorm,1x384x14x14,1.734058
119,0,imagen.jpeg,73,activacion,1x384x14x14,0.723033
119,0,imagen.jpeg,74,pointwise_conv,1x384x14x14,30.716562
119,0,imagen.jpeg,75,batchnorm,1x64x14x14,0.288351
119,0,imagen.jpeg,76,layer_add,1x64x14x14,0.143561
119,0,imagen.jpeg,77,pointwise_conv,1x64x14x14,24.344693
119,0,imagen.jpeg,78,batchnorm,1x384x14x14,1.752038
119,0,imagen.jpeg,79,activacion,1x384x14x14,0.647243
119,0,imagen.jpeg,80,depthwise_conv,1x384x14x14,7.048283
119,0,imagen.jpeg,81,batchnorm,1x384x14x14,1.754398
119,0,imagen.jpeg,82,activacion,1x384x14x14,0.665413
119,0,imagen.jpeg,83,pointwise_conv,1x384x14x14,30.737562
119,0,imagen.jpeg,84,batchnorm,1x64x14x14,0.289911
119,0,imagen.jpeg,85,layer_add,1x64x14x14,0.140271
119,0,imagen.jpeg,86,pointwise_conv,1x64x14x14,24.289802
119,0,imagen.jpeg,87,batchnorm,1x384x14x14,1.766448
119,0,imagen.jpeg,88,activacion,1x384x14x14,0.632123
119,0,imagen.jpeg,89,depthwise_conv,1x384x14x14,7.063962
119,0,imagen.jpeg,90,batchnorm,1x384x14x14,1.734608
119,0,imagen.jpeg,91,activacion,1x384x14x14,0.651903
119,0,imagen.jpeg,92,pointwise_conv,1x384x14x14,46.226983
119,0,imagen.jpeg,93,batchnorm,1x96x14x14,0.434532
119,0,imagen.jpeg,94,pointwise_conv,1x96x14x14,55.325915
119,0,imagen.jpeg,95,batchnorm,1x576x14x14,2.652803
119,0,imagen.jpeg,96,activacion,1x576x14x14,0.971414
119,0,imagen.jpeg,97,depthwise_conv,1x576x14x14,10.70808
119,0,imagen.jpeg,98,batchnorm,1x576x14x14,2.649162
119,0,imagen.jpeg,99,activacion,1x576x14x14,1.008075
119,0,imagen.jpeg,100,pointwise_conv,1x576x14x14,97.573991
119,0,imagen.jpeg,101,batchnorm,1x96x14x14,0.439272
119,0,imagen.jpeg,102,layer_add,1x96x14x14,0.20422
119,0,imagen.jpeg,103,pointwise_conv,1x96x14x14,55.480306
119,0,imagen.jpeg,104,batchnorm,1x576x14x14,2.638322
119,0,imagen.jpeg,105,activacion,1x576x14x14,0.983625
119,0,imagen.jpeg,106,depthwise_conv,1x576x14x14,10.594159
119,0,imagen.jpeg,107,batchnorm,1x576x14x14,2.615523
119,0,imagen.jpeg,108,activacion,1x576x14x14,0.990215
119,0,imagen.jpeg,109,pointwise_conv,1x576x14x14,97.437281
119,0,imagen.jpeg,110,batchnorm,1x96x14x14,0.435082
119,0,imagen.jpeg,111,layer_add,1x96x14x14,0.206431
119,0,imagen.jpeg,112,pointwise_conv,1x96x14x14,55.395406
119,0,imagen.jpeg,113,batchnorm,1x576x14x14,2.669713
119,0,imagen.jpeg,114,activacion,1x576x14x14,0.976564
119,0,imagen.jpeg,115,depthwise_conv,1x576x14x14,2.793853
119,0,imagen.jpeg,116,batchnorm,1x576x7x7,0.662143
119,0,imagen.jpeg,117,activacion,1x576x7x7,0.20311
119,0,imagen.jpeg,118,pointwise_conv,1x576x7x7,42.784548
119,0,imagen.jpeg,119,batchnorm,1x160x7x7,0.184131
119,0,imagen.jpeg,120,pointwise_conv,1x160x7x7,31.568006
119,0,imagen.jpeg,121,batchnorm,1x960x7x7,1.131016
119,0,imagen.jpeg,122,activacion,1x960x7x7,0.390442
119,0,imagen.jpeg,123,depthwise_conv,1x960x7x7,4.603592
119,0,imagen.jpeg,124,batchnorm,1x960x7x7,1.094175
119,0,imagen.jpeg,125,activacion,1x960x7x7,0.404961
119,0,imagen.jpeg,126,pointwise_conv,1x960x7x7,90.77786
119,0,imagen.jpeg,127,batchnorm,1x160x7x7,0.184701
119,0,imagen.jpeg,128,layer_add,1x160x7x7,0.085211
119,0,imagen.jpeg,129,pointwise_conv,1x160x7x7,31.504036
119,0,imagen.jpeg,130,batchnorm,1x960x7x7,1.128175
119,0,imagen.jpeg,131,activacion,1x960x7x7,0.399391
119,0,imagen.jpeg,132,depthwise_conv,1x960x7x7,4.601301
119,0,imagen.jpeg,133,batchnorm,1x960x7x7,1.093465
119,0,imagen.jpeg,134,activacion,1x960x7x7,0.414482
119,0,imagen.jpeg,135,pointwise_conv,1x960x7x7,90.642809
119,0,imagen.jpeg,136,batchnorm,1x160x7x7,0.186591
119,0,imagen.jpeg,137,layer_add,1x160x7x7,0.086341
119,0,imagen.jpeg,138,pointwise_conv,1x160x7x7,31.544896
119,0,imagen.jpeg,139,batchnorm,1x960x7x7,1.119745
119,0,imagen.jpeg,140,activacion,1x960x7x7,0.422992
119,0,imagen.jpeg,141,depthwise_conv,1x960x7x7,4.639322
119,0,imagen.jpeg,142,batchnorm,1x960x7x7,1.116395
119,0,imagen.jpeg,143,activacion,1x960x7x7,0.318601
119,0,imagen.jpeg,144,pointwise_conv,1x960x7x7,181.17322
119,0,imagen.jpeg,145,batchnorm,1x320x7x7,0.374192
119,0,imagen.jpeg,146,pointwise_conv,1x320x7x7,108.551673
119,0,imagen.jpeg,147,batchnorm,1x1280x7x7,1.494097
119,0,imagen.jpeg,148,activacion,1x1280x7x7,0.530642
119,0,imagen.jpeg,149,pooling,1x1280x7x7,0.264991
119,0,imagen.jpeg,150,linear,1x1280,5.125384
120,0,imagen.jpeg,0,conv2d,1x3x224x224,115.207394
120,0,imagen.jpeg,1,batchnorm,1x32x112x112,9.237953
120,0,imagen.jpeg,2,activacion,1x32x112x112,2.806383
120,0,imagen.jpeg,3,depthwise_conv,1x32x112x112,37.031161
120,0,imagen.jpeg,4,batchnorm,1x32x112x112,9.259243
120,0,imagen.jpeg,5,activacion,1x32x112x112,2.839403
120,0,imagen.jpeg,6,pointwise_conv,1x32x112x112,129.250319
120,0,imagen.jpeg,7,batchnorm,1x16x112x112,4.584061
120,0,imagen.jpeg,8,pointwise_conv,1x16x112x112,170.604221
120,0,imagen.jpeg,9,batchnorm,1x96x112x112,27.673459
120,0,imagen.jpeg,10,activacion,1x96x112x112,9.400923
120,0,imagen.jpeg,11,depthwise_conv,1x96x112x112,29.230275
120,0,imagen.jpeg,12,batchnorm,1x96x56x56,6.880622
120,0,imagen.jpeg,13,activacion,1x96x56x56,2.576911
120,0,imagen.jpeg,14,pointwise_conv,1x96x56x56,94.75575
120,0,imagen.jpeg,15,batchnorm,1x24x56x56,1.760849
120,0,imagen.jpeg,16,pointwise_conv,1x24x56x56,88.26657
120,0,imagen.jpeg,17,batchnorm,1x144x56x56,10.457669
120,0,imagen.jpeg,18,activacion,1x144x56x56,3.536377
120,0,imagen.jpeg,19,depthwise_conv,1x144x56x56,41.841214
120,0,imagen.jpeg,20,batchnorm,1x144x56x56,10.311798
120,0,imagen.jpeg,21,activacion,1x144x56x56,3.948478
120,0,imagen.jpeg,22,pointwise_conv,1x144x56x56,199.575677
120,0,imagen.jpeg,23,batchnorm,1x24x56x56,1.760688
120,0,imagen.jpeg,24,layer_add,1x24x56x56,0.775704
120,0,imagen.jpeg,25,pointwise_conv,1x24x56x56,87.782388
120,0,imagen.jpeg,26,batchnorm,1x144x56x56,10.447758
120,0,imagen.jpeg,27,activacion,1x144x56x56,3.862638
120,0,imagen.jpeg,28,depthwise_conv,1x144x56x56,10.647019
120,0,imagen.jpeg,29,batchnorm,1x144x28x28,2.576262
120,0,imagen.jpeg,30,activacion,1x144x28x28,0.927714
120,0,imagen.jpeg,31,pointwise_conv,1x144x28x28,25.700169
120,0,imagen.jpeg,32,batchnorm,1x32x28x28,0.567233
120,0,imagen.jpeg,33,pointwise_conv,1x32x28x28,34.554291
120,0,imagen.jpeg,34,batchnorm,1x192x28x28,3.462197
120,0,imagen.jpeg,35,activacion,1x192x28x28,1.116615
120,0,imagen.jpeg,36,depthwise_conv,1x192x28x28,14.003875
120,0,imagen.jpeg,37,batchnorm,1x192x28x28,3.447456
120,0,imagen.jpeg,38,activacion,1x192x28x28,1.340056
120,0,imagen.jpeg,39,pointwise_conv,1x192x28x28,34.063178
120,0,imagen.jpeg,40,batchnorm,1x32x28x28,0.571652
120,0,imagen.jpeg,41,layer_add,1x32x28x28,0.268662
120,0,imagen.jpeg,42,pointwise_conv,1x32x28x28,34.57262
120,0,imagen.jpeg,43,batchnorm,1x192x28x28,3.510127
120,0,imagen.jpeg,44,activacion,1x192x28x28,1.182675
120,0,imagen.jpeg,45,depthwise_conv,1x192x28x28,13.989675
120,0,imagen.jpeg,46,batchnorm,1x192x28x28,3.447716
120,0,imagen.jpeg,47,activacion,1x192x28x28,1.339966
120,0,imagen.jpeg,48,pointwise_conv,1x192x28x28,34.152989
120,0,imagen.jpeg,49,batchnorm,1x32x28x28,0.574972
120,0,imagen.jpeg,50,layer_add,1x32x28x28,0.275561
120,0,imagen.jpeg,51,pointwise_conv,1x32x28x28,34.50638
120,0,imagen.jpeg,52,batchnorm,1x192x28x28,3.467546
120,0,imagen.jpeg,53,activacion,1x192x28x28,1.256306
120,0,imagen.jpeg,54,depthwise_conv,1x192x28x28,3.655647
120,0,imagen.jpeg,55,batchnorm,1x192x14x14,0.871674
120,0,imagen.jpeg,56,activacion,1x192x14x14,0.298081
120,0,imagen.jpeg,57,pointwise_conv,1x192x14x14,12.612379
120,0,imagen.jpeg,58,batchnorm,1x64x14x14,0.288502
120,0,imagen.jpeg,59,pointwise_conv,1x64x14x14,24.293153
120,0,imagen.jpeg,60,batchnorm,1x384x14x14,1.777359
120,0,imagen.jpeg,61,activacion,1x384x14x14,0.557643
120,0,imagen.jpeg,62,depthwise_conv,1x384x14x14,7.065183
120,0,imagen.jpeg,63,batchnorm,1x384x14x14,1.735438
120,0,imagen.jpeg,64,activacion,1x384x14x14,0.683653
120,0,imagen.jpeg,65,pointwise_conv,1x384x14x14,30.873404
120,0,imagen.jpeg,66,batchnorm,1x64x14x14,0.289242
120,0,imagen.jpeg,67,layer_add,1x64x14x14,0.140061
120,0,imagen.jpeg,68,pointwise_conv,1x64x14x14,24.283973
120,0,imagen.jpeg,69,batchnorm,1x384x14x14,1.751068
120,0,imagen.jpeg,70,activacion,1x384x14x14,0.623993
120,0,imagen.jpeg,71,depthwise_conv,1x384x14x14,7.105844
120,0,imagen.jpeg,72,batchnorm,1x384x14x14,1.814358
120,0,imagen.jpeg,73,activacion,1x384x14x14,0.682153
120,0,imagen.jpeg,74,pointwise_conv,1x384x14x14,30.725043
120,0,imagen.jpeg,75,batchnorm,1x64x14x14,0.291012
120,0,imagen.jpeg,76,layer_add,1x64x14x14,0.136881
120,0,imagen.jpeg,77,pointwise_conv,1x64x14x14,24.350633
120,0,imagen.jpeg,78,batchnorm,1x384x14x14,1.749858
120,0,imagen.jpeg,79,activacion,1x384x14x14,0.689553
120,0,imagen.jpeg,80,depthwise_conv,1x384x14x14,7.049233
120,0,imagen.jpeg,81,batchnorm,1x384x14x14,1.734908
120,0,imagen.jpeg,82,activacion,1x384x14x14,0.647163
120,0,imagen.jpeg,83,pointwise_conv,1x384x14x14,30.745993
120,0,imagen.jpeg,84,batchnorm,1x64x14x14,0.288551
120,0,imagen.jpeg,85,layer_add,1x64x14x14,0.13662
120,0,imagen.jpeg,86,pointwise_conv,1x64x14x14,24.285994
120,0,imagen.jpeg,87,batchnorm,1x384x14x14,1.759098
120,0,imagen.jpeg,88,activacion,1x384x14x14,0.633553
120,0,imagen.jpeg,89,depthwise_conv,1x384x14x14,7.075143
120,0,imagen.jpeg,90,batchnorm,1x384x14x14,1.739858
120,0,imagen.jpeg,91,activacion,1x384x14x14,0.750604
120,0,imagen.jpeg,92,pointwise_conv,1x384x14x14,46.051065
120,0,imagen.jpeg,93,batchnorm,1x96x14x14,0.431982
120,0,imagen.jpeg,94,pointwise_conv,1x96x14x14,55.330238
120,0,imagen.jpeg,95,batchnorm,1x576x14x14,2.708712
120,0,imagen.jpeg,96,activacion,1x576x14x14,0.971075
120,0,imagen.jpeg,97,depthwise_conv,1x576x14x14,10.636329
120,0,imagen.jpeg,98,batchnorm,1x576x14x14,2.641923
120,0,imagen.jpeg,99,activacion,1x576x14x14,0.966384
120,0,imagen.jpeg,100,pointwise_conv,1x576x14x14,97.609545
120,0,imagen.jpeg,101,batchnorm,1x96x14x14,0.436322
120,0,imagen.jpeg,102,layer_add,1x96x14x14,0.205891
120,0,imagen.jpeg,103,pointwise_conv,1x96x14x14,55.495398
120,0,imagen.jpeg,104,batchnorm,1x576x14x14,2.660862
120,0,imagen.jpeg,105,activacion,1x576x14x14,0.994235
120,0,imagen.jpeg,106,depthwise_conv,1x576x14x14,10.579949
120,0,imagen.jpeg,107,batchnorm,1x576x14x14,2.616392
120,0,imagen.jpeg,108,activacion,1x576x14x14,0.987265
120,0,imagen.jpeg,109,pointwise_conv,1x576x14x14,97.455564
120,0,imagen.jpeg,110,batchnorm,1x96x14x14,0.439632
120,0,imagen.jpeg,111,layer_add,1x96x14x14,0.209311
120,0,imagen.jpeg,112,pointwise_conv,1x96x14x14,55.412229
120,0,imagen.jpeg,113,batchnorm,1x576x14x14,2.646042
120,0,imagen.jpeg,114,activacion,1x576x14x14,0.981814
120,0,imagen.jpeg,115,depthwise_conv,1x576x14x14,2.807153
120,0,imagen.jpeg,116,batchnorm,1x576x7x7,0.662883
120,0,imagen.jpeg,117,activacion,1x576x7x7,0.231661
120,0,imagen.jpeg,118,pointwise_conv,1x576x7x7,43.338292
120,0,imagen.jpeg,119,batchnorm,1x160x7x7,0.186061
120,0,imagen.jpeg,120,pointwise_conv,1x160x7x7,31.604007
120,0,imagen.jpeg,121,batchnorm,1x960x7x7,1.115845
120,0,imagen.jpeg,122,activacion,1x960x7x7,0.401172
120,0,imagen.jpeg,123,depthwise_conv,1x960x7x7,4.627462
120,0,imagen.jpeg,124,batchnorm,1x960x7x7,1.119255
120,0,imagen.jpeg,125,activacion,1x960x7x7,0.406392
120,0,imagen.jpeg,126,pointwise_conv,1x960x7x7,90.765103
120,0,imagen.jpeg,127,batchnorm,1x160x7x7,0.186491
120,0,imagen.jpeg,128,layer_add,1x160x7x7,0.09003
120,0,imagen.jpeg,129,pointwise_conv,1x160x7x7,31.531597
120,0,imagen.jpeg,130,batchnorm,1x960x7x7,1.113285
120,0,imagen.jpeg,131,activacion,1x960x7x7,0.406712
120,0,imagen.jpeg,132,depthwise_conv,1x960x7x7,4.604282
120,0,imagen.jpeg,133,batchnorm,1x960x7x7,1.094235
120,0,imagen.jpeg,134,activacion,1x960x7x7,0.396772
120,0,imagen.jpeg,135,pointwise_conv,1x960x7x7,90.746813
120,0,imagen.jpeg,136,batchnorm,1x160x7x7,0.186481
120,0,imagen.jpeg,137,layer_add,1x160x7x7,0.0881
120,0,imagen.jpeg,138,pointwise_conv,1x160x7x7,31.509137
120,0,imagen.jpeg,139,batchnorm,1x960x7x7,1.116865
120,0,imagen.jpeg,140,activacion,1x960x7x7,0.403002
120,0,imagen.jpeg,141,depthwise_conv,1x960x7x7,4.631601
120,0,imagen.jpeg,142,batchnorm,1x960x7x7,1.094555
120,0,imagen.jpeg,143,activacion,1x960x7x7,0.315302
120,0,imagen.jpeg,144,pointwise_conv,1x960x7x7,181.526196
120,0,imagen.jpeg,145,batchnorm,1x320x7x7,0.372241
120,0,imagen.jpeg,146,pointwise_conv,1x320x7x7,108.481836
120,0,imagen.jpeg,147,batchnorm,1x1280x7x7,1.495437
120,0,imagen.jpeg,148,activacion,1x1280x7x7,0.589813
120,0,imagen.jpeg,149,pooling,1x1280x7x7,0.263192
120,0,imagen.jpeg,150,linear,1x1280,5.130664
