iteracion,imagen_id,imagen,indice_llamada,etapa,forma_tensor,tiempo_ms
1,0,imagen.jpeg,0,conv2d,1x3x224x224,17.937187
1,0,imagen.jpeg,1,batchnorm,1x32x112x112,0.615454
1,0,imagen.jpeg,2,activacion,1x32x112x112,0.40236
1,0,imagen.jpeg,3,depthwise_conv,1x32x112x112,4.811031
1,0,imagen.jpeg,4,batchnorm,1x32x112x112,9.000322
1,0,imagen.jpeg,5,activacion,1x32x112x112,0.494383
1,0,imagen.jpeg,6,pointwise_conv,1x32x112x112,3.048855
1,0,imagen.jpeg,7,batchnorm,1x16x112x112,0.308993
1,0,imagen.jpeg,8,pointwise_conv,1x16x112x112,9.2935
1,0,imagen.jpeg,9,batchnorm,1x96x112x112,1.852743
1,0,imagen.jpeg,10,activacion,1x96x112x112,2.810832
1,0,imagen.jpeg,11,depthwise_conv,1x96x112x112,3.739406
1,0,imagen.jpeg,12,batchnorm,1x96x56x56,0.462046
1,0,imagen.jpeg,13,activacion,1x96x56x56,0.88256
1,0,imagen.jpeg,14,pointwise_conv,1x96x56x56,3.367248
1,0,imagen.jpeg,15,batchnorm,1x24x56x56,0.114132
1,0,imagen.jpeg,16,pointwise_conv,1x24x56x56,5.123456
1,0,imagen.jpeg,17,batchnorm,1x144x56x56,0.685271
1,0,imagen.jpeg,18,activacion,1x144x56x56,1.010921
1,0,imagen.jpeg,19,depthwise_conv,1x144x56x56,5.415004
1,0,imagen.jpeg,20,batchnorm,1x144x56x56,0.688673
1,0,imagen.jpeg,21,activacion,1x144x56x56,1.462425
1,0,imagen.jpeg,22,pointwise_conv,1x144x56x56,5.071805
1,0,imagen.jpeg,23,batchnorm,1x24x56x56,0.117647
1,0,imagen.jpeg,24,layer_add,1x24x56x56,0.034837
1,0,imagen.jpeg,25,pointwise_conv,1x24x56x56,5.116561
1,0,imagen.jpeg,26,batchnorm,1x144x56x56,0.689256
1,0,imagen.jpeg,27,activacion,1x144x56x56,1.344101
1,0,imagen.jpeg,28,depthwise_conv,1x144x56x56,1.407936
1,0,imagen.jpeg,29,batchnorm,1x144x28x28,0.172061
1,0,imagen.jpeg,30,activacion,1x144x28x28,0.306309
1,0,imagen.jpeg,31,pointwise_conv,1x144x28x28,1.699255
1,0,imagen.jpeg,32,batchnorm,1x32x28x28,0.03836
1,0,imagen.jpeg,33,pointwise_conv,1x32x28x28,2.294434
1,0,imagen.jpeg,34,batchnorm,1x192x28x28,0.229268
1,0,imagen.jpeg,35,activacion,1x192x28x28,0.289564
1,0,imagen.jpeg,36,depthwise_conv,1x192x28x28,1.81468
1,0,imagen.jpeg,37,batchnorm,1x192x28x28,0.25659
1,0,imagen.jpeg,38,activacion,1x192x28x28,0.480508
1,0,imagen.jpeg,39,pointwise_conv,1x192x28x28,2.26573
1,0,imagen.jpeg,40,batchnorm,1x32x28x28,0.041683
1,0,imagen.jpeg,41,layer_add,1x32x28x28,0.011299
1,0,imagen.jpeg,42,pointwise_conv,1x32x28x28,2.297327
1,0,imagen.jpeg,43,batchnorm,1x192x28x28,0.229057
1,0,imagen.jpeg,44,activacion,1x192x28x28,0.367382
1,0,imagen.jpeg,45,depthwise_conv,1x192x28x28,1.824415
1,0,imagen.jpeg,46,batchnorm,1x192x28x28,0.238132
1,0,imagen.jpeg,47,activacion,1x192x28x28,0.465749
1,0,imagen.jpeg,48,pointwise_conv,1x192x28x28,2.266398
1,0,imagen.jpeg,49,batchnorm,1x32x28x28,0.038298
1,0,imagen.jpeg,50,layer_add,1x32x28x28,0.011997
1,0,imagen.jpeg,51,pointwise_conv,1x32x28x28,2.296767
1,0,imagen.jpeg,52,batchnorm,1x192x28x28,0.22933
1,0,imagen.jpeg,53,activacion,1x192x28x28,0.433538
1,0,imagen.jpeg,54,depthwise_conv,1x192x28x28,0.477838
1,0,imagen.jpeg,55,batchnorm,1x192x14x14,0.057777
1,0,imagen.jpeg,56,activacion,1x192x14x14,0.078071
1,0,imagen.jpeg,57,pointwise_conv,1x192x14x14,1.199565
1,0,imagen.jpeg,58,batchnorm,1x64x14x14,0.019421
1,0,imagen.jpeg,59,pointwise_conv,1x64x14x14,2.408665
1,0,imagen.jpeg,60,batchnorm,1x384x14x14,0.115266
1,0,imagen.jpeg,61,activacion,1x384x14x14,0.154097
1,0,imagen.jpeg,62,depthwise_conv,1x384x14x14,0.932674
1,0,imagen.jpeg,63,batchnorm,1x384x14x14,0.11884
1,0,imagen.jpeg,64,activacion,1x384x14x14,0.243018
1,0,imagen.jpeg,65,pointwise_conv,1x384x14x14,2.387265
1,0,imagen.jpeg,66,batchnorm,1x64x14x14,0.019316
1,0,imagen.jpeg,67,layer_add,1x64x14x14,0.005531
1,0,imagen.jpeg,68,pointwise_conv,1x64x14x14,2.412031
1,0,imagen.jpeg,69,batchnorm,1x384x14x14,0.115236
1,0,imagen.jpeg,70,activacion,1x384x14x14,0.20537
1,0,imagen.jpeg,71,depthwise_conv,1x384x14x14,0.934647
1,0,imagen.jpeg,72,batchnorm,1x384x14x14,0.245879
1,0,imagen.jpeg,73,activacion,1x384x14x14,0.227073
1,0,imagen.jpeg,74,pointwise_conv,1x384x14x14,2.385345
1,0,imagen.jpeg,75,batchnorm,1x64x14x14,0.019324
1,0,imagen.jpeg,76,layer_add,1x64x14x14,0.00555
1,0,imagen.jpeg,77,pointwise_conv,1x64x14x14,2.410367
1,0,imagen.jpeg,78,batchnorm,1x384x14x14,0.115279
1,0,imagen.jpeg,79,activacion,1x384x14x14,0.228781
1,0,imagen.jpeg,80,depthwise_conv,1x384x14x14,0.903739
1,0,imagen.jpeg,81,batchnorm,1x384x14x14,0.442005
1,0,imagen.jpeg,82,activacion,1x384x14x14,0.204926
1,0,imagen.jpeg,83,pointwise_conv,1x384x14x14,2.387455
1,0,imagen.jpeg,84,batchnorm,1x64x14x14,0.019424
1,0,imagen.jpeg,85,layer_add,1x64x14x14,0.005549
1,0,imagen.jpeg,86,pointwise_conv,1x64x14x14,2.412652
1,0,imagen.jpeg,87,batchnorm,1x384x14x14,0.115457
1,0,imagen.jpeg,88,activacion,1x384x14x14,0.228367
1,0,imagen.jpeg,89,depthwise_conv,1x384x14x14,0.932909
1,0,imagen.jpeg,90,batchnorm,1x384x14x14,0.115458
1,0,imagen.jpeg,91,activacion,1x384x14x14,0.211667
1,0,imagen.jpeg,92,pointwise_conv,1x384x14x14,3.586559
1,0,imagen.jpeg,93,batchnorm,1x96x14x14,0.028939
1,0,imagen.jpeg,94,pointwise_conv,1x96x14x14,5.394763
1,0,imagen.jpeg,95,batchnorm,1x576x14x14,0.172796
1,0,imagen.jpeg,96,activacion,1x576x14x14,0.326148
1,0,imagen.jpeg,97,depthwise_conv,1x576x14x14,1.397005
1,0,imagen.jpeg,98,batchnorm,1x576x14x14,0.499342
1,0,imagen.jpeg,99,activacion,1x576x14x14,0.294046
1,0,imagen.jpeg,100,pointwise_conv,1x576x14x14,5.375466
1,0,imagen.jpeg,101,batchnorm,1x96x14x14,0.028912
1,0,imagen.jpeg,102,layer_add,1x96x14x14,0.008297
1,0,imagen.jpeg,103,pointwise_conv,1x96x14x14,5.400412
1,0,imagen.jpeg,104,batchnorm,1x576x14x14,0.176584
1,0,imagen.jpeg,105,activacion,1x576x14x14,0.326083
1,0,imagen.jpeg,106,depthwise_conv,1x576x14x14,1.402081
1,0,imagen.jpeg,107,batchnorm,1x576x14x14,0.437031
1,0,imagen.jpeg,108,activacion,1x576x14x14,0.257111
1,0,imagen.jpeg,109,pointwise_conv,1x576x14x14,5.371111
1,0,imagen.jpeg,110,batchnorm,1x96x14x14,0.032413
1,0,imagen.jpeg,111,layer_add,1x96x14x14,0.008339
1,0,imagen.jpeg,112,pointwise_conv,1x96x14x14,5.412115
1,0,imagen.jpeg,113,batchnorm,1x576x14x14,0.172834
1,0,imagen.jpeg,114,activacion,1x576x14x14,0.287536
1,0,imagen.jpeg,115,depthwise_conv,1x576x14x14,0.362137
1,0,imagen.jpeg,116,batchnorm,1x576x7x7,0.061176
1,0,imagen.jpeg,117,activacion,1x576x7x7,0.049912
1,0,imagen.jpeg,118,pointwise_conv,1x576x7x7,2.142196
1,0,imagen.jpeg,119,batchnorm,1x160x7x7,0.012681
1,0,imagen.jpeg,120,pointwise_conv,1x160x7x7,3.581835
1,0,imagen.jpeg,121,batchnorm,1x960x7x7,0.074378
1,0,imagen.jpeg,122,activacion,1x960x7x7,0.134026
1,0,imagen.jpeg,123,depthwise_conv,1x960x7x7,0.575374
1,0,imagen.jpeg,124,batchnorm,1x960x7x7,0.083946
1,0,imagen.jpeg,125,activacion,1x960x7x7,0.128068
1,0,imagen.jpeg,126,pointwise_conv,1x960x7x7,3.597031
1,0,imagen.jpeg,127,batchnorm,1x160x7x7,0.012582
1,0,imagen.jpeg,128,layer_add,1x160x7x7,0.003534
1,0,imagen.jpeg,129,pointwise_conv,1x160x7x7,3.579172
1,0,imagen.jpeg,130,batchnorm,1x960x7x7,0.078616
1,0,imagen.jpeg,131,activacion,1x960x7x7,0.126178
1,0,imagen.jpeg,132,depthwise_conv,1x960x7x7,0.56063
1,0,imagen.jpeg,133,batchnorm,1x960x7x7,0.123707
1,0,imagen.jpeg,134,activacion,1x960x7x7,0.11325
1,0,imagen.jpeg,135,pointwise_conv,1x960x7x7,3.56801
1,0,imagen.jpeg,136,batchnorm,1x160x7x7,0.012459
1,0,imagen.jpeg,137,layer_add,1x160x7x7,0.003861
1,0,imagen.jpeg,138,pointwise_conv,1x160x7x7,3.586185
1,0,imagen.jpeg,139,batchnorm,1x960x7x7,0.074417
1,0,imagen.jpeg,140,activacion,1x960x7x7,0.103225
1,0,imagen.jpeg,141,depthwise_conv,1x960x7x7,0.571592
1,0,imagen.jpeg,142,batchnorm,1x960x7x7,0.09078
1,0,imagen.jpeg,143,activacion,1x960x7x7,0.057366
1,0,imagen.jpeg,144,pointwise_conv,1x960x7x7,7.134313
1,0,imagen.jpeg,145,batchnorm,1x320x7x7,0.025057
1,0,imagen.jpeg,146,pointwise_conv,1x320x7x7,9.532181
1,0,imagen.jpeg,147,batchnorm,1x1280x7x7,0.09918
1,0,imagen.jpeg,148,activacion,1x1280x7x7,0.15899
1,0,imagen.jpeg,149,pooling,1x1280x7x7,0.033709
1,0,imagen.jpeg,150,linear,1x1280,1.091014
2,0,imagen.jpeg,0,conv2d,1x3x224x224,17.118055
2,0,imagen.jpeg,1,batchnorm,1x32x112x112,0.624526
2,0,imagen.jpeg,2,activacion,1x32x112x112,0.401346
2,0,imagen.jpeg,3,depthwise_conv,1x32x112x112,4.794613
2,0,imagen.jpeg,4,batchnorm,1x32x112x112,8.977759
2,0,imagen.jpeg,5,activacion,1x32x112x112,0.487975
2,0,imagen.jpeg,6,pointwise_conv,1x32x112x112,3.031021
2,0,imagen.jpeg,7,batchnorm,1x16x112x112,0.308749
2,0,imagen.jpeg,8,pointwise_conv,1x16x112x112,9.274933
2,0,imagen.jpeg,9,batchnorm,1x96x112x112,1.886795
2,0,imagen.jpeg,10,activacion,1x96x112x112,2.762178
2,0,imagen.jpeg,11,depthwise_conv,1x96x112x112,3.714831
2,0,imagen.jpeg,12,batchnorm,1x96x56x56,0.476734
2,0,imagen.jpeg,13,activacion,1x96x56x56,0.915036
2,0,imagen.jpeg,14,pointwise_conv,1x96x56x56,3.366178
2,0,imagen.jpeg,15,batchnorm,1x24x56x56,0.119555
2,0,imagen.jpeg,16,pointwise_conv,1x24x56x56,5.123001
2,0,imagen.jpeg,17,batchnorm,1x144x56x56,0.687884
2,0,imagen.jpeg,18,activacion,1x144x56x56,1.036232
2,0,imagen.jpeg,19,depthwise_conv,1x144x56x56,5.410515
2,0,imagen.jpeg,20,batchnorm,1x144x56x56,0.688856
2,0,imagen.jpeg,21,activacion,1x144x56x56,1.451044
2,0,imagen.jpeg,22,pointwise_conv,1x144x56x56,5.053851
2,0,imagen.jpeg,23,batchnorm,1x24x56x56,0.119198
2,0,imagen.jpeg,24,layer_add,1x24x56x56,0.034597
2,0,imagen.jpeg,25,pointwise_conv,1x24x56x56,5.110527
2,0,imagen.jpeg,26,batchnorm,1x144x56x56,0.685496
2,0,imagen.jpeg,27,activacion,1x144x56x56,1.341879
2,0,imagen.jpeg,28,depthwise_conv,1x144x56x56,1.448482
2,0,imagen.jpeg,29,batchnorm,1x144x28x28,0.185782
2,0,imagen.jpeg,30,activacion,1x144x28x28,0.300953
2,0,imagen.jpeg,31,pointwise_conv,1x144x28x28,1.717514
2,0,imagen.jpeg,32,batchnorm,1x32x28x28,0.038347
2,0,imagen.jpeg,33,pointwise_conv,1x32x28x28,2.292849
2,0,imagen.jpeg,34,batchnorm,1x192x28x28,0.229108
2,0,imagen.jpeg,35,activacion,1x192x28x28,0.298901
2,0,imagen.jpeg,36,depthwise_conv,1x192x28x28,1.836268
2,0,imagen.jpeg,37,batchnorm,1x192x28x28,0.229128
2,0,imagen.jpeg,38,activacion,1x192x28x28,0.480245
2,0,imagen.jpeg,39,pointwise_conv,1x192x28x28,2.267406
2,0,imagen.jpeg,40,batchnorm,1x32x28x28,0.038265
2,0,imagen.jpeg,41,layer_add,1x32x28x28,0.011633
2,0,imagen.jpeg,42,pointwise_conv,1x32x28x28,2.296298
2,0,imagen.jpeg,43,batchnorm,1x192x28x28,0.229086
2,0,imagen.jpeg,44,activacion,1x192x28x28,0.368113
2,0,imagen.jpeg,45,depthwise_conv,1x192x28x28,1.785552
2,0,imagen.jpeg,46,batchnorm,1x192x28x28,0.229404
2,0,imagen.jpeg,47,activacion,1x192x28x28,0.466416
2,0,imagen.jpeg,48,pointwise_conv,1x192x28x28,2.266898
2,0,imagen.jpeg,49,batchnorm,1x32x28x28,0.039867
2,0,imagen.jpeg,50,layer_add,1x32x28x28,0.014162
2,0,imagen.jpeg,51,pointwise_conv,1x32x28x28,2.296949
2,0,imagen.jpeg,52,batchnorm,1x192x28x28,0.229062
2,0,imagen.jpeg,53,activacion,1x192x28x28,0.432661
2,0,imagen.jpeg,54,depthwise_conv,1x192x28x28,0.477953
2,0,imagen.jpeg,55,batchnorm,1x192x14x14,0.057687
2,0,imagen.jpeg,56,activacion,1x192x14x14,0.081655
2,0,imagen.jpeg,57,pointwise_conv,1x192x14x14,1.195247
2,0,imagen.jpeg,58,batchnorm,1x64x14x14,0.019386
2,0,imagen.jpeg,59,pointwise_conv,1x64x14x14,2.40752
2,0,imagen.jpeg,60,batchnorm,1x384x14x14,0.115387
2,0,imagen.jpeg,61,activacion,1x384x14x14,0.157136
2,0,imagen.jpeg,62,depthwise_conv,1x384x14x14,0.931177
2,0,imagen.jpeg,63,batchnorm,1x384x14x14,0.115325
2,0,imagen.jpeg,64,activacion,1x384x14x14,0.244265
2,0,imagen.jpeg,65,pointwise_conv,1x384x14x14,2.390514
2,0,imagen.jpeg,66,batchnorm,1x64x14x14,0.019319
2,0,imagen.jpeg,67,layer_add,1x64x14x14,0.005568
2,0,imagen.jpeg,68,pointwise_conv,1x64x14x14,2.413032
2,0,imagen.jpeg,69,batchnorm,1x384x14x14,0.115254
2,0,imagen.jpeg,70,activacion,1x384x14x14,0.20685
2,0,imagen.jpeg,71,depthwise_conv,1x384x14x14,0.933933
2,0,imagen.jpeg,72,batchnorm,1x384x14x14,0.249867
2,0,imagen.jpeg,73,activacion,1x384x14x14,0.223141
2,0,imagen.jpeg,74,pointwise_conv,1x384x14x14,2.390042
2,0,imagen.jpeg,75,batchnorm,1x64x14x14,0.019377
2,0,imagen.jpeg,76,layer_add,1x64x14x14,0.005593
2,0,imagen.jpeg,77,pointwise_conv,1x64x14x14,2.415089
2,0,imagen.jpeg,78,batchnorm,1x384x14x14,0.115251
2,0,imagen.jpeg,79,activacion,1x384x14x14,0.228774
2,0,imagen.jpeg,80,depthwise_conv,1x384x14x14,0.933443
2,0,imagen.jpeg,81,batchnorm,1x384x14x14,0.447619
2,0,imagen.jpeg,82,activacion,1x384x14x14,0.204958
2,0,imagen.jpeg,83,pointwise_conv,1x384x14x14,2.392825
2,0,imagen.jpeg,84,batchnorm,1x64x14x14,0.019498
2,0,imagen.jpeg,85,layer_add,1x64x14x14,0.005565
2,0,imagen.jpeg,86,pointwise_conv,1x64x14x14,2.410283
2,0,imagen.jpeg,87,batchnorm,1x384x14x14,0.119283
2,0,imagen.jpeg,88,activacion,1x384x14x14,0.229301
2,0,imagen.jpeg,89,depthwise_conv,1x384x14x14,0.915914
2,0,imagen.jpeg,90,batchnorm,1x384x14x14,0.115377
2,0,imagen.jpeg,91,activacion,1x384x14x14,0.215421
2,0,imagen.jpeg,92,pointwise_conv,1x384x14x14,3.579415
2,0,imagen.jpeg,93,batchnorm,1x96x14x14,0.02898
2,0,imagen.jpeg,94,pointwise_conv,1x96x14x14,5.409698
2,0,imagen.jpeg,95,batchnorm,1x576x14x14,0.173062
2,0,imagen.jpeg,96,activacion,1x576x14x14,0.326748
2,0,imagen.jpeg,97,depthwise_conv,1x576x14x14,1.403154
2,0,imagen.jpeg,98,batchnorm,1x576x14x14,0.49924
2,0,imagen.jpeg,99,activacion,1x576x14x14,0.289623
2,0,imagen.jpeg,100,pointwise_conv,1x576x14x14,5.379578
2,0,imagen.jpeg,101,batchnorm,1x96x14x14,0.028946
2,0,imagen.jpeg,102,layer_add,1x96x14x14,0.008567
2,0,imagen.jpeg,103,pointwise_conv,1x96x14x14,5.403034
2,0,imagen.jpeg,104,batchnorm,1x576x14x14,0.172894
2,0,imagen.jpeg,105,activacion,1x576x14x14,0.327908
2,0,imagen.jpeg,106,depthwise_conv,1x576x14x14,1.399513
2,0,imagen.jpeg,107,batchnorm,1x576x14x14,0.434041
2,0,imagen.jpeg,108,activacion,1x576x14x14,0.255789
2,0,imagen.jpeg,109,pointwise_conv,1x576x14x14,5.370183
2,0,imagen.jpeg,110,batchnorm,1x96x14x14,0.028946
2,0,imagen.jpeg,111,layer_add,1x96x14x14,0.008222
2,0,imagen.jpeg,112,pointwise_conv,1x96x14x14,5.402173
2,0,imagen.jpeg,113,batchnorm,1x576x14x14,0.174805
2,0,imagen.jpeg,114,activacion,1x576x14x14,0.295028
2,0,imagen.jpeg,115,depthwise_conv,1x576x14x14,0.36483
2,0,imagen.jpeg,116,batchnorm,1x576x7x7,0.061211
2,0,imagen.jpeg,117,activacion,1x576x7x7,0.049857
2,0,imagen.jpeg,118,pointwise_conv,1x576x7x7,2.143868
2,0,imagen.jpeg,119,batchnorm,1x160x7x7,0.012829
2,0,imagen.jpeg,120,pointwise_conv,1x160x7x7,3.579976
2,0,imagen.jpeg,121,batchnorm,1x960x7x7,0.074414
2,0,imagen.jpeg,122,activacion,1x960x7x7,0.134802
2,0,imagen.jpeg,123,depthwise_conv,1x960x7x7,0.589713
2,0,imagen.jpeg,124,batchnorm,1x960x7x7,0.078318
2,0,imagen.jpeg,125,activacion,1x960x7x7,0.12674
2,0,imagen.jpeg,126,pointwise_conv,1x960x7x7,3.568958
2,0,imagen.jpeg,127,batchnorm,1x160x7x7,0.012583
2,0,imagen.jpeg,128,layer_add,1x160x7x7,0.003521
2,0,imagen.jpeg,129,pointwise_conv,1x160x7x7,3.582038
2,0,imagen.jpeg,130,batchnorm,1x960x7x7,0.074407
2,0,imagen.jpeg,131,activacion,1x960x7x7,0.126517
2,0,imagen.jpeg,132,depthwise_conv,1x960x7x7,0.586486
2,0,imagen.jpeg,133,batchnorm,1x960x7x7,0.123801
2,0,imagen.jpeg,134,activacion,1x960x7x7,0.109537
2,0,imagen.jpeg,135,pointwise_conv,1x960x7x7,3.577692
2,0,imagen.jpeg,136,batchnorm,1x160x7x7,0.012522
2,0,imagen.jpeg,137,layer_add,1x160x7x7,0.003838
2,0,imagen.jpeg,138,pointwise_conv,1x160x7x7,3.580035
2,0,imagen.jpeg,139,batchnorm,1x960x7x7,0.074501
2,0,imagen.jpeg,140,activacion,1x960x7x7,0.102589
2,0,imagen.jpeg,141,depthwise_conv,1x960x7x7,0.590898
2,0,imagen.jpeg,142,batchnorm,1x960x7x7,0.090796
2,0,imagen.jpeg,143,activacion,1x960x7x7,0.05715
2,0,imagen.jpeg,144,pointwise_conv,1x960x7x7,7.133999
2,0,imagen.jpeg,145,batchnorm,1x320x7x7,0.025025
2,0,imagen.jpeg,146,pointwise_conv,1x320x7x7,9.549969
2,0,imagen.jpeg,147,batchnorm,1x1280x7x7,0.099192
2,0,imagen.jpeg,148,activacion,1x1280x7x7,0.160115
2,0,imagen.jpeg,149,pooling,1x1280x7x7,0.03362
2,0,imagen.jpeg,150,linear,1x1280,1.151813
3,0,imagen.jpeg,0,conv2d,1x3x224x224,17.078725
3,0,imagen.jpeg,1,batchnorm,1x32x112x112,0.622109
3,0,imagen.jpeg,2,activacion,1x32x112x112,0.396091
3,0,imagen.jpeg,3,depthwise_conv,1x32x112x112,4.733185
3,0,imagen.jpeg,4,batchnorm,1x32x112x112,8.975911
3,0,imagen.jpeg,5,activacion,1x32x112x112,0.516258
3,0,imagen.jpeg,6,pointwise_conv,1x32x112x112,3.077061
3,0,imagen.jpeg,7,batchnorm,1x16x112x112,0.31092
3,0,imagen.jpeg,8,pointwise_conv,1x16x112x112,9.275364
3,0,imagen.jpeg,9,batchnorm,1x96x112x112,1.850138
3,0,imagen.jpeg,10,activacion,1x96x112x112,2.811627
3,0,imagen.jpeg,11,depthwise_conv,1x96x112x112,3.68403
3,0,imagen.jpeg,12,batchnorm,1x96x56x56,0.457034
3,0,imagen.jpeg,13,activacion,1x96x56x56,0.883124
3,0,imagen.jpeg,14,pointwise_conv,1x96x56x56,3.371084
3,0,imagen.jpeg,15,batchnorm,1x24x56x56,0.114207
3,0,imagen.jpeg,16,pointwise_conv,1x24x56x56,5.125218
3,0,imagen.jpeg,17,batchnorm,1x144x56x56,0.696811
3,0,imagen.jpeg,18,activacion,1x144x56x56,1.003341
3,0,imagen.jpeg,19,depthwise_conv,1x144x56x56,5.491455
3,0,imagen.jpeg,20,batchnorm,1x144x56x56,0.69562
3,0,imagen.jpeg,21,activacion,1x144x56x56,1.47825
3,0,imagen.jpeg,22,pointwise_conv,1x144x56x56,5.093699
3,0,imagen.jpeg,23,batchnorm,1x24x56x56,0.117584
3,0,imagen.jpeg,24,layer_add,1x24x56x56,0.035443
3,0,imagen.jpeg,25,pointwise_conv,1x24x56x56,5.117204
3,0,imagen.jpeg,26,batchnorm,1x144x56x56,0.694482
3,0,imagen.jpeg,27,activacion,1x144x56x56,1.338453
3,0,imagen.jpeg,28,depthwise_conv,1x144x56x56,1.406669
3,0,imagen.jpeg,29,batchnorm,1x144x28x28,0.171997
3,0,imagen.jpeg,30,activacion,1x144x28x28,0.29767
3,0,imagen.jpeg,31,pointwise_conv,1x144x28x28,1.703863
3,0,imagen.jpeg,32,batchnorm,1x32x28x28,0.038379
3,0,imagen.jpeg,33,pointwise_conv,1x32x28x28,2.294435
3,0,imagen.jpeg,34,batchnorm,1x192x28x28,0.233497
3,0,imagen.jpeg,35,activacion,1x192x28x28,0.288892
3,0,imagen.jpeg,36,depthwise_conv,1x192x28x28,1.845185
3,0,imagen.jpeg,37,batchnorm,1x192x28x28,0.229039
3,0,imagen.jpeg,38,activacion,1x192x28x28,0.485682
3,0,imagen.jpeg,39,pointwise_conv,1x192x28x28,2.264596
3,0,imagen.jpeg,40,batchnorm,1x32x28x28,0.038332
3,0,imagen.jpeg,41,layer_add,1x32x28x28,0.011529
3,0,imagen.jpeg,42,pointwise_conv,1x32x28x28,2.295807
3,0,imagen.jpeg,43,batchnorm,1x192x28x28,0.232866
3,0,imagen.jpeg,44,activacion,1x192x28x28,0.362702
3,0,imagen.jpeg,45,depthwise_conv,1x192x28x28,1.966684
3,0,imagen.jpeg,46,batchnorm,1x192x28x28,0.229382
3,0,imagen.jpeg,47,activacion,1x192x28x28,0.471199
3,0,imagen.jpeg,48,pointwise_conv,1x192x28x28,2.264439
3,0,imagen.jpeg,49,batchnorm,1x32x28x28,0.038284
3,0,imagen.jpeg,50,layer_add,1x32x28x28,0.01157
3,0,imagen.jpeg,51,pointwise_conv,1x32x28x28,2.299262
3,0,imagen.jpeg,52,batchnorm,1x192x28x28,0.229227
3,0,imagen.jpeg,53,activacion,1x192x28x28,0.426162
3,0,imagen.jpeg,54,depthwise_conv,1x192x28x28,0.484379
3,0,imagen.jpeg,55,batchnorm,1x192x14x14,0.057691
3,0,imagen.jpeg,56,activacion,1x192x14x14,0.077609
3,0,imagen.jpeg,57,pointwise_conv,1x192x14x14,1.197255
3,0,imagen.jpeg,58,batchnorm,1x64x14x14,0.01941
3,0,imagen.jpeg,59,pointwise_conv,1x64x14x14,2.438403
3,0,imagen.jpeg,60,batchnorm,1x384x14x14,0.118454
3,0,imagen.jpeg,61,activacion,1x384x14x14,0.153884
3,0,imagen.jpeg,62,depthwise_conv,1x384x14x14,0.937303
3,0,imagen.jpeg,63,batchnorm,1x384x14x14,0.115504
3,0,imagen.jpeg,64,activacion,1x384x14x14,0.247301
3,0,imagen.jpeg,65,pointwise_conv,1x384x14x14,2.397706
3,0,imagen.jpeg,66,batchnorm,1x64x14x14,0.019331
3,0,imagen.jpeg,67,layer_add,1x64x14x14,0.005558
3,0,imagen.jpeg,68,pointwise_conv,1x64x14x14,2.426253
3,0,imagen.jpeg,69,batchnorm,1x384x14x14,0.12044
3,0,imagen.jpeg,70,activacion,1x384x14x14,0.206388
3,0,imagen.jpeg,71,depthwise_conv,1x384x14x14,0.92615
3,0,imagen.jpeg,72,batchnorm,1x384x14x14,0.245793
3,0,imagen.jpeg,73,activacion,1x384x14x14,0.223233
3,0,imagen.jpeg,74,pointwise_conv,1x384x14x14,2.396824
3,0,imagen.jpeg,75,batchnorm,1x64x14x14,0.019324
3,0,imagen.jpeg,76,layer_add,1x64x14x14,0.005534
3,0,imagen.jpeg,77,pointwise_conv,1x64x14x14,2.4108
3,0,imagen.jpeg,78,batchnorm,1x384x14x14,0.119113
3,0,imagen.jpeg,79,activacion,1x384x14x14,0.243222
3,0,imagen.jpeg,80,depthwise_conv,1x384x14x14,0.922434
3,0,imagen.jpeg,81,batchnorm,1x384x14x14,0.441709
3,0,imagen.jpeg,82,activacion,1x384x14x14,0.201006
3,0,imagen.jpeg,83,pointwise_conv,1x384x14x14,2.386657
3,0,imagen.jpeg,84,batchnorm,1x64x14x14,0.019392
3,0,imagen.jpeg,85,layer_add,1x64x14x14,0.005525
3,0,imagen.jpeg,86,pointwise_conv,1x64x14x14,2.409378
3,0,imagen.jpeg,87,batchnorm,1x384x14x14,0.125445
3,0,imagen.jpeg,88,activacion,1x384x14x14,0.228633
3,0,imagen.jpeg,89,depthwise_conv,1x384x14x14,0.928506
3,0,imagen.jpeg,90,batchnorm,1x384x14x14,0.115312
3,0,imagen.jpeg,91,activacion,1x384x14x14,0.211006
3,0,imagen.jpeg,92,pointwise_conv,1x384x14x14,3.59004
3,0,imagen.jpeg,93,batchnorm,1x96x14x14,0.02901
3,0,imagen.jpeg,94,pointwise_conv,1x96x14x14,5.393695
3,0,imagen.jpeg,95,batchnorm,1x576x14x14,0.175589
3,0,imagen.jpeg,96,activacion,1x576x14x14,0.32801
3,0,imagen.jpeg,97,depthwise_conv,1x576x14x14,1.386357
3,0,imagen.jpeg,98,batchnorm,1x576x14x14,0.502592
3,0,imagen.jpeg,99,activacion,1x576x14x14,0.288288
3,0,imagen.jpeg,100,pointwise_conv,1x576x14x14,5.375932
3,0,imagen.jpeg,101,batchnorm,1x96x14x14,0.028935
3,0,imagen.jpeg,102,layer_add,1x96x14x14,0.008759
3,0,imagen.jpeg,103,pointwise_conv,1x96x14x14,5.403619
3,0,imagen.jpeg,104,batchnorm,1x576x14x14,0.172971
3,0,imagen.jpeg,105,activacion,1x576x14x14,0.329792
3,0,imagen.jpeg,106,depthwise_conv,1x576x14x14,1.397283
3,0,imagen.jpeg,107,batchnorm,1x576x14x14,0.436639
3,0,imagen.jpeg,108,activacion,1x576x14x14,0.25852
3,0,imagen.jpeg,109,pointwise_conv,1x576x14x14,5.381429
3,0,imagen.jpeg,110,batchnorm,1x96x14x14,0.028915
3,0,imagen.jpeg,111,layer_add,1x96x14x14,0.008468
3,0,imagen.jpeg,112,pointwise_conv,1x96x14x14,5.402786
3,0,imagen.jpeg,113,batchnorm,1x576x14x14,0.172749
3,0,imagen.jpeg,114,activacion,1x576x14x14,0.283238
3,0,imagen.jpeg,115,depthwise_conv,1x576x14x14,0.35692
3,0,imagen.jpeg,116,batchnorm,1x576x7x7,0.061183
3,0,imagen.jpeg,117,activacion,1x576x7x7,0.049725
3,0,imagen.jpeg,118,pointwise_conv,1x576x7x7,2.160639
3,0,imagen.jpeg,119,batchnorm,1x160x7x7,0.012715
3,0,imagen.jpeg,120,pointwise_conv,1x160x7x7,3.70957
3,0,imagen.jpeg,121,batchnorm,1x960x7x7,0.074426
3,0,imagen.jpeg,122,activacion,1x960x7x7,0.133951
3,0,imagen.jpeg,123,depthwise_conv,1x960x7x7,0.591374
3,0,imagen.jpeg,124,batchnorm,1x960x7x7,0.074495
3,0,imagen.jpeg,125,activacion,1x960x7x7,0.128724
3,0,imagen.jpeg,126,pointwise_conv,1x960x7x7,3.577693
3,0,imagen.jpeg,127,batchnorm,1x160x7x7,0.012594
3,0,imagen.jpeg,128,layer_add,1x160x7x7,0.003531
3,0,imagen.jpeg,129,pointwise_conv,1x160x7x7,3.594895
3,0,imagen.jpeg,130,batchnorm,1x960x7x7,0.07842
3,0,imagen.jpeg,131,activacion,1x960x7x7,0.126884
3,0,imagen.jpeg,132,depthwise_conv,1x960x7x7,0.558407
3,0,imagen.jpeg,133,batchnorm,1x960x7x7,0.123745
3,0,imagen.jpeg,134,activacion,1x960x7x7,0.112169
3,0,imagen.jpeg,135,pointwise_conv,1x960x7x7,3.573365
3,0,imagen.jpeg,136,batchnorm,1x160x7x7,0.012491
3,0,imagen.jpeg,137,layer_add,1x160x7x7,0.003904
3,0,imagen.jpeg,138,pointwise_conv,1x160x7x7,3.586969
3,0,imagen.jpeg,139,batchnorm,1x960x7x7,0.074371
3,0,imagen.jpeg,140,activacion,1x960x7x7,0.102274
3,0,imagen.jpeg,141,depthwise_conv,1x960x7x7,0.573049
3,0,imagen.jpeg,142,batchnorm,1x960x7x7,0.090755
3,0,imagen.jpeg,143,activacion,1x960x7x7,0.057333
3,0,imagen.jpeg,144,pointwise_conv,1x960x7x7,7.147254
3,0,imagen.jpeg,145,batchnorm,1x320x7x7,0.025106
3,0,imagen.jpeg,146,pointwise_conv,1x320x7x7,9.561511
3,0,imagen.jpeg,147,batchnorm,1x1280x7x7,0.09917
3,0,imagen.jpeg,148,activacion,1x1280x7x7,0.159772
3,0,imagen.jpeg,149,pooling,1x1280x7x7,0.033615
3,0,imagen.jpeg,150,linear,1x1280,1.149943
4,0,imagen.jpeg,0,conv2d,1x3x224x224,17.243137
4,0,imagen.jpeg,1,batchnorm,1x32x112x112,0.615649
4,0,imagen.jpeg,2,activacion,1x32x112x112,0.402258
4,0,imagen.jpeg,3,depthwise_conv,1x32x112x112,4.724925
4,0,imagen.jpeg,4,batchnorm,1x32x112x112,9.11537
4,0,imagen.jpeg,5,activacion,1x32x112x112,0.487245
4,0,imagen.jpeg,6,pointwise_conv,1x32x112x112,3.061334
4,0,imagen.jpeg,7,batchnorm,1x16x112x112,0.304889
4,0,imagen.jpeg,8,pointwise_conv,1x16x112x112,9.272365
4,0,imagen.jpeg,9,batchnorm,1x96x112x112,1.851244
4,0,imagen.jpeg,10,activacion,1x96x112x112,2.799227
4,0,imagen.jpeg,11,depthwise_conv,1x96x112x112,3.653099
4,0,imagen.jpeg,12,batchnorm,1x96x56x56,0.457153
4,0,imagen.jpeg,13,activacion,1x96x56x56,0.88555
4,0,imagen.jpeg,14,pointwise_conv,1x96x56x56,3.372029
4,0,imagen.jpeg,15,batchnorm,1x24x56x56,0.114022
4,0,imagen.jpeg,16,pointwise_conv,1x24x56x56,5.121304
4,0,imagen.jpeg,17,batchnorm,1x144x56x56,0.687599
4,0,imagen.jpeg,18,activacion,1x144x56x56,1.007859
4,0,imagen.jpeg,19,depthwise_conv,1x144x56x56,5.389751
4,0,imagen.jpeg,20,batchnorm,1x144x56x56,0.712604
4,0,imagen.jpeg,21,activacion,1x144x56x56,1.440883
4,0,imagen.jpeg,22,pointwise_conv,1x144x56x56,5.089854
4,0,imagen.jpeg,23,batchnorm,1x24x56x56,0.114206
4,0,imagen.jpeg,24,layer_add,1x24x56x56,0.034864
4,0,imagen.jpeg,25,pointwise_conv,1x24x56x56,5.110166
4,0,imagen.jpeg,26,batchnorm,1x144x56x56,0.690018
4,0,imagen.jpeg,27,activacion,1x144x56x56,1.336427
4,0,imagen.jpeg,28,depthwise_conv,1x144x56x56,1.382003
4,0,imagen.jpeg,29,batchnorm,1x144x28x28,0.171968
4,0,imagen.jpeg,30,activacion,1x144x28x28,0.299326
4,0,imagen.jpeg,31,pointwise_conv,1x144x28x28,1.709174
4,0,imagen.jpeg,32,batchnorm,1x32x28x28,0.041296
4,0,imagen.jpeg,33,pointwise_conv,1x32x28x28,2.293277
4,0,imagen.jpeg,34,batchnorm,1x192x28x28,0.22904
4,0,imagen.jpeg,35,activacion,1x192x28x28,0.293099
4,0,imagen.jpeg,36,depthwise_conv,1x192x28x28,1.816953
4,0,imagen.jpeg,37,batchnorm,1x192x28x28,0.229152
4,0,imagen.jpeg,38,activacion,1x192x28x28,0.478294
4,0,imagen.jpeg,39,pointwise_conv,1x192x28x28,2.266768
4,0,imagen.jpeg,40,batchnorm,1x32x28x28,0.038274
4,0,imagen.jpeg,41,layer_add,1x32x28x28,0.011266
4,0,imagen.jpeg,42,pointwise_conv,1x32x28x28,2.295703
4,0,imagen.jpeg,43,batchnorm,1x192x28x28,0.228988
4,0,imagen.jpeg,44,activacion,1x192x28x28,0.3673
4,0,imagen.jpeg,45,depthwise_conv,1x192x28x28,1.752027
4,0,imagen.jpeg,46,batchnorm,1x192x28x28,0.229211
4,0,imagen.jpeg,47,activacion,1x192x28x28,0.465605
4,0,imagen.jpeg,48,pointwise_conv,1x192x28x28,2.267988
4,0,imagen.jpeg,49,batchnorm,1x32x28x28,0.038293
4,0,imagen.jpeg,50,layer_add,1x32x28x28,0.011873
4,0,imagen.jpeg,51,pointwise_conv,1x32x28x28,2.297318
4,0,imagen.jpeg,52,batchnorm,1x192x28x28,0.229086
4,0,imagen.jpeg,53,activacion,1x192x28x28,0.432259
4,0,imagen.jpeg,54,depthwise_conv,1x192x28x28,0.480403
4,0,imagen.jpeg,55,batchnorm,1x192x14x14,0.057691
4,0,imagen.jpeg,56,activacion,1x192x14x14,0.081989
4,0,imagen.jpeg,57,pointwise_conv,1x192x14x14,1.195026
4,0,imagen.jpeg,58,batchnorm,1x64x14x14,0.019427
4,0,imagen.jpeg,59,pointwise_conv,1x64x14x14,2.407799
4,0,imagen.jpeg,60,batchnorm,1x384x14x14,0.115374
4,0,imagen.jpeg,61,activacion,1x384x14x14,0.158086
4,0,imagen.jpeg,62,depthwise_conv,1x384x14x14,0.931553
4,0,imagen.jpeg,63,batchnorm,1x384x14x14,0.115322
4,0,imagen.jpeg,64,activacion,1x384x14x14,0.244904
4,0,imagen.jpeg,65,pointwise_conv,1x384x14x14,2.390101
4,0,imagen.jpeg,66,batchnorm,1x64x14x14,0.019335
4,0,imagen.jpeg,67,layer_add,1x64x14x14,0.009371
4,0,imagen.jpeg,68,pointwise_conv,1x64x14x14,2.407317
4,0,imagen.jpeg,69,batchnorm,1x384x14x14,0.1153
4,0,imagen.jpeg,70,activacion,1x384x14x14,0.206501
4,0,imagen.jpeg,71,depthwise_conv,1x384x14x14,0.931167
4,0,imagen.jpeg,72,batchnorm,1x384x14x14,0.249418
4,0,imagen.jpeg,73,activacion,1x384x14x14,0.222855
4,0,imagen.jpeg,74,pointwise_conv,1x384x14x14,2.387074
4,0,imagen.jpeg,75,batchnorm,1x64x14x14,0.01939
4,0,imagen.jpeg,76,layer_add,1x64x14x14,0.005528
4,0,imagen.jpeg,77,pointwise_conv,1x64x14x14,2.409433
4,0,imagen.jpeg,78,batchnorm,1x384x14x14,0.115139
4,0,imagen.jpeg,79,activacion,1x384x14x14,0.228495
4,0,imagen.jpeg,80,depthwise_conv,1x384x14x14,0.932594
4,0,imagen.jpeg,81,batchnorm,1x384x14x14,0.444434
4,0,imagen.jpeg,82,activacion,1x384x14x14,0.199274
4,0,imagen.jpeg,83,pointwise_conv,1x384x14x14,2.38701
4,0,imagen.jpeg,84,batchnorm,1x64x14x14,0.019403
4,0,imagen.jpeg,85,layer_add,1x64x14x14,0.00552
4,0,imagen.jpeg,86,pointwise_conv,1x64x14x14,2.40988
4,0,imagen.jpeg,87,batchnorm,1x384x14x14,0.115399
4,0,imagen.jpeg,88,activacion,1x384x14x14,0.235168
4,0,imagen.jpeg,89,depthwise_conv,1x384x14x14,0.93918
4,0,imagen.jpeg,90,batchnorm,1x384x14x14,0.115453
4,0,imagen.jpeg,91,activacion,1x384x14x14,0.21596
4,0,imagen.jpeg,92,pointwise_conv,1x384x14x14,3.585441
4,0,imagen.jpeg,93,batchnorm,1x96x14x14,0.028979
4,0,imagen.jpeg,94,pointwise_conv,1x96x14x14,5.41627
4,0,imagen.jpeg,95,batchnorm,1x576x14x14,0.173084
4,0,imagen.jpeg,96,activacion,1x576x14x14,0.326668
4,0,imagen.jpeg,97,depthwise_conv,1x576x14x14,1.392589
4,0,imagen.jpeg,98,batchnorm,1x576x14x14,0.499238
4,0,imagen.jpeg,99,activacion,1x576x14x14,0.293311
4,0,imagen.jpeg,100,pointwise_conv,1x576x14x14,5.366195
4,0,imagen.jpeg,101,batchnorm,1x96x14x14,0.02893
4,0,imagen.jpeg,102,layer_add,1x96x14x14,0.008216
4,0,imagen.jpeg,103,pointwise_conv,1x96x14x14,5.423773
4,0,imagen.jpeg,104,batchnorm,1x576x14x14,0.173131
4,0,imagen.jpeg,105,activacion,1x576x14x14,0.327191
4,0,imagen.jpeg,106,depthwise_conv,1x576x14x14,1.399579
4,0,imagen.jpeg,107,batchnorm,1x576x14x14,0.434006
4,0,imagen.jpeg,108,activacion,1x576x14x14,0.256493
4,0,imagen.jpeg,109,pointwise_conv,1x576x14x14,5.371831
4,0,imagen.jpeg,110,batchnorm,1x96x14x14,0.028927
4,0,imagen.jpeg,111,layer_add,1x96x14x14,0.008269
4,0,imagen.jpeg,112,pointwise_conv,1x96x14x14,5.404024
4,0,imagen.jpeg,113,batchnorm,1x576x14x14,0.172849
4,0,imagen.jpeg,114,activacion,1x576x14x14,0.284938
4,0,imagen.jpeg,115,depthwise_conv,1x576x14x14,0.362447
4,0,imagen.jpeg,116,batchnorm,1x576x7x7,0.061155
4,0,imagen.jpeg,117,activacion,1x576x7x7,0.049499
4,0,imagen.jpeg,118,pointwise_conv,1x576x7x7,2.143431
4,0,imagen.jpeg,119,batchnorm,1x160x7x7,0.015897
4,0,imagen.jpeg,120,pointwise_conv,1x160x7x7,3.579834
4,0,imagen.jpeg,121,batchnorm,1x960x7x7,0.07444
4,0,imagen.jpeg,122,activacion,1x960x7x7,0.133966
4,0,imagen.jpeg,123,depthwise_conv,1x960x7x7,0.590409
4,0,imagen.jpeg,124,batchnorm,1x960x7x7,0.074525
4,0,imagen.jpeg,125,activacion,1x960x7x7,0.12873
4,0,imagen.jpeg,126,pointwise_conv,1x960x7x7,3.568841
4,0,imagen.jpeg,127,batchnorm,1x160x7x7,0.012589
4,0,imagen.jpeg,128,layer_add,1x160x7x7,0.003516
4,0,imagen.jpeg,129,pointwise_conv,1x160x7x7,3.583431
4,0,imagen.jpeg,130,batchnorm,1x960x7x7,0.074381
4,0,imagen.jpeg,131,activacion,1x960x7x7,0.126545
4,0,imagen.jpeg,132,depthwise_conv,1x960x7x7,0.561169
4,0,imagen.jpeg,133,batchnorm,1x960x7x7,0.123653
4,0,imagen.jpeg,134,activacion,1x960x7x7,0.109766
4,0,imagen.jpeg,135,pointwise_conv,1x960x7x7,3.567247
4,0,imagen.jpeg,136,batchnorm,1x160x7x7,0.01249
4,0,imagen.jpeg,137,layer_add,1x160x7x7,0.004012
4,0,imagen.jpeg,138,pointwise_conv,1x160x7x7,3.596704
4,0,imagen.jpeg,139,batchnorm,1x960x7x7,0.074392
4,0,imagen.jpeg,140,activacion,1x960x7x7,0.102707
4,0,imagen.jpeg,141,depthwise_conv,1x960x7x7,0.590473
4,0,imagen.jpeg,142,batchnorm,1x960x7x7,0.096247
4,0,imagen.jpeg,143,activacion,1x960x7x7,0.05746
4,0,imagen.jpeg,144,pointwise_conv,1x960x7x7,7.15205
4,0,imagen.jpeg,145,batchnorm,1x320x7x7,0.024982
4,0,imagen.jpeg,146,pointwise_conv,1x320x7x7,9.556007
4,0,imagen.jpeg,147,batchnorm,1x1280x7x7,0.099184
4,0,imagen.jpeg,148,activacion,1x1280x7x7,0.159256
4,0,imagen.jpeg,149,pooling,1x1280x7x7,0.033604
4,0,imagen.jpeg,150,linear,1x1280,1.101986
5,0,imagen.jpeg,0,conv2d,1x3x224x224,17.095948
5,0,imagen.jpeg,1,batchnorm,1x32x112x112,0.643519
5,0,imagen.jpeg,2,activacion,1x32x112x112,0.412141
5,0,imagen.jpeg,3,depthwise_conv,1x32x112x112,4.809365
5,0,imagen.jpeg,4,batchnorm,1x32x112x112,8.969258
5,0,imagen.jpeg,5,activacion,1x32x112x112,0.487258
5,0,imagen.jpeg,6,pointwise_conv,1x32x112x112,3.018148
5,0,imagen.jpeg,7,batchnorm,1x16x112x112,0.305078
5,0,imagen.jpeg,8,pointwise_conv,1x16x112x112,9.254778
5,0,imagen.jpeg,9,batchnorm,1x96x112x112,1.837673
5,0,imagen.jpeg,10,activacion,1x96x112x112,2.785929
5,0,imagen.jpeg,11,depthwise_conv,1x96x112x112,3.66847
5,0,imagen.jpeg,12,batchnorm,1x96x56x56,0.464835
5,0,imagen.jpeg,13,activacion,1x96x56x56,0.88011
5,0,imagen.jpeg,14,pointwise_conv,1x96x56x56,3.386234
5,0,imagen.jpeg,15,batchnorm,1x24x56x56,0.120595
5,0,imagen.jpeg,16,pointwise_conv,1x24x56x56,5.151752
5,0,imagen.jpeg,17,batchnorm,1x144x56x56,0.686827
5,0,imagen.jpeg,18,activacion,1x144x56x56,1.009159
5,0,imagen.jpeg,19,depthwise_conv,1x144x56x56,5.426967
5,0,imagen.jpeg,20,batchnorm,1x144x56x56,0.688458
5,0,imagen.jpeg,21,activacion,1x144x56x56,1.457835
5,0,imagen.jpeg,22,pointwise_conv,1x144x56x56,5.067427
5,0,imagen.jpeg,23,batchnorm,1x24x56x56,0.114159
5,0,imagen.jpeg,24,layer_add,1x24x56x56,0.033978
5,0,imagen.jpeg,25,pointwise_conv,1x24x56x56,5.110584
5,0,imagen.jpeg,26,batchnorm,1x144x56x56,0.68967
5,0,imagen.jpeg,27,activacion,1x144x56x56,1.337492
5,0,imagen.jpeg,28,depthwise_conv,1x144x56x56,1.371368
5,0,imagen.jpeg,29,batchnorm,1x144x28x28,0.177151
5,0,imagen.jpeg,30,activacion,1x144x28x28,0.299845
5,0,imagen.jpeg,31,pointwise_conv,1x144x28x28,1.702218
5,0,imagen.jpeg,32,batchnorm,1x32x28x28,0.038395
5,0,imagen.jpeg,33,pointwise_conv,1x32x28x28,2.295014
5,0,imagen.jpeg,34,batchnorm,1x192x28x28,0.229293
5,0,imagen.jpeg,35,activacion,1x192x28x28,0.297537
5,0,imagen.jpeg,36,depthwise_conv,1x192x28x28,1.837987
5,0,imagen.jpeg,37,batchnorm,1x192x28x28,0.248107
5,0,imagen.jpeg,38,activacion,1x192x28x28,0.495003
5,0,imagen.jpeg,39,pointwise_conv,1x192x28x28,2.272371
5,0,imagen.jpeg,40,batchnorm,1x32x28x28,0.041752
5,0,imagen.jpeg,41,layer_add,1x32x28x28,0.011631
5,0,imagen.jpeg,42,pointwise_conv,1x32x28x28,2.29586
5,0,imagen.jpeg,43,batchnorm,1x192x28x28,0.229236
5,0,imagen.jpeg,44,activacion,1x192x28x28,0.366466
5,0,imagen.jpeg,45,depthwise_conv,1x192x28x28,1.839719
5,0,imagen.jpeg,46,batchnorm,1x192x28x28,0.230858
5,0,imagen.jpeg,47,activacion,1x192x28x28,0.47628
5,0,imagen.jpeg,48,pointwise_conv,1x192x28x28,2.265276
5,0,imagen.jpeg,49,batchnorm,1x32x28x28,0.0383
5,0,imagen.jpeg,50,layer_add,1x32x28x28,0.01219
5,0,imagen.jpeg,51,pointwise_conv,1x32x28x28,2.295825
5,0,imagen.jpeg,52,batchnorm,1x192x28x28,0.229304
5,0,imagen.jpeg,53,activacion,1x192x28x28,0.429718
5,0,imagen.jpeg,54,depthwise_conv,1x192x28x28,0.478081
5,0,imagen.jpeg,55,batchnorm,1x192x14x14,0.057692
5,0,imagen.jpeg,56,activacion,1x192x14x14,0.077954
5,0,imagen.jpeg,57,pointwise_conv,1x192x14x14,1.19673
5,0,imagen.jpeg,58,batchnorm,1x64x14x14,0.019416
5,0,imagen.jpeg,59,pointwise_conv,1x64x14x14,2.411083
5,0,imagen.jpeg,60,batchnorm,1x384x14x14,0.119095
5,0,imagen.jpeg,61,activacion,1x384x14x14,0.154032
5,0,imagen.jpeg,62,depthwise_conv,1x384x14x14,0.932302
5,0,imagen.jpeg,63,batchnorm,1x384x14x14,0.114994
5,0,imagen.jpeg,64,activacion,1x384x14x14,0.242174
5,0,imagen.jpeg,65,pointwise_conv,1x384x14x14,2.389526
5,0,imagen.jpeg,66,batchnorm,1x64x14x14,0.019394
5,0,imagen.jpeg,67,layer_add,1x64x14x14,0.005885
5,0,imagen.jpeg,68,pointwise_conv,1x64x14x14,2.410646
5,0,imagen.jpeg,69,batchnorm,1x384x14x14,0.115226
5,0,imagen.jpeg,70,activacion,1x384x14x14,0.205271
5,0,imagen.jpeg,71,depthwise_conv,1x384x14x14,0.932705
5,0,imagen.jpeg,72,batchnorm,1x384x14x14,0.249115
5,0,imagen.jpeg,73,activacion,1x384x14x14,0.222834
5,0,imagen.jpeg,74,pointwise_conv,1x384x14x14,2.388868
5,0,imagen.jpeg,75,batchnorm,1x64x14x14,0.019369
5,0,imagen.jpeg,76,layer_add,1x64x14x14,0.005551
5,0,imagen.jpeg,77,pointwise_conv,1x64x14x14,2.409407
5,0,imagen.jpeg,78,batchnorm,1x384x14x14,0.115273
5,0,imagen.jpeg,79,activacion,1x384x14x14,0.228166
5,0,imagen.jpeg,80,depthwise_conv,1x384x14x14,0.913464
5,0,imagen.jpeg,81,batchnorm,1x384x14x14,0.44463
5,0,imagen.jpeg,82,activacion,1x384x14x14,0.200461
5,0,imagen.jpeg,83,pointwise_conv,1x384x14x14,2.388316
5,0,imagen.jpeg,84,batchnorm,1x64x14x14,0.019426
5,0,imagen.jpeg,85,layer_add,1x64x14x14,0.005557
5,0,imagen.jpeg,86,pointwise_conv,1x64x14x14,2.41362
5,0,imagen.jpeg,87,batchnorm,1x384x14x14,0.115368
5,0,imagen.jpeg,88,activacion,1x384x14x14,0.227671
5,0,imagen.jpeg,89,depthwise_conv,1x384x14x14,0.932547
5,0,imagen.jpeg,90,batchnorm,1x384x14x14,0.115356
5,0,imagen.jpeg,91,activacion,1x384x14x14,0.216698
5,0,imagen.jpeg,92,pointwise_conv,1x384x14x14,3.577227
5,0,imagen.jpeg,93,batchnorm,1x96x14x14,0.028967
5,0,imagen.jpeg,94,pointwise_conv,1x96x14x14,5.402244
5,0,imagen.jpeg,95,batchnorm,1x576x14x14,0.178391
5,0,imagen.jpeg,96,activacion,1x576x14x14,0.327993
5,0,imagen.jpeg,97,depthwise_conv,1x576x14x14,1.408247
5,0,imagen.jpeg,98,batchnorm,1x576x14x14,0.502647
5,0,imagen.jpeg,99,activacion,1x576x14x14,0.305141
5,0,imagen.jpeg,100,pointwise_conv,1x576x14x14,5.3831
5,0,imagen.jpeg,101,batchnorm,1x96x14x14,0.029069
5,0,imagen.jpeg,102,layer_add,1x96x14x14,0.009108
5,0,imagen.jpeg,103,pointwise_conv,1x96x14x14,5.42761
5,0,imagen.jpeg,104,batchnorm,1x576x14x14,0.176191
5,0,imagen.jpeg,105,activacion,1x576x14x14,0.327636
5,0,imagen.jpeg,106,depthwise_conv,1x576x14x14,1.399611
5,0,imagen.jpeg,107,batchnorm,1x576x14x14,0.433891
5,0,imagen.jpeg,108,activacion,1x576x14x14,0.260914
5,0,imagen.jpeg,109,pointwise_conv,1x576x14x14,5.386871
5,0,imagen.jpeg,110,batchnorm,1x96x14x14,0.028889
5,0,imagen.jpeg,111,layer_add,1x96x14x14,0.008936
5,0,imagen.jpeg,112,pointwise_conv,1x96x14x14,5.440571
5,0,imagen.jpeg,113,batchnorm,1x576x14x14,0.193334
5,0,imagen.jpeg,114,activacion,1x576x14x14,0.300219
5,0,imagen.jpeg,115,depthwise_conv,1x576x14x14,0.38803
5,0,imagen.jpeg,116,batchnorm,1x576x7x7,0.079996
5,0,imagen.jpeg,117,activacion,1x576x7x7,0.049724
5,0,imagen.jpeg,118,pointwise_conv,1x576x7x7,2.158005
5,0,imagen.jpeg,119,batchnorm,1x160x7x7,0.012795
5,0,imagen.jpeg,120,pointwise_conv,1x160x7x7,3.636743
5,0,imagen.jpeg,121,batchnorm,1x960x7x7,0.076918
5,0,imagen.jpeg,122,activacion,1x960x7x7,0.134095
5,0,imagen.jpeg,123,depthwise_conv,1x960x7x7,0.589905
5,0,imagen.jpeg,124,batchnorm,1x960x7x7,0.077503
5,0,imagen.jpeg,125,activacion,1x960x7x7,0.127204
5,0,imagen.jpeg,126,pointwise_conv,1x960x7x7,3.572168
5,0,imagen.jpeg,127,batchnorm,1x160x7x7,0.012571
5,0,imagen.jpeg,128,layer_add,1x160x7x7,0.00369
5,0,imagen.jpeg,129,pointwise_conv,1x160x7x7,3.592032
5,0,imagen.jpeg,130,batchnorm,1x960x7x7,0.074379
5,0,imagen.jpeg,131,activacion,1x960x7x7,0.125837
5,0,imagen.jpeg,132,depthwise_conv,1x960x7x7,0.590424
5,0,imagen.jpeg,133,batchnorm,1x960x7x7,0.12361
5,0,imagen.jpeg,134,activacion,1x960x7x7,0.121811
5,0,imagen.jpeg,135,pointwise_conv,1x960x7x7,3.583964
5,0,imagen.jpeg,136,batchnorm,1x160x7x7,0.012524
5,0,imagen.jpeg,137,layer_add,1x160x7x7,0.00382
5,0,imagen.jpeg,138,pointwise_conv,1x160x7x7,3.590273
5,0,imagen.jpeg,139,batchnorm,1x960x7x7,0.074375
5,0,imagen.jpeg,140,activacion,1x960x7x7,0.103317
5,0,imagen.jpeg,141,depthwise_conv,1x960x7x7,0.586156
5,0,imagen.jpeg,142,batchnorm,1x960x7x7,0.090819
5,0,imagen.jpeg,143,activacion,1x960x7x7,0.057354
5,0,imagen.jpeg,144,pointwise_conv,1x960x7x7,7.135311
5,0,imagen.jpeg,145,batchnorm,1x320x7x7,0.024995
5,0,imagen.jpeg,146,pointwise_conv,1x320x7x7,9.548833
5,0,imagen.jpeg,147,batchnorm,1x1280x7x7,0.101846
5,0,imagen.jpeg,148,activacion,1x1280x7x7,0.160607
5,0,imagen.jpeg,149,pooling,1x1280x7x7,0.033637
5,0,imagen.jpeg,150,linear,1x1280,1.139399
6,0,imagen.jpeg,0,conv2d,1x3x224x224,17.249437
6,0,imagen.jpeg,1,batchnorm,1x32x112x112,0.62235
6,0,imagen.jpeg,2,activacion,1x32x112x112,0.406561
6,0,imagen.jpeg,3,depthwise_conv,1x32x112x112,4.826344
6,0,imagen.jpeg,4,batchnorm,1x32x112x112,8.99446
6,0,imagen.jpeg,5,activacion,1x32x112x112,0.491328
6,0,imagen.jpeg,6,pointwise_conv,1x32x112x112,3.038994
6,0,imagen.jpeg,7,batchnorm,1x16x112x112,0.316507
6,0,imagen.jpeg,8,pointwise_conv,1x16x112x112,9.265602
6,0,imagen.jpeg,9,batchnorm,1x96x112x112,1.858739
6,0,imagen.jpeg,10,activacion,1x96x112x112,2.787756
6,0,imagen.jpeg,11,depthwise_conv,1x96x112x112,3.765295
6,0,imagen.jpeg,12,batchnorm,1x96x56x56,0.456984
6,0,imagen.jpeg,13,activacion,1x96x56x56,0.88584
6,0,imagen.jpeg,14,pointwise_conv,1x96x56x56,3.36173
6,0,imagen.jpeg,15,batchnorm,1x24x56x56,0.11412
6,0,imagen.jpeg,16,pointwise_conv,1x24x56x56,5.139779
6,0,imagen.jpeg,17,batchnorm,1x144x56x56,0.689216
6,0,imagen.jpeg,18,activacion,1x144x56x56,1.012487
6,0,imagen.jpeg,19,depthwise_conv,1x144x56x56,5.425407
6,0,imagen.jpeg,20,batchnorm,1x144x56x56,0.710046
6,0,imagen.jpeg,21,activacion,1x144x56x56,1.442594
6,0,imagen.jpeg,22,pointwise_conv,1x144x56x56,5.076244
6,0,imagen.jpeg,23,batchnorm,1x24x56x56,0.125411
6,0,imagen.jpeg,24,layer_add,1x24x56x56,0.037718
6,0,imagen.jpeg,25,pointwise_conv,1x24x56x56,5.111301
6,0,imagen.jpeg,26,batchnorm,1x144x56x56,0.694573
6,0,imagen.jpeg,27,activacion,1x144x56x56,1.34728
6,0,imagen.jpeg,28,depthwise_conv,1x144x56x56,1.408351
6,0,imagen.jpeg,29,batchnorm,1x144x28x28,0.176146
6,0,imagen.jpeg,30,activacion,1x144x28x28,0.302001
6,0,imagen.jpeg,31,pointwise_conv,1x144x28x28,1.706211
6,0,imagen.jpeg,32,batchnorm,1x32x28x28,0.038387
6,0,imagen.jpeg,33,pointwise_conv,1x32x28x28,2.306603
6,0,imagen.jpeg,34,batchnorm,1x192x28x28,0.247135
6,0,imagen.jpeg,35,activacion,1x192x28x28,0.301786
6,0,imagen.jpeg,36,depthwise_conv,1x192x28x28,1.837616
6,0,imagen.jpeg,37,batchnorm,1x192x28x28,0.232398
6,0,imagen.jpeg,38,activacion,1x192x28x28,0.480375
6,0,imagen.jpeg,39,pointwise_conv,1x192x28x28,2.269081
6,0,imagen.jpeg,40,batchnorm,1x32x28x28,0.038346
6,0,imagen.jpeg,41,layer_add,1x32x28x28,0.011533
6,0,imagen.jpeg,42,pointwise_conv,1x32x28x28,2.295609
6,0,imagen.jpeg,43,batchnorm,1x192x28x28,0.229215
6,0,imagen.jpeg,44,activacion,1x192x28x28,0.366773
6,0,imagen.jpeg,45,depthwise_conv,1x192x28x28,1.830715
6,0,imagen.jpeg,46,batchnorm,1x192x28x28,0.229337
6,0,imagen.jpeg,47,activacion,1x192x28x28,0.466693
6,0,imagen.jpeg,48,pointwise_conv,1x192x28x28,2.265979
6,0,imagen.jpeg,49,batchnorm,1x32x28x28,0.038293
6,0,imagen.jpeg,50,layer_add,1x32x28x28,0.01175
6,0,imagen.jpeg,51,pointwise_conv,1x32x28x28,2.295519
6,0,imagen.jpeg,52,batchnorm,1x192x28x28,0.22935
6,0,imagen.jpeg,53,activacion,1x192x28x28,0.4331
6,0,imagen.jpeg,54,depthwise_conv,1x192x28x28,0.476877
6,0,imagen.jpeg,55,batchnorm,1x192x14x14,0.061052
6,0,imagen.jpeg,56,activacion,1x192x14x14,0.077925
6,0,imagen.jpeg,57,pointwise_conv,1x192x14x14,1.20053
6,0,imagen.jpeg,58,batchnorm,1x64x14x14,0.019408
6,0,imagen.jpeg,59,pointwise_conv,1x64x14x14,2.410227
6,0,imagen.jpeg,60,batchnorm,1x384x14x14,0.117921
6,0,imagen.jpeg,61,activacion,1x384x14x14,0.153541
6,0,imagen.jpeg,62,depthwise_conv,1x384x14x14,0.932602
6,0,imagen.jpeg,63,batchnorm,1x384x14x14,0.115445
6,0,imagen.jpeg,64,activacion,1x384x14x14,0.244755
6,0,imagen.jpeg,65,pointwise_conv,1x384x14x14,2.390034
6,0,imagen.jpeg,66,batchnorm,1x64x14x14,0.019313
6,0,imagen.jpeg,67,layer_add,1x64x14x14,0.005564
6,0,imagen.jpeg,68,pointwise_conv,1x64x14x14,2.411122
6,0,imagen.jpeg,69,batchnorm,1x384x14x14,0.115314
6,0,imagen.jpeg,70,activacion,1x384x14x14,0.205845
6,0,imagen.jpeg,71,depthwise_conv,1x384x14x14,0.933893
6,0,imagen.jpeg,72,batchnorm,1x384x14x14,0.248333
6,0,imagen.jpeg,73,activacion,1x384x14x14,0.220644
6,0,imagen.jpeg,74,pointwise_conv,1x384x14x14,2.397649
6,0,imagen.jpeg,75,batchnorm,1x64x14x14,0.019367
6,0,imagen.jpeg,76,layer_add,1x64x14x14,0.005539
6,0,imagen.jpeg,77,pointwise_conv,1x64x14x14,2.417292
6,0,imagen.jpeg,78,batchnorm,1x384x14x14,0.117198
6,0,imagen.jpeg,79,activacion,1x384x14x14,0.228416
6,0,imagen.jpeg,80,depthwise_conv,1x384x14x14,0.928703
6,0,imagen.jpeg,81,batchnorm,1x384x14x14,0.44791
6,0,imagen.jpeg,82,activacion,1x384x14x14,0.200702
6,0,imagen.jpeg,83,pointwise_conv,1x384x14x14,2.390808
6,0,imagen.jpeg,84,batchnorm,1x64x14x14,0.01943
6,0,imagen.jpeg,85,layer_add,1x64x14x14,0.005515
6,0,imagen.jpeg,86,pointwise_conv,1x64x14x14,2.409157
6,0,imagen.jpeg,87,batchnorm,1x384x14x14,0.115136
6,0,imagen.jpeg,88,activacion,1x384x14x14,0.228422
6,0,imagen.jpeg,89,depthwise_conv,1x384x14x14,0.93331
6,0,imagen.jpeg,90,batchnorm,1x384x14x14,0.115365
6,0,imagen.jpeg,91,activacion,1x384x14x14,0.217664
6,0,imagen.jpeg,92,pointwise_conv,1x384x14x14,3.588288
6,0,imagen.jpeg,93,batchnorm,1x96x14x14,0.028994
6,0,imagen.jpeg,94,pointwise_conv,1x96x14x14,5.399685
6,0,imagen.jpeg,95,batchnorm,1x576x14x14,0.172663
6,0,imagen.jpeg,96,activacion,1x576x14x14,0.327388
6,0,imagen.jpeg,97,depthwise_conv,1x576x14x14,1.392581
6,0,imagen.jpeg,98,batchnorm,1x576x14x14,0.499238
6,0,imagen.jpeg,99,activacion,1x576x14x14,0.307507
6,0,imagen.jpeg,100,pointwise_conv,1x576x14x14,5.372068
6,0,imagen.jpeg,101,batchnorm,1x96x14x14,0.028941
6,0,imagen.jpeg,102,layer_add,1x96x14x14,0.008399
6,0,imagen.jpeg,103,pointwise_conv,1x96x14x14,5.411205
6,0,imagen.jpeg,104,batchnorm,1x576x14x14,0.172924
6,0,imagen.jpeg,105,activacion,1x576x14x14,0.32772
6,0,imagen.jpeg,106,depthwise_conv,1x576x14x14,1.401583
6,0,imagen.jpeg,107,batchnorm,1x576x14x14,0.434013
6,0,imagen.jpeg,108,activacion,1x576x14x14,0.257775
6,0,imagen.jpeg,109,pointwise_conv,1x576x14x14,5.379977
6,0,imagen.jpeg,110,batchnorm,1x96x14x14,0.028897
6,0,imagen.jpeg,111,layer_add,1x96x14x14,0.00824
6,0,imagen.jpeg,112,pointwise_conv,1x96x14x14,5.403485
6,0,imagen.jpeg,113,batchnorm,1x576x14x14,0.183523
6,0,imagen.jpeg,114,activacion,1x576x14x14,0.283527
6,0,imagen.jpeg,115,depthwise_conv,1x576x14x14,0.362207
6,0,imagen.jpeg,116,batchnorm,1x576x7x7,0.061206
6,0,imagen.jpeg,117,activacion,1x576x7x7,0.049929
6,0,imagen.jpeg,118,pointwise_conv,1x576x7x7,2.144778
6,0,imagen.jpeg,119,batchnorm,1x160x7x7,0.012696
6,0,imagen.jpeg,120,pointwise_conv,1x160x7x7,3.600313
6,0,imagen.jpeg,121,batchnorm,1x960x7x7,0.076674
6,0,imagen.jpeg,122,activacion,1x960x7x7,0.138454
6,0,imagen.jpeg,123,depthwise_conv,1x960x7x7,0.587472
6,0,imagen.jpeg,124,batchnorm,1x960x7x7,0.074612
6,0,imagen.jpeg,125,activacion,1x960x7x7,0.127071
6,0,imagen.jpeg,126,pointwise_conv,1x960x7x7,3.571007
6,0,imagen.jpeg,127,batchnorm,1x160x7x7,0.01255
6,0,imagen.jpeg,128,layer_add,1x160x7x7,0.003522
6,0,imagen.jpeg,129,pointwise_conv,1x160x7x7,3.581027
6,0,imagen.jpeg,130,batchnorm,1x960x7x7,0.074395
6,0,imagen.jpeg,131,activacion,1x960x7x7,0.126557
6,0,imagen.jpeg,132,depthwise_conv,1x960x7x7,0.590349
6,0,imagen.jpeg,133,batchnorm,1x960x7x7,0.12359
6,0,imagen.jpeg,134,activacion,1x960x7x7,0.110957
6,0,imagen.jpeg,135,pointwise_conv,1x960x7x7,3.590164
6,0,imagen.jpeg,136,batchnorm,1x160x7x7,0.012529
6,0,imagen.jpeg,137,layer_add,1x160x7x7,0.003586
6,0,imagen.jpeg,138,pointwise_conv,1x160x7x7,3.581684
6,0,imagen.jpeg,139,batchnorm,1x960x7x7,0.074334
6,0,imagen.jpeg,140,activacion,1x960x7x7,0.106216
6,0,imagen.jpeg,141,depthwise_conv,1x960x7x7,0.586379
6,0,imagen.jpeg,142,batchnorm,1x960x7x7,0.090828
6,0,imagen.jpeg,143,activacion,1x960x7x7,0.057372
6,0,imagen.jpeg,144,pointwise_conv,1x960x7x7,7.145836
6,0,imagen.jpeg,145,batchnorm,1x320x7x7,0.024974
6,0,imagen.jpeg,146,pointwise_conv,1x320x7x7,9.55054
6,0,imagen.jpeg,147,batchnorm,1x1280x7x7,0.099381
6,0,imagen.jpeg,148,activacion,1x1280x7x7,0.16198
6,0,imagen.jpeg,149,pooling,1x1280x7x7,0.033614
6,0,imagen.jpeg,150,linear,1x1280,1.098043
7,0,imagen.jpeg,0,conv2d,1x3x224x224,17.18018
7,0,imagen.jpeg,1,batchnorm,1x32x112x112,0.614852
7,0,imagen.jpeg,2,activacion,1x32x112x112,0.395491
7,0,imagen.jpeg,3,depthwise_conv,1x32x112x112,4.805722
7,0,imagen.jpeg,4,batchnorm,1x32x112x112,8.984422
7,0,imagen.jpeg,5,activacion,1x32x112x112,0.496334
7,0,imagen.jpeg,6,pointwise_conv,1x32x112x112,3.036691
7,0,imagen.jpeg,7,batchnorm,1x16x112x112,0.304946
7,0,imagen.jpeg,8,pointwise_conv,1x16x112x112,9.301323
7,0,imagen.jpeg,9,batchnorm,1x96x112x112,1.861851
7,0,imagen.jpeg,10,activacion,1x96x112x112,2.845279
7,0,imagen.jpeg,11,depthwise_conv,1x96x112x112,3.651933
7,0,imagen.jpeg,12,batchnorm,1x96x56x56,0.461201
7,0,imagen.jpeg,13,activacion,1x96x56x56,0.886402
7,0,imagen.jpeg,14,pointwise_conv,1x96x56x56,3.374485
7,0,imagen.jpeg,15,batchnorm,1x24x56x56,0.113987
7,0,imagen.jpeg,16,pointwise_conv,1x24x56x56,5.128857
7,0,imagen.jpeg,17,batchnorm,1x144x56x56,0.694543
7,0,imagen.jpeg,18,activacion,1x144x56x56,1.042811
7,0,imagen.jpeg,19,depthwise_conv,1x144x56x56,5.442482
7,0,imagen.jpeg,20,batchnorm,1x144x56x56,0.713021
7,0,imagen.jpeg,21,activacion,1x144x56x56,1.451522
7,0,imagen.jpeg,22,pointwise_conv,1x144x56x56,5.105826
7,0,imagen.jpeg,23,batchnorm,1x24x56x56,0.114326
7,0,imagen.jpeg,24,layer_add,1x24x56x56,0.035276
7,0,imagen.jpeg,25,pointwise_conv,1x24x56x56,5.121981
7,0,imagen.jpeg,26,batchnorm,1x144x56x56,0.706463
7,0,imagen.jpeg,27,activacion,1x144x56x56,1.405368
7,0,imagen.jpeg,28,depthwise_conv,1x144x56x56,1.408895
7,0,imagen.jpeg,29,batchnorm,1x144x28x28,0.172139
7,0,imagen.jpeg,30,activacion,1x144x28x28,0.304786
7,0,imagen.jpeg,31,pointwise_conv,1x144x28x28,1.699599
7,0,imagen.jpeg,32,batchnorm,1x32x28x28,0.038345
7,0,imagen.jpeg,33,pointwise_conv,1x32x28x28,2.297486
7,0,imagen.jpeg,34,batchnorm,1x192x28x28,0.229501
7,0,imagen.jpeg,35,activacion,1x192x28x28,0.289675
7,0,imagen.jpeg,36,depthwise_conv,1x192x28x28,1.843508
7,0,imagen.jpeg,37,batchnorm,1x192x28x28,0.229177
7,0,imagen.jpeg,38,activacion,1x192x28x28,0.488447
7,0,imagen.jpeg,39,pointwise_conv,1x192x28x28,2.271696
7,0,imagen.jpeg,40,batchnorm,1x32x28x28,0.03829
7,0,imagen.jpeg,41,layer_add,1x32x28x28,0.012109
7,0,imagen.jpeg,42,pointwise_conv,1x32x28x28,2.305137
7,0,imagen.jpeg,43,batchnorm,1x192x28x28,0.229089
7,0,imagen.jpeg,44,activacion,1x192x28x28,0.36278
7,0,imagen.jpeg,45,depthwise_conv,1x192x28x28,1.850695
7,0,imagen.jpeg,46,batchnorm,1x192x28x28,0.239341
7,0,imagen.jpeg,47,activacion,1x192x28x28,0.466114
7,0,imagen.jpeg,48,pointwise_conv,1x192x28x28,2.266079
7,0,imagen.jpeg,49,batchnorm,1x32x28x28,0.038295
7,0,imagen.jpeg,50,layer_add,1x32x28x28,0.012255
7,0,imagen.jpeg,51,pointwise_conv,1x32x28x28,2.297985
7,0,imagen.jpeg,52,batchnorm,1x192x28x28,0.229116
7,0,imagen.jpeg,53,activacion,1x192x28x28,0.435034
7,0,imagen.jpeg,54,depthwise_conv,1x192x28x28,0.485514
7,0,imagen.jpeg,55,batchnorm,1x192x14x14,0.057766
7,0,imagen.jpeg,56,activacion,1x192x14x14,0.078075
7,0,imagen.jpeg,57,pointwise_conv,1x192x14x14,1.20227
7,0,imagen.jpeg,58,batchnorm,1x64x14x14,0.019432
7,0,imagen.jpeg,59,pointwise_conv,1x64x14x14,2.413731
7,0,imagen.jpeg,60,batchnorm,1x384x14x14,0.115401
7,0,imagen.jpeg,61,activacion,1x384x14x14,0.154187
7,0,imagen.jpeg,62,depthwise_conv,1x384x14x14,0.932013
7,0,imagen.jpeg,63,batchnorm,1x384x14x14,0.11535
7,0,imagen.jpeg,64,activacion,1x384x14x14,0.249277
7,0,imagen.jpeg,65,pointwise_conv,1x384x14x14,2.389053
7,0,imagen.jpeg,66,batchnorm,1x64x14x14,0.01937
7,0,imagen.jpeg,67,layer_add,1x64x14x14,0.005528
7,0,imagen.jpeg,68,pointwise_conv,1x64x14x14,2.412609
7,0,imagen.jpeg,69,batchnorm,1x384x14x14,0.115284
7,0,imagen.jpeg,70,activacion,1x384x14x14,0.207054
7,0,imagen.jpeg,71,depthwise_conv,1x384x14x14,0.924913
7,0,imagen.jpeg,72,batchnorm,1x384x14x14,0.245809
7,0,imagen.jpeg,73,activacion,1x384x14x14,0.2253
7,0,imagen.jpeg,74,pointwise_conv,1x384x14x14,2.388336
7,0,imagen.jpeg,75,batchnorm,1x64x14x14,0.019319
7,0,imagen.jpeg,76,layer_add,1x64x14x14,0.005513
7,0,imagen.jpeg,77,pointwise_conv,1x64x14x14,2.431888
7,0,imagen.jpeg,78,batchnorm,1x384x14x14,0.117237
7,0,imagen.jpeg,79,activacion,1x384x14x14,0.230938
7,0,imagen.jpeg,80,depthwise_conv,1x384x14x14,0.933551
7,0,imagen.jpeg,81,batchnorm,1x384x14x14,0.441837
7,0,imagen.jpeg,82,activacion,1x384x14x14,0.207091
7,0,imagen.jpeg,83,pointwise_conv,1x384x14x14,2.390007
7,0,imagen.jpeg,84,batchnorm,1x64x14x14,0.019465
7,0,imagen.jpeg,85,layer_add,1x64x14x14,0.005535
7,0,imagen.jpeg,86,pointwise_conv,1x64x14x14,2.411389
7,0,imagen.jpeg,87,batchnorm,1x384x14x14,0.115427
7,0,imagen.jpeg,88,activacion,1x384x14x14,0.227886
7,0,imagen.jpeg,89,depthwise_conv,1x384x14x14,0.933089
7,0,imagen.jpeg,90,batchnorm,1x384x14x14,0.115361
7,0,imagen.jpeg,91,activacion,1x384x14x14,0.211493
7,0,imagen.jpeg,92,pointwise_conv,1x384x14x14,3.704873
7,0,imagen.jpeg,93,batchnorm,1x96x14x14,0.029005
7,0,imagen.jpeg,94,pointwise_conv,1x96x14x14,5.406397
7,0,imagen.jpeg,95,batchnorm,1x576x14x14,0.1729
7,0,imagen.jpeg,96,activacion,1x576x14x14,0.329229
7,0,imagen.jpeg,97,depthwise_conv,1x576x14x14,1.402254
7,0,imagen.jpeg,98,batchnorm,1x576x14x14,0.499053
7,0,imagen.jpeg,99,activacion,1x576x14x14,0.292279
7,0,imagen.jpeg,100,pointwise_conv,1x576x14x14,5.370312
7,0,imagen.jpeg,101,batchnorm,1x96x14x14,0.028917
7,0,imagen.jpeg,102,layer_add,1x96x14x14,0.008729
7,0,imagen.jpeg,103,pointwise_conv,1x96x14x14,5.40689
7,0,imagen.jpeg,104,batchnorm,1x576x14x14,0.180368
7,0,imagen.jpeg,105,activacion,1x576x14x14,0.326823
7,0,imagen.jpeg,106,depthwise_conv,1x576x14x14,1.397636
7,0,imagen.jpeg,107,batchnorm,1x576x14x14,0.437645
7,0,imagen.jpeg,108,activacion,1x576x14x14,0.25755
7,0,imagen.jpeg,109,pointwise_conv,1x576x14x14,5.378037
7,0,imagen.jpeg,110,batchnorm,1x96x14x14,0.028866
7,0,imagen.jpeg,111,layer_add,1x96x14x14,0.008254
7,0,imagen.jpeg,112,pointwise_conv,1x96x14x14,5.404439
7,0,imagen.jpeg,113,batchnorm,1x576x14x14,0.17238
7,0,imagen.jpeg,114,activacion,1x576x14x14,0.293268
7,0,imagen.jpeg,115,depthwise_conv,1x576x14x14,0.362296
7,0,imagen.jpeg,116,batchnorm,1x576x7x7,0.06121
7,0,imagen.jpeg,117,activacion,1x576x7x7,0.04989
7,0,imagen.jpeg,118,pointwise_conv,1x576x7x7,2.143731
7,0,imagen.jpeg,119,batchnorm,1x160x7x7,0.012716
7,0,imagen.jpeg,120,pointwise_conv,1x160x7x7,3.590837
7,0,imagen.jpeg,121,batchnorm,1x960x7x7,0.07437
7,0,imagen.jpeg,122,activacion,1x960x7x7,0.133969
7,0,imagen.jpeg,123,depthwise_conv,1x960x7x7,0.588988
7,0,imagen.jpeg,124,batchnorm,1x960x7x7,0.074547
7,0,imagen.jpeg,125,activacion,1x960x7x7,0.126555
7,0,imagen.jpeg,126,pointwise_conv,1x960x7x7,3.583869
7,0,imagen.jpeg,127,batchnorm,1x160x7x7,0.012601
7,0,imagen.jpeg,128,layer_add,1x160x7x7,0.00353
7,0,imagen.jpeg,129,pointwise_conv,1x160x7x7,3.582332
7,0,imagen.jpeg,130,batchnorm,1x960x7x7,0.074397
7,0,imagen.jpeg,131,activacion,1x960x7x7,0.126925
7,0,imagen.jpeg,132,depthwise_conv,1x960x7x7,0.587096
7,0,imagen.jpeg,133,batchnorm,1x960x7x7,0.123541
7,0,imagen.jpeg,134,activacion,1x960x7x7,0.111129
7,0,imagen.jpeg,135,pointwise_conv,1x960x7x7,3.567568
7,0,imagen.jpeg,136,batchnorm,1x160x7x7,0.012484
7,0,imagen.jpeg,137,layer_add,1x160x7x7,0.004147
7,0,imagen.jpeg,138,pointwise_conv,1x160x7x7,3.58277
7,0,imagen.jpeg,139,batchnorm,1x960x7x7,0.07436
7,0,imagen.jpeg,140,activacion,1x960x7x7,0.104328
7,0,imagen.jpeg,141,depthwise_conv,1x960x7x7,0.574646
7,0,imagen.jpeg,142,batchnorm,1x960x7x7,0.090858
7,0,imagen.jpeg,143,activacion,1x960x7x7,0.05844
7,0,imagen.jpeg,144,pointwise_conv,1x960x7x7,7.135796
7,0,imagen.jpeg,145,batchnorm,1x320x7x7,0.024996
7,0,imagen.jpeg,146,pointwise_conv,1x320x7x7,9.540814
7,0,imagen.jpeg,147,batchnorm,1x1280x7x7,0.099183
7,0,imagen.jpeg,148,activacion,1x1280x7x7,0.158022
7,0,imagen.jpeg,149,pooling,1x1280x7x7,0.033734
7,0,imagen.jpeg,150,linear,1x1280,1.090557
8,0,imagen.jpeg,0,conv2d,1x3x224x224,17.319115
8,0,imagen.jpeg,1,batchnorm,1x32x112x112,0.6135
8,0,imagen.jpeg,2,activacion,1x32x112x112,0.395532
8,0,imagen.jpeg,3,depthwise_conv,1x32x112x112,4.758772
8,0,imagen.jpeg,4,batchnorm,1x32x112x112,9.055026
8,0,imagen.jpeg,5,activacion,1x32x112x112,0.534434
8,0,imagen.jpeg,6,pointwise_conv,1x32x112x112,3.086976
8,0,imagen.jpeg,7,batchnorm,1x16x112x112,0.307936
8,0,imagen.jpeg,8,pointwise_conv,1x16x112x112,9.497456
8,0,imagen.jpeg,9,batchnorm,1x96x112x112,1.960993
8,0,imagen.jpeg,10,activacion,1x96x112x112,2.769943
8,0,imagen.jpeg,11,depthwise_conv,1x96x112x112,3.682321
8,0,imagen.jpeg,12,batchnorm,1x96x56x56,0.46756
8,0,imagen.jpeg,13,activacion,1x96x56x56,0.881496
8,0,imagen.jpeg,14,pointwise_conv,1x96x56x56,3.370847
8,0,imagen.jpeg,15,batchnorm,1x24x56x56,0.11439
8,0,imagen.jpeg,16,pointwise_conv,1x24x56x56,5.12471
8,0,imagen.jpeg,17,batchnorm,1x144x56x56,0.73307
8,0,imagen.jpeg,18,activacion,1x144x56x56,1.009943
8,0,imagen.jpeg,19,depthwise_conv,1x144x56x56,5.41803
8,0,imagen.jpeg,20,batchnorm,1x144x56x56,0.689183
8,0,imagen.jpeg,21,activacion,1x144x56x56,1.455594
8,0,imagen.jpeg,22,pointwise_conv,1x144x56x56,5.118647
8,0,imagen.jpeg,23,batchnorm,1x24x56x56,0.114233
8,0,imagen.jpeg,24,layer_add,1x24x56x56,0.037723
8,0,imagen.jpeg,25,pointwise_conv,1x24x56x56,5.118599
8,0,imagen.jpeg,26,batchnorm,1x144x56x56,0.685396
8,0,imagen.jpeg,27,activacion,1x144x56x56,1.373852
8,0,imagen.jpeg,28,depthwise_conv,1x144x56x56,1.414771
8,0,imagen.jpeg,29,batchnorm,1x144x28x28,0.172103
8,0,imagen.jpeg,30,activacion,1x144x28x28,0.308997
8,0,imagen.jpeg,31,pointwise_conv,1x144x28x28,1.702584
8,0,imagen.jpeg,32,batchnorm,1x32x28x28,0.038353
8,0,imagen.jpeg,33,pointwise_conv,1x32x28x28,2.293278
8,0,imagen.jpeg,34,batchnorm,1x192x28x28,0.229112
8,0,imagen.jpeg,35,activacion,1x192x28x28,0.292652
8,0,imagen.jpeg,36,depthwise_conv,1x192x28x28,1.816447
8,0,imagen.jpeg,37,batchnorm,1x192x28x28,0.232492
8,0,imagen.jpeg,38,activacion,1x192x28x28,0.47926
8,0,imagen.jpeg,39,pointwise_conv,1x192x28x28,2.264008
8,0,imagen.jpeg,40,batchnorm,1x32x28x28,0.041944
8,0,imagen.jpeg,41,layer_add,1x32x28x28,0.010972
8,0,imagen.jpeg,42,pointwise_conv,1x32x28x28,2.294771
8,0,imagen.jpeg,43,batchnorm,1x192x28x28,0.229141
8,0,imagen.jpeg,44,activacion,1x192x28x28,0.369913
8,0,imagen.jpeg,45,depthwise_conv,1x192x28x28,1.813177
8,0,imagen.jpeg,46,batchnorm,1x192x28x28,0.232979
8,0,imagen.jpeg,47,activacion,1x192x28x28,0.46771
8,0,imagen.jpeg,48,pointwise_conv,1x192x28x28,2.265088
8,0,imagen.jpeg,49,batchnorm,1x32x28x28,0.040388
8,0,imagen.jpeg,50,layer_add,1x32x28x28,0.011373
8,0,imagen.jpeg,51,pointwise_conv,1x32x28x28,2.294385
8,0,imagen.jpeg,52,batchnorm,1x192x28x28,0.229031
8,0,imagen.jpeg,53,activacion,1x192x28x28,0.43047
8,0,imagen.jpeg,54,depthwise_conv,1x192x28x28,0.470814
8,0,imagen.jpeg,55,batchnorm,1x192x14x14,0.057644
8,0,imagen.jpeg,56,activacion,1x192x14x14,0.077841
8,0,imagen.jpeg,57,pointwise_conv,1x192x14x14,1.19899
8,0,imagen.jpeg,58,batchnorm,1x64x14x14,0.019396
8,0,imagen.jpeg,59,pointwise_conv,1x64x14x14,2.407861
8,0,imagen.jpeg,60,batchnorm,1x384x14x14,0.115344
8,0,imagen.jpeg,61,activacion,1x384x14x14,0.153481
8,0,imagen.jpeg,62,depthwise_conv,1x384x14x14,0.933385
8,0,imagen.jpeg,63,batchnorm,1x384x14x14,0.118334
8,0,imagen.jpeg,64,activacion,1x384x14x14,0.244919
8,0,imagen.jpeg,65,pointwise_conv,1x384x14x14,2.391549
8,0,imagen.jpeg,66,batchnorm,1x64x14x14,0.019337
8,0,imagen.jpeg,67,layer_add,1x64x14x14,0.005543
8,0,imagen.jpeg,68,pointwise_conv,1x64x14x14,2.410808
8,0,imagen.jpeg,69,batchnorm,1x384x14x14,0.115361
8,0,imagen.jpeg,70,activacion,1x384x14x14,0.206704
8,0,imagen.jpeg,71,depthwise_conv,1x384x14x14,0.93337
8,0,imagen.jpeg,72,batchnorm,1x384x14x14,0.245847
8,0,imagen.jpeg,73,activacion,1x384x14x14,0.228067
8,0,imagen.jpeg,74,pointwise_conv,1x384x14x14,2.387255
8,0,imagen.jpeg,75,batchnorm,1x64x14x14,0.019353
8,0,imagen.jpeg,76,layer_add,1x64x14x14,0.00554
8,0,imagen.jpeg,77,pointwise_conv,1x64x14x14,2.406159
8,0,imagen.jpeg,78,batchnorm,1x384x14x14,0.115228
8,0,imagen.jpeg,79,activacion,1x384x14x14,0.229643
8,0,imagen.jpeg,80,depthwise_conv,1x384x14x14,0.933975
8,0,imagen.jpeg,81,batchnorm,1x384x14x14,0.441767
8,0,imagen.jpeg,82,activacion,1x384x14x14,0.204729
8,0,imagen.jpeg,83,pointwise_conv,1x384x14x14,2.387903
8,0,imagen.jpeg,84,batchnorm,1x64x14x14,0.01958
8,0,imagen.jpeg,85,layer_add,1x64x14x14,0.005592
8,0,imagen.jpeg,86,pointwise_conv,1x64x14x14,2.414963
8,0,imagen.jpeg,87,batchnorm,1x384x14x14,0.115356
8,0,imagen.jpeg,88,activacion,1x384x14x14,0.228296
8,0,imagen.jpeg,89,depthwise_conv,1x384x14x14,0.92497
8,0,imagen.jpeg,90,batchnorm,1x384x14x14,0.115492
8,0,imagen.jpeg,91,activacion,1x384x14x14,0.211312
8,0,imagen.jpeg,92,pointwise_conv,1x384x14x14,3.588464
8,0,imagen.jpeg,93,batchnorm,1x96x14x14,0.028933
8,0,imagen.jpeg,94,pointwise_conv,1x96x14x14,5.396158
8,0,imagen.jpeg,95,batchnorm,1x576x14x14,0.173032
8,0,imagen.jpeg,96,activacion,1x576x14x14,0.327568
8,0,imagen.jpeg,97,depthwise_conv,1x576x14x14,1.364177
8,0,imagen.jpeg,98,batchnorm,1x576x14x14,0.502014
8,0,imagen.jpeg,99,activacion,1x576x14x14,0.287361
8,0,imagen.jpeg,100,pointwise_conv,1x576x14x14,5.373691
8,0,imagen.jpeg,101,batchnorm,1x96x14x14,0.028933
8,0,imagen.jpeg,102,layer_add,1x96x14x14,0.008245
8,0,imagen.jpeg,103,pointwise_conv,1x96x14x14,5.404513
8,0,imagen.jpeg,104,batchnorm,1x576x14x14,0.173059
8,0,imagen.jpeg,105,activacion,1x576x14x14,0.329601
8,0,imagen.jpeg,106,depthwise_conv,1x576x14x14,1.395071
8,0,imagen.jpeg,107,batchnorm,1x576x14x14,0.439453
8,0,imagen.jpeg,108,activacion,1x576x14x14,0.257939
8,0,imagen.jpeg,109,pointwise_conv,1x576x14x14,5.370493
8,0,imagen.jpeg,110,batchnorm,1x96x14x14,0.02891
8,0,imagen.jpeg,111,layer_add,1x96x14x14,0.008239
8,0,imagen.jpeg,112,pointwise_conv,1x96x14x14,5.401975
8,0,imagen.jpeg,113,batchnorm,1x576x14x14,0.172914
8,0,imagen.jpeg,114,activacion,1x576x14x14,0.281003
8,0,imagen.jpeg,115,depthwise_conv,1x576x14x14,0.343654
8,0,imagen.jpeg,116,batchnorm,1x576x7x7,0.061227
8,0,imagen.jpeg,117,activacion,1x576x7x7,0.049375
8,0,imagen.jpeg,118,pointwise_conv,1x576x7x7,2.143853
8,0,imagen.jpeg,119,batchnorm,1x160x7x7,0.012711
8,0,imagen.jpeg,120,pointwise_conv,1x160x7x7,3.586673
8,0,imagen.jpeg,121,batchnorm,1x960x7x7,0.074415
8,0,imagen.jpeg,122,activacion,1x960x7x7,0.134763
8,0,imagen.jpeg,123,depthwise_conv,1x960x7x7,0.571198
8,0,imagen.jpeg,124,batchnorm,1x960x7x7,0.074571
8,0,imagen.jpeg,125,activacion,1x960x7x7,0.129351
8,0,imagen.jpeg,126,pointwise_conv,1x960x7x7,3.575116
8,0,imagen.jpeg,127,batchnorm,1x160x7x7,0.016578
8,0,imagen.jpeg,128,layer_add,1x160x7x7,0.003517
8,0,imagen.jpeg,129,pointwise_conv,1x160x7x7,3.581211
8,0,imagen.jpeg,130,batchnorm,1x960x7x7,0.074399
8,0,imagen.jpeg,131,activacion,1x960x7x7,0.130272
8,0,imagen.jpeg,132,depthwise_conv,1x960x7x7,0.586168
8,0,imagen.jpeg,133,batchnorm,1x960x7x7,0.12353
8,0,imagen.jpeg,134,activacion,1x960x7x7,0.11189
8,0,imagen.jpeg,135,pointwise_conv,1x960x7x7,3.566696
8,0,imagen.jpeg,136,batchnorm,1x160x7x7,0.012493
8,0,imagen.jpeg,137,layer_add,1x160x7x7,0.004138
8,0,imagen.jpeg,138,pointwise_conv,1x160x7x7,3.585549
8,0,imagen.jpeg,139,batchnorm,1x960x7x7,0.074357
8,0,imagen.jpeg,140,activacion,1x960x7x7,0.102644
8,0,imagen.jpeg,141,depthwise_conv,1x960x7x7,0.563893
8,0,imagen.jpeg,142,batchnorm,1x960x7x7,0.090776
8,0,imagen.jpeg,143,activacion,1x960x7x7,0.057335
8,0,imagen.jpeg,144,pointwise_conv,1x960x7x7,7.151446
8,0,imagen.jpeg,145,batchnorm,1x320x7x7,0.024985
8,0,imagen.jpeg,146,pointwise_conv,1x320x7x7,9.546678
8,0,imagen.jpeg,147,batchnorm,1x1280x7x7,0.099146
8,0,imagen.jpeg,148,activacion,1x1280x7x7,0.159871
8,0,imagen.jpeg,149,pooling,1x1280x7x7,0.033713
8,0,imagen.jpeg,150,linear,1x1280,1.092148
9,0,imagen.jpeg,0,conv2d,1x3x224x224,17.232879
9,0,imagen.jpeg,1,batchnorm,1x32x112x112,0.612132
9,0,imagen.jpeg,2,activacion,1x32x112x112,0.406524
9,0,imagen.jpeg,3,depthwise_conv,1x32x112x112,4.744483
9,0,imagen.jpeg,4,batchnorm,1x32x112x112,9.010158
9,0,imagen.jpeg,5,activacion,1x32x112x112,0.487606
9,0,imagen.jpeg,6,pointwise_conv,1x32x112x112,3.028837
9,0,imagen.jpeg,7,batchnorm,1x16x112x112,0.30814
9,0,imagen.jpeg,8,pointwise_conv,1x16x112x112,9.268406
9,0,imagen.jpeg,9,batchnorm,1x96x112x112,1.843778
9,0,imagen.jpeg,10,activacion,1x96x112x112,2.761483
9,0,imagen.jpeg,11,depthwise_conv,1x96x112x112,3.672339
9,0,imagen.jpeg,12,batchnorm,1x96x56x56,0.47973
9,0,imagen.jpeg,13,activacion,1x96x56x56,0.887878
9,0,imagen.jpeg,14,pointwise_conv,1x96x56x56,3.391738
9,0,imagen.jpeg,15,batchnorm,1x24x56x56,0.11401
9,0,imagen.jpeg,16,pointwise_conv,1x24x56x56,5.12446
9,0,imagen.jpeg,17,batchnorm,1x144x56x56,0.719514
9,0,imagen.jpeg,18,activacion,1x144x56x56,1.009278
9,0,imagen.jpeg,19,depthwise_conv,1x144x56x56,5.472729
9,0,imagen.jpeg,20,batchnorm,1x144x56x56,0.692773
9,0,imagen.jpeg,21,activacion,1x144x56x56,1.485394
9,0,imagen.jpeg,22,pointwise_conv,1x144x56x56,5.070864
9,0,imagen.jpeg,23,batchnorm,1x24x56x56,0.114072
9,0,imagen.jpeg,24,layer_add,1x24x56x56,0.037211
9,0,imagen.jpeg,25,pointwise_conv,1x24x56x56,5.114399
9,0,imagen.jpeg,26,batchnorm,1x144x56x56,0.692419
9,0,imagen.jpeg,27,activacion,1x144x56x56,1.364901
9,0,imagen.jpeg,28,depthwise_conv,1x144x56x56,1.374522
9,0,imagen.jpeg,29,batchnorm,1x144x28x28,0.171961
9,0,imagen.jpeg,30,activacion,1x144x28x28,0.301093
9,0,imagen.jpeg,31,pointwise_conv,1x144x28x28,1.702352
9,0,imagen.jpeg,32,batchnorm,1x32x28x28,0.03838
9,0,imagen.jpeg,33,pointwise_conv,1x32x28x28,2.293397
9,0,imagen.jpeg,34,batchnorm,1x192x28x28,0.229122
9,0,imagen.jpeg,35,activacion,1x192x28x28,0.293075
9,0,imagen.jpeg,36,depthwise_conv,1x192x28x28,1.817406
9,0,imagen.jpeg,37,batchnorm,1x192x28x28,0.240376
9,0,imagen.jpeg,38,activacion,1x192x28x28,0.480093
9,0,imagen.jpeg,39,pointwise_conv,1x192x28x28,2.265785
9,0,imagen.jpeg,40,batchnorm,1x32x28x28,0.038288
9,0,imagen.jpeg,41,layer_add,1x32x28x28,0.011139
9,0,imagen.jpeg,42,pointwise_conv,1x32x28x28,2.298232
9,0,imagen.jpeg,43,batchnorm,1x192x28x28,0.229239
9,0,imagen.jpeg,44,activacion,1x192x28x28,0.366289
9,0,imagen.jpeg,45,depthwise_conv,1x192x28x28,1.823978
9,0,imagen.jpeg,46,batchnorm,1x192x28x28,0.230986
9,0,imagen.jpeg,47,activacion,1x192x28x28,0.472118
9,0,imagen.jpeg,48,pointwise_conv,1x192x28x28,2.266325
9,0,imagen.jpeg,49,batchnorm,1x32x28x28,0.038303
9,0,imagen.jpeg,50,layer_add,1x32x28x28,0.011139
9,0,imagen.jpeg,51,pointwise_conv,1x32x28x28,2.295225
9,0,imagen.jpeg,52,batchnorm,1x192x28x28,0.22925
9,0,imagen.jpeg,53,activacion,1x192x28x28,0.435059
9,0,imagen.jpeg,54,depthwise_conv,1x192x28x28,0.479003
9,0,imagen.jpeg,55,batchnorm,1x192x14x14,0.057531
9,0,imagen.jpeg,56,activacion,1x192x14x14,0.078171
9,0,imagen.jpeg,57,pointwise_conv,1x192x14x14,1.202552
9,0,imagen.jpeg,58,batchnorm,1x64x14x14,0.01941
9,0,imagen.jpeg,59,pointwise_conv,1x64x14x14,2.41489
9,0,imagen.jpeg,60,batchnorm,1x384x14x14,0.11558
9,0,imagen.jpeg,61,activacion,1x384x14x14,0.156566
9,0,imagen.jpeg,62,depthwise_conv,1x384x14x14,0.927372
9,0,imagen.jpeg,63,batchnorm,1x384x14x14,0.11735
9,0,imagen.jpeg,64,activacion,1x384x14x14,0.242157
9,0,imagen.jpeg,65,pointwise_conv,1x384x14x14,2.389153
9,0,imagen.jpeg,66,batchnorm,1x64x14x14,0.019337
9,0,imagen.jpeg,67,layer_add,1x64x14x14,0.005531
9,0,imagen.jpeg,68,pointwise_conv,1x64x14x14,2.411479
9,0,imagen.jpeg,69,batchnorm,1x384x14x14,0.115281
9,0,imagen.jpeg,70,activacion,1x384x14x14,0.207057
9,0,imagen.jpeg,71,depthwise_conv,1x384x14x14,0.935668
9,0,imagen.jpeg,72,batchnorm,1x384x14x14,0.245713
9,0,imagen.jpeg,73,activacion,1x384x14x14,0.225893
9,0,imagen.jpeg,74,pointwise_conv,1x384x14x14,2.390288
9,0,imagen.jpeg,75,batchnorm,1x64x14x14,0.01938
9,0,imagen.jpeg,76,layer_add,1x64x14x14,0.005518
9,0,imagen.jpeg,77,pointwise_conv,1x64x14x14,2.412688
9,0,imagen.jpeg,78,batchnorm,1x384x14x14,0.115301
9,0,imagen.jpeg,79,activacion,1x384x14x14,0.228962
9,0,imagen.jpeg,80,depthwise_conv,1x384x14x14,0.93187
9,0,imagen.jpeg,81,batchnorm,1x384x14x14,0.445641
9,0,imagen.jpeg,82,activacion,1x384x14x14,0.201705
9,0,imagen.jpeg,83,pointwise_conv,1x384x14x14,2.392173
9,0,imagen.jpeg,84,batchnorm,1x64x14x14,0.019423
9,0,imagen.jpeg,85,layer_add,1x64x14x14,0.005528
9,0,imagen.jpeg,86,pointwise_conv,1x64x14x14,2.409311
9,0,imagen.jpeg,87,batchnorm,1x384x14x14,0.115354
9,0,imagen.jpeg,88,activacion,1x384x14x14,0.227742
9,0,imagen.jpeg,89,depthwise_conv,1x384x14x14,0.916458
9,0,imagen.jpeg,90,batchnorm,1x384x14x14,0.115342
9,0,imagen.jpeg,91,activacion,1x384x14x14,0.210089
9,0,imagen.jpeg,92,pointwise_conv,1x384x14x14,3.589393
9,0,imagen.jpeg,93,batchnorm,1x96x14x14,0.028959
9,0,imagen.jpeg,94,pointwise_conv,1x96x14x14,5.402439
9,0,imagen.jpeg,95,batchnorm,1x576x14x14,0.176237
9,0,imagen.jpeg,96,activacion,1x576x14x14,0.325762
9,0,imagen.jpeg,97,depthwise_conv,1x576x14x14,1.397922
9,0,imagen.jpeg,98,batchnorm,1x576x14x14,0.501777
9,0,imagen.jpeg,99,activacion,1x576x14x14,0.288125
9,0,imagen.jpeg,100,pointwise_conv,1x576x14x14,5.37239
9,0,imagen.jpeg,101,batchnorm,1x96x14x14,0.028921
9,0,imagen.jpeg,102,layer_add,1x96x14x14,0.00826
9,0,imagen.jpeg,103,pointwise_conv,1x96x14x14,5.399003
9,0,imagen.jpeg,104,batchnorm,1x576x14x14,0.17607
9,0,imagen.jpeg,105,activacion,1x576x14x14,0.328698
9,0,imagen.jpeg,106,depthwise_conv,1x576x14x14,1.383323
9,0,imagen.jpeg,107,batchnorm,1x576x14x14,0.441288
9,0,imagen.jpeg,108,activacion,1x576x14x14,0.256439
9,0,imagen.jpeg,109,pointwise_conv,1x576x14x14,5.375216
9,0,imagen.jpeg,110,batchnorm,1x96x14x14,0.028917
9,0,imagen.jpeg,111,layer_add,1x96x14x14,0.008353
9,0,imagen.jpeg,112,pointwise_conv,1x96x14x14,5.398739
9,0,imagen.jpeg,113,batchnorm,1x576x14x14,0.172872
9,0,imagen.jpeg,114,activacion,1x576x14x14,0.285868
9,0,imagen.jpeg,115,depthwise_conv,1x576x14x14,0.362121
9,0,imagen.jpeg,116,batchnorm,1x576x7x7,0.061238
9,0,imagen.jpeg,117,activacion,1x576x7x7,0.050017
9,0,imagen.jpeg,118,pointwise_conv,1x576x7x7,2.143521
9,0,imagen.jpeg,119,batchnorm,1x160x7x7,0.012712
9,0,imagen.jpeg,120,pointwise_conv,1x160x7x7,3.584498
9,0,imagen.jpeg,121,batchnorm,1x960x7x7,0.07437
9,0,imagen.jpeg,122,activacion,1x960x7x7,0.13541
9,0,imagen.jpeg,123,depthwise_conv,1x960x7x7,0.590484
9,0,imagen.jpeg,124,batchnorm,1x960x7x7,0.074545
9,0,imagen.jpeg,125,activacion,1x960x7x7,0.128787
9,0,imagen.jpeg,126,pointwise_conv,1x960x7x7,3.572384
9,0,imagen.jpeg,127,batchnorm,1x160x7x7,0.012561
9,0,imagen.jpeg,128,layer_add,1x160x7x7,0.003516
9,0,imagen.jpeg,129,pointwise_conv,1x160x7x7,3.578805
9,0,imagen.jpeg,130,batchnorm,1x960x7x7,0.078034
9,0,imagen.jpeg,131,activacion,1x960x7x7,0.127976
9,0,imagen.jpeg,132,depthwise_conv,1x960x7x7,0.589879
9,0,imagen.jpeg,133,batchnorm,1x960x7x7,0.125496
9,0,imagen.jpeg,134,activacion,1x960x7x7,0.116001
9,0,imagen.jpeg,135,pointwise_conv,1x960x7x7,3.595241
9,0,imagen.jpeg,136,batchnorm,1x160x7x7,0.012507
9,0,imagen.jpeg,137,layer_add,1x160x7x7,0.003516
9,0,imagen.jpeg,138,pointwise_conv,1x160x7x7,3.590955
9,0,imagen.jpeg,139,batchnorm,1x960x7x7,0.074396
9,0,imagen.jpeg,140,activacion,1x960x7x7,0.10401
9,0,imagen.jpeg,141,depthwise_conv,1x960x7x7,0.589502
9,0,imagen.jpeg,142,batchnorm,1x960x7x7,0.090809
9,0,imagen.jpeg,143,activacion,1x960x7x7,0.05738
9,0,imagen.jpeg,144,pointwise_conv,1x960x7x7,7.149857
9,0,imagen.jpeg,145,batchnorm,1x320x7x7,0.025016
9,0,imagen.jpeg,146,pointwise_conv,1x320x7x7,9.534187
9,0,imagen.jpeg,147,batchnorm,1x1280x7x7,0.099181
9,0,imagen.jpeg,148,activacion,1x1280x7x7,0.159279
9,0,imagen.jpeg,149,pooling,1x1280x7x7,0.033613
9,0,imagen.jpeg,150,linear,1x1280,1.091491
10,0,imagen.jpeg,0,conv2d,1x3x224x224,17.819575
10,0,imagen.jpeg,1,batchnorm,1x32x112x112,0.615567
10,0,imagen.jpeg,2,activacion,1x32x112x112,0.401318
10,0,imagen.jpeg,3,depthwise_conv,1x32x112x112,4.801904
10,0,imagen.jpeg,4,batchnorm,1x32x112x112,9.009168
10,0,imagen.jpeg,5,activacion,1x32x112x112,0.48938
10,0,imagen.jpeg,6,pointwise_conv,1x32x112x112,3.035243
10,0,imagen.jpeg,7,batchnorm,1x16x112x112,0.316946
10,0,imagen.jpeg,8,pointwise_conv,1x16x112x112,9.427392
10,0,imagen.jpeg,9,batchnorm,1x96x112x112,1.894147
10,0,imagen.jpeg,10,activacion,1x96x112x112,2.85895
10,0,imagen.jpeg,11,depthwise_conv,1x96x112x112,3.702296
10,0,imagen.jpeg,12,batchnorm,1x96x56x56,0.491439
10,0,imagen.jpeg,13,activacion,1x96x56x56,0.930315
10,0,imagen.jpeg,14,pointwise_conv,1x96x56x56,3.3912
10,0,imagen.jpeg,15,batchnorm,1x24x56x56,0.130654
10,0,imagen.jpeg,16,pointwise_conv,1x24x56x56,5.13506
10,0,imagen.jpeg,17,batchnorm,1x144x56x56,0.690758
10,0,imagen.jpeg,18,activacion,1x144x56x56,1.037743
10,0,imagen.jpeg,19,depthwise_conv,1x144x56x56,5.447726
10,0,imagen.jpeg,20,batchnorm,1x144x56x56,0.699814
10,0,imagen.jpeg,21,activacion,1x144x56x56,1.470712
10,0,imagen.jpeg,22,pointwise_conv,1x144x56x56,5.089977
10,0,imagen.jpeg,23,batchnorm,1x24x56x56,0.117219
10,0,imagen.jpeg,24,layer_add,1x24x56x56,0.03714
10,0,imagen.jpeg,25,pointwise_conv,1x24x56x56,5.119797
10,0,imagen.jpeg,26,batchnorm,1x144x56x56,0.700195
10,0,imagen.jpeg,27,activacion,1x144x56x56,1.344797
10,0,imagen.jpeg,28,depthwise_conv,1x144x56x56,1.433483
10,0,imagen.jpeg,29,batchnorm,1x144x28x28,0.172169
10,0,imagen.jpeg,30,activacion,1x144x28x28,0.299369
10,0,imagen.jpeg,31,pointwise_conv,1x144x28x28,1.714011
10,0,imagen.jpeg,32,batchnorm,1x32x28x28,0.038403
10,0,imagen.jpeg,33,pointwise_conv,1x32x28x28,2.323368
10,0,imagen.jpeg,34,batchnorm,1x192x28x28,0.236786
10,0,imagen.jpeg,35,activacion,1x192x28x28,0.290028
10,0,imagen.jpeg,36,depthwise_conv,1x192x28x28,1.838587
10,0,imagen.jpeg,37,batchnorm,1x192x28x28,0.229045
10,0,imagen.jpeg,38,activacion,1x192x28x28,0.490825
10,0,imagen.jpeg,39,pointwise_conv,1x192x28x28,2.283311
10,0,imagen.jpeg,40,batchnorm,1x32x28x28,0.038287
10,0,imagen.jpeg,41,layer_add,1x32x28x28,0.011359
10,0,imagen.jpeg,42,pointwise_conv,1x32x28x28,2.313806
10,0,imagen.jpeg,43,batchnorm,1x192x28x28,0.230811
10,0,imagen.jpeg,44,activacion,1x192x28x28,0.363663
10,0,imagen.jpeg,45,depthwise_conv,1x192x28x28,1.867596
10,0,imagen.jpeg,46,batchnorm,1x192x28x28,0.229508
10,0,imagen.jpeg,47,activacion,1x192x28x28,0.480484
10,0,imagen.jpeg,48,pointwise_conv,1x192x28x28,2.269397
10,0,imagen.jpeg,49,batchnorm,1x32x28x28,0.038276
10,0,imagen.jpeg,50,layer_add,1x32x28x28,0.011178
10,0,imagen.jpeg,51,pointwise_conv,1x32x28x28,2.310623
10,0,imagen.jpeg,52,batchnorm,1x192x28x28,0.229221
10,0,imagen.jpeg,53,activacion,1x192x28x28,0.430525
10,0,imagen.jpeg,54,depthwise_conv,1x192x28x28,0.475795
10,0,imagen.jpeg,55,batchnorm,1x192x14x14,0.057691
10,0,imagen.jpeg,56,activacion,1x192x14x14,0.077807
10,0,imagen.jpeg,57,pointwise_conv,1x192x14x14,1.196508
10,0,imagen.jpeg,58,batchnorm,1x64x14x14,0.01951
10,0,imagen.jpeg,59,pointwise_conv,1x64x14x14,2.409428
10,0,imagen.jpeg,60,batchnorm,1x384x14x14,0.115624
10,0,imagen.jpeg,61,activacion,1x384x14x14,0.154066
10,0,imagen.jpeg,62,depthwise_conv,1x384x14x14,0.960008
10,0,imagen.jpeg,63,batchnorm,1x384x14x14,0.115099
10,0,imagen.jpeg,64,activacion,1x384x14x14,0.24901
10,0,imagen.jpeg,65,pointwise_conv,1x384x14x14,2.390906
10,0,imagen.jpeg,66,batchnorm,1x64x14x14,0.019464
10,0,imagen.jpeg,67,layer_add,1x64x14x14,0.005598
10,0,imagen.jpeg,68,pointwise_conv,1x64x14x14,2.435936
10,0,imagen.jpeg,69,batchnorm,1x384x14x14,0.117515
10,0,imagen.jpeg,70,activacion,1x384x14x14,0.206806
10,0,imagen.jpeg,71,depthwise_conv,1x384x14x14,0.941435
10,0,imagen.jpeg,72,batchnorm,1x384x14x14,0.250053
10,0,imagen.jpeg,73,activacion,1x384x14x14,0.230027
10,0,imagen.jpeg,74,pointwise_conv,1x384x14x14,2.399369
10,0,imagen.jpeg,75,batchnorm,1x64x14x14,0.019425
10,0,imagen.jpeg,76,layer_add,1x64x14x14,0.005677
10,0,imagen.jpeg,77,pointwise_conv,1x64x14x14,2.417933
10,0,imagen.jpeg,78,batchnorm,1x384x14x14,0.11527
10,0,imagen.jpeg,79,activacion,1x384x14x14,0.229621
10,0,imagen.jpeg,80,depthwise_conv,1x384x14x14,0.930765
10,0,imagen.jpeg,81,batchnorm,1x384x14x14,0.441879
10,0,imagen.jpeg,82,activacion,1x384x14x14,0.206809
10,0,imagen.jpeg,83,pointwise_conv,1x384x14x14,2.401602
10,0,imagen.jpeg,84,batchnorm,1x64x14x14,0.019454
10,0,imagen.jpeg,85,layer_add,1x64x14x14,0.005728
10,0,imagen.jpeg,86,pointwise_conv,1x64x14x14,2.41783
10,0,imagen.jpeg,87,batchnorm,1x384x14x14,0.117463
10,0,imagen.jpeg,88,activacion,1x384x14x14,0.227253
10,0,imagen.jpeg,89,depthwise_conv,1x384x14x14,0.922365
10,0,imagen.jpeg,90,batchnorm,1x384x14x14,0.115337
10,0,imagen.jpeg,91,activacion,1x384x14x14,0.209689
10,0,imagen.jpeg,92,pointwise_conv,1x384x14x14,3.608459
10,0,imagen.jpeg,93,batchnorm,1x96x14x14,0.029037
10,0,imagen.jpeg,94,pointwise_conv,1x96x14x14,5.416591
10,0,imagen.jpeg,95,batchnorm,1x576x14x14,0.172935
10,0,imagen.jpeg,96,activacion,1x576x14x14,0.327915
10,0,imagen.jpeg,97,depthwise_conv,1x576x14x14,1.398407
10,0,imagen.jpeg,98,batchnorm,1x576x14x14,0.50223
10,0,imagen.jpeg,99,activacion,1x576x14x14,0.284704
10,0,imagen.jpeg,100,pointwise_conv,1x576x14x14,5.389689
10,0,imagen.jpeg,101,batchnorm,1x96x14x14,0.029134
10,0,imagen.jpeg,102,layer_add,1x96x14x14,0.008339
10,0,imagen.jpeg,103,pointwise_conv,1x96x14x14,5.414888
10,0,imagen.jpeg,104,batchnorm,1x576x14x14,0.181592
10,0,imagen.jpeg,105,activacion,1x576x14x14,0.324616
10,0,imagen.jpeg,106,depthwise_conv,1x576x14x14,1.39838
10,0,imagen.jpeg,107,batchnorm,1x576x14x14,0.433987
10,0,imagen.jpeg,108,activacion,1x576x14x14,0.256429
10,0,imagen.jpeg,109,pointwise_conv,1x576x14x14,5.380062
10,0,imagen.jpeg,110,batchnorm,1x96x14x14,0.028922
10,0,imagen.jpeg,111,layer_add,1x96x14x14,0.008875
10,0,imagen.jpeg,112,pointwise_conv,1x96x14x14,5.412168
10,0,imagen.jpeg,113,batchnorm,1x576x14x14,0.172391
10,0,imagen.jpeg,114,activacion,1x576x14x14,0.288701
10,0,imagen.jpeg,115,depthwise_conv,1x576x14x14,0.358822
10,0,imagen.jpeg,116,batchnorm,1x576x7x7,0.063608
10,0,imagen.jpeg,117,activacion,1x576x7x7,0.049382
10,0,imagen.jpeg,118,pointwise_conv,1x576x7x7,2.145619
10,0,imagen.jpeg,119,batchnorm,1x160x7x7,0.0127
10,0,imagen.jpeg,120,pointwise_conv,1x160x7x7,3.594672
10,0,imagen.jpeg,121,batchnorm,1x960x7x7,0.074504
10,0,imagen.jpeg,122,activacion,1x960x7x7,0.13452
10,0,imagen.jpeg,123,depthwise_conv,1x960x7x7,0.566151
10,0,imagen.jpeg,124,batchnorm,1x960x7x7,0.07459
10,0,imagen.jpeg,125,activacion,1x960x7x7,0.126703
10,0,imagen.jpeg,126,pointwise_conv,1x960x7x7,3.607338
10,0,imagen.jpeg,127,batchnorm,1x160x7x7,0.012595
10,0,imagen.jpeg,128,layer_add,1x160x7x7,0.003556
10,0,imagen.jpeg,129,pointwise_conv,1x160x7x7,3.586243
10,0,imagen.jpeg,130,batchnorm,1x960x7x7,0.074437
10,0,imagen.jpeg,131,activacion,1x960x7x7,0.126287
10,0,imagen.jpeg,132,depthwise_conv,1x960x7x7,0.590544
10,0,imagen.jpeg,133,batchnorm,1x960x7x7,0.127018
10,0,imagen.jpeg,134,activacion,1x960x7x7,0.110223
10,0,imagen.jpeg,135,pointwise_conv,1x960x7x7,3.569169
10,0,imagen.jpeg,136,batchnorm,1x160x7x7,0.012557
10,0,imagen.jpeg,137,layer_add,1x160x7x7,0.008343
10,0,imagen.jpeg,138,pointwise_conv,1x160x7x7,3.603994
10,0,imagen.jpeg,139,batchnorm,1x960x7x7,0.074454
10,0,imagen.jpeg,140,activacion,1x960x7x7,0.102497
10,0,imagen.jpeg,141,depthwise_conv,1x960x7x7,0.59128
10,0,imagen.jpeg,142,batchnorm,1x960x7x7,0.090843
10,0,imagen.jpeg,143,activacion,1x960x7x7,0.057537
10,0,imagen.jpeg,144,pointwise_conv,1x960x7x7,7.147545
10,0,imagen.jpeg,145,batchnorm,1x320x7x7,0.024987
10,0,imagen.jpeg,146,pointwise_conv,1x320x7x7,9.571236
10,0,imagen.jpeg,147,batchnorm,1x1280x7x7,0.099199
10,0,imagen.jpeg,148,activacion,1x1280x7x7,0.159109
10,0,imagen.jpeg,149,pooling,1x1280x7x7,0.033702
10,0,imagen.jpeg,150,linear,1x1280,1.127079
11,0,imagen.jpeg,0,conv2d,1x3x224x224,17.189155
11,0,imagen.jpeg,1,batchnorm,1x32x112x112,0.621494
11,0,imagen.jpeg,2,activacion,1x32x112x112,0.396878
11,0,imagen.jpeg,3,depthwise_conv,1x32x112x112,4.770478
11,0,imagen.jpeg,4,batchnorm,1x32x112x112,8.980678
11,0,imagen.jpeg,5,activacion,1x32x112x112,0.495153
11,0,imagen.jpeg,6,pointwise_conv,1x32x112x112,3.042614
11,0,imagen.jpeg,7,batchnorm,1x16x112x112,0.325827
11,0,imagen.jpeg,8,pointwise_conv,1x16x112x112,9.294297
11,0,imagen.jpeg,9,batchnorm,1x96x112x112,1.912467
11,0,imagen.jpeg,10,activacion,1x96x112x112,2.77087
11,0,imagen.jpeg,11,depthwise_conv,1x96x112x112,3.602797
11,0,imagen.jpeg,12,batchnorm,1x96x56x56,0.455617
11,0,imagen.jpeg,13,activacion,1x96x56x56,0.882333
11,0,imagen.jpeg,14,pointwise_conv,1x96x56x56,3.40902
11,0,imagen.jpeg,15,batchnorm,1x24x56x56,0.114166
11,0,imagen.jpeg,16,pointwise_conv,1x24x56x56,5.121477
11,0,imagen.jpeg,17,batchnorm,1x144x56x56,0.695987
11,0,imagen.jpeg,18,activacion,1x144x56x56,1.01147
11,0,imagen.jpeg,19,depthwise_conv,1x144x56x56,5.41933
11,0,imagen.jpeg,20,batchnorm,1x144x56x56,0.701903
11,0,imagen.jpeg,21,activacion,1x144x56x56,1.448473
11,0,imagen.jpeg,22,pointwise_conv,1x144x56x56,5.118207
11,0,imagen.jpeg,23,batchnorm,1x24x56x56,0.11431
11,0,imagen.jpeg,24,layer_add,1x24x56x56,0.036529
11,0,imagen.jpeg,25,pointwise_conv,1x24x56x56,5.122945
11,0,imagen.jpeg,26,batchnorm,1x144x56x56,0.691639
11,0,imagen.jpeg,27,activacion,1x144x56x56,1.342204
11,0,imagen.jpeg,28,depthwise_conv,1x144x56x56,1.421665
11,0,imagen.jpeg,29,batchnorm,1x144x28x28,0.180335
11,0,imagen.jpeg,30,activacion,1x144x28x28,0.303159
11,0,imagen.jpeg,31,pointwise_conv,1x144x28x28,1.719109
11,0,imagen.jpeg,32,batchnorm,1x32x28x28,0.038915
11,0,imagen.jpeg,33,pointwise_conv,1x32x28x28,2.370688
11,0,imagen.jpeg,34,batchnorm,1x192x28x28,0.236267
11,0,imagen.jpeg,35,activacion,1x192x28x28,0.295831
11,0,imagen.jpeg,36,depthwise_conv,1x192x28x28,1.837742
11,0,imagen.jpeg,37,batchnorm,1x192x28x28,0.229437
11,0,imagen.jpeg,38,activacion,1x192x28x28,0.489431
11,0,imagen.jpeg,39,pointwise_conv,1x192x28x28,2.273566
11,0,imagen.jpeg,40,batchnorm,1x32x28x28,0.038335
11,0,imagen.jpeg,41,layer_add,1x32x28x28,0.012114
11,0,imagen.jpeg,42,pointwise_conv,1x32x28x28,2.32238
11,0,imagen.jpeg,43,batchnorm,1x192x28x28,0.238155
11,0,imagen.jpeg,44,activacion,1x192x28x28,0.372959
11,0,imagen.jpeg,45,depthwise_conv,1x192x28x28,1.86496
11,0,imagen.jpeg,46,batchnorm,1x192x28x28,0.240326
11,0,imagen.jpeg,47,activacion,1x192x28x28,0.463249
11,0,imagen.jpeg,48,pointwise_conv,1x192x28x28,2.295317
11,0,imagen.jpeg,49,batchnorm,1x32x28x28,0.04075
11,0,imagen.jpeg,50,layer_add,1x32x28x28,0.011914
11,0,imagen.jpeg,51,pointwise_conv,1x32x28x28,2.305906
11,0,imagen.jpeg,52,batchnorm,1x192x28x28,0.229291
11,0,imagen.jpeg,53,activacion,1x192x28x28,0.434905
11,0,imagen.jpeg,54,depthwise_conv,1x192x28x28,0.477727
11,0,imagen.jpeg,55,batchnorm,1x192x14x14,0.05772
11,0,imagen.jpeg,56,activacion,1x192x14x14,0.077469
11,0,imagen.jpeg,57,pointwise_conv,1x192x14x14,1.200311
11,0,imagen.jpeg,58,batchnorm,1x64x14x14,0.019408
11,0,imagen.jpeg,59,pointwise_conv,1x64x14x14,2.406173
11,0,imagen.jpeg,60,batchnorm,1x384x14x14,0.115449
11,0,imagen.jpeg,61,activacion,1x384x14x14,0.15392
11,0,imagen.jpeg,62,depthwise_conv,1x384x14x14,0.92217
11,0,imagen.jpeg,63,batchnorm,1x384x14x14,0.120543
11,0,imagen.jpeg,64,activacion,1x384x14x14,0.24362
11,0,imagen.jpeg,65,pointwise_conv,1x384x14x14,2.389002
11,0,imagen.jpeg,66,batchnorm,1x64x14x14,0.019404
11,0,imagen.jpeg,67,layer_add,1x64x14x14,0.005539
11,0,imagen.jpeg,68,pointwise_conv,1x64x14x14,2.41488
11,0,imagen.jpeg,69,batchnorm,1x384x14x14,0.119013
11,0,imagen.jpeg,70,activacion,1x384x14x14,0.205659
11,0,imagen.jpeg,71,depthwise_conv,1x384x14x14,0.951252
11,0,imagen.jpeg,72,batchnorm,1x384x14x14,0.245935
11,0,imagen.jpeg,73,activacion,1x384x14x14,0.231764
11,0,imagen.jpeg,74,pointwise_conv,1x384x14x14,2.39101
11,0,imagen.jpeg,75,batchnorm,1x64x14x14,0.019501
11,0,imagen.jpeg,76,layer_add,1x64x14x14,0.005585
11,0,imagen.jpeg,77,pointwise_conv,1x64x14x14,2.41439
11,0,imagen.jpeg,78,batchnorm,1x384x14x14,0.115243
11,0,imagen.jpeg,79,activacion,1x384x14x14,0.229603
11,0,imagen.jpeg,80,depthwise_conv,1x384x14x14,0.933803
11,0,imagen.jpeg,81,batchnorm,1x384x14x14,0.446852
11,0,imagen.jpeg,82,activacion,1x384x14x14,0.204657
11,0,imagen.jpeg,83,pointwise_conv,1x384x14x14,2.393776
11,0,imagen.jpeg,84,batchnorm,1x64x14x14,0.019485
11,0,imagen.jpeg,85,layer_add,1x64x14x14,0.005526
11,0,imagen.jpeg,86,pointwise_conv,1x64x14x14,2.414652
11,0,imagen.jpeg,87,batchnorm,1x384x14x14,0.115452
11,0,imagen.jpeg,88,activacion,1x384x14x14,0.227461
11,0,imagen.jpeg,89,depthwise_conv,1x384x14x14,0.933778
11,0,imagen.jpeg,90,batchnorm,1x384x14x14,0.115444
11,0,imagen.jpeg,91,activacion,1x384x14x14,0.210016
11,0,imagen.jpeg,92,pointwise_conv,1x384x14x14,3.59074
11,0,imagen.jpeg,93,batchnorm,1x96x14x14,0.029001
11,0,imagen.jpeg,94,pointwise_conv,1x96x14x14,5.406812
11,0,imagen.jpeg,95,batchnorm,1x576x14x14,0.174277
11,0,imagen.jpeg,96,activacion,1x576x14x14,0.327604
11,0,imagen.jpeg,97,depthwise_conv,1x576x14x14,1.40528
11,0,imagen.jpeg,98,batchnorm,1x576x14x14,0.501589
11,0,imagen.jpeg,99,activacion,1x576x14x14,0.285476
11,0,imagen.jpeg,100,pointwise_conv,1x576x14x14,5.380542
11,0,imagen.jpeg,101,batchnorm,1x96x14x14,0.028906
11,0,imagen.jpeg,102,layer_add,1x96x14x14,0.008249
11,0,imagen.jpeg,103,pointwise_conv,1x96x14x14,5.409131
11,0,imagen.jpeg,104,batchnorm,1x576x14x14,0.179151
11,0,imagen.jpeg,105,activacion,1x576x14x14,0.32829
11,0,imagen.jpeg,106,depthwise_conv,1x576x14x14,1.386188
11,0,imagen.jpeg,107,batchnorm,1x576x14x14,0.440496
11,0,imagen.jpeg,108,activacion,1x576x14x14,0.256308
11,0,imagen.jpeg,109,pointwise_conv,1x576x14x14,5.388655
11,0,imagen.jpeg,110,batchnorm,1x96x14x14,0.030677
11,0,imagen.jpeg,111,layer_add,1x96x14x14,0.008264
11,0,imagen.jpeg,112,pointwise_conv,1x96x14x14,5.430092
11,0,imagen.jpeg,113,batchnorm,1x576x14x14,0.175221
11,0,imagen.jpeg,114,activacion,1x576x14x14,0.289361
11,0,imagen.jpeg,115,depthwise_conv,1x576x14x14,0.379306
11,0,imagen.jpeg,116,batchnorm,1x576x7x7,0.061168
11,0,imagen.jpeg,117,activacion,1x576x7x7,0.049398
11,0,imagen.jpeg,118,pointwise_conv,1x576x7x7,2.163739
11,0,imagen.jpeg,119,batchnorm,1x160x7x7,0.012716
11,0,imagen.jpeg,120,pointwise_conv,1x160x7x7,3.592909
11,0,imagen.jpeg,121,batchnorm,1x960x7x7,0.074403
11,0,imagen.jpeg,122,activacion,1x960x7x7,0.133276
11,0,imagen.jpeg,123,depthwise_conv,1x960x7x7,0.566091
11,0,imagen.jpeg,124,batchnorm,1x960x7x7,0.074686
11,0,imagen.jpeg,125,activacion,1x960x7x7,0.126619
11,0,imagen.jpeg,126,pointwise_conv,1x960x7x7,3.574726
11,0,imagen.jpeg,127,batchnorm,1x160x7x7,0.012571
11,0,imagen.jpeg,128,layer_add,1x160x7x7,0.003498
11,0,imagen.jpeg,129,pointwise_conv,1x160x7x7,3.608317
11,0,imagen.jpeg,130,batchnorm,1x960x7x7,0.074456
11,0,imagen.jpeg,131,activacion,1x960x7x7,0.126923
11,0,imagen.jpeg,132,depthwise_conv,1x960x7x7,0.591263
11,0,imagen.jpeg,133,batchnorm,1x960x7x7,0.127662
11,0,imagen.jpeg,134,activacion,1x960x7x7,0.109463
11,0,imagen.jpeg,135,pointwise_conv,1x960x7x7,3.569149
11,0,imagen.jpeg,136,batchnorm,1x160x7x7,0.012531
11,0,imagen.jpeg,137,layer_add,1x160x7x7,0.006444
11,0,imagen.jpeg,138,pointwise_conv,1x160x7x7,3.594263
11,0,imagen.jpeg,139,batchnorm,1x960x7x7,0.074423
11,0,imagen.jpeg,140,activacion,1x960x7x7,0.102676
11,0,imagen.jpeg,141,depthwise_conv,1x960x7x7,0.591559
11,0,imagen.jpeg,142,batchnorm,1x960x7x7,0.090821
11,0,imagen.jpeg,143,activacion,1x960x7x7,0.057684
11,0,imagen.jpeg,144,pointwise_conv,1x960x7x7,7.147943
11,0,imagen.jpeg,145,batchnorm,1x320x7x7,0.024987
11,0,imagen.jpeg,146,pointwise_conv,1x320x7x7,9.565075
11,0,imagen.jpeg,147,batchnorm,1x1280x7x7,0.1105
11,0,imagen.jpeg,148,activacion,1x1280x7x7,0.161869
11,0,imagen.jpeg,149,pooling,1x1280x7x7,0.033609
11,0,imagen.jpeg,150,linear,1x1280,1.167727
12,0,imagen.jpeg,0,conv2d,1x3x224x224,17.029073
12,0,imagen.jpeg,1,batchnorm,1x32x112x112,0.6139
12,0,imagen.jpeg,2,activacion,1x32x112x112,0.396608
12,0,imagen.jpeg,3,depthwise_conv,1x32x112x112,4.762004
12,0,imagen.jpeg,4,batchnorm,1x32x112x112,8.987136
12,0,imagen.jpeg,5,activacion,1x32x112x112,0.494642
12,0,imagen.jpeg,6,pointwise_conv,1x32x112x112,3.045983
12,0,imagen.jpeg,7,batchnorm,1x16x112x112,0.320826
12,0,imagen.jpeg,8,pointwise_conv,1x16x112x112,9.332932
12,0,imagen.jpeg,9,batchnorm,1x96x112x112,1.891912
12,0,imagen.jpeg,10,activacion,1x96x112x112,2.830056
12,0,imagen.jpeg,11,depthwise_conv,1x96x112x112,3.714648
12,0,imagen.jpeg,12,batchnorm,1x96x56x56,0.463293
12,0,imagen.jpeg,13,activacion,1x96x56x56,0.877525
12,0,imagen.jpeg,14,pointwise_conv,1x96x56x56,3.380929
12,0,imagen.jpeg,15,batchnorm,1x24x56x56,0.114398
12,0,imagen.jpeg,16,pointwise_conv,1x24x56x56,5.144366
12,0,imagen.jpeg,17,batchnorm,1x144x56x56,0.69916
12,0,imagen.jpeg,18,activacion,1x144x56x56,1.010684
12,0,imagen.jpeg,19,depthwise_conv,1x144x56x56,5.342919
12,0,imagen.jpeg,20,batchnorm,1x144x56x56,0.687606
12,0,imagen.jpeg,21,activacion,1x144x56x56,1.460009
12,0,imagen.jpeg,22,pointwise_conv,1x144x56x56,5.108121
12,0,imagen.jpeg,23,batchnorm,1x24x56x56,0.117564
12,0,imagen.jpeg,24,layer_add,1x24x56x56,0.052231
12,0,imagen.jpeg,25,pointwise_conv,1x24x56x56,5.120307
12,0,imagen.jpeg,26,batchnorm,1x144x56x56,0.698708
12,0,imagen.jpeg,27,activacion,1x144x56x56,1.340414
12,0,imagen.jpeg,28,depthwise_conv,1x144x56x56,1.427827
12,0,imagen.jpeg,29,batchnorm,1x144x28x28,0.185092
12,0,imagen.jpeg,30,activacion,1x144x28x28,0.298301
12,0,imagen.jpeg,31,pointwise_conv,1x144x28x28,1.704365
12,0,imagen.jpeg,32,batchnorm,1x32x28x28,0.038362
12,0,imagen.jpeg,33,pointwise_conv,1x32x28x28,2.312167
12,0,imagen.jpeg,34,batchnorm,1x192x28x28,0.232803
12,0,imagen.jpeg,35,activacion,1x192x28x28,0.289139
12,0,imagen.jpeg,36,depthwise_conv,1x192x28x28,1.787566
12,0,imagen.jpeg,37,batchnorm,1x192x28x28,0.229147
12,0,imagen.jpeg,38,activacion,1x192x28x28,0.490158
12,0,imagen.jpeg,39,pointwise_conv,1x192x28x28,2.267241
12,0,imagen.jpeg,40,batchnorm,1x32x28x28,0.038287
12,0,imagen.jpeg,41,layer_add,1x32x28x28,0.012
12,0,imagen.jpeg,42,pointwise_conv,1x32x28x28,2.308802
12,0,imagen.jpeg,43,batchnorm,1x192x28x28,0.232384
12,0,imagen.jpeg,44,activacion,1x192x28x28,0.382409
12,0,imagen.jpeg,45,depthwise_conv,1x192x28x28,1.82692
12,0,imagen.jpeg,46,batchnorm,1x192x28x28,0.229275
12,0,imagen.jpeg,47,activacion,1x192x28x28,0.468825
12,0,imagen.jpeg,48,pointwise_conv,1x192x28x28,2.267736
12,0,imagen.jpeg,49,batchnorm,1x32x28x28,0.038296
12,0,imagen.jpeg,50,layer_add,1x32x28x28,0.011927
12,0,imagen.jpeg,51,pointwise_conv,1x32x28x28,2.300557
12,0,imagen.jpeg,52,batchnorm,1x192x28x28,0.233352
12,0,imagen.jpeg,53,activacion,1x192x28x28,0.428541
12,0,imagen.jpeg,54,depthwise_conv,1x192x28x28,0.466418
12,0,imagen.jpeg,55,batchnorm,1x192x14x14,0.067909
12,0,imagen.jpeg,56,activacion,1x192x14x14,0.077784
12,0,imagen.jpeg,57,pointwise_conv,1x192x14x14,1.197603
12,0,imagen.jpeg,58,batchnorm,1x64x14x14,0.019439
12,0,imagen.jpeg,59,pointwise_conv,1x64x14x14,2.412713
12,0,imagen.jpeg,60,batchnorm,1x384x14x14,0.115361
12,0,imagen.jpeg,61,activacion,1x384x14x14,0.153624
12,0,imagen.jpeg,62,depthwise_conv,1x384x14x14,0.933548
12,0,imagen.jpeg,63,batchnorm,1x384x14x14,0.11531
12,0,imagen.jpeg,64,activacion,1x384x14x14,0.243419
12,0,imagen.jpeg,65,pointwise_conv,1x384x14x14,2.393116
12,0,imagen.jpeg,66,batchnorm,1x64x14x14,0.019362
12,0,imagen.jpeg,67,layer_add,1x64x14x14,0.005604
12,0,imagen.jpeg,68,pointwise_conv,1x64x14x14,2.408534
12,0,imagen.jpeg,69,batchnorm,1x384x14x14,0.11921
12,0,imagen.jpeg,70,activacion,1x384x14x14,0.206806
12,0,imagen.jpeg,71,depthwise_conv,1x384x14x14,0.926356
12,0,imagen.jpeg,72,batchnorm,1x384x14x14,0.247519
12,0,imagen.jpeg,73,activacion,1x384x14x14,0.232246
12,0,imagen.jpeg,74,pointwise_conv,1x384x14x14,2.393032
12,0,imagen.jpeg,75,batchnorm,1x64x14x14,0.019358
12,0,imagen.jpeg,76,layer_add,1x64x14x14,0.005534
12,0,imagen.jpeg,77,pointwise_conv,1x64x14x14,2.411412
12,0,imagen.jpeg,78,batchnorm,1x384x14x14,0.117445
12,0,imagen.jpeg,79,activacion,1x384x14x14,0.23595
12,0,imagen.jpeg,80,depthwise_conv,1x384x14x14,0.930757
12,0,imagen.jpeg,81,batchnorm,1x384x14x14,0.441765
12,0,imagen.jpeg,82,activacion,1x384x14x14,0.201241
12,0,imagen.jpeg,83,pointwise_conv,1x384x14x14,2.393533
12,0,imagen.jpeg,84,batchnorm,1x64x14x14,0.019426
12,0,imagen.jpeg,85,layer_add,1x64x14x14,0.005571
12,0,imagen.jpeg,86,pointwise_conv,1x64x14x14,2.41085
12,0,imagen.jpeg,87,batchnorm,1x384x14x14,0.118722
12,0,imagen.jpeg,88,activacion,1x384x14x14,0.233584
12,0,imagen.jpeg,89,depthwise_conv,1x384x14x14,0.919208
12,0,imagen.jpeg,90,batchnorm,1x384x14x14,0.118733
12,0,imagen.jpeg,91,activacion,1x384x14x14,0.210857
12,0,imagen.jpeg,92,pointwise_conv,1x384x14x14,3.595237
12,0,imagen.jpeg,93,batchnorm,1x96x14x14,0.02899
12,0,imagen.jpeg,94,pointwise_conv,1x96x14x14,5.404092
12,0,imagen.jpeg,95,batchnorm,1x576x14x14,0.172405
12,0,imagen.jpeg,96,activacion,1x576x14x14,0.336156
12,0,imagen.jpeg,97,depthwise_conv,1x576x14x14,1.39048
12,0,imagen.jpeg,98,batchnorm,1x576x14x14,0.507405
12,0,imagen.jpeg,99,activacion,1x576x14x14,0.285127
12,0,imagen.jpeg,100,pointwise_conv,1x576x14x14,5.398
12,0,imagen.jpeg,101,batchnorm,1x96x14x14,0.028979
12,0,imagen.jpeg,102,layer_add,1x96x14x14,0.008485
12,0,imagen.jpeg,103,pointwise_conv,1x96x14x14,5.450362
12,0,imagen.jpeg,104,batchnorm,1x576x14x14,0.172688
12,0,imagen.jpeg,105,activacion,1x576x14x14,0.32953
12,0,imagen.jpeg,106,depthwise_conv,1x576x14x14,1.368419
12,0,imagen.jpeg,107,batchnorm,1x576x14x14,0.438425
12,0,imagen.jpeg,108,activacion,1x576x14x14,0.262851
12,0,imagen.jpeg,109,pointwise_conv,1x576x14x14,5.389132
12,0,imagen.jpeg,110,batchnorm,1x96x14x14,0.02887
12,0,imagen.jpeg,111,layer_add,1x96x14x14,0.008228
12,0,imagen.jpeg,112,pointwise_conv,1x96x14x14,5.408882
12,0,imagen.jpeg,113,batchnorm,1x576x14x14,0.17233
12,0,imagen.jpeg,114,activacion,1x576x14x14,0.281686
12,0,imagen.jpeg,115,depthwise_conv,1x576x14x14,0.370542
12,0,imagen.jpeg,116,batchnorm,1x576x7x7,0.061167
12,0,imagen.jpeg,117,activacion,1x576x7x7,0.049494
12,0,imagen.jpeg,118,pointwise_conv,1x576x7x7,2.151663
12,0,imagen.jpeg,119,batchnorm,1x160x7x7,0.012675
12,0,imagen.jpeg,120,pointwise_conv,1x160x7x7,3.587328
12,0,imagen.jpeg,121,batchnorm,1x960x7x7,0.074442
12,0,imagen.jpeg,122,activacion,1x960x7x7,0.132979
12,0,imagen.jpeg,123,depthwise_conv,1x960x7x7,0.59013
12,0,imagen.jpeg,124,batchnorm,1x960x7x7,0.074585
12,0,imagen.jpeg,125,activacion,1x960x7x7,0.128234
12,0,imagen.jpeg,126,pointwise_conv,1x960x7x7,3.585673
12,0,imagen.jpeg,127,batchnorm,1x160x7x7,0.012598
12,0,imagen.jpeg,128,layer_add,1x160x7x7,0.003711
12,0,imagen.jpeg,129,pointwise_conv,1x160x7x7,3.585713
12,0,imagen.jpeg,130,batchnorm,1x960x7x7,0.074395
12,0,imagen.jpeg,131,activacion,1x960x7x7,0.131953
12,0,imagen.jpeg,132,depthwise_conv,1x960x7x7,0.58648
12,0,imagen.jpeg,133,batchnorm,1x960x7x7,0.125683
12,0,imagen.jpeg,134,activacion,1x960x7x7,0.110642
12,0,imagen.jpeg,135,pointwise_conv,1x960x7x7,3.575352
12,0,imagen.jpeg,136,batchnorm,1x160x7x7,0.012469
12,0,imagen.jpeg,137,layer_add,1x160x7x7,0.003979
12,0,imagen.jpeg,138,pointwise_conv,1x160x7x7,3.587942
12,0,imagen.jpeg,139,batchnorm,1x960x7x7,0.074396
12,0,imagen.jpeg,140,activacion,1x960x7x7,0.102155
12,0,imagen.jpeg,141,depthwise_conv,1x960x7x7,0.592321
12,0,imagen.jpeg,142,batchnorm,1x960x7x7,0.093184
12,0,imagen.jpeg,143,activacion,1x960x7x7,0.057493
12,0,imagen.jpeg,144,pointwise_conv,1x960x7x7,7.196351
12,0,imagen.jpeg,145,batchnorm,1x320x7x7,0.02525
12,0,imagen.jpeg,146,pointwise_conv,1x320x7x7,9.562904
12,0,imagen.jpeg,147,batchnorm,1x1280x7x7,0.099232
12,0,imagen.jpeg,148,activacion,1x1280x7x7,0.159407
12,0,imagen.jpeg,149,pooling,1x1280x7x7,0.033711
12,0,imagen.jpeg,150,linear,1x1280,1.10227
13,0,imagen.jpeg,0,conv2d,1x3x224x224,17.25812
13,0,imagen.jpeg,1,batchnorm,1x32x112x112,0.614312
13,0,imagen.jpeg,2,activacion,1x32x112x112,0.396138
13,0,imagen.jpeg,3,depthwise_conv,1x32x112x112,4.749011
13,0,imagen.jpeg,4,batchnorm,1x32x112x112,8.974765
13,0,imagen.jpeg,5,activacion,1x32x112x112,0.490136
13,0,imagen.jpeg,6,pointwise_conv,1x32x112x112,3.044803
13,0,imagen.jpeg,7,batchnorm,1x16x112x112,0.317087
13,0,imagen.jpeg,8,pointwise_conv,1x16x112x112,9.265734
13,0,imagen.jpeg,9,batchnorm,1x96x112x112,1.856896
13,0,imagen.jpeg,10,activacion,1x96x112x112,2.780784
13,0,imagen.jpeg,11,depthwise_conv,1x96x112x112,3.661087
13,0,imagen.jpeg,12,batchnorm,1x96x56x56,0.456746
13,0,imagen.jpeg,13,activacion,1x96x56x56,0.886345
13,0,imagen.jpeg,14,pointwise_conv,1x96x56x56,3.36781
13,0,imagen.jpeg,15,batchnorm,1x24x56x56,0.130358
13,0,imagen.jpeg,16,pointwise_conv,1x24x56x56,5.125411
13,0,imagen.jpeg,17,batchnorm,1x144x56x56,0.709508
13,0,imagen.jpeg,18,activacion,1x144x56x56,1.01661
13,0,imagen.jpeg,19,depthwise_conv,1x144x56x56,5.417285
13,0,imagen.jpeg,20,batchnorm,1x144x56x56,0.693966
13,0,imagen.jpeg,21,activacion,1x144x56x56,1.44519
13,0,imagen.jpeg,22,pointwise_conv,1x144x56x56,5.059918
13,0,imagen.jpeg,23,batchnorm,1x24x56x56,0.117542
13,0,imagen.jpeg,24,layer_add,1x24x56x56,0.034684
13,0,imagen.jpeg,25,pointwise_conv,1x24x56x56,5.11437
13,0,imagen.jpeg,26,batchnorm,1x144x56x56,0.690929
13,0,imagen.jpeg,27,activacion,1x144x56x56,1.339589
13,0,imagen.jpeg,28,depthwise_conv,1x144x56x56,1.39892
13,0,imagen.jpeg,29,batchnorm,1x144x28x28,0.185322
13,0,imagen.jpeg,30,activacion,1x144x28x28,0.300533
13,0,imagen.jpeg,31,pointwise_conv,1x144x28x28,1.70167
13,0,imagen.jpeg,32,batchnorm,1x32x28x28,0.038363
13,0,imagen.jpeg,33,pointwise_conv,1x32x28x28,2.296056
13,0,imagen.jpeg,34,batchnorm,1x192x28x28,0.229079
13,0,imagen.jpeg,35,activacion,1x192x28x28,0.294519
13,0,imagen.jpeg,36,depthwise_conv,1x192x28x28,1.815547
13,0,imagen.jpeg,37,batchnorm,1x192x28x28,0.241964
13,0,imagen.jpeg,38,activacion,1x192x28x28,0.511147
13,0,imagen.jpeg,39,pointwise_conv,1x192x28x28,2.267601
13,0,imagen.jpeg,40,batchnorm,1x32x28x28,0.041174
13,0,imagen.jpeg,41,layer_add,1x32x28x28,0.011104
13,0,imagen.jpeg,42,pointwise_conv,1x32x28x28,2.294405
13,0,imagen.jpeg,43,batchnorm,1x192x28x28,0.229095
13,0,imagen.jpeg,44,activacion,1x192x28x28,0.373386
13,0,imagen.jpeg,45,depthwise_conv,1x192x28x28,1.819458
13,0,imagen.jpeg,46,batchnorm,1x192x28x28,0.229161
13,0,imagen.jpeg,47,activacion,1x192x28x28,0.465707
13,0,imagen.jpeg,48,pointwise_conv,1x192x28x28,2.280028
13,0,imagen.jpeg,49,batchnorm,1x32x28x28,0.038309
13,0,imagen.jpeg,50,layer_add,1x32x28x28,0.012164
13,0,imagen.jpeg,51,pointwise_conv,1x32x28x28,2.299459
13,0,imagen.jpeg,52,batchnorm,1x192x28x28,0.229141
13,0,imagen.jpeg,53,activacion,1x192x28x28,0.435863
13,0,imagen.jpeg,54,depthwise_conv,1x192x28x28,0.478311
13,0,imagen.jpeg,55,batchnorm,1x192x14x14,0.062819
13,0,imagen.jpeg,56,activacion,1x192x14x14,0.07737
13,0,imagen.jpeg,57,pointwise_conv,1x192x14x14,1.19615
13,0,imagen.jpeg,58,batchnorm,1x64x14x14,0.019444
13,0,imagen.jpeg,59,pointwise_conv,1x64x14x14,2.410976
13,0,imagen.jpeg,60,batchnorm,1x384x14x14,0.119951
13,0,imagen.jpeg,61,activacion,1x384x14x14,0.153885
13,0,imagen.jpeg,62,depthwise_conv,1x384x14x14,0.930561
13,0,imagen.jpeg,63,batchnorm,1x384x14x14,0.118958
13,0,imagen.jpeg,64,activacion,1x384x14x14,0.243693
13,0,imagen.jpeg,65,pointwise_conv,1x384x14x14,2.388519
13,0,imagen.jpeg,66,batchnorm,1x64x14x14,0.01937
13,0,imagen.jpeg,67,layer_add,1x64x14x14,0.005517
13,0,imagen.jpeg,68,pointwise_conv,1x64x14x14,2.406024
13,0,imagen.jpeg,69,batchnorm,1x384x14x14,0.115547
13,0,imagen.jpeg,70,activacion,1x384x14x14,0.208572
13,0,imagen.jpeg,71,depthwise_conv,1x384x14x14,0.934389
13,0,imagen.jpeg,72,batchnorm,1x384x14x14,0.248536
13,0,imagen.jpeg,73,activacion,1x384x14x14,0.222167
13,0,imagen.jpeg,74,pointwise_conv,1x384x14x14,2.406897
13,0,imagen.jpeg,75,batchnorm,1x64x14x14,0.019421
13,0,imagen.jpeg,76,layer_add,1x64x14x14,0.005545
13,0,imagen.jpeg,77,pointwise_conv,1x64x14x14,2.411081
13,0,imagen.jpeg,78,batchnorm,1x384x14x14,0.115215
13,0,imagen.jpeg,79,activacion,1x384x14x14,0.229789
13,0,imagen.jpeg,80,depthwise_conv,1x384x14x14,0.930423
13,0,imagen.jpeg,81,batchnorm,1x384x14x14,0.449254
13,0,imagen.jpeg,82,activacion,1x384x14x14,0.200154
13,0,imagen.jpeg,83,pointwise_conv,1x384x14x14,2.396927
13,0,imagen.jpeg,84,batchnorm,1x64x14x14,0.019549
13,0,imagen.jpeg,85,layer_add,1x64x14x14,0.005857
13,0,imagen.jpeg,86,pointwise_conv,1x64x14x14,2.414464
13,0,imagen.jpeg,87,batchnorm,1x384x14x14,0.115034
13,0,imagen.jpeg,88,activacion,1x384x14x14,0.227695
13,0,imagen.jpeg,89,depthwise_conv,1x384x14x14,0.92997
13,0,imagen.jpeg,90,batchnorm,1x384x14x14,0.115368
13,0,imagen.jpeg,91,activacion,1x384x14x14,0.212975
13,0,imagen.jpeg,92,pointwise_conv,1x384x14x14,3.58113
13,0,imagen.jpeg,93,batchnorm,1x96x14x14,0.028892
13,0,imagen.jpeg,94,pointwise_conv,1x96x14x14,5.400165
13,0,imagen.jpeg,95,batchnorm,1x576x14x14,0.172923
13,0,imagen.jpeg,96,activacion,1x576x14x14,0.325254
13,0,imagen.jpeg,97,depthwise_conv,1x576x14x14,1.374525
13,0,imagen.jpeg,98,batchnorm,1x576x14x14,0.502836
13,0,imagen.jpeg,99,activacion,1x576x14x14,0.290503
13,0,imagen.jpeg,100,pointwise_conv,1x576x14x14,5.377628
13,0,imagen.jpeg,101,batchnorm,1x96x14x14,0.031898
13,0,imagen.jpeg,102,layer_add,1x96x14x14,0.008262
13,0,imagen.jpeg,103,pointwise_conv,1x96x14x14,5.405461
13,0,imagen.jpeg,104,batchnorm,1x576x14x14,0.176249
13,0,imagen.jpeg,105,activacion,1x576x14x14,0.32408
13,0,imagen.jpeg,106,depthwise_conv,1x576x14x14,1.381147
13,0,imagen.jpeg,107,batchnorm,1x576x14x14,0.43373
13,0,imagen.jpeg,108,activacion,1x576x14x14,0.263932
13,0,imagen.jpeg,109,pointwise_conv,1x576x14x14,5.508722
13,0,imagen.jpeg,110,batchnorm,1x96x14x14,0.028886
13,0,imagen.jpeg,111,layer_add,1x96x14x14,0.008329
13,0,imagen.jpeg,112,pointwise_conv,1x96x14x14,5.405544
13,0,imagen.jpeg,113,batchnorm,1x576x14x14,0.176319
13,0,imagen.jpeg,114,activacion,1x576x14x14,0.292307
13,0,imagen.jpeg,115,depthwise_conv,1x576x14x14,0.362453
13,0,imagen.jpeg,116,batchnorm,1x576x7x7,0.061308
13,0,imagen.jpeg,117,activacion,1x576x7x7,0.055094
13,0,imagen.jpeg,118,pointwise_conv,1x576x7x7,2.142824
13,0,imagen.jpeg,119,batchnorm,1x160x7x7,0.012673
13,0,imagen.jpeg,120,pointwise_conv,1x160x7x7,3.581669
13,0,imagen.jpeg,121,batchnorm,1x960x7x7,0.074378
13,0,imagen.jpeg,122,activacion,1x960x7x7,0.137282
13,0,imagen.jpeg,123,depthwise_conv,1x960x7x7,0.590114
13,0,imagen.jpeg,124,batchnorm,1x960x7x7,0.074499
13,0,imagen.jpeg,125,activacion,1x960x7x7,0.132498
13,0,imagen.jpeg,126,pointwise_conv,1x960x7x7,3.572078
13,0,imagen.jpeg,127,batchnorm,1x160x7x7,0.01256
13,0,imagen.jpeg,128,layer_add,1x160x7x7,0.00355
13,0,imagen.jpeg,129,pointwise_conv,1x160x7x7,3.608823
13,0,imagen.jpeg,130,batchnorm,1x960x7x7,0.074397
13,0,imagen.jpeg,131,activacion,1x960x7x7,0.127544
13,0,imagen.jpeg,132,depthwise_conv,1x960x7x7,0.589686
13,0,imagen.jpeg,133,batchnorm,1x960x7x7,0.131104
13,0,imagen.jpeg,134,activacion,1x960x7x7,0.109987
13,0,imagen.jpeg,135,pointwise_conv,1x960x7x7,3.569572
13,0,imagen.jpeg,136,batchnorm,1x160x7x7,0.012475
13,0,imagen.jpeg,137,layer_add,1x160x7x7,0.003875
13,0,imagen.jpeg,138,pointwise_conv,1x160x7x7,3.586628
13,0,imagen.jpeg,139,batchnorm,1x960x7x7,0.074403
13,0,imagen.jpeg,140,activacion,1x960x7x7,0.106684
13,0,imagen.jpeg,141,depthwise_conv,1x960x7x7,0.58584
13,0,imagen.jpeg,142,batchnorm,1x960x7x7,0.095504
13,0,imagen.jpeg,143,activacion,1x960x7x7,0.057519
13,0,imagen.jpeg,144,pointwise_conv,1x960x7x7,7.156282
13,0,imagen.jpeg,145,batchnorm,1x320x7x7,0.035922
13,0,imagen.jpeg,146,pointwise_conv,1x320x7x7,9.551358
13,0,imagen.jpeg,147,batchnorm,1x1280x7x7,0.099161
13,0,imagen.jpeg,148,activacion,1x1280x7x7,0.16262
13,0,imagen.jpeg,149,pooling,1x1280x7x7,0.03369
13,0,imagen.jpeg,150,linear,1x1280,1.102919
14,0,imagen.jpeg,0,conv2d,1x3x224x224,17.148646
14,0,imagen.jpeg,1,batchnorm,1x32x112x112,0.648948
14,0,imagen.jpeg,2,activacion,1x32x112x112,0.413889
14,0,imagen.jpeg,3,depthwise_conv,1x32x112x112,4.769603
14,0,imagen.jpeg,4,batchnorm,1x32x112x112,9.021949
14,0,imagen.jpeg,5,activacion,1x32x112x112,0.492251
14,0,imagen.jpeg,6,pointwise_conv,1x32x112x112,3.031658
14,0,imagen.jpeg,7,batchnorm,1x16x112x112,0.304757
14,0,imagen.jpeg,8,pointwise_conv,1x16x112x112,9.315135
14,0,imagen.jpeg,9,batchnorm,1x96x112x112,1.856412
14,0,imagen.jpeg,10,activacion,1x96x112x112,2.761646
14,0,imagen.jpeg,11,depthwise_conv,1x96x112x112,3.651471
14,0,imagen.jpeg,12,batchnorm,1x96x56x56,0.460996
14,0,imagen.jpeg,13,activacion,1x96x56x56,0.876573
14,0,imagen.jpeg,14,pointwise_conv,1x96x56x56,3.503561
14,0,imagen.jpeg,15,batchnorm,1x24x56x56,0.114305
14,0,imagen.jpeg,16,pointwise_conv,1x24x56x56,5.124884
14,0,imagen.jpeg,17,batchnorm,1x144x56x56,0.696845
14,0,imagen.jpeg,18,activacion,1x144x56x56,1.005747
14,0,imagen.jpeg,19,depthwise_conv,1x144x56x56,5.318284
14,0,imagen.jpeg,20,batchnorm,1x144x56x56,0.682644
14,0,imagen.jpeg,21,activacion,1x144x56x56,1.448441
14,0,imagen.jpeg,22,pointwise_conv,1x144x56x56,5.06793
14,0,imagen.jpeg,23,batchnorm,1x24x56x56,0.114237
14,0,imagen.jpeg,24,layer_add,1x24x56x56,0.03627
14,0,imagen.jpeg,25,pointwise_conv,1x24x56x56,5.117118
14,0,imagen.jpeg,26,batchnorm,1x144x56x56,0.694554
14,0,imagen.jpeg,27,activacion,1x144x56x56,1.334321
14,0,imagen.jpeg,28,depthwise_conv,1x144x56x56,1.325052
14,0,imagen.jpeg,29,batchnorm,1x144x28x28,0.172153
14,0,imagen.jpeg,30,activacion,1x144x28x28,0.299617
14,0,imagen.jpeg,31,pointwise_conv,1x144x28x28,1.70346
14,0,imagen.jpeg,32,batchnorm,1x32x28x28,0.038331
14,0,imagen.jpeg,33,pointwise_conv,1x32x28x28,2.293547
14,0,imagen.jpeg,34,batchnorm,1x192x28x28,0.237577
14,0,imagen.jpeg,35,activacion,1x192x28x28,0.289461
14,0,imagen.jpeg,36,depthwise_conv,1x192x28x28,1.830505
14,0,imagen.jpeg,37,batchnorm,1x192x28x28,0.229141
14,0,imagen.jpeg,38,activacion,1x192x28x28,0.48308
14,0,imagen.jpeg,39,pointwise_conv,1x192x28x28,2.263481
14,0,imagen.jpeg,40,batchnorm,1x32x28x28,0.038246
14,0,imagen.jpeg,41,layer_add,1x32x28x28,0.011065
14,0,imagen.jpeg,42,pointwise_conv,1x32x28x28,2.295397
14,0,imagen.jpeg,43,batchnorm,1x192x28x28,0.235952
14,0,imagen.jpeg,44,activacion,1x192x28x28,0.361352
14,0,imagen.jpeg,45,depthwise_conv,1x192x28x28,1.827918
14,0,imagen.jpeg,46,batchnorm,1x192x28x28,0.232647
14,0,imagen.jpeg,47,activacion,1x192x28x28,0.477824
14,0,imagen.jpeg,48,pointwise_conv,1x192x28x28,2.265971
14,0,imagen.jpeg,49,batchnorm,1x32x28x28,0.038304
14,0,imagen.jpeg,50,layer_add,1x32x28x28,0.011763
14,0,imagen.jpeg,51,pointwise_conv,1x32x28x28,2.296014
14,0,imagen.jpeg,52,batchnorm,1x192x28x28,0.234811
14,0,imagen.jpeg,53,activacion,1x192x28x28,0.430417
14,0,imagen.jpeg,54,depthwise_conv,1x192x28x28,0.474039
14,0,imagen.jpeg,55,batchnorm,1x192x14x14,0.057639
14,0,imagen.jpeg,56,activacion,1x192x14x14,0.077645
14,0,imagen.jpeg,57,pointwise_conv,1x192x14x14,1.195613
14,0,imagen.jpeg,58,batchnorm,1x64x14x14,0.019443
14,0,imagen.jpeg,59,pointwise_conv,1x64x14x14,2.415626
14,0,imagen.jpeg,60,batchnorm,1x384x14x14,0.115389
14,0,imagen.jpeg,61,activacion,1x384x14x14,0.153721
14,0,imagen.jpeg,62,depthwise_conv,1x384x14x14,0.929046
14,0,imagen.jpeg,63,batchnorm,1x384x14x14,0.115499
14,0,imagen.jpeg,64,activacion,1x384x14x14,0.24363
14,0,imagen.jpeg,65,pointwise_conv,1x384x14x14,2.393386
14,0,imagen.jpeg,66,batchnorm,1x64x14x14,0.019326
14,0,imagen.jpeg,67,layer_add,1x64x14x14,0.005552
14,0,imagen.jpeg,68,pointwise_conv,1x64x14x14,2.405869
14,0,imagen.jpeg,69,batchnorm,1x384x14x14,0.11525
14,0,imagen.jpeg,70,activacion,1x384x14x14,0.20985
14,0,imagen.jpeg,71,depthwise_conv,1x384x14x14,0.930792
14,0,imagen.jpeg,72,batchnorm,1x384x14x14,0.249859
14,0,imagen.jpeg,73,activacion,1x384x14x14,0.224644
14,0,imagen.jpeg,74,pointwise_conv,1x384x14x14,2.392024
14,0,imagen.jpeg,75,batchnorm,1x64x14x14,0.021094
14,0,imagen.jpeg,76,layer_add,1x64x14x14,0.007855
14,0,imagen.jpeg,77,pointwise_conv,1x64x14x14,2.408131
14,0,imagen.jpeg,78,batchnorm,1x384x14x14,0.115149
14,0,imagen.jpeg,79,activacion,1x384x14x14,0.232536
14,0,imagen.jpeg,80,depthwise_conv,1x384x14x14,0.912576
14,0,imagen.jpeg,81,batchnorm,1x384x14x14,0.445677
14,0,imagen.jpeg,82,activacion,1x384x14x14,0.200455
14,0,imagen.jpeg,83,pointwise_conv,1x384x14x14,2.392582
14,0,imagen.jpeg,84,batchnorm,1x64x14x14,0.019491
14,0,imagen.jpeg,85,layer_add,1x64x14x14,0.00552
14,0,imagen.jpeg,86,pointwise_conv,1x64x14x14,2.409472
14,0,imagen.jpeg,87,batchnorm,1x384x14x14,0.115018
14,0,imagen.jpeg,88,activacion,1x384x14x14,0.231123
14,0,imagen.jpeg,89,depthwise_conv,1x384x14x14,0.928648
14,0,imagen.jpeg,90,batchnorm,1x384x14x14,0.115007
14,0,imagen.jpeg,91,activacion,1x384x14x14,0.209418
14,0,imagen.jpeg,92,pointwise_conv,1x384x14x14,3.587883
14,0,imagen.jpeg,93,batchnorm,1x96x14x14,0.028935
14,0,imagen.jpeg,94,pointwise_conv,1x96x14x14,5.400774
14,0,imagen.jpeg,95,batchnorm,1x576x14x14,0.17253
14,0,imagen.jpeg,96,activacion,1x576x14x14,0.329288
14,0,imagen.jpeg,97,depthwise_conv,1x576x14x14,1.386002
14,0,imagen.jpeg,98,batchnorm,1x576x14x14,0.506102
14,0,imagen.jpeg,99,activacion,1x576x14x14,0.292326
14,0,imagen.jpeg,100,pointwise_conv,1x576x14x14,5.377342
14,0,imagen.jpeg,101,batchnorm,1x96x14x14,0.028925
14,0,imagen.jpeg,102,layer_add,1x96x14x14,0.008217
14,0,imagen.jpeg,103,pointwise_conv,1x96x14x14,5.429262
14,0,imagen.jpeg,104,batchnorm,1x576x14x14,0.173187
14,0,imagen.jpeg,105,activacion,1x576x14x14,0.325217
14,0,imagen.jpeg,106,depthwise_conv,1x576x14x14,1.397958
14,0,imagen.jpeg,107,batchnorm,1x576x14x14,0.433729
14,0,imagen.jpeg,108,activacion,1x576x14x14,0.269339
14,0,imagen.jpeg,109,pointwise_conv,1x576x14x14,5.371084
14,0,imagen.jpeg,110,batchnorm,1x96x14x14,0.028917
14,0,imagen.jpeg,111,layer_add,1x96x14x14,0.008226
14,0,imagen.jpeg,112,pointwise_conv,1x96x14x14,5.407203
14,0,imagen.jpeg,113,batchnorm,1x576x14x14,0.176034
14,0,imagen.jpeg,114,activacion,1x576x14x14,0.281942
14,0,imagen.jpeg,115,depthwise_conv,1x576x14x14,0.362574
14,0,imagen.jpeg,116,batchnorm,1x576x7x7,0.065453
14,0,imagen.jpeg,117,activacion,1x576x7x7,0.049452
14,0,imagen.jpeg,118,pointwise_conv,1x576x7x7,2.14222
14,0,imagen.jpeg,119,batchnorm,1x160x7x7,0.012819
14,0,imagen.jpeg,120,pointwise_conv,1x160x7x7,3.581124
14,0,imagen.jpeg,121,batchnorm,1x960x7x7,0.077254
14,0,imagen.jpeg,122,activacion,1x960x7x7,0.133381
14,0,imagen.jpeg,123,depthwise_conv,1x960x7x7,0.58619
14,0,imagen.jpeg,124,batchnorm,1x960x7x7,0.074712
14,0,imagen.jpeg,125,activacion,1x960x7x7,0.131344
14,0,imagen.jpeg,126,pointwise_conv,1x960x7x7,3.570029
14,0,imagen.jpeg,127,batchnorm,1x160x7x7,0.012588
14,0,imagen.jpeg,128,layer_add,1x160x7x7,0.003738
14,0,imagen.jpeg,129,pointwise_conv,1x160x7x7,3.589448
14,0,imagen.jpeg,130,batchnorm,1x960x7x7,0.074369
14,0,imagen.jpeg,131,activacion,1x960x7x7,0.12652
14,0,imagen.jpeg,132,depthwise_conv,1x960x7x7,0.597132
14,0,imagen.jpeg,133,batchnorm,1x960x7x7,0.123675
14,0,imagen.jpeg,134,activacion,1x960x7x7,0.110284
14,0,imagen.jpeg,135,pointwise_conv,1x960x7x7,3.596814
14,0,imagen.jpeg,136,batchnorm,1x160x7x7,0.012499
14,0,imagen.jpeg,137,layer_add,1x160x7x7,0.00388
14,0,imagen.jpeg,138,pointwise_conv,1x160x7x7,3.581564
14,0,imagen.jpeg,139,batchnorm,1x960x7x7,0.078252
14,0,imagen.jpeg,140,activacion,1x960x7x7,0.102349
14,0,imagen.jpeg,141,depthwise_conv,1x960x7x7,0.586142
14,0,imagen.jpeg,142,batchnorm,1x960x7x7,0.090772
14,0,imagen.jpeg,143,activacion,1x960x7x7,0.057321
14,0,imagen.jpeg,144,pointwise_conv,1x960x7x7,7.171501
14,0,imagen.jpeg,145,batchnorm,1x320x7x7,0.024995
14,0,imagen.jpeg,146,pointwise_conv,1x320x7x7,9.542711
14,0,imagen.jpeg,147,batchnorm,1x1280x7x7,0.102798
14,0,imagen.jpeg,148,activacion,1x1280x7x7,0.162269
14,0,imagen.jpeg,149,pooling,1x1280x7x7,0.033704
14,0,imagen.jpeg,150,linear,1x1280,1.099713
15,0,imagen.jpeg,0,conv2d,1x3x224x224,17.158827
15,0,imagen.jpeg,1,batchnorm,1x32x112x112,0.613624
15,0,imagen.jpeg,2,activacion,1x32x112x112,0.395758
15,0,imagen.jpeg,3,depthwise_conv,1x32x112x112,4.790978
15,0,imagen.jpeg,4,batchnorm,1x32x112x112,8.973674
15,0,imagen.jpeg,5,activacion,1x32x112x112,0.495824
15,0,imagen.jpeg,6,pointwise_conv,1x32x112x112,3.021931
15,0,imagen.jpeg,7,batchnorm,1x16x112x112,0.304773
15,0,imagen.jpeg,8,pointwise_conv,1x16x112x112,9.269573
15,0,imagen.jpeg,9,batchnorm,1x96x112x112,1.841397
15,0,imagen.jpeg,10,activacion,1x96x112x112,2.747301
15,0,imagen.jpeg,11,depthwise_conv,1x96x112x112,3.742646
15,0,imagen.jpeg,12,batchnorm,1x96x56x56,0.46122
15,0,imagen.jpeg,13,activacion,1x96x56x56,0.87971
15,0,imagen.jpeg,14,pointwise_conv,1x96x56x56,3.363429
15,0,imagen.jpeg,15,batchnorm,1x24x56x56,0.114296
15,0,imagen.jpeg,16,pointwise_conv,1x24x56x56,5.14155
15,0,imagen.jpeg,17,batchnorm,1x144x56x56,0.694342
15,0,imagen.jpeg,18,activacion,1x144x56x56,1.006131
15,0,imagen.jpeg,19,depthwise_conv,1x144x56x56,5.437765
15,0,imagen.jpeg,20,batchnorm,1x144x56x56,0.682773
15,0,imagen.jpeg,21,activacion,1x144x56x56,1.449341
15,0,imagen.jpeg,22,pointwise_conv,1x144x56x56,5.063858
15,0,imagen.jpeg,23,batchnorm,1x24x56x56,0.113966
15,0,imagen.jpeg,24,layer_add,1x24x56x56,0.033694
15,0,imagen.jpeg,25,pointwise_conv,1x24x56x56,5.113346
15,0,imagen.jpeg,26,batchnorm,1x144x56x56,0.693179
15,0,imagen.jpeg,27,activacion,1x144x56x56,1.345008
15,0,imagen.jpeg,28,depthwise_conv,1x144x56x56,1.387093
15,0,imagen.jpeg,29,batchnorm,1x144x28x28,0.17405
15,0,imagen.jpeg,30,activacion,1x144x28x28,0.301318
15,0,imagen.jpeg,31,pointwise_conv,1x144x28x28,1.702073
15,0,imagen.jpeg,32,batchnorm,1x32x28x28,0.038365
15,0,imagen.jpeg,33,pointwise_conv,1x32x28x28,2.294115
15,0,imagen.jpeg,34,batchnorm,1x192x28x28,0.232618
15,0,imagen.jpeg,35,activacion,1x192x28x28,0.291591
15,0,imagen.jpeg,36,depthwise_conv,1x192x28x28,1.839175
15,0,imagen.jpeg,37,batchnorm,1x192x28x28,0.245651
15,0,imagen.jpeg,38,activacion,1x192x28x28,0.486214
15,0,imagen.jpeg,39,pointwise_conv,1x192x28x28,2.264732
15,0,imagen.jpeg,40,batchnorm,1x32x28x28,0.038238
15,0,imagen.jpeg,41,layer_add,1x32x28x28,0.011501
15,0,imagen.jpeg,42,pointwise_conv,1x32x28x28,2.294273
15,0,imagen.jpeg,43,batchnorm,1x192x28x28,0.232722
15,0,imagen.jpeg,44,activacion,1x192x28x28,0.362832
15,0,imagen.jpeg,45,depthwise_conv,1x192x28x28,1.833458
15,0,imagen.jpeg,46,batchnorm,1x192x28x28,0.229262
15,0,imagen.jpeg,47,activacion,1x192x28x28,0.465941
15,0,imagen.jpeg,48,pointwise_conv,1x192x28x28,2.264097
15,0,imagen.jpeg,49,batchnorm,1x32x28x28,0.038259
15,0,imagen.jpeg,50,layer_add,1x32x28x28,0.011298
15,0,imagen.jpeg,51,pointwise_conv,1x32x28x28,2.297936
15,0,imagen.jpeg,52,batchnorm,1x192x28x28,0.23327
15,0,imagen.jpeg,53,activacion,1x192x28x28,0.426571
15,0,imagen.jpeg,54,depthwise_conv,1x192x28x28,0.481707
15,0,imagen.jpeg,55,batchnorm,1x192x14x14,0.057722
15,0,imagen.jpeg,56,activacion,1x192x14x14,0.077705
15,0,imagen.jpeg,57,pointwise_conv,1x192x14x14,1.19741
15,0,imagen.jpeg,58,batchnorm,1x64x14x14,0.019417
15,0,imagen.jpeg,59,pointwise_conv,1x64x14x14,2.411882
15,0,imagen.jpeg,60,batchnorm,1x384x14x14,0.115457
15,0,imagen.jpeg,61,activacion,1x384x14x14,0.153968
15,0,imagen.jpeg,62,depthwise_conv,1x384x14x14,0.90483
15,0,imagen.jpeg,63,batchnorm,1x384x14x14,0.115045
15,0,imagen.jpeg,64,activacion,1x384x14x14,0.243855
15,0,imagen.jpeg,65,pointwise_conv,1x384x14x14,2.392022
15,0,imagen.jpeg,66,batchnorm,1x64x14x14,0.019345
15,0,imagen.jpeg,67,layer_add,1x64x14x14,0.00556
15,0,imagen.jpeg,68,pointwise_conv,1x64x14x14,2.411187
15,0,imagen.jpeg,69,batchnorm,1x384x14x14,0.115313
15,0,imagen.jpeg,70,activacion,1x384x14x14,0.205487
15,0,imagen.jpeg,71,depthwise_conv,1x384x14x14,0.920437
15,0,imagen.jpeg,72,batchnorm,1x384x14x14,0.245881
15,0,imagen.jpeg,73,activacion,1x384x14x14,0.221771
15,0,imagen.jpeg,74,pointwise_conv,1x384x14x14,2.39304
15,0,imagen.jpeg,75,batchnorm,1x64x14x14,0.019319
15,0,imagen.jpeg,76,layer_add,1x64x14x14,0.005555
15,0,imagen.jpeg,77,pointwise_conv,1x64x14x14,2.406597
15,0,imagen.jpeg,78,batchnorm,1x384x14x14,0.115223
15,0,imagen.jpeg,79,activacion,1x384x14x14,0.24894
15,0,imagen.jpeg,80,depthwise_conv,1x384x14x14,0.932701
15,0,imagen.jpeg,81,batchnorm,1x384x14x14,0.441858
15,0,imagen.jpeg,82,activacion,1x384x14x14,0.20039
15,0,imagen.jpeg,83,pointwise_conv,1x384x14x14,2.391611
15,0,imagen.jpeg,84,batchnorm,1x64x14x14,0.019386
15,0,imagen.jpeg,85,layer_add,1x64x14x14,0.005533
15,0,imagen.jpeg,86,pointwise_conv,1x64x14x14,2.40705
15,0,imagen.jpeg,87,batchnorm,1x384x14x14,0.115422
15,0,imagen.jpeg,88,activacion,1x384x14x14,0.229474
15,0,imagen.jpeg,89,depthwise_conv,1x384x14x14,0.937387
15,0,imagen.jpeg,90,batchnorm,1x384x14x14,0.118807
15,0,imagen.jpeg,91,activacion,1x384x14x14,0.212357
15,0,imagen.jpeg,92,pointwise_conv,1x384x14x14,3.589784
15,0,imagen.jpeg,93,batchnorm,1x96x14x14,0.031822
15,0,imagen.jpeg,94,pointwise_conv,1x96x14x14,5.39898
15,0,imagen.jpeg,95,batchnorm,1x576x14x14,0.173004
15,0,imagen.jpeg,96,activacion,1x576x14x14,0.329885
15,0,imagen.jpeg,97,depthwise_conv,1x576x14x14,1.396805
15,0,imagen.jpeg,98,batchnorm,1x576x14x14,0.504864
15,0,imagen.jpeg,99,activacion,1x576x14x14,0.286373
15,0,imagen.jpeg,100,pointwise_conv,1x576x14x14,5.371534
15,0,imagen.jpeg,101,batchnorm,1x96x14x14,0.028859
15,0,imagen.jpeg,102,layer_add,1x96x14x14,0.008256
15,0,imagen.jpeg,103,pointwise_conv,1x96x14x14,5.407214
15,0,imagen.jpeg,104,batchnorm,1x576x14x14,0.172926
15,0,imagen.jpeg,105,activacion,1x576x14x14,0.328052
15,0,imagen.jpeg,106,depthwise_conv,1x576x14x14,1.398883
15,0,imagen.jpeg,107,batchnorm,1x576x14x14,0.433724
15,0,imagen.jpeg,108,activacion,1x576x14x14,0.269497
15,0,imagen.jpeg,109,pointwise_conv,1x576x14x14,5.372556
15,0,imagen.jpeg,110,batchnorm,1x96x14x14,0.028918
15,0,imagen.jpeg,111,layer_add,1x96x14x14,0.008237
15,0,imagen.jpeg,112,pointwise_conv,1x96x14x14,5.405695
15,0,imagen.jpeg,113,batchnorm,1x576x14x14,0.173291
15,0,imagen.jpeg,114,activacion,1x576x14x14,0.281556
15,0,imagen.jpeg,115,depthwise_conv,1x576x14x14,0.367408
15,0,imagen.jpeg,116,batchnorm,1x576x7x7,0.063009
15,0,imagen.jpeg,117,activacion,1x576x7x7,0.049352
15,0,imagen.jpeg,118,pointwise_conv,1x576x7x7,2.142393
15,0,imagen.jpeg,119,batchnorm,1x160x7x7,0.012698
15,0,imagen.jpeg,120,pointwise_conv,1x160x7x7,3.584682
15,0,imagen.jpeg,121,batchnorm,1x960x7x7,0.074409
15,0,imagen.jpeg,122,activacion,1x960x7x7,0.134443
15,0,imagen.jpeg,123,depthwise_conv,1x960x7x7,0.57135
15,0,imagen.jpeg,124,batchnorm,1x960x7x7,0.078231
15,0,imagen.jpeg,125,activacion,1x960x7x7,0.126919
15,0,imagen.jpeg,126,pointwise_conv,1x960x7x7,3.606347
15,0,imagen.jpeg,127,batchnorm,1x160x7x7,0.012678
15,0,imagen.jpeg,128,layer_add,1x160x7x7,0.003522
15,0,imagen.jpeg,129,pointwise_conv,1x160x7x7,3.580215
15,0,imagen.jpeg,130,batchnorm,1x960x7x7,0.074392
15,0,imagen.jpeg,131,activacion,1x960x7x7,0.126025
15,0,imagen.jpeg,132,depthwise_conv,1x960x7x7,0.573777
15,0,imagen.jpeg,133,batchnorm,1x960x7x7,0.123689
15,0,imagen.jpeg,134,activacion,1x960x7x7,0.109127
15,0,imagen.jpeg,135,pointwise_conv,1x960x7x7,3.580722
15,0,imagen.jpeg,136,batchnorm,1x160x7x7,0.012508
15,0,imagen.jpeg,137,layer_add,1x160x7x7,0.003708
15,0,imagen.jpeg,138,pointwise_conv,1x160x7x7,3.582221
15,0,imagen.jpeg,139,batchnorm,1x960x7x7,0.074413
15,0,imagen.jpeg,140,activacion,1x960x7x7,0.103078
15,0,imagen.jpeg,141,depthwise_conv,1x960x7x7,0.586064
15,0,imagen.jpeg,142,batchnorm,1x960x7x7,0.090817
15,0,imagen.jpeg,143,activacion,1x960x7x7,0.061712
15,0,imagen.jpeg,144,pointwise_conv,1x960x7x7,7.230587
15,0,imagen.jpeg,145,batchnorm,1x320x7x7,0.025112
15,0,imagen.jpeg,146,pointwise_conv,1x320x7x7,9.548652
15,0,imagen.jpeg,147,batchnorm,1x1280x7x7,0.102252
15,0,imagen.jpeg,148,activacion,1x1280x7x7,0.159117
15,0,imagen.jpeg,149,pooling,1x1280x7x7,0.033702
15,0,imagen.jpeg,150,linear,1x1280,1.099444
16,0,imagen.jpeg,0,conv2d,1x3x224x224,17.555948
16,0,imagen.jpeg,1,batchnorm,1x32x112x112,0.608776
16,0,imagen.jpeg,2,activacion,1x32x112x112,0.397296
16,0,imagen.jpeg,3,depthwise_conv,1x32x112x112,4.79674
16,0,imagen.jpeg,4,batchnorm,1x32x112x112,8.974102
16,0,imagen.jpeg,5,activacion,1x32x112x112,0.487053
16,0,imagen.jpeg,6,pointwise_conv,1x32x112x112,3.029568
16,0,imagen.jpeg,7,batchnorm,1x16x112x112,0.308353
16,0,imagen.jpeg,8,pointwise_conv,1x16x112x112,9.300523
16,0,imagen.jpeg,9,batchnorm,1x96x112x112,1.845339
16,0,imagen.jpeg,10,activacion,1x96x112x112,2.797898
16,0,imagen.jpeg,11,depthwise_conv,1x96x112x112,3.646918
16,0,imagen.jpeg,12,batchnorm,1x96x56x56,0.456586
16,0,imagen.jpeg,13,activacion,1x96x56x56,0.883493
16,0,imagen.jpeg,14,pointwise_conv,1x96x56x56,3.362291
16,0,imagen.jpeg,15,batchnorm,1x24x56x56,0.118877
16,0,imagen.jpeg,16,pointwise_conv,1x24x56x56,5.118958
16,0,imagen.jpeg,17,batchnorm,1x144x56x56,0.685597
16,0,imagen.jpeg,18,activacion,1x144x56x56,1.010593
16,0,imagen.jpeg,19,depthwise_conv,1x144x56x56,5.385321
16,0,imagen.jpeg,20,batchnorm,1x144x56x56,0.687628
16,0,imagen.jpeg,21,activacion,1x144x56x56,1.447098
16,0,imagen.jpeg,22,pointwise_conv,1x144x56x56,5.091492
16,0,imagen.jpeg,23,batchnorm,1x24x56x56,0.114321
16,0,imagen.jpeg,24,layer_add,1x24x56x56,0.038926
16,0,imagen.jpeg,25,pointwise_conv,1x24x56x56,5.116866
16,0,imagen.jpeg,26,batchnorm,1x144x56x56,0.68684
16,0,imagen.jpeg,27,activacion,1x144x56x56,1.353704
16,0,imagen.jpeg,28,depthwise_conv,1x144x56x56,1.395199
16,0,imagen.jpeg,29,batchnorm,1x144x28x28,0.172126
16,0,imagen.jpeg,30,activacion,1x144x28x28,0.305362
16,0,imagen.jpeg,31,pointwise_conv,1x144x28x28,1.703538
16,0,imagen.jpeg,32,batchnorm,1x32x28x28,0.038371
16,0,imagen.jpeg,33,pointwise_conv,1x32x28x28,2.292038
16,0,imagen.jpeg,34,batchnorm,1x192x28x28,0.229374
16,0,imagen.jpeg,35,activacion,1x192x28x28,0.292312
16,0,imagen.jpeg,36,depthwise_conv,1x192x28x28,1.834383
16,0,imagen.jpeg,37,batchnorm,1x192x28x28,0.239442
16,0,imagen.jpeg,38,activacion,1x192x28x28,0.478845
16,0,imagen.jpeg,39,pointwise_conv,1x192x28x28,2.289533
16,0,imagen.jpeg,40,batchnorm,1x32x28x28,0.038284
16,0,imagen.jpeg,41,layer_add,1x32x28x28,0.011759
16,0,imagen.jpeg,42,pointwise_conv,1x32x28x28,2.296082
16,0,imagen.jpeg,43,batchnorm,1x192x28x28,0.229045
16,0,imagen.jpeg,44,activacion,1x192x28x28,0.365451
16,0,imagen.jpeg,45,depthwise_conv,1x192x28x28,1.813021
16,0,imagen.jpeg,46,batchnorm,1x192x28x28,0.232589
16,0,imagen.jpeg,47,activacion,1x192x28x28,0.463791
16,0,imagen.jpeg,48,pointwise_conv,1x192x28x28,2.26591
16,0,imagen.jpeg,49,batchnorm,1x32x28x28,0.038268
16,0,imagen.jpeg,50,layer_add,1x32x28x28,0.011183
16,0,imagen.jpeg,51,pointwise_conv,1x32x28x28,2.297475
16,0,imagen.jpeg,52,batchnorm,1x192x28x28,0.229266
16,0,imagen.jpeg,53,activacion,1x192x28x28,0.431944
16,0,imagen.jpeg,54,depthwise_conv,1x192x28x28,0.477963
16,0,imagen.jpeg,55,batchnorm,1x192x14x14,0.057704
16,0,imagen.jpeg,56,activacion,1x192x14x14,0.077946
16,0,imagen.jpeg,57,pointwise_conv,1x192x14x14,1.198589
16,0,imagen.jpeg,58,batchnorm,1x64x14x14,0.019431
16,0,imagen.jpeg,59,pointwise_conv,1x64x14x14,2.411076
16,0,imagen.jpeg,60,batchnorm,1x384x14x14,0.115406
16,0,imagen.jpeg,61,activacion,1x384x14x14,0.154618
16,0,imagen.jpeg,62,depthwise_conv,1x384x14x14,0.917432
16,0,imagen.jpeg,63,batchnorm,1x384x14x14,0.119219
16,0,imagen.jpeg,64,activacion,1x384x14x14,0.245469
16,0,imagen.jpeg,65,pointwise_conv,1x384x14x14,2.387159
16,0,imagen.jpeg,66,batchnorm,1x64x14x14,0.019325
16,0,imagen.jpeg,67,layer_add,1x64x14x14,0.005531
16,0,imagen.jpeg,68,pointwise_conv,1x64x14x14,2.411785
16,0,imagen.jpeg,69,batchnorm,1x384x14x14,0.114963
16,0,imagen.jpeg,70,activacion,1x384x14x14,0.206627
16,0,imagen.jpeg,71,depthwise_conv,1x384x14x14,0.931899
16,0,imagen.jpeg,72,batchnorm,1x384x14x14,0.245872
16,0,imagen.jpeg,73,activacion,1x384x14x14,0.225259
16,0,imagen.jpeg,74,pointwise_conv,1x384x14x14,2.392059
16,0,imagen.jpeg,75,batchnorm,1x64x14x14,0.019461
16,0,imagen.jpeg,76,layer_add,1x64x14x14,0.006157
16,0,imagen.jpeg,77,pointwise_conv,1x64x14x14,2.415742
16,0,imagen.jpeg,78,batchnorm,1x384x14x14,0.11537
16,0,imagen.jpeg,79,activacion,1x384x14x14,0.228853
16,0,imagen.jpeg,80,depthwise_conv,1x384x14x14,0.921893
16,0,imagen.jpeg,81,batchnorm,1x384x14x14,0.448728
16,0,imagen.jpeg,82,activacion,1x384x14x14,0.201592
16,0,imagen.jpeg,83,pointwise_conv,1x384x14x14,2.386676
16,0,imagen.jpeg,84,batchnorm,1x64x14x14,0.019523
16,0,imagen.jpeg,85,layer_add,1x64x14x14,0.005503
16,0,imagen.jpeg,86,pointwise_conv,1x64x14x14,2.405739
16,0,imagen.jpeg,87,batchnorm,1x384x14x14,0.115288
16,0,imagen.jpeg,88,activacion,1x384x14x14,0.227658
16,0,imagen.jpeg,89,depthwise_conv,1x384x14x14,0.933903
16,0,imagen.jpeg,90,batchnorm,1x384x14x14,0.115476
16,0,imagen.jpeg,91,activacion,1x384x14x14,0.210718
16,0,imagen.jpeg,92,pointwise_conv,1x384x14x14,3.588953
16,0,imagen.jpeg,93,batchnorm,1x96x14x14,0.028941
16,0,imagen.jpeg,94,pointwise_conv,1x96x14x14,5.406961
16,0,imagen.jpeg,95,batchnorm,1x576x14x14,0.177476
16,0,imagen.jpeg,96,activacion,1x576x14x14,0.326364
16,0,imagen.jpeg,97,depthwise_conv,1x576x14x14,1.399637
16,0,imagen.jpeg,98,batchnorm,1x576x14x14,0.516642
16,0,imagen.jpeg,99,activacion,1x576x14x14,0.288733
16,0,imagen.jpeg,100,pointwise_conv,1x576x14x14,5.375457
16,0,imagen.jpeg,101,batchnorm,1x96x14x14,0.028929
16,0,imagen.jpeg,102,layer_add,1x96x14x14,0.008522
16,0,imagen.jpeg,103,pointwise_conv,1x96x14x14,5.405862
16,0,imagen.jpeg,104,batchnorm,1x576x14x14,0.176782
16,0,imagen.jpeg,105,activacion,1x576x14x14,0.324559
16,0,imagen.jpeg,106,depthwise_conv,1x576x14x14,1.37136
16,0,imagen.jpeg,107,batchnorm,1x576x14x14,0.439987
16,0,imagen.jpeg,108,activacion,1x576x14x14,0.256012
16,0,imagen.jpeg,109,pointwise_conv,1x576x14x14,5.368557
16,0,imagen.jpeg,110,batchnorm,1x96x14x14,0.029003
16,0,imagen.jpeg,111,layer_add,1x96x14x14,0.010506
16,0,imagen.jpeg,112,pointwise_conv,1x96x14x14,5.406615
16,0,imagen.jpeg,113,batchnorm,1x576x14x14,0.172834
16,0,imagen.jpeg,114,activacion,1x576x14x14,0.287092
16,0,imagen.jpeg,115,depthwise_conv,1x576x14x14,0.363332
16,0,imagen.jpeg,116,batchnorm,1x576x7x7,0.061252
16,0,imagen.jpeg,117,activacion,1x576x7x7,0.049628
16,0,imagen.jpeg,118,pointwise_conv,1x576x7x7,2.142415
16,0,imagen.jpeg,119,batchnorm,1x160x7x7,0.012685
16,0,imagen.jpeg,120,pointwise_conv,1x160x7x7,3.580346
16,0,imagen.jpeg,121,batchnorm,1x960x7x7,0.074384
16,0,imagen.jpeg,122,activacion,1x960x7x7,0.133745
16,0,imagen.jpeg,123,depthwise_conv,1x960x7x7,0.579411
16,0,imagen.jpeg,124,batchnorm,1x960x7x7,0.074623
16,0,imagen.jpeg,125,activacion,1x960x7x7,0.127457
16,0,imagen.jpeg,126,pointwise_conv,1x960x7x7,3.568993
16,0,imagen.jpeg,127,batchnorm,1x160x7x7,0.012566
16,0,imagen.jpeg,128,layer_add,1x160x7x7,0.003494
16,0,imagen.jpeg,129,pointwise_conv,1x160x7x7,3.581001
16,0,imagen.jpeg,130,batchnorm,1x960x7x7,0.07778
16,0,imagen.jpeg,131,activacion,1x960x7x7,0.126523
16,0,imagen.jpeg,132,depthwise_conv,1x960x7x7,0.587267
16,0,imagen.jpeg,133,batchnorm,1x960x7x7,0.123757
16,0,imagen.jpeg,134,activacion,1x960x7x7,0.114727
16,0,imagen.jpeg,135,pointwise_conv,1x960x7x7,3.579188
16,0,imagen.jpeg,136,batchnorm,1x160x7x7,0.012503
16,0,imagen.jpeg,137,layer_add,1x160x7x7,0.004316
16,0,imagen.jpeg,138,pointwise_conv,1x160x7x7,3.587176
16,0,imagen.jpeg,139,batchnorm,1x960x7x7,0.074406
16,0,imagen.jpeg,140,activacion,1x960x7x7,0.102135
16,0,imagen.jpeg,141,depthwise_conv,1x960x7x7,0.594198
16,0,imagen.jpeg,142,batchnorm,1x960x7x7,0.0956
16,0,imagen.jpeg,143,activacion,1x960x7x7,0.057723
16,0,imagen.jpeg,144,pointwise_conv,1x960x7x7,7.143733
16,0,imagen.jpeg,145,batchnorm,1x320x7x7,0.024974
16,0,imagen.jpeg,146,pointwise_conv,1x320x7x7,9.570123
16,0,imagen.jpeg,147,batchnorm,1x1280x7x7,0.105548
16,0,imagen.jpeg,148,activacion,1x1280x7x7,0.15919
16,0,imagen.jpeg,149,pooling,1x1280x7x7,0.033587
16,0,imagen.jpeg,150,linear,1x1280,1.119155
17,0,imagen.jpeg,0,conv2d,1x3x224x224,17.326237
17,0,imagen.jpeg,1,batchnorm,1x32x112x112,0.614385
17,0,imagen.jpeg,2,activacion,1x32x112x112,0.395828
17,0,imagen.jpeg,3,depthwise_conv,1x32x112x112,4.811595
17,0,imagen.jpeg,4,batchnorm,1x32x112x112,8.982927
17,0,imagen.jpeg,5,activacion,1x32x112x112,0.539282
17,0,imagen.jpeg,6,pointwise_conv,1x32x112x112,3.120387
17,0,imagen.jpeg,7,batchnorm,1x16x112x112,0.308174
17,0,imagen.jpeg,8,pointwise_conv,1x16x112x112,9.350853
17,0,imagen.jpeg,9,batchnorm,1x96x112x112,1.848811
17,0,imagen.jpeg,10,activacion,1x96x112x112,2.813174
17,0,imagen.jpeg,11,depthwise_conv,1x96x112x112,3.639693
17,0,imagen.jpeg,12,batchnorm,1x96x56x56,0.462327
17,0,imagen.jpeg,13,activacion,1x96x56x56,0.878791
17,0,imagen.jpeg,14,pointwise_conv,1x96x56x56,3.368074
17,0,imagen.jpeg,15,batchnorm,1x24x56x56,0.121014
17,0,imagen.jpeg,16,pointwise_conv,1x24x56x56,5.137602
17,0,imagen.jpeg,17,batchnorm,1x144x56x56,0.69564
17,0,imagen.jpeg,18,activacion,1x144x56x56,1.009781
17,0,imagen.jpeg,19,depthwise_conv,1x144x56x56,5.447302
17,0,imagen.jpeg,20,batchnorm,1x144x56x56,0.704247
17,0,imagen.jpeg,21,activacion,1x144x56x56,1.463155
17,0,imagen.jpeg,22,pointwise_conv,1x144x56x56,5.094523
17,0,imagen.jpeg,23,batchnorm,1x24x56x56,0.114448
17,0,imagen.jpeg,24,layer_add,1x24x56x56,0.036869
17,0,imagen.jpeg,25,pointwise_conv,1x24x56x56,5.112576
17,0,imagen.jpeg,26,batchnorm,1x144x56x56,0.692257
17,0,imagen.jpeg,27,activacion,1x144x56x56,1.334017
17,0,imagen.jpeg,28,depthwise_conv,1x144x56x56,1.388794
17,0,imagen.jpeg,29,batchnorm,1x144x28x28,0.172111
17,0,imagen.jpeg,30,activacion,1x144x28x28,0.303489
17,0,imagen.jpeg,31,pointwise_conv,1x144x28x28,1.727569
17,0,imagen.jpeg,32,batchnorm,1x32x28x28,0.038361
17,0,imagen.jpeg,33,pointwise_conv,1x32x28x28,2.295378
17,0,imagen.jpeg,34,batchnorm,1x192x28x28,0.230746
17,0,imagen.jpeg,35,activacion,1x192x28x28,0.288935
17,0,imagen.jpeg,36,depthwise_conv,1x192x28x28,1.831003
17,0,imagen.jpeg,37,batchnorm,1x192x28x28,0.229184
17,0,imagen.jpeg,38,activacion,1x192x28x28,0.491323
17,0,imagen.jpeg,39,pointwise_conv,1x192x28x28,2.266535
17,0,imagen.jpeg,40,batchnorm,1x32x28x28,0.038291
17,0,imagen.jpeg,41,layer_add,1x32x28x28,0.011886
17,0,imagen.jpeg,42,pointwise_conv,1x32x28x28,2.30828
17,0,imagen.jpeg,43,batchnorm,1x192x28x28,0.229251
17,0,imagen.jpeg,44,activacion,1x192x28x28,0.362703
17,0,imagen.jpeg,45,depthwise_conv,1x192x28x28,1.827315
17,0,imagen.jpeg,46,batchnorm,1x192x28x28,0.229405
17,0,imagen.jpeg,47,activacion,1x192x28x28,0.467615
17,0,imagen.jpeg,48,pointwise_conv,1x192x28x28,2.266596
17,0,imagen.jpeg,49,batchnorm,1x32x28x28,0.038366
17,0,imagen.jpeg,50,layer_add,1x32x28x28,0.011123
17,0,imagen.jpeg,51,pointwise_conv,1x32x28x28,2.306774
17,0,imagen.jpeg,52,batchnorm,1x192x28x28,0.229467
17,0,imagen.jpeg,53,activacion,1x192x28x28,0.426548
17,0,imagen.jpeg,54,depthwise_conv,1x192x28x28,0.456788
17,0,imagen.jpeg,55,batchnorm,1x192x14x14,0.057757
17,0,imagen.jpeg,56,activacion,1x192x14x14,0.077712
17,0,imagen.jpeg,57,pointwise_conv,1x192x14x14,1.19659
17,0,imagen.jpeg,58,batchnorm,1x64x14x14,0.01951
17,0,imagen.jpeg,59,pointwise_conv,1x64x14x14,2.411932
17,0,imagen.jpeg,60,batchnorm,1x384x14x14,0.115413
17,0,imagen.jpeg,61,activacion,1x384x14x14,0.153787
17,0,imagen.jpeg,62,depthwise_conv,1x384x14x14,0.932719
17,0,imagen.jpeg,63,batchnorm,1x384x14x14,0.115121
17,0,imagen.jpeg,64,activacion,1x384x14x14,0.242937
17,0,imagen.jpeg,65,pointwise_conv,1x384x14x14,2.391701
17,0,imagen.jpeg,66,batchnorm,1x64x14x14,0.022022
17,0,imagen.jpeg,67,layer_add,1x64x14x14,0.018517
17,0,imagen.jpeg,68,pointwise_conv,1x64x14x14,2.407623
17,0,imagen.jpeg,69,batchnorm,1x384x14x14,0.118857
17,0,imagen.jpeg,70,activacion,1x384x14x14,0.206754
17,0,imagen.jpeg,71,depthwise_conv,1x384x14x14,0.926838
17,0,imagen.jpeg,72,batchnorm,1x384x14x14,0.245861
17,0,imagen.jpeg,73,activacion,1x384x14x14,0.22191
17,0,imagen.jpeg,74,pointwise_conv,1x384x14x14,2.393369
17,0,imagen.jpeg,75,batchnorm,1x64x14x14,0.019364
17,0,imagen.jpeg,76,layer_add,1x64x14x14,0.005571
17,0,imagen.jpeg,77,pointwise_conv,1x64x14x14,2.407759
17,0,imagen.jpeg,78,batchnorm,1x384x14x14,0.115197
17,0,imagen.jpeg,79,activacion,1x384x14x14,0.231661
17,0,imagen.jpeg,80,depthwise_conv,1x384x14x14,0.914064
17,0,imagen.jpeg,81,batchnorm,1x384x14x14,0.445754
17,0,imagen.jpeg,82,activacion,1x384x14x14,0.207422
17,0,imagen.jpeg,83,pointwise_conv,1x384x14x14,2.401421
17,0,imagen.jpeg,84,batchnorm,1x64x14x14,0.019422
17,0,imagen.jpeg,85,layer_add,1x64x14x14,0.005538
17,0,imagen.jpeg,86,pointwise_conv,1x64x14x14,2.406639
17,0,imagen.jpeg,87,batchnorm,1x384x14x14,0.123422
17,0,imagen.jpeg,88,activacion,1x384x14x14,0.228198
17,0,imagen.jpeg,89,depthwise_conv,1x384x14x14,0.908138
17,0,imagen.jpeg,90,batchnorm,1x384x14x14,0.115222
17,0,imagen.jpeg,91,activacion,1x384x14x14,0.21003
17,0,imagen.jpeg,92,pointwise_conv,1x384x14x14,3.583413
17,0,imagen.jpeg,93,batchnorm,1x96x14x14,0.028937
17,0,imagen.jpeg,94,pointwise_conv,1x96x14x14,5.392562
17,0,imagen.jpeg,95,batchnorm,1x576x14x14,0.172897
17,0,imagen.jpeg,96,activacion,1x576x14x14,0.330671
17,0,imagen.jpeg,97,depthwise_conv,1x576x14x14,1.374303
17,0,imagen.jpeg,98,batchnorm,1x576x14x14,0.501863
17,0,imagen.jpeg,99,activacion,1x576x14x14,0.286945
17,0,imagen.jpeg,100,pointwise_conv,1x576x14x14,5.372612
17,0,imagen.jpeg,101,batchnorm,1x96x14x14,0.032067
17,0,imagen.jpeg,102,layer_add,1x96x14x14,0.008256
17,0,imagen.jpeg,103,pointwise_conv,1x96x14x14,5.40278
17,0,imagen.jpeg,104,batchnorm,1x576x14x14,0.173024
17,0,imagen.jpeg,105,activacion,1x576x14x14,0.329475
17,0,imagen.jpeg,106,depthwise_conv,1x576x14x14,1.397202
17,0,imagen.jpeg,107,batchnorm,1x576x14x14,0.441217
17,0,imagen.jpeg,108,activacion,1x576x14x14,0.266557
17,0,imagen.jpeg,109,pointwise_conv,1x576x14x14,5.374069
17,0,imagen.jpeg,110,batchnorm,1x96x14x14,0.028908
17,0,imagen.jpeg,111,layer_add,1x96x14x14,0.008242
17,0,imagen.jpeg,112,pointwise_conv,1x96x14x14,5.400879
17,0,imagen.jpeg,113,batchnorm,1x576x14x14,0.172583
17,0,imagen.jpeg,114,activacion,1x576x14x14,0.282544
17,0,imagen.jpeg,115,depthwise_conv,1x576x14x14,0.359792
17,0,imagen.jpeg,116,batchnorm,1x576x7x7,0.061221
17,0,imagen.jpeg,117,activacion,1x576x7x7,0.049307
17,0,imagen.jpeg,118,pointwise_conv,1x576x7x7,2.184917
17,0,imagen.jpeg,119,batchnorm,1x160x7x7,0.012734
17,0,imagen.jpeg,120,pointwise_conv,1x160x7x7,3.582492
17,0,imagen.jpeg,121,batchnorm,1x960x7x7,0.074402
17,0,imagen.jpeg,122,activacion,1x960x7x7,0.133145
17,0,imagen.jpeg,123,depthwise_conv,1x960x7x7,0.590366
17,0,imagen.jpeg,124,batchnorm,1x960x7x7,0.078268
17,0,imagen.jpeg,125,activacion,1x960x7x7,0.126873
17,0,imagen.jpeg,126,pointwise_conv,1x960x7x7,3.566645
17,0,imagen.jpeg,127,batchnorm,1x160x7x7,0.012616
17,0,imagen.jpeg,128,layer_add,1x160x7x7,0.003503
17,0,imagen.jpeg,129,pointwise_conv,1x160x7x7,3.577111
17,0,imagen.jpeg,130,batchnorm,1x960x7x7,0.074398
17,0,imagen.jpeg,131,activacion,1x960x7x7,0.125965
17,0,imagen.jpeg,132,depthwise_conv,1x960x7x7,0.590462
17,0,imagen.jpeg,133,batchnorm,1x960x7x7,0.123655
17,0,imagen.jpeg,134,activacion,1x960x7x7,0.109602
17,0,imagen.jpeg,135,pointwise_conv,1x960x7x7,3.569335
17,0,imagen.jpeg,136,batchnorm,1x160x7x7,0.012466
17,0,imagen.jpeg,137,layer_add,1x160x7x7,0.003871
17,0,imagen.jpeg,138,pointwise_conv,1x160x7x7,3.584322
17,0,imagen.jpeg,139,batchnorm,1x960x7x7,0.076434
17,0,imagen.jpeg,140,activacion,1x960x7x7,0.102599
17,0,imagen.jpeg,141,depthwise_conv,1x960x7x7,0.585951
17,0,imagen.jpeg,142,batchnorm,1x960x7x7,0.094141
17,0,imagen.jpeg,143,activacion,1x960x7x7,0.057476
17,0,imagen.jpeg,144,pointwise_conv,1x960x7x7,7.153358
17,0,imagen.jpeg,145,batchnorm,1x320x7x7,0.024979
17,0,imagen.jpeg,146,pointwise_conv,1x320x7x7,9.53488
17,0,imagen.jpeg,147,batchnorm,1x1280x7x7,0.101062
17,0,imagen.jpeg,148,activacion,1x1280x7x7,0.160486
17,0,imagen.jpeg,149,pooling,1x1280x7x7,0.033702
17,0,imagen.jpeg,150,linear,1x1280,1.173905
18,0,imagen.jpeg,0,conv2d,1x3x224x224,17.172839
18,0,imagen.jpeg,1,batchnorm,1x32x112x112,0.609374
18,0,imagen.jpeg,2,activacion,1x32x112x112,0.404135
18,0,imagen.jpeg,3,depthwise_conv,1x32x112x112,4.733913
18,0,imagen.jpeg,4,batchnorm,1x32x112x112,9.004713
18,0,imagen.jpeg,5,activacion,1x32x112x112,0.490885
18,0,imagen.jpeg,6,pointwise_conv,1x32x112x112,3.058599
18,0,imagen.jpeg,7,batchnorm,1x16x112x112,0.304648
18,0,imagen.jpeg,8,pointwise_conv,1x16x112x112,9.265539
18,0,imagen.jpeg,9,batchnorm,1x96x112x112,1.844295
18,0,imagen.jpeg,10,activacion,1x96x112x112,2.735316
18,0,imagen.jpeg,11,depthwise_conv,1x96x112x112,3.571163
18,0,imagen.jpeg,12,batchnorm,1x96x56x56,0.469774
18,0,imagen.jpeg,13,activacion,1x96x56x56,0.879492
18,0,imagen.jpeg,14,pointwise_conv,1x96x56x56,3.364054
18,0,imagen.jpeg,15,batchnorm,1x24x56x56,0.114012
18,0,imagen.jpeg,16,pointwise_conv,1x24x56x56,5.11951
18,0,imagen.jpeg,17,batchnorm,1x144x56x56,0.695705
18,0,imagen.jpeg,18,activacion,1x144x56x56,1.021843
18,0,imagen.jpeg,19,depthwise_conv,1x144x56x56,5.392516
18,0,imagen.jpeg,20,batchnorm,1x144x56x56,0.682948
18,0,imagen.jpeg,21,activacion,1x144x56x56,1.446646
18,0,imagen.jpeg,22,pointwise_conv,1x144x56x56,5.105118
18,0,imagen.jpeg,23,batchnorm,1x24x56x56,0.114094
18,0,imagen.jpeg,24,layer_add,1x24x56x56,0.035424
18,0,imagen.jpeg,25,pointwise_conv,1x24x56x56,5.114278
18,0,imagen.jpeg,26,batchnorm,1x144x56x56,0.692883
18,0,imagen.jpeg,27,activacion,1x144x56x56,1.33602
18,0,imagen.jpeg,28,depthwise_conv,1x144x56x56,1.389734
18,0,imagen.jpeg,29,batchnorm,1x144x28x28,0.172127
18,0,imagen.jpeg,30,activacion,1x144x28x28,0.298957
18,0,imagen.jpeg,31,pointwise_conv,1x144x28x28,1.703057
18,0,imagen.jpeg,32,batchnorm,1x32x28x28,0.038339
18,0,imagen.jpeg,33,pointwise_conv,1x32x28x28,2.298315
18,0,imagen.jpeg,34,batchnorm,1x192x28x28,0.232393
18,0,imagen.jpeg,35,activacion,1x192x28x28,0.288659
18,0,imagen.jpeg,36,depthwise_conv,1x192x28x28,1.827601
18,0,imagen.jpeg,37,batchnorm,1x192x28x28,0.229039
18,0,imagen.jpeg,38,activacion,1x192x28x28,0.489543
18,0,imagen.jpeg,39,pointwise_conv,1x192x28x28,2.264138
18,0,imagen.jpeg,40,batchnorm,1x32x28x28,0.038248
18,0,imagen.jpeg,41,layer_add,1x32x28x28,0.011193
18,0,imagen.jpeg,42,pointwise_conv,1x32x28x28,2.319126
18,0,imagen.jpeg,43,batchnorm,1x192x28x28,0.233548
18,0,imagen.jpeg,44,activacion,1x192x28x28,0.362796
18,0,imagen.jpeg,45,depthwise_conv,1x192x28x28,1.839514
18,0,imagen.jpeg,46,batchnorm,1x192x28x28,0.229103
18,0,imagen.jpeg,47,activacion,1x192x28x28,0.479447
18,0,imagen.jpeg,48,pointwise_conv,1x192x28x28,2.264052
18,0,imagen.jpeg,49,batchnorm,1x32x28x28,0.03831
18,0,imagen.jpeg,50,layer_add,1x32x28x28,0.011239
18,0,imagen.jpeg,51,pointwise_conv,1x32x28x28,2.308017
18,0,imagen.jpeg,52,batchnorm,1x192x28x28,0.235445
18,0,imagen.jpeg,53,activacion,1x192x28x28,0.434628
18,0,imagen.jpeg,54,depthwise_conv,1x192x28x28,0.483663
18,0,imagen.jpeg,55,batchnorm,1x192x14x14,0.060949
18,0,imagen.jpeg,56,activacion,1x192x14x14,0.077806
18,0,imagen.jpeg,57,pointwise_conv,1x192x14x14,1.196858
18,0,imagen.jpeg,58,batchnorm,1x64x14x14,0.02218
18,0,imagen.jpeg,59,pointwise_conv,1x64x14x14,2.4139
18,0,imagen.jpeg,60,batchnorm,1x384x14x14,0.115425
18,0,imagen.jpeg,61,activacion,1x384x14x14,0.153662
18,0,imagen.jpeg,62,depthwise_conv,1x384x14x14,0.921344
18,0,imagen.jpeg,63,batchnorm,1x384x14x14,0.115478
18,0,imagen.jpeg,64,activacion,1x384x14x14,0.253614
18,0,imagen.jpeg,65,pointwise_conv,1x384x14x14,2.386286
18,0,imagen.jpeg,66,batchnorm,1x64x14x14,0.019409
18,0,imagen.jpeg,67,layer_add,1x64x14x14,0.005576
18,0,imagen.jpeg,68,pointwise_conv,1x64x14x14,2.406132
18,0,imagen.jpeg,69,batchnorm,1x384x14x14,0.116937
18,0,imagen.jpeg,70,activacion,1x384x14x14,0.205548
18,0,imagen.jpeg,71,depthwise_conv,1x384x14x14,0.921143
18,0,imagen.jpeg,72,batchnorm,1x384x14x14,0.245876
18,0,imagen.jpeg,73,activacion,1x384x14x14,0.220539
18,0,imagen.jpeg,74,pointwise_conv,1x384x14x14,2.391059
18,0,imagen.jpeg,75,batchnorm,1x64x14x14,0.019326
18,0,imagen.jpeg,76,layer_add,1x64x14x14,0.005532
18,0,imagen.jpeg,77,pointwise_conv,1x64x14x14,2.406162
18,0,imagen.jpeg,78,batchnorm,1x384x14x14,0.115268
18,0,imagen.jpeg,79,activacion,1x384x14x14,0.232255
18,0,imagen.jpeg,80,depthwise_conv,1x384x14x14,0.935954
18,0,imagen.jpeg,81,batchnorm,1x384x14x14,0.441868
18,0,imagen.jpeg,82,activacion,1x384x14x14,0.200969
18,0,imagen.jpeg,83,pointwise_conv,1x384x14x14,2.393804
18,0,imagen.jpeg,84,batchnorm,1x64x14x14,0.019402
18,0,imagen.jpeg,85,layer_add,1x64x14x14,0.005553
18,0,imagen.jpeg,86,pointwise_conv,1x64x14x14,2.410717
18,0,imagen.jpeg,87,batchnorm,1x384x14x14,0.115025
18,0,imagen.jpeg,88,activacion,1x384x14x14,0.231384
18,0,imagen.jpeg,89,depthwise_conv,1x384x14x14,0.929486
18,0,imagen.jpeg,90,batchnorm,1x384x14x14,0.115293
18,0,imagen.jpeg,91,activacion,1x384x14x14,0.21031
18,0,imagen.jpeg,92,pointwise_conv,1x384x14x14,3.592083
18,0,imagen.jpeg,93,batchnorm,1x96x14x14,0.028922
18,0,imagen.jpeg,94,pointwise_conv,1x96x14x14,5.38929
18,0,imagen.jpeg,95,batchnorm,1x576x14x14,0.172908
18,0,imagen.jpeg,96,activacion,1x576x14x14,0.329284
18,0,imagen.jpeg,97,depthwise_conv,1x576x14x14,1.397376
18,0,imagen.jpeg,98,batchnorm,1x576x14x14,0.501419
18,0,imagen.jpeg,99,activacion,1x576x14x14,0.284699
18,0,imagen.jpeg,100,pointwise_conv,1x576x14x14,5.378085
18,0,imagen.jpeg,101,batchnorm,1x96x14x14,0.028928
18,0,imagen.jpeg,102,layer_add,1x96x14x14,0.008218
18,0,imagen.jpeg,103,pointwise_conv,1x96x14x14,5.412653
18,0,imagen.jpeg,104,batchnorm,1x576x14x14,0.172928
18,0,imagen.jpeg,105,activacion,1x576x14x14,0.329971
18,0,imagen.jpeg,106,depthwise_conv,1x576x14x14,1.39833
18,0,imagen.jpeg,107,batchnorm,1x576x14x14,0.4337
18,0,imagen.jpeg,108,activacion,1x576x14x14,0.260578
18,0,imagen.jpeg,109,pointwise_conv,1x576x14x14,5.364994
18,0,imagen.jpeg,110,batchnorm,1x96x14x14,0.028921
18,0,imagen.jpeg,111,layer_add,1x96x14x14,0.008249
18,0,imagen.jpeg,112,pointwise_conv,1x96x14x14,5.406632
18,0,imagen.jpeg,113,batchnorm,1x576x14x14,0.172302
18,0,imagen.jpeg,114,activacion,1x576x14x14,0.282243
18,0,imagen.jpeg,115,depthwise_conv,1x576x14x14,0.366293
18,0,imagen.jpeg,116,batchnorm,1x576x7x7,0.061205
18,0,imagen.jpeg,117,activacion,1x576x7x7,0.049566
18,0,imagen.jpeg,118,pointwise_conv,1x576x7x7,2.142636
18,0,imagen.jpeg,119,batchnorm,1x160x7x7,0.012643
18,0,imagen.jpeg,120,pointwise_conv,1x160x7x7,3.581735
18,0,imagen.jpeg,121,batchnorm,1x960x7x7,0.074387
18,0,imagen.jpeg,122,activacion,1x960x7x7,0.133156
18,0,imagen.jpeg,123,depthwise_conv,1x960x7x7,0.586205
18,0,imagen.jpeg,124,batchnorm,1x960x7x7,0.074572
18,0,imagen.jpeg,125,activacion,1x960x7x7,0.129183
18,0,imagen.jpeg,126,pointwise_conv,1x960x7x7,3.567238
18,0,imagen.jpeg,127,batchnorm,1x160x7x7,0.01259
18,0,imagen.jpeg,128,layer_add,1x160x7x7,0.003572
18,0,imagen.jpeg,129,pointwise_conv,1x160x7x7,3.58418
18,0,imagen.jpeg,130,batchnorm,1x960x7x7,0.074342
18,0,imagen.jpeg,131,activacion,1x960x7x7,0.127839
18,0,imagen.jpeg,132,depthwise_conv,1x960x7x7,0.589756
18,0,imagen.jpeg,133,batchnorm,1x960x7x7,0.123594
18,0,imagen.jpeg,134,activacion,1x960x7x7,0.110327
18,0,imagen.jpeg,135,pointwise_conv,1x960x7x7,3.572741
18,0,imagen.jpeg,136,batchnorm,1x160x7x7,0.012487
18,0,imagen.jpeg,137,layer_add,1x160x7x7,0.003811
18,0,imagen.jpeg,138,pointwise_conv,1x160x7x7,3.606508
18,0,imagen.jpeg,139,batchnorm,1x960x7x7,0.076231
18,0,imagen.jpeg,140,activacion,1x960x7x7,0.103188
18,0,imagen.jpeg,141,depthwise_conv,1x960x7x7,0.597293
18,0,imagen.jpeg,142,batchnorm,1x960x7x7,0.094907
18,0,imagen.jpeg,143,activacion,1x960x7x7,0.057649
18,0,imagen.jpeg,144,pointwise_conv,1x960x7x7,7.14681
18,0,imagen.jpeg,145,batchnorm,1x320x7x7,0.024987
18,0,imagen.jpeg,146,pointwise_conv,1x320x7x7,9.534395
18,0,imagen.jpeg,147,batchnorm,1x1280x7x7,0.102314
18,0,imagen.jpeg,148,activacion,1x1280x7x7,0.160823
18,0,imagen.jpeg,149,pooling,1x1280x7x7,0.033597
18,0,imagen.jpeg,150,linear,1x1280,1.090604
19,0,imagen.jpeg,0,conv2d,1x3x224x224,17.267523
19,0,imagen.jpeg,1,batchnorm,1x32x112x112,0.609552
19,0,imagen.jpeg,2,activacion,1x32x112x112,0.402037
19,0,imagen.jpeg,3,depthwise_conv,1x32x112x112,4.767135
19,0,imagen.jpeg,4,batchnorm,1x32x112x112,8.97152
19,0,imagen.jpeg,5,activacion,1x32x112x112,0.496167
19,0,imagen.jpeg,6,pointwise_conv,1x32x112x112,3.023215
19,0,imagen.jpeg,7,batchnorm,1x16x112x112,0.304612
19,0,imagen.jpeg,8,pointwise_conv,1x16x112x112,9.26983
19,0,imagen.jpeg,9,batchnorm,1x96x112x112,1.857816
19,0,imagen.jpeg,10,activacion,1x96x112x112,2.739129
19,0,imagen.jpeg,11,depthwise_conv,1x96x112x112,3.691585
19,0,imagen.jpeg,12,batchnorm,1x96x56x56,0.466478
19,0,imagen.jpeg,13,activacion,1x96x56x56,0.878778
19,0,imagen.jpeg,14,pointwise_conv,1x96x56x56,3.37677
19,0,imagen.jpeg,15,batchnorm,1x24x56x56,0.114396
19,0,imagen.jpeg,16,pointwise_conv,1x24x56x56,5.126854
19,0,imagen.jpeg,17,batchnorm,1x144x56x56,0.694257
19,0,imagen.jpeg,18,activacion,1x144x56x56,1.004537
19,0,imagen.jpeg,19,depthwise_conv,1x144x56x56,5.413278
19,0,imagen.jpeg,20,batchnorm,1x144x56x56,0.685696
19,0,imagen.jpeg,21,activacion,1x144x56x56,1.460061
19,0,imagen.jpeg,22,pointwise_conv,1x144x56x56,5.073304
19,0,imagen.jpeg,23,batchnorm,1x24x56x56,0.114288
19,0,imagen.jpeg,24,layer_add,1x24x56x56,0.034458
19,0,imagen.jpeg,25,pointwise_conv,1x24x56x56,5.110749
19,0,imagen.jpeg,26,batchnorm,1x144x56x56,0.693958
19,0,imagen.jpeg,27,activacion,1x144x56x56,1.337246
19,0,imagen.jpeg,28,depthwise_conv,1x144x56x56,1.392776
19,0,imagen.jpeg,29,batchnorm,1x144x28x28,0.171907
19,0,imagen.jpeg,30,activacion,1x144x28x28,0.299386
19,0,imagen.jpeg,31,pointwise_conv,1x144x28x28,1.703484
19,0,imagen.jpeg,32,batchnorm,1x32x28x28,0.038371
19,0,imagen.jpeg,33,pointwise_conv,1x32x28x28,2.296382
19,0,imagen.jpeg,34,batchnorm,1x192x28x28,0.233065
19,0,imagen.jpeg,35,activacion,1x192x28x28,0.288872
19,0,imagen.jpeg,36,depthwise_conv,1x192x28x28,1.839206
19,0,imagen.jpeg,37,batchnorm,1x192x28x28,0.229299
19,0,imagen.jpeg,38,activacion,1x192x28x28,0.48892
19,0,imagen.jpeg,39,pointwise_conv,1x192x28x28,2.264191
19,0,imagen.jpeg,40,batchnorm,1x32x28x28,0.038277
19,0,imagen.jpeg,41,layer_add,1x32x28x28,0.011453
19,0,imagen.jpeg,42,pointwise_conv,1x32x28x28,2.297268
19,0,imagen.jpeg,43,batchnorm,1x192x28x28,0.230498
19,0,imagen.jpeg,44,activacion,1x192x28x28,0.363698
19,0,imagen.jpeg,45,depthwise_conv,1x192x28x28,1.823613
19,0,imagen.jpeg,46,batchnorm,1x192x28x28,0.229458
19,0,imagen.jpeg,47,activacion,1x192x28x28,0.466618
19,0,imagen.jpeg,48,pointwise_conv,1x192x28x28,2.266206
19,0,imagen.jpeg,49,batchnorm,1x32x28x28,0.038312
19,0,imagen.jpeg,50,layer_add,1x32x28x28,0.011197
19,0,imagen.jpeg,51,pointwise_conv,1x32x28x28,2.298029
19,0,imagen.jpeg,52,batchnorm,1x192x28x28,0.229347
19,0,imagen.jpeg,53,activacion,1x192x28x28,0.432012
19,0,imagen.jpeg,54,depthwise_conv,1x192x28x28,0.467593
19,0,imagen.jpeg,55,batchnorm,1x192x14x14,0.057549
19,0,imagen.jpeg,56,activacion,1x192x14x14,0.077854
19,0,imagen.jpeg,57,pointwise_conv,1x192x14x14,1.195649
19,0,imagen.jpeg,58,batchnorm,1x64x14x14,0.019421
19,0,imagen.jpeg,59,pointwise_conv,1x64x14x14,2.414611
19,0,imagen.jpeg,60,batchnorm,1x384x14x14,0.115375
19,0,imagen.jpeg,61,activacion,1x384x14x14,0.153667
19,0,imagen.jpeg,62,depthwise_conv,1x384x14x14,0.932436
19,0,imagen.jpeg,63,batchnorm,1x384x14x14,0.115538
19,0,imagen.jpeg,64,activacion,1x384x14x14,0.247221
19,0,imagen.jpeg,65,pointwise_conv,1x384x14x14,2.388224
19,0,imagen.jpeg,66,batchnorm,1x64x14x14,0.019356
19,0,imagen.jpeg,67,layer_add,1x64x14x14,0.005567
19,0,imagen.jpeg,68,pointwise_conv,1x64x14x14,2.402396
19,0,imagen.jpeg,69,batchnorm,1x384x14x14,0.118916
19,0,imagen.jpeg,70,activacion,1x384x14x14,0.219137
19,0,imagen.jpeg,71,depthwise_conv,1x384x14x14,0.928473
19,0,imagen.jpeg,72,batchnorm,1x384x14x14,0.245826
19,0,imagen.jpeg,73,activacion,1x384x14x14,0.234758
19,0,imagen.jpeg,74,pointwise_conv,1x384x14x14,2.399764
19,0,imagen.jpeg,75,batchnorm,1x64x14x14,0.019325
19,0,imagen.jpeg,76,layer_add,1x64x14x14,0.005566
19,0,imagen.jpeg,77,pointwise_conv,1x64x14x14,2.406093
19,0,imagen.jpeg,78,batchnorm,1x384x14x14,0.115226
19,0,imagen.jpeg,79,activacion,1x384x14x14,0.231146
19,0,imagen.jpeg,80,depthwise_conv,1x384x14x14,0.910006
19,0,imagen.jpeg,81,batchnorm,1x384x14x14,0.44181
19,0,imagen.jpeg,82,activacion,1x384x14x14,0.201318
19,0,imagen.jpeg,83,pointwise_conv,1x384x14x14,2.393294
19,0,imagen.jpeg,84,batchnorm,1x64x14x14,0.019518
19,0,imagen.jpeg,85,layer_add,1x64x14x14,0.005546
19,0,imagen.jpeg,86,pointwise_conv,1x64x14x14,2.406093
19,0,imagen.jpeg,87,batchnorm,1x384x14x14,0.115314
19,0,imagen.jpeg,88,activacion,1x384x14x14,0.255849
19,0,imagen.jpeg,89,depthwise_conv,1x384x14x14,0.934545
19,0,imagen.jpeg,90,batchnorm,1x384x14x14,0.115361
19,0,imagen.jpeg,91,activacion,1x384x14x14,0.209593
19,0,imagen.jpeg,92,pointwise_conv,1x384x14x14,3.589469
19,0,imagen.jpeg,93,batchnorm,1x96x14x14,0.028998
19,0,imagen.jpeg,94,pointwise_conv,1x96x14x14,5.416644
19,0,imagen.jpeg,95,batchnorm,1x576x14x14,0.172948
19,0,imagen.jpeg,96,activacion,1x576x14x14,0.329889
19,0,imagen.jpeg,97,depthwise_conv,1x576x14x14,1.395195
19,0,imagen.jpeg,98,batchnorm,1x576x14x14,0.509282
19,0,imagen.jpeg,99,activacion,1x576x14x14,0.286226
19,0,imagen.jpeg,100,pointwise_conv,1x576x14x14,5.369662
19,0,imagen.jpeg,101,batchnorm,1x96x14x14,0.042631
19,0,imagen.jpeg,102,layer_add,1x96x14x14,0.008238
19,0,imagen.jpeg,103,pointwise_conv,1x96x14x14,5.408649
19,0,imagen.jpeg,104,batchnorm,1x576x14x14,0.172966
19,0,imagen.jpeg,105,activacion,1x576x14x14,0.331078
19,0,imagen.jpeg,106,depthwise_conv,1x576x14x14,1.399622
19,0,imagen.jpeg,107,batchnorm,1x576x14x14,0.436799
19,0,imagen.jpeg,108,activacion,1x576x14x14,0.256808
19,0,imagen.jpeg,109,pointwise_conv,1x576x14x14,5.374107
19,0,imagen.jpeg,110,batchnorm,1x96x14x14,0.028901
19,0,imagen.jpeg,111,layer_add,1x96x14x14,0.008376
19,0,imagen.jpeg,112,pointwise_conv,1x96x14x14,5.405903
19,0,imagen.jpeg,113,batchnorm,1x576x14x14,0.172833
19,0,imagen.jpeg,114,activacion,1x576x14x14,0.282666
19,0,imagen.jpeg,115,depthwise_conv,1x576x14x14,0.356519
19,0,imagen.jpeg,116,batchnorm,1x576x7x7,0.061166
19,0,imagen.jpeg,117,activacion,1x576x7x7,0.049614
19,0,imagen.jpeg,118,pointwise_conv,1x576x7x7,2.143228
19,0,imagen.jpeg,119,batchnorm,1x160x7x7,0.01286
19,0,imagen.jpeg,120,pointwise_conv,1x160x7x7,3.583712
19,0,imagen.jpeg,121,batchnorm,1x960x7x7,0.074417
19,0,imagen.jpeg,122,activacion,1x960x7x7,0.133968
19,0,imagen.jpeg,123,depthwise_conv,1x960x7x7,0.590471
19,0,imagen.jpeg,124,batchnorm,1x960x7x7,0.076313
19,0,imagen.jpeg,125,activacion,1x960x7x7,0.12741
19,0,imagen.jpeg,126,pointwise_conv,1x960x7x7,3.570843
19,0,imagen.jpeg,127,batchnorm,1x160x7x7,0.012605
19,0,imagen.jpeg,128,layer_add,1x160x7x7,0.003477
19,0,imagen.jpeg,129,pointwise_conv,1x160x7x7,3.580616
19,0,imagen.jpeg,130,batchnorm,1x960x7x7,0.074398
19,0,imagen.jpeg,131,activacion,1x960x7x7,0.127086
19,0,imagen.jpeg,132,depthwise_conv,1x960x7x7,0.565561
19,0,imagen.jpeg,133,batchnorm,1x960x7x7,0.123649
19,0,imagen.jpeg,134,activacion,1x960x7x7,0.110135
19,0,imagen.jpeg,135,pointwise_conv,1x960x7x7,3.569423
19,0,imagen.jpeg,136,batchnorm,1x160x7x7,0.012495
19,0,imagen.jpeg,137,layer_add,1x160x7x7,0.003876
19,0,imagen.jpeg,138,pointwise_conv,1x160x7x7,3.585209
19,0,imagen.jpeg,139,batchnorm,1x960x7x7,0.074383
19,0,imagen.jpeg,140,activacion,1x960x7x7,0.102343
19,0,imagen.jpeg,141,depthwise_conv,1x960x7x7,0.585995
19,0,imagen.jpeg,142,batchnorm,1x960x7x7,0.094111
19,0,imagen.jpeg,143,activacion,1x960x7x7,0.057499
19,0,imagen.jpeg,144,pointwise_conv,1x960x7x7,7.154407
19,0,imagen.jpeg,145,batchnorm,1x320x7x7,0.024972
19,0,imagen.jpeg,146,pointwise_conv,1x320x7x7,9.532817
19,0,imagen.jpeg,147,batchnorm,1x1280x7x7,0.105545
19,0,imagen.jpeg,148,activacion,1x1280x7x7,0.158925
19,0,imagen.jpeg,149,pooling,1x1280x7x7,0.033687
19,0,imagen.jpeg,150,linear,1x1280,1.093683
20,0,imagen.jpeg,0,conv2d,1x3x224x224,17.17289
20,0,imagen.jpeg,1,batchnorm,1x32x112x112,0.622022
20,0,imagen.jpeg,2,activacion,1x32x112x112,0.401228
20,0,imagen.jpeg,3,depthwise_conv,1x32x112x112,4.788466
20,0,imagen.jpeg,4,batchnorm,1x32x112x112,8.971121
20,0,imagen.jpeg,5,activacion,1x32x112x112,0.49426
20,0,imagen.jpeg,6,pointwise_conv,1x32x112x112,3.027487
20,0,imagen.jpeg,7,batchnorm,1x16x112x112,0.304845
20,0,imagen.jpeg,8,pointwise_conv,1x16x112x112,9.293848
20,0,imagen.jpeg,9,batchnorm,1x96x112x112,1.844203
20,0,imagen.jpeg,10,activacion,1x96x112x112,2.805257
20,0,imagen.jpeg,11,depthwise_conv,1x96x112x112,3.687437
20,0,imagen.jpeg,12,batchnorm,1x96x56x56,0.467304
20,0,imagen.jpeg,13,activacion,1x96x56x56,0.880003
20,0,imagen.jpeg,14,pointwise_conv,1x96x56x56,3.366533
20,0,imagen.jpeg,15,batchnorm,1x24x56x56,0.114422
20,0,imagen.jpeg,16,pointwise_conv,1x24x56x56,5.118475
20,0,imagen.jpeg,17,batchnorm,1x144x56x56,0.709407
20,0,imagen.jpeg,18,activacion,1x144x56x56,1.014363
20,0,imagen.jpeg,19,depthwise_conv,1x144x56x56,5.367563
20,0,imagen.jpeg,20,batchnorm,1x144x56x56,0.684887
20,0,imagen.jpeg,21,activacion,1x144x56x56,1.458852
20,0,imagen.jpeg,22,pointwise_conv,1x144x56x56,5.065716
20,0,imagen.jpeg,23,batchnorm,1x24x56x56,0.113973
20,0,imagen.jpeg,24,layer_add,1x24x56x56,0.033981
20,0,imagen.jpeg,25,pointwise_conv,1x24x56x56,5.111611
20,0,imagen.jpeg,26,batchnorm,1x144x56x56,0.693104
20,0,imagen.jpeg,27,activacion,1x144x56x56,1.335208
20,0,imagen.jpeg,28,depthwise_conv,1x144x56x56,1.391155
20,0,imagen.jpeg,29,batchnorm,1x144x28x28,0.172059
20,0,imagen.jpeg,30,activacion,1x144x28x28,0.298485
20,0,imagen.jpeg,31,pointwise_conv,1x144x28x28,1.698263
20,0,imagen.jpeg,32,batchnorm,1x32x28x28,0.038377
20,0,imagen.jpeg,33,pointwise_conv,1x32x28x28,2.309239
20,0,imagen.jpeg,34,batchnorm,1x192x28x28,0.235674
20,0,imagen.jpeg,35,activacion,1x192x28x28,0.292795
20,0,imagen.jpeg,36,depthwise_conv,1x192x28x28,1.844424
20,0,imagen.jpeg,37,batchnorm,1x192x28x28,0.229221
20,0,imagen.jpeg,38,activacion,1x192x28x28,0.485373
20,0,imagen.jpeg,39,pointwise_conv,1x192x28x28,2.26532
20,0,imagen.jpeg,40,batchnorm,1x32x28x28,0.038258
20,0,imagen.jpeg,41,layer_add,1x32x28x28,0.011038
20,0,imagen.jpeg,42,pointwise_conv,1x32x28x28,2.296201
20,0,imagen.jpeg,43,batchnorm,1x192x28x28,0.229037
20,0,imagen.jpeg,44,activacion,1x192x28x28,0.361992
20,0,imagen.jpeg,45,depthwise_conv,1x192x28x28,1.831607
20,0,imagen.jpeg,46,batchnorm,1x192x28x28,0.229186
20,0,imagen.jpeg,47,activacion,1x192x28x28,0.467852
20,0,imagen.jpeg,48,pointwise_conv,1x192x28x28,2.263992
20,0,imagen.jpeg,49,batchnorm,1x32x28x28,0.038269
20,0,imagen.jpeg,50,layer_add,1x32x28x28,0.011325
20,0,imagen.jpeg,51,pointwise_conv,1x32x28x28,2.301626
20,0,imagen.jpeg,52,batchnorm,1x192x28x28,0.229082
20,0,imagen.jpeg,53,activacion,1x192x28x28,0.431233
20,0,imagen.jpeg,54,depthwise_conv,1x192x28x28,0.486927
20,0,imagen.jpeg,55,batchnorm,1x192x14x14,0.057727
20,0,imagen.jpeg,56,activacion,1x192x14x14,0.078141
20,0,imagen.jpeg,57,pointwise_conv,1x192x14x14,1.197746
20,0,imagen.jpeg,58,batchnorm,1x64x14x14,0.019398
20,0,imagen.jpeg,59,pointwise_conv,1x64x14x14,2.411783
20,0,imagen.jpeg,60,batchnorm,1x384x14x14,0.115479
20,0,imagen.jpeg,61,activacion,1x384x14x14,0.153698
20,0,imagen.jpeg,62,depthwise_conv,1x384x14x14,0.927652
20,0,imagen.jpeg,63,batchnorm,1x384x14x14,0.115361
20,0,imagen.jpeg,64,activacion,1x384x14x14,0.2475
20,0,imagen.jpeg,65,pointwise_conv,1x384x14x14,2.387271
20,0,imagen.jpeg,66,batchnorm,1x64x14x14,0.019413
20,0,imagen.jpeg,67,layer_add,1x64x14x14,0.005789
20,0,imagen.jpeg,68,pointwise_conv,1x64x14x14,2.409763
20,0,imagen.jpeg,69,batchnorm,1x384x14x14,0.119056
20,0,imagen.jpeg,70,activacion,1x384x14x14,0.20606
20,0,imagen.jpeg,71,depthwise_conv,1x384x14x14,0.931326
20,0,imagen.jpeg,72,batchnorm,1x384x14x14,0.245797
20,0,imagen.jpeg,73,activacion,1x384x14x14,0.22242
20,0,imagen.jpeg,74,pointwise_conv,1x384x14x14,2.401453
20,0,imagen.jpeg,75,batchnorm,1x64x14x14,0.019335
20,0,imagen.jpeg,76,layer_add,1x64x14x14,0.005568
20,0,imagen.jpeg,77,pointwise_conv,1x64x14x14,2.408544
20,0,imagen.jpeg,78,batchnorm,1x384x14x14,0.118113
20,0,imagen.jpeg,79,activacion,1x384x14x14,0.229166
20,0,imagen.jpeg,80,depthwise_conv,1x384x14x14,0.931819
20,0,imagen.jpeg,81,batchnorm,1x384x14x14,0.44193
20,0,imagen.jpeg,82,activacion,1x384x14x14,0.20024
20,0,imagen.jpeg,83,pointwise_conv,1x384x14x14,2.394404
20,0,imagen.jpeg,84,batchnorm,1x64x14x14,0.019542
20,0,imagen.jpeg,85,layer_add,1x64x14x14,0.005524
20,0,imagen.jpeg,86,pointwise_conv,1x64x14x14,2.406958
20,0,imagen.jpeg,87,batchnorm,1x384x14x14,0.124161
20,0,imagen.jpeg,88,activacion,1x384x14x14,0.227836
20,0,imagen.jpeg,89,depthwise_conv,1x384x14x14,0.930952
20,0,imagen.jpeg,90,batchnorm,1x384x14x14,0.115345
20,0,imagen.jpeg,91,activacion,1x384x14x14,0.211496
20,0,imagen.jpeg,92,pointwise_conv,1x384x14x14,3.588057
20,0,imagen.jpeg,93,batchnorm,1x96x14x14,0.028926
20,0,imagen.jpeg,94,pointwise_conv,1x96x14x14,5.391424
20,0,imagen.jpeg,95,batchnorm,1x576x14x14,0.17242
20,0,imagen.jpeg,96,activacion,1x576x14x14,0.329446
20,0,imagen.jpeg,97,depthwise_conv,1x576x14x14,1.384269
20,0,imagen.jpeg,98,batchnorm,1x576x14x14,0.501851
20,0,imagen.jpeg,99,activacion,1x576x14x14,0.288356
20,0,imagen.jpeg,100,pointwise_conv,1x576x14x14,5.377816
20,0,imagen.jpeg,101,batchnorm,1x96x14x14,0.02894
20,0,imagen.jpeg,102,layer_add,1x96x14x14,0.010543
20,0,imagen.jpeg,103,pointwise_conv,1x96x14x14,5.406338
20,0,imagen.jpeg,104,batchnorm,1x576x14x14,0.172989
20,0,imagen.jpeg,105,activacion,1x576x14x14,0.330253
20,0,imagen.jpeg,106,depthwise_conv,1x576x14x14,1.400503
20,0,imagen.jpeg,107,batchnorm,1x576x14x14,0.436986
20,0,imagen.jpeg,108,activacion,1x576x14x14,0.256523
20,0,imagen.jpeg,109,pointwise_conv,1x576x14x14,5.369391
20,0,imagen.jpeg,110,batchnorm,1x96x14x14,0.028919
20,0,imagen.jpeg,111,layer_add,1x96x14x14,0.008732
20,0,imagen.jpeg,112,pointwise_conv,1x96x14x14,5.425662
20,0,imagen.jpeg,113,batchnorm,1x576x14x14,0.172774
20,0,imagen.jpeg,114,activacion,1x576x14x14,0.284932
20,0,imagen.jpeg,115,depthwise_conv,1x576x14x14,0.365729
20,0,imagen.jpeg,116,batchnorm,1x576x7x7,0.061173
20,0,imagen.jpeg,117,activacion,1x576x7x7,0.049396
20,0,imagen.jpeg,118,pointwise_conv,1x576x7x7,2.142288
20,0,imagen.jpeg,119,batchnorm,1x160x7x7,0.012715
20,0,imagen.jpeg,120,pointwise_conv,1x160x7x7,3.590842
20,0,imagen.jpeg,121,batchnorm,1x960x7x7,0.076244
20,0,imagen.jpeg,122,activacion,1x960x7x7,0.133405
20,0,imagen.jpeg,123,depthwise_conv,1x960x7x7,0.590015
20,0,imagen.jpeg,124,batchnorm,1x960x7x7,0.076685
20,0,imagen.jpeg,125,activacion,1x960x7x7,0.12659
20,0,imagen.jpeg,126,pointwise_conv,1x960x7x7,3.567197
20,0,imagen.jpeg,127,batchnorm,1x160x7x7,0.015581
20,0,imagen.jpeg,128,layer_add,1x160x7x7,0.003498
20,0,imagen.jpeg,129,pointwise_conv,1x160x7x7,3.577889
20,0,imagen.jpeg,130,batchnorm,1x960x7x7,0.074381
20,0,imagen.jpeg,131,activacion,1x960x7x7,0.126602
20,0,imagen.jpeg,132,depthwise_conv,1x960x7x7,0.588821
20,0,imagen.jpeg,133,batchnorm,1x960x7x7,0.12359
20,0,imagen.jpeg,134,activacion,1x960x7x7,0.109037
20,0,imagen.jpeg,135,pointwise_conv,1x960x7x7,3.597339
20,0,imagen.jpeg,136,batchnorm,1x160x7x7,0.012478
20,0,imagen.jpeg,137,layer_add,1x160x7x7,0.004055
20,0,imagen.jpeg,138,pointwise_conv,1x160x7x7,3.583549
20,0,imagen.jpeg,139,batchnorm,1x960x7x7,0.074384
20,0,imagen.jpeg,140,activacion,1x960x7x7,0.102895
20,0,imagen.jpeg,141,depthwise_conv,1x960x7x7,0.560712
20,0,imagen.jpeg,142,batchnorm,1x960x7x7,0.090787
20,0,imagen.jpeg,143,activacion,1x960x7x7,0.057338
20,0,imagen.jpeg,144,pointwise_conv,1x960x7x7,7.138612
20,0,imagen.jpeg,145,batchnorm,1x320x7x7,0.024993
20,0,imagen.jpeg,146,pointwise_conv,1x320x7x7,9.531717
20,0,imagen.jpeg,147,batchnorm,1x1280x7x7,0.10295
20,0,imagen.jpeg,148,activacion,1x1280x7x7,0.159568
20,0,imagen.jpeg,149,pooling,1x1280x7x7,0.033595
20,0,imagen.jpeg,150,linear,1x1280,1.09757
21,0,imagen.jpeg,0,conv2d,1x3x224x224,17.253346
21,0,imagen.jpeg,1,batchnorm,1x32x112x112,0.609778
21,0,imagen.jpeg,2,activacion,1x32x112x112,0.405939
21,0,imagen.jpeg,3,depthwise_conv,1x32x112x112,4.817413
21,0,imagen.jpeg,4,batchnorm,1x32x112x112,8.993108
21,0,imagen.jpeg,5,activacion,1x32x112x112,0.486998
21,0,imagen.jpeg,6,pointwise_conv,1x32x112x112,3.039518
21,0,imagen.jpeg,7,batchnorm,1x16x112x112,0.312027
21,0,imagen.jpeg,8,pointwise_conv,1x16x112x112,9.342426
21,0,imagen.jpeg,9,batchnorm,1x96x112x112,1.889713
21,0,imagen.jpeg,10,activacion,1x96x112x112,2.783642
21,0,imagen.jpeg,11,depthwise_conv,1x96x112x112,3.676141
21,0,imagen.jpeg,12,batchnorm,1x96x56x56,0.460133
21,0,imagen.jpeg,13,activacion,1x96x56x56,0.880734
21,0,imagen.jpeg,14,pointwise_conv,1x96x56x56,3.371662
21,0,imagen.jpeg,15,batchnorm,1x24x56x56,0.127993
21,0,imagen.jpeg,16,pointwise_conv,1x24x56x56,5.127778
21,0,imagen.jpeg,17,batchnorm,1x144x56x56,0.689467
21,0,imagen.jpeg,18,activacion,1x144x56x56,1.012059
21,0,imagen.jpeg,19,depthwise_conv,1x144x56x56,5.407091
21,0,imagen.jpeg,20,batchnorm,1x144x56x56,0.694103
21,0,imagen.jpeg,21,activacion,1x144x56x56,1.442112
21,0,imagen.jpeg,22,pointwise_conv,1x144x56x56,5.097514
21,0,imagen.jpeg,23,batchnorm,1x24x56x56,0.118925
21,0,imagen.jpeg,24,layer_add,1x24x56x56,0.035288
21,0,imagen.jpeg,25,pointwise_conv,1x24x56x56,5.124891
21,0,imagen.jpeg,26,batchnorm,1x144x56x56,0.710756
21,0,imagen.jpeg,27,activacion,1x144x56x56,1.345244
21,0,imagen.jpeg,28,depthwise_conv,1x144x56x56,1.408879
21,0,imagen.jpeg,29,batchnorm,1x144x28x28,0.180094
21,0,imagen.jpeg,30,activacion,1x144x28x28,0.29838
21,0,imagen.jpeg,31,pointwise_conv,1x144x28x28,1.70552
21,0,imagen.jpeg,32,batchnorm,1x32x28x28,0.038386
21,0,imagen.jpeg,33,pointwise_conv,1x32x28x28,2.303661
21,0,imagen.jpeg,34,batchnorm,1x192x28x28,0.229327
21,0,imagen.jpeg,35,activacion,1x192x28x28,0.300659
21,0,imagen.jpeg,36,depthwise_conv,1x192x28x28,1.833044
21,0,imagen.jpeg,37,batchnorm,1x192x28x28,0.229088
21,0,imagen.jpeg,38,activacion,1x192x28x28,0.480529
21,0,imagen.jpeg,39,pointwise_conv,1x192x28x28,2.270092
21,0,imagen.jpeg,40,batchnorm,1x32x28x28,0.038291
21,0,imagen.jpeg,41,layer_add,1x32x28x28,0.011703
21,0,imagen.jpeg,42,pointwise_conv,1x32x28x28,2.2979
21,0,imagen.jpeg,43,batchnorm,1x192x28x28,0.229248
21,0,imagen.jpeg,44,activacion,1x192x28x28,0.368668
21,0,imagen.jpeg,45,depthwise_conv,1x192x28x28,1.83388
21,0,imagen.jpeg,46,batchnorm,1x192x28x28,0.233086
21,0,imagen.jpeg,47,activacion,1x192x28x28,0.464143
21,0,imagen.jpeg,48,pointwise_conv,1x192x28x28,2.270746
21,0,imagen.jpeg,49,batchnorm,1x32x28x28,0.038325
21,0,imagen.jpeg,50,layer_add,1x32x28x28,0.01153
21,0,imagen.jpeg,51,pointwise_conv,1x32x28x28,2.297305
21,0,imagen.jpeg,52,batchnorm,1x192x28x28,0.229221
21,0,imagen.jpeg,53,activacion,1x192x28x28,0.436018
21,0,imagen.jpeg,54,depthwise_conv,1x192x28x28,0.477623
21,0,imagen.jpeg,55,batchnorm,1x192x14x14,0.057752
21,0,imagen.jpeg,56,activacion,1x192x14x14,0.077977
21,0,imagen.jpeg,57,pointwise_conv,1x192x14x14,1.196014
21,0,imagen.jpeg,58,batchnorm,1x64x14x14,0.019464
21,0,imagen.jpeg,59,pointwise_conv,1x64x14x14,2.433533
21,0,imagen.jpeg,60,batchnorm,1x384x14x14,0.119931
21,0,imagen.jpeg,61,activacion,1x384x14x14,0.153975
21,0,imagen.jpeg,62,depthwise_conv,1x384x14x14,0.929884
21,0,imagen.jpeg,63,batchnorm,1x384x14x14,0.115387
21,0,imagen.jpeg,64,activacion,1x384x14x14,0.242917
21,0,imagen.jpeg,65,pointwise_conv,1x384x14x14,2.390307
21,0,imagen.jpeg,66,batchnorm,1x64x14x14,0.019328
21,0,imagen.jpeg,67,layer_add,1x64x14x14,0.00553
21,0,imagen.jpeg,68,pointwise_conv,1x64x14x14,2.410724
21,0,imagen.jpeg,69,batchnorm,1x384x14x14,0.115222
21,0,imagen.jpeg,70,activacion,1x384x14x14,0.205461
21,0,imagen.jpeg,71,depthwise_conv,1x384x14x14,0.935189
21,0,imagen.jpeg,72,batchnorm,1x384x14x14,0.252467
21,0,imagen.jpeg,73,activacion,1x384x14x14,0.221585
21,0,imagen.jpeg,74,pointwise_conv,1x384x14x14,2.387211
21,0,imagen.jpeg,75,batchnorm,1x64x14x14,0.019394
21,0,imagen.jpeg,76,layer_add,1x64x14x14,0.005514
21,0,imagen.jpeg,77,pointwise_conv,1x64x14x14,2.412217
21,0,imagen.jpeg,78,batchnorm,1x384x14x14,0.119601
21,0,imagen.jpeg,79,activacion,1x384x14x14,0.228336
21,0,imagen.jpeg,80,depthwise_conv,1x384x14x14,0.919815
21,0,imagen.jpeg,81,batchnorm,1x384x14x14,0.447917
21,0,imagen.jpeg,82,activacion,1x384x14x14,0.200999
21,0,imagen.jpeg,83,pointwise_conv,1x384x14x14,2.397489
21,0,imagen.jpeg,84,batchnorm,1x64x14x14,0.02368
21,0,imagen.jpeg,85,layer_add,1x64x14x14,0.006217
21,0,imagen.jpeg,86,pointwise_conv,1x64x14x14,2.415376
21,0,imagen.jpeg,87,batchnorm,1x384x14x14,0.117056
21,0,imagen.jpeg,88,activacion,1x384x14x14,0.226174
21,0,imagen.jpeg,89,depthwise_conv,1x384x14x14,0.933989
21,0,imagen.jpeg,90,batchnorm,1x384x14x14,0.119532
21,0,imagen.jpeg,91,activacion,1x384x14x14,0.214309
21,0,imagen.jpeg,92,pointwise_conv,1x384x14x14,3.584655
21,0,imagen.jpeg,93,batchnorm,1x96x14x14,0.028886
21,0,imagen.jpeg,94,pointwise_conv,1x96x14x14,5.400461
21,0,imagen.jpeg,95,batchnorm,1x576x14x14,0.172373
21,0,imagen.jpeg,96,activacion,1x576x14x14,0.324409
21,0,imagen.jpeg,97,depthwise_conv,1x576x14x14,1.37787
21,0,imagen.jpeg,98,batchnorm,1x576x14x14,0.499169
21,0,imagen.jpeg,99,activacion,1x576x14x14,0.295502
21,0,imagen.jpeg,100,pointwise_conv,1x576x14x14,5.376766
21,0,imagen.jpeg,101,batchnorm,1x96x14x14,0.02894
21,0,imagen.jpeg,102,layer_add,1x96x14x14,0.008679
21,0,imagen.jpeg,103,pointwise_conv,1x96x14x14,5.411901
21,0,imagen.jpeg,104,batchnorm,1x576x14x14,0.173053
21,0,imagen.jpeg,105,activacion,1x576x14x14,0.326647
21,0,imagen.jpeg,106,depthwise_conv,1x576x14x14,1.384642
21,0,imagen.jpeg,107,batchnorm,1x576x14x14,0.433749
21,0,imagen.jpeg,108,activacion,1x576x14x14,0.254907
21,0,imagen.jpeg,109,pointwise_conv,1x576x14x14,5.381502
21,0,imagen.jpeg,110,batchnorm,1x96x14x14,0.028914
21,0,imagen.jpeg,111,layer_add,1x96x14x14,0.008199
21,0,imagen.jpeg,112,pointwise_conv,1x96x14x14,5.408144
21,0,imagen.jpeg,113,batchnorm,1x576x14x14,0.176741
21,0,imagen.jpeg,114,activacion,1x576x14x14,0.286574
21,0,imagen.jpeg,115,depthwise_conv,1x576x14x14,0.362138
21,0,imagen.jpeg,116,batchnorm,1x576x7x7,0.061293
21,0,imagen.jpeg,117,activacion,1x576x7x7,0.049595
21,0,imagen.jpeg,118,pointwise_conv,1x576x7x7,2.1471
21,0,imagen.jpeg,119,batchnorm,1x160x7x7,0.012716
21,0,imagen.jpeg,120,pointwise_conv,1x160x7x7,3.584955
21,0,imagen.jpeg,121,batchnorm,1x960x7x7,0.074376
21,0,imagen.jpeg,122,activacion,1x960x7x7,0.139767
21,0,imagen.jpeg,123,depthwise_conv,1x960x7x7,0.586206
21,0,imagen.jpeg,124,batchnorm,1x960x7x7,0.074581
21,0,imagen.jpeg,125,activacion,1x960x7x7,0.127271
21,0,imagen.jpeg,126,pointwise_conv,1x960x7x7,3.641067
21,0,imagen.jpeg,127,batchnorm,1x160x7x7,0.012621
21,0,imagen.jpeg,128,layer_add,1x160x7x7,0.004233
21,0,imagen.jpeg,129,pointwise_conv,1x160x7x7,3.701588
21,0,imagen.jpeg,130,batchnorm,1x960x7x7,0.081844
21,0,imagen.jpeg,131,activacion,1x960x7x7,0.137657
21,0,imagen.jpeg,132,depthwise_conv,1x960x7x7,0.590346
21,0,imagen.jpeg,133,batchnorm,1x960x7x7,0.123713
21,0,imagen.jpeg,134,activacion,1x960x7x7,0.110243
21,0,imagen.jpeg,135,pointwise_conv,1x960x7x7,3.618577
21,0,imagen.jpeg,136,batchnorm,1x160x7x7,0.012575
21,0,imagen.jpeg,137,layer_add,1x160x7x7,0.004034
21,0,imagen.jpeg,138,pointwise_conv,1x160x7x7,3.612262
21,0,imagen.jpeg,139,batchnorm,1x960x7x7,0.076289
21,0,imagen.jpeg,140,activacion,1x960x7x7,0.104324
21,0,imagen.jpeg,141,depthwise_conv,1x960x7x7,0.596034
21,0,imagen.jpeg,142,batchnorm,1x960x7x7,0.093285
21,0,imagen.jpeg,143,activacion,1x960x7x7,0.057157
21,0,imagen.jpeg,144,pointwise_conv,1x960x7x7,7.243148
21,0,imagen.jpeg,145,batchnorm,1x320x7x7,0.02505
21,0,imagen.jpeg,146,pointwise_conv,1x320x7x7,9.685999
21,0,imagen.jpeg,147,batchnorm,1x1280x7x7,0.099512
21,0,imagen.jpeg,148,activacion,1x1280x7x7,0.160325
21,0,imagen.jpeg,149,pooling,1x1280x7x7,0.033717
21,0,imagen.jpeg,150,linear,1x1280,1.120197
22,0,imagen.jpeg,0,conv2d,1x3x224x224,17.909623
22,0,imagen.jpeg,1,batchnorm,1x32x112x112,0.616983
22,0,imagen.jpeg,2,activacion,1x32x112x112,0.404014
22,0,imagen.jpeg,3,depthwise_conv,1x32x112x112,4.834846
22,0,imagen.jpeg,4,batchnorm,1x32x112x112,9.033548
22,0,imagen.jpeg,5,activacion,1x32x112x112,0.495805
22,0,imagen.jpeg,6,pointwise_conv,1x32x112x112,3.042745
22,0,imagen.jpeg,7,batchnorm,1x16x112x112,0.3052
22,0,imagen.jpeg,8,pointwise_conv,1x16x112x112,9.268164
22,0,imagen.jpeg,9,batchnorm,1x96x112x112,1.840555
22,0,imagen.jpeg,10,activacion,1x96x112x112,2.769577
22,0,imagen.jpeg,11,depthwise_conv,1x96x112x112,3.60246
22,0,imagen.jpeg,12,batchnorm,1x96x56x56,0.456732
22,0,imagen.jpeg,13,activacion,1x96x56x56,0.88093
22,0,imagen.jpeg,14,pointwise_conv,1x96x56x56,3.369618
22,0,imagen.jpeg,15,batchnorm,1x24x56x56,0.114344
22,0,imagen.jpeg,16,pointwise_conv,1x24x56x56,5.126717
22,0,imagen.jpeg,17,batchnorm,1x144x56x56,0.687866
22,0,imagen.jpeg,18,activacion,1x144x56x56,1.011917
22,0,imagen.jpeg,19,depthwise_conv,1x144x56x56,5.416578
22,0,imagen.jpeg,20,batchnorm,1x144x56x56,0.690845
22,0,imagen.jpeg,21,activacion,1x144x56x56,1.445629
22,0,imagen.jpeg,22,pointwise_conv,1x144x56x56,5.056009
22,0,imagen.jpeg,23,batchnorm,1x24x56x56,0.11425
22,0,imagen.jpeg,24,layer_add,1x24x56x56,0.038452
22,0,imagen.jpeg,25,pointwise_conv,1x24x56x56,5.119389
22,0,imagen.jpeg,26,batchnorm,1x144x56x56,0.689909
22,0,imagen.jpeg,27,activacion,1x144x56x56,1.339604
22,0,imagen.jpeg,28,depthwise_conv,1x144x56x56,1.366091
22,0,imagen.jpeg,29,batchnorm,1x144x28x28,0.177475
22,0,imagen.jpeg,30,activacion,1x144x28x28,0.298722
22,0,imagen.jpeg,31,pointwise_conv,1x144x28x28,1.703144
22,0,imagen.jpeg,32,batchnorm,1x32x28x28,0.03834
22,0,imagen.jpeg,33,pointwise_conv,1x32x28x28,2.294755
22,0,imagen.jpeg,34,batchnorm,1x192x28x28,0.229307
22,0,imagen.jpeg,35,activacion,1x192x28x28,0.293564
22,0,imagen.jpeg,36,depthwise_conv,1x192x28x28,1.83173
22,0,imagen.jpeg,37,batchnorm,1x192x28x28,0.229113
22,0,imagen.jpeg,38,activacion,1x192x28x28,0.510724
22,0,imagen.jpeg,39,pointwise_conv,1x192x28x28,2.269779
22,0,imagen.jpeg,40,batchnorm,1x32x28x28,0.038337
22,0,imagen.jpeg,41,layer_add,1x32x28x28,0.011308
22,0,imagen.jpeg,42,pointwise_conv,1x32x28x28,2.294206
22,0,imagen.jpeg,43,batchnorm,1x192x28x28,0.229069
22,0,imagen.jpeg,44,activacion,1x192x28x28,0.366507
22,0,imagen.jpeg,45,depthwise_conv,1x192x28x28,1.832219
22,0,imagen.jpeg,46,batchnorm,1x192x28x28,0.229042
22,0,imagen.jpeg,47,activacion,1x192x28x28,0.462655
22,0,imagen.jpeg,48,pointwise_conv,1x192x28x28,2.283813
22,0,imagen.jpeg,49,batchnorm,1x32x28x28,0.038369
22,0,imagen.jpeg,50,layer_add,1x32x28x28,0.011682
22,0,imagen.jpeg,51,pointwise_conv,1x32x28x28,2.298094
22,0,imagen.jpeg,52,batchnorm,1x192x28x28,0.228993
22,0,imagen.jpeg,53,activacion,1x192x28x28,0.430321
22,0,imagen.jpeg,54,depthwise_conv,1x192x28x28,0.471935
22,0,imagen.jpeg,55,batchnorm,1x192x14x14,0.063644
22,0,imagen.jpeg,56,activacion,1x192x14x14,0.07755
22,0,imagen.jpeg,57,pointwise_conv,1x192x14x14,1.194159
22,0,imagen.jpeg,58,batchnorm,1x64x14x14,0.019387
22,0,imagen.jpeg,59,pointwise_conv,1x64x14x14,2.404197
22,0,imagen.jpeg,60,batchnorm,1x384x14x14,0.115416
22,0,imagen.jpeg,61,activacion,1x384x14x14,0.158549
22,0,imagen.jpeg,62,depthwise_conv,1x384x14x14,0.918469
22,0,imagen.jpeg,63,batchnorm,1x384x14x14,0.115434
22,0,imagen.jpeg,64,activacion,1x384x14x14,0.243221
22,0,imagen.jpeg,65,pointwise_conv,1x384x14x14,2.387972
22,0,imagen.jpeg,66,batchnorm,1x64x14x14,0.023461
22,0,imagen.jpeg,67,layer_add,1x64x14x14,0.005545
22,0,imagen.jpeg,68,pointwise_conv,1x64x14x14,2.40464
22,0,imagen.jpeg,69,batchnorm,1x384x14x14,0.115276
22,0,imagen.jpeg,70,activacion,1x384x14x14,0.207421
22,0,imagen.jpeg,71,depthwise_conv,1x384x14x14,0.93185
22,0,imagen.jpeg,72,batchnorm,1x384x14x14,0.249914
22,0,imagen.jpeg,73,activacion,1x384x14x14,0.233448
22,0,imagen.jpeg,74,pointwise_conv,1x384x14x14,2.386919
22,0,imagen.jpeg,75,batchnorm,1x64x14x14,0.01939
22,0,imagen.jpeg,76,layer_add,1x64x14x14,0.005492
22,0,imagen.jpeg,77,pointwise_conv,1x64x14x14,2.408115
22,0,imagen.jpeg,78,batchnorm,1x384x14x14,0.115323
22,0,imagen.jpeg,79,activacion,1x384x14x14,0.240262
22,0,imagen.jpeg,80,depthwise_conv,1x384x14x14,0.933804
22,0,imagen.jpeg,81,batchnorm,1x384x14x14,0.444666
22,0,imagen.jpeg,82,activacion,1x384x14x14,0.201556
22,0,imagen.jpeg,83,pointwise_conv,1x384x14x14,2.388067
22,0,imagen.jpeg,84,batchnorm,1x64x14x14,0.019516
22,0,imagen.jpeg,85,layer_add,1x64x14x14,0.005531
22,0,imagen.jpeg,86,pointwise_conv,1x64x14x14,2.413882
22,0,imagen.jpeg,87,batchnorm,1x384x14x14,0.115449
22,0,imagen.jpeg,88,activacion,1x384x14x14,0.227305
22,0,imagen.jpeg,89,depthwise_conv,1x384x14x14,0.933858
22,0,imagen.jpeg,90,batchnorm,1x384x14x14,0.117515
22,0,imagen.jpeg,91,activacion,1x384x14x14,0.22426
22,0,imagen.jpeg,92,pointwise_conv,1x384x14x14,3.586268
22,0,imagen.jpeg,93,batchnorm,1x96x14x14,0.042103
22,0,imagen.jpeg,94,pointwise_conv,1x96x14x14,5.407239
22,0,imagen.jpeg,95,batchnorm,1x576x14x14,0.173043
22,0,imagen.jpeg,96,activacion,1x576x14x14,0.326426
22,0,imagen.jpeg,97,depthwise_conv,1x576x14x14,1.400623
22,0,imagen.jpeg,98,batchnorm,1x576x14x14,0.499334
22,0,imagen.jpeg,99,activacion,1x576x14x14,0.291529
22,0,imagen.jpeg,100,pointwise_conv,1x576x14x14,5.375208
22,0,imagen.jpeg,101,batchnorm,1x96x14x14,0.029151
22,0,imagen.jpeg,102,layer_add,1x96x14x14,0.009248
22,0,imagen.jpeg,103,pointwise_conv,1x96x14x14,5.408194
22,0,imagen.jpeg,104,batchnorm,1x576x14x14,0.173034
22,0,imagen.jpeg,105,activacion,1x576x14x14,0.32549
22,0,imagen.jpeg,106,depthwise_conv,1x576x14x14,1.401639
22,0,imagen.jpeg,107,batchnorm,1x576x14x14,0.433672
22,0,imagen.jpeg,108,activacion,1x576x14x14,0.257054
22,0,imagen.jpeg,109,pointwise_conv,1x576x14x14,5.384592
22,0,imagen.jpeg,110,batchnorm,1x96x14x14,0.028918
22,0,imagen.jpeg,111,layer_add,1x96x14x14,0.00845
22,0,imagen.jpeg,112,pointwise_conv,1x96x14x14,5.432069
22,0,imagen.jpeg,113,batchnorm,1x576x14x14,0.17859
22,0,imagen.jpeg,114,activacion,1x576x14x14,0.283623
22,0,imagen.jpeg,115,depthwise_conv,1x576x14x14,0.362051
22,0,imagen.jpeg,116,batchnorm,1x576x7x7,0.061199
22,0,imagen.jpeg,117,activacion,1x576x7x7,0.049652
22,0,imagen.jpeg,118,pointwise_conv,1x576x7x7,2.150341
22,0,imagen.jpeg,119,batchnorm,1x160x7x7,0.017044
22,0,imagen.jpeg,120,pointwise_conv,1x160x7x7,3.603056
22,0,imagen.jpeg,121,batchnorm,1x960x7x7,0.074431
22,0,imagen.jpeg,122,activacion,1x960x7x7,0.138396
22,0,imagen.jpeg,123,depthwise_conv,1x960x7x7,0.560647
22,0,imagen.jpeg,124,batchnorm,1x960x7x7,0.074558
22,0,imagen.jpeg,125,activacion,1x960x7x7,0.126604
22,0,imagen.jpeg,126,pointwise_conv,1x960x7x7,3.595989
22,0,imagen.jpeg,127,batchnorm,1x160x7x7,0.014639
22,0,imagen.jpeg,128,layer_add,1x160x7x7,0.003511
22,0,imagen.jpeg,129,pointwise_conv,1x160x7x7,3.589258
22,0,imagen.jpeg,130,batchnorm,1x960x7x7,0.074377
22,0,imagen.jpeg,131,activacion,1x960x7x7,0.125925
22,0,imagen.jpeg,132,depthwise_conv,1x960x7x7,0.59027
22,0,imagen.jpeg,133,batchnorm,1x960x7x7,0.123717
22,0,imagen.jpeg,134,activacion,1x960x7x7,0.109723
22,0,imagen.jpeg,135,pointwise_conv,1x960x7x7,3.580636
22,0,imagen.jpeg,136,batchnorm,1x160x7x7,0.012502
22,0,imagen.jpeg,137,layer_add,1x160x7x7,0.004066
22,0,imagen.jpeg,138,pointwise_conv,1x160x7x7,3.589979
22,0,imagen.jpeg,139,batchnorm,1x960x7x7,0.074402
22,0,imagen.jpeg,140,activacion,1x960x7x7,0.10664
22,0,imagen.jpeg,141,depthwise_conv,1x960x7x7,0.585862
22,0,imagen.jpeg,142,batchnorm,1x960x7x7,0.090777
22,0,imagen.jpeg,143,activacion,1x960x7x7,0.057409
22,0,imagen.jpeg,144,pointwise_conv,1x960x7x7,7.152623
22,0,imagen.jpeg,145,batchnorm,1x320x7x7,0.024996
22,0,imagen.jpeg,146,pointwise_conv,1x320x7x7,9.587814
22,0,imagen.jpeg,147,batchnorm,1x1280x7x7,0.099355
22,0,imagen.jpeg,148,activacion,1x1280x7x7,0.163268
22,0,imagen.jpeg,149,pooling,1x1280x7x7,0.033774
22,0,imagen.jpeg,150,linear,1x1280,1.134214
23,0,imagen.jpeg,0,conv2d,1x3x224x224,17.055782
23,0,imagen.jpeg,1,batchnorm,1x32x112x112,0.641156
23,0,imagen.jpeg,2,activacion,1x32x112x112,0.397063
23,0,imagen.jpeg,3,depthwise_conv,1x32x112x112,4.816072
23,0,imagen.jpeg,4,batchnorm,1x32x112x112,8.989588
23,0,imagen.jpeg,5,activacion,1x32x112x112,0.505905
23,0,imagen.jpeg,6,pointwise_conv,1x32x112x112,3.053681
23,0,imagen.jpeg,7,batchnorm,1x16x112x112,0.305132
23,0,imagen.jpeg,8,pointwise_conv,1x16x112x112,9.315219
23,0,imagen.jpeg,9,batchnorm,1x96x112x112,1.865663
23,0,imagen.jpeg,10,activacion,1x96x112x112,2.794602
23,0,imagen.jpeg,11,depthwise_conv,1x96x112x112,3.686063
23,0,imagen.jpeg,12,batchnorm,1x96x56x56,0.467545
23,0,imagen.jpeg,13,activacion,1x96x56x56,0.879652
23,0,imagen.jpeg,14,pointwise_conv,1x96x56x56,3.375302
23,0,imagen.jpeg,15,batchnorm,1x24x56x56,0.120155
23,0,imagen.jpeg,16,pointwise_conv,1x24x56x56,5.15063
23,0,imagen.jpeg,17,batchnorm,1x144x56x56,0.753599
23,0,imagen.jpeg,18,activacion,1x144x56x56,1.035024
23,0,imagen.jpeg,19,depthwise_conv,1x144x56x56,5.397749
23,0,imagen.jpeg,20,batchnorm,1x144x56x56,0.706197
23,0,imagen.jpeg,21,activacion,1x144x56x56,1.458722
23,0,imagen.jpeg,22,pointwise_conv,1x144x56x56,5.109475
23,0,imagen.jpeg,23,batchnorm,1x24x56x56,0.114147
23,0,imagen.jpeg,24,layer_add,1x24x56x56,0.035106
23,0,imagen.jpeg,25,pointwise_conv,1x24x56x56,5.141839
23,0,imagen.jpeg,26,batchnorm,1x144x56x56,0.688819
23,0,imagen.jpeg,27,activacion,1x144x56x56,1.355374
23,0,imagen.jpeg,28,depthwise_conv,1x144x56x56,1.393816
23,0,imagen.jpeg,29,batchnorm,1x144x28x28,0.172208
23,0,imagen.jpeg,30,activacion,1x144x28x28,0.305199
23,0,imagen.jpeg,31,pointwise_conv,1x144x28x28,1.700747
23,0,imagen.jpeg,32,batchnorm,1x32x28x28,0.038396
23,0,imagen.jpeg,33,pointwise_conv,1x32x28x28,2.294808
23,0,imagen.jpeg,34,batchnorm,1x192x28x28,0.229122
23,0,imagen.jpeg,35,activacion,1x192x28x28,0.293559
23,0,imagen.jpeg,36,depthwise_conv,1x192x28x28,1.8362
23,0,imagen.jpeg,37,batchnorm,1x192x28x28,0.240457
23,0,imagen.jpeg,38,activacion,1x192x28x28,0.482251
23,0,imagen.jpeg,39,pointwise_conv,1x192x28x28,2.267435
23,0,imagen.jpeg,40,batchnorm,1x32x28x28,0.038284
23,0,imagen.jpeg,41,layer_add,1x32x28x28,0.011687
23,0,imagen.jpeg,42,pointwise_conv,1x32x28x28,2.298005
23,0,imagen.jpeg,43,batchnorm,1x192x28x28,0.230912
23,0,imagen.jpeg,44,activacion,1x192x28x28,0.366822
23,0,imagen.jpeg,45,depthwise_conv,1x192x28x28,1.798327
23,0,imagen.jpeg,46,batchnorm,1x192x28x28,0.23655
23,0,imagen.jpeg,47,activacion,1x192x28x28,0.464345
23,0,imagen.jpeg,48,pointwise_conv,1x192x28x28,2.27826
23,0,imagen.jpeg,49,batchnorm,1x32x28x28,0.042458
23,0,imagen.jpeg,50,layer_add,1x32x28x28,0.011168
23,0,imagen.jpeg,51,pointwise_conv,1x32x28x28,2.296013
23,0,imagen.jpeg,52,batchnorm,1x192x28x28,0.22921
23,0,imagen.jpeg,53,activacion,1x192x28x28,0.435181
23,0,imagen.jpeg,54,depthwise_conv,1x192x28x28,0.472516
23,0,imagen.jpeg,55,batchnorm,1x192x14x14,0.057827
23,0,imagen.jpeg,56,activacion,1x192x14x14,0.077704
23,0,imagen.jpeg,57,pointwise_conv,1x192x14x14,1.199266
23,0,imagen.jpeg,58,batchnorm,1x64x14x14,0.019568
23,0,imagen.jpeg,59,pointwise_conv,1x64x14x14,2.409608
23,0,imagen.jpeg,60,batchnorm,1x384x14x14,0.122254
23,0,imagen.jpeg,61,activacion,1x384x14x14,0.154579
23,0,imagen.jpeg,62,depthwise_conv,1x384x14x14,0.932653
23,0,imagen.jpeg,63,batchnorm,1x384x14x14,0.11946
23,0,imagen.jpeg,64,activacion,1x384x14x14,0.245767
23,0,imagen.jpeg,65,pointwise_conv,1x384x14x14,2.390714
23,0,imagen.jpeg,66,batchnorm,1x64x14x14,0.019355
23,0,imagen.jpeg,67,layer_add,1x64x14x14,0.005585
23,0,imagen.jpeg,68,pointwise_conv,1x64x14x14,2.411985
23,0,imagen.jpeg,69,batchnorm,1x384x14x14,0.115305
23,0,imagen.jpeg,70,activacion,1x384x14x14,0.205789
23,0,imagen.jpeg,71,depthwise_conv,1x384x14x14,0.932579
23,0,imagen.jpeg,72,batchnorm,1x384x14x14,0.245838
23,0,imagen.jpeg,73,activacion,1x384x14x14,0.227797
23,0,imagen.jpeg,74,pointwise_conv,1x384x14x14,2.390265
23,0,imagen.jpeg,75,batchnorm,1x64x14x14,0.019386
23,0,imagen.jpeg,76,layer_add,1x64x14x14,0.005532
23,0,imagen.jpeg,77,pointwise_conv,1x64x14x14,2.413316
23,0,imagen.jpeg,78,batchnorm,1x384x14x14,0.119035
23,0,imagen.jpeg,79,activacion,1x384x14x14,0.228997
23,0,imagen.jpeg,80,depthwise_conv,1x384x14x14,0.918064
23,0,imagen.jpeg,81,batchnorm,1x384x14x14,0.441933
23,0,imagen.jpeg,82,activacion,1x384x14x14,0.207141
23,0,imagen.jpeg,83,pointwise_conv,1x384x14x14,2.389248
23,0,imagen.jpeg,84,batchnorm,1x64x14x14,0.019447
23,0,imagen.jpeg,85,layer_add,1x64x14x14,0.00552
23,0,imagen.jpeg,86,pointwise_conv,1x64x14x14,2.416535
23,0,imagen.jpeg,87,batchnorm,1x384x14x14,0.117387
23,0,imagen.jpeg,88,activacion,1x384x14x14,0.227859
23,0,imagen.jpeg,89,depthwise_conv,1x384x14x14,0.926382
23,0,imagen.jpeg,90,batchnorm,1x384x14x14,0.115336
23,0,imagen.jpeg,91,activacion,1x384x14x14,0.210304
23,0,imagen.jpeg,92,pointwise_conv,1x384x14x14,3.588207
23,0,imagen.jpeg,93,batchnorm,1x96x14x14,0.028975
23,0,imagen.jpeg,94,pointwise_conv,1x96x14x14,5.401257
23,0,imagen.jpeg,95,batchnorm,1x576x14x14,0.176826
23,0,imagen.jpeg,96,activacion,1x576x14x14,0.324702
23,0,imagen.jpeg,97,depthwise_conv,1x576x14x14,1.391972
23,0,imagen.jpeg,98,batchnorm,1x576x14x14,0.519889
23,0,imagen.jpeg,99,activacion,1x576x14x14,0.287076
23,0,imagen.jpeg,100,pointwise_conv,1x576x14x14,5.386381
23,0,imagen.jpeg,101,batchnorm,1x96x14x14,0.029008
23,0,imagen.jpeg,102,layer_add,1x96x14x14,0.008493
23,0,imagen.jpeg,103,pointwise_conv,1x96x14x14,5.404527
23,0,imagen.jpeg,104,batchnorm,1x576x14x14,0.178188
23,0,imagen.jpeg,105,activacion,1x576x14x14,0.330207
23,0,imagen.jpeg,106,depthwise_conv,1x576x14x14,1.380968
23,0,imagen.jpeg,107,batchnorm,1x576x14x14,0.441408
23,0,imagen.jpeg,108,activacion,1x576x14x14,0.255735
23,0,imagen.jpeg,109,pointwise_conv,1x576x14x14,5.373601
23,0,imagen.jpeg,110,batchnorm,1x96x14x14,0.028931
23,0,imagen.jpeg,111,layer_add,1x96x14x14,0.008256
23,0,imagen.jpeg,112,pointwise_conv,1x96x14x14,5.409994
23,0,imagen.jpeg,113,batchnorm,1x576x14x14,0.172414
23,0,imagen.jpeg,114,activacion,1x576x14x14,0.287489
23,0,imagen.jpeg,115,depthwise_conv,1x576x14x14,0.363802
23,0,imagen.jpeg,116,batchnorm,1x576x7x7,0.06118
23,0,imagen.jpeg,117,activacion,1x576x7x7,0.049615
23,0,imagen.jpeg,118,pointwise_conv,1x576x7x7,2.146307
23,0,imagen.jpeg,119,batchnorm,1x160x7x7,0.012801
23,0,imagen.jpeg,120,pointwise_conv,1x160x7x7,3.589769
23,0,imagen.jpeg,121,batchnorm,1x960x7x7,0.07442
23,0,imagen.jpeg,122,activacion,1x960x7x7,0.134238
23,0,imagen.jpeg,123,depthwise_conv,1x960x7x7,0.590383
23,0,imagen.jpeg,124,batchnorm,1x960x7x7,0.07456
23,0,imagen.jpeg,125,activacion,1x960x7x7,0.126184
23,0,imagen.jpeg,126,pointwise_conv,1x960x7x7,3.582692
23,0,imagen.jpeg,127,batchnorm,1x160x7x7,0.012603
23,0,imagen.jpeg,128,layer_add,1x160x7x7,0.003712
23,0,imagen.jpeg,129,pointwise_conv,1x160x7x7,3.590839
23,0,imagen.jpeg,130,batchnorm,1x960x7x7,0.074436
23,0,imagen.jpeg,131,activacion,1x960x7x7,0.12599
23,0,imagen.jpeg,132,depthwise_conv,1x960x7x7,0.587533
23,0,imagen.jpeg,133,batchnorm,1x960x7x7,0.128466
23,0,imagen.jpeg,134,activacion,1x960x7x7,0.10948
23,0,imagen.jpeg,135,pointwise_conv,1x960x7x7,3.608259
23,0,imagen.jpeg,136,batchnorm,1x160x7x7,0.012524
23,0,imagen.jpeg,137,layer_add,1x160x7x7,0.003724
23,0,imagen.jpeg,138,pointwise_conv,1x160x7x7,3.587711
23,0,imagen.jpeg,139,batchnorm,1x960x7x7,0.074349
23,0,imagen.jpeg,140,activacion,1x960x7x7,0.102551
23,0,imagen.jpeg,141,depthwise_conv,1x960x7x7,0.577411
23,0,imagen.jpeg,142,batchnorm,1x960x7x7,0.090773
23,0,imagen.jpeg,143,activacion,1x960x7x7,0.057489
23,0,imagen.jpeg,144,pointwise_conv,1x960x7x7,7.157341
23,0,imagen.jpeg,145,batchnorm,1x320x7x7,0.024983
23,0,imagen.jpeg,146,pointwise_conv,1x320x7x7,9.551781
23,0,imagen.jpeg,147,batchnorm,1x1280x7x7,0.09916
23,0,imagen.jpeg,148,activacion,1x1280x7x7,0.159276
23,0,imagen.jpeg,149,pooling,1x1280x7x7,0.033721
23,0,imagen.jpeg,150,linear,1x1280,1.099928
24,0,imagen.jpeg,0,conv2d,1x3x224x224,17.28504
24,0,imagen.jpeg,1,batchnorm,1x32x112x112,0.637192
24,0,imagen.jpeg,2,activacion,1x32x112x112,0.396638
24,0,imagen.jpeg,3,depthwise_conv,1x32x112x112,4.807611
24,0,imagen.jpeg,4,batchnorm,1x32x112x112,8.979077
24,0,imagen.jpeg,5,activacion,1x32x112x112,0.495476
24,0,imagen.jpeg,6,pointwise_conv,1x32x112x112,3.042912
24,0,imagen.jpeg,7,batchnorm,1x16x112x112,0.305262
24,0,imagen.jpeg,8,pointwise_conv,1x16x112x112,9.309682
24,0,imagen.jpeg,9,batchnorm,1x96x112x112,1.868072
24,0,imagen.jpeg,10,activacion,1x96x112x112,2.763307
24,0,imagen.jpeg,11,depthwise_conv,1x96x112x112,3.661548
24,0,imagen.jpeg,12,batchnorm,1x96x56x56,0.463139
24,0,imagen.jpeg,13,activacion,1x96x56x56,0.898415
24,0,imagen.jpeg,14,pointwise_conv,1x96x56x56,3.392061
24,0,imagen.jpeg,15,batchnorm,1x24x56x56,0.114338
24,0,imagen.jpeg,16,pointwise_conv,1x24x56x56,5.131953
24,0,imagen.jpeg,17,batchnorm,1x144x56x56,0.707629
24,0,imagen.jpeg,18,activacion,1x144x56x56,1.008139
24,0,imagen.jpeg,19,depthwise_conv,1x144x56x56,5.412142
24,0,imagen.jpeg,20,batchnorm,1x144x56x56,0.691161
24,0,imagen.jpeg,21,activacion,1x144x56x56,1.445292
24,0,imagen.jpeg,22,pointwise_conv,1x144x56x56,5.073092
24,0,imagen.jpeg,23,batchnorm,1x24x56x56,0.114077
24,0,imagen.jpeg,24,layer_add,1x24x56x56,0.033886
24,0,imagen.jpeg,25,pointwise_conv,1x24x56x56,5.116812
24,0,imagen.jpeg,26,batchnorm,1x144x56x56,0.696923
24,0,imagen.jpeg,27,activacion,1x144x56x56,1.33396
24,0,imagen.jpeg,28,depthwise_conv,1x144x56x56,1.378917
24,0,imagen.jpeg,29,batchnorm,1x144x28x28,0.172116
24,0,imagen.jpeg,30,activacion,1x144x28x28,0.298365
24,0,imagen.jpeg,31,pointwise_conv,1x144x28x28,1.705517
24,0,imagen.jpeg,32,batchnorm,1x32x28x28,0.038276
24,0,imagen.jpeg,33,pointwise_conv,1x32x28x28,2.292788
24,0,imagen.jpeg,34,batchnorm,1x192x28x28,0.234354
24,0,imagen.jpeg,35,activacion,1x192x28x28,0.290734
24,0,imagen.jpeg,36,depthwise_conv,1x192x28x28,1.838766
24,0,imagen.jpeg,37,batchnorm,1x192x28x28,0.229266
24,0,imagen.jpeg,38,activacion,1x192x28x28,0.498273
24,0,imagen.jpeg,39,pointwise_conv,1x192x28x28,2.279466
24,0,imagen.jpeg,40,batchnorm,1x32x28x28,0.03832
24,0,imagen.jpeg,41,layer_add,1x32x28x28,0.011495
24,0,imagen.jpeg,42,pointwise_conv,1x32x28x28,2.297581
24,0,imagen.jpeg,43,batchnorm,1x192x28x28,0.234504
24,0,imagen.jpeg,44,activacion,1x192x28x28,0.363831
24,0,imagen.jpeg,45,depthwise_conv,1x192x28x28,1.812898
24,0,imagen.jpeg,46,batchnorm,1x192x28x28,0.229131
24,0,imagen.jpeg,47,activacion,1x192x28x28,0.488819
24,0,imagen.jpeg,48,pointwise_conv,1x192x28x28,2.265596
24,0,imagen.jpeg,49,batchnorm,1x32x28x28,0.038256
24,0,imagen.jpeg,50,layer_add,1x32x28x28,0.011355
24,0,imagen.jpeg,51,pointwise_conv,1x32x28x28,2.29482
24,0,imagen.jpeg,52,batchnorm,1x192x28x28,0.253301
24,0,imagen.jpeg,53,activacion,1x192x28x28,0.429613
24,0,imagen.jpeg,54,depthwise_conv,1x192x28x28,0.472843
24,0,imagen.jpeg,55,batchnorm,1x192x14x14,0.05766
24,0,imagen.jpeg,56,activacion,1x192x14x14,0.077953
24,0,imagen.jpeg,57,pointwise_conv,1x192x14x14,1.196824
24,0,imagen.jpeg,58,batchnorm,1x64x14x14,0.019446
24,0,imagen.jpeg,59,pointwise_conv,1x64x14x14,2.41582
24,0,imagen.jpeg,60,batchnorm,1x384x14x14,0.115362
24,0,imagen.jpeg,61,activacion,1x384x14x14,0.153638
24,0,imagen.jpeg,62,depthwise_conv,1x384x14x14,0.913676
24,0,imagen.jpeg,63,batchnorm,1x384x14x14,0.115481
24,0,imagen.jpeg,64,activacion,1x384x14x14,0.242034
24,0,imagen.jpeg,65,pointwise_conv,1x384x14x14,2.389117
24,0,imagen.jpeg,66,batchnorm,1x64x14x14,0.019449
24,0,imagen.jpeg,67,layer_add,1x64x14x14,0.005575
24,0,imagen.jpeg,68,pointwise_conv,1x64x14x14,2.406195
24,0,imagen.jpeg,69,batchnorm,1x384x14x14,0.115192
24,0,imagen.jpeg,70,activacion,1x384x14x14,0.209588
24,0,imagen.jpeg,71,depthwise_conv,1x384x14x14,0.912653
24,0,imagen.jpeg,72,batchnorm,1x384x14x14,0.24583
24,0,imagen.jpeg,73,activacion,1x384x14x14,0.221061
24,0,imagen.jpeg,74,pointwise_conv,1x384x14x14,2.391411
24,0,imagen.jpeg,75,batchnorm,1x64x14x14,0.024412
24,0,imagen.jpeg,76,layer_add,1x64x14x14,0.005544
24,0,imagen.jpeg,77,pointwise_conv,1x64x14x14,2.406586
24,0,imagen.jpeg,78,batchnorm,1x384x14x14,0.115338
24,0,imagen.jpeg,79,activacion,1x384x14x14,0.228011
24,0,imagen.jpeg,80,depthwise_conv,1x384x14x14,0.916918
24,0,imagen.jpeg,81,batchnorm,1x384x14x14,0.44498
24,0,imagen.jpeg,82,activacion,1x384x14x14,0.202695
24,0,imagen.jpeg,83,pointwise_conv,1x384x14x14,2.391381
24,0,imagen.jpeg,84,batchnorm,1x64x14x14,0.022245
24,0,imagen.jpeg,85,layer_add,1x64x14x14,0.005523
24,0,imagen.jpeg,86,pointwise_conv,1x64x14x14,2.404657
24,0,imagen.jpeg,87,batchnorm,1x384x14x14,0.115333
24,0,imagen.jpeg,88,activacion,1x384x14x14,0.226884
24,0,imagen.jpeg,89,depthwise_conv,1x384x14x14,0.917773
24,0,imagen.jpeg,90,batchnorm,1x384x14x14,0.115287
24,0,imagen.jpeg,91,activacion,1x384x14x14,0.210096
24,0,imagen.jpeg,92,pointwise_conv,1x384x14x14,3.602882
24,0,imagen.jpeg,93,batchnorm,1x96x14x14,0.029001
24,0,imagen.jpeg,94,pointwise_conv,1x96x14x14,5.406477
24,0,imagen.jpeg,95,batchnorm,1x576x14x14,0.172912
24,0,imagen.jpeg,96,activacion,1x576x14x14,0.327358
24,0,imagen.jpeg,97,depthwise_conv,1x576x14x14,1.400842
24,0,imagen.jpeg,98,batchnorm,1x576x14x14,0.499313
24,0,imagen.jpeg,99,activacion,1x576x14x14,0.291219
24,0,imagen.jpeg,100,pointwise_conv,1x576x14x14,5.370442
24,0,imagen.jpeg,101,batchnorm,1x96x14x14,0.028864
24,0,imagen.jpeg,102,layer_add,1x96x14x14,0.008271
24,0,imagen.jpeg,103,pointwise_conv,1x96x14x14,5.409372
24,0,imagen.jpeg,104,batchnorm,1x576x14x14,0.172929
24,0,imagen.jpeg,105,activacion,1x576x14x14,0.326691
24,0,imagen.jpeg,106,depthwise_conv,1x576x14x14,1.404275
24,0,imagen.jpeg,107,batchnorm,1x576x14x14,0.43369
24,0,imagen.jpeg,108,activacion,1x576x14x14,0.256725
24,0,imagen.jpeg,109,pointwise_conv,1x576x14x14,5.535943
24,0,imagen.jpeg,110,batchnorm,1x96x14x14,0.028931
24,0,imagen.jpeg,111,layer_add,1x96x14x14,0.008569
24,0,imagen.jpeg,112,pointwise_conv,1x96x14x14,5.408057
24,0,imagen.jpeg,113,batchnorm,1x576x14x14,0.176504
24,0,imagen.jpeg,114,activacion,1x576x14x14,0.28425
24,0,imagen.jpeg,115,depthwise_conv,1x576x14x14,0.362502
24,0,imagen.jpeg,116,batchnorm,1x576x7x7,0.064679
24,0,imagen.jpeg,117,activacion,1x576x7x7,0.04977
24,0,imagen.jpeg,118,pointwise_conv,1x576x7x7,2.143919
24,0,imagen.jpeg,119,batchnorm,1x160x7x7,0.012683
24,0,imagen.jpeg,120,pointwise_conv,1x160x7x7,3.580757
24,0,imagen.jpeg,121,batchnorm,1x960x7x7,0.0744
24,0,imagen.jpeg,122,activacion,1x960x7x7,0.133568
24,0,imagen.jpeg,123,depthwise_conv,1x960x7x7,0.586152
24,0,imagen.jpeg,124,batchnorm,1x960x7x7,0.074554
24,0,imagen.jpeg,125,activacion,1x960x7x7,0.134736
24,0,imagen.jpeg,126,pointwise_conv,1x960x7x7,3.581385
24,0,imagen.jpeg,127,batchnorm,1x160x7x7,0.012762
24,0,imagen.jpeg,128,layer_add,1x160x7x7,0.003487
24,0,imagen.jpeg,129,pointwise_conv,1x160x7x7,3.619468
24,0,imagen.jpeg,130,batchnorm,1x960x7x7,0.07443
24,0,imagen.jpeg,131,activacion,1x960x7x7,0.131067
24,0,imagen.jpeg,132,depthwise_conv,1x960x7x7,0.593423
24,0,imagen.jpeg,133,batchnorm,1x960x7x7,0.123549
24,0,imagen.jpeg,134,activacion,1x960x7x7,0.110863
24,0,imagen.jpeg,135,pointwise_conv,1x960x7x7,3.570152
24,0,imagen.jpeg,136,batchnorm,1x160x7x7,0.012499
24,0,imagen.jpeg,137,layer_add,1x160x7x7,0.00384
24,0,imagen.jpeg,138,pointwise_conv,1x160x7x7,3.581045
24,0,imagen.jpeg,139,batchnorm,1x960x7x7,0.079433
24,0,imagen.jpeg,140,activacion,1x960x7x7,0.103152
24,0,imagen.jpeg,141,depthwise_conv,1x960x7x7,0.585962
24,0,imagen.jpeg,142,batchnorm,1x960x7x7,0.090807
24,0,imagen.jpeg,143,activacion,1x960x7x7,0.06024
24,0,imagen.jpeg,144,pointwise_conv,1x960x7x7,7.138254
24,0,imagen.jpeg,145,batchnorm,1x320x7x7,0.024986
24,0,imagen.jpeg,146,pointwise_conv,1x320x7x7,9.551272
24,0,imagen.jpeg,147,batchnorm,1x1280x7x7,0.102573
24,0,imagen.jpeg,148,activacion,1x1280x7x7,0.160353
24,0,imagen.jpeg,149,pooling,1x1280x7x7,0.033709
24,0,imagen.jpeg,150,linear,1x1280,1.132483
25,0,imagen.jpeg,0,conv2d,1x3x224x224,17.010245
25,0,imagen.jpeg,1,batchnorm,1x32x112x112,0.622238
25,0,imagen.jpeg,2,activacion,1x32x112x112,0.396571
25,0,imagen.jpeg,3,depthwise_conv,1x32x112x112,4.795727
25,0,imagen.jpeg,4,batchnorm,1x32x112x112,8.970416
25,0,imagen.jpeg,5,activacion,1x32x112x112,0.493819
25,0,imagen.jpeg,6,pointwise_conv,1x32x112x112,3.02997
25,0,imagen.jpeg,7,batchnorm,1x16x112x112,0.304608
25,0,imagen.jpeg,8,pointwise_conv,1x16x112x112,9.272302
25,0,imagen.jpeg,9,batchnorm,1x96x112x112,1.888564
25,0,imagen.jpeg,10,activacion,1x96x112x112,2.7717
25,0,imagen.jpeg,11,depthwise_conv,1x96x112x112,3.652393
25,0,imagen.jpeg,12,batchnorm,1x96x56x56,0.4567
25,0,imagen.jpeg,13,activacion,1x96x56x56,0.878964
25,0,imagen.jpeg,14,pointwise_conv,1x96x56x56,3.369772
25,0,imagen.jpeg,15,batchnorm,1x24x56x56,0.114375
25,0,imagen.jpeg,16,pointwise_conv,1x24x56x56,5.121679
25,0,imagen.jpeg,17,batchnorm,1x144x56x56,0.688239
25,0,imagen.jpeg,18,activacion,1x144x56x56,1.035307
25,0,imagen.jpeg,19,depthwise_conv,1x144x56x56,5.421797
25,0,imagen.jpeg,20,batchnorm,1x144x56x56,0.693014
25,0,imagen.jpeg,21,activacion,1x144x56x56,1.454401
25,0,imagen.jpeg,22,pointwise_conv,1x144x56x56,5.070011
25,0,imagen.jpeg,23,batchnorm,1x24x56x56,0.114265
25,0,imagen.jpeg,24,layer_add,1x24x56x56,0.034339
25,0,imagen.jpeg,25,pointwise_conv,1x24x56x56,5.113922
25,0,imagen.jpeg,26,batchnorm,1x144x56x56,0.68808
25,0,imagen.jpeg,27,activacion,1x144x56x56,1.34058
25,0,imagen.jpeg,28,depthwise_conv,1x144x56x56,1.389892
25,0,imagen.jpeg,29,batchnorm,1x144x28x28,0.172085
25,0,imagen.jpeg,30,activacion,1x144x28x28,0.300474
25,0,imagen.jpeg,31,pointwise_conv,1x144x28x28,1.703008
25,0,imagen.jpeg,32,batchnorm,1x32x28x28,0.038324
25,0,imagen.jpeg,33,pointwise_conv,1x32x28x28,2.304545
25,0,imagen.jpeg,34,batchnorm,1x192x28x28,0.264859
25,0,imagen.jpeg,35,activacion,1x192x28x28,0.297224
25,0,imagen.jpeg,36,depthwise_conv,1x192x28x28,1.844435
25,0,imagen.jpeg,37,batchnorm,1x192x28x28,0.229119
25,0,imagen.jpeg,38,activacion,1x192x28x28,0.491435
25,0,imagen.jpeg,39,pointwise_conv,1x192x28x28,2.291395
25,0,imagen.jpeg,40,batchnorm,1x32x28x28,0.040937
25,0,imagen.jpeg,41,layer_add,1x32x28x28,0.010926
25,0,imagen.jpeg,42,pointwise_conv,1x32x28x28,2.34592
25,0,imagen.jpeg,43,batchnorm,1x192x28x28,0.262126
25,0,imagen.jpeg,44,activacion,1x192x28x28,0.362596
25,0,imagen.jpeg,45,depthwise_conv,1x192x28x28,1.85222
25,0,imagen.jpeg,46,batchnorm,1x192x28x28,0.232966
25,0,imagen.jpeg,47,activacion,1x192x28x28,0.500304
25,0,imagen.jpeg,48,pointwise_conv,1x192x28x28,2.264278
25,0,imagen.jpeg,49,batchnorm,1x32x28x28,0.038387
25,0,imagen.jpeg,50,layer_add,1x32x28x28,0.012238
25,0,imagen.jpeg,51,pointwise_conv,1x32x28x28,2.299281
25,0,imagen.jpeg,52,batchnorm,1x192x28x28,0.232675
25,0,imagen.jpeg,53,activacion,1x192x28x28,0.428079
25,0,imagen.jpeg,54,depthwise_conv,1x192x28x28,0.479738
25,0,imagen.jpeg,55,batchnorm,1x192x14x14,0.057688
25,0,imagen.jpeg,56,activacion,1x192x14x14,0.077766
25,0,imagen.jpeg,57,pointwise_conv,1x192x14x14,1.194807
25,0,imagen.jpeg,58,batchnorm,1x64x14x14,0.019412
25,0,imagen.jpeg,59,pointwise_conv,1x64x14x14,2.415193
25,0,imagen.jpeg,60,batchnorm,1x384x14x14,0.115406
25,0,imagen.jpeg,61,activacion,1x384x14x14,0.15404
25,0,imagen.jpeg,62,depthwise_conv,1x384x14x14,0.930942
25,0,imagen.jpeg,63,batchnorm,1x384x14x14,0.11537
25,0,imagen.jpeg,64,activacion,1x384x14x14,0.244392
25,0,imagen.jpeg,65,pointwise_conv,1x384x14x14,2.390314
25,0,imagen.jpeg,66,batchnorm,1x64x14x14,0.019444
25,0,imagen.jpeg,67,layer_add,1x64x14x14,0.005527
25,0,imagen.jpeg,68,pointwise_conv,1x64x14x14,2.404728
25,0,imagen.jpeg,69,batchnorm,1x384x14x14,0.119781
25,0,imagen.jpeg,70,activacion,1x384x14x14,0.208118
25,0,imagen.jpeg,71,depthwise_conv,1x384x14x14,0.930787
25,0,imagen.jpeg,72,batchnorm,1x384x14x14,0.24579
25,0,imagen.jpeg,73,activacion,1x384x14x14,0.223413
25,0,imagen.jpeg,74,pointwise_conv,1x384x14x14,2.393885
25,0,imagen.jpeg,75,batchnorm,1x64x14x14,0.019352
25,0,imagen.jpeg,76,layer_add,1x64x14x14,0.005509
25,0,imagen.jpeg,77,pointwise_conv,1x64x14x14,2.404946
25,0,imagen.jpeg,78,batchnorm,1x384x14x14,0.114893
25,0,imagen.jpeg,79,activacion,1x384x14x14,0.232957
25,0,imagen.jpeg,80,depthwise_conv,1x384x14x14,0.929732
25,0,imagen.jpeg,81,batchnorm,1x384x14x14,0.442
25,0,imagen.jpeg,82,activacion,1x384x14x14,0.200374
25,0,imagen.jpeg,83,pointwise_conv,1x384x14x14,2.399383
25,0,imagen.jpeg,84,batchnorm,1x64x14x14,0.020801
25,0,imagen.jpeg,85,layer_add,1x64x14x14,0.005484
25,0,imagen.jpeg,86,pointwise_conv,1x64x14x14,2.405846
25,0,imagen.jpeg,87,batchnorm,1x384x14x14,0.11541
25,0,imagen.jpeg,88,activacion,1x384x14x14,0.239402
25,0,imagen.jpeg,89,depthwise_conv,1x384x14x14,0.93526
25,0,imagen.jpeg,90,batchnorm,1x384x14x14,0.115461
25,0,imagen.jpeg,91,activacion,1x384x14x14,0.222673
25,0,imagen.jpeg,92,pointwise_conv,1x384x14x14,3.583832
25,0,imagen.jpeg,93,batchnorm,1x96x14x14,0.028953
25,0,imagen.jpeg,94,pointwise_conv,1x96x14x14,5.396855
25,0,imagen.jpeg,95,batchnorm,1x576x14x14,0.172537
25,0,imagen.jpeg,96,activacion,1x576x14x14,0.339437
25,0,imagen.jpeg,97,depthwise_conv,1x576x14x14,1.381365
25,0,imagen.jpeg,98,batchnorm,1x576x14x14,0.50977
25,0,imagen.jpeg,99,activacion,1x576x14x14,0.285963
25,0,imagen.jpeg,100,pointwise_conv,1x576x14x14,5.376162
25,0,imagen.jpeg,101,batchnorm,1x96x14x14,0.028933
25,0,imagen.jpeg,102,layer_add,1x96x14x14,0.012498
25,0,imagen.jpeg,103,pointwise_conv,1x96x14x14,5.403751
25,0,imagen.jpeg,104,batchnorm,1x576x14x14,0.173018
25,0,imagen.jpeg,105,activacion,1x576x14x14,0.329626
25,0,imagen.jpeg,106,depthwise_conv,1x576x14x14,1.391828
25,0,imagen.jpeg,107,batchnorm,1x576x14x14,0.433897
25,0,imagen.jpeg,108,activacion,1x576x14x14,0.264392
25,0,imagen.jpeg,109,pointwise_conv,1x576x14x14,5.366796
25,0,imagen.jpeg,110,batchnorm,1x96x14x14,0.028914
25,0,imagen.jpeg,111,layer_add,1x96x14x14,0.008214
25,0,imagen.jpeg,112,pointwise_conv,1x96x14x14,5.405215
25,0,imagen.jpeg,113,batchnorm,1x576x14x14,0.174139
25,0,imagen.jpeg,114,activacion,1x576x14x14,0.28317
25,0,imagen.jpeg,115,depthwise_conv,1x576x14x14,0.371698
25,0,imagen.jpeg,116,batchnorm,1x576x7x7,0.061171
25,0,imagen.jpeg,117,activacion,1x576x7x7,0.049373
25,0,imagen.jpeg,118,pointwise_conv,1x576x7x7,2.143644
25,0,imagen.jpeg,119,batchnorm,1x160x7x7,0.012655
25,0,imagen.jpeg,120,pointwise_conv,1x160x7x7,3.582655
25,0,imagen.jpeg,121,batchnorm,1x960x7x7,0.076892
25,0,imagen.jpeg,122,activacion,1x960x7x7,0.13419
25,0,imagen.jpeg,123,depthwise_conv,1x960x7x7,0.586528
25,0,imagen.jpeg,124,batchnorm,1x960x7x7,0.074568
25,0,imagen.jpeg,125,activacion,1x960x7x7,0.128843
25,0,imagen.jpeg,126,pointwise_conv,1x960x7x7,3.567974
25,0,imagen.jpeg,127,batchnorm,1x160x7x7,0.012591
25,0,imagen.jpeg,128,layer_add,1x160x7x7,0.003509
25,0,imagen.jpeg,129,pointwise_conv,1x160x7x7,3.591491
25,0,imagen.jpeg,130,batchnorm,1x960x7x7,0.074414
25,0,imagen.jpeg,131,activacion,1x960x7x7,0.133057
25,0,imagen.jpeg,132,depthwise_conv,1x960x7x7,0.589182
25,0,imagen.jpeg,133,batchnorm,1x960x7x7,0.123645
25,0,imagen.jpeg,134,activacion,1x960x7x7,0.115291
25,0,imagen.jpeg,135,pointwise_conv,1x960x7x7,3.570347
25,0,imagen.jpeg,136,batchnorm,1x160x7x7,0.012498
25,0,imagen.jpeg,137,layer_add,1x160x7x7,0.003843
25,0,imagen.jpeg,138,pointwise_conv,1x160x7x7,3.581711
25,0,imagen.jpeg,139,batchnorm,1x960x7x7,0.078506
25,0,imagen.jpeg,140,activacion,1x960x7x7,0.102634
25,0,imagen.jpeg,141,depthwise_conv,1x960x7x7,0.585991
25,0,imagen.jpeg,142,batchnorm,1x960x7x7,0.094081
25,0,imagen.jpeg,143,activacion,1x960x7x7,0.059148
25,0,imagen.jpeg,144,pointwise_conv,1x960x7x7,7.164157
25,0,imagen.jpeg,145,batchnorm,1x320x7x7,0.02506
25,0,imagen.jpeg,146,pointwise_conv,1x320x7x7,9.549113
25,0,imagen.jpeg,147,batchnorm,1x1280x7x7,0.099212
25,0,imagen.jpeg,148,activacion,1x1280x7x7,0.167267
25,0,imagen.jpeg,149,pooling,1x1280x7x7,0.033747
25,0,imagen.jpeg,150,linear,1x1280,1.12564
26,0,imagen.jpeg,0,conv2d,1x3x224x224,17.224552
26,0,imagen.jpeg,1,batchnorm,1x32x112x112,0.615599
26,0,imagen.jpeg,2,activacion,1x32x112x112,0.40136
26,0,imagen.jpeg,3,depthwise_conv,1x32x112x112,4.763587
26,0,imagen.jpeg,4,batchnorm,1x32x112x112,8.974301
26,0,imagen.jpeg,5,activacion,1x32x112x112,0.487937
26,0,imagen.jpeg,6,pointwise_conv,1x32x112x112,3.03268
26,0,imagen.jpeg,7,batchnorm,1x16x112x112,0.314053
26,0,imagen.jpeg,8,pointwise_conv,1x16x112x112,9.277585
26,0,imagen.jpeg,9,batchnorm,1x96x112x112,1.895458
26,0,imagen.jpeg,10,activacion,1x96x112x112,2.783799
26,0,imagen.jpeg,11,depthwise_conv,1x96x112x112,3.573241
26,0,imagen.jpeg,12,batchnorm,1x96x56x56,0.465364
26,0,imagen.jpeg,13,activacion,1x96x56x56,0.880057
26,0,imagen.jpeg,14,pointwise_conv,1x96x56x56,3.370113
26,0,imagen.jpeg,15,batchnorm,1x24x56x56,0.114173
26,0,imagen.jpeg,16,pointwise_conv,1x24x56x56,5.120341
26,0,imagen.jpeg,17,batchnorm,1x144x56x56,0.700789
26,0,imagen.jpeg,18,activacion,1x144x56x56,1.02333
26,0,imagen.jpeg,19,depthwise_conv,1x144x56x56,5.396258
26,0,imagen.jpeg,20,batchnorm,1x144x56x56,0.712228
26,0,imagen.jpeg,21,activacion,1x144x56x56,1.452302
26,0,imagen.jpeg,22,pointwise_conv,1x144x56x56,5.113484
26,0,imagen.jpeg,23,batchnorm,1x24x56x56,0.114424
26,0,imagen.jpeg,24,layer_add,1x24x56x56,0.041373
26,0,imagen.jpeg,25,pointwise_conv,1x24x56x56,5.1577
26,0,imagen.jpeg,26,batchnorm,1x144x56x56,0.685623
26,0,imagen.jpeg,27,activacion,1x144x56x56,1.372717
26,0,imagen.jpeg,28,depthwise_conv,1x144x56x56,1.419225
26,0,imagen.jpeg,29,batchnorm,1x144x28x28,0.171953
26,0,imagen.jpeg,30,activacion,1x144x28x28,0.302829
26,0,imagen.jpeg,31,pointwise_conv,1x144x28x28,1.699154
26,0,imagen.jpeg,32,batchnorm,1x32x28x28,0.03848
26,0,imagen.jpeg,33,pointwise_conv,1x32x28x28,2.297309
26,0,imagen.jpeg,34,batchnorm,1x192x28x28,0.22924
26,0,imagen.jpeg,35,activacion,1x192x28x28,0.289011
26,0,imagen.jpeg,36,depthwise_conv,1x192x28x28,1.816806
26,0,imagen.jpeg,37,batchnorm,1x192x28x28,0.233784
26,0,imagen.jpeg,38,activacion,1x192x28x28,0.484398
26,0,imagen.jpeg,39,pointwise_conv,1x192x28x28,2.264553
26,0,imagen.jpeg,40,batchnorm,1x32x28x28,0.038245
26,0,imagen.jpeg,41,layer_add,1x32x28x28,0.010977
26,0,imagen.jpeg,42,pointwise_conv,1x32x28x28,2.29916
26,0,imagen.jpeg,43,batchnorm,1x192x28x28,0.229145
26,0,imagen.jpeg,44,activacion,1x192x28x28,0.363297
26,0,imagen.jpeg,45,depthwise_conv,1x192x28x28,1.83362
26,0,imagen.jpeg,46,batchnorm,1x192x28x28,0.234055
26,0,imagen.jpeg,47,activacion,1x192x28x28,0.470719
26,0,imagen.jpeg,48,pointwise_conv,1x192x28x28,2.266095
26,0,imagen.jpeg,49,batchnorm,1x32x28x28,0.038272
26,0,imagen.jpeg,50,layer_add,1x32x28x28,0.011168
26,0,imagen.jpeg,51,pointwise_conv,1x32x28x28,2.296781
26,0,imagen.jpeg,52,batchnorm,1x192x28x28,0.234589
26,0,imagen.jpeg,53,activacion,1x192x28x28,0.432993
26,0,imagen.jpeg,54,depthwise_conv,1x192x28x28,0.472629
26,0,imagen.jpeg,55,batchnorm,1x192x14x14,0.057697
26,0,imagen.jpeg,56,activacion,1x192x14x14,0.077557
26,0,imagen.jpeg,57,pointwise_conv,1x192x14x14,1.197063
26,0,imagen.jpeg,58,batchnorm,1x64x14x14,0.019505
26,0,imagen.jpeg,59,pointwise_conv,1x64x14x14,2.425986
26,0,imagen.jpeg,60,batchnorm,1x384x14x14,0.115642
26,0,imagen.jpeg,61,activacion,1x384x14x14,0.161227
26,0,imagen.jpeg,62,depthwise_conv,1x384x14x14,0.918333
26,0,imagen.jpeg,63,batchnorm,1x384x14x14,0.115487
26,0,imagen.jpeg,64,activacion,1x384x14x14,0.250337
26,0,imagen.jpeg,65,pointwise_conv,1x384x14x14,2.390302
26,0,imagen.jpeg,66,batchnorm,1x64x14x14,0.01933
26,0,imagen.jpeg,67,layer_add,1x64x14x14,0.005527
26,0,imagen.jpeg,68,pointwise_conv,1x64x14x14,2.417919
26,0,imagen.jpeg,69,batchnorm,1x384x14x14,0.117609
26,0,imagen.jpeg,70,activacion,1x384x14x14,0.214755
26,0,imagen.jpeg,71,depthwise_conv,1x384x14x14,1.006418
26,0,imagen.jpeg,72,batchnorm,1x384x14x14,0.247989
26,0,imagen.jpeg,73,activacion,1x384x14x14,0.228017
26,0,imagen.jpeg,74,pointwise_conv,1x384x14x14,2.405134
26,0,imagen.jpeg,75,batchnorm,1x64x14x14,0.019435
26,0,imagen.jpeg,76,layer_add,1x64x14x14,0.009922
26,0,imagen.jpeg,77,pointwise_conv,1x64x14x14,2.414937
26,0,imagen.jpeg,78,batchnorm,1x384x14x14,0.115339
26,0,imagen.jpeg,79,activacion,1x384x14x14,0.228532
26,0,imagen.jpeg,80,depthwise_conv,1x384x14x14,0.931978
26,0,imagen.jpeg,81,batchnorm,1x384x14x14,0.445933
26,0,imagen.jpeg,82,activacion,1x384x14x14,0.204394
26,0,imagen.jpeg,83,pointwise_conv,1x384x14x14,2.390493
26,0,imagen.jpeg,84,batchnorm,1x64x14x14,0.019522
26,0,imagen.jpeg,85,layer_add,1x64x14x14,0.005535
26,0,imagen.jpeg,86,pointwise_conv,1x64x14x14,2.407355
26,0,imagen.jpeg,87,batchnorm,1x384x14x14,0.119151
26,0,imagen.jpeg,88,activacion,1x384x14x14,0.226045
26,0,imagen.jpeg,89,depthwise_conv,1x384x14x14,0.930652
26,0,imagen.jpeg,90,batchnorm,1x384x14x14,0.115629
26,0,imagen.jpeg,91,activacion,1x384x14x14,0.213341
26,0,imagen.jpeg,92,pointwise_conv,1x384x14x14,3.584668
26,0,imagen.jpeg,93,batchnorm,1x96x14x14,0.02924
26,0,imagen.jpeg,94,pointwise_conv,1x96x14x14,5.409248
26,0,imagen.jpeg,95,batchnorm,1x576x14x14,0.173067
26,0,imagen.jpeg,96,activacion,1x576x14x14,0.326349
26,0,imagen.jpeg,97,depthwise_conv,1x576x14x14,1.399431
26,0,imagen.jpeg,98,batchnorm,1x576x14x14,0.499269
26,0,imagen.jpeg,99,activacion,1x576x14x14,0.285339
26,0,imagen.jpeg,100,pointwise_conv,1x576x14x14,5.372089
26,0,imagen.jpeg,101,batchnorm,1x96x14x14,0.029005
26,0,imagen.jpeg,102,layer_add,1x96x14x14,0.00845
26,0,imagen.jpeg,103,pointwise_conv,1x96x14x14,5.40336
26,0,imagen.jpeg,104,batchnorm,1x576x14x14,0.179838
26,0,imagen.jpeg,105,activacion,1x576x14x14,0.326137
26,0,imagen.jpeg,106,depthwise_conv,1x576x14x14,1.367171
26,0,imagen.jpeg,107,batchnorm,1x576x14x14,0.437541
26,0,imagen.jpeg,108,activacion,1x576x14x14,0.25636
26,0,imagen.jpeg,109,pointwise_conv,1x576x14x14,5.376062
26,0,imagen.jpeg,110,batchnorm,1x96x14x14,0.030604
26,0,imagen.jpeg,111,layer_add,1x96x14x14,0.008235
26,0,imagen.jpeg,112,pointwise_conv,1x96x14x14,5.405989
26,0,imagen.jpeg,113,batchnorm,1x576x14x14,0.172959
26,0,imagen.jpeg,114,activacion,1x576x14x14,0.286288
26,0,imagen.jpeg,115,depthwise_conv,1x576x14x14,0.355168
26,0,imagen.jpeg,116,batchnorm,1x576x7x7,0.061154
26,0,imagen.jpeg,117,activacion,1x576x7x7,0.049531
26,0,imagen.jpeg,118,pointwise_conv,1x576x7x7,2.143958
26,0,imagen.jpeg,119,batchnorm,1x160x7x7,0.012761
26,0,imagen.jpeg,120,pointwise_conv,1x160x7x7,3.597995
26,0,imagen.jpeg,121,batchnorm,1x960x7x7,0.074407
26,0,imagen.jpeg,122,activacion,1x960x7x7,0.134369
26,0,imagen.jpeg,123,depthwise_conv,1x960x7x7,0.570008
26,0,imagen.jpeg,124,batchnorm,1x960x7x7,0.074563
26,0,imagen.jpeg,125,activacion,1x960x7x7,0.12747
26,0,imagen.jpeg,126,pointwise_conv,1x960x7x7,3.585057
26,0,imagen.jpeg,127,batchnorm,1x160x7x7,0.012705
26,0,imagen.jpeg,128,layer_add,1x160x7x7,0.003518
26,0,imagen.jpeg,129,pointwise_conv,1x160x7x7,3.578682
26,0,imagen.jpeg,130,batchnorm,1x960x7x7,0.074379
26,0,imagen.jpeg,131,activacion,1x960x7x7,0.134889
26,0,imagen.jpeg,132,depthwise_conv,1x960x7x7,0.586314
26,0,imagen.jpeg,133,batchnorm,1x960x7x7,0.127468
26,0,imagen.jpeg,134,activacion,1x960x7x7,0.110411
26,0,imagen.jpeg,135,pointwise_conv,1x960x7x7,3.56808
26,0,imagen.jpeg,136,batchnorm,1x160x7x7,0.012508
26,0,imagen.jpeg,137,layer_add,1x160x7x7,0.003873
26,0,imagen.jpeg,138,pointwise_conv,1x160x7x7,3.58301
26,0,imagen.jpeg,139,batchnorm,1x960x7x7,0.074367
26,0,imagen.jpeg,140,activacion,1x960x7x7,0.105438
26,0,imagen.jpeg,141,depthwise_conv,1x960x7x7,0.590819
26,0,imagen.jpeg,142,batchnorm,1x960x7x7,0.090731
26,0,imagen.jpeg,143,activacion,1x960x7x7,0.057621
26,0,imagen.jpeg,144,pointwise_conv,1x960x7x7,7.140653
26,0,imagen.jpeg,145,batchnorm,1x320x7x7,0.02505
26,0,imagen.jpeg,146,pointwise_conv,1x320x7x7,9.560447
26,0,imagen.jpeg,147,batchnorm,1x1280x7x7,0.099181
26,0,imagen.jpeg,148,activacion,1x1280x7x7,0.15815
26,0,imagen.jpeg,149,pooling,1x1280x7x7,0.03365
26,0,imagen.jpeg,150,linear,1x1280,1.100598
27,0,imagen.jpeg,0,conv2d,1x3x224x224,17.119613
27,0,imagen.jpeg,1,batchnorm,1x32x112x112,0.609076
27,0,imagen.jpeg,2,activacion,1x32x112x112,0.395912
27,0,imagen.jpeg,3,depthwise_conv,1x32x112x112,4.810306
27,0,imagen.jpeg,4,batchnorm,1x32x112x112,8.985359
27,0,imagen.jpeg,5,activacion,1x32x112x112,0.487026
27,0,imagen.jpeg,6,pointwise_conv,1x32x112x112,3.052386
27,0,imagen.jpeg,7,batchnorm,1x16x112x112,0.30485
27,0,imagen.jpeg,8,pointwise_conv,1x16x112x112,9.259463
27,0,imagen.jpeg,9,batchnorm,1x96x112x112,1.843804
27,0,imagen.jpeg,10,activacion,1x96x112x112,2.75245
27,0,imagen.jpeg,11,depthwise_conv,1x96x112x112,3.585438
27,0,imagen.jpeg,12,batchnorm,1x96x56x56,0.463103
27,0,imagen.jpeg,13,activacion,1x96x56x56,0.886266
27,0,imagen.jpeg,14,pointwise_conv,1x96x56x56,3.362502
27,0,imagen.jpeg,15,batchnorm,1x24x56x56,0.114092
27,0,imagen.jpeg,16,pointwise_conv,1x24x56x56,5.150783
27,0,imagen.jpeg,17,batchnorm,1x144x56x56,0.694578
27,0,imagen.jpeg,18,activacion,1x144x56x56,1.063417
27,0,imagen.jpeg,19,depthwise_conv,1x144x56x56,5.359045
27,0,imagen.jpeg,20,batchnorm,1x144x56x56,0.70953
27,0,imagen.jpeg,21,activacion,1x144x56x56,1.451916
27,0,imagen.jpeg,22,pointwise_conv,1x144x56x56,5.078644
27,0,imagen.jpeg,23,batchnorm,1x24x56x56,0.114233
27,0,imagen.jpeg,24,layer_add,1x24x56x56,0.036183
27,0,imagen.jpeg,25,pointwise_conv,1x24x56x56,5.137102
27,0,imagen.jpeg,26,batchnorm,1x144x56x56,0.684692
27,0,imagen.jpeg,27,activacion,1x144x56x56,1.341094
27,0,imagen.jpeg,28,depthwise_conv,1x144x56x56,1.382825
27,0,imagen.jpeg,29,batchnorm,1x144x28x28,0.172172
27,0,imagen.jpeg,30,activacion,1x144x28x28,0.298286
27,0,imagen.jpeg,31,pointwise_conv,1x144x28x28,1.703692
27,0,imagen.jpeg,32,batchnorm,1x32x28x28,0.038336
27,0,imagen.jpeg,33,pointwise_conv,1x32x28x28,2.29364
27,0,imagen.jpeg,34,batchnorm,1x192x28x28,0.229763
27,0,imagen.jpeg,35,activacion,1x192x28x28,0.293869
27,0,imagen.jpeg,36,depthwise_conv,1x192x28x28,1.823606
27,0,imagen.jpeg,37,batchnorm,1x192x28x28,0.239679
27,0,imagen.jpeg,38,activacion,1x192x28x28,0.494245
27,0,imagen.jpeg,39,pointwise_conv,1x192x28x28,2.266911
27,0,imagen.jpeg,40,batchnorm,1x32x28x28,0.038266
27,0,imagen.jpeg,41,layer_add,1x32x28x28,0.012177
27,0,imagen.jpeg,42,pointwise_conv,1x32x28x28,2.296254
27,0,imagen.jpeg,43,batchnorm,1x192x28x28,0.229411
27,0,imagen.jpeg,44,activacion,1x192x28x28,0.368927
27,0,imagen.jpeg,45,depthwise_conv,1x192x28x28,1.836625
27,0,imagen.jpeg,46,batchnorm,1x192x28x28,0.232857
27,0,imagen.jpeg,47,activacion,1x192x28x28,0.46359
27,0,imagen.jpeg,48,pointwise_conv,1x192x28x28,2.267014
27,0,imagen.jpeg,49,batchnorm,1x32x28x28,0.038284
27,0,imagen.jpeg,50,layer_add,1x32x28x28,0.011393
27,0,imagen.jpeg,51,pointwise_conv,1x32x28x28,2.299005
27,0,imagen.jpeg,52,batchnorm,1x192x28x28,0.229189
27,0,imagen.jpeg,53,activacion,1x192x28x28,0.436634
27,0,imagen.jpeg,54,depthwise_conv,1x192x28x28,0.459585
27,0,imagen.jpeg,55,batchnorm,1x192x14x14,0.057706
27,0,imagen.jpeg,56,activacion,1x192x14x14,0.07824
27,0,imagen.jpeg,57,pointwise_conv,1x192x14x14,1.200535
27,0,imagen.jpeg,58,batchnorm,1x64x14x14,0.019449
27,0,imagen.jpeg,59,pointwise_conv,1x64x14x14,2.411647
27,0,imagen.jpeg,60,batchnorm,1x384x14x14,0.120574
27,0,imagen.jpeg,61,activacion,1x384x14x14,0.156622
27,0,imagen.jpeg,62,depthwise_conv,1x384x14x14,0.929388
27,0,imagen.jpeg,63,batchnorm,1x384x14x14,0.117554
27,0,imagen.jpeg,64,activacion,1x384x14x14,0.24611
27,0,imagen.jpeg,65,pointwise_conv,1x384x14x14,2.391494
27,0,imagen.jpeg,66,batchnorm,1x64x14x14,0.019335
27,0,imagen.jpeg,67,layer_add,1x64x14x14,0.00554
27,0,imagen.jpeg,68,pointwise_conv,1x64x14x14,2.407227
27,0,imagen.jpeg,69,batchnorm,1x384x14x14,0.115261
27,0,imagen.jpeg,70,activacion,1x384x14x14,0.206572
27,0,imagen.jpeg,71,depthwise_conv,1x384x14x14,0.929542
27,0,imagen.jpeg,72,batchnorm,1x384x14x14,0.245975
27,0,imagen.jpeg,73,activacion,1x384x14x14,0.222727
27,0,imagen.jpeg,74,pointwise_conv,1x384x14x14,2.388609
27,0,imagen.jpeg,75,batchnorm,1x64x14x14,0.019327
27,0,imagen.jpeg,76,layer_add,1x64x14x14,0.005525
27,0,imagen.jpeg,77,pointwise_conv,1x64x14x14,2.408121
27,0,imagen.jpeg,78,batchnorm,1x384x14x14,0.115358
27,0,imagen.jpeg,79,activacion,1x384x14x14,0.228719
27,0,imagen.jpeg,80,depthwise_conv,1x384x14x14,0.928178
27,0,imagen.jpeg,81,batchnorm,1x384x14x14,0.445728
27,0,imagen.jpeg,82,activacion,1x384x14x14,0.20296
27,0,imagen.jpeg,83,pointwise_conv,1x384x14x14,2.388492
27,0,imagen.jpeg,84,batchnorm,1x64x14x14,0.019428
27,0,imagen.jpeg,85,layer_add,1x64x14x14,0.005543
27,0,imagen.jpeg,86,pointwise_conv,1x64x14x14,2.417261
27,0,imagen.jpeg,87,batchnorm,1x384x14x14,0.115468
27,0,imagen.jpeg,88,activacion,1x384x14x14,0.24258
27,0,imagen.jpeg,89,depthwise_conv,1x384x14x14,0.933282
27,0,imagen.jpeg,90,batchnorm,1x384x14x14,0.115452
27,0,imagen.jpeg,91,activacion,1x384x14x14,0.211715
27,0,imagen.jpeg,92,pointwise_conv,1x384x14x14,3.587265
27,0,imagen.jpeg,93,batchnorm,1x96x14x14,0.028909
27,0,imagen.jpeg,94,pointwise_conv,1x96x14x14,5.393572
27,0,imagen.jpeg,95,batchnorm,1x576x14x14,0.174449
27,0,imagen.jpeg,96,activacion,1x576x14x14,0.327289
27,0,imagen.jpeg,97,depthwise_conv,1x576x14x14,1.407704
27,0,imagen.jpeg,98,batchnorm,1x576x14x14,0.499033
27,0,imagen.jpeg,99,activacion,1x576x14x14,0.292433
27,0,imagen.jpeg,100,pointwise_conv,1x576x14x14,5.377833
27,0,imagen.jpeg,101,batchnorm,1x96x14x14,0.028942
27,0,imagen.jpeg,102,layer_add,1x96x14x14,0.008614
27,0,imagen.jpeg,103,pointwise_conv,1x96x14x14,5.403395
27,0,imagen.jpeg,104,batchnorm,1x576x14x14,0.177602
27,0,imagen.jpeg,105,activacion,1x576x14x14,0.328227
27,0,imagen.jpeg,106,depthwise_conv,1x576x14x14,1.383713
27,0,imagen.jpeg,107,batchnorm,1x576x14x14,0.438007
27,0,imagen.jpeg,108,activacion,1x576x14x14,0.257217
27,0,imagen.jpeg,109,pointwise_conv,1x576x14x14,5.375128
27,0,imagen.jpeg,110,batchnorm,1x96x14x14,0.030931
27,0,imagen.jpeg,111,layer_add,1x96x14x14,0.008226
27,0,imagen.jpeg,112,pointwise_conv,1x96x14x14,5.400632
27,0,imagen.jpeg,113,batchnorm,1x576x14x14,0.172941
27,0,imagen.jpeg,114,activacion,1x576x14x14,0.287692
27,0,imagen.jpeg,115,depthwise_conv,1x576x14x14,0.362127
27,0,imagen.jpeg,116,batchnorm,1x576x7x7,0.061205
27,0,imagen.jpeg,117,activacion,1x576x7x7,0.050064
27,0,imagen.jpeg,118,pointwise_conv,1x576x7x7,2.142458
27,0,imagen.jpeg,119,batchnorm,1x160x7x7,0.01269
27,0,imagen.jpeg,120,pointwise_conv,1x160x7x7,3.584578
27,0,imagen.jpeg,121,batchnorm,1x960x7x7,0.07443
27,0,imagen.jpeg,122,activacion,1x960x7x7,0.133981
27,0,imagen.jpeg,123,depthwise_conv,1x960x7x7,0.583017
27,0,imagen.jpeg,124,batchnorm,1x960x7x7,0.074561
27,0,imagen.jpeg,125,activacion,1x960x7x7,0.132714
27,0,imagen.jpeg,126,pointwise_conv,1x960x7x7,3.581382
27,0,imagen.jpeg,127,batchnorm,1x160x7x7,0.012562
27,0,imagen.jpeg,128,layer_add,1x160x7x7,0.003498
27,0,imagen.jpeg,129,pointwise_conv,1x160x7x7,3.580599
27,0,imagen.jpeg,130,batchnorm,1x960x7x7,0.074372
27,0,imagen.jpeg,131,activacion,1x960x7x7,0.126652
27,0,imagen.jpeg,132,depthwise_conv,1x960x7x7,0.587684
27,0,imagen.jpeg,133,batchnorm,1x960x7x7,0.128162
27,0,imagen.jpeg,134,activacion,1x960x7x7,0.109854
27,0,imagen.jpeg,135,pointwise_conv,1x960x7x7,3.568305
27,0,imagen.jpeg,136,batchnorm,1x160x7x7,0.012476
27,0,imagen.jpeg,137,layer_add,1x160x7x7,0.003784
27,0,imagen.jpeg,138,pointwise_conv,1x160x7x7,3.582854
27,0,imagen.jpeg,139,batchnorm,1x960x7x7,0.074395
27,0,imagen.jpeg,140,activacion,1x960x7x7,0.106827
27,0,imagen.jpeg,141,depthwise_conv,1x960x7x7,0.598615
27,0,imagen.jpeg,142,batchnorm,1x960x7x7,0.093029
27,0,imagen.jpeg,143,activacion,1x960x7x7,0.058723
27,0,imagen.jpeg,144,pointwise_conv,1x960x7x7,7.150293
27,0,imagen.jpeg,145,batchnorm,1x320x7x7,0.024994
27,0,imagen.jpeg,146,pointwise_conv,1x320x7x7,9.555739
27,0,imagen.jpeg,147,batchnorm,1x1280x7x7,0.099163
27,0,imagen.jpeg,148,activacion,1x1280x7x7,0.159344
27,0,imagen.jpeg,149,pooling,1x1280x7x7,0.033536
27,0,imagen.jpeg,150,linear,1x1280,1.100027
28,0,imagen.jpeg,0,conv2d,1x3x224x224,17.192403
28,0,imagen.jpeg,1,batchnorm,1x32x112x112,0.640301
28,0,imagen.jpeg,2,activacion,1x32x112x112,0.395927
28,0,imagen.jpeg,3,depthwise_conv,1x32x112x112,4.814756
28,0,imagen.jpeg,4,batchnorm,1x32x112x112,8.980088
28,0,imagen.jpeg,5,activacion,1x32x112x112,0.491159
28,0,imagen.jpeg,6,pointwise_conv,1x32x112x112,3.033149
28,0,imagen.jpeg,7,batchnorm,1x16x112x112,0.30457
28,0,imagen.jpeg,8,pointwise_conv,1x16x112x112,9.264969
28,0,imagen.jpeg,9,batchnorm,1x96x112x112,1.843061
28,0,imagen.jpeg,10,activacion,1x96x112x112,2.792383
28,0,imagen.jpeg,11,depthwise_conv,1x96x112x112,3.639232
28,0,imagen.jpeg,12,batchnorm,1x96x56x56,0.462243
28,0,imagen.jpeg,13,activacion,1x96x56x56,0.885633
28,0,imagen.jpeg,14,pointwise_conv,1x96x56x56,3.363106
28,0,imagen.jpeg,15,batchnorm,1x24x56x56,0.120485
28,0,imagen.jpeg,16,pointwise_conv,1x24x56x56,5.138516
28,0,imagen.jpeg,17,batchnorm,1x144x56x56,0.691117
28,0,imagen.jpeg,18,activacion,1x144x56x56,1.018833
28,0,imagen.jpeg,19,depthwise_conv,1x144x56x56,5.427379
28,0,imagen.jpeg,20,batchnorm,1x144x56x56,0.691379
28,0,imagen.jpeg,21,activacion,1x144x56x56,1.440754
28,0,imagen.jpeg,22,pointwise_conv,1x144x56x56,5.060429
28,0,imagen.jpeg,23,batchnorm,1x24x56x56,0.118788
28,0,imagen.jpeg,24,layer_add,1x24x56x56,0.037301
28,0,imagen.jpeg,25,pointwise_conv,1x24x56x56,5.110122
28,0,imagen.jpeg,26,batchnorm,1x144x56x56,0.688592
28,0,imagen.jpeg,27,activacion,1x144x56x56,1.337633
28,0,imagen.jpeg,28,depthwise_conv,1x144x56x56,1.385855
28,0,imagen.jpeg,29,batchnorm,1x144x28x28,0.176016
28,0,imagen.jpeg,30,activacion,1x144x28x28,0.30451
28,0,imagen.jpeg,31,pointwise_conv,1x144x28x28,1.706028
28,0,imagen.jpeg,32,batchnorm,1x32x28x28,0.038415
28,0,imagen.jpeg,33,pointwise_conv,1x32x28x28,2.301757
28,0,imagen.jpeg,34,batchnorm,1x192x28x28,0.229436
28,0,imagen.jpeg,35,activacion,1x192x28x28,0.296788
28,0,imagen.jpeg,36,depthwise_conv,1x192x28x28,1.777633
28,0,imagen.jpeg,37,batchnorm,1x192x28x28,0.235555
28,0,imagen.jpeg,38,activacion,1x192x28x28,0.479088
28,0,imagen.jpeg,39,pointwise_conv,1x192x28x28,2.266344
28,0,imagen.jpeg,40,batchnorm,1x32x28x28,0.038253
28,0,imagen.jpeg,41,layer_add,1x32x28x28,0.011443
28,0,imagen.jpeg,42,pointwise_conv,1x32x28x28,2.29805
28,0,imagen.jpeg,43,batchnorm,1x192x28x28,0.229008
28,0,imagen.jpeg,44,activacion,1x192x28x28,0.369106
28,0,imagen.jpeg,45,depthwise_conv,1x192x28x28,1.82739
28,0,imagen.jpeg,46,batchnorm,1x192x28x28,0.232628
28,0,imagen.jpeg,47,activacion,1x192x28x28,0.467961
28,0,imagen.jpeg,48,pointwise_conv,1x192x28x28,2.274947
28,0,imagen.jpeg,49,batchnorm,1x32x28x28,0.038289
28,0,imagen.jpeg,50,layer_add,1x32x28x28,0.011241
28,0,imagen.jpeg,51,pointwise_conv,1x32x28x28,2.297857
28,0,imagen.jpeg,52,batchnorm,1x192x28x28,0.22935
28,0,imagen.jpeg,53,activacion,1x192x28x28,0.43635
28,0,imagen.jpeg,54,depthwise_conv,1x192x28x28,0.47748
28,0,imagen.jpeg,55,batchnorm,1x192x14x14,0.060865
28,0,imagen.jpeg,56,activacion,1x192x14x14,0.082477
28,0,imagen.jpeg,57,pointwise_conv,1x192x14x14,1.195815
28,0,imagen.jpeg,58,batchnorm,1x64x14x14,0.019458
28,0,imagen.jpeg,59,pointwise_conv,1x64x14x14,2.409077
28,0,imagen.jpeg,60,batchnorm,1x384x14x14,0.115423
28,0,imagen.jpeg,61,activacion,1x384x14x14,0.157405
28,0,imagen.jpeg,62,depthwise_conv,1x384x14x14,0.914283
28,0,imagen.jpeg,63,batchnorm,1x384x14x14,0.119715
28,0,imagen.jpeg,64,activacion,1x384x14x14,0.242626
28,0,imagen.jpeg,65,pointwise_conv,1x384x14x14,2.407161
28,0,imagen.jpeg,66,batchnorm,1x64x14x14,0.019348
28,0,imagen.jpeg,67,layer_add,1x64x14x14,0.005577
28,0,imagen.jpeg,68,pointwise_conv,1x64x14x14,2.405586
28,0,imagen.jpeg,69,batchnorm,1x384x14x14,0.115218
28,0,imagen.jpeg,70,activacion,1x384x14x14,0.206499
28,0,imagen.jpeg,71,depthwise_conv,1x384x14x14,0.919626
28,0,imagen.jpeg,72,batchnorm,1x384x14x14,0.248645
28,0,imagen.jpeg,73,activacion,1x384x14x14,0.222461
28,0,imagen.jpeg,74,pointwise_conv,1x384x14x14,2.388347
28,0,imagen.jpeg,75,batchnorm,1x64x14x14,0.019369
28,0,imagen.jpeg,76,layer_add,1x64x14x14,0.006032
28,0,imagen.jpeg,77,pointwise_conv,1x64x14x14,2.412644
28,0,imagen.jpeg,78,batchnorm,1x384x14x14,0.115563
28,0,imagen.jpeg,79,activacion,1x384x14x14,0.22974
28,0,imagen.jpeg,80,depthwise_conv,1x384x14x14,0.926585
28,0,imagen.jpeg,81,batchnorm,1x384x14x14,0.445523
28,0,imagen.jpeg,82,activacion,1x384x14x14,0.203025
28,0,imagen.jpeg,83,pointwise_conv,1x384x14x14,2.389381
28,0,imagen.jpeg,84,batchnorm,1x64x14x14,0.019393
28,0,imagen.jpeg,85,layer_add,1x64x14x14,0.0055
28,0,imagen.jpeg,86,pointwise_conv,1x64x14x14,2.406041
28,0,imagen.jpeg,87,batchnorm,1x384x14x14,0.11509
28,0,imagen.jpeg,88,activacion,1x384x14x14,0.23004
28,0,imagen.jpeg,89,depthwise_conv,1x384x14x14,0.916716
28,0,imagen.jpeg,90,batchnorm,1x384x14x14,0.115313
28,0,imagen.jpeg,91,activacion,1x384x14x14,0.210565
28,0,imagen.jpeg,92,pointwise_conv,1x384x14x14,3.583007
28,0,imagen.jpeg,93,batchnorm,1x96x14x14,0.028943
28,0,imagen.jpeg,94,pointwise_conv,1x96x14x14,5.393234
28,0,imagen.jpeg,95,batchnorm,1x576x14x14,0.17289
28,0,imagen.jpeg,96,activacion,1x576x14x14,0.32506
28,0,imagen.jpeg,97,depthwise_conv,1x576x14x14,1.356687
28,0,imagen.jpeg,98,batchnorm,1x576x14x14,0.499325
28,0,imagen.jpeg,99,activacion,1x576x14x14,0.287834
28,0,imagen.jpeg,100,pointwise_conv,1x576x14x14,5.373256
28,0,imagen.jpeg,101,batchnorm,1x96x14x14,0.028901
28,0,imagen.jpeg,102,layer_add,1x96x14x14,0.008248
28,0,imagen.jpeg,103,pointwise_conv,1x96x14x14,5.401117
28,0,imagen.jpeg,104,batchnorm,1x576x14x14,0.181548
28,0,imagen.jpeg,105,activacion,1x576x14x14,0.330735
28,0,imagen.jpeg,106,depthwise_conv,1x576x14x14,1.368608
28,0,imagen.jpeg,107,batchnorm,1x576x14x14,0.441457
28,0,imagen.jpeg,108,activacion,1x576x14x14,0.257089
28,0,imagen.jpeg,109,pointwise_conv,1x576x14x14,5.371336
28,0,imagen.jpeg,110,batchnorm,1x96x14x14,0.029003
28,0,imagen.jpeg,111,layer_add,1x96x14x14,0.008243
28,0,imagen.jpeg,112,pointwise_conv,1x96x14x14,5.39816
28,0,imagen.jpeg,113,batchnorm,1x576x14x14,0.172303
28,0,imagen.jpeg,114,activacion,1x576x14x14,0.286314
28,0,imagen.jpeg,115,depthwise_conv,1x576x14x14,0.3631
28,0,imagen.jpeg,116,batchnorm,1x576x7x7,0.061173
28,0,imagen.jpeg,117,activacion,1x576x7x7,0.04989
28,0,imagen.jpeg,118,pointwise_conv,1x576x7x7,2.144531
28,0,imagen.jpeg,119,batchnorm,1x160x7x7,0.01271
28,0,imagen.jpeg,120,pointwise_conv,1x160x7x7,3.58279
28,0,imagen.jpeg,121,batchnorm,1x960x7x7,0.074376
28,0,imagen.jpeg,122,activacion,1x960x7x7,0.133945
28,0,imagen.jpeg,123,depthwise_conv,1x960x7x7,0.603909
28,0,imagen.jpeg,124,batchnorm,1x960x7x7,0.074555
28,0,imagen.jpeg,125,activacion,1x960x7x7,0.127155
28,0,imagen.jpeg,126,pointwise_conv,1x960x7x7,3.570713
28,0,imagen.jpeg,127,batchnorm,1x160x7x7,0.012594
28,0,imagen.jpeg,128,layer_add,1x160x7x7,0.003868
28,0,imagen.jpeg,129,pointwise_conv,1x160x7x7,3.582784
28,0,imagen.jpeg,130,batchnorm,1x960x7x7,0.077372
28,0,imagen.jpeg,131,activacion,1x960x7x7,0.126571
28,0,imagen.jpeg,132,depthwise_conv,1x960x7x7,0.586142
28,0,imagen.jpeg,133,batchnorm,1x960x7x7,0.125196
28,0,imagen.jpeg,134,activacion,1x960x7x7,0.114291
28,0,imagen.jpeg,135,pointwise_conv,1x960x7x7,3.571462
28,0,imagen.jpeg,136,batchnorm,1x160x7x7,0.01251
28,0,imagen.jpeg,137,layer_add,1x160x7x7,0.003892
28,0,imagen.jpeg,138,pointwise_conv,1x160x7x7,3.582743
28,0,imagen.jpeg,139,batchnorm,1x960x7x7,0.074382
28,0,imagen.jpeg,140,activacion,1x960x7x7,0.102969
28,0,imagen.jpeg,141,depthwise_conv,1x960x7x7,0.59051
28,0,imagen.jpeg,142,batchnorm,1x960x7x7,0.090783
28,0,imagen.jpeg,143,activacion,1x960x7x7,0.057848
28,0,imagen.jpeg,144,pointwise_conv,1x960x7x7,7.136769
28,0,imagen.jpeg,145,batchnorm,1x320x7x7,0.024971
28,0,imagen.jpeg,146,pointwise_conv,1x320x7x7,9.533753
28,0,imagen.jpeg,147,batchnorm,1x1280x7x7,0.099174
28,0,imagen.jpeg,148,activacion,1x1280x7x7,0.159291
28,0,imagen.jpeg,149,pooling,1x1280x7x7,0.033611
28,0,imagen.jpeg,150,linear,1x1280,1.163712
29,0,imagen.jpeg,0,conv2d,1x3x224x224,17.083606
29,0,imagen.jpeg,1,batchnorm,1x32x112x112,0.608878
29,0,imagen.jpeg,2,activacion,1x32x112x112,0.400247
29,0,imagen.jpeg,3,depthwise_conv,1x32x112x112,4.823745
29,0,imagen.jpeg,4,batchnorm,1x32x112x112,8.981174
29,0,imagen.jpeg,5,activacion,1x32x112x112,0.486932
29,0,imagen.jpeg,6,pointwise_conv,1x32x112x112,3.055565
29,0,imagen.jpeg,7,batchnorm,1x16x112x112,0.308784
29,0,imagen.jpeg,8,pointwise_conv,1x16x112x112,9.269675
29,0,imagen.jpeg,9,batchnorm,1x96x112x112,1.844119
29,0,imagen.jpeg,10,activacion,1x96x112x112,2.771251
29,0,imagen.jpeg,11,depthwise_conv,1x96x112x112,3.65997
29,0,imagen.jpeg,12,batchnorm,1x96x56x56,0.461606
29,0,imagen.jpeg,13,activacion,1x96x56x56,0.88303
29,0,imagen.jpeg,14,pointwise_conv,1x96x56x56,3.362441
29,0,imagen.jpeg,15,batchnorm,1x24x56x56,0.11858
29,0,imagen.jpeg,16,pointwise_conv,1x24x56x56,5.118079
29,0,imagen.jpeg,17,batchnorm,1x144x56x56,0.698488
29,0,imagen.jpeg,18,activacion,1x144x56x56,1.011813
29,0,imagen.jpeg,19,depthwise_conv,1x144x56x56,5.413421
29,0,imagen.jpeg,20,batchnorm,1x144x56x56,0.689249
29,0,imagen.jpeg,21,activacion,1x144x56x56,1.443766
29,0,imagen.jpeg,22,pointwise_conv,1x144x56x56,5.083896
29,0,imagen.jpeg,23,batchnorm,1x24x56x56,0.114206
29,0,imagen.jpeg,24,layer_add,1x24x56x56,0.04169
29,0,imagen.jpeg,25,pointwise_conv,1x24x56x56,5.109496
29,0,imagen.jpeg,26,batchnorm,1x144x56x56,0.684679
29,0,imagen.jpeg,27,activacion,1x144x56x56,1.372533
29,0,imagen.jpeg,28,depthwise_conv,1x144x56x56,1.397952
29,0,imagen.jpeg,29,batchnorm,1x144x28x28,0.171863
29,0,imagen.jpeg,30,activacion,1x144x28x28,0.303794
29,0,imagen.jpeg,31,pointwise_conv,1x144x28x28,1.702999
29,0,imagen.jpeg,32,batchnorm,1x32x28x28,0.038376
29,0,imagen.jpeg,33,pointwise_conv,1x32x28x28,2.293877
29,0,imagen.jpeg,34,batchnorm,1x192x28x28,0.229065
29,0,imagen.jpeg,35,activacion,1x192x28x28,0.292736
29,0,imagen.jpeg,36,depthwise_conv,1x192x28x28,1.793018
29,0,imagen.jpeg,37,batchnorm,1x192x28x28,0.237409
29,0,imagen.jpeg,38,activacion,1x192x28x28,0.479914
29,0,imagen.jpeg,39,pointwise_conv,1x192x28x28,2.264747
29,0,imagen.jpeg,40,batchnorm,1x32x28x28,0.038256
29,0,imagen.jpeg,41,layer_add,1x32x28x28,0.011393
29,0,imagen.jpeg,42,pointwise_conv,1x32x28x28,2.295363
29,0,imagen.jpeg,43,batchnorm,1x192x28x28,0.229175
29,0,imagen.jpeg,44,activacion,1x192x28x28,0.366287
29,0,imagen.jpeg,45,depthwise_conv,1x192x28x28,1.827578
29,0,imagen.jpeg,46,batchnorm,1x192x28x28,0.236633
29,0,imagen.jpeg,47,activacion,1x192x28x28,0.465361
29,0,imagen.jpeg,48,pointwise_conv,1x192x28x28,2.268234
29,0,imagen.jpeg,49,batchnorm,1x32x28x28,0.038264
29,0,imagen.jpeg,50,layer_add,1x32x28x28,0.011341
29,0,imagen.jpeg,51,pointwise_conv,1x32x28x28,2.294956
29,0,imagen.jpeg,52,batchnorm,1x192x28x28,0.229378
29,0,imagen.jpeg,53,activacion,1x192x28x28,0.431025
29,0,imagen.jpeg,54,depthwise_conv,1x192x28x28,0.470371
29,0,imagen.jpeg,55,batchnorm,1x192x14x14,0.057661
29,0,imagen.jpeg,56,activacion,1x192x14x14,0.082059
29,0,imagen.jpeg,57,pointwise_conv,1x192x14x14,1.200913
29,0,imagen.jpeg,58,batchnorm,1x64x14x14,0.019536
29,0,imagen.jpeg,59,pointwise_conv,1x64x14x14,2.410942
29,0,imagen.jpeg,60,batchnorm,1x384x14x14,0.115355
29,0,imagen.jpeg,61,activacion,1x384x14x14,0.162193
29,0,imagen.jpeg,62,depthwise_conv,1x384x14x14,0.915701
29,0,imagen.jpeg,63,batchnorm,1x384x14x14,0.119375
29,0,imagen.jpeg,64,activacion,1x384x14x14,0.24626
29,0,imagen.jpeg,65,pointwise_conv,1x384x14x14,2.389344
29,0,imagen.jpeg,66,batchnorm,1x64x14x14,0.01935
29,0,imagen.jpeg,67,layer_add,1x64x14x14,0.00554
29,0,imagen.jpeg,68,pointwise_conv,1x64x14x14,2.411414
29,0,imagen.jpeg,69,batchnorm,1x384x14x14,0.115215
29,0,imagen.jpeg,70,activacion,1x384x14x14,0.20631
29,0,imagen.jpeg,71,depthwise_conv,1x384x14x14,0.925463
29,0,imagen.jpeg,72,batchnorm,1x384x14x14,0.245847
29,0,imagen.jpeg,73,activacion,1x384x14x14,0.225122
29,0,imagen.jpeg,74,pointwise_conv,1x384x14x14,2.391456
29,0,imagen.jpeg,75,batchnorm,1x64x14x14,0.019381
29,0,imagen.jpeg,76,layer_add,1x64x14x14,0.005543
29,0,imagen.jpeg,77,pointwise_conv,1x64x14x14,2.411311
29,0,imagen.jpeg,78,batchnorm,1x384x14x14,0.115147
29,0,imagen.jpeg,79,activacion,1x384x14x14,0.228331
29,0,imagen.jpeg,80,depthwise_conv,1x384x14x14,0.931757
29,0,imagen.jpeg,81,batchnorm,1x384x14x14,0.441821
29,0,imagen.jpeg,82,activacion,1x384x14x14,0.207621
29,0,imagen.jpeg,83,pointwise_conv,1x384x14x14,2.390692
29,0,imagen.jpeg,84,batchnorm,1x64x14x14,0.019461
29,0,imagen.jpeg,85,layer_add,1x64x14x14,0.005522
29,0,imagen.jpeg,86,pointwise_conv,1x64x14x14,2.406999
29,0,imagen.jpeg,87,batchnorm,1x384x14x14,0.114967
29,0,imagen.jpeg,88,activacion,1x384x14x14,0.227288
29,0,imagen.jpeg,89,depthwise_conv,1x384x14x14,0.923774
29,0,imagen.jpeg,90,batchnorm,1x384x14x14,0.115281
29,0,imagen.jpeg,91,activacion,1x384x14x14,0.210924
29,0,imagen.jpeg,92,pointwise_conv,1x384x14x14,3.591536
29,0,imagen.jpeg,93,batchnorm,1x96x14x14,0.028983
29,0,imagen.jpeg,94,pointwise_conv,1x96x14x14,5.397381
29,0,imagen.jpeg,95,batchnorm,1x576x14x14,0.176411
29,0,imagen.jpeg,96,activacion,1x576x14x14,0.327036
29,0,imagen.jpeg,97,depthwise_conv,1x576x14x14,1.384377
29,0,imagen.jpeg,98,batchnorm,1x576x14x14,0.499481
29,0,imagen.jpeg,99,activacion,1x576x14x14,0.287563
29,0,imagen.jpeg,100,pointwise_conv,1x576x14x14,5.39051
29,0,imagen.jpeg,101,batchnorm,1x96x14x14,0.028914
29,0,imagen.jpeg,102,layer_add,1x96x14x14,0.00847
29,0,imagen.jpeg,103,pointwise_conv,1x96x14x14,5.412604
29,0,imagen.jpeg,104,batchnorm,1x576x14x14,0.177225
29,0,imagen.jpeg,105,activacion,1x576x14x14,0.328083
29,0,imagen.jpeg,106,depthwise_conv,1x576x14x14,1.394088
29,0,imagen.jpeg,107,batchnorm,1x576x14x14,0.441473
29,0,imagen.jpeg,108,activacion,1x576x14x14,0.255472
29,0,imagen.jpeg,109,pointwise_conv,1x576x14x14,5.372208
29,0,imagen.jpeg,110,batchnorm,1x96x14x14,0.028908
29,0,imagen.jpeg,111,layer_add,1x96x14x14,0.008867
29,0,imagen.jpeg,112,pointwise_conv,1x96x14x14,5.399676
29,0,imagen.jpeg,113,batchnorm,1x576x14x14,0.172831
29,0,imagen.jpeg,114,activacion,1x576x14x14,0.286939
29,0,imagen.jpeg,115,depthwise_conv,1x576x14x14,0.362241
29,0,imagen.jpeg,116,batchnorm,1x576x7x7,0.061226
29,0,imagen.jpeg,117,activacion,1x576x7x7,0.04972
29,0,imagen.jpeg,118,pointwise_conv,1x576x7x7,2.142091
29,0,imagen.jpeg,119,batchnorm,1x160x7x7,0.012655
29,0,imagen.jpeg,120,pointwise_conv,1x160x7x7,3.58193
29,0,imagen.jpeg,121,batchnorm,1x960x7x7,0.074382
29,0,imagen.jpeg,122,activacion,1x960x7x7,0.1335
29,0,imagen.jpeg,123,depthwise_conv,1x960x7x7,0.564756
29,0,imagen.jpeg,124,batchnorm,1x960x7x7,0.074564
29,0,imagen.jpeg,125,activacion,1x960x7x7,0.126862
29,0,imagen.jpeg,126,pointwise_conv,1x960x7x7,3.571649
29,0,imagen.jpeg,127,batchnorm,1x160x7x7,0.012581
29,0,imagen.jpeg,128,layer_add,1x160x7x7,0.003514
29,0,imagen.jpeg,129,pointwise_conv,1x160x7x7,3.580031
29,0,imagen.jpeg,130,batchnorm,1x960x7x7,0.074361
29,0,imagen.jpeg,131,activacion,1x960x7x7,0.126598
29,0,imagen.jpeg,132,depthwise_conv,1x960x7x7,0.585947
29,0,imagen.jpeg,133,batchnorm,1x960x7x7,0.123636
29,0,imagen.jpeg,134,activacion,1x960x7x7,0.113544
29,0,imagen.jpeg,135,pointwise_conv,1x960x7x7,3.570185
29,0,imagen.jpeg,136,batchnorm,1x160x7x7,0.012495
29,0,imagen.jpeg,137,layer_add,1x160x7x7,0.003962
29,0,imagen.jpeg,138,pointwise_conv,1x160x7x7,3.584674
29,0,imagen.jpeg,139,batchnorm,1x960x7x7,0.0744
29,0,imagen.jpeg,140,activacion,1x960x7x7,0.104143
29,0,imagen.jpeg,141,depthwise_conv,1x960x7x7,0.594893
29,0,imagen.jpeg,142,batchnorm,1x960x7x7,0.090782
29,0,imagen.jpeg,143,activacion,1x960x7x7,0.05719
29,0,imagen.jpeg,144,pointwise_conv,1x960x7x7,7.145032
29,0,imagen.jpeg,145,batchnorm,1x320x7x7,0.024996
29,0,imagen.jpeg,146,pointwise_conv,1x320x7x7,9.578543
29,0,imagen.jpeg,147,batchnorm,1x1280x7x7,0.099213
29,0,imagen.jpeg,148,activacion,1x1280x7x7,0.157671
29,0,imagen.jpeg,149,pooling,1x1280x7x7,0.033596
29,0,imagen.jpeg,150,linear,1x1280,1.100365
30,0,imagen.jpeg,0,conv2d,1x3x224x224,17.285079
30,0,imagen.jpeg,1,batchnorm,1x32x112x112,0.61451
30,0,imagen.jpeg,2,activacion,1x32x112x112,0.402
30,0,imagen.jpeg,3,depthwise_conv,1x32x112x112,4.800059
30,0,imagen.jpeg,4,batchnorm,1x32x112x112,8.980984
30,0,imagen.jpeg,5,activacion,1x32x112x112,0.487898
30,0,imagen.jpeg,6,pointwise_conv,1x32x112x112,3.052323
30,0,imagen.jpeg,7,batchnorm,1x16x112x112,0.314489
30,0,imagen.jpeg,8,pointwise_conv,1x16x112x112,9.317302
30,0,imagen.jpeg,9,batchnorm,1x96x112x112,1.864994
30,0,imagen.jpeg,10,activacion,1x96x112x112,2.767689
30,0,imagen.jpeg,11,depthwise_conv,1x96x112x112,3.649958
30,0,imagen.jpeg,12,batchnorm,1x96x56x56,0.459622
30,0,imagen.jpeg,13,activacion,1x96x56x56,0.925415
30,0,imagen.jpeg,14,pointwise_conv,1x96x56x56,3.390997
30,0,imagen.jpeg,15,batchnorm,1x24x56x56,0.114412
30,0,imagen.jpeg,16,pointwise_conv,1x24x56x56,5.126531
30,0,imagen.jpeg,17,batchnorm,1x144x56x56,0.694778
30,0,imagen.jpeg,18,activacion,1x144x56x56,1.010512
30,0,imagen.jpeg,19,depthwise_conv,1x144x56x56,5.382808
30,0,imagen.jpeg,20,batchnorm,1x144x56x56,0.707967
30,0,imagen.jpeg,21,activacion,1x144x56x56,1.466657
30,0,imagen.jpeg,22,pointwise_conv,1x144x56x56,5.097861
30,0,imagen.jpeg,23,batchnorm,1x24x56x56,0.120024
30,0,imagen.jpeg,24,layer_add,1x24x56x56,0.035041
30,0,imagen.jpeg,25,pointwise_conv,1x24x56x56,5.115812
30,0,imagen.jpeg,26,batchnorm,1x144x56x56,0.691568
30,0,imagen.jpeg,27,activacion,1x144x56x56,1.357151
30,0,imagen.jpeg,28,depthwise_conv,1x144x56x56,1.405819
30,0,imagen.jpeg,29,batchnorm,1x144x28x28,0.17549
30,0,imagen.jpeg,30,activacion,1x144x28x28,0.299472
30,0,imagen.jpeg,31,pointwise_conv,1x144x28x28,1.703047
30,0,imagen.jpeg,32,batchnorm,1x32x28x28,0.038353
30,0,imagen.jpeg,33,pointwise_conv,1x32x28x28,2.299307
30,0,imagen.jpeg,34,batchnorm,1x192x28x28,0.246417
30,0,imagen.jpeg,35,activacion,1x192x28x28,0.289215
30,0,imagen.jpeg,36,depthwise_conv,1x192x28x28,1.841231
30,0,imagen.jpeg,37,batchnorm,1x192x28x28,0.22934
30,0,imagen.jpeg,38,activacion,1x192x28x28,0.483505
30,0,imagen.jpeg,39,pointwise_conv,1x192x28x28,2.265634
30,0,imagen.jpeg,40,batchnorm,1x32x28x28,0.038281
30,0,imagen.jpeg,41,layer_add,1x32x28x28,0.011687
30,0,imagen.jpeg,42,pointwise_conv,1x32x28x28,2.299052
30,0,imagen.jpeg,43,batchnorm,1x192x28x28,0.241641
30,0,imagen.jpeg,44,activacion,1x192x28x28,0.364998
30,0,imagen.jpeg,45,depthwise_conv,1x192x28x28,1.780567
30,0,imagen.jpeg,46,batchnorm,1x192x28x28,0.229088
30,0,imagen.jpeg,47,activacion,1x192x28x28,0.472134
30,0,imagen.jpeg,48,pointwise_conv,1x192x28x28,2.265551
30,0,imagen.jpeg,49,batchnorm,1x32x28x28,0.038309
30,0,imagen.jpeg,50,layer_add,1x32x28x28,0.012184
30,0,imagen.jpeg,51,pointwise_conv,1x32x28x28,2.297889
30,0,imagen.jpeg,52,batchnorm,1x192x28x28,0.232867
30,0,imagen.jpeg,53,activacion,1x192x28x28,0.429191
30,0,imagen.jpeg,54,depthwise_conv,1x192x28x28,0.486302
30,0,imagen.jpeg,55,batchnorm,1x192x14x14,0.057742
30,0,imagen.jpeg,56,activacion,1x192x14x14,0.077669
30,0,imagen.jpeg,57,pointwise_conv,1x192x14x14,1.197792
30,0,imagen.jpeg,58,batchnorm,1x64x14x14,0.019466
30,0,imagen.jpeg,59,pointwise_conv,1x64x14x14,2.413887
30,0,imagen.jpeg,60,batchnorm,1x384x14x14,0.122906
30,0,imagen.jpeg,61,activacion,1x384x14x14,0.15408
30,0,imagen.jpeg,62,depthwise_conv,1x384x14x14,0.923593
30,0,imagen.jpeg,63,batchnorm,1x384x14x14,0.115449
30,0,imagen.jpeg,64,activacion,1x384x14x14,0.244303
30,0,imagen.jpeg,65,pointwise_conv,1x384x14x14,2.396274
30,0,imagen.jpeg,66,batchnorm,1x64x14x14,0.019333
30,0,imagen.jpeg,67,layer_add,1x64x14x14,0.005572
30,0,imagen.jpeg,68,pointwise_conv,1x64x14x14,2.414689
30,0,imagen.jpeg,69,batchnorm,1x384x14x14,0.115401
30,0,imagen.jpeg,70,activacion,1x384x14x14,0.2107
30,0,imagen.jpeg,71,depthwise_conv,1x384x14x14,0.931607
30,0,imagen.jpeg,72,batchnorm,1x384x14x14,0.247525
30,0,imagen.jpeg,73,activacion,1x384x14x14,0.222204
30,0,imagen.jpeg,74,pointwise_conv,1x384x14x14,2.393457
30,0,imagen.jpeg,75,batchnorm,1x64x14x14,0.019371
30,0,imagen.jpeg,76,layer_add,1x64x14x14,0.005725
30,0,imagen.jpeg,77,pointwise_conv,1x64x14x14,2.417192
30,0,imagen.jpeg,78,batchnorm,1x384x14x14,0.11494
30,0,imagen.jpeg,79,activacion,1x384x14x14,0.228083
30,0,imagen.jpeg,80,depthwise_conv,1x384x14x14,0.933112
30,0,imagen.jpeg,81,batchnorm,1x384x14x14,0.445714
30,0,imagen.jpeg,82,activacion,1x384x14x14,0.200363
30,0,imagen.jpeg,83,pointwise_conv,1x384x14x14,2.393837
30,0,imagen.jpeg,84,batchnorm,1x64x14x14,0.019457
30,0,imagen.jpeg,85,layer_add,1x64x14x14,0.005514
30,0,imagen.jpeg,86,pointwise_conv,1x64x14x14,2.410301
30,0,imagen.jpeg,87,batchnorm,1x384x14x14,0.11557
30,0,imagen.jpeg,88,activacion,1x384x14x14,0.230735
30,0,imagen.jpeg,89,depthwise_conv,1x384x14x14,0.927064
30,0,imagen.jpeg,90,batchnorm,1x384x14x14,0.117144
30,0,imagen.jpeg,91,activacion,1x384x14x14,0.211253
30,0,imagen.jpeg,92,pointwise_conv,1x384x14x14,3.584495
30,0,imagen.jpeg,93,batchnorm,1x96x14x14,0.032033
30,0,imagen.jpeg,94,pointwise_conv,1x96x14x14,5.403844
30,0,imagen.jpeg,95,batchnorm,1x576x14x14,0.173134
30,0,imagen.jpeg,96,activacion,1x576x14x14,0.331886
30,0,imagen.jpeg,97,depthwise_conv,1x576x14x14,1.403419
30,0,imagen.jpeg,98,batchnorm,1x576x14x14,0.502557
30,0,imagen.jpeg,99,activacion,1x576x14x14,0.286021
30,0,imagen.jpeg,100,pointwise_conv,1x576x14x14,5.383989
30,0,imagen.jpeg,101,batchnorm,1x96x14x14,0.029031
30,0,imagen.jpeg,102,layer_add,1x96x14x14,0.008509
30,0,imagen.jpeg,103,pointwise_conv,1x96x14x14,5.413836
30,0,imagen.jpeg,104,batchnorm,1x576x14x14,0.174453
30,0,imagen.jpeg,105,activacion,1x576x14x14,0.326219
30,0,imagen.jpeg,106,depthwise_conv,1x576x14x14,1.403068
30,0,imagen.jpeg,107,batchnorm,1x576x14x14,0.433995
30,0,imagen.jpeg,108,activacion,1x576x14x14,0.262047
30,0,imagen.jpeg,109,pointwise_conv,1x576x14x14,5.372918
30,0,imagen.jpeg,110,batchnorm,1x96x14x14,0.028885
30,0,imagen.jpeg,111,layer_add,1x96x14x14,0.008586
30,0,imagen.jpeg,112,pointwise_conv,1x96x14x14,5.417671
30,0,imagen.jpeg,113,batchnorm,1x576x14x14,0.173152
30,0,imagen.jpeg,114,activacion,1x576x14x14,0.284253
30,0,imagen.jpeg,115,depthwise_conv,1x576x14x14,0.355761
30,0,imagen.jpeg,116,batchnorm,1x576x7x7,0.061176
30,0,imagen.jpeg,117,activacion,1x576x7x7,0.049396
30,0,imagen.jpeg,118,pointwise_conv,1x576x7x7,2.145161
30,0,imagen.jpeg,119,batchnorm,1x160x7x7,0.012862
30,0,imagen.jpeg,120,pointwise_conv,1x160x7x7,3.587239
30,0,imagen.jpeg,121,batchnorm,1x960x7x7,0.074377
30,0,imagen.jpeg,122,activacion,1x960x7x7,0.133483
30,0,imagen.jpeg,123,depthwise_conv,1x960x7x7,0.586122
30,0,imagen.jpeg,124,batchnorm,1x960x7x7,0.078525
30,0,imagen.jpeg,125,activacion,1x960x7x7,0.127013
30,0,imagen.jpeg,126,pointwise_conv,1x960x7x7,3.583681
30,0,imagen.jpeg,127,batchnorm,1x160x7x7,0.012688
30,0,imagen.jpeg,128,layer_add,1x160x7x7,0.003686
30,0,imagen.jpeg,129,pointwise_conv,1x160x7x7,3.598237
30,0,imagen.jpeg,130,batchnorm,1x960x7x7,0.074507
30,0,imagen.jpeg,131,activacion,1x960x7x7,0.126015
30,0,imagen.jpeg,132,depthwise_conv,1x960x7x7,0.582145
30,0,imagen.jpeg,133,batchnorm,1x960x7x7,0.127394
30,0,imagen.jpeg,134,activacion,1x960x7x7,0.109942
30,0,imagen.jpeg,135,pointwise_conv,1x960x7x7,3.574433
30,0,imagen.jpeg,136,batchnorm,1x160x7x7,0.012482
30,0,imagen.jpeg,137,layer_add,1x160x7x7,0.004128
30,0,imagen.jpeg,138,pointwise_conv,1x160x7x7,3.61643
30,0,imagen.jpeg,139,batchnorm,1x960x7x7,0.07807
30,0,imagen.jpeg,140,activacion,1x960x7x7,0.103601
30,0,imagen.jpeg,141,depthwise_conv,1x960x7x7,0.586271
30,0,imagen.jpeg,142,batchnorm,1x960x7x7,0.096092
30,0,imagen.jpeg,143,activacion,1x960x7x7,0.057352
30,0,imagen.jpeg,144,pointwise_conv,1x960x7x7,7.152032
30,0,imagen.jpeg,145,batchnorm,1x320x7x7,0.025049
30,0,imagen.jpeg,146,pointwise_conv,1x320x7x7,9.583287
30,0,imagen.jpeg,147,batchnorm,1x1280x7x7,0.108969
30,0,imagen.jpeg,148,activacion,1x1280x7x7,0.158599
30,0,imagen.jpeg,149,pooling,1x1280x7x7,0.033615
30,0,imagen.jpeg,150,linear,1x1280,1.118683
31,0,imagen.jpeg,0,conv2d,1x3x224x224,17.274158
31,0,imagen.jpeg,1,batchnorm,1x32x112x112,0.619291
31,0,imagen.jpeg,2,activacion,1x32x112x112,0.400937
31,0,imagen.jpeg,3,depthwise_conv,1x32x112x112,4.814931
31,0,imagen.jpeg,4,batchnorm,1x32x112x112,8.978276
31,0,imagen.jpeg,5,activacion,1x32x112x112,0.500566
31,0,imagen.jpeg,6,pointwise_conv,1x32x112x112,3.067996
31,0,imagen.jpeg,7,batchnorm,1x16x112x112,0.308505
31,0,imagen.jpeg,8,pointwise_conv,1x16x112x112,9.327085
31,0,imagen.jpeg,9,batchnorm,1x96x112x112,1.852881
31,0,imagen.jpeg,10,activacion,1x96x112x112,2.781093
31,0,imagen.jpeg,11,depthwise_conv,1x96x112x112,3.635632
31,0,imagen.jpeg,12,batchnorm,1x96x56x56,0.459883
31,0,imagen.jpeg,13,activacion,1x96x56x56,0.894319
31,0,imagen.jpeg,14,pointwise_conv,1x96x56x56,3.370239
31,0,imagen.jpeg,15,batchnorm,1x24x56x56,0.114491
31,0,imagen.jpeg,16,pointwise_conv,1x24x56x56,5.126337
31,0,imagen.jpeg,17,batchnorm,1x144x56x56,0.684665
31,0,imagen.jpeg,18,activacion,1x144x56x56,1.0101
31,0,imagen.jpeg,19,depthwise_conv,1x144x56x56,5.373072
31,0,imagen.jpeg,20,batchnorm,1x144x56x56,0.699633
31,0,imagen.jpeg,21,activacion,1x144x56x56,1.447429
31,0,imagen.jpeg,22,pointwise_conv,1x144x56x56,5.101176
31,0,imagen.jpeg,23,batchnorm,1x24x56x56,0.114072
31,0,imagen.jpeg,24,layer_add,1x24x56x56,0.037687
31,0,imagen.jpeg,25,pointwise_conv,1x24x56x56,5.114098
31,0,imagen.jpeg,26,batchnorm,1x144x56x56,0.688596
31,0,imagen.jpeg,27,activacion,1x144x56x56,1.346493
31,0,imagen.jpeg,28,depthwise_conv,1x144x56x56,1.379329
31,0,imagen.jpeg,29,batchnorm,1x144x28x28,0.19231
31,0,imagen.jpeg,30,activacion,1x144x28x28,0.307212
31,0,imagen.jpeg,31,pointwise_conv,1x144x28x28,1.70496
31,0,imagen.jpeg,32,batchnorm,1x32x28x28,0.038311
31,0,imagen.jpeg,33,pointwise_conv,1x32x28x28,2.295409
31,0,imagen.jpeg,34,batchnorm,1x192x28x28,0.229321
31,0,imagen.jpeg,35,activacion,1x192x28x28,0.296248
31,0,imagen.jpeg,36,depthwise_conv,1x192x28x28,1.830487
31,0,imagen.jpeg,37,batchnorm,1x192x28x28,0.237685
31,0,imagen.jpeg,38,activacion,1x192x28x28,0.493244
31,0,imagen.jpeg,39,pointwise_conv,1x192x28x28,2.26693
31,0,imagen.jpeg,40,batchnorm,1x32x28x28,0.03828
31,0,imagen.jpeg,41,layer_add,1x32x28x28,0.011451
31,0,imagen.jpeg,42,pointwise_conv,1x32x28x28,2.302449
31,0,imagen.jpeg,43,batchnorm,1x192x28x28,0.229086
31,0,imagen.jpeg,44,activacion,1x192x28x28,0.369168
31,0,imagen.jpeg,45,depthwise_conv,1x192x28x28,1.832094
31,0,imagen.jpeg,46,batchnorm,1x192x28x28,0.237428
31,0,imagen.jpeg,47,activacion,1x192x28x28,0.463937
31,0,imagen.jpeg,48,pointwise_conv,1x192x28x28,2.26746
31,0,imagen.jpeg,49,batchnorm,1x32x28x28,0.039893
31,0,imagen.jpeg,50,layer_add,1x32x28x28,0.011206
31,0,imagen.jpeg,51,pointwise_conv,1x32x28x28,2.30184
31,0,imagen.jpeg,52,batchnorm,1x192x28x28,0.229289
31,0,imagen.jpeg,53,activacion,1x192x28x28,0.437787
31,0,imagen.jpeg,54,depthwise_conv,1x192x28x28,0.475337
31,0,imagen.jpeg,55,batchnorm,1x192x14x14,0.057928
31,0,imagen.jpeg,56,activacion,1x192x14x14,0.07789
31,0,imagen.jpeg,57,pointwise_conv,1x192x14x14,1.196621
31,0,imagen.jpeg,58,batchnorm,1x64x14x14,0.032029
31,0,imagen.jpeg,59,pointwise_conv,1x64x14x14,2.409766
31,0,imagen.jpeg,60,batchnorm,1x384x14x14,0.115356
31,0,imagen.jpeg,61,activacion,1x384x14x14,0.157856
31,0,imagen.jpeg,62,depthwise_conv,1x384x14x14,0.935119
31,0,imagen.jpeg,63,batchnorm,1x384x14x14,0.119226
31,0,imagen.jpeg,64,activacion,1x384x14x14,0.245311
31,0,imagen.jpeg,65,pointwise_conv,1x384x14x14,2.390272
31,0,imagen.jpeg,66,batchnorm,1x64x14x14,0.019293
31,0,imagen.jpeg,67,layer_add,1x64x14x14,0.005508
31,0,imagen.jpeg,68,pointwise_conv,1x64x14x14,2.414238
31,0,imagen.jpeg,69,batchnorm,1x384x14x14,0.115343
31,0,imagen.jpeg,70,activacion,1x384x14x14,0.207008
31,0,imagen.jpeg,71,depthwise_conv,1x384x14x14,0.92115
31,0,imagen.jpeg,72,batchnorm,1x384x14x14,0.249894
31,0,imagen.jpeg,73,activacion,1x384x14x14,0.222939
31,0,imagen.jpeg,74,pointwise_conv,1x384x14x14,2.391572
31,0,imagen.jpeg,75,batchnorm,1x64x14x14,0.019444
31,0,imagen.jpeg,76,layer_add,1x64x14x14,0.005858
31,0,imagen.jpeg,77,pointwise_conv,1x64x14x14,2.414358
31,0,imagen.jpeg,78,batchnorm,1x384x14x14,0.115236
31,0,imagen.jpeg,79,activacion,1x384x14x14,0.22909
31,0,imagen.jpeg,80,depthwise_conv,1x384x14x14,0.92204
31,0,imagen.jpeg,81,batchnorm,1x384x14x14,0.44649
31,0,imagen.jpeg,82,activacion,1x384x14x14,0.200467
31,0,imagen.jpeg,83,pointwise_conv,1x384x14x14,2.392429
31,0,imagen.jpeg,84,batchnorm,1x64x14x14,0.019486
31,0,imagen.jpeg,85,layer_add,1x64x14x14,0.005516
31,0,imagen.jpeg,86,pointwise_conv,1x64x14x14,2.412629
31,0,imagen.jpeg,87,batchnorm,1x384x14x14,0.115435
31,0,imagen.jpeg,88,activacion,1x384x14x14,0.226781
31,0,imagen.jpeg,89,depthwise_conv,1x384x14x14,0.933681
31,0,imagen.jpeg,90,batchnorm,1x384x14x14,0.117332
31,0,imagen.jpeg,91,activacion,1x384x14x14,0.213944
31,0,imagen.jpeg,92,pointwise_conv,1x384x14x14,3.58466
31,0,imagen.jpeg,93,batchnorm,1x96x14x14,0.028968
31,0,imagen.jpeg,94,pointwise_conv,1x96x14x14,5.409146
31,0,imagen.jpeg,95,batchnorm,1x576x14x14,0.172886
31,0,imagen.jpeg,96,activacion,1x576x14x14,0.324149
31,0,imagen.jpeg,97,depthwise_conv,1x576x14x14,1.404036
31,0,imagen.jpeg,98,batchnorm,1x576x14x14,0.499257
31,0,imagen.jpeg,99,activacion,1x576x14x14,0.290065
31,0,imagen.jpeg,100,pointwise_conv,1x576x14x14,5.394999
31,0,imagen.jpeg,101,batchnorm,1x96x14x14,0.028931
31,0,imagen.jpeg,102,layer_add,1x96x14x14,0.008218
31,0,imagen.jpeg,103,pointwise_conv,1x96x14x14,5.413782
31,0,imagen.jpeg,104,batchnorm,1x576x14x14,0.175262
31,0,imagen.jpeg,105,activacion,1x576x14x14,0.325612
31,0,imagen.jpeg,106,depthwise_conv,1x576x14x14,1.405724
31,0,imagen.jpeg,107,batchnorm,1x576x14x14,0.433921
31,0,imagen.jpeg,108,activacion,1x576x14x14,0.256515
31,0,imagen.jpeg,109,pointwise_conv,1x576x14x14,5.375811
31,0,imagen.jpeg,110,batchnorm,1x96x14x14,0.030665
31,0,imagen.jpeg,111,layer_add,1x96x14x14,0.008321
31,0,imagen.jpeg,112,pointwise_conv,1x96x14x14,5.406737
31,0,imagen.jpeg,113,batchnorm,1x576x14x14,0.179689
31,0,imagen.jpeg,114,activacion,1x576x14x14,0.282678
31,0,imagen.jpeg,115,depthwise_conv,1x576x14x14,0.354374
31,0,imagen.jpeg,116,batchnorm,1x576x7x7,0.061209
31,0,imagen.jpeg,117,activacion,1x576x7x7,0.049456
31,0,imagen.jpeg,118,pointwise_conv,1x576x7x7,2.148054
31,0,imagen.jpeg,119,batchnorm,1x160x7x7,0.012712
31,0,imagen.jpeg,120,pointwise_conv,1x160x7x7,3.587608
31,0,imagen.jpeg,121,batchnorm,1x960x7x7,0.074754
31,0,imagen.jpeg,122,activacion,1x960x7x7,0.136095
31,0,imagen.jpeg,123,depthwise_conv,1x960x7x7,0.587694
31,0,imagen.jpeg,124,batchnorm,1x960x7x7,0.074601
31,0,imagen.jpeg,125,activacion,1x960x7x7,0.126486
31,0,imagen.jpeg,126,pointwise_conv,1x960x7x7,3.588609
31,0,imagen.jpeg,127,batchnorm,1x160x7x7,0.024913
31,0,imagen.jpeg,128,layer_add,1x160x7x7,0.003513
31,0,imagen.jpeg,129,pointwise_conv,1x160x7x7,3.601543
31,0,imagen.jpeg,130,batchnorm,1x960x7x7,0.074389
31,0,imagen.jpeg,131,activacion,1x960x7x7,0.125975
31,0,imagen.jpeg,132,depthwise_conv,1x960x7x7,0.585171
31,0,imagen.jpeg,133,batchnorm,1x960x7x7,0.125344
31,0,imagen.jpeg,134,activacion,1x960x7x7,0.109169
31,0,imagen.jpeg,135,pointwise_conv,1x960x7x7,3.579001
31,0,imagen.jpeg,136,batchnorm,1x160x7x7,0.0125
31,0,imagen.jpeg,137,layer_add,1x160x7x7,0.004195
31,0,imagen.jpeg,138,pointwise_conv,1x160x7x7,3.608679
31,0,imagen.jpeg,139,batchnorm,1x960x7x7,0.076229
31,0,imagen.jpeg,140,activacion,1x960x7x7,0.102553
31,0,imagen.jpeg,141,depthwise_conv,1x960x7x7,0.585935
31,0,imagen.jpeg,142,batchnorm,1x960x7x7,0.090764
31,0,imagen.jpeg,143,activacion,1x960x7x7,0.057666
31,0,imagen.jpeg,144,pointwise_conv,1x960x7x7,7.187195
31,0,imagen.jpeg,145,batchnorm,1x320x7x7,0.024995
31,0,imagen.jpeg,146,pointwise_conv,1x320x7x7,9.558369
31,0,imagen.jpeg,147,batchnorm,1x1280x7x7,0.102396
31,0,imagen.jpeg,148,activacion,1x1280x7x7,0.166465
31,0,imagen.jpeg,149,pooling,1x1280x7x7,0.033712
31,0,imagen.jpeg,150,linear,1x1280,1.099556
32,0,imagen.jpeg,0,conv2d,1x3x224x224,17.231118
32,0,imagen.jpeg,1,batchnorm,1x32x112x112,0.620906
32,0,imagen.jpeg,2,activacion,1x32x112x112,0.398909
32,0,imagen.jpeg,3,depthwise_conv,1x32x112x112,4.71338
32,0,imagen.jpeg,4,batchnorm,1x32x112x112,8.984565
32,0,imagen.jpeg,5,activacion,1x32x112x112,0.498983
32,0,imagen.jpeg,6,pointwise_conv,1x32x112x112,3.044479
32,0,imagen.jpeg,7,batchnorm,1x16x112x112,0.318038
32,0,imagen.jpeg,8,pointwise_conv,1x16x112x112,9.295111
32,0,imagen.jpeg,9,batchnorm,1x96x112x112,1.895076
32,0,imagen.jpeg,10,activacion,1x96x112x112,2.845806
32,0,imagen.jpeg,11,depthwise_conv,1x96x112x112,3.644038
32,0,imagen.jpeg,12,batchnorm,1x96x56x56,0.466641
32,0,imagen.jpeg,13,activacion,1x96x56x56,0.881944
32,0,imagen.jpeg,14,pointwise_conv,1x96x56x56,3.377797
32,0,imagen.jpeg,15,batchnorm,1x24x56x56,0.126907
32,0,imagen.jpeg,16,pointwise_conv,1x24x56x56,5.14746
32,0,imagen.jpeg,17,batchnorm,1x144x56x56,0.696474
32,0,imagen.jpeg,18,activacion,1x144x56x56,1.015492
32,0,imagen.jpeg,19,depthwise_conv,1x144x56x56,5.426357
32,0,imagen.jpeg,20,batchnorm,1x144x56x56,0.686906
32,0,imagen.jpeg,21,activacion,1x144x56x56,1.480265
32,0,imagen.jpeg,22,pointwise_conv,1x144x56x56,5.101179
32,0,imagen.jpeg,23,batchnorm,1x24x56x56,0.11423
32,0,imagen.jpeg,24,layer_add,1x24x56x56,0.037585
32,0,imagen.jpeg,25,pointwise_conv,1x24x56x56,5.126828
32,0,imagen.jpeg,26,batchnorm,1x144x56x56,0.690715
32,0,imagen.jpeg,27,activacion,1x144x56x56,1.349614
32,0,imagen.jpeg,28,depthwise_conv,1x144x56x56,1.386164
32,0,imagen.jpeg,29,batchnorm,1x144x28x28,0.171966
32,0,imagen.jpeg,30,activacion,1x144x28x28,0.305494
32,0,imagen.jpeg,31,pointwise_conv,1x144x28x28,1.699363
32,0,imagen.jpeg,32,batchnorm,1x32x28x28,0.038386
32,0,imagen.jpeg,33,pointwise_conv,1x32x28x28,2.299766
32,0,imagen.jpeg,34,batchnorm,1x192x28x28,0.229134
32,0,imagen.jpeg,35,activacion,1x192x28x28,0.289207
32,0,imagen.jpeg,36,depthwise_conv,1x192x28x28,1.799501
32,0,imagen.jpeg,37,batchnorm,1x192x28x28,0.238757
32,0,imagen.jpeg,38,activacion,1x192x28x28,0.493684
32,0,imagen.jpeg,39,pointwise_conv,1x192x28x28,2.267501
32,0,imagen.jpeg,40,batchnorm,1x32x28x28,0.038273
32,0,imagen.jpeg,41,layer_add,1x32x28x28,0.011589
32,0,imagen.jpeg,42,pointwise_conv,1x32x28x28,2.306568
32,0,imagen.jpeg,43,batchnorm,1x192x28x28,0.228996
32,0,imagen.jpeg,44,activacion,1x192x28x28,0.378096
32,0,imagen.jpeg,45,depthwise_conv,1x192x28x28,1.816223
32,0,imagen.jpeg,46,batchnorm,1x192x28x28,0.235263
32,0,imagen.jpeg,47,activacion,1x192x28x28,0.47027
32,0,imagen.jpeg,48,pointwise_conv,1x192x28x28,2.266455
32,0,imagen.jpeg,49,batchnorm,1x32x28x28,0.03832
32,0,imagen.jpeg,50,layer_add,1x32x28x28,0.011975
32,0,imagen.jpeg,51,pointwise_conv,1x32x28x28,2.30162
32,0,imagen.jpeg,52,batchnorm,1x192x28x28,0.229255
32,0,imagen.jpeg,53,activacion,1x192x28x28,0.432617
32,0,imagen.jpeg,54,depthwise_conv,1x192x28x28,0.475062
32,0,imagen.jpeg,55,batchnorm,1x192x14x14,0.057555
32,0,imagen.jpeg,56,activacion,1x192x14x14,0.077969
32,0,imagen.jpeg,57,pointwise_conv,1x192x14x14,1.205206
32,0,imagen.jpeg,58,batchnorm,1x64x14x14,0.019398
32,0,imagen.jpeg,59,pointwise_conv,1x64x14x14,2.412935
32,0,imagen.jpeg,60,batchnorm,1x384x14x14,0.115141
32,0,imagen.jpeg,61,activacion,1x384x14x14,0.153013
32,0,imagen.jpeg,62,depthwise_conv,1x384x14x14,0.931045
32,0,imagen.jpeg,63,batchnorm,1x384x14x14,0.115148
32,0,imagen.jpeg,64,activacion,1x384x14x14,0.24822
32,0,imagen.jpeg,65,pointwise_conv,1x384x14x14,2.390492
32,0,imagen.jpeg,66,batchnorm,1x64x14x14,0.019365
32,0,imagen.jpeg,67,layer_add,1x64x14x14,0.005555
32,0,imagen.jpeg,68,pointwise_conv,1x64x14x14,2.411764
32,0,imagen.jpeg,69,batchnorm,1x384x14x14,0.11714
32,0,imagen.jpeg,70,activacion,1x384x14x14,0.205693
32,0,imagen.jpeg,71,depthwise_conv,1x384x14x14,0.931524
32,0,imagen.jpeg,72,batchnorm,1x384x14x14,0.245837
32,0,imagen.jpeg,73,activacion,1x384x14x14,0.222626
32,0,imagen.jpeg,74,pointwise_conv,1x384x14x14,2.389265
32,0,imagen.jpeg,75,batchnorm,1x64x14x14,0.019284
32,0,imagen.jpeg,76,layer_add,1x64x14x14,0.005589
32,0,imagen.jpeg,77,pointwise_conv,1x64x14x14,2.410652
32,0,imagen.jpeg,78,batchnorm,1x384x14x14,0.127084
32,0,imagen.jpeg,79,activacion,1x384x14x14,0.22931
32,0,imagen.jpeg,80,depthwise_conv,1x384x14x14,0.928996
32,0,imagen.jpeg,81,batchnorm,1x384x14x14,0.441859
32,0,imagen.jpeg,82,activacion,1x384x14x14,0.204273
32,0,imagen.jpeg,83,pointwise_conv,1x384x14x14,2.388118
32,0,imagen.jpeg,84,batchnorm,1x64x14x14,0.019468
32,0,imagen.jpeg,85,layer_add,1x64x14x14,0.005646
32,0,imagen.jpeg,86,pointwise_conv,1x64x14x14,2.407351
32,0,imagen.jpeg,87,batchnorm,1x384x14x14,0.115399
32,0,imagen.jpeg,88,activacion,1x384x14x14,0.228257
32,0,imagen.jpeg,89,depthwise_conv,1x384x14x14,0.932294
32,0,imagen.jpeg,90,batchnorm,1x384x14x14,0.115388
32,0,imagen.jpeg,91,activacion,1x384x14x14,0.21016
32,0,imagen.jpeg,92,pointwise_conv,1x384x14x14,3.587775
32,0,imagen.jpeg,93,batchnorm,1x96x14x14,0.029025
32,0,imagen.jpeg,94,pointwise_conv,1x96x14x14,5.403043
32,0,imagen.jpeg,95,batchnorm,1x576x14x14,0.183854
32,0,imagen.jpeg,96,activacion,1x576x14x14,0.329363
32,0,imagen.jpeg,97,depthwise_conv,1x576x14x14,1.400049
32,0,imagen.jpeg,98,batchnorm,1x576x14x14,0.505687
32,0,imagen.jpeg,99,activacion,1x576x14x14,0.303537
32,0,imagen.jpeg,100,pointwise_conv,1x576x14x14,5.379604
32,0,imagen.jpeg,101,batchnorm,1x96x14x14,0.028926
32,0,imagen.jpeg,102,layer_add,1x96x14x14,0.008718
32,0,imagen.jpeg,103,pointwise_conv,1x96x14x14,5.417755
32,0,imagen.jpeg,104,batchnorm,1x576x14x14,0.174956
32,0,imagen.jpeg,105,activacion,1x576x14x14,0.338056
32,0,imagen.jpeg,106,depthwise_conv,1x576x14x14,1.397653
32,0,imagen.jpeg,107,batchnorm,1x576x14x14,0.438798
32,0,imagen.jpeg,108,activacion,1x576x14x14,0.257429
32,0,imagen.jpeg,109,pointwise_conv,1x576x14x14,5.375901
32,0,imagen.jpeg,110,batchnorm,1x96x14x14,0.028924
32,0,imagen.jpeg,111,layer_add,1x96x14x14,0.008411
32,0,imagen.jpeg,112,pointwise_conv,1x96x14x14,5.39986
32,0,imagen.jpeg,113,batchnorm,1x576x14x14,0.172899
32,0,imagen.jpeg,114,activacion,1x576x14x14,0.281866
32,0,imagen.jpeg,115,depthwise_conv,1x576x14x14,0.362536
32,0,imagen.jpeg,116,batchnorm,1x576x7x7,0.061225
32,0,imagen.jpeg,117,activacion,1x576x7x7,0.049844
32,0,imagen.jpeg,118,pointwise_conv,1x576x7x7,2.144113
32,0,imagen.jpeg,119,batchnorm,1x160x7x7,0.012691
32,0,imagen.jpeg,120,pointwise_conv,1x160x7x7,3.586985
32,0,imagen.jpeg,121,batchnorm,1x960x7x7,0.074386
32,0,imagen.jpeg,122,activacion,1x960x7x7,0.133829
32,0,imagen.jpeg,123,depthwise_conv,1x960x7x7,0.583153
32,0,imagen.jpeg,124,batchnorm,1x960x7x7,0.074589
32,0,imagen.jpeg,125,activacion,1x960x7x7,0.12813
32,0,imagen.jpeg,126,pointwise_conv,1x960x7x7,3.576225
32,0,imagen.jpeg,127,batchnorm,1x160x7x7,0.01259
32,0,imagen.jpeg,128,layer_add,1x160x7x7,0.003644
32,0,imagen.jpeg,129,pointwise_conv,1x160x7x7,3.586004
32,0,imagen.jpeg,130,batchnorm,1x960x7x7,0.074429
32,0,imagen.jpeg,131,activacion,1x960x7x7,0.132503
32,0,imagen.jpeg,132,depthwise_conv,1x960x7x7,0.560843
32,0,imagen.jpeg,133,batchnorm,1x960x7x7,0.123684
32,0,imagen.jpeg,134,activacion,1x960x7x7,0.113407
32,0,imagen.jpeg,135,pointwise_conv,1x960x7x7,3.56923
32,0,imagen.jpeg,136,batchnorm,1x160x7x7,0.012519
32,0,imagen.jpeg,137,layer_add,1x160x7x7,0.003672
32,0,imagen.jpeg,138,pointwise_conv,1x160x7x7,3.603442
32,0,imagen.jpeg,139,batchnorm,1x960x7x7,0.07438
32,0,imagen.jpeg,140,activacion,1x960x7x7,0.102997
32,0,imagen.jpeg,141,depthwise_conv,1x960x7x7,0.590514
32,0,imagen.jpeg,142,batchnorm,1x960x7x7,0.092656
32,0,imagen.jpeg,143,activacion,1x960x7x7,0.057339
32,0,imagen.jpeg,144,pointwise_conv,1x960x7x7,7.140723
32,0,imagen.jpeg,145,batchnorm,1x320x7x7,0.025003
32,0,imagen.jpeg,146,pointwise_conv,1x320x7x7,9.538988
32,0,imagen.jpeg,147,batchnorm,1x1280x7x7,0.099197
32,0,imagen.jpeg,148,activacion,1x1280x7x7,0.159451
32,0,imagen.jpeg,149,pooling,1x1280x7x7,0.033715
32,0,imagen.jpeg,150,linear,1x1280,1.099686
33,0,imagen.jpeg,0,conv2d,1x3x224x224,17.038357
33,0,imagen.jpeg,1,batchnorm,1x32x112x112,0.609646
33,0,imagen.jpeg,2,activacion,1x32x112x112,0.407665
33,0,imagen.jpeg,3,depthwise_conv,1x32x112x112,4.816817
33,0,imagen.jpeg,4,batchnorm,1x32x112x112,9.014595
33,0,imagen.jpeg,5,activacion,1x32x112x112,0.500606
33,0,imagen.jpeg,6,pointwise_conv,1x32x112x112,3.048709
33,0,imagen.jpeg,7,batchnorm,1x16x112x112,0.317139
33,0,imagen.jpeg,8,pointwise_conv,1x16x112x112,9.301718
33,0,imagen.jpeg,9,batchnorm,1x96x112x112,1.850682
33,0,imagen.jpeg,10,activacion,1x96x112x112,2.785336
33,0,imagen.jpeg,11,depthwise_conv,1x96x112x112,3.665568
33,0,imagen.jpeg,12,batchnorm,1x96x56x56,0.462883
33,0,imagen.jpeg,13,activacion,1x96x56x56,0.88749
33,0,imagen.jpeg,14,pointwise_conv,1x96x56x56,3.380169
33,0,imagen.jpeg,15,batchnorm,1x24x56x56,0.125282
33,0,imagen.jpeg,16,pointwise_conv,1x24x56x56,5.137999
33,0,imagen.jpeg,17,batchnorm,1x144x56x56,0.689047
33,0,imagen.jpeg,18,activacion,1x144x56x56,1.020761
33,0,imagen.jpeg,19,depthwise_conv,1x144x56x56,5.38319
33,0,imagen.jpeg,20,batchnorm,1x144x56x56,0.696086
33,0,imagen.jpeg,21,activacion,1x144x56x56,1.459498
33,0,imagen.jpeg,22,pointwise_conv,1x144x56x56,5.071248
33,0,imagen.jpeg,23,batchnorm,1x24x56x56,0.118319
33,0,imagen.jpeg,24,layer_add,1x24x56x56,0.035025
33,0,imagen.jpeg,25,pointwise_conv,1x24x56x56,5.118516
33,0,imagen.jpeg,26,batchnorm,1x144x56x56,0.707958
33,0,imagen.jpeg,27,activacion,1x144x56x56,1.349789
33,0,imagen.jpeg,28,depthwise_conv,1x144x56x56,1.375651
33,0,imagen.jpeg,29,batchnorm,1x144x28x28,0.177824
33,0,imagen.jpeg,30,activacion,1x144x28x28,0.302987
33,0,imagen.jpeg,31,pointwise_conv,1x144x28x28,1.718365
33,0,imagen.jpeg,32,batchnorm,1x32x28x28,0.041104
33,0,imagen.jpeg,33,pointwise_conv,1x32x28x28,2.326887
33,0,imagen.jpeg,34,batchnorm,1x192x28x28,0.230263
33,0,imagen.jpeg,35,activacion,1x192x28x28,0.309794
33,0,imagen.jpeg,36,depthwise_conv,1x192x28x28,1.874995
33,0,imagen.jpeg,37,batchnorm,1x192x28x28,0.240356
33,0,imagen.jpeg,38,activacion,1x192x28x28,0.49054
33,0,imagen.jpeg,39,pointwise_conv,1x192x28x28,2.271489
33,0,imagen.jpeg,40,batchnorm,1x32x28x28,0.038306
33,0,imagen.jpeg,41,layer_add,1x32x28x28,0.016228
33,0,imagen.jpeg,42,pointwise_conv,1x32x28x28,2.308408
33,0,imagen.jpeg,43,batchnorm,1x192x28x28,0.231257
33,0,imagen.jpeg,44,activacion,1x192x28x28,0.365707
33,0,imagen.jpeg,45,depthwise_conv,1x192x28x28,1.827381
33,0,imagen.jpeg,46,batchnorm,1x192x28x28,0.232082
33,0,imagen.jpeg,47,activacion,1x192x28x28,0.474708
33,0,imagen.jpeg,48,pointwise_conv,1x192x28x28,2.268
33,0,imagen.jpeg,49,batchnorm,1x32x28x28,0.038381
33,0,imagen.jpeg,50,layer_add,1x32x28x28,0.011101
33,0,imagen.jpeg,51,pointwise_conv,1x32x28x28,2.308203
33,0,imagen.jpeg,52,batchnorm,1x192x28x28,0.236199
33,0,imagen.jpeg,53,activacion,1x192x28x28,0.428152
33,0,imagen.jpeg,54,depthwise_conv,1x192x28x28,0.47917
33,0,imagen.jpeg,55,batchnorm,1x192x14x14,0.057873
33,0,imagen.jpeg,56,activacion,1x192x14x14,0.077814
33,0,imagen.jpeg,57,pointwise_conv,1x192x14x14,1.200657
33,0,imagen.jpeg,58,batchnorm,1x64x14x14,0.019505
33,0,imagen.jpeg,59,pointwise_conv,1x64x14x14,2.41292
33,0,imagen.jpeg,60,batchnorm,1x384x14x14,0.127555
33,0,imagen.jpeg,61,activacion,1x384x14x14,0.153908
33,0,imagen.jpeg,62,depthwise_conv,1x384x14x14,0.930867
33,0,imagen.jpeg,63,batchnorm,1x384x14x14,0.115463
33,0,imagen.jpeg,64,activacion,1x384x14x14,0.244974
33,0,imagen.jpeg,65,pointwise_conv,1x384x14x14,2.394458
33,0,imagen.jpeg,66,batchnorm,1x64x14x14,0.019379
33,0,imagen.jpeg,67,layer_add,1x64x14x14,0.005591
33,0,imagen.jpeg,68,pointwise_conv,1x64x14x14,2.409417
33,0,imagen.jpeg,69,batchnorm,1x384x14x14,0.114984
33,0,imagen.jpeg,70,activacion,1x384x14x14,0.209577
33,0,imagen.jpeg,71,depthwise_conv,1x384x14x14,0.923113
33,0,imagen.jpeg,72,batchnorm,1x384x14x14,0.247958
33,0,imagen.jpeg,73,activacion,1x384x14x14,0.224387
33,0,imagen.jpeg,74,pointwise_conv,1x384x14x14,2.388242
33,0,imagen.jpeg,75,batchnorm,1x64x14x14,0.019395
33,0,imagen.jpeg,76,layer_add,1x64x14x14,0.005539
33,0,imagen.jpeg,77,pointwise_conv,1x64x14x14,2.413445
33,0,imagen.jpeg,78,batchnorm,1x384x14x14,0.114921
33,0,imagen.jpeg,79,activacion,1x384x14x14,0.228123
33,0,imagen.jpeg,80,depthwise_conv,1x384x14x14,0.932334
33,0,imagen.jpeg,81,batchnorm,1x384x14x14,0.447173
33,0,imagen.jpeg,82,activacion,1x384x14x14,0.200053
33,0,imagen.jpeg,83,pointwise_conv,1x384x14x14,2.410862
33,0,imagen.jpeg,84,batchnorm,1x64x14x14,0.019442
33,0,imagen.jpeg,85,layer_add,1x64x14x14,0.005497
33,0,imagen.jpeg,86,pointwise_conv,1x64x14x14,2.408441
33,0,imagen.jpeg,87,batchnorm,1x384x14x14,0.11539
33,0,imagen.jpeg,88,activacion,1x384x14x14,0.228985
33,0,imagen.jpeg,89,depthwise_conv,1x384x14x14,0.93314
33,0,imagen.jpeg,90,batchnorm,1x384x14x14,0.119534
33,0,imagen.jpeg,91,activacion,1x384x14x14,0.211272
33,0,imagen.jpeg,92,pointwise_conv,1x384x14x14,3.581576
33,0,imagen.jpeg,93,batchnorm,1x96x14x14,0.032822
33,0,imagen.jpeg,94,pointwise_conv,1x96x14x14,5.388576
33,0,imagen.jpeg,95,batchnorm,1x576x14x14,0.173115
33,0,imagen.jpeg,96,activacion,1x576x14x14,0.326874
33,0,imagen.jpeg,97,depthwise_conv,1x576x14x14,1.395959
33,0,imagen.jpeg,98,batchnorm,1x576x14x14,0.499067
33,0,imagen.jpeg,99,activacion,1x576x14x14,0.294234
33,0,imagen.jpeg,100,pointwise_conv,1x576x14x14,5.372372
33,0,imagen.jpeg,101,batchnorm,1x96x14x14,0.028984
33,0,imagen.jpeg,102,layer_add,1x96x14x14,0.008253
33,0,imagen.jpeg,103,pointwise_conv,1x96x14x14,5.406036
33,0,imagen.jpeg,104,batchnorm,1x576x14x14,0.172784
33,0,imagen.jpeg,105,activacion,1x576x14x14,0.327841
33,0,imagen.jpeg,106,depthwise_conv,1x576x14x14,1.399481
33,0,imagen.jpeg,107,batchnorm,1x576x14x14,0.433727
33,0,imagen.jpeg,108,activacion,1x576x14x14,0.256178
33,0,imagen.jpeg,109,pointwise_conv,1x576x14x14,5.369003
33,0,imagen.jpeg,110,batchnorm,1x96x14x14,0.028899
33,0,imagen.jpeg,111,layer_add,1x96x14x14,0.009205
33,0,imagen.jpeg,112,pointwise_conv,1x96x14x14,5.403205
33,0,imagen.jpeg,113,batchnorm,1x576x14x14,0.17902
33,0,imagen.jpeg,114,activacion,1x576x14x14,0.282932
33,0,imagen.jpeg,115,depthwise_conv,1x576x14x14,0.354865
33,0,imagen.jpeg,116,batchnorm,1x576x7x7,0.061199
33,0,imagen.jpeg,117,activacion,1x576x7x7,0.054655
33,0,imagen.jpeg,118,pointwise_conv,1x576x7x7,2.142235
33,0,imagen.jpeg,119,batchnorm,1x160x7x7,0.012708
33,0,imagen.jpeg,120,pointwise_conv,1x160x7x7,3.580555
33,0,imagen.jpeg,121,batchnorm,1x960x7x7,0.074363
33,0,imagen.jpeg,122,activacion,1x960x7x7,0.134097
33,0,imagen.jpeg,123,depthwise_conv,1x960x7x7,0.586181
33,0,imagen.jpeg,124,batchnorm,1x960x7x7,0.074565
33,0,imagen.jpeg,125,activacion,1x960x7x7,0.129569
33,0,imagen.jpeg,126,pointwise_conv,1x960x7x7,3.56729
33,0,imagen.jpeg,127,batchnorm,1x160x7x7,0.012709
33,0,imagen.jpeg,128,layer_add,1x160x7x7,0.003494
33,0,imagen.jpeg,129,pointwise_conv,1x160x7x7,3.597471
33,0,imagen.jpeg,130,batchnorm,1x960x7x7,0.07441
33,0,imagen.jpeg,131,activacion,1x960x7x7,0.126363
33,0,imagen.jpeg,132,depthwise_conv,1x960x7x7,0.589928
33,0,imagen.jpeg,133,batchnorm,1x960x7x7,0.123538
33,0,imagen.jpeg,134,activacion,1x960x7x7,0.110374
33,0,imagen.jpeg,135,pointwise_conv,1x960x7x7,3.571501
33,0,imagen.jpeg,136,batchnorm,1x160x7x7,0.012543
33,0,imagen.jpeg,137,layer_add,1x160x7x7,0.003974
33,0,imagen.jpeg,138,pointwise_conv,1x160x7x7,3.584676
33,0,imagen.jpeg,139,batchnorm,1x960x7x7,0.074364
33,0,imagen.jpeg,140,activacion,1x960x7x7,0.105819
33,0,imagen.jpeg,141,depthwise_conv,1x960x7x7,0.585983
33,0,imagen.jpeg,142,batchnorm,1x960x7x7,0.090781
33,0,imagen.jpeg,143,activacion,1x960x7x7,0.057537
33,0,imagen.jpeg,144,pointwise_conv,1x960x7x7,7.139624
33,0,imagen.jpeg,145,batchnorm,1x320x7x7,0.024952
33,0,imagen.jpeg,146,pointwise_conv,1x320x7x7,9.548543
33,0,imagen.jpeg,147,batchnorm,1x1280x7x7,0.099201
33,0,imagen.jpeg,148,activacion,1x1280x7x7,0.16264
33,0,imagen.jpeg,149,pooling,1x1280x7x7,0.033622
33,0,imagen.jpeg,150,linear,1x1280,1.111599
34,0,imagen.jpeg,0,conv2d,1x3x224x224,17.125553
34,0,imagen.jpeg,1,batchnorm,1x32x112x112,0.634031
34,0,imagen.jpeg,2,activacion,1x32x112x112,0.395607
34,0,imagen.jpeg,3,depthwise_conv,1x32x112x112,4.745918
34,0,imagen.jpeg,4,batchnorm,1x32x112x112,8.972873
34,0,imagen.jpeg,5,activacion,1x32x112x112,0.491918
34,0,imagen.jpeg,6,pointwise_conv,1x32x112x112,3.033723
34,0,imagen.jpeg,7,batchnorm,1x16x112x112,0.304668
34,0,imagen.jpeg,8,pointwise_conv,1x16x112x112,9.260547
34,0,imagen.jpeg,9,batchnorm,1x96x112x112,1.873453
34,0,imagen.jpeg,10,activacion,1x96x112x112,2.77386
34,0,imagen.jpeg,11,depthwise_conv,1x96x112x112,3.645293
34,0,imagen.jpeg,12,batchnorm,1x96x56x56,0.4564
34,0,imagen.jpeg,13,activacion,1x96x56x56,0.878426
34,0,imagen.jpeg,14,pointwise_conv,1x96x56x56,3.370406
34,0,imagen.jpeg,15,batchnorm,1x24x56x56,0.114167
34,0,imagen.jpeg,16,pointwise_conv,1x24x56x56,5.119584
34,0,imagen.jpeg,17,batchnorm,1x144x56x56,0.688808
34,0,imagen.jpeg,18,activacion,1x144x56x56,1.058166
34,0,imagen.jpeg,19,depthwise_conv,1x144x56x56,5.402354
34,0,imagen.jpeg,20,batchnorm,1x144x56x56,0.694865
34,0,imagen.jpeg,21,activacion,1x144x56x56,1.453581
34,0,imagen.jpeg,22,pointwise_conv,1x144x56x56,5.069556
34,0,imagen.jpeg,23,batchnorm,1x24x56x56,0.114316
34,0,imagen.jpeg,24,layer_add,1x24x56x56,0.033784
34,0,imagen.jpeg,25,pointwise_conv,1x24x56x56,5.115294
34,0,imagen.jpeg,26,batchnorm,1x144x56x56,0.693988
34,0,imagen.jpeg,27,activacion,1x144x56x56,1.348394
34,0,imagen.jpeg,28,depthwise_conv,1x144x56x56,1.399504
34,0,imagen.jpeg,29,batchnorm,1x144x28x28,0.174887
34,0,imagen.jpeg,30,activacion,1x144x28x28,0.298189
34,0,imagen.jpeg,31,pointwise_conv,1x144x28x28,1.702808
34,0,imagen.jpeg,32,batchnorm,1x32x28x28,0.038362
34,0,imagen.jpeg,33,pointwise_conv,1x32x28x28,2.296238
34,0,imagen.jpeg,34,batchnorm,1x192x28x28,0.23309
34,0,imagen.jpeg,35,activacion,1x192x28x28,0.289746
34,0,imagen.jpeg,36,depthwise_conv,1x192x28x28,1.813892
34,0,imagen.jpeg,37,batchnorm,1x192x28x28,0.231937
34,0,imagen.jpeg,38,activacion,1x192x28x28,0.485328
34,0,imagen.jpeg,39,pointwise_conv,1x192x28x28,2.263799
34,0,imagen.jpeg,40,batchnorm,1x32x28x28,0.038294
34,0,imagen.jpeg,41,layer_add,1x32x28x28,0.011039
34,0,imagen.jpeg,42,pointwise_conv,1x32x28x28,2.295139
34,0,imagen.jpeg,43,batchnorm,1x192x28x28,0.233402
34,0,imagen.jpeg,44,activacion,1x192x28x28,0.363067
34,0,imagen.jpeg,45,depthwise_conv,1x192x28x28,1.818021
34,0,imagen.jpeg,46,batchnorm,1x192x28x28,0.229306
34,0,imagen.jpeg,47,activacion,1x192x28x28,0.463382
34,0,imagen.jpeg,48,pointwise_conv,1x192x28x28,2.263621
34,0,imagen.jpeg,49,batchnorm,1x32x28x28,0.040181
34,0,imagen.jpeg,50,layer_add,1x32x28x28,0.011555
34,0,imagen.jpeg,51,pointwise_conv,1x32x28x28,2.295684
34,0,imagen.jpeg,52,batchnorm,1x192x28x28,0.232668
34,0,imagen.jpeg,53,activacion,1x192x28x28,0.427549
34,0,imagen.jpeg,54,depthwise_conv,1x192x28x28,0.472302
34,0,imagen.jpeg,55,batchnorm,1x192x14x14,0.057544
34,0,imagen.jpeg,56,activacion,1x192x14x14,0.077973
34,0,imagen.jpeg,57,pointwise_conv,1x192x14x14,1.194451
34,0,imagen.jpeg,58,batchnorm,1x64x14x14,0.019433
34,0,imagen.jpeg,59,pointwise_conv,1x64x14x14,2.410274
34,0,imagen.jpeg,60,batchnorm,1x384x14x14,0.118981
34,0,imagen.jpeg,61,activacion,1x384x14x14,0.156558
34,0,imagen.jpeg,62,depthwise_conv,1x384x14x14,0.932441
34,0,imagen.jpeg,63,batchnorm,1x384x14x14,0.115402
34,0,imagen.jpeg,64,activacion,1x384x14x14,0.246181
34,0,imagen.jpeg,65,pointwise_conv,1x384x14x14,2.394344
34,0,imagen.jpeg,66,batchnorm,1x64x14x14,0.019446
34,0,imagen.jpeg,67,layer_add,1x64x14x14,0.005527
34,0,imagen.jpeg,68,pointwise_conv,1x64x14x14,2.412225
34,0,imagen.jpeg,69,batchnorm,1x384x14x14,0.11526
34,0,imagen.jpeg,70,activacion,1x384x14x14,0.207498
34,0,imagen.jpeg,71,depthwise_conv,1x384x14x14,0.929636
34,0,imagen.jpeg,72,batchnorm,1x384x14x14,0.253254
34,0,imagen.jpeg,73,activacion,1x384x14x14,0.219896
34,0,imagen.jpeg,74,pointwise_conv,1x384x14x14,2.386782
34,0,imagen.jpeg,75,batchnorm,1x64x14x14,0.019308
34,0,imagen.jpeg,76,layer_add,1x64x14x14,0.005509
34,0,imagen.jpeg,77,pointwise_conv,1x64x14x14,2.45019
34,0,imagen.jpeg,78,batchnorm,1x384x14x14,0.115298
34,0,imagen.jpeg,79,activacion,1x384x14x14,0.232914
34,0,imagen.jpeg,80,depthwise_conv,1x384x14x14,0.934257
34,0,imagen.jpeg,81,batchnorm,1x384x14x14,0.444274
34,0,imagen.jpeg,82,activacion,1x384x14x14,0.200468
34,0,imagen.jpeg,83,pointwise_conv,1x384x14x14,2.388608
34,0,imagen.jpeg,84,batchnorm,1x64x14x14,0.019425
34,0,imagen.jpeg,85,layer_add,1x64x14x14,0.005551
34,0,imagen.jpeg,86,pointwise_conv,1x64x14x14,2.407761
34,0,imagen.jpeg,87,batchnorm,1x384x14x14,0.115312
34,0,imagen.jpeg,88,activacion,1x384x14x14,0.228318
34,0,imagen.jpeg,89,depthwise_conv,1x384x14x14,0.921783
34,0,imagen.jpeg,90,batchnorm,1x384x14x14,0.120263
34,0,imagen.jpeg,91,activacion,1x384x14x14,0.210338
34,0,imagen.jpeg,92,pointwise_conv,1x384x14x14,3.578271
34,0,imagen.jpeg,93,batchnorm,1x96x14x14,0.028959
34,0,imagen.jpeg,94,pointwise_conv,1x96x14x14,5.402201
34,0,imagen.jpeg,95,batchnorm,1x576x14x14,0.173086
34,0,imagen.jpeg,96,activacion,1x576x14x14,0.328539
34,0,imagen.jpeg,97,depthwise_conv,1x576x14x14,1.407894
34,0,imagen.jpeg,98,batchnorm,1x576x14x14,0.499245
34,0,imagen.jpeg,99,activacion,1x576x14x14,0.298095
34,0,imagen.jpeg,100,pointwise_conv,1x576x14x14,5.37265
34,0,imagen.jpeg,101,batchnorm,1x96x14x14,0.028913
34,0,imagen.jpeg,102,layer_add,1x96x14x14,0.008337
34,0,imagen.jpeg,103,pointwise_conv,1x96x14x14,5.403361
34,0,imagen.jpeg,104,batchnorm,1x576x14x14,0.173057
34,0,imagen.jpeg,105,activacion,1x576x14x14,0.327226
34,0,imagen.jpeg,106,depthwise_conv,1x576x14x14,1.36739
34,0,imagen.jpeg,107,batchnorm,1x576x14x14,0.433731
34,0,imagen.jpeg,108,activacion,1x576x14x14,0.258667
34,0,imagen.jpeg,109,pointwise_conv,1x576x14x14,5.372535
34,0,imagen.jpeg,110,batchnorm,1x96x14x14,0.029021
34,0,imagen.jpeg,111,layer_add,1x96x14x14,0.009271
34,0,imagen.jpeg,112,pointwise_conv,1x96x14x14,5.405087
34,0,imagen.jpeg,113,batchnorm,1x576x14x14,0.175716
34,0,imagen.jpeg,114,activacion,1x576x14x14,0.283126
34,0,imagen.jpeg,115,depthwise_conv,1x576x14x14,0.341842
34,0,imagen.jpeg,116,batchnorm,1x576x7x7,0.061189
34,0,imagen.jpeg,117,activacion,1x576x7x7,0.049977
34,0,imagen.jpeg,118,pointwise_conv,1x576x7x7,2.146096
34,0,imagen.jpeg,119,batchnorm,1x160x7x7,0.012726
34,0,imagen.jpeg,120,pointwise_conv,1x160x7x7,3.591289
34,0,imagen.jpeg,121,batchnorm,1x960x7x7,0.074382
34,0,imagen.jpeg,122,activacion,1x960x7x7,0.138809
34,0,imagen.jpeg,123,depthwise_conv,1x960x7x7,0.586006
34,0,imagen.jpeg,124,batchnorm,1x960x7x7,0.074543
34,0,imagen.jpeg,125,activacion,1x960x7x7,0.128799
34,0,imagen.jpeg,126,pointwise_conv,1x960x7x7,3.571685
34,0,imagen.jpeg,127,batchnorm,1x160x7x7,0.014543
34,0,imagen.jpeg,128,layer_add,1x160x7x7,0.00351
34,0,imagen.jpeg,129,pointwise_conv,1x160x7x7,3.583019
34,0,imagen.jpeg,130,batchnorm,1x960x7x7,0.074416
34,0,imagen.jpeg,131,activacion,1x960x7x7,0.12758
34,0,imagen.jpeg,132,depthwise_conv,1x960x7x7,0.588883
34,0,imagen.jpeg,133,batchnorm,1x960x7x7,0.123672
34,0,imagen.jpeg,134,activacion,1x960x7x7,0.111305
34,0,imagen.jpeg,135,pointwise_conv,1x960x7x7,3.57267
34,0,imagen.jpeg,136,batchnorm,1x160x7x7,0.01252
34,0,imagen.jpeg,137,layer_add,1x160x7x7,0.003683
34,0,imagen.jpeg,138,pointwise_conv,1x160x7x7,3.581876
34,0,imagen.jpeg,139,batchnorm,1x960x7x7,0.074379
34,0,imagen.jpeg,140,activacion,1x960x7x7,0.102271
34,0,imagen.jpeg,141,depthwise_conv,1x960x7x7,0.589052
34,0,imagen.jpeg,142,batchnorm,1x960x7x7,0.090788
34,0,imagen.jpeg,143,activacion,1x960x7x7,0.05738
34,0,imagen.jpeg,144,pointwise_conv,1x960x7x7,7.135707
34,0,imagen.jpeg,145,batchnorm,1x320x7x7,0.028323
34,0,imagen.jpeg,146,pointwise_conv,1x320x7x7,9.544765
34,0,imagen.jpeg,147,batchnorm,1x1280x7x7,0.099183
34,0,imagen.jpeg,148,activacion,1x1280x7x7,0.159215
34,0,imagen.jpeg,149,pooling,1x1280x7x7,0.033701
34,0,imagen.jpeg,150,linear,1x1280,1.099946
35,0,imagen.jpeg,0,conv2d,1x3x224x224,17.172022
35,0,imagen.jpeg,1,batchnorm,1x32x112x112,0.621114
35,0,imagen.jpeg,2,activacion,1x32x112x112,0.3953
35,0,imagen.jpeg,3,depthwise_conv,1x32x112x112,4.796716
35,0,imagen.jpeg,4,batchnorm,1x32x112x112,8.988277
35,0,imagen.jpeg,5,activacion,1x32x112x112,0.494882
35,0,imagen.jpeg,6,pointwise_conv,1x32x112x112,3.028105
35,0,imagen.jpeg,7,batchnorm,1x16x112x112,0.304768
35,0,imagen.jpeg,8,pointwise_conv,1x16x112x112,9.277038
35,0,imagen.jpeg,9,batchnorm,1x96x112x112,1.871714
35,0,imagen.jpeg,10,activacion,1x96x112x112,2.77608
35,0,imagen.jpeg,11,depthwise_conv,1x96x112x112,3.623104
35,0,imagen.jpeg,12,batchnorm,1x96x56x56,0.456567
35,0,imagen.jpeg,13,activacion,1x96x56x56,0.879199
35,0,imagen.jpeg,14,pointwise_conv,1x96x56x56,3.36991
35,0,imagen.jpeg,15,batchnorm,1x24x56x56,0.114161
35,0,imagen.jpeg,16,pointwise_conv,1x24x56x56,5.124205
35,0,imagen.jpeg,17,batchnorm,1x144x56x56,0.717305
35,0,imagen.jpeg,18,activacion,1x144x56x56,1.022255
35,0,imagen.jpeg,19,depthwise_conv,1x144x56x56,5.436858
35,0,imagen.jpeg,20,batchnorm,1x144x56x56,0.700072
35,0,imagen.jpeg,21,activacion,1x144x56x56,1.449547
35,0,imagen.jpeg,22,pointwise_conv,1x144x56x56,5.068071
35,0,imagen.jpeg,23,batchnorm,1x24x56x56,0.114259
35,0,imagen.jpeg,24,layer_add,1x24x56x56,0.035888
35,0,imagen.jpeg,25,pointwise_conv,1x24x56x56,5.1215
35,0,imagen.jpeg,26,batchnorm,1x144x56x56,0.690905
35,0,imagen.jpeg,27,activacion,1x144x56x56,1.344256
35,0,imagen.jpeg,28,depthwise_conv,1x144x56x56,1.406523
35,0,imagen.jpeg,29,batchnorm,1x144x28x28,0.175069
35,0,imagen.jpeg,30,activacion,1x144x28x28,0.299455
35,0,imagen.jpeg,31,pointwise_conv,1x144x28x28,1.702575
35,0,imagen.jpeg,32,batchnorm,1x32x28x28,0.038333
35,0,imagen.jpeg,33,pointwise_conv,1x32x28x28,2.293442
35,0,imagen.jpeg,34,batchnorm,1x192x28x28,0.232058
35,0,imagen.jpeg,35,activacion,1x192x28x28,0.288175
35,0,imagen.jpeg,36,depthwise_conv,1x192x28x28,1.830394
35,0,imagen.jpeg,37,batchnorm,1x192x28x28,0.22911
35,0,imagen.jpeg,38,activacion,1x192x28x28,0.495475
35,0,imagen.jpeg,39,pointwise_conv,1x192x28x28,2.26635
35,0,imagen.jpeg,40,batchnorm,1x32x28x28,0.038282
35,0,imagen.jpeg,41,layer_add,1x32x28x28,0.011049
35,0,imagen.jpeg,42,pointwise_conv,1x32x28x28,2.29795
35,0,imagen.jpeg,43,batchnorm,1x192x28x28,0.232206
35,0,imagen.jpeg,44,activacion,1x192x28x28,0.363564
35,0,imagen.jpeg,45,depthwise_conv,1x192x28x28,1.815329
35,0,imagen.jpeg,46,batchnorm,1x192x28x28,0.229293
35,0,imagen.jpeg,47,activacion,1x192x28x28,0.47084
35,0,imagen.jpeg,48,pointwise_conv,1x192x28x28,2.267095
35,0,imagen.jpeg,49,batchnorm,1x32x28x28,0.038287
35,0,imagen.jpeg,50,layer_add,1x32x28x28,0.012044
35,0,imagen.jpeg,51,pointwise_conv,1x32x28x28,2.298647
35,0,imagen.jpeg,52,batchnorm,1x192x28x28,0.236351
35,0,imagen.jpeg,53,activacion,1x192x28x28,0.427476
35,0,imagen.jpeg,54,depthwise_conv,1x192x28x28,0.474688
35,0,imagen.jpeg,55,batchnorm,1x192x14x14,0.063986
35,0,imagen.jpeg,56,activacion,1x192x14x14,0.081752
35,0,imagen.jpeg,57,pointwise_conv,1x192x14x14,1.195651
35,0,imagen.jpeg,58,batchnorm,1x64x14x14,0.019451
35,0,imagen.jpeg,59,pointwise_conv,1x64x14x14,2.410171
35,0,imagen.jpeg,60,batchnorm,1x384x14x14,0.118953
35,0,imagen.jpeg,61,activacion,1x384x14x14,0.154474
35,0,imagen.jpeg,62,depthwise_conv,1x384x14x14,0.930295
35,0,imagen.jpeg,63,batchnorm,1x384x14x14,0.115367
35,0,imagen.jpeg,64,activacion,1x384x14x14,0.24509
35,0,imagen.jpeg,65,pointwise_conv,1x384x14x14,2.392819
35,0,imagen.jpeg,66,batchnorm,1x64x14x14,0.019259
35,0,imagen.jpeg,67,layer_add,1x64x14x14,0.005523
35,0,imagen.jpeg,68,pointwise_conv,1x64x14x14,2.404731
35,0,imagen.jpeg,69,batchnorm,1x384x14x14,0.115246
35,0,imagen.jpeg,70,activacion,1x384x14x14,0.210077
35,0,imagen.jpeg,71,depthwise_conv,1x384x14x14,0.903993
35,0,imagen.jpeg,72,batchnorm,1x384x14x14,0.247948
35,0,imagen.jpeg,73,activacion,1x384x14x14,0.236072
35,0,imagen.jpeg,74,pointwise_conv,1x384x14x14,2.390787
35,0,imagen.jpeg,75,batchnorm,1x64x14x14,0.024518
35,0,imagen.jpeg,76,layer_add,1x64x14x14,0.00573
35,0,imagen.jpeg,77,pointwise_conv,1x64x14x14,2.411065
35,0,imagen.jpeg,78,batchnorm,1x384x14x14,0.11496
35,0,imagen.jpeg,79,activacion,1x384x14x14,0.229654
35,0,imagen.jpeg,80,depthwise_conv,1x384x14x14,0.933905
35,0,imagen.jpeg,81,batchnorm,1x384x14x14,0.445108
35,0,imagen.jpeg,82,activacion,1x384x14x14,0.199924
35,0,imagen.jpeg,83,pointwise_conv,1x384x14x14,2.393751
35,0,imagen.jpeg,84,batchnorm,1x64x14x14,0.019435
35,0,imagen.jpeg,85,layer_add,1x64x14x14,0.005536
35,0,imagen.jpeg,86,pointwise_conv,1x64x14x14,2.406381
35,0,imagen.jpeg,87,batchnorm,1x384x14x14,0.115324
35,0,imagen.jpeg,88,activacion,1x384x14x14,0.227741
35,0,imagen.jpeg,89,depthwise_conv,1x384x14x14,0.908899
35,0,imagen.jpeg,90,batchnorm,1x384x14x14,0.118804
35,0,imagen.jpeg,91,activacion,1x384x14x14,0.213197
35,0,imagen.jpeg,92,pointwise_conv,1x384x14x14,3.57943
35,0,imagen.jpeg,93,batchnorm,1x96x14x14,0.028979
35,0,imagen.jpeg,94,pointwise_conv,1x96x14x14,5.408527
35,0,imagen.jpeg,95,batchnorm,1x576x14x14,0.174734
35,0,imagen.jpeg,96,activacion,1x576x14x14,0.329235
35,0,imagen.jpeg,97,depthwise_conv,1x576x14x14,1.384083
35,0,imagen.jpeg,98,batchnorm,1x576x14x14,0.499081
35,0,imagen.jpeg,99,activacion,1x576x14x14,0.294591
35,0,imagen.jpeg,100,pointwise_conv,1x576x14x14,5.371557
35,0,imagen.jpeg,101,batchnorm,1x96x14x14,0.02892
35,0,imagen.jpeg,102,layer_add,1x96x14x14,0.008249
35,0,imagen.jpeg,103,pointwise_conv,1x96x14x14,5.400806
35,0,imagen.jpeg,104,batchnorm,1x576x14x14,0.173047
35,0,imagen.jpeg,105,activacion,1x576x14x14,0.326998
35,0,imagen.jpeg,106,depthwise_conv,1x576x14x14,1.402423
35,0,imagen.jpeg,107,batchnorm,1x576x14x14,0.433959
35,0,imagen.jpeg,108,activacion,1x576x14x14,0.267633
35,0,imagen.jpeg,109,pointwise_conv,1x576x14x14,5.37815
35,0,imagen.jpeg,110,batchnorm,1x96x14x14,0.028894
35,0,imagen.jpeg,111,layer_add,1x96x14x14,0.008227
35,0,imagen.jpeg,112,pointwise_conv,1x96x14x14,5.418911
35,0,imagen.jpeg,113,batchnorm,1x576x14x14,0.175882
35,0,imagen.jpeg,114,activacion,1x576x14x14,0.281923
35,0,imagen.jpeg,115,depthwise_conv,1x576x14x14,0.362043
35,0,imagen.jpeg,116,batchnorm,1x576x7x7,0.061167
35,0,imagen.jpeg,117,activacion,1x576x7x7,0.054238
35,0,imagen.jpeg,118,pointwise_conv,1x576x7x7,2.141763
35,0,imagen.jpeg,119,batchnorm,1x160x7x7,0.012701
35,0,imagen.jpeg,120,pointwise_conv,1x160x7x7,3.594816
35,0,imagen.jpeg,121,batchnorm,1x960x7x7,0.074386
35,0,imagen.jpeg,122,activacion,1x960x7x7,0.138708
35,0,imagen.jpeg,123,depthwise_conv,1x960x7x7,0.586385
35,0,imagen.jpeg,124,batchnorm,1x960x7x7,0.074528
35,0,imagen.jpeg,125,activacion,1x960x7x7,0.13213
35,0,imagen.jpeg,126,pointwise_conv,1x960x7x7,3.566884
35,0,imagen.jpeg,127,batchnorm,1x160x7x7,0.012626
35,0,imagen.jpeg,128,layer_add,1x160x7x7,0.003566
35,0,imagen.jpeg,129,pointwise_conv,1x160x7x7,3.608496
35,0,imagen.jpeg,130,batchnorm,1x960x7x7,0.074392
35,0,imagen.jpeg,131,activacion,1x960x7x7,0.127316
35,0,imagen.jpeg,132,depthwise_conv,1x960x7x7,0.589455
35,0,imagen.jpeg,133,batchnorm,1x960x7x7,0.123535
35,0,imagen.jpeg,134,activacion,1x960x7x7,0.109347
35,0,imagen.jpeg,135,pointwise_conv,1x960x7x7,3.56931
35,0,imagen.jpeg,136,batchnorm,1x160x7x7,0.012497
35,0,imagen.jpeg,137,layer_add,1x160x7x7,0.004074
35,0,imagen.jpeg,138,pointwise_conv,1x160x7x7,3.581908
35,0,imagen.jpeg,139,batchnorm,1x960x7x7,0.074398
35,0,imagen.jpeg,140,activacion,1x960x7x7,0.105466
35,0,imagen.jpeg,141,depthwise_conv,1x960x7x7,0.58647
35,0,imagen.jpeg,142,batchnorm,1x960x7x7,0.090836
35,0,imagen.jpeg,143,activacion,1x960x7x7,0.057661
35,0,imagen.jpeg,144,pointwise_conv,1x960x7x7,7.137124
35,0,imagen.jpeg,145,batchnorm,1x320x7x7,0.025104
35,0,imagen.jpeg,146,pointwise_conv,1x320x7x7,9.554604
35,0,imagen.jpeg,147,batchnorm,1x1280x7x7,0.099176
35,0,imagen.jpeg,148,activacion,1x1280x7x7,0.163791
35,0,imagen.jpeg,149,pooling,1x1280x7x7,0.033645
35,0,imagen.jpeg,150,linear,1x1280,1.102518
36,0,imagen.jpeg,0,conv2d,1x3x224x224,16.835502
36,0,imagen.jpeg,1,batchnorm,1x32x112x112,0.609021
36,0,imagen.jpeg,2,activacion,1x32x112x112,0.400712
36,0,imagen.jpeg,3,depthwise_conv,1x32x112x112,4.783138
36,0,imagen.jpeg,4,batchnorm,1x32x112x112,8.981849
36,0,imagen.jpeg,5,activacion,1x32x112x112,0.489966
36,0,imagen.jpeg,6,pointwise_conv,1x32x112x112,3.032116
36,0,imagen.jpeg,7,batchnorm,1x16x112x112,0.314985
36,0,imagen.jpeg,8,pointwise_conv,1x16x112x112,9.251599
36,0,imagen.jpeg,9,batchnorm,1x96x112x112,1.844018
36,0,imagen.jpeg,10,activacion,1x96x112x112,2.768367
36,0,imagen.jpeg,11,depthwise_conv,1x96x112x112,3.650775
36,0,imagen.jpeg,12,batchnorm,1x96x56x56,0.462443
36,0,imagen.jpeg,13,activacion,1x96x56x56,0.878658
36,0,imagen.jpeg,14,pointwise_conv,1x96x56x56,3.363772
36,0,imagen.jpeg,15,batchnorm,1x24x56x56,0.114156
36,0,imagen.jpeg,16,pointwise_conv,1x24x56x56,5.118479
36,0,imagen.jpeg,17,batchnorm,1x144x56x56,0.682757
36,0,imagen.jpeg,18,activacion,1x144x56x56,1.006581
36,0,imagen.jpeg,19,depthwise_conv,1x144x56x56,5.452925
36,0,imagen.jpeg,20,batchnorm,1x144x56x56,0.699382
36,0,imagen.jpeg,21,activacion,1x144x56x56,1.458967
36,0,imagen.jpeg,22,pointwise_conv,1x144x56x56,5.079696
36,0,imagen.jpeg,23,batchnorm,1x24x56x56,0.114342
36,0,imagen.jpeg,24,layer_add,1x24x56x56,0.039189
36,0,imagen.jpeg,25,pointwise_conv,1x24x56x56,5.110508
36,0,imagen.jpeg,26,batchnorm,1x144x56x56,0.684776
36,0,imagen.jpeg,27,activacion,1x144x56x56,1.347037
36,0,imagen.jpeg,28,depthwise_conv,1x144x56x56,1.386592
36,0,imagen.jpeg,29,batchnorm,1x144x28x28,0.171957
36,0,imagen.jpeg,30,activacion,1x144x28x28,0.307607
36,0,imagen.jpeg,31,pointwise_conv,1x144x28x28,1.698551
36,0,imagen.jpeg,32,batchnorm,1x32x28x28,0.038371
36,0,imagen.jpeg,33,pointwise_conv,1x32x28x28,2.300426
36,0,imagen.jpeg,34,batchnorm,1x192x28x28,0.234737
36,0,imagen.jpeg,35,activacion,1x192x28x28,0.310563
36,0,imagen.jpeg,36,depthwise_conv,1x192x28x28,1.789491
36,0,imagen.jpeg,37,batchnorm,1x192x28x28,0.23271
36,0,imagen.jpeg,38,activacion,1x192x28x28,0.47847
36,0,imagen.jpeg,39,pointwise_conv,1x192x28x28,2.263644
36,0,imagen.jpeg,40,batchnorm,1x32x28x28,0.041692
36,0,imagen.jpeg,41,layer_add,1x32x28x28,0.011153
36,0,imagen.jpeg,42,pointwise_conv,1x32x28x28,2.295397
36,0,imagen.jpeg,43,batchnorm,1x192x28x28,0.229107
36,0,imagen.jpeg,44,activacion,1x192x28x28,0.366414
36,0,imagen.jpeg,45,depthwise_conv,1x192x28x28,1.837267
36,0,imagen.jpeg,46,batchnorm,1x192x28x28,0.232646
36,0,imagen.jpeg,47,activacion,1x192x28x28,0.474034
36,0,imagen.jpeg,48,pointwise_conv,1x192x28x28,2.277397
36,0,imagen.jpeg,49,batchnorm,1x32x28x28,0.038362
36,0,imagen.jpeg,50,layer_add,1x32x28x28,0.011808
36,0,imagen.jpeg,51,pointwise_conv,1x32x28x28,2.303762
36,0,imagen.jpeg,52,batchnorm,1x192x28x28,0.23102
36,0,imagen.jpeg,53,activacion,1x192x28x28,0.433114
36,0,imagen.jpeg,54,depthwise_conv,1x192x28x28,0.477374
36,0,imagen.jpeg,55,batchnorm,1x192x14x14,0.057747
36,0,imagen.jpeg,56,activacion,1x192x14x14,0.082382
36,0,imagen.jpeg,57,pointwise_conv,1x192x14x14,1.198362
36,0,imagen.jpeg,58,batchnorm,1x64x14x14,0.019418
36,0,imagen.jpeg,59,pointwise_conv,1x64x14x14,2.407758
36,0,imagen.jpeg,60,batchnorm,1x384x14x14,0.115381
36,0,imagen.jpeg,61,activacion,1x384x14x14,0.154313
36,0,imagen.jpeg,62,depthwise_conv,1x384x14x14,0.933441
36,0,imagen.jpeg,63,batchnorm,1x384x14x14,0.117812
36,0,imagen.jpeg,64,activacion,1x384x14x14,0.243883
36,0,imagen.jpeg,65,pointwise_conv,1x384x14x14,2.39142
36,0,imagen.jpeg,66,batchnorm,1x64x14x14,0.019442
36,0,imagen.jpeg,67,layer_add,1x64x14x14,0.005518
36,0,imagen.jpeg,68,pointwise_conv,1x64x14x14,2.412646
36,0,imagen.jpeg,69,batchnorm,1x384x14x14,0.115275
36,0,imagen.jpeg,70,activacion,1x384x14x14,0.210574
36,0,imagen.jpeg,71,depthwise_conv,1x384x14x14,0.934613
36,0,imagen.jpeg,72,batchnorm,1x384x14x14,0.247898
36,0,imagen.jpeg,73,activacion,1x384x14x14,0.231118
36,0,imagen.jpeg,74,pointwise_conv,1x384x14x14,2.389128
36,0,imagen.jpeg,75,batchnorm,1x64x14x14,0.019347
36,0,imagen.jpeg,76,layer_add,1x64x14x14,0.005505
36,0,imagen.jpeg,77,pointwise_conv,1x64x14x14,2.412047
36,0,imagen.jpeg,78,batchnorm,1x384x14x14,0.115226
36,0,imagen.jpeg,79,activacion,1x384x14x14,0.231367
36,0,imagen.jpeg,80,depthwise_conv,1x384x14x14,0.926776
36,0,imagen.jpeg,81,batchnorm,1x384x14x14,0.444497
36,0,imagen.jpeg,82,activacion,1x384x14x14,0.201314
36,0,imagen.jpeg,83,pointwise_conv,1x384x14x14,2.388777
36,0,imagen.jpeg,84,batchnorm,1x64x14x14,0.019562
36,0,imagen.jpeg,85,layer_add,1x64x14x14,0.005497
36,0,imagen.jpeg,86,pointwise_conv,1x64x14x14,2.405623
36,0,imagen.jpeg,87,batchnorm,1x384x14x14,0.115346
36,0,imagen.jpeg,88,activacion,1x384x14x14,0.227895
36,0,imagen.jpeg,89,depthwise_conv,1x384x14x14,0.932687
36,0,imagen.jpeg,90,batchnorm,1x384x14x14,0.115431
36,0,imagen.jpeg,91,activacion,1x384x14x14,0.210872
36,0,imagen.jpeg,92,pointwise_conv,1x384x14x14,3.586314
36,0,imagen.jpeg,93,batchnorm,1x96x14x14,0.028999
36,0,imagen.jpeg,94,pointwise_conv,1x96x14x14,5.398644
36,0,imagen.jpeg,95,batchnorm,1x576x14x14,0.172421
36,0,imagen.jpeg,96,activacion,1x576x14x14,0.328966
36,0,imagen.jpeg,97,depthwise_conv,1x576x14x14,1.405722
36,0,imagen.jpeg,98,batchnorm,1x576x14x14,0.49936
36,0,imagen.jpeg,99,activacion,1x576x14x14,0.286157
36,0,imagen.jpeg,100,pointwise_conv,1x576x14x14,5.375701
36,0,imagen.jpeg,101,batchnorm,1x96x14x14,0.029007
36,0,imagen.jpeg,102,layer_add,1x96x14x14,0.008241
36,0,imagen.jpeg,103,pointwise_conv,1x96x14x14,5.408346
36,0,imagen.jpeg,104,batchnorm,1x576x14x14,0.176246
36,0,imagen.jpeg,105,activacion,1x576x14x14,0.325874
36,0,imagen.jpeg,106,depthwise_conv,1x576x14x14,1.403851
36,0,imagen.jpeg,107,batchnorm,1x576x14x14,0.437264
36,0,imagen.jpeg,108,activacion,1x576x14x14,0.256049
36,0,imagen.jpeg,109,pointwise_conv,1x576x14x14,5.372882
36,0,imagen.jpeg,110,batchnorm,1x96x14x14,0.028928
36,0,imagen.jpeg,111,layer_add,1x96x14x14,0.008445
36,0,imagen.jpeg,112,pointwise_conv,1x96x14x14,5.403472
36,0,imagen.jpeg,113,batchnorm,1x576x14x14,0.172836
36,0,imagen.jpeg,114,activacion,1x576x14x14,0.286407
36,0,imagen.jpeg,115,depthwise_conv,1x576x14x14,0.362032
36,0,imagen.jpeg,116,batchnorm,1x576x7x7,0.061167
36,0,imagen.jpeg,117,activacion,1x576x7x7,0.04992
36,0,imagen.jpeg,118,pointwise_conv,1x576x7x7,2.142903
36,0,imagen.jpeg,119,batchnorm,1x160x7x7,0.012735
36,0,imagen.jpeg,120,pointwise_conv,1x160x7x7,3.581916
36,0,imagen.jpeg,121,batchnorm,1x960x7x7,0.074368
36,0,imagen.jpeg,122,activacion,1x960x7x7,0.134068
36,0,imagen.jpeg,123,depthwise_conv,1x960x7x7,0.590008
36,0,imagen.jpeg,124,batchnorm,1x960x7x7,0.074697
36,0,imagen.jpeg,125,activacion,1x960x7x7,0.127904
36,0,imagen.jpeg,126,pointwise_conv,1x960x7x7,3.579376
36,0,imagen.jpeg,127,batchnorm,1x160x7x7,0.012598
36,0,imagen.jpeg,128,layer_add,1x160x7x7,0.003464
36,0,imagen.jpeg,129,pointwise_conv,1x160x7x7,3.577748
36,0,imagen.jpeg,130,batchnorm,1x960x7x7,0.078009
36,0,imagen.jpeg,131,activacion,1x960x7x7,0.126855
36,0,imagen.jpeg,132,depthwise_conv,1x960x7x7,0.586006
36,0,imagen.jpeg,133,batchnorm,1x960x7x7,0.123648
36,0,imagen.jpeg,134,activacion,1x960x7x7,0.114043
36,0,imagen.jpeg,135,pointwise_conv,1x960x7x7,3.569673
36,0,imagen.jpeg,136,batchnorm,1x160x7x7,0.012519
36,0,imagen.jpeg,137,layer_add,1x160x7x7,0.003867
36,0,imagen.jpeg,138,pointwise_conv,1x160x7x7,3.610371
36,0,imagen.jpeg,139,batchnorm,1x960x7x7,0.074392
36,0,imagen.jpeg,140,activacion,1x960x7x7,0.102975
36,0,imagen.jpeg,141,depthwise_conv,1x960x7x7,0.575151
36,0,imagen.jpeg,142,batchnorm,1x960x7x7,0.090777
36,0,imagen.jpeg,143,activacion,1x960x7x7,0.05724
36,0,imagen.jpeg,144,pointwise_conv,1x960x7x7,7.153198
36,0,imagen.jpeg,145,batchnorm,1x320x7x7,0.025078
36,0,imagen.jpeg,146,pointwise_conv,1x320x7x7,9.536597
36,0,imagen.jpeg,147,batchnorm,1x1280x7x7,0.099172
36,0,imagen.jpeg,148,activacion,1x1280x7x7,0.158502
36,0,imagen.jpeg,149,pooling,1x1280x7x7,0.033508
36,0,imagen.jpeg,150,linear,1x1280,1.091216
37,0,imagen.jpeg,0,conv2d,1x3x224x224,17.057304
37,0,imagen.jpeg,1,batchnorm,1x32x112x112,0.608965
37,0,imagen.jpeg,2,activacion,1x32x112x112,0.405741
37,0,imagen.jpeg,3,depthwise_conv,1x32x112x112,4.811195
37,0,imagen.jpeg,4,batchnorm,1x32x112x112,9.028481
37,0,imagen.jpeg,5,activacion,1x32x112x112,0.490086
37,0,imagen.jpeg,6,pointwise_conv,1x32x112x112,3.027164
37,0,imagen.jpeg,7,batchnorm,1x16x112x112,0.316868
37,0,imagen.jpeg,8,pointwise_conv,1x16x112x112,9.256934
37,0,imagen.jpeg,9,batchnorm,1x96x112x112,1.843975
37,0,imagen.jpeg,10,activacion,1x96x112x112,2.793767
37,0,imagen.jpeg,11,depthwise_conv,1x96x112x112,3.669987
37,0,imagen.jpeg,12,batchnorm,1x96x56x56,0.467624
37,0,imagen.jpeg,13,activacion,1x96x56x56,0.877435
37,0,imagen.jpeg,14,pointwise_conv,1x96x56x56,3.366863
37,0,imagen.jpeg,15,batchnorm,1x24x56x56,0.114012
37,0,imagen.jpeg,16,pointwise_conv,1x24x56x56,5.130671
37,0,imagen.jpeg,17,batchnorm,1x144x56x56,0.682585
37,0,imagen.jpeg,18,activacion,1x144x56x56,1.017459
37,0,imagen.jpeg,19,depthwise_conv,1x144x56x56,5.433301
37,0,imagen.jpeg,20,batchnorm,1x144x56x56,0.703943
37,0,imagen.jpeg,21,activacion,1x144x56x56,1.439042
37,0,imagen.jpeg,22,pointwise_conv,1x144x56x56,5.067121
37,0,imagen.jpeg,23,batchnorm,1x24x56x56,0.114148
37,0,imagen.jpeg,24,layer_add,1x24x56x56,0.034766
37,0,imagen.jpeg,25,pointwise_conv,1x24x56x56,5.11441
37,0,imagen.jpeg,26,batchnorm,1x144x56x56,0.684566
37,0,imagen.jpeg,27,activacion,1x144x56x56,1.343447
37,0,imagen.jpeg,28,depthwise_conv,1x144x56x56,1.383462
37,0,imagen.jpeg,29,batchnorm,1x144x28x28,0.171917
37,0,imagen.jpeg,30,activacion,1x144x28x28,0.305431
37,0,imagen.jpeg,31,pointwise_conv,1x144x28x28,1.702255
37,0,imagen.jpeg,32,batchnorm,1x32x28x28,0.038363
37,0,imagen.jpeg,33,pointwise_conv,1x32x28x28,2.294313
37,0,imagen.jpeg,34,batchnorm,1x192x28x28,0.229289
37,0,imagen.jpeg,35,activacion,1x192x28x28,0.289317
37,0,imagen.jpeg,36,depthwise_conv,1x192x28x28,1.8263
37,0,imagen.jpeg,37,batchnorm,1x192x28x28,0.232649
37,0,imagen.jpeg,38,activacion,1x192x28x28,0.483758
37,0,imagen.jpeg,39,pointwise_conv,1x192x28x28,2.265014
37,0,imagen.jpeg,40,batchnorm,1x32x28x28,0.038268
37,0,imagen.jpeg,41,layer_add,1x32x28x28,0.01126
37,0,imagen.jpeg,42,pointwise_conv,1x32x28x28,2.298576
37,0,imagen.jpeg,43,batchnorm,1x192x28x28,0.229261
37,0,imagen.jpeg,44,activacion,1x192x28x28,0.368462
37,0,imagen.jpeg,45,depthwise_conv,1x192x28x28,1.841935
37,0,imagen.jpeg,46,batchnorm,1x192x28x28,0.232647
37,0,imagen.jpeg,47,activacion,1x192x28x28,0.463698
37,0,imagen.jpeg,48,pointwise_conv,1x192x28x28,2.266441
37,0,imagen.jpeg,49,batchnorm,1x32x28x28,0.042253
37,0,imagen.jpeg,50,layer_add,1x32x28x28,0.011366
37,0,imagen.jpeg,51,pointwise_conv,1x32x28x28,2.295931
37,0,imagen.jpeg,52,batchnorm,1x192x28x28,0.235495
37,0,imagen.jpeg,53,activacion,1x192x28x28,0.444464
37,0,imagen.jpeg,54,depthwise_conv,1x192x28x28,0.473576
37,0,imagen.jpeg,55,batchnorm,1x192x14x14,0.057671
37,0,imagen.jpeg,56,activacion,1x192x14x14,0.078569
37,0,imagen.jpeg,57,pointwise_conv,1x192x14x14,1.201961
37,0,imagen.jpeg,58,batchnorm,1x64x14x14,0.019428
37,0,imagen.jpeg,59,pointwise_conv,1x64x14x14,2.41111
37,0,imagen.jpeg,60,batchnorm,1x384x14x14,0.115173
37,0,imagen.jpeg,61,activacion,1x384x14x14,0.155261
37,0,imagen.jpeg,62,depthwise_conv,1x384x14x14,0.933779
37,0,imagen.jpeg,63,batchnorm,1x384x14x14,0.118169
37,0,imagen.jpeg,64,activacion,1x384x14x14,0.246421
37,0,imagen.jpeg,65,pointwise_conv,1x384x14x14,2.385981
37,0,imagen.jpeg,66,batchnorm,1x64x14x14,0.019293
37,0,imagen.jpeg,67,layer_add,1x64x14x14,0.005509
37,0,imagen.jpeg,68,pointwise_conv,1x64x14x14,2.41003
37,0,imagen.jpeg,69,batchnorm,1x384x14x14,0.115202
37,0,imagen.jpeg,70,activacion,1x384x14x14,0.206816
37,0,imagen.jpeg,71,depthwise_conv,1x384x14x14,0.932471
37,0,imagen.jpeg,72,batchnorm,1x384x14x14,0.245774
37,0,imagen.jpeg,73,activacion,1x384x14x14,0.228248
37,0,imagen.jpeg,74,pointwise_conv,1x384x14x14,2.390359
37,0,imagen.jpeg,75,batchnorm,1x64x14x14,0.019366
37,0,imagen.jpeg,76,layer_add,1x64x14x14,0.005524
37,0,imagen.jpeg,77,pointwise_conv,1x64x14x14,2.41065
37,0,imagen.jpeg,78,batchnorm,1x384x14x14,0.115285
37,0,imagen.jpeg,79,activacion,1x384x14x14,0.229149
37,0,imagen.jpeg,80,depthwise_conv,1x384x14x14,0.933322
37,0,imagen.jpeg,81,batchnorm,1x384x14x14,0.441824
37,0,imagen.jpeg,82,activacion,1x384x14x14,0.203387
37,0,imagen.jpeg,83,pointwise_conv,1x384x14x14,2.397165
37,0,imagen.jpeg,84,batchnorm,1x64x14x14,0.019479
37,0,imagen.jpeg,85,layer_add,1x64x14x14,0.005642
37,0,imagen.jpeg,86,pointwise_conv,1x64x14x14,2.413356
37,0,imagen.jpeg,87,batchnorm,1x384x14x14,0.115411
37,0,imagen.jpeg,88,activacion,1x384x14x14,0.228193
37,0,imagen.jpeg,89,depthwise_conv,1x384x14x14,0.917901
37,0,imagen.jpeg,90,batchnorm,1x384x14x14,0.115274
37,0,imagen.jpeg,91,activacion,1x384x14x14,0.211471
37,0,imagen.jpeg,92,pointwise_conv,1x384x14x14,3.581925
37,0,imagen.jpeg,93,batchnorm,1x96x14x14,0.028833
37,0,imagen.jpeg,94,pointwise_conv,1x96x14x14,5.397775
37,0,imagen.jpeg,95,batchnorm,1x576x14x14,0.172981
37,0,imagen.jpeg,96,activacion,1x576x14x14,0.326083
37,0,imagen.jpeg,97,depthwise_conv,1x576x14x14,1.426954
37,0,imagen.jpeg,98,batchnorm,1x576x14x14,0.499033
37,0,imagen.jpeg,99,activacion,1x576x14x14,0.28513
37,0,imagen.jpeg,100,pointwise_conv,1x576x14x14,5.376619
37,0,imagen.jpeg,101,batchnorm,1x96x14x14,0.028886
37,0,imagen.jpeg,102,layer_add,1x96x14x14,0.008258
37,0,imagen.jpeg,103,pointwise_conv,1x96x14x14,5.405666
37,0,imagen.jpeg,104,batchnorm,1x576x14x14,0.176644
37,0,imagen.jpeg,105,activacion,1x576x14x14,0.326845
37,0,imagen.jpeg,106,depthwise_conv,1x576x14x14,1.396733
37,0,imagen.jpeg,107,batchnorm,1x576x14x14,0.436535
37,0,imagen.jpeg,108,activacion,1x576x14x14,0.256734
37,0,imagen.jpeg,109,pointwise_conv,1x576x14x14,5.392607
37,0,imagen.jpeg,110,batchnorm,1x96x14x14,0.028891
37,0,imagen.jpeg,111,layer_add,1x96x14x14,0.008306
37,0,imagen.jpeg,112,pointwise_conv,1x96x14x14,5.404752
37,0,imagen.jpeg,113,batchnorm,1x576x14x14,0.172293
37,0,imagen.jpeg,114,activacion,1x576x14x14,0.28615
37,0,imagen.jpeg,115,depthwise_conv,1x576x14x14,0.362093
37,0,imagen.jpeg,116,batchnorm,1x576x7x7,0.061157
37,0,imagen.jpeg,117,activacion,1x576x7x7,0.049457
37,0,imagen.jpeg,118,pointwise_conv,1x576x7x7,2.142913
37,0,imagen.jpeg,119,batchnorm,1x160x7x7,0.012698
37,0,imagen.jpeg,120,pointwise_conv,1x160x7x7,3.582285
37,0,imagen.jpeg,121,batchnorm,1x960x7x7,0.074398
37,0,imagen.jpeg,122,activacion,1x960x7x7,0.133848
37,0,imagen.jpeg,123,depthwise_conv,1x960x7x7,0.563582
37,0,imagen.jpeg,124,batchnorm,1x960x7x7,0.074514
37,0,imagen.jpeg,125,activacion,1x960x7x7,0.128371
37,0,imagen.jpeg,126,pointwise_conv,1x960x7x7,3.60097
37,0,imagen.jpeg,127,batchnorm,1x160x7x7,0.012585
37,0,imagen.jpeg,128,layer_add,1x160x7x7,0.003622
37,0,imagen.jpeg,129,pointwise_conv,1x160x7x7,3.581486
37,0,imagen.jpeg,130,batchnorm,1x960x7x7,0.07792
37,0,imagen.jpeg,131,activacion,1x960x7x7,0.12834
37,0,imagen.jpeg,132,depthwise_conv,1x960x7x7,0.560389
37,0,imagen.jpeg,133,batchnorm,1x960x7x7,0.123591
37,0,imagen.jpeg,134,activacion,1x960x7x7,0.113879
37,0,imagen.jpeg,135,pointwise_conv,1x960x7x7,3.570785
37,0,imagen.jpeg,136,batchnorm,1x160x7x7,0.01248
37,0,imagen.jpeg,137,layer_add,1x160x7x7,0.004083
37,0,imagen.jpeg,138,pointwise_conv,1x160x7x7,3.596222
37,0,imagen.jpeg,139,batchnorm,1x960x7x7,0.076226
37,0,imagen.jpeg,140,activacion,1x960x7x7,0.102638
37,0,imagen.jpeg,141,depthwise_conv,1x960x7x7,0.590096
37,0,imagen.jpeg,142,batchnorm,1x960x7x7,0.090758
37,0,imagen.jpeg,143,activacion,1x960x7x7,0.057546
37,0,imagen.jpeg,144,pointwise_conv,1x960x7x7,7.135553
37,0,imagen.jpeg,145,batchnorm,1x320x7x7,0.025048
37,0,imagen.jpeg,146,pointwise_conv,1x320x7x7,9.551887
37,0,imagen.jpeg,147,batchnorm,1x1280x7x7,0.099141
37,0,imagen.jpeg,148,activacion,1x1280x7x7,0.159888
37,0,imagen.jpeg,149,pooling,1x1280x7x7,0.03367
37,0,imagen.jpeg,150,linear,1x1280,1.089409
38,0,imagen.jpeg,0,conv2d,1x3x224x224,17.959213
38,0,imagen.jpeg,1,batchnorm,1x32x112x112,0.61262
38,0,imagen.jpeg,2,activacion,1x32x112x112,0.405532
38,0,imagen.jpeg,3,depthwise_conv,1x32x112x112,4.785464
38,0,imagen.jpeg,4,batchnorm,1x32x112x112,8.977297
38,0,imagen.jpeg,5,activacion,1x32x112x112,0.486466
38,0,imagen.jpeg,6,pointwise_conv,1x32x112x112,3.029671
38,0,imagen.jpeg,7,batchnorm,1x16x112x112,0.308941
38,0,imagen.jpeg,8,pointwise_conv,1x16x112x112,9.184611
38,0,imagen.jpeg,9,batchnorm,1x96x112x112,1.842733
38,0,imagen.jpeg,10,activacion,1x96x112x112,2.778613
38,0,imagen.jpeg,11,depthwise_conv,1x96x112x112,3.54744
38,0,imagen.jpeg,12,batchnorm,1x96x56x56,0.460281
38,0,imagen.jpeg,13,activacion,1x96x56x56,0.895186
38,0,imagen.jpeg,14,pointwise_conv,1x96x56x56,3.384911
38,0,imagen.jpeg,15,batchnorm,1x24x56x56,0.114349
38,0,imagen.jpeg,16,pointwise_conv,1x24x56x56,5.120273
38,0,imagen.jpeg,17,batchnorm,1x144x56x56,0.693104
38,0,imagen.jpeg,18,activacion,1x144x56x56,1.010942
38,0,imagen.jpeg,19,depthwise_conv,1x144x56x56,5.42917
38,0,imagen.jpeg,20,batchnorm,1x144x56x56,0.69082
38,0,imagen.jpeg,21,activacion,1x144x56x56,1.448882
38,0,imagen.jpeg,22,pointwise_conv,1x144x56x56,5.058932
38,0,imagen.jpeg,23,batchnorm,1x24x56x56,0.114077
38,0,imagen.jpeg,24,layer_add,1x24x56x56,0.033636
38,0,imagen.jpeg,25,pointwise_conv,1x24x56x56,5.115531
38,0,imagen.jpeg,26,batchnorm,1x144x56x56,0.689028
38,0,imagen.jpeg,27,activacion,1x144x56x56,1.341281
38,0,imagen.jpeg,28,depthwise_conv,1x144x56x56,1.386437
38,0,imagen.jpeg,29,batchnorm,1x144x28x28,0.171953
38,0,imagen.jpeg,30,activacion,1x144x28x28,0.298295
38,0,imagen.jpeg,31,pointwise_conv,1x144x28x28,1.714063
38,0,imagen.jpeg,32,batchnorm,1x32x28x28,0.038432
38,0,imagen.jpeg,33,pointwise_conv,1x32x28x28,2.295829
38,0,imagen.jpeg,34,batchnorm,1x192x28x28,0.229173
38,0,imagen.jpeg,35,activacion,1x192x28x28,0.288724
38,0,imagen.jpeg,36,depthwise_conv,1x192x28x28,1.785695
38,0,imagen.jpeg,37,batchnorm,1x192x28x28,0.229116
38,0,imagen.jpeg,38,activacion,1x192x28x28,0.486298
38,0,imagen.jpeg,39,pointwise_conv,1x192x28x28,2.263792
38,0,imagen.jpeg,40,batchnorm,1x32x28x28,0.038259
38,0,imagen.jpeg,41,layer_add,1x32x28x28,0.011044
38,0,imagen.jpeg,42,pointwise_conv,1x32x28x28,2.297603
38,0,imagen.jpeg,43,batchnorm,1x192x28x28,0.232196
38,0,imagen.jpeg,44,activacion,1x192x28x28,0.363062
38,0,imagen.jpeg,45,depthwise_conv,1x192x28x28,1.783738
38,0,imagen.jpeg,46,batchnorm,1x192x28x28,0.229276
38,0,imagen.jpeg,47,activacion,1x192x28x28,0.471585
38,0,imagen.jpeg,48,pointwise_conv,1x192x28x28,2.263661
38,0,imagen.jpeg,49,batchnorm,1x32x28x28,0.038273
38,0,imagen.jpeg,50,layer_add,1x32x28x28,0.011416
38,0,imagen.jpeg,51,pointwise_conv,1x32x28x28,2.295196
38,0,imagen.jpeg,52,batchnorm,1x192x28x28,0.231963
38,0,imagen.jpeg,53,activacion,1x192x28x28,0.427274
38,0,imagen.jpeg,54,depthwise_conv,1x192x28x28,0.48518
38,0,imagen.jpeg,55,batchnorm,1x192x14x14,0.060401
38,0,imagen.jpeg,56,activacion,1x192x14x14,0.077964
38,0,imagen.jpeg,57,pointwise_conv,1x192x14x14,1.197456
38,0,imagen.jpeg,58,batchnorm,1x64x14x14,0.019444
38,0,imagen.jpeg,59,pointwise_conv,1x64x14x14,2.412709
38,0,imagen.jpeg,60,batchnorm,1x384x14x14,0.117526
38,0,imagen.jpeg,61,activacion,1x384x14x14,0.157012
38,0,imagen.jpeg,62,depthwise_conv,1x384x14x14,0.925518
38,0,imagen.jpeg,63,batchnorm,1x384x14x14,0.115338
38,0,imagen.jpeg,64,activacion,1x384x14x14,0.244496
38,0,imagen.jpeg,65,pointwise_conv,1x384x14x14,2.391304
38,0,imagen.jpeg,66,batchnorm,1x64x14x14,0.019337
38,0,imagen.jpeg,67,layer_add,1x64x14x14,0.005493
38,0,imagen.jpeg,68,pointwise_conv,1x64x14x14,2.410395
38,0,imagen.jpeg,69,batchnorm,1x384x14x14,0.115331
38,0,imagen.jpeg,70,activacion,1x384x14x14,0.2094
38,0,imagen.jpeg,71,depthwise_conv,1x384x14x14,0.930649
38,0,imagen.jpeg,72,batchnorm,1x384x14x14,0.245962
38,0,imagen.jpeg,73,activacion,1x384x14x14,0.221393
38,0,imagen.jpeg,74,pointwise_conv,1x384x14x14,2.392098
38,0,imagen.jpeg,75,batchnorm,1x64x14x14,0.019398
38,0,imagen.jpeg,76,layer_add,1x64x14x14,0.005888
38,0,imagen.jpeg,77,pointwise_conv,1x64x14x14,2.41004
38,0,imagen.jpeg,78,batchnorm,1x384x14x14,0.114931
38,0,imagen.jpeg,79,activacion,1x384x14x14,0.232617
38,0,imagen.jpeg,80,depthwise_conv,1x384x14x14,0.914262
38,0,imagen.jpeg,81,batchnorm,1x384x14x14,0.441786
38,0,imagen.jpeg,82,activacion,1x384x14x14,0.201891
38,0,imagen.jpeg,83,pointwise_conv,1x384x14x14,2.395264
38,0,imagen.jpeg,84,batchnorm,1x64x14x14,0.019995
38,0,imagen.jpeg,85,layer_add,1x64x14x14,0.005515
38,0,imagen.jpeg,86,pointwise_conv,1x64x14x14,2.429179
38,0,imagen.jpeg,87,batchnorm,1x384x14x14,0.115413
38,0,imagen.jpeg,88,activacion,1x384x14x14,0.231514
38,0,imagen.jpeg,89,depthwise_conv,1x384x14x14,0.93483
38,0,imagen.jpeg,90,batchnorm,1x384x14x14,0.119105
38,0,imagen.jpeg,91,activacion,1x384x14x14,0.209681
38,0,imagen.jpeg,92,pointwise_conv,1x384x14x14,3.587099
38,0,imagen.jpeg,93,batchnorm,1x96x14x14,0.032237
38,0,imagen.jpeg,94,pointwise_conv,1x96x14x14,5.403412
38,0,imagen.jpeg,95,batchnorm,1x576x14x14,0.172447
38,0,imagen.jpeg,96,activacion,1x576x14x14,0.329879
38,0,imagen.jpeg,97,depthwise_conv,1x576x14x14,1.395678
38,0,imagen.jpeg,98,batchnorm,1x576x14x14,0.504416
38,0,imagen.jpeg,99,activacion,1x576x14x14,0.287807
38,0,imagen.jpeg,100,pointwise_conv,1x576x14x14,5.373895
38,0,imagen.jpeg,101,batchnorm,1x96x14x14,0.028911
38,0,imagen.jpeg,102,layer_add,1x96x14x14,0.008486
38,0,imagen.jpeg,103,pointwise_conv,1x96x14x14,5.403581
38,0,imagen.jpeg,104,batchnorm,1x576x14x14,0.173212
38,0,imagen.jpeg,105,activacion,1x576x14x14,0.326162
38,0,imagen.jpeg,106,depthwise_conv,1x576x14x14,1.402518
38,0,imagen.jpeg,107,batchnorm,1x576x14x14,0.433764
38,0,imagen.jpeg,108,activacion,1x576x14x14,0.261095
38,0,imagen.jpeg,109,pointwise_conv,1x576x14x14,5.375558
38,0,imagen.jpeg,110,batchnorm,1x96x14x14,0.028947
38,0,imagen.jpeg,111,layer_add,1x96x14x14,0.008897
38,0,imagen.jpeg,112,pointwise_conv,1x96x14x14,5.408578
38,0,imagen.jpeg,113,batchnorm,1x576x14x14,0.176489
38,0,imagen.jpeg,114,activacion,1x576x14x14,0.283154
38,0,imagen.jpeg,115,depthwise_conv,1x576x14x14,0.36212
38,0,imagen.jpeg,116,batchnorm,1x576x7x7,0.061247
38,0,imagen.jpeg,117,activacion,1x576x7x7,0.051043
38,0,imagen.jpeg,118,pointwise_conv,1x576x7x7,2.142787
38,0,imagen.jpeg,119,batchnorm,1x160x7x7,0.012782
38,0,imagen.jpeg,120,pointwise_conv,1x160x7x7,3.57912
38,0,imagen.jpeg,121,batchnorm,1x960x7x7,0.077649
38,0,imagen.jpeg,122,activacion,1x960x7x7,0.134344
38,0,imagen.jpeg,123,depthwise_conv,1x960x7x7,0.586243
38,0,imagen.jpeg,124,batchnorm,1x960x7x7,0.074555
38,0,imagen.jpeg,125,activacion,1x960x7x7,0.127922
38,0,imagen.jpeg,126,pointwise_conv,1x960x7x7,3.567359
38,0,imagen.jpeg,127,batchnorm,1x160x7x7,0.012591
38,0,imagen.jpeg,128,layer_add,1x160x7x7,0.003498
38,0,imagen.jpeg,129,pointwise_conv,1x160x7x7,3.594209
38,0,imagen.jpeg,130,batchnorm,1x960x7x7,0.074388
38,0,imagen.jpeg,131,activacion,1x960x7x7,0.126807
38,0,imagen.jpeg,132,depthwise_conv,1x960x7x7,0.589507
38,0,imagen.jpeg,133,batchnorm,1x960x7x7,0.123698
38,0,imagen.jpeg,134,activacion,1x960x7x7,0.110178
38,0,imagen.jpeg,135,pointwise_conv,1x960x7x7,3.571322
38,0,imagen.jpeg,136,batchnorm,1x160x7x7,0.012526
38,0,imagen.jpeg,137,layer_add,1x160x7x7,0.003915
38,0,imagen.jpeg,138,pointwise_conv,1x160x7x7,3.583639
38,0,imagen.jpeg,139,batchnorm,1x960x7x7,0.077223
38,0,imagen.jpeg,140,activacion,1x960x7x7,0.102648
38,0,imagen.jpeg,141,depthwise_conv,1x960x7x7,0.585966
38,0,imagen.jpeg,142,batchnorm,1x960x7x7,0.090843
38,0,imagen.jpeg,143,activacion,1x960x7x7,0.057532
38,0,imagen.jpeg,144,pointwise_conv,1x960x7x7,7.136068
38,0,imagen.jpeg,145,batchnorm,1x320x7x7,0.025025
38,0,imagen.jpeg,146,pointwise_conv,1x320x7x7,9.533701
38,0,imagen.jpeg,147,batchnorm,1x1280x7x7,0.099207
38,0,imagen.jpeg,148,activacion,1x1280x7x7,0.162413
38,0,imagen.jpeg,149,pooling,1x1280x7x7,0.033602
38,0,imagen.jpeg,150,linear,1x1280,1.100941
39,0,imagen.jpeg,0,conv2d,1x3x224x224,16.964796
39,0,imagen.jpeg,1,batchnorm,1x32x112x112,0.620881
39,0,imagen.jpeg,2,activacion,1x32x112x112,0.396087
39,0,imagen.jpeg,3,depthwise_conv,1x32x112x112,4.795056
39,0,imagen.jpeg,4,batchnorm,1x32x112x112,8.990329
39,0,imagen.jpeg,5,activacion,1x32x112x112,0.493076
39,0,imagen.jpeg,6,pointwise_conv,1x32x112x112,3.027835
39,0,imagen.jpeg,7,batchnorm,1x16x112x112,0.304929
39,0,imagen.jpeg,8,pointwise_conv,1x16x112x112,9.276685
39,0,imagen.jpeg,9,batchnorm,1x96x112x112,1.847968
39,0,imagen.jpeg,10,activacion,1x96x112x112,2.788697
39,0,imagen.jpeg,11,depthwise_conv,1x96x112x112,3.641119
39,0,imagen.jpeg,12,batchnorm,1x96x56x56,0.455465
39,0,imagen.jpeg,13,activacion,1x96x56x56,0.884098
39,0,imagen.jpeg,14,pointwise_conv,1x96x56x56,3.365707
39,0,imagen.jpeg,15,batchnorm,1x24x56x56,0.114376
39,0,imagen.jpeg,16,pointwise_conv,1x24x56x56,5.120228
39,0,imagen.jpeg,17,batchnorm,1x144x56x56,0.704323
39,0,imagen.jpeg,18,activacion,1x144x56x56,1.009237
39,0,imagen.jpeg,19,depthwise_conv,1x144x56x56,5.322793
39,0,imagen.jpeg,20,batchnorm,1x144x56x56,0.68735
39,0,imagen.jpeg,21,activacion,1x144x56x56,1.445059
39,0,imagen.jpeg,22,pointwise_conv,1x144x56x56,5.05922
39,0,imagen.jpeg,23,batchnorm,1x24x56x56,0.118932
39,0,imagen.jpeg,24,layer_add,1x24x56x56,0.03979
39,0,imagen.jpeg,25,pointwise_conv,1x24x56x56,5.111317
39,0,imagen.jpeg,26,batchnorm,1x144x56x56,0.690701
39,0,imagen.jpeg,27,activacion,1x144x56x56,1.364297
39,0,imagen.jpeg,28,depthwise_conv,1x144x56x56,1.375226
39,0,imagen.jpeg,29,batchnorm,1x144x28x28,0.176165
39,0,imagen.jpeg,30,activacion,1x144x28x28,0.299346
39,0,imagen.jpeg,31,pointwise_conv,1x144x28x28,1.701868
39,0,imagen.jpeg,32,batchnorm,1x32x28x28,0.038291
39,0,imagen.jpeg,33,pointwise_conv,1x32x28x28,2.296326
39,0,imagen.jpeg,34,batchnorm,1x192x28x28,0.229294
39,0,imagen.jpeg,35,activacion,1x192x28x28,0.29281
39,0,imagen.jpeg,36,depthwise_conv,1x192x28x28,1.812799
39,0,imagen.jpeg,37,batchnorm,1x192x28x28,0.235717
39,0,imagen.jpeg,38,activacion,1x192x28x28,0.479673
39,0,imagen.jpeg,39,pointwise_conv,1x192x28x28,2.265719
39,0,imagen.jpeg,40,batchnorm,1x32x28x28,0.038241
39,0,imagen.jpeg,41,layer_add,1x32x28x28,0.010935
39,0,imagen.jpeg,42,pointwise_conv,1x32x28x28,2.29626
39,0,imagen.jpeg,43,batchnorm,1x192x28x28,0.229007
39,0,imagen.jpeg,44,activacion,1x192x28x28,0.370238
39,0,imagen.jpeg,45,depthwise_conv,1x192x28x28,1.829527
39,0,imagen.jpeg,46,batchnorm,1x192x28x28,0.233452
39,0,imagen.jpeg,47,activacion,1x192x28x28,0.471162
39,0,imagen.jpeg,48,pointwise_conv,1x192x28x28,2.267773
39,0,imagen.jpeg,49,batchnorm,1x32x28x28,0.038297
39,0,imagen.jpeg,50,layer_add,1x32x28x28,0.011572
39,0,imagen.jpeg,51,pointwise_conv,1x32x28x28,2.295628
39,0,imagen.jpeg,52,batchnorm,1x192x28x28,0.229174
39,0,imagen.jpeg,53,activacion,1x192x28x28,0.437713
39,0,imagen.jpeg,54,depthwise_conv,1x192x28x28,0.471692
39,0,imagen.jpeg,55,batchnorm,1x192x14x14,0.057695
39,0,imagen.jpeg,56,activacion,1x192x14x14,0.081389
39,0,imagen.jpeg,57,pointwise_conv,1x192x14x14,1.219751
39,0,imagen.jpeg,58,batchnorm,1x64x14x14,0.019409
39,0,imagen.jpeg,59,pointwise_conv,1x64x14x14,2.413658
39,0,imagen.jpeg,60,batchnorm,1x384x14x14,0.115533
39,0,imagen.jpeg,61,activacion,1x384x14x14,0.15661
39,0,imagen.jpeg,62,depthwise_conv,1x384x14x14,0.914941
39,0,imagen.jpeg,63,batchnorm,1x384x14x14,0.119175
39,0,imagen.jpeg,64,activacion,1x384x14x14,0.250056
39,0,imagen.jpeg,65,pointwise_conv,1x384x14x14,2.386796
39,0,imagen.jpeg,66,batchnorm,1x64x14x14,0.019314
39,0,imagen.jpeg,67,layer_add,1x64x14x14,0.005524
39,0,imagen.jpeg,68,pointwise_conv,1x64x14x14,2.40533
39,0,imagen.jpeg,69,batchnorm,1x384x14x14,0.115375
39,0,imagen.jpeg,70,activacion,1x384x14x14,0.207059
39,0,imagen.jpeg,71,depthwise_conv,1x384x14x14,0.926189
39,0,imagen.jpeg,72,batchnorm,1x384x14x14,0.248584
39,0,imagen.jpeg,73,activacion,1x384x14x14,0.221227
39,0,imagen.jpeg,74,pointwise_conv,1x384x14x14,2.3858
39,0,imagen.jpeg,75,batchnorm,1x64x14x14,0.019332
39,0,imagen.jpeg,76,layer_add,1x64x14x14,0.005535
39,0,imagen.jpeg,77,pointwise_conv,1x64x14x14,2.409979
39,0,imagen.jpeg,78,batchnorm,1x384x14x14,0.11533
39,0,imagen.jpeg,79,activacion,1x384x14x14,0.228462
39,0,imagen.jpeg,80,depthwise_conv,1x384x14x14,0.920667
39,0,imagen.jpeg,81,batchnorm,1x384x14x14,0.445487
39,0,imagen.jpeg,82,activacion,1x384x14x14,0.202297
39,0,imagen.jpeg,83,pointwise_conv,1x384x14x14,2.388639
39,0,imagen.jpeg,84,batchnorm,1x64x14x14,0.01946
39,0,imagen.jpeg,85,layer_add,1x64x14x14,0.00552
39,0,imagen.jpeg,86,pointwise_conv,1x64x14x14,2.409463
39,0,imagen.jpeg,87,batchnorm,1x384x14x14,0.115342
39,0,imagen.jpeg,88,activacion,1x384x14x14,0.229443
39,0,imagen.jpeg,89,depthwise_conv,1x384x14x14,0.932032
39,0,imagen.jpeg,90,batchnorm,1x384x14x14,0.115354
39,0,imagen.jpeg,91,activacion,1x384x14x14,0.215959
39,0,imagen.jpeg,92,pointwise_conv,1x384x14x14,3.581008
39,0,imagen.jpeg,93,batchnorm,1x96x14x14,0.029029
39,0,imagen.jpeg,94,pointwise_conv,1x96x14x14,5.403003
39,0,imagen.jpeg,95,batchnorm,1x576x14x14,0.172992
39,0,imagen.jpeg,96,activacion,1x576x14x14,0.325462
39,0,imagen.jpeg,97,depthwise_conv,1x576x14x14,1.385148
39,0,imagen.jpeg,98,batchnorm,1x576x14x14,0.499431
39,0,imagen.jpeg,99,activacion,1x576x14x14,0.286485
39,0,imagen.jpeg,100,pointwise_conv,1x576x14x14,5.375037
39,0,imagen.jpeg,101,batchnorm,1x96x14x14,0.028921
39,0,imagen.jpeg,102,layer_add,1x96x14x14,0.008638
39,0,imagen.jpeg,103,pointwise_conv,1x96x14x14,5.402332
39,0,imagen.jpeg,104,batchnorm,1x576x14x14,0.180346
39,0,imagen.jpeg,105,activacion,1x576x14x14,0.327586
39,0,imagen.jpeg,106,depthwise_conv,1x576x14x14,1.393927
39,0,imagen.jpeg,107,batchnorm,1x576x14x14,0.43865
39,0,imagen.jpeg,108,activacion,1x576x14x14,0.260462
39,0,imagen.jpeg,109,pointwise_conv,1x576x14x14,5.371088
39,0,imagen.jpeg,110,batchnorm,1x96x14x14,0.028875
39,0,imagen.jpeg,111,layer_add,1x96x14x14,0.008243
39,0,imagen.jpeg,112,pointwise_conv,1x96x14x14,5.440201
39,0,imagen.jpeg,113,batchnorm,1x576x14x14,0.173019
39,0,imagen.jpeg,114,activacion,1x576x14x14,0.294576
39,0,imagen.jpeg,115,depthwise_conv,1x576x14x14,0.376264
39,0,imagen.jpeg,116,batchnorm,1x576x7x7,0.06121
39,0,imagen.jpeg,117,activacion,1x576x7x7,0.05029
39,0,imagen.jpeg,118,pointwise_conv,1x576x7x7,2.176812
39,0,imagen.jpeg,119,batchnorm,1x160x7x7,0.015755
39,0,imagen.jpeg,120,pointwise_conv,1x160x7x7,3.580388
39,0,imagen.jpeg,121,batchnorm,1x960x7x7,0.074429
39,0,imagen.jpeg,122,activacion,1x960x7x7,0.138107
39,0,imagen.jpeg,123,depthwise_conv,1x960x7x7,0.586238
39,0,imagen.jpeg,124,batchnorm,1x960x7x7,0.074606
39,0,imagen.jpeg,125,activacion,1x960x7x7,0.127418
39,0,imagen.jpeg,126,pointwise_conv,1x960x7x7,3.603315
39,0,imagen.jpeg,127,batchnorm,1x160x7x7,0.012699
39,0,imagen.jpeg,128,layer_add,1x160x7x7,0.003945
39,0,imagen.jpeg,129,pointwise_conv,1x160x7x7,3.588122
39,0,imagen.jpeg,130,batchnorm,1x960x7x7,0.074361
39,0,imagen.jpeg,131,activacion,1x960x7x7,0.126526
39,0,imagen.jpeg,132,depthwise_conv,1x960x7x7,0.590595
39,0,imagen.jpeg,133,batchnorm,1x960x7x7,0.12357
39,0,imagen.jpeg,134,activacion,1x960x7x7,0.11239
39,0,imagen.jpeg,135,pointwise_conv,1x960x7x7,3.571349
39,0,imagen.jpeg,136,batchnorm,1x160x7x7,0.014364
39,0,imagen.jpeg,137,layer_add,1x160x7x7,0.004419
39,0,imagen.jpeg,138,pointwise_conv,1x160x7x7,3.586211
39,0,imagen.jpeg,139,batchnorm,1x960x7x7,0.074395
39,0,imagen.jpeg,140,activacion,1x960x7x7,0.103324
39,0,imagen.jpeg,141,depthwise_conv,1x960x7x7,0.586329
39,0,imagen.jpeg,142,batchnorm,1x960x7x7,0.090838
39,0,imagen.jpeg,143,activacion,1x960x7x7,0.057362
39,0,imagen.jpeg,144,pointwise_conv,1x960x7x7,7.145219
39,0,imagen.jpeg,145,batchnorm,1x320x7x7,0.025016
39,0,imagen.jpeg,146,pointwise_conv,1x320x7x7,9.535143
39,0,imagen.jpeg,147,batchnorm,1x1280x7x7,0.099169
39,0,imagen.jpeg,148,activacion,1x1280x7x7,0.158108
39,0,imagen.jpeg,149,pooling,1x1280x7x7,0.037968
39,0,imagen.jpeg,150,linear,1x1280,1.106872
40,0,imagen.jpeg,0,conv2d,1x3x224x224,17.205588
40,0,imagen.jpeg,1,batchnorm,1x32x112x112,0.613211
40,0,imagen.jpeg,2,activacion,1x32x112x112,0.395946
40,0,imagen.jpeg,3,depthwise_conv,1x32x112x112,4.802322
40,0,imagen.jpeg,4,batchnorm,1x32x112x112,8.977685
40,0,imagen.jpeg,5,activacion,1x32x112x112,0.497652
40,0,imagen.jpeg,6,pointwise_conv,1x32x112x112,3.068015
40,0,imagen.jpeg,7,batchnorm,1x16x112x112,0.320999
40,0,imagen.jpeg,8,pointwise_conv,1x16x112x112,9.280836
40,0,imagen.jpeg,9,batchnorm,1x96x112x112,1.843756
40,0,imagen.jpeg,10,activacion,1x96x112x112,2.74303
40,0,imagen.jpeg,11,depthwise_conv,1x96x112x112,3.646822
40,0,imagen.jpeg,12,batchnorm,1x96x56x56,0.466069
40,0,imagen.jpeg,13,activacion,1x96x56x56,0.88554
40,0,imagen.jpeg,14,pointwise_conv,1x96x56x56,3.452495
40,0,imagen.jpeg,15,batchnorm,1x24x56x56,0.114362
40,0,imagen.jpeg,16,pointwise_conv,1x24x56x56,5.127822
40,0,imagen.jpeg,17,batchnorm,1x144x56x56,0.694599
40,0,imagen.jpeg,18,activacion,1x144x56x56,1.039757
40,0,imagen.jpeg,19,depthwise_conv,1x144x56x56,5.424407
40,0,imagen.jpeg,20,batchnorm,1x144x56x56,0.707291
40,0,imagen.jpeg,21,activacion,1x144x56x56,1.45012
40,0,imagen.jpeg,22,pointwise_conv,1x144x56x56,5.070375
40,0,imagen.jpeg,23,batchnorm,1x24x56x56,0.114065
40,0,imagen.jpeg,24,layer_add,1x24x56x56,0.033854
40,0,imagen.jpeg,25,pointwise_conv,1x24x56x56,5.128073
40,0,imagen.jpeg,26,batchnorm,1x144x56x56,0.693273
40,0,imagen.jpeg,27,activacion,1x144x56x56,1.335958
40,0,imagen.jpeg,28,depthwise_conv,1x144x56x56,1.387983
40,0,imagen.jpeg,29,batchnorm,1x144x28x28,0.172057
40,0,imagen.jpeg,30,activacion,1x144x28x28,0.300055
40,0,imagen.jpeg,31,pointwise_conv,1x144x28x28,1.701319
40,0,imagen.jpeg,32,batchnorm,1x32x28x28,0.038455
40,0,imagen.jpeg,33,pointwise_conv,1x32x28x28,2.296374
40,0,imagen.jpeg,34,batchnorm,1x192x28x28,0.232976
40,0,imagen.jpeg,35,activacion,1x192x28x28,0.289635
40,0,imagen.jpeg,36,depthwise_conv,1x192x28x28,1.821721
40,0,imagen.jpeg,37,batchnorm,1x192x28x28,0.229383
40,0,imagen.jpeg,38,activacion,1x192x28x28,0.483331
40,0,imagen.jpeg,39,pointwise_conv,1x192x28x28,2.268214
40,0,imagen.jpeg,40,batchnorm,1x32x28x28,0.038283
40,0,imagen.jpeg,41,layer_add,1x32x28x28,0.011317
40,0,imagen.jpeg,42,pointwise_conv,1x32x28x28,2.295679
40,0,imagen.jpeg,43,batchnorm,1x192x28x28,0.230982
40,0,imagen.jpeg,44,activacion,1x192x28x28,0.362329
40,0,imagen.jpeg,45,depthwise_conv,1x192x28x28,1.81571
40,0,imagen.jpeg,46,batchnorm,1x192x28x28,0.229107
40,0,imagen.jpeg,47,activacion,1x192x28x28,0.46669
40,0,imagen.jpeg,48,pointwise_conv,1x192x28x28,2.264282
40,0,imagen.jpeg,49,batchnorm,1x32x28x28,0.038284
40,0,imagen.jpeg,50,layer_add,1x32x28x28,0.011265
40,0,imagen.jpeg,51,pointwise_conv,1x32x28x28,2.298081
40,0,imagen.jpeg,52,batchnorm,1x192x28x28,0.237159
40,0,imagen.jpeg,53,activacion,1x192x28x28,0.427642
40,0,imagen.jpeg,54,depthwise_conv,1x192x28x28,0.473885
40,0,imagen.jpeg,55,batchnorm,1x192x14x14,0.057801
40,0,imagen.jpeg,56,activacion,1x192x14x14,0.077522
40,0,imagen.jpeg,57,pointwise_conv,1x192x14x14,1.195294
40,0,imagen.jpeg,58,batchnorm,1x64x14x14,0.019405
40,0,imagen.jpeg,59,pointwise_conv,1x64x14x14,2.412536
40,0,imagen.jpeg,60,batchnorm,1x384x14x14,0.115396
40,0,imagen.jpeg,61,activacion,1x384x14x14,0.154329
40,0,imagen.jpeg,62,depthwise_conv,1x384x14x14,0.931963
40,0,imagen.jpeg,63,batchnorm,1x384x14x14,0.115275
40,0,imagen.jpeg,64,activacion,1x384x14x14,0.243737
40,0,imagen.jpeg,65,pointwise_conv,1x384x14x14,2.396054
40,0,imagen.jpeg,66,batchnorm,1x64x14x14,0.01936
40,0,imagen.jpeg,67,layer_add,1x64x14x14,0.005525
40,0,imagen.jpeg,68,pointwise_conv,1x64x14x14,2.408399
40,0,imagen.jpeg,69,batchnorm,1x384x14x14,0.118792
40,0,imagen.jpeg,70,activacion,1x384x14x14,0.205902
40,0,imagen.jpeg,71,depthwise_conv,1x384x14x14,0.907776
40,0,imagen.jpeg,72,batchnorm,1x384x14x14,0.247709
40,0,imagen.jpeg,73,activacion,1x384x14x14,0.226192
40,0,imagen.jpeg,74,pointwise_conv,1x384x14x14,2.392376
40,0,imagen.jpeg,75,batchnorm,1x64x14x14,0.019344
40,0,imagen.jpeg,76,layer_add,1x64x14x14,0.005513
40,0,imagen.jpeg,77,pointwise_conv,1x64x14x14,2.409175
40,0,imagen.jpeg,78,batchnorm,1x384x14x14,0.11892
40,0,imagen.jpeg,79,activacion,1x384x14x14,0.23213
40,0,imagen.jpeg,80,depthwise_conv,1x384x14x14,0.931806
40,0,imagen.jpeg,81,batchnorm,1x384x14x14,0.443199
40,0,imagen.jpeg,82,activacion,1x384x14x14,0.200588
40,0,imagen.jpeg,83,pointwise_conv,1x384x14x14,2.392874
40,0,imagen.jpeg,84,batchnorm,1x64x14x14,0.019446
40,0,imagen.jpeg,85,layer_add,1x64x14x14,0.005741
40,0,imagen.jpeg,86,pointwise_conv,1x64x14x14,2.409504
40,0,imagen.jpeg,87,batchnorm,1x384x14x14,0.11537
40,0,imagen.jpeg,88,activacion,1x384x14x14,0.23061
40,0,imagen.jpeg,89,depthwise_conv,1x384x14x14,0.931194
40,0,imagen.jpeg,90,batchnorm,1x384x14x14,0.115372
40,0,imagen.jpeg,91,activacion,1x384x14x14,0.209656
40,0,imagen.jpeg,92,pointwise_conv,1x384x14x14,3.6074
40,0,imagen.jpeg,93,batchnorm,1x96x14x14,0.028966
40,0,imagen.jpeg,94,pointwise_conv,1x96x14x14,5.397189
40,0,imagen.jpeg,95,batchnorm,1x576x14x14,0.174817
40,0,imagen.jpeg,96,activacion,1x576x14x14,0.338649
40,0,imagen.jpeg,97,depthwise_conv,1x576x14x14,1.39693
40,0,imagen.jpeg,98,batchnorm,1x576x14x14,0.506434
40,0,imagen.jpeg,99,activacion,1x576x14x14,0.29345
40,0,imagen.jpeg,100,pointwise_conv,1x576x14x14,5.37024
40,0,imagen.jpeg,101,batchnorm,1x96x14x14,0.028905
40,0,imagen.jpeg,102,layer_add,1x96x14x14,0.008428
40,0,imagen.jpeg,103,pointwise_conv,1x96x14x14,5.409825
40,0,imagen.jpeg,104,batchnorm,1x576x14x14,0.173114
40,0,imagen.jpeg,105,activacion,1x576x14x14,0.331849
40,0,imagen.jpeg,106,depthwise_conv,1x576x14x14,1.393731
40,0,imagen.jpeg,107,batchnorm,1x576x14x14,0.433928
40,0,imagen.jpeg,108,activacion,1x576x14x14,0.267794
40,0,imagen.jpeg,109,pointwise_conv,1x576x14x14,5.369572
40,0,imagen.jpeg,110,batchnorm,1x96x14x14,0.031047
40,0,imagen.jpeg,111,layer_add,1x96x14x14,0.008204
40,0,imagen.jpeg,112,pointwise_conv,1x96x14x14,5.400074
40,0,imagen.jpeg,113,batchnorm,1x576x14x14,0.172814
40,0,imagen.jpeg,114,activacion,1x576x14x14,0.283575
40,0,imagen.jpeg,115,depthwise_conv,1x576x14x14,0.352861
40,0,imagen.jpeg,116,batchnorm,1x576x7x7,0.061188
40,0,imagen.jpeg,117,activacion,1x576x7x7,0.050038
40,0,imagen.jpeg,118,pointwise_conv,1x576x7x7,2.142409
40,0,imagen.jpeg,119,batchnorm,1x160x7x7,0.012668
40,0,imagen.jpeg,120,pointwise_conv,1x160x7x7,3.582309
40,0,imagen.jpeg,121,batchnorm,1x960x7x7,0.079696
40,0,imagen.jpeg,122,activacion,1x960x7x7,0.135057
40,0,imagen.jpeg,123,depthwise_conv,1x960x7x7,0.586279
40,0,imagen.jpeg,124,batchnorm,1x960x7x7,0.074511
40,0,imagen.jpeg,125,activacion,1x960x7x7,0.12742
40,0,imagen.jpeg,126,pointwise_conv,1x960x7x7,3.56622
40,0,imagen.jpeg,127,batchnorm,1x160x7x7,0.012612
40,0,imagen.jpeg,128,layer_add,1x160x7x7,0.003608
40,0,imagen.jpeg,129,pointwise_conv,1x160x7x7,3.584652
40,0,imagen.jpeg,130,batchnorm,1x960x7x7,0.074357
40,0,imagen.jpeg,131,activacion,1x960x7x7,0.126546
40,0,imagen.jpeg,132,depthwise_conv,1x960x7x7,0.573102
40,0,imagen.jpeg,133,batchnorm,1x960x7x7,0.123539
40,0,imagen.jpeg,134,activacion,1x960x7x7,0.110256
40,0,imagen.jpeg,135,pointwise_conv,1x960x7x7,3.572728
40,0,imagen.jpeg,136,batchnorm,1x160x7x7,0.012478
40,0,imagen.jpeg,137,layer_add,1x160x7x7,0.003745
40,0,imagen.jpeg,138,pointwise_conv,1x160x7x7,3.582731
40,0,imagen.jpeg,139,batchnorm,1x960x7x7,0.074458
40,0,imagen.jpeg,140,activacion,1x960x7x7,0.104861
40,0,imagen.jpeg,141,depthwise_conv,1x960x7x7,0.585943
40,0,imagen.jpeg,142,batchnorm,1x960x7x7,0.090803
40,0,imagen.jpeg,143,activacion,1x960x7x7,0.060227
40,0,imagen.jpeg,144,pointwise_conv,1x960x7x7,7.191062
40,0,imagen.jpeg,145,batchnorm,1x320x7x7,0.025
40,0,imagen.jpeg,146,pointwise_conv,1x320x7x7,9.540268
40,0,imagen.jpeg,147,batchnorm,1x1280x7x7,0.102231
40,0,imagen.jpeg,148,activacion,1x1280x7x7,0.159464
40,0,imagen.jpeg,149,pooling,1x1280x7x7,0.033505
40,0,imagen.jpeg,150,linear,1x1280,1.125807
41,0,imagen.jpeg,0,conv2d,1x3x224x224,17.169968
41,0,imagen.jpeg,1,batchnorm,1x32x112x112,0.616001
41,0,imagen.jpeg,2,activacion,1x32x112x112,0.403783
41,0,imagen.jpeg,3,depthwise_conv,1x32x112x112,4.692782
41,0,imagen.jpeg,4,batchnorm,1x32x112x112,8.985498
41,0,imagen.jpeg,5,activacion,1x32x112x112,0.531106
41,0,imagen.jpeg,6,pointwise_conv,1x32x112x112,3.047132
41,0,imagen.jpeg,7,batchnorm,1x16x112x112,0.304746
41,0,imagen.jpeg,8,pointwise_conv,1x16x112x112,9.406135
41,0,imagen.jpeg,9,batchnorm,1x96x112x112,1.890457
41,0,imagen.jpeg,10,activacion,1x96x112x112,2.833736
41,0,imagen.jpeg,11,depthwise_conv,1x96x112x112,3.69601
41,0,imagen.jpeg,12,batchnorm,1x96x56x56,0.459632
41,0,imagen.jpeg,13,activacion,1x96x56x56,0.879738
41,0,imagen.jpeg,14,pointwise_conv,1x96x56x56,3.378542
41,0,imagen.jpeg,15,batchnorm,1x24x56x56,0.126434
41,0,imagen.jpeg,16,pointwise_conv,1x24x56x56,5.137519
41,0,imagen.jpeg,17,batchnorm,1x144x56x56,0.690156
41,0,imagen.jpeg,18,activacion,1x144x56x56,1.00953
41,0,imagen.jpeg,19,depthwise_conv,1x144x56x56,5.383207
41,0,imagen.jpeg,20,batchnorm,1x144x56x56,0.695842
41,0,imagen.jpeg,21,activacion,1x144x56x56,1.498919
41,0,imagen.jpeg,22,pointwise_conv,1x144x56x56,5.110092
41,0,imagen.jpeg,23,batchnorm,1x24x56x56,0.117497
41,0,imagen.jpeg,24,layer_add,1x24x56x56,0.037027
41,0,imagen.jpeg,25,pointwise_conv,1x24x56x56,5.119712
41,0,imagen.jpeg,26,batchnorm,1x144x56x56,0.692847
41,0,imagen.jpeg,27,activacion,1x144x56x56,1.340388
41,0,imagen.jpeg,28,depthwise_conv,1x144x56x56,1.398065
41,0,imagen.jpeg,29,batchnorm,1x144x28x28,0.180484
41,0,imagen.jpeg,30,activacion,1x144x28x28,0.299377
41,0,imagen.jpeg,31,pointwise_conv,1x144x28x28,1.702703
41,0,imagen.jpeg,32,batchnorm,1x32x28x28,0.038335
41,0,imagen.jpeg,33,pointwise_conv,1x32x28x28,2.307672
41,0,imagen.jpeg,34,batchnorm,1x192x28x28,0.235985
41,0,imagen.jpeg,35,activacion,1x192x28x28,0.309617
41,0,imagen.jpeg,36,depthwise_conv,1x192x28x28,1.826808
41,0,imagen.jpeg,37,batchnorm,1x192x28x28,0.229034
41,0,imagen.jpeg,38,activacion,1x192x28x28,0.482547
41,0,imagen.jpeg,39,pointwise_conv,1x192x28x28,2.267255
41,0,imagen.jpeg,40,batchnorm,1x32x28x28,0.038263
41,0,imagen.jpeg,41,layer_add,1x32x28x28,0.011931
41,0,imagen.jpeg,42,pointwise_conv,1x32x28x28,2.304065
41,0,imagen.jpeg,43,batchnorm,1x192x28x28,0.229069
41,0,imagen.jpeg,44,activacion,1x192x28x28,0.367986
41,0,imagen.jpeg,45,depthwise_conv,1x192x28x28,1.817164
41,0,imagen.jpeg,46,batchnorm,1x192x28x28,0.229193
41,0,imagen.jpeg,47,activacion,1x192x28x28,0.47129
41,0,imagen.jpeg,48,pointwise_conv,1x192x28x28,2.266047
41,0,imagen.jpeg,49,batchnorm,1x32x28x28,0.038264
41,0,imagen.jpeg,50,layer_add,1x32x28x28,0.0113
41,0,imagen.jpeg,51,pointwise_conv,1x32x28x28,2.298658
41,0,imagen.jpeg,52,batchnorm,1x192x28x28,0.233452
41,0,imagen.jpeg,53,activacion,1x192x28x28,0.431345
41,0,imagen.jpeg,54,depthwise_conv,1x192x28x28,0.45899
41,0,imagen.jpeg,55,batchnorm,1x192x14x14,0.057692
41,0,imagen.jpeg,56,activacion,1x192x14x14,0.078064
41,0,imagen.jpeg,57,pointwise_conv,1x192x14x14,1.196079
41,0,imagen.jpeg,58,batchnorm,1x64x14x14,0.019527
41,0,imagen.jpeg,59,pointwise_conv,1x64x14x14,2.412192
41,0,imagen.jpeg,60,batchnorm,1x384x14x14,0.118891
41,0,imagen.jpeg,61,activacion,1x384x14x14,0.153578
41,0,imagen.jpeg,62,depthwise_conv,1x384x14x14,0.932721
41,0,imagen.jpeg,63,batchnorm,1x384x14x14,0.118932
41,0,imagen.jpeg,64,activacion,1x384x14x14,0.246661
41,0,imagen.jpeg,65,pointwise_conv,1x384x14x14,2.394463
41,0,imagen.jpeg,66,batchnorm,1x64x14x14,0.025129
41,0,imagen.jpeg,67,layer_add,1x64x14x14,0.005527
41,0,imagen.jpeg,68,pointwise_conv,1x64x14x14,2.409842
41,0,imagen.jpeg,69,batchnorm,1x384x14x14,0.115256
41,0,imagen.jpeg,70,activacion,1x384x14x14,0.206405
41,0,imagen.jpeg,71,depthwise_conv,1x384x14x14,0.929741
41,0,imagen.jpeg,72,batchnorm,1x384x14x14,0.260034
41,0,imagen.jpeg,73,activacion,1x384x14x14,0.222232
41,0,imagen.jpeg,74,pointwise_conv,1x384x14x14,2.388083
41,0,imagen.jpeg,75,batchnorm,1x64x14x14,0.019322
41,0,imagen.jpeg,76,layer_add,1x64x14x14,0.005626
41,0,imagen.jpeg,77,pointwise_conv,1x64x14x14,2.407549
41,0,imagen.jpeg,78,batchnorm,1x384x14x14,0.115456
41,0,imagen.jpeg,79,activacion,1x384x14x14,0.229273
41,0,imagen.jpeg,80,depthwise_conv,1x384x14x14,0.930775
41,0,imagen.jpeg,81,batchnorm,1x384x14x14,0.446486
41,0,imagen.jpeg,82,activacion,1x384x14x14,0.200188
41,0,imagen.jpeg,83,pointwise_conv,1x384x14x14,2.389267
41,0,imagen.jpeg,84,batchnorm,1x64x14x14,0.022774
41,0,imagen.jpeg,85,layer_add,1x64x14x14,0.005576
41,0,imagen.jpeg,86,pointwise_conv,1x64x14x14,2.407687
41,0,imagen.jpeg,87,batchnorm,1x384x14x14,0.115343
41,0,imagen.jpeg,88,activacion,1x384x14x14,0.227476
41,0,imagen.jpeg,89,depthwise_conv,1x384x14x14,0.933769
41,0,imagen.jpeg,90,batchnorm,1x384x14x14,0.11508
41,0,imagen.jpeg,91,activacion,1x384x14x14,0.21324
41,0,imagen.jpeg,92,pointwise_conv,1x384x14x14,3.585354
41,0,imagen.jpeg,93,batchnorm,1x96x14x14,0.028942
41,0,imagen.jpeg,94,pointwise_conv,1x96x14x14,5.408971
41,0,imagen.jpeg,95,batchnorm,1x576x14x14,0.172832
41,0,imagen.jpeg,96,activacion,1x576x14x14,0.325299
41,0,imagen.jpeg,97,depthwise_conv,1x576x14x14,1.398527
41,0,imagen.jpeg,98,batchnorm,1x576x14x14,0.499115
41,0,imagen.jpeg,99,activacion,1x576x14x14,0.295608
41,0,imagen.jpeg,100,pointwise_conv,1x576x14x14,5.373456
41,0,imagen.jpeg,101,batchnorm,1x96x14x14,0.028948
41,0,imagen.jpeg,102,layer_add,1x96x14x14,0.00823
41,0,imagen.jpeg,103,pointwise_conv,1x96x14x14,5.411348
41,0,imagen.jpeg,104,batchnorm,1x576x14x14,0.173016
41,0,imagen.jpeg,105,activacion,1x576x14x14,0.327
41,0,imagen.jpeg,106,depthwise_conv,1x576x14x14,1.384029
41,0,imagen.jpeg,107,batchnorm,1x576x14x14,0.433678
41,0,imagen.jpeg,108,activacion,1x576x14x14,0.256869
41,0,imagen.jpeg,109,pointwise_conv,1x576x14x14,5.382009
41,0,imagen.jpeg,110,batchnorm,1x96x14x14,0.028966
41,0,imagen.jpeg,111,layer_add,1x96x14x14,0.008464
41,0,imagen.jpeg,112,pointwise_conv,1x96x14x14,5.408562
41,0,imagen.jpeg,113,batchnorm,1x576x14x14,0.176933
41,0,imagen.jpeg,114,activacion,1x576x14x14,0.286135
41,0,imagen.jpeg,115,depthwise_conv,1x576x14x14,0.346473
41,0,imagen.jpeg,116,batchnorm,1x576x7x7,0.063038
41,0,imagen.jpeg,117,activacion,1x576x7x7,0.049847
41,0,imagen.jpeg,118,pointwise_conv,1x576x7x7,2.145587
41,0,imagen.jpeg,119,batchnorm,1x160x7x7,0.022104
41,0,imagen.jpeg,120,pointwise_conv,1x160x7x7,3.613332
41,0,imagen.jpeg,121,batchnorm,1x960x7x7,0.074404
41,0,imagen.jpeg,122,activacion,1x960x7x7,0.138722
41,0,imagen.jpeg,123,depthwise_conv,1x960x7x7,0.586073
41,0,imagen.jpeg,124,batchnorm,1x960x7x7,0.074682
41,0,imagen.jpeg,125,activacion,1x960x7x7,0.128547
41,0,imagen.jpeg,126,pointwise_conv,1x960x7x7,3.579977
41,0,imagen.jpeg,127,batchnorm,1x160x7x7,0.012698
41,0,imagen.jpeg,128,layer_add,1x160x7x7,0.003784
41,0,imagen.jpeg,129,pointwise_conv,1x160x7x7,3.590089
41,0,imagen.jpeg,130,batchnorm,1x960x7x7,0.074407
41,0,imagen.jpeg,131,activacion,1x960x7x7,0.127622
41,0,imagen.jpeg,132,depthwise_conv,1x960x7x7,0.581561
41,0,imagen.jpeg,133,batchnorm,1x960x7x7,0.123525
41,0,imagen.jpeg,134,activacion,1x960x7x7,0.113817
41,0,imagen.jpeg,135,pointwise_conv,1x960x7x7,3.57708
41,0,imagen.jpeg,136,batchnorm,1x160x7x7,0.012656
41,0,imagen.jpeg,137,layer_add,1x160x7x7,0.003813
41,0,imagen.jpeg,138,pointwise_conv,1x160x7x7,3.590487
41,0,imagen.jpeg,139,batchnorm,1x960x7x7,0.074409
41,0,imagen.jpeg,140,activacion,1x960x7x7,0.107425
41,0,imagen.jpeg,141,depthwise_conv,1x960x7x7,0.586204
41,0,imagen.jpeg,142,batchnorm,1x960x7x7,0.090818
41,0,imagen.jpeg,143,activacion,1x960x7x7,0.057191
41,0,imagen.jpeg,144,pointwise_conv,1x960x7x7,7.155806
41,0,imagen.jpeg,145,batchnorm,1x320x7x7,0.025076
41,0,imagen.jpeg,146,pointwise_conv,1x320x7x7,9.568
41,0,imagen.jpeg,147,batchnorm,1x1280x7x7,0.099193
41,0,imagen.jpeg,148,activacion,1x1280x7x7,0.163974
41,0,imagen.jpeg,149,pooling,1x1280x7x7,0.033696
41,0,imagen.jpeg,150,linear,1x1280,1.0997
42,0,imagen.jpeg,0,conv2d,1x3x224x224,17.181791
42,0,imagen.jpeg,1,batchnorm,1x32x112x112,0.621051
42,0,imagen.jpeg,2,activacion,1x32x112x112,0.396276
42,0,imagen.jpeg,3,depthwise_conv,1x32x112x112,4.789459
42,0,imagen.jpeg,4,batchnorm,1x32x112x112,8.99475
42,0,imagen.jpeg,5,activacion,1x32x112x112,0.497252
42,0,imagen.jpeg,6,pointwise_conv,1x32x112x112,3.053164
42,0,imagen.jpeg,7,batchnorm,1x16x112x112,0.304818
42,0,imagen.jpeg,8,pointwise_conv,1x16x112x112,9.266746
42,0,imagen.jpeg,9,batchnorm,1x96x112x112,1.852329
42,0,imagen.jpeg,10,activacion,1x96x112x112,2.766828
42,0,imagen.jpeg,11,depthwise_conv,1x96x112x112,3.650133
42,0,imagen.jpeg,12,batchnorm,1x96x56x56,0.461107
42,0,imagen.jpeg,13,activacion,1x96x56x56,0.879891
42,0,imagen.jpeg,14,pointwise_conv,1x96x56x56,3.386479
42,0,imagen.jpeg,15,batchnorm,1x24x56x56,0.114292
42,0,imagen.jpeg,16,pointwise_conv,1x24x56x56,5.146279
42,0,imagen.jpeg,17,batchnorm,1x144x56x56,0.720212
42,0,imagen.jpeg,18,activacion,1x144x56x56,1.022401
42,0,imagen.jpeg,19,depthwise_conv,1x144x56x56,5.435465
42,0,imagen.jpeg,20,batchnorm,1x144x56x56,0.69181
42,0,imagen.jpeg,21,activacion,1x144x56x56,1.453482
42,0,imagen.jpeg,22,pointwise_conv,1x144x56x56,5.135523
42,0,imagen.jpeg,23,batchnorm,1x24x56x56,0.113976
42,0,imagen.jpeg,24,layer_add,1x24x56x56,0.036717
42,0,imagen.jpeg,25,pointwise_conv,1x24x56x56,5.123058
42,0,imagen.jpeg,26,batchnorm,1x144x56x56,0.693277
42,0,imagen.jpeg,27,activacion,1x144x56x56,1.339635
42,0,imagen.jpeg,28,depthwise_conv,1x144x56x56,1.394006
42,0,imagen.jpeg,29,batchnorm,1x144x28x28,0.172204
42,0,imagen.jpeg,30,activacion,1x144x28x28,0.301002
42,0,imagen.jpeg,31,pointwise_conv,1x144x28x28,1.706609
42,0,imagen.jpeg,32,batchnorm,1x32x28x28,0.038342
42,0,imagen.jpeg,33,pointwise_conv,1x32x28x28,2.297362
42,0,imagen.jpeg,34,batchnorm,1x192x28x28,0.231505
42,0,imagen.jpeg,35,activacion,1x192x28x28,0.289041
42,0,imagen.jpeg,36,depthwise_conv,1x192x28x28,1.839431
42,0,imagen.jpeg,37,batchnorm,1x192x28x28,0.2291
42,0,imagen.jpeg,38,activacion,1x192x28x28,0.487152
42,0,imagen.jpeg,39,pointwise_conv,1x192x28x28,2.265802
42,0,imagen.jpeg,40,batchnorm,1x32x28x28,0.038303
42,0,imagen.jpeg,41,layer_add,1x32x28x28,0.011469
42,0,imagen.jpeg,42,pointwise_conv,1x32x28x28,2.300096
42,0,imagen.jpeg,43,batchnorm,1x192x28x28,0.233247
42,0,imagen.jpeg,44,activacion,1x192x28x28,0.362823
42,0,imagen.jpeg,45,depthwise_conv,1x192x28x28,1.824269
42,0,imagen.jpeg,46,batchnorm,1x192x28x28,0.229377
42,0,imagen.jpeg,47,activacion,1x192x28x28,0.47032
42,0,imagen.jpeg,48,pointwise_conv,1x192x28x28,2.267878
42,0,imagen.jpeg,49,batchnorm,1x32x28x28,0.042558
42,0,imagen.jpeg,50,layer_add,1x32x28x28,0.011411
42,0,imagen.jpeg,51,pointwise_conv,1x32x28x28,2.304074
42,0,imagen.jpeg,52,batchnorm,1x192x28x28,0.23128
42,0,imagen.jpeg,53,activacion,1x192x28x28,0.427272
42,0,imagen.jpeg,54,depthwise_conv,1x192x28x28,0.469301
42,0,imagen.jpeg,55,batchnorm,1x192x14x14,0.057683
42,0,imagen.jpeg,56,activacion,1x192x14x14,0.077939
42,0,imagen.jpeg,57,pointwise_conv,1x192x14x14,1.197061
42,0,imagen.jpeg,58,batchnorm,1x64x14x14,0.019393
42,0,imagen.jpeg,59,pointwise_conv,1x64x14x14,2.415374
42,0,imagen.jpeg,60,batchnorm,1x384x14x14,0.115018
42,0,imagen.jpeg,61,activacion,1x384x14x14,0.154396
42,0,imagen.jpeg,62,depthwise_conv,1x384x14x14,0.924928
42,0,imagen.jpeg,63,batchnorm,1x384x14x14,0.115532
42,0,imagen.jpeg,64,activacion,1x384x14x14,0.246836
42,0,imagen.jpeg,65,pointwise_conv,1x384x14x14,2.399252
42,0,imagen.jpeg,66,batchnorm,1x64x14x14,0.019502
42,0,imagen.jpeg,67,layer_add,1x64x14x14,0.005545
42,0,imagen.jpeg,68,pointwise_conv,1x64x14x14,2.422169
42,0,imagen.jpeg,69,batchnorm,1x384x14x14,0.115391
42,0,imagen.jpeg,70,activacion,1x384x14x14,0.206403
42,0,imagen.jpeg,71,depthwise_conv,1x384x14x14,0.917703
42,0,imagen.jpeg,72,batchnorm,1x384x14x14,0.245859
42,0,imagen.jpeg,73,activacion,1x384x14x14,0.220971
42,0,imagen.jpeg,74,pointwise_conv,1x384x14x14,2.394179
42,0,imagen.jpeg,75,batchnorm,1x64x14x14,0.020632
42,0,imagen.jpeg,76,layer_add,1x64x14x14,0.005539
42,0,imagen.jpeg,77,pointwise_conv,1x64x14x14,2.404549
42,0,imagen.jpeg,78,batchnorm,1x384x14x14,0.115221
42,0,imagen.jpeg,79,activacion,1x384x14x14,0.231415
42,0,imagen.jpeg,80,depthwise_conv,1x384x14x14,0.929658
42,0,imagen.jpeg,81,batchnorm,1x384x14x14,0.441857
42,0,imagen.jpeg,82,activacion,1x384x14x14,0.200496
42,0,imagen.jpeg,83,pointwise_conv,1x384x14x14,2.396888
42,0,imagen.jpeg,84,batchnorm,1x64x14x14,0.019597
42,0,imagen.jpeg,85,layer_add,1x64x14x14,0.005502
42,0,imagen.jpeg,86,pointwise_conv,1x64x14x14,2.406461
42,0,imagen.jpeg,87,batchnorm,1x384x14x14,0.115077
42,0,imagen.jpeg,88,activacion,1x384x14x14,0.228164
42,0,imagen.jpeg,89,depthwise_conv,1x384x14x14,0.921526
42,0,imagen.jpeg,90,batchnorm,1x384x14x14,0.115345
42,0,imagen.jpeg,91,activacion,1x384x14x14,0.210443
42,0,imagen.jpeg,92,pointwise_conv,1x384x14x14,3.588668
42,0,imagen.jpeg,93,batchnorm,1x96x14x14,0.028988
42,0,imagen.jpeg,94,pointwise_conv,1x96x14x14,5.414355
42,0,imagen.jpeg,95,batchnorm,1x576x14x14,0.172962
42,0,imagen.jpeg,96,activacion,1x576x14x14,0.332085
42,0,imagen.jpeg,97,depthwise_conv,1x576x14x14,1.373007
42,0,imagen.jpeg,98,batchnorm,1x576x14x14,0.505509
42,0,imagen.jpeg,99,activacion,1x576x14x14,0.284419
42,0,imagen.jpeg,100,pointwise_conv,1x576x14x14,5.376668
42,0,imagen.jpeg,101,batchnorm,1x96x14x14,0.033417
42,0,imagen.jpeg,102,layer_add,1x96x14x14,0.008426
42,0,imagen.jpeg,103,pointwise_conv,1x96x14x14,5.412664
42,0,imagen.jpeg,104,batchnorm,1x576x14x14,0.173126
42,0,imagen.jpeg,105,activacion,1x576x14x14,0.332386
42,0,imagen.jpeg,106,depthwise_conv,1x576x14x14,1.399244
42,0,imagen.jpeg,107,batchnorm,1x576x14x14,0.433953
42,0,imagen.jpeg,108,activacion,1x576x14x14,0.261809
42,0,imagen.jpeg,109,pointwise_conv,1x576x14x14,5.374592
42,0,imagen.jpeg,110,batchnorm,1x96x14x14,0.028911
42,0,imagen.jpeg,111,layer_add,1x96x14x14,0.008271
42,0,imagen.jpeg,112,pointwise_conv,1x96x14x14,5.416984
42,0,imagen.jpeg,113,batchnorm,1x576x14x14,0.172569
42,0,imagen.jpeg,114,activacion,1x576x14x14,0.28195
42,0,imagen.jpeg,115,depthwise_conv,1x576x14x14,0.367934
42,0,imagen.jpeg,116,batchnorm,1x576x7x7,0.061168
42,0,imagen.jpeg,117,activacion,1x576x7x7,0.049621
42,0,imagen.jpeg,118,pointwise_conv,1x576x7x7,2.148193
42,0,imagen.jpeg,119,batchnorm,1x160x7x7,0.012652
42,0,imagen.jpeg,120,pointwise_conv,1x160x7x7,3.586913
42,0,imagen.jpeg,121,batchnorm,1x960x7x7,0.074407
42,0,imagen.jpeg,122,activacion,1x960x7x7,0.133501
42,0,imagen.jpeg,123,depthwise_conv,1x960x7x7,0.591855
42,0,imagen.jpeg,124,batchnorm,1x960x7x7,0.076396
42,0,imagen.jpeg,125,activacion,1x960x7x7,0.12733
42,0,imagen.jpeg,126,pointwise_conv,1x960x7x7,3.569167
42,0,imagen.jpeg,127,batchnorm,1x160x7x7,0.012711
42,0,imagen.jpeg,128,layer_add,1x160x7x7,0.008
42,0,imagen.jpeg,129,pointwise_conv,1x160x7x7,3.583761
42,0,imagen.jpeg,130,batchnorm,1x960x7x7,0.074418
42,0,imagen.jpeg,131,activacion,1x960x7x7,0.126189
42,0,imagen.jpeg,132,depthwise_conv,1x960x7x7,0.59086
42,0,imagen.jpeg,133,batchnorm,1x960x7x7,0.123573
42,0,imagen.jpeg,134,activacion,1x960x7x7,0.109365
42,0,imagen.jpeg,135,pointwise_conv,1x960x7x7,3.586022
42,0,imagen.jpeg,136,batchnorm,1x160x7x7,0.012498
42,0,imagen.jpeg,137,layer_add,1x160x7x7,0.004394
42,0,imagen.jpeg,138,pointwise_conv,1x160x7x7,3.589033
42,0,imagen.jpeg,139,batchnorm,1x960x7x7,0.076226
42,0,imagen.jpeg,140,activacion,1x960x7x7,0.102492
42,0,imagen.jpeg,141,depthwise_conv,1x960x7x7,0.586043
42,0,imagen.jpeg,142,batchnorm,1x960x7x7,0.092847
42,0,imagen.jpeg,143,activacion,1x960x7x7,0.057795
42,0,imagen.jpeg,144,pointwise_conv,1x960x7x7,7.143541
42,0,imagen.jpeg,145,batchnorm,1x320x7x7,0.024982
42,0,imagen.jpeg,146,pointwise_conv,1x320x7x7,9.54175
42,0,imagen.jpeg,147,batchnorm,1x1280x7x7,0.105259
42,0,imagen.jpeg,148,activacion,1x1280x7x7,0.159169
42,0,imagen.jpeg,149,pooling,1x1280x7x7,0.033629
42,0,imagen.jpeg,150,linear,1x1280,1.098863
43,0,imagen.jpeg,0,conv2d,1x3x224x224,17.223196
43,0,imagen.jpeg,1,batchnorm,1x32x112x112,0.61532
43,0,imagen.jpeg,2,activacion,1x32x112x112,0.404199
43,0,imagen.jpeg,3,depthwise_conv,1x32x112x112,4.75931
43,0,imagen.jpeg,4,batchnorm,1x32x112x112,8.997735
43,0,imagen.jpeg,5,activacion,1x32x112x112,0.492766
43,0,imagen.jpeg,6,pointwise_conv,1x32x112x112,3.039053
43,0,imagen.jpeg,7,batchnorm,1x16x112x112,0.308503
43,0,imagen.jpeg,8,pointwise_conv,1x16x112x112,9.273883
43,0,imagen.jpeg,9,batchnorm,1x96x112x112,1.866574
43,0,imagen.jpeg,10,activacion,1x96x112x112,2.772147
43,0,imagen.jpeg,11,depthwise_conv,1x96x112x112,3.667093
43,0,imagen.jpeg,12,batchnorm,1x96x56x56,0.494665
43,0,imagen.jpeg,13,activacion,1x96x56x56,0.910467
43,0,imagen.jpeg,14,pointwise_conv,1x96x56x56,3.380698
43,0,imagen.jpeg,15,batchnorm,1x24x56x56,0.11431
43,0,imagen.jpeg,16,pointwise_conv,1x24x56x56,5.126017
43,0,imagen.jpeg,17,batchnorm,1x144x56x56,0.696113
43,0,imagen.jpeg,18,activacion,1x144x56x56,1.014213
43,0,imagen.jpeg,19,depthwise_conv,1x144x56x56,5.360113
43,0,imagen.jpeg,20,batchnorm,1x144x56x56,0.710181
43,0,imagen.jpeg,21,activacion,1x144x56x56,1.454203
43,0,imagen.jpeg,22,pointwise_conv,1x144x56x56,5.084172
43,0,imagen.jpeg,23,batchnorm,1x24x56x56,0.114216
43,0,imagen.jpeg,24,layer_add,1x24x56x56,0.034826
43,0,imagen.jpeg,25,pointwise_conv,1x24x56x56,5.122218
43,0,imagen.jpeg,26,batchnorm,1x144x56x56,0.69074
43,0,imagen.jpeg,27,activacion,1x144x56x56,1.347883
43,0,imagen.jpeg,28,depthwise_conv,1x144x56x56,1.40168
43,0,imagen.jpeg,29,batchnorm,1x144x28x28,0.172149
43,0,imagen.jpeg,30,activacion,1x144x28x28,0.3177
43,0,imagen.jpeg,31,pointwise_conv,1x144x28x28,1.700096
43,0,imagen.jpeg,32,batchnorm,1x32x28x28,0.038346
43,0,imagen.jpeg,33,pointwise_conv,1x32x28x28,2.302022
43,0,imagen.jpeg,34,batchnorm,1x192x28x28,0.229236
43,0,imagen.jpeg,35,activacion,1x192x28x28,0.289452
43,0,imagen.jpeg,36,depthwise_conv,1x192x28x28,1.825247
43,0,imagen.jpeg,37,batchnorm,1x192x28x28,0.229166
43,0,imagen.jpeg,38,activacion,1x192x28x28,0.48711
43,0,imagen.jpeg,39,pointwise_conv,1x192x28x28,2.276253
43,0,imagen.jpeg,40,batchnorm,1x32x28x28,0.038309
43,0,imagen.jpeg,41,layer_add,1x32x28x28,0.011858
43,0,imagen.jpeg,42,pointwise_conv,1x32x28x28,2.299831
43,0,imagen.jpeg,43,batchnorm,1x192x28x28,0.230577
43,0,imagen.jpeg,44,activacion,1x192x28x28,0.362609
43,0,imagen.jpeg,45,depthwise_conv,1x192x28x28,1.829318
43,0,imagen.jpeg,46,batchnorm,1x192x28x28,0.234844
43,0,imagen.jpeg,47,activacion,1x192x28x28,0.464761
43,0,imagen.jpeg,48,pointwise_conv,1x192x28x28,2.265214
43,0,imagen.jpeg,49,batchnorm,1x32x28x28,0.03827
43,0,imagen.jpeg,50,layer_add,1x32x28x28,0.011367
43,0,imagen.jpeg,51,pointwise_conv,1x32x28x28,2.300854
43,0,imagen.jpeg,52,batchnorm,1x192x28x28,0.229338
43,0,imagen.jpeg,53,activacion,1x192x28x28,0.434972
43,0,imagen.jpeg,54,depthwise_conv,1x192x28x28,0.475628
43,0,imagen.jpeg,55,batchnorm,1x192x14x14,0.057685
43,0,imagen.jpeg,56,activacion,1x192x14x14,0.080601
43,0,imagen.jpeg,57,pointwise_conv,1x192x14x14,1.21349
43,0,imagen.jpeg,58,batchnorm,1x64x14x14,0.019463
43,0,imagen.jpeg,59,pointwise_conv,1x64x14x14,2.410254
43,0,imagen.jpeg,60,batchnorm,1x384x14x14,0.115356
43,0,imagen.jpeg,61,activacion,1x384x14x14,0.161628
43,0,imagen.jpeg,62,depthwise_conv,1x384x14x14,0.933321
43,0,imagen.jpeg,63,batchnorm,1x384x14x14,0.115482
43,0,imagen.jpeg,64,activacion,1x384x14x14,0.249329
43,0,imagen.jpeg,65,pointwise_conv,1x384x14x14,2.389685
43,0,imagen.jpeg,66,batchnorm,1x64x14x14,0.019375
43,0,imagen.jpeg,67,layer_add,1x64x14x14,0.005539
43,0,imagen.jpeg,68,pointwise_conv,1x64x14x14,2.418617
43,0,imagen.jpeg,69,batchnorm,1x384x14x14,0.116885
43,0,imagen.jpeg,70,activacion,1x384x14x14,0.20579
43,0,imagen.jpeg,71,depthwise_conv,1x384x14x14,0.933037
43,0,imagen.jpeg,72,batchnorm,1x384x14x14,0.245794
43,0,imagen.jpeg,73,activacion,1x384x14x14,0.226055
43,0,imagen.jpeg,74,pointwise_conv,1x384x14x14,2.392796
43,0,imagen.jpeg,75,batchnorm,1x64x14x14,0.019315
43,0,imagen.jpeg,76,layer_add,1x64x14x14,0.005529
43,0,imagen.jpeg,77,pointwise_conv,1x64x14x14,2.406363
43,0,imagen.jpeg,78,batchnorm,1x384x14x14,0.120839
43,0,imagen.jpeg,79,activacion,1x384x14x14,0.228923
43,0,imagen.jpeg,80,depthwise_conv,1x384x14x14,0.933567
43,0,imagen.jpeg,81,batchnorm,1x384x14x14,0.441769
43,0,imagen.jpeg,82,activacion,1x384x14x14,0.204083
43,0,imagen.jpeg,83,pointwise_conv,1x384x14x14,2.393796
43,0,imagen.jpeg,84,batchnorm,1x64x14x14,0.019422
43,0,imagen.jpeg,85,layer_add,1x64x14x14,0.00557
43,0,imagen.jpeg,86,pointwise_conv,1x64x14x14,2.41394
43,0,imagen.jpeg,87,batchnorm,1x384x14x14,0.117148
43,0,imagen.jpeg,88,activacion,1x384x14x14,0.227057
43,0,imagen.jpeg,89,depthwise_conv,1x384x14x14,0.935979
43,0,imagen.jpeg,90,batchnorm,1x384x14x14,0.119186
43,0,imagen.jpeg,91,activacion,1x384x14x14,0.21342
43,0,imagen.jpeg,92,pointwise_conv,1x384x14x14,3.587509
43,0,imagen.jpeg,93,batchnorm,1x96x14x14,0.029034
43,0,imagen.jpeg,94,pointwise_conv,1x96x14x14,5.406418
43,0,imagen.jpeg,95,batchnorm,1x576x14x14,0.178438
43,0,imagen.jpeg,96,activacion,1x576x14x14,0.326733
43,0,imagen.jpeg,97,depthwise_conv,1x576x14x14,1.408622
43,0,imagen.jpeg,98,batchnorm,1x576x14x14,0.504685
43,0,imagen.jpeg,99,activacion,1x576x14x14,0.285157
43,0,imagen.jpeg,100,pointwise_conv,1x576x14x14,5.383503
43,0,imagen.jpeg,101,batchnorm,1x96x14x14,0.028972
43,0,imagen.jpeg,102,layer_add,1x96x14x14,0.008372
43,0,imagen.jpeg,103,pointwise_conv,1x96x14x14,5.408546
43,0,imagen.jpeg,104,batchnorm,1x576x14x14,0.17288
43,0,imagen.jpeg,105,activacion,1x576x14x14,0.329827
43,0,imagen.jpeg,106,depthwise_conv,1x576x14x14,1.385964
43,0,imagen.jpeg,107,batchnorm,1x576x14x14,0.439686
43,0,imagen.jpeg,108,activacion,1x576x14x14,0.256502
43,0,imagen.jpeg,109,pointwise_conv,1x576x14x14,5.376196
43,0,imagen.jpeg,110,batchnorm,1x96x14x14,0.028914
43,0,imagen.jpeg,111,layer_add,1x96x14x14,0.008264
43,0,imagen.jpeg,112,pointwise_conv,1x96x14x14,5.413163
43,0,imagen.jpeg,113,batchnorm,1x576x14x14,0.172883
43,0,imagen.jpeg,114,activacion,1x576x14x14,0.284276
43,0,imagen.jpeg,115,depthwise_conv,1x576x14x14,0.356368
43,0,imagen.jpeg,116,batchnorm,1x576x7x7,0.061206
43,0,imagen.jpeg,117,activacion,1x576x7x7,0.049462
43,0,imagen.jpeg,118,pointwise_conv,1x576x7x7,2.153771
43,0,imagen.jpeg,119,batchnorm,1x160x7x7,0.012661
43,0,imagen.jpeg,120,pointwise_conv,1x160x7x7,3.583314
43,0,imagen.jpeg,121,batchnorm,1x960x7x7,0.074392
43,0,imagen.jpeg,122,activacion,1x960x7x7,0.133594
43,0,imagen.jpeg,123,depthwise_conv,1x960x7x7,0.593602
43,0,imagen.jpeg,124,batchnorm,1x960x7x7,0.074529
43,0,imagen.jpeg,125,activacion,1x960x7x7,0.127249
43,0,imagen.jpeg,126,pointwise_conv,1x960x7x7,3.620254
43,0,imagen.jpeg,127,batchnorm,1x160x7x7,0.012625
43,0,imagen.jpeg,128,layer_add,1x160x7x7,0.00375
43,0,imagen.jpeg,129,pointwise_conv,1x160x7x7,3.586455
43,0,imagen.jpeg,130,batchnorm,1x960x7x7,0.079163
43,0,imagen.jpeg,131,activacion,1x960x7x7,0.125719
43,0,imagen.jpeg,132,depthwise_conv,1x960x7x7,0.560896
43,0,imagen.jpeg,133,batchnorm,1x960x7x7,0.123594
43,0,imagen.jpeg,134,activacion,1x960x7x7,0.113619
43,0,imagen.jpeg,135,pointwise_conv,1x960x7x7,3.573199
43,0,imagen.jpeg,136,batchnorm,1x160x7x7,0.012462
43,0,imagen.jpeg,137,layer_add,1x160x7x7,0.003744
43,0,imagen.jpeg,138,pointwise_conv,1x160x7x7,3.585924
43,0,imagen.jpeg,139,batchnorm,1x960x7x7,0.074391
43,0,imagen.jpeg,140,activacion,1x960x7x7,0.102437
43,0,imagen.jpeg,141,depthwise_conv,1x960x7x7,0.591056
43,0,imagen.jpeg,142,batchnorm,1x960x7x7,0.090761
43,0,imagen.jpeg,143,activacion,1x960x7x7,0.057692
43,0,imagen.jpeg,144,pointwise_conv,1x960x7x7,7.145897
43,0,imagen.jpeg,145,batchnorm,1x320x7x7,0.02497
43,0,imagen.jpeg,146,pointwise_conv,1x320x7x7,9.540778
43,0,imagen.jpeg,147,batchnorm,1x1280x7x7,0.099158
43,0,imagen.jpeg,148,activacion,1x1280x7x7,0.159162
43,0,imagen.jpeg,149,pooling,1x1280x7x7,0.033748
43,0,imagen.jpeg,150,linear,1x1280,1.146722
44,0,imagen.jpeg,0,conv2d,1x3x224x224,17.224806
44,0,imagen.jpeg,1,batchnorm,1x32x112x112,0.614776
44,0,imagen.jpeg,2,activacion,1x32x112x112,0.404914
44,0,imagen.jpeg,3,depthwise_conv,1x32x112x112,4.803889
44,0,imagen.jpeg,4,batchnorm,1x32x112x112,8.975347
44,0,imagen.jpeg,5,activacion,1x32x112x112,0.490624
44,0,imagen.jpeg,6,pointwise_conv,1x32x112x112,3.060243
44,0,imagen.jpeg,7,batchnorm,1x16x112x112,0.311246
44,0,imagen.jpeg,8,pointwise_conv,1x16x112x112,9.275507
44,0,imagen.jpeg,9,batchnorm,1x96x112x112,1.885812
44,0,imagen.jpeg,10,activacion,1x96x112x112,2.787999
44,0,imagen.jpeg,11,depthwise_conv,1x96x112x112,3.677349
44,0,imagen.jpeg,12,batchnorm,1x96x56x56,0.455588
44,0,imagen.jpeg,13,activacion,1x96x56x56,0.883779
44,0,imagen.jpeg,14,pointwise_conv,1x96x56x56,3.372179
44,0,imagen.jpeg,15,batchnorm,1x24x56x56,0.116471
44,0,imagen.jpeg,16,pointwise_conv,1x24x56x56,5.125098
44,0,imagen.jpeg,17,batchnorm,1x144x56x56,0.701215
44,0,imagen.jpeg,18,activacion,1x144x56x56,1.013942
44,0,imagen.jpeg,19,depthwise_conv,1x144x56x56,5.435596
44,0,imagen.jpeg,20,batchnorm,1x144x56x56,0.700316
44,0,imagen.jpeg,21,activacion,1x144x56x56,1.50117
44,0,imagen.jpeg,22,pointwise_conv,1x144x56x56,5.089951
44,0,imagen.jpeg,23,batchnorm,1x24x56x56,0.114317
44,0,imagen.jpeg,24,layer_add,1x24x56x56,0.03678
44,0,imagen.jpeg,25,pointwise_conv,1x24x56x56,5.122092
44,0,imagen.jpeg,26,batchnorm,1x144x56x56,0.710456
44,0,imagen.jpeg,27,activacion,1x144x56x56,1.344121
44,0,imagen.jpeg,28,depthwise_conv,1x144x56x56,1.371787
44,0,imagen.jpeg,29,batchnorm,1x144x28x28,0.178427
44,0,imagen.jpeg,30,activacion,1x144x28x28,0.308665
44,0,imagen.jpeg,31,pointwise_conv,1x144x28x28,1.703073
44,0,imagen.jpeg,32,batchnorm,1x32x28x28,0.038364
44,0,imagen.jpeg,33,pointwise_conv,1x32x28x28,2.300056
44,0,imagen.jpeg,34,batchnorm,1x192x28x28,0.232355
44,0,imagen.jpeg,35,activacion,1x192x28x28,0.288918
44,0,imagen.jpeg,36,depthwise_conv,1x192x28x28,1.833149
44,0,imagen.jpeg,37,batchnorm,1x192x28x28,0.229166
44,0,imagen.jpeg,38,activacion,1x192x28x28,0.48342
44,0,imagen.jpeg,39,pointwise_conv,1x192x28x28,2.270639
44,0,imagen.jpeg,40,batchnorm,1x32x28x28,0.038282
44,0,imagen.jpeg,41,layer_add,1x32x28x28,0.011366
44,0,imagen.jpeg,42,pointwise_conv,1x32x28x28,2.295449
44,0,imagen.jpeg,43,batchnorm,1x192x28x28,0.232329
44,0,imagen.jpeg,44,activacion,1x192x28x28,0.362374
44,0,imagen.jpeg,45,depthwise_conv,1x192x28x28,1.840872
44,0,imagen.jpeg,46,batchnorm,1x192x28x28,0.229178
44,0,imagen.jpeg,47,activacion,1x192x28x28,0.468731
44,0,imagen.jpeg,48,pointwise_conv,1x192x28x28,2.270086
44,0,imagen.jpeg,49,batchnorm,1x32x28x28,0.03827
44,0,imagen.jpeg,50,layer_add,1x32x28x28,0.011204
44,0,imagen.jpeg,51,pointwise_conv,1x32x28x28,2.297389
44,0,imagen.jpeg,52,batchnorm,1x192x28x28,0.235165
44,0,imagen.jpeg,53,activacion,1x192x28x28,0.429445
44,0,imagen.jpeg,54,depthwise_conv,1x192x28x28,0.481951
44,0,imagen.jpeg,55,batchnorm,1x192x14x14,0.060749
44,0,imagen.jpeg,56,activacion,1x192x14x14,0.077704
44,0,imagen.jpeg,57,pointwise_conv,1x192x14x14,1.197204
44,0,imagen.jpeg,58,batchnorm,1x64x14x14,0.019491
44,0,imagen.jpeg,59,pointwise_conv,1x64x14x14,2.416654
44,0,imagen.jpeg,60,batchnorm,1x384x14x14,0.122544
44,0,imagen.jpeg,61,activacion,1x384x14x14,0.153378
44,0,imagen.jpeg,62,depthwise_conv,1x384x14x14,0.93197
44,0,imagen.jpeg,63,batchnorm,1x384x14x14,0.115358
44,0,imagen.jpeg,64,activacion,1x384x14x14,0.245342
44,0,imagen.jpeg,65,pointwise_conv,1x384x14x14,2.388252
44,0,imagen.jpeg,66,batchnorm,1x64x14x14,0.019391
44,0,imagen.jpeg,67,layer_add,1x64x14x14,0.005518
44,0,imagen.jpeg,68,pointwise_conv,1x64x14x14,2.405139
44,0,imagen.jpeg,69,batchnorm,1x384x14x14,0.11522
44,0,imagen.jpeg,70,activacion,1x384x14x14,0.208779
44,0,imagen.jpeg,71,depthwise_conv,1x384x14x14,0.934575
44,0,imagen.jpeg,72,batchnorm,1x384x14x14,0.247758
44,0,imagen.jpeg,73,activacion,1x384x14x14,0.221844
44,0,imagen.jpeg,74,pointwise_conv,1x384x14x14,2.391155
44,0,imagen.jpeg,75,batchnorm,1x64x14x14,0.019358
44,0,imagen.jpeg,76,layer_add,1x64x14x14,0.005533
44,0,imagen.jpeg,77,pointwise_conv,1x64x14x14,2.405975
44,0,imagen.jpeg,78,batchnorm,1x384x14x14,0.117146
44,0,imagen.jpeg,79,activacion,1x384x14x14,0.228294
44,0,imagen.jpeg,80,depthwise_conv,1x384x14x14,0.910811
44,0,imagen.jpeg,81,batchnorm,1x384x14x14,0.445014
44,0,imagen.jpeg,82,activacion,1x384x14x14,0.201438
44,0,imagen.jpeg,83,pointwise_conv,1x384x14x14,2.393678
44,0,imagen.jpeg,84,batchnorm,1x64x14x14,0.019445
44,0,imagen.jpeg,85,layer_add,1x64x14x14,0.005733
44,0,imagen.jpeg,86,pointwise_conv,1x64x14x14,2.411906
44,0,imagen.jpeg,87,batchnorm,1x384x14x14,0.115097
44,0,imagen.jpeg,88,activacion,1x384x14x14,0.227375
44,0,imagen.jpeg,89,depthwise_conv,1x384x14x14,0.931731
44,0,imagen.jpeg,90,batchnorm,1x384x14x14,0.120987
44,0,imagen.jpeg,91,activacion,1x384x14x14,0.209789
44,0,imagen.jpeg,92,pointwise_conv,1x384x14x14,3.585062
44,0,imagen.jpeg,93,batchnorm,1x96x14x14,0.029011
44,0,imagen.jpeg,94,pointwise_conv,1x96x14x14,5.414608
44,0,imagen.jpeg,95,batchnorm,1x576x14x14,0.173052
44,0,imagen.jpeg,96,activacion,1x576x14x14,0.325576
44,0,imagen.jpeg,97,depthwise_conv,1x576x14x14,1.394389
44,0,imagen.jpeg,98,batchnorm,1x576x14x14,0.499205
44,0,imagen.jpeg,99,activacion,1x576x14x14,0.2941
44,0,imagen.jpeg,100,pointwise_conv,1x576x14x14,5.371082
44,0,imagen.jpeg,101,batchnorm,1x96x14x14,0.028915
44,0,imagen.jpeg,102,layer_add,1x96x14x14,0.008222
44,0,imagen.jpeg,103,pointwise_conv,1x96x14x14,5.412845
44,0,imagen.jpeg,104,batchnorm,1x576x14x14,0.173064
44,0,imagen.jpeg,105,activacion,1x576x14x14,0.331267
44,0,imagen.jpeg,106,depthwise_conv,1x576x14x14,1.39095
44,0,imagen.jpeg,107,batchnorm,1x576x14x14,0.433941
44,0,imagen.jpeg,108,activacion,1x576x14x14,0.263859
44,0,imagen.jpeg,109,pointwise_conv,1x576x14x14,5.370072
44,0,imagen.jpeg,110,batchnorm,1x96x14x14,0.028926
44,0,imagen.jpeg,111,layer_add,1x96x14x14,0.008239
44,0,imagen.jpeg,112,pointwise_conv,1x96x14x14,5.407963
44,0,imagen.jpeg,113,batchnorm,1x576x14x14,0.17613
44,0,imagen.jpeg,114,activacion,1x576x14x14,0.283575
44,0,imagen.jpeg,115,depthwise_conv,1x576x14x14,0.370656
44,0,imagen.jpeg,116,batchnorm,1x576x7x7,0.06666
44,0,imagen.jpeg,117,activacion,1x576x7x7,0.04983
44,0,imagen.jpeg,118,pointwise_conv,1x576x7x7,2.14667
44,0,imagen.jpeg,119,batchnorm,1x160x7x7,0.012695
44,0,imagen.jpeg,120,pointwise_conv,1x160x7x7,3.583498
44,0,imagen.jpeg,121,batchnorm,1x960x7x7,0.081903
44,0,imagen.jpeg,122,activacion,1x960x7x7,0.133764
44,0,imagen.jpeg,123,depthwise_conv,1x960x7x7,0.585964
44,0,imagen.jpeg,124,batchnorm,1x960x7x7,0.074559
44,0,imagen.jpeg,125,activacion,1x960x7x7,0.130561
44,0,imagen.jpeg,126,pointwise_conv,1x960x7x7,3.57155
44,0,imagen.jpeg,127,batchnorm,1x160x7x7,0.012638
44,0,imagen.jpeg,128,layer_add,1x160x7x7,0.003492
44,0,imagen.jpeg,129,pointwise_conv,1x160x7x7,3.580763
44,0,imagen.jpeg,130,batchnorm,1x960x7x7,0.074397
44,0,imagen.jpeg,131,activacion,1x960x7x7,0.126086
44,0,imagen.jpeg,132,depthwise_conv,1x960x7x7,0.574395
44,0,imagen.jpeg,133,batchnorm,1x960x7x7,0.123533
44,0,imagen.jpeg,134,activacion,1x960x7x7,0.109716
44,0,imagen.jpeg,135,pointwise_conv,1x960x7x7,3.568966
44,0,imagen.jpeg,136,batchnorm,1x160x7x7,0.012499
44,0,imagen.jpeg,137,layer_add,1x160x7x7,0.003916
44,0,imagen.jpeg,138,pointwise_conv,1x160x7x7,3.631703
44,0,imagen.jpeg,139,batchnorm,1x960x7x7,0.07439
44,0,imagen.jpeg,140,activacion,1x960x7x7,0.103507
44,0,imagen.jpeg,141,depthwise_conv,1x960x7x7,0.586006
44,0,imagen.jpeg,142,batchnorm,1x960x7x7,0.090798
44,0,imagen.jpeg,143,activacion,1x960x7x7,0.056937
44,0,imagen.jpeg,144,pointwise_conv,1x960x7x7,7.139721
44,0,imagen.jpeg,145,batchnorm,1x320x7x7,0.024985
44,0,imagen.jpeg,146,pointwise_conv,1x320x7x7,9.543391
44,0,imagen.jpeg,147,batchnorm,1x1280x7x7,0.099167
44,0,imagen.jpeg,148,activacion,1x1280x7x7,0.163323
44,0,imagen.jpeg,149,pooling,1x1280x7x7,0.033604
44,0,imagen.jpeg,150,linear,1x1280,1.107833
45,0,imagen.jpeg,0,conv2d,1x3x224x224,17.323804
45,0,imagen.jpeg,1,batchnorm,1x32x112x112,0.61482
45,0,imagen.jpeg,2,activacion,1x32x112x112,0.400851
45,0,imagen.jpeg,3,depthwise_conv,1x32x112x112,4.721747
45,0,imagen.jpeg,4,batchnorm,1x32x112x112,8.983868
45,0,imagen.jpeg,5,activacion,1x32x112x112,0.490693
45,0,imagen.jpeg,6,pointwise_conv,1x32x112x112,3.037222
45,0,imagen.jpeg,7,batchnorm,1x16x112x112,0.312932
45,0,imagen.jpeg,8,pointwise_conv,1x16x112x112,9.257599
45,0,imagen.jpeg,9,batchnorm,1x96x112x112,1.861866
45,0,imagen.jpeg,10,activacion,1x96x112x112,2.776195
45,0,imagen.jpeg,11,depthwise_conv,1x96x112x112,3.607644
45,0,imagen.jpeg,12,batchnorm,1x96x56x56,0.464378
45,0,imagen.jpeg,13,activacion,1x96x56x56,0.881733
45,0,imagen.jpeg,14,pointwise_conv,1x96x56x56,3.371449
45,0,imagen.jpeg,15,batchnorm,1x24x56x56,0.114179
45,0,imagen.jpeg,16,pointwise_conv,1x24x56x56,5.125032
45,0,imagen.jpeg,17,batchnorm,1x144x56x56,0.687971
45,0,imagen.jpeg,18,activacion,1x144x56x56,1.015788
45,0,imagen.jpeg,19,depthwise_conv,1x144x56x56,5.437886
45,0,imagen.jpeg,20,batchnorm,1x144x56x56,0.687715
45,0,imagen.jpeg,21,activacion,1x144x56x56,1.451475
45,0,imagen.jpeg,22,pointwise_conv,1x144x56x56,5.085974
45,0,imagen.jpeg,23,batchnorm,1x24x56x56,0.11412
45,0,imagen.jpeg,24,layer_add,1x24x56x56,0.035355
45,0,imagen.jpeg,25,pointwise_conv,1x24x56x56,5.1144
45,0,imagen.jpeg,26,batchnorm,1x144x56x56,0.693662
45,0,imagen.jpeg,27,activacion,1x144x56x56,1.344411
45,0,imagen.jpeg,28,depthwise_conv,1x144x56x56,1.421835
45,0,imagen.jpeg,29,batchnorm,1x144x28x28,0.172232
45,0,imagen.jpeg,30,activacion,1x144x28x28,0.298874
45,0,imagen.jpeg,31,pointwise_conv,1x144x28x28,1.70408
45,0,imagen.jpeg,32,batchnorm,1x32x28x28,0.038374
45,0,imagen.jpeg,33,pointwise_conv,1x32x28x28,2.296882
45,0,imagen.jpeg,34,batchnorm,1x192x28x28,0.229128
45,0,imagen.jpeg,35,activacion,1x192x28x28,0.289143
45,0,imagen.jpeg,36,depthwise_conv,1x192x28x28,1.818084
45,0,imagen.jpeg,37,batchnorm,1x192x28x28,0.235231
45,0,imagen.jpeg,38,activacion,1x192x28x28,0.489836
45,0,imagen.jpeg,39,pointwise_conv,1x192x28x28,2.263576
45,0,imagen.jpeg,40,batchnorm,1x32x28x28,0.038256
45,0,imagen.jpeg,41,layer_add,1x32x28x28,0.011117
45,0,imagen.jpeg,42,pointwise_conv,1x32x28x28,2.299204
45,0,imagen.jpeg,43,batchnorm,1x192x28x28,0.231113
45,0,imagen.jpeg,44,activacion,1x192x28x28,0.362105
45,0,imagen.jpeg,45,depthwise_conv,1x192x28x28,1.833188
45,0,imagen.jpeg,46,batchnorm,1x192x28x28,0.229111
45,0,imagen.jpeg,47,activacion,1x192x28x28,0.475846
45,0,imagen.jpeg,48,pointwise_conv,1x192x28x28,2.264377
45,0,imagen.jpeg,49,batchnorm,1x32x28x28,0.038239
45,0,imagen.jpeg,50,layer_add,1x32x28x28,0.011093
45,0,imagen.jpeg,51,pointwise_conv,1x32x28x28,2.300236
45,0,imagen.jpeg,52,batchnorm,1x192x28x28,0.231002
45,0,imagen.jpeg,53,activacion,1x192x28x28,0.427475
45,0,imagen.jpeg,54,depthwise_conv,1x192x28x28,0.478681
45,0,imagen.jpeg,55,batchnorm,1x192x14x14,0.064144
45,0,imagen.jpeg,56,activacion,1x192x14x14,0.078077
45,0,imagen.jpeg,57,pointwise_conv,1x192x14x14,1.194545
45,0,imagen.jpeg,58,batchnorm,1x64x14x14,0.019368
45,0,imagen.jpeg,59,pointwise_conv,1x64x14x14,2.429252
45,0,imagen.jpeg,60,batchnorm,1x384x14x14,0.115614
45,0,imagen.jpeg,61,activacion,1x384x14x14,0.153598
45,0,imagen.jpeg,62,depthwise_conv,1x384x14x14,0.912019
45,0,imagen.jpeg,63,batchnorm,1x384x14x14,0.115276
45,0,imagen.jpeg,64,activacion,1x384x14x14,0.249011
45,0,imagen.jpeg,65,pointwise_conv,1x384x14x14,2.386424
45,0,imagen.jpeg,66,batchnorm,1x64x14x14,0.019391
45,0,imagen.jpeg,67,layer_add,1x64x14x14,0.005542
45,0,imagen.jpeg,68,pointwise_conv,1x64x14x14,2.411365
45,0,imagen.jpeg,69,batchnorm,1x384x14x14,0.114924
45,0,imagen.jpeg,70,activacion,1x384x14x14,0.206094
45,0,imagen.jpeg,71,depthwise_conv,1x384x14x14,0.936673
45,0,imagen.jpeg,72,batchnorm,1x384x14x14,0.245948
45,0,imagen.jpeg,73,activacion,1x384x14x14,0.220833
45,0,imagen.jpeg,74,pointwise_conv,1x384x14x14,2.390706
45,0,imagen.jpeg,75,batchnorm,1x64x14x14,0.019368
45,0,imagen.jpeg,76,layer_add,1x64x14x14,0.005511
45,0,imagen.jpeg,77,pointwise_conv,1x64x14x14,2.411544
45,0,imagen.jpeg,78,batchnorm,1x384x14x14,0.115218
45,0,imagen.jpeg,79,activacion,1x384x14x14,0.232109
45,0,imagen.jpeg,80,depthwise_conv,1x384x14x14,0.932492
45,0,imagen.jpeg,81,batchnorm,1x384x14x14,0.4418
45,0,imagen.jpeg,82,activacion,1x384x14x14,0.200072
45,0,imagen.jpeg,83,pointwise_conv,1x384x14x14,2.394323
45,0,imagen.jpeg,84,batchnorm,1x64x14x14,0.019534
45,0,imagen.jpeg,85,layer_add,1x64x14x14,0.005498
45,0,imagen.jpeg,86,pointwise_conv,1x64x14x14,2.404771
45,0,imagen.jpeg,87,batchnorm,1x384x14x14,0.117719
45,0,imagen.jpeg,88,activacion,1x384x14x14,0.2271
45,0,imagen.jpeg,89,depthwise_conv,1x384x14x14,0.93372
45,0,imagen.jpeg,90,batchnorm,1x384x14x14,0.115471
45,0,imagen.jpeg,91,activacion,1x384x14x14,0.210423
45,0,imagen.jpeg,92,pointwise_conv,1x384x14x14,3.588596
45,0,imagen.jpeg,93,batchnorm,1x96x14x14,0.028933
45,0,imagen.jpeg,94,pointwise_conv,1x96x14x14,5.39343
45,0,imagen.jpeg,95,batchnorm,1x576x14x14,0.172414
45,0,imagen.jpeg,96,activacion,1x576x14x14,0.332193
45,0,imagen.jpeg,97,depthwise_conv,1x576x14x14,1.395732
45,0,imagen.jpeg,98,batchnorm,1x576x14x14,0.502419
45,0,imagen.jpeg,99,activacion,1x576x14x14,0.286249
45,0,imagen.jpeg,100,pointwise_conv,1x576x14x14,5.373867
45,0,imagen.jpeg,101,batchnorm,1x96x14x14,0.028933
45,0,imagen.jpeg,102,layer_add,1x96x14x14,0.008252
45,0,imagen.jpeg,103,pointwise_conv,1x96x14x14,5.402688
45,0,imagen.jpeg,104,batchnorm,1x576x14x14,0.172623
45,0,imagen.jpeg,105,activacion,1x576x14x14,0.330778
45,0,imagen.jpeg,106,depthwise_conv,1x576x14x14,1.399942
45,0,imagen.jpeg,107,batchnorm,1x576x14x14,0.435933
45,0,imagen.jpeg,108,activacion,1x576x14x14,0.259028
45,0,imagen.jpeg,109,pointwise_conv,1x576x14x14,5.372726
45,0,imagen.jpeg,110,batchnorm,1x96x14x14,0.028915
45,0,imagen.jpeg,111,layer_add,1x96x14x14,0.008644
45,0,imagen.jpeg,112,pointwise_conv,1x96x14x14,5.401021
45,0,imagen.jpeg,113,batchnorm,1x576x14x14,0.17281
45,0,imagen.jpeg,114,activacion,1x576x14x14,0.28403
45,0,imagen.jpeg,115,depthwise_conv,1x576x14x14,0.369934
45,0,imagen.jpeg,116,batchnorm,1x576x7x7,0.061165
45,0,imagen.jpeg,117,activacion,1x576x7x7,0.049384
45,0,imagen.jpeg,118,pointwise_conv,1x576x7x7,2.142238
45,0,imagen.jpeg,119,batchnorm,1x160x7x7,0.012741
45,0,imagen.jpeg,120,pointwise_conv,1x160x7x7,3.58186
45,0,imagen.jpeg,121,batchnorm,1x960x7x7,0.074393
45,0,imagen.jpeg,122,activacion,1x960x7x7,0.134087
45,0,imagen.jpeg,123,depthwise_conv,1x960x7x7,0.589061
45,0,imagen.jpeg,124,batchnorm,1x960x7x7,0.074595
45,0,imagen.jpeg,125,activacion,1x960x7x7,0.127227
45,0,imagen.jpeg,126,pointwise_conv,1x960x7x7,3.567211
45,0,imagen.jpeg,127,batchnorm,1x160x7x7,0.012538
45,0,imagen.jpeg,128,layer_add,1x160x7x7,0.003497
45,0,imagen.jpeg,129,pointwise_conv,1x160x7x7,3.580054
45,0,imagen.jpeg,130,batchnorm,1x960x7x7,0.074424
45,0,imagen.jpeg,131,activacion,1x960x7x7,0.127058
45,0,imagen.jpeg,132,depthwise_conv,1x960x7x7,0.589
45,0,imagen.jpeg,133,batchnorm,1x960x7x7,0.123716
45,0,imagen.jpeg,134,activacion,1x960x7x7,0.109116
45,0,imagen.jpeg,135,pointwise_conv,1x960x7x7,3.584817
45,0,imagen.jpeg,136,batchnorm,1x160x7x7,0.012515
45,0,imagen.jpeg,137,layer_add,1x160x7x7,0.003827
45,0,imagen.jpeg,138,pointwise_conv,1x160x7x7,3.586485
45,0,imagen.jpeg,139,batchnorm,1x960x7x7,0.076616
45,0,imagen.jpeg,140,activacion,1x960x7x7,0.104413
45,0,imagen.jpeg,141,depthwise_conv,1x960x7x7,0.587358
45,0,imagen.jpeg,142,batchnorm,1x960x7x7,0.095298
45,0,imagen.jpeg,143,activacion,1x960x7x7,0.05755
45,0,imagen.jpeg,144,pointwise_conv,1x960x7x7,7.134664
45,0,imagen.jpeg,145,batchnorm,1x320x7x7,0.02499
45,0,imagen.jpeg,146,pointwise_conv,1x320x7x7,9.535113
45,0,imagen.jpeg,147,batchnorm,1x1280x7x7,0.099135
45,0,imagen.jpeg,148,activacion,1x1280x7x7,0.159522
45,0,imagen.jpeg,149,pooling,1x1280x7x7,0.033528
45,0,imagen.jpeg,150,linear,1x1280,1.100713
46,0,imagen.jpeg,0,conv2d,1x3x224x224,17.148313
46,0,imagen.jpeg,1,batchnorm,1x32x112x112,0.633239
46,0,imagen.jpeg,2,activacion,1x32x112x112,0.395829
46,0,imagen.jpeg,3,depthwise_conv,1x32x112x112,4.807698
46,0,imagen.jpeg,4,batchnorm,1x32x112x112,8.988958
46,0,imagen.jpeg,5,activacion,1x32x112x112,0.49353
46,0,imagen.jpeg,6,pointwise_conv,1x32x112x112,3.03506
46,0,imagen.jpeg,7,batchnorm,1x16x112x112,0.304523
46,0,imagen.jpeg,8,pointwise_conv,1x16x112x112,9.252536
46,0,imagen.jpeg,9,batchnorm,1x96x112x112,1.836552
46,0,imagen.jpeg,10,activacion,1x96x112x112,2.751774
46,0,imagen.jpeg,11,depthwise_conv,1x96x112x112,3.638895
46,0,imagen.jpeg,12,batchnorm,1x96x56x56,0.460126
46,0,imagen.jpeg,13,activacion,1x96x56x56,0.896927
46,0,imagen.jpeg,14,pointwise_conv,1x96x56x56,3.364122
46,0,imagen.jpeg,15,batchnorm,1x24x56x56,0.114295
46,0,imagen.jpeg,16,pointwise_conv,1x24x56x56,5.120673
46,0,imagen.jpeg,17,batchnorm,1x144x56x56,0.697697
46,0,imagen.jpeg,18,activacion,1x144x56x56,1.014066
46,0,imagen.jpeg,19,depthwise_conv,1x144x56x56,5.429684
46,0,imagen.jpeg,20,batchnorm,1x144x56x56,0.705892
46,0,imagen.jpeg,21,activacion,1x144x56x56,1.460262
46,0,imagen.jpeg,22,pointwise_conv,1x144x56x56,5.072284
46,0,imagen.jpeg,23,batchnorm,1x24x56x56,0.114208
46,0,imagen.jpeg,24,layer_add,1x24x56x56,0.035274
46,0,imagen.jpeg,25,pointwise_conv,1x24x56x56,5.111427
46,0,imagen.jpeg,26,batchnorm,1x144x56x56,0.692925
46,0,imagen.jpeg,27,activacion,1x144x56x56,1.347682
46,0,imagen.jpeg,28,depthwise_conv,1x144x56x56,1.392358
46,0,imagen.jpeg,29,batchnorm,1x144x28x28,0.172042
46,0,imagen.jpeg,30,activacion,1x144x28x28,0.298825
46,0,imagen.jpeg,31,pointwise_conv,1x144x28x28,1.707931
46,0,imagen.jpeg,32,batchnorm,1x32x28x28,0.041245
46,0,imagen.jpeg,33,pointwise_conv,1x32x28x28,2.297709
46,0,imagen.jpeg,34,batchnorm,1x192x28x28,0.229351
46,0,imagen.jpeg,35,activacion,1x192x28x28,0.289198
46,0,imagen.jpeg,36,depthwise_conv,1x192x28x28,1.839891
46,0,imagen.jpeg,37,batchnorm,1x192x28x28,0.232666
46,0,imagen.jpeg,38,activacion,1x192x28x28,0.497845
46,0,imagen.jpeg,39,pointwise_conv,1x192x28x28,2.264412
46,0,imagen.jpeg,40,batchnorm,1x32x28x28,0.038255
46,0,imagen.jpeg,41,layer_add,1x32x28x28,0.011092
46,0,imagen.jpeg,42,pointwise_conv,1x32x28x28,2.299656
46,0,imagen.jpeg,43,batchnorm,1x192x28x28,0.229226
46,0,imagen.jpeg,44,activacion,1x192x28x28,0.36201
46,0,imagen.jpeg,45,depthwise_conv,1x192x28x28,1.832751
46,0,imagen.jpeg,46,batchnorm,1x192x28x28,0.229379
46,0,imagen.jpeg,47,activacion,1x192x28x28,0.482164
46,0,imagen.jpeg,48,pointwise_conv,1x192x28x28,2.264035
46,0,imagen.jpeg,49,batchnorm,1x32x28x28,0.03827
46,0,imagen.jpeg,50,layer_add,1x32x28x28,0.011288
46,0,imagen.jpeg,51,pointwise_conv,1x32x28x28,2.303765
46,0,imagen.jpeg,52,batchnorm,1x192x28x28,0.229135
46,0,imagen.jpeg,53,activacion,1x192x28x28,0.428149
46,0,imagen.jpeg,54,depthwise_conv,1x192x28x28,0.483425
46,0,imagen.jpeg,55,batchnorm,1x192x14x14,0.057698
46,0,imagen.jpeg,56,activacion,1x192x14x14,0.07884
46,0,imagen.jpeg,57,pointwise_conv,1x192x14x14,1.194825
46,0,imagen.jpeg,58,batchnorm,1x64x14x14,0.019389
46,0,imagen.jpeg,59,pointwise_conv,1x64x14x14,2.413384
46,0,imagen.jpeg,60,batchnorm,1x384x14x14,0.119083
46,0,imagen.jpeg,61,activacion,1x384x14x14,0.1546
46,0,imagen.jpeg,62,depthwise_conv,1x384x14x14,0.926681
46,0,imagen.jpeg,63,batchnorm,1x384x14x14,0.117401
46,0,imagen.jpeg,64,activacion,1x384x14x14,0.244074
46,0,imagen.jpeg,65,pointwise_conv,1x384x14x14,2.391916
46,0,imagen.jpeg,66,batchnorm,1x64x14x14,0.019282
46,0,imagen.jpeg,67,layer_add,1x64x14x14,0.005511
46,0,imagen.jpeg,68,pointwise_conv,1x64x14x14,2.406809
46,0,imagen.jpeg,69,batchnorm,1x384x14x14,0.118617
46,0,imagen.jpeg,70,activacion,1x384x14x14,0.206281
46,0,imagen.jpeg,71,depthwise_conv,1x384x14x14,0.932536
46,0,imagen.jpeg,72,batchnorm,1x384x14x14,0.24602
46,0,imagen.jpeg,73,activacion,1x384x14x14,0.234668
46,0,imagen.jpeg,74,pointwise_conv,1x384x14x14,2.390852
46,0,imagen.jpeg,75,batchnorm,1x64x14x14,0.019376
46,0,imagen.jpeg,76,layer_add,1x64x14x14,0.005557
46,0,imagen.jpeg,77,pointwise_conv,1x64x14x14,2.410203
46,0,imagen.jpeg,78,batchnorm,1x384x14x14,0.11521
46,0,imagen.jpeg,79,activacion,1x384x14x14,0.236398
46,0,imagen.jpeg,80,depthwise_conv,1x384x14x14,0.931434
46,0,imagen.jpeg,81,batchnorm,1x384x14x14,0.441908
46,0,imagen.jpeg,82,activacion,1x384x14x14,0.20023
46,0,imagen.jpeg,83,pointwise_conv,1x384x14x14,2.393071
46,0,imagen.jpeg,84,batchnorm,1x64x14x14,0.019423
46,0,imagen.jpeg,85,layer_add,1x64x14x14,0.014893
46,0,imagen.jpeg,86,pointwise_conv,1x64x14x14,2.406286
46,0,imagen.jpeg,87,batchnorm,1x384x14x14,0.119355
46,0,imagen.jpeg,88,activacion,1x384x14x14,0.234059
46,0,imagen.jpeg,89,depthwise_conv,1x384x14x14,0.9319
46,0,imagen.jpeg,90,batchnorm,1x384x14x14,0.120572
46,0,imagen.jpeg,91,activacion,1x384x14x14,0.225024
46,0,imagen.jpeg,92,pointwise_conv,1x384x14x14,3.58755
46,0,imagen.jpeg,93,batchnorm,1x96x14x14,0.028961
46,0,imagen.jpeg,94,pointwise_conv,1x96x14x14,5.395268
46,0,imagen.jpeg,95,batchnorm,1x576x14x14,0.172916
46,0,imagen.jpeg,96,activacion,1x576x14x14,0.334626
46,0,imagen.jpeg,97,depthwise_conv,1x576x14x14,1.396325
46,0,imagen.jpeg,98,batchnorm,1x576x14x14,0.518834
46,0,imagen.jpeg,99,activacion,1x576x14x14,0.287195
46,0,imagen.jpeg,100,pointwise_conv,1x576x14x14,5.368017
46,0,imagen.jpeg,101,batchnorm,1x96x14x14,0.032481
46,0,imagen.jpeg,102,layer_add,1x96x14x14,0.008264
46,0,imagen.jpeg,103,pointwise_conv,1x96x14x14,5.407407
46,0,imagen.jpeg,104,batchnorm,1x576x14x14,0.172984
46,0,imagen.jpeg,105,activacion,1x576x14x14,0.331399
46,0,imagen.jpeg,106,depthwise_conv,1x576x14x14,1.401148
46,0,imagen.jpeg,107,batchnorm,1x576x14x14,0.433741
46,0,imagen.jpeg,108,activacion,1x576x14x14,0.263938
46,0,imagen.jpeg,109,pointwise_conv,1x576x14x14,5.36673
46,0,imagen.jpeg,110,batchnorm,1x96x14x14,0.028832
46,0,imagen.jpeg,111,layer_add,1x96x14x14,0.008244
46,0,imagen.jpeg,112,pointwise_conv,1x96x14x14,5.40419
46,0,imagen.jpeg,113,batchnorm,1x576x14x14,0.18435
46,0,imagen.jpeg,114,activacion,1x576x14x14,0.283353
46,0,imagen.jpeg,115,depthwise_conv,1x576x14x14,0.368393
46,0,imagen.jpeg,116,batchnorm,1x576x7x7,0.061184
46,0,imagen.jpeg,117,activacion,1x576x7x7,0.049405
46,0,imagen.jpeg,118,pointwise_conv,1x576x7x7,2.150275
46,0,imagen.jpeg,119,batchnorm,1x160x7x7,0.012822
46,0,imagen.jpeg,120,pointwise_conv,1x160x7x7,3.582797
46,0,imagen.jpeg,121,batchnorm,1x960x7x7,0.074371
46,0,imagen.jpeg,122,activacion,1x960x7x7,0.134595
46,0,imagen.jpeg,123,depthwise_conv,1x960x7x7,0.565617
46,0,imagen.jpeg,124,batchnorm,1x960x7x7,0.074586
46,0,imagen.jpeg,125,activacion,1x960x7x7,0.126476
46,0,imagen.jpeg,126,pointwise_conv,1x960x7x7,3.578705
46,0,imagen.jpeg,127,batchnorm,1x160x7x7,0.012587
46,0,imagen.jpeg,128,layer_add,1x160x7x7,0.003584
46,0,imagen.jpeg,129,pointwise_conv,1x160x7x7,3.580702
46,0,imagen.jpeg,130,batchnorm,1x960x7x7,0.074362
46,0,imagen.jpeg,131,activacion,1x960x7x7,0.126843
46,0,imagen.jpeg,132,depthwise_conv,1x960x7x7,0.580581
46,0,imagen.jpeg,133,batchnorm,1x960x7x7,0.123767
46,0,imagen.jpeg,134,activacion,1x960x7x7,0.109556
46,0,imagen.jpeg,135,pointwise_conv,1x960x7x7,3.573149
46,0,imagen.jpeg,136,batchnorm,1x160x7x7,0.012539
46,0,imagen.jpeg,137,layer_add,1x160x7x7,0.003792
46,0,imagen.jpeg,138,pointwise_conv,1x160x7x7,3.583554
46,0,imagen.jpeg,139,batchnorm,1x960x7x7,0.074364
46,0,imagen.jpeg,140,activacion,1x960x7x7,0.102862
46,0,imagen.jpeg,141,depthwise_conv,1x960x7x7,0.586053
46,0,imagen.jpeg,142,batchnorm,1x960x7x7,0.095537
46,0,imagen.jpeg,143,activacion,1x960x7x7,0.057511
46,0,imagen.jpeg,144,pointwise_conv,1x960x7x7,7.146254
46,0,imagen.jpeg,145,batchnorm,1x320x7x7,0.02497
46,0,imagen.jpeg,146,pointwise_conv,1x320x7x7,9.564428
46,0,imagen.jpeg,147,batchnorm,1x1280x7x7,0.105725
46,0,imagen.jpeg,148,activacion,1x1280x7x7,0.161113
46,0,imagen.jpeg,149,pooling,1x1280x7x7,0.033488
46,0,imagen.jpeg,150,linear,1x1280,1.103642
47,0,imagen.jpeg,0,conv2d,1x3x224x224,17.206563
47,0,imagen.jpeg,1,batchnorm,1x32x112x112,0.628334
47,0,imagen.jpeg,2,activacion,1x32x112x112,0.407599
47,0,imagen.jpeg,3,depthwise_conv,1x32x112x112,4.804034
47,0,imagen.jpeg,4,batchnorm,1x32x112x112,8.980954
47,0,imagen.jpeg,5,activacion,1x32x112x112,0.492214
47,0,imagen.jpeg,6,pointwise_conv,1x32x112x112,3.071555
47,0,imagen.jpeg,7,batchnorm,1x16x112x112,0.309129
47,0,imagen.jpeg,8,pointwise_conv,1x16x112x112,9.285025
47,0,imagen.jpeg,9,batchnorm,1x96x112x112,1.850667
47,0,imagen.jpeg,10,activacion,1x96x112x112,2.759017
47,0,imagen.jpeg,11,depthwise_conv,1x96x112x112,3.624503
47,0,imagen.jpeg,12,batchnorm,1x96x56x56,0.461179
47,0,imagen.jpeg,13,activacion,1x96x56x56,0.885418
47,0,imagen.jpeg,14,pointwise_conv,1x96x56x56,3.36812
47,0,imagen.jpeg,15,batchnorm,1x24x56x56,0.114182
47,0,imagen.jpeg,16,pointwise_conv,1x24x56x56,5.132532
47,0,imagen.jpeg,17,batchnorm,1x144x56x56,0.697311
47,0,imagen.jpeg,18,activacion,1x144x56x56,1.020949
47,0,imagen.jpeg,19,depthwise_conv,1x144x56x56,5.398573
47,0,imagen.jpeg,20,batchnorm,1x144x56x56,0.696574
47,0,imagen.jpeg,21,activacion,1x144x56x56,1.444125
47,0,imagen.jpeg,22,pointwise_conv,1x144x56x56,5.111826
47,0,imagen.jpeg,23,batchnorm,1x24x56x56,0.114374
47,0,imagen.jpeg,24,layer_add,1x24x56x56,0.034261
47,0,imagen.jpeg,25,pointwise_conv,1x24x56x56,5.117265
47,0,imagen.jpeg,26,batchnorm,1x144x56x56,0.682884
47,0,imagen.jpeg,27,activacion,1x144x56x56,1.343779
47,0,imagen.jpeg,28,depthwise_conv,1x144x56x56,1.385366
47,0,imagen.jpeg,29,batchnorm,1x144x28x28,0.172022
47,0,imagen.jpeg,30,activacion,1x144x28x28,0.302706
47,0,imagen.jpeg,31,pointwise_conv,1x144x28x28,1.701625
47,0,imagen.jpeg,32,batchnorm,1x32x28x28,0.038327
47,0,imagen.jpeg,33,pointwise_conv,1x32x28x28,2.295027
47,0,imagen.jpeg,34,batchnorm,1x192x28x28,0.229103
47,0,imagen.jpeg,35,activacion,1x192x28x28,0.289257
47,0,imagen.jpeg,36,depthwise_conv,1x192x28x28,1.833474
47,0,imagen.jpeg,37,batchnorm,1x192x28x28,0.232324
47,0,imagen.jpeg,38,activacion,1x192x28x28,0.481069
47,0,imagen.jpeg,39,pointwise_conv,1x192x28x28,2.263686
47,0,imagen.jpeg,40,batchnorm,1x32x28x28,0.038245
47,0,imagen.jpeg,41,layer_add,1x32x28x28,0.011205
47,0,imagen.jpeg,42,pointwise_conv,1x32x28x28,2.297017
47,0,imagen.jpeg,43,batchnorm,1x192x28x28,0.229298
47,0,imagen.jpeg,44,activacion,1x192x28x28,0.362816
47,0,imagen.jpeg,45,depthwise_conv,1x192x28x28,1.81603
47,0,imagen.jpeg,46,batchnorm,1x192x28x28,0.234121
47,0,imagen.jpeg,47,activacion,1x192x28x28,0.466018
47,0,imagen.jpeg,48,pointwise_conv,1x192x28x28,2.265538
47,0,imagen.jpeg,49,batchnorm,1x32x28x28,0.040358
47,0,imagen.jpeg,50,layer_add,1x32x28x28,0.011934
47,0,imagen.jpeg,51,pointwise_conv,1x32x28x28,2.29698
47,0,imagen.jpeg,52,batchnorm,1x192x28x28,0.229414
47,0,imagen.jpeg,53,activacion,1x192x28x28,0.428017
47,0,imagen.jpeg,54,depthwise_conv,1x192x28x28,0.473657
47,0,imagen.jpeg,55,batchnorm,1x192x14x14,0.057745
47,0,imagen.jpeg,56,activacion,1x192x14x14,0.077524
47,0,imagen.jpeg,57,pointwise_conv,1x192x14x14,1.196692
47,0,imagen.jpeg,58,batchnorm,1x64x14x14,0.019405
47,0,imagen.jpeg,59,pointwise_conv,1x64x14x14,2.407137
47,0,imagen.jpeg,60,batchnorm,1x384x14x14,0.115352
47,0,imagen.jpeg,61,activacion,1x384x14x14,0.153901
47,0,imagen.jpeg,62,depthwise_conv,1x384x14x14,0.931557
47,0,imagen.jpeg,63,batchnorm,1x384x14x14,0.115396
47,0,imagen.jpeg,64,activacion,1x384x14x14,0.252624
47,0,imagen.jpeg,65,pointwise_conv,1x384x14x14,2.402121
47,0,imagen.jpeg,66,batchnorm,1x64x14x14,0.019428
47,0,imagen.jpeg,67,layer_add,1x64x14x14,0.005639
47,0,imagen.jpeg,68,pointwise_conv,1x64x14x14,2.412815
47,0,imagen.jpeg,69,batchnorm,1x384x14x14,0.11531
47,0,imagen.jpeg,70,activacion,1x384x14x14,0.206969
47,0,imagen.jpeg,71,depthwise_conv,1x384x14x14,0.925668
47,0,imagen.jpeg,72,batchnorm,1x384x14x14,0.247526
47,0,imagen.jpeg,73,activacion,1x384x14x14,0.22304
47,0,imagen.jpeg,74,pointwise_conv,1x384x14x14,2.388524
47,0,imagen.jpeg,75,batchnorm,1x64x14x14,0.019318
47,0,imagen.jpeg,76,layer_add,1x64x14x14,0.005498
47,0,imagen.jpeg,77,pointwise_conv,1x64x14x14,2.40383
47,0,imagen.jpeg,78,batchnorm,1x384x14x14,0.118874
47,0,imagen.jpeg,79,activacion,1x384x14x14,0.229374
47,0,imagen.jpeg,80,depthwise_conv,1x384x14x14,0.931374
47,0,imagen.jpeg,81,batchnorm,1x384x14x14,0.441807
47,0,imagen.jpeg,82,activacion,1x384x14x14,0.204414
47,0,imagen.jpeg,83,pointwise_conv,1x384x14x14,2.390002
47,0,imagen.jpeg,84,batchnorm,1x64x14x14,0.019472
47,0,imagen.jpeg,85,layer_add,1x64x14x14,0.00552
47,0,imagen.jpeg,86,pointwise_conv,1x64x14x14,2.40871
47,0,imagen.jpeg,87,batchnorm,1x384x14x14,0.115387
47,0,imagen.jpeg,88,activacion,1x384x14x14,0.227985
47,0,imagen.jpeg,89,depthwise_conv,1x384x14x14,0.926644
47,0,imagen.jpeg,90,batchnorm,1x384x14x14,0.115281
47,0,imagen.jpeg,91,activacion,1x384x14x14,0.211062
47,0,imagen.jpeg,92,pointwise_conv,1x384x14x14,3.586677
47,0,imagen.jpeg,93,batchnorm,1x96x14x14,0.028977
47,0,imagen.jpeg,94,pointwise_conv,1x96x14x14,5.394523
47,0,imagen.jpeg,95,batchnorm,1x576x14x14,0.176531
47,0,imagen.jpeg,96,activacion,1x576x14x14,0.331565
47,0,imagen.jpeg,97,depthwise_conv,1x576x14x14,1.388074
47,0,imagen.jpeg,98,batchnorm,1x576x14x14,0.507524
47,0,imagen.jpeg,99,activacion,1x576x14x14,0.290137
47,0,imagen.jpeg,100,pointwise_conv,1x576x14x14,5.383004
47,0,imagen.jpeg,101,batchnorm,1x96x14x14,0.031681
47,0,imagen.jpeg,102,layer_add,1x96x14x14,0.008531
47,0,imagen.jpeg,103,pointwise_conv,1x96x14x14,5.408072
47,0,imagen.jpeg,104,batchnorm,1x576x14x14,0.1733
47,0,imagen.jpeg,105,activacion,1x576x14x14,0.333107
47,0,imagen.jpeg,106,depthwise_conv,1x576x14x14,1.392869
47,0,imagen.jpeg,107,batchnorm,1x576x14x14,0.439012
47,0,imagen.jpeg,108,activacion,1x576x14x14,0.255782
47,0,imagen.jpeg,109,pointwise_conv,1x576x14x14,5.3757
47,0,imagen.jpeg,110,batchnorm,1x96x14x14,0.028817
47,0,imagen.jpeg,111,layer_add,1x96x14x14,0.008213
47,0,imagen.jpeg,112,pointwise_conv,1x96x14x14,5.406034
47,0,imagen.jpeg,113,batchnorm,1x576x14x14,0.172803
47,0,imagen.jpeg,114,activacion,1x576x14x14,0.282979
47,0,imagen.jpeg,115,depthwise_conv,1x576x14x14,0.366883
47,0,imagen.jpeg,116,batchnorm,1x576x7x7,0.06117
47,0,imagen.jpeg,117,activacion,1x576x7x7,0.049717
47,0,imagen.jpeg,118,pointwise_conv,1x576x7x7,2.142084
47,0,imagen.jpeg,119,batchnorm,1x160x7x7,0.012716
47,0,imagen.jpeg,120,pointwise_conv,1x160x7x7,3.582124
47,0,imagen.jpeg,121,batchnorm,1x960x7x7,0.074369
47,0,imagen.jpeg,122,activacion,1x960x7x7,0.133762
47,0,imagen.jpeg,123,depthwise_conv,1x960x7x7,0.564198
47,0,imagen.jpeg,124,batchnorm,1x960x7x7,0.074601
47,0,imagen.jpeg,125,activacion,1x960x7x7,0.127513
47,0,imagen.jpeg,126,pointwise_conv,1x960x7x7,3.583956
47,0,imagen.jpeg,127,batchnorm,1x160x7x7,0.012562
47,0,imagen.jpeg,128,layer_add,1x160x7x7,0.003492
47,0,imagen.jpeg,129,pointwise_conv,1x160x7x7,3.580634
47,0,imagen.jpeg,130,batchnorm,1x960x7x7,0.074352
47,0,imagen.jpeg,131,activacion,1x960x7x7,0.126546
47,0,imagen.jpeg,132,depthwise_conv,1x960x7x7,0.588993
47,0,imagen.jpeg,133,batchnorm,1x960x7x7,0.12358
47,0,imagen.jpeg,134,activacion,1x960x7x7,0.110362
47,0,imagen.jpeg,135,pointwise_conv,1x960x7x7,3.593401
47,0,imagen.jpeg,136,batchnorm,1x160x7x7,0.012519
47,0,imagen.jpeg,137,layer_add,1x160x7x7,0.003659
47,0,imagen.jpeg,138,pointwise_conv,1x160x7x7,3.584915
47,0,imagen.jpeg,139,batchnorm,1x960x7x7,0.074353
47,0,imagen.jpeg,140,activacion,1x960x7x7,0.102903
47,0,imagen.jpeg,141,depthwise_conv,1x960x7x7,0.590698
47,0,imagen.jpeg,142,batchnorm,1x960x7x7,0.092647
47,0,imagen.jpeg,143,activacion,1x960x7x7,0.057783
47,0,imagen.jpeg,144,pointwise_conv,1x960x7x7,7.14255
47,0,imagen.jpeg,145,batchnorm,1x320x7x7,0.024977
47,0,imagen.jpeg,146,pointwise_conv,1x320x7x7,9.534133
47,0,imagen.jpeg,147,batchnorm,1x1280x7x7,0.099147
47,0,imagen.jpeg,148,activacion,1x1280x7x7,0.159228
47,0,imagen.jpeg,149,pooling,1x1280x7x7,0.033699
47,0,imagen.jpeg,150,linear,1x1280,1.10257
48,0,imagen.jpeg,0,conv2d,1x3x224x224,17.196729
48,0,imagen.jpeg,1,batchnorm,1x32x112x112,0.608771
48,0,imagen.jpeg,2,activacion,1x32x112x112,0.401457
48,0,imagen.jpeg,3,depthwise_conv,1x32x112x112,4.780935
48,0,imagen.jpeg,4,batchnorm,1x32x112x112,8.982196
48,0,imagen.jpeg,5,activacion,1x32x112x112,0.497241
48,0,imagen.jpeg,6,pointwise_conv,1x32x112x112,3.041033
48,0,imagen.jpeg,7,batchnorm,1x16x112x112,0.309265
48,0,imagen.jpeg,8,pointwise_conv,1x16x112x112,9.346654
48,0,imagen.jpeg,9,batchnorm,1x96x112x112,1.850197
48,0,imagen.jpeg,10,activacion,1x96x112x112,2.813177
48,0,imagen.jpeg,11,depthwise_conv,1x96x112x112,3.683945
48,0,imagen.jpeg,12,batchnorm,1x96x56x56,0.468051
48,0,imagen.jpeg,13,activacion,1x96x56x56,0.901268
48,0,imagen.jpeg,14,pointwise_conv,1x96x56x56,3.377315
48,0,imagen.jpeg,15,batchnorm,1x24x56x56,0.118745
48,0,imagen.jpeg,16,pointwise_conv,1x24x56x56,5.131495
48,0,imagen.jpeg,17,batchnorm,1x144x56x56,0.684766
48,0,imagen.jpeg,18,activacion,1x144x56x56,1.012256
48,0,imagen.jpeg,19,depthwise_conv,1x144x56x56,5.425253
48,0,imagen.jpeg,20,batchnorm,1x144x56x56,0.727487
48,0,imagen.jpeg,21,activacion,1x144x56x56,1.455553
48,0,imagen.jpeg,22,pointwise_conv,1x144x56x56,5.07718
48,0,imagen.jpeg,23,batchnorm,1x24x56x56,0.121557
48,0,imagen.jpeg,24,layer_add,1x24x56x56,0.033685
48,0,imagen.jpeg,25,pointwise_conv,1x24x56x56,5.128109
48,0,imagen.jpeg,26,batchnorm,1x144x56x56,0.699663
48,0,imagen.jpeg,27,activacion,1x144x56x56,1.349912
48,0,imagen.jpeg,28,depthwise_conv,1x144x56x56,1.373955
48,0,imagen.jpeg,29,batchnorm,1x144x28x28,0.176495
48,0,imagen.jpeg,30,activacion,1x144x28x28,0.302361
48,0,imagen.jpeg,31,pointwise_conv,1x144x28x28,1.703561
48,0,imagen.jpeg,32,batchnorm,1x32x28x28,0.038361
48,0,imagen.jpeg,33,pointwise_conv,1x32x28x28,2.299341
48,0,imagen.jpeg,34,batchnorm,1x192x28x28,0.229252
48,0,imagen.jpeg,35,activacion,1x192x28x28,0.293457
48,0,imagen.jpeg,36,depthwise_conv,1x192x28x28,1.860858
48,0,imagen.jpeg,37,batchnorm,1x192x28x28,0.233012
48,0,imagen.jpeg,38,activacion,1x192x28x28,0.493135
48,0,imagen.jpeg,39,pointwise_conv,1x192x28x28,2.280437
48,0,imagen.jpeg,40,batchnorm,1x32x28x28,0.038301
48,0,imagen.jpeg,41,layer_add,1x32x28x28,0.012103
48,0,imagen.jpeg,42,pointwise_conv,1x32x28x28,2.307501
48,0,imagen.jpeg,43,batchnorm,1x192x28x28,0.229188
48,0,imagen.jpeg,44,activacion,1x192x28x28,0.370173
48,0,imagen.jpeg,45,depthwise_conv,1x192x28x28,1.798218
48,0,imagen.jpeg,46,batchnorm,1x192x28x28,0.229361
48,0,imagen.jpeg,47,activacion,1x192x28x28,0.462087
48,0,imagen.jpeg,48,pointwise_conv,1x192x28x28,2.269063
48,0,imagen.jpeg,49,batchnorm,1x32x28x28,0.03836
48,0,imagen.jpeg,50,layer_add,1x32x28x28,0.011515
48,0,imagen.jpeg,51,pointwise_conv,1x32x28x28,2.300368
48,0,imagen.jpeg,52,batchnorm,1x192x28x28,0.22941
48,0,imagen.jpeg,53,activacion,1x192x28x28,0.436827
48,0,imagen.jpeg,54,depthwise_conv,1x192x28x28,0.478028
48,0,imagen.jpeg,55,batchnorm,1x192x14x14,0.061891
48,0,imagen.jpeg,56,activacion,1x192x14x14,0.077712
48,0,imagen.jpeg,57,pointwise_conv,1x192x14x14,1.200955
48,0,imagen.jpeg,58,batchnorm,1x64x14x14,0.019424
48,0,imagen.jpeg,59,pointwise_conv,1x64x14x14,2.412937
48,0,imagen.jpeg,60,batchnorm,1x384x14x14,0.115451
48,0,imagen.jpeg,61,activacion,1x384x14x14,0.154652
48,0,imagen.jpeg,62,depthwise_conv,1x384x14x14,0.931961
48,0,imagen.jpeg,63,batchnorm,1x384x14x14,0.117638
48,0,imagen.jpeg,64,activacion,1x384x14x14,0.24205
48,0,imagen.jpeg,65,pointwise_conv,1x384x14x14,2.390637
48,0,imagen.jpeg,66,batchnorm,1x64x14x14,0.019422
48,0,imagen.jpeg,67,layer_add,1x64x14x14,0.005523
48,0,imagen.jpeg,68,pointwise_conv,1x64x14x14,2.405344
48,0,imagen.jpeg,69,batchnorm,1x384x14x14,0.115285
48,0,imagen.jpeg,70,activacion,1x384x14x14,0.205982
48,0,imagen.jpeg,71,depthwise_conv,1x384x14x14,0.910956
48,0,imagen.jpeg,72,batchnorm,1x384x14x14,0.248957
48,0,imagen.jpeg,73,activacion,1x384x14x14,0.221812
48,0,imagen.jpeg,74,pointwise_conv,1x384x14x14,2.38824
48,0,imagen.jpeg,75,batchnorm,1x64x14x14,0.019483
48,0,imagen.jpeg,76,layer_add,1x64x14x14,0.005546
48,0,imagen.jpeg,77,pointwise_conv,1x64x14x14,2.411778
48,0,imagen.jpeg,78,batchnorm,1x384x14x14,0.114965
48,0,imagen.jpeg,79,activacion,1x384x14x14,0.228736
48,0,imagen.jpeg,80,depthwise_conv,1x384x14x14,0.931676
48,0,imagen.jpeg,81,batchnorm,1x384x14x14,0.446815
48,0,imagen.jpeg,82,activacion,1x384x14x14,0.200075
48,0,imagen.jpeg,83,pointwise_conv,1x384x14x14,2.400494
48,0,imagen.jpeg,84,batchnorm,1x64x14x14,0.019451
48,0,imagen.jpeg,85,layer_add,1x64x14x14,0.005552
48,0,imagen.jpeg,86,pointwise_conv,1x64x14x14,2.409234
48,0,imagen.jpeg,87,batchnorm,1x384x14x14,0.115623
48,0,imagen.jpeg,88,activacion,1x384x14x14,0.227782
48,0,imagen.jpeg,89,depthwise_conv,1x384x14x14,0.932654
48,0,imagen.jpeg,90,batchnorm,1x384x14x14,0.115366
48,0,imagen.jpeg,91,activacion,1x384x14x14,0.212089
48,0,imagen.jpeg,92,pointwise_conv,1x384x14x14,3.584563
48,0,imagen.jpeg,93,batchnorm,1x96x14x14,0.02889
48,0,imagen.jpeg,94,pointwise_conv,1x96x14x14,5.406022
48,0,imagen.jpeg,95,batchnorm,1x576x14x14,0.173082
48,0,imagen.jpeg,96,activacion,1x576x14x14,0.325713
48,0,imagen.jpeg,97,depthwise_conv,1x576x14x14,1.369113
48,0,imagen.jpeg,98,batchnorm,1x576x14x14,0.499234
48,0,imagen.jpeg,99,activacion,1x576x14x14,0.290779
48,0,imagen.jpeg,100,pointwise_conv,1x576x14x14,5.372658
48,0,imagen.jpeg,101,batchnorm,1x96x14x14,0.02895
48,0,imagen.jpeg,102,layer_add,1x96x14x14,0.00822
48,0,imagen.jpeg,103,pointwise_conv,1x96x14x14,5.403645
48,0,imagen.jpeg,104,batchnorm,1x576x14x14,0.176887
48,0,imagen.jpeg,105,activacion,1x576x14x14,0.325505
48,0,imagen.jpeg,106,depthwise_conv,1x576x14x14,1.369657
48,0,imagen.jpeg,107,batchnorm,1x576x14x14,0.437868
48,0,imagen.jpeg,108,activacion,1x576x14x14,0.256402
48,0,imagen.jpeg,109,pointwise_conv,1x576x14x14,5.372473
48,0,imagen.jpeg,110,batchnorm,1x96x14x14,0.030739
48,0,imagen.jpeg,111,layer_add,1x96x14x14,0.008248
48,0,imagen.jpeg,112,pointwise_conv,1x96x14x14,5.401885
48,0,imagen.jpeg,113,batchnorm,1x576x14x14,0.172843
48,0,imagen.jpeg,114,activacion,1x576x14x14,0.290067
48,0,imagen.jpeg,115,depthwise_conv,1x576x14x14,0.362017
48,0,imagen.jpeg,116,batchnorm,1x576x7x7,0.061209
48,0,imagen.jpeg,117,activacion,1x576x7x7,0.049847
48,0,imagen.jpeg,118,pointwise_conv,1x576x7x7,2.142158
48,0,imagen.jpeg,119,batchnorm,1x160x7x7,0.012698
48,0,imagen.jpeg,120,pointwise_conv,1x160x7x7,3.583299
48,0,imagen.jpeg,121,batchnorm,1x960x7x7,0.074358
48,0,imagen.jpeg,122,activacion,1x960x7x7,0.133659
48,0,imagen.jpeg,123,depthwise_conv,1x960x7x7,0.59264
48,0,imagen.jpeg,124,batchnorm,1x960x7x7,0.076844
48,0,imagen.jpeg,125,activacion,1x960x7x7,0.126161
48,0,imagen.jpeg,126,pointwise_conv,1x960x7x7,3.60833
48,0,imagen.jpeg,127,batchnorm,1x160x7x7,0.01258
48,0,imagen.jpeg,128,layer_add,1x160x7x7,0.003608
48,0,imagen.jpeg,129,pointwise_conv,1x160x7x7,3.584931
48,0,imagen.jpeg,130,batchnorm,1x960x7x7,0.074853
48,0,imagen.jpeg,131,activacion,1x960x7x7,0.130824
48,0,imagen.jpeg,132,depthwise_conv,1x960x7x7,0.591441
48,0,imagen.jpeg,133,batchnorm,1x960x7x7,0.123621
48,0,imagen.jpeg,134,activacion,1x960x7x7,0.109487
48,0,imagen.jpeg,135,pointwise_conv,1x960x7x7,3.572835
48,0,imagen.jpeg,136,batchnorm,1x160x7x7,0.012535
48,0,imagen.jpeg,137,layer_add,1x160x7x7,0.004257
48,0,imagen.jpeg,138,pointwise_conv,1x160x7x7,3.603254
48,0,imagen.jpeg,139,batchnorm,1x960x7x7,0.074458
48,0,imagen.jpeg,140,activacion,1x960x7x7,0.107931
48,0,imagen.jpeg,141,depthwise_conv,1x960x7x7,0.566941
48,0,imagen.jpeg,142,batchnorm,1x960x7x7,0.090769
48,0,imagen.jpeg,143,activacion,1x960x7x7,0.058679
48,0,imagen.jpeg,144,pointwise_conv,1x960x7x7,7.14873
48,0,imagen.jpeg,145,batchnorm,1x320x7x7,0.025017
48,0,imagen.jpeg,146,pointwise_conv,1x320x7x7,9.557977
48,0,imagen.jpeg,147,batchnorm,1x1280x7x7,0.099183
48,0,imagen.jpeg,148,activacion,1x1280x7x7,0.159215
48,0,imagen.jpeg,149,pooling,1x1280x7x7,0.033554
48,0,imagen.jpeg,150,linear,1x1280,1.105719
49,0,imagen.jpeg,0,conv2d,1x3x224x224,17.154597
49,0,imagen.jpeg,1,batchnorm,1x32x112x112,0.616456
49,0,imagen.jpeg,2,activacion,1x32x112x112,0.397062
49,0,imagen.jpeg,3,depthwise_conv,1x32x112x112,4.793364
49,0,imagen.jpeg,4,batchnorm,1x32x112x112,8.99744
49,0,imagen.jpeg,5,activacion,1x32x112x112,0.486741
49,0,imagen.jpeg,6,pointwise_conv,1x32x112x112,3.030736
49,0,imagen.jpeg,7,batchnorm,1x16x112x112,0.311417
49,0,imagen.jpeg,8,pointwise_conv,1x16x112x112,9.25891
49,0,imagen.jpeg,9,batchnorm,1x96x112x112,1.924198
49,0,imagen.jpeg,10,activacion,1x96x112x112,2.774958
49,0,imagen.jpeg,11,depthwise_conv,1x96x112x112,3.648687
49,0,imagen.jpeg,12,batchnorm,1x96x56x56,0.456708
49,0,imagen.jpeg,13,activacion,1x96x56x56,0.885501
49,0,imagen.jpeg,14,pointwise_conv,1x96x56x56,3.367133
49,0,imagen.jpeg,15,batchnorm,1x24x56x56,0.117569
49,0,imagen.jpeg,16,pointwise_conv,1x24x56x56,5.121486
49,0,imagen.jpeg,17,batchnorm,1x144x56x56,0.733178
49,0,imagen.jpeg,18,activacion,1x144x56x56,1.006841
49,0,imagen.jpeg,19,depthwise_conv,1x144x56x56,5.402066
49,0,imagen.jpeg,20,batchnorm,1x144x56x56,0.689204
49,0,imagen.jpeg,21,activacion,1x144x56x56,1.450824
49,0,imagen.jpeg,22,pointwise_conv,1x144x56x56,5.069255
49,0,imagen.jpeg,23,batchnorm,1x24x56x56,0.120184
49,0,imagen.jpeg,24,layer_add,1x24x56x56,0.03386
49,0,imagen.jpeg,25,pointwise_conv,1x24x56x56,5.115012
49,0,imagen.jpeg,26,batchnorm,1x144x56x56,0.693956
49,0,imagen.jpeg,27,activacion,1x144x56x56,1.341251
49,0,imagen.jpeg,28,depthwise_conv,1x144x56x56,1.44102
49,0,imagen.jpeg,29,batchnorm,1x144x28x28,0.174903
49,0,imagen.jpeg,30,activacion,1x144x28x28,0.303429
49,0,imagen.jpeg,31,pointwise_conv,1x144x28x28,1.712059
49,0,imagen.jpeg,32,batchnorm,1x32x28x28,0.038282
49,0,imagen.jpeg,33,pointwise_conv,1x32x28x28,2.292896
49,0,imagen.jpeg,34,batchnorm,1x192x28x28,0.229308
49,0,imagen.jpeg,35,activacion,1x192x28x28,0.290379
49,0,imagen.jpeg,36,depthwise_conv,1x192x28x28,1.800626
49,0,imagen.jpeg,37,batchnorm,1x192x28x28,0.229306
49,0,imagen.jpeg,38,activacion,1x192x28x28,0.479685
49,0,imagen.jpeg,39,pointwise_conv,1x192x28x28,2.265865
49,0,imagen.jpeg,40,batchnorm,1x32x28x28,0.038295
49,0,imagen.jpeg,41,layer_add,1x32x28x28,0.011186
49,0,imagen.jpeg,42,pointwise_conv,1x32x28x28,2.297405
49,0,imagen.jpeg,43,batchnorm,1x192x28x28,0.229285
49,0,imagen.jpeg,44,activacion,1x192x28x28,0.368764
49,0,imagen.jpeg,45,depthwise_conv,1x192x28x28,1.826409
49,0,imagen.jpeg,46,batchnorm,1x192x28x28,0.229338
49,0,imagen.jpeg,47,activacion,1x192x28x28,0.46392
49,0,imagen.jpeg,48,pointwise_conv,1x192x28x28,2.269299
49,0,imagen.jpeg,49,batchnorm,1x32x28x28,0.03826
49,0,imagen.jpeg,50,layer_add,1x32x28x28,0.011206
49,0,imagen.jpeg,51,pointwise_conv,1x32x28x28,2.29986
49,0,imagen.jpeg,52,batchnorm,1x192x28x28,0.231063
49,0,imagen.jpeg,53,activacion,1x192x28x28,0.43182
49,0,imagen.jpeg,54,depthwise_conv,1x192x28x28,0.477832
49,0,imagen.jpeg,55,batchnorm,1x192x14x14,0.057673
49,0,imagen.jpeg,56,activacion,1x192x14x14,0.077631
49,0,imagen.jpeg,57,pointwise_conv,1x192x14x14,1.196311
49,0,imagen.jpeg,58,batchnorm,1x64x14x14,0.019389
49,0,imagen.jpeg,59,pointwise_conv,1x64x14x14,2.408728
49,0,imagen.jpeg,60,batchnorm,1x384x14x14,0.117701
49,0,imagen.jpeg,61,activacion,1x384x14x14,0.154049
49,0,imagen.jpeg,62,depthwise_conv,1x384x14x14,0.916657
49,0,imagen.jpeg,63,batchnorm,1x384x14x14,0.114986
49,0,imagen.jpeg,64,activacion,1x384x14x14,0.242269
49,0,imagen.jpeg,65,pointwise_conv,1x384x14x14,2.390764
49,0,imagen.jpeg,66,batchnorm,1x64x14x14,0.019325
49,0,imagen.jpeg,67,layer_add,1x64x14x14,0.005567
49,0,imagen.jpeg,68,pointwise_conv,1x64x14x14,2.405199
49,0,imagen.jpeg,69,batchnorm,1x384x14x14,0.115233
49,0,imagen.jpeg,70,activacion,1x384x14x14,0.206047
49,0,imagen.jpeg,71,depthwise_conv,1x384x14x14,0.955502
49,0,imagen.jpeg,72,batchnorm,1x384x14x14,0.248731
49,0,imagen.jpeg,73,activacion,1x384x14x14,0.220536
49,0,imagen.jpeg,74,pointwise_conv,1x384x14x14,2.390757
49,0,imagen.jpeg,75,batchnorm,1x64x14x14,0.019312
49,0,imagen.jpeg,76,layer_add,1x64x14x14,0.005513
49,0,imagen.jpeg,77,pointwise_conv,1x64x14x14,2.410364
49,0,imagen.jpeg,78,batchnorm,1x384x14x14,0.115219
49,0,imagen.jpeg,79,activacion,1x384x14x14,0.227959
49,0,imagen.jpeg,80,depthwise_conv,1x384x14x14,0.919917
49,0,imagen.jpeg,81,batchnorm,1x384x14x14,0.447692
49,0,imagen.jpeg,82,activacion,1x384x14x14,0.202931
49,0,imagen.jpeg,83,pointwise_conv,1x384x14x14,2.393712
49,0,imagen.jpeg,84,batchnorm,1x64x14x14,0.019499
49,0,imagen.jpeg,85,layer_add,1x64x14x14,0.005561
49,0,imagen.jpeg,86,pointwise_conv,1x64x14x14,2.413233
49,0,imagen.jpeg,87,batchnorm,1x384x14x14,0.115326
49,0,imagen.jpeg,88,activacion,1x384x14x14,0.228179
49,0,imagen.jpeg,89,depthwise_conv,1x384x14x14,0.92425
49,0,imagen.jpeg,90,batchnorm,1x384x14x14,0.115454
49,0,imagen.jpeg,91,activacion,1x384x14x14,0.213333
49,0,imagen.jpeg,92,pointwise_conv,1x384x14x14,3.58411
49,0,imagen.jpeg,93,batchnorm,1x96x14x14,0.029018
49,0,imagen.jpeg,94,pointwise_conv,1x96x14x14,5.388637
49,0,imagen.jpeg,95,batchnorm,1x576x14x14,0.172892
49,0,imagen.jpeg,96,activacion,1x576x14x14,0.326748
49,0,imagen.jpeg,97,depthwise_conv,1x576x14x14,1.378354
49,0,imagen.jpeg,98,batchnorm,1x576x14x14,0.499253
49,0,imagen.jpeg,99,activacion,1x576x14x14,0.319382
49,0,imagen.jpeg,100,pointwise_conv,1x576x14x14,5.373059
49,0,imagen.jpeg,101,batchnorm,1x96x14x14,0.028909
49,0,imagen.jpeg,102,layer_add,1x96x14x14,0.008285
49,0,imagen.jpeg,103,pointwise_conv,1x96x14x14,5.408622
49,0,imagen.jpeg,104,batchnorm,1x576x14x14,0.176764
49,0,imagen.jpeg,105,activacion,1x576x14x14,0.325666
49,0,imagen.jpeg,106,depthwise_conv,1x576x14x14,1.382615
49,0,imagen.jpeg,107,batchnorm,1x576x14x14,0.436144
49,0,imagen.jpeg,108,activacion,1x576x14x14,0.257877
49,0,imagen.jpeg,109,pointwise_conv,1x576x14x14,5.37127
49,0,imagen.jpeg,110,batchnorm,1x96x14x14,0.028843
49,0,imagen.jpeg,111,layer_add,1x96x14x14,0.008284
49,0,imagen.jpeg,112,pointwise_conv,1x96x14x14,5.404745
49,0,imagen.jpeg,113,batchnorm,1x576x14x14,0.176678
49,0,imagen.jpeg,114,activacion,1x576x14x14,0.28956
49,0,imagen.jpeg,115,depthwise_conv,1x576x14x14,0.362667
49,0,imagen.jpeg,116,batchnorm,1x576x7x7,0.061215
49,0,imagen.jpeg,117,activacion,1x576x7x7,0.049817
49,0,imagen.jpeg,118,pointwise_conv,1x576x7x7,2.15675
49,0,imagen.jpeg,119,batchnorm,1x160x7x7,0.012716
49,0,imagen.jpeg,120,pointwise_conv,1x160x7x7,3.581795
49,0,imagen.jpeg,121,batchnorm,1x960x7x7,0.074384
49,0,imagen.jpeg,122,activacion,1x960x7x7,0.134077
49,0,imagen.jpeg,123,depthwise_conv,1x960x7x7,0.588871
49,0,imagen.jpeg,124,batchnorm,1x960x7x7,0.074621
49,0,imagen.jpeg,125,activacion,1x960x7x7,0.127601
49,0,imagen.jpeg,126,pointwise_conv,1x960x7x7,3.569817
49,0,imagen.jpeg,127,batchnorm,1x160x7x7,0.012618
49,0,imagen.jpeg,128,layer_add,1x160x7x7,0.003511
49,0,imagen.jpeg,129,pointwise_conv,1x160x7x7,3.599209
49,0,imagen.jpeg,130,batchnorm,1x960x7x7,0.080254
49,0,imagen.jpeg,131,activacion,1x960x7x7,0.128919
49,0,imagen.jpeg,132,depthwise_conv,1x960x7x7,0.565462
49,0,imagen.jpeg,133,batchnorm,1x960x7x7,0.125525
49,0,imagen.jpeg,134,activacion,1x960x7x7,0.110652
49,0,imagen.jpeg,135,pointwise_conv,1x960x7x7,3.568189
49,0,imagen.jpeg,136,batchnorm,1x160x7x7,0.012482
49,0,imagen.jpeg,137,layer_add,1x160x7x7,0.00393
49,0,imagen.jpeg,138,pointwise_conv,1x160x7x7,3.580714
49,0,imagen.jpeg,139,batchnorm,1x960x7x7,0.074376
49,0,imagen.jpeg,140,activacion,1x960x7x7,0.103324
49,0,imagen.jpeg,141,depthwise_conv,1x960x7x7,0.590432
49,0,imagen.jpeg,142,batchnorm,1x960x7x7,0.090788
49,0,imagen.jpeg,143,activacion,1x960x7x7,0.05744
49,0,imagen.jpeg,144,pointwise_conv,1x960x7x7,7.135912
49,0,imagen.jpeg,145,batchnorm,1x320x7x7,0.024973
49,0,imagen.jpeg,146,pointwise_conv,1x320x7x7,9.542362
49,0,imagen.jpeg,147,batchnorm,1x1280x7x7,0.104933
49,0,imagen.jpeg,148,activacion,1x1280x7x7,0.15973
49,0,imagen.jpeg,149,pooling,1x1280x7x7,0.033634
49,0,imagen.jpeg,150,linear,1x1280,1.148307
50,0,imagen.jpeg,0,conv2d,1x3x224x224,17.123573
50,0,imagen.jpeg,1,batchnorm,1x32x112x112,0.620346
50,0,imagen.jpeg,2,activacion,1x32x112x112,0.396188
50,0,imagen.jpeg,3,depthwise_conv,1x32x112x112,4.811978
50,0,imagen.jpeg,4,batchnorm,1x32x112x112,9.003246
50,0,imagen.jpeg,5,activacion,1x32x112x112,0.496018
50,0,imagen.jpeg,6,pointwise_conv,1x32x112x112,3.065276
50,0,imagen.jpeg,7,batchnorm,1x16x112x112,0.343653
50,0,imagen.jpeg,8,pointwise_conv,1x16x112x112,9.29598
50,0,imagen.jpeg,9,batchnorm,1x96x112x112,1.918404
50,0,imagen.jpeg,10,activacion,1x96x112x112,2.757535
50,0,imagen.jpeg,11,depthwise_conv,1x96x112x112,3.670783
50,0,imagen.jpeg,12,batchnorm,1x96x56x56,0.456576
50,0,imagen.jpeg,13,activacion,1x96x56x56,0.892616
50,0,imagen.jpeg,14,pointwise_conv,1x96x56x56,3.384501
50,0,imagen.jpeg,15,batchnorm,1x24x56x56,0.113993
50,0,imagen.jpeg,16,pointwise_conv,1x24x56x56,5.138625
50,0,imagen.jpeg,17,batchnorm,1x144x56x56,0.696625
50,0,imagen.jpeg,18,activacion,1x144x56x56,1.009198
50,0,imagen.jpeg,19,depthwise_conv,1x144x56x56,5.43893
50,0,imagen.jpeg,20,batchnorm,1x144x56x56,0.693674
50,0,imagen.jpeg,21,activacion,1x144x56x56,1.459134
50,0,imagen.jpeg,22,pointwise_conv,1x144x56x56,5.141555
50,0,imagen.jpeg,23,batchnorm,1x24x56x56,0.116461
50,0,imagen.jpeg,24,layer_add,1x24x56x56,0.036926
50,0,imagen.jpeg,25,pointwise_conv,1x24x56x56,5.124716
50,0,imagen.jpeg,26,batchnorm,1x144x56x56,0.695786
50,0,imagen.jpeg,27,activacion,1x144x56x56,1.349343
50,0,imagen.jpeg,28,depthwise_conv,1x144x56x56,1.401614
50,0,imagen.jpeg,29,batchnorm,1x144x28x28,0.188128
50,0,imagen.jpeg,30,activacion,1x144x28x28,0.306567
50,0,imagen.jpeg,31,pointwise_conv,1x144x28x28,1.704794
50,0,imagen.jpeg,32,batchnorm,1x32x28x28,0.038372
50,0,imagen.jpeg,33,pointwise_conv,1x32x28x28,2.301004
50,0,imagen.jpeg,34,batchnorm,1x192x28x28,0.232745
50,0,imagen.jpeg,35,activacion,1x192x28x28,0.288402
50,0,imagen.jpeg,36,depthwise_conv,1x192x28x28,1.815042
50,0,imagen.jpeg,37,batchnorm,1x192x28x28,0.229166
50,0,imagen.jpeg,38,activacion,1x192x28x28,0.482403
50,0,imagen.jpeg,39,pointwise_conv,1x192x28x28,2.267196
50,0,imagen.jpeg,40,batchnorm,1x32x28x28,0.042634
50,0,imagen.jpeg,41,layer_add,1x32x28x28,0.011104
50,0,imagen.jpeg,42,pointwise_conv,1x32x28x28,2.303717
50,0,imagen.jpeg,43,batchnorm,1x192x28x28,0.233449
50,0,imagen.jpeg,44,activacion,1x192x28x28,0.363035
50,0,imagen.jpeg,45,depthwise_conv,1x192x28x28,1.832967
50,0,imagen.jpeg,46,batchnorm,1x192x28x28,0.229059
50,0,imagen.jpeg,47,activacion,1x192x28x28,0.472237
50,0,imagen.jpeg,48,pointwise_conv,1x192x28x28,2.269516
50,0,imagen.jpeg,49,batchnorm,1x32x28x28,0.038271
50,0,imagen.jpeg,50,layer_add,1x32x28x28,0.011239
50,0,imagen.jpeg,51,pointwise_conv,1x32x28x28,2.299685
50,0,imagen.jpeg,52,batchnorm,1x192x28x28,0.23518
50,0,imagen.jpeg,53,activacion,1x192x28x28,0.427147
50,0,imagen.jpeg,54,depthwise_conv,1x192x28x28,0.483202
50,0,imagen.jpeg,55,batchnorm,1x192x14x14,0.057692
50,0,imagen.jpeg,56,activacion,1x192x14x14,0.078295
50,0,imagen.jpeg,57,pointwise_conv,1x192x14x14,1.201518
50,0,imagen.jpeg,58,batchnorm,1x64x14x14,0.01942
50,0,imagen.jpeg,59,pointwise_conv,1x64x14x14,2.415193
50,0,imagen.jpeg,60,batchnorm,1x384x14x14,0.115223
50,0,imagen.jpeg,61,activacion,1x384x14x14,0.15387
50,0,imagen.jpeg,62,depthwise_conv,1x384x14x14,0.931752
50,0,imagen.jpeg,63,batchnorm,1x384x14x14,0.115355
50,0,imagen.jpeg,64,activacion,1x384x14x14,0.243029
50,0,imagen.jpeg,65,pointwise_conv,1x384x14x14,2.396822
50,0,imagen.jpeg,66,batchnorm,1x64x14x14,0.019325
50,0,imagen.jpeg,67,layer_add,1x64x14x14,0.005539
50,0,imagen.jpeg,68,pointwise_conv,1x64x14x14,2.406482
50,0,imagen.jpeg,69,batchnorm,1x384x14x14,0.121568
50,0,imagen.jpeg,70,activacion,1x384x14x14,0.208476
50,0,imagen.jpeg,71,depthwise_conv,1x384x14x14,0.927859
50,0,imagen.jpeg,72,batchnorm,1x384x14x14,0.245794
50,0,imagen.jpeg,73,activacion,1x384x14x14,0.221104
50,0,imagen.jpeg,74,pointwise_conv,1x384x14x14,2.39683
50,0,imagen.jpeg,75,batchnorm,1x64x14x14,0.019405
50,0,imagen.jpeg,76,layer_add,1x64x14x14,0.005513
50,0,imagen.jpeg,77,pointwise_conv,1x64x14x14,2.409546
50,0,imagen.jpeg,78,batchnorm,1x384x14x14,0.115108
50,0,imagen.jpeg,79,activacion,1x384x14x14,0.233134
50,0,imagen.jpeg,80,depthwise_conv,1x384x14x14,0.919146
50,0,imagen.jpeg,81,batchnorm,1x384x14x14,0.441836
50,0,imagen.jpeg,82,activacion,1x384x14x14,0.199997
50,0,imagen.jpeg,83,pointwise_conv,1x384x14x14,2.394895
50,0,imagen.jpeg,84,batchnorm,1x64x14x14,0.019406
50,0,imagen.jpeg,85,layer_add,1x64x14x14,0.005506
50,0,imagen.jpeg,86,pointwise_conv,1x64x14x14,2.409037
50,0,imagen.jpeg,87,batchnorm,1x384x14x14,0.118705
50,0,imagen.jpeg,88,activacion,1x384x14x14,0.234659
50,0,imagen.jpeg,89,depthwise_conv,1x384x14x14,0.914951
50,0,imagen.jpeg,90,batchnorm,1x384x14x14,0.114985
50,0,imagen.jpeg,91,activacion,1x384x14x14,0.210438
50,0,imagen.jpeg,92,pointwise_conv,1x384x14x14,3.593077
50,0,imagen.jpeg,93,batchnorm,1x96x14x14,0.029022
50,0,imagen.jpeg,94,pointwise_conv,1x96x14x14,5.405433
50,0,imagen.jpeg,95,batchnorm,1x576x14x14,0.173113
50,0,imagen.jpeg,96,activacion,1x576x14x14,0.330203
50,0,imagen.jpeg,97,depthwise_conv,1x576x14x14,1.396329
50,0,imagen.jpeg,98,batchnorm,1x576x14x14,0.507387
50,0,imagen.jpeg,99,activacion,1x576x14x14,0.287265
50,0,imagen.jpeg,100,pointwise_conv,1x576x14x14,5.382891
50,0,imagen.jpeg,101,batchnorm,1x96x14x14,0.032929
50,0,imagen.jpeg,102,layer_add,1x96x14x14,0.008214
50,0,imagen.jpeg,103,pointwise_conv,1x96x14x14,5.408861
50,0,imagen.jpeg,104,batchnorm,1x576x14x14,0.172877
50,0,imagen.jpeg,105,activacion,1x576x14x14,0.329944
50,0,imagen.jpeg,106,depthwise_conv,1x576x14x14,1.397145
50,0,imagen.jpeg,107,batchnorm,1x576x14x14,0.433882
50,0,imagen.jpeg,108,activacion,1x576x14x14,0.263917
50,0,imagen.jpeg,109,pointwise_conv,1x576x14x14,5.3918
50,0,imagen.jpeg,110,batchnorm,1x96x14x14,0.028918
50,0,imagen.jpeg,111,layer_add,1x96x14x14,0.008614
50,0,imagen.jpeg,112,pointwise_conv,1x96x14x14,5.40919
50,0,imagen.jpeg,113,batchnorm,1x576x14x14,0.172763
50,0,imagen.jpeg,114,activacion,1x576x14x14,0.283796
50,0,imagen.jpeg,115,depthwise_conv,1x576x14x14,0.361921
50,0,imagen.jpeg,116,batchnorm,1x576x7x7,0.061165
50,0,imagen.jpeg,117,activacion,1x576x7x7,0.049865
50,0,imagen.jpeg,118,pointwise_conv,1x576x7x7,2.143163
50,0,imagen.jpeg,119,batchnorm,1x160x7x7,0.012692
50,0,imagen.jpeg,120,pointwise_conv,1x160x7x7,3.592977
50,0,imagen.jpeg,121,batchnorm,1x960x7x7,0.074373
50,0,imagen.jpeg,122,activacion,1x960x7x7,0.135341
50,0,imagen.jpeg,123,depthwise_conv,1x960x7x7,0.591118
50,0,imagen.jpeg,124,batchnorm,1x960x7x7,0.076747
50,0,imagen.jpeg,125,activacion,1x960x7x7,0.129481
50,0,imagen.jpeg,126,pointwise_conv,1x960x7x7,3.573738
50,0,imagen.jpeg,127,batchnorm,1x160x7x7,0.012564
50,0,imagen.jpeg,128,layer_add,1x160x7x7,0.003494
50,0,imagen.jpeg,129,pointwise_conv,1x160x7x7,3.579334
50,0,imagen.jpeg,130,batchnorm,1x960x7x7,0.074342
50,0,imagen.jpeg,131,activacion,1x960x7x7,0.127796
50,0,imagen.jpeg,132,depthwise_conv,1x960x7x7,0.569727
50,0,imagen.jpeg,133,batchnorm,1x960x7x7,0.126169
50,0,imagen.jpeg,134,activacion,1x960x7x7,0.109727
50,0,imagen.jpeg,135,pointwise_conv,1x960x7x7,3.586307
50,0,imagen.jpeg,136,batchnorm,1x160x7x7,0.01249
50,0,imagen.jpeg,137,layer_add,1x160x7x7,0.003727
50,0,imagen.jpeg,138,pointwise_conv,1x160x7x7,3.597935
50,0,imagen.jpeg,139,batchnorm,1x960x7x7,0.075545
50,0,imagen.jpeg,140,activacion,1x960x7x7,0.101956
50,0,imagen.jpeg,141,depthwise_conv,1x960x7x7,0.58578
50,0,imagen.jpeg,142,batchnorm,1x960x7x7,0.09078
50,0,imagen.jpeg,143,activacion,1x960x7x7,0.057913
50,0,imagen.jpeg,144,pointwise_conv,1x960x7x7,7.152779
50,0,imagen.jpeg,145,batchnorm,1x320x7x7,0.024977
50,0,imagen.jpeg,146,pointwise_conv,1x320x7x7,9.597308
50,0,imagen.jpeg,147,batchnorm,1x1280x7x7,0.10511
50,0,imagen.jpeg,148,activacion,1x1280x7x7,0.159121
50,0,imagen.jpeg,149,pooling,1x1280x7x7,0.033592
50,0,imagen.jpeg,150,linear,1x1280,1.113189
51,0,imagen.jpeg,0,conv2d,1x3x224x224,17.143085
51,0,imagen.jpeg,1,batchnorm,1x32x112x112,0.609251
51,0,imagen.jpeg,2,activacion,1x32x112x112,0.407218
51,0,imagen.jpeg,3,depthwise_conv,1x32x112x112,4.767448
51,0,imagen.jpeg,4,batchnorm,1x32x112x112,9.015674
51,0,imagen.jpeg,5,activacion,1x32x112x112,0.490778
51,0,imagen.jpeg,6,pointwise_conv,1x32x112x112,3.057005
51,0,imagen.jpeg,7,batchnorm,1x16x112x112,0.310166
51,0,imagen.jpeg,8,pointwise_conv,1x16x112x112,9.364311
51,0,imagen.jpeg,9,batchnorm,1x96x112x112,1.87518
51,0,imagen.jpeg,10,activacion,1x96x112x112,2.755961
51,0,imagen.jpeg,11,depthwise_conv,1x96x112x112,3.656406
51,0,imagen.jpeg,12,batchnorm,1x96x56x56,0.46158
51,0,imagen.jpeg,13,activacion,1x96x56x56,0.884921
51,0,imagen.jpeg,14,pointwise_conv,1x96x56x56,3.37267
51,0,imagen.jpeg,15,batchnorm,1x24x56x56,0.119379
51,0,imagen.jpeg,16,pointwise_conv,1x24x56x56,5.176418
51,0,imagen.jpeg,17,batchnorm,1x144x56x56,0.692484
51,0,imagen.jpeg,18,activacion,1x144x56x56,1.013244
51,0,imagen.jpeg,19,depthwise_conv,1x144x56x56,5.437404
51,0,imagen.jpeg,20,batchnorm,1x144x56x56,0.698121
51,0,imagen.jpeg,21,activacion,1x144x56x56,1.438161
51,0,imagen.jpeg,22,pointwise_conv,1x144x56x56,5.098745
51,0,imagen.jpeg,23,batchnorm,1x24x56x56,0.11413
51,0,imagen.jpeg,24,layer_add,1x24x56x56,0.035613
51,0,imagen.jpeg,25,pointwise_conv,1x24x56x56,5.117879
51,0,imagen.jpeg,26,batchnorm,1x144x56x56,0.690603
51,0,imagen.jpeg,27,activacion,1x144x56x56,1.369571
51,0,imagen.jpeg,28,depthwise_conv,1x144x56x56,1.393854
51,0,imagen.jpeg,29,batchnorm,1x144x28x28,0.178026
51,0,imagen.jpeg,30,activacion,1x144x28x28,0.298819
51,0,imagen.jpeg,31,pointwise_conv,1x144x28x28,1.711739
51,0,imagen.jpeg,32,batchnorm,1x32x28x28,0.038418
51,0,imagen.jpeg,33,pointwise_conv,1x32x28x28,2.296185
51,0,imagen.jpeg,34,batchnorm,1x192x28x28,0.229155
51,0,imagen.jpeg,35,activacion,1x192x28x28,0.292652
51,0,imagen.jpeg,36,depthwise_conv,1x192x28x28,1.792261
51,0,imagen.jpeg,37,batchnorm,1x192x28x28,0.23806
51,0,imagen.jpeg,38,activacion,1x192x28x28,0.47785
51,0,imagen.jpeg,39,pointwise_conv,1x192x28x28,2.268283
51,0,imagen.jpeg,40,batchnorm,1x32x28x28,0.038262
51,0,imagen.jpeg,41,layer_add,1x32x28x28,0.011264
51,0,imagen.jpeg,42,pointwise_conv,1x32x28x28,2.299816
51,0,imagen.jpeg,43,batchnorm,1x192x28x28,0.231002
51,0,imagen.jpeg,44,activacion,1x192x28x28,0.371715
51,0,imagen.jpeg,45,depthwise_conv,1x192x28x28,1.837699
51,0,imagen.jpeg,46,batchnorm,1x192x28x28,0.237241
51,0,imagen.jpeg,47,activacion,1x192x28x28,0.478229
51,0,imagen.jpeg,48,pointwise_conv,1x192x28x28,2.269419
51,0,imagen.jpeg,49,batchnorm,1x32x28x28,0.038297
51,0,imagen.jpeg,50,layer_add,1x32x28x28,0.010997
51,0,imagen.jpeg,51,pointwise_conv,1x32x28x28,2.298177
51,0,imagen.jpeg,52,batchnorm,1x192x28x28,0.229392
51,0,imagen.jpeg,53,activacion,1x192x28x28,0.430669
51,0,imagen.jpeg,54,depthwise_conv,1x192x28x28,0.470394
51,0,imagen.jpeg,55,batchnorm,1x192x14x14,0.063239
51,0,imagen.jpeg,56,activacion,1x192x14x14,0.077769
51,0,imagen.jpeg,57,pointwise_conv,1x192x14x14,1.199721
51,0,imagen.jpeg,58,batchnorm,1x64x14x14,0.01954
51,0,imagen.jpeg,59,pointwise_conv,1x64x14x14,2.42862
51,0,imagen.jpeg,60,batchnorm,1x384x14x14,0.119891
51,0,imagen.jpeg,61,activacion,1x384x14x14,0.153271
51,0,imagen.jpeg,62,depthwise_conv,1x384x14x14,0.906969
51,0,imagen.jpeg,63,batchnorm,1x384x14x14,0.115341
51,0,imagen.jpeg,64,activacion,1x384x14x14,0.245073
51,0,imagen.jpeg,65,pointwise_conv,1x384x14x14,2.38989
51,0,imagen.jpeg,66,batchnorm,1x64x14x14,0.019341
51,0,imagen.jpeg,67,layer_add,1x64x14x14,0.005514
51,0,imagen.jpeg,68,pointwise_conv,1x64x14x14,2.40805
51,0,imagen.jpeg,69,batchnorm,1x384x14x14,0.115287
51,0,imagen.jpeg,70,activacion,1x384x14x14,0.20665
51,0,imagen.jpeg,71,depthwise_conv,1x384x14x14,0.932398
51,0,imagen.jpeg,72,batchnorm,1x384x14x14,0.252961
51,0,imagen.jpeg,73,activacion,1x384x14x14,0.223081
51,0,imagen.jpeg,74,pointwise_conv,1x384x14x14,2.399356
51,0,imagen.jpeg,75,batchnorm,1x64x14x14,0.019356
51,0,imagen.jpeg,76,layer_add,1x64x14x14,0.005556
51,0,imagen.jpeg,77,pointwise_conv,1x64x14x14,2.411889
51,0,imagen.jpeg,78,batchnorm,1x384x14x14,0.115223
51,0,imagen.jpeg,79,activacion,1x384x14x14,0.228499
51,0,imagen.jpeg,80,depthwise_conv,1x384x14x14,0.921436
51,0,imagen.jpeg,81,batchnorm,1x384x14x14,0.447606
51,0,imagen.jpeg,82,activacion,1x384x14x14,0.208329
51,0,imagen.jpeg,83,pointwise_conv,1x384x14x14,2.391512
51,0,imagen.jpeg,84,batchnorm,1x64x14x14,0.019401
51,0,imagen.jpeg,85,layer_add,1x64x14x14,0.005514
51,0,imagen.jpeg,86,pointwise_conv,1x64x14x14,2.416099
51,0,imagen.jpeg,87,batchnorm,1x384x14x14,0.115491
51,0,imagen.jpeg,88,activacion,1x384x14x14,0.227253
51,0,imagen.jpeg,89,depthwise_conv,1x384x14x14,0.933512
51,0,imagen.jpeg,90,batchnorm,1x384x14x14,0.115326
51,0,imagen.jpeg,91,activacion,1x384x14x14,0.21815
51,0,imagen.jpeg,92,pointwise_conv,1x384x14x14,3.584743
51,0,imagen.jpeg,93,batchnorm,1x96x14x14,0.029017
51,0,imagen.jpeg,94,pointwise_conv,1x96x14x14,5.408829
51,0,imagen.jpeg,95,batchnorm,1x576x14x14,0.18743
51,0,imagen.jpeg,96,activacion,1x576x14x14,0.333461
51,0,imagen.jpeg,97,depthwise_conv,1x576x14x14,1.398319
51,0,imagen.jpeg,98,batchnorm,1x576x14x14,0.499219
51,0,imagen.jpeg,99,activacion,1x576x14x14,0.296889
51,0,imagen.jpeg,100,pointwise_conv,1x576x14x14,5.375664
51,0,imagen.jpeg,101,batchnorm,1x96x14x14,0.02894
51,0,imagen.jpeg,102,layer_add,1x96x14x14,0.008261
51,0,imagen.jpeg,103,pointwise_conv,1x96x14x14,5.521331
51,0,imagen.jpeg,104,batchnorm,1x576x14x14,0.185211
51,0,imagen.jpeg,105,activacion,1x576x14x14,0.346085
51,0,imagen.jpeg,106,depthwise_conv,1x576x14x14,1.452205
51,0,imagen.jpeg,107,batchnorm,1x576x14x14,0.433909
51,0,imagen.jpeg,108,activacion,1x576x14x14,0.264914
51,0,imagen.jpeg,109,pointwise_conv,1x576x14x14,5.376114
51,0,imagen.jpeg,110,batchnorm,1x96x14x14,0.028834
51,0,imagen.jpeg,111,layer_add,1x96x14x14,0.008938
51,0,imagen.jpeg,112,pointwise_conv,1x96x14x14,5.411645
51,0,imagen.jpeg,113,batchnorm,1x576x14x14,0.186837
51,0,imagen.jpeg,114,activacion,1x576x14x14,0.283087
51,0,imagen.jpeg,115,depthwise_conv,1x576x14x14,0.368601
51,0,imagen.jpeg,116,batchnorm,1x576x7x7,0.061242
51,0,imagen.jpeg,117,activacion,1x576x7x7,0.049466
51,0,imagen.jpeg,118,pointwise_conv,1x576x7x7,2.142827
51,0,imagen.jpeg,119,batchnorm,1x160x7x7,0.012746
51,0,imagen.jpeg,120,pointwise_conv,1x160x7x7,3.596699
51,0,imagen.jpeg,121,batchnorm,1x960x7x7,0.080037
51,0,imagen.jpeg,122,activacion,1x960x7x7,0.13372
51,0,imagen.jpeg,123,depthwise_conv,1x960x7x7,0.586108
51,0,imagen.jpeg,124,batchnorm,1x960x7x7,0.074516
51,0,imagen.jpeg,125,activacion,1x960x7x7,0.127731
51,0,imagen.jpeg,126,pointwise_conv,1x960x7x7,3.579533
51,0,imagen.jpeg,127,batchnorm,1x160x7x7,0.012582
51,0,imagen.jpeg,128,layer_add,1x160x7x7,0.003506
51,0,imagen.jpeg,129,pointwise_conv,1x160x7x7,3.595664
51,0,imagen.jpeg,130,batchnorm,1x960x7x7,0.074433
51,0,imagen.jpeg,131,activacion,1x960x7x7,0.127205
51,0,imagen.jpeg,132,depthwise_conv,1x960x7x7,0.569559
51,0,imagen.jpeg,133,batchnorm,1x960x7x7,0.124301
51,0,imagen.jpeg,134,activacion,1x960x7x7,0.11114
51,0,imagen.jpeg,135,pointwise_conv,1x960x7x7,3.580822
51,0,imagen.jpeg,136,batchnorm,1x160x7x7,0.012464
51,0,imagen.jpeg,137,layer_add,1x160x7x7,0.003879
51,0,imagen.jpeg,138,pointwise_conv,1x160x7x7,3.61928
51,0,imagen.jpeg,139,batchnorm,1x960x7x7,0.074381
51,0,imagen.jpeg,140,activacion,1x960x7x7,0.103471
51,0,imagen.jpeg,141,depthwise_conv,1x960x7x7,0.567452
51,0,imagen.jpeg,142,batchnorm,1x960x7x7,0.096801
51,0,imagen.jpeg,143,activacion,1x960x7x7,0.057388
51,0,imagen.jpeg,144,pointwise_conv,1x960x7x7,7.151935
51,0,imagen.jpeg,145,batchnorm,1x320x7x7,0.0251
51,0,imagen.jpeg,146,pointwise_conv,1x320x7x7,9.571722
51,0,imagen.jpeg,147,batchnorm,1x1280x7x7,0.099186
51,0,imagen.jpeg,148,activacion,1x1280x7x7,0.159805
51,0,imagen.jpeg,149,pooling,1x1280x7x7,0.033695
51,0,imagen.jpeg,150,linear,1x1280,1.131443
52,0,imagen.jpeg,0,conv2d,1x3x224x224,17.118992
52,0,imagen.jpeg,1,batchnorm,1x32x112x112,0.64778
52,0,imagen.jpeg,2,activacion,1x32x112x112,0.408268
52,0,imagen.jpeg,3,depthwise_conv,1x32x112x112,4.725709
52,0,imagen.jpeg,4,batchnorm,1x32x112x112,8.992536
52,0,imagen.jpeg,5,activacion,1x32x112x112,0.492016
52,0,imagen.jpeg,6,pointwise_conv,1x32x112x112,3.069904
52,0,imagen.jpeg,7,batchnorm,1x16x112x112,0.309343
52,0,imagen.jpeg,8,pointwise_conv,1x16x112x112,9.280452
52,0,imagen.jpeg,9,batchnorm,1x96x112x112,1.853271
52,0,imagen.jpeg,10,activacion,1x96x112x112,2.833238
52,0,imagen.jpeg,11,depthwise_conv,1x96x112x112,3.68365
52,0,imagen.jpeg,12,batchnorm,1x96x56x56,0.461711
52,0,imagen.jpeg,13,activacion,1x96x56x56,0.882129
52,0,imagen.jpeg,14,pointwise_conv,1x96x56x56,3.387064
52,0,imagen.jpeg,15,batchnorm,1x24x56x56,0.114303
52,0,imagen.jpeg,16,pointwise_conv,1x24x56x56,5.158011
52,0,imagen.jpeg,17,batchnorm,1x144x56x56,0.688334
52,0,imagen.jpeg,18,activacion,1x144x56x56,1.020331
52,0,imagen.jpeg,19,depthwise_conv,1x144x56x56,5.42879
52,0,imagen.jpeg,20,batchnorm,1x144x56x56,0.750154
52,0,imagen.jpeg,21,activacion,1x144x56x56,1.493043
52,0,imagen.jpeg,22,pointwise_conv,1x144x56x56,5.109826
52,0,imagen.jpeg,23,batchnorm,1x24x56x56,0.119573
52,0,imagen.jpeg,24,layer_add,1x24x56x56,0.035775
52,0,imagen.jpeg,25,pointwise_conv,1x24x56x56,5.118875
52,0,imagen.jpeg,26,batchnorm,1x144x56x56,0.691678
52,0,imagen.jpeg,27,activacion,1x144x56x56,1.348197
52,0,imagen.jpeg,28,depthwise_conv,1x144x56x56,1.389429
52,0,imagen.jpeg,29,batchnorm,1x144x28x28,0.178988
52,0,imagen.jpeg,30,activacion,1x144x28x28,0.300099
52,0,imagen.jpeg,31,pointwise_conv,1x144x28x28,1.705963
52,0,imagen.jpeg,32,batchnorm,1x32x28x28,0.038378
52,0,imagen.jpeg,33,pointwise_conv,1x32x28x28,2.297349
52,0,imagen.jpeg,34,batchnorm,1x192x28x28,0.229513
52,0,imagen.jpeg,35,activacion,1x192x28x28,0.32361
52,0,imagen.jpeg,36,depthwise_conv,1x192x28x28,1.81019
52,0,imagen.jpeg,37,batchnorm,1x192x28x28,0.229126
52,0,imagen.jpeg,38,activacion,1x192x28x28,0.485122
52,0,imagen.jpeg,39,pointwise_conv,1x192x28x28,2.272389
52,0,imagen.jpeg,40,batchnorm,1x32x28x28,0.03827
52,0,imagen.jpeg,41,layer_add,1x32x28x28,0.011687
52,0,imagen.jpeg,42,pointwise_conv,1x32x28x28,2.300126
52,0,imagen.jpeg,43,batchnorm,1x192x28x28,0.229472
52,0,imagen.jpeg,44,activacion,1x192x28x28,0.382346
52,0,imagen.jpeg,45,depthwise_conv,1x192x28x28,1.843456
52,0,imagen.jpeg,46,batchnorm,1x192x28x28,0.229343
52,0,imagen.jpeg,47,activacion,1x192x28x28,0.464805
52,0,imagen.jpeg,48,pointwise_conv,1x192x28x28,2.26979
52,0,imagen.jpeg,49,batchnorm,1x32x28x28,0.038253
52,0,imagen.jpeg,50,layer_add,1x32x28x28,0.01131
52,0,imagen.jpeg,51,pointwise_conv,1x32x28x28,2.297714
52,0,imagen.jpeg,52,batchnorm,1x192x28x28,0.2291
52,0,imagen.jpeg,53,activacion,1x192x28x28,0.439741
52,0,imagen.jpeg,54,depthwise_conv,1x192x28x28,0.478203
52,0,imagen.jpeg,55,batchnorm,1x192x14x14,0.057614
52,0,imagen.jpeg,56,activacion,1x192x14x14,0.077917
52,0,imagen.jpeg,57,pointwise_conv,1x192x14x14,1.196681
52,0,imagen.jpeg,58,batchnorm,1x64x14x14,0.022937
52,0,imagen.jpeg,59,pointwise_conv,1x64x14x14,2.406445
52,0,imagen.jpeg,60,batchnorm,1x384x14x14,0.118516
52,0,imagen.jpeg,61,activacion,1x384x14x14,0.1558
52,0,imagen.jpeg,62,depthwise_conv,1x384x14x14,0.917403
52,0,imagen.jpeg,63,batchnorm,1x384x14x14,0.115325
52,0,imagen.jpeg,64,activacion,1x384x14x14,0.242765
52,0,imagen.jpeg,65,pointwise_conv,1x384x14x14,2.388665
52,0,imagen.jpeg,66,batchnorm,1x64x14x14,0.019384
52,0,imagen.jpeg,67,layer_add,1x64x14x14,0.005507
52,0,imagen.jpeg,68,pointwise_conv,1x64x14x14,2.405182
52,0,imagen.jpeg,69,batchnorm,1x384x14x14,0.11528
52,0,imagen.jpeg,70,activacion,1x384x14x14,0.206679
52,0,imagen.jpeg,71,depthwise_conv,1x384x14x14,0.904388
52,0,imagen.jpeg,72,batchnorm,1x384x14x14,0.249279
52,0,imagen.jpeg,73,activacion,1x384x14x14,0.222872
52,0,imagen.jpeg,74,pointwise_conv,1x384x14x14,2.391838
52,0,imagen.jpeg,75,batchnorm,1x64x14x14,0.021189
52,0,imagen.jpeg,76,layer_add,1x64x14x14,0.005499
52,0,imagen.jpeg,77,pointwise_conv,1x64x14x14,2.419263
52,0,imagen.jpeg,78,batchnorm,1x384x14x14,0.114964
52,0,imagen.jpeg,79,activacion,1x384x14x14,0.229325
52,0,imagen.jpeg,80,depthwise_conv,1x384x14x14,0.932709
52,0,imagen.jpeg,81,batchnorm,1x384x14x14,0.446923
52,0,imagen.jpeg,82,activacion,1x384x14x14,0.200001
52,0,imagen.jpeg,83,pointwise_conv,1x384x14x14,2.39199
52,0,imagen.jpeg,84,batchnorm,1x64x14x14,0.019561
52,0,imagen.jpeg,85,layer_add,1x64x14x14,0.005513
52,0,imagen.jpeg,86,pointwise_conv,1x64x14x14,2.41122
52,0,imagen.jpeg,87,batchnorm,1x384x14x14,0.11546
52,0,imagen.jpeg,88,activacion,1x384x14x14,0.228502
52,0,imagen.jpeg,89,depthwise_conv,1x384x14x14,0.933423
52,0,imagen.jpeg,90,batchnorm,1x384x14x14,0.115299
52,0,imagen.jpeg,91,activacion,1x384x14x14,0.214488
52,0,imagen.jpeg,92,pointwise_conv,1x384x14x14,3.587295
52,0,imagen.jpeg,93,batchnorm,1x96x14x14,0.028988
52,0,imagen.jpeg,94,pointwise_conv,1x96x14x14,5.427936
52,0,imagen.jpeg,95,batchnorm,1x576x14x14,0.178881
52,0,imagen.jpeg,96,activacion,1x576x14x14,0.328222
52,0,imagen.jpeg,97,depthwise_conv,1x576x14x14,1.379996
52,0,imagen.jpeg,98,batchnorm,1x576x14x14,0.499234
52,0,imagen.jpeg,99,activacion,1x576x14x14,0.290864
52,0,imagen.jpeg,100,pointwise_conv,1x576x14x14,5.379251
52,0,imagen.jpeg,101,batchnorm,1x96x14x14,0.028906
52,0,imagen.jpeg,102,layer_add,1x96x14x14,0.008283
52,0,imagen.jpeg,103,pointwise_conv,1x96x14x14,5.417873
52,0,imagen.jpeg,104,batchnorm,1x576x14x14,0.173076
52,0,imagen.jpeg,105,activacion,1x576x14x14,0.330137
52,0,imagen.jpeg,106,depthwise_conv,1x576x14x14,1.377203
52,0,imagen.jpeg,107,batchnorm,1x576x14x14,0.433707
52,0,imagen.jpeg,108,activacion,1x576x14x14,0.258887
52,0,imagen.jpeg,109,pointwise_conv,1x576x14x14,5.381001
52,0,imagen.jpeg,110,batchnorm,1x96x14x14,0.028845
52,0,imagen.jpeg,111,layer_add,1x96x14x14,0.008242
52,0,imagen.jpeg,112,pointwise_conv,1x96x14x14,5.40394
52,0,imagen.jpeg,113,batchnorm,1x576x14x14,0.172734
52,0,imagen.jpeg,114,activacion,1x576x14x14,0.287392
52,0,imagen.jpeg,115,depthwise_conv,1x576x14x14,0.362266
52,0,imagen.jpeg,116,batchnorm,1x576x7x7,0.061217
52,0,imagen.jpeg,117,activacion,1x576x7x7,0.049618
52,0,imagen.jpeg,118,pointwise_conv,1x576x7x7,2.143257
52,0,imagen.jpeg,119,batchnorm,1x160x7x7,0.012677
52,0,imagen.jpeg,120,pointwise_conv,1x160x7x7,3.587875
52,0,imagen.jpeg,121,batchnorm,1x960x7x7,0.077739
52,0,imagen.jpeg,122,activacion,1x960x7x7,0.134837
52,0,imagen.jpeg,123,depthwise_conv,1x960x7x7,0.560473
52,0,imagen.jpeg,124,batchnorm,1x960x7x7,0.074629
52,0,imagen.jpeg,125,activacion,1x960x7x7,0.127744
52,0,imagen.jpeg,126,pointwise_conv,1x960x7x7,3.572741
52,0,imagen.jpeg,127,batchnorm,1x160x7x7,0.012572
52,0,imagen.jpeg,128,layer_add,1x160x7x7,0.003504
52,0,imagen.jpeg,129,pointwise_conv,1x160x7x7,3.637703
52,0,imagen.jpeg,130,batchnorm,1x960x7x7,0.076302
52,0,imagen.jpeg,131,activacion,1x960x7x7,0.126268
52,0,imagen.jpeg,132,depthwise_conv,1x960x7x7,0.591037
52,0,imagen.jpeg,133,batchnorm,1x960x7x7,0.125339
52,0,imagen.jpeg,134,activacion,1x960x7x7,0.110454
52,0,imagen.jpeg,135,pointwise_conv,1x960x7x7,3.578224
52,0,imagen.jpeg,136,batchnorm,1x160x7x7,0.012483
52,0,imagen.jpeg,137,layer_add,1x160x7x7,0.004245
52,0,imagen.jpeg,138,pointwise_conv,1x160x7x7,3.60486
52,0,imagen.jpeg,139,batchnorm,1x960x7x7,0.074362
52,0,imagen.jpeg,140,activacion,1x960x7x7,0.102956
52,0,imagen.jpeg,141,depthwise_conv,1x960x7x7,0.568906
52,0,imagen.jpeg,142,batchnorm,1x960x7x7,0.090775
52,0,imagen.jpeg,143,activacion,1x960x7x7,0.057115
52,0,imagen.jpeg,144,pointwise_conv,1x960x7x7,7.151198
52,0,imagen.jpeg,145,batchnorm,1x320x7x7,0.025005
52,0,imagen.jpeg,146,pointwise_conv,1x320x7x7,9.559059
52,0,imagen.jpeg,147,batchnorm,1x1280x7x7,0.099192
52,0,imagen.jpeg,148,activacion,1x1280x7x7,0.159307
52,0,imagen.jpeg,149,pooling,1x1280x7x7,0.033511
52,0,imagen.jpeg,150,linear,1x1280,1.105092
53,0,imagen.jpeg,0,conv2d,1x3x224x224,17.272142
53,0,imagen.jpeg,1,batchnorm,1x32x112x112,0.614713
53,0,imagen.jpeg,2,activacion,1x32x112x112,0.397041
53,0,imagen.jpeg,3,depthwise_conv,1x32x112x112,4.777843
53,0,imagen.jpeg,4,batchnorm,1x32x112x112,8.979226
53,0,imagen.jpeg,5,activacion,1x32x112x112,0.495609
53,0,imagen.jpeg,6,pointwise_conv,1x32x112x112,3.038167
53,0,imagen.jpeg,7,batchnorm,1x16x112x112,0.304517
53,0,imagen.jpeg,8,pointwise_conv,1x16x112x112,9.267265
53,0,imagen.jpeg,9,batchnorm,1x96x112x112,1.848316
53,0,imagen.jpeg,10,activacion,1x96x112x112,2.796303
53,0,imagen.jpeg,11,depthwise_conv,1x96x112x112,3.645184
53,0,imagen.jpeg,12,batchnorm,1x96x56x56,0.50173
53,0,imagen.jpeg,13,activacion,1x96x56x56,0.882455
53,0,imagen.jpeg,14,pointwise_conv,1x96x56x56,3.373369
53,0,imagen.jpeg,15,batchnorm,1x24x56x56,0.114343
53,0,imagen.jpeg,16,pointwise_conv,1x24x56x56,5.142989
53,0,imagen.jpeg,17,batchnorm,1x144x56x56,0.696109
53,0,imagen.jpeg,18,activacion,1x144x56x56,1.010966
53,0,imagen.jpeg,19,depthwise_conv,1x144x56x56,5.397997
53,0,imagen.jpeg,20,batchnorm,1x144x56x56,0.687755
53,0,imagen.jpeg,21,activacion,1x144x56x56,1.448163
53,0,imagen.jpeg,22,pointwise_conv,1x144x56x56,5.098664
53,0,imagen.jpeg,23,batchnorm,1x24x56x56,0.114338
53,0,imagen.jpeg,24,layer_add,1x24x56x56,0.035935
53,0,imagen.jpeg,25,pointwise_conv,1x24x56x56,5.114302
53,0,imagen.jpeg,26,batchnorm,1x144x56x56,0.698787
53,0,imagen.jpeg,27,activacion,1x144x56x56,1.340071
53,0,imagen.jpeg,28,depthwise_conv,1x144x56x56,1.391779
53,0,imagen.jpeg,29,batchnorm,1x144x28x28,0.171971
53,0,imagen.jpeg,30,activacion,1x144x28x28,0.304132
53,0,imagen.jpeg,31,pointwise_conv,1x144x28x28,1.70506
53,0,imagen.jpeg,32,batchnorm,1x32x28x28,0.038509
53,0,imagen.jpeg,33,pointwise_conv,1x32x28x28,2.310606
53,0,imagen.jpeg,34,batchnorm,1x192x28x28,0.250058
53,0,imagen.jpeg,35,activacion,1x192x28x28,0.289973
53,0,imagen.jpeg,36,depthwise_conv,1x192x28x28,1.834669
53,0,imagen.jpeg,37,batchnorm,1x192x28x28,0.232013
53,0,imagen.jpeg,38,activacion,1x192x28x28,0.489719
53,0,imagen.jpeg,39,pointwise_conv,1x192x28x28,2.278744
53,0,imagen.jpeg,40,batchnorm,1x32x28x28,0.038273
53,0,imagen.jpeg,41,layer_add,1x32x28x28,0.011256
53,0,imagen.jpeg,42,pointwise_conv,1x32x28x28,2.297723
53,0,imagen.jpeg,43,batchnorm,1x192x28x28,0.235629
53,0,imagen.jpeg,44,activacion,1x192x28x28,0.36711
53,0,imagen.jpeg,45,depthwise_conv,1x192x28x28,1.825781
53,0,imagen.jpeg,46,batchnorm,1x192x28x28,0.229023
53,0,imagen.jpeg,47,activacion,1x192x28x28,0.468362
53,0,imagen.jpeg,48,pointwise_conv,1x192x28x28,2.264533
53,0,imagen.jpeg,49,batchnorm,1x32x28x28,0.038277
53,0,imagen.jpeg,50,layer_add,1x32x28x28,0.011269
53,0,imagen.jpeg,51,pointwise_conv,1x32x28x28,2.294644
53,0,imagen.jpeg,52,batchnorm,1x192x28x28,0.235865
53,0,imagen.jpeg,53,activacion,1x192x28x28,0.42857
53,0,imagen.jpeg,54,depthwise_conv,1x192x28x28,0.475606
53,0,imagen.jpeg,55,batchnorm,1x192x14x14,0.057703
53,0,imagen.jpeg,56,activacion,1x192x14x14,0.078115
53,0,imagen.jpeg,57,pointwise_conv,1x192x14x14,1.200798
53,0,imagen.jpeg,58,batchnorm,1x64x14x14,0.019378
53,0,imagen.jpeg,59,pointwise_conv,1x64x14x14,2.414958
53,0,imagen.jpeg,60,batchnorm,1x384x14x14,0.11534
53,0,imagen.jpeg,61,activacion,1x384x14x14,0.154213
53,0,imagen.jpeg,62,depthwise_conv,1x384x14x14,0.933679
53,0,imagen.jpeg,63,batchnorm,1x384x14x14,0.115455
53,0,imagen.jpeg,64,activacion,1x384x14x14,0.243487
53,0,imagen.jpeg,65,pointwise_conv,1x384x14x14,2.392312
53,0,imagen.jpeg,66,batchnorm,1x64x14x14,0.019317
53,0,imagen.jpeg,67,layer_add,1x64x14x14,0.00552
53,0,imagen.jpeg,68,pointwise_conv,1x64x14x14,2.405854
53,0,imagen.jpeg,69,batchnorm,1x384x14x14,0.115295
53,0,imagen.jpeg,70,activacion,1x384x14x14,0.209409
53,0,imagen.jpeg,71,depthwise_conv,1x384x14x14,0.91341
53,0,imagen.jpeg,72,batchnorm,1x384x14x14,0.245763
53,0,imagen.jpeg,73,activacion,1x384x14x14,0.221001
53,0,imagen.jpeg,74,pointwise_conv,1x384x14x14,2.387272
53,0,imagen.jpeg,75,batchnorm,1x64x14x14,0.019334
53,0,imagen.jpeg,76,layer_add,1x64x14x14,0.005493
53,0,imagen.jpeg,77,pointwise_conv,1x64x14x14,2.415045
53,0,imagen.jpeg,78,batchnorm,1x384x14x14,0.115275
53,0,imagen.jpeg,79,activacion,1x384x14x14,0.229414
53,0,imagen.jpeg,80,depthwise_conv,1x384x14x14,0.932234
53,0,imagen.jpeg,81,batchnorm,1x384x14x14,0.451603
53,0,imagen.jpeg,82,activacion,1x384x14x14,0.200527
53,0,imagen.jpeg,83,pointwise_conv,1x384x14x14,2.391083
53,0,imagen.jpeg,84,batchnorm,1x64x14x14,0.019386
53,0,imagen.jpeg,85,layer_add,1x64x14x14,0.005525
53,0,imagen.jpeg,86,pointwise_conv,1x64x14x14,2.414691
53,0,imagen.jpeg,87,batchnorm,1x384x14x14,0.117055
53,0,imagen.jpeg,88,activacion,1x384x14x14,0.226993
53,0,imagen.jpeg,89,depthwise_conv,1x384x14x14,0.936623
53,0,imagen.jpeg,90,batchnorm,1x384x14x14,0.1153
53,0,imagen.jpeg,91,activacion,1x384x14x14,0.212369
53,0,imagen.jpeg,92,pointwise_conv,1x384x14x14,3.581264
53,0,imagen.jpeg,93,batchnorm,1x96x14x14,0.028926
53,0,imagen.jpeg,94,pointwise_conv,1x96x14x14,5.39842
53,0,imagen.jpeg,95,batchnorm,1x576x14x14,0.172909
53,0,imagen.jpeg,96,activacion,1x576x14x14,0.330765
53,0,imagen.jpeg,97,depthwise_conv,1x576x14x14,1.403855
53,0,imagen.jpeg,98,batchnorm,1x576x14x14,0.503507
53,0,imagen.jpeg,99,activacion,1x576x14x14,0.304459
53,0,imagen.jpeg,100,pointwise_conv,1x576x14x14,5.375232
53,0,imagen.jpeg,101,batchnorm,1x96x14x14,0.028984
53,0,imagen.jpeg,102,layer_add,1x96x14x14,0.008329
53,0,imagen.jpeg,103,pointwise_conv,1x96x14x14,5.401766
53,0,imagen.jpeg,104,batchnorm,1x576x14x14,0.172935
53,0,imagen.jpeg,105,activacion,1x576x14x14,0.327019
53,0,imagen.jpeg,106,depthwise_conv,1x576x14x14,1.382216
53,0,imagen.jpeg,107,batchnorm,1x576x14x14,0.433696
53,0,imagen.jpeg,108,activacion,1x576x14x14,0.263658
53,0,imagen.jpeg,109,pointwise_conv,1x576x14x14,5.3732
53,0,imagen.jpeg,110,batchnorm,1x96x14x14,0.028912
53,0,imagen.jpeg,111,layer_add,1x96x14x14,0.008232
53,0,imagen.jpeg,112,pointwise_conv,1x96x14x14,5.406631
53,0,imagen.jpeg,113,batchnorm,1x576x14x14,0.176277
53,0,imagen.jpeg,114,activacion,1x576x14x14,0.283698
53,0,imagen.jpeg,115,depthwise_conv,1x576x14x14,0.362114
53,0,imagen.jpeg,116,batchnorm,1x576x7x7,0.066616
53,0,imagen.jpeg,117,activacion,1x576x7x7,0.049645
53,0,imagen.jpeg,118,pointwise_conv,1x576x7x7,2.160809
53,0,imagen.jpeg,119,batchnorm,1x160x7x7,0.012786
53,0,imagen.jpeg,120,pointwise_conv,1x160x7x7,3.653818
53,0,imagen.jpeg,121,batchnorm,1x960x7x7,0.080782
53,0,imagen.jpeg,122,activacion,1x960x7x7,0.1344
53,0,imagen.jpeg,123,depthwise_conv,1x960x7x7,0.585945
53,0,imagen.jpeg,124,batchnorm,1x960x7x7,0.079208
53,0,imagen.jpeg,125,activacion,1x960x7x7,0.128054
53,0,imagen.jpeg,126,pointwise_conv,1x960x7x7,3.566937
53,0,imagen.jpeg,127,batchnorm,1x160x7x7,0.012555
53,0,imagen.jpeg,128,layer_add,1x160x7x7,0.003504
53,0,imagen.jpeg,129,pointwise_conv,1x160x7x7,3.586551
53,0,imagen.jpeg,130,batchnorm,1x960x7x7,0.074364
53,0,imagen.jpeg,131,activacion,1x960x7x7,0.127187
53,0,imagen.jpeg,132,depthwise_conv,1x960x7x7,0.575091
53,0,imagen.jpeg,133,batchnorm,1x960x7x7,0.123698
53,0,imagen.jpeg,134,activacion,1x960x7x7,0.111621
53,0,imagen.jpeg,135,pointwise_conv,1x960x7x7,3.570906
53,0,imagen.jpeg,136,batchnorm,1x160x7x7,0.012497
53,0,imagen.jpeg,137,layer_add,1x160x7x7,0.003832
53,0,imagen.jpeg,138,pointwise_conv,1x160x7x7,3.580736
53,0,imagen.jpeg,139,batchnorm,1x960x7x7,0.078333
53,0,imagen.jpeg,140,activacion,1x960x7x7,0.108414
53,0,imagen.jpeg,141,depthwise_conv,1x960x7x7,0.586032
53,0,imagen.jpeg,142,batchnorm,1x960x7x7,0.090766
53,0,imagen.jpeg,143,activacion,1x960x7x7,0.06091
53,0,imagen.jpeg,144,pointwise_conv,1x960x7x7,7.134427
53,0,imagen.jpeg,145,batchnorm,1x320x7x7,0.025078
53,0,imagen.jpeg,146,pointwise_conv,1x320x7x7,9.572753
53,0,imagen.jpeg,147,batchnorm,1x1280x7x7,0.10745
53,0,imagen.jpeg,148,activacion,1x1280x7x7,0.171925
53,0,imagen.jpeg,149,pooling,1x1280x7x7,0.033686
53,0,imagen.jpeg,150,linear,1x1280,1.092937
54,0,imagen.jpeg,0,conv2d,1x3x224x224,17.126601
54,0,imagen.jpeg,1,batchnorm,1x32x112x112,0.613586
54,0,imagen.jpeg,2,activacion,1x32x112x112,0.396246
54,0,imagen.jpeg,3,depthwise_conv,1x32x112x112,4.736176
54,0,imagen.jpeg,4,batchnorm,1x32x112x112,8.974976
54,0,imagen.jpeg,5,activacion,1x32x112x112,0.514547
54,0,imagen.jpeg,6,pointwise_conv,1x32x112x112,3.050282
54,0,imagen.jpeg,7,batchnorm,1x16x112x112,0.304738
54,0,imagen.jpeg,8,pointwise_conv,1x16x112x112,9.270214
54,0,imagen.jpeg,9,batchnorm,1x96x112x112,1.839479
54,0,imagen.jpeg,10,activacion,1x96x112x112,2.81406
54,0,imagen.jpeg,11,depthwise_conv,1x96x112x112,3.61029
54,0,imagen.jpeg,12,batchnorm,1x96x56x56,0.45654
54,0,imagen.jpeg,13,activacion,1x96x56x56,0.883977
54,0,imagen.jpeg,14,pointwise_conv,1x96x56x56,3.374856
54,0,imagen.jpeg,15,batchnorm,1x24x56x56,0.113906
54,0,imagen.jpeg,16,pointwise_conv,1x24x56x56,5.119766
54,0,imagen.jpeg,17,batchnorm,1x144x56x56,0.693611
54,0,imagen.jpeg,18,activacion,1x144x56x56,1.006732
54,0,imagen.jpeg,19,depthwise_conv,1x144x56x56,5.320415
54,0,imagen.jpeg,20,batchnorm,1x144x56x56,0.688892
54,0,imagen.jpeg,21,activacion,1x144x56x56,1.445556
54,0,imagen.jpeg,22,pointwise_conv,1x144x56x56,5.080247
54,0,imagen.jpeg,23,batchnorm,1x24x56x56,0.114298
54,0,imagen.jpeg,24,layer_add,1x24x56x56,0.034911
54,0,imagen.jpeg,25,pointwise_conv,1x24x56x56,5.111358
54,0,imagen.jpeg,26,batchnorm,1x144x56x56,0.697715
54,0,imagen.jpeg,27,activacion,1x144x56x56,1.347964
54,0,imagen.jpeg,28,depthwise_conv,1x144x56x56,1.387503
54,0,imagen.jpeg,29,batchnorm,1x144x28x28,0.172083
54,0,imagen.jpeg,30,activacion,1x144x28x28,0.299366
54,0,imagen.jpeg,31,pointwise_conv,1x144x28x28,1.703069
54,0,imagen.jpeg,32,batchnorm,1x32x28x28,0.038399
54,0,imagen.jpeg,33,pointwise_conv,1x32x28x28,2.2926
54,0,imagen.jpeg,34,batchnorm,1x192x28x28,0.233353
54,0,imagen.jpeg,35,activacion,1x192x28x28,0.293613
54,0,imagen.jpeg,36,depthwise_conv,1x192x28x28,1.795094
54,0,imagen.jpeg,37,batchnorm,1x192x28x28,0.229048
54,0,imagen.jpeg,38,activacion,1x192x28x28,0.488383
54,0,imagen.jpeg,39,pointwise_conv,1x192x28x28,2.282436
54,0,imagen.jpeg,40,batchnorm,1x32x28x28,0.038316
54,0,imagen.jpeg,41,layer_add,1x32x28x28,0.011207
54,0,imagen.jpeg,42,pointwise_conv,1x32x28x28,2.296472
54,0,imagen.jpeg,43,batchnorm,1x192x28x28,0.228997
54,0,imagen.jpeg,44,activacion,1x192x28x28,0.366885
54,0,imagen.jpeg,45,depthwise_conv,1x192x28x28,1.775198
54,0,imagen.jpeg,46,batchnorm,1x192x28x28,0.229111
54,0,imagen.jpeg,47,activacion,1x192x28x28,0.465574
54,0,imagen.jpeg,48,pointwise_conv,1x192x28x28,2.266589
54,0,imagen.jpeg,49,batchnorm,1x32x28x28,0.038258
54,0,imagen.jpeg,50,layer_add,1x32x28x28,0.011172
54,0,imagen.jpeg,51,pointwise_conv,1x32x28x28,2.298319
54,0,imagen.jpeg,52,batchnorm,1x192x28x28,0.230853
54,0,imagen.jpeg,53,activacion,1x192x28x28,0.429398
54,0,imagen.jpeg,54,depthwise_conv,1x192x28x28,0.483311
54,0,imagen.jpeg,55,batchnorm,1x192x14x14,0.061694
54,0,imagen.jpeg,56,activacion,1x192x14x14,0.07764
54,0,imagen.jpeg,57,pointwise_conv,1x192x14x14,1.19726
54,0,imagen.jpeg,58,batchnorm,1x64x14x14,0.019383
54,0,imagen.jpeg,59,pointwise_conv,1x64x14x14,2.421965
54,0,imagen.jpeg,60,batchnorm,1x384x14x14,0.122029
54,0,imagen.jpeg,61,activacion,1x384x14x14,0.156591
54,0,imagen.jpeg,62,depthwise_conv,1x384x14x14,0.946898
54,0,imagen.jpeg,63,batchnorm,1x384x14x14,0.115617
54,0,imagen.jpeg,64,activacion,1x384x14x14,0.246364
54,0,imagen.jpeg,65,pointwise_conv,1x384x14x14,2.393307
54,0,imagen.jpeg,66,batchnorm,1x64x14x14,0.022621
54,0,imagen.jpeg,67,layer_add,1x64x14x14,0.005536
54,0,imagen.jpeg,68,pointwise_conv,1x64x14x14,2.41514
54,0,imagen.jpeg,69,batchnorm,1x384x14x14,0.115332
54,0,imagen.jpeg,70,activacion,1x384x14x14,0.211522
54,0,imagen.jpeg,71,depthwise_conv,1x384x14x14,0.964609
54,0,imagen.jpeg,72,batchnorm,1x384x14x14,0.245891
54,0,imagen.jpeg,73,activacion,1x384x14x14,0.231787
54,0,imagen.jpeg,74,pointwise_conv,1x384x14x14,2.390002
54,0,imagen.jpeg,75,batchnorm,1x64x14x14,0.029213
54,0,imagen.jpeg,76,layer_add,1x64x14x14,0.00555
54,0,imagen.jpeg,77,pointwise_conv,1x64x14x14,2.408563
54,0,imagen.jpeg,78,batchnorm,1x384x14x14,0.115171
54,0,imagen.jpeg,79,activacion,1x384x14x14,0.235506
54,0,imagen.jpeg,80,depthwise_conv,1x384x14x14,0.90952
54,0,imagen.jpeg,81,batchnorm,1x384x14x14,0.448029
54,0,imagen.jpeg,82,activacion,1x384x14x14,0.20131
54,0,imagen.jpeg,83,pointwise_conv,1x384x14x14,2.391061
54,0,imagen.jpeg,84,batchnorm,1x64x14x14,0.019614
54,0,imagen.jpeg,85,layer_add,1x64x14x14,0.005512
54,0,imagen.jpeg,86,pointwise_conv,1x64x14x14,2.405501
54,0,imagen.jpeg,87,batchnorm,1x384x14x14,0.115351
54,0,imagen.jpeg,88,activacion,1x384x14x14,0.229448
54,0,imagen.jpeg,89,depthwise_conv,1x384x14x14,0.929298
54,0,imagen.jpeg,90,batchnorm,1x384x14x14,0.118318
54,0,imagen.jpeg,91,activacion,1x384x14x14,0.210833
54,0,imagen.jpeg,92,pointwise_conv,1x384x14x14,3.58511
54,0,imagen.jpeg,93,batchnorm,1x96x14x14,0.031714
54,0,imagen.jpeg,94,pointwise_conv,1x96x14x14,5.398014
54,0,imagen.jpeg,95,batchnorm,1x576x14x14,0.172921
54,0,imagen.jpeg,96,activacion,1x576x14x14,0.337557
54,0,imagen.jpeg,97,depthwise_conv,1x576x14x14,1.372267
54,0,imagen.jpeg,98,batchnorm,1x576x14x14,0.499377
54,0,imagen.jpeg,99,activacion,1x576x14x14,0.289922
54,0,imagen.jpeg,100,pointwise_conv,1x576x14x14,5.375801
54,0,imagen.jpeg,101,batchnorm,1x96x14x14,0.029012
54,0,imagen.jpeg,102,layer_add,1x96x14x14,0.008225
54,0,imagen.jpeg,103,pointwise_conv,1x96x14x14,5.404309
54,0,imagen.jpeg,104,batchnorm,1x576x14x14,0.172884
54,0,imagen.jpeg,105,activacion,1x576x14x14,0.32618
54,0,imagen.jpeg,106,depthwise_conv,1x576x14x14,1.393983
54,0,imagen.jpeg,107,batchnorm,1x576x14x14,0.433739
54,0,imagen.jpeg,108,activacion,1x576x14x14,0.257624
54,0,imagen.jpeg,109,pointwise_conv,1x576x14x14,5.369203
54,0,imagen.jpeg,110,batchnorm,1x96x14x14,0.028943
54,0,imagen.jpeg,111,layer_add,1x96x14x14,0.008219
54,0,imagen.jpeg,112,pointwise_conv,1x96x14x14,5.41555
54,0,imagen.jpeg,113,batchnorm,1x576x14x14,0.179098
54,0,imagen.jpeg,114,activacion,1x576x14x14,0.282973
54,0,imagen.jpeg,115,depthwise_conv,1x576x14x14,0.362367
54,0,imagen.jpeg,116,batchnorm,1x576x7x7,0.061159
54,0,imagen.jpeg,117,activacion,1x576x7x7,0.053345
54,0,imagen.jpeg,118,pointwise_conv,1x576x7x7,2.141989
54,0,imagen.jpeg,119,batchnorm,1x160x7x7,0.012697
54,0,imagen.jpeg,120,pointwise_conv,1x160x7x7,3.578929
54,0,imagen.jpeg,121,batchnorm,1x960x7x7,0.074337
54,0,imagen.jpeg,122,activacion,1x960x7x7,0.137273
54,0,imagen.jpeg,123,depthwise_conv,1x960x7x7,0.586388
54,0,imagen.jpeg,124,batchnorm,1x960x7x7,0.074637
54,0,imagen.jpeg,125,activacion,1x960x7x7,0.126575
54,0,imagen.jpeg,126,pointwise_conv,1x960x7x7,3.566127
54,0,imagen.jpeg,127,batchnorm,1x160x7x7,0.012579
54,0,imagen.jpeg,128,layer_add,1x160x7x7,0.003513
54,0,imagen.jpeg,129,pointwise_conv,1x160x7x7,3.580064
54,0,imagen.jpeg,130,batchnorm,1x960x7x7,0.074354
54,0,imagen.jpeg,131,activacion,1x960x7x7,0.127145
54,0,imagen.jpeg,132,depthwise_conv,1x960x7x7,0.583128
54,0,imagen.jpeg,133,batchnorm,1x960x7x7,0.123537
54,0,imagen.jpeg,134,activacion,1x960x7x7,0.112929
54,0,imagen.jpeg,135,pointwise_conv,1x960x7x7,3.606633
54,0,imagen.jpeg,136,batchnorm,1x160x7x7,0.014344
54,0,imagen.jpeg,137,layer_add,1x160x7x7,0.003966
54,0,imagen.jpeg,138,pointwise_conv,1x160x7x7,3.580794
54,0,imagen.jpeg,139,batchnorm,1x960x7x7,0.074356
54,0,imagen.jpeg,140,activacion,1x960x7x7,0.106
54,0,imagen.jpeg,141,depthwise_conv,1x960x7x7,0.58826
54,0,imagen.jpeg,142,batchnorm,1x960x7x7,0.092564
54,0,imagen.jpeg,143,activacion,1x960x7x7,0.057411
54,0,imagen.jpeg,144,pointwise_conv,1x960x7x7,7.148639
54,0,imagen.jpeg,145,batchnorm,1x320x7x7,0.026809
54,0,imagen.jpeg,146,pointwise_conv,1x320x7x7,9.557072
54,0,imagen.jpeg,147,batchnorm,1x1280x7x7,0.099185
54,0,imagen.jpeg,148,activacion,1x1280x7x7,0.163541
54,0,imagen.jpeg,149,pooling,1x1280x7x7,0.03372
54,0,imagen.jpeg,150,linear,1x1280,1.096495
55,0,imagen.jpeg,0,conv2d,1x3x224x224,17.096866
55,0,imagen.jpeg,1,batchnorm,1x32x112x112,0.658931
55,0,imagen.jpeg,2,activacion,1x32x112x112,0.401138
55,0,imagen.jpeg,3,depthwise_conv,1x32x112x112,4.690267
55,0,imagen.jpeg,4,batchnorm,1x32x112x112,8.973068
55,0,imagen.jpeg,5,activacion,1x32x112x112,0.508794
55,0,imagen.jpeg,6,pointwise_conv,1x32x112x112,3.062188
55,0,imagen.jpeg,7,batchnorm,1x16x112x112,0.304472
55,0,imagen.jpeg,8,pointwise_conv,1x16x112x112,9.255517
55,0,imagen.jpeg,9,batchnorm,1x96x112x112,1.885049
55,0,imagen.jpeg,10,activacion,1x96x112x112,2.775918
55,0,imagen.jpeg,11,depthwise_conv,1x96x112x112,3.612483
55,0,imagen.jpeg,12,batchnorm,1x96x56x56,0.455458
55,0,imagen.jpeg,13,activacion,1x96x56x56,0.883096
55,0,imagen.jpeg,14,pointwise_conv,1x96x56x56,3.378959
55,0,imagen.jpeg,15,batchnorm,1x24x56x56,0.114035
55,0,imagen.jpeg,16,pointwise_conv,1x24x56x56,5.116975
55,0,imagen.jpeg,17,batchnorm,1x144x56x56,0.69642
55,0,imagen.jpeg,18,activacion,1x144x56x56,1.006524
55,0,imagen.jpeg,19,depthwise_conv,1x144x56x56,5.40677
55,0,imagen.jpeg,20,batchnorm,1x144x56x56,0.688152
55,0,imagen.jpeg,21,activacion,1x144x56x56,1.460821
55,0,imagen.jpeg,22,pointwise_conv,1x144x56x56,5.122759
55,0,imagen.jpeg,23,batchnorm,1x24x56x56,0.119832
55,0,imagen.jpeg,24,layer_add,1x24x56x56,0.034393
55,0,imagen.jpeg,25,pointwise_conv,1x24x56x56,5.113564
55,0,imagen.jpeg,26,batchnorm,1x144x56x56,0.693371
55,0,imagen.jpeg,27,activacion,1x144x56x56,1.338427
55,0,imagen.jpeg,28,depthwise_conv,1x144x56x56,1.419077
55,0,imagen.jpeg,29,batchnorm,1x144x28x28,0.172044
55,0,imagen.jpeg,30,activacion,1x144x28x28,0.301404
55,0,imagen.jpeg,31,pointwise_conv,1x144x28x28,1.705849
55,0,imagen.jpeg,32,batchnorm,1x32x28x28,0.038392
55,0,imagen.jpeg,33,pointwise_conv,1x32x28x28,2.293462
55,0,imagen.jpeg,34,batchnorm,1x192x28x28,0.231301
55,0,imagen.jpeg,35,activacion,1x192x28x28,0.291116
55,0,imagen.jpeg,36,depthwise_conv,1x192x28x28,1.82975
55,0,imagen.jpeg,37,batchnorm,1x192x28x28,0.229473
55,0,imagen.jpeg,38,activacion,1x192x28x28,0.481156
55,0,imagen.jpeg,39,pointwise_conv,1x192x28x28,2.266558
55,0,imagen.jpeg,40,batchnorm,1x32x28x28,0.038334
55,0,imagen.jpeg,41,layer_add,1x32x28x28,0.011161
55,0,imagen.jpeg,42,pointwise_conv,1x32x28x28,2.295918
55,0,imagen.jpeg,43,batchnorm,1x192x28x28,0.229089
55,0,imagen.jpeg,44,activacion,1x192x28x28,0.3701
55,0,imagen.jpeg,45,depthwise_conv,1x192x28x28,1.830596
55,0,imagen.jpeg,46,batchnorm,1x192x28x28,0.229119
55,0,imagen.jpeg,47,activacion,1x192x28x28,0.466271
55,0,imagen.jpeg,48,pointwise_conv,1x192x28x28,2.263183
55,0,imagen.jpeg,49,batchnorm,1x32x28x28,0.038259
55,0,imagen.jpeg,50,layer_add,1x32x28x28,0.011099
55,0,imagen.jpeg,51,pointwise_conv,1x32x28x28,2.295515
55,0,imagen.jpeg,52,batchnorm,1x192x28x28,0.233552
55,0,imagen.jpeg,53,activacion,1x192x28x28,0.42959
55,0,imagen.jpeg,54,depthwise_conv,1x192x28x28,0.477229
55,0,imagen.jpeg,55,batchnorm,1x192x14x14,0.057674
55,0,imagen.jpeg,56,activacion,1x192x14x14,0.077897
55,0,imagen.jpeg,57,pointwise_conv,1x192x14x14,1.195505
55,0,imagen.jpeg,58,batchnorm,1x64x14x14,0.019534
55,0,imagen.jpeg,59,pointwise_conv,1x64x14x14,2.412939
55,0,imagen.jpeg,60,batchnorm,1x384x14x14,0.117954
55,0,imagen.jpeg,61,activacion,1x384x14x14,0.153666
55,0,imagen.jpeg,62,depthwise_conv,1x384x14x14,0.930988
55,0,imagen.jpeg,63,batchnorm,1x384x14x14,0.115463
55,0,imagen.jpeg,64,activacion,1x384x14x14,0.243505
55,0,imagen.jpeg,65,pointwise_conv,1x384x14x14,2.390594
55,0,imagen.jpeg,66,batchnorm,1x64x14x14,0.019364
55,0,imagen.jpeg,67,layer_add,1x64x14x14,0.00559
55,0,imagen.jpeg,68,pointwise_conv,1x64x14x14,2.417914
55,0,imagen.jpeg,69,batchnorm,1x384x14x14,0.11533
55,0,imagen.jpeg,70,activacion,1x384x14x14,0.206409
55,0,imagen.jpeg,71,depthwise_conv,1x384x14x14,0.918654
55,0,imagen.jpeg,72,batchnorm,1x384x14x14,0.248377
55,0,imagen.jpeg,73,activacion,1x384x14x14,0.222077
55,0,imagen.jpeg,74,pointwise_conv,1x384x14x14,2.388269
55,0,imagen.jpeg,75,batchnorm,1x64x14x14,0.019317
55,0,imagen.jpeg,76,layer_add,1x64x14x14,0.00552
55,0,imagen.jpeg,77,pointwise_conv,1x64x14x14,2.411312
55,0,imagen.jpeg,78,batchnorm,1x384x14x14,0.120597
55,0,imagen.jpeg,79,activacion,1x384x14x14,0.231761
55,0,imagen.jpeg,80,depthwise_conv,1x384x14x14,0.945132
55,0,imagen.jpeg,81,batchnorm,1x384x14x14,0.448503
55,0,imagen.jpeg,82,activacion,1x384x14x14,0.20019
55,0,imagen.jpeg,83,pointwise_conv,1x384x14x14,2.401071
55,0,imagen.jpeg,84,batchnorm,1x64x14x14,0.019433
55,0,imagen.jpeg,85,layer_add,1x64x14x14,0.005573
55,0,imagen.jpeg,86,pointwise_conv,1x64x14x14,2.406557
55,0,imagen.jpeg,87,batchnorm,1x384x14x14,0.115357
55,0,imagen.jpeg,88,activacion,1x384x14x14,0.227681
55,0,imagen.jpeg,89,depthwise_conv,1x384x14x14,0.930874
55,0,imagen.jpeg,90,batchnorm,1x384x14x14,0.115317
55,0,imagen.jpeg,91,activacion,1x384x14x14,0.209885
55,0,imagen.jpeg,92,pointwise_conv,1x384x14x14,3.584934
55,0,imagen.jpeg,93,batchnorm,1x96x14x14,0.029027
55,0,imagen.jpeg,94,pointwise_conv,1x96x14x14,5.404271
55,0,imagen.jpeg,95,batchnorm,1x576x14x14,0.172907
55,0,imagen.jpeg,96,activacion,1x576x14x14,0.326577
55,0,imagen.jpeg,97,depthwise_conv,1x576x14x14,1.403843
55,0,imagen.jpeg,98,batchnorm,1x576x14x14,0.499329
55,0,imagen.jpeg,99,activacion,1x576x14x14,0.300578
55,0,imagen.jpeg,100,pointwise_conv,1x576x14x14,5.373083
55,0,imagen.jpeg,101,batchnorm,1x96x14x14,0.028955
55,0,imagen.jpeg,102,layer_add,1x96x14x14,0.008253
55,0,imagen.jpeg,103,pointwise_conv,1x96x14x14,5.405393
55,0,imagen.jpeg,104,batchnorm,1x576x14x14,0.17294
55,0,imagen.jpeg,105,activacion,1x576x14x14,0.326497
55,0,imagen.jpeg,106,depthwise_conv,1x576x14x14,1.369813
55,0,imagen.jpeg,107,batchnorm,1x576x14x14,0.43397
55,0,imagen.jpeg,108,activacion,1x576x14x14,0.259021
55,0,imagen.jpeg,109,pointwise_conv,1x576x14x14,5.376026
55,0,imagen.jpeg,110,batchnorm,1x96x14x14,0.028914
55,0,imagen.jpeg,111,layer_add,1x96x14x14,0.00824
55,0,imagen.jpeg,112,pointwise_conv,1x96x14x14,5.40558
55,0,imagen.jpeg,113,batchnorm,1x576x14x14,0.176649
55,0,imagen.jpeg,114,activacion,1x576x14x14,0.281099
55,0,imagen.jpeg,115,depthwise_conv,1x576x14x14,0.362402
55,0,imagen.jpeg,116,batchnorm,1x576x7x7,0.06118
55,0,imagen.jpeg,117,activacion,1x576x7x7,0.049999
55,0,imagen.jpeg,118,pointwise_conv,1x576x7x7,2.144358
55,0,imagen.jpeg,119,batchnorm,1x160x7x7,0.01272
55,0,imagen.jpeg,120,pointwise_conv,1x160x7x7,3.57949
55,0,imagen.jpeg,121,batchnorm,1x960x7x7,0.074363
55,0,imagen.jpeg,122,activacion,1x960x7x7,0.136759
55,0,imagen.jpeg,123,depthwise_conv,1x960x7x7,0.561262
55,0,imagen.jpeg,124,batchnorm,1x960x7x7,0.074554
55,0,imagen.jpeg,125,activacion,1x960x7x7,0.128497
55,0,imagen.jpeg,126,pointwise_conv,1x960x7x7,3.568509
55,0,imagen.jpeg,127,batchnorm,1x160x7x7,0.012675
55,0,imagen.jpeg,128,layer_add,1x160x7x7,0.003505
55,0,imagen.jpeg,129,pointwise_conv,1x160x7x7,3.584519
55,0,imagen.jpeg,130,batchnorm,1x960x7x7,0.074401
55,0,imagen.jpeg,131,activacion,1x960x7x7,0.128465
55,0,imagen.jpeg,132,depthwise_conv,1x960x7x7,0.590411
55,0,imagen.jpeg,133,batchnorm,1x960x7x7,0.125588
55,0,imagen.jpeg,134,activacion,1x960x7x7,0.110443
55,0,imagen.jpeg,135,pointwise_conv,1x960x7x7,3.566158
55,0,imagen.jpeg,136,batchnorm,1x160x7x7,0.012473
55,0,imagen.jpeg,137,layer_add,1x160x7x7,0.004022
55,0,imagen.jpeg,138,pointwise_conv,1x160x7x7,3.600306
55,0,imagen.jpeg,139,batchnorm,1x960x7x7,0.074373
55,0,imagen.jpeg,140,activacion,1x960x7x7,0.102494
55,0,imagen.jpeg,141,depthwise_conv,1x960x7x7,0.590334
55,0,imagen.jpeg,142,batchnorm,1x960x7x7,0.090769
55,0,imagen.jpeg,143,activacion,1x960x7x7,0.057462
55,0,imagen.jpeg,144,pointwise_conv,1x960x7x7,7.143145
55,0,imagen.jpeg,145,batchnorm,1x320x7x7,0.029479
55,0,imagen.jpeg,146,pointwise_conv,1x320x7x7,9.559843
55,0,imagen.jpeg,147,batchnorm,1x1280x7x7,0.099198
55,0,imagen.jpeg,148,activacion,1x1280x7x7,0.158662
55,0,imagen.jpeg,149,pooling,1x1280x7x7,0.038586
55,0,imagen.jpeg,150,linear,1x1280,1.097911
56,0,imagen.jpeg,0,conv2d,1x3x224x224,17.105985
56,0,imagen.jpeg,1,batchnorm,1x32x112x112,0.613612
56,0,imagen.jpeg,2,activacion,1x32x112x112,0.401397
56,0,imagen.jpeg,3,depthwise_conv,1x32x112x112,4.807777
56,0,imagen.jpeg,4,batchnorm,1x32x112x112,8.976454
56,0,imagen.jpeg,5,activacion,1x32x112x112,0.493022
56,0,imagen.jpeg,6,pointwise_conv,1x32x112x112,3.025265
56,0,imagen.jpeg,7,batchnorm,1x16x112x112,0.30442
56,0,imagen.jpeg,8,pointwise_conv,1x16x112x112,9.265593
56,0,imagen.jpeg,9,batchnorm,1x96x112x112,1.840942
56,0,imagen.jpeg,10,activacion,1x96x112x112,2.818319
56,0,imagen.jpeg,11,depthwise_conv,1x96x112x112,3.65012
56,0,imagen.jpeg,12,batchnorm,1x96x56x56,0.45677
56,0,imagen.jpeg,13,activacion,1x96x56x56,0.884111
56,0,imagen.jpeg,14,pointwise_conv,1x96x56x56,3.365645
56,0,imagen.jpeg,15,batchnorm,1x24x56x56,0.123302
56,0,imagen.jpeg,16,pointwise_conv,1x24x56x56,5.116649
56,0,imagen.jpeg,17,batchnorm,1x144x56x56,0.693487
56,0,imagen.jpeg,18,activacion,1x144x56x56,1.00987
56,0,imagen.jpeg,19,depthwise_conv,1x144x56x56,5.357522
56,0,imagen.jpeg,20,batchnorm,1x144x56x56,0.692269
56,0,imagen.jpeg,21,activacion,1x144x56x56,1.497838
56,0,imagen.jpeg,22,pointwise_conv,1x144x56x56,5.066235
56,0,imagen.jpeg,23,batchnorm,1x24x56x56,0.121858
56,0,imagen.jpeg,24,layer_add,1x24x56x56,0.034861
56,0,imagen.jpeg,25,pointwise_conv,1x24x56x56,5.110198
56,0,imagen.jpeg,26,batchnorm,1x144x56x56,0.690625
56,0,imagen.jpeg,27,activacion,1x144x56x56,1.345717
56,0,imagen.jpeg,28,depthwise_conv,1x144x56x56,1.401047
56,0,imagen.jpeg,29,batchnorm,1x144x28x28,0.175778
56,0,imagen.jpeg,30,activacion,1x144x28x28,0.29879
56,0,imagen.jpeg,31,pointwise_conv,1x144x28x28,1.713972
56,0,imagen.jpeg,32,batchnorm,1x32x28x28,0.038367
56,0,imagen.jpeg,33,pointwise_conv,1x32x28x28,2.293463
56,0,imagen.jpeg,34,batchnorm,1x192x28x28,0.229138
56,0,imagen.jpeg,35,activacion,1x192x28x28,0.296312
56,0,imagen.jpeg,36,depthwise_conv,1x192x28x28,1.82977
56,0,imagen.jpeg,37,batchnorm,1x192x28x28,0.234954
56,0,imagen.jpeg,38,activacion,1x192x28x28,0.482856
56,0,imagen.jpeg,39,pointwise_conv,1x192x28x28,2.268766
56,0,imagen.jpeg,40,batchnorm,1x32x28x28,0.038229
56,0,imagen.jpeg,41,layer_add,1x32x28x28,0.011181
56,0,imagen.jpeg,42,pointwise_conv,1x32x28x28,2.295633
56,0,imagen.jpeg,43,batchnorm,1x192x28x28,0.229259
56,0,imagen.jpeg,44,activacion,1x192x28x28,0.395094
56,0,imagen.jpeg,45,depthwise_conv,1x192x28x28,1.832609
56,0,imagen.jpeg,46,batchnorm,1x192x28x28,0.22914
56,0,imagen.jpeg,47,activacion,1x192x28x28,0.464315
56,0,imagen.jpeg,48,pointwise_conv,1x192x28x28,2.270557
56,0,imagen.jpeg,49,batchnorm,1x32x28x28,0.038287
56,0,imagen.jpeg,50,layer_add,1x32x28x28,0.011975
56,0,imagen.jpeg,51,pointwise_conv,1x32x28x28,2.299084
56,0,imagen.jpeg,52,batchnorm,1x192x28x28,0.229292
56,0,imagen.jpeg,53,activacion,1x192x28x28,0.44112
56,0,imagen.jpeg,54,depthwise_conv,1x192x28x28,0.491816
56,0,imagen.jpeg,55,batchnorm,1x192x14x14,0.061901
56,0,imagen.jpeg,56,activacion,1x192x14x14,0.078114
56,0,imagen.jpeg,57,pointwise_conv,1x192x14x14,1.197905
56,0,imagen.jpeg,58,batchnorm,1x64x14x14,0.019415
56,0,imagen.jpeg,59,pointwise_conv,1x64x14x14,2.410985
56,0,imagen.jpeg,60,batchnorm,1x384x14x14,0.118007
56,0,imagen.jpeg,61,activacion,1x384x14x14,0.162294
56,0,imagen.jpeg,62,depthwise_conv,1x384x14x14,0.932284
56,0,imagen.jpeg,63,batchnorm,1x384x14x14,0.11535
56,0,imagen.jpeg,64,activacion,1x384x14x14,0.244601
56,0,imagen.jpeg,65,pointwise_conv,1x384x14x14,2.389905
56,0,imagen.jpeg,66,batchnorm,1x64x14x14,0.019324
56,0,imagen.jpeg,67,layer_add,1x64x14x14,0.005545
56,0,imagen.jpeg,68,pointwise_conv,1x64x14x14,2.407976
56,0,imagen.jpeg,69,batchnorm,1x384x14x14,0.115448
56,0,imagen.jpeg,70,activacion,1x384x14x14,0.206318
56,0,imagen.jpeg,71,depthwise_conv,1x384x14x14,0.911026
56,0,imagen.jpeg,72,batchnorm,1x384x14x14,0.248704
56,0,imagen.jpeg,73,activacion,1x384x14x14,0.223026
56,0,imagen.jpeg,74,pointwise_conv,1x384x14x14,2.390219
56,0,imagen.jpeg,75,batchnorm,1x64x14x14,0.019329
56,0,imagen.jpeg,76,layer_add,1x64x14x14,0.005544
56,0,imagen.jpeg,77,pointwise_conv,1x64x14x14,2.409733
56,0,imagen.jpeg,78,batchnorm,1x384x14x14,0.117609
56,0,imagen.jpeg,79,activacion,1x384x14x14,0.228578
56,0,imagen.jpeg,80,depthwise_conv,1x384x14x14,0.914129
56,0,imagen.jpeg,81,batchnorm,1x384x14x14,0.446832
56,0,imagen.jpeg,82,activacion,1x384x14x14,0.20193
56,0,imagen.jpeg,83,pointwise_conv,1x384x14x14,2.389831
56,0,imagen.jpeg,84,batchnorm,1x64x14x14,0.01941
56,0,imagen.jpeg,85,layer_add,1x64x14x14,0.005521
56,0,imagen.jpeg,86,pointwise_conv,1x64x14x14,2.407909
56,0,imagen.jpeg,87,batchnorm,1x384x14x14,0.11545
56,0,imagen.jpeg,88,activacion,1x384x14x14,0.227579
56,0,imagen.jpeg,89,depthwise_conv,1x384x14x14,0.929902
56,0,imagen.jpeg,90,batchnorm,1x384x14x14,0.115362
56,0,imagen.jpeg,91,activacion,1x384x14x14,0.213171
56,0,imagen.jpeg,92,pointwise_conv,1x384x14x14,3.58566
56,0,imagen.jpeg,93,batchnorm,1x96x14x14,0.028986
56,0,imagen.jpeg,94,pointwise_conv,1x96x14x14,5.395612
56,0,imagen.jpeg,95,batchnorm,1x576x14x14,0.173153
56,0,imagen.jpeg,96,activacion,1x576x14x14,0.326299
56,0,imagen.jpeg,97,depthwise_conv,1x576x14x14,1.402165
56,0,imagen.jpeg,98,batchnorm,1x576x14x14,0.499247
56,0,imagen.jpeg,99,activacion,1x576x14x14,0.290348
56,0,imagen.jpeg,100,pointwise_conv,1x576x14x14,5.386361
56,0,imagen.jpeg,101,batchnorm,1x96x14x14,0.028987
56,0,imagen.jpeg,102,layer_add,1x96x14x14,0.008816
56,0,imagen.jpeg,103,pointwise_conv,1x96x14x14,5.411808
56,0,imagen.jpeg,104,batchnorm,1x576x14x14,0.176404
56,0,imagen.jpeg,105,activacion,1x576x14x14,0.327774
56,0,imagen.jpeg,106,depthwise_conv,1x576x14x14,1.398415
56,0,imagen.jpeg,107,batchnorm,1x576x14x14,0.435321
56,0,imagen.jpeg,108,activacion,1x576x14x14,0.256302
56,0,imagen.jpeg,109,pointwise_conv,1x576x14x14,5.384993
56,0,imagen.jpeg,110,batchnorm,1x96x14x14,0.028915
56,0,imagen.jpeg,111,layer_add,1x96x14x14,0.008248
56,0,imagen.jpeg,112,pointwise_conv,1x96x14x14,5.408226
56,0,imagen.jpeg,113,batchnorm,1x576x14x14,0.17281
56,0,imagen.jpeg,114,activacion,1x576x14x14,0.29265
56,0,imagen.jpeg,115,depthwise_conv,1x576x14x14,0.362136
56,0,imagen.jpeg,116,batchnorm,1x576x7x7,0.061294
56,0,imagen.jpeg,117,activacion,1x576x7x7,0.049528
56,0,imagen.jpeg,118,pointwise_conv,1x576x7x7,2.144256
56,0,imagen.jpeg,119,batchnorm,1x160x7x7,0.012698
56,0,imagen.jpeg,120,pointwise_conv,1x160x7x7,3.580024
56,0,imagen.jpeg,121,batchnorm,1x960x7x7,0.074368
56,0,imagen.jpeg,122,activacion,1x960x7x7,0.133866
56,0,imagen.jpeg,123,depthwise_conv,1x960x7x7,0.589201
56,0,imagen.jpeg,124,batchnorm,1x960x7x7,0.074594
56,0,imagen.jpeg,125,activacion,1x960x7x7,0.127569
56,0,imagen.jpeg,126,pointwise_conv,1x960x7x7,3.568511
56,0,imagen.jpeg,127,batchnorm,1x160x7x7,0.012604
56,0,imagen.jpeg,128,layer_add,1x160x7x7,0.003491
56,0,imagen.jpeg,129,pointwise_conv,1x160x7x7,3.622402
56,0,imagen.jpeg,130,batchnorm,1x960x7x7,0.074419
56,0,imagen.jpeg,131,activacion,1x960x7x7,0.126603
56,0,imagen.jpeg,132,depthwise_conv,1x960x7x7,0.589257
56,0,imagen.jpeg,133,batchnorm,1x960x7x7,0.126907
56,0,imagen.jpeg,134,activacion,1x960x7x7,0.109979
56,0,imagen.jpeg,135,pointwise_conv,1x960x7x7,3.566912
56,0,imagen.jpeg,136,batchnorm,1x160x7x7,0.012527
56,0,imagen.jpeg,137,layer_add,1x160x7x7,0.003961
56,0,imagen.jpeg,138,pointwise_conv,1x160x7x7,3.586523
56,0,imagen.jpeg,139,batchnorm,1x960x7x7,0.074426
56,0,imagen.jpeg,140,activacion,1x960x7x7,0.102529
56,0,imagen.jpeg,141,depthwise_conv,1x960x7x7,0.564787
56,0,imagen.jpeg,142,batchnorm,1x960x7x7,0.090829
56,0,imagen.jpeg,143,activacion,1x960x7x7,0.057766
56,0,imagen.jpeg,144,pointwise_conv,1x960x7x7,7.136648
56,0,imagen.jpeg,145,batchnorm,1x320x7x7,0.024992
56,0,imagen.jpeg,146,pointwise_conv,1x320x7x7,9.542149
56,0,imagen.jpeg,147,batchnorm,1x1280x7x7,0.099203
56,0,imagen.jpeg,148,activacion,1x1280x7x7,0.158942
56,0,imagen.jpeg,149,pooling,1x1280x7x7,0.033635
56,0,imagen.jpeg,150,linear,1x1280,1.101428
57,0,imagen.jpeg,0,conv2d,1x3x224x224,17.229751
57,0,imagen.jpeg,1,batchnorm,1x32x112x112,0.614444
57,0,imagen.jpeg,2,activacion,1x32x112x112,0.395954
57,0,imagen.jpeg,3,depthwise_conv,1x32x112x112,4.781696
57,0,imagen.jpeg,4,batchnorm,1x32x112x112,8.969791
57,0,imagen.jpeg,5,activacion,1x32x112x112,0.487251
57,0,imagen.jpeg,6,pointwise_conv,1x32x112x112,3.029634
57,0,imagen.jpeg,7,batchnorm,1x16x112x112,0.304381
57,0,imagen.jpeg,8,pointwise_conv,1x16x112x112,9.343573
57,0,imagen.jpeg,9,batchnorm,1x96x112x112,1.84341
57,0,imagen.jpeg,10,activacion,1x96x112x112,2.733817
57,0,imagen.jpeg,11,depthwise_conv,1x96x112x112,3.658455
57,0,imagen.jpeg,12,batchnorm,1x96x56x56,0.465889
57,0,imagen.jpeg,13,activacion,1x96x56x56,0.889368
57,0,imagen.jpeg,14,pointwise_conv,1x96x56x56,3.381849
57,0,imagen.jpeg,15,batchnorm,1x24x56x56,0.127032
57,0,imagen.jpeg,16,pointwise_conv,1x24x56x56,5.128363
57,0,imagen.jpeg,17,batchnorm,1x144x56x56,0.697008
57,0,imagen.jpeg,18,activacion,1x144x56x56,1.01221
57,0,imagen.jpeg,19,depthwise_conv,1x144x56x56,5.30931
57,0,imagen.jpeg,20,batchnorm,1x144x56x56,0.6904
57,0,imagen.jpeg,21,activacion,1x144x56x56,1.447934
57,0,imagen.jpeg,22,pointwise_conv,1x144x56x56,5.068713
57,0,imagen.jpeg,23,batchnorm,1x24x56x56,0.11862
57,0,imagen.jpeg,24,layer_add,1x24x56x56,0.037252
57,0,imagen.jpeg,25,pointwise_conv,1x24x56x56,5.123423
57,0,imagen.jpeg,26,batchnorm,1x144x56x56,0.690246
57,0,imagen.jpeg,27,activacion,1x144x56x56,1.340874
57,0,imagen.jpeg,28,depthwise_conv,1x144x56x56,1.349781
57,0,imagen.jpeg,29,batchnorm,1x144x28x28,0.176061
57,0,imagen.jpeg,30,activacion,1x144x28x28,0.298595
57,0,imagen.jpeg,31,pointwise_conv,1x144x28x28,1.701894
57,0,imagen.jpeg,32,batchnorm,1x32x28x28,0.038353
57,0,imagen.jpeg,33,pointwise_conv,1x32x28x28,2.292832
57,0,imagen.jpeg,34,batchnorm,1x192x28x28,0.229071
57,0,imagen.jpeg,35,activacion,1x192x28x28,0.296087
57,0,imagen.jpeg,36,depthwise_conv,1x192x28x28,1.813561
57,0,imagen.jpeg,37,batchnorm,1x192x28x28,0.235263
57,0,imagen.jpeg,38,activacion,1x192x28x28,0.477599
57,0,imagen.jpeg,39,pointwise_conv,1x192x28x28,2.265771
57,0,imagen.jpeg,40,batchnorm,1x32x28x28,0.038262
57,0,imagen.jpeg,41,layer_add,1x32x28x28,0.011034
57,0,imagen.jpeg,42,pointwise_conv,1x32x28x28,2.294711
57,0,imagen.jpeg,43,batchnorm,1x192x28x28,0.234361
57,0,imagen.jpeg,44,activacion,1x192x28x28,0.378534
57,0,imagen.jpeg,45,depthwise_conv,1x192x28x28,1.828627
57,0,imagen.jpeg,46,batchnorm,1x192x28x28,0.231097
57,0,imagen.jpeg,47,activacion,1x192x28x28,0.471277
57,0,imagen.jpeg,48,pointwise_conv,1x192x28x28,2.270746
57,0,imagen.jpeg,49,batchnorm,1x32x28x28,0.038275
57,0,imagen.jpeg,50,layer_add,1x32x28x28,0.011235
57,0,imagen.jpeg,51,pointwise_conv,1x32x28x28,2.296712
57,0,imagen.jpeg,52,batchnorm,1x192x28x28,0.229358
57,0,imagen.jpeg,53,activacion,1x192x28x28,0.438626
57,0,imagen.jpeg,54,depthwise_conv,1x192x28x28,0.472059
57,0,imagen.jpeg,55,batchnorm,1x192x14x14,0.05771
57,0,imagen.jpeg,56,activacion,1x192x14x14,0.082184
57,0,imagen.jpeg,57,pointwise_conv,1x192x14x14,1.205847
57,0,imagen.jpeg,58,batchnorm,1x64x14x14,0.019362
57,0,imagen.jpeg,59,pointwise_conv,1x64x14x14,2.410544
57,0,imagen.jpeg,60,batchnorm,1x384x14x14,0.115413
57,0,imagen.jpeg,61,activacion,1x384x14x14,0.156745
57,0,imagen.jpeg,62,depthwise_conv,1x384x14x14,0.9332
57,0,imagen.jpeg,63,batchnorm,1x384x14x14,0.117494
57,0,imagen.jpeg,64,activacion,1x384x14x14,0.241952
57,0,imagen.jpeg,65,pointwise_conv,1x384x14x14,2.388026
57,0,imagen.jpeg,66,batchnorm,1x64x14x14,0.019355
57,0,imagen.jpeg,67,layer_add,1x64x14x14,0.00552
57,0,imagen.jpeg,68,pointwise_conv,1x64x14x14,2.405115
57,0,imagen.jpeg,69,batchnorm,1x384x14x14,0.115282
57,0,imagen.jpeg,70,activacion,1x384x14x14,0.206296
57,0,imagen.jpeg,71,depthwise_conv,1x384x14x14,0.933379
57,0,imagen.jpeg,72,batchnorm,1x384x14x14,0.248574
57,0,imagen.jpeg,73,activacion,1x384x14x14,0.220444
57,0,imagen.jpeg,74,pointwise_conv,1x384x14x14,2.392175
57,0,imagen.jpeg,75,batchnorm,1x64x14x14,0.019353
57,0,imagen.jpeg,76,layer_add,1x64x14x14,0.005518
57,0,imagen.jpeg,77,pointwise_conv,1x64x14x14,2.40863
57,0,imagen.jpeg,78,batchnorm,1x384x14x14,0.115197
57,0,imagen.jpeg,79,activacion,1x384x14x14,0.229029
57,0,imagen.jpeg,80,depthwise_conv,1x384x14x14,0.915674
57,0,imagen.jpeg,81,batchnorm,1x384x14x14,0.445394
57,0,imagen.jpeg,82,activacion,1x384x14x14,0.203285
57,0,imagen.jpeg,83,pointwise_conv,1x384x14x14,2.390942
57,0,imagen.jpeg,84,batchnorm,1x64x14x14,0.019397
57,0,imagen.jpeg,85,layer_add,1x64x14x14,0.005508
57,0,imagen.jpeg,86,pointwise_conv,1x64x14x14,2.404443
57,0,imagen.jpeg,87,batchnorm,1x384x14x14,0.115338
57,0,imagen.jpeg,88,activacion,1x384x14x14,0.228088
57,0,imagen.jpeg,89,depthwise_conv,1x384x14x14,0.92813
57,0,imagen.jpeg,90,batchnorm,1x384x14x14,0.114988
57,0,imagen.jpeg,91,activacion,1x384x14x14,0.210989
57,0,imagen.jpeg,92,pointwise_conv,1x384x14x14,3.583625
57,0,imagen.jpeg,93,batchnorm,1x96x14x14,0.028941
57,0,imagen.jpeg,94,pointwise_conv,1x96x14x14,5.395493
57,0,imagen.jpeg,95,batchnorm,1x576x14x14,0.176726
57,0,imagen.jpeg,96,activacion,1x576x14x14,0.333421
57,0,imagen.jpeg,97,depthwise_conv,1x576x14x14,1.393977
57,0,imagen.jpeg,98,batchnorm,1x576x14x14,0.499245
57,0,imagen.jpeg,99,activacion,1x576x14x14,0.284796
57,0,imagen.jpeg,100,pointwise_conv,1x576x14x14,5.377552
57,0,imagen.jpeg,101,batchnorm,1x96x14x14,0.028925
57,0,imagen.jpeg,102,layer_add,1x96x14x14,0.008363
57,0,imagen.jpeg,103,pointwise_conv,1x96x14x14,5.405367
57,0,imagen.jpeg,104,batchnorm,1x576x14x14,0.178187
57,0,imagen.jpeg,105,activacion,1x576x14x14,0.325784
57,0,imagen.jpeg,106,depthwise_conv,1x576x14x14,1.382432
57,0,imagen.jpeg,107,batchnorm,1x576x14x14,0.439889
57,0,imagen.jpeg,108,activacion,1x576x14x14,0.256479
57,0,imagen.jpeg,109,pointwise_conv,1x576x14x14,5.380883
57,0,imagen.jpeg,110,batchnorm,1x96x14x14,0.030786
57,0,imagen.jpeg,111,layer_add,1x96x14x14,0.008309
57,0,imagen.jpeg,112,pointwise_conv,1x96x14x14,5.401434
57,0,imagen.jpeg,113,batchnorm,1x576x14x14,0.172771
57,0,imagen.jpeg,114,activacion,1x576x14x14,0.286916
57,0,imagen.jpeg,115,depthwise_conv,1x576x14x14,0.362234
57,0,imagen.jpeg,116,batchnorm,1x576x7x7,0.061176
57,0,imagen.jpeg,117,activacion,1x576x7x7,0.049505
57,0,imagen.jpeg,118,pointwise_conv,1x576x7x7,2.142105
57,0,imagen.jpeg,119,batchnorm,1x160x7x7,0.012737
57,0,imagen.jpeg,120,pointwise_conv,1x160x7x7,3.58292
57,0,imagen.jpeg,121,batchnorm,1x960x7x7,0.0744
57,0,imagen.jpeg,122,activacion,1x960x7x7,0.133608
57,0,imagen.jpeg,123,depthwise_conv,1x960x7x7,0.571683
57,0,imagen.jpeg,124,batchnorm,1x960x7x7,0.074584
57,0,imagen.jpeg,125,activacion,1x960x7x7,0.126233
57,0,imagen.jpeg,126,pointwise_conv,1x960x7x7,3.578592
57,0,imagen.jpeg,127,batchnorm,1x160x7x7,0.012561
57,0,imagen.jpeg,128,layer_add,1x160x7x7,0.00356
57,0,imagen.jpeg,129,pointwise_conv,1x160x7x7,3.592038
57,0,imagen.jpeg,130,batchnorm,1x960x7x7,0.076153
57,0,imagen.jpeg,131,activacion,1x960x7x7,0.126267
57,0,imagen.jpeg,132,depthwise_conv,1x960x7x7,0.586166
57,0,imagen.jpeg,133,batchnorm,1x960x7x7,0.128469
57,0,imagen.jpeg,134,activacion,1x960x7x7,0.109531
57,0,imagen.jpeg,135,pointwise_conv,1x960x7x7,3.595012
57,0,imagen.jpeg,136,batchnorm,1x160x7x7,0.012514
57,0,imagen.jpeg,137,layer_add,1x160x7x7,0.003994
57,0,imagen.jpeg,138,pointwise_conv,1x160x7x7,3.584309
57,0,imagen.jpeg,139,batchnorm,1x960x7x7,0.07438
57,0,imagen.jpeg,140,activacion,1x960x7x7,0.102709
57,0,imagen.jpeg,141,depthwise_conv,1x960x7x7,0.58027
57,0,imagen.jpeg,142,batchnorm,1x960x7x7,0.090765
57,0,imagen.jpeg,143,activacion,1x960x7x7,0.057217
57,0,imagen.jpeg,144,pointwise_conv,1x960x7x7,7.134525
57,0,imagen.jpeg,145,batchnorm,1x320x7x7,0.025029
57,0,imagen.jpeg,146,pointwise_conv,1x320x7x7,9.560111
57,0,imagen.jpeg,147,batchnorm,1x1280x7x7,0.099186
57,0,imagen.jpeg,148,activacion,1x1280x7x7,0.158356
57,0,imagen.jpeg,149,pooling,1x1280x7x7,0.033731
57,0,imagen.jpeg,150,linear,1x1280,1.100373
58,0,imagen.jpeg,0,conv2d,1x3x224x224,17.109215
58,0,imagen.jpeg,1,batchnorm,1x32x112x112,0.609456
58,0,imagen.jpeg,2,activacion,1x32x112x112,0.399875
58,0,imagen.jpeg,3,depthwise_conv,1x32x112x112,4.741662
58,0,imagen.jpeg,4,batchnorm,1x32x112x112,8.977729
58,0,imagen.jpeg,5,activacion,1x32x112x112,0.487328
58,0,imagen.jpeg,6,pointwise_conv,1x32x112x112,3.035544
58,0,imagen.jpeg,7,batchnorm,1x16x112x112,0.308858
58,0,imagen.jpeg,8,pointwise_conv,1x16x112x112,9.246377
58,0,imagen.jpeg,9,batchnorm,1x96x112x112,1.84084
58,0,imagen.jpeg,10,activacion,1x96x112x112,2.785205
58,0,imagen.jpeg,11,depthwise_conv,1x96x112x112,3.659333
58,0,imagen.jpeg,12,batchnorm,1x96x56x56,0.46074
58,0,imagen.jpeg,13,activacion,1x96x56x56,0.899841
58,0,imagen.jpeg,14,pointwise_conv,1x96x56x56,3.364815
58,0,imagen.jpeg,15,batchnorm,1x24x56x56,0.114309
58,0,imagen.jpeg,16,pointwise_conv,1x24x56x56,5.124091
58,0,imagen.jpeg,17,batchnorm,1x144x56x56,0.684024
58,0,imagen.jpeg,18,activacion,1x144x56x56,1.013092
58,0,imagen.jpeg,19,depthwise_conv,1x144x56x56,5.428029
58,0,imagen.jpeg,20,batchnorm,1x144x56x56,0.687334
58,0,imagen.jpeg,21,activacion,1x144x56x56,1.452475
58,0,imagen.jpeg,22,pointwise_conv,1x144x56x56,5.060601
58,0,imagen.jpeg,23,batchnorm,1x24x56x56,0.113926
58,0,imagen.jpeg,24,layer_add,1x24x56x56,0.034193
58,0,imagen.jpeg,25,pointwise_conv,1x24x56x56,5.114491
58,0,imagen.jpeg,26,batchnorm,1x144x56x56,0.691322
58,0,imagen.jpeg,27,activacion,1x144x56x56,1.352212
58,0,imagen.jpeg,28,depthwise_conv,1x144x56x56,1.399935
58,0,imagen.jpeg,29,batchnorm,1x144x28x28,0.172027
58,0,imagen.jpeg,30,activacion,1x144x28x28,0.302887
58,0,imagen.jpeg,31,pointwise_conv,1x144x28x28,1.700094
58,0,imagen.jpeg,32,batchnorm,1x32x28x28,0.03836
58,0,imagen.jpeg,33,pointwise_conv,1x32x28x28,2.311308
58,0,imagen.jpeg,34,batchnorm,1x192x28x28,0.236928
58,0,imagen.jpeg,35,activacion,1x192x28x28,0.28871
58,0,imagen.jpeg,36,depthwise_conv,1x192x28x28,1.839263
58,0,imagen.jpeg,37,batchnorm,1x192x28x28,0.234466
58,0,imagen.jpeg,38,activacion,1x192x28x28,0.479845
58,0,imagen.jpeg,39,pointwise_conv,1x192x28x28,2.264654
58,0,imagen.jpeg,40,batchnorm,1x32x28x28,0.038268
58,0,imagen.jpeg,41,layer_add,1x32x28x28,0.011128
58,0,imagen.jpeg,42,pointwise_conv,1x32x28x28,2.295454
58,0,imagen.jpeg,43,batchnorm,1x192x28x28,0.233093
58,0,imagen.jpeg,44,activacion,1x192x28x28,0.36625
58,0,imagen.jpeg,45,depthwise_conv,1x192x28x28,1.838697
58,0,imagen.jpeg,46,batchnorm,1x192x28x28,0.237243
58,0,imagen.jpeg,47,activacion,1x192x28x28,0.463493
58,0,imagen.jpeg,48,pointwise_conv,1x192x28x28,2.279735
58,0,imagen.jpeg,49,batchnorm,1x32x28x28,0.041665
58,0,imagen.jpeg,50,layer_add,1x32x28x28,0.011536
58,0,imagen.jpeg,51,pointwise_conv,1x32x28x28,2.295757
58,0,imagen.jpeg,52,batchnorm,1x192x28x28,0.229387
58,0,imagen.jpeg,53,activacion,1x192x28x28,0.441753
58,0,imagen.jpeg,54,depthwise_conv,1x192x28x28,0.478376
58,0,imagen.jpeg,55,batchnorm,1x192x14x14,0.057663
58,0,imagen.jpeg,56,activacion,1x192x14x14,0.077801
58,0,imagen.jpeg,57,pointwise_conv,1x192x14x14,1.198345
58,0,imagen.jpeg,58,batchnorm,1x64x14x14,0.019382
58,0,imagen.jpeg,59,pointwise_conv,1x64x14x14,2.411464
58,0,imagen.jpeg,60,batchnorm,1x384x14x14,0.115031
58,0,imagen.jpeg,61,activacion,1x384x14x14,0.15357
58,0,imagen.jpeg,62,depthwise_conv,1x384x14x14,0.918813
58,0,imagen.jpeg,63,batchnorm,1x384x14x14,0.119042
58,0,imagen.jpeg,64,activacion,1x384x14x14,0.245169
58,0,imagen.jpeg,65,pointwise_conv,1x384x14x14,2.38934
58,0,imagen.jpeg,66,batchnorm,1x64x14x14,0.019376
58,0,imagen.jpeg,67,layer_add,1x64x14x14,0.005528
58,0,imagen.jpeg,68,pointwise_conv,1x64x14x14,2.405156
58,0,imagen.jpeg,69,batchnorm,1x384x14x14,0.115291
58,0,imagen.jpeg,70,activacion,1x384x14x14,0.205842
58,0,imagen.jpeg,71,depthwise_conv,1x384x14x14,0.924136
58,0,imagen.jpeg,72,batchnorm,1x384x14x14,0.245826
58,0,imagen.jpeg,73,activacion,1x384x14x14,0.22519
58,0,imagen.jpeg,74,pointwise_conv,1x384x14x14,2.390437
58,0,imagen.jpeg,75,batchnorm,1x64x14x14,0.019321
58,0,imagen.jpeg,76,layer_add,1x64x14x14,0.005491
58,0,imagen.jpeg,77,pointwise_conv,1x64x14x14,2.405775
58,0,imagen.jpeg,78,batchnorm,1x384x14x14,0.11892
58,0,imagen.jpeg,79,activacion,1x384x14x14,0.229137
58,0,imagen.jpeg,80,depthwise_conv,1x384x14x14,0.932506
58,0,imagen.jpeg,81,batchnorm,1x384x14x14,0.44181
58,0,imagen.jpeg,82,activacion,1x384x14x14,0.205169
58,0,imagen.jpeg,83,pointwise_conv,1x384x14x14,2.38839
58,0,imagen.jpeg,84,batchnorm,1x64x14x14,0.019541
58,0,imagen.jpeg,85,layer_add,1x64x14x14,0.005485
58,0,imagen.jpeg,86,pointwise_conv,1x64x14x14,2.412817
58,0,imagen.jpeg,87,batchnorm,1x384x14x14,0.11534
58,0,imagen.jpeg,88,activacion,1x384x14x14,0.227575
58,0,imagen.jpeg,89,depthwise_conv,1x384x14x14,0.936821
58,0,imagen.jpeg,90,batchnorm,1x384x14x14,0.115338
58,0,imagen.jpeg,91,activacion,1x384x14x14,0.212182
58,0,imagen.jpeg,92,pointwise_conv,1x384x14x14,3.591897
58,0,imagen.jpeg,93,batchnorm,1x96x14x14,0.028949
58,0,imagen.jpeg,94,pointwise_conv,1x96x14x14,5.391842
58,0,imagen.jpeg,95,batchnorm,1x576x14x14,0.180062
58,0,imagen.jpeg,96,activacion,1x576x14x14,0.326974
58,0,imagen.jpeg,97,depthwise_conv,1x576x14x14,1.397823
58,0,imagen.jpeg,98,batchnorm,1x576x14x14,0.503003
58,0,imagen.jpeg,99,activacion,1x576x14x14,0.286589
58,0,imagen.jpeg,100,pointwise_conv,1x576x14x14,5.36754
58,0,imagen.jpeg,101,batchnorm,1x96x14x14,0.028925
58,0,imagen.jpeg,102,layer_add,1x96x14x14,0.008257
58,0,imagen.jpeg,103,pointwise_conv,1x96x14x14,5.403028
58,0,imagen.jpeg,104,batchnorm,1x576x14x14,0.173095
58,0,imagen.jpeg,105,activacion,1x576x14x14,0.332122
58,0,imagen.jpeg,106,depthwise_conv,1x576x14x14,1.397643
58,0,imagen.jpeg,107,batchnorm,1x576x14x14,0.439773
58,0,imagen.jpeg,108,activacion,1x576x14x14,0.257922
58,0,imagen.jpeg,109,pointwise_conv,1x576x14x14,5.369699
58,0,imagen.jpeg,110,batchnorm,1x96x14x14,0.028915
58,0,imagen.jpeg,111,layer_add,1x96x14x14,0.008181
58,0,imagen.jpeg,112,pointwise_conv,1x96x14x14,5.433853
58,0,imagen.jpeg,113,batchnorm,1x576x14x14,0.176669
58,0,imagen.jpeg,114,activacion,1x576x14x14,0.285432
58,0,imagen.jpeg,115,depthwise_conv,1x576x14x14,0.363823
58,0,imagen.jpeg,116,batchnorm,1x576x7x7,0.061153
58,0,imagen.jpeg,117,activacion,1x576x7x7,0.049395
58,0,imagen.jpeg,118,pointwise_conv,1x576x7x7,2.142816
58,0,imagen.jpeg,119,batchnorm,1x160x7x7,0.012789
58,0,imagen.jpeg,120,pointwise_conv,1x160x7x7,3.618564
58,0,imagen.jpeg,121,batchnorm,1x960x7x7,0.079378
58,0,imagen.jpeg,122,activacion,1x960x7x7,0.13397
58,0,imagen.jpeg,123,depthwise_conv,1x960x7x7,0.575671
58,0,imagen.jpeg,124,batchnorm,1x960x7x7,0.074521
58,0,imagen.jpeg,125,activacion,1x960x7x7,0.127556
58,0,imagen.jpeg,126,pointwise_conv,1x960x7x7,3.571913
58,0,imagen.jpeg,127,batchnorm,1x160x7x7,0.012649
58,0,imagen.jpeg,128,layer_add,1x160x7x7,0.003499
58,0,imagen.jpeg,129,pointwise_conv,1x160x7x7,3.612007
58,0,imagen.jpeg,130,batchnorm,1x960x7x7,0.076939
58,0,imagen.jpeg,131,activacion,1x960x7x7,0.126457
58,0,imagen.jpeg,132,depthwise_conv,1x960x7x7,0.555382
58,0,imagen.jpeg,133,batchnorm,1x960x7x7,0.123745
58,0,imagen.jpeg,134,activacion,1x960x7x7,0.115146
58,0,imagen.jpeg,135,pointwise_conv,1x960x7x7,3.56849
58,0,imagen.jpeg,136,batchnorm,1x160x7x7,0.012506
58,0,imagen.jpeg,137,layer_add,1x160x7x7,0.003826
58,0,imagen.jpeg,138,pointwise_conv,1x160x7x7,3.582688
58,0,imagen.jpeg,139,batchnorm,1x960x7x7,0.074389
58,0,imagen.jpeg,140,activacion,1x960x7x7,0.103745
58,0,imagen.jpeg,141,depthwise_conv,1x960x7x7,0.570301
58,0,imagen.jpeg,142,batchnorm,1x960x7x7,0.090766
58,0,imagen.jpeg,143,activacion,1x960x7x7,0.057269
58,0,imagen.jpeg,144,pointwise_conv,1x960x7x7,7.133903
58,0,imagen.jpeg,145,batchnorm,1x320x7x7,0.024979
58,0,imagen.jpeg,146,pointwise_conv,1x320x7x7,9.537883
58,0,imagen.jpeg,147,batchnorm,1x1280x7x7,0.099166
58,0,imagen.jpeg,148,activacion,1x1280x7x7,0.160281
58,0,imagen.jpeg,149,pooling,1x1280x7x7,0.033606
58,0,imagen.jpeg,150,linear,1x1280,1.104038
59,0,imagen.jpeg,0,conv2d,1x3x224x224,17.109693
59,0,imagen.jpeg,1,batchnorm,1x32x112x112,0.60918
59,0,imagen.jpeg,2,activacion,1x32x112x112,0.400301
59,0,imagen.jpeg,3,depthwise_conv,1x32x112x112,4.80385
59,0,imagen.jpeg,4,batchnorm,1x32x112x112,8.990817
59,0,imagen.jpeg,5,activacion,1x32x112x112,0.48783
59,0,imagen.jpeg,6,pointwise_conv,1x32x112x112,3.031826
59,0,imagen.jpeg,7,batchnorm,1x16x112x112,0.307877
59,0,imagen.jpeg,8,pointwise_conv,1x16x112x112,9.277573
59,0,imagen.jpeg,9,batchnorm,1x96x112x112,1.841019
59,0,imagen.jpeg,10,activacion,1x96x112x112,2.767242
59,0,imagen.jpeg,11,depthwise_conv,1x96x112x112,3.667406
59,0,imagen.jpeg,12,batchnorm,1x96x56x56,0.456583
59,0,imagen.jpeg,13,activacion,1x96x56x56,0.887448
59,0,imagen.jpeg,14,pointwise_conv,1x96x56x56,3.362837
59,0,imagen.jpeg,15,batchnorm,1x24x56x56,0.118906
59,0,imagen.jpeg,16,pointwise_conv,1x24x56x56,5.115221
59,0,imagen.jpeg,17,batchnorm,1x144x56x56,0.685519
59,0,imagen.jpeg,18,activacion,1x144x56x56,1.009936
59,0,imagen.jpeg,19,depthwise_conv,1x144x56x56,5.351729
59,0,imagen.jpeg,20,batchnorm,1x144x56x56,0.690145
59,0,imagen.jpeg,21,activacion,1x144x56x56,1.462475
59,0,imagen.jpeg,22,pointwise_conv,1x144x56x56,5.055804
59,0,imagen.jpeg,23,batchnorm,1x24x56x56,0.114018
59,0,imagen.jpeg,24,layer_add,1x24x56x56,0.033682
59,0,imagen.jpeg,25,pointwise_conv,1x24x56x56,5.124683
59,0,imagen.jpeg,26,batchnorm,1x144x56x56,0.698085
59,0,imagen.jpeg,27,activacion,1x144x56x56,1.353266
59,0,imagen.jpeg,28,depthwise_conv,1x144x56x56,1.372071
59,0,imagen.jpeg,29,batchnorm,1x144x28x28,0.171954
59,0,imagen.jpeg,30,activacion,1x144x28x28,0.302952
59,0,imagen.jpeg,31,pointwise_conv,1x144x28x28,1.699628
59,0,imagen.jpeg,32,batchnorm,1x32x28x28,0.038333
59,0,imagen.jpeg,33,pointwise_conv,1x32x28x28,2.295225
59,0,imagen.jpeg,34,batchnorm,1x192x28x28,0.231338
59,0,imagen.jpeg,35,activacion,1x192x28x28,0.288924
59,0,imagen.jpeg,36,depthwise_conv,1x192x28x28,1.814288
59,0,imagen.jpeg,37,batchnorm,1x192x28x28,0.233722
59,0,imagen.jpeg,38,activacion,1x192x28x28,0.479457
59,0,imagen.jpeg,39,pointwise_conv,1x192x28x28,2.264272
59,0,imagen.jpeg,40,batchnorm,1x32x28x28,0.03824
59,0,imagen.jpeg,41,layer_add,1x32x28x28,0.01106
59,0,imagen.jpeg,42,pointwise_conv,1x32x28x28,2.296386
59,0,imagen.jpeg,43,batchnorm,1x192x28x28,0.22906
59,0,imagen.jpeg,44,activacion,1x192x28x28,0.363471
59,0,imagen.jpeg,45,depthwise_conv,1x192x28x28,1.813984
59,0,imagen.jpeg,46,batchnorm,1x192x28x28,0.233573
59,0,imagen.jpeg,47,activacion,1x192x28x28,0.467802
59,0,imagen.jpeg,48,pointwise_conv,1x192x28x28,2.264133
59,0,imagen.jpeg,49,batchnorm,1x32x28x28,0.038305
59,0,imagen.jpeg,50,layer_add,1x32x28x28,0.011165
59,0,imagen.jpeg,51,pointwise_conv,1x32x28x28,2.293766
59,0,imagen.jpeg,52,batchnorm,1x192x28x28,0.229248
59,0,imagen.jpeg,53,activacion,1x192x28x28,0.430187
59,0,imagen.jpeg,54,depthwise_conv,1x192x28x28,0.473583
59,0,imagen.jpeg,55,batchnorm,1x192x14x14,0.057683
59,0,imagen.jpeg,56,activacion,1x192x14x14,0.077415
59,0,imagen.jpeg,57,pointwise_conv,1x192x14x14,1.194651
59,0,imagen.jpeg,58,batchnorm,1x64x14x14,0.02318
59,0,imagen.jpeg,59,pointwise_conv,1x64x14x14,2.408227
59,0,imagen.jpeg,60,batchnorm,1x384x14x14,0.115416
59,0,imagen.jpeg,61,activacion,1x384x14x14,0.153506
59,0,imagen.jpeg,62,depthwise_conv,1x384x14x14,0.930904
59,0,imagen.jpeg,63,batchnorm,1x384x14x14,0.115432
59,0,imagen.jpeg,64,activacion,1x384x14x14,0.248114
59,0,imagen.jpeg,65,pointwise_conv,1x384x14x14,2.390448
59,0,imagen.jpeg,66,batchnorm,1x64x14x14,0.019287
59,0,imagen.jpeg,67,layer_add,1x64x14x14,0.005509
59,0,imagen.jpeg,68,pointwise_conv,1x64x14x14,2.408243
59,0,imagen.jpeg,69,batchnorm,1x384x14x14,0.117394
59,0,imagen.jpeg,70,activacion,1x384x14x14,0.212817
59,0,imagen.jpeg,71,depthwise_conv,1x384x14x14,0.92687
59,0,imagen.jpeg,72,batchnorm,1x384x14x14,0.24579
59,0,imagen.jpeg,73,activacion,1x384x14x14,0.221519
59,0,imagen.jpeg,74,pointwise_conv,1x384x14x14,2.39046
59,0,imagen.jpeg,75,batchnorm,1x64x14x14,0.019341
59,0,imagen.jpeg,76,layer_add,1x64x14x14,0.005571
59,0,imagen.jpeg,77,pointwise_conv,1x64x14x14,2.408564
59,0,imagen.jpeg,78,batchnorm,1x384x14x14,0.119691
59,0,imagen.jpeg,79,activacion,1x384x14x14,0.230933
59,0,imagen.jpeg,80,depthwise_conv,1x384x14x14,0.918062
59,0,imagen.jpeg,81,batchnorm,1x384x14x14,0.441822
59,0,imagen.jpeg,82,activacion,1x384x14x14,0.204274
59,0,imagen.jpeg,83,pointwise_conv,1x384x14x14,2.388999
59,0,imagen.jpeg,84,batchnorm,1x64x14x14,0.019433
59,0,imagen.jpeg,85,layer_add,1x64x14x14,0.005565
59,0,imagen.jpeg,86,pointwise_conv,1x64x14x14,2.409375
59,0,imagen.jpeg,87,batchnorm,1x384x14x14,0.115391
59,0,imagen.jpeg,88,activacion,1x384x14x14,0.22942
59,0,imagen.jpeg,89,depthwise_conv,1x384x14x14,0.92339
59,0,imagen.jpeg,90,batchnorm,1x384x14x14,0.115409
59,0,imagen.jpeg,91,activacion,1x384x14x14,0.20935
59,0,imagen.jpeg,92,pointwise_conv,1x384x14x14,3.58441
59,0,imagen.jpeg,93,batchnorm,1x96x14x14,0.028956
59,0,imagen.jpeg,94,pointwise_conv,1x96x14x14,5.392729
59,0,imagen.jpeg,95,batchnorm,1x576x14x14,0.176623
59,0,imagen.jpeg,96,activacion,1x576x14x14,0.327891
59,0,imagen.jpeg,97,depthwise_conv,1x576x14x14,1.397241
59,0,imagen.jpeg,98,batchnorm,1x576x14x14,0.504807
59,0,imagen.jpeg,99,activacion,1x576x14x14,0.290521
59,0,imagen.jpeg,100,pointwise_conv,1x576x14x14,5.376402
59,0,imagen.jpeg,101,batchnorm,1x96x14x14,0.031911
59,0,imagen.jpeg,102,layer_add,1x96x14x14,0.008232
59,0,imagen.jpeg,103,pointwise_conv,1x96x14x14,5.409498
59,0,imagen.jpeg,104,batchnorm,1x576x14x14,0.172939
59,0,imagen.jpeg,105,activacion,1x576x14x14,0.348774
59,0,imagen.jpeg,106,depthwise_conv,1x576x14x14,1.386365
59,0,imagen.jpeg,107,batchnorm,1x576x14x14,0.440779
59,0,imagen.jpeg,108,activacion,1x576x14x14,0.258298
59,0,imagen.jpeg,109,pointwise_conv,1x576x14x14,5.372535
59,0,imagen.jpeg,110,batchnorm,1x96x14x14,0.028961
59,0,imagen.jpeg,111,layer_add,1x96x14x14,0.008223
59,0,imagen.jpeg,112,pointwise_conv,1x96x14x14,5.416375
59,0,imagen.jpeg,113,batchnorm,1x576x14x14,0.17297
59,0,imagen.jpeg,114,activacion,1x576x14x14,0.282029
59,0,imagen.jpeg,115,depthwise_conv,1x576x14x14,0.359053
59,0,imagen.jpeg,116,batchnorm,1x576x7x7,0.061392
59,0,imagen.jpeg,117,activacion,1x576x7x7,0.049112
59,0,imagen.jpeg,118,pointwise_conv,1x576x7x7,2.14215
59,0,imagen.jpeg,119,batchnorm,1x160x7x7,0.012739
59,0,imagen.jpeg,120,pointwise_conv,1x160x7x7,3.581221
59,0,imagen.jpeg,121,batchnorm,1x960x7x7,0.074386
59,0,imagen.jpeg,122,activacion,1x960x7x7,0.13363
59,0,imagen.jpeg,123,depthwise_conv,1x960x7x7,0.589333
59,0,imagen.jpeg,124,batchnorm,1x960x7x7,0.07461
59,0,imagen.jpeg,125,activacion,1x960x7x7,0.127696
59,0,imagen.jpeg,126,pointwise_conv,1x960x7x7,3.56896
59,0,imagen.jpeg,127,batchnorm,1x160x7x7,0.012619
59,0,imagen.jpeg,128,layer_add,1x160x7x7,0.003506
59,0,imagen.jpeg,129,pointwise_conv,1x160x7x7,3.578987
59,0,imagen.jpeg,130,batchnorm,1x960x7x7,0.074408
59,0,imagen.jpeg,131,activacion,1x960x7x7,0.129288
59,0,imagen.jpeg,132,depthwise_conv,1x960x7x7,0.586395
59,0,imagen.jpeg,133,batchnorm,1x960x7x7,0.123659
59,0,imagen.jpeg,134,activacion,1x960x7x7,0.109505
59,0,imagen.jpeg,135,pointwise_conv,1x960x7x7,3.569616
59,0,imagen.jpeg,136,batchnorm,1x160x7x7,0.012502
59,0,imagen.jpeg,137,layer_add,1x160x7x7,0.003859
59,0,imagen.jpeg,138,pointwise_conv,1x160x7x7,3.597043
59,0,imagen.jpeg,139,batchnorm,1x960x7x7,0.074394
59,0,imagen.jpeg,140,activacion,1x960x7x7,0.102124
59,0,imagen.jpeg,141,depthwise_conv,1x960x7x7,0.591056
59,0,imagen.jpeg,142,batchnorm,1x960x7x7,0.090765
59,0,imagen.jpeg,143,activacion,1x960x7x7,0.057574
59,0,imagen.jpeg,144,pointwise_conv,1x960x7x7,7.181071
59,0,imagen.jpeg,145,batchnorm,1x320x7x7,0.025019
59,0,imagen.jpeg,146,pointwise_conv,1x320x7x7,9.566155
59,0,imagen.jpeg,147,batchnorm,1x1280x7x7,0.099226
59,0,imagen.jpeg,148,activacion,1x1280x7x7,0.158437
59,0,imagen.jpeg,149,pooling,1x1280x7x7,0.033809
59,0,imagen.jpeg,150,linear,1x1280,1.098994
60,0,imagen.jpeg,0,conv2d,1x3x224x224,17.230787
60,0,imagen.jpeg,1,batchnorm,1x32x112x112,0.619674
60,0,imagen.jpeg,2,activacion,1x32x112x112,0.41427
60,0,imagen.jpeg,3,depthwise_conv,1x32x112x112,4.679344
60,0,imagen.jpeg,4,batchnorm,1x32x112x112,8.979485
60,0,imagen.jpeg,5,activacion,1x32x112x112,0.516336
60,0,imagen.jpeg,6,pointwise_conv,1x32x112x112,3.102229
60,0,imagen.jpeg,7,batchnorm,1x16x112x112,0.312505
60,0,imagen.jpeg,8,pointwise_conv,1x16x112x112,9.719613
60,0,imagen.jpeg,9,batchnorm,1x96x112x112,1.871549
60,0,imagen.jpeg,10,activacion,1x96x112x112,2.748658
60,0,imagen.jpeg,11,depthwise_conv,1x96x112x112,3.678906
60,0,imagen.jpeg,12,batchnorm,1x96x56x56,0.492156
60,0,imagen.jpeg,13,activacion,1x96x56x56,0.877377
60,0,imagen.jpeg,14,pointwise_conv,1x96x56x56,3.401868
60,0,imagen.jpeg,15,batchnorm,1x24x56x56,0.114436
60,0,imagen.jpeg,16,pointwise_conv,1x24x56x56,5.144837
60,0,imagen.jpeg,17,batchnorm,1x144x56x56,0.696179
60,0,imagen.jpeg,18,activacion,1x144x56x56,1.006477
60,0,imagen.jpeg,19,depthwise_conv,1x144x56x56,5.425117
60,0,imagen.jpeg,20,batchnorm,1x144x56x56,0.682651
60,0,imagen.jpeg,21,activacion,1x144x56x56,1.453833
60,0,imagen.jpeg,22,pointwise_conv,1x144x56x56,5.203762
60,0,imagen.jpeg,23,batchnorm,1x24x56x56,0.114011
60,0,imagen.jpeg,24,layer_add,1x24x56x56,0.034673
60,0,imagen.jpeg,25,pointwise_conv,1x24x56x56,5.111805
60,0,imagen.jpeg,26,batchnorm,1x144x56x56,0.69814
60,0,imagen.jpeg,27,activacion,1x144x56x56,1.351575
60,0,imagen.jpeg,28,depthwise_conv,1x144x56x56,1.378985
60,0,imagen.jpeg,29,batchnorm,1x144x28x28,0.174572
60,0,imagen.jpeg,30,activacion,1x144x28x28,0.301631
60,0,imagen.jpeg,31,pointwise_conv,1x144x28x28,1.69892
60,0,imagen.jpeg,32,batchnorm,1x32x28x28,0.038333
60,0,imagen.jpeg,33,pointwise_conv,1x32x28x28,2.307353
60,0,imagen.jpeg,34,batchnorm,1x192x28x28,0.229327
60,0,imagen.jpeg,35,activacion,1x192x28x28,0.289361
60,0,imagen.jpeg,36,depthwise_conv,1x192x28x28,1.834373
60,0,imagen.jpeg,37,batchnorm,1x192x28x28,0.229067
60,0,imagen.jpeg,38,activacion,1x192x28x28,0.48427
60,0,imagen.jpeg,39,pointwise_conv,1x192x28x28,2.265645
60,0,imagen.jpeg,40,batchnorm,1x32x28x28,0.038234
60,0,imagen.jpeg,41,layer_add,1x32x28x28,0.011351
60,0,imagen.jpeg,42,pointwise_conv,1x32x28x28,2.303739
60,0,imagen.jpeg,43,batchnorm,1x192x28x28,0.230693
60,0,imagen.jpeg,44,activacion,1x192x28x28,0.363435
60,0,imagen.jpeg,45,depthwise_conv,1x192x28x28,1.835206
60,0,imagen.jpeg,46,batchnorm,1x192x28x28,0.229365
60,0,imagen.jpeg,47,activacion,1x192x28x28,0.469722
60,0,imagen.jpeg,48,pointwise_conv,1x192x28x28,2.263722
60,0,imagen.jpeg,49,batchnorm,1x32x28x28,0.038255
60,0,imagen.jpeg,50,layer_add,1x32x28x28,0.011382
60,0,imagen.jpeg,51,pointwise_conv,1x32x28x28,2.315009
60,0,imagen.jpeg,52,batchnorm,1x192x28x28,0.229216
60,0,imagen.jpeg,53,activacion,1x192x28x28,0.428007
60,0,imagen.jpeg,54,depthwise_conv,1x192x28x28,0.475871
60,0,imagen.jpeg,55,batchnorm,1x192x14x14,0.06088
60,0,imagen.jpeg,56,activacion,1x192x14x14,0.077872
60,0,imagen.jpeg,57,pointwise_conv,1x192x14x14,1.19639
60,0,imagen.jpeg,58,batchnorm,1x64x14x14,0.019348
60,0,imagen.jpeg,59,pointwise_conv,1x64x14x14,2.410118
60,0,imagen.jpeg,60,batchnorm,1x384x14x14,0.115465
60,0,imagen.jpeg,61,activacion,1x384x14x14,0.152892
60,0,imagen.jpeg,62,depthwise_conv,1x384x14x14,0.932853
60,0,imagen.jpeg,63,batchnorm,1x384x14x14,0.115347
60,0,imagen.jpeg,64,activacion,1x384x14x14,0.245114
60,0,imagen.jpeg,65,pointwise_conv,1x384x14x14,2.391772
60,0,imagen.jpeg,66,batchnorm,1x64x14x14,0.021888
60,0,imagen.jpeg,67,layer_add,1x64x14x14,0.005542
60,0,imagen.jpeg,68,pointwise_conv,1x64x14x14,2.410602
60,0,imagen.jpeg,69,batchnorm,1x384x14x14,0.118764
60,0,imagen.jpeg,70,activacion,1x384x14x14,0.206123
60,0,imagen.jpeg,71,depthwise_conv,1x384x14x14,0.920077
60,0,imagen.jpeg,72,batchnorm,1x384x14x14,0.245788
60,0,imagen.jpeg,73,activacion,1x384x14x14,0.221109
60,0,imagen.jpeg,74,pointwise_conv,1x384x14x14,2.392749
60,0,imagen.jpeg,75,batchnorm,1x64x14x14,0.019373
60,0,imagen.jpeg,76,layer_add,1x64x14x14,0.005539
60,0,imagen.jpeg,77,pointwise_conv,1x64x14x14,2.40444
60,0,imagen.jpeg,78,batchnorm,1x384x14x14,0.115236
60,0,imagen.jpeg,79,activacion,1x384x14x14,0.231564
60,0,imagen.jpeg,80,depthwise_conv,1x384x14x14,0.93245
60,0,imagen.jpeg,81,batchnorm,1x384x14x14,0.441836
60,0,imagen.jpeg,82,activacion,1x384x14x14,0.199869
60,0,imagen.jpeg,83,pointwise_conv,1x384x14x14,2.39193
60,0,imagen.jpeg,84,batchnorm,1x64x14x14,0.019437
60,0,imagen.jpeg,85,layer_add,1x64x14x14,0.00552
60,0,imagen.jpeg,86,pointwise_conv,1x64x14x14,2.40317
60,0,imagen.jpeg,87,batchnorm,1x384x14x14,0.115401
60,0,imagen.jpeg,88,activacion,1x384x14x14,0.231726
60,0,imagen.jpeg,89,depthwise_conv,1x384x14x14,0.931314
60,0,imagen.jpeg,90,batchnorm,1x384x14x14,0.115301
60,0,imagen.jpeg,91,activacion,1x384x14x14,0.210127
60,0,imagen.jpeg,92,pointwise_conv,1x384x14x14,3.587365
60,0,imagen.jpeg,93,batchnorm,1x96x14x14,0.030774
60,0,imagen.jpeg,94,pointwise_conv,1x96x14x14,5.402599
60,0,imagen.jpeg,95,batchnorm,1x576x14x14,0.172941
60,0,imagen.jpeg,96,activacion,1x576x14x14,0.328346
60,0,imagen.jpeg,97,depthwise_conv,1x576x14x14,1.395651
60,0,imagen.jpeg,98,batchnorm,1x576x14x14,0.502064
60,0,imagen.jpeg,99,activacion,1x576x14x14,0.286323
60,0,imagen.jpeg,100,pointwise_conv,1x576x14x14,5.37039
60,0,imagen.jpeg,101,batchnorm,1x96x14x14,0.028927
60,0,imagen.jpeg,102,layer_add,1x96x14x14,0.00825
60,0,imagen.jpeg,103,pointwise_conv,1x96x14x14,5.407554
60,0,imagen.jpeg,104,batchnorm,1x576x14x14,0.173022
60,0,imagen.jpeg,105,activacion,1x576x14x14,0.334662
60,0,imagen.jpeg,106,depthwise_conv,1x576x14x14,1.382842
60,0,imagen.jpeg,107,batchnorm,1x576x14x14,0.433948
60,0,imagen.jpeg,108,activacion,1x576x14x14,0.257363
60,0,imagen.jpeg,109,pointwise_conv,1x576x14x14,5.370325
60,0,imagen.jpeg,110,batchnorm,1x96x14x14,0.028885
60,0,imagen.jpeg,111,layer_add,1x96x14x14,0.008228
60,0,imagen.jpeg,112,pointwise_conv,1x96x14x14,5.42455
60,0,imagen.jpeg,113,batchnorm,1x576x14x14,0.172317
60,0,imagen.jpeg,114,activacion,1x576x14x14,0.281802
60,0,imagen.jpeg,115,depthwise_conv,1x576x14x14,0.366249
60,0,imagen.jpeg,116,batchnorm,1x576x7x7,0.06117
60,0,imagen.jpeg,117,activacion,1x576x7x7,0.049766
60,0,imagen.jpeg,118,pointwise_conv,1x576x7x7,2.145647
60,0,imagen.jpeg,119,batchnorm,1x160x7x7,0.012711
60,0,imagen.jpeg,120,pointwise_conv,1x160x7x7,3.63875
60,0,imagen.jpeg,121,batchnorm,1x960x7x7,0.074397
60,0,imagen.jpeg,122,activacion,1x960x7x7,0.133455
60,0,imagen.jpeg,123,depthwise_conv,1x960x7x7,0.570291
60,0,imagen.jpeg,124,batchnorm,1x960x7x7,0.074524
60,0,imagen.jpeg,125,activacion,1x960x7x7,0.126864
60,0,imagen.jpeg,126,pointwise_conv,1x960x7x7,3.569897
60,0,imagen.jpeg,127,batchnorm,1x160x7x7,0.016308
60,0,imagen.jpeg,128,layer_add,1x160x7x7,0.003517
60,0,imagen.jpeg,129,pointwise_conv,1x160x7x7,3.577945
60,0,imagen.jpeg,130,batchnorm,1x960x7x7,0.074378
60,0,imagen.jpeg,131,activacion,1x960x7x7,0.126462
60,0,imagen.jpeg,132,depthwise_conv,1x960x7x7,0.589863
60,0,imagen.jpeg,133,batchnorm,1x960x7x7,0.123666
60,0,imagen.jpeg,134,activacion,1x960x7x7,0.109801
60,0,imagen.jpeg,135,pointwise_conv,1x960x7x7,3.590896
60,0,imagen.jpeg,136,batchnorm,1x160x7x7,0.012488
60,0,imagen.jpeg,137,layer_add,1x160x7x7,0.003977
60,0,imagen.jpeg,138,pointwise_conv,1x160x7x7,3.584895
60,0,imagen.jpeg,139,batchnorm,1x960x7x7,0.074383
60,0,imagen.jpeg,140,activacion,1x960x7x7,0.102286
60,0,imagen.jpeg,141,depthwise_conv,1x960x7x7,0.586122
60,0,imagen.jpeg,142,batchnorm,1x960x7x7,0.090764
60,0,imagen.jpeg,143,activacion,1x960x7x7,0.057103
60,0,imagen.jpeg,144,pointwise_conv,1x960x7x7,7.199345
60,0,imagen.jpeg,145,batchnorm,1x320x7x7,0.024978
60,0,imagen.jpeg,146,pointwise_conv,1x320x7x7,9.53532
60,0,imagen.jpeg,147,batchnorm,1x1280x7x7,0.101533
60,0,imagen.jpeg,148,activacion,1x1280x7x7,0.15858
60,0,imagen.jpeg,149,pooling,1x1280x7x7,0.033819
60,0,imagen.jpeg,150,linear,1x1280,1.093547
61,0,imagen.jpeg,0,conv2d,1x3x224x224,17.101206
61,0,imagen.jpeg,1,batchnorm,1x32x112x112,0.660018
61,0,imagen.jpeg,2,activacion,1x32x112x112,0.407721
61,0,imagen.jpeg,3,depthwise_conv,1x32x112x112,4.791879
61,0,imagen.jpeg,4,batchnorm,1x32x112x112,8.989639
61,0,imagen.jpeg,5,activacion,1x32x112x112,0.491675
61,0,imagen.jpeg,6,pointwise_conv,1x32x112x112,3.06452
61,0,imagen.jpeg,7,batchnorm,1x16x112x112,0.311136
61,0,imagen.jpeg,8,pointwise_conv,1x16x112x112,9.304604
61,0,imagen.jpeg,9,batchnorm,1x96x112x112,1.895812
61,0,imagen.jpeg,10,activacion,1x96x112x112,2.753451
61,0,imagen.jpeg,11,depthwise_conv,1x96x112x112,3.686912
61,0,imagen.jpeg,12,batchnorm,1x96x56x56,0.468781
61,0,imagen.jpeg,13,activacion,1x96x56x56,0.879498
61,0,imagen.jpeg,14,pointwise_conv,1x96x56x56,3.378002
61,0,imagen.jpeg,15,batchnorm,1x24x56x56,0.118067
61,0,imagen.jpeg,16,pointwise_conv,1x24x56x56,5.124715
61,0,imagen.jpeg,17,batchnorm,1x144x56x56,0.692029
61,0,imagen.jpeg,18,activacion,1x144x56x56,1.024218
61,0,imagen.jpeg,19,depthwise_conv,1x144x56x56,5.439773
61,0,imagen.jpeg,20,batchnorm,1x144x56x56,0.700134
61,0,imagen.jpeg,21,activacion,1x144x56x56,1.448955
61,0,imagen.jpeg,22,pointwise_conv,1x144x56x56,5.099274
61,0,imagen.jpeg,23,batchnorm,1x24x56x56,0.114404
61,0,imagen.jpeg,24,layer_add,1x24x56x56,0.035999
61,0,imagen.jpeg,25,pointwise_conv,1x24x56x56,5.130139
61,0,imagen.jpeg,26,batchnorm,1x144x56x56,0.68483
61,0,imagen.jpeg,27,activacion,1x144x56x56,1.347056
61,0,imagen.jpeg,28,depthwise_conv,1x144x56x56,1.369744
61,0,imagen.jpeg,29,batchnorm,1x144x28x28,0.178019
61,0,imagen.jpeg,30,activacion,1x144x28x28,0.302266
61,0,imagen.jpeg,31,pointwise_conv,1x144x28x28,1.703005
61,0,imagen.jpeg,32,batchnorm,1x32x28x28,0.038328
61,0,imagen.jpeg,33,pointwise_conv,1x32x28x28,2.295554
61,0,imagen.jpeg,34,batchnorm,1x192x28x28,0.229183
61,0,imagen.jpeg,35,activacion,1x192x28x28,0.299476
61,0,imagen.jpeg,36,depthwise_conv,1x192x28x28,1.891182
61,0,imagen.jpeg,37,batchnorm,1x192x28x28,0.229318
61,0,imagen.jpeg,38,activacion,1x192x28x28,0.487311
61,0,imagen.jpeg,39,pointwise_conv,1x192x28x28,2.278802
61,0,imagen.jpeg,40,batchnorm,1x32x28x28,0.041652
61,0,imagen.jpeg,41,layer_add,1x32x28x28,0.012738
61,0,imagen.jpeg,42,pointwise_conv,1x32x28x28,2.298156
61,0,imagen.jpeg,43,batchnorm,1x192x28x28,0.228993
61,0,imagen.jpeg,44,activacion,1x192x28x28,0.369486
61,0,imagen.jpeg,45,depthwise_conv,1x192x28x28,1.789892
61,0,imagen.jpeg,46,batchnorm,1x192x28x28,0.236292
61,0,imagen.jpeg,47,activacion,1x192x28x28,0.465681
61,0,imagen.jpeg,48,pointwise_conv,1x192x28x28,2.27342
61,0,imagen.jpeg,49,batchnorm,1x32x28x28,0.04016
61,0,imagen.jpeg,50,layer_add,1x32x28x28,0.013359
61,0,imagen.jpeg,51,pointwise_conv,1x32x28x28,2.29712
61,0,imagen.jpeg,52,batchnorm,1x192x28x28,0.231068
61,0,imagen.jpeg,53,activacion,1x192x28x28,0.434294
61,0,imagen.jpeg,54,depthwise_conv,1x192x28x28,0.485658
61,0,imagen.jpeg,55,batchnorm,1x192x14x14,0.060992
61,0,imagen.jpeg,56,activacion,1x192x14x14,0.084287
61,0,imagen.jpeg,57,pointwise_conv,1x192x14x14,1.198082
61,0,imagen.jpeg,58,batchnorm,1x64x14x14,0.01945
61,0,imagen.jpeg,59,pointwise_conv,1x64x14x14,2.41355
61,0,imagen.jpeg,60,batchnorm,1x384x14x14,0.13153
61,0,imagen.jpeg,61,activacion,1x384x14x14,0.158448
61,0,imagen.jpeg,62,depthwise_conv,1x384x14x14,0.931578
61,0,imagen.jpeg,63,batchnorm,1x384x14x14,0.117198
61,0,imagen.jpeg,64,activacion,1x384x14x14,0.24388
61,0,imagen.jpeg,65,pointwise_conv,1x384x14x14,2.392178
61,0,imagen.jpeg,66,batchnorm,1x64x14x14,0.019444
61,0,imagen.jpeg,67,layer_add,1x64x14x14,0.005543
61,0,imagen.jpeg,68,pointwise_conv,1x64x14x14,2.410804
61,0,imagen.jpeg,69,batchnorm,1x384x14x14,0.115366
61,0,imagen.jpeg,70,activacion,1x384x14x14,0.206449
61,0,imagen.jpeg,71,depthwise_conv,1x384x14x14,0.93422
61,0,imagen.jpeg,72,batchnorm,1x384x14x14,0.253815
61,0,imagen.jpeg,73,activacion,1x384x14x14,0.223486
61,0,imagen.jpeg,74,pointwise_conv,1x384x14x14,2.389185
61,0,imagen.jpeg,75,batchnorm,1x64x14x14,0.019371
61,0,imagen.jpeg,76,layer_add,1x64x14x14,0.00552
61,0,imagen.jpeg,77,pointwise_conv,1x64x14x14,2.410292
61,0,imagen.jpeg,78,batchnorm,1x384x14x14,0.115168
61,0,imagen.jpeg,79,activacion,1x384x14x14,0.228871
61,0,imagen.jpeg,80,depthwise_conv,1x384x14x14,0.931898
61,0,imagen.jpeg,81,batchnorm,1x384x14x14,0.446843
61,0,imagen.jpeg,82,activacion,1x384x14x14,0.200064
61,0,imagen.jpeg,83,pointwise_conv,1x384x14x14,2.394569
61,0,imagen.jpeg,84,batchnorm,1x64x14x14,0.019423
61,0,imagen.jpeg,85,layer_add,1x64x14x14,0.005504
61,0,imagen.jpeg,86,pointwise_conv,1x64x14x14,2.417575
61,0,imagen.jpeg,87,batchnorm,1x384x14x14,0.11533
61,0,imagen.jpeg,88,activacion,1x384x14x14,0.227989
61,0,imagen.jpeg,89,depthwise_conv,1x384x14x14,0.930249
61,0,imagen.jpeg,90,batchnorm,1x384x14x14,0.115459
61,0,imagen.jpeg,91,activacion,1x384x14x14,0.214763
61,0,imagen.jpeg,92,pointwise_conv,1x384x14x14,3.581489
61,0,imagen.jpeg,93,batchnorm,1x96x14x14,0.028932
61,0,imagen.jpeg,94,pointwise_conv,1x96x14x14,5.418979
61,0,imagen.jpeg,95,batchnorm,1x576x14x14,0.172722
61,0,imagen.jpeg,96,activacion,1x576x14x14,0.324687
61,0,imagen.jpeg,97,depthwise_conv,1x576x14x14,1.408427
61,0,imagen.jpeg,98,batchnorm,1x576x14x14,0.499083
61,0,imagen.jpeg,99,activacion,1x576x14x14,0.295875
61,0,imagen.jpeg,100,pointwise_conv,1x576x14x14,5.395968
61,0,imagen.jpeg,101,batchnorm,1x96x14x14,0.028982
61,0,imagen.jpeg,102,layer_add,1x96x14x14,0.008411
61,0,imagen.jpeg,103,pointwise_conv,1x96x14x14,5.407837
61,0,imagen.jpeg,104,batchnorm,1x576x14x14,0.173072
61,0,imagen.jpeg,105,activacion,1x576x14x14,0.326107
61,0,imagen.jpeg,106,depthwise_conv,1x576x14x14,1.386901
61,0,imagen.jpeg,107,batchnorm,1x576x14x14,0.435944
61,0,imagen.jpeg,108,activacion,1x576x14x14,0.256751
61,0,imagen.jpeg,109,pointwise_conv,1x576x14x14,5.409787
61,0,imagen.jpeg,110,batchnorm,1x96x14x14,0.028964
61,0,imagen.jpeg,111,layer_add,1x96x14x14,0.008807
61,0,imagen.jpeg,112,pointwise_conv,1x96x14x14,5.411317
61,0,imagen.jpeg,113,batchnorm,1x576x14x14,0.176408
61,0,imagen.jpeg,114,activacion,1x576x14x14,0.283613
61,0,imagen.jpeg,115,depthwise_conv,1x576x14x14,0.362405
61,0,imagen.jpeg,116,batchnorm,1x576x7x7,0.061165
61,0,imagen.jpeg,117,activacion,1x576x7x7,0.049203
61,0,imagen.jpeg,118,pointwise_conv,1x576x7x7,2.158585
61,0,imagen.jpeg,119,batchnorm,1x160x7x7,0.012653
61,0,imagen.jpeg,120,pointwise_conv,1x160x7x7,3.600637
61,0,imagen.jpeg,121,batchnorm,1x960x7x7,0.074387
61,0,imagen.jpeg,122,activacion,1x960x7x7,0.139083
61,0,imagen.jpeg,123,depthwise_conv,1x960x7x7,0.58602
61,0,imagen.jpeg,124,batchnorm,1x960x7x7,0.074676
61,0,imagen.jpeg,125,activacion,1x960x7x7,0.127262
61,0,imagen.jpeg,126,pointwise_conv,1x960x7x7,3.587782
61,0,imagen.jpeg,127,batchnorm,1x160x7x7,0.012588
61,0,imagen.jpeg,128,layer_add,1x160x7x7,0.003501
61,0,imagen.jpeg,129,pointwise_conv,1x160x7x7,3.587458
61,0,imagen.jpeg,130,batchnorm,1x960x7x7,0.074348
61,0,imagen.jpeg,131,activacion,1x960x7x7,0.126467
61,0,imagen.jpeg,132,depthwise_conv,1x960x7x7,0.566065
61,0,imagen.jpeg,133,batchnorm,1x960x7x7,0.123643
61,0,imagen.jpeg,134,activacion,1x960x7x7,0.111007
61,0,imagen.jpeg,135,pointwise_conv,1x960x7x7,3.592165
61,0,imagen.jpeg,136,batchnorm,1x160x7x7,0.012491
61,0,imagen.jpeg,137,layer_add,1x160x7x7,0.003974
61,0,imagen.jpeg,138,pointwise_conv,1x160x7x7,3.608375
61,0,imagen.jpeg,139,batchnorm,1x960x7x7,0.074372
61,0,imagen.jpeg,140,activacion,1x960x7x7,0.106253
61,0,imagen.jpeg,141,depthwise_conv,1x960x7x7,0.586174
61,0,imagen.jpeg,142,batchnorm,1x960x7x7,0.090794
61,0,imagen.jpeg,143,activacion,1x960x7x7,0.057388
61,0,imagen.jpeg,144,pointwise_conv,1x960x7x7,7.148913
61,0,imagen.jpeg,145,batchnorm,1x320x7x7,0.025044
61,0,imagen.jpeg,146,pointwise_conv,1x320x7x7,9.575578
61,0,imagen.jpeg,147,batchnorm,1x1280x7x7,0.099215
61,0,imagen.jpeg,148,activacion,1x1280x7x7,0.163605
61,0,imagen.jpeg,149,pooling,1x1280x7x7,0.033816
61,0,imagen.jpeg,150,linear,1x1280,1.116068
62,0,imagen.jpeg,0,conv2d,1x3x224x224,17.291065
62,0,imagen.jpeg,1,batchnorm,1x32x112x112,0.633892
62,0,imagen.jpeg,2,activacion,1x32x112x112,0.399863
62,0,imagen.jpeg,3,depthwise_conv,1x32x112x112,4.711393
62,0,imagen.jpeg,4,batchnorm,1x32x112x112,8.991398
62,0,imagen.jpeg,5,activacion,1x32x112x112,0.502807
62,0,imagen.jpeg,6,pointwise_conv,1x32x112x112,3.055923
62,0,imagen.jpeg,7,batchnorm,1x16x112x112,0.323903
62,0,imagen.jpeg,8,pointwise_conv,1x16x112x112,9.286214
62,0,imagen.jpeg,9,batchnorm,1x96x112x112,1.854351
62,0,imagen.jpeg,10,activacion,1x96x112x112,2.813923
62,0,imagen.jpeg,11,depthwise_conv,1x96x112x112,3.602925
62,0,imagen.jpeg,12,batchnorm,1x96x56x56,0.468426
62,0,imagen.jpeg,13,activacion,1x96x56x56,0.884709
62,0,imagen.jpeg,14,pointwise_conv,1x96x56x56,3.382936
62,0,imagen.jpeg,15,batchnorm,1x24x56x56,0.114431
62,0,imagen.jpeg,16,pointwise_conv,1x24x56x56,5.131717
62,0,imagen.jpeg,17,batchnorm,1x144x56x56,0.701409
62,0,imagen.jpeg,18,activacion,1x144x56x56,1.019786
62,0,imagen.jpeg,19,depthwise_conv,1x144x56x56,5.392994
62,0,imagen.jpeg,20,batchnorm,1x144x56x56,0.689874
62,0,imagen.jpeg,21,activacion,1x144x56x56,1.467975
62,0,imagen.jpeg,22,pointwise_conv,1x144x56x56,5.094108
62,0,imagen.jpeg,23,batchnorm,1x24x56x56,0.117379
62,0,imagen.jpeg,24,layer_add,1x24x56x56,0.04763
62,0,imagen.jpeg,25,pointwise_conv,1x24x56x56,5.126997
62,0,imagen.jpeg,26,batchnorm,1x144x56x56,0.69248
62,0,imagen.jpeg,27,activacion,1x144x56x56,1.342836
62,0,imagen.jpeg,28,depthwise_conv,1x144x56x56,1.389837
62,0,imagen.jpeg,29,batchnorm,1x144x28x28,0.172099
62,0,imagen.jpeg,30,activacion,1x144x28x28,0.298953
62,0,imagen.jpeg,31,pointwise_conv,1x144x28x28,1.705617
62,0,imagen.jpeg,32,batchnorm,1x32x28x28,0.038383
62,0,imagen.jpeg,33,pointwise_conv,1x32x28x28,2.29777
62,0,imagen.jpeg,34,batchnorm,1x192x28x28,0.229411
62,0,imagen.jpeg,35,activacion,1x192x28x28,0.29294
62,0,imagen.jpeg,36,depthwise_conv,1x192x28x28,1.799905
62,0,imagen.jpeg,37,batchnorm,1x192x28x28,0.229266
62,0,imagen.jpeg,38,activacion,1x192x28x28,0.494291
62,0,imagen.jpeg,39,pointwise_conv,1x192x28x28,2.265822
62,0,imagen.jpeg,40,batchnorm,1x32x28x28,0.038305
62,0,imagen.jpeg,41,layer_add,1x32x28x28,0.011999
62,0,imagen.jpeg,42,pointwise_conv,1x32x28x28,2.300836
62,0,imagen.jpeg,43,batchnorm,1x192x28x28,0.233271
62,0,imagen.jpeg,44,activacion,1x192x28x28,0.362598
62,0,imagen.jpeg,45,depthwise_conv,1x192x28x28,1.798269
62,0,imagen.jpeg,46,batchnorm,1x192x28x28,0.229396
62,0,imagen.jpeg,47,activacion,1x192x28x28,0.47583
62,0,imagen.jpeg,48,pointwise_conv,1x192x28x28,2.270099
62,0,imagen.jpeg,49,batchnorm,1x32x28x28,0.038359
62,0,imagen.jpeg,50,layer_add,1x32x28x28,0.011235
62,0,imagen.jpeg,51,pointwise_conv,1x32x28x28,2.301434
62,0,imagen.jpeg,52,batchnorm,1x192x28x28,0.236227
62,0,imagen.jpeg,53,activacion,1x192x28x28,0.428377
62,0,imagen.jpeg,54,depthwise_conv,1x192x28x28,0.48469
62,0,imagen.jpeg,55,batchnorm,1x192x14x14,0.060689
62,0,imagen.jpeg,56,activacion,1x192x14x14,0.0777
62,0,imagen.jpeg,57,pointwise_conv,1x192x14x14,1.195359
62,0,imagen.jpeg,58,batchnorm,1x64x14x14,0.019488
62,0,imagen.jpeg,59,pointwise_conv,1x64x14x14,2.423629
62,0,imagen.jpeg,60,batchnorm,1x384x14x14,0.115202
62,0,imagen.jpeg,61,activacion,1x384x14x14,0.153538
62,0,imagen.jpeg,62,depthwise_conv,1x384x14x14,0.915963
62,0,imagen.jpeg,63,batchnorm,1x384x14x14,0.116788
62,0,imagen.jpeg,64,activacion,1x384x14x14,0.244728
62,0,imagen.jpeg,65,pointwise_conv,1x384x14x14,2.394931
62,0,imagen.jpeg,66,batchnorm,1x64x14x14,0.019426
62,0,imagen.jpeg,67,layer_add,1x64x14x14,0.005513
62,0,imagen.jpeg,68,pointwise_conv,1x64x14x14,2.407319
62,0,imagen.jpeg,69,batchnorm,1x384x14x14,0.119026
62,0,imagen.jpeg,70,activacion,1x384x14x14,0.208073
62,0,imagen.jpeg,71,depthwise_conv,1x384x14x14,0.933018
62,0,imagen.jpeg,72,batchnorm,1x384x14x14,0.245862
62,0,imagen.jpeg,73,activacion,1x384x14x14,0.224625
62,0,imagen.jpeg,74,pointwise_conv,1x384x14x14,2.397176
62,0,imagen.jpeg,75,batchnorm,1x64x14x14,0.019372
62,0,imagen.jpeg,76,layer_add,1x64x14x14,0.005506
62,0,imagen.jpeg,77,pointwise_conv,1x64x14x14,2.405885
62,0,imagen.jpeg,78,batchnorm,1x384x14x14,0.118783
62,0,imagen.jpeg,79,activacion,1x384x14x14,0.234583
62,0,imagen.jpeg,80,depthwise_conv,1x384x14x14,0.931099
62,0,imagen.jpeg,81,batchnorm,1x384x14x14,0.441894
62,0,imagen.jpeg,82,activacion,1x384x14x14,0.20146
62,0,imagen.jpeg,83,pointwise_conv,1x384x14x14,2.397746
62,0,imagen.jpeg,84,batchnorm,1x64x14x14,0.01958
62,0,imagen.jpeg,85,layer_add,1x64x14x14,0.005512
62,0,imagen.jpeg,86,pointwise_conv,1x64x14x14,2.404778
62,0,imagen.jpeg,87,batchnorm,1x384x14x14,0.115387
62,0,imagen.jpeg,88,activacion,1x384x14x14,0.232464
62,0,imagen.jpeg,89,depthwise_conv,1x384x14x14,0.934331
62,0,imagen.jpeg,90,batchnorm,1x384x14x14,0.115369
62,0,imagen.jpeg,91,activacion,1x384x14x14,0.210791
62,0,imagen.jpeg,92,pointwise_conv,1x384x14x14,3.591448
62,0,imagen.jpeg,93,batchnorm,1x96x14x14,0.028992
62,0,imagen.jpeg,94,pointwise_conv,1x96x14x14,5.397513
62,0,imagen.jpeg,95,batchnorm,1x576x14x14,0.175184
62,0,imagen.jpeg,96,activacion,1x576x14x14,0.334178
62,0,imagen.jpeg,97,depthwise_conv,1x576x14x14,1.396038
62,0,imagen.jpeg,98,batchnorm,1x576x14x14,0.509765
62,0,imagen.jpeg,99,activacion,1x576x14x14,0.286852
62,0,imagen.jpeg,100,pointwise_conv,1x576x14x14,5.3771
62,0,imagen.jpeg,101,batchnorm,1x96x14x14,0.034229
62,0,imagen.jpeg,102,layer_add,1x96x14x14,0.008301
62,0,imagen.jpeg,103,pointwise_conv,1x96x14x14,5.408338
62,0,imagen.jpeg,104,batchnorm,1x576x14x14,0.172969
62,0,imagen.jpeg,105,activacion,1x576x14x14,0.332099
62,0,imagen.jpeg,106,depthwise_conv,1x576x14x14,1.390618
62,0,imagen.jpeg,107,batchnorm,1x576x14x14,0.435408
62,0,imagen.jpeg,108,activacion,1x576x14x14,0.265356
62,0,imagen.jpeg,109,pointwise_conv,1x576x14x14,5.376762
62,0,imagen.jpeg,110,batchnorm,1x96x14x14,0.028919
62,0,imagen.jpeg,111,layer_add,1x96x14x14,0.008231
62,0,imagen.jpeg,112,pointwise_conv,1x96x14x14,5.407924
62,0,imagen.jpeg,113,batchnorm,1x576x14x14,0.172919
62,0,imagen.jpeg,114,activacion,1x576x14x14,0.283709
62,0,imagen.jpeg,115,depthwise_conv,1x576x14x14,0.36795
62,0,imagen.jpeg,116,batchnorm,1x576x7x7,0.061167
62,0,imagen.jpeg,117,activacion,1x576x7x7,0.049734
62,0,imagen.jpeg,118,pointwise_conv,1x576x7x7,2.145765
62,0,imagen.jpeg,119,batchnorm,1x160x7x7,0.012686
62,0,imagen.jpeg,120,pointwise_conv,1x160x7x7,3.602854
62,0,imagen.jpeg,121,batchnorm,1x960x7x7,0.074465
62,0,imagen.jpeg,122,activacion,1x960x7x7,0.133258
62,0,imagen.jpeg,123,depthwise_conv,1x960x7x7,0.56487
62,0,imagen.jpeg,124,batchnorm,1x960x7x7,0.082498
62,0,imagen.jpeg,125,activacion,1x960x7x7,0.12736
62,0,imagen.jpeg,126,pointwise_conv,1x960x7x7,3.594579
62,0,imagen.jpeg,127,batchnorm,1x160x7x7,0.012644
62,0,imagen.jpeg,128,layer_add,1x160x7x7,0.003486
62,0,imagen.jpeg,129,pointwise_conv,1x160x7x7,3.588486
62,0,imagen.jpeg,130,batchnorm,1x960x7x7,0.075333
62,0,imagen.jpeg,131,activacion,1x960x7x7,0.126336
62,0,imagen.jpeg,132,depthwise_conv,1x960x7x7,0.563554
62,0,imagen.jpeg,133,batchnorm,1x960x7x7,0.123592
62,0,imagen.jpeg,134,activacion,1x960x7x7,0.110099
62,0,imagen.jpeg,135,pointwise_conv,1x960x7x7,3.583729
62,0,imagen.jpeg,136,batchnorm,1x160x7x7,0.012502
62,0,imagen.jpeg,137,layer_add,1x160x7x7,0.004162
62,0,imagen.jpeg,138,pointwise_conv,1x160x7x7,3.599882
62,0,imagen.jpeg,139,batchnorm,1x960x7x7,0.074368
62,0,imagen.jpeg,140,activacion,1x960x7x7,0.103114
62,0,imagen.jpeg,141,depthwise_conv,1x960x7x7,0.555444
62,0,imagen.jpeg,142,batchnorm,1x960x7x7,0.096741
62,0,imagen.jpeg,143,activacion,1x960x7x7,0.057775
62,0,imagen.jpeg,144,pointwise_conv,1x960x7x7,7.163336
62,0,imagen.jpeg,145,batchnorm,1x320x7x7,0.024965
62,0,imagen.jpeg,146,pointwise_conv,1x320x7x7,9.559861
62,0,imagen.jpeg,147,batchnorm,1x1280x7x7,0.102611
62,0,imagen.jpeg,148,activacion,1x1280x7x7,0.15875
62,0,imagen.jpeg,149,pooling,1x1280x7x7,0.033705
62,0,imagen.jpeg,150,linear,1x1280,1.101749
63,0,imagen.jpeg,0,conv2d,1x3x224x224,17.563862
63,0,imagen.jpeg,1,batchnorm,1x32x112x112,0.615635
63,0,imagen.jpeg,2,activacion,1x32x112x112,0.400177
63,0,imagen.jpeg,3,depthwise_conv,1x32x112x112,4.7919
63,0,imagen.jpeg,4,batchnorm,1x32x112x112,8.986896
63,0,imagen.jpeg,5,activacion,1x32x112x112,0.495854
63,0,imagen.jpeg,6,pointwise_conv,1x32x112x112,3.060878
63,0,imagen.jpeg,7,batchnorm,1x16x112x112,0.304662
63,0,imagen.jpeg,8,pointwise_conv,1x16x112x112,9.300172
63,0,imagen.jpeg,9,batchnorm,1x96x112x112,1.888345
63,0,imagen.jpeg,10,activacion,1x96x112x112,2.819083
63,0,imagen.jpeg,11,depthwise_conv,1x96x112x112,3.620562
63,0,imagen.jpeg,12,batchnorm,1x96x56x56,0.457268
63,0,imagen.jpeg,13,activacion,1x96x56x56,0.880185
63,0,imagen.jpeg,14,pointwise_conv,1x96x56x56,3.376453
63,0,imagen.jpeg,15,batchnorm,1x24x56x56,0.119784
63,0,imagen.jpeg,16,pointwise_conv,1x24x56x56,5.16553
63,0,imagen.jpeg,17,batchnorm,1x144x56x56,0.694314
63,0,imagen.jpeg,18,activacion,1x144x56x56,1.025237
63,0,imagen.jpeg,19,depthwise_conv,1x144x56x56,5.417697
63,0,imagen.jpeg,20,batchnorm,1x144x56x56,0.695295
63,0,imagen.jpeg,21,activacion,1x144x56x56,1.48244
63,0,imagen.jpeg,22,pointwise_conv,1x144x56x56,5.088439
63,0,imagen.jpeg,23,batchnorm,1x24x56x56,0.116908
63,0,imagen.jpeg,24,layer_add,1x24x56x56,0.034866
63,0,imagen.jpeg,25,pointwise_conv,1x24x56x56,5.136463
63,0,imagen.jpeg,26,batchnorm,1x144x56x56,0.696735
63,0,imagen.jpeg,27,activacion,1x144x56x56,1.342745
63,0,imagen.jpeg,28,depthwise_conv,1x144x56x56,1.404469
63,0,imagen.jpeg,29,batchnorm,1x144x28x28,0.177564
63,0,imagen.jpeg,30,activacion,1x144x28x28,0.29964
63,0,imagen.jpeg,31,pointwise_conv,1x144x28x28,1.704723
63,0,imagen.jpeg,32,batchnorm,1x32x28x28,0.038311
63,0,imagen.jpeg,33,pointwise_conv,1x32x28x28,2.294587
63,0,imagen.jpeg,34,batchnorm,1x192x28x28,0.235391
63,0,imagen.jpeg,35,activacion,1x192x28x28,0.289204
63,0,imagen.jpeg,36,depthwise_conv,1x192x28x28,1.833189
63,0,imagen.jpeg,37,batchnorm,1x192x28x28,0.229074
63,0,imagen.jpeg,38,activacion,1x192x28x28,0.482386
63,0,imagen.jpeg,39,pointwise_conv,1x192x28x28,2.268371
63,0,imagen.jpeg,40,batchnorm,1x32x28x28,0.038241
63,0,imagen.jpeg,41,layer_add,1x32x28x28,0.011445
63,0,imagen.jpeg,42,pointwise_conv,1x32x28x28,2.297538
63,0,imagen.jpeg,43,batchnorm,1x192x28x28,0.234471
63,0,imagen.jpeg,44,activacion,1x192x28x28,0.366802
63,0,imagen.jpeg,45,depthwise_conv,1x192x28x28,1.809941
63,0,imagen.jpeg,46,batchnorm,1x192x28x28,0.231161
63,0,imagen.jpeg,47,activacion,1x192x28x28,0.470524
63,0,imagen.jpeg,48,pointwise_conv,1x192x28x28,2.268229
63,0,imagen.jpeg,49,batchnorm,1x32x28x28,0.038267
63,0,imagen.jpeg,50,layer_add,1x32x28x28,0.011828
63,0,imagen.jpeg,51,pointwise_conv,1x32x28x28,2.298319
63,0,imagen.jpeg,52,batchnorm,1x192x28x28,0.235619
63,0,imagen.jpeg,53,activacion,1x192x28x28,0.436667
63,0,imagen.jpeg,54,depthwise_conv,1x192x28x28,0.48316
63,0,imagen.jpeg,55,batchnorm,1x192x14x14,0.060926
63,0,imagen.jpeg,56,activacion,1x192x14x14,0.077974
63,0,imagen.jpeg,57,pointwise_conv,1x192x14x14,1.197022
63,0,imagen.jpeg,58,batchnorm,1x64x14x14,0.019403
63,0,imagen.jpeg,59,pointwise_conv,1x64x14x14,2.411357
63,0,imagen.jpeg,60,batchnorm,1x384x14x14,0.120917
63,0,imagen.jpeg,61,activacion,1x384x14x14,0.153461
63,0,imagen.jpeg,62,depthwise_conv,1x384x14x14,0.933894
63,0,imagen.jpeg,63,batchnorm,1x384x14x14,0.115496
63,0,imagen.jpeg,64,activacion,1x384x14x14,0.243804
63,0,imagen.jpeg,65,pointwise_conv,1x384x14x14,2.391594
63,0,imagen.jpeg,66,batchnorm,1x64x14x14,0.019387
63,0,imagen.jpeg,67,layer_add,1x64x14x14,0.00553
63,0,imagen.jpeg,68,pointwise_conv,1x64x14x14,2.40796
63,0,imagen.jpeg,69,batchnorm,1x384x14x14,0.115256
63,0,imagen.jpeg,70,activacion,1x384x14x14,0.211033
63,0,imagen.jpeg,71,depthwise_conv,1x384x14x14,0.931134
63,0,imagen.jpeg,72,batchnorm,1x384x14x14,0.24767
63,0,imagen.jpeg,73,activacion,1x384x14x14,0.222662
63,0,imagen.jpeg,74,pointwise_conv,1x384x14x14,2.395254
63,0,imagen.jpeg,75,batchnorm,1x64x14x14,0.019387
63,0,imagen.jpeg,76,layer_add,1x64x14x14,0.00553
63,0,imagen.jpeg,77,pointwise_conv,1x64x14x14,2.408647
63,0,imagen.jpeg,78,batchnorm,1x384x14x14,0.115555
63,0,imagen.jpeg,79,activacion,1x384x14x14,0.22889
63,0,imagen.jpeg,80,depthwise_conv,1x384x14x14,0.933985
63,0,imagen.jpeg,81,batchnorm,1x384x14x14,0.448075
63,0,imagen.jpeg,82,activacion,1x384x14x14,0.200503
63,0,imagen.jpeg,83,pointwise_conv,1x384x14x14,2.400572
63,0,imagen.jpeg,84,batchnorm,1x64x14x14,0.019396
63,0,imagen.jpeg,85,layer_add,1x64x14x14,0.005526
63,0,imagen.jpeg,86,pointwise_conv,1x64x14x14,2.406315
63,0,imagen.jpeg,87,batchnorm,1x384x14x14,0.115332
63,0,imagen.jpeg,88,activacion,1x384x14x14,0.234057
63,0,imagen.jpeg,89,depthwise_conv,1x384x14x14,0.915935
63,0,imagen.jpeg,90,batchnorm,1x384x14x14,0.119547
63,0,imagen.jpeg,91,activacion,1x384x14x14,0.210075
63,0,imagen.jpeg,92,pointwise_conv,1x384x14x14,3.581683
63,0,imagen.jpeg,93,batchnorm,1x96x14x14,0.032086
63,0,imagen.jpeg,94,pointwise_conv,1x96x14x14,5.395275
63,0,imagen.jpeg,95,batchnorm,1x576x14x14,0.172374
63,0,imagen.jpeg,96,activacion,1x576x14x14,0.330893
63,0,imagen.jpeg,97,depthwise_conv,1x576x14x14,1.398921
63,0,imagen.jpeg,98,batchnorm,1x576x14x14,0.51414
63,0,imagen.jpeg,99,activacion,1x576x14x14,0.28834
63,0,imagen.jpeg,100,pointwise_conv,1x576x14x14,5.375214
63,0,imagen.jpeg,101,batchnorm,1x96x14x14,0.029012
63,0,imagen.jpeg,102,layer_add,1x96x14x14,0.008209
63,0,imagen.jpeg,103,pointwise_conv,1x96x14x14,5.404547
63,0,imagen.jpeg,104,batchnorm,1x576x14x14,0.172913
63,0,imagen.jpeg,105,activacion,1x576x14x14,0.327534
63,0,imagen.jpeg,106,depthwise_conv,1x576x14x14,1.407084
63,0,imagen.jpeg,107,batchnorm,1x576x14x14,0.433936
63,0,imagen.jpeg,108,activacion,1x576x14x14,0.263463
63,0,imagen.jpeg,109,pointwise_conv,1x576x14x14,5.371542
63,0,imagen.jpeg,110,batchnorm,1x96x14x14,0.028902
63,0,imagen.jpeg,111,layer_add,1x96x14x14,0.008322
63,0,imagen.jpeg,112,pointwise_conv,1x96x14x14,5.405174
63,0,imagen.jpeg,113,batchnorm,1x576x14x14,0.176236
63,0,imagen.jpeg,114,activacion,1x576x14x14,0.285748
63,0,imagen.jpeg,115,depthwise_conv,1x576x14x14,0.355368
63,0,imagen.jpeg,116,batchnorm,1x576x7x7,0.066686
63,0,imagen.jpeg,117,activacion,1x576x7x7,0.049819
63,0,imagen.jpeg,118,pointwise_conv,1x576x7x7,2.154139
63,0,imagen.jpeg,119,batchnorm,1x160x7x7,0.012713
63,0,imagen.jpeg,120,pointwise_conv,1x160x7x7,3.583937
63,0,imagen.jpeg,121,batchnorm,1x960x7x7,0.077416
63,0,imagen.jpeg,122,activacion,1x960x7x7,0.134966
63,0,imagen.jpeg,123,depthwise_conv,1x960x7x7,0.586011
63,0,imagen.jpeg,124,batchnorm,1x960x7x7,0.074576
63,0,imagen.jpeg,125,activacion,1x960x7x7,0.131728
63,0,imagen.jpeg,126,pointwise_conv,1x960x7x7,3.569748
63,0,imagen.jpeg,127,batchnorm,1x160x7x7,0.012574
63,0,imagen.jpeg,128,layer_add,1x160x7x7,0.003521
63,0,imagen.jpeg,129,pointwise_conv,1x160x7x7,3.586893
63,0,imagen.jpeg,130,batchnorm,1x960x7x7,0.074394
63,0,imagen.jpeg,131,activacion,1x960x7x7,0.127067
63,0,imagen.jpeg,132,depthwise_conv,1x960x7x7,0.578986
63,0,imagen.jpeg,133,batchnorm,1x960x7x7,0.125797
63,0,imagen.jpeg,134,activacion,1x960x7x7,0.110131
63,0,imagen.jpeg,135,pointwise_conv,1x960x7x7,3.583221
63,0,imagen.jpeg,136,batchnorm,1x160x7x7,0.012642
63,0,imagen.jpeg,137,layer_add,1x160x7x7,0.004078
63,0,imagen.jpeg,138,pointwise_conv,1x160x7x7,3.582386
63,0,imagen.jpeg,139,batchnorm,1x960x7x7,0.074374
63,0,imagen.jpeg,140,activacion,1x960x7x7,0.107627
63,0,imagen.jpeg,141,depthwise_conv,1x960x7x7,0.586255
63,0,imagen.jpeg,142,batchnorm,1x960x7x7,0.090847
63,0,imagen.jpeg,143,activacion,1x960x7x7,0.057416
63,0,imagen.jpeg,144,pointwise_conv,1x960x7x7,7.138806
63,0,imagen.jpeg,145,batchnorm,1x320x7x7,0.025022
63,0,imagen.jpeg,146,pointwise_conv,1x320x7x7,9.558579
63,0,imagen.jpeg,147,batchnorm,1x1280x7x7,0.09912
63,0,imagen.jpeg,148,activacion,1x1280x7x7,0.162493
63,0,imagen.jpeg,149,pooling,1x1280x7x7,0.033842
63,0,imagen.jpeg,150,linear,1x1280,1.090829
64,0,imagen.jpeg,0,conv2d,1x3x224x224,17.270013
64,0,imagen.jpeg,1,batchnorm,1x32x112x112,0.619213
64,0,imagen.jpeg,2,activacion,1x32x112x112,0.402647
64,0,imagen.jpeg,3,depthwise_conv,1x32x112x112,4.793475
64,0,imagen.jpeg,4,batchnorm,1x32x112x112,9.129925
64,0,imagen.jpeg,5,activacion,1x32x112x112,0.491668
64,0,imagen.jpeg,6,pointwise_conv,1x32x112x112,3.042874
64,0,imagen.jpeg,7,batchnorm,1x16x112x112,0.3408
64,0,imagen.jpeg,8,pointwise_conv,1x16x112x112,9.295314
64,0,imagen.jpeg,9,batchnorm,1x96x112x112,1.968981
64,0,imagen.jpeg,10,activacion,1x96x112x112,2.784944
64,0,imagen.jpeg,11,depthwise_conv,1x96x112x112,3.646098
64,0,imagen.jpeg,12,batchnorm,1x96x56x56,0.462818
64,0,imagen.jpeg,13,activacion,1x96x56x56,0.904235
64,0,imagen.jpeg,14,pointwise_conv,1x96x56x56,3.375748
64,0,imagen.jpeg,15,batchnorm,1x24x56x56,0.11829
64,0,imagen.jpeg,16,pointwise_conv,1x24x56x56,5.128915
64,0,imagen.jpeg,17,batchnorm,1x144x56x56,0.682681
64,0,imagen.jpeg,18,activacion,1x144x56x56,1.013919
64,0,imagen.jpeg,19,depthwise_conv,1x144x56x56,5.433392
64,0,imagen.jpeg,20,batchnorm,1x144x56x56,0.703466
64,0,imagen.jpeg,21,activacion,1x144x56x56,1.449914
64,0,imagen.jpeg,22,pointwise_conv,1x144x56x56,5.076587
64,0,imagen.jpeg,23,batchnorm,1x24x56x56,0.114122
64,0,imagen.jpeg,24,layer_add,1x24x56x56,0.035897
64,0,imagen.jpeg,25,pointwise_conv,1x24x56x56,5.135333
64,0,imagen.jpeg,26,batchnorm,1x144x56x56,0.684794
64,0,imagen.jpeg,27,activacion,1x144x56x56,1.346371
64,0,imagen.jpeg,28,depthwise_conv,1x144x56x56,1.401449
64,0,imagen.jpeg,29,batchnorm,1x144x28x28,0.177854
64,0,imagen.jpeg,30,activacion,1x144x28x28,0.302317
64,0,imagen.jpeg,31,pointwise_conv,1x144x28x28,1.702111
64,0,imagen.jpeg,32,batchnorm,1x32x28x28,0.041733
64,0,imagen.jpeg,33,pointwise_conv,1x32x28x28,2.298496
64,0,imagen.jpeg,34,batchnorm,1x192x28x28,0.229147
64,0,imagen.jpeg,35,activacion,1x192x28x28,0.295834
64,0,imagen.jpeg,36,depthwise_conv,1x192x28x28,1.835681
64,0,imagen.jpeg,37,batchnorm,1x192x28x28,0.229024
64,0,imagen.jpeg,38,activacion,1x192x28x28,0.479436
64,0,imagen.jpeg,39,pointwise_conv,1x192x28x28,2.267078
64,0,imagen.jpeg,40,batchnorm,1x32x28x28,0.041387
64,0,imagen.jpeg,41,layer_add,1x32x28x28,0.011646
64,0,imagen.jpeg,42,pointwise_conv,1x32x28x28,2.29542
64,0,imagen.jpeg,43,batchnorm,1x192x28x28,0.232668
64,0,imagen.jpeg,44,activacion,1x192x28x28,0.371934
64,0,imagen.jpeg,45,depthwise_conv,1x192x28x28,1.834029
64,0,imagen.jpeg,46,batchnorm,1x192x28x28,0.232756
64,0,imagen.jpeg,47,activacion,1x192x28x28,0.465792
64,0,imagen.jpeg,48,pointwise_conv,1x192x28x28,2.268725
64,0,imagen.jpeg,49,batchnorm,1x32x28x28,0.038258
64,0,imagen.jpeg,50,layer_add,1x32x28x28,0.011107
64,0,imagen.jpeg,51,pointwise_conv,1x32x28x28,2.296376
64,0,imagen.jpeg,52,batchnorm,1x192x28x28,0.229117
64,0,imagen.jpeg,53,activacion,1x192x28x28,0.432049
64,0,imagen.jpeg,54,depthwise_conv,1x192x28x28,0.47202
64,0,imagen.jpeg,55,batchnorm,1x192x14x14,0.057532
64,0,imagen.jpeg,56,activacion,1x192x14x14,0.077773
64,0,imagen.jpeg,57,pointwise_conv,1x192x14x14,1.327055
64,0,imagen.jpeg,58,batchnorm,1x64x14x14,0.019422
64,0,imagen.jpeg,59,pointwise_conv,1x64x14x14,2.411953
64,0,imagen.jpeg,60,batchnorm,1x384x14x14,0.119575
64,0,imagen.jpeg,61,activacion,1x384x14x14,0.154566
64,0,imagen.jpeg,62,depthwise_conv,1x384x14x14,0.931623
64,0,imagen.jpeg,63,batchnorm,1x384x14x14,0.115447
64,0,imagen.jpeg,64,activacion,1x384x14x14,0.24305
64,0,imagen.jpeg,65,pointwise_conv,1x384x14x14,2.389819
64,0,imagen.jpeg,66,batchnorm,1x64x14x14,0.019343
64,0,imagen.jpeg,67,layer_add,1x64x14x14,0.0055
64,0,imagen.jpeg,68,pointwise_conv,1x64x14x14,2.409409
64,0,imagen.jpeg,69,batchnorm,1x384x14x14,0.115345
64,0,imagen.jpeg,70,activacion,1x384x14x14,0.206335
64,0,imagen.jpeg,71,depthwise_conv,1x384x14x14,0.932076
64,0,imagen.jpeg,72,batchnorm,1x384x14x14,0.250517
64,0,imagen.jpeg,73,activacion,1x384x14x14,0.227788
64,0,imagen.jpeg,74,pointwise_conv,1x384x14x14,2.393042
64,0,imagen.jpeg,75,batchnorm,1x64x14x14,0.020922
64,0,imagen.jpeg,76,layer_add,1x64x14x14,0.005502
64,0,imagen.jpeg,77,pointwise_conv,1x64x14x14,2.421491
64,0,imagen.jpeg,78,batchnorm,1x384x14x14,0.115214
64,0,imagen.jpeg,79,activacion,1x384x14x14,0.231456
64,0,imagen.jpeg,80,depthwise_conv,1x384x14x14,0.94851
64,0,imagen.jpeg,81,batchnorm,1x384x14x14,0.447588
64,0,imagen.jpeg,82,activacion,1x384x14x14,0.200944
64,0,imagen.jpeg,83,pointwise_conv,1x384x14x14,2.391466
64,0,imagen.jpeg,84,batchnorm,1x64x14x14,0.019419
64,0,imagen.jpeg,85,layer_add,1x64x14x14,0.010228
64,0,imagen.jpeg,86,pointwise_conv,1x64x14x14,2.417723
64,0,imagen.jpeg,87,batchnorm,1x384x14x14,0.115446
64,0,imagen.jpeg,88,activacion,1x384x14x14,0.228387
64,0,imagen.jpeg,89,depthwise_conv,1x384x14x14,0.929812
64,0,imagen.jpeg,90,batchnorm,1x384x14x14,0.115303
64,0,imagen.jpeg,91,activacion,1x384x14x14,0.217546
64,0,imagen.jpeg,92,pointwise_conv,1x384x14x14,3.581442
64,0,imagen.jpeg,93,batchnorm,1x96x14x14,0.029005
64,0,imagen.jpeg,94,pointwise_conv,1x96x14x14,5.397791
64,0,imagen.jpeg,95,batchnorm,1x576x14x14,0.173418
64,0,imagen.jpeg,96,activacion,1x576x14x14,0.324483
64,0,imagen.jpeg,97,depthwise_conv,1x576x14x14,1.395155
64,0,imagen.jpeg,98,batchnorm,1x576x14x14,0.51321
64,0,imagen.jpeg,99,activacion,1x576x14x14,0.299504
64,0,imagen.jpeg,100,pointwise_conv,1x576x14x14,5.373301
64,0,imagen.jpeg,101,batchnorm,1x96x14x14,0.031795
64,0,imagen.jpeg,102,layer_add,1x96x14x14,0.008227
64,0,imagen.jpeg,103,pointwise_conv,1x96x14x14,5.403258
64,0,imagen.jpeg,104,batchnorm,1x576x14x14,0.173339
64,0,imagen.jpeg,105,activacion,1x576x14x14,0.327863
64,0,imagen.jpeg,106,depthwise_conv,1x576x14x14,1.403043
64,0,imagen.jpeg,107,batchnorm,1x576x14x14,0.433935
64,0,imagen.jpeg,108,activacion,1x576x14x14,0.256276
64,0,imagen.jpeg,109,pointwise_conv,1x576x14x14,5.424311
64,0,imagen.jpeg,110,batchnorm,1x96x14x14,0.028955
64,0,imagen.jpeg,111,layer_add,1x96x14x14,0.008517
64,0,imagen.jpeg,112,pointwise_conv,1x96x14x14,5.418434
64,0,imagen.jpeg,113,batchnorm,1x576x14x14,0.178962
64,0,imagen.jpeg,114,activacion,1x576x14x14,0.285837
64,0,imagen.jpeg,115,depthwise_conv,1x576x14x14,0.362305
64,0,imagen.jpeg,116,batchnorm,1x576x7x7,0.061229
64,0,imagen.jpeg,117,activacion,1x576x7x7,0.054346
64,0,imagen.jpeg,118,pointwise_conv,1x576x7x7,2.142103
64,0,imagen.jpeg,119,batchnorm,1x160x7x7,0.012695
64,0,imagen.jpeg,120,pointwise_conv,1x160x7x7,3.598726
64,0,imagen.jpeg,121,batchnorm,1x960x7x7,0.074447
64,0,imagen.jpeg,122,activacion,1x960x7x7,0.133808
64,0,imagen.jpeg,123,depthwise_conv,1x960x7x7,0.558588
64,0,imagen.jpeg,124,batchnorm,1x960x7x7,0.074659
64,0,imagen.jpeg,125,activacion,1x960x7x7,0.129928
64,0,imagen.jpeg,126,pointwise_conv,1x960x7x7,3.567219
64,0,imagen.jpeg,127,batchnorm,1x160x7x7,0.012626
64,0,imagen.jpeg,128,layer_add,1x160x7x7,0.00353
64,0,imagen.jpeg,129,pointwise_conv,1x160x7x7,3.581199
64,0,imagen.jpeg,130,batchnorm,1x960x7x7,0.074423
64,0,imagen.jpeg,131,activacion,1x960x7x7,0.126405
64,0,imagen.jpeg,132,depthwise_conv,1x960x7x7,0.589077
64,0,imagen.jpeg,133,batchnorm,1x960x7x7,0.12354
64,0,imagen.jpeg,134,activacion,1x960x7x7,0.11045
64,0,imagen.jpeg,135,pointwise_conv,1x960x7x7,3.572734
64,0,imagen.jpeg,136,batchnorm,1x160x7x7,0.012538
64,0,imagen.jpeg,137,layer_add,1x160x7x7,0.00409
64,0,imagen.jpeg,138,pointwise_conv,1x160x7x7,3.598941
64,0,imagen.jpeg,139,batchnorm,1x960x7x7,0.074384
64,0,imagen.jpeg,140,activacion,1x960x7x7,0.106504
64,0,imagen.jpeg,141,depthwise_conv,1x960x7x7,0.585824
64,0,imagen.jpeg,142,batchnorm,1x960x7x7,0.090799
64,0,imagen.jpeg,143,activacion,1x960x7x7,0.05735
64,0,imagen.jpeg,144,pointwise_conv,1x960x7x7,7.139901
64,0,imagen.jpeg,145,batchnorm,1x320x7x7,0.024998
64,0,imagen.jpeg,146,pointwise_conv,1x320x7x7,9.557807
64,0,imagen.jpeg,147,batchnorm,1x1280x7x7,0.099189
64,0,imagen.jpeg,148,activacion,1x1280x7x7,0.162961
64,0,imagen.jpeg,149,pooling,1x1280x7x7,0.033836
64,0,imagen.jpeg,150,linear,1x1280,1.116276
65,0,imagen.jpeg,0,conv2d,1x3x224x224,17.067583
65,0,imagen.jpeg,1,batchnorm,1x32x112x112,0.634791
65,0,imagen.jpeg,2,activacion,1x32x112x112,0.398776
65,0,imagen.jpeg,3,depthwise_conv,1x32x112x112,4.823897
65,0,imagen.jpeg,4,batchnorm,1x32x112x112,8.981977
65,0,imagen.jpeg,5,activacion,1x32x112x112,0.492074
65,0,imagen.jpeg,6,pointwise_conv,1x32x112x112,3.037623
65,0,imagen.jpeg,7,batchnorm,1x16x112x112,0.304695
65,0,imagen.jpeg,8,pointwise_conv,1x16x112x112,9.250446
65,0,imagen.jpeg,9,batchnorm,1x96x112x112,1.84231
65,0,imagen.jpeg,10,activacion,1x96x112x112,2.771166
65,0,imagen.jpeg,11,depthwise_conv,1x96x112x112,3.642397
65,0,imagen.jpeg,12,batchnorm,1x96x56x56,0.482301
65,0,imagen.jpeg,13,activacion,1x96x56x56,0.881441
65,0,imagen.jpeg,14,pointwise_conv,1x96x56x56,3.375738
65,0,imagen.jpeg,15,batchnorm,1x24x56x56,0.114215
65,0,imagen.jpeg,16,pointwise_conv,1x24x56x56,5.126934
65,0,imagen.jpeg,17,batchnorm,1x144x56x56,0.691203
65,0,imagen.jpeg,18,activacion,1x144x56x56,1.011106
65,0,imagen.jpeg,19,depthwise_conv,1x144x56x56,5.415065
65,0,imagen.jpeg,20,batchnorm,1x144x56x56,0.6995
65,0,imagen.jpeg,21,activacion,1x144x56x56,1.4756
65,0,imagen.jpeg,22,pointwise_conv,1x144x56x56,5.070953
65,0,imagen.jpeg,23,batchnorm,1x24x56x56,0.131356
65,0,imagen.jpeg,24,layer_add,1x24x56x56,0.034581
65,0,imagen.jpeg,25,pointwise_conv,1x24x56x56,5.130913
65,0,imagen.jpeg,26,batchnorm,1x144x56x56,0.705534
65,0,imagen.jpeg,27,activacion,1x144x56x56,1.345402
65,0,imagen.jpeg,28,depthwise_conv,1x144x56x56,1.339976
65,0,imagen.jpeg,29,batchnorm,1x144x28x28,0.178947
65,0,imagen.jpeg,30,activacion,1x144x28x28,0.30275
65,0,imagen.jpeg,31,pointwise_conv,1x144x28x28,1.706355
65,0,imagen.jpeg,32,batchnorm,1x32x28x28,0.038379
65,0,imagen.jpeg,33,pointwise_conv,1x32x28x28,2.291991
65,0,imagen.jpeg,34,batchnorm,1x192x28x28,0.229063
65,0,imagen.jpeg,35,activacion,1x192x28x28,0.288748
65,0,imagen.jpeg,36,depthwise_conv,1x192x28x28,1.975022
65,0,imagen.jpeg,37,batchnorm,1x192x28x28,0.248871
65,0,imagen.jpeg,38,activacion,1x192x28x28,0.483374
65,0,imagen.jpeg,39,pointwise_conv,1x192x28x28,2.263574
65,0,imagen.jpeg,40,batchnorm,1x32x28x28,0.038244
65,0,imagen.jpeg,41,layer_add,1x32x28x28,0.011339
65,0,imagen.jpeg,42,pointwise_conv,1x32x28x28,2.295259
65,0,imagen.jpeg,43,batchnorm,1x192x28x28,0.232274
65,0,imagen.jpeg,44,activacion,1x192x28x28,0.361808
65,0,imagen.jpeg,45,depthwise_conv,1x192x28x28,1.824823
65,0,imagen.jpeg,46,batchnorm,1x192x28x28,0.22908
65,0,imagen.jpeg,47,activacion,1x192x28x28,0.471591
65,0,imagen.jpeg,48,pointwise_conv,1x192x28x28,2.263783
65,0,imagen.jpeg,49,batchnorm,1x32x28x28,0.038307
65,0,imagen.jpeg,50,layer_add,1x32x28x28,0.011242
65,0,imagen.jpeg,51,pointwise_conv,1x32x28x28,2.295423
65,0,imagen.jpeg,52,batchnorm,1x192x28x28,0.23389
65,0,imagen.jpeg,53,activacion,1x192x28x28,0.43356
65,0,imagen.jpeg,54,depthwise_conv,1x192x28x28,0.481006
65,0,imagen.jpeg,55,batchnorm,1x192x14x14,0.057657
65,0,imagen.jpeg,56,activacion,1x192x14x14,0.077643
65,0,imagen.jpeg,57,pointwise_conv,1x192x14x14,1.194685
65,0,imagen.jpeg,58,batchnorm,1x64x14x14,0.019437
65,0,imagen.jpeg,59,pointwise_conv,1x64x14x14,2.413192
65,0,imagen.jpeg,60,batchnorm,1x384x14x14,0.115116
65,0,imagen.jpeg,61,activacion,1x384x14x14,0.153787
65,0,imagen.jpeg,62,depthwise_conv,1x384x14x14,0.93258
65,0,imagen.jpeg,63,batchnorm,1x384x14x14,0.117137
65,0,imagen.jpeg,64,activacion,1x384x14x14,0.245109
65,0,imagen.jpeg,65,pointwise_conv,1x384x14x14,2.396808
65,0,imagen.jpeg,66,batchnorm,1x64x14x14,0.019362
65,0,imagen.jpeg,67,layer_add,1x64x14x14,0.005718
65,0,imagen.jpeg,68,pointwise_conv,1x64x14x14,2.412199
65,0,imagen.jpeg,69,batchnorm,1x384x14x14,0.115324
65,0,imagen.jpeg,70,activacion,1x384x14x14,0.210041
65,0,imagen.jpeg,71,depthwise_conv,1x384x14x14,0.919523
65,0,imagen.jpeg,72,batchnorm,1x384x14x14,0.24596
65,0,imagen.jpeg,73,activacion,1x384x14x14,0.222433
65,0,imagen.jpeg,74,pointwise_conv,1x384x14x14,2.39243
65,0,imagen.jpeg,75,batchnorm,1x64x14x14,0.01931
65,0,imagen.jpeg,76,layer_add,1x64x14x14,0.0055
65,0,imagen.jpeg,77,pointwise_conv,1x64x14x14,2.403913
65,0,imagen.jpeg,78,batchnorm,1x384x14x14,0.115272
65,0,imagen.jpeg,79,activacion,1x384x14x14,0.228661
65,0,imagen.jpeg,80,depthwise_conv,1x384x14x14,0.933809
65,0,imagen.jpeg,81,batchnorm,1x384x14x14,0.446834
65,0,imagen.jpeg,82,activacion,1x384x14x14,0.204453
65,0,imagen.jpeg,83,pointwise_conv,1x384x14x14,2.39077
65,0,imagen.jpeg,84,batchnorm,1x64x14x14,0.019671
65,0,imagen.jpeg,85,layer_add,1x64x14x14,0.005476
65,0,imagen.jpeg,86,pointwise_conv,1x64x14x14,2.406356
65,0,imagen.jpeg,87,batchnorm,1x384x14x14,0.115466
65,0,imagen.jpeg,88,activacion,1x384x14x14,0.22806
65,0,imagen.jpeg,89,depthwise_conv,1x384x14x14,0.928852
65,0,imagen.jpeg,90,batchnorm,1x384x14x14,0.125721
65,0,imagen.jpeg,91,activacion,1x384x14x14,0.212209
65,0,imagen.jpeg,92,pointwise_conv,1x384x14x14,3.586038
65,0,imagen.jpeg,93,batchnorm,1x96x14x14,0.032584
65,0,imagen.jpeg,94,pointwise_conv,1x96x14x14,5.391585
65,0,imagen.jpeg,95,batchnorm,1x576x14x14,0.173008
65,0,imagen.jpeg,96,activacion,1x576x14x14,0.330871
65,0,imagen.jpeg,97,depthwise_conv,1x576x14x14,1.389622
65,0,imagen.jpeg,98,batchnorm,1x576x14x14,0.49929
65,0,imagen.jpeg,99,activacion,1x576x14x14,0.292176
65,0,imagen.jpeg,100,pointwise_conv,1x576x14x14,5.375751
65,0,imagen.jpeg,101,batchnorm,1x96x14x14,0.028942
65,0,imagen.jpeg,102,layer_add,1x96x14x14,0.008214
65,0,imagen.jpeg,103,pointwise_conv,1x96x14x14,5.408494
65,0,imagen.jpeg,104,batchnorm,1x576x14x14,0.172913
65,0,imagen.jpeg,105,activacion,1x576x14x14,0.32715
65,0,imagen.jpeg,106,depthwise_conv,1x576x14x14,1.402593
65,0,imagen.jpeg,107,batchnorm,1x576x14x14,0.434007
65,0,imagen.jpeg,108,activacion,1x576x14x14,0.262298
65,0,imagen.jpeg,109,pointwise_conv,1x576x14x14,5.369748
65,0,imagen.jpeg,110,batchnorm,1x96x14x14,0.028908
65,0,imagen.jpeg,111,layer_add,1x96x14x14,0.008213
65,0,imagen.jpeg,112,pointwise_conv,1x96x14x14,5.403683
65,0,imagen.jpeg,113,batchnorm,1x576x14x14,0.172977
65,0,imagen.jpeg,114,activacion,1x576x14x14,0.283915
65,0,imagen.jpeg,115,depthwise_conv,1x576x14x14,0.362292
65,0,imagen.jpeg,116,batchnorm,1x576x7x7,0.061181
65,0,imagen.jpeg,117,activacion,1x576x7x7,0.049832
65,0,imagen.jpeg,118,pointwise_conv,1x576x7x7,2.141821
65,0,imagen.jpeg,119,batchnorm,1x160x7x7,0.012791
65,0,imagen.jpeg,120,pointwise_conv,1x160x7x7,3.595368
65,0,imagen.jpeg,121,batchnorm,1x960x7x7,0.07802
65,0,imagen.jpeg,122,activacion,1x960x7x7,0.13398
65,0,imagen.jpeg,123,depthwise_conv,1x960x7x7,0.586377
65,0,imagen.jpeg,124,batchnorm,1x960x7x7,0.076449
65,0,imagen.jpeg,125,activacion,1x960x7x7,0.131187
65,0,imagen.jpeg,126,pointwise_conv,1x960x7x7,3.567372
65,0,imagen.jpeg,127,batchnorm,1x160x7x7,0.012624
65,0,imagen.jpeg,128,layer_add,1x160x7x7,0.003497
65,0,imagen.jpeg,129,pointwise_conv,1x160x7x7,3.581249
65,0,imagen.jpeg,130,batchnorm,1x960x7x7,0.074401
65,0,imagen.jpeg,131,activacion,1x960x7x7,0.127371
65,0,imagen.jpeg,132,depthwise_conv,1x960x7x7,0.592253
65,0,imagen.jpeg,133,batchnorm,1x960x7x7,0.134041
65,0,imagen.jpeg,134,activacion,1x960x7x7,0.109821
65,0,imagen.jpeg,135,pointwise_conv,1x960x7x7,3.575118
65,0,imagen.jpeg,136,batchnorm,1x160x7x7,0.012481
65,0,imagen.jpeg,137,layer_add,1x160x7x7,0.00417
65,0,imagen.jpeg,138,pointwise_conv,1x160x7x7,3.581428
65,0,imagen.jpeg,139,batchnorm,1x960x7x7,0.07439
65,0,imagen.jpeg,140,activacion,1x960x7x7,0.10548
65,0,imagen.jpeg,141,depthwise_conv,1x960x7x7,0.585813
65,0,imagen.jpeg,142,batchnorm,1x960x7x7,0.090782
65,0,imagen.jpeg,143,activacion,1x960x7x7,0.057561
65,0,imagen.jpeg,144,pointwise_conv,1x960x7x7,7.152551
65,0,imagen.jpeg,145,batchnorm,1x320x7x7,0.024995
65,0,imagen.jpeg,146,pointwise_conv,1x320x7x7,9.557915
65,0,imagen.jpeg,147,batchnorm,1x1280x7x7,0.099207
65,0,imagen.jpeg,148,activacion,1x1280x7x7,0.163872
65,0,imagen.jpeg,149,pooling,1x1280x7x7,0.033733
65,0,imagen.jpeg,150,linear,1x1280,1.114743
66,0,imagen.jpeg,0,conv2d,1x3x224x224,17.12811
66,0,imagen.jpeg,1,batchnorm,1x32x112x112,0.620734
66,0,imagen.jpeg,2,activacion,1x32x112x112,0.395958
66,0,imagen.jpeg,3,depthwise_conv,1x32x112x112,4.793499
66,0,imagen.jpeg,4,batchnorm,1x32x112x112,8.972865
66,0,imagen.jpeg,5,activacion,1x32x112x112,0.491972
66,0,imagen.jpeg,6,pointwise_conv,1x32x112x112,3.055033
66,0,imagen.jpeg,7,batchnorm,1x16x112x112,0.304667
66,0,imagen.jpeg,8,pointwise_conv,1x16x112x112,9.256791
66,0,imagen.jpeg,9,batchnorm,1x96x112x112,1.882844
66,0,imagen.jpeg,10,activacion,1x96x112x112,2.746573
66,0,imagen.jpeg,11,depthwise_conv,1x96x112x112,3.674278
66,0,imagen.jpeg,12,batchnorm,1x96x56x56,0.457365
66,0,imagen.jpeg,13,activacion,1x96x56x56,0.879235
66,0,imagen.jpeg,14,pointwise_conv,1x96x56x56,3.364645
66,0,imagen.jpeg,15,batchnorm,1x24x56x56,0.117543
66,0,imagen.jpeg,16,pointwise_conv,1x24x56x56,5.121998
66,0,imagen.jpeg,17,batchnorm,1x144x56x56,0.729486
66,0,imagen.jpeg,18,activacion,1x144x56x56,1.020503
66,0,imagen.jpeg,19,depthwise_conv,1x144x56x56,5.400117
66,0,imagen.jpeg,20,batchnorm,1x144x56x56,0.696156
66,0,imagen.jpeg,21,activacion,1x144x56x56,1.447378
66,0,imagen.jpeg,22,pointwise_conv,1x144x56x56,5.079818
66,0,imagen.jpeg,23,batchnorm,1x24x56x56,0.11415
66,0,imagen.jpeg,24,layer_add,1x24x56x56,0.033952
66,0,imagen.jpeg,25,pointwise_conv,1x24x56x56,5.118394
66,0,imagen.jpeg,26,batchnorm,1x144x56x56,0.689065
66,0,imagen.jpeg,27,activacion,1x144x56x56,1.341572
66,0,imagen.jpeg,28,depthwise_conv,1x144x56x56,1.408705
66,0,imagen.jpeg,29,batchnorm,1x144x28x28,0.177182
66,0,imagen.jpeg,30,activacion,1x144x28x28,0.299212
66,0,imagen.jpeg,31,pointwise_conv,1x144x28x28,1.702978
66,0,imagen.jpeg,32,batchnorm,1x32x28x28,0.038412
66,0,imagen.jpeg,33,pointwise_conv,1x32x28x28,2.293231
66,0,imagen.jpeg,34,batchnorm,1x192x28x28,0.23165
66,0,imagen.jpeg,35,activacion,1x192x28x28,0.289118
66,0,imagen.jpeg,36,depthwise_conv,1x192x28x28,1.832286
66,0,imagen.jpeg,37,batchnorm,1x192x28x28,0.229077
66,0,imagen.jpeg,38,activacion,1x192x28x28,0.483352
66,0,imagen.jpeg,39,pointwise_conv,1x192x28x28,2.267104
66,0,imagen.jpeg,40,batchnorm,1x32x28x28,0.038257
66,0,imagen.jpeg,41,layer_add,1x32x28x28,0.010983
66,0,imagen.jpeg,42,pointwise_conv,1x32x28x28,2.297692
66,0,imagen.jpeg,43,batchnorm,1x192x28x28,0.232395
66,0,imagen.jpeg,44,activacion,1x192x28x28,0.36231
66,0,imagen.jpeg,45,depthwise_conv,1x192x28x28,1.772371
66,0,imagen.jpeg,46,batchnorm,1x192x28x28,0.229278
66,0,imagen.jpeg,47,activacion,1x192x28x28,0.471343
66,0,imagen.jpeg,48,pointwise_conv,1x192x28x28,2.263847
66,0,imagen.jpeg,49,batchnorm,1x32x28x28,0.039867
66,0,imagen.jpeg,50,layer_add,1x32x28x28,0.011282
66,0,imagen.jpeg,51,pointwise_conv,1x32x28x28,2.304258
66,0,imagen.jpeg,52,batchnorm,1x192x28x28,0.232346
66,0,imagen.jpeg,53,activacion,1x192x28x28,0.427676
66,0,imagen.jpeg,54,depthwise_conv,1x192x28x28,0.481006
66,0,imagen.jpeg,55,batchnorm,1x192x14x14,0.063782
66,0,imagen.jpeg,56,activacion,1x192x14x14,0.077955
66,0,imagen.jpeg,57,pointwise_conv,1x192x14x14,1.194358
66,0,imagen.jpeg,58,batchnorm,1x64x14x14,0.019418
66,0,imagen.jpeg,59,pointwise_conv,1x64x14x14,2.410064
66,0,imagen.jpeg,60,batchnorm,1x384x14x14,0.117232
66,0,imagen.jpeg,61,activacion,1x384x14x14,0.153105
66,0,imagen.jpeg,62,depthwise_conv,1x384x14x14,0.928086
66,0,imagen.jpeg,63,batchnorm,1x384x14x14,0.115332
66,0,imagen.jpeg,64,activacion,1x384x14x14,0.24432
66,0,imagen.jpeg,65,pointwise_conv,1x384x14x14,2.391668
66,0,imagen.jpeg,66,batchnorm,1x64x14x14,0.019341
66,0,imagen.jpeg,67,layer_add,1x64x14x14,0.005534
66,0,imagen.jpeg,68,pointwise_conv,1x64x14x14,2.407515
66,0,imagen.jpeg,69,batchnorm,1x384x14x14,0.115302
66,0,imagen.jpeg,70,activacion,1x384x14x14,0.209413
66,0,imagen.jpeg,71,depthwise_conv,1x384x14x14,0.929433
66,0,imagen.jpeg,72,batchnorm,1x384x14x14,0.247608
66,0,imagen.jpeg,73,activacion,1x384x14x14,0.221329
66,0,imagen.jpeg,74,pointwise_conv,1x384x14x14,2.389419
66,0,imagen.jpeg,75,batchnorm,1x64x14x14,0.019308
66,0,imagen.jpeg,76,layer_add,1x64x14x14,0.005504
66,0,imagen.jpeg,77,pointwise_conv,1x64x14x14,2.40595
66,0,imagen.jpeg,78,batchnorm,1x384x14x14,0.118741
66,0,imagen.jpeg,79,activacion,1x384x14x14,0.229202
66,0,imagen.jpeg,80,depthwise_conv,1x384x14x14,0.91762
66,0,imagen.jpeg,81,batchnorm,1x384x14x14,0.444492
66,0,imagen.jpeg,82,activacion,1x384x14x14,0.199931
66,0,imagen.jpeg,83,pointwise_conv,1x384x14x14,2.390423
66,0,imagen.jpeg,84,batchnorm,1x64x14x14,0.019526
66,0,imagen.jpeg,85,layer_add,1x64x14x14,0.005525
66,0,imagen.jpeg,86,pointwise_conv,1x64x14x14,2.406346
66,0,imagen.jpeg,87,batchnorm,1x384x14x14,0.115288
66,0,imagen.jpeg,88,activacion,1x384x14x14,0.226365
66,0,imagen.jpeg,89,depthwise_conv,1x384x14x14,0.932553
66,0,imagen.jpeg,90,batchnorm,1x384x14x14,0.115326
66,0,imagen.jpeg,91,activacion,1x384x14x14,0.211802
66,0,imagen.jpeg,92,pointwise_conv,1x384x14x14,3.583472
66,0,imagen.jpeg,93,batchnorm,1x96x14x14,0.028923
66,0,imagen.jpeg,94,pointwise_conv,1x96x14x14,5.396377
66,0,imagen.jpeg,95,batchnorm,1x576x14x14,0.173015
66,0,imagen.jpeg,96,activacion,1x576x14x14,0.324605
66,0,imagen.jpeg,97,depthwise_conv,1x576x14x14,1.380847
66,0,imagen.jpeg,98,batchnorm,1x576x14x14,0.504987
66,0,imagen.jpeg,99,activacion,1x576x14x14,0.290869
66,0,imagen.jpeg,100,pointwise_conv,1x576x14x14,5.370028
66,0,imagen.jpeg,101,batchnorm,1x96x14x14,0.028917
66,0,imagen.jpeg,102,layer_add,1x96x14x14,0.008229
66,0,imagen.jpeg,103,pointwise_conv,1x96x14x14,5.407723
66,0,imagen.jpeg,104,batchnorm,1x576x14x14,0.17508
66,0,imagen.jpeg,105,activacion,1x576x14x14,0.324863
66,0,imagen.jpeg,106,depthwise_conv,1x576x14x14,1.402832
66,0,imagen.jpeg,107,batchnorm,1x576x14x14,0.433755
66,0,imagen.jpeg,108,activacion,1x576x14x14,0.261849
66,0,imagen.jpeg,109,pointwise_conv,1x576x14x14,5.375561
66,0,imagen.jpeg,110,batchnorm,1x96x14x14,0.030843
66,0,imagen.jpeg,111,layer_add,1x96x14x14,0.008233
66,0,imagen.jpeg,112,pointwise_conv,1x96x14x14,5.402383
66,0,imagen.jpeg,113,batchnorm,1x576x14x14,0.175459
66,0,imagen.jpeg,114,activacion,1x576x14x14,0.283126
66,0,imagen.jpeg,115,depthwise_conv,1x576x14x14,0.34895
66,0,imagen.jpeg,116,batchnorm,1x576x7x7,0.061185
66,0,imagen.jpeg,117,activacion,1x576x7x7,0.049928
66,0,imagen.jpeg,118,pointwise_conv,1x576x7x7,2.144917
66,0,imagen.jpeg,119,batchnorm,1x160x7x7,0.012697
66,0,imagen.jpeg,120,pointwise_conv,1x160x7x7,3.580359
66,0,imagen.jpeg,121,batchnorm,1x960x7x7,0.074375
66,0,imagen.jpeg,122,activacion,1x960x7x7,0.134286
66,0,imagen.jpeg,123,depthwise_conv,1x960x7x7,0.58642
66,0,imagen.jpeg,124,batchnorm,1x960x7x7,0.074652
66,0,imagen.jpeg,125,activacion,1x960x7x7,0.127578
66,0,imagen.jpeg,126,pointwise_conv,1x960x7x7,3.568215
66,0,imagen.jpeg,127,batchnorm,1x160x7x7,0.012595
66,0,imagen.jpeg,128,layer_add,1x160x7x7,0.003494
66,0,imagen.jpeg,129,pointwise_conv,1x160x7x7,3.581996
66,0,imagen.jpeg,130,batchnorm,1x960x7x7,0.07438
66,0,imagen.jpeg,131,activacion,1x960x7x7,0.126686
66,0,imagen.jpeg,132,depthwise_conv,1x960x7x7,0.588043
66,0,imagen.jpeg,133,batchnorm,1x960x7x7,0.12371
66,0,imagen.jpeg,134,activacion,1x960x7x7,0.109532
66,0,imagen.jpeg,135,pointwise_conv,1x960x7x7,3.634614
66,0,imagen.jpeg,136,batchnorm,1x160x7x7,0.012533
66,0,imagen.jpeg,137,layer_add,1x160x7x7,0.004095
66,0,imagen.jpeg,138,pointwise_conv,1x160x7x7,3.582103
66,0,imagen.jpeg,139,batchnorm,1x960x7x7,0.074406
66,0,imagen.jpeg,140,activacion,1x960x7x7,0.102963
66,0,imagen.jpeg,141,depthwise_conv,1x960x7x7,0.588615
66,0,imagen.jpeg,142,batchnorm,1x960x7x7,0.090789
66,0,imagen.jpeg,143,activacion,1x960x7x7,0.057499
66,0,imagen.jpeg,144,pointwise_conv,1x960x7x7,7.150918
66,0,imagen.jpeg,145,batchnorm,1x320x7x7,0.025002
66,0,imagen.jpeg,146,pointwise_conv,1x320x7x7,9.533011
66,0,imagen.jpeg,147,batchnorm,1x1280x7x7,0.099202
66,0,imagen.jpeg,148,activacion,1x1280x7x7,0.158598
66,0,imagen.jpeg,149,pooling,1x1280x7x7,0.03364
66,0,imagen.jpeg,150,linear,1x1280,1.114171
67,0,imagen.jpeg,0,conv2d,1x3x224x224,17.117226
67,0,imagen.jpeg,1,batchnorm,1x32x112x112,0.620352
67,0,imagen.jpeg,2,activacion,1x32x112x112,0.402316
67,0,imagen.jpeg,3,depthwise_conv,1x32x112x112,4.78336
67,0,imagen.jpeg,4,batchnorm,1x32x112x112,8.976011
67,0,imagen.jpeg,5,activacion,1x32x112x112,0.492516
67,0,imagen.jpeg,6,pointwise_conv,1x32x112x112,3.023763
67,0,imagen.jpeg,7,batchnorm,1x16x112x112,0.307333
67,0,imagen.jpeg,8,pointwise_conv,1x16x112x112,9.258278
67,0,imagen.jpeg,9,batchnorm,1x96x112x112,1.84121
67,0,imagen.jpeg,10,activacion,1x96x112x112,2.750826
67,0,imagen.jpeg,11,depthwise_conv,1x96x112x112,3.551682
67,0,imagen.jpeg,12,batchnorm,1x96x56x56,0.459102
67,0,imagen.jpeg,13,activacion,1x96x56x56,0.881249
67,0,imagen.jpeg,14,pointwise_conv,1x96x56x56,3.366876
67,0,imagen.jpeg,15,batchnorm,1x24x56x56,0.118132
67,0,imagen.jpeg,16,pointwise_conv,1x24x56x56,5.119356
67,0,imagen.jpeg,17,batchnorm,1x144x56x56,0.682661
67,0,imagen.jpeg,18,activacion,1x144x56x56,1.008296
67,0,imagen.jpeg,19,depthwise_conv,1x144x56x56,5.41394
67,0,imagen.jpeg,20,batchnorm,1x144x56x56,0.69735
67,0,imagen.jpeg,21,activacion,1x144x56x56,1.439301
67,0,imagen.jpeg,22,pointwise_conv,1x144x56x56,5.064741
67,0,imagen.jpeg,23,batchnorm,1x24x56x56,0.114378
67,0,imagen.jpeg,24,layer_add,1x24x56x56,0.033435
67,0,imagen.jpeg,25,pointwise_conv,1x24x56x56,5.111329
67,0,imagen.jpeg,26,batchnorm,1x144x56x56,0.682991
67,0,imagen.jpeg,27,activacion,1x144x56x56,1.342143
67,0,imagen.jpeg,28,depthwise_conv,1x144x56x56,1.330387
67,0,imagen.jpeg,29,batchnorm,1x144x28x28,0.172154
67,0,imagen.jpeg,30,activacion,1x144x28x28,0.305654
67,0,imagen.jpeg,31,pointwise_conv,1x144x28x28,1.699041
67,0,imagen.jpeg,32,batchnorm,1x32x28x28,0.038362
67,0,imagen.jpeg,33,pointwise_conv,1x32x28x28,2.292044
67,0,imagen.jpeg,34,batchnorm,1x192x28x28,0.229363
67,0,imagen.jpeg,35,activacion,1x192x28x28,0.28886
67,0,imagen.jpeg,36,depthwise_conv,1x192x28x28,1.832365
67,0,imagen.jpeg,37,batchnorm,1x192x28x28,0.232909
67,0,imagen.jpeg,38,activacion,1x192x28x28,0.486014
67,0,imagen.jpeg,39,pointwise_conv,1x192x28x28,2.267059
67,0,imagen.jpeg,40,batchnorm,1x32x28x28,0.038286
67,0,imagen.jpeg,41,layer_add,1x32x28x28,0.011701
67,0,imagen.jpeg,42,pointwise_conv,1x32x28x28,2.302336
67,0,imagen.jpeg,43,batchnorm,1x192x28x28,0.229103
67,0,imagen.jpeg,44,activacion,1x192x28x28,0.363643
67,0,imagen.jpeg,45,depthwise_conv,1x192x28x28,1.783119
67,0,imagen.jpeg,46,batchnorm,1x192x28x28,0.232622
67,0,imagen.jpeg,47,activacion,1x192x28x28,0.463836
67,0,imagen.jpeg,48,pointwise_conv,1x192x28x28,2.264224
67,0,imagen.jpeg,49,batchnorm,1x32x28x28,0.040015
67,0,imagen.jpeg,50,layer_add,1x32x28x28,0.011172
67,0,imagen.jpeg,51,pointwise_conv,1x32x28x28,2.298883
67,0,imagen.jpeg,52,batchnorm,1x192x28x28,0.229089
67,0,imagen.jpeg,53,activacion,1x192x28x28,0.432229
67,0,imagen.jpeg,54,depthwise_conv,1x192x28x28,0.45909
67,0,imagen.jpeg,55,batchnorm,1x192x14x14,0.057691
67,0,imagen.jpeg,56,activacion,1x192x14x14,0.078286
67,0,imagen.jpeg,57,pointwise_conv,1x192x14x14,1.196895
67,0,imagen.jpeg,58,batchnorm,1x64x14x14,0.019428
67,0,imagen.jpeg,59,pointwise_conv,1x64x14x14,2.412407
67,0,imagen.jpeg,60,batchnorm,1x384x14x14,0.115341
67,0,imagen.jpeg,61,activacion,1x384x14x14,0.153972
67,0,imagen.jpeg,62,depthwise_conv,1x384x14x14,0.930754
67,0,imagen.jpeg,63,batchnorm,1x384x14x14,0.115338
67,0,imagen.jpeg,64,activacion,1x384x14x14,0.246048
67,0,imagen.jpeg,65,pointwise_conv,1x384x14x14,2.389159
67,0,imagen.jpeg,66,batchnorm,1x64x14x14,0.019296
67,0,imagen.jpeg,67,layer_add,1x64x14x14,0.005507
67,0,imagen.jpeg,68,pointwise_conv,1x64x14x14,2.410347
67,0,imagen.jpeg,69,batchnorm,1x384x14x14,0.117431
67,0,imagen.jpeg,70,activacion,1x384x14x14,0.205728
67,0,imagen.jpeg,71,depthwise_conv,1x384x14x14,0.932246
67,0,imagen.jpeg,72,batchnorm,1x384x14x14,0.245777
67,0,imagen.jpeg,73,activacion,1x384x14x14,0.221257
67,0,imagen.jpeg,74,pointwise_conv,1x384x14x14,2.39161
67,0,imagen.jpeg,75,batchnorm,1x64x14x14,0.019299
67,0,imagen.jpeg,76,layer_add,1x64x14x14,0.005512
67,0,imagen.jpeg,77,pointwise_conv,1x64x14x14,2.40313
67,0,imagen.jpeg,78,batchnorm,1x384x14x14,0.117525
67,0,imagen.jpeg,79,activacion,1x384x14x14,0.2289
67,0,imagen.jpeg,80,depthwise_conv,1x384x14x14,0.922954
67,0,imagen.jpeg,81,batchnorm,1x384x14x14,0.441811
67,0,imagen.jpeg,82,activacion,1x384x14x14,0.200683
67,0,imagen.jpeg,83,pointwise_conv,1x384x14x14,2.394405
67,0,imagen.jpeg,84,batchnorm,1x64x14x14,0.019497
67,0,imagen.jpeg,85,layer_add,1x64x14x14,0.005506
67,0,imagen.jpeg,86,pointwise_conv,1x64x14x14,2.405281
67,0,imagen.jpeg,87,batchnorm,1x384x14x14,0.119828
67,0,imagen.jpeg,88,activacion,1x384x14x14,0.227583
67,0,imagen.jpeg,89,depthwise_conv,1x384x14x14,0.91355
67,0,imagen.jpeg,90,batchnorm,1x384x14x14,0.115342
67,0,imagen.jpeg,91,activacion,1x384x14x14,0.209577
67,0,imagen.jpeg,92,pointwise_conv,1x384x14x14,3.589422
67,0,imagen.jpeg,93,batchnorm,1x96x14x14,0.028832
67,0,imagen.jpeg,94,pointwise_conv,1x96x14x14,5.394952
67,0,imagen.jpeg,95,batchnorm,1x576x14x14,0.172862
67,0,imagen.jpeg,96,activacion,1x576x14x14,0.329402
67,0,imagen.jpeg,97,depthwise_conv,1x576x14x14,1.388783
67,0,imagen.jpeg,98,batchnorm,1x576x14x14,0.502775
67,0,imagen.jpeg,99,activacion,1x576x14x14,0.286052
67,0,imagen.jpeg,100,pointwise_conv,1x576x14x14,5.389602
67,0,imagen.jpeg,101,batchnorm,1x96x14x14,0.028942
67,0,imagen.jpeg,102,layer_add,1x96x14x14,0.008323
67,0,imagen.jpeg,103,pointwise_conv,1x96x14x14,5.402246
67,0,imagen.jpeg,104,batchnorm,1x576x14x14,0.173157
67,0,imagen.jpeg,105,activacion,1x576x14x14,0.329746
67,0,imagen.jpeg,106,depthwise_conv,1x576x14x14,1.398343
67,0,imagen.jpeg,107,batchnorm,1x576x14x14,0.437119
67,0,imagen.jpeg,108,activacion,1x576x14x14,0.256958
67,0,imagen.jpeg,109,pointwise_conv,1x576x14x14,5.373208
67,0,imagen.jpeg,110,batchnorm,1x96x14x14,0.02881
67,0,imagen.jpeg,111,layer_add,1x96x14x14,0.008237
67,0,imagen.jpeg,112,pointwise_conv,1x96x14x14,5.407294
67,0,imagen.jpeg,113,batchnorm,1x576x14x14,0.172874
67,0,imagen.jpeg,114,activacion,1x576x14x14,0.282353
67,0,imagen.jpeg,115,depthwise_conv,1x576x14x14,0.365731
67,0,imagen.jpeg,116,batchnorm,1x576x7x7,0.061172
67,0,imagen.jpeg,117,activacion,1x576x7x7,0.049916
67,0,imagen.jpeg,118,pointwise_conv,1x576x7x7,2.142222
67,0,imagen.jpeg,119,batchnorm,1x160x7x7,0.012674
67,0,imagen.jpeg,120,pointwise_conv,1x160x7x7,3.583439
67,0,imagen.jpeg,121,batchnorm,1x960x7x7,0.074379
67,0,imagen.jpeg,122,activacion,1x960x7x7,0.13393
67,0,imagen.jpeg,123,depthwise_conv,1x960x7x7,0.561242
67,0,imagen.jpeg,124,batchnorm,1x960x7x7,0.078245
67,0,imagen.jpeg,125,activacion,1x960x7x7,0.127463
67,0,imagen.jpeg,126,pointwise_conv,1x960x7x7,3.589463
67,0,imagen.jpeg,127,batchnorm,1x160x7x7,0.01262
67,0,imagen.jpeg,128,layer_add,1x160x7x7,0.00349
67,0,imagen.jpeg,129,pointwise_conv,1x160x7x7,3.581703
67,0,imagen.jpeg,130,batchnorm,1x960x7x7,0.074355
67,0,imagen.jpeg,131,activacion,1x960x7x7,0.12622
67,0,imagen.jpeg,132,depthwise_conv,1x960x7x7,0.590185
67,0,imagen.jpeg,133,batchnorm,1x960x7x7,0.123533
67,0,imagen.jpeg,134,activacion,1x960x7x7,0.10944
67,0,imagen.jpeg,135,pointwise_conv,1x960x7x7,3.569143
67,0,imagen.jpeg,136,batchnorm,1x160x7x7,0.012518
67,0,imagen.jpeg,137,layer_add,1x160x7x7,0.003698
67,0,imagen.jpeg,138,pointwise_conv,1x160x7x7,3.587876
67,0,imagen.jpeg,139,batchnorm,1x960x7x7,0.076216
67,0,imagen.jpeg,140,activacion,1x960x7x7,0.103153
67,0,imagen.jpeg,141,depthwise_conv,1x960x7x7,0.586161
67,0,imagen.jpeg,142,batchnorm,1x960x7x7,0.094338
67,0,imagen.jpeg,143,activacion,1x960x7x7,0.057554
67,0,imagen.jpeg,144,pointwise_conv,1x960x7x7,7.13736
67,0,imagen.jpeg,145,batchnorm,1x320x7x7,0.02498
67,0,imagen.jpeg,146,pointwise_conv,1x320x7x7,9.531276
67,0,imagen.jpeg,147,batchnorm,1x1280x7x7,0.101307
67,0,imagen.jpeg,148,activacion,1x1280x7x7,0.158585
67,0,imagen.jpeg,149,pooling,1x1280x7x7,0.033693
67,0,imagen.jpeg,150,linear,1x1280,1.093084
68,0,imagen.jpeg,0,conv2d,1x3x224x224,17.312925
68,0,imagen.jpeg,1,batchnorm,1x32x112x112,0.60899
68,0,imagen.jpeg,2,activacion,1x32x112x112,0.407506
68,0,imagen.jpeg,3,depthwise_conv,1x32x112x112,4.794227
68,0,imagen.jpeg,4,batchnorm,1x32x112x112,8.979858
68,0,imagen.jpeg,5,activacion,1x32x112x112,0.488015
68,0,imagen.jpeg,6,pointwise_conv,1x32x112x112,3.030142
68,0,imagen.jpeg,7,batchnorm,1x16x112x112,0.316343
68,0,imagen.jpeg,8,pointwise_conv,1x16x112x112,9.251673
68,0,imagen.jpeg,9,batchnorm,1x96x112x112,1.887733
68,0,imagen.jpeg,10,activacion,1x96x112x112,2.778397
68,0,imagen.jpeg,11,depthwise_conv,1x96x112x112,3.629133
68,0,imagen.jpeg,12,batchnorm,1x96x56x56,0.46193
68,0,imagen.jpeg,13,activacion,1x96x56x56,0.880738
68,0,imagen.jpeg,14,pointwise_conv,1x96x56x56,3.368212
68,0,imagen.jpeg,15,batchnorm,1x24x56x56,0.114274
68,0,imagen.jpeg,16,pointwise_conv,1x24x56x56,5.11802
68,0,imagen.jpeg,17,batchnorm,1x144x56x56,0.684737
68,0,imagen.jpeg,18,activacion,1x144x56x56,1.008819
68,0,imagen.jpeg,19,depthwise_conv,1x144x56x56,5.430831
68,0,imagen.jpeg,20,batchnorm,1x144x56x56,0.698192
68,0,imagen.jpeg,21,activacion,1x144x56x56,1.447391
68,0,imagen.jpeg,22,pointwise_conv,1x144x56x56,5.068631
68,0,imagen.jpeg,23,batchnorm,1x24x56x56,0.116728
68,0,imagen.jpeg,24,layer_add,1x24x56x56,0.033488
68,0,imagen.jpeg,25,pointwise_conv,1x24x56x56,5.147165
68,0,imagen.jpeg,26,batchnorm,1x144x56x56,0.685566
68,0,imagen.jpeg,27,activacion,1x144x56x56,1.344695
68,0,imagen.jpeg,28,depthwise_conv,1x144x56x56,1.391462
68,0,imagen.jpeg,29,batchnorm,1x144x28x28,0.185126
68,0,imagen.jpeg,30,activacion,1x144x28x28,0.307493
68,0,imagen.jpeg,31,pointwise_conv,1x144x28x28,1.70547
68,0,imagen.jpeg,32,batchnorm,1x32x28x28,0.041566
68,0,imagen.jpeg,33,pointwise_conv,1x32x28x28,2.29383
68,0,imagen.jpeg,34,batchnorm,1x192x28x28,0.229207
68,0,imagen.jpeg,35,activacion,1x192x28x28,0.292137
68,0,imagen.jpeg,36,depthwise_conv,1x192x28x28,1.831724
68,0,imagen.jpeg,37,batchnorm,1x192x28x28,0.232297
68,0,imagen.jpeg,38,activacion,1x192x28x28,0.478329
68,0,imagen.jpeg,39,pointwise_conv,1x192x28x28,2.263807
68,0,imagen.jpeg,40,batchnorm,1x32x28x28,0.038249
68,0,imagen.jpeg,41,layer_add,1x32x28x28,0.011251
68,0,imagen.jpeg,42,pointwise_conv,1x32x28x28,2.294207
68,0,imagen.jpeg,43,batchnorm,1x192x28x28,0.229003
68,0,imagen.jpeg,44,activacion,1x192x28x28,0.366598
68,0,imagen.jpeg,45,depthwise_conv,1x192x28x28,1.830891
68,0,imagen.jpeg,46,batchnorm,1x192x28x28,0.231693
68,0,imagen.jpeg,47,activacion,1x192x28x28,0.466464
68,0,imagen.jpeg,48,pointwise_conv,1x192x28x28,2.267856
68,0,imagen.jpeg,49,batchnorm,1x32x28x28,0.038275
68,0,imagen.jpeg,50,layer_add,1x32x28x28,0.011056
68,0,imagen.jpeg,51,pointwise_conv,1x32x28x28,2.297408
68,0,imagen.jpeg,52,batchnorm,1x192x28x28,0.22917
68,0,imagen.jpeg,53,activacion,1x192x28x28,0.432807
68,0,imagen.jpeg,54,depthwise_conv,1x192x28x28,0.470619
68,0,imagen.jpeg,55,batchnorm,1x192x14x14,0.057682
68,0,imagen.jpeg,56,activacion,1x192x14x14,0.077999
68,0,imagen.jpeg,57,pointwise_conv,1x192x14x14,1.198638
68,0,imagen.jpeg,58,batchnorm,1x64x14x14,0.019465
68,0,imagen.jpeg,59,pointwise_conv,1x64x14x14,2.411232
68,0,imagen.jpeg,60,batchnorm,1x384x14x14,0.115365
68,0,imagen.jpeg,61,activacion,1x384x14x14,0.154355
68,0,imagen.jpeg,62,depthwise_conv,1x384x14x14,0.940631
68,0,imagen.jpeg,63,batchnorm,1x384x14x14,0.11802
68,0,imagen.jpeg,64,activacion,1x384x14x14,0.244643
68,0,imagen.jpeg,65,pointwise_conv,1x384x14x14,2.389764
68,0,imagen.jpeg,66,batchnorm,1x64x14x14,0.019316
68,0,imagen.jpeg,67,layer_add,1x64x14x14,0.005707
68,0,imagen.jpeg,68,pointwise_conv,1x64x14x14,2.409547
68,0,imagen.jpeg,69,batchnorm,1x384x14x14,0.115332
68,0,imagen.jpeg,70,activacion,1x384x14x14,0.206917
68,0,imagen.jpeg,71,depthwise_conv,1x384x14x14,0.934119
68,0,imagen.jpeg,72,batchnorm,1x384x14x14,0.245805
68,0,imagen.jpeg,73,activacion,1x384x14x14,0.227979
68,0,imagen.jpeg,74,pointwise_conv,1x384x14x14,2.389551
68,0,imagen.jpeg,75,batchnorm,1x64x14x14,0.019345
68,0,imagen.jpeg,76,layer_add,1x64x14x14,0.005532
68,0,imagen.jpeg,77,pointwise_conv,1x64x14x14,2.408683
68,0,imagen.jpeg,78,batchnorm,1x384x14x14,0.114918
68,0,imagen.jpeg,79,activacion,1x384x14x14,0.229886
68,0,imagen.jpeg,80,depthwise_conv,1x384x14x14,0.934904
68,0,imagen.jpeg,81,batchnorm,1x384x14x14,0.441791
68,0,imagen.jpeg,82,activacion,1x384x14x14,0.203785
68,0,imagen.jpeg,83,pointwise_conv,1x384x14x14,2.395427
68,0,imagen.jpeg,84,batchnorm,1x64x14x14,0.019394
68,0,imagen.jpeg,85,layer_add,1x64x14x14,0.005598
68,0,imagen.jpeg,86,pointwise_conv,1x64x14x14,2.414014
68,0,imagen.jpeg,87,batchnorm,1x384x14x14,0.115348
68,0,imagen.jpeg,88,activacion,1x384x14x14,0.227119
68,0,imagen.jpeg,89,depthwise_conv,1x384x14x14,0.934066
68,0,imagen.jpeg,90,batchnorm,1x384x14x14,0.115306
68,0,imagen.jpeg,91,activacion,1x384x14x14,0.209908
68,0,imagen.jpeg,92,pointwise_conv,1x384x14x14,3.58462
68,0,imagen.jpeg,93,batchnorm,1x96x14x14,0.029009
68,0,imagen.jpeg,94,pointwise_conv,1x96x14x14,5.39123
68,0,imagen.jpeg,95,batchnorm,1x576x14x14,0.172983
68,0,imagen.jpeg,96,activacion,1x576x14x14,0.325306
68,0,imagen.jpeg,97,depthwise_conv,1x576x14x14,1.389278
68,0,imagen.jpeg,98,batchnorm,1x576x14x14,0.499267
68,0,imagen.jpeg,99,activacion,1x576x14x14,0.288202
68,0,imagen.jpeg,100,pointwise_conv,1x576x14x14,5.375887
68,0,imagen.jpeg,101,batchnorm,1x96x14x14,0.028927
68,0,imagen.jpeg,102,layer_add,1x96x14x14,0.008244
68,0,imagen.jpeg,103,pointwise_conv,1x96x14x14,5.404041
68,0,imagen.jpeg,104,batchnorm,1x576x14x14,0.17317
68,0,imagen.jpeg,105,activacion,1x576x14x14,0.327365
68,0,imagen.jpeg,106,depthwise_conv,1x576x14x14,1.387324
68,0,imagen.jpeg,107,batchnorm,1x576x14x14,0.436793
68,0,imagen.jpeg,108,activacion,1x576x14x14,0.256802
68,0,imagen.jpeg,109,pointwise_conv,1x576x14x14,5.375534
68,0,imagen.jpeg,110,batchnorm,1x96x14x14,0.028892
68,0,imagen.jpeg,111,layer_add,1x96x14x14,0.008253
68,0,imagen.jpeg,112,pointwise_conv,1x96x14x14,5.402332
68,0,imagen.jpeg,113,batchnorm,1x576x14x14,0.172914
68,0,imagen.jpeg,114,activacion,1x576x14x14,0.281973
68,0,imagen.jpeg,115,depthwise_conv,1x576x14x14,0.364379
68,0,imagen.jpeg,116,batchnorm,1x576x7x7,0.061211
68,0,imagen.jpeg,117,activacion,1x576x7x7,0.049577
68,0,imagen.jpeg,118,pointwise_conv,1x576x7x7,2.151118
68,0,imagen.jpeg,119,batchnorm,1x160x7x7,0.012782
68,0,imagen.jpeg,120,pointwise_conv,1x160x7x7,3.583438
68,0,imagen.jpeg,121,batchnorm,1x960x7x7,0.074357
68,0,imagen.jpeg,122,activacion,1x960x7x7,0.133801
68,0,imagen.jpeg,123,depthwise_conv,1x960x7x7,0.561315
68,0,imagen.jpeg,124,batchnorm,1x960x7x7,0.074538
68,0,imagen.jpeg,125,activacion,1x960x7x7,0.127667
68,0,imagen.jpeg,126,pointwise_conv,1x960x7x7,3.570166
68,0,imagen.jpeg,127,batchnorm,1x160x7x7,0.012593
68,0,imagen.jpeg,128,layer_add,1x160x7x7,0.003553
68,0,imagen.jpeg,129,pointwise_conv,1x160x7x7,3.578728
68,0,imagen.jpeg,130,batchnorm,1x960x7x7,0.074399
68,0,imagen.jpeg,131,activacion,1x960x7x7,0.13025
68,0,imagen.jpeg,132,depthwise_conv,1x960x7x7,0.586062
68,0,imagen.jpeg,133,batchnorm,1x960x7x7,0.123519
68,0,imagen.jpeg,134,activacion,1x960x7x7,0.11025
68,0,imagen.jpeg,135,pointwise_conv,1x960x7x7,3.568042
68,0,imagen.jpeg,136,batchnorm,1x160x7x7,0.012454
68,0,imagen.jpeg,137,layer_add,1x160x7x7,0.003681
68,0,imagen.jpeg,138,pointwise_conv,1x160x7x7,3.582437
68,0,imagen.jpeg,139,batchnorm,1x960x7x7,0.074387
68,0,imagen.jpeg,140,activacion,1x960x7x7,0.102411
68,0,imagen.jpeg,141,depthwise_conv,1x960x7x7,0.589516
68,0,imagen.jpeg,142,batchnorm,1x960x7x7,0.090774
68,0,imagen.jpeg,143,activacion,1x960x7x7,0.057708
68,0,imagen.jpeg,144,pointwise_conv,1x960x7x7,7.137963
68,0,imagen.jpeg,145,batchnorm,1x320x7x7,0.024961
68,0,imagen.jpeg,146,pointwise_conv,1x320x7x7,9.539845
68,0,imagen.jpeg,147,batchnorm,1x1280x7x7,0.099167
68,0,imagen.jpeg,148,activacion,1x1280x7x7,0.158847
68,0,imagen.jpeg,149,pooling,1x1280x7x7,0.033727
68,0,imagen.jpeg,150,linear,1x1280,1.108575
69,0,imagen.jpeg,0,conv2d,1x3x224x224,17.066088
69,0,imagen.jpeg,1,batchnorm,1x32x112x112,0.609412
69,0,imagen.jpeg,2,activacion,1x32x112x112,0.406359
69,0,imagen.jpeg,3,depthwise_conv,1x32x112x112,4.80528
69,0,imagen.jpeg,4,batchnorm,1x32x112x112,9.008763
69,0,imagen.jpeg,5,activacion,1x32x112x112,0.486874
69,0,imagen.jpeg,6,pointwise_conv,1x32x112x112,3.036153
69,0,imagen.jpeg,7,batchnorm,1x16x112x112,0.314261
69,0,imagen.jpeg,8,pointwise_conv,1x16x112x112,9.273971
69,0,imagen.jpeg,9,batchnorm,1x96x112x112,1.841306
69,0,imagen.jpeg,10,activacion,1x96x112x112,2.800699
69,0,imagen.jpeg,11,depthwise_conv,1x96x112x112,3.652041
69,0,imagen.jpeg,12,batchnorm,1x96x56x56,0.478458
69,0,imagen.jpeg,13,activacion,1x96x56x56,0.879044
69,0,imagen.jpeg,14,pointwise_conv,1x96x56x56,3.363717
69,0,imagen.jpeg,15,batchnorm,1x24x56x56,0.114506
69,0,imagen.jpeg,16,pointwise_conv,1x24x56x56,5.125909
69,0,imagen.jpeg,17,batchnorm,1x144x56x56,0.701275
69,0,imagen.jpeg,18,activacion,1x144x56x56,1.035448
69,0,imagen.jpeg,19,depthwise_conv,1x144x56x56,5.409752
69,0,imagen.jpeg,20,batchnorm,1x144x56x56,0.689771
69,0,imagen.jpeg,21,activacion,1x144x56x56,1.442699
69,0,imagen.jpeg,22,pointwise_conv,1x144x56x56,5.065921
69,0,imagen.jpeg,23,batchnorm,1x24x56x56,0.117474
69,0,imagen.jpeg,24,layer_add,1x24x56x56,0.037672
69,0,imagen.jpeg,25,pointwise_conv,1x24x56x56,5.151195
69,0,imagen.jpeg,26,batchnorm,1x144x56x56,0.686506
69,0,imagen.jpeg,27,activacion,1x144x56x56,1.348404
69,0,imagen.jpeg,28,depthwise_conv,1x144x56x56,1.368858
69,0,imagen.jpeg,29,batchnorm,1x144x28x28,0.171974
69,0,imagen.jpeg,30,activacion,1x144x28x28,0.307718
69,0,imagen.jpeg,31,pointwise_conv,1x144x28x28,1.698484
69,0,imagen.jpeg,32,batchnorm,1x32x28x28,0.03836
69,0,imagen.jpeg,33,pointwise_conv,1x32x28x28,2.335057
69,0,imagen.jpeg,34,batchnorm,1x192x28x28,0.229094
69,0,imagen.jpeg,35,activacion,1x192x28x28,0.288326
69,0,imagen.jpeg,36,depthwise_conv,1x192x28x28,1.833473
69,0,imagen.jpeg,37,batchnorm,1x192x28x28,0.232958
69,0,imagen.jpeg,38,activacion,1x192x28x28,0.48307
69,0,imagen.jpeg,39,pointwise_conv,1x192x28x28,2.26647
69,0,imagen.jpeg,40,batchnorm,1x32x28x28,0.038234
69,0,imagen.jpeg,41,layer_add,1x32x28x28,0.011286
69,0,imagen.jpeg,42,pointwise_conv,1x32x28x28,2.294821
69,0,imagen.jpeg,43,batchnorm,1x192x28x28,0.22901
69,0,imagen.jpeg,44,activacion,1x192x28x28,0.36282
69,0,imagen.jpeg,45,depthwise_conv,1x192x28x28,1.832102
69,0,imagen.jpeg,46,batchnorm,1x192x28x28,0.232761
69,0,imagen.jpeg,47,activacion,1x192x28x28,0.464597
69,0,imagen.jpeg,48,pointwise_conv,1x192x28x28,2.266889
69,0,imagen.jpeg,49,batchnorm,1x32x28x28,0.038296
69,0,imagen.jpeg,50,layer_add,1x32x28x28,0.011326
69,0,imagen.jpeg,51,pointwise_conv,1x32x28x28,2.294057
69,0,imagen.jpeg,52,batchnorm,1x192x28x28,0.229137
69,0,imagen.jpeg,53,activacion,1x192x28x28,0.43065
69,0,imagen.jpeg,54,depthwise_conv,1x192x28x28,0.471343
69,0,imagen.jpeg,55,batchnorm,1x192x14x14,0.057694
69,0,imagen.jpeg,56,activacion,1x192x14x14,0.077495
69,0,imagen.jpeg,57,pointwise_conv,1x192x14x14,1.200343
69,0,imagen.jpeg,58,batchnorm,1x64x14x14,0.019412
69,0,imagen.jpeg,59,pointwise_conv,1x64x14x14,2.410527
69,0,imagen.jpeg,60,batchnorm,1x384x14x14,0.115514
69,0,imagen.jpeg,61,activacion,1x384x14x14,0.153958
69,0,imagen.jpeg,62,depthwise_conv,1x384x14x14,0.917487
69,0,imagen.jpeg,63,batchnorm,1x384x14x14,0.115412
69,0,imagen.jpeg,64,activacion,1x384x14x14,0.246966
69,0,imagen.jpeg,65,pointwise_conv,1x384x14x14,2.386635
69,0,imagen.jpeg,66,batchnorm,1x64x14x14,0.019326
69,0,imagen.jpeg,67,layer_add,1x64x14x14,0.005514
69,0,imagen.jpeg,68,pointwise_conv,1x64x14x14,2.406364
69,0,imagen.jpeg,69,batchnorm,1x384x14x14,0.115215
69,0,imagen.jpeg,70,activacion,1x384x14x14,0.206577
69,0,imagen.jpeg,71,depthwise_conv,1x384x14x14,0.933766
69,0,imagen.jpeg,72,batchnorm,1x384x14x14,0.248954
69,0,imagen.jpeg,73,activacion,1x384x14x14,0.226208
69,0,imagen.jpeg,74,pointwise_conv,1x384x14x14,2.389574
69,0,imagen.jpeg,75,batchnorm,1x64x14x14,0.019292
69,0,imagen.jpeg,76,layer_add,1x64x14x14,0.005516
69,0,imagen.jpeg,77,pointwise_conv,1x64x14x14,2.403859
69,0,imagen.jpeg,78,batchnorm,1x384x14x14,0.115109
69,0,imagen.jpeg,79,activacion,1x384x14x14,0.228236
69,0,imagen.jpeg,80,depthwise_conv,1x384x14x14,0.935344
69,0,imagen.jpeg,81,batchnorm,1x384x14x14,0.441807
69,0,imagen.jpeg,82,activacion,1x384x14x14,0.203306
69,0,imagen.jpeg,83,pointwise_conv,1x384x14x14,2.390625
69,0,imagen.jpeg,84,batchnorm,1x64x14x14,0.019496
69,0,imagen.jpeg,85,layer_add,1x64x14x14,0.005504
69,0,imagen.jpeg,86,pointwise_conv,1x64x14x14,2.405842
69,0,imagen.jpeg,87,batchnorm,1x384x14x14,0.119179
69,0,imagen.jpeg,88,activacion,1x384x14x14,0.226679
69,0,imagen.jpeg,89,depthwise_conv,1x384x14x14,0.912304
69,0,imagen.jpeg,90,batchnorm,1x384x14x14,0.115337
69,0,imagen.jpeg,91,activacion,1x384x14x14,0.21075
69,0,imagen.jpeg,92,pointwise_conv,1x384x14x14,3.588646
69,0,imagen.jpeg,93,batchnorm,1x96x14x14,0.028967
69,0,imagen.jpeg,94,pointwise_conv,1x96x14x14,5.392179
69,0,imagen.jpeg,95,batchnorm,1x576x14x14,0.1756
69,0,imagen.jpeg,96,activacion,1x576x14x14,0.325962
69,0,imagen.jpeg,97,depthwise_conv,1x576x14x14,1.398146
69,0,imagen.jpeg,98,batchnorm,1x576x14x14,0.502199
69,0,imagen.jpeg,99,activacion,1x576x14x14,0.287012
69,0,imagen.jpeg,100,pointwise_conv,1x576x14x14,5.376054
69,0,imagen.jpeg,101,batchnorm,1x96x14x14,0.028905
69,0,imagen.jpeg,102,layer_add,1x96x14x14,0.008222
69,0,imagen.jpeg,103,pointwise_conv,1x96x14x14,5.404492
69,0,imagen.jpeg,104,batchnorm,1x576x14x14,0.172932
69,0,imagen.jpeg,105,activacion,1x576x14x14,0.331872
69,0,imagen.jpeg,106,depthwise_conv,1x576x14x14,1.388319
69,0,imagen.jpeg,107,batchnorm,1x576x14x14,0.437196
69,0,imagen.jpeg,108,activacion,1x576x14x14,0.256144
69,0,imagen.jpeg,109,pointwise_conv,1x576x14x14,5.379073
69,0,imagen.jpeg,110,batchnorm,1x96x14x14,0.028858
69,0,imagen.jpeg,111,layer_add,1x96x14x14,0.008244
69,0,imagen.jpeg,112,pointwise_conv,1x96x14x14,5.408059
69,0,imagen.jpeg,113,batchnorm,1x576x14x14,0.172753
69,0,imagen.jpeg,114,activacion,1x576x14x14,0.283966
69,0,imagen.jpeg,115,depthwise_conv,1x576x14x14,0.352651
69,0,imagen.jpeg,116,batchnorm,1x576x7x7,0.061189
69,0,imagen.jpeg,117,activacion,1x576x7x7,0.049633
69,0,imagen.jpeg,118,pointwise_conv,1x576x7x7,2.14225
69,0,imagen.jpeg,119,batchnorm,1x160x7x7,0.01268
69,0,imagen.jpeg,120,pointwise_conv,1x160x7x7,3.582284
69,0,imagen.jpeg,121,batchnorm,1x960x7x7,0.07439
69,0,imagen.jpeg,122,activacion,1x960x7x7,0.133788
69,0,imagen.jpeg,123,depthwise_conv,1x960x7x7,0.590188
69,0,imagen.jpeg,124,batchnorm,1x960x7x7,0.074504
69,0,imagen.jpeg,125,activacion,1x960x7x7,0.128498
69,0,imagen.jpeg,126,pointwise_conv,1x960x7x7,3.571675
69,0,imagen.jpeg,127,batchnorm,1x160x7x7,0.012594
69,0,imagen.jpeg,128,layer_add,1x160x7x7,0.00351
69,0,imagen.jpeg,129,pointwise_conv,1x160x7x7,3.578246
69,0,imagen.jpeg,130,batchnorm,1x960x7x7,0.081966
69,0,imagen.jpeg,131,activacion,1x960x7x7,0.12644
69,0,imagen.jpeg,132,depthwise_conv,1x960x7x7,0.587051
69,0,imagen.jpeg,133,batchnorm,1x960x7x7,0.12363
69,0,imagen.jpeg,134,activacion,1x960x7x7,0.110401
69,0,imagen.jpeg,135,pointwise_conv,1x960x7x7,3.569384
69,0,imagen.jpeg,136,batchnorm,1x160x7x7,0.012461
69,0,imagen.jpeg,137,layer_add,1x160x7x7,0.003683
69,0,imagen.jpeg,138,pointwise_conv,1x160x7x7,3.583702
69,0,imagen.jpeg,139,batchnorm,1x960x7x7,0.074362
69,0,imagen.jpeg,140,activacion,1x960x7x7,0.103
69,0,imagen.jpeg,141,depthwise_conv,1x960x7x7,0.589138
69,0,imagen.jpeg,142,batchnorm,1x960x7x7,0.090758
69,0,imagen.jpeg,143,activacion,1x960x7x7,0.057302
69,0,imagen.jpeg,144,pointwise_conv,1x960x7x7,7.139423
69,0,imagen.jpeg,145,batchnorm,1x320x7x7,0.024972
69,0,imagen.jpeg,146,pointwise_conv,1x320x7x7,9.547723
69,0,imagen.jpeg,147,batchnorm,1x1280x7x7,0.10102
69,0,imagen.jpeg,148,activacion,1x1280x7x7,0.159049
69,0,imagen.jpeg,149,pooling,1x1280x7x7,0.03364
69,0,imagen.jpeg,150,linear,1x1280,1.092728
70,0,imagen.jpeg,0,conv2d,1x3x224x224,16.962225
70,0,imagen.jpeg,1,batchnorm,1x32x112x112,0.614796
70,0,imagen.jpeg,2,activacion,1x32x112x112,0.395476
70,0,imagen.jpeg,3,depthwise_conv,1x32x112x112,4.759771
70,0,imagen.jpeg,4,batchnorm,1x32x112x112,9.006064
70,0,imagen.jpeg,5,activacion,1x32x112x112,0.499895
70,0,imagen.jpeg,6,pointwise_conv,1x32x112x112,3.039028
70,0,imagen.jpeg,7,batchnorm,1x16x112x112,0.304666
70,0,imagen.jpeg,8,pointwise_conv,1x16x112x112,9.31988
70,0,imagen.jpeg,9,batchnorm,1x96x112x112,1.891607
70,0,imagen.jpeg,10,activacion,1x96x112x112,2.760907
70,0,imagen.jpeg,11,depthwise_conv,1x96x112x112,3.665148
70,0,imagen.jpeg,12,batchnorm,1x96x56x56,0.46246
70,0,imagen.jpeg,13,activacion,1x96x56x56,0.876959
70,0,imagen.jpeg,14,pointwise_conv,1x96x56x56,3.386957
70,0,imagen.jpeg,15,batchnorm,1x24x56x56,0.114444
70,0,imagen.jpeg,16,pointwise_conv,1x24x56x56,5.142344
70,0,imagen.jpeg,17,batchnorm,1x144x56x56,0.695204
70,0,imagen.jpeg,18,activacion,1x144x56x56,1.010561
70,0,imagen.jpeg,19,depthwise_conv,1x144x56x56,5.416273
70,0,imagen.jpeg,20,batchnorm,1x144x56x56,0.717742
70,0,imagen.jpeg,21,activacion,1x144x56x56,1.490098
70,0,imagen.jpeg,22,pointwise_conv,1x144x56x56,5.127462
70,0,imagen.jpeg,23,batchnorm,1x24x56x56,0.114218
70,0,imagen.jpeg,24,layer_add,1x24x56x56,0.036461
70,0,imagen.jpeg,25,pointwise_conv,1x24x56x56,5.151709
70,0,imagen.jpeg,26,batchnorm,1x144x56x56,0.695311
70,0,imagen.jpeg,27,activacion,1x144x56x56,1.348539
70,0,imagen.jpeg,28,depthwise_conv,1x144x56x56,1.388
70,0,imagen.jpeg,29,batchnorm,1x144x28x28,0.172058
70,0,imagen.jpeg,30,activacion,1x144x28x28,0.306413
70,0,imagen.jpeg,31,pointwise_conv,1x144x28x28,1.70263
70,0,imagen.jpeg,32,batchnorm,1x32x28x28,0.045974
70,0,imagen.jpeg,33,pointwise_conv,1x32x28x28,2.33783
70,0,imagen.jpeg,34,batchnorm,1x192x28x28,0.229205
70,0,imagen.jpeg,35,activacion,1x192x28x28,0.288286
70,0,imagen.jpeg,36,depthwise_conv,1x192x28x28,1.835766
70,0,imagen.jpeg,37,batchnorm,1x192x28x28,0.229217
70,0,imagen.jpeg,38,activacion,1x192x28x28,0.484678
70,0,imagen.jpeg,39,pointwise_conv,1x192x28x28,2.269343
70,0,imagen.jpeg,40,batchnorm,1x32x28x28,0.044551
70,0,imagen.jpeg,41,layer_add,1x32x28x28,0.011529
70,0,imagen.jpeg,42,pointwise_conv,1x32x28x28,2.299648
70,0,imagen.jpeg,43,batchnorm,1x192x28x28,0.229049
70,0,imagen.jpeg,44,activacion,1x192x28x28,0.36272
70,0,imagen.jpeg,45,depthwise_conv,1x192x28x28,1.807719
70,0,imagen.jpeg,46,batchnorm,1x192x28x28,0.233016
70,0,imagen.jpeg,47,activacion,1x192x28x28,0.46242
70,0,imagen.jpeg,48,pointwise_conv,1x192x28x28,2.267662
70,0,imagen.jpeg,49,batchnorm,1x32x28x28,0.040415
70,0,imagen.jpeg,50,layer_add,1x32x28x28,0.013517
70,0,imagen.jpeg,51,pointwise_conv,1x32x28x28,2.305678
70,0,imagen.jpeg,52,batchnorm,1x192x28x28,0.229306
70,0,imagen.jpeg,53,activacion,1x192x28x28,0.426744
70,0,imagen.jpeg,54,depthwise_conv,1x192x28x28,0.470394
70,0,imagen.jpeg,55,batchnorm,1x192x14x14,0.057778
70,0,imagen.jpeg,56,activacion,1x192x14x14,0.077964
70,0,imagen.jpeg,57,pointwise_conv,1x192x14x14,1.196123
70,0,imagen.jpeg,58,batchnorm,1x64x14x14,0.019444
70,0,imagen.jpeg,59,pointwise_conv,1x64x14x14,2.415503
70,0,imagen.jpeg,60,batchnorm,1x384x14x14,0.12434
70,0,imagen.jpeg,61,activacion,1x384x14x14,0.163274
70,0,imagen.jpeg,62,depthwise_conv,1x384x14x14,0.954993
70,0,imagen.jpeg,63,batchnorm,1x384x14x14,0.123617
70,0,imagen.jpeg,64,activacion,1x384x14x14,0.250513
70,0,imagen.jpeg,65,pointwise_conv,1x384x14x14,2.404823
70,0,imagen.jpeg,66,batchnorm,1x64x14x14,0.019327
70,0,imagen.jpeg,67,layer_add,1x64x14x14,0.005574
70,0,imagen.jpeg,68,pointwise_conv,1x64x14x14,2.427073
70,0,imagen.jpeg,69,batchnorm,1x384x14x14,0.115384
70,0,imagen.jpeg,70,activacion,1x384x14x14,0.205992
70,0,imagen.jpeg,71,depthwise_conv,1x384x14x14,0.928514
70,0,imagen.jpeg,72,batchnorm,1x384x14x14,0.250444
70,0,imagen.jpeg,73,activacion,1x384x14x14,0.230932
70,0,imagen.jpeg,74,pointwise_conv,1x384x14x14,2.392719
70,0,imagen.jpeg,75,batchnorm,1x64x14x14,0.019305
70,0,imagen.jpeg,76,layer_add,1x64x14x14,0.005541
70,0,imagen.jpeg,77,pointwise_conv,1x64x14x14,2.43493
70,0,imagen.jpeg,78,batchnorm,1x384x14x14,0.115335
70,0,imagen.jpeg,79,activacion,1x384x14x14,0.228943
70,0,imagen.jpeg,80,depthwise_conv,1x384x14x14,0.935132
70,0,imagen.jpeg,81,batchnorm,1x384x14x14,0.441769
70,0,imagen.jpeg,82,activacion,1x384x14x14,0.206532
70,0,imagen.jpeg,83,pointwise_conv,1x384x14x14,2.399557
70,0,imagen.jpeg,84,batchnorm,1x64x14x14,0.019496
70,0,imagen.jpeg,85,layer_add,1x64x14x14,0.005517
70,0,imagen.jpeg,86,pointwise_conv,1x64x14x14,2.416839
70,0,imagen.jpeg,87,batchnorm,1x384x14x14,0.117541
70,0,imagen.jpeg,88,activacion,1x384x14x14,0.227756
70,0,imagen.jpeg,89,depthwise_conv,1x384x14x14,0.932698
70,0,imagen.jpeg,90,batchnorm,1x384x14x14,0.115306
70,0,imagen.jpeg,91,activacion,1x384x14x14,0.209709
70,0,imagen.jpeg,92,pointwise_conv,1x384x14x14,3.599335
70,0,imagen.jpeg,93,batchnorm,1x96x14x14,0.029013
70,0,imagen.jpeg,94,pointwise_conv,1x96x14x14,5.416672
70,0,imagen.jpeg,95,batchnorm,1x576x14x14,0.172895
70,0,imagen.jpeg,96,activacion,1x576x14x14,0.327366
70,0,imagen.jpeg,97,depthwise_conv,1x576x14x14,1.414564
70,0,imagen.jpeg,98,batchnorm,1x576x14x14,0.501701
70,0,imagen.jpeg,99,activacion,1x576x14x14,0.287757
70,0,imagen.jpeg,100,pointwise_conv,1x576x14x14,5.388841
70,0,imagen.jpeg,101,batchnorm,1x96x14x14,0.028918
70,0,imagen.jpeg,102,layer_add,1x96x14x14,0.008237
70,0,imagen.jpeg,103,pointwise_conv,1x96x14x14,5.479348
70,0,imagen.jpeg,104,batchnorm,1x576x14x14,0.177931
70,0,imagen.jpeg,105,activacion,1x576x14x14,0.336825
70,0,imagen.jpeg,106,depthwise_conv,1x576x14x14,1.422607
70,0,imagen.jpeg,107,batchnorm,1x576x14x14,0.441392
70,0,imagen.jpeg,108,activacion,1x576x14x14,0.256713
70,0,imagen.jpeg,109,pointwise_conv,1x576x14x14,5.440829
70,0,imagen.jpeg,110,batchnorm,1x96x14x14,0.028982
70,0,imagen.jpeg,111,layer_add,1x96x14x14,0.00834
70,0,imagen.jpeg,112,pointwise_conv,1x96x14x14,5.407487
70,0,imagen.jpeg,113,batchnorm,1x576x14x14,0.172893
70,0,imagen.jpeg,114,activacion,1x576x14x14,0.283676
70,0,imagen.jpeg,115,depthwise_conv,1x576x14x14,0.362451
70,0,imagen.jpeg,116,batchnorm,1x576x7x7,0.061166
70,0,imagen.jpeg,117,activacion,1x576x7x7,0.049607
70,0,imagen.jpeg,118,pointwise_conv,1x576x7x7,2.148677
70,0,imagen.jpeg,119,batchnorm,1x160x7x7,0.012689
70,0,imagen.jpeg,120,pointwise_conv,1x160x7x7,3.586939
70,0,imagen.jpeg,121,batchnorm,1x960x7x7,0.074405
70,0,imagen.jpeg,122,activacion,1x960x7x7,0.134257
70,0,imagen.jpeg,123,depthwise_conv,1x960x7x7,0.555592
70,0,imagen.jpeg,124,batchnorm,1x960x7x7,0.082233
70,0,imagen.jpeg,125,activacion,1x960x7x7,0.127069
70,0,imagen.jpeg,126,pointwise_conv,1x960x7x7,3.582562
70,0,imagen.jpeg,127,batchnorm,1x160x7x7,0.012558
70,0,imagen.jpeg,128,layer_add,1x160x7x7,0.003497
70,0,imagen.jpeg,129,pointwise_conv,1x160x7x7,3.590541
70,0,imagen.jpeg,130,batchnorm,1x960x7x7,0.074382
70,0,imagen.jpeg,131,activacion,1x960x7x7,0.125961
70,0,imagen.jpeg,132,depthwise_conv,1x960x7x7,0.590078
70,0,imagen.jpeg,133,batchnorm,1x960x7x7,0.123556
70,0,imagen.jpeg,134,activacion,1x960x7x7,0.109488
70,0,imagen.jpeg,135,pointwise_conv,1x960x7x7,3.581514
70,0,imagen.jpeg,136,batchnorm,1x160x7x7,0.016908
70,0,imagen.jpeg,137,layer_add,1x160x7x7,0.003647
70,0,imagen.jpeg,138,pointwise_conv,1x160x7x7,3.620516
70,0,imagen.jpeg,139,batchnorm,1x960x7x7,0.074391
70,0,imagen.jpeg,140,activacion,1x960x7x7,0.1022
70,0,imagen.jpeg,141,depthwise_conv,1x960x7x7,0.589388
70,0,imagen.jpeg,142,batchnorm,1x960x7x7,0.0908
70,0,imagen.jpeg,143,activacion,1x960x7x7,0.059107
70,0,imagen.jpeg,144,pointwise_conv,1x960x7x7,7.276375
70,0,imagen.jpeg,145,batchnorm,1x320x7x7,0.027897
70,0,imagen.jpeg,146,pointwise_conv,1x320x7x7,9.567763
70,0,imagen.jpeg,147,batchnorm,1x1280x7x7,0.099161
70,0,imagen.jpeg,148,activacion,1x1280x7x7,0.164054
70,0,imagen.jpeg,149,pooling,1x1280x7x7,0.033714
70,0,imagen.jpeg,150,linear,1x1280,1.10067
71,0,imagen.jpeg,0,conv2d,1x3x224x224,17.305079
71,0,imagen.jpeg,1,batchnorm,1x32x112x112,0.621725
71,0,imagen.jpeg,2,activacion,1x32x112x112,0.405094
71,0,imagen.jpeg,3,depthwise_conv,1x32x112x112,4.796852
71,0,imagen.jpeg,4,batchnorm,1x32x112x112,9.066743
71,0,imagen.jpeg,5,activacion,1x32x112x112,0.491964
71,0,imagen.jpeg,6,pointwise_conv,1x32x112x112,3.038523
71,0,imagen.jpeg,7,batchnorm,1x16x112x112,0.304835
71,0,imagen.jpeg,8,pointwise_conv,1x16x112x112,9.280689
71,0,imagen.jpeg,9,batchnorm,1x96x112x112,1.846628
71,0,imagen.jpeg,10,activacion,1x96x112x112,2.77751
71,0,imagen.jpeg,11,depthwise_conv,1x96x112x112,3.66604
71,0,imagen.jpeg,12,batchnorm,1x96x56x56,0.461741
71,0,imagen.jpeg,13,activacion,1x96x56x56,0.883256
71,0,imagen.jpeg,14,pointwise_conv,1x96x56x56,3.394156
71,0,imagen.jpeg,15,batchnorm,1x24x56x56,0.114349
71,0,imagen.jpeg,16,pointwise_conv,1x24x56x56,5.26933
71,0,imagen.jpeg,17,batchnorm,1x144x56x56,0.683241
71,0,imagen.jpeg,18,activacion,1x144x56x56,1.026607
71,0,imagen.jpeg,19,depthwise_conv,1x144x56x56,5.448238
71,0,imagen.jpeg,20,batchnorm,1x144x56x56,0.690296
71,0,imagen.jpeg,21,activacion,1x144x56x56,1.46444
71,0,imagen.jpeg,22,pointwise_conv,1x144x56x56,5.083353
71,0,imagen.jpeg,23,batchnorm,1x24x56x56,0.113973
71,0,imagen.jpeg,24,layer_add,1x24x56x56,0.035798
71,0,imagen.jpeg,25,pointwise_conv,1x24x56x56,5.140908
71,0,imagen.jpeg,26,batchnorm,1x144x56x56,0.685522
71,0,imagen.jpeg,27,activacion,1x144x56x56,1.346587
71,0,imagen.jpeg,28,depthwise_conv,1x144x56x56,1.399376
71,0,imagen.jpeg,29,batchnorm,1x144x28x28,0.17192
71,0,imagen.jpeg,30,activacion,1x144x28x28,0.30604
71,0,imagen.jpeg,31,pointwise_conv,1x144x28x28,1.710064
71,0,imagen.jpeg,32,batchnorm,1x32x28x28,0.038333
71,0,imagen.jpeg,33,pointwise_conv,1x32x28x28,2.293894
71,0,imagen.jpeg,34,batchnorm,1x192x28x28,0.229357
71,0,imagen.jpeg,35,activacion,1x192x28x28,0.294189
71,0,imagen.jpeg,36,depthwise_conv,1x192x28x28,1.833403
71,0,imagen.jpeg,37,batchnorm,1x192x28x28,0.237657
71,0,imagen.jpeg,38,activacion,1x192x28x28,0.478886
71,0,imagen.jpeg,39,pointwise_conv,1x192x28x28,2.266516
71,0,imagen.jpeg,40,batchnorm,1x32x28x28,0.038261
71,0,imagen.jpeg,41,layer_add,1x32x28x28,0.011094
71,0,imagen.jpeg,42,pointwise_conv,1x32x28x28,2.304857
71,0,imagen.jpeg,43,batchnorm,1x192x28x28,0.229245
71,0,imagen.jpeg,44,activacion,1x192x28x28,0.367325
71,0,imagen.jpeg,45,depthwise_conv,1x192x28x28,1.833109
71,0,imagen.jpeg,46,batchnorm,1x192x28x28,0.234598
71,0,imagen.jpeg,47,activacion,1x192x28x28,0.471679
71,0,imagen.jpeg,48,pointwise_conv,1x192x28x28,2.344714
71,0,imagen.jpeg,49,batchnorm,1x32x28x28,0.038303
71,0,imagen.jpeg,50,layer_add,1x32x28x28,0.011757
71,0,imagen.jpeg,51,pointwise_conv,1x32x28x28,2.325849
71,0,imagen.jpeg,52,batchnorm,1x192x28x28,0.229082
71,0,imagen.jpeg,53,activacion,1x192x28x28,0.457757
71,0,imagen.jpeg,54,depthwise_conv,1x192x28x28,0.49793
71,0,imagen.jpeg,55,batchnorm,1x192x14x14,0.070133
71,0,imagen.jpeg,56,activacion,1x192x14x14,0.079472
71,0,imagen.jpeg,57,pointwise_conv,1x192x14x14,1.207862
71,0,imagen.jpeg,58,batchnorm,1x64x14x14,0.019547
71,0,imagen.jpeg,59,pointwise_conv,1x64x14x14,2.409577
71,0,imagen.jpeg,60,batchnorm,1x384x14x14,0.118787
71,0,imagen.jpeg,61,activacion,1x384x14x14,0.15525
71,0,imagen.jpeg,62,depthwise_conv,1x384x14x14,0.934447
71,0,imagen.jpeg,63,batchnorm,1x384x14x14,0.117221
71,0,imagen.jpeg,64,activacion,1x384x14x14,0.242734
71,0,imagen.jpeg,65,pointwise_conv,1x384x14x14,2.400942
71,0,imagen.jpeg,66,batchnorm,1x64x14x14,0.019424
71,0,imagen.jpeg,67,layer_add,1x64x14x14,0.005527
71,0,imagen.jpeg,68,pointwise_conv,1x64x14x14,2.410477
71,0,imagen.jpeg,69,batchnorm,1x384x14x14,0.115236
71,0,imagen.jpeg,70,activacion,1x384x14x14,0.205488
71,0,imagen.jpeg,71,depthwise_conv,1x384x14x14,0.940156
71,0,imagen.jpeg,72,batchnorm,1x384x14x14,0.25202
71,0,imagen.jpeg,73,activacion,1x384x14x14,0.221419
71,0,imagen.jpeg,74,pointwise_conv,1x384x14x14,2.390821
71,0,imagen.jpeg,75,batchnorm,1x64x14x14,0.019429
71,0,imagen.jpeg,76,layer_add,1x64x14x14,0.005538
71,0,imagen.jpeg,77,pointwise_conv,1x64x14x14,2.411662
71,0,imagen.jpeg,78,batchnorm,1x384x14x14,0.115569
71,0,imagen.jpeg,79,activacion,1x384x14x14,0.228679
71,0,imagen.jpeg,80,depthwise_conv,1x384x14x14,0.928207
71,0,imagen.jpeg,81,batchnorm,1x384x14x14,0.448761
71,0,imagen.jpeg,82,activacion,1x384x14x14,0.200391
71,0,imagen.jpeg,83,pointwise_conv,1x384x14x14,2.389554
71,0,imagen.jpeg,84,batchnorm,1x64x14x14,0.019558
71,0,imagen.jpeg,85,layer_add,1x64x14x14,0.005496
71,0,imagen.jpeg,86,pointwise_conv,1x64x14x14,2.408379
71,0,imagen.jpeg,87,batchnorm,1x384x14x14,0.115353
71,0,imagen.jpeg,88,activacion,1x384x14x14,0.228093
71,0,imagen.jpeg,89,depthwise_conv,1x384x14x14,0.921884
71,0,imagen.jpeg,90,batchnorm,1x384x14x14,0.11532
71,0,imagen.jpeg,91,activacion,1x384x14x14,0.216439
71,0,imagen.jpeg,92,pointwise_conv,1x384x14x14,3.583952
71,0,imagen.jpeg,93,batchnorm,1x96x14x14,0.028923
71,0,imagen.jpeg,94,pointwise_conv,1x96x14x14,5.409976
71,0,imagen.jpeg,95,batchnorm,1x576x14x14,0.178923
71,0,imagen.jpeg,96,activacion,1x576x14x14,0.34891
71,0,imagen.jpeg,97,depthwise_conv,1x576x14x14,1.457907
71,0,imagen.jpeg,98,batchnorm,1x576x14x14,0.529562
71,0,imagen.jpeg,99,activacion,1x576x14x14,0.297366
71,0,imagen.jpeg,100,pointwise_conv,1x576x14x14,5.476581
71,0,imagen.jpeg,101,batchnorm,1x96x14x14,0.028925
71,0,imagen.jpeg,102,layer_add,1x96x14x14,0.008336
71,0,imagen.jpeg,103,pointwise_conv,1x96x14x14,5.450417
71,0,imagen.jpeg,104,batchnorm,1x576x14x14,0.178441
71,0,imagen.jpeg,105,activacion,1x576x14x14,0.327877
71,0,imagen.jpeg,106,depthwise_conv,1x576x14x14,1.397091
71,0,imagen.jpeg,107,batchnorm,1x576x14x14,0.434058
71,0,imagen.jpeg,108,activacion,1x576x14x14,0.262009
71,0,imagen.jpeg,109,pointwise_conv,1x576x14x14,5.380387
71,0,imagen.jpeg,110,batchnorm,1x96x14x14,0.028926
71,0,imagen.jpeg,111,layer_add,1x96x14x14,0.008226
71,0,imagen.jpeg,112,pointwise_conv,1x96x14x14,5.417716
71,0,imagen.jpeg,113,batchnorm,1x576x14x14,0.174596
71,0,imagen.jpeg,114,activacion,1x576x14x14,0.282673
71,0,imagen.jpeg,115,depthwise_conv,1x576x14x14,0.366629
71,0,imagen.jpeg,116,batchnorm,1x576x7x7,0.0631
71,0,imagen.jpeg,117,activacion,1x576x7x7,0.049406
71,0,imagen.jpeg,118,pointwise_conv,1x576x7x7,2.151571
71,0,imagen.jpeg,119,batchnorm,1x160x7x7,0.012786
71,0,imagen.jpeg,120,pointwise_conv,1x160x7x7,3.601273
71,0,imagen.jpeg,121,batchnorm,1x960x7x7,0.07643
71,0,imagen.jpeg,122,activacion,1x960x7x7,0.13362
71,0,imagen.jpeg,123,depthwise_conv,1x960x7x7,0.586014
71,0,imagen.jpeg,124,batchnorm,1x960x7x7,0.074521
71,0,imagen.jpeg,125,activacion,1x960x7x7,0.127708
71,0,imagen.jpeg,126,pointwise_conv,1x960x7x7,3.571778
71,0,imagen.jpeg,127,batchnorm,1x160x7x7,0.012601
71,0,imagen.jpeg,128,layer_add,1x160x7x7,0.003516
71,0,imagen.jpeg,129,pointwise_conv,1x160x7x7,3.586836
71,0,imagen.jpeg,130,batchnorm,1x960x7x7,0.077039
71,0,imagen.jpeg,131,activacion,1x960x7x7,0.128292
71,0,imagen.jpeg,132,depthwise_conv,1x960x7x7,0.619014
71,0,imagen.jpeg,133,batchnorm,1x960x7x7,0.125535
71,0,imagen.jpeg,134,activacion,1x960x7x7,0.113764
71,0,imagen.jpeg,135,pointwise_conv,1x960x7x7,3.610756
71,0,imagen.jpeg,136,batchnorm,1x160x7x7,0.012542
71,0,imagen.jpeg,137,layer_add,1x160x7x7,0.004093
71,0,imagen.jpeg,138,pointwise_conv,1x160x7x7,3.651397
71,0,imagen.jpeg,139,batchnorm,1x960x7x7,0.074394
71,0,imagen.jpeg,140,activacion,1x960x7x7,0.103871
71,0,imagen.jpeg,141,depthwise_conv,1x960x7x7,0.565617
71,0,imagen.jpeg,142,batchnorm,1x960x7x7,0.090888
71,0,imagen.jpeg,143,activacion,1x960x7x7,0.057379
71,0,imagen.jpeg,144,pointwise_conv,1x960x7x7,7.167574
71,0,imagen.jpeg,145,batchnorm,1x320x7x7,0.024983
71,0,imagen.jpeg,146,pointwise_conv,1x320x7x7,9.563354
71,0,imagen.jpeg,147,batchnorm,1x1280x7x7,0.101478
71,0,imagen.jpeg,148,activacion,1x1280x7x7,0.158596
71,0,imagen.jpeg,149,pooling,1x1280x7x7,0.033754
71,0,imagen.jpeg,150,linear,1x1280,1.130817
72,0,imagen.jpeg,0,conv2d,1x3x224x224,17.465179
72,0,imagen.jpeg,1,batchnorm,1x32x112x112,0.616312
72,0,imagen.jpeg,2,activacion,1x32x112x112,0.400401
72,0,imagen.jpeg,3,depthwise_conv,1x32x112x112,4.790881
72,0,imagen.jpeg,4,batchnorm,1x32x112x112,8.980561
72,0,imagen.jpeg,5,activacion,1x32x112x112,0.487103
72,0,imagen.jpeg,6,pointwise_conv,1x32x112x112,3.052125
72,0,imagen.jpeg,7,batchnorm,1x16x112x112,0.310749
72,0,imagen.jpeg,8,pointwise_conv,1x16x112x112,9.270838
72,0,imagen.jpeg,9,batchnorm,1x96x112x112,1.865736
72,0,imagen.jpeg,10,activacion,1x96x112x112,2.773819
72,0,imagen.jpeg,11,depthwise_conv,1x96x112x112,3.761672
72,0,imagen.jpeg,12,batchnorm,1x96x56x56,0.46509
72,0,imagen.jpeg,13,activacion,1x96x56x56,0.891536
72,0,imagen.jpeg,14,pointwise_conv,1x96x56x56,3.416024
72,0,imagen.jpeg,15,batchnorm,1x24x56x56,0.114187
72,0,imagen.jpeg,16,pointwise_conv,1x24x56x56,5.143254
72,0,imagen.jpeg,17,batchnorm,1x144x56x56,0.689634
72,0,imagen.jpeg,18,activacion,1x144x56x56,1.012988
72,0,imagen.jpeg,19,depthwise_conv,1x144x56x56,5.332654
72,0,imagen.jpeg,20,batchnorm,1x144x56x56,0.697417
72,0,imagen.jpeg,21,activacion,1x144x56x56,1.444313
72,0,imagen.jpeg,22,pointwise_conv,1x144x56x56,5.087341
72,0,imagen.jpeg,23,batchnorm,1x24x56x56,0.117474
72,0,imagen.jpeg,24,layer_add,1x24x56x56,0.03455
72,0,imagen.jpeg,25,pointwise_conv,1x24x56x56,5.120029
72,0,imagen.jpeg,26,batchnorm,1x144x56x56,0.693462
72,0,imagen.jpeg,27,activacion,1x144x56x56,1.345045
72,0,imagen.jpeg,28,depthwise_conv,1x144x56x56,1.410703
72,0,imagen.jpeg,29,batchnorm,1x144x28x28,0.184067
72,0,imagen.jpeg,30,activacion,1x144x28x28,0.301049
72,0,imagen.jpeg,31,pointwise_conv,1x144x28x28,1.705474
72,0,imagen.jpeg,32,batchnorm,1x32x28x28,0.038331
72,0,imagen.jpeg,33,pointwise_conv,1x32x28x28,2.298526
72,0,imagen.jpeg,34,batchnorm,1x192x28x28,0.233758
72,0,imagen.jpeg,35,activacion,1x192x28x28,0.294481
72,0,imagen.jpeg,36,depthwise_conv,1x192x28x28,1.855821
72,0,imagen.jpeg,37,batchnorm,1x192x28x28,0.229103
72,0,imagen.jpeg,38,activacion,1x192x28x28,0.488094
72,0,imagen.jpeg,39,pointwise_conv,1x192x28x28,2.299783
72,0,imagen.jpeg,40,batchnorm,1x32x28x28,0.03827
72,0,imagen.jpeg,41,layer_add,1x32x28x28,0.012365
72,0,imagen.jpeg,42,pointwise_conv,1x32x28x28,2.321249
72,0,imagen.jpeg,43,batchnorm,1x192x28x28,0.243791
72,0,imagen.jpeg,44,activacion,1x192x28x28,0.363894
72,0,imagen.jpeg,45,depthwise_conv,1x192x28x28,1.853514
72,0,imagen.jpeg,46,batchnorm,1x192x28x28,0.229079
72,0,imagen.jpeg,47,activacion,1x192x28x28,0.47426
72,0,imagen.jpeg,48,pointwise_conv,1x192x28x28,2.2741
72,0,imagen.jpeg,49,batchnorm,1x32x28x28,0.038248
72,0,imagen.jpeg,50,layer_add,1x32x28x28,0.011368
72,0,imagen.jpeg,51,pointwise_conv,1x32x28x28,2.296368
72,0,imagen.jpeg,52,batchnorm,1x192x28x28,0.24484
72,0,imagen.jpeg,53,activacion,1x192x28x28,0.429342
72,0,imagen.jpeg,54,depthwise_conv,1x192x28x28,0.475216
72,0,imagen.jpeg,55,batchnorm,1x192x14x14,0.062064
72,0,imagen.jpeg,56,activacion,1x192x14x14,0.079576
72,0,imagen.jpeg,57,pointwise_conv,1x192x14x14,1.197474
72,0,imagen.jpeg,58,batchnorm,1x64x14x14,0.019363
72,0,imagen.jpeg,59,pointwise_conv,1x64x14x14,2.418602
72,0,imagen.jpeg,60,batchnorm,1x384x14x14,0.115415
72,0,imagen.jpeg,61,activacion,1x384x14x14,0.153821
72,0,imagen.jpeg,62,depthwise_conv,1x384x14x14,0.920824
72,0,imagen.jpeg,63,batchnorm,1x384x14x14,0.115283
72,0,imagen.jpeg,64,activacion,1x384x14x14,0.244353
72,0,imagen.jpeg,65,pointwise_conv,1x384x14x14,2.400941
72,0,imagen.jpeg,66,batchnorm,1x64x14x14,0.019391
72,0,imagen.jpeg,67,layer_add,1x64x14x14,0.005519
72,0,imagen.jpeg,68,pointwise_conv,1x64x14x14,2.406454
72,0,imagen.jpeg,69,batchnorm,1x384x14x14,0.117119
72,0,imagen.jpeg,70,activacion,1x384x14x14,0.208544
72,0,imagen.jpeg,71,depthwise_conv,1x384x14x14,0.934921
72,0,imagen.jpeg,72,batchnorm,1x384x14x14,0.245827
72,0,imagen.jpeg,73,activacion,1x384x14x14,0.224517
72,0,imagen.jpeg,74,pointwise_conv,1x384x14x14,2.39655
72,0,imagen.jpeg,75,batchnorm,1x64x14x14,0.019363
72,0,imagen.jpeg,76,layer_add,1x64x14x14,0.005523
72,0,imagen.jpeg,77,pointwise_conv,1x64x14x14,2.409906
72,0,imagen.jpeg,78,batchnorm,1x384x14x14,0.115207
72,0,imagen.jpeg,79,activacion,1x384x14x14,0.237319
72,0,imagen.jpeg,80,depthwise_conv,1x384x14x14,0.933792
72,0,imagen.jpeg,81,batchnorm,1x384x14x14,0.444371
72,0,imagen.jpeg,82,activacion,1x384x14x14,0.19984
72,0,imagen.jpeg,83,pointwise_conv,1x384x14x14,2.397847
72,0,imagen.jpeg,84,batchnorm,1x64x14x14,0.019365
72,0,imagen.jpeg,85,layer_add,1x64x14x14,0.005495
72,0,imagen.jpeg,86,pointwise_conv,1x64x14x14,2.413347
72,0,imagen.jpeg,87,batchnorm,1x384x14x14,0.115588
72,0,imagen.jpeg,88,activacion,1x384x14x14,0.231288
72,0,imagen.jpeg,89,depthwise_conv,1x384x14x14,0.933404
72,0,imagen.jpeg,90,batchnorm,1x384x14x14,0.118573
72,0,imagen.jpeg,91,activacion,1x384x14x14,0.209749
72,0,imagen.jpeg,92,pointwise_conv,1x384x14x14,3.624651
72,0,imagen.jpeg,93,batchnorm,1x96x14x14,0.02894
72,0,imagen.jpeg,94,pointwise_conv,1x96x14x14,5.466632
72,0,imagen.jpeg,95,batchnorm,1x576x14x14,0.172833
72,0,imagen.jpeg,96,activacion,1x576x14x14,0.33124
72,0,imagen.jpeg,97,depthwise_conv,1x576x14x14,1.393105
72,0,imagen.jpeg,98,batchnorm,1x576x14x14,0.50696
72,0,imagen.jpeg,99,activacion,1x576x14x14,0.286629
72,0,imagen.jpeg,100,pointwise_conv,1x576x14x14,5.377179
72,0,imagen.jpeg,101,batchnorm,1x96x14x14,0.028936
72,0,imagen.jpeg,102,layer_add,1x96x14x14,0.008223
72,0,imagen.jpeg,103,pointwise_conv,1x96x14x14,5.408439
72,0,imagen.jpeg,104,batchnorm,1x576x14x14,0.173003
72,0,imagen.jpeg,105,activacion,1x576x14x14,0.335354
72,0,imagen.jpeg,106,depthwise_conv,1x576x14x14,1.409464
72,0,imagen.jpeg,107,batchnorm,1x576x14x14,0.438986
72,0,imagen.jpeg,108,activacion,1x576x14x14,0.258903
72,0,imagen.jpeg,109,pointwise_conv,1x576x14x14,5.37468
72,0,imagen.jpeg,110,batchnorm,1x96x14x14,0.028857
72,0,imagen.jpeg,111,layer_add,1x96x14x14,0.008231
72,0,imagen.jpeg,112,pointwise_conv,1x96x14x14,5.408981
72,0,imagen.jpeg,113,batchnorm,1x576x14x14,0.172528
72,0,imagen.jpeg,114,activacion,1x576x14x14,0.281756
72,0,imagen.jpeg,115,depthwise_conv,1x576x14x14,0.366322
72,0,imagen.jpeg,116,batchnorm,1x576x7x7,0.061177
72,0,imagen.jpeg,117,activacion,1x576x7x7,0.049643
72,0,imagen.jpeg,118,pointwise_conv,1x576x7x7,2.142918
72,0,imagen.jpeg,119,batchnorm,1x160x7x7,0.012708
72,0,imagen.jpeg,120,pointwise_conv,1x160x7x7,3.614427
72,0,imagen.jpeg,121,batchnorm,1x960x7x7,0.090823
72,0,imagen.jpeg,122,activacion,1x960x7x7,0.133757
72,0,imagen.jpeg,123,depthwise_conv,1x960x7x7,0.570586
72,0,imagen.jpeg,124,batchnorm,1x960x7x7,0.086788
72,0,imagen.jpeg,125,activacion,1x960x7x7,0.127133
72,0,imagen.jpeg,126,pointwise_conv,1x960x7x7,3.61612
72,0,imagen.jpeg,127,batchnorm,1x160x7x7,0.013334
72,0,imagen.jpeg,128,layer_add,1x160x7x7,0.003547
72,0,imagen.jpeg,129,pointwise_conv,1x160x7x7,3.601713
72,0,imagen.jpeg,130,batchnorm,1x960x7x7,0.075978
72,0,imagen.jpeg,131,activacion,1x960x7x7,0.131202
72,0,imagen.jpeg,132,depthwise_conv,1x960x7x7,0.560875
72,0,imagen.jpeg,133,batchnorm,1x960x7x7,0.123639
72,0,imagen.jpeg,134,activacion,1x960x7x7,0.109374
72,0,imagen.jpeg,135,pointwise_conv,1x960x7x7,3.598698
72,0,imagen.jpeg,136,batchnorm,1x160x7x7,0.012495
72,0,imagen.jpeg,137,layer_add,1x160x7x7,0.003924
72,0,imagen.jpeg,138,pointwise_conv,1x160x7x7,3.588378
72,0,imagen.jpeg,139,batchnorm,1x960x7x7,0.074388
72,0,imagen.jpeg,140,activacion,1x960x7x7,0.102758
72,0,imagen.jpeg,141,depthwise_conv,1x960x7x7,0.58999
72,0,imagen.jpeg,142,batchnorm,1x960x7x7,0.092413
72,0,imagen.jpeg,143,activacion,1x960x7x7,0.057416
72,0,imagen.jpeg,144,pointwise_conv,1x960x7x7,7.160367
72,0,imagen.jpeg,145,batchnorm,1x320x7x7,0.024999
72,0,imagen.jpeg,146,pointwise_conv,1x320x7x7,9.542084
72,0,imagen.jpeg,147,batchnorm,1x1280x7x7,0.099213
72,0,imagen.jpeg,148,activacion,1x1280x7x7,0.158085
72,0,imagen.jpeg,149,pooling,1x1280x7x7,0.033829
72,0,imagen.jpeg,150,linear,1x1280,1.099614
73,0,imagen.jpeg,0,conv2d,1x3x224x224,17.13614
73,0,imagen.jpeg,1,batchnorm,1x32x112x112,0.649669
73,0,imagen.jpeg,2,activacion,1x32x112x112,0.409279
73,0,imagen.jpeg,3,depthwise_conv,1x32x112x112,4.794901
73,0,imagen.jpeg,4,batchnorm,1x32x112x112,8.97516
73,0,imagen.jpeg,5,activacion,1x32x112x112,0.487136
73,0,imagen.jpeg,6,pointwise_conv,1x32x112x112,3.041357
73,0,imagen.jpeg,7,batchnorm,1x16x112x112,0.308664
73,0,imagen.jpeg,8,pointwise_conv,1x16x112x112,9.310403
73,0,imagen.jpeg,9,batchnorm,1x96x112x112,1.870543
73,0,imagen.jpeg,10,activacion,1x96x112x112,2.767425
73,0,imagen.jpeg,11,depthwise_conv,1x96x112x112,3.592877
73,0,imagen.jpeg,12,batchnorm,1x96x56x56,0.467346
73,0,imagen.jpeg,13,activacion,1x96x56x56,0.882208
73,0,imagen.jpeg,14,pointwise_conv,1x96x56x56,3.366196
73,0,imagen.jpeg,15,batchnorm,1x24x56x56,0.114292
73,0,imagen.jpeg,16,pointwise_conv,1x24x56x56,5.150702
73,0,imagen.jpeg,17,batchnorm,1x144x56x56,0.683067
73,0,imagen.jpeg,18,activacion,1x144x56x56,1.016569
73,0,imagen.jpeg,19,depthwise_conv,1x144x56x56,5.427079
73,0,imagen.jpeg,20,batchnorm,1x144x56x56,0.689371
73,0,imagen.jpeg,21,activacion,1x144x56x56,1.478466
73,0,imagen.jpeg,22,pointwise_conv,1x144x56x56,5.07209
73,0,imagen.jpeg,23,batchnorm,1x24x56x56,0.113884
73,0,imagen.jpeg,24,layer_add,1x24x56x56,0.033837
73,0,imagen.jpeg,25,pointwise_conv,1x24x56x56,5.132906
73,0,imagen.jpeg,26,batchnorm,1x144x56x56,0.698263
73,0,imagen.jpeg,27,activacion,1x144x56x56,1.416431
73,0,imagen.jpeg,28,depthwise_conv,1x144x56x56,1.428232
73,0,imagen.jpeg,29,batchnorm,1x144x28x28,0.187456
73,0,imagen.jpeg,30,activacion,1x144x28x28,0.307601
73,0,imagen.jpeg,31,pointwise_conv,1x144x28x28,1.720935
73,0,imagen.jpeg,32,batchnorm,1x32x28x28,0.038387
73,0,imagen.jpeg,33,pointwise_conv,1x32x28x28,2.311349
73,0,imagen.jpeg,34,batchnorm,1x192x28x28,0.229353
73,0,imagen.jpeg,35,activacion,1x192x28x28,0.303919
73,0,imagen.jpeg,36,depthwise_conv,1x192x28x28,1.828519
73,0,imagen.jpeg,37,batchnorm,1x192x28x28,0.235545
73,0,imagen.jpeg,38,activacion,1x192x28x28,0.480411
73,0,imagen.jpeg,39,pointwise_conv,1x192x28x28,2.27501
73,0,imagen.jpeg,40,batchnorm,1x32x28x28,0.04065
73,0,imagen.jpeg,41,layer_add,1x32x28x28,0.012104
73,0,imagen.jpeg,42,pointwise_conv,1x32x28x28,2.297022
73,0,imagen.jpeg,43,batchnorm,1x192x28x28,0.229033
73,0,imagen.jpeg,44,activacion,1x192x28x28,0.369842
73,0,imagen.jpeg,45,depthwise_conv,1x192x28x28,1.833412
73,0,imagen.jpeg,46,batchnorm,1x192x28x28,0.231209
73,0,imagen.jpeg,47,activacion,1x192x28x28,0.466669
73,0,imagen.jpeg,48,pointwise_conv,1x192x28x28,2.266878
73,0,imagen.jpeg,49,batchnorm,1x32x28x28,0.038267
73,0,imagen.jpeg,50,layer_add,1x32x28x28,0.011421
73,0,imagen.jpeg,51,pointwise_conv,1x32x28x28,2.299077
73,0,imagen.jpeg,52,batchnorm,1x192x28x28,0.229307
73,0,imagen.jpeg,53,activacion,1x192x28x28,0.434595
73,0,imagen.jpeg,54,depthwise_conv,1x192x28x28,0.481021
73,0,imagen.jpeg,55,batchnorm,1x192x14x14,0.061049
73,0,imagen.jpeg,56,activacion,1x192x14x14,0.081466
73,0,imagen.jpeg,57,pointwise_conv,1x192x14x14,1.197748
73,0,imagen.jpeg,58,batchnorm,1x64x14x14,0.019433
73,0,imagen.jpeg,59,pointwise_conv,1x64x14x14,2.410936
73,0,imagen.jpeg,60,batchnorm,1x384x14x14,0.115384
73,0,imagen.jpeg,61,activacion,1x384x14x14,0.156784
73,0,imagen.jpeg,62,depthwise_conv,1x384x14x14,0.932611
73,0,imagen.jpeg,63,batchnorm,1x384x14x14,0.117357
73,0,imagen.jpeg,64,activacion,1x384x14x14,0.244067
73,0,imagen.jpeg,65,pointwise_conv,1x384x14x14,2.38886
73,0,imagen.jpeg,66,batchnorm,1x64x14x14,0.019398
73,0,imagen.jpeg,67,layer_add,1x64x14x14,0.008264
73,0,imagen.jpeg,68,pointwise_conv,1x64x14x14,2.405945
73,0,imagen.jpeg,69,batchnorm,1x384x14x14,0.119547
73,0,imagen.jpeg,70,activacion,1x384x14x14,0.212784
73,0,imagen.jpeg,71,depthwise_conv,1x384x14x14,0.936809
73,0,imagen.jpeg,72,batchnorm,1x384x14x14,0.249248
73,0,imagen.jpeg,73,activacion,1x384x14x14,0.2242
73,0,imagen.jpeg,74,pointwise_conv,1x384x14x14,2.390462
73,0,imagen.jpeg,75,batchnorm,1x64x14x14,0.019428
73,0,imagen.jpeg,76,layer_add,1x64x14x14,0.005531
73,0,imagen.jpeg,77,pointwise_conv,1x64x14x14,2.410324
73,0,imagen.jpeg,78,batchnorm,1x384x14x14,0.119019
73,0,imagen.jpeg,79,activacion,1x384x14x14,0.233384
73,0,imagen.jpeg,80,depthwise_conv,1x384x14x14,0.961414
73,0,imagen.jpeg,81,batchnorm,1x384x14x14,0.461202
73,0,imagen.jpeg,82,activacion,1x384x14x14,0.19965
73,0,imagen.jpeg,83,pointwise_conv,1x384x14x14,2.391756
73,0,imagen.jpeg,84,batchnorm,1x64x14x14,0.019449
73,0,imagen.jpeg,85,layer_add,1x64x14x14,0.005536
73,0,imagen.jpeg,86,pointwise_conv,1x64x14x14,2.411072
73,0,imagen.jpeg,87,batchnorm,1x384x14x14,0.115393
73,0,imagen.jpeg,88,activacion,1x384x14x14,0.228902
73,0,imagen.jpeg,89,depthwise_conv,1x384x14x14,0.929827
73,0,imagen.jpeg,90,batchnorm,1x384x14x14,0.119719
73,0,imagen.jpeg,91,activacion,1x384x14x14,0.218923
73,0,imagen.jpeg,92,pointwise_conv,1x384x14x14,3.5889
73,0,imagen.jpeg,93,batchnorm,1x96x14x14,0.028895
73,0,imagen.jpeg,94,pointwise_conv,1x96x14x14,5.403016
73,0,imagen.jpeg,95,batchnorm,1x576x14x14,0.17239
73,0,imagen.jpeg,96,activacion,1x576x14x14,0.3253
73,0,imagen.jpeg,97,depthwise_conv,1x576x14x14,1.394325
73,0,imagen.jpeg,98,batchnorm,1x576x14x14,0.499414
73,0,imagen.jpeg,99,activacion,1x576x14x14,0.2941
73,0,imagen.jpeg,100,pointwise_conv,1x576x14x14,5.372239
73,0,imagen.jpeg,101,batchnorm,1x96x14x14,0.028908
73,0,imagen.jpeg,102,layer_add,1x96x14x14,0.008296
73,0,imagen.jpeg,103,pointwise_conv,1x96x14x14,5.424926
73,0,imagen.jpeg,104,batchnorm,1x576x14x14,0.173173
73,0,imagen.jpeg,105,activacion,1x576x14x14,0.326882
73,0,imagen.jpeg,106,depthwise_conv,1x576x14x14,1.396649
73,0,imagen.jpeg,107,batchnorm,1x576x14x14,0.43581
73,0,imagen.jpeg,108,activacion,1x576x14x14,0.258276
73,0,imagen.jpeg,109,pointwise_conv,1x576x14x14,5.379253
73,0,imagen.jpeg,110,batchnorm,1x96x14x14,0.028923
73,0,imagen.jpeg,111,layer_add,1x96x14x14,0.008259
73,0,imagen.jpeg,112,pointwise_conv,1x96x14x14,5.416638
73,0,imagen.jpeg,113,batchnorm,1x576x14x14,0.177653
73,0,imagen.jpeg,114,activacion,1x576x14x14,0.285616
73,0,imagen.jpeg,115,depthwise_conv,1x576x14x14,0.354449
73,0,imagen.jpeg,116,batchnorm,1x576x7x7,0.061158
73,0,imagen.jpeg,117,activacion,1x576x7x7,0.049609
73,0,imagen.jpeg,118,pointwise_conv,1x576x7x7,2.145565
73,0,imagen.jpeg,119,batchnorm,1x160x7x7,0.012825
73,0,imagen.jpeg,120,pointwise_conv,1x160x7x7,3.594886
73,0,imagen.jpeg,121,batchnorm,1x960x7x7,0.074442
73,0,imagen.jpeg,122,activacion,1x960x7x7,0.136858
73,0,imagen.jpeg,123,depthwise_conv,1x960x7x7,0.586344
73,0,imagen.jpeg,124,batchnorm,1x960x7x7,0.074728
73,0,imagen.jpeg,125,activacion,1x960x7x7,0.128419
73,0,imagen.jpeg,126,pointwise_conv,1x960x7x7,3.566312
73,0,imagen.jpeg,127,batchnorm,1x160x7x7,0.012576
73,0,imagen.jpeg,128,layer_add,1x160x7x7,0.003525
73,0,imagen.jpeg,129,pointwise_conv,1x160x7x7,3.588815
73,0,imagen.jpeg,130,batchnorm,1x960x7x7,0.074422
73,0,imagen.jpeg,131,activacion,1x960x7x7,0.12708
73,0,imagen.jpeg,132,depthwise_conv,1x960x7x7,0.590748
73,0,imagen.jpeg,133,batchnorm,1x960x7x7,0.123606
73,0,imagen.jpeg,134,activacion,1x960x7x7,0.110215
73,0,imagen.jpeg,135,pointwise_conv,1x960x7x7,3.570429
73,0,imagen.jpeg,136,batchnorm,1x160x7x7,0.012549
73,0,imagen.jpeg,137,layer_add,1x160x7x7,0.003567
73,0,imagen.jpeg,138,pointwise_conv,1x160x7x7,3.582569
73,0,imagen.jpeg,139,batchnorm,1x960x7x7,0.07444
73,0,imagen.jpeg,140,activacion,1x960x7x7,0.111585
73,0,imagen.jpeg,141,depthwise_conv,1x960x7x7,0.586193
73,0,imagen.jpeg,142,batchnorm,1x960x7x7,0.090891
73,0,imagen.jpeg,143,activacion,1x960x7x7,0.057078
73,0,imagen.jpeg,144,pointwise_conv,1x960x7x7,7.139943
73,0,imagen.jpeg,145,batchnorm,1x320x7x7,0.026851
73,0,imagen.jpeg,146,pointwise_conv,1x320x7x7,9.579101
73,0,imagen.jpeg,147,batchnorm,1x1280x7x7,0.107439
73,0,imagen.jpeg,148,activacion,1x1280x7x7,0.162755
73,0,imagen.jpeg,149,pooling,1x1280x7x7,0.033884
73,0,imagen.jpeg,150,linear,1x1280,1.092424
74,0,imagen.jpeg,0,conv2d,1x3x224x224,17.164128
74,0,imagen.jpeg,1,batchnorm,1x32x112x112,0.613894
74,0,imagen.jpeg,2,activacion,1x32x112x112,0.395568
74,0,imagen.jpeg,3,depthwise_conv,1x32x112x112,4.798722
74,0,imagen.jpeg,4,batchnorm,1x32x112x112,8.980035
74,0,imagen.jpeg,5,activacion,1x32x112x112,0.512483
74,0,imagen.jpeg,6,pointwise_conv,1x32x112x112,3.062122
74,0,imagen.jpeg,7,batchnorm,1x16x112x112,0.311818
74,0,imagen.jpeg,8,pointwise_conv,1x16x112x112,9.257032
74,0,imagen.jpeg,9,batchnorm,1x96x112x112,1.840227
74,0,imagen.jpeg,10,activacion,1x96x112x112,2.748461
74,0,imagen.jpeg,11,depthwise_conv,1x96x112x112,3.677836
74,0,imagen.jpeg,12,batchnorm,1x96x56x56,0.45516
74,0,imagen.jpeg,13,activacion,1x96x56x56,0.883756
74,0,imagen.jpeg,14,pointwise_conv,1x96x56x56,3.368101
74,0,imagen.jpeg,15,batchnorm,1x24x56x56,0.114305
74,0,imagen.jpeg,16,pointwise_conv,1x24x56x56,5.123048
74,0,imagen.jpeg,17,batchnorm,1x144x56x56,0.693264
74,0,imagen.jpeg,18,activacion,1x144x56x56,1.014959
74,0,imagen.jpeg,19,depthwise_conv,1x144x56x56,5.426582
74,0,imagen.jpeg,20,batchnorm,1x144x56x56,0.686537
74,0,imagen.jpeg,21,activacion,1x144x56x56,1.444637
74,0,imagen.jpeg,22,pointwise_conv,1x144x56x56,5.116838
74,0,imagen.jpeg,23,batchnorm,1x24x56x56,0.114096
74,0,imagen.jpeg,24,layer_add,1x24x56x56,0.035871
74,0,imagen.jpeg,25,pointwise_conv,1x24x56x56,5.114655
74,0,imagen.jpeg,26,batchnorm,1x144x56x56,0.699471
74,0,imagen.jpeg,27,activacion,1x144x56x56,1.339567
74,0,imagen.jpeg,28,depthwise_conv,1x144x56x56,1.390077
74,0,imagen.jpeg,29,batchnorm,1x144x28x28,0.171951
74,0,imagen.jpeg,30,activacion,1x144x28x28,0.298621
74,0,imagen.jpeg,31,pointwise_conv,1x144x28x28,1.702879
74,0,imagen.jpeg,32,batchnorm,1x32x28x28,0.038393
74,0,imagen.jpeg,33,pointwise_conv,1x32x28x28,2.296121
74,0,imagen.jpeg,34,batchnorm,1x192x28x28,0.23516
74,0,imagen.jpeg,35,activacion,1x192x28x28,0.288381
74,0,imagen.jpeg,36,depthwise_conv,1x192x28x28,1.811733
74,0,imagen.jpeg,37,batchnorm,1x192x28x28,0.229066
74,0,imagen.jpeg,38,activacion,1x192x28x28,0.491198
74,0,imagen.jpeg,39,pointwise_conv,1x192x28x28,2.263293
74,0,imagen.jpeg,40,batchnorm,1x32x28x28,0.038249
74,0,imagen.jpeg,41,layer_add,1x32x28x28,0.011217
74,0,imagen.jpeg,42,pointwise_conv,1x32x28x28,2.294963
74,0,imagen.jpeg,43,batchnorm,1x192x28x28,0.233144
74,0,imagen.jpeg,44,activacion,1x192x28x28,0.373016
74,0,imagen.jpeg,45,depthwise_conv,1x192x28x28,1.82654
74,0,imagen.jpeg,46,batchnorm,1x192x28x28,0.229104
74,0,imagen.jpeg,47,activacion,1x192x28x28,0.466437
74,0,imagen.jpeg,48,pointwise_conv,1x192x28x28,2.263309
74,0,imagen.jpeg,49,batchnorm,1x32x28x28,0.038261
74,0,imagen.jpeg,50,layer_add,1x32x28x28,0.011315
74,0,imagen.jpeg,51,pointwise_conv,1x32x28x28,2.295238
74,0,imagen.jpeg,52,batchnorm,1x192x28x28,0.235918
74,0,imagen.jpeg,53,activacion,1x192x28x28,0.43027
74,0,imagen.jpeg,54,depthwise_conv,1x192x28x28,0.480012
74,0,imagen.jpeg,55,batchnorm,1x192x14x14,0.057705
74,0,imagen.jpeg,56,activacion,1x192x14x14,0.07757
74,0,imagen.jpeg,57,pointwise_conv,1x192x14x14,1.196429
74,0,imagen.jpeg,58,batchnorm,1x64x14x14,0.019399
74,0,imagen.jpeg,59,pointwise_conv,1x64x14x14,2.41427
74,0,imagen.jpeg,60,batchnorm,1x384x14x14,0.115474
74,0,imagen.jpeg,61,activacion,1x384x14x14,0.154154
74,0,imagen.jpeg,62,depthwise_conv,1x384x14x14,0.931406
74,0,imagen.jpeg,63,batchnorm,1x384x14x14,0.117262
74,0,imagen.jpeg,64,activacion,1x384x14x14,0.245879
74,0,imagen.jpeg,65,pointwise_conv,1x384x14x14,2.391136
74,0,imagen.jpeg,66,batchnorm,1x64x14x14,0.019345
74,0,imagen.jpeg,67,layer_add,1x64x14x14,0.005532
74,0,imagen.jpeg,68,pointwise_conv,1x64x14x14,2.410624
74,0,imagen.jpeg,69,batchnorm,1x384x14x14,0.115322
74,0,imagen.jpeg,70,activacion,1x384x14x14,0.211714
74,0,imagen.jpeg,71,depthwise_conv,1x384x14x14,0.916533
74,0,imagen.jpeg,72,batchnorm,1x384x14x14,0.245778
74,0,imagen.jpeg,73,activacion,1x384x14x14,0.221409
74,0,imagen.jpeg,74,pointwise_conv,1x384x14x14,2.393727
74,0,imagen.jpeg,75,batchnorm,1x64x14x14,0.019361
74,0,imagen.jpeg,76,layer_add,1x64x14x14,0.005526
74,0,imagen.jpeg,77,pointwise_conv,1x64x14x14,2.403967
74,0,imagen.jpeg,78,batchnorm,1x384x14x14,0.115219
74,0,imagen.jpeg,79,activacion,1x384x14x14,0.228915
74,0,imagen.jpeg,80,depthwise_conv,1x384x14x14,0.931702
74,0,imagen.jpeg,81,batchnorm,1x384x14x14,0.445505
74,0,imagen.jpeg,82,activacion,1x384x14x14,0.200879
74,0,imagen.jpeg,83,pointwise_conv,1x384x14x14,2.411562
74,0,imagen.jpeg,84,batchnorm,1x64x14x14,0.01942
74,0,imagen.jpeg,85,layer_add,1x64x14x14,0.005539
74,0,imagen.jpeg,86,pointwise_conv,1x64x14x14,2.410578
74,0,imagen.jpeg,87,batchnorm,1x384x14x14,0.115365
74,0,imagen.jpeg,88,activacion,1x384x14x14,0.227279
74,0,imagen.jpeg,89,depthwise_conv,1x384x14x14,0.900495
74,0,imagen.jpeg,90,batchnorm,1x384x14x14,0.118454
74,0,imagen.jpeg,91,activacion,1x384x14x14,0.210857
74,0,imagen.jpeg,92,pointwise_conv,1x384x14x14,3.585598
74,0,imagen.jpeg,93,batchnorm,1x96x14x14,0.028906
74,0,imagen.jpeg,94,pointwise_conv,1x96x14x14,5.394738
74,0,imagen.jpeg,95,batchnorm,1x576x14x14,0.172676
74,0,imagen.jpeg,96,activacion,1x576x14x14,0.328114
74,0,imagen.jpeg,97,depthwise_conv,1x576x14x14,1.396982
74,0,imagen.jpeg,98,batchnorm,1x576x14x14,0.49943
74,0,imagen.jpeg,99,activacion,1x576x14x14,0.291211
74,0,imagen.jpeg,100,pointwise_conv,1x576x14x14,5.371768
74,0,imagen.jpeg,101,batchnorm,1x96x14x14,0.028937
74,0,imagen.jpeg,102,layer_add,1x96x14x14,0.008268
74,0,imagen.jpeg,103,pointwise_conv,1x96x14x14,5.413339
74,0,imagen.jpeg,104,batchnorm,1x576x14x14,0.172444
74,0,imagen.jpeg,105,activacion,1x576x14x14,0.325777
74,0,imagen.jpeg,106,depthwise_conv,1x576x14x14,1.378944
74,0,imagen.jpeg,107,batchnorm,1x576x14x14,0.436032
74,0,imagen.jpeg,108,activacion,1x576x14x14,0.26021
74,0,imagen.jpeg,109,pointwise_conv,1x576x14x14,5.384562
74,0,imagen.jpeg,110,batchnorm,1x96x14x14,0.029009
74,0,imagen.jpeg,111,layer_add,1x96x14x14,0.00861
74,0,imagen.jpeg,112,pointwise_conv,1x96x14x14,5.402439
74,0,imagen.jpeg,113,batchnorm,1x576x14x14,0.178177
74,0,imagen.jpeg,114,activacion,1x576x14x14,0.281838
74,0,imagen.jpeg,115,depthwise_conv,1x576x14x14,0.36221
74,0,imagen.jpeg,116,batchnorm,1x576x7x7,0.06116
74,0,imagen.jpeg,117,activacion,1x576x7x7,0.050136
74,0,imagen.jpeg,118,pointwise_conv,1x576x7x7,2.142195
74,0,imagen.jpeg,119,batchnorm,1x160x7x7,0.012745
74,0,imagen.jpeg,120,pointwise_conv,1x160x7x7,3.581075
74,0,imagen.jpeg,121,batchnorm,1x960x7x7,0.074394
74,0,imagen.jpeg,122,activacion,1x960x7x7,0.137101
74,0,imagen.jpeg,123,depthwise_conv,1x960x7x7,0.586549
74,0,imagen.jpeg,124,batchnorm,1x960x7x7,0.074529
74,0,imagen.jpeg,125,activacion,1x960x7x7,0.127875
74,0,imagen.jpeg,126,pointwise_conv,1x960x7x7,3.568165
74,0,imagen.jpeg,127,batchnorm,1x160x7x7,0.012732
74,0,imagen.jpeg,128,layer_add,1x160x7x7,0.003508
74,0,imagen.jpeg,129,pointwise_conv,1x160x7x7,3.581695
74,0,imagen.jpeg,130,batchnorm,1x960x7x7,0.074376
74,0,imagen.jpeg,131,activacion,1x960x7x7,0.125798
74,0,imagen.jpeg,132,depthwise_conv,1x960x7x7,0.58212
74,0,imagen.jpeg,133,batchnorm,1x960x7x7,0.123637
74,0,imagen.jpeg,134,activacion,1x960x7x7,0.11054
74,0,imagen.jpeg,135,pointwise_conv,1x960x7x7,3.569726
74,0,imagen.jpeg,136,batchnorm,1x160x7x7,0.014498
74,0,imagen.jpeg,137,layer_add,1x160x7x7,0.003886
74,0,imagen.jpeg,138,pointwise_conv,1x160x7x7,3.615061
74,0,imagen.jpeg,139,batchnorm,1x960x7x7,0.074411
74,0,imagen.jpeg,140,activacion,1x960x7x7,0.107997
74,0,imagen.jpeg,141,depthwise_conv,1x960x7x7,0.558441
74,0,imagen.jpeg,142,batchnorm,1x960x7x7,0.090781
74,0,imagen.jpeg,143,activacion,1x960x7x7,0.057657
74,0,imagen.jpeg,144,pointwise_conv,1x960x7x7,7.137244
74,0,imagen.jpeg,145,batchnorm,1x320x7x7,0.024985
74,0,imagen.jpeg,146,pointwise_conv,1x320x7x7,9.533903
74,0,imagen.jpeg,147,batchnorm,1x1280x7x7,0.099184
74,0,imagen.jpeg,148,activacion,1x1280x7x7,0.159522
74,0,imagen.jpeg,149,pooling,1x1280x7x7,0.038758
74,0,imagen.jpeg,150,linear,1x1280,1.098738
75,0,imagen.jpeg,0,conv2d,1x3x224x224,17.130213
75,0,imagen.jpeg,1,batchnorm,1x32x112x112,0.613624
75,0,imagen.jpeg,2,activacion,1x32x112x112,0.396344
75,0,imagen.jpeg,3,depthwise_conv,1x32x112x112,4.736137
75,0,imagen.jpeg,4,batchnorm,1x32x112x112,8.975305
75,0,imagen.jpeg,5,activacion,1x32x112x112,0.492923
75,0,imagen.jpeg,6,pointwise_conv,1x32x112x112,3.03898
75,0,imagen.jpeg,7,batchnorm,1x16x112x112,0.304561
75,0,imagen.jpeg,8,pointwise_conv,1x16x112x112,9.299271
75,0,imagen.jpeg,9,batchnorm,1x96x112x112,1.854076
75,0,imagen.jpeg,10,activacion,1x96x112x112,2.756995
75,0,imagen.jpeg,11,depthwise_conv,1x96x112x112,3.710405
75,0,imagen.jpeg,12,batchnorm,1x96x56x56,0.462713
75,0,imagen.jpeg,13,activacion,1x96x56x56,0.882773
75,0,imagen.jpeg,14,pointwise_conv,1x96x56x56,3.366931
75,0,imagen.jpeg,15,batchnorm,1x24x56x56,0.114219
75,0,imagen.jpeg,16,pointwise_conv,1x24x56x56,5.121706
75,0,imagen.jpeg,17,batchnorm,1x144x56x56,0.697465
75,0,imagen.jpeg,18,activacion,1x144x56x56,1.006375
75,0,imagen.jpeg,19,depthwise_conv,1x144x56x56,5.402317
75,0,imagen.jpeg,20,batchnorm,1x144x56x56,0.691953
75,0,imagen.jpeg,21,activacion,1x144x56x56,1.456958
75,0,imagen.jpeg,22,pointwise_conv,1x144x56x56,5.069019
75,0,imagen.jpeg,23,batchnorm,1x24x56x56,0.119648
75,0,imagen.jpeg,24,layer_add,1x24x56x56,0.034444
75,0,imagen.jpeg,25,pointwise_conv,1x24x56x56,5.113885
75,0,imagen.jpeg,26,batchnorm,1x144x56x56,0.694111
75,0,imagen.jpeg,27,activacion,1x144x56x56,1.334967
75,0,imagen.jpeg,28,depthwise_conv,1x144x56x56,1.392696
75,0,imagen.jpeg,29,batchnorm,1x144x28x28,0.171994
75,0,imagen.jpeg,30,activacion,1x144x28x28,0.298782
75,0,imagen.jpeg,31,pointwise_conv,1x144x28x28,1.702452
75,0,imagen.jpeg,32,batchnorm,1x32x28x28,0.038349
75,0,imagen.jpeg,33,pointwise_conv,1x32x28x28,2.293428
75,0,imagen.jpeg,34,batchnorm,1x192x28x28,0.229036
75,0,imagen.jpeg,35,activacion,1x192x28x28,0.296035
75,0,imagen.jpeg,36,depthwise_conv,1x192x28x28,1.828076
75,0,imagen.jpeg,37,batchnorm,1x192x28x28,0.229142
75,0,imagen.jpeg,38,activacion,1x192x28x28,0.478423
75,0,imagen.jpeg,39,pointwise_conv,1x192x28x28,2.267364
75,0,imagen.jpeg,40,batchnorm,1x32x28x28,0.038264
75,0,imagen.jpeg,41,layer_add,1x32x28x28,0.011291
75,0,imagen.jpeg,42,pointwise_conv,1x32x28x28,2.294124
75,0,imagen.jpeg,43,batchnorm,1x192x28x28,0.229261
75,0,imagen.jpeg,44,activacion,1x192x28x28,0.392988
75,0,imagen.jpeg,45,depthwise_conv,1x192x28x28,1.822896
75,0,imagen.jpeg,46,batchnorm,1x192x28x28,0.229257
75,0,imagen.jpeg,47,activacion,1x192x28x28,0.464705
75,0,imagen.jpeg,48,pointwise_conv,1x192x28x28,2.267119
75,0,imagen.jpeg,49,batchnorm,1x32x28x28,0.038299
75,0,imagen.jpeg,50,layer_add,1x32x28x28,0.011302
75,0,imagen.jpeg,51,pointwise_conv,1x32x28x28,2.312672
75,0,imagen.jpeg,52,batchnorm,1x192x28x28,0.229128
75,0,imagen.jpeg,53,activacion,1x192x28x28,0.439674
75,0,imagen.jpeg,54,depthwise_conv,1x192x28x28,0.468425
75,0,imagen.jpeg,55,batchnorm,1x192x14x14,0.061808
75,0,imagen.jpeg,56,activacion,1x192x14x14,0.08006
75,0,imagen.jpeg,57,pointwise_conv,1x192x14x14,1.196729
75,0,imagen.jpeg,58,batchnorm,1x64x14x14,0.019417
75,0,imagen.jpeg,59,pointwise_conv,1x64x14x14,2.41217
75,0,imagen.jpeg,60,batchnorm,1x384x14x14,0.118336
75,0,imagen.jpeg,61,activacion,1x384x14x14,0.152875
75,0,imagen.jpeg,62,depthwise_conv,1x384x14x14,0.920972
75,0,imagen.jpeg,63,batchnorm,1x384x14x14,0.115268
75,0,imagen.jpeg,64,activacion,1x384x14x14,0.242745
75,0,imagen.jpeg,65,pointwise_conv,1x384x14x14,2.39135
75,0,imagen.jpeg,66,batchnorm,1x64x14x14,0.019355
75,0,imagen.jpeg,67,layer_add,1x64x14x14,0.005518
75,0,imagen.jpeg,68,pointwise_conv,1x64x14x14,2.404543
75,0,imagen.jpeg,69,batchnorm,1x384x14x14,0.115227
75,0,imagen.jpeg,70,activacion,1x384x14x14,0.206786
75,0,imagen.jpeg,71,depthwise_conv,1x384x14x14,0.932496
75,0,imagen.jpeg,72,batchnorm,1x384x14x14,0.248485
75,0,imagen.jpeg,73,activacion,1x384x14x14,0.225469
75,0,imagen.jpeg,74,pointwise_conv,1x384x14x14,2.388912
75,0,imagen.jpeg,75,batchnorm,1x64x14x14,0.019313
75,0,imagen.jpeg,76,layer_add,1x64x14x14,0.005487
75,0,imagen.jpeg,77,pointwise_conv,1x64x14x14,2.40791
75,0,imagen.jpeg,78,batchnorm,1x384x14x14,0.115291
75,0,imagen.jpeg,79,activacion,1x384x14x14,0.22902
75,0,imagen.jpeg,80,depthwise_conv,1x384x14x14,0.929954
75,0,imagen.jpeg,81,batchnorm,1x384x14x14,0.445898
75,0,imagen.jpeg,82,activacion,1x384x14x14,0.20036
75,0,imagen.jpeg,83,pointwise_conv,1x384x14x14,2.388693
75,0,imagen.jpeg,84,batchnorm,1x64x14x14,0.019536
75,0,imagen.jpeg,85,layer_add,1x64x14x14,0.005543
75,0,imagen.jpeg,86,pointwise_conv,1x64x14x14,2.410456
75,0,imagen.jpeg,87,batchnorm,1x384x14x14,0.115324
75,0,imagen.jpeg,88,activacion,1x384x14x14,0.22764
75,0,imagen.jpeg,89,depthwise_conv,1x384x14x14,0.933961
75,0,imagen.jpeg,90,batchnorm,1x384x14x14,0.114997
75,0,imagen.jpeg,91,activacion,1x384x14x14,0.212842
75,0,imagen.jpeg,92,pointwise_conv,1x384x14x14,3.580947
75,0,imagen.jpeg,93,batchnorm,1x96x14x14,0.028936
75,0,imagen.jpeg,94,pointwise_conv,1x96x14x14,5.390323
75,0,imagen.jpeg,95,batchnorm,1x576x14x14,0.173003
75,0,imagen.jpeg,96,activacion,1x576x14x14,0.326099
75,0,imagen.jpeg,97,depthwise_conv,1x576x14x14,1.396263
75,0,imagen.jpeg,98,batchnorm,1x576x14x14,0.503632
75,0,imagen.jpeg,99,activacion,1x576x14x14,0.29051
75,0,imagen.jpeg,100,pointwise_conv,1x576x14x14,5.38137
75,0,imagen.jpeg,101,batchnorm,1x96x14x14,0.028917
75,0,imagen.jpeg,102,layer_add,1x96x14x14,0.008298
75,0,imagen.jpeg,103,pointwise_conv,1x96x14x14,5.410958
75,0,imagen.jpeg,104,batchnorm,1x576x14x14,0.177023
75,0,imagen.jpeg,105,activacion,1x576x14x14,0.326701
75,0,imagen.jpeg,106,depthwise_conv,1x576x14x14,1.399218
75,0,imagen.jpeg,107,batchnorm,1x576x14x14,0.435808
75,0,imagen.jpeg,108,activacion,1x576x14x14,0.256485
75,0,imagen.jpeg,109,pointwise_conv,1x576x14x14,5.375779
75,0,imagen.jpeg,110,batchnorm,1x96x14x14,0.02892
75,0,imagen.jpeg,111,layer_add,1x96x14x14,0.008237
75,0,imagen.jpeg,112,pointwise_conv,1x96x14x14,5.403013
75,0,imagen.jpeg,113,batchnorm,1x576x14x14,0.172799
75,0,imagen.jpeg,114,activacion,1x576x14x14,0.287615
75,0,imagen.jpeg,115,depthwise_conv,1x576x14x14,0.354477
75,0,imagen.jpeg,116,batchnorm,1x576x7x7,0.061226
75,0,imagen.jpeg,117,activacion,1x576x7x7,0.049453
75,0,imagen.jpeg,118,pointwise_conv,1x576x7x7,2.144853
75,0,imagen.jpeg,119,batchnorm,1x160x7x7,0.012732
75,0,imagen.jpeg,120,pointwise_conv,1x160x7x7,3.58032
75,0,imagen.jpeg,121,batchnorm,1x960x7x7,0.074371
75,0,imagen.jpeg,122,activacion,1x960x7x7,0.133286
75,0,imagen.jpeg,123,depthwise_conv,1x960x7x7,0.563495
75,0,imagen.jpeg,124,batchnorm,1x960x7x7,0.07459
75,0,imagen.jpeg,125,activacion,1x960x7x7,0.128952
75,0,imagen.jpeg,126,pointwise_conv,1x960x7x7,3.568445
75,0,imagen.jpeg,127,batchnorm,1x160x7x7,0.01259
75,0,imagen.jpeg,128,layer_add,1x160x7x7,0.003502
75,0,imagen.jpeg,129,pointwise_conv,1x160x7x7,3.579931
75,0,imagen.jpeg,130,batchnorm,1x960x7x7,0.074377
75,0,imagen.jpeg,131,activacion,1x960x7x7,0.126715
75,0,imagen.jpeg,132,depthwise_conv,1x960x7x7,0.585985
75,0,imagen.jpeg,133,batchnorm,1x960x7x7,0.127646
75,0,imagen.jpeg,134,activacion,1x960x7x7,0.109968
75,0,imagen.jpeg,135,pointwise_conv,1x960x7x7,3.570103
75,0,imagen.jpeg,136,batchnorm,1x160x7x7,0.012536
75,0,imagen.jpeg,137,layer_add,1x160x7x7,0.003885
75,0,imagen.jpeg,138,pointwise_conv,1x160x7x7,3.594829
75,0,imagen.jpeg,139,batchnorm,1x960x7x7,0.076296
75,0,imagen.jpeg,140,activacion,1x960x7x7,0.105316
75,0,imagen.jpeg,141,depthwise_conv,1x960x7x7,0.595924
75,0,imagen.jpeg,142,batchnorm,1x960x7x7,0.090837
75,0,imagen.jpeg,143,activacion,1x960x7x7,0.057277
75,0,imagen.jpeg,144,pointwise_conv,1x960x7x7,7.140441
75,0,imagen.jpeg,145,batchnorm,1x320x7x7,0.024981
75,0,imagen.jpeg,146,pointwise_conv,1x320x7x7,9.552158
75,0,imagen.jpeg,147,batchnorm,1x1280x7x7,0.099185
75,0,imagen.jpeg,148,activacion,1x1280x7x7,0.158522
75,0,imagen.jpeg,149,pooling,1x1280x7x7,0.033492
75,0,imagen.jpeg,150,linear,1x1280,1.136368
76,0,imagen.jpeg,0,conv2d,1x3x224x224,17.257393
76,0,imagen.jpeg,1,batchnorm,1x32x112x112,0.627241
76,0,imagen.jpeg,2,activacion,1x32x112x112,0.395951
76,0,imagen.jpeg,3,depthwise_conv,1x32x112x112,4.789458
76,0,imagen.jpeg,4,batchnorm,1x32x112x112,8.998577
76,0,imagen.jpeg,5,activacion,1x32x112x112,0.500957
76,0,imagen.jpeg,6,pointwise_conv,1x32x112x112,3.028134
76,0,imagen.jpeg,7,batchnorm,1x16x112x112,0.304819
76,0,imagen.jpeg,8,pointwise_conv,1x16x112x112,9.268041
76,0,imagen.jpeg,9,batchnorm,1x96x112x112,1.841178
76,0,imagen.jpeg,10,activacion,1x96x112x112,2.753218
76,0,imagen.jpeg,11,depthwise_conv,1x96x112x112,3.664751
76,0,imagen.jpeg,12,batchnorm,1x96x56x56,0.457312
76,0,imagen.jpeg,13,activacion,1x96x56x56,0.887838
76,0,imagen.jpeg,14,pointwise_conv,1x96x56x56,3.368753
76,0,imagen.jpeg,15,batchnorm,1x24x56x56,0.120358
76,0,imagen.jpeg,16,pointwise_conv,1x24x56x56,5.128634
76,0,imagen.jpeg,17,batchnorm,1x144x56x56,0.719871
76,0,imagen.jpeg,18,activacion,1x144x56x56,1.01854
76,0,imagen.jpeg,19,depthwise_conv,1x144x56x56,5.434703
76,0,imagen.jpeg,20,batchnorm,1x144x56x56,0.72693
76,0,imagen.jpeg,21,activacion,1x144x56x56,1.446922
76,0,imagen.jpeg,22,pointwise_conv,1x144x56x56,5.07649
76,0,imagen.jpeg,23,batchnorm,1x24x56x56,0.114213
76,0,imagen.jpeg,24,layer_add,1x24x56x56,0.033561
76,0,imagen.jpeg,25,pointwise_conv,1x24x56x56,5.110636
76,0,imagen.jpeg,26,batchnorm,1x144x56x56,0.693713
76,0,imagen.jpeg,27,activacion,1x144x56x56,1.339397
76,0,imagen.jpeg,28,depthwise_conv,1x144x56x56,1.390713
76,0,imagen.jpeg,29,batchnorm,1x144x28x28,0.172043
76,0,imagen.jpeg,30,activacion,1x144x28x28,0.299117
76,0,imagen.jpeg,31,pointwise_conv,1x144x28x28,1.702833
76,0,imagen.jpeg,32,batchnorm,1x32x28x28,0.038283
76,0,imagen.jpeg,33,pointwise_conv,1x32x28x28,2.292728
76,0,imagen.jpeg,34,batchnorm,1x192x28x28,0.229127
76,0,imagen.jpeg,35,activacion,1x192x28x28,0.292561
76,0,imagen.jpeg,36,depthwise_conv,1x192x28x28,1.83205
76,0,imagen.jpeg,37,batchnorm,1x192x28x28,0.229285
76,0,imagen.jpeg,38,activacion,1x192x28x28,0.481318
76,0,imagen.jpeg,39,pointwise_conv,1x192x28x28,2.266046
76,0,imagen.jpeg,40,batchnorm,1x32x28x28,0.038262
76,0,imagen.jpeg,41,layer_add,1x32x28x28,0.01115
76,0,imagen.jpeg,42,pointwise_conv,1x32x28x28,2.296898
76,0,imagen.jpeg,43,batchnorm,1x192x28x28,0.231115
76,0,imagen.jpeg,44,activacion,1x192x28x28,0.36144
76,0,imagen.jpeg,45,depthwise_conv,1x192x28x28,1.817069
76,0,imagen.jpeg,46,batchnorm,1x192x28x28,0.229169
76,0,imagen.jpeg,47,activacion,1x192x28x28,0.467543
76,0,imagen.jpeg,48,pointwise_conv,1x192x28x28,2.266388
76,0,imagen.jpeg,49,batchnorm,1x32x28x28,0.038282
76,0,imagen.jpeg,50,layer_add,1x32x28x28,0.011419
76,0,imagen.jpeg,51,pointwise_conv,1x32x28x28,2.296703
76,0,imagen.jpeg,52,batchnorm,1x192x28x28,0.233275
76,0,imagen.jpeg,53,activacion,1x192x28x28,0.429955
76,0,imagen.jpeg,54,depthwise_conv,1x192x28x28,0.477939
76,0,imagen.jpeg,55,batchnorm,1x192x14x14,0.057682
76,0,imagen.jpeg,56,activacion,1x192x14x14,0.078009
76,0,imagen.jpeg,57,pointwise_conv,1x192x14x14,1.196948
76,0,imagen.jpeg,58,batchnorm,1x64x14x14,0.01944
76,0,imagen.jpeg,59,pointwise_conv,1x64x14x14,2.411027
76,0,imagen.jpeg,60,batchnorm,1x384x14x14,0.117881
76,0,imagen.jpeg,61,activacion,1x384x14x14,0.15449
76,0,imagen.jpeg,62,depthwise_conv,1x384x14x14,0.918477
76,0,imagen.jpeg,63,batchnorm,1x384x14x14,0.115333
76,0,imagen.jpeg,64,activacion,1x384x14x14,0.242421
76,0,imagen.jpeg,65,pointwise_conv,1x384x14x14,2.392363
76,0,imagen.jpeg,66,batchnorm,1x64x14x14,0.019292
76,0,imagen.jpeg,67,layer_add,1x64x14x14,0.005566
76,0,imagen.jpeg,68,pointwise_conv,1x64x14x14,2.405058
76,0,imagen.jpeg,69,batchnorm,1x384x14x14,0.115265
76,0,imagen.jpeg,70,activacion,1x384x14x14,0.2051
76,0,imagen.jpeg,71,depthwise_conv,1x384x14x14,0.917149
76,0,imagen.jpeg,72,batchnorm,1x384x14x14,0.248693
76,0,imagen.jpeg,73,activacion,1x384x14x14,0.221402
76,0,imagen.jpeg,74,pointwise_conv,1x384x14x14,2.387411
76,0,imagen.jpeg,75,batchnorm,1x64x14x14,0.019315
76,0,imagen.jpeg,76,layer_add,1x64x14x14,0.005525
76,0,imagen.jpeg,77,pointwise_conv,1x64x14x14,2.407386
76,0,imagen.jpeg,78,batchnorm,1x384x14x14,0.115393
76,0,imagen.jpeg,79,activacion,1x384x14x14,0.228915
76,0,imagen.jpeg,80,depthwise_conv,1x384x14x14,0.930191
76,0,imagen.jpeg,81,batchnorm,1x384x14x14,0.447037
76,0,imagen.jpeg,82,activacion,1x384x14x14,0.20057
76,0,imagen.jpeg,83,pointwise_conv,1x384x14x14,2.392513
76,0,imagen.jpeg,84,batchnorm,1x64x14x14,0.019366
76,0,imagen.jpeg,85,layer_add,1x64x14x14,0.005508
76,0,imagen.jpeg,86,pointwise_conv,1x64x14x14,2.407206
76,0,imagen.jpeg,87,batchnorm,1x384x14x14,0.115374
76,0,imagen.jpeg,88,activacion,1x384x14x14,0.227392
76,0,imagen.jpeg,89,depthwise_conv,1x384x14x14,0.945163
76,0,imagen.jpeg,90,batchnorm,1x384x14x14,0.115011
76,0,imagen.jpeg,91,activacion,1x384x14x14,0.212457
76,0,imagen.jpeg,92,pointwise_conv,1x384x14x14,3.579936
76,0,imagen.jpeg,93,batchnorm,1x96x14x14,0.028907
76,0,imagen.jpeg,94,pointwise_conv,1x96x14x14,5.407303
76,0,imagen.jpeg,95,batchnorm,1x576x14x14,0.174929
76,0,imagen.jpeg,96,activacion,1x576x14x14,0.32807
76,0,imagen.jpeg,97,depthwise_conv,1x576x14x14,1.400113
76,0,imagen.jpeg,98,batchnorm,1x576x14x14,0.500977
76,0,imagen.jpeg,99,activacion,1x576x14x14,0.294301
76,0,imagen.jpeg,100,pointwise_conv,1x576x14x14,5.379759
76,0,imagen.jpeg,101,batchnorm,1x96x14x14,0.028857
76,0,imagen.jpeg,102,layer_add,1x96x14x14,0.00823
76,0,imagen.jpeg,103,pointwise_conv,1x96x14x14,5.409792
76,0,imagen.jpeg,104,batchnorm,1x576x14x14,0.174535
76,0,imagen.jpeg,105,activacion,1x576x14x14,0.327079
76,0,imagen.jpeg,106,depthwise_conv,1x576x14x14,1.395427
76,0,imagen.jpeg,107,batchnorm,1x576x14x14,0.433909
76,0,imagen.jpeg,108,activacion,1x576x14x14,0.256237
76,0,imagen.jpeg,109,pointwise_conv,1x576x14x14,5.373228
76,0,imagen.jpeg,110,batchnorm,1x96x14x14,0.028898
76,0,imagen.jpeg,111,layer_add,1x96x14x14,0.008239
76,0,imagen.jpeg,112,pointwise_conv,1x96x14x14,5.401831
76,0,imagen.jpeg,113,batchnorm,1x576x14x14,0.180797
76,0,imagen.jpeg,114,activacion,1x576x14x14,0.282885
76,0,imagen.jpeg,115,depthwise_conv,1x576x14x14,0.36226
76,0,imagen.jpeg,116,batchnorm,1x576x7x7,0.061154
76,0,imagen.jpeg,117,activacion,1x576x7x7,0.049151
76,0,imagen.jpeg,118,pointwise_conv,1x576x7x7,2.144999
76,0,imagen.jpeg,119,batchnorm,1x160x7x7,0.012673
76,0,imagen.jpeg,120,pointwise_conv,1x160x7x7,3.580225
76,0,imagen.jpeg,121,batchnorm,1x960x7x7,0.074387
76,0,imagen.jpeg,122,activacion,1x960x7x7,0.133529
76,0,imagen.jpeg,123,depthwise_conv,1x960x7x7,0.586408
76,0,imagen.jpeg,124,batchnorm,1x960x7x7,0.074572
76,0,imagen.jpeg,125,activacion,1x960x7x7,0.127256
76,0,imagen.jpeg,126,pointwise_conv,1x960x7x7,3.578729
76,0,imagen.jpeg,127,batchnorm,1x160x7x7,0.012617
76,0,imagen.jpeg,128,layer_add,1x160x7x7,0.003522
76,0,imagen.jpeg,129,pointwise_conv,1x160x7x7,3.63294
76,0,imagen.jpeg,130,batchnorm,1x960x7x7,0.074404
76,0,imagen.jpeg,131,activacion,1x960x7x7,0.126383
76,0,imagen.jpeg,132,depthwise_conv,1x960x7x7,0.564088
76,0,imagen.jpeg,133,batchnorm,1x960x7x7,0.123541
76,0,imagen.jpeg,134,activacion,1x960x7x7,0.109857
76,0,imagen.jpeg,135,pointwise_conv,1x960x7x7,3.58695
76,0,imagen.jpeg,136,batchnorm,1x160x7x7,0.012469
76,0,imagen.jpeg,137,layer_add,1x160x7x7,0.006159
76,0,imagen.jpeg,138,pointwise_conv,1x160x7x7,3.581154
76,0,imagen.jpeg,139,batchnorm,1x960x7x7,0.074366
76,0,imagen.jpeg,140,activacion,1x960x7x7,0.103164
76,0,imagen.jpeg,141,depthwise_conv,1x960x7x7,0.566235
76,0,imagen.jpeg,142,batchnorm,1x960x7x7,0.090781
76,0,imagen.jpeg,143,activacion,1x960x7x7,0.057163
76,0,imagen.jpeg,144,pointwise_conv,1x960x7x7,7.155706
76,0,imagen.jpeg,145,batchnorm,1x320x7x7,0.029775
76,0,imagen.jpeg,146,pointwise_conv,1x320x7x7,9.530447
76,0,imagen.jpeg,147,batchnorm,1x1280x7x7,0.099175
76,0,imagen.jpeg,148,activacion,1x1280x7x7,0.15839
76,0,imagen.jpeg,149,pooling,1x1280x7x7,0.033536
76,0,imagen.jpeg,150,linear,1x1280,1.098091
77,0,imagen.jpeg,0,conv2d,1x3x224x224,17.168069
77,0,imagen.jpeg,1,batchnorm,1x32x112x112,0.627009
77,0,imagen.jpeg,2,activacion,1x32x112x112,0.395654
77,0,imagen.jpeg,3,depthwise_conv,1x32x112x112,4.780644
77,0,imagen.jpeg,4,batchnorm,1x32x112x112,8.970551
77,0,imagen.jpeg,5,activacion,1x32x112x112,0.501638
77,0,imagen.jpeg,6,pointwise_conv,1x32x112x112,3.032163
77,0,imagen.jpeg,7,batchnorm,1x16x112x112,0.304322
77,0,imagen.jpeg,8,pointwise_conv,1x16x112x112,9.265168
77,0,imagen.jpeg,9,batchnorm,1x96x112x112,1.842233
77,0,imagen.jpeg,10,activacion,1x96x112x112,2.781103
77,0,imagen.jpeg,11,depthwise_conv,1x96x112x112,3.712548
77,0,imagen.jpeg,12,batchnorm,1x96x56x56,0.456532
77,0,imagen.jpeg,13,activacion,1x96x56x56,0.882777
77,0,imagen.jpeg,14,pointwise_conv,1x96x56x56,3.376214
77,0,imagen.jpeg,15,batchnorm,1x24x56x56,0.114004
77,0,imagen.jpeg,16,pointwise_conv,1x24x56x56,5.118766
77,0,imagen.jpeg,17,batchnorm,1x144x56x56,0.699962
77,0,imagen.jpeg,18,activacion,1x144x56x56,1.007233
77,0,imagen.jpeg,19,depthwise_conv,1x144x56x56,5.428818
77,0,imagen.jpeg,20,batchnorm,1x144x56x56,0.686595
77,0,imagen.jpeg,21,activacion,1x144x56x56,1.462274
77,0,imagen.jpeg,22,pointwise_conv,1x144x56x56,5.064429
77,0,imagen.jpeg,23,batchnorm,1x24x56x56,0.116735
77,0,imagen.jpeg,24,layer_add,1x24x56x56,0.033671
77,0,imagen.jpeg,25,pointwise_conv,1x24x56x56,5.110782
77,0,imagen.jpeg,26,batchnorm,1x144x56x56,0.693411
77,0,imagen.jpeg,27,activacion,1x144x56x56,1.338872
77,0,imagen.jpeg,28,depthwise_conv,1x144x56x56,1.394959
77,0,imagen.jpeg,29,batchnorm,1x144x28x28,0.171987
77,0,imagen.jpeg,30,activacion,1x144x28x28,0.298027
77,0,imagen.jpeg,31,pointwise_conv,1x144x28x28,1.702297
77,0,imagen.jpeg,32,batchnorm,1x32x28x28,0.038394
77,0,imagen.jpeg,33,pointwise_conv,1x32x28x28,2.294951
77,0,imagen.jpeg,34,batchnorm,1x192x28x28,0.231272
77,0,imagen.jpeg,35,activacion,1x192x28x28,0.299257
77,0,imagen.jpeg,36,depthwise_conv,1x192x28x28,1.844327
77,0,imagen.jpeg,37,batchnorm,1x192x28x28,0.229235
77,0,imagen.jpeg,38,activacion,1x192x28x28,0.479355
77,0,imagen.jpeg,39,pointwise_conv,1x192x28x28,2.268429
77,0,imagen.jpeg,40,batchnorm,1x32x28x28,0.038259
77,0,imagen.jpeg,41,layer_add,1x32x28x28,0.011245
77,0,imagen.jpeg,42,pointwise_conv,1x32x28x28,2.297646
77,0,imagen.jpeg,43,batchnorm,1x192x28x28,0.229024
77,0,imagen.jpeg,44,activacion,1x192x28x28,0.364847
77,0,imagen.jpeg,45,depthwise_conv,1x192x28x28,1.829197
77,0,imagen.jpeg,46,batchnorm,1x192x28x28,0.229059
77,0,imagen.jpeg,47,activacion,1x192x28x28,0.463645
77,0,imagen.jpeg,48,pointwise_conv,1x192x28x28,2.263264
77,0,imagen.jpeg,49,batchnorm,1x32x28x28,0.038285
77,0,imagen.jpeg,50,layer_add,1x32x28x28,0.011214
77,0,imagen.jpeg,51,pointwise_conv,1x32x28x28,2.296953
77,0,imagen.jpeg,52,batchnorm,1x192x28x28,0.233705
77,0,imagen.jpeg,53,activacion,1x192x28x28,0.429601
77,0,imagen.jpeg,54,depthwise_conv,1x192x28x28,0.470407
77,0,imagen.jpeg,55,batchnorm,1x192x14x14,0.057707
77,0,imagen.jpeg,56,activacion,1x192x14x14,0.078147
77,0,imagen.jpeg,57,pointwise_conv,1x192x14x14,1.195561
77,0,imagen.jpeg,58,batchnorm,1x64x14x14,0.019429
77,0,imagen.jpeg,59,pointwise_conv,1x64x14x14,2.409791
77,0,imagen.jpeg,60,batchnorm,1x384x14x14,0.117699
77,0,imagen.jpeg,61,activacion,1x384x14x14,0.153787
77,0,imagen.jpeg,62,depthwise_conv,1x384x14x14,0.91803
77,0,imagen.jpeg,63,batchnorm,1x384x14x14,0.115438
77,0,imagen.jpeg,64,activacion,1x384x14x14,0.242669
77,0,imagen.jpeg,65,pointwise_conv,1x384x14x14,2.389906
77,0,imagen.jpeg,66,batchnorm,1x64x14x14,0.019321
77,0,imagen.jpeg,67,layer_add,1x64x14x14,0.005554
77,0,imagen.jpeg,68,pointwise_conv,1x64x14x14,2.40433
77,0,imagen.jpeg,69,batchnorm,1x384x14x14,0.115282
77,0,imagen.jpeg,70,activacion,1x384x14x14,0.205019
77,0,imagen.jpeg,71,depthwise_conv,1x384x14x14,0.931498
77,0,imagen.jpeg,72,batchnorm,1x384x14x14,0.248717
77,0,imagen.jpeg,73,activacion,1x384x14x14,0.219833
77,0,imagen.jpeg,74,pointwise_conv,1x384x14x14,2.389484
77,0,imagen.jpeg,75,batchnorm,1x64x14x14,0.019342
77,0,imagen.jpeg,76,layer_add,1x64x14x14,0.005538
77,0,imagen.jpeg,77,pointwise_conv,1x64x14x14,2.41084
77,0,imagen.jpeg,78,batchnorm,1x384x14x14,0.115201
77,0,imagen.jpeg,79,activacion,1x384x14x14,0.227949
77,0,imagen.jpeg,80,depthwise_conv,1x384x14x14,0.927207
77,0,imagen.jpeg,81,batchnorm,1x384x14x14,0.44547
77,0,imagen.jpeg,82,activacion,1x384x14x14,0.200695
77,0,imagen.jpeg,83,pointwise_conv,1x384x14x14,2.389618
77,0,imagen.jpeg,84,batchnorm,1x64x14x14,0.019426
77,0,imagen.jpeg,85,layer_add,1x64x14x14,0.005537
77,0,imagen.jpeg,86,pointwise_conv,1x64x14x14,2.411542
77,0,imagen.jpeg,87,batchnorm,1x384x14x14,0.118899
77,0,imagen.jpeg,88,activacion,1x384x14x14,0.227419
77,0,imagen.jpeg,89,depthwise_conv,1x384x14x14,0.921945
77,0,imagen.jpeg,90,batchnorm,1x384x14x14,0.117311
77,0,imagen.jpeg,91,activacion,1x384x14x14,0.215832
77,0,imagen.jpeg,92,pointwise_conv,1x384x14x14,3.586577
77,0,imagen.jpeg,93,batchnorm,1x96x14x14,0.028979
77,0,imagen.jpeg,94,pointwise_conv,1x96x14x14,5.408264
77,0,imagen.jpeg,95,batchnorm,1x576x14x14,0.172921
77,0,imagen.jpeg,96,activacion,1x576x14x14,0.325491
77,0,imagen.jpeg,97,depthwise_conv,1x576x14x14,1.395464
77,0,imagen.jpeg,98,batchnorm,1x576x14x14,0.499205
77,0,imagen.jpeg,99,activacion,1x576x14x14,0.289123
77,0,imagen.jpeg,100,pointwise_conv,1x576x14x14,5.370758
77,0,imagen.jpeg,101,batchnorm,1x96x14x14,0.028913
77,0,imagen.jpeg,102,layer_add,1x96x14x14,0.008275
77,0,imagen.jpeg,103,pointwise_conv,1x96x14x14,5.412121
77,0,imagen.jpeg,104,batchnorm,1x576x14x14,0.175039
77,0,imagen.jpeg,105,activacion,1x576x14x14,0.325218
77,0,imagen.jpeg,106,depthwise_conv,1x576x14x14,1.396804
77,0,imagen.jpeg,107,batchnorm,1x576x14x14,0.437701
77,0,imagen.jpeg,108,activacion,1x576x14x14,0.256391
77,0,imagen.jpeg,109,pointwise_conv,1x576x14x14,5.373869
77,0,imagen.jpeg,110,batchnorm,1x96x14x14,0.028879
77,0,imagen.jpeg,111,layer_add,1x96x14x14,0.008269
77,0,imagen.jpeg,112,pointwise_conv,1x96x14x14,5.397661
77,0,imagen.jpeg,113,batchnorm,1x576x14x14,0.174637
77,0,imagen.jpeg,114,activacion,1x576x14x14,0.288625
77,0,imagen.jpeg,115,depthwise_conv,1x576x14x14,0.362589
77,0,imagen.jpeg,116,batchnorm,1x576x7x7,0.061175
77,0,imagen.jpeg,117,activacion,1x576x7x7,0.049382
77,0,imagen.jpeg,118,pointwise_conv,1x576x7x7,2.154985
77,0,imagen.jpeg,119,batchnorm,1x160x7x7,0.012696
77,0,imagen.jpeg,120,pointwise_conv,1x160x7x7,3.58456
77,0,imagen.jpeg,121,batchnorm,1x960x7x7,0.074407
77,0,imagen.jpeg,122,activacion,1x960x7x7,0.137978
77,0,imagen.jpeg,123,depthwise_conv,1x960x7x7,0.586395
77,0,imagen.jpeg,124,batchnorm,1x960x7x7,0.074597
77,0,imagen.jpeg,125,activacion,1x960x7x7,0.126747
77,0,imagen.jpeg,126,pointwise_conv,1x960x7x7,3.569481
77,0,imagen.jpeg,127,batchnorm,1x160x7x7,0.012579
77,0,imagen.jpeg,128,layer_add,1x160x7x7,0.00352
77,0,imagen.jpeg,129,pointwise_conv,1x160x7x7,3.581047
77,0,imagen.jpeg,130,batchnorm,1x960x7x7,0.074386
77,0,imagen.jpeg,131,activacion,1x960x7x7,0.126708
77,0,imagen.jpeg,132,depthwise_conv,1x960x7x7,0.587687
77,0,imagen.jpeg,133,batchnorm,1x960x7x7,0.125554
77,0,imagen.jpeg,134,activacion,1x960x7x7,0.108986
77,0,imagen.jpeg,135,pointwise_conv,1x960x7x7,3.56967
77,0,imagen.jpeg,136,batchnorm,1x160x7x7,0.012456
77,0,imagen.jpeg,137,layer_add,1x160x7x7,0.003742
77,0,imagen.jpeg,138,pointwise_conv,1x160x7x7,3.58018
77,0,imagen.jpeg,139,batchnorm,1x960x7x7,0.074366
77,0,imagen.jpeg,140,activacion,1x960x7x7,0.102988
77,0,imagen.jpeg,141,depthwise_conv,1x960x7x7,0.591453
77,0,imagen.jpeg,142,batchnorm,1x960x7x7,0.090768
77,0,imagen.jpeg,143,activacion,1x960x7x7,0.056978
77,0,imagen.jpeg,144,pointwise_conv,1x960x7x7,7.135921
77,0,imagen.jpeg,145,batchnorm,1x320x7x7,0.024939
77,0,imagen.jpeg,146,pointwise_conv,1x320x7x7,9.544077
77,0,imagen.jpeg,147,batchnorm,1x1280x7x7,0.100986
77,0,imagen.jpeg,148,activacion,1x1280x7x7,0.157813
77,0,imagen.jpeg,149,pooling,1x1280x7x7,0.033637
77,0,imagen.jpeg,150,linear,1x1280,1.117686
78,0,imagen.jpeg,0,conv2d,1x3x224x224,17.912977
78,0,imagen.jpeg,1,batchnorm,1x32x112x112,0.61633
78,0,imagen.jpeg,2,activacion,1x32x112x112,0.400232
78,0,imagen.jpeg,3,depthwise_conv,1x32x112x112,4.801136
78,0,imagen.jpeg,4,batchnorm,1x32x112x112,9.012804
78,0,imagen.jpeg,5,activacion,1x32x112x112,0.489273
78,0,imagen.jpeg,6,pointwise_conv,1x32x112x112,3.045454
78,0,imagen.jpeg,7,batchnorm,1x16x112x112,0.311168
78,0,imagen.jpeg,8,pointwise_conv,1x16x112x112,9.274949
78,0,imagen.jpeg,9,batchnorm,1x96x112x112,1.841239
78,0,imagen.jpeg,10,activacion,1x96x112x112,2.780179
78,0,imagen.jpeg,11,depthwise_conv,1x96x112x112,3.655911
78,0,imagen.jpeg,12,batchnorm,1x96x56x56,0.456713
78,0,imagen.jpeg,13,activacion,1x96x56x56,0.879467
78,0,imagen.jpeg,14,pointwise_conv,1x96x56x56,3.367911
78,0,imagen.jpeg,15,batchnorm,1x24x56x56,0.113923
78,0,imagen.jpeg,16,pointwise_conv,1x24x56x56,5.124209
78,0,imagen.jpeg,17,batchnorm,1x144x56x56,0.689106
78,0,imagen.jpeg,18,activacion,1x144x56x56,1.007263
78,0,imagen.jpeg,19,depthwise_conv,1x144x56x56,5.412206
78,0,imagen.jpeg,20,batchnorm,1x144x56x56,0.698147
78,0,imagen.jpeg,21,activacion,1x144x56x56,1.454912
78,0,imagen.jpeg,22,pointwise_conv,1x144x56x56,5.128205
78,0,imagen.jpeg,23,batchnorm,1x24x56x56,0.119929
78,0,imagen.jpeg,24,layer_add,1x24x56x56,0.037639
78,0,imagen.jpeg,25,pointwise_conv,1x24x56x56,5.127873
78,0,imagen.jpeg,26,batchnorm,1x144x56x56,0.695613
78,0,imagen.jpeg,27,activacion,1x144x56x56,1.340803
78,0,imagen.jpeg,28,depthwise_conv,1x144x56x56,1.369977
78,0,imagen.jpeg,29,batchnorm,1x144x28x28,0.178027
78,0,imagen.jpeg,30,activacion,1x144x28x28,0.297335
78,0,imagen.jpeg,31,pointwise_conv,1x144x28x28,1.701483
78,0,imagen.jpeg,32,batchnorm,1x32x28x28,0.038304
78,0,imagen.jpeg,33,pointwise_conv,1x32x28x28,2.315992
78,0,imagen.jpeg,34,batchnorm,1x192x28x28,0.231141
78,0,imagen.jpeg,35,activacion,1x192x28x28,0.2959
78,0,imagen.jpeg,36,depthwise_conv,1x192x28x28,1.830884
78,0,imagen.jpeg,37,batchnorm,1x192x28x28,0.229356
78,0,imagen.jpeg,38,activacion,1x192x28x28,0.479833
78,0,imagen.jpeg,39,pointwise_conv,1x192x28x28,2.26676
78,0,imagen.jpeg,40,batchnorm,1x32x28x28,0.038291
78,0,imagen.jpeg,41,layer_add,1x32x28x28,0.011322
78,0,imagen.jpeg,42,pointwise_conv,1x32x28x28,2.301029
78,0,imagen.jpeg,43,batchnorm,1x192x28x28,0.229058
78,0,imagen.jpeg,44,activacion,1x192x28x28,0.377877
78,0,imagen.jpeg,45,depthwise_conv,1x192x28x28,1.835494
78,0,imagen.jpeg,46,batchnorm,1x192x28x28,0.229207
78,0,imagen.jpeg,47,activacion,1x192x28x28,0.462838
78,0,imagen.jpeg,48,pointwise_conv,1x192x28x28,2.266953
78,0,imagen.jpeg,49,batchnorm,1x32x28x28,0.038254
78,0,imagen.jpeg,50,layer_add,1x32x28x28,0.011407
78,0,imagen.jpeg,51,pointwise_conv,1x32x28x28,2.295494
78,0,imagen.jpeg,52,batchnorm,1x192x28x28,0.229405
78,0,imagen.jpeg,53,activacion,1x192x28x28,0.428103
78,0,imagen.jpeg,54,depthwise_conv,1x192x28x28,0.477819
78,0,imagen.jpeg,55,batchnorm,1x192x14x14,0.062326
78,0,imagen.jpeg,56,activacion,1x192x14x14,0.078982
78,0,imagen.jpeg,57,pointwise_conv,1x192x14x14,1.194858
78,0,imagen.jpeg,58,batchnorm,1x64x14x14,0.019414
78,0,imagen.jpeg,59,pointwise_conv,1x64x14x14,2.411574
78,0,imagen.jpeg,60,batchnorm,1x384x14x14,0.118745
78,0,imagen.jpeg,61,activacion,1x384x14x14,0.154451
78,0,imagen.jpeg,62,depthwise_conv,1x384x14x14,0.920417
78,0,imagen.jpeg,63,batchnorm,1x384x14x14,0.115463
78,0,imagen.jpeg,64,activacion,1x384x14x14,0.244568
78,0,imagen.jpeg,65,pointwise_conv,1x384x14x14,2.390333
78,0,imagen.jpeg,66,batchnorm,1x64x14x14,0.01938
78,0,imagen.jpeg,67,layer_add,1x64x14x14,0.005578
78,0,imagen.jpeg,68,pointwise_conv,1x64x14x14,2.411586
78,0,imagen.jpeg,69,batchnorm,1x384x14x14,0.115156
78,0,imagen.jpeg,70,activacion,1x384x14x14,0.206506
78,0,imagen.jpeg,71,depthwise_conv,1x384x14x14,0.918281
78,0,imagen.jpeg,72,batchnorm,1x384x14x14,0.24912
78,0,imagen.jpeg,73,activacion,1x384x14x14,0.223566
78,0,imagen.jpeg,74,pointwise_conv,1x384x14x14,2.389691
78,0,imagen.jpeg,75,batchnorm,1x64x14x14,0.020762
78,0,imagen.jpeg,76,layer_add,1x64x14x14,0.00554
78,0,imagen.jpeg,77,pointwise_conv,1x64x14x14,2.410428
78,0,imagen.jpeg,78,batchnorm,1x384x14x14,0.115283
78,0,imagen.jpeg,79,activacion,1x384x14x14,0.229542
78,0,imagen.jpeg,80,depthwise_conv,1x384x14x14,0.934428
78,0,imagen.jpeg,81,batchnorm,1x384x14x14,0.444729
78,0,imagen.jpeg,82,activacion,1x384x14x14,0.200072
78,0,imagen.jpeg,83,pointwise_conv,1x384x14x14,2.395202
78,0,imagen.jpeg,84,batchnorm,1x64x14x14,0.019412
78,0,imagen.jpeg,85,layer_add,1x64x14x14,0.005525
78,0,imagen.jpeg,86,pointwise_conv,1x64x14x14,2.41374
78,0,imagen.jpeg,87,batchnorm,1x384x14x14,0.115364
78,0,imagen.jpeg,88,activacion,1x384x14x14,0.226434
78,0,imagen.jpeg,89,depthwise_conv,1x384x14x14,0.926932
78,0,imagen.jpeg,90,batchnorm,1x384x14x14,0.115348
78,0,imagen.jpeg,91,activacion,1x384x14x14,0.216687
78,0,imagen.jpeg,92,pointwise_conv,1x384x14x14,3.590742
78,0,imagen.jpeg,93,batchnorm,1x96x14x14,0.02898
78,0,imagen.jpeg,94,pointwise_conv,1x96x14x14,5.395337
78,0,imagen.jpeg,95,batchnorm,1x576x14x14,0.172904
78,0,imagen.jpeg,96,activacion,1x576x14x14,0.325537
78,0,imagen.jpeg,97,depthwise_conv,1x576x14x14,1.404969
78,0,imagen.jpeg,98,batchnorm,1x576x14x14,0.499273
78,0,imagen.jpeg,99,activacion,1x576x14x14,0.295905
78,0,imagen.jpeg,100,pointwise_conv,1x576x14x14,5.369106
78,0,imagen.jpeg,101,batchnorm,1x96x14x14,0.02893
78,0,imagen.jpeg,102,layer_add,1x96x14x14,0.008251
78,0,imagen.jpeg,103,pointwise_conv,1x96x14x14,5.415129
78,0,imagen.jpeg,104,batchnorm,1x576x14x14,0.173141
78,0,imagen.jpeg,105,activacion,1x576x14x14,0.323775
78,0,imagen.jpeg,106,depthwise_conv,1x576x14x14,1.403225
78,0,imagen.jpeg,107,batchnorm,1x576x14x14,0.433724
78,0,imagen.jpeg,108,activacion,1x576x14x14,0.258844
78,0,imagen.jpeg,109,pointwise_conv,1x576x14x14,5.373707
78,0,imagen.jpeg,110,batchnorm,1x96x14x14,0.028933
78,0,imagen.jpeg,111,layer_add,1x96x14x14,0.008259
78,0,imagen.jpeg,112,pointwise_conv,1x96x14x14,5.404204
78,0,imagen.jpeg,113,batchnorm,1x576x14x14,0.176297
78,0,imagen.jpeg,114,activacion,1x576x14x14,0.282349
78,0,imagen.jpeg,115,depthwise_conv,1x576x14x14,0.361998
78,0,imagen.jpeg,116,batchnorm,1x576x7x7,0.061266
78,0,imagen.jpeg,117,activacion,1x576x7x7,0.049607
78,0,imagen.jpeg,118,pointwise_conv,1x576x7x7,2.146419
78,0,imagen.jpeg,119,batchnorm,1x160x7x7,0.012641
78,0,imagen.jpeg,120,pointwise_conv,1x160x7x7,3.579656
78,0,imagen.jpeg,121,batchnorm,1x960x7x7,0.074402
78,0,imagen.jpeg,122,activacion,1x960x7x7,0.138896
78,0,imagen.jpeg,123,depthwise_conv,1x960x7x7,0.586286
78,0,imagen.jpeg,124,batchnorm,1x960x7x7,0.074542
78,0,imagen.jpeg,125,activacion,1x960x7x7,0.128392
78,0,imagen.jpeg,126,pointwise_conv,1x960x7x7,3.573454
78,0,imagen.jpeg,127,batchnorm,1x160x7x7,0.012684
78,0,imagen.jpeg,128,layer_add,1x160x7x7,0.003537
78,0,imagen.jpeg,129,pointwise_conv,1x160x7x7,3.58467
78,0,imagen.jpeg,130,batchnorm,1x960x7x7,0.074373
78,0,imagen.jpeg,131,activacion,1x960x7x7,0.126983
78,0,imagen.jpeg,132,depthwise_conv,1x960x7x7,0.589881
78,0,imagen.jpeg,133,batchnorm,1x960x7x7,0.123593
78,0,imagen.jpeg,134,activacion,1x960x7x7,0.109787
78,0,imagen.jpeg,135,pointwise_conv,1x960x7x7,3.56744
78,0,imagen.jpeg,136,batchnorm,1x160x7x7,0.012541
78,0,imagen.jpeg,137,layer_add,1x160x7x7,0.003756
78,0,imagen.jpeg,138,pointwise_conv,1x160x7x7,3.581624
78,0,imagen.jpeg,139,batchnorm,1x960x7x7,0.074368
78,0,imagen.jpeg,140,activacion,1x960x7x7,0.105844
78,0,imagen.jpeg,141,depthwise_conv,1x960x7x7,0.586119
78,0,imagen.jpeg,142,batchnorm,1x960x7x7,0.090792
78,0,imagen.jpeg,143,activacion,1x960x7x7,0.057575
78,0,imagen.jpeg,144,pointwise_conv,1x960x7x7,7.148542
78,0,imagen.jpeg,145,batchnorm,1x320x7x7,0.024974
78,0,imagen.jpeg,146,pointwise_conv,1x320x7x7,9.543904
78,0,imagen.jpeg,147,batchnorm,1x1280x7x7,0.0992
78,0,imagen.jpeg,148,activacion,1x1280x7x7,0.165281
78,0,imagen.jpeg,149,pooling,1x1280x7x7,0.033619
78,0,imagen.jpeg,150,linear,1x1280,1.101278
79,0,imagen.jpeg,0,conv2d,1x3x224x224,17.161935
79,0,imagen.jpeg,1,batchnorm,1x32x112x112,0.630486
79,0,imagen.jpeg,2,activacion,1x32x112x112,0.395881
79,0,imagen.jpeg,3,depthwise_conv,1x32x112x112,4.803102
79,0,imagen.jpeg,4,batchnorm,1x32x112x112,8.992096
79,0,imagen.jpeg,5,activacion,1x32x112x112,0.51178
79,0,imagen.jpeg,6,pointwise_conv,1x32x112x112,3.086697
79,0,imagen.jpeg,7,batchnorm,1x16x112x112,0.304892
79,0,imagen.jpeg,8,pointwise_conv,1x16x112x112,9.245476
79,0,imagen.jpeg,9,batchnorm,1x96x112x112,1.849353
79,0,imagen.jpeg,10,activacion,1x96x112x112,2.740983
79,0,imagen.jpeg,11,depthwise_conv,1x96x112x112,3.593402
79,0,imagen.jpeg,12,batchnorm,1x96x56x56,0.457194
79,0,imagen.jpeg,13,activacion,1x96x56x56,0.87951
79,0,imagen.jpeg,14,pointwise_conv,1x96x56x56,3.363819
79,0,imagen.jpeg,15,batchnorm,1x24x56x56,0.114189
79,0,imagen.jpeg,16,pointwise_conv,1x24x56x56,5.11687
79,0,imagen.jpeg,17,batchnorm,1x144x56x56,0.68779
79,0,imagen.jpeg,18,activacion,1x144x56x56,1.01246
79,0,imagen.jpeg,19,depthwise_conv,1x144x56x56,5.367067
79,0,imagen.jpeg,20,batchnorm,1x144x56x56,0.719036
79,0,imagen.jpeg,21,activacion,1x144x56x56,1.478586
79,0,imagen.jpeg,22,pointwise_conv,1x144x56x56,5.097095
79,0,imagen.jpeg,23,batchnorm,1x24x56x56,0.113989
79,0,imagen.jpeg,24,layer_add,1x24x56x56,0.035566
79,0,imagen.jpeg,25,pointwise_conv,1x24x56x56,5.114449
79,0,imagen.jpeg,26,batchnorm,1x144x56x56,0.694554
79,0,imagen.jpeg,27,activacion,1x144x56x56,1.353639
79,0,imagen.jpeg,28,depthwise_conv,1x144x56x56,1.4093
79,0,imagen.jpeg,29,batchnorm,1x144x28x28,0.1721
79,0,imagen.jpeg,30,activacion,1x144x28x28,0.300534
79,0,imagen.jpeg,31,pointwise_conv,1x144x28x28,1.705219
79,0,imagen.jpeg,32,batchnorm,1x32x28x28,0.038331
79,0,imagen.jpeg,33,pointwise_conv,1x32x28x28,2.298508
79,0,imagen.jpeg,34,batchnorm,1x192x28x28,0.244445
79,0,imagen.jpeg,35,activacion,1x192x28x28,0.291659
79,0,imagen.jpeg,36,depthwise_conv,1x192x28x28,1.854354
79,0,imagen.jpeg,37,batchnorm,1x192x28x28,0.256123
79,0,imagen.jpeg,38,activacion,1x192x28x28,0.491458
79,0,imagen.jpeg,39,pointwise_conv,1x192x28x28,2.265767
79,0,imagen.jpeg,40,batchnorm,1x32x28x28,0.038388
79,0,imagen.jpeg,41,layer_add,1x32x28x28,0.012429
79,0,imagen.jpeg,42,pointwise_conv,1x32x28x28,2.305342
79,0,imagen.jpeg,43,batchnorm,1x192x28x28,0.232293
79,0,imagen.jpeg,44,activacion,1x192x28x28,0.361624
79,0,imagen.jpeg,45,depthwise_conv,1x192x28x28,1.822993
79,0,imagen.jpeg,46,batchnorm,1x192x28x28,0.228999
79,0,imagen.jpeg,47,activacion,1x192x28x28,0.471374
79,0,imagen.jpeg,48,pointwise_conv,1x192x28x28,2.263747
79,0,imagen.jpeg,49,batchnorm,1x32x28x28,0.039943
79,0,imagen.jpeg,50,layer_add,1x32x28x28,0.0132
79,0,imagen.jpeg,51,pointwise_conv,1x32x28x28,2.30887
79,0,imagen.jpeg,52,batchnorm,1x192x28x28,0.233198
79,0,imagen.jpeg,53,activacion,1x192x28x28,0.427239
79,0,imagen.jpeg,54,depthwise_conv,1x192x28x28,0.482633
79,0,imagen.jpeg,55,batchnorm,1x192x14x14,0.057699
79,0,imagen.jpeg,56,activacion,1x192x14x14,0.077807
79,0,imagen.jpeg,57,pointwise_conv,1x192x14x14,1.194472
79,0,imagen.jpeg,58,batchnorm,1x64x14x14,0.019368
79,0,imagen.jpeg,59,pointwise_conv,1x64x14x14,2.440086
79,0,imagen.jpeg,60,batchnorm,1x384x14x14,0.115672
79,0,imagen.jpeg,61,activacion,1x384x14x14,0.153588
79,0,imagen.jpeg,62,depthwise_conv,1x384x14x14,0.91217
79,0,imagen.jpeg,63,batchnorm,1x384x14x14,0.119551
79,0,imagen.jpeg,64,activacion,1x384x14x14,0.24279
79,0,imagen.jpeg,65,pointwise_conv,1x384x14x14,2.397019
79,0,imagen.jpeg,66,batchnorm,1x64x14x14,0.019446
79,0,imagen.jpeg,67,layer_add,1x64x14x14,0.005586
79,0,imagen.jpeg,68,pointwise_conv,1x64x14x14,2.411795
79,0,imagen.jpeg,69,batchnorm,1x384x14x14,0.115403
79,0,imagen.jpeg,70,activacion,1x384x14x14,0.209349
79,0,imagen.jpeg,71,depthwise_conv,1x384x14x14,0.918291
79,0,imagen.jpeg,72,batchnorm,1x384x14x14,0.2458
79,0,imagen.jpeg,73,activacion,1x384x14x14,0.220881
79,0,imagen.jpeg,74,pointwise_conv,1x384x14x14,2.392185
79,0,imagen.jpeg,75,batchnorm,1x64x14x14,0.020999
79,0,imagen.jpeg,76,layer_add,1x64x14x14,0.005547
79,0,imagen.jpeg,77,pointwise_conv,1x64x14x14,2.405757
79,0,imagen.jpeg,78,batchnorm,1x384x14x14,0.115246
79,0,imagen.jpeg,79,activacion,1x384x14x14,0.232058
79,0,imagen.jpeg,80,depthwise_conv,1x384x14x14,0.912332
79,0,imagen.jpeg,81,batchnorm,1x384x14x14,0.441763
79,0,imagen.jpeg,82,activacion,1x384x14x14,0.200167
79,0,imagen.jpeg,83,pointwise_conv,1x384x14x14,2.394552
79,0,imagen.jpeg,84,batchnorm,1x64x14x14,0.02135
79,0,imagen.jpeg,85,layer_add,1x64x14x14,0.005517
79,0,imagen.jpeg,86,pointwise_conv,1x64x14x14,2.405327
79,0,imagen.jpeg,87,batchnorm,1x384x14x14,0.115429
79,0,imagen.jpeg,88,activacion,1x384x14x14,0.229893
79,0,imagen.jpeg,89,depthwise_conv,1x384x14x14,0.928985
79,0,imagen.jpeg,90,batchnorm,1x384x14x14,0.119015
79,0,imagen.jpeg,91,activacion,1x384x14x14,0.209792
79,0,imagen.jpeg,92,pointwise_conv,1x384x14x14,3.582611
79,0,imagen.jpeg,93,batchnorm,1x96x14x14,0.028981
79,0,imagen.jpeg,94,pointwise_conv,1x96x14x14,5.395165
79,0,imagen.jpeg,95,batchnorm,1x576x14x14,0.172944
79,0,imagen.jpeg,96,activacion,1x576x14x14,0.329944
79,0,imagen.jpeg,97,depthwise_conv,1x576x14x14,1.397653
79,0,imagen.jpeg,98,batchnorm,1x576x14x14,0.503113
79,0,imagen.jpeg,99,activacion,1x576x14x14,0.289281
79,0,imagen.jpeg,100,pointwise_conv,1x576x14x14,5.375312
79,0,imagen.jpeg,101,batchnorm,1x96x14x14,0.028978
79,0,imagen.jpeg,102,layer_add,1x96x14x14,0.008269
79,0,imagen.jpeg,103,pointwise_conv,1x96x14x14,5.404731
79,0,imagen.jpeg,104,batchnorm,1x576x14x14,0.178642
79,0,imagen.jpeg,105,activacion,1x576x14x14,0.332791
79,0,imagen.jpeg,106,depthwise_conv,1x576x14x14,1.412905
79,0,imagen.jpeg,107,batchnorm,1x576x14x14,0.433878
79,0,imagen.jpeg,108,activacion,1x576x14x14,0.262641
79,0,imagen.jpeg,109,pointwise_conv,1x576x14x14,5.373061
79,0,imagen.jpeg,110,batchnorm,1x96x14x14,0.028885
79,0,imagen.jpeg,111,layer_add,1x96x14x14,0.008263
79,0,imagen.jpeg,112,pointwise_conv,1x96x14x14,5.416125
79,0,imagen.jpeg,113,batchnorm,1x576x14x14,0.17281
79,0,imagen.jpeg,114,activacion,1x576x14x14,0.283323
79,0,imagen.jpeg,115,depthwise_conv,1x576x14x14,0.362413
79,0,imagen.jpeg,116,batchnorm,1x576x7x7,0.061275
79,0,imagen.jpeg,117,activacion,1x576x7x7,0.049518
79,0,imagen.jpeg,118,pointwise_conv,1x576x7x7,2.142114
79,0,imagen.jpeg,119,batchnorm,1x160x7x7,0.01268
79,0,imagen.jpeg,120,pointwise_conv,1x160x7x7,3.590333
79,0,imagen.jpeg,121,batchnorm,1x960x7x7,0.087024
79,0,imagen.jpeg,122,activacion,1x960x7x7,0.13405
79,0,imagen.jpeg,123,depthwise_conv,1x960x7x7,0.585945
79,0,imagen.jpeg,124,batchnorm,1x960x7x7,0.078492
79,0,imagen.jpeg,125,activacion,1x960x7x7,0.126718
79,0,imagen.jpeg,126,pointwise_conv,1x960x7x7,3.567815
79,0,imagen.jpeg,127,batchnorm,1x160x7x7,0.012592
79,0,imagen.jpeg,128,layer_add,1x160x7x7,0.003525
79,0,imagen.jpeg,129,pointwise_conv,1x160x7x7,3.579887
79,0,imagen.jpeg,130,batchnorm,1x960x7x7,0.074361
79,0,imagen.jpeg,131,activacion,1x960x7x7,0.126536
79,0,imagen.jpeg,132,depthwise_conv,1x960x7x7,0.588606
79,0,imagen.jpeg,133,batchnorm,1x960x7x7,0.123817
79,0,imagen.jpeg,134,activacion,1x960x7x7,0.109425
79,0,imagen.jpeg,135,pointwise_conv,1x960x7x7,3.571869
79,0,imagen.jpeg,136,batchnorm,1x160x7x7,0.012477
79,0,imagen.jpeg,137,layer_add,1x160x7x7,0.003646
79,0,imagen.jpeg,138,pointwise_conv,1x160x7x7,3.594906
79,0,imagen.jpeg,139,batchnorm,1x960x7x7,0.077297
79,0,imagen.jpeg,140,activacion,1x960x7x7,0.102646
79,0,imagen.jpeg,141,depthwise_conv,1x960x7x7,0.560871
79,0,imagen.jpeg,142,batchnorm,1x960x7x7,0.090783
79,0,imagen.jpeg,143,activacion,1x960x7x7,0.057325
79,0,imagen.jpeg,144,pointwise_conv,1x960x7x7,7.14873
79,0,imagen.jpeg,145,batchnorm,1x320x7x7,0.024997
79,0,imagen.jpeg,146,pointwise_conv,1x320x7x7,9.533708
79,0,imagen.jpeg,147,batchnorm,1x1280x7x7,0.099186
79,0,imagen.jpeg,148,activacion,1x1280x7x7,0.162979
79,0,imagen.jpeg,149,pooling,1x1280x7x7,0.033505
79,0,imagen.jpeg,150,linear,1x1280,1.107601
80,0,imagen.jpeg,0,conv2d,1x3x224x224,17.145414
80,0,imagen.jpeg,1,batchnorm,1x32x112x112,0.620202
80,0,imagen.jpeg,2,activacion,1x32x112x112,0.395926
80,0,imagen.jpeg,3,depthwise_conv,1x32x112x112,4.793267
80,0,imagen.jpeg,4,batchnorm,1x32x112x112,9.030201
80,0,imagen.jpeg,5,activacion,1x32x112x112,0.490841
80,0,imagen.jpeg,6,pointwise_conv,1x32x112x112,3.026766
80,0,imagen.jpeg,7,batchnorm,1x16x112x112,0.305011
80,0,imagen.jpeg,8,pointwise_conv,1x16x112x112,9.258382
80,0,imagen.jpeg,9,batchnorm,1x96x112x112,1.850582
80,0,imagen.jpeg,10,activacion,1x96x112x112,2.773658
80,0,imagen.jpeg,11,depthwise_conv,1x96x112x112,3.652286
80,0,imagen.jpeg,12,batchnorm,1x96x56x56,0.457131
80,0,imagen.jpeg,13,activacion,1x96x56x56,0.879153
80,0,imagen.jpeg,14,pointwise_conv,1x96x56x56,3.378233
80,0,imagen.jpeg,15,batchnorm,1x24x56x56,0.114349
80,0,imagen.jpeg,16,pointwise_conv,1x24x56x56,5.117976
80,0,imagen.jpeg,17,batchnorm,1x144x56x56,0.708939
80,0,imagen.jpeg,18,activacion,1x144x56x56,1.027449
80,0,imagen.jpeg,19,depthwise_conv,1x144x56x56,5.429556
80,0,imagen.jpeg,20,batchnorm,1x144x56x56,0.694383
80,0,imagen.jpeg,21,activacion,1x144x56x56,1.452064
80,0,imagen.jpeg,22,pointwise_conv,1x144x56x56,5.059306
80,0,imagen.jpeg,23,batchnorm,1x24x56x56,0.114108
80,0,imagen.jpeg,24,layer_add,1x24x56x56,0.034573
80,0,imagen.jpeg,25,pointwise_conv,1x24x56x56,5.1246
80,0,imagen.jpeg,26,batchnorm,1x144x56x56,0.695943
80,0,imagen.jpeg,27,activacion,1x144x56x56,1.340441
80,0,imagen.jpeg,28,depthwise_conv,1x144x56x56,1.383332
80,0,imagen.jpeg,29,batchnorm,1x144x28x28,0.172106
80,0,imagen.jpeg,30,activacion,1x144x28x28,0.299671
80,0,imagen.jpeg,31,pointwise_conv,1x144x28x28,1.703136
80,0,imagen.jpeg,32,batchnorm,1x32x28x28,0.038434
80,0,imagen.jpeg,33,pointwise_conv,1x32x28x28,2.292994
80,0,imagen.jpeg,34,batchnorm,1x192x28x28,0.231924
80,0,imagen.jpeg,35,activacion,1x192x28x28,0.288244
80,0,imagen.jpeg,36,depthwise_conv,1x192x28x28,1.827858
80,0,imagen.jpeg,37,batchnorm,1x192x28x28,0.229253
80,0,imagen.jpeg,38,activacion,1x192x28x28,0.483466
80,0,imagen.jpeg,39,pointwise_conv,1x192x28x28,2.267099
80,0,imagen.jpeg,40,batchnorm,1x32x28x28,0.038239
80,0,imagen.jpeg,41,layer_add,1x32x28x28,0.011064
80,0,imagen.jpeg,42,pointwise_conv,1x32x28x28,2.294913
80,0,imagen.jpeg,43,batchnorm,1x192x28x28,0.231865
80,0,imagen.jpeg,44,activacion,1x192x28x28,0.362572
80,0,imagen.jpeg,45,depthwise_conv,1x192x28x28,1.83343
80,0,imagen.jpeg,46,batchnorm,1x192x28x28,0.229223
80,0,imagen.jpeg,47,activacion,1x192x28x28,0.478359
80,0,imagen.jpeg,48,pointwise_conv,1x192x28x28,2.26353
80,0,imagen.jpeg,49,batchnorm,1x32x28x28,0.040159
80,0,imagen.jpeg,50,layer_add,1x32x28x28,0.011301
80,0,imagen.jpeg,51,pointwise_conv,1x32x28x28,2.294522
80,0,imagen.jpeg,52,batchnorm,1x192x28x28,0.236815
80,0,imagen.jpeg,53,activacion,1x192x28x28,0.427692
80,0,imagen.jpeg,54,depthwise_conv,1x192x28x28,0.487021
80,0,imagen.jpeg,55,batchnorm,1x192x14x14,0.057816
80,0,imagen.jpeg,56,activacion,1x192x14x14,0.078044
80,0,imagen.jpeg,57,pointwise_conv,1x192x14x14,1.196653
80,0,imagen.jpeg,58,batchnorm,1x64x14x14,0.019402
80,0,imagen.jpeg,59,pointwise_conv,1x64x14x14,2.412303
80,0,imagen.jpeg,60,batchnorm,1x384x14x14,0.117029
80,0,imagen.jpeg,61,activacion,1x384x14x14,0.1538
80,0,imagen.jpeg,62,depthwise_conv,1x384x14x14,0.930232
80,0,imagen.jpeg,63,batchnorm,1x384x14x14,0.115307
80,0,imagen.jpeg,64,activacion,1x384x14x14,0.243717
80,0,imagen.jpeg,65,pointwise_conv,1x384x14x14,2.38859
80,0,imagen.jpeg,66,batchnorm,1x64x14x14,0.019347
80,0,imagen.jpeg,67,layer_add,1x64x14x14,0.005535
80,0,imagen.jpeg,68,pointwise_conv,1x64x14x14,2.405393
80,0,imagen.jpeg,69,batchnorm,1x384x14x14,0.116851
80,0,imagen.jpeg,70,activacion,1x384x14x14,0.210249
80,0,imagen.jpeg,71,depthwise_conv,1x384x14x14,0.919299
80,0,imagen.jpeg,72,batchnorm,1x384x14x14,0.247988
80,0,imagen.jpeg,73,activacion,1x384x14x14,0.222333
80,0,imagen.jpeg,74,pointwise_conv,1x384x14x14,2.392926
80,0,imagen.jpeg,75,batchnorm,1x64x14x14,0.019346
80,0,imagen.jpeg,76,layer_add,1x64x14x14,0.005529
80,0,imagen.jpeg,77,pointwise_conv,1x64x14x14,2.40584
80,0,imagen.jpeg,78,batchnorm,1x384x14x14,0.114935
80,0,imagen.jpeg,79,activacion,1x384x14x14,0.228204
80,0,imagen.jpeg,80,depthwise_conv,1x384x14x14,0.918283
80,0,imagen.jpeg,81,batchnorm,1x384x14x14,0.444195
80,0,imagen.jpeg,82,activacion,1x384x14x14,0.200734
80,0,imagen.jpeg,83,pointwise_conv,1x384x14x14,2.392986
80,0,imagen.jpeg,84,batchnorm,1x64x14x14,0.019383
80,0,imagen.jpeg,85,layer_add,1x64x14x14,0.005519
80,0,imagen.jpeg,86,pointwise_conv,1x64x14x14,2.404218
80,0,imagen.jpeg,87,batchnorm,1x384x14x14,0.115263
80,0,imagen.jpeg,88,activacion,1x384x14x14,0.22812
80,0,imagen.jpeg,89,depthwise_conv,1x384x14x14,0.933598
80,0,imagen.jpeg,90,batchnorm,1x384x14x14,0.119406
80,0,imagen.jpeg,91,activacion,1x384x14x14,0.21075
80,0,imagen.jpeg,92,pointwise_conv,1x384x14x14,3.582172
80,0,imagen.jpeg,93,batchnorm,1x96x14x14,0.032507
80,0,imagen.jpeg,94,pointwise_conv,1x96x14x14,5.388714
80,0,imagen.jpeg,95,batchnorm,1x576x14x14,0.17315
80,0,imagen.jpeg,96,activacion,1x576x14x14,0.327272
80,0,imagen.jpeg,97,depthwise_conv,1x576x14x14,1.366057
80,0,imagen.jpeg,98,batchnorm,1x576x14x14,0.499272
80,0,imagen.jpeg,99,activacion,1x576x14x14,0.295125
80,0,imagen.jpeg,100,pointwise_conv,1x576x14x14,5.376131
80,0,imagen.jpeg,101,batchnorm,1x96x14x14,0.028934
80,0,imagen.jpeg,102,layer_add,1x96x14x14,0.008899
80,0,imagen.jpeg,103,pointwise_conv,1x96x14x14,5.40762
80,0,imagen.jpeg,104,batchnorm,1x576x14x14,0.172935
80,0,imagen.jpeg,105,activacion,1x576x14x14,0.325204
80,0,imagen.jpeg,106,depthwise_conv,1x576x14x14,1.395986
80,0,imagen.jpeg,107,batchnorm,1x576x14x14,0.435395
80,0,imagen.jpeg,108,activacion,1x576x14x14,0.255636
80,0,imagen.jpeg,109,pointwise_conv,1x576x14x14,5.372486
80,0,imagen.jpeg,110,batchnorm,1x96x14x14,0.028901
80,0,imagen.jpeg,111,layer_add,1x96x14x14,0.008226
80,0,imagen.jpeg,112,pointwise_conv,1x96x14x14,5.401938
80,0,imagen.jpeg,113,batchnorm,1x576x14x14,0.176474
80,0,imagen.jpeg,114,activacion,1x576x14x14,0.283727
80,0,imagen.jpeg,115,depthwise_conv,1x576x14x14,0.35518
80,0,imagen.jpeg,116,batchnorm,1x576x7x7,0.061158
80,0,imagen.jpeg,117,activacion,1x576x7x7,0.049677
80,0,imagen.jpeg,118,pointwise_conv,1x576x7x7,2.147354
80,0,imagen.jpeg,119,batchnorm,1x160x7x7,0.012696
80,0,imagen.jpeg,120,pointwise_conv,1x160x7x7,3.579507
80,0,imagen.jpeg,121,batchnorm,1x960x7x7,0.074436
80,0,imagen.jpeg,122,activacion,1x960x7x7,0.137513
80,0,imagen.jpeg,123,depthwise_conv,1x960x7x7,0.586407
80,0,imagen.jpeg,124,batchnorm,1x960x7x7,0.074548
80,0,imagen.jpeg,125,activacion,1x960x7x7,0.126835
80,0,imagen.jpeg,126,pointwise_conv,1x960x7x7,3.570949
80,0,imagen.jpeg,127,batchnorm,1x160x7x7,0.012562
80,0,imagen.jpeg,128,layer_add,1x160x7x7,0.00348
80,0,imagen.jpeg,129,pointwise_conv,1x160x7x7,3.581903
80,0,imagen.jpeg,130,batchnorm,1x960x7x7,0.074386
80,0,imagen.jpeg,131,activacion,1x960x7x7,0.126796
80,0,imagen.jpeg,132,depthwise_conv,1x960x7x7,0.589251
80,0,imagen.jpeg,133,batchnorm,1x960x7x7,0.12363
80,0,imagen.jpeg,134,activacion,1x960x7x7,0.109939
80,0,imagen.jpeg,135,pointwise_conv,1x960x7x7,3.569523
80,0,imagen.jpeg,136,batchnorm,1x160x7x7,0.012492
80,0,imagen.jpeg,137,layer_add,1x160x7x7,0.00352
80,0,imagen.jpeg,138,pointwise_conv,1x160x7x7,3.606572
80,0,imagen.jpeg,139,batchnorm,1x960x7x7,0.07437
80,0,imagen.jpeg,140,activacion,1x960x7x7,0.106386
80,0,imagen.jpeg,141,depthwise_conv,1x960x7x7,0.586084
80,0,imagen.jpeg,142,batchnorm,1x960x7x7,0.090823
80,0,imagen.jpeg,143,activacion,1x960x7x7,0.057411
80,0,imagen.jpeg,144,pointwise_conv,1x960x7x7,7.14657
80,0,imagen.jpeg,145,batchnorm,1x320x7x7,0.024962
80,0,imagen.jpeg,146,pointwise_conv,1x320x7x7,9.548344
80,0,imagen.jpeg,147,batchnorm,1x1280x7x7,0.099158
80,0,imagen.jpeg,148,activacion,1x1280x7x7,0.162474
80,0,imagen.jpeg,149,pooling,1x1280x7x7,0.033627
80,0,imagen.jpeg,150,linear,1x1280,1.10101
81,0,imagen.jpeg,0,conv2d,1x3x224x224,17.259884
81,0,imagen.jpeg,1,batchnorm,1x32x112x112,0.621354
81,0,imagen.jpeg,2,activacion,1x32x112x112,0.396336
81,0,imagen.jpeg,3,depthwise_conv,1x32x112x112,4.802867
81,0,imagen.jpeg,4,batchnorm,1x32x112x112,8.990974
81,0,imagen.jpeg,5,activacion,1x32x112x112,0.496412
81,0,imagen.jpeg,6,pointwise_conv,1x32x112x112,3.07545
81,0,imagen.jpeg,7,batchnorm,1x16x112x112,0.304778
81,0,imagen.jpeg,8,pointwise_conv,1x16x112x112,9.284896
81,0,imagen.jpeg,9,batchnorm,1x96x112x112,1.864216
81,0,imagen.jpeg,10,activacion,1x96x112x112,2.772148
81,0,imagen.jpeg,11,depthwise_conv,1x96x112x112,3.551873
81,0,imagen.jpeg,12,batchnorm,1x96x56x56,0.455922
81,0,imagen.jpeg,13,activacion,1x96x56x56,0.880531
81,0,imagen.jpeg,14,pointwise_conv,1x96x56x56,3.462817
81,0,imagen.jpeg,15,batchnorm,1x24x56x56,0.114057
81,0,imagen.jpeg,16,pointwise_conv,1x24x56x56,5.156996
81,0,imagen.jpeg,17,batchnorm,1x144x56x56,0.695094
81,0,imagen.jpeg,18,activacion,1x144x56x56,1.012581
81,0,imagen.jpeg,19,depthwise_conv,1x144x56x56,5.441528
81,0,imagen.jpeg,20,batchnorm,1x144x56x56,0.687849
81,0,imagen.jpeg,21,activacion,1x144x56x56,1.471112
81,0,imagen.jpeg,22,pointwise_conv,1x144x56x56,5.085333
81,0,imagen.jpeg,23,batchnorm,1x24x56x56,0.114338
81,0,imagen.jpeg,24,layer_add,1x24x56x56,0.035069
81,0,imagen.jpeg,25,pointwise_conv,1x24x56x56,5.12321
81,0,imagen.jpeg,26,batchnorm,1x144x56x56,0.693789
81,0,imagen.jpeg,27,activacion,1x144x56x56,1.3504
81,0,imagen.jpeg,28,depthwise_conv,1x144x56x56,1.39343
81,0,imagen.jpeg,29,batchnorm,1x144x28x28,0.172046
81,0,imagen.jpeg,30,activacion,1x144x28x28,0.299085
81,0,imagen.jpeg,31,pointwise_conv,1x144x28x28,1.704592
81,0,imagen.jpeg,32,batchnorm,1x32x28x28,0.038317
81,0,imagen.jpeg,33,pointwise_conv,1x32x28x28,2.300956
81,0,imagen.jpeg,34,batchnorm,1x192x28x28,0.229244
81,0,imagen.jpeg,35,activacion,1x192x28x28,0.289845
81,0,imagen.jpeg,36,depthwise_conv,1x192x28x28,1.83626
81,0,imagen.jpeg,37,batchnorm,1x192x28x28,0.229071
81,0,imagen.jpeg,38,activacion,1x192x28x28,0.487537
81,0,imagen.jpeg,39,pointwise_conv,1x192x28x28,2.280236
81,0,imagen.jpeg,40,batchnorm,1x32x28x28,0.038263
81,0,imagen.jpeg,41,layer_add,1x32x28x28,0.011538
81,0,imagen.jpeg,42,pointwise_conv,1x32x28x28,2.322805
81,0,imagen.jpeg,43,batchnorm,1x192x28x28,0.229007
81,0,imagen.jpeg,44,activacion,1x192x28x28,0.364613
81,0,imagen.jpeg,45,depthwise_conv,1x192x28x28,1.844988
81,0,imagen.jpeg,46,batchnorm,1x192x28x28,0.230955
81,0,imagen.jpeg,47,activacion,1x192x28x28,0.483403
81,0,imagen.jpeg,48,pointwise_conv,1x192x28x28,2.268352
81,0,imagen.jpeg,49,batchnorm,1x32x28x28,0.038437
81,0,imagen.jpeg,50,layer_add,1x32x28x28,0.011282
81,0,imagen.jpeg,51,pointwise_conv,1x32x28x28,2.341449
81,0,imagen.jpeg,52,batchnorm,1x192x28x28,0.229147
81,0,imagen.jpeg,53,activacion,1x192x28x28,0.439571
81,0,imagen.jpeg,54,depthwise_conv,1x192x28x28,0.473642
81,0,imagen.jpeg,55,batchnorm,1x192x14x14,0.057611
81,0,imagen.jpeg,56,activacion,1x192x14x14,0.077728
81,0,imagen.jpeg,57,pointwise_conv,1x192x14x14,1.197926
81,0,imagen.jpeg,58,batchnorm,1x64x14x14,0.026177
81,0,imagen.jpeg,59,pointwise_conv,1x64x14x14,2.416864
81,0,imagen.jpeg,60,batchnorm,1x384x14x14,0.115429
81,0,imagen.jpeg,61,activacion,1x384x14x14,0.153782
81,0,imagen.jpeg,62,depthwise_conv,1x384x14x14,0.934158
81,0,imagen.jpeg,63,batchnorm,1x384x14x14,0.115453
81,0,imagen.jpeg,64,activacion,1x384x14x14,0.250272
81,0,imagen.jpeg,65,pointwise_conv,1x384x14x14,2.394226
81,0,imagen.jpeg,66,batchnorm,1x64x14x14,0.019411
81,0,imagen.jpeg,67,layer_add,1x64x14x14,0.00573
81,0,imagen.jpeg,68,pointwise_conv,1x64x14x14,2.414358
81,0,imagen.jpeg,69,batchnorm,1x384x14x14,0.115017
81,0,imagen.jpeg,70,activacion,1x384x14x14,0.205565
81,0,imagen.jpeg,71,depthwise_conv,1x384x14x14,0.929616
81,0,imagen.jpeg,72,batchnorm,1x384x14x14,0.245826
81,0,imagen.jpeg,73,activacion,1x384x14x14,0.226839
81,0,imagen.jpeg,74,pointwise_conv,1x384x14x14,2.388539
81,0,imagen.jpeg,75,batchnorm,1x64x14x14,0.019363
81,0,imagen.jpeg,76,layer_add,1x64x14x14,0.005496
81,0,imagen.jpeg,77,pointwise_conv,1x64x14x14,2.407982
81,0,imagen.jpeg,78,batchnorm,1x384x14x14,0.117085
81,0,imagen.jpeg,79,activacion,1x384x14x14,0.228551
81,0,imagen.jpeg,80,depthwise_conv,1x384x14x14,0.934765
81,0,imagen.jpeg,81,batchnorm,1x384x14x14,0.441753
81,0,imagen.jpeg,82,activacion,1x384x14x14,0.20518
81,0,imagen.jpeg,83,pointwise_conv,1x384x14x14,2.392116
81,0,imagen.jpeg,84,batchnorm,1x64x14x14,0.019422
81,0,imagen.jpeg,85,layer_add,1x64x14x14,0.005496
81,0,imagen.jpeg,86,pointwise_conv,1x64x14x14,2.409591
81,0,imagen.jpeg,87,batchnorm,1x384x14x14,0.119192
81,0,imagen.jpeg,88,activacion,1x384x14x14,0.228292
81,0,imagen.jpeg,89,depthwise_conv,1x384x14x14,0.932069
81,0,imagen.jpeg,90,batchnorm,1x384x14x14,0.115451
81,0,imagen.jpeg,91,activacion,1x384x14x14,0.210298
81,0,imagen.jpeg,92,pointwise_conv,1x384x14x14,3.591041
81,0,imagen.jpeg,93,batchnorm,1x96x14x14,0.029023
81,0,imagen.jpeg,94,pointwise_conv,1x96x14x14,5.450782
81,0,imagen.jpeg,95,batchnorm,1x576x14x14,0.182183
81,0,imagen.jpeg,96,activacion,1x576x14x14,0.326586
81,0,imagen.jpeg,97,depthwise_conv,1x576x14x14,1.407573
81,0,imagen.jpeg,98,batchnorm,1x576x14x14,0.499997
81,0,imagen.jpeg,99,activacion,1x576x14x14,0.286749
81,0,imagen.jpeg,100,pointwise_conv,1x576x14x14,5.385558
81,0,imagen.jpeg,101,batchnorm,1x96x14x14,0.028984
81,0,imagen.jpeg,102,layer_add,1x96x14x14,0.008317
81,0,imagen.jpeg,103,pointwise_conv,1x96x14x14,5.41679
81,0,imagen.jpeg,104,batchnorm,1x576x14x14,0.177363
81,0,imagen.jpeg,105,activacion,1x576x14x14,0.327745
81,0,imagen.jpeg,106,depthwise_conv,1x576x14x14,1.376861
81,0,imagen.jpeg,107,batchnorm,1x576x14x14,0.440284
81,0,imagen.jpeg,108,activacion,1x576x14x14,0.255541
81,0,imagen.jpeg,109,pointwise_conv,1x576x14x14,5.37884
81,0,imagen.jpeg,110,batchnorm,1x96x14x14,0.033562
81,0,imagen.jpeg,111,layer_add,1x96x14x14,0.008236
81,0,imagen.jpeg,112,pointwise_conv,1x96x14x14,5.405864
81,0,imagen.jpeg,113,batchnorm,1x576x14x14,0.172817
81,0,imagen.jpeg,114,activacion,1x576x14x14,0.289031
81,0,imagen.jpeg,115,depthwise_conv,1x576x14x14,0.36398
81,0,imagen.jpeg,116,batchnorm,1x576x7x7,0.061156
81,0,imagen.jpeg,117,activacion,1x576x7x7,0.049862
81,0,imagen.jpeg,118,pointwise_conv,1x576x7x7,2.146957
81,0,imagen.jpeg,119,batchnorm,1x160x7x7,0.012684
81,0,imagen.jpeg,120,pointwise_conv,1x160x7x7,3.588225
81,0,imagen.jpeg,121,batchnorm,1x960x7x7,0.07439
81,0,imagen.jpeg,122,activacion,1x960x7x7,0.134417
81,0,imagen.jpeg,123,depthwise_conv,1x960x7x7,0.59016
81,0,imagen.jpeg,124,batchnorm,1x960x7x7,0.074518
81,0,imagen.jpeg,125,activacion,1x960x7x7,0.1286
81,0,imagen.jpeg,126,pointwise_conv,1x960x7x7,3.601155
81,0,imagen.jpeg,127,batchnorm,1x160x7x7,0.012587
81,0,imagen.jpeg,128,layer_add,1x160x7x7,0.003729
81,0,imagen.jpeg,129,pointwise_conv,1x160x7x7,3.627733
81,0,imagen.jpeg,130,batchnorm,1x960x7x7,0.077421
81,0,imagen.jpeg,131,activacion,1x960x7x7,0.126471
81,0,imagen.jpeg,132,depthwise_conv,1x960x7x7,0.590414
81,0,imagen.jpeg,133,batchnorm,1x960x7x7,0.130533
81,0,imagen.jpeg,134,activacion,1x960x7x7,0.110569
81,0,imagen.jpeg,135,pointwise_conv,1x960x7x7,3.571943
81,0,imagen.jpeg,136,batchnorm,1x160x7x7,0.012492
81,0,imagen.jpeg,137,layer_add,1x160x7x7,0.003707
81,0,imagen.jpeg,138,pointwise_conv,1x160x7x7,3.589253
81,0,imagen.jpeg,139,batchnorm,1x960x7x7,0.074369
81,0,imagen.jpeg,140,activacion,1x960x7x7,0.102374
81,0,imagen.jpeg,141,depthwise_conv,1x960x7x7,0.59372
81,0,imagen.jpeg,142,batchnorm,1x960x7x7,0.090781
81,0,imagen.jpeg,143,activacion,1x960x7x7,0.057248
81,0,imagen.jpeg,144,pointwise_conv,1x960x7x7,7.1423
81,0,imagen.jpeg,145,batchnorm,1x320x7x7,0.024977
81,0,imagen.jpeg,146,pointwise_conv,1x320x7x7,9.55319
81,0,imagen.jpeg,147,batchnorm,1x1280x7x7,0.099174
81,0,imagen.jpeg,148,activacion,1x1280x7x7,0.158439
81,0,imagen.jpeg,149,pooling,1x1280x7x7,0.033552
81,0,imagen.jpeg,150,linear,1x1280,1.123088
82,0,imagen.jpeg,0,conv2d,1x3x224x224,17.335352
82,0,imagen.jpeg,1,batchnorm,1x32x112x112,0.620424
82,0,imagen.jpeg,2,activacion,1x32x112x112,0.395802
82,0,imagen.jpeg,3,depthwise_conv,1x32x112x112,4.814751
82,0,imagen.jpeg,4,batchnorm,1x32x112x112,8.979424
82,0,imagen.jpeg,5,activacion,1x32x112x112,0.494551
82,0,imagen.jpeg,6,pointwise_conv,1x32x112x112,3.03159
82,0,imagen.jpeg,7,batchnorm,1x16x112x112,0.30476
82,0,imagen.jpeg,8,pointwise_conv,1x16x112x112,9.295503
82,0,imagen.jpeg,9,batchnorm,1x96x112x112,1.982112
82,0,imagen.jpeg,10,activacion,1x96x112x112,2.813036
82,0,imagen.jpeg,11,depthwise_conv,1x96x112x112,3.754087
82,0,imagen.jpeg,12,batchnorm,1x96x56x56,0.466404
82,0,imagen.jpeg,13,activacion,1x96x56x56,0.882107
82,0,imagen.jpeg,14,pointwise_conv,1x96x56x56,3.373876
82,0,imagen.jpeg,15,batchnorm,1x24x56x56,0.11416
82,0,imagen.jpeg,16,pointwise_conv,1x24x56x56,5.133529
82,0,imagen.jpeg,17,batchnorm,1x144x56x56,0.745122
82,0,imagen.jpeg,18,activacion,1x144x56x56,1.009469
82,0,imagen.jpeg,19,depthwise_conv,1x144x56x56,5.399598
82,0,imagen.jpeg,20,batchnorm,1x144x56x56,0.684341
82,0,imagen.jpeg,21,activacion,1x144x56x56,1.470839
82,0,imagen.jpeg,22,pointwise_conv,1x144x56x56,5.079379
82,0,imagen.jpeg,23,batchnorm,1x24x56x56,0.113931
82,0,imagen.jpeg,24,layer_add,1x24x56x56,0.035786
82,0,imagen.jpeg,25,pointwise_conv,1x24x56x56,5.120249
82,0,imagen.jpeg,26,batchnorm,1x144x56x56,0.691999
82,0,imagen.jpeg,27,activacion,1x144x56x56,1.357354
82,0,imagen.jpeg,28,depthwise_conv,1x144x56x56,1.408309
82,0,imagen.jpeg,29,batchnorm,1x144x28x28,0.172165
82,0,imagen.jpeg,30,activacion,1x144x28x28,0.321843
82,0,imagen.jpeg,31,pointwise_conv,1x144x28x28,1.73458
82,0,imagen.jpeg,32,batchnorm,1x32x28x28,0.038473
82,0,imagen.jpeg,33,pointwise_conv,1x32x28x28,2.306016
82,0,imagen.jpeg,34,batchnorm,1x192x28x28,0.245109
82,0,imagen.jpeg,35,activacion,1x192x28x28,0.294694
82,0,imagen.jpeg,36,depthwise_conv,1x192x28x28,1.837394
82,0,imagen.jpeg,37,batchnorm,1x192x28x28,0.252806
82,0,imagen.jpeg,38,activacion,1x192x28x28,0.485365
82,0,imagen.jpeg,39,pointwise_conv,1x192x28x28,2.266114
82,0,imagen.jpeg,40,batchnorm,1x32x28x28,0.038263
82,0,imagen.jpeg,41,layer_add,1x32x28x28,0.01124
82,0,imagen.jpeg,42,pointwise_conv,1x32x28x28,2.303013
82,0,imagen.jpeg,43,batchnorm,1x192x28x28,0.229116
82,0,imagen.jpeg,44,activacion,1x192x28x28,0.363368
82,0,imagen.jpeg,45,depthwise_conv,1x192x28x28,1.814928
82,0,imagen.jpeg,46,batchnorm,1x192x28x28,0.232859
82,0,imagen.jpeg,47,activacion,1x192x28x28,0.467173
82,0,imagen.jpeg,48,pointwise_conv,1x192x28x28,2.270598
82,0,imagen.jpeg,49,batchnorm,1x32x28x28,0.038253
82,0,imagen.jpeg,50,layer_add,1x32x28x28,0.011801
82,0,imagen.jpeg,51,pointwise_conv,1x32x28x28,2.299725
82,0,imagen.jpeg,52,batchnorm,1x192x28x28,0.229113
82,0,imagen.jpeg,53,activacion,1x192x28x28,0.432469
82,0,imagen.jpeg,54,depthwise_conv,1x192x28x28,0.470241
82,0,imagen.jpeg,55,batchnorm,1x192x14x14,0.057684
82,0,imagen.jpeg,56,activacion,1x192x14x14,0.077879
82,0,imagen.jpeg,57,pointwise_conv,1x192x14x14,1.200005
82,0,imagen.jpeg,58,batchnorm,1x64x14x14,0.019476
82,0,imagen.jpeg,59,pointwise_conv,1x64x14x14,2.414455
82,0,imagen.jpeg,60,batchnorm,1x384x14x14,0.115256
82,0,imagen.jpeg,61,activacion,1x384x14x14,0.153588
82,0,imagen.jpeg,62,depthwise_conv,1x384x14x14,0.921574
82,0,imagen.jpeg,63,batchnorm,1x384x14x14,0.115408
82,0,imagen.jpeg,64,activacion,1x384x14x14,0.249531
82,0,imagen.jpeg,65,pointwise_conv,1x384x14x14,2.394537
82,0,imagen.jpeg,66,batchnorm,1x64x14x14,0.019421
82,0,imagen.jpeg,67,layer_add,1x64x14x14,0.00558
82,0,imagen.jpeg,68,pointwise_conv,1x64x14x14,2.41265
82,0,imagen.jpeg,69,batchnorm,1x384x14x14,0.118825
82,0,imagen.jpeg,70,activacion,1x384x14x14,0.206781
82,0,imagen.jpeg,71,depthwise_conv,1x384x14x14,0.930333
82,0,imagen.jpeg,72,batchnorm,1x384x14x14,0.2458
82,0,imagen.jpeg,73,activacion,1x384x14x14,0.227749
82,0,imagen.jpeg,74,pointwise_conv,1x384x14x14,2.395823
82,0,imagen.jpeg,75,batchnorm,1x64x14x14,0.01938
82,0,imagen.jpeg,76,layer_add,1x64x14x14,0.005843
82,0,imagen.jpeg,77,pointwise_conv,1x64x14x14,2.415604
82,0,imagen.jpeg,78,batchnorm,1x384x14x14,0.117048
82,0,imagen.jpeg,79,activacion,1x384x14x14,0.230679
82,0,imagen.jpeg,80,depthwise_conv,1x384x14x14,0.925424
82,0,imagen.jpeg,81,batchnorm,1x384x14x14,0.441938
82,0,imagen.jpeg,82,activacion,1x384x14x14,0.205394
82,0,imagen.jpeg,83,pointwise_conv,1x384x14x14,2.392128
82,0,imagen.jpeg,84,batchnorm,1x64x14x14,0.02066
82,0,imagen.jpeg,85,layer_add,1x64x14x14,0.005784
82,0,imagen.jpeg,86,pointwise_conv,1x64x14x14,2.42887
82,0,imagen.jpeg,87,batchnorm,1x384x14x14,0.119929
82,0,imagen.jpeg,88,activacion,1x384x14x14,0.227362
82,0,imagen.jpeg,89,depthwise_conv,1x384x14x14,0.931164
82,0,imagen.jpeg,90,batchnorm,1x384x14x14,0.115295
82,0,imagen.jpeg,91,activacion,1x384x14x14,0.210738
82,0,imagen.jpeg,92,pointwise_conv,1x384x14x14,3.583927
82,0,imagen.jpeg,93,batchnorm,1x96x14x14,0.02913
82,0,imagen.jpeg,94,pointwise_conv,1x96x14x14,5.406123
82,0,imagen.jpeg,95,batchnorm,1x576x14x14,0.180254
82,0,imagen.jpeg,96,activacion,1x576x14x14,0.327616
82,0,imagen.jpeg,97,depthwise_conv,1x576x14x14,1.401676
82,0,imagen.jpeg,98,batchnorm,1x576x14x14,0.499283
82,0,imagen.jpeg,99,activacion,1x576x14x14,0.286164
82,0,imagen.jpeg,100,pointwise_conv,1x576x14x14,5.379882
82,0,imagen.jpeg,101,batchnorm,1x96x14x14,0.028975
82,0,imagen.jpeg,102,layer_add,1x96x14x14,0.00844
82,0,imagen.jpeg,103,pointwise_conv,1x96x14x14,5.413196
82,0,imagen.jpeg,104,batchnorm,1x576x14x14,0.172413
82,0,imagen.jpeg,105,activacion,1x576x14x14,0.332166
82,0,imagen.jpeg,106,depthwise_conv,1x576x14x14,1.39829
82,0,imagen.jpeg,107,batchnorm,1x576x14x14,0.43736
82,0,imagen.jpeg,108,activacion,1x576x14x14,0.258269
82,0,imagen.jpeg,109,pointwise_conv,1x576x14x14,5.382325
82,0,imagen.jpeg,110,batchnorm,1x96x14x14,0.028917
82,0,imagen.jpeg,111,layer_add,1x96x14x14,0.008357
82,0,imagen.jpeg,112,pointwise_conv,1x96x14x14,5.428702
82,0,imagen.jpeg,113,batchnorm,1x576x14x14,0.172782
82,0,imagen.jpeg,114,activacion,1x576x14x14,0.286729
82,0,imagen.jpeg,115,depthwise_conv,1x576x14x14,0.366059
82,0,imagen.jpeg,116,batchnorm,1x576x7x7,0.062172
82,0,imagen.jpeg,117,activacion,1x576x7x7,0.051519
82,0,imagen.jpeg,118,pointwise_conv,1x576x7x7,2.185977
82,0,imagen.jpeg,119,batchnorm,1x160x7x7,0.012719
82,0,imagen.jpeg,120,pointwise_conv,1x160x7x7,3.652609
82,0,imagen.jpeg,121,batchnorm,1x960x7x7,0.074429
82,0,imagen.jpeg,122,activacion,1x960x7x7,0.136482
82,0,imagen.jpeg,123,depthwise_conv,1x960x7x7,0.565108
82,0,imagen.jpeg,124,batchnorm,1x960x7x7,0.074519
82,0,imagen.jpeg,125,activacion,1x960x7x7,0.129103
82,0,imagen.jpeg,126,pointwise_conv,1x960x7x7,3.573916
82,0,imagen.jpeg,127,batchnorm,1x160x7x7,0.012622
82,0,imagen.jpeg,128,layer_add,1x160x7x7,0.003645
82,0,imagen.jpeg,129,pointwise_conv,1x160x7x7,3.587381
82,0,imagen.jpeg,130,batchnorm,1x960x7x7,0.077771
82,0,imagen.jpeg,131,activacion,1x960x7x7,0.127593
82,0,imagen.jpeg,132,depthwise_conv,1x960x7x7,0.586406
82,0,imagen.jpeg,133,batchnorm,1x960x7x7,0.126843
82,0,imagen.jpeg,134,activacion,1x960x7x7,0.111594
82,0,imagen.jpeg,135,pointwise_conv,1x960x7x7,3.572452
82,0,imagen.jpeg,136,batchnorm,1x160x7x7,0.012515
82,0,imagen.jpeg,137,layer_add,1x160x7x7,0.003953
82,0,imagen.jpeg,138,pointwise_conv,1x160x7x7,3.596582
82,0,imagen.jpeg,139,batchnorm,1x960x7x7,0.074391
82,0,imagen.jpeg,140,activacion,1x960x7x7,0.102672
82,0,imagen.jpeg,141,depthwise_conv,1x960x7x7,0.580514
82,0,imagen.jpeg,142,batchnorm,1x960x7x7,0.090779
82,0,imagen.jpeg,143,activacion,1x960x7x7,0.057528
82,0,imagen.jpeg,144,pointwise_conv,1x960x7x7,7.152101
82,0,imagen.jpeg,145,batchnorm,1x320x7x7,0.024982
82,0,imagen.jpeg,146,pointwise_conv,1x320x7x7,9.585682
82,0,imagen.jpeg,147,batchnorm,1x1280x7x7,0.099195
82,0,imagen.jpeg,148,activacion,1x1280x7x7,0.159226
82,0,imagen.jpeg,149,pooling,1x1280x7x7,0.033616
82,0,imagen.jpeg,150,linear,1x1280,1.12979
83,0,imagen.jpeg,0,conv2d,1x3x224x224,17.199987
83,0,imagen.jpeg,1,batchnorm,1x32x112x112,0.626625
83,0,imagen.jpeg,2,activacion,1x32x112x112,0.395952
83,0,imagen.jpeg,3,depthwise_conv,1x32x112x112,4.760359
83,0,imagen.jpeg,4,batchnorm,1x32x112x112,8.981777
83,0,imagen.jpeg,5,activacion,1x32x112x112,0.492699
83,0,imagen.jpeg,6,pointwise_conv,1x32x112x112,3.051405
83,0,imagen.jpeg,7,batchnorm,1x16x112x112,0.305079
83,0,imagen.jpeg,8,pointwise_conv,1x16x112x112,9.306562
83,0,imagen.jpeg,9,batchnorm,1x96x112x112,1.869577
83,0,imagen.jpeg,10,activacion,1x96x112x112,2.778622
83,0,imagen.jpeg,11,depthwise_conv,1x96x112x112,3.688583
83,0,imagen.jpeg,12,batchnorm,1x96x56x56,0.459848
83,0,imagen.jpeg,13,activacion,1x96x56x56,0.896809
83,0,imagen.jpeg,14,pointwise_conv,1x96x56x56,3.380757
83,0,imagen.jpeg,15,batchnorm,1x24x56x56,0.114334
83,0,imagen.jpeg,16,pointwise_conv,1x24x56x56,5.138521
83,0,imagen.jpeg,17,batchnorm,1x144x56x56,0.696178
83,0,imagen.jpeg,18,activacion,1x144x56x56,1.017336
83,0,imagen.jpeg,19,depthwise_conv,1x144x56x56,5.390466
83,0,imagen.jpeg,20,batchnorm,1x144x56x56,0.702818
83,0,imagen.jpeg,21,activacion,1x144x56x56,1.457713
83,0,imagen.jpeg,22,pointwise_conv,1x144x56x56,5.107077
83,0,imagen.jpeg,23,batchnorm,1x24x56x56,0.122501
83,0,imagen.jpeg,24,layer_add,1x24x56x56,0.036203
83,0,imagen.jpeg,25,pointwise_conv,1x24x56x56,5.176622
83,0,imagen.jpeg,26,batchnorm,1x144x56x56,0.703962
83,0,imagen.jpeg,27,activacion,1x144x56x56,1.345011
83,0,imagen.jpeg,28,depthwise_conv,1x144x56x56,1.372785
83,0,imagen.jpeg,29,batchnorm,1x144x28x28,0.17817
83,0,imagen.jpeg,30,activacion,1x144x28x28,0.312027
83,0,imagen.jpeg,31,pointwise_conv,1x144x28x28,1.706129
83,0,imagen.jpeg,32,batchnorm,1x32x28x28,0.038334
83,0,imagen.jpeg,33,pointwise_conv,1x32x28x28,2.301946
83,0,imagen.jpeg,34,batchnorm,1x192x28x28,0.229275
83,0,imagen.jpeg,35,activacion,1x192x28x28,0.28953
83,0,imagen.jpeg,36,depthwise_conv,1x192x28x28,1.822559
83,0,imagen.jpeg,37,batchnorm,1x192x28x28,0.229025
83,0,imagen.jpeg,38,activacion,1x192x28x28,0.487658
83,0,imagen.jpeg,39,pointwise_conv,1x192x28x28,2.2661
83,0,imagen.jpeg,40,batchnorm,1x32x28x28,0.038229
83,0,imagen.jpeg,41,layer_add,1x32x28x28,0.011401
83,0,imagen.jpeg,42,pointwise_conv,1x32x28x28,2.300871
83,0,imagen.jpeg,43,batchnorm,1x192x28x28,0.236726
83,0,imagen.jpeg,44,activacion,1x192x28x28,0.36417
83,0,imagen.jpeg,45,depthwise_conv,1x192x28x28,1.8351
83,0,imagen.jpeg,46,batchnorm,1x192x28x28,0.229145
83,0,imagen.jpeg,47,activacion,1x192x28x28,0.474051
83,0,imagen.jpeg,48,pointwise_conv,1x192x28x28,2.265115
83,0,imagen.jpeg,49,batchnorm,1x32x28x28,0.038291
83,0,imagen.jpeg,50,layer_add,1x32x28x28,0.011241
83,0,imagen.jpeg,51,pointwise_conv,1x32x28x28,2.299929
83,0,imagen.jpeg,52,batchnorm,1x192x28x28,0.229327
83,0,imagen.jpeg,53,activacion,1x192x28x28,0.427232
83,0,imagen.jpeg,54,depthwise_conv,1x192x28x28,0.482184
83,0,imagen.jpeg,55,batchnorm,1x192x14x14,0.057682
83,0,imagen.jpeg,56,activacion,1x192x14x14,0.077644
83,0,imagen.jpeg,57,pointwise_conv,1x192x14x14,1.194918
83,0,imagen.jpeg,58,batchnorm,1x64x14x14,0.019435
83,0,imagen.jpeg,59,pointwise_conv,1x64x14x14,2.419253
83,0,imagen.jpeg,60,batchnorm,1x384x14x14,0.115485
83,0,imagen.jpeg,61,activacion,1x384x14x14,0.154293
83,0,imagen.jpeg,62,depthwise_conv,1x384x14x14,0.933817
83,0,imagen.jpeg,63,batchnorm,1x384x14x14,0.11545
83,0,imagen.jpeg,64,activacion,1x384x14x14,0.246545
83,0,imagen.jpeg,65,pointwise_conv,1x384x14x14,2.399101
83,0,imagen.jpeg,66,batchnorm,1x64x14x14,0.019427
83,0,imagen.jpeg,67,layer_add,1x64x14x14,0.005539
83,0,imagen.jpeg,68,pointwise_conv,1x64x14x14,2.411373
83,0,imagen.jpeg,69,batchnorm,1x384x14x14,0.118594
83,0,imagen.jpeg,70,activacion,1x384x14x14,0.206662
83,0,imagen.jpeg,71,depthwise_conv,1x384x14x14,0.939161
83,0,imagen.jpeg,72,batchnorm,1x384x14x14,0.24581
83,0,imagen.jpeg,73,activacion,1x384x14x14,0.222936
83,0,imagen.jpeg,74,pointwise_conv,1x384x14x14,2.437598
83,0,imagen.jpeg,75,batchnorm,1x64x14x14,0.019392
83,0,imagen.jpeg,76,layer_add,1x64x14x14,0.005966
83,0,imagen.jpeg,77,pointwise_conv,1x64x14x14,2.417793
83,0,imagen.jpeg,78,batchnorm,1x384x14x14,0.115206
83,0,imagen.jpeg,79,activacion,1x384x14x14,0.230346
83,0,imagen.jpeg,80,depthwise_conv,1x384x14x14,0.913076
83,0,imagen.jpeg,81,batchnorm,1x384x14x14,0.441782
83,0,imagen.jpeg,82,activacion,1x384x14x14,0.203583
83,0,imagen.jpeg,83,pointwise_conv,1x384x14x14,2.401464
83,0,imagen.jpeg,84,batchnorm,1x64x14x14,0.019453
83,0,imagen.jpeg,85,layer_add,1x64x14x14,0.005535
83,0,imagen.jpeg,86,pointwise_conv,1x64x14x14,2.412138
83,0,imagen.jpeg,87,batchnorm,1x384x14x14,0.119366
83,0,imagen.jpeg,88,activacion,1x384x14x14,0.22691
83,0,imagen.jpeg,89,depthwise_conv,1x384x14x14,0.935298
83,0,imagen.jpeg,90,batchnorm,1x384x14x14,0.115489
83,0,imagen.jpeg,91,activacion,1x384x14x14,0.209928
83,0,imagen.jpeg,92,pointwise_conv,1x384x14x14,3.589702
83,0,imagen.jpeg,93,batchnorm,1x96x14x14,0.028992
83,0,imagen.jpeg,94,pointwise_conv,1x96x14x14,5.405446
83,0,imagen.jpeg,95,batchnorm,1x576x14x14,0.173248
83,0,imagen.jpeg,96,activacion,1x576x14x14,0.333276
83,0,imagen.jpeg,97,depthwise_conv,1x576x14x14,1.394195
83,0,imagen.jpeg,98,batchnorm,1x576x14x14,0.5061
83,0,imagen.jpeg,99,activacion,1x576x14x14,0.286324
83,0,imagen.jpeg,100,pointwise_conv,1x576x14x14,5.383493
83,0,imagen.jpeg,101,batchnorm,1x96x14x14,0.028948
83,0,imagen.jpeg,102,layer_add,1x96x14x14,0.008292
83,0,imagen.jpeg,103,pointwise_conv,1x96x14x14,5.408756
83,0,imagen.jpeg,104,batchnorm,1x576x14x14,0.173143
83,0,imagen.jpeg,105,activacion,1x576x14x14,0.333169
83,0,imagen.jpeg,106,depthwise_conv,1x576x14x14,1.386287
83,0,imagen.jpeg,107,batchnorm,1x576x14x14,0.438155
83,0,imagen.jpeg,108,activacion,1x576x14x14,0.258837
83,0,imagen.jpeg,109,pointwise_conv,1x576x14x14,5.37899
83,0,imagen.jpeg,110,batchnorm,1x96x14x14,0.029007
83,0,imagen.jpeg,111,layer_add,1x96x14x14,0.008939
83,0,imagen.jpeg,112,pointwise_conv,1x96x14x14,5.407807
83,0,imagen.jpeg,113,batchnorm,1x576x14x14,0.172791
83,0,imagen.jpeg,114,activacion,1x576x14x14,0.282192
83,0,imagen.jpeg,115,depthwise_conv,1x576x14x14,0.367366
83,0,imagen.jpeg,116,batchnorm,1x576x7x7,0.061232
83,0,imagen.jpeg,117,activacion,1x576x7x7,0.049842
83,0,imagen.jpeg,118,pointwise_conv,1x576x7x7,2.143418
83,0,imagen.jpeg,119,batchnorm,1x160x7x7,0.012715
83,0,imagen.jpeg,120,pointwise_conv,1x160x7x7,3.62105
83,0,imagen.jpeg,121,batchnorm,1x960x7x7,0.074396
83,0,imagen.jpeg,122,activacion,1x960x7x7,0.133468
83,0,imagen.jpeg,123,depthwise_conv,1x960x7x7,0.589846
83,0,imagen.jpeg,124,batchnorm,1x960x7x7,0.074554
83,0,imagen.jpeg,125,activacion,1x960x7x7,0.128317
83,0,imagen.jpeg,126,pointwise_conv,1x960x7x7,3.573223
83,0,imagen.jpeg,127,batchnorm,1x160x7x7,0.012695
83,0,imagen.jpeg,128,layer_add,1x160x7x7,0.003509
83,0,imagen.jpeg,129,pointwise_conv,1x160x7x7,3.589235
83,0,imagen.jpeg,130,batchnorm,1x960x7x7,0.074371
83,0,imagen.jpeg,131,activacion,1x960x7x7,0.130177
83,0,imagen.jpeg,132,depthwise_conv,1x960x7x7,0.560352
83,0,imagen.jpeg,133,batchnorm,1x960x7x7,0.123845
83,0,imagen.jpeg,134,activacion,1x960x7x7,0.110187
83,0,imagen.jpeg,135,pointwise_conv,1x960x7x7,3.580936
83,0,imagen.jpeg,136,batchnorm,1x160x7x7,0.012516
83,0,imagen.jpeg,137,layer_add,1x160x7x7,0.00412
83,0,imagen.jpeg,138,pointwise_conv,1x160x7x7,3.586181
83,0,imagen.jpeg,139,batchnorm,1x960x7x7,0.076573
83,0,imagen.jpeg,140,activacion,1x960x7x7,0.102852
83,0,imagen.jpeg,141,depthwise_conv,1x960x7x7,0.560833
83,0,imagen.jpeg,142,batchnorm,1x960x7x7,0.095647
83,0,imagen.jpeg,143,activacion,1x960x7x7,0.057331
83,0,imagen.jpeg,144,pointwise_conv,1x960x7x7,7.149217
83,0,imagen.jpeg,145,batchnorm,1x320x7x7,0.024974
83,0,imagen.jpeg,146,pointwise_conv,1x320x7x7,9.555775
83,0,imagen.jpeg,147,batchnorm,1x1280x7x7,0.09916
83,0,imagen.jpeg,148,activacion,1x1280x7x7,0.158488
83,0,imagen.jpeg,149,pooling,1x1280x7x7,0.033683
83,0,imagen.jpeg,150,linear,1x1280,1.128449
84,0,imagen.jpeg,0,conv2d,1x3x224x224,17.132023
84,0,imagen.jpeg,1,batchnorm,1x32x112x112,0.619542
84,0,imagen.jpeg,2,activacion,1x32x112x112,0.402755
84,0,imagen.jpeg,3,depthwise_conv,1x32x112x112,4.832624
84,0,imagen.jpeg,4,batchnorm,1x32x112x112,9.01399
84,0,imagen.jpeg,5,activacion,1x32x112x112,0.488075
84,0,imagen.jpeg,6,pointwise_conv,1x32x112x112,3.063654
84,0,imagen.jpeg,7,batchnorm,1x16x112x112,0.309374
84,0,imagen.jpeg,8,pointwise_conv,1x16x112x112,9.286739
84,0,imagen.jpeg,9,batchnorm,1x96x112x112,1.897665
84,0,imagen.jpeg,10,activacion,1x96x112x112,2.808902
84,0,imagen.jpeg,11,depthwise_conv,1x96x112x112,3.702871
84,0,imagen.jpeg,12,batchnorm,1x96x56x56,0.462442
84,0,imagen.jpeg,13,activacion,1x96x56x56,0.891724
84,0,imagen.jpeg,14,pointwise_conv,1x96x56x56,3.37605
84,0,imagen.jpeg,15,batchnorm,1x24x56x56,0.11978
84,0,imagen.jpeg,16,pointwise_conv,1x24x56x56,5.137893
84,0,imagen.jpeg,17,batchnorm,1x144x56x56,0.682611
84,0,imagen.jpeg,18,activacion,1x144x56x56,1.009581
84,0,imagen.jpeg,19,depthwise_conv,1x144x56x56,5.43693
84,0,imagen.jpeg,20,batchnorm,1x144x56x56,0.702243
84,0,imagen.jpeg,21,activacion,1x144x56x56,1.449332
84,0,imagen.jpeg,22,pointwise_conv,1x144x56x56,5.087792
84,0,imagen.jpeg,23,batchnorm,1x24x56x56,0.119988
84,0,imagen.jpeg,24,layer_add,1x24x56x56,0.039666
84,0,imagen.jpeg,25,pointwise_conv,1x24x56x56,5.132007
84,0,imagen.jpeg,26,batchnorm,1x144x56x56,0.690992
84,0,imagen.jpeg,27,activacion,1x144x56x56,1.34529
84,0,imagen.jpeg,28,depthwise_conv,1x144x56x56,1.367212
84,0,imagen.jpeg,29,batchnorm,1x144x28x28,0.176535
84,0,imagen.jpeg,30,activacion,1x144x28x28,0.298458
84,0,imagen.jpeg,31,pointwise_conv,1x144x28x28,1.702544
84,0,imagen.jpeg,32,batchnorm,1x32x28x28,0.038446
84,0,imagen.jpeg,33,pointwise_conv,1x32x28x28,2.293389
84,0,imagen.jpeg,34,batchnorm,1x192x28x28,0.229199
84,0,imagen.jpeg,35,activacion,1x192x28x28,0.294316
84,0,imagen.jpeg,36,depthwise_conv,1x192x28x28,1.811234
84,0,imagen.jpeg,37,batchnorm,1x192x28x28,0.235694
84,0,imagen.jpeg,38,activacion,1x192x28x28,0.477532
84,0,imagen.jpeg,39,pointwise_conv,1x192x28x28,2.269826
84,0,imagen.jpeg,40,batchnorm,1x32x28x28,0.038248
84,0,imagen.jpeg,41,layer_add,1x32x28x28,0.011317
84,0,imagen.jpeg,42,pointwise_conv,1x32x28x28,2.295707
84,0,imagen.jpeg,43,batchnorm,1x192x28x28,0.22909
84,0,imagen.jpeg,44,activacion,1x192x28x28,0.369299
84,0,imagen.jpeg,45,depthwise_conv,1x192x28x28,1.828373
84,0,imagen.jpeg,46,batchnorm,1x192x28x28,0.233288
84,0,imagen.jpeg,47,activacion,1x192x28x28,0.463767
84,0,imagen.jpeg,48,pointwise_conv,1x192x28x28,2.26755
84,0,imagen.jpeg,49,batchnorm,1x32x28x28,0.038271
84,0,imagen.jpeg,50,layer_add,1x32x28x28,0.011293
84,0,imagen.jpeg,51,pointwise_conv,1x32x28x28,2.301577
84,0,imagen.jpeg,52,batchnorm,1x192x28x28,0.229155
84,0,imagen.jpeg,53,activacion,1x192x28x28,0.43667
84,0,imagen.jpeg,54,depthwise_conv,1x192x28x28,0.46075
84,0,imagen.jpeg,55,batchnorm,1x192x14x14,0.057743
84,0,imagen.jpeg,56,activacion,1x192x14x14,0.078007
84,0,imagen.jpeg,57,pointwise_conv,1x192x14x14,1.195034
84,0,imagen.jpeg,58,batchnorm,1x64x14x14,0.019366
84,0,imagen.jpeg,59,pointwise_conv,1x64x14x14,2.413491
84,0,imagen.jpeg,60,batchnorm,1x384x14x14,0.119559
84,0,imagen.jpeg,61,activacion,1x384x14x14,0.160506
84,0,imagen.jpeg,62,depthwise_conv,1x384x14x14,0.941069
84,0,imagen.jpeg,63,batchnorm,1x384x14x14,0.118838
84,0,imagen.jpeg,64,activacion,1x384x14x14,0.243125
84,0,imagen.jpeg,65,pointwise_conv,1x384x14x14,2.390628
84,0,imagen.jpeg,66,batchnorm,1x64x14x14,0.019371
84,0,imagen.jpeg,67,layer_add,1x64x14x14,0.005525
84,0,imagen.jpeg,68,pointwise_conv,1x64x14x14,2.556978
84,0,imagen.jpeg,69,batchnorm,1x384x14x14,0.115368
84,0,imagen.jpeg,70,activacion,1x384x14x14,0.206499
84,0,imagen.jpeg,71,depthwise_conv,1x384x14x14,0.928841
84,0,imagen.jpeg,72,batchnorm,1x384x14x14,0.248681
84,0,imagen.jpeg,73,activacion,1x384x14x14,0.220617
84,0,imagen.jpeg,74,pointwise_conv,1x384x14x14,2.388676
84,0,imagen.jpeg,75,batchnorm,1x64x14x14,0.019344
84,0,imagen.jpeg,76,layer_add,1x64x14x14,0.005515
84,0,imagen.jpeg,77,pointwise_conv,1x64x14x14,2.406423
84,0,imagen.jpeg,78,batchnorm,1x384x14x14,0.115277
84,0,imagen.jpeg,79,activacion,1x384x14x14,0.229982
84,0,imagen.jpeg,80,depthwise_conv,1x384x14x14,0.931771
84,0,imagen.jpeg,81,batchnorm,1x384x14x14,0.447386
84,0,imagen.jpeg,82,activacion,1x384x14x14,0.201305
84,0,imagen.jpeg,83,pointwise_conv,1x384x14x14,2.38712
84,0,imagen.jpeg,84,batchnorm,1x64x14x14,0.019474
84,0,imagen.jpeg,85,layer_add,1x64x14x14,0.00553
84,0,imagen.jpeg,86,pointwise_conv,1x64x14x14,2.410678
84,0,imagen.jpeg,87,batchnorm,1x384x14x14,0.115588
84,0,imagen.jpeg,88,activacion,1x384x14x14,0.227518
84,0,imagen.jpeg,89,depthwise_conv,1x384x14x14,0.933152
84,0,imagen.jpeg,90,batchnorm,1x384x14x14,0.115298
84,0,imagen.jpeg,91,activacion,1x384x14x14,0.210855
84,0,imagen.jpeg,92,pointwise_conv,1x384x14x14,3.587036
84,0,imagen.jpeg,93,batchnorm,1x96x14x14,0.028929
84,0,imagen.jpeg,94,pointwise_conv,1x96x14x14,5.40024
84,0,imagen.jpeg,95,batchnorm,1x576x14x14,0.173028
84,0,imagen.jpeg,96,activacion,1x576x14x14,0.324854
84,0,imagen.jpeg,97,depthwise_conv,1x576x14x14,1.411196
84,0,imagen.jpeg,98,batchnorm,1x576x14x14,0.499344
84,0,imagen.jpeg,99,activacion,1x576x14x14,0.288534
84,0,imagen.jpeg,100,pointwise_conv,1x576x14x14,5.369775
84,0,imagen.jpeg,101,batchnorm,1x96x14x14,0.028906
84,0,imagen.jpeg,102,layer_add,1x96x14x14,0.008216
84,0,imagen.jpeg,103,pointwise_conv,1x96x14x14,5.408945
84,0,imagen.jpeg,104,batchnorm,1x576x14x14,0.173158
84,0,imagen.jpeg,105,activacion,1x576x14x14,0.332607
84,0,imagen.jpeg,106,depthwise_conv,1x576x14x14,1.399103
84,0,imagen.jpeg,107,batchnorm,1x576x14x14,0.433772
84,0,imagen.jpeg,108,activacion,1x576x14x14,0.256262
84,0,imagen.jpeg,109,pointwise_conv,1x576x14x14,5.377301
84,0,imagen.jpeg,110,batchnorm,1x96x14x14,0.028915
84,0,imagen.jpeg,111,layer_add,1x96x14x14,0.008238
84,0,imagen.jpeg,112,pointwise_conv,1x96x14x14,5.408566
84,0,imagen.jpeg,113,batchnorm,1x576x14x14,0.176127
84,0,imagen.jpeg,114,activacion,1x576x14x14,0.284153
84,0,imagen.jpeg,115,depthwise_conv,1x576x14x14,0.362489
84,0,imagen.jpeg,116,batchnorm,1x576x7x7,0.061193
84,0,imagen.jpeg,117,activacion,1x576x7x7,0.049689
84,0,imagen.jpeg,118,pointwise_conv,1x576x7x7,2.147814
84,0,imagen.jpeg,119,batchnorm,1x160x7x7,0.012732
84,0,imagen.jpeg,120,pointwise_conv,1x160x7x7,3.59077
84,0,imagen.jpeg,121,batchnorm,1x960x7x7,0.074375
84,0,imagen.jpeg,122,activacion,1x960x7x7,0.136508
84,0,imagen.jpeg,123,depthwise_conv,1x960x7x7,0.586094
84,0,imagen.jpeg,124,batchnorm,1x960x7x7,0.074595
84,0,imagen.jpeg,125,activacion,1x960x7x7,0.126944
84,0,imagen.jpeg,126,pointwise_conv,1x960x7x7,3.570776
84,0,imagen.jpeg,127,batchnorm,1x160x7x7,0.012567
84,0,imagen.jpeg,128,layer_add,1x160x7x7,0.003502
84,0,imagen.jpeg,129,pointwise_conv,1x160x7x7,3.580452
84,0,imagen.jpeg,130,batchnorm,1x960x7x7,0.074372
84,0,imagen.jpeg,131,activacion,1x960x7x7,0.125967
84,0,imagen.jpeg,132,depthwise_conv,1x960x7x7,0.590466
84,0,imagen.jpeg,133,batchnorm,1x960x7x7,0.123536
84,0,imagen.jpeg,134,activacion,1x960x7x7,0.10906
84,0,imagen.jpeg,135,pointwise_conv,1x960x7x7,3.612455
84,0,imagen.jpeg,136,batchnorm,1x160x7x7,0.012498
84,0,imagen.jpeg,137,layer_add,1x160x7x7,0.003732
84,0,imagen.jpeg,138,pointwise_conv,1x160x7x7,3.583778
84,0,imagen.jpeg,139,batchnorm,1x960x7x7,0.074359
84,0,imagen.jpeg,140,activacion,1x960x7x7,0.103434
84,0,imagen.jpeg,141,depthwise_conv,1x960x7x7,0.568007
84,0,imagen.jpeg,142,batchnorm,1x960x7x7,0.090762
84,0,imagen.jpeg,143,activacion,1x960x7x7,0.058103
84,0,imagen.jpeg,144,pointwise_conv,1x960x7x7,7.16682
84,0,imagen.jpeg,145,batchnorm,1x320x7x7,0.025084
84,0,imagen.jpeg,146,pointwise_conv,1x320x7x7,9.582611
84,0,imagen.jpeg,147,batchnorm,1x1280x7x7,0.099164
84,0,imagen.jpeg,148,activacion,1x1280x7x7,0.163831
84,0,imagen.jpeg,149,pooling,1x1280x7x7,0.033677
84,0,imagen.jpeg,150,linear,1x1280,1.102499
85,0,imagen.jpeg,0,conv2d,1x3x224x224,17.263062
85,0,imagen.jpeg,1,batchnorm,1x32x112x112,0.62495
85,0,imagen.jpeg,2,activacion,1x32x112x112,0.413354
85,0,imagen.jpeg,3,depthwise_conv,1x32x112x112,4.812356
85,0,imagen.jpeg,4,batchnorm,1x32x112x112,8.97528
85,0,imagen.jpeg,5,activacion,1x32x112x112,0.49768
85,0,imagen.jpeg,6,pointwise_conv,1x32x112x112,3.025286
85,0,imagen.jpeg,7,batchnorm,1x16x112x112,0.320581
85,0,imagen.jpeg,8,pointwise_conv,1x16x112x112,9.263362
85,0,imagen.jpeg,9,batchnorm,1x96x112x112,1.850485
85,0,imagen.jpeg,10,activacion,1x96x112x112,2.75308
85,0,imagen.jpeg,11,depthwise_conv,1x96x112x112,3.646831
85,0,imagen.jpeg,12,batchnorm,1x96x56x56,0.457094
85,0,imagen.jpeg,13,activacion,1x96x56x56,0.891174
85,0,imagen.jpeg,14,pointwise_conv,1x96x56x56,3.383159
85,0,imagen.jpeg,15,batchnorm,1x24x56x56,0.114217
85,0,imagen.jpeg,16,pointwise_conv,1x24x56x56,5.131338
85,0,imagen.jpeg,17,batchnorm,1x144x56x56,0.695352
85,0,imagen.jpeg,18,activacion,1x144x56x56,1.006513
85,0,imagen.jpeg,19,depthwise_conv,1x144x56x56,5.400458
85,0,imagen.jpeg,20,batchnorm,1x144x56x56,0.701333
85,0,imagen.jpeg,21,activacion,1x144x56x56,1.448311
85,0,imagen.jpeg,22,pointwise_conv,1x144x56x56,5.077977
85,0,imagen.jpeg,23,batchnorm,1x24x56x56,0.114105
85,0,imagen.jpeg,24,layer_add,1x24x56x56,0.033873
85,0,imagen.jpeg,25,pointwise_conv,1x24x56x56,5.112186
85,0,imagen.jpeg,26,batchnorm,1x144x56x56,0.693384
85,0,imagen.jpeg,27,activacion,1x144x56x56,1.346891
85,0,imagen.jpeg,28,depthwise_conv,1x144x56x56,1.403078
85,0,imagen.jpeg,29,batchnorm,1x144x28x28,0.172191
85,0,imagen.jpeg,30,activacion,1x144x28x28,0.299494
85,0,imagen.jpeg,31,pointwise_conv,1x144x28x28,1.703457
85,0,imagen.jpeg,32,batchnorm,1x32x28x28,0.038368
85,0,imagen.jpeg,33,pointwise_conv,1x32x28x28,2.292484
85,0,imagen.jpeg,34,batchnorm,1x192x28x28,0.235117
85,0,imagen.jpeg,35,activacion,1x192x28x28,0.289032
85,0,imagen.jpeg,36,depthwise_conv,1x192x28x28,1.767668
85,0,imagen.jpeg,37,batchnorm,1x192x28x28,0.234882
85,0,imagen.jpeg,38,activacion,1x192x28x28,0.495227
85,0,imagen.jpeg,39,pointwise_conv,1x192x28x28,2.266688
85,0,imagen.jpeg,40,batchnorm,1x32x28x28,0.038329
85,0,imagen.jpeg,41,layer_add,1x32x28x28,0.011498
85,0,imagen.jpeg,42,pointwise_conv,1x32x28x28,2.296299
85,0,imagen.jpeg,43,batchnorm,1x192x28x28,0.235723
85,0,imagen.jpeg,44,activacion,1x192x28x28,0.365982
85,0,imagen.jpeg,45,depthwise_conv,1x192x28x28,1.831662
85,0,imagen.jpeg,46,batchnorm,1x192x28x28,0.229121
85,0,imagen.jpeg,47,activacion,1x192x28x28,0.484755
85,0,imagen.jpeg,48,pointwise_conv,1x192x28x28,2.274646
85,0,imagen.jpeg,49,batchnorm,1x32x28x28,0.038311
85,0,imagen.jpeg,50,layer_add,1x32x28x28,0.011549
85,0,imagen.jpeg,51,pointwise_conv,1x32x28x28,2.296602
85,0,imagen.jpeg,52,batchnorm,1x192x28x28,0.236165
85,0,imagen.jpeg,53,activacion,1x192x28x28,0.428616
85,0,imagen.jpeg,54,depthwise_conv,1x192x28x28,0.471426
85,0,imagen.jpeg,55,batchnorm,1x192x14x14,0.057708
85,0,imagen.jpeg,56,activacion,1x192x14x14,0.082942
85,0,imagen.jpeg,57,pointwise_conv,1x192x14x14,1.195536
85,0,imagen.jpeg,58,batchnorm,1x64x14x14,0.01945
85,0,imagen.jpeg,59,pointwise_conv,1x64x14x14,2.410853
85,0,imagen.jpeg,60,batchnorm,1x384x14x14,0.115378
85,0,imagen.jpeg,61,activacion,1x384x14x14,0.162113
85,0,imagen.jpeg,62,depthwise_conv,1x384x14x14,0.93043
85,0,imagen.jpeg,63,batchnorm,1x384x14x14,0.115046
85,0,imagen.jpeg,64,activacion,1x384x14x14,0.244097
85,0,imagen.jpeg,65,pointwise_conv,1x384x14x14,2.404136
85,0,imagen.jpeg,66,batchnorm,1x64x14x14,0.022371
85,0,imagen.jpeg,67,layer_add,1x64x14x14,0.005543
85,0,imagen.jpeg,68,pointwise_conv,1x64x14x14,2.404146
85,0,imagen.jpeg,69,batchnorm,1x384x14x14,0.11531
85,0,imagen.jpeg,70,activacion,1x384x14x14,0.215106
85,0,imagen.jpeg,71,depthwise_conv,1x384x14x14,0.932513
85,0,imagen.jpeg,72,batchnorm,1x384x14x14,0.245835
85,0,imagen.jpeg,73,activacion,1x384x14x14,0.223553
85,0,imagen.jpeg,74,pointwise_conv,1x384x14x14,2.391937
85,0,imagen.jpeg,75,batchnorm,1x64x14x14,0.019355
85,0,imagen.jpeg,76,layer_add,1x64x14x14,0.005516
85,0,imagen.jpeg,77,pointwise_conv,1x64x14x14,2.403498
85,0,imagen.jpeg,78,batchnorm,1x384x14x14,0.115142
85,0,imagen.jpeg,79,activacion,1x384x14x14,0.2286
85,0,imagen.jpeg,80,depthwise_conv,1x384x14x14,0.932399
85,0,imagen.jpeg,81,batchnorm,1x384x14x14,0.446675
85,0,imagen.jpeg,82,activacion,1x384x14x14,0.199641
85,0,imagen.jpeg,83,pointwise_conv,1x384x14x14,2.387327
85,0,imagen.jpeg,84,batchnorm,1x64x14x14,0.019554
85,0,imagen.jpeg,85,layer_add,1x64x14x14,0.005527
85,0,imagen.jpeg,86,pointwise_conv,1x64x14x14,2.403605
85,0,imagen.jpeg,87,batchnorm,1x384x14x14,0.115299
85,0,imagen.jpeg,88,activacion,1x384x14x14,0.227107
85,0,imagen.jpeg,89,depthwise_conv,1x384x14x14,0.933265
85,0,imagen.jpeg,90,batchnorm,1x384x14x14,0.118184
85,0,imagen.jpeg,91,activacion,1x384x14x14,0.209333
85,0,imagen.jpeg,92,pointwise_conv,1x384x14x14,3.582165
85,0,imagen.jpeg,93,batchnorm,1x96x14x14,0.031913
85,0,imagen.jpeg,94,pointwise_conv,1x96x14x14,5.396967
85,0,imagen.jpeg,95,batchnorm,1x576x14x14,0.172892
85,0,imagen.jpeg,96,activacion,1x576x14x14,0.325432
85,0,imagen.jpeg,97,depthwise_conv,1x576x14x14,1.398345
85,0,imagen.jpeg,98,batchnorm,1x576x14x14,0.501157
85,0,imagen.jpeg,99,activacion,1x576x14x14,0.297567
85,0,imagen.jpeg,100,pointwise_conv,1x576x14x14,5.370484
85,0,imagen.jpeg,101,batchnorm,1x96x14x14,0.028939
85,0,imagen.jpeg,102,layer_add,1x96x14x14,0.008305
85,0,imagen.jpeg,103,pointwise_conv,1x96x14x14,5.405539
85,0,imagen.jpeg,104,batchnorm,1x576x14x14,0.180474
85,0,imagen.jpeg,105,activacion,1x576x14x14,0.326816
85,0,imagen.jpeg,106,depthwise_conv,1x576x14x14,1.395303
85,0,imagen.jpeg,107,batchnorm,1x576x14x14,0.433903
85,0,imagen.jpeg,108,activacion,1x576x14x14,0.260408
85,0,imagen.jpeg,109,pointwise_conv,1x576x14x14,5.368804
85,0,imagen.jpeg,110,batchnorm,1x96x14x14,0.02896
85,0,imagen.jpeg,111,layer_add,1x96x14x14,0.008224
85,0,imagen.jpeg,112,pointwise_conv,1x96x14x14,5.40098
85,0,imagen.jpeg,113,batchnorm,1x576x14x14,0.174784
85,0,imagen.jpeg,114,activacion,1x576x14x14,0.281973
85,0,imagen.jpeg,115,depthwise_conv,1x576x14x14,0.349109
85,0,imagen.jpeg,116,batchnorm,1x576x7x7,0.061289
85,0,imagen.jpeg,117,activacion,1x576x7x7,0.05357
85,0,imagen.jpeg,118,pointwise_conv,1x576x7x7,2.143013
85,0,imagen.jpeg,119,batchnorm,1x160x7x7,0.012737
85,0,imagen.jpeg,120,pointwise_conv,1x160x7x7,3.580523
85,0,imagen.jpeg,121,batchnorm,1x960x7x7,0.074384
85,0,imagen.jpeg,122,activacion,1x960x7x7,0.133471
85,0,imagen.jpeg,123,depthwise_conv,1x960x7x7,0.56087
85,0,imagen.jpeg,124,batchnorm,1x960x7x7,0.074541
85,0,imagen.jpeg,125,activacion,1x960x7x7,0.143657
85,0,imagen.jpeg,126,pointwise_conv,1x960x7x7,3.566534
85,0,imagen.jpeg,127,batchnorm,1x160x7x7,0.012624
85,0,imagen.jpeg,128,layer_add,1x160x7x7,0.00351
85,0,imagen.jpeg,129,pointwise_conv,1x160x7x7,3.584131
85,0,imagen.jpeg,130,batchnorm,1x960x7x7,0.074357
85,0,imagen.jpeg,131,activacion,1x960x7x7,0.126555
85,0,imagen.jpeg,132,depthwise_conv,1x960x7x7,0.582422
85,0,imagen.jpeg,133,batchnorm,1x960x7x7,0.125495
85,0,imagen.jpeg,134,activacion,1x960x7x7,0.109789
85,0,imagen.jpeg,135,pointwise_conv,1x960x7x7,3.574378
85,0,imagen.jpeg,136,batchnorm,1x160x7x7,0.012524
85,0,imagen.jpeg,137,layer_add,1x160x7x7,0.003849
85,0,imagen.jpeg,138,pointwise_conv,1x160x7x7,3.581157
85,0,imagen.jpeg,139,batchnorm,1x960x7x7,0.074419
85,0,imagen.jpeg,140,activacion,1x960x7x7,0.106753
85,0,imagen.jpeg,141,depthwise_conv,1x960x7x7,0.56085
85,0,imagen.jpeg,142,batchnorm,1x960x7x7,0.090845
85,0,imagen.jpeg,143,activacion,1x960x7x7,0.057234
85,0,imagen.jpeg,144,pointwise_conv,1x960x7x7,7.146789
85,0,imagen.jpeg,145,batchnorm,1x320x7x7,0.024986
85,0,imagen.jpeg,146,pointwise_conv,1x320x7x7,9.546092
85,0,imagen.jpeg,147,batchnorm,1x1280x7x7,0.099203
85,0,imagen.jpeg,148,activacion,1x1280x7x7,0.158479
85,0,imagen.jpeg,149,pooling,1x1280x7x7,0.033708
85,0,imagen.jpeg,150,linear,1x1280,1.095466
86,0,imagen.jpeg,0,conv2d,1x3x224x224,17.252995
86,0,imagen.jpeg,1,batchnorm,1x32x112x112,0.641641
86,0,imagen.jpeg,2,activacion,1x32x112x112,0.419579
86,0,imagen.jpeg,3,depthwise_conv,1x32x112x112,4.827817
86,0,imagen.jpeg,4,batchnorm,1x32x112x112,8.972212
86,0,imagen.jpeg,5,activacion,1x32x112x112,0.496352
86,0,imagen.jpeg,6,pointwise_conv,1x32x112x112,3.026007
86,0,imagen.jpeg,7,batchnorm,1x16x112x112,0.304642
86,0,imagen.jpeg,8,pointwise_conv,1x16x112x112,9.258218
86,0,imagen.jpeg,9,batchnorm,1x96x112x112,1.868008
86,0,imagen.jpeg,10,activacion,1x96x112x112,2.766877
86,0,imagen.jpeg,11,depthwise_conv,1x96x112x112,3.726723
86,0,imagen.jpeg,12,batchnorm,1x96x56x56,0.490686
86,0,imagen.jpeg,13,activacion,1x96x56x56,0.915994
86,0,imagen.jpeg,14,pointwise_conv,1x96x56x56,3.370642
86,0,imagen.jpeg,15,batchnorm,1x24x56x56,0.114307
86,0,imagen.jpeg,16,pointwise_conv,1x24x56x56,5.121886
86,0,imagen.jpeg,17,batchnorm,1x144x56x56,0.695228
86,0,imagen.jpeg,18,activacion,1x144x56x56,1.013356
86,0,imagen.jpeg,19,depthwise_conv,1x144x56x56,5.424637
86,0,imagen.jpeg,20,batchnorm,1x144x56x56,0.685435
86,0,imagen.jpeg,21,activacion,1x144x56x56,1.464294
86,0,imagen.jpeg,22,pointwise_conv,1x144x56x56,5.063769
86,0,imagen.jpeg,23,batchnorm,1x24x56x56,0.114156
86,0,imagen.jpeg,24,layer_add,1x24x56x56,0.033481
86,0,imagen.jpeg,25,pointwise_conv,1x24x56x56,5.111231
86,0,imagen.jpeg,26,batchnorm,1x144x56x56,0.693555
86,0,imagen.jpeg,27,activacion,1x144x56x56,1.343756
86,0,imagen.jpeg,28,depthwise_conv,1x144x56x56,1.386453
86,0,imagen.jpeg,29,batchnorm,1x144x28x28,0.172045
86,0,imagen.jpeg,30,activacion,1x144x28x28,0.29918
86,0,imagen.jpeg,31,pointwise_conv,1x144x28x28,1.698273
86,0,imagen.jpeg,32,batchnorm,1x32x28x28,0.038384
86,0,imagen.jpeg,33,pointwise_conv,1x32x28x28,2.294885
86,0,imagen.jpeg,34,batchnorm,1x192x28x28,0.229269
86,0,imagen.jpeg,35,activacion,1x192x28x28,0.288939
86,0,imagen.jpeg,36,depthwise_conv,1x192x28x28,1.81678
86,0,imagen.jpeg,37,batchnorm,1x192x28x28,0.232085
86,0,imagen.jpeg,38,activacion,1x192x28x28,0.489629
86,0,imagen.jpeg,39,pointwise_conv,1x192x28x28,2.273334
86,0,imagen.jpeg,40,batchnorm,1x32x28x28,0.038288
86,0,imagen.jpeg,41,layer_add,1x32x28x28,0.011733
86,0,imagen.jpeg,42,pointwise_conv,1x32x28x28,2.316921
86,0,imagen.jpeg,43,batchnorm,1x192x28x28,0.229279
86,0,imagen.jpeg,44,activacion,1x192x28x28,0.363378
86,0,imagen.jpeg,45,depthwise_conv,1x192x28x28,1.830879
86,0,imagen.jpeg,46,batchnorm,1x192x28x28,0.229103
86,0,imagen.jpeg,47,activacion,1x192x28x28,0.469038
86,0,imagen.jpeg,48,pointwise_conv,1x192x28x28,2.263926
86,0,imagen.jpeg,49,batchnorm,1x32x28x28,0.038325
86,0,imagen.jpeg,50,layer_add,1x32x28x28,0.011339
86,0,imagen.jpeg,51,pointwise_conv,1x32x28x28,2.310483
86,0,imagen.jpeg,52,batchnorm,1x192x28x28,0.231265
86,0,imagen.jpeg,53,activacion,1x192x28x28,0.428795
86,0,imagen.jpeg,54,depthwise_conv,1x192x28x28,0.477562
86,0,imagen.jpeg,55,batchnorm,1x192x14x14,0.057763
86,0,imagen.jpeg,56,activacion,1x192x14x14,0.078172
86,0,imagen.jpeg,57,pointwise_conv,1x192x14x14,1.197691
86,0,imagen.jpeg,58,batchnorm,1x64x14x14,0.019418
86,0,imagen.jpeg,59,pointwise_conv,1x64x14x14,2.412481
86,0,imagen.jpeg,60,batchnorm,1x384x14x14,0.115446
86,0,imagen.jpeg,61,activacion,1x384x14x14,0.155592
86,0,imagen.jpeg,62,depthwise_conv,1x384x14x14,0.934868
86,0,imagen.jpeg,63,batchnorm,1x384x14x14,0.11532
86,0,imagen.jpeg,64,activacion,1x384x14x14,0.24687
86,0,imagen.jpeg,65,pointwise_conv,1x384x14x14,2.3899
86,0,imagen.jpeg,66,batchnorm,1x64x14x14,0.019418
86,0,imagen.jpeg,67,layer_add,1x64x14x14,0.005537
86,0,imagen.jpeg,68,pointwise_conv,1x64x14x14,2.411016
86,0,imagen.jpeg,69,batchnorm,1x384x14x14,0.117239
86,0,imagen.jpeg,70,activacion,1x384x14x14,0.206891
86,0,imagen.jpeg,71,depthwise_conv,1x384x14x14,0.921576
86,0,imagen.jpeg,72,batchnorm,1x384x14x14,0.245776
86,0,imagen.jpeg,73,activacion,1x384x14x14,0.224965
86,0,imagen.jpeg,74,pointwise_conv,1x384x14x14,2.396928
86,0,imagen.jpeg,75,batchnorm,1x64x14x14,0.01931
86,0,imagen.jpeg,76,layer_add,1x64x14x14,0.005524
86,0,imagen.jpeg,77,pointwise_conv,1x64x14x14,2.405258
86,0,imagen.jpeg,78,batchnorm,1x384x14x14,0.117895
86,0,imagen.jpeg,79,activacion,1x384x14x14,0.235872
86,0,imagen.jpeg,80,depthwise_conv,1x384x14x14,0.928117
86,0,imagen.jpeg,81,batchnorm,1x384x14x14,0.441805
86,0,imagen.jpeg,82,activacion,1x384x14x14,0.199602
86,0,imagen.jpeg,83,pointwise_conv,1x384x14x14,2.388633
86,0,imagen.jpeg,84,batchnorm,1x64x14x14,0.019435
86,0,imagen.jpeg,85,layer_add,1x64x14x14,0.005554
86,0,imagen.jpeg,86,pointwise_conv,1x64x14x14,2.407312
86,0,imagen.jpeg,87,batchnorm,1x384x14x14,0.118852
86,0,imagen.jpeg,88,activacion,1x384x14x14,0.226879
86,0,imagen.jpeg,89,depthwise_conv,1x384x14x14,0.933564
86,0,imagen.jpeg,90,batchnorm,1x384x14x14,0.115427
86,0,imagen.jpeg,91,activacion,1x384x14x14,0.210488
86,0,imagen.jpeg,92,pointwise_conv,1x384x14x14,3.588096
86,0,imagen.jpeg,93,batchnorm,1x96x14x14,0.02893
86,0,imagen.jpeg,94,pointwise_conv,1x96x14x14,5.401204
86,0,imagen.jpeg,95,batchnorm,1x576x14x14,0.172992
86,0,imagen.jpeg,96,activacion,1x576x14x14,0.327183
86,0,imagen.jpeg,97,depthwise_conv,1x576x14x14,1.39493
86,0,imagen.jpeg,98,batchnorm,1x576x14x14,0.502136
86,0,imagen.jpeg,99,activacion,1x576x14x14,0.294543
86,0,imagen.jpeg,100,pointwise_conv,1x576x14x14,5.374604
86,0,imagen.jpeg,101,batchnorm,1x96x14x14,0.028933
86,0,imagen.jpeg,102,layer_add,1x96x14x14,0.008291
86,0,imagen.jpeg,103,pointwise_conv,1x96x14x14,5.401579
86,0,imagen.jpeg,104,batchnorm,1x576x14x14,0.172993
86,0,imagen.jpeg,105,activacion,1x576x14x14,0.329671
86,0,imagen.jpeg,106,depthwise_conv,1x576x14x14,1.386311
86,0,imagen.jpeg,107,batchnorm,1x576x14x14,0.436803
86,0,imagen.jpeg,108,activacion,1x576x14x14,0.258164
86,0,imagen.jpeg,109,pointwise_conv,1x576x14x14,5.372959
86,0,imagen.jpeg,110,batchnorm,1x96x14x14,0.028842
86,0,imagen.jpeg,111,layer_add,1x96x14x14,0.008239
86,0,imagen.jpeg,112,pointwise_conv,1x96x14x14,5.409338
86,0,imagen.jpeg,113,batchnorm,1x576x14x14,0.17289
86,0,imagen.jpeg,114,activacion,1x576x14x14,0.282804
86,0,imagen.jpeg,115,depthwise_conv,1x576x14x14,0.359585
86,0,imagen.jpeg,116,batchnorm,1x576x7x7,0.061171
86,0,imagen.jpeg,117,activacion,1x576x7x7,0.04935
86,0,imagen.jpeg,118,pointwise_conv,1x576x7x7,2.1422
86,0,imagen.jpeg,119,batchnorm,1x160x7x7,0.012732
86,0,imagen.jpeg,120,pointwise_conv,1x160x7x7,3.582457
86,0,imagen.jpeg,121,batchnorm,1x960x7x7,0.074423
86,0,imagen.jpeg,122,activacion,1x960x7x7,0.134522
86,0,imagen.jpeg,123,depthwise_conv,1x960x7x7,0.600819
86,0,imagen.jpeg,124,batchnorm,1x960x7x7,0.078529
86,0,imagen.jpeg,125,activacion,1x960x7x7,0.128181
86,0,imagen.jpeg,126,pointwise_conv,1x960x7x7,3.571347
86,0,imagen.jpeg,127,batchnorm,1x160x7x7,0.016741
86,0,imagen.jpeg,128,layer_add,1x160x7x7,0.003559
86,0,imagen.jpeg,129,pointwise_conv,1x160x7x7,3.581666
86,0,imagen.jpeg,130,batchnorm,1x960x7x7,0.074388
86,0,imagen.jpeg,131,activacion,1x960x7x7,0.12656
86,0,imagen.jpeg,132,depthwise_conv,1x960x7x7,0.578535
86,0,imagen.jpeg,133,batchnorm,1x960x7x7,0.123694
86,0,imagen.jpeg,134,activacion,1x960x7x7,0.110397
86,0,imagen.jpeg,135,pointwise_conv,1x960x7x7,3.571753
86,0,imagen.jpeg,136,batchnorm,1x160x7x7,0.012482
86,0,imagen.jpeg,137,layer_add,1x160x7x7,0.003678
86,0,imagen.jpeg,138,pointwise_conv,1x160x7x7,3.583703
86,0,imagen.jpeg,139,batchnorm,1x960x7x7,0.074348
86,0,imagen.jpeg,140,activacion,1x960x7x7,0.102969
86,0,imagen.jpeg,141,depthwise_conv,1x960x7x7,0.587244
86,0,imagen.jpeg,142,batchnorm,1x960x7x7,0.091551
86,0,imagen.jpeg,143,activacion,1x960x7x7,0.057526
86,0,imagen.jpeg,144,pointwise_conv,1x960x7x7,7.143616
86,0,imagen.jpeg,145,batchnorm,1x320x7x7,0.024979
86,0,imagen.jpeg,146,pointwise_conv,1x320x7x7,9.563443
86,0,imagen.jpeg,147,batchnorm,1x1280x7x7,0.10505
86,0,imagen.jpeg,148,activacion,1x1280x7x7,0.15895
86,0,imagen.jpeg,149,pooling,1x1280x7x7,0.033767
86,0,imagen.jpeg,150,linear,1x1280,1.103526
87,0,imagen.jpeg,0,conv2d,1x3x224x224,17.307533
87,0,imagen.jpeg,1,batchnorm,1x32x112x112,0.608851
87,0,imagen.jpeg,2,activacion,1x32x112x112,0.405865
87,0,imagen.jpeg,3,depthwise_conv,1x32x112x112,4.807297
87,0,imagen.jpeg,4,batchnorm,1x32x112x112,8.977354
87,0,imagen.jpeg,5,activacion,1x32x112x112,0.487741
87,0,imagen.jpeg,6,pointwise_conv,1x32x112x112,3.024047
87,0,imagen.jpeg,7,batchnorm,1x16x112x112,0.309432
87,0,imagen.jpeg,8,pointwise_conv,1x16x112x112,9.279185
87,0,imagen.jpeg,9,batchnorm,1x96x112x112,1.845733
87,0,imagen.jpeg,10,activacion,1x96x112x112,2.819592
87,0,imagen.jpeg,11,depthwise_conv,1x96x112x112,3.637044
87,0,imagen.jpeg,12,batchnorm,1x96x56x56,0.466967
87,0,imagen.jpeg,13,activacion,1x96x56x56,0.879777
87,0,imagen.jpeg,14,pointwise_conv,1x96x56x56,3.39276
87,0,imagen.jpeg,15,batchnorm,1x24x56x56,0.114601
87,0,imagen.jpeg,16,pointwise_conv,1x24x56x56,5.118938
87,0,imagen.jpeg,17,batchnorm,1x144x56x56,0.684462
87,0,imagen.jpeg,18,activacion,1x144x56x56,1.007098
87,0,imagen.jpeg,19,depthwise_conv,1x144x56x56,5.414335
87,0,imagen.jpeg,20,batchnorm,1x144x56x56,0.69116
87,0,imagen.jpeg,21,activacion,1x144x56x56,1.450323
87,0,imagen.jpeg,22,pointwise_conv,1x144x56x56,5.086643
87,0,imagen.jpeg,23,batchnorm,1x24x56x56,0.11396
87,0,imagen.jpeg,24,layer_add,1x24x56x56,0.034287
87,0,imagen.jpeg,25,pointwise_conv,1x24x56x56,5.117583
87,0,imagen.jpeg,26,batchnorm,1x144x56x56,0.686344
87,0,imagen.jpeg,27,activacion,1x144x56x56,1.361539
87,0,imagen.jpeg,28,depthwise_conv,1x144x56x56,1.396453
87,0,imagen.jpeg,29,batchnorm,1x144x28x28,0.178298
87,0,imagen.jpeg,30,activacion,1x144x28x28,0.306523
87,0,imagen.jpeg,31,pointwise_conv,1x144x28x28,1.700959
87,0,imagen.jpeg,32,batchnorm,1x32x28x28,0.042185
87,0,imagen.jpeg,33,pointwise_conv,1x32x28x28,2.294513
87,0,imagen.jpeg,34,batchnorm,1x192x28x28,0.229476
87,0,imagen.jpeg,35,activacion,1x192x28x28,0.288948
87,0,imagen.jpeg,36,depthwise_conv,1x192x28x28,1.830746
87,0,imagen.jpeg,37,batchnorm,1x192x28x28,0.23259
87,0,imagen.jpeg,38,activacion,1x192x28x28,0.479231
87,0,imagen.jpeg,39,pointwise_conv,1x192x28x28,2.263894
87,0,imagen.jpeg,40,batchnorm,1x32x28x28,0.038271
87,0,imagen.jpeg,41,layer_add,1x32x28x28,0.015108
87,0,imagen.jpeg,42,pointwise_conv,1x32x28x28,2.294921
87,0,imagen.jpeg,43,batchnorm,1x192x28x28,0.229142
87,0,imagen.jpeg,44,activacion,1x192x28x28,0.364386
87,0,imagen.jpeg,45,depthwise_conv,1x192x28x28,1.833553
87,0,imagen.jpeg,46,batchnorm,1x192x28x28,0.232939
87,0,imagen.jpeg,47,activacion,1x192x28x28,0.466659
87,0,imagen.jpeg,48,pointwise_conv,1x192x28x28,2.263791
87,0,imagen.jpeg,49,batchnorm,1x32x28x28,0.042254
87,0,imagen.jpeg,50,layer_add,1x32x28x28,0.011222
87,0,imagen.jpeg,51,pointwise_conv,1x32x28x28,2.295999
87,0,imagen.jpeg,52,batchnorm,1x192x28x28,0.229077
87,0,imagen.jpeg,53,activacion,1x192x28x28,0.43193
87,0,imagen.jpeg,54,depthwise_conv,1x192x28x28,0.471245
87,0,imagen.jpeg,55,batchnorm,1x192x14x14,0.057748
87,0,imagen.jpeg,56,activacion,1x192x14x14,0.078027
87,0,imagen.jpeg,57,pointwise_conv,1x192x14x14,1.200939
87,0,imagen.jpeg,58,batchnorm,1x64x14x14,0.019402
87,0,imagen.jpeg,59,pointwise_conv,1x64x14x14,2.415801
87,0,imagen.jpeg,60,batchnorm,1x384x14x14,0.11549
87,0,imagen.jpeg,61,activacion,1x384x14x14,0.162277
87,0,imagen.jpeg,62,depthwise_conv,1x384x14x14,0.931254
87,0,imagen.jpeg,63,batchnorm,1x384x14x14,0.119097
87,0,imagen.jpeg,64,activacion,1x384x14x14,0.247686
87,0,imagen.jpeg,65,pointwise_conv,1x384x14x14,2.405152
87,0,imagen.jpeg,66,batchnorm,1x64x14x14,0.019324
87,0,imagen.jpeg,67,layer_add,1x64x14x14,0.005976
87,0,imagen.jpeg,68,pointwise_conv,1x64x14x14,2.425136
87,0,imagen.jpeg,69,batchnorm,1x384x14x14,0.115318
87,0,imagen.jpeg,70,activacion,1x384x14x14,0.207204
87,0,imagen.jpeg,71,depthwise_conv,1x384x14x14,0.930814
87,0,imagen.jpeg,72,batchnorm,1x384x14x14,0.245782
87,0,imagen.jpeg,73,activacion,1x384x14x14,0.229773
87,0,imagen.jpeg,74,pointwise_conv,1x384x14x14,2.391325
87,0,imagen.jpeg,75,batchnorm,1x64x14x14,0.019291
87,0,imagen.jpeg,76,layer_add,1x64x14x14,0.005527
87,0,imagen.jpeg,77,pointwise_conv,1x64x14x14,2.409133
87,0,imagen.jpeg,78,batchnorm,1x384x14x14,0.115299
87,0,imagen.jpeg,79,activacion,1x384x14x14,0.229803
87,0,imagen.jpeg,80,depthwise_conv,1x384x14x14,0.922274
87,0,imagen.jpeg,81,batchnorm,1x384x14x14,0.44373
87,0,imagen.jpeg,82,activacion,1x384x14x14,0.213524
87,0,imagen.jpeg,83,pointwise_conv,1x384x14x14,2.394996
87,0,imagen.jpeg,84,batchnorm,1x64x14x14,0.019417
87,0,imagen.jpeg,85,layer_add,1x64x14x14,0.0057
87,0,imagen.jpeg,86,pointwise_conv,1x64x14x14,2.419981
87,0,imagen.jpeg,87,batchnorm,1x384x14x14,0.119033
87,0,imagen.jpeg,88,activacion,1x384x14x14,0.227448
87,0,imagen.jpeg,89,depthwise_conv,1x384x14x14,0.913067
87,0,imagen.jpeg,90,batchnorm,1x384x14x14,0.115288
87,0,imagen.jpeg,91,activacion,1x384x14x14,0.20861
87,0,imagen.jpeg,92,pointwise_conv,1x384x14x14,3.585368
87,0,imagen.jpeg,93,batchnorm,1x96x14x14,0.029082
87,0,imagen.jpeg,94,pointwise_conv,1x96x14x14,5.392689
87,0,imagen.jpeg,95,batchnorm,1x576x14x14,0.173056
87,0,imagen.jpeg,96,activacion,1x576x14x14,0.328646
87,0,imagen.jpeg,97,depthwise_conv,1x576x14x14,1.397528
87,0,imagen.jpeg,98,batchnorm,1x576x14x14,0.499234
87,0,imagen.jpeg,99,activacion,1x576x14x14,0.286081
87,0,imagen.jpeg,100,pointwise_conv,1x576x14x14,5.371473
87,0,imagen.jpeg,101,batchnorm,1x96x14x14,0.028904
87,0,imagen.jpeg,102,layer_add,1x96x14x14,0.008276
87,0,imagen.jpeg,103,pointwise_conv,1x96x14x14,5.402479
87,0,imagen.jpeg,104,batchnorm,1x576x14x14,0.175586
87,0,imagen.jpeg,105,activacion,1x576x14x14,0.326915
87,0,imagen.jpeg,106,depthwise_conv,1x576x14x14,1.38576
87,0,imagen.jpeg,107,batchnorm,1x576x14x14,0.437168
87,0,imagen.jpeg,108,activacion,1x576x14x14,0.255936
87,0,imagen.jpeg,109,pointwise_conv,1x576x14x14,5.379037
87,0,imagen.jpeg,110,batchnorm,1x96x14x14,0.032154
87,0,imagen.jpeg,111,layer_add,1x96x14x14,0.008342
87,0,imagen.jpeg,112,pointwise_conv,1x96x14x14,5.40202
87,0,imagen.jpeg,113,batchnorm,1x576x14x14,0.174976
87,0,imagen.jpeg,114,activacion,1x576x14x14,0.292426
87,0,imagen.jpeg,115,depthwise_conv,1x576x14x14,0.36726
87,0,imagen.jpeg,116,batchnorm,1x576x7x7,0.06121
87,0,imagen.jpeg,117,activacion,1x576x7x7,0.050188
87,0,imagen.jpeg,118,pointwise_conv,1x576x7x7,2.144411
87,0,imagen.jpeg,119,batchnorm,1x160x7x7,0.012695
87,0,imagen.jpeg,120,pointwise_conv,1x160x7x7,3.582611
87,0,imagen.jpeg,121,batchnorm,1x960x7x7,0.074389
87,0,imagen.jpeg,122,activacion,1x960x7x7,0.134497
87,0,imagen.jpeg,123,depthwise_conv,1x960x7x7,0.57623
87,0,imagen.jpeg,124,batchnorm,1x960x7x7,0.074583
87,0,imagen.jpeg,125,activacion,1x960x7x7,0.126825
87,0,imagen.jpeg,126,pointwise_conv,1x960x7x7,3.570069
87,0,imagen.jpeg,127,batchnorm,1x160x7x7,0.012564
87,0,imagen.jpeg,128,layer_add,1x160x7x7,0.003493
87,0,imagen.jpeg,129,pointwise_conv,1x160x7x7,3.577696
87,0,imagen.jpeg,130,batchnorm,1x960x7x7,0.074374
87,0,imagen.jpeg,131,activacion,1x960x7x7,0.125833
87,0,imagen.jpeg,132,depthwise_conv,1x960x7x7,0.586473
87,0,imagen.jpeg,133,batchnorm,1x960x7x7,0.123624
87,0,imagen.jpeg,134,activacion,1x960x7x7,0.11279
87,0,imagen.jpeg,135,pointwise_conv,1x960x7x7,3.566889
87,0,imagen.jpeg,136,batchnorm,1x160x7x7,0.0125
87,0,imagen.jpeg,137,layer_add,1x160x7x7,0.003862
87,0,imagen.jpeg,138,pointwise_conv,1x160x7x7,3.583213
87,0,imagen.jpeg,139,batchnorm,1x960x7x7,0.074347
87,0,imagen.jpeg,140,activacion,1x960x7x7,0.102513
87,0,imagen.jpeg,141,depthwise_conv,1x960x7x7,0.579226
87,0,imagen.jpeg,142,batchnorm,1x960x7x7,0.090772
87,0,imagen.jpeg,143,activacion,1x960x7x7,0.05721
87,0,imagen.jpeg,144,pointwise_conv,1x960x7x7,7.138642
87,0,imagen.jpeg,145,batchnorm,1x320x7x7,0.024986
87,0,imagen.jpeg,146,pointwise_conv,1x320x7x7,9.588869
87,0,imagen.jpeg,147,batchnorm,1x1280x7x7,0.10107
87,0,imagen.jpeg,148,activacion,1x1280x7x7,0.158799
87,0,imagen.jpeg,149,pooling,1x1280x7x7,0.0337
87,0,imagen.jpeg,150,linear,1x1280,1.12011
88,0,imagen.jpeg,0,conv2d,1x3x224x224,17.100204
88,0,imagen.jpeg,1,batchnorm,1x32x112x112,0.609057
88,0,imagen.jpeg,2,activacion,1x32x112x112,0.406195
88,0,imagen.jpeg,3,depthwise_conv,1x32x112x112,4.803069
88,0,imagen.jpeg,4,batchnorm,1x32x112x112,8.996105
88,0,imagen.jpeg,5,activacion,1x32x112x112,0.486842
88,0,imagen.jpeg,6,pointwise_conv,1x32x112x112,3.052725
88,0,imagen.jpeg,7,batchnorm,1x16x112x112,0.326002
88,0,imagen.jpeg,8,pointwise_conv,1x16x112x112,9.261414
88,0,imagen.jpeg,9,batchnorm,1x96x112x112,1.845845
88,0,imagen.jpeg,10,activacion,1x96x112x112,2.776773
88,0,imagen.jpeg,11,depthwise_conv,1x96x112x112,3.616683
88,0,imagen.jpeg,12,batchnorm,1x96x56x56,0.481178
88,0,imagen.jpeg,13,activacion,1x96x56x56,0.890782
88,0,imagen.jpeg,14,pointwise_conv,1x96x56x56,3.363629
88,0,imagen.jpeg,15,batchnorm,1x24x56x56,0.113939
88,0,imagen.jpeg,16,pointwise_conv,1x24x56x56,5.124077
88,0,imagen.jpeg,17,batchnorm,1x144x56x56,0.68465
88,0,imagen.jpeg,18,activacion,1x144x56x56,1.008278
88,0,imagen.jpeg,19,depthwise_conv,1x144x56x56,5.439834
88,0,imagen.jpeg,20,batchnorm,1x144x56x56,0.688603
88,0,imagen.jpeg,21,activacion,1x144x56x56,1.449114
88,0,imagen.jpeg,22,pointwise_conv,1x144x56x56,5.09952
88,0,imagen.jpeg,23,batchnorm,1x24x56x56,0.119706
88,0,imagen.jpeg,24,layer_add,1x24x56x56,0.035248
88,0,imagen.jpeg,25,pointwise_conv,1x24x56x56,5.11988
88,0,imagen.jpeg,26,batchnorm,1x144x56x56,0.682536
88,0,imagen.jpeg,27,activacion,1x144x56x56,1.343696
88,0,imagen.jpeg,28,depthwise_conv,1x144x56x56,1.366838
88,0,imagen.jpeg,29,batchnorm,1x144x28x28,0.172102
88,0,imagen.jpeg,30,activacion,1x144x28x28,0.307193
88,0,imagen.jpeg,31,pointwise_conv,1x144x28x28,1.698743
88,0,imagen.jpeg,32,batchnorm,1x32x28x28,0.03838
88,0,imagen.jpeg,33,pointwise_conv,1x32x28x28,2.293711
88,0,imagen.jpeg,34,batchnorm,1x192x28x28,0.229227
88,0,imagen.jpeg,35,activacion,1x192x28x28,0.289486
88,0,imagen.jpeg,36,depthwise_conv,1x192x28x28,1.814857
88,0,imagen.jpeg,37,batchnorm,1x192x28x28,0.23926
88,0,imagen.jpeg,38,activacion,1x192x28x28,0.485128
88,0,imagen.jpeg,39,pointwise_conv,1x192x28x28,2.265517
88,0,imagen.jpeg,40,batchnorm,1x32x28x28,0.038246
88,0,imagen.jpeg,41,layer_add,1x32x28x28,0.011045
88,0,imagen.jpeg,42,pointwise_conv,1x32x28x28,2.293792
88,0,imagen.jpeg,43,batchnorm,1x192x28x28,0.229104
88,0,imagen.jpeg,44,activacion,1x192x28x28,0.361948
88,0,imagen.jpeg,45,depthwise_conv,1x192x28x28,1.829018
88,0,imagen.jpeg,46,batchnorm,1x192x28x28,0.240186
88,0,imagen.jpeg,47,activacion,1x192x28x28,0.481133
88,0,imagen.jpeg,48,pointwise_conv,1x192x28x28,2.282247
88,0,imagen.jpeg,49,batchnorm,1x32x28x28,0.038369
88,0,imagen.jpeg,50,layer_add,1x32x28x28,0.011941
88,0,imagen.jpeg,51,pointwise_conv,1x32x28x28,2.299965
88,0,imagen.jpeg,52,batchnorm,1x192x28x28,0.229337
88,0,imagen.jpeg,53,activacion,1x192x28x28,0.433392
88,0,imagen.jpeg,54,depthwise_conv,1x192x28x28,0.470151
88,0,imagen.jpeg,55,batchnorm,1x192x14x14,0.057753
88,0,imagen.jpeg,56,activacion,1x192x14x14,0.07865
88,0,imagen.jpeg,57,pointwise_conv,1x192x14x14,1.197533
88,0,imagen.jpeg,58,batchnorm,1x64x14x14,0.019448
88,0,imagen.jpeg,59,pointwise_conv,1x64x14x14,2.413015
88,0,imagen.jpeg,60,batchnorm,1x384x14x14,0.115372
88,0,imagen.jpeg,61,activacion,1x384x14x14,0.154327
88,0,imagen.jpeg,62,depthwise_conv,1x384x14x14,0.91702
88,0,imagen.jpeg,63,batchnorm,1x384x14x14,0.117954
88,0,imagen.jpeg,64,activacion,1x384x14x14,0.246836
88,0,imagen.jpeg,65,pointwise_conv,1x384x14x14,2.386749
88,0,imagen.jpeg,66,batchnorm,1x64x14x14,0.019335
88,0,imagen.jpeg,67,layer_add,1x64x14x14,0.005527
88,0,imagen.jpeg,68,pointwise_conv,1x64x14x14,2.406436
88,0,imagen.jpeg,69,batchnorm,1x384x14x14,0.117277
88,0,imagen.jpeg,70,activacion,1x384x14x14,0.2092
88,0,imagen.jpeg,71,depthwise_conv,1x384x14x14,0.946157
88,0,imagen.jpeg,72,batchnorm,1x384x14x14,0.247994
88,0,imagen.jpeg,73,activacion,1x384x14x14,0.235289
88,0,imagen.jpeg,74,pointwise_conv,1x384x14x14,2.38883
88,0,imagen.jpeg,75,batchnorm,1x64x14x14,0.019404
88,0,imagen.jpeg,76,layer_add,1x64x14x14,0.00553
88,0,imagen.jpeg,77,pointwise_conv,1x64x14x14,2.413762
88,0,imagen.jpeg,78,batchnorm,1x384x14x14,0.115268
88,0,imagen.jpeg,79,activacion,1x384x14x14,0.229758
88,0,imagen.jpeg,80,depthwise_conv,1x384x14x14,0.92937
88,0,imagen.jpeg,81,batchnorm,1x384x14x14,0.441848
88,0,imagen.jpeg,82,activacion,1x384x14x14,0.203481
88,0,imagen.jpeg,83,pointwise_conv,1x384x14x14,2.392174
88,0,imagen.jpeg,84,batchnorm,1x64x14x14,0.019428
88,0,imagen.jpeg,85,layer_add,1x64x14x14,0.00552
88,0,imagen.jpeg,86,pointwise_conv,1x64x14x14,2.409336
88,0,imagen.jpeg,87,batchnorm,1x384x14x14,0.115362
88,0,imagen.jpeg,88,activacion,1x384x14x14,0.227256
88,0,imagen.jpeg,89,depthwise_conv,1x384x14x14,0.928177
88,0,imagen.jpeg,90,batchnorm,1x384x14x14,0.11502
88,0,imagen.jpeg,91,activacion,1x384x14x14,0.210561
88,0,imagen.jpeg,92,pointwise_conv,1x384x14x14,3.588838
88,0,imagen.jpeg,93,batchnorm,1x96x14x14,0.028886
88,0,imagen.jpeg,94,pointwise_conv,1x96x14x14,5.402118
88,0,imagen.jpeg,95,batchnorm,1x576x14x14,0.172806
88,0,imagen.jpeg,96,activacion,1x576x14x14,0.324588
88,0,imagen.jpeg,97,depthwise_conv,1x576x14x14,1.378814
88,0,imagen.jpeg,98,batchnorm,1x576x14x14,0.49933
88,0,imagen.jpeg,99,activacion,1x576x14x14,0.285702
88,0,imagen.jpeg,100,pointwise_conv,1x576x14x14,5.374243
88,0,imagen.jpeg,101,batchnorm,1x96x14x14,0.028836
88,0,imagen.jpeg,102,layer_add,1x96x14x14,0.008233
88,0,imagen.jpeg,103,pointwise_conv,1x96x14x14,5.410474
88,0,imagen.jpeg,104,batchnorm,1x576x14x14,0.173122
88,0,imagen.jpeg,105,activacion,1x576x14x14,0.328236
88,0,imagen.jpeg,106,depthwise_conv,1x576x14x14,1.392313
88,0,imagen.jpeg,107,batchnorm,1x576x14x14,0.437048
88,0,imagen.jpeg,108,activacion,1x576x14x14,0.256622
88,0,imagen.jpeg,109,pointwise_conv,1x576x14x14,5.37472
88,0,imagen.jpeg,110,batchnorm,1x96x14x14,0.032085
88,0,imagen.jpeg,111,layer_add,1x96x14x14,0.008634
88,0,imagen.jpeg,112,pointwise_conv,1x96x14x14,5.403118
88,0,imagen.jpeg,113,batchnorm,1x576x14x14,0.17286
88,0,imagen.jpeg,114,activacion,1x576x14x14,0.286701
88,0,imagen.jpeg,115,depthwise_conv,1x576x14x14,0.362405
88,0,imagen.jpeg,116,batchnorm,1x576x7x7,0.061182
88,0,imagen.jpeg,117,activacion,1x576x7x7,0.049683
88,0,imagen.jpeg,118,pointwise_conv,1x576x7x7,2.142677
88,0,imagen.jpeg,119,batchnorm,1x160x7x7,0.012712
88,0,imagen.jpeg,120,pointwise_conv,1x160x7x7,3.58169
88,0,imagen.jpeg,121,batchnorm,1x960x7x7,0.074355
88,0,imagen.jpeg,122,activacion,1x960x7x7,0.134326
88,0,imagen.jpeg,123,depthwise_conv,1x960x7x7,0.590396
88,0,imagen.jpeg,124,batchnorm,1x960x7x7,0.074605
88,0,imagen.jpeg,125,activacion,1x960x7x7,0.128391
88,0,imagen.jpeg,126,pointwise_conv,1x960x7x7,3.584928
88,0,imagen.jpeg,127,batchnorm,1x160x7x7,0.012716
88,0,imagen.jpeg,128,layer_add,1x160x7x7,0.003669
88,0,imagen.jpeg,129,pointwise_conv,1x160x7x7,3.581072
88,0,imagen.jpeg,130,batchnorm,1x960x7x7,0.074367
88,0,imagen.jpeg,131,activacion,1x960x7x7,0.126955
88,0,imagen.jpeg,132,depthwise_conv,1x960x7x7,0.588249
88,0,imagen.jpeg,133,batchnorm,1x960x7x7,0.123528
88,0,imagen.jpeg,134,activacion,1x960x7x7,0.112881
88,0,imagen.jpeg,135,pointwise_conv,1x960x7x7,3.601987
88,0,imagen.jpeg,136,batchnorm,1x160x7x7,0.012486
88,0,imagen.jpeg,137,layer_add,1x160x7x7,0.003839
88,0,imagen.jpeg,138,pointwise_conv,1x160x7x7,3.592238
88,0,imagen.jpeg,139,batchnorm,1x960x7x7,0.074416
88,0,imagen.jpeg,140,activacion,1x960x7x7,0.103688
88,0,imagen.jpeg,141,depthwise_conv,1x960x7x7,0.590977
88,0,imagen.jpeg,142,batchnorm,1x960x7x7,0.090826
88,0,imagen.jpeg,143,activacion,1x960x7x7,0.057128
88,0,imagen.jpeg,144,pointwise_conv,1x960x7x7,7.135478
88,0,imagen.jpeg,145,batchnorm,1x320x7x7,0.025064
88,0,imagen.jpeg,146,pointwise_conv,1x320x7x7,9.572484
88,0,imagen.jpeg,147,batchnorm,1x1280x7x7,0.09917
88,0,imagen.jpeg,148,activacion,1x1280x7x7,0.159236
88,0,imagen.jpeg,149,pooling,1x1280x7x7,0.033616
88,0,imagen.jpeg,150,linear,1x1280,1.092466
89,0,imagen.jpeg,0,conv2d,1x3x224x224,17.061603
89,0,imagen.jpeg,1,batchnorm,1x32x112x112,0.608877
89,0,imagen.jpeg,2,activacion,1x32x112x112,0.407231
89,0,imagen.jpeg,3,depthwise_conv,1x32x112x112,4.674409
89,0,imagen.jpeg,4,batchnorm,1x32x112x112,8.974957
89,0,imagen.jpeg,5,activacion,1x32x112x112,0.492082
89,0,imagen.jpeg,6,pointwise_conv,1x32x112x112,3.032784
89,0,imagen.jpeg,7,batchnorm,1x16x112x112,0.304819
89,0,imagen.jpeg,8,pointwise_conv,1x16x112x112,9.258376
89,0,imagen.jpeg,9,batchnorm,1x96x112x112,1.840827
89,0,imagen.jpeg,10,activacion,1x96x112x112,2.787884
89,0,imagen.jpeg,11,depthwise_conv,1x96x112x112,3.675955
89,0,imagen.jpeg,12,batchnorm,1x96x56x56,0.46721
89,0,imagen.jpeg,13,activacion,1x96x56x56,0.878957
89,0,imagen.jpeg,14,pointwise_conv,1x96x56x56,3.364917
89,0,imagen.jpeg,15,batchnorm,1x24x56x56,0.114084
89,0,imagen.jpeg,16,pointwise_conv,1x24x56x56,5.138033
89,0,imagen.jpeg,17,batchnorm,1x144x56x56,0.692413
89,0,imagen.jpeg,18,activacion,1x144x56x56,1.023834
89,0,imagen.jpeg,19,depthwise_conv,1x144x56x56,5.44465
89,0,imagen.jpeg,20,batchnorm,1x144x56x56,0.682811
89,0,imagen.jpeg,21,activacion,1x144x56x56,1.466773
89,0,imagen.jpeg,22,pointwise_conv,1x144x56x56,5.064754
89,0,imagen.jpeg,23,batchnorm,1x24x56x56,0.114215
89,0,imagen.jpeg,24,layer_add,1x24x56x56,0.035258
89,0,imagen.jpeg,25,pointwise_conv,1x24x56x56,5.140889
89,0,imagen.jpeg,26,batchnorm,1x144x56x56,0.684994
89,0,imagen.jpeg,27,activacion,1x144x56x56,1.355268
89,0,imagen.jpeg,28,depthwise_conv,1x144x56x56,1.409189
89,0,imagen.jpeg,29,batchnorm,1x144x28x28,0.172107
89,0,imagen.jpeg,30,activacion,1x144x28x28,0.305887
89,0,imagen.jpeg,31,pointwise_conv,1x144x28x28,1.701678
89,0,imagen.jpeg,32,batchnorm,1x32x28x28,0.038338
89,0,imagen.jpeg,33,pointwise_conv,1x32x28x28,2.302737
89,0,imagen.jpeg,34,batchnorm,1x192x28x28,0.235784
89,0,imagen.jpeg,35,activacion,1x192x28x28,0.309946
89,0,imagen.jpeg,36,depthwise_conv,1x192x28x28,1.792999
89,0,imagen.jpeg,37,batchnorm,1x192x28x28,0.229315
89,0,imagen.jpeg,38,activacion,1x192x28x28,0.494958
89,0,imagen.jpeg,39,pointwise_conv,1x192x28x28,2.283822
89,0,imagen.jpeg,40,batchnorm,1x32x28x28,0.038407
89,0,imagen.jpeg,41,layer_add,1x32x28x28,0.013108
89,0,imagen.jpeg,42,pointwise_conv,1x32x28x28,2.339287
89,0,imagen.jpeg,43,batchnorm,1x192x28x28,0.233044
89,0,imagen.jpeg,44,activacion,1x192x28x28,0.373839
89,0,imagen.jpeg,45,depthwise_conv,1x192x28x28,1.792839
89,0,imagen.jpeg,46,batchnorm,1x192x28x28,0.232869
89,0,imagen.jpeg,47,activacion,1x192x28x28,0.466268
89,0,imagen.jpeg,48,pointwise_conv,1x192x28x28,2.264066
89,0,imagen.jpeg,49,batchnorm,1x32x28x28,0.038343
89,0,imagen.jpeg,50,layer_add,1x32x28x28,0.011418
89,0,imagen.jpeg,51,pointwise_conv,1x32x28x28,2.29371
89,0,imagen.jpeg,52,batchnorm,1x192x28x28,0.229332
89,0,imagen.jpeg,53,activacion,1x192x28x28,0.431939
89,0,imagen.jpeg,54,depthwise_conv,1x192x28x28,0.460153
89,0,imagen.jpeg,55,batchnorm,1x192x14x14,0.057715
89,0,imagen.jpeg,56,activacion,1x192x14x14,0.07868
89,0,imagen.jpeg,57,pointwise_conv,1x192x14x14,1.200801
89,0,imagen.jpeg,58,batchnorm,1x64x14x14,0.019408
89,0,imagen.jpeg,59,pointwise_conv,1x64x14x14,2.410319
89,0,imagen.jpeg,60,batchnorm,1x384x14x14,0.115422
89,0,imagen.jpeg,61,activacion,1x384x14x14,0.154081
89,0,imagen.jpeg,62,depthwise_conv,1x384x14x14,0.933329
89,0,imagen.jpeg,63,batchnorm,1x384x14x14,0.115488
89,0,imagen.jpeg,64,activacion,1x384x14x14,0.246406
89,0,imagen.jpeg,65,pointwise_conv,1x384x14x14,2.388508
89,0,imagen.jpeg,66,batchnorm,1x64x14x14,0.019452
89,0,imagen.jpeg,67,layer_add,1x64x14x14,0.005541
89,0,imagen.jpeg,68,pointwise_conv,1x64x14x14,2.40828
89,0,imagen.jpeg,69,batchnorm,1x384x14x14,0.115384
89,0,imagen.jpeg,70,activacion,1x384x14x14,0.206816
89,0,imagen.jpeg,71,depthwise_conv,1x384x14x14,0.938761
89,0,imagen.jpeg,72,batchnorm,1x384x14x14,0.247503
89,0,imagen.jpeg,73,activacion,1x384x14x14,0.22726
89,0,imagen.jpeg,74,pointwise_conv,1x384x14x14,2.401615
89,0,imagen.jpeg,75,batchnorm,1x64x14x14,0.019316
89,0,imagen.jpeg,76,layer_add,1x64x14x14,0.005534
89,0,imagen.jpeg,77,pointwise_conv,1x64x14x14,2.412626
89,0,imagen.jpeg,78,batchnorm,1x384x14x14,0.11512
89,0,imagen.jpeg,79,activacion,1x384x14x14,0.228788
89,0,imagen.jpeg,80,depthwise_conv,1x384x14x14,0.932313
89,0,imagen.jpeg,81,batchnorm,1x384x14x14,0.441794
89,0,imagen.jpeg,82,activacion,1x384x14x14,0.203393
89,0,imagen.jpeg,83,pointwise_conv,1x384x14x14,2.394566
89,0,imagen.jpeg,84,batchnorm,1x64x14x14,0.019427
89,0,imagen.jpeg,85,layer_add,1x64x14x14,0.005491
89,0,imagen.jpeg,86,pointwise_conv,1x64x14x14,2.408603
89,0,imagen.jpeg,87,batchnorm,1x384x14x14,0.118545
89,0,imagen.jpeg,88,activacion,1x384x14x14,0.226364
89,0,imagen.jpeg,89,depthwise_conv,1x384x14x14,0.921629
89,0,imagen.jpeg,90,batchnorm,1x384x14x14,0.115476
89,0,imagen.jpeg,91,activacion,1x384x14x14,0.211598
89,0,imagen.jpeg,92,pointwise_conv,1x384x14x14,3.589283
89,0,imagen.jpeg,93,batchnorm,1x96x14x14,0.028909
89,0,imagen.jpeg,94,pointwise_conv,1x96x14x14,5.399884
89,0,imagen.jpeg,95,batchnorm,1x576x14x14,0.179274
89,0,imagen.jpeg,96,activacion,1x576x14x14,0.32489
89,0,imagen.jpeg,97,depthwise_conv,1x576x14x14,1.404506
89,0,imagen.jpeg,98,batchnorm,1x576x14x14,0.502063
89,0,imagen.jpeg,99,activacion,1x576x14x14,0.287125
89,0,imagen.jpeg,100,pointwise_conv,1x576x14x14,5.374158
89,0,imagen.jpeg,101,batchnorm,1x96x14x14,0.028989
89,0,imagen.jpeg,102,layer_add,1x96x14x14,0.00822
89,0,imagen.jpeg,103,pointwise_conv,1x96x14x14,5.405239
89,0,imagen.jpeg,104,batchnorm,1x576x14x14,0.172961
89,0,imagen.jpeg,105,activacion,1x576x14x14,0.333105
89,0,imagen.jpeg,106,depthwise_conv,1x576x14x14,1.400973
89,0,imagen.jpeg,107,batchnorm,1x576x14x14,0.440584
89,0,imagen.jpeg,108,activacion,1x576x14x14,0.257963
89,0,imagen.jpeg,109,pointwise_conv,1x576x14x14,5.374688
89,0,imagen.jpeg,110,batchnorm,1x96x14x14,0.032186
89,0,imagen.jpeg,111,layer_add,1x96x14x14,0.008218
89,0,imagen.jpeg,112,pointwise_conv,1x96x14x14,5.406311
89,0,imagen.jpeg,113,batchnorm,1x576x14x14,0.172946
89,0,imagen.jpeg,114,activacion,1x576x14x14,0.28148
89,0,imagen.jpeg,115,depthwise_conv,1x576x14x14,0.362367
89,0,imagen.jpeg,116,batchnorm,1x576x7x7,0.061155
89,0,imagen.jpeg,117,activacion,1x576x7x7,0.049843
89,0,imagen.jpeg,118,pointwise_conv,1x576x7x7,2.142382
89,0,imagen.jpeg,119,batchnorm,1x160x7x7,0.012724
89,0,imagen.jpeg,120,pointwise_conv,1x160x7x7,3.591178
89,0,imagen.jpeg,121,batchnorm,1x960x7x7,0.074367
89,0,imagen.jpeg,122,activacion,1x960x7x7,0.133036
89,0,imagen.jpeg,123,depthwise_conv,1x960x7x7,0.577166
89,0,imagen.jpeg,124,batchnorm,1x960x7x7,0.074572
89,0,imagen.jpeg,125,activacion,1x960x7x7,0.126049
89,0,imagen.jpeg,126,pointwise_conv,1x960x7x7,3.573876
89,0,imagen.jpeg,127,batchnorm,1x160x7x7,0.012656
89,0,imagen.jpeg,128,layer_add,1x160x7x7,0.003481
89,0,imagen.jpeg,129,pointwise_conv,1x160x7x7,3.577802
89,0,imagen.jpeg,130,batchnorm,1x960x7x7,0.074355
89,0,imagen.jpeg,131,activacion,1x960x7x7,0.129424
89,0,imagen.jpeg,132,depthwise_conv,1x960x7x7,0.58598
89,0,imagen.jpeg,133,batchnorm,1x960x7x7,0.123839
89,0,imagen.jpeg,134,activacion,1x960x7x7,0.11251
89,0,imagen.jpeg,135,pointwise_conv,1x960x7x7,3.566874
89,0,imagen.jpeg,136,batchnorm,1x160x7x7,0.012506
89,0,imagen.jpeg,137,layer_add,1x160x7x7,0.003872
89,0,imagen.jpeg,138,pointwise_conv,1x160x7x7,3.583376
89,0,imagen.jpeg,139,batchnorm,1x960x7x7,0.076246
89,0,imagen.jpeg,140,activacion,1x960x7x7,0.10271
89,0,imagen.jpeg,141,depthwise_conv,1x960x7x7,0.600371
89,0,imagen.jpeg,142,batchnorm,1x960x7x7,0.090874
89,0,imagen.jpeg,143,activacion,1x960x7x7,0.057139
89,0,imagen.jpeg,144,pointwise_conv,1x960x7x7,7.149366
89,0,imagen.jpeg,145,batchnorm,1x320x7x7,0.024999
89,0,imagen.jpeg,146,pointwise_conv,1x320x7x7,9.534045
89,0,imagen.jpeg,147,batchnorm,1x1280x7x7,0.099155
89,0,imagen.jpeg,148,activacion,1x1280x7x7,0.158227
89,0,imagen.jpeg,149,pooling,1x1280x7x7,0.033683
89,0,imagen.jpeg,150,linear,1x1280,1.091548
90,0,imagen.jpeg,0,conv2d,1x3x224x224,17.112729
90,0,imagen.jpeg,1,batchnorm,1x32x112x112,0.622851
90,0,imagen.jpeg,2,activacion,1x32x112x112,0.415722
90,0,imagen.jpeg,3,depthwise_conv,1x32x112x112,4.764961
90,0,imagen.jpeg,4,batchnorm,1x32x112x112,9.018305
90,0,imagen.jpeg,5,activacion,1x32x112x112,0.489986
90,0,imagen.jpeg,6,pointwise_conv,1x32x112x112,3.048668
90,0,imagen.jpeg,7,batchnorm,1x16x112x112,0.31908
90,0,imagen.jpeg,8,pointwise_conv,1x16x112x112,9.295234
90,0,imagen.jpeg,9,batchnorm,1x96x112x112,1.858869
90,0,imagen.jpeg,10,activacion,1x96x112x112,2.763698
90,0,imagen.jpeg,11,depthwise_conv,1x96x112x112,3.67133
90,0,imagen.jpeg,12,batchnorm,1x96x56x56,0.464622
90,0,imagen.jpeg,13,activacion,1x96x56x56,0.879869
90,0,imagen.jpeg,14,pointwise_conv,1x96x56x56,3.384149
90,0,imagen.jpeg,15,batchnorm,1x24x56x56,0.114298
90,0,imagen.jpeg,16,pointwise_conv,1x24x56x56,5.152417
90,0,imagen.jpeg,17,batchnorm,1x144x56x56,0.684596
90,0,imagen.jpeg,18,activacion,1x144x56x56,1.0179
90,0,imagen.jpeg,19,depthwise_conv,1x144x56x56,5.435072
90,0,imagen.jpeg,20,batchnorm,1x144x56x56,0.695971
90,0,imagen.jpeg,21,activacion,1x144x56x56,1.487139
90,0,imagen.jpeg,22,pointwise_conv,1x144x56x56,5.087227
90,0,imagen.jpeg,23,batchnorm,1x24x56x56,0.118743
90,0,imagen.jpeg,24,layer_add,1x24x56x56,0.034808
90,0,imagen.jpeg,25,pointwise_conv,1x24x56x56,5.117191
90,0,imagen.jpeg,26,batchnorm,1x144x56x56,0.688228
90,0,imagen.jpeg,27,activacion,1x144x56x56,1.343306
90,0,imagen.jpeg,28,depthwise_conv,1x144x56x56,1.356674
90,0,imagen.jpeg,29,batchnorm,1x144x28x28,0.178589
90,0,imagen.jpeg,30,activacion,1x144x28x28,0.302558
90,0,imagen.jpeg,31,pointwise_conv,1x144x28x28,1.70337
90,0,imagen.jpeg,32,batchnorm,1x32x28x28,0.041543
90,0,imagen.jpeg,33,pointwise_conv,1x32x28x28,2.294424
90,0,imagen.jpeg,34,batchnorm,1x192x28x28,0.229373
90,0,imagen.jpeg,35,activacion,1x192x28x28,0.293647
90,0,imagen.jpeg,36,depthwise_conv,1x192x28x28,1.817704
90,0,imagen.jpeg,37,batchnorm,1x192x28x28,0.235741
90,0,imagen.jpeg,38,activacion,1x192x28x28,0.478338
90,0,imagen.jpeg,39,pointwise_conv,1x192x28x28,2.270255
90,0,imagen.jpeg,40,batchnorm,1x32x28x28,0.038289
90,0,imagen.jpeg,41,layer_add,1x32x28x28,0.011809
90,0,imagen.jpeg,42,pointwise_conv,1x32x28x28,2.299982
90,0,imagen.jpeg,43,batchnorm,1x192x28x28,0.229027
90,0,imagen.jpeg,44,activacion,1x192x28x28,0.375774
90,0,imagen.jpeg,45,depthwise_conv,1x192x28x28,1.835753
90,0,imagen.jpeg,46,batchnorm,1x192x28x28,0.237116
90,0,imagen.jpeg,47,activacion,1x192x28x28,0.46745
90,0,imagen.jpeg,48,pointwise_conv,1x192x28x28,2.274459
90,0,imagen.jpeg,49,batchnorm,1x32x28x28,0.038297
90,0,imagen.jpeg,50,layer_add,1x32x28x28,0.011708
90,0,imagen.jpeg,51,pointwise_conv,1x32x28x28,2.297914
90,0,imagen.jpeg,52,batchnorm,1x192x28x28,0.23104
90,0,imagen.jpeg,53,activacion,1x192x28x28,0.432485
90,0,imagen.jpeg,54,depthwise_conv,1x192x28x28,0.473685
90,0,imagen.jpeg,55,batchnorm,1x192x14x14,0.057689
90,0,imagen.jpeg,56,activacion,1x192x14x14,0.08652
90,0,imagen.jpeg,57,pointwise_conv,1x192x14x14,1.194768
90,0,imagen.jpeg,58,batchnorm,1x64x14x14,0.019467
90,0,imagen.jpeg,59,pointwise_conv,1x64x14x14,2.411086
90,0,imagen.jpeg,60,batchnorm,1x384x14x14,0.115091
90,0,imagen.jpeg,61,activacion,1x384x14x14,0.161034
90,0,imagen.jpeg,62,depthwise_conv,1x384x14x14,0.933713
90,0,imagen.jpeg,63,batchnorm,1x384x14x14,0.115372
90,0,imagen.jpeg,64,activacion,1x384x14x14,0.242208
90,0,imagen.jpeg,65,pointwise_conv,1x384x14x14,2.38989
90,0,imagen.jpeg,66,batchnorm,1x64x14x14,0.019391
90,0,imagen.jpeg,67,layer_add,1x64x14x14,0.005531
90,0,imagen.jpeg,68,pointwise_conv,1x64x14x14,2.408354
90,0,imagen.jpeg,69,batchnorm,1x384x14x14,0.115282
90,0,imagen.jpeg,70,activacion,1x384x14x14,0.205888
90,0,imagen.jpeg,71,depthwise_conv,1x384x14x14,0.933213
90,0,imagen.jpeg,72,batchnorm,1x384x14x14,0.250013
90,0,imagen.jpeg,73,activacion,1x384x14x14,0.225137
90,0,imagen.jpeg,74,pointwise_conv,1x384x14x14,2.390933
90,0,imagen.jpeg,75,batchnorm,1x64x14x14,0.0194
90,0,imagen.jpeg,76,layer_add,1x64x14x14,0.005526
90,0,imagen.jpeg,77,pointwise_conv,1x64x14x14,2.423359
90,0,imagen.jpeg,78,batchnorm,1x384x14x14,0.119514
90,0,imagen.jpeg,79,activacion,1x384x14x14,0.242916
90,0,imagen.jpeg,80,depthwise_conv,1x384x14x14,0.936582
90,0,imagen.jpeg,81,batchnorm,1x384x14x14,0.445193
90,0,imagen.jpeg,82,activacion,1x384x14x14,0.200374
90,0,imagen.jpeg,83,pointwise_conv,1x384x14x14,2.403552
90,0,imagen.jpeg,84,batchnorm,1x64x14x14,0.019539
90,0,imagen.jpeg,85,layer_add,1x64x14x14,0.005515
90,0,imagen.jpeg,86,pointwise_conv,1x64x14x14,2.412104
90,0,imagen.jpeg,87,batchnorm,1x384x14x14,0.11506
90,0,imagen.jpeg,88,activacion,1x384x14x14,0.226511
90,0,imagen.jpeg,89,depthwise_conv,1x384x14x14,0.930085
90,0,imagen.jpeg,90,batchnorm,1x384x14x14,0.115284
90,0,imagen.jpeg,91,activacion,1x384x14x14,0.213481
90,0,imagen.jpeg,92,pointwise_conv,1x384x14x14,3.589283
90,0,imagen.jpeg,93,batchnorm,1x96x14x14,0.029025
90,0,imagen.jpeg,94,pointwise_conv,1x96x14x14,5.39939
90,0,imagen.jpeg,95,batchnorm,1x576x14x14,0.172627
90,0,imagen.jpeg,96,activacion,1x576x14x14,0.329441
90,0,imagen.jpeg,97,depthwise_conv,1x576x14x14,1.41691
90,0,imagen.jpeg,98,batchnorm,1x576x14x14,0.505223
90,0,imagen.jpeg,99,activacion,1x576x14x14,0.300832
90,0,imagen.jpeg,100,pointwise_conv,1x576x14x14,5.379382
90,0,imagen.jpeg,101,batchnorm,1x96x14x14,0.028956
90,0,imagen.jpeg,102,layer_add,1x96x14x14,0.008274
90,0,imagen.jpeg,103,pointwise_conv,1x96x14x14,5.419126
90,0,imagen.jpeg,104,batchnorm,1x576x14x14,0.173185
90,0,imagen.jpeg,105,activacion,1x576x14x14,0.325727
90,0,imagen.jpeg,106,depthwise_conv,1x576x14x14,1.410108
90,0,imagen.jpeg,107,batchnorm,1x576x14x14,0.434005
90,0,imagen.jpeg,108,activacion,1x576x14x14,0.255647
90,0,imagen.jpeg,109,pointwise_conv,1x576x14x14,5.377585
90,0,imagen.jpeg,110,batchnorm,1x96x14x14,0.028939
90,0,imagen.jpeg,111,layer_add,1x96x14x14,0.008219
90,0,imagen.jpeg,112,pointwise_conv,1x96x14x14,5.403917
90,0,imagen.jpeg,113,batchnorm,1x576x14x14,0.176217
90,0,imagen.jpeg,114,activacion,1x576x14x14,0.284984
90,0,imagen.jpeg,115,depthwise_conv,1x576x14x14,0.362498
90,0,imagen.jpeg,116,batchnorm,1x576x7x7,0.061169
90,0,imagen.jpeg,117,activacion,1x576x7x7,0.049402
90,0,imagen.jpeg,118,pointwise_conv,1x576x7x7,2.152495
90,0,imagen.jpeg,119,batchnorm,1x160x7x7,0.012676
90,0,imagen.jpeg,120,pointwise_conv,1x160x7x7,3.586589
90,0,imagen.jpeg,121,batchnorm,1x960x7x7,0.074395
90,0,imagen.jpeg,122,activacion,1x960x7x7,0.139228
90,0,imagen.jpeg,123,depthwise_conv,1x960x7x7,0.59353
90,0,imagen.jpeg,124,batchnorm,1x960x7x7,0.076705
90,0,imagen.jpeg,125,activacion,1x960x7x7,0.127679
90,0,imagen.jpeg,126,pointwise_conv,1x960x7x7,3.574497
90,0,imagen.jpeg,127,batchnorm,1x160x7x7,0.012601
90,0,imagen.jpeg,128,layer_add,1x160x7x7,0.003492
90,0,imagen.jpeg,129,pointwise_conv,1x160x7x7,3.600106
90,0,imagen.jpeg,130,batchnorm,1x960x7x7,0.074491
90,0,imagen.jpeg,131,activacion,1x960x7x7,0.12748
90,0,imagen.jpeg,132,depthwise_conv,1x960x7x7,0.591094
90,0,imagen.jpeg,133,batchnorm,1x960x7x7,0.123556
90,0,imagen.jpeg,134,activacion,1x960x7x7,0.110451
90,0,imagen.jpeg,135,pointwise_conv,1x960x7x7,3.576402
90,0,imagen.jpeg,136,batchnorm,1x160x7x7,0.012568
90,0,imagen.jpeg,137,layer_add,1x160x7x7,0.003679
90,0,imagen.jpeg,138,pointwise_conv,1x160x7x7,3.587632
90,0,imagen.jpeg,139,batchnorm,1x960x7x7,0.074371
90,0,imagen.jpeg,140,activacion,1x960x7x7,0.102823
90,0,imagen.jpeg,141,depthwise_conv,1x960x7x7,0.560611
90,0,imagen.jpeg,142,batchnorm,1x960x7x7,0.090825
90,0,imagen.jpeg,143,activacion,1x960x7x7,0.057231
90,0,imagen.jpeg,144,pointwise_conv,1x960x7x7,7.153107
90,0,imagen.jpeg,145,batchnorm,1x320x7x7,0.024995
90,0,imagen.jpeg,146,pointwise_conv,1x320x7x7,9.5483
90,0,imagen.jpeg,147,batchnorm,1x1280x7x7,0.09921
90,0,imagen.jpeg,148,activacion,1x1280x7x7,0.159213
90,0,imagen.jpeg,149,pooling,1x1280x7x7,0.039279
90,0,imagen.jpeg,150,linear,1x1280,1.102886
91,0,imagen.jpeg,0,conv2d,1x3x224x224,17.263155
91,0,imagen.jpeg,1,batchnorm,1x32x112x112,0.621253
91,0,imagen.jpeg,2,activacion,1x32x112x112,0.39623
91,0,imagen.jpeg,3,depthwise_conv,1x32x112x112,4.79604
91,0,imagen.jpeg,4,batchnorm,1x32x112x112,8.989194
91,0,imagen.jpeg,5,activacion,1x32x112x112,0.496864
91,0,imagen.jpeg,6,pointwise_conv,1x32x112x112,3.03889
91,0,imagen.jpeg,7,batchnorm,1x16x112x112,0.323952
91,0,imagen.jpeg,8,pointwise_conv,1x16x112x112,9.271044
91,0,imagen.jpeg,9,batchnorm,1x96x112x112,1.845842
91,0,imagen.jpeg,10,activacion,1x96x112x112,2.774675
91,0,imagen.jpeg,11,depthwise_conv,1x96x112x112,3.684948
91,0,imagen.jpeg,12,batchnorm,1x96x56x56,0.462595
91,0,imagen.jpeg,13,activacion,1x96x56x56,0.876966
91,0,imagen.jpeg,14,pointwise_conv,1x96x56x56,3.366461
91,0,imagen.jpeg,15,batchnorm,1x24x56x56,0.114257
91,0,imagen.jpeg,16,pointwise_conv,1x24x56x56,5.125512
91,0,imagen.jpeg,17,batchnorm,1x144x56x56,0.695724
91,0,imagen.jpeg,18,activacion,1x144x56x56,1.010989
91,0,imagen.jpeg,19,depthwise_conv,1x144x56x56,5.414818
91,0,imagen.jpeg,20,batchnorm,1x144x56x56,0.691106
91,0,imagen.jpeg,21,activacion,1x144x56x56,1.450015
91,0,imagen.jpeg,22,pointwise_conv,1x144x56x56,5.101997
91,0,imagen.jpeg,23,batchnorm,1x24x56x56,0.114323
91,0,imagen.jpeg,24,layer_add,1x24x56x56,0.035097
91,0,imagen.jpeg,25,pointwise_conv,1x24x56x56,5.117158
91,0,imagen.jpeg,26,batchnorm,1x144x56x56,0.693866
91,0,imagen.jpeg,27,activacion,1x144x56x56,1.344516
91,0,imagen.jpeg,28,depthwise_conv,1x144x56x56,1.392369
91,0,imagen.jpeg,29,batchnorm,1x144x28x28,0.172212
91,0,imagen.jpeg,30,activacion,1x144x28x28,0.299296
91,0,imagen.jpeg,31,pointwise_conv,1x144x28x28,1.705414
91,0,imagen.jpeg,32,batchnorm,1x32x28x28,0.038328
91,0,imagen.jpeg,33,pointwise_conv,1x32x28x28,2.296232
91,0,imagen.jpeg,34,batchnorm,1x192x28x28,0.232989
91,0,imagen.jpeg,35,activacion,1x192x28x28,0.290757
91,0,imagen.jpeg,36,depthwise_conv,1x192x28x28,1.841989
91,0,imagen.jpeg,37,batchnorm,1x192x28x28,0.233064
91,0,imagen.jpeg,38,activacion,1x192x28x28,0.49353
91,0,imagen.jpeg,39,pointwise_conv,1x192x28x28,2.265985
91,0,imagen.jpeg,40,batchnorm,1x32x28x28,0.038247
91,0,imagen.jpeg,41,layer_add,1x32x28x28,0.012037
91,0,imagen.jpeg,42,pointwise_conv,1x32x28x28,2.307498
91,0,imagen.jpeg,43,batchnorm,1x192x28x28,0.231362
91,0,imagen.jpeg,44,activacion,1x192x28x28,0.368386
91,0,imagen.jpeg,45,depthwise_conv,1x192x28x28,1.821632
91,0,imagen.jpeg,46,batchnorm,1x192x28x28,0.229451
91,0,imagen.jpeg,47,activacion,1x192x28x28,0.474852
91,0,imagen.jpeg,48,pointwise_conv,1x192x28x28,2.265493
91,0,imagen.jpeg,49,batchnorm,1x32x28x28,0.038317
91,0,imagen.jpeg,50,layer_add,1x32x28x28,0.011577
91,0,imagen.jpeg,51,pointwise_conv,1x32x28x28,2.298491
91,0,imagen.jpeg,52,batchnorm,1x192x28x28,0.233146
91,0,imagen.jpeg,53,activacion,1x192x28x28,0.427467
91,0,imagen.jpeg,54,depthwise_conv,1x192x28x28,0.481424
91,0,imagen.jpeg,55,batchnorm,1x192x14x14,0.057698
91,0,imagen.jpeg,56,activacion,1x192x14x14,0.077785
91,0,imagen.jpeg,57,pointwise_conv,1x192x14x14,1.196752
91,0,imagen.jpeg,58,batchnorm,1x64x14x14,0.019438
91,0,imagen.jpeg,59,pointwise_conv,1x64x14x14,2.412476
91,0,imagen.jpeg,60,batchnorm,1x384x14x14,0.115692
91,0,imagen.jpeg,61,activacion,1x384x14x14,0.154181
91,0,imagen.jpeg,62,depthwise_conv,1x384x14x14,0.931203
91,0,imagen.jpeg,63,batchnorm,1x384x14x14,0.115301
91,0,imagen.jpeg,64,activacion,1x384x14x14,0.246312
91,0,imagen.jpeg,65,pointwise_conv,1x384x14x14,2.391108
91,0,imagen.jpeg,66,batchnorm,1x64x14x14,0.019359
91,0,imagen.jpeg,67,layer_add,1x64x14x14,0.005616
91,0,imagen.jpeg,68,pointwise_conv,1x64x14x14,2.40851
91,0,imagen.jpeg,69,batchnorm,1x384x14x14,0.118523
91,0,imagen.jpeg,70,activacion,1x384x14x14,0.206914
91,0,imagen.jpeg,71,depthwise_conv,1x384x14x14,0.931341
91,0,imagen.jpeg,72,batchnorm,1x384x14x14,0.245735
91,0,imagen.jpeg,73,activacion,1x384x14x14,0.222927
91,0,imagen.jpeg,74,pointwise_conv,1x384x14x14,2.397164
91,0,imagen.jpeg,75,batchnorm,1x64x14x14,0.019423
91,0,imagen.jpeg,76,layer_add,1x64x14x14,0.005504
91,0,imagen.jpeg,77,pointwise_conv,1x64x14x14,2.406761
91,0,imagen.jpeg,78,batchnorm,1x384x14x14,0.115349
91,0,imagen.jpeg,79,activacion,1x384x14x14,0.23378
91,0,imagen.jpeg,80,depthwise_conv,1x384x14x14,0.930427
91,0,imagen.jpeg,81,batchnorm,1x384x14x14,0.441825
91,0,imagen.jpeg,82,activacion,1x384x14x14,0.199556
91,0,imagen.jpeg,83,pointwise_conv,1x384x14x14,2.393566
91,0,imagen.jpeg,84,batchnorm,1x64x14x14,0.019428
91,0,imagen.jpeg,85,layer_add,1x64x14x14,0.005517
91,0,imagen.jpeg,86,pointwise_conv,1x64x14x14,2.407638
91,0,imagen.jpeg,87,batchnorm,1x384x14x14,0.117053
91,0,imagen.jpeg,88,activacion,1x384x14x14,0.232171
91,0,imagen.jpeg,89,depthwise_conv,1x384x14x14,0.931573
91,0,imagen.jpeg,90,batchnorm,1x384x14x14,0.115393
91,0,imagen.jpeg,91,activacion,1x384x14x14,0.212408
91,0,imagen.jpeg,92,pointwise_conv,1x384x14x14,3.600846
91,0,imagen.jpeg,93,batchnorm,1x96x14x14,0.029046
91,0,imagen.jpeg,94,pointwise_conv,1x96x14x14,5.401335
91,0,imagen.jpeg,95,batchnorm,1x576x14x14,0.172987
91,0,imagen.jpeg,96,activacion,1x576x14x14,0.330568
91,0,imagen.jpeg,97,depthwise_conv,1x576x14x14,1.38758
91,0,imagen.jpeg,98,batchnorm,1x576x14x14,0.507719
91,0,imagen.jpeg,99,activacion,1x576x14x14,0.288856
91,0,imagen.jpeg,100,pointwise_conv,1x576x14x14,5.374012
91,0,imagen.jpeg,101,batchnorm,1x96x14x14,0.02891
91,0,imagen.jpeg,102,layer_add,1x96x14x14,0.008216
91,0,imagen.jpeg,103,pointwise_conv,1x96x14x14,5.40809
91,0,imagen.jpeg,104,batchnorm,1x576x14x14,0.172983
91,0,imagen.jpeg,105,activacion,1x576x14x14,0.332149
91,0,imagen.jpeg,106,depthwise_conv,1x576x14x14,1.396008
91,0,imagen.jpeg,107,batchnorm,1x576x14x14,0.433904
91,0,imagen.jpeg,108,activacion,1x576x14x14,0.265273
91,0,imagen.jpeg,109,pointwise_conv,1x576x14x14,5.37426
91,0,imagen.jpeg,110,batchnorm,1x96x14x14,0.028926
91,0,imagen.jpeg,111,layer_add,1x96x14x14,0.008212
91,0,imagen.jpeg,112,pointwise_conv,1x96x14x14,5.407186
91,0,imagen.jpeg,113,batchnorm,1x576x14x14,0.1729
91,0,imagen.jpeg,114,activacion,1x576x14x14,0.282672
91,0,imagen.jpeg,115,depthwise_conv,1x576x14x14,0.368532
91,0,imagen.jpeg,116,batchnorm,1x576x7x7,0.061173
91,0,imagen.jpeg,117,activacion,1x576x7x7,0.049768
91,0,imagen.jpeg,118,pointwise_conv,1x576x7x7,2.143544
91,0,imagen.jpeg,119,batchnorm,1x160x7x7,0.012682
91,0,imagen.jpeg,120,pointwise_conv,1x160x7x7,3.615628
91,0,imagen.jpeg,121,batchnorm,1x960x7x7,0.077053
91,0,imagen.jpeg,122,activacion,1x960x7x7,0.135771
91,0,imagen.jpeg,123,depthwise_conv,1x960x7x7,0.571996
91,0,imagen.jpeg,124,batchnorm,1x960x7x7,0.078593
91,0,imagen.jpeg,125,activacion,1x960x7x7,0.129046
91,0,imagen.jpeg,126,pointwise_conv,1x960x7x7,3.58838
91,0,imagen.jpeg,127,batchnorm,1x160x7x7,0.012626
91,0,imagen.jpeg,128,layer_add,1x160x7x7,0.003489
91,0,imagen.jpeg,129,pointwise_conv,1x160x7x7,3.588924
91,0,imagen.jpeg,130,batchnorm,1x960x7x7,0.074399
91,0,imagen.jpeg,131,activacion,1x960x7x7,0.126432
91,0,imagen.jpeg,132,depthwise_conv,1x960x7x7,0.589129
91,0,imagen.jpeg,133,batchnorm,1x960x7x7,0.123641
91,0,imagen.jpeg,134,activacion,1x960x7x7,0.110365
91,0,imagen.jpeg,135,pointwise_conv,1x960x7x7,3.612438
91,0,imagen.jpeg,136,batchnorm,1x160x7x7,0.01254
91,0,imagen.jpeg,137,layer_add,1x160x7x7,0.004194
91,0,imagen.jpeg,138,pointwise_conv,1x160x7x7,3.58683
91,0,imagen.jpeg,139,batchnorm,1x960x7x7,0.0744
91,0,imagen.jpeg,140,activacion,1x960x7x7,0.10406
91,0,imagen.jpeg,141,depthwise_conv,1x960x7x7,0.560653
91,0,imagen.jpeg,142,batchnorm,1x960x7x7,0.090772
91,0,imagen.jpeg,143,activacion,1x960x7x7,0.056771
91,0,imagen.jpeg,144,pointwise_conv,1x960x7x7,7.147034
91,0,imagen.jpeg,145,batchnorm,1x320x7x7,0.024982
91,0,imagen.jpeg,146,pointwise_conv,1x320x7x7,9.553555
91,0,imagen.jpeg,147,batchnorm,1x1280x7x7,0.106759
91,0,imagen.jpeg,148,activacion,1x1280x7x7,0.158546
91,0,imagen.jpeg,149,pooling,1x1280x7x7,0.033687
91,0,imagen.jpeg,150,linear,1x1280,1.10061
92,0,imagen.jpeg,0,conv2d,1x3x224x224,17.138912
92,0,imagen.jpeg,1,batchnorm,1x32x112x112,0.621643
92,0,imagen.jpeg,2,activacion,1x32x112x112,0.401392
92,0,imagen.jpeg,3,depthwise_conv,1x32x112x112,4.807198
92,0,imagen.jpeg,4,batchnorm,1x32x112x112,8.983051
92,0,imagen.jpeg,5,activacion,1x32x112x112,0.491382
92,0,imagen.jpeg,6,pointwise_conv,1x32x112x112,3.05773
92,0,imagen.jpeg,7,batchnorm,1x16x112x112,0.305004
92,0,imagen.jpeg,8,pointwise_conv,1x16x112x112,9.331112
92,0,imagen.jpeg,9,batchnorm,1x96x112x112,1.863022
92,0,imagen.jpeg,10,activacion,1x96x112x112,2.776052
92,0,imagen.jpeg,11,depthwise_conv,1x96x112x112,3.655542
92,0,imagen.jpeg,12,batchnorm,1x96x56x56,0.463948
92,0,imagen.jpeg,13,activacion,1x96x56x56,0.889751
92,0,imagen.jpeg,14,pointwise_conv,1x96x56x56,3.373603
92,0,imagen.jpeg,15,batchnorm,1x24x56x56,0.11437
92,0,imagen.jpeg,16,pointwise_conv,1x24x56x56,5.140263
92,0,imagen.jpeg,17,batchnorm,1x144x56x56,0.687168
92,0,imagen.jpeg,18,activacion,1x144x56x56,1.033769
92,0,imagen.jpeg,19,depthwise_conv,1x144x56x56,5.328641
92,0,imagen.jpeg,20,batchnorm,1x144x56x56,0.684764
92,0,imagen.jpeg,21,activacion,1x144x56x56,1.453202
92,0,imagen.jpeg,22,pointwise_conv,1x144x56x56,5.095544
92,0,imagen.jpeg,23,batchnorm,1x24x56x56,0.11448
92,0,imagen.jpeg,24,layer_add,1x24x56x56,0.035398
92,0,imagen.jpeg,25,pointwise_conv,1x24x56x56,5.122919
92,0,imagen.jpeg,26,batchnorm,1x144x56x56,0.727421
92,0,imagen.jpeg,27,activacion,1x144x56x56,1.412962
92,0,imagen.jpeg,28,depthwise_conv,1x144x56x56,1.396005
92,0,imagen.jpeg,29,batchnorm,1x144x28x28,0.172043
92,0,imagen.jpeg,30,activacion,1x144x28x28,0.305293
92,0,imagen.jpeg,31,pointwise_conv,1x144x28x28,1.699931
92,0,imagen.jpeg,32,batchnorm,1x32x28x28,0.038336
92,0,imagen.jpeg,33,pointwise_conv,1x32x28x28,2.302933
92,0,imagen.jpeg,34,batchnorm,1x192x28x28,0.234425
92,0,imagen.jpeg,35,activacion,1x192x28x28,0.291469
92,0,imagen.jpeg,36,depthwise_conv,1x192x28x28,1.819185
92,0,imagen.jpeg,37,batchnorm,1x192x28x28,0.234745
92,0,imagen.jpeg,38,activacion,1x192x28x28,0.481804
92,0,imagen.jpeg,39,pointwise_conv,1x192x28x28,2.265823
92,0,imagen.jpeg,40,batchnorm,1x32x28x28,0.038238
92,0,imagen.jpeg,41,layer_add,1x32x28x28,0.011513
92,0,imagen.jpeg,42,pointwise_conv,1x32x28x28,2.299965
92,0,imagen.jpeg,43,batchnorm,1x192x28x28,0.229061
92,0,imagen.jpeg,44,activacion,1x192x28x28,0.361912
92,0,imagen.jpeg,45,depthwise_conv,1x192x28x28,1.843743
92,0,imagen.jpeg,46,batchnorm,1x192x28x28,0.234907
92,0,imagen.jpeg,47,activacion,1x192x28x28,0.464764
92,0,imagen.jpeg,48,pointwise_conv,1x192x28x28,2.26543
92,0,imagen.jpeg,49,batchnorm,1x32x28x28,0.038253
92,0,imagen.jpeg,50,layer_add,1x32x28x28,0.011048
92,0,imagen.jpeg,51,pointwise_conv,1x32x28x28,2.301679
92,0,imagen.jpeg,52,batchnorm,1x192x28x28,0.229095
92,0,imagen.jpeg,53,activacion,1x192x28x28,0.433021
92,0,imagen.jpeg,54,depthwise_conv,1x192x28x28,0.479973
92,0,imagen.jpeg,55,batchnorm,1x192x14x14,0.057725
92,0,imagen.jpeg,56,activacion,1x192x14x14,0.077547
92,0,imagen.jpeg,57,pointwise_conv,1x192x14x14,1.200355
92,0,imagen.jpeg,58,batchnorm,1x64x14x14,0.019419
92,0,imagen.jpeg,59,pointwise_conv,1x64x14x14,2.410377
92,0,imagen.jpeg,60,batchnorm,1x384x14x14,0.115472
92,0,imagen.jpeg,61,activacion,1x384x14x14,0.15377
92,0,imagen.jpeg,62,depthwise_conv,1x384x14x14,0.932379
92,0,imagen.jpeg,63,batchnorm,1x384x14x14,0.11517
92,0,imagen.jpeg,64,activacion,1x384x14x14,0.253004
92,0,imagen.jpeg,65,pointwise_conv,1x384x14x14,2.391198
92,0,imagen.jpeg,66,batchnorm,1x64x14x14,0.019374
92,0,imagen.jpeg,67,layer_add,1x64x14x14,0.005555
92,0,imagen.jpeg,68,pointwise_conv,1x64x14x14,2.414078
92,0,imagen.jpeg,69,batchnorm,1x384x14x14,0.115301
92,0,imagen.jpeg,70,activacion,1x384x14x14,0.206037
92,0,imagen.jpeg,71,depthwise_conv,1x384x14x14,0.923921
92,0,imagen.jpeg,72,batchnorm,1x384x14x14,0.245916
92,0,imagen.jpeg,73,activacion,1x384x14x14,0.230196
92,0,imagen.jpeg,74,pointwise_conv,1x384x14x14,2.396196
92,0,imagen.jpeg,75,batchnorm,1x64x14x14,0.019367
92,0,imagen.jpeg,76,layer_add,1x64x14x14,0.005523
92,0,imagen.jpeg,77,pointwise_conv,1x64x14x14,2.41149
92,0,imagen.jpeg,78,batchnorm,1x384x14x14,0.115237
92,0,imagen.jpeg,79,activacion,1x384x14x14,0.23081
92,0,imagen.jpeg,80,depthwise_conv,1x384x14x14,0.927547
92,0,imagen.jpeg,81,batchnorm,1x384x14x14,0.449486
92,0,imagen.jpeg,82,activacion,1x384x14x14,0.215415
92,0,imagen.jpeg,83,pointwise_conv,1x384x14x14,2.401467
92,0,imagen.jpeg,84,batchnorm,1x64x14x14,0.019507
92,0,imagen.jpeg,85,layer_add,1x64x14x14,0.005523
92,0,imagen.jpeg,86,pointwise_conv,1x64x14x14,2.417016
92,0,imagen.jpeg,87,batchnorm,1x384x14x14,0.11539
92,0,imagen.jpeg,88,activacion,1x384x14x14,0.227873
92,0,imagen.jpeg,89,depthwise_conv,1x384x14x14,0.933658
92,0,imagen.jpeg,90,batchnorm,1x384x14x14,0.119296
92,0,imagen.jpeg,91,activacion,1x384x14x14,0.211978
92,0,imagen.jpeg,92,pointwise_conv,1x384x14x14,3.593415
92,0,imagen.jpeg,93,batchnorm,1x96x14x14,0.0291
92,0,imagen.jpeg,94,pointwise_conv,1x96x14x14,5.400971
92,0,imagen.jpeg,95,batchnorm,1x576x14x14,0.177058
92,0,imagen.jpeg,96,activacion,1x576x14x14,0.327496
92,0,imagen.jpeg,97,depthwise_conv,1x576x14x14,1.393063
92,0,imagen.jpeg,98,batchnorm,1x576x14x14,0.499199
92,0,imagen.jpeg,99,activacion,1x576x14x14,0.288075
92,0,imagen.jpeg,100,pointwise_conv,1x576x14x14,5.37729
92,0,imagen.jpeg,101,batchnorm,1x96x14x14,0.028928
92,0,imagen.jpeg,102,layer_add,1x96x14x14,0.008224
92,0,imagen.jpeg,103,pointwise_conv,1x96x14x14,5.411122
92,0,imagen.jpeg,104,batchnorm,1x576x14x14,0.178258
92,0,imagen.jpeg,105,activacion,1x576x14x14,0.330476
92,0,imagen.jpeg,106,depthwise_conv,1x576x14x14,1.397232
92,0,imagen.jpeg,107,batchnorm,1x576x14x14,0.45191
92,0,imagen.jpeg,108,activacion,1x576x14x14,0.257146
92,0,imagen.jpeg,109,pointwise_conv,1x576x14x14,5.374161
92,0,imagen.jpeg,110,batchnorm,1x96x14x14,0.029072
92,0,imagen.jpeg,111,layer_add,1x96x14x14,0.008239
92,0,imagen.jpeg,112,pointwise_conv,1x96x14x14,5.422332
92,0,imagen.jpeg,113,batchnorm,1x576x14x14,0.172876
92,0,imagen.jpeg,114,activacion,1x576x14x14,0.287817
92,0,imagen.jpeg,115,depthwise_conv,1x576x14x14,0.363527
92,0,imagen.jpeg,116,batchnorm,1x576x7x7,0.061175
92,0,imagen.jpeg,117,activacion,1x576x7x7,0.049756
92,0,imagen.jpeg,118,pointwise_conv,1x576x7x7,2.167737
92,0,imagen.jpeg,119,batchnorm,1x160x7x7,0.016142
92,0,imagen.jpeg,120,pointwise_conv,1x160x7x7,3.587974
92,0,imagen.jpeg,121,batchnorm,1x960x7x7,0.074388
92,0,imagen.jpeg,122,activacion,1x960x7x7,0.133683
92,0,imagen.jpeg,123,depthwise_conv,1x960x7x7,0.59061
92,0,imagen.jpeg,124,batchnorm,1x960x7x7,0.074567
92,0,imagen.jpeg,125,activacion,1x960x7x7,0.127194
92,0,imagen.jpeg,126,pointwise_conv,1x960x7x7,3.571152
92,0,imagen.jpeg,127,batchnorm,1x160x7x7,0.012595
92,0,imagen.jpeg,128,layer_add,1x160x7x7,0.003494
92,0,imagen.jpeg,129,pointwise_conv,1x160x7x7,3.596972
92,0,imagen.jpeg,130,batchnorm,1x960x7x7,0.074416
92,0,imagen.jpeg,131,activacion,1x960x7x7,0.126714
92,0,imagen.jpeg,132,depthwise_conv,1x960x7x7,0.586016
92,0,imagen.jpeg,133,batchnorm,1x960x7x7,0.128052
92,0,imagen.jpeg,134,activacion,1x960x7x7,0.110079
92,0,imagen.jpeg,135,pointwise_conv,1x960x7x7,3.567962
92,0,imagen.jpeg,136,batchnorm,1x160x7x7,0.012489
92,0,imagen.jpeg,137,layer_add,1x160x7x7,0.004011
92,0,imagen.jpeg,138,pointwise_conv,1x160x7x7,3.589155
92,0,imagen.jpeg,139,batchnorm,1x960x7x7,0.074426
92,0,imagen.jpeg,140,activacion,1x960x7x7,0.108344
92,0,imagen.jpeg,141,depthwise_conv,1x960x7x7,0.612792
92,0,imagen.jpeg,142,batchnorm,1x960x7x7,0.090834
92,0,imagen.jpeg,143,activacion,1x960x7x7,0.058585
92,0,imagen.jpeg,144,pointwise_conv,1x960x7x7,7.273241
92,0,imagen.jpeg,145,batchnorm,1x320x7x7,0.025117
92,0,imagen.jpeg,146,pointwise_conv,1x320x7x7,9.606244
92,0,imagen.jpeg,147,batchnorm,1x1280x7x7,0.104077
92,0,imagen.jpeg,148,activacion,1x1280x7x7,0.160612
92,0,imagen.jpeg,149,pooling,1x1280x7x7,0.038563
92,0,imagen.jpeg,150,linear,1x1280,1.18988
93,0,imagen.jpeg,0,conv2d,1x3x224x224,17.167458
93,0,imagen.jpeg,1,batchnorm,1x32x112x112,0.625952
93,0,imagen.jpeg,2,activacion,1x32x112x112,0.395952
93,0,imagen.jpeg,3,depthwise_conv,1x32x112x112,4.816094
93,0,imagen.jpeg,4,batchnorm,1x32x112x112,9.009513
93,0,imagen.jpeg,5,activacion,1x32x112x112,0.521884
93,0,imagen.jpeg,6,pointwise_conv,1x32x112x112,3.069548
93,0,imagen.jpeg,7,batchnorm,1x16x112x112,0.314648
93,0,imagen.jpeg,8,pointwise_conv,1x16x112x112,9.278267
93,0,imagen.jpeg,9,batchnorm,1x96x112x112,1.846198
93,0,imagen.jpeg,10,activacion,1x96x112x112,2.816499
93,0,imagen.jpeg,11,depthwise_conv,1x96x112x112,3.66216
93,0,imagen.jpeg,12,batchnorm,1x96x56x56,0.461466
93,0,imagen.jpeg,13,activacion,1x96x56x56,0.882215
93,0,imagen.jpeg,14,pointwise_conv,1x96x56x56,3.372546
93,0,imagen.jpeg,15,batchnorm,1x24x56x56,0.114278
93,0,imagen.jpeg,16,pointwise_conv,1x24x56x56,5.12942
93,0,imagen.jpeg,17,batchnorm,1x144x56x56,0.696363
93,0,imagen.jpeg,18,activacion,1x144x56x56,1.013555
93,0,imagen.jpeg,19,depthwise_conv,1x144x56x56,5.452875
93,0,imagen.jpeg,20,batchnorm,1x144x56x56,0.684776
93,0,imagen.jpeg,21,activacion,1x144x56x56,1.508778
93,0,imagen.jpeg,22,pointwise_conv,1x144x56x56,5.077589
93,0,imagen.jpeg,23,batchnorm,1x24x56x56,0.114133
93,0,imagen.jpeg,24,layer_add,1x24x56x56,0.037353
93,0,imagen.jpeg,25,pointwise_conv,1x24x56x56,5.150303
93,0,imagen.jpeg,26,batchnorm,1x144x56x56,0.694002
93,0,imagen.jpeg,27,activacion,1x144x56x56,1.34714
93,0,imagen.jpeg,28,depthwise_conv,1x144x56x56,1.407216
93,0,imagen.jpeg,29,batchnorm,1x144x28x28,0.171952
93,0,imagen.jpeg,30,activacion,1x144x28x28,0.306986
93,0,imagen.jpeg,31,pointwise_conv,1x144x28x28,1.699038
93,0,imagen.jpeg,32,batchnorm,1x32x28x28,0.038382
93,0,imagen.jpeg,33,pointwise_conv,1x32x28x28,2.296673
93,0,imagen.jpeg,34,batchnorm,1x192x28x28,0.229223
93,0,imagen.jpeg,35,activacion,1x192x28x28,0.289413
93,0,imagen.jpeg,36,depthwise_conv,1x192x28x28,1.817407
93,0,imagen.jpeg,37,batchnorm,1x192x28x28,0.232377
93,0,imagen.jpeg,38,activacion,1x192x28x28,0.489004
93,0,imagen.jpeg,39,pointwise_conv,1x192x28x28,2.264122
93,0,imagen.jpeg,40,batchnorm,1x32x28x28,0.041619
93,0,imagen.jpeg,41,layer_add,1x32x28x28,0.011041
93,0,imagen.jpeg,42,pointwise_conv,1x32x28x28,2.303897
93,0,imagen.jpeg,43,batchnorm,1x192x28x28,0.228978
93,0,imagen.jpeg,44,activacion,1x192x28x28,0.362759
93,0,imagen.jpeg,45,depthwise_conv,1x192x28x28,1.834475
93,0,imagen.jpeg,46,batchnorm,1x192x28x28,0.233109
93,0,imagen.jpeg,47,activacion,1x192x28x28,0.47161
93,0,imagen.jpeg,48,pointwise_conv,1x192x28x28,2.276524
93,0,imagen.jpeg,49,batchnorm,1x32x28x28,0.038512
93,0,imagen.jpeg,50,layer_add,1x32x28x28,0.011799
93,0,imagen.jpeg,51,pointwise_conv,1x32x28x28,2.302834
93,0,imagen.jpeg,52,batchnorm,1x192x28x28,0.23354
93,0,imagen.jpeg,53,activacion,1x192x28x28,0.427777
93,0,imagen.jpeg,54,depthwise_conv,1x192x28x28,0.4787
93,0,imagen.jpeg,55,batchnorm,1x192x14x14,0.057672
93,0,imagen.jpeg,56,activacion,1x192x14x14,0.078287
93,0,imagen.jpeg,57,pointwise_conv,1x192x14x14,1.197895
93,0,imagen.jpeg,58,batchnorm,1x64x14x14,0.019547
93,0,imagen.jpeg,59,pointwise_conv,1x64x14x14,2.421153
93,0,imagen.jpeg,60,batchnorm,1x384x14x14,0.117864
93,0,imagen.jpeg,61,activacion,1x384x14x14,0.153726
93,0,imagen.jpeg,62,depthwise_conv,1x384x14x14,0.937794
93,0,imagen.jpeg,63,batchnorm,1x384x14x14,0.115462
93,0,imagen.jpeg,64,activacion,1x384x14x14,0.247288
93,0,imagen.jpeg,65,pointwise_conv,1x384x14x14,2.388989
93,0,imagen.jpeg,66,batchnorm,1x64x14x14,0.019419
93,0,imagen.jpeg,67,layer_add,1x64x14x14,0.005557
93,0,imagen.jpeg,68,pointwise_conv,1x64x14x14,2.414909
93,0,imagen.jpeg,69,batchnorm,1x384x14x14,0.120398
93,0,imagen.jpeg,70,activacion,1x384x14x14,0.210061
93,0,imagen.jpeg,71,depthwise_conv,1x384x14x14,0.937377
93,0,imagen.jpeg,72,batchnorm,1x384x14x14,0.245841
93,0,imagen.jpeg,73,activacion,1x384x14x14,0.228472
93,0,imagen.jpeg,74,pointwise_conv,1x384x14x14,2.386979
93,0,imagen.jpeg,75,batchnorm,1x64x14x14,0.019328
93,0,imagen.jpeg,76,layer_add,1x64x14x14,0.005515
93,0,imagen.jpeg,77,pointwise_conv,1x64x14x14,2.406826
93,0,imagen.jpeg,78,batchnorm,1x384x14x14,0.119834
93,0,imagen.jpeg,79,activacion,1x384x14x14,0.229805
93,0,imagen.jpeg,80,depthwise_conv,1x384x14x14,0.931529
93,0,imagen.jpeg,81,batchnorm,1x384x14x14,0.441934
93,0,imagen.jpeg,82,activacion,1x384x14x14,0.204381
93,0,imagen.jpeg,83,pointwise_conv,1x384x14x14,2.388861
93,0,imagen.jpeg,84,batchnorm,1x64x14x14,0.019415
93,0,imagen.jpeg,85,layer_add,1x64x14x14,0.00555
93,0,imagen.jpeg,86,pointwise_conv,1x64x14x14,2.40834
93,0,imagen.jpeg,87,batchnorm,1x384x14x14,0.11911
93,0,imagen.jpeg,88,activacion,1x384x14x14,0.227916
93,0,imagen.jpeg,89,depthwise_conv,1x384x14x14,0.930363
93,0,imagen.jpeg,90,batchnorm,1x384x14x14,0.115465
93,0,imagen.jpeg,91,activacion,1x384x14x14,0.209019
93,0,imagen.jpeg,92,pointwise_conv,1x384x14x14,3.585877
93,0,imagen.jpeg,93,batchnorm,1x96x14x14,0.028945
93,0,imagen.jpeg,94,pointwise_conv,1x96x14x14,5.396042
93,0,imagen.jpeg,95,batchnorm,1x576x14x14,0.175872
93,0,imagen.jpeg,96,activacion,1x576x14x14,0.327113
93,0,imagen.jpeg,97,depthwise_conv,1x576x14x14,1.392436
93,0,imagen.jpeg,98,batchnorm,1x576x14x14,0.503439
93,0,imagen.jpeg,99,activacion,1x576x14x14,0.292583
93,0,imagen.jpeg,100,pointwise_conv,1x576x14x14,5.37613
93,0,imagen.jpeg,101,batchnorm,1x96x14x14,0.028902
93,0,imagen.jpeg,102,layer_add,1x96x14x14,0.008284
93,0,imagen.jpeg,103,pointwise_conv,1x96x14x14,5.404887
93,0,imagen.jpeg,104,batchnorm,1x576x14x14,0.172898
93,0,imagen.jpeg,105,activacion,1x576x14x14,0.33065
93,0,imagen.jpeg,106,depthwise_conv,1x576x14x14,1.405113
93,0,imagen.jpeg,107,batchnorm,1x576x14x14,0.439876
93,0,imagen.jpeg,108,activacion,1x576x14x14,0.257698
93,0,imagen.jpeg,109,pointwise_conv,1x576x14x14,5.375425
93,0,imagen.jpeg,110,batchnorm,1x96x14x14,0.02892
93,0,imagen.jpeg,111,layer_add,1x96x14x14,0.008299
93,0,imagen.jpeg,112,pointwise_conv,1x96x14x14,5.407162
93,0,imagen.jpeg,113,batchnorm,1x576x14x14,0.172898
93,0,imagen.jpeg,114,activacion,1x576x14x14,0.282524
93,0,imagen.jpeg,115,depthwise_conv,1x576x14x14,0.35849
93,0,imagen.jpeg,116,batchnorm,1x576x7x7,0.061253
93,0,imagen.jpeg,117,activacion,1x576x7x7,0.049536
93,0,imagen.jpeg,118,pointwise_conv,1x576x7x7,2.143913
93,0,imagen.jpeg,119,batchnorm,1x160x7x7,0.012675
93,0,imagen.jpeg,120,pointwise_conv,1x160x7x7,3.583065
93,0,imagen.jpeg,121,batchnorm,1x960x7x7,0.074381
93,0,imagen.jpeg,122,activacion,1x960x7x7,0.133457
93,0,imagen.jpeg,123,depthwise_conv,1x960x7x7,0.57225
93,0,imagen.jpeg,124,batchnorm,1x960x7x7,0.074568
93,0,imagen.jpeg,125,activacion,1x960x7x7,0.126472
93,0,imagen.jpeg,126,pointwise_conv,1x960x7x7,3.569562
93,0,imagen.jpeg,127,batchnorm,1x160x7x7,0.012557
93,0,imagen.jpeg,128,layer_add,1x160x7x7,0.003526
93,0,imagen.jpeg,129,pointwise_conv,1x160x7x7,3.589746
93,0,imagen.jpeg,130,batchnorm,1x960x7x7,0.074362
93,0,imagen.jpeg,131,activacion,1x960x7x7,0.126288
93,0,imagen.jpeg,132,depthwise_conv,1x960x7x7,0.561224
93,0,imagen.jpeg,133,batchnorm,1x960x7x7,0.123752
93,0,imagen.jpeg,134,activacion,1x960x7x7,0.109639
93,0,imagen.jpeg,135,pointwise_conv,1x960x7x7,3.580292
93,0,imagen.jpeg,136,batchnorm,1x160x7x7,0.014492
93,0,imagen.jpeg,137,layer_add,1x160x7x7,0.004406
93,0,imagen.jpeg,138,pointwise_conv,1x160x7x7,3.603651
93,0,imagen.jpeg,139,batchnorm,1x960x7x7,0.075818
93,0,imagen.jpeg,140,activacion,1x960x7x7,0.107618
93,0,imagen.jpeg,141,depthwise_conv,1x960x7x7,0.569676
93,0,imagen.jpeg,142,batchnorm,1x960x7x7,0.090879
93,0,imagen.jpeg,143,activacion,1x960x7x7,0.057639
93,0,imagen.jpeg,144,pointwise_conv,1x960x7x7,7.165433
93,0,imagen.jpeg,145,batchnorm,1x320x7x7,0.025014
93,0,imagen.jpeg,146,pointwise_conv,1x320x7x7,9.567347
93,0,imagen.jpeg,147,batchnorm,1x1280x7x7,0.09917
93,0,imagen.jpeg,148,activacion,1x1280x7x7,0.158766
93,0,imagen.jpeg,149,pooling,1x1280x7x7,0.033688
93,0,imagen.jpeg,150,linear,1x1280,1.099253
94,0,imagen.jpeg,0,conv2d,1x3x224x224,17.008417
94,0,imagen.jpeg,1,batchnorm,1x32x112x112,0.623399
94,0,imagen.jpeg,2,activacion,1x32x112x112,0.401762
94,0,imagen.jpeg,3,depthwise_conv,1x32x112x112,4.701152
94,0,imagen.jpeg,4,batchnorm,1x32x112x112,8.995303
94,0,imagen.jpeg,5,activacion,1x32x112x112,0.498251
94,0,imagen.jpeg,6,pointwise_conv,1x32x112x112,3.02313
94,0,imagen.jpeg,7,batchnorm,1x16x112x112,0.304669
94,0,imagen.jpeg,8,pointwise_conv,1x16x112x112,9.252099
94,0,imagen.jpeg,9,batchnorm,1x96x112x112,1.842668
94,0,imagen.jpeg,10,activacion,1x96x112x112,2.781271
94,0,imagen.jpeg,11,depthwise_conv,1x96x112x112,3.654355
94,0,imagen.jpeg,12,batchnorm,1x96x56x56,0.467661
94,0,imagen.jpeg,13,activacion,1x96x56x56,0.873254
94,0,imagen.jpeg,14,pointwise_conv,1x96x56x56,3.366294
94,0,imagen.jpeg,15,batchnorm,1x24x56x56,0.11412
94,0,imagen.jpeg,16,pointwise_conv,1x24x56x56,5.119993
94,0,imagen.jpeg,17,batchnorm,1x144x56x56,0.694727
94,0,imagen.jpeg,18,activacion,1x144x56x56,1.011935
94,0,imagen.jpeg,19,depthwise_conv,1x144x56x56,5.429994
94,0,imagen.jpeg,20,batchnorm,1x144x56x56,0.682791
94,0,imagen.jpeg,21,activacion,1x144x56x56,1.449567
94,0,imagen.jpeg,22,pointwise_conv,1x144x56x56,5.075655
94,0,imagen.jpeg,23,batchnorm,1x24x56x56,0.11432
94,0,imagen.jpeg,24,layer_add,1x24x56x56,0.034339
94,0,imagen.jpeg,25,pointwise_conv,1x24x56x56,5.110809
94,0,imagen.jpeg,26,batchnorm,1x144x56x56,0.69786
94,0,imagen.jpeg,27,activacion,1x144x56x56,1.342645
94,0,imagen.jpeg,28,depthwise_conv,1x144x56x56,1.369916
94,0,imagen.jpeg,29,batchnorm,1x144x28x28,0.171928
94,0,imagen.jpeg,30,activacion,1x144x28x28,0.298937
94,0,imagen.jpeg,31,pointwise_conv,1x144x28x28,1.703068
94,0,imagen.jpeg,32,batchnorm,1x32x28x28,0.038394
94,0,imagen.jpeg,33,pointwise_conv,1x32x28x28,2.293574
94,0,imagen.jpeg,34,batchnorm,1x192x28x28,0.236784
94,0,imagen.jpeg,35,activacion,1x192x28x28,0.289488
94,0,imagen.jpeg,36,depthwise_conv,1x192x28x28,1.841281
94,0,imagen.jpeg,37,batchnorm,1x192x28x28,0.229074
94,0,imagen.jpeg,38,activacion,1x192x28x28,0.483538
94,0,imagen.jpeg,39,pointwise_conv,1x192x28x28,2.263749
94,0,imagen.jpeg,40,batchnorm,1x32x28x28,0.038249
94,0,imagen.jpeg,41,layer_add,1x32x28x28,0.011331
94,0,imagen.jpeg,42,pointwise_conv,1x32x28x28,2.294666
94,0,imagen.jpeg,43,batchnorm,1x192x28x28,0.236295
94,0,imagen.jpeg,44,activacion,1x192x28x28,0.361599
94,0,imagen.jpeg,45,depthwise_conv,1x192x28x28,1.832655
94,0,imagen.jpeg,46,batchnorm,1x192x28x28,0.229318
94,0,imagen.jpeg,47,activacion,1x192x28x28,0.468713
94,0,imagen.jpeg,48,pointwise_conv,1x192x28x28,2.263895
94,0,imagen.jpeg,49,batchnorm,1x32x28x28,0.038283
94,0,imagen.jpeg,50,layer_add,1x32x28x28,0.011272
94,0,imagen.jpeg,51,pointwise_conv,1x32x28x28,2.295106
94,0,imagen.jpeg,52,batchnorm,1x192x28x28,0.235281
94,0,imagen.jpeg,53,activacion,1x192x28x28,0.439131
94,0,imagen.jpeg,54,depthwise_conv,1x192x28x28,0.477038
94,0,imagen.jpeg,55,batchnorm,1x192x14x14,0.057872
94,0,imagen.jpeg,56,activacion,1x192x14x14,0.079871
94,0,imagen.jpeg,57,pointwise_conv,1x192x14x14,1.203493
94,0,imagen.jpeg,58,batchnorm,1x64x14x14,0.019426
94,0,imagen.jpeg,59,pointwise_conv,1x64x14x14,2.411284
94,0,imagen.jpeg,60,batchnorm,1x384x14x14,0.115523
94,0,imagen.jpeg,61,activacion,1x384x14x14,0.154024
94,0,imagen.jpeg,62,depthwise_conv,1x384x14x14,0.933066
94,0,imagen.jpeg,63,batchnorm,1x384x14x14,0.115475
94,0,imagen.jpeg,64,activacion,1x384x14x14,0.245761
94,0,imagen.jpeg,65,pointwise_conv,1x384x14x14,2.388478
94,0,imagen.jpeg,66,batchnorm,1x64x14x14,0.019364
94,0,imagen.jpeg,67,layer_add,1x64x14x14,0.005627
94,0,imagen.jpeg,68,pointwise_conv,1x64x14x14,2.408018
94,0,imagen.jpeg,69,batchnorm,1x384x14x14,0.118628
94,0,imagen.jpeg,70,activacion,1x384x14x14,0.205956
94,0,imagen.jpeg,71,depthwise_conv,1x384x14x14,0.913421
94,0,imagen.jpeg,72,batchnorm,1x384x14x14,0.245858
94,0,imagen.jpeg,73,activacion,1x384x14x14,0.220692
94,0,imagen.jpeg,74,pointwise_conv,1x384x14x14,2.393117
94,0,imagen.jpeg,75,batchnorm,1x64x14x14,0.019339
94,0,imagen.jpeg,76,layer_add,1x64x14x14,0.005523
94,0,imagen.jpeg,77,pointwise_conv,1x64x14x14,2.405001
94,0,imagen.jpeg,78,batchnorm,1x384x14x14,0.114904
94,0,imagen.jpeg,79,activacion,1x384x14x14,0.231434
94,0,imagen.jpeg,80,depthwise_conv,1x384x14x14,0.932576
94,0,imagen.jpeg,81,batchnorm,1x384x14x14,0.444056
94,0,imagen.jpeg,82,activacion,1x384x14x14,0.201037
94,0,imagen.jpeg,83,pointwise_conv,1x384x14x14,2.38938
94,0,imagen.jpeg,84,batchnorm,1x64x14x14,0.019371
94,0,imagen.jpeg,85,layer_add,1x64x14x14,0.005493
94,0,imagen.jpeg,86,pointwise_conv,1x64x14x14,2.40569
94,0,imagen.jpeg,87,batchnorm,1x384x14x14,0.115028
94,0,imagen.jpeg,88,activacion,1x384x14x14,0.231398
94,0,imagen.jpeg,89,depthwise_conv,1x384x14x14,0.931169
94,0,imagen.jpeg,90,batchnorm,1x384x14x14,0.115417
94,0,imagen.jpeg,91,activacion,1x384x14x14,0.209938
94,0,imagen.jpeg,92,pointwise_conv,1x384x14x14,3.582965
94,0,imagen.jpeg,93,batchnorm,1x96x14x14,0.028939
94,0,imagen.jpeg,94,pointwise_conv,1x96x14x14,5.392085
94,0,imagen.jpeg,95,batchnorm,1x576x14x14,0.172969
94,0,imagen.jpeg,96,activacion,1x576x14x14,0.330236
94,0,imagen.jpeg,97,depthwise_conv,1x576x14x14,1.379718
94,0,imagen.jpeg,98,batchnorm,1x576x14x14,0.502156
94,0,imagen.jpeg,99,activacion,1x576x14x14,0.288787
94,0,imagen.jpeg,100,pointwise_conv,1x576x14x14,5.375345
94,0,imagen.jpeg,101,batchnorm,1x96x14x14,0.028966
94,0,imagen.jpeg,102,layer_add,1x96x14x14,0.009281
94,0,imagen.jpeg,103,pointwise_conv,1x96x14x14,5.407769
94,0,imagen.jpeg,104,batchnorm,1x576x14x14,0.173113
94,0,imagen.jpeg,105,activacion,1x576x14x14,0.325113
94,0,imagen.jpeg,106,depthwise_conv,1x576x14x14,1.394714
94,0,imagen.jpeg,107,batchnorm,1x576x14x14,0.433706
94,0,imagen.jpeg,108,activacion,1x576x14x14,0.260225
94,0,imagen.jpeg,109,pointwise_conv,1x576x14x14,5.397137
94,0,imagen.jpeg,110,batchnorm,1x96x14x14,0.02885
94,0,imagen.jpeg,111,layer_add,1x96x14x14,0.008256
94,0,imagen.jpeg,112,pointwise_conv,1x96x14x14,5.403469
94,0,imagen.jpeg,113,batchnorm,1x576x14x14,0.176475
94,0,imagen.jpeg,114,activacion,1x576x14x14,0.282952
94,0,imagen.jpeg,115,depthwise_conv,1x576x14x14,0.36235
94,0,imagen.jpeg,116,batchnorm,1x576x7x7,0.064893
94,0,imagen.jpeg,117,activacion,1x576x7x7,0.049886
94,0,imagen.jpeg,118,pointwise_conv,1x576x7x7,2.143207
94,0,imagen.jpeg,119,batchnorm,1x160x7x7,0.012734
94,0,imagen.jpeg,120,pointwise_conv,1x160x7x7,3.58077
94,0,imagen.jpeg,121,batchnorm,1x960x7x7,0.074391
94,0,imagen.jpeg,122,activacion,1x960x7x7,0.13467
94,0,imagen.jpeg,123,depthwise_conv,1x960x7x7,0.561111
94,0,imagen.jpeg,124,batchnorm,1x960x7x7,0.074609
94,0,imagen.jpeg,125,activacion,1x960x7x7,0.131745
94,0,imagen.jpeg,126,pointwise_conv,1x960x7x7,3.566606
94,0,imagen.jpeg,127,batchnorm,1x160x7x7,0.012582
94,0,imagen.jpeg,128,layer_add,1x160x7x7,0.003497
94,0,imagen.jpeg,129,pointwise_conv,1x160x7x7,3.580053
94,0,imagen.jpeg,130,batchnorm,1x960x7x7,0.074388
94,0,imagen.jpeg,131,activacion,1x960x7x7,0.127204
94,0,imagen.jpeg,132,depthwise_conv,1x960x7x7,0.590024
94,0,imagen.jpeg,133,batchnorm,1x960x7x7,0.123551
94,0,imagen.jpeg,134,activacion,1x960x7x7,0.11114
94,0,imagen.jpeg,135,pointwise_conv,1x960x7x7,3.569413
94,0,imagen.jpeg,136,batchnorm,1x160x7x7,0.012478
94,0,imagen.jpeg,137,layer_add,1x160x7x7,0.003812
94,0,imagen.jpeg,138,pointwise_conv,1x160x7x7,3.597453
94,0,imagen.jpeg,139,batchnorm,1x960x7x7,0.076255
94,0,imagen.jpeg,140,activacion,1x960x7x7,0.1029
94,0,imagen.jpeg,141,depthwise_conv,1x960x7x7,0.561938
94,0,imagen.jpeg,142,batchnorm,1x960x7x7,0.092836
94,0,imagen.jpeg,143,activacion,1x960x7x7,0.05747
94,0,imagen.jpeg,144,pointwise_conv,1x960x7x7,7.137773
94,0,imagen.jpeg,145,batchnorm,1x320x7x7,0.025023
94,0,imagen.jpeg,146,pointwise_conv,1x320x7x7,9.543515
94,0,imagen.jpeg,147,batchnorm,1x1280x7x7,0.099212
94,0,imagen.jpeg,148,activacion,1x1280x7x7,0.164114
94,0,imagen.jpeg,149,pooling,1x1280x7x7,0.033532
94,0,imagen.jpeg,150,linear,1x1280,1.091988
95,0,imagen.jpeg,0,conv2d,1x3x224x224,17.243543
95,0,imagen.jpeg,1,batchnorm,1x32x112x112,0.633762
95,0,imagen.jpeg,2,activacion,1x32x112x112,0.39586
95,0,imagen.jpeg,3,depthwise_conv,1x32x112x112,4.72539
95,0,imagen.jpeg,4,batchnorm,1x32x112x112,8.977345
95,0,imagen.jpeg,5,activacion,1x32x112x112,0.497359
95,0,imagen.jpeg,6,pointwise_conv,1x32x112x112,3.025402
95,0,imagen.jpeg,7,batchnorm,1x16x112x112,0.30459
95,0,imagen.jpeg,8,pointwise_conv,1x16x112x112,9.252328
95,0,imagen.jpeg,9,batchnorm,1x96x112x112,1.838806
95,0,imagen.jpeg,10,activacion,1x96x112x112,2.788073
95,0,imagen.jpeg,11,depthwise_conv,1x96x112x112,3.650331
95,0,imagen.jpeg,12,batchnorm,1x96x56x56,0.457112
95,0,imagen.jpeg,13,activacion,1x96x56x56,0.88427
95,0,imagen.jpeg,14,pointwise_conv,1x96x56x56,3.395655
95,0,imagen.jpeg,15,batchnorm,1x24x56x56,0.130652
95,0,imagen.jpeg,16,pointwise_conv,1x24x56x56,5.127792
95,0,imagen.jpeg,17,batchnorm,1x144x56x56,0.695213
95,0,imagen.jpeg,18,activacion,1x144x56x56,1.01255
95,0,imagen.jpeg,19,depthwise_conv,1x144x56x56,5.427968
95,0,imagen.jpeg,20,batchnorm,1x144x56x56,0.695743
95,0,imagen.jpeg,21,activacion,1x144x56x56,1.449156
95,0,imagen.jpeg,22,pointwise_conv,1x144x56x56,5.075784
95,0,imagen.jpeg,23,batchnorm,1x24x56x56,0.114213
95,0,imagen.jpeg,24,layer_add,1x24x56x56,0.034576
95,0,imagen.jpeg,25,pointwise_conv,1x24x56x56,5.110737
95,0,imagen.jpeg,26,batchnorm,1x144x56x56,0.692915
95,0,imagen.jpeg,27,activacion,1x144x56x56,1.333467
95,0,imagen.jpeg,28,depthwise_conv,1x144x56x56,1.387718
95,0,imagen.jpeg,29,batchnorm,1x144x28x28,0.171882
95,0,imagen.jpeg,30,activacion,1x144x28x28,0.298335
95,0,imagen.jpeg,31,pointwise_conv,1x144x28x28,1.702923
95,0,imagen.jpeg,32,batchnorm,1x32x28x28,0.038324
95,0,imagen.jpeg,33,pointwise_conv,1x32x28x28,2.294234
95,0,imagen.jpeg,34,batchnorm,1x192x28x28,0.236215
95,0,imagen.jpeg,35,activacion,1x192x28x28,0.288851
95,0,imagen.jpeg,36,depthwise_conv,1x192x28x28,1.81914
95,0,imagen.jpeg,37,batchnorm,1x192x28x28,0.229033
95,0,imagen.jpeg,38,activacion,1x192x28x28,0.484363
95,0,imagen.jpeg,39,pointwise_conv,1x192x28x28,2.263016
95,0,imagen.jpeg,40,batchnorm,1x32x28x28,0.038253
95,0,imagen.jpeg,41,layer_add,1x32x28x28,0.011056
95,0,imagen.jpeg,42,pointwise_conv,1x32x28x28,2.296874
95,0,imagen.jpeg,43,batchnorm,1x192x28x28,0.238527
95,0,imagen.jpeg,44,activacion,1x192x28x28,0.368251
95,0,imagen.jpeg,45,depthwise_conv,1x192x28x28,1.836979
95,0,imagen.jpeg,46,batchnorm,1x192x28x28,0.229044
95,0,imagen.jpeg,47,activacion,1x192x28x28,0.468607
95,0,imagen.jpeg,48,pointwise_conv,1x192x28x28,2.263383
95,0,imagen.jpeg,49,batchnorm,1x32x28x28,0.038249
95,0,imagen.jpeg,50,layer_add,1x32x28x28,0.011416
95,0,imagen.jpeg,51,pointwise_conv,1x32x28x28,2.299663
95,0,imagen.jpeg,52,batchnorm,1x192x28x28,0.240745
95,0,imagen.jpeg,53,activacion,1x192x28x28,0.427739
95,0,imagen.jpeg,54,depthwise_conv,1x192x28x28,0.472506
95,0,imagen.jpeg,55,batchnorm,1x192x14x14,0.057741
95,0,imagen.jpeg,56,activacion,1x192x14x14,0.077601
95,0,imagen.jpeg,57,pointwise_conv,1x192x14x14,1.195795
95,0,imagen.jpeg,58,batchnorm,1x64x14x14,0.019434
95,0,imagen.jpeg,59,pointwise_conv,1x64x14x14,2.418442
95,0,imagen.jpeg,60,batchnorm,1x384x14x14,0.115469
95,0,imagen.jpeg,61,activacion,1x384x14x14,0.153516
95,0,imagen.jpeg,62,depthwise_conv,1x384x14x14,0.932931
95,0,imagen.jpeg,63,batchnorm,1x384x14x14,0.115509
95,0,imagen.jpeg,64,activacion,1x384x14x14,0.244155
95,0,imagen.jpeg,65,pointwise_conv,1x384x14x14,2.390469
95,0,imagen.jpeg,66,batchnorm,1x64x14x14,0.019393
95,0,imagen.jpeg,67,layer_add,1x64x14x14,0.005529
95,0,imagen.jpeg,68,pointwise_conv,1x64x14x14,2.405564
95,0,imagen.jpeg,69,batchnorm,1x384x14x14,0.115372
95,0,imagen.jpeg,70,activacion,1x384x14x14,0.20901
95,0,imagen.jpeg,71,depthwise_conv,1x384x14x14,0.931009
95,0,imagen.jpeg,72,batchnorm,1x384x14x14,0.245869
95,0,imagen.jpeg,73,activacion,1x384x14x14,0.221253
95,0,imagen.jpeg,74,pointwise_conv,1x384x14x14,2.392815
95,0,imagen.jpeg,75,batchnorm,1x64x14x14,0.019332
95,0,imagen.jpeg,76,layer_add,1x64x14x14,0.005531
95,0,imagen.jpeg,77,pointwise_conv,1x64x14x14,2.407865
95,0,imagen.jpeg,78,batchnorm,1x384x14x14,0.115214
95,0,imagen.jpeg,79,activacion,1x384x14x14,0.228222
95,0,imagen.jpeg,80,depthwise_conv,1x384x14x14,0.908515
95,0,imagen.jpeg,81,batchnorm,1x384x14x14,0.445652
95,0,imagen.jpeg,82,activacion,1x384x14x14,0.200813
95,0,imagen.jpeg,83,pointwise_conv,1x384x14x14,2.386491
95,0,imagen.jpeg,84,batchnorm,1x64x14x14,0.019431
95,0,imagen.jpeg,85,layer_add,1x64x14x14,0.005521
95,0,imagen.jpeg,86,pointwise_conv,1x64x14x14,2.406512
95,0,imagen.jpeg,87,batchnorm,1x384x14x14,0.115276
95,0,imagen.jpeg,88,activacion,1x384x14x14,0.227103
95,0,imagen.jpeg,89,depthwise_conv,1x384x14x14,0.93373
95,0,imagen.jpeg,90,batchnorm,1x384x14x14,0.118002
95,0,imagen.jpeg,91,activacion,1x384x14x14,0.209264
95,0,imagen.jpeg,92,pointwise_conv,1x384x14x14,3.581321
95,0,imagen.jpeg,93,batchnorm,1x96x14x14,0.028907
95,0,imagen.jpeg,94,pointwise_conv,1x96x14x14,5.404932
95,0,imagen.jpeg,95,batchnorm,1x576x14x14,0.178523
95,0,imagen.jpeg,96,activacion,1x576x14x14,0.328881
95,0,imagen.jpeg,97,depthwise_conv,1x576x14x14,1.376023
95,0,imagen.jpeg,98,batchnorm,1x576x14x14,0.499045
95,0,imagen.jpeg,99,activacion,1x576x14x14,0.28838
95,0,imagen.jpeg,100,pointwise_conv,1x576x14x14,5.380319
95,0,imagen.jpeg,101,batchnorm,1x96x14x14,0.028925
95,0,imagen.jpeg,102,layer_add,1x96x14x14,0.008232
95,0,imagen.jpeg,103,pointwise_conv,1x96x14x14,5.406398
95,0,imagen.jpeg,104,batchnorm,1x576x14x14,0.173165
95,0,imagen.jpeg,105,activacion,1x576x14x14,0.326108
95,0,imagen.jpeg,106,depthwise_conv,1x576x14x14,1.376852
95,0,imagen.jpeg,107,batchnorm,1x576x14x14,0.434029
95,0,imagen.jpeg,108,activacion,1x576x14x14,0.256182
95,0,imagen.jpeg,109,pointwise_conv,1x576x14x14,5.377037
95,0,imagen.jpeg,110,batchnorm,1x96x14x14,0.028898
95,0,imagen.jpeg,111,layer_add,1x96x14x14,0.008249
95,0,imagen.jpeg,112,pointwise_conv,1x96x14x14,5.401188
95,0,imagen.jpeg,113,batchnorm,1x576x14x14,0.176095
95,0,imagen.jpeg,114,activacion,1x576x14x14,0.284108
95,0,imagen.jpeg,115,depthwise_conv,1x576x14x14,0.362209
95,0,imagen.jpeg,116,batchnorm,1x576x7x7,0.061212
95,0,imagen.jpeg,117,activacion,1x576x7x7,0.049348
95,0,imagen.jpeg,118,pointwise_conv,1x576x7x7,2.145635
95,0,imagen.jpeg,119,batchnorm,1x160x7x7,0.012674
95,0,imagen.jpeg,120,pointwise_conv,1x160x7x7,3.590687
95,0,imagen.jpeg,121,batchnorm,1x960x7x7,0.074386
95,0,imagen.jpeg,122,activacion,1x960x7x7,0.136476
95,0,imagen.jpeg,123,depthwise_conv,1x960x7x7,0.586025
95,0,imagen.jpeg,124,batchnorm,1x960x7x7,0.074532
95,0,imagen.jpeg,125,activacion,1x960x7x7,0.128323
95,0,imagen.jpeg,126,pointwise_conv,1x960x7x7,3.569067
95,0,imagen.jpeg,127,batchnorm,1x160x7x7,0.012554
95,0,imagen.jpeg,128,layer_add,1x160x7x7,0.003491
95,0,imagen.jpeg,129,pointwise_conv,1x160x7x7,3.588445
95,0,imagen.jpeg,130,batchnorm,1x960x7x7,0.074421
95,0,imagen.jpeg,131,activacion,1x960x7x7,0.129047
95,0,imagen.jpeg,132,depthwise_conv,1x960x7x7,0.565397
95,0,imagen.jpeg,133,batchnorm,1x960x7x7,0.123605
95,0,imagen.jpeg,134,activacion,1x960x7x7,0.109506
95,0,imagen.jpeg,135,pointwise_conv,1x960x7x7,3.568242
95,0,imagen.jpeg,136,batchnorm,1x160x7x7,0.012473
95,0,imagen.jpeg,137,layer_add,1x160x7x7,0.003948
95,0,imagen.jpeg,138,pointwise_conv,1x160x7x7,3.584103
95,0,imagen.jpeg,139,batchnorm,1x960x7x7,0.074374
95,0,imagen.jpeg,140,activacion,1x960x7x7,0.102827
95,0,imagen.jpeg,141,depthwise_conv,1x960x7x7,0.590688
95,0,imagen.jpeg,142,batchnorm,1x960x7x7,0.090757
95,0,imagen.jpeg,143,activacion,1x960x7x7,0.057112
95,0,imagen.jpeg,144,pointwise_conv,1x960x7x7,7.149157
95,0,imagen.jpeg,145,batchnorm,1x320x7x7,0.029413
95,0,imagen.jpeg,146,pointwise_conv,1x320x7x7,9.532045
95,0,imagen.jpeg,147,batchnorm,1x1280x7x7,0.099151
95,0,imagen.jpeg,148,activacion,1x1280x7x7,0.159092
95,0,imagen.jpeg,149,pooling,1x1280x7x7,0.033611
95,0,imagen.jpeg,150,linear,1x1280,1.099277
96,0,imagen.jpeg,0,conv2d,1x3x224x224,17.192072
96,0,imagen.jpeg,1,batchnorm,1x32x112x112,0.61444
96,0,imagen.jpeg,2,activacion,1x32x112x112,0.39519
96,0,imagen.jpeg,3,depthwise_conv,1x32x112x112,4.794107
96,0,imagen.jpeg,4,batchnorm,1x32x112x112,8.971181
96,0,imagen.jpeg,5,activacion,1x32x112x112,0.493163
96,0,imagen.jpeg,6,pointwise_conv,1x32x112x112,3.033263
96,0,imagen.jpeg,7,batchnorm,1x16x112x112,0.304504
96,0,imagen.jpeg,8,pointwise_conv,1x16x112x112,9.276413
96,0,imagen.jpeg,9,batchnorm,1x96x112x112,1.895548
96,0,imagen.jpeg,10,activacion,1x96x112x112,2.804129
96,0,imagen.jpeg,11,depthwise_conv,1x96x112x112,3.64381
96,0,imagen.jpeg,12,batchnorm,1x96x56x56,0.455449
96,0,imagen.jpeg,13,activacion,1x96x56x56,0.884531
96,0,imagen.jpeg,14,pointwise_conv,1x96x56x56,3.372946
96,0,imagen.jpeg,15,batchnorm,1x24x56x56,0.114278
96,0,imagen.jpeg,16,pointwise_conv,1x24x56x56,5.122328
96,0,imagen.jpeg,17,batchnorm,1x144x56x56,0.696709
96,0,imagen.jpeg,18,activacion,1x144x56x56,1.006108
96,0,imagen.jpeg,19,depthwise_conv,1x144x56x56,5.371993
96,0,imagen.jpeg,20,batchnorm,1x144x56x56,0.688801
96,0,imagen.jpeg,21,activacion,1x144x56x56,1.44065
96,0,imagen.jpeg,22,pointwise_conv,1x144x56x56,5.060874
96,0,imagen.jpeg,23,batchnorm,1x24x56x56,0.119641
96,0,imagen.jpeg,24,layer_add,1x24x56x56,0.033536
96,0,imagen.jpeg,25,pointwise_conv,1x24x56x56,5.112995
96,0,imagen.jpeg,26,batchnorm,1x144x56x56,0.69061
96,0,imagen.jpeg,27,activacion,1x144x56x56,1.348113
96,0,imagen.jpeg,28,depthwise_conv,1x144x56x56,1.389017
96,0,imagen.jpeg,29,batchnorm,1x144x28x28,0.175858
96,0,imagen.jpeg,30,activacion,1x144x28x28,0.29881
96,0,imagen.jpeg,31,pointwise_conv,1x144x28x28,1.702216
96,0,imagen.jpeg,32,batchnorm,1x32x28x28,0.038487
96,0,imagen.jpeg,33,pointwise_conv,1x32x28x28,2.306893
96,0,imagen.jpeg,34,batchnorm,1x192x28x28,0.231244
96,0,imagen.jpeg,35,activacion,1x192x28x28,0.296453
96,0,imagen.jpeg,36,depthwise_conv,1x192x28x28,1.854354
96,0,imagen.jpeg,37,batchnorm,1x192x28x28,0.229201
96,0,imagen.jpeg,38,activacion,1x192x28x28,0.480039
96,0,imagen.jpeg,39,pointwise_conv,1x192x28x28,2.268878
96,0,imagen.jpeg,40,batchnorm,1x32x28x28,0.038289
96,0,imagen.jpeg,41,layer_add,1x32x28x28,0.011422
96,0,imagen.jpeg,42,pointwise_conv,1x32x28x28,2.298197
96,0,imagen.jpeg,43,batchnorm,1x192x28x28,0.229336
96,0,imagen.jpeg,44,activacion,1x192x28x28,0.368229
96,0,imagen.jpeg,45,depthwise_conv,1x192x28x28,1.830758
96,0,imagen.jpeg,46,batchnorm,1x192x28x28,0.22921
96,0,imagen.jpeg,47,activacion,1x192x28x28,0.462407
96,0,imagen.jpeg,48,pointwise_conv,1x192x28x28,2.284721
96,0,imagen.jpeg,49,batchnorm,1x32x28x28,0.038254
96,0,imagen.jpeg,50,layer_add,1x32x28x28,0.011565
96,0,imagen.jpeg,51,pointwise_conv,1x32x28x28,2.295155
96,0,imagen.jpeg,52,batchnorm,1x192x28x28,0.229291
96,0,imagen.jpeg,53,activacion,1x192x28x28,0.436011
96,0,imagen.jpeg,54,depthwise_conv,1x192x28x28,0.47138
96,0,imagen.jpeg,55,batchnorm,1x192x14x14,0.061305
96,0,imagen.jpeg,56,activacion,1x192x14x14,0.077165
96,0,imagen.jpeg,57,pointwise_conv,1x192x14x14,1.195835
96,0,imagen.jpeg,58,batchnorm,1x64x14x14,0.019606
96,0,imagen.jpeg,59,pointwise_conv,1x64x14x14,2.412122
96,0,imagen.jpeg,60,batchnorm,1x384x14x14,0.118374
96,0,imagen.jpeg,61,activacion,1x384x14x14,0.153922
96,0,imagen.jpeg,62,depthwise_conv,1x384x14x14,0.933057
96,0,imagen.jpeg,63,batchnorm,1x384x14x14,0.115387
96,0,imagen.jpeg,64,activacion,1x384x14x14,0.244424
96,0,imagen.jpeg,65,pointwise_conv,1x384x14x14,2.387396
96,0,imagen.jpeg,66,batchnorm,1x64x14x14,0.019293
96,0,imagen.jpeg,67,layer_add,1x64x14x14,0.005507
96,0,imagen.jpeg,68,pointwise_conv,1x64x14x14,2.402622
96,0,imagen.jpeg,69,batchnorm,1x384x14x14,0.115244
96,0,imagen.jpeg,70,activacion,1x384x14x14,0.205843
96,0,imagen.jpeg,71,depthwise_conv,1x384x14x14,0.920005
96,0,imagen.jpeg,72,batchnorm,1x384x14x14,0.24895
96,0,imagen.jpeg,73,activacion,1x384x14x14,0.222757
96,0,imagen.jpeg,74,pointwise_conv,1x384x14x14,2.38662
96,0,imagen.jpeg,75,batchnorm,1x64x14x14,0.019317
96,0,imagen.jpeg,76,layer_add,1x64x14x14,0.005507
96,0,imagen.jpeg,77,pointwise_conv,1x64x14x14,2.407242
96,0,imagen.jpeg,78,batchnorm,1x384x14x14,0.114962
96,0,imagen.jpeg,79,activacion,1x384x14x14,0.228826
96,0,imagen.jpeg,80,depthwise_conv,1x384x14x14,0.932483
96,0,imagen.jpeg,81,batchnorm,1x384x14x14,0.447321
96,0,imagen.jpeg,82,activacion,1x384x14x14,0.201109
96,0,imagen.jpeg,83,pointwise_conv,1x384x14x14,2.388494
96,0,imagen.jpeg,84,batchnorm,1x64x14x14,0.019435
96,0,imagen.jpeg,85,layer_add,1x64x14x14,0.005506
96,0,imagen.jpeg,86,pointwise_conv,1x64x14x14,2.406693
96,0,imagen.jpeg,87,batchnorm,1x384x14x14,0.118789
96,0,imagen.jpeg,88,activacion,1x384x14x14,0.227867
96,0,imagen.jpeg,89,depthwise_conv,1x384x14x14,0.936462
96,0,imagen.jpeg,90,batchnorm,1x384x14x14,0.115361
96,0,imagen.jpeg,91,activacion,1x384x14x14,0.214818
96,0,imagen.jpeg,92,pointwise_conv,1x384x14x14,3.588866
96,0,imagen.jpeg,93,batchnorm,1x96x14x14,0.029031
96,0,imagen.jpeg,94,pointwise_conv,1x96x14x14,5.402626
96,0,imagen.jpeg,95,batchnorm,1x576x14x14,0.176559
96,0,imagen.jpeg,96,activacion,1x576x14x14,0.32675
96,0,imagen.jpeg,97,depthwise_conv,1x576x14x14,1.378177
96,0,imagen.jpeg,98,batchnorm,1x576x14x14,0.499207
96,0,imagen.jpeg,99,activacion,1x576x14x14,0.296106
96,0,imagen.jpeg,100,pointwise_conv,1x576x14x14,5.372595
96,0,imagen.jpeg,101,batchnorm,1x96x14x14,0.028936
96,0,imagen.jpeg,102,layer_add,1x96x14x14,0.008441
96,0,imagen.jpeg,103,pointwise_conv,1x96x14x14,5.41581
96,0,imagen.jpeg,104,batchnorm,1x576x14x14,0.176439
96,0,imagen.jpeg,105,activacion,1x576x14x14,0.325798
96,0,imagen.jpeg,106,depthwise_conv,1x576x14x14,1.399455
96,0,imagen.jpeg,107,batchnorm,1x576x14x14,0.435688
96,0,imagen.jpeg,108,activacion,1x576x14x14,0.257457
96,0,imagen.jpeg,109,pointwise_conv,1x576x14x14,5.376423
96,0,imagen.jpeg,110,batchnorm,1x96x14x14,0.028975
96,0,imagen.jpeg,111,layer_add,1x96x14x14,0.008339
96,0,imagen.jpeg,112,pointwise_conv,1x96x14x14,5.398003
96,0,imagen.jpeg,113,batchnorm,1x576x14x14,0.172985
96,0,imagen.jpeg,114,activacion,1x576x14x14,0.288256
96,0,imagen.jpeg,115,depthwise_conv,1x576x14x14,0.36228
96,0,imagen.jpeg,116,batchnorm,1x576x7x7,0.061156
96,0,imagen.jpeg,117,activacion,1x576x7x7,0.049534
96,0,imagen.jpeg,118,pointwise_conv,1x576x7x7,2.14279
96,0,imagen.jpeg,119,batchnorm,1x160x7x7,0.012684
96,0,imagen.jpeg,120,pointwise_conv,1x160x7x7,3.591444
96,0,imagen.jpeg,121,batchnorm,1x960x7x7,0.078911
96,0,imagen.jpeg,122,activacion,1x960x7x7,0.134776
96,0,imagen.jpeg,123,depthwise_conv,1x960x7x7,0.562012
96,0,imagen.jpeg,124,batchnorm,1x960x7x7,0.074561
96,0,imagen.jpeg,125,activacion,1x960x7x7,0.127839
96,0,imagen.jpeg,126,pointwise_conv,1x960x7x7,3.587316
96,0,imagen.jpeg,127,batchnorm,1x160x7x7,0.012574
96,0,imagen.jpeg,128,layer_add,1x160x7x7,0.003473
96,0,imagen.jpeg,129,pointwise_conv,1x160x7x7,3.582922
96,0,imagen.jpeg,130,batchnorm,1x960x7x7,0.074385
96,0,imagen.jpeg,131,activacion,1x960x7x7,0.126725
96,0,imagen.jpeg,132,depthwise_conv,1x960x7x7,0.560792
96,0,imagen.jpeg,133,batchnorm,1x960x7x7,0.127716
96,0,imagen.jpeg,134,activacion,1x960x7x7,0.109773
96,0,imagen.jpeg,135,pointwise_conv,1x960x7x7,3.56929
96,0,imagen.jpeg,136,batchnorm,1x160x7x7,0.01247
96,0,imagen.jpeg,137,layer_add,1x160x7x7,0.003937
96,0,imagen.jpeg,138,pointwise_conv,1x160x7x7,3.583179
96,0,imagen.jpeg,139,batchnorm,1x960x7x7,0.074398
96,0,imagen.jpeg,140,activacion,1x960x7x7,0.103019
96,0,imagen.jpeg,141,depthwise_conv,1x960x7x7,0.583249
96,0,imagen.jpeg,142,batchnorm,1x960x7x7,0.090762
96,0,imagen.jpeg,143,activacion,1x960x7x7,0.057258
96,0,imagen.jpeg,144,pointwise_conv,1x960x7x7,7.135043
96,0,imagen.jpeg,145,batchnorm,1x320x7x7,0.024972
96,0,imagen.jpeg,146,pointwise_conv,1x320x7x7,9.54791
96,0,imagen.jpeg,147,batchnorm,1x1280x7x7,0.099198
96,0,imagen.jpeg,148,activacion,1x1280x7x7,0.160093
96,0,imagen.jpeg,149,pooling,1x1280x7x7,0.033596
96,0,imagen.jpeg,150,linear,1x1280,1.098109
97,0,imagen.jpeg,0,conv2d,1x3x224x224,17.09014
97,0,imagen.jpeg,1,batchnorm,1x32x112x112,0.609047
97,0,imagen.jpeg,2,activacion,1x32x112x112,0.400947
97,0,imagen.jpeg,3,depthwise_conv,1x32x112x112,4.75331
97,0,imagen.jpeg,4,batchnorm,1x32x112x112,8.972639
97,0,imagen.jpeg,5,activacion,1x32x112x112,0.488029
97,0,imagen.jpeg,6,pointwise_conv,1x32x112x112,3.023807
97,0,imagen.jpeg,7,batchnorm,1x16x112x112,0.308449
97,0,imagen.jpeg,8,pointwise_conv,1x16x112x112,9.27919
97,0,imagen.jpeg,9,batchnorm,1x96x112x112,1.842304
97,0,imagen.jpeg,10,activacion,1x96x112x112,2.791698
97,0,imagen.jpeg,11,depthwise_conv,1x96x112x112,3.660904
97,0,imagen.jpeg,12,batchnorm,1x96x56x56,0.461379
97,0,imagen.jpeg,13,activacion,1x96x56x56,0.881043
97,0,imagen.jpeg,14,pointwise_conv,1x96x56x56,3.361158
97,0,imagen.jpeg,15,batchnorm,1x24x56x56,0.114357
97,0,imagen.jpeg,16,pointwise_conv,1x24x56x56,5.120572
97,0,imagen.jpeg,17,batchnorm,1x144x56x56,0.719472
97,0,imagen.jpeg,18,activacion,1x144x56x56,1.01839
97,0,imagen.jpeg,19,depthwise_conv,1x144x56x56,5.423085
97,0,imagen.jpeg,20,batchnorm,1x144x56x56,0.68775
97,0,imagen.jpeg,21,activacion,1x144x56x56,1.445129
97,0,imagen.jpeg,22,pointwise_conv,1x144x56x56,5.060093
97,0,imagen.jpeg,23,batchnorm,1x24x56x56,0.11424
97,0,imagen.jpeg,24,layer_add,1x24x56x56,0.033764
97,0,imagen.jpeg,25,pointwise_conv,1x24x56x56,5.11329
97,0,imagen.jpeg,26,batchnorm,1x144x56x56,0.688614
97,0,imagen.jpeg,27,activacion,1x144x56x56,1.365788
97,0,imagen.jpeg,28,depthwise_conv,1x144x56x56,1.418291
97,0,imagen.jpeg,29,batchnorm,1x144x28x28,0.172076
97,0,imagen.jpeg,30,activacion,1x144x28x28,0.306812
97,0,imagen.jpeg,31,pointwise_conv,1x144x28x28,1.700748
97,0,imagen.jpeg,32,batchnorm,1x32x28x28,0.03838
97,0,imagen.jpeg,33,pointwise_conv,1x32x28x28,2.295555
97,0,imagen.jpeg,34,batchnorm,1x192x28x28,0.229289
97,0,imagen.jpeg,35,activacion,1x192x28x28,0.289016
97,0,imagen.jpeg,36,depthwise_conv,1x192x28x28,1.818484
97,0,imagen.jpeg,37,batchnorm,1x192x28x28,0.233349
97,0,imagen.jpeg,38,activacion,1x192x28x28,0.478005
97,0,imagen.jpeg,39,pointwise_conv,1x192x28x28,2.267141
97,0,imagen.jpeg,40,batchnorm,1x32x28x28,0.038226
97,0,imagen.jpeg,41,layer_add,1x32x28x28,0.014371
97,0,imagen.jpeg,42,pointwise_conv,1x32x28x28,2.296785
97,0,imagen.jpeg,43,batchnorm,1x192x28x28,0.229066
97,0,imagen.jpeg,44,activacion,1x192x28x28,0.362667
97,0,imagen.jpeg,45,depthwise_conv,1x192x28x28,1.816538
97,0,imagen.jpeg,46,batchnorm,1x192x28x28,0.235497
97,0,imagen.jpeg,47,activacion,1x192x28x28,0.466406
97,0,imagen.jpeg,48,pointwise_conv,1x192x28x28,2.265136
97,0,imagen.jpeg,49,batchnorm,1x32x28x28,0.042541
97,0,imagen.jpeg,50,layer_add,1x32x28x28,0.011052
97,0,imagen.jpeg,51,pointwise_conv,1x32x28x28,2.313335
97,0,imagen.jpeg,52,batchnorm,1x192x28x28,0.253931
97,0,imagen.jpeg,53,activacion,1x192x28x28,0.473258
97,0,imagen.jpeg,54,depthwise_conv,1x192x28x28,0.468075
97,0,imagen.jpeg,55,batchnorm,1x192x14x14,0.057822
97,0,imagen.jpeg,56,activacion,1x192x14x14,0.078011
97,0,imagen.jpeg,57,pointwise_conv,1x192x14x14,1.200676
97,0,imagen.jpeg,58,batchnorm,1x64x14x14,0.019451
97,0,imagen.jpeg,59,pointwise_conv,1x64x14x14,2.405458
97,0,imagen.jpeg,60,batchnorm,1x384x14x14,0.11549
97,0,imagen.jpeg,61,activacion,1x384x14x14,0.154359
97,0,imagen.jpeg,62,depthwise_conv,1x384x14x14,0.929818
97,0,imagen.jpeg,63,batchnorm,1x384x14x14,0.118759
97,0,imagen.jpeg,64,activacion,1x384x14x14,0.243142
97,0,imagen.jpeg,65,pointwise_conv,1x384x14x14,2.389247
97,0,imagen.jpeg,66,batchnorm,1x64x14x14,0.019398
97,0,imagen.jpeg,67,layer_add,1x64x14x14,0.00554
97,0,imagen.jpeg,68,pointwise_conv,1x64x14x14,2.408664
97,0,imagen.jpeg,69,batchnorm,1x384x14x14,0.115288
97,0,imagen.jpeg,70,activacion,1x384x14x14,0.206637
97,0,imagen.jpeg,71,depthwise_conv,1x384x14x14,0.933666
97,0,imagen.jpeg,72,batchnorm,1x384x14x14,0.245939
97,0,imagen.jpeg,73,activacion,1x384x14x14,0.226622
97,0,imagen.jpeg,74,pointwise_conv,1x384x14x14,2.390368
97,0,imagen.jpeg,75,batchnorm,1x64x14x14,0.019486
97,0,imagen.jpeg,76,layer_add,1x64x14x14,0.007786
97,0,imagen.jpeg,77,pointwise_conv,1x64x14x14,2.426433
97,0,imagen.jpeg,78,batchnorm,1x384x14x14,0.117149
97,0,imagen.jpeg,79,activacion,1x384x14x14,0.228685
97,0,imagen.jpeg,80,depthwise_conv,1x384x14x14,0.928632
97,0,imagen.jpeg,81,batchnorm,1x384x14x14,0.449211
97,0,imagen.jpeg,82,activacion,1x384x14x14,0.202672
97,0,imagen.jpeg,83,pointwise_conv,1x384x14x14,2.390488
97,0,imagen.jpeg,84,batchnorm,1x64x14x14,0.019421
97,0,imagen.jpeg,85,layer_add,1x64x14x14,0.005518
97,0,imagen.jpeg,86,pointwise_conv,1x64x14x14,2.411343
97,0,imagen.jpeg,87,batchnorm,1x384x14x14,0.115454
97,0,imagen.jpeg,88,activacion,1x384x14x14,0.227742
97,0,imagen.jpeg,89,depthwise_conv,1x384x14x14,0.933198
97,0,imagen.jpeg,90,batchnorm,1x384x14x14,0.115369
97,0,imagen.jpeg,91,activacion,1x384x14x14,0.210644
97,0,imagen.jpeg,92,pointwise_conv,1x384x14x14,3.617059
97,0,imagen.jpeg,93,batchnorm,1x96x14x14,0.03091
97,0,imagen.jpeg,94,pointwise_conv,1x96x14x14,5.403055
97,0,imagen.jpeg,95,batchnorm,1x576x14x14,0.172999
97,0,imagen.jpeg,96,activacion,1x576x14x14,0.32674
97,0,imagen.jpeg,97,depthwise_conv,1x576x14x14,1.401317
97,0,imagen.jpeg,98,batchnorm,1x576x14x14,0.499423
97,0,imagen.jpeg,99,activacion,1x576x14x14,0.292226
97,0,imagen.jpeg,100,pointwise_conv,1x576x14x14,5.376816
97,0,imagen.jpeg,101,batchnorm,1x96x14x14,0.028971
97,0,imagen.jpeg,102,layer_add,1x96x14x14,0.008977
97,0,imagen.jpeg,103,pointwise_conv,1x96x14x14,5.408873
97,0,imagen.jpeg,104,batchnorm,1x576x14x14,0.176292
97,0,imagen.jpeg,105,activacion,1x576x14x14,0.327349
97,0,imagen.jpeg,106,depthwise_conv,1x576x14x14,1.400774
97,0,imagen.jpeg,107,batchnorm,1x576x14x14,0.435831
97,0,imagen.jpeg,108,activacion,1x576x14x14,0.256635
97,0,imagen.jpeg,109,pointwise_conv,1x576x14x14,5.37495
97,0,imagen.jpeg,110,batchnorm,1x96x14x14,0.029046
97,0,imagen.jpeg,111,layer_add,1x96x14x14,0.008225
97,0,imagen.jpeg,112,pointwise_conv,1x96x14x14,5.403898
97,0,imagen.jpeg,113,batchnorm,1x576x14x14,0.172986
97,0,imagen.jpeg,114,activacion,1x576x14x14,0.291893
97,0,imagen.jpeg,115,depthwise_conv,1x576x14x14,0.362455
97,0,imagen.jpeg,116,batchnorm,1x576x7x7,0.06122
97,0,imagen.jpeg,117,activacion,1x576x7x7,0.049941
97,0,imagen.jpeg,118,pointwise_conv,1x576x7x7,2.142524
97,0,imagen.jpeg,119,batchnorm,1x160x7x7,0.012713
97,0,imagen.jpeg,120,pointwise_conv,1x160x7x7,3.580584
97,0,imagen.jpeg,121,batchnorm,1x960x7x7,0.074388
97,0,imagen.jpeg,122,activacion,1x960x7x7,0.13416
97,0,imagen.jpeg,123,depthwise_conv,1x960x7x7,0.589528
97,0,imagen.jpeg,124,batchnorm,1x960x7x7,0.07461
97,0,imagen.jpeg,125,activacion,1x960x7x7,0.127259
97,0,imagen.jpeg,126,pointwise_conv,1x960x7x7,3.576558
97,0,imagen.jpeg,127,batchnorm,1x160x7x7,0.012571
97,0,imagen.jpeg,128,layer_add,1x160x7x7,0.003515
97,0,imagen.jpeg,129,pointwise_conv,1x160x7x7,3.583902
97,0,imagen.jpeg,130,batchnorm,1x960x7x7,0.074431
97,0,imagen.jpeg,131,activacion,1x960x7x7,0.126545
97,0,imagen.jpeg,132,depthwise_conv,1x960x7x7,0.586215
97,0,imagen.jpeg,133,batchnorm,1x960x7x7,0.125829
97,0,imagen.jpeg,134,activacion,1x960x7x7,0.110947
97,0,imagen.jpeg,135,pointwise_conv,1x960x7x7,3.578154
97,0,imagen.jpeg,136,batchnorm,1x160x7x7,0.012485
97,0,imagen.jpeg,137,layer_add,1x160x7x7,0.003655
97,0,imagen.jpeg,138,pointwise_conv,1x160x7x7,3.58535
97,0,imagen.jpeg,139,batchnorm,1x960x7x7,0.07442
97,0,imagen.jpeg,140,activacion,1x960x7x7,0.102802
97,0,imagen.jpeg,141,depthwise_conv,1x960x7x7,0.584633
97,0,imagen.jpeg,142,batchnorm,1x960x7x7,0.09083
97,0,imagen.jpeg,143,activacion,1x960x7x7,0.056913
97,0,imagen.jpeg,144,pointwise_conv,1x960x7x7,7.166124
97,0,imagen.jpeg,145,batchnorm,1x320x7x7,0.024983
97,0,imagen.jpeg,146,pointwise_conv,1x320x7x7,9.596678
97,0,imagen.jpeg,147,batchnorm,1x1280x7x7,0.09917
97,0,imagen.jpeg,148,activacion,1x1280x7x7,0.159413
97,0,imagen.jpeg,149,pooling,1x1280x7x7,0.033691
97,0,imagen.jpeg,150,linear,1x1280,1.132828
98,0,imagen.jpeg,0,conv2d,1x3x224x224,17.162213
98,0,imagen.jpeg,1,batchnorm,1x32x112x112,0.613735
98,0,imagen.jpeg,2,activacion,1x32x112x112,0.396019
98,0,imagen.jpeg,3,depthwise_conv,1x32x112x112,4.737202
98,0,imagen.jpeg,4,batchnorm,1x32x112x112,8.977908
98,0,imagen.jpeg,5,activacion,1x32x112x112,0.496951
98,0,imagen.jpeg,6,pointwise_conv,1x32x112x112,3.043456
98,0,imagen.jpeg,7,batchnorm,1x16x112x112,0.304623
98,0,imagen.jpeg,8,pointwise_conv,1x16x112x112,9.271129
98,0,imagen.jpeg,9,batchnorm,1x96x112x112,1.842496
98,0,imagen.jpeg,10,activacion,1x96x112x112,2.791989
98,0,imagen.jpeg,11,depthwise_conv,1x96x112x112,3.676686
98,0,imagen.jpeg,12,batchnorm,1x96x56x56,0.455542
98,0,imagen.jpeg,13,activacion,1x96x56x56,0.893841
98,0,imagen.jpeg,14,pointwise_conv,1x96x56x56,3.361588
98,0,imagen.jpeg,15,batchnorm,1x24x56x56,0.120501
98,0,imagen.jpeg,16,pointwise_conv,1x24x56x56,5.11852
98,0,imagen.jpeg,17,batchnorm,1x144x56x56,0.70234
98,0,imagen.jpeg,18,activacion,1x144x56x56,1.035696
98,0,imagen.jpeg,19,depthwise_conv,1x144x56x56,5.43258
98,0,imagen.jpeg,20,batchnorm,1x144x56x56,0.68815
98,0,imagen.jpeg,21,activacion,1x144x56x56,1.447044
98,0,imagen.jpeg,22,pointwise_conv,1x144x56x56,5.094383
98,0,imagen.jpeg,23,batchnorm,1x24x56x56,0.120551
98,0,imagen.jpeg,24,layer_add,1x24x56x56,0.03589
98,0,imagen.jpeg,25,pointwise_conv,1x24x56x56,5.11278
98,0,imagen.jpeg,26,batchnorm,1x144x56x56,0.693081
98,0,imagen.jpeg,27,activacion,1x144x56x56,1.367273
98,0,imagen.jpeg,28,depthwise_conv,1x144x56x56,1.393422
98,0,imagen.jpeg,29,batchnorm,1x144x28x28,0.172223
98,0,imagen.jpeg,30,activacion,1x144x28x28,0.301443
98,0,imagen.jpeg,31,pointwise_conv,1x144x28x28,1.703348
98,0,imagen.jpeg,32,batchnorm,1x32x28x28,0.038348
98,0,imagen.jpeg,33,pointwise_conv,1x32x28x28,2.292123
98,0,imagen.jpeg,34,batchnorm,1x192x28x28,0.229458
98,0,imagen.jpeg,35,activacion,1x192x28x28,0.298129
98,0,imagen.jpeg,36,depthwise_conv,1x192x28x28,1.83356
98,0,imagen.jpeg,37,batchnorm,1x192x28x28,0.229269
98,0,imagen.jpeg,38,activacion,1x192x28x28,0.478254
98,0,imagen.jpeg,39,pointwise_conv,1x192x28x28,2.266471
98,0,imagen.jpeg,40,batchnorm,1x32x28x28,0.038242
98,0,imagen.jpeg,41,layer_add,1x32x28x28,0.011095
98,0,imagen.jpeg,42,pointwise_conv,1x32x28x28,2.295539
98,0,imagen.jpeg,43,batchnorm,1x192x28x28,0.229302
98,0,imagen.jpeg,44,activacion,1x192x28x28,0.368906
98,0,imagen.jpeg,45,depthwise_conv,1x192x28x28,1.798224
98,0,imagen.jpeg,46,batchnorm,1x192x28x28,0.229072
98,0,imagen.jpeg,47,activacion,1x192x28x28,0.465858
98,0,imagen.jpeg,48,pointwise_conv,1x192x28x28,2.269553
98,0,imagen.jpeg,49,batchnorm,1x32x28x28,0.038267
98,0,imagen.jpeg,50,layer_add,1x32x28x28,0.011383
98,0,imagen.jpeg,51,pointwise_conv,1x32x28x28,2.295261
98,0,imagen.jpeg,52,batchnorm,1x192x28x28,0.229247
98,0,imagen.jpeg,53,activacion,1x192x28x28,0.450008
98,0,imagen.jpeg,54,depthwise_conv,1x192x28x28,0.477634
98,0,imagen.jpeg,55,batchnorm,1x192x14x14,0.061653
98,0,imagen.jpeg,56,activacion,1x192x14x14,0.077917
98,0,imagen.jpeg,57,pointwise_conv,1x192x14x14,1.19549
98,0,imagen.jpeg,58,batchnorm,1x64x14x14,0.01943
98,0,imagen.jpeg,59,pointwise_conv,1x64x14x14,2.409872
98,0,imagen.jpeg,60,batchnorm,1x384x14x14,0.118303
98,0,imagen.jpeg,61,activacion,1x384x14x14,0.154301
98,0,imagen.jpeg,62,depthwise_conv,1x384x14x14,0.936654
98,0,imagen.jpeg,63,batchnorm,1x384x14x14,0.11532
98,0,imagen.jpeg,64,activacion,1x384x14x14,0.24471
98,0,imagen.jpeg,65,pointwise_conv,1x384x14x14,2.389175
98,0,imagen.jpeg,66,batchnorm,1x64x14x14,0.019332
98,0,imagen.jpeg,67,layer_add,1x64x14x14,0.006197
98,0,imagen.jpeg,68,pointwise_conv,1x64x14x14,2.408994
98,0,imagen.jpeg,69,batchnorm,1x384x14x14,0.11533
98,0,imagen.jpeg,70,activacion,1x384x14x14,0.206705
98,0,imagen.jpeg,71,depthwise_conv,1x384x14x14,0.931877
98,0,imagen.jpeg,72,batchnorm,1x384x14x14,0.253339
98,0,imagen.jpeg,73,activacion,1x384x14x14,0.224246
98,0,imagen.jpeg,74,pointwise_conv,1x384x14x14,2.386735
98,0,imagen.jpeg,75,batchnorm,1x64x14x14,0.019354
98,0,imagen.jpeg,76,layer_add,1x64x14x14,0.005534
98,0,imagen.jpeg,77,pointwise_conv,1x64x14x14,2.412701
98,0,imagen.jpeg,78,batchnorm,1x384x14x14,0.115131
98,0,imagen.jpeg,79,activacion,1x384x14x14,0.229875
98,0,imagen.jpeg,80,depthwise_conv,1x384x14x14,0.930097
98,0,imagen.jpeg,81,batchnorm,1x384x14x14,0.447996
98,0,imagen.jpeg,82,activacion,1x384x14x14,0.200142
98,0,imagen.jpeg,83,pointwise_conv,1x384x14x14,2.38995
98,0,imagen.jpeg,84,batchnorm,1x64x14x14,0.019509
98,0,imagen.jpeg,85,layer_add,1x64x14x14,0.005527
98,0,imagen.jpeg,86,pointwise_conv,1x64x14x14,2.4096
98,0,imagen.jpeg,87,batchnorm,1x384x14x14,0.115471
98,0,imagen.jpeg,88,activacion,1x384x14x14,0.227937
98,0,imagen.jpeg,89,depthwise_conv,1x384x14x14,0.912564
98,0,imagen.jpeg,90,batchnorm,1x384x14x14,0.115366
98,0,imagen.jpeg,91,activacion,1x384x14x14,0.213673
98,0,imagen.jpeg,92,pointwise_conv,1x384x14x14,3.585095
98,0,imagen.jpeg,93,batchnorm,1x96x14x14,0.028929
98,0,imagen.jpeg,94,pointwise_conv,1x96x14x14,5.39528
98,0,imagen.jpeg,95,batchnorm,1x576x14x14,0.17462
98,0,imagen.jpeg,96,activacion,1x576x14x14,0.32999
98,0,imagen.jpeg,97,depthwise_conv,1x576x14x14,1.413228
98,0,imagen.jpeg,98,batchnorm,1x576x14x14,0.499129
98,0,imagen.jpeg,99,activacion,1x576x14x14,0.290436
98,0,imagen.jpeg,100,pointwise_conv,1x576x14x14,5.37401
98,0,imagen.jpeg,101,batchnorm,1x96x14x14,0.028838
98,0,imagen.jpeg,102,layer_add,1x96x14x14,0.008251
98,0,imagen.jpeg,103,pointwise_conv,1x96x14x14,5.412117
98,0,imagen.jpeg,104,batchnorm,1x576x14x14,0.176507
98,0,imagen.jpeg,105,activacion,1x576x14x14,0.327168
98,0,imagen.jpeg,106,depthwise_conv,1x576x14x14,1.388809
98,0,imagen.jpeg,107,batchnorm,1x576x14x14,0.435861
98,0,imagen.jpeg,108,activacion,1x576x14x14,0.274501
98,0,imagen.jpeg,109,pointwise_conv,1x576x14x14,5.371971
98,0,imagen.jpeg,110,batchnorm,1x96x14x14,0.028905
98,0,imagen.jpeg,111,layer_add,1x96x14x14,0.00824
98,0,imagen.jpeg,112,pointwise_conv,1x96x14x14,5.396367
98,0,imagen.jpeg,113,batchnorm,1x576x14x14,0.172766
98,0,imagen.jpeg,114,activacion,1x576x14x14,0.285901
98,0,imagen.jpeg,115,depthwise_conv,1x576x14x14,0.362109
98,0,imagen.jpeg,116,batchnorm,1x576x7x7,0.06122
98,0,imagen.jpeg,117,activacion,1x576x7x7,0.049561
98,0,imagen.jpeg,118,pointwise_conv,1x576x7x7,2.144466
98,0,imagen.jpeg,119,batchnorm,1x160x7x7,0.012673
98,0,imagen.jpeg,120,pointwise_conv,1x160x7x7,3.581322
98,0,imagen.jpeg,121,batchnorm,1x960x7x7,0.074406
98,0,imagen.jpeg,122,activacion,1x960x7x7,0.13362
98,0,imagen.jpeg,123,depthwise_conv,1x960x7x7,0.589401
98,0,imagen.jpeg,124,batchnorm,1x960x7x7,0.074716
98,0,imagen.jpeg,125,activacion,1x960x7x7,0.128322
98,0,imagen.jpeg,126,pointwise_conv,1x960x7x7,3.568952
98,0,imagen.jpeg,127,batchnorm,1x160x7x7,0.012614
98,0,imagen.jpeg,128,layer_add,1x160x7x7,0.003515
98,0,imagen.jpeg,129,pointwise_conv,1x160x7x7,3.582438
98,0,imagen.jpeg,130,batchnorm,1x960x7x7,0.074369
98,0,imagen.jpeg,131,activacion,1x960x7x7,0.127297
98,0,imagen.jpeg,132,depthwise_conv,1x960x7x7,0.589795
98,0,imagen.jpeg,133,batchnorm,1x960x7x7,0.125549
98,0,imagen.jpeg,134,activacion,1x960x7x7,0.111012
98,0,imagen.jpeg,135,pointwise_conv,1x960x7x7,3.56643
98,0,imagen.jpeg,136,batchnorm,1x160x7x7,0.012516
98,0,imagen.jpeg,137,layer_add,1x160x7x7,0.003741
98,0,imagen.jpeg,138,pointwise_conv,1x160x7x7,3.585743
98,0,imagen.jpeg,139,batchnorm,1x960x7x7,0.074358
98,0,imagen.jpeg,140,activacion,1x960x7x7,0.102289
98,0,imagen.jpeg,141,depthwise_conv,1x960x7x7,0.592905
98,0,imagen.jpeg,142,batchnorm,1x960x7x7,0.090797
98,0,imagen.jpeg,143,activacion,1x960x7x7,0.057373
98,0,imagen.jpeg,144,pointwise_conv,1x960x7x7,7.138512
98,0,imagen.jpeg,145,batchnorm,1x320x7x7,0.026886
98,0,imagen.jpeg,146,pointwise_conv,1x320x7x7,9.536627
98,0,imagen.jpeg,147,batchnorm,1x1280x7x7,0.099204
98,0,imagen.jpeg,148,activacion,1x1280x7x7,0.159103
98,0,imagen.jpeg,149,pooling,1x1280x7x7,0.033501
98,0,imagen.jpeg,150,linear,1x1280,1.103879
99,0,imagen.jpeg,0,conv2d,1x3x224x224,17.166715
99,0,imagen.jpeg,1,batchnorm,1x32x112x112,0.614545
99,0,imagen.jpeg,2,activacion,1x32x112x112,0.396554
99,0,imagen.jpeg,3,depthwise_conv,1x32x112x112,4.781359
99,0,imagen.jpeg,4,batchnorm,1x32x112x112,8.995736
99,0,imagen.jpeg,5,activacion,1x32x112x112,0.487468
99,0,imagen.jpeg,6,pointwise_conv,1x32x112x112,3.03046
99,0,imagen.jpeg,7,batchnorm,1x16x112x112,0.305012
99,0,imagen.jpeg,8,pointwise_conv,1x16x112x112,9.259867
99,0,imagen.jpeg,9,batchnorm,1x96x112x112,1.890945
99,0,imagen.jpeg,10,activacion,1x96x112x112,2.77107
99,0,imagen.jpeg,11,depthwise_conv,1x96x112x112,3.659841
99,0,imagen.jpeg,12,batchnorm,1x96x56x56,0.45701
99,0,imagen.jpeg,13,activacion,1x96x56x56,0.883283
99,0,imagen.jpeg,14,pointwise_conv,1x96x56x56,3.362821
99,0,imagen.jpeg,15,batchnorm,1x24x56x56,0.12061
99,0,imagen.jpeg,16,pointwise_conv,1x24x56x56,5.118474
99,0,imagen.jpeg,17,batchnorm,1x144x56x56,0.690887
99,0,imagen.jpeg,18,activacion,1x144x56x56,1.014467
99,0,imagen.jpeg,19,depthwise_conv,1x144x56x56,5.432915
99,0,imagen.jpeg,20,batchnorm,1x144x56x56,0.695751
99,0,imagen.jpeg,21,activacion,1x144x56x56,1.451164
99,0,imagen.jpeg,22,pointwise_conv,1x144x56x56,5.078202
99,0,imagen.jpeg,23,batchnorm,1x24x56x56,0.137246
99,0,imagen.jpeg,24,layer_add,1x24x56x56,0.034973
99,0,imagen.jpeg,25,pointwise_conv,1x24x56x56,5.114057
99,0,imagen.jpeg,26,batchnorm,1x144x56x56,0.686789
99,0,imagen.jpeg,27,activacion,1x144x56x56,1.339853
99,0,imagen.jpeg,28,depthwise_conv,1x144x56x56,1.387698
99,0,imagen.jpeg,29,batchnorm,1x144x28x28,0.181039
99,0,imagen.jpeg,30,activacion,1x144x28x28,0.299391
99,0,imagen.jpeg,31,pointwise_conv,1x144x28x28,1.702181
99,0,imagen.jpeg,32,batchnorm,1x32x28x28,0.038368
99,0,imagen.jpeg,33,pointwise_conv,1x32x28x28,2.293106
99,0,imagen.jpeg,34,batchnorm,1x192x28x28,0.229463
99,0,imagen.jpeg,35,activacion,1x192x28x28,0.291482
99,0,imagen.jpeg,36,depthwise_conv,1x192x28x28,1.830879
99,0,imagen.jpeg,37,batchnorm,1x192x28x28,0.229117
99,0,imagen.jpeg,38,activacion,1x192x28x28,0.478131
99,0,imagen.jpeg,39,pointwise_conv,1x192x28x28,2.273011
99,0,imagen.jpeg,40,batchnorm,1x32x28x28,0.038234
99,0,imagen.jpeg,41,layer_add,1x32x28x28,0.011078
99,0,imagen.jpeg,42,pointwise_conv,1x32x28x28,2.296929
99,0,imagen.jpeg,43,batchnorm,1x192x28x28,0.229109
99,0,imagen.jpeg,44,activacion,1x192x28x28,0.365758
99,0,imagen.jpeg,45,depthwise_conv,1x192x28x28,1.836433
99,0,imagen.jpeg,46,batchnorm,1x192x28x28,0.229406
99,0,imagen.jpeg,47,activacion,1x192x28x28,0.466862
99,0,imagen.jpeg,48,pointwise_conv,1x192x28x28,2.267092
99,0,imagen.jpeg,49,batchnorm,1x32x28x28,0.038285
99,0,imagen.jpeg,50,layer_add,1x32x28x28,0.013581
99,0,imagen.jpeg,51,pointwise_conv,1x32x28x28,2.294811
99,0,imagen.jpeg,52,batchnorm,1x192x28x28,0.233829
99,0,imagen.jpeg,53,activacion,1x192x28x28,0.439841
99,0,imagen.jpeg,54,depthwise_conv,1x192x28x28,0.488035
99,0,imagen.jpeg,55,batchnorm,1x192x14x14,0.057708
99,0,imagen.jpeg,56,activacion,1x192x14x14,0.077555
99,0,imagen.jpeg,57,pointwise_conv,1x192x14x14,1.197966
99,0,imagen.jpeg,58,batchnorm,1x64x14x14,0.019464
99,0,imagen.jpeg,59,pointwise_conv,1x64x14x14,2.413175
99,0,imagen.jpeg,60,batchnorm,1x384x14x14,0.118189
99,0,imagen.jpeg,61,activacion,1x384x14x14,0.153958
99,0,imagen.jpeg,62,depthwise_conv,1x384x14x14,0.917871
99,0,imagen.jpeg,63,batchnorm,1x384x14x14,0.115431
99,0,imagen.jpeg,64,activacion,1x384x14x14,0.244727
99,0,imagen.jpeg,65,pointwise_conv,1x384x14x14,2.388909
99,0,imagen.jpeg,66,batchnorm,1x64x14x14,0.022367
99,0,imagen.jpeg,67,layer_add,1x64x14x14,0.005526
99,0,imagen.jpeg,68,pointwise_conv,1x64x14x14,2.407174
99,0,imagen.jpeg,69,batchnorm,1x384x14x14,0.115199
99,0,imagen.jpeg,70,activacion,1x384x14x14,0.206039
99,0,imagen.jpeg,71,depthwise_conv,1x384x14x14,0.921134
99,0,imagen.jpeg,72,batchnorm,1x384x14x14,0.25084
99,0,imagen.jpeg,73,activacion,1x384x14x14,0.224091
99,0,imagen.jpeg,74,pointwise_conv,1x384x14x14,2.392526
99,0,imagen.jpeg,75,batchnorm,1x64x14x14,0.019444
99,0,imagen.jpeg,76,layer_add,1x64x14x14,0.00548
99,0,imagen.jpeg,77,pointwise_conv,1x64x14x14,2.41531
99,0,imagen.jpeg,78,batchnorm,1x384x14x14,0.115288
99,0,imagen.jpeg,79,activacion,1x384x14x14,0.229719
99,0,imagen.jpeg,80,depthwise_conv,1x384x14x14,0.933051
99,0,imagen.jpeg,81,batchnorm,1x384x14x14,0.447755
99,0,imagen.jpeg,82,activacion,1x384x14x14,0.200932
99,0,imagen.jpeg,83,pointwise_conv,1x384x14x14,2.386401
99,0,imagen.jpeg,84,batchnorm,1x64x14x14,0.019436
99,0,imagen.jpeg,85,layer_add,1x64x14x14,0.005484
99,0,imagen.jpeg,86,pointwise_conv,1x64x14x14,2.409923
99,0,imagen.jpeg,87,batchnorm,1x384x14x14,0.115305
99,0,imagen.jpeg,88,activacion,1x384x14x14,0.226764
99,0,imagen.jpeg,89,depthwise_conv,1x384x14x14,0.933312
99,0,imagen.jpeg,90,batchnorm,1x384x14x14,0.115302
99,0,imagen.jpeg,91,activacion,1x384x14x14,0.212297
99,0,imagen.jpeg,92,pointwise_conv,1x384x14x14,3.578334
99,0,imagen.jpeg,93,batchnorm,1x96x14x14,0.028965
99,0,imagen.jpeg,94,pointwise_conv,1x96x14x14,5.396129
99,0,imagen.jpeg,95,batchnorm,1x576x14x14,0.17288
99,0,imagen.jpeg,96,activacion,1x576x14x14,0.326364
99,0,imagen.jpeg,97,depthwise_conv,1x576x14x14,1.413478
99,0,imagen.jpeg,98,batchnorm,1x576x14x14,0.499302
99,0,imagen.jpeg,99,activacion,1x576x14x14,0.290082
99,0,imagen.jpeg,100,pointwise_conv,1x576x14x14,5.375048
99,0,imagen.jpeg,101,batchnorm,1x96x14x14,0.028909
99,0,imagen.jpeg,102,layer_add,1x96x14x14,0.009112
99,0,imagen.jpeg,103,pointwise_conv,1x96x14x14,5.405699
99,0,imagen.jpeg,104,batchnorm,1x576x14x14,0.176333
99,0,imagen.jpeg,105,activacion,1x576x14x14,0.326922
99,0,imagen.jpeg,106,depthwise_conv,1x576x14x14,1.389632
99,0,imagen.jpeg,107,batchnorm,1x576x14x14,0.435515
99,0,imagen.jpeg,108,activacion,1x576x14x14,0.258713
99,0,imagen.jpeg,109,pointwise_conv,1x576x14x14,5.375777
99,0,imagen.jpeg,110,batchnorm,1x96x14x14,0.028913
99,0,imagen.jpeg,111,layer_add,1x96x14x14,0.00825
99,0,imagen.jpeg,112,pointwise_conv,1x96x14x14,5.414834
99,0,imagen.jpeg,113,batchnorm,1x576x14x14,0.172284
99,0,imagen.jpeg,114,activacion,1x576x14x14,0.287323
99,0,imagen.jpeg,115,depthwise_conv,1x576x14x14,0.362254
99,0,imagen.jpeg,116,batchnorm,1x576x7x7,0.061218
99,0,imagen.jpeg,117,activacion,1x576x7x7,0.049684
99,0,imagen.jpeg,118,pointwise_conv,1x576x7x7,2.150419
99,0,imagen.jpeg,119,batchnorm,1x160x7x7,0.01273
99,0,imagen.jpeg,120,pointwise_conv,1x160x7x7,3.580865
99,0,imagen.jpeg,121,batchnorm,1x960x7x7,0.074361
99,0,imagen.jpeg,122,activacion,1x960x7x7,0.133279
99,0,imagen.jpeg,123,depthwise_conv,1x960x7x7,0.588936
99,0,imagen.jpeg,124,batchnorm,1x960x7x7,0.074563
99,0,imagen.jpeg,125,activacion,1x960x7x7,0.127926
99,0,imagen.jpeg,126,pointwise_conv,1x960x7x7,3.572379
99,0,imagen.jpeg,127,batchnorm,1x160x7x7,0.012563
99,0,imagen.jpeg,128,layer_add,1x160x7x7,0.0035
99,0,imagen.jpeg,129,pointwise_conv,1x160x7x7,3.605919
99,0,imagen.jpeg,130,batchnorm,1x960x7x7,0.074367
99,0,imagen.jpeg,131,activacion,1x960x7x7,0.12685
99,0,imagen.jpeg,132,depthwise_conv,1x960x7x7,0.586475
99,0,imagen.jpeg,133,batchnorm,1x960x7x7,0.12543
99,0,imagen.jpeg,134,activacion,1x960x7x7,0.112244
99,0,imagen.jpeg,135,pointwise_conv,1x960x7x7,3.566487
99,0,imagen.jpeg,136,batchnorm,1x160x7x7,0.012482
99,0,imagen.jpeg,137,layer_add,1x160x7x7,0.003926
99,0,imagen.jpeg,138,pointwise_conv,1x160x7x7,3.586975
99,0,imagen.jpeg,139,batchnorm,1x960x7x7,0.074421
99,0,imagen.jpeg,140,activacion,1x960x7x7,0.103381
99,0,imagen.jpeg,141,depthwise_conv,1x960x7x7,0.590287
99,0,imagen.jpeg,142,batchnorm,1x960x7x7,0.090827
99,0,imagen.jpeg,143,activacion,1x960x7x7,0.057209
99,0,imagen.jpeg,144,pointwise_conv,1x960x7x7,7.135177
99,0,imagen.jpeg,145,batchnorm,1x320x7x7,0.024957
99,0,imagen.jpeg,146,pointwise_conv,1x320x7x7,9.547295
99,0,imagen.jpeg,147,batchnorm,1x1280x7x7,0.099108
99,0,imagen.jpeg,148,activacion,1x1280x7x7,0.159635
99,0,imagen.jpeg,149,pooling,1x1280x7x7,0.033597
99,0,imagen.jpeg,150,linear,1x1280,1.104027
100,0,imagen.jpeg,0,conv2d,1x3x224x224,17.214671
100,0,imagen.jpeg,1,batchnorm,1x32x112x112,0.614062
100,0,imagen.jpeg,2,activacion,1x32x112x112,0.396665
100,0,imagen.jpeg,3,depthwise_conv,1x32x112x112,4.777584
100,0,imagen.jpeg,4,batchnorm,1x32x112x112,8.972854
100,0,imagen.jpeg,5,activacion,1x32x112x112,0.486943
100,0,imagen.jpeg,6,pointwise_conv,1x32x112x112,3.030046
100,0,imagen.jpeg,7,batchnorm,1x16x112x112,0.304846
100,0,imagen.jpeg,8,pointwise_conv,1x16x112x112,9.260365
100,0,imagen.jpeg,9,batchnorm,1x96x112x112,1.863021
100,0,imagen.jpeg,10,activacion,1x96x112x112,2.775951
100,0,imagen.jpeg,11,depthwise_conv,1x96x112x112,3.658574
100,0,imagen.jpeg,12,batchnorm,1x96x56x56,0.457259
100,0,imagen.jpeg,13,activacion,1x96x56x56,0.882535
100,0,imagen.jpeg,14,pointwise_conv,1x96x56x56,3.388086
100,0,imagen.jpeg,15,batchnorm,1x24x56x56,0.117866
100,0,imagen.jpeg,16,pointwise_conv,1x24x56x56,5.117403
100,0,imagen.jpeg,17,batchnorm,1x144x56x56,0.69288
100,0,imagen.jpeg,18,activacion,1x144x56x56,1.016132
100,0,imagen.jpeg,19,depthwise_conv,1x144x56x56,5.413913
100,0,imagen.jpeg,20,batchnorm,1x144x56x56,0.688711
100,0,imagen.jpeg,21,activacion,1x144x56x56,1.463634
100,0,imagen.jpeg,22,pointwise_conv,1x144x56x56,5.060269
100,0,imagen.jpeg,23,batchnorm,1x24x56x56,0.118577
100,0,imagen.jpeg,24,layer_add,1x24x56x56,0.03751
100,0,imagen.jpeg,25,pointwise_conv,1x24x56x56,5.113336
100,0,imagen.jpeg,26,batchnorm,1x144x56x56,0.70971
100,0,imagen.jpeg,27,activacion,1x144x56x56,1.341331
100,0,imagen.jpeg,28,depthwise_conv,1x144x56x56,1.376874
100,0,imagen.jpeg,29,batchnorm,1x144x28x28,0.175948
100,0,imagen.jpeg,30,activacion,1x144x28x28,0.298795
100,0,imagen.jpeg,31,pointwise_conv,1x144x28x28,1.701896
100,0,imagen.jpeg,32,batchnorm,1x32x28x28,0.038363
100,0,imagen.jpeg,33,pointwise_conv,1x32x28x28,2.292632
100,0,imagen.jpeg,34,batchnorm,1x192x28x28,0.229178
100,0,imagen.jpeg,35,activacion,1x192x28x28,0.295419
100,0,imagen.jpeg,36,depthwise_conv,1x192x28x28,1.784413
100,0,imagen.jpeg,37,batchnorm,1x192x28x28,0.235538
100,0,imagen.jpeg,38,activacion,1x192x28x28,0.479175
100,0,imagen.jpeg,39,pointwise_conv,1x192x28x28,2.266926
100,0,imagen.jpeg,40,batchnorm,1x32x28x28,0.038274
100,0,imagen.jpeg,41,layer_add,1x32x28x28,0.011036
100,0,imagen.jpeg,42,pointwise_conv,1x32x28x28,2.297578
100,0,imagen.jpeg,43,batchnorm,1x192x28x28,0.230978
100,0,imagen.jpeg,44,activacion,1x192x28x28,0.381894
100,0,imagen.jpeg,45,depthwise_conv,1x192x28x28,1.854252
100,0,imagen.jpeg,46,batchnorm,1x192x28x28,0.231942
100,0,imagen.jpeg,47,activacion,1x192x28x28,0.463396
100,0,imagen.jpeg,48,pointwise_conv,1x192x28x28,2.267021
100,0,imagen.jpeg,49,batchnorm,1x32x28x28,0.03831
100,0,imagen.jpeg,50,layer_add,1x32x28x28,0.011574
100,0,imagen.jpeg,51,pointwise_conv,1x32x28x28,2.296339
100,0,imagen.jpeg,52,batchnorm,1x192x28x28,0.229323
100,0,imagen.jpeg,53,activacion,1x192x28x28,0.435241
100,0,imagen.jpeg,54,depthwise_conv,1x192x28x28,0.477133
100,0,imagen.jpeg,55,batchnorm,1x192x14x14,0.057806
100,0,imagen.jpeg,56,activacion,1x192x14x14,0.08127
100,0,imagen.jpeg,57,pointwise_conv,1x192x14x14,1.195403
100,0,imagen.jpeg,58,batchnorm,1x64x14x14,0.019509
100,0,imagen.jpeg,59,pointwise_conv,1x64x14x14,2.41924
100,0,imagen.jpeg,60,batchnorm,1x384x14x14,0.115477
100,0,imagen.jpeg,61,activacion,1x384x14x14,0.157
100,0,imagen.jpeg,62,depthwise_conv,1x384x14x14,0.929411
100,0,imagen.jpeg,63,batchnorm,1x384x14x14,0.117288
100,0,imagen.jpeg,64,activacion,1x384x14x14,0.244951
100,0,imagen.jpeg,65,pointwise_conv,1x384x14x14,2.385686
100,0,imagen.jpeg,66,batchnorm,1x64x14x14,0.019355
100,0,imagen.jpeg,67,layer_add,1x64x14x14,0.005523
100,0,imagen.jpeg,68,pointwise_conv,1x64x14x14,2.403944
100,0,imagen.jpeg,69,batchnorm,1x384x14x14,0.115291
100,0,imagen.jpeg,70,activacion,1x384x14x14,0.206627
100,0,imagen.jpeg,71,depthwise_conv,1x384x14x14,0.91743
100,0,imagen.jpeg,72,batchnorm,1x384x14x14,0.248647
100,0,imagen.jpeg,73,activacion,1x384x14x14,0.221572
100,0,imagen.jpeg,74,pointwise_conv,1x384x14x14,2.390581
100,0,imagen.jpeg,75,batchnorm,1x64x14x14,0.019341
100,0,imagen.jpeg,76,layer_add,1x64x14x14,0.005503
100,0,imagen.jpeg,77,pointwise_conv,1x64x14x14,2.414565
100,0,imagen.jpeg,78,batchnorm,1x384x14x14,0.1152
100,0,imagen.jpeg,79,activacion,1x384x14x14,0.229507
100,0,imagen.jpeg,80,depthwise_conv,1x384x14x14,0.928248
100,0,imagen.jpeg,81,batchnorm,1x384x14x14,0.447469
100,0,imagen.jpeg,82,activacion,1x384x14x14,0.201171
100,0,imagen.jpeg,83,pointwise_conv,1x384x14x14,2.388344
100,0,imagen.jpeg,84,batchnorm,1x64x14x14,0.01951
100,0,imagen.jpeg,85,layer_add,1x64x14x14,0.005535
100,0,imagen.jpeg,86,pointwise_conv,1x64x14x14,2.404584
100,0,imagen.jpeg,87,batchnorm,1x384x14x14,0.115107
100,0,imagen.jpeg,88,activacion,1x384x14x14,0.228642
100,0,imagen.jpeg,89,depthwise_conv,1x384x14x14,0.930311
100,0,imagen.jpeg,90,batchnorm,1x384x14x14,0.121454
100,0,imagen.jpeg,91,activacion,1x384x14x14,0.215248
100,0,imagen.jpeg,92,pointwise_conv,1x384x14x14,3.583954
100,0,imagen.jpeg,93,batchnorm,1x96x14x14,0.028923
100,0,imagen.jpeg,94,pointwise_conv,1x96x14x14,5.40208
100,0,imagen.jpeg,95,batchnorm,1x576x14x14,0.172952
100,0,imagen.jpeg,96,activacion,1x576x14x14,0.328851
100,0,imagen.jpeg,97,depthwise_conv,1x576x14x14,1.365685
100,0,imagen.jpeg,98,batchnorm,1x576x14x14,0.49914
100,0,imagen.jpeg,99,activacion,1x576x14x14,0.288267
100,0,imagen.jpeg,100,pointwise_conv,1x576x14x14,5.37895
100,0,imagen.jpeg,101,batchnorm,1x96x14x14,0.028909
100,0,imagen.jpeg,102,layer_add,1x96x14x14,0.008225
100,0,imagen.jpeg,103,pointwise_conv,1x96x14x14,5.406089
100,0,imagen.jpeg,104,batchnorm,1x576x14x14,0.178738
100,0,imagen.jpeg,105,activacion,1x576x14x14,0.326788
100,0,imagen.jpeg,106,depthwise_conv,1x576x14x14,1.39355
100,0,imagen.jpeg,107,batchnorm,1x576x14x14,0.437441
100,0,imagen.jpeg,108,activacion,1x576x14x14,0.256485
100,0,imagen.jpeg,109,pointwise_conv,1x576x14x14,5.371717
100,0,imagen.jpeg,110,batchnorm,1x96x14x14,0.030676
100,0,imagen.jpeg,111,layer_add,1x96x14x14,0.008208
100,0,imagen.jpeg,112,pointwise_conv,1x96x14x14,5.404596
100,0,imagen.jpeg,113,batchnorm,1x576x14x14,0.172957
100,0,imagen.jpeg,114,activacion,1x576x14x14,0.286675
100,0,imagen.jpeg,115,depthwise_conv,1x576x14x14,0.362324
100,0,imagen.jpeg,116,batchnorm,1x576x7x7,0.061188
100,0,imagen.jpeg,117,activacion,1x576x7x7,0.049836
100,0,imagen.jpeg,118,pointwise_conv,1x576x7x7,2.142578
100,0,imagen.jpeg,119,batchnorm,1x160x7x7,0.012766
100,0,imagen.jpeg,120,pointwise_conv,1x160x7x7,3.604102
100,0,imagen.jpeg,121,batchnorm,1x960x7x7,0.074402
100,0,imagen.jpeg,122,activacion,1x960x7x7,0.134172
100,0,imagen.jpeg,123,depthwise_conv,1x960x7x7,0.5908
100,0,imagen.jpeg,124,batchnorm,1x960x7x7,0.074587
100,0,imagen.jpeg,125,activacion,1x960x7x7,0.127189
100,0,imagen.jpeg,126,pointwise_conv,1x960x7x7,3.569737
100,0,imagen.jpeg,127,batchnorm,1x160x7x7,0.01259
100,0,imagen.jpeg,128,layer_add,1x160x7x7,0.003498
100,0,imagen.jpeg,129,pointwise_conv,1x160x7x7,3.608866
100,0,imagen.jpeg,130,batchnorm,1x960x7x7,0.074408
100,0,imagen.jpeg,131,activacion,1x960x7x7,0.126286
100,0,imagen.jpeg,132,depthwise_conv,1x960x7x7,0.58605
100,0,imagen.jpeg,133,batchnorm,1x960x7x7,0.128107
100,0,imagen.jpeg,134,activacion,1x960x7x7,0.109881
100,0,imagen.jpeg,135,pointwise_conv,1x960x7x7,3.584188
100,0,imagen.jpeg,136,batchnorm,1x160x7x7,0.012513
100,0,imagen.jpeg,137,layer_add,1x160x7x7,0.003839
100,0,imagen.jpeg,138,pointwise_conv,1x160x7x7,3.58259
100,0,imagen.jpeg,139,batchnorm,1x960x7x7,0.074381
100,0,imagen.jpeg,140,activacion,1x960x7x7,0.103527
100,0,imagen.jpeg,141,depthwise_conv,1x960x7x7,0.581703
100,0,imagen.jpeg,142,batchnorm,1x960x7x7,0.090766
100,0,imagen.jpeg,143,activacion,1x960x7x7,0.057345
100,0,imagen.jpeg,144,pointwise_conv,1x960x7x7,7.143684
100,0,imagen.jpeg,145,batchnorm,1x320x7x7,0.025047
100,0,imagen.jpeg,146,pointwise_conv,1x320x7x7,9.532984
100,0,imagen.jpeg,147,batchnorm,1x1280x7x7,0.099159
100,0,imagen.jpeg,148,activacion,1x1280x7x7,0.158544
100,0,imagen.jpeg,149,pooling,1x1280x7x7,0.033513
100,0,imagen.jpeg,150,linear,1x1280,1.100972
101,0,imagen.jpeg,0,conv2d,1x3x224x224,17.38648
101,0,imagen.jpeg,1,batchnorm,1x32x112x112,0.61911
101,0,imagen.jpeg,2,activacion,1x32x112x112,0.395701
101,0,imagen.jpeg,3,depthwise_conv,1x32x112x112,4.806155
101,0,imagen.jpeg,4,batchnorm,1x32x112x112,8.998422
101,0,imagen.jpeg,5,activacion,1x32x112x112,0.501124
101,0,imagen.jpeg,6,pointwise_conv,1x32x112x112,3.045505
101,0,imagen.jpeg,7,batchnorm,1x16x112x112,0.304658
101,0,imagen.jpeg,8,pointwise_conv,1x16x112x112,9.259357
101,0,imagen.jpeg,9,batchnorm,1x96x112x112,1.842987
101,0,imagen.jpeg,10,activacion,1x96x112x112,2.890586
101,0,imagen.jpeg,11,depthwise_conv,1x96x112x112,3.710402
101,0,imagen.jpeg,12,batchnorm,1x96x56x56,0.475348
101,0,imagen.jpeg,13,activacion,1x96x56x56,0.892337
101,0,imagen.jpeg,14,pointwise_conv,1x96x56x56,3.372726
101,0,imagen.jpeg,15,batchnorm,1x24x56x56,0.114197
101,0,imagen.jpeg,16,pointwise_conv,1x24x56x56,5.144398
101,0,imagen.jpeg,17,batchnorm,1x144x56x56,0.736792
101,0,imagen.jpeg,18,activacion,1x144x56x56,1.049741
101,0,imagen.jpeg,19,depthwise_conv,1x144x56x56,5.716238
101,0,imagen.jpeg,20,batchnorm,1x144x56x56,0.730544
101,0,imagen.jpeg,21,activacion,1x144x56x56,1.551402
101,0,imagen.jpeg,22,pointwise_conv,1x144x56x56,5.224566
101,0,imagen.jpeg,23,batchnorm,1x24x56x56,0.116289
101,0,imagen.jpeg,24,layer_add,1x24x56x56,0.039989
101,0,imagen.jpeg,25,pointwise_conv,1x24x56x56,5.230082
101,0,imagen.jpeg,26,batchnorm,1x144x56x56,0.695421
101,0,imagen.jpeg,27,activacion,1x144x56x56,1.356437
101,0,imagen.jpeg,28,depthwise_conv,1x144x56x56,1.411824
101,0,imagen.jpeg,29,batchnorm,1x144x28x28,0.172133
101,0,imagen.jpeg,30,activacion,1x144x28x28,0.298918
101,0,imagen.jpeg,31,pointwise_conv,1x144x28x28,1.707061
101,0,imagen.jpeg,32,batchnorm,1x32x28x28,0.038525
101,0,imagen.jpeg,33,pointwise_conv,1x32x28x28,2.337919
101,0,imagen.jpeg,34,batchnorm,1x192x28x28,0.242194
101,0,imagen.jpeg,35,activacion,1x192x28x28,0.28903
101,0,imagen.jpeg,36,depthwise_conv,1x192x28x28,1.844575
101,0,imagen.jpeg,37,batchnorm,1x192x28x28,0.229382
101,0,imagen.jpeg,38,activacion,1x192x28x28,0.490481
101,0,imagen.jpeg,39,pointwise_conv,1x192x28x28,2.268539
101,0,imagen.jpeg,40,batchnorm,1x32x28x28,0.038238
101,0,imagen.jpeg,41,layer_add,1x32x28x28,0.011548
101,0,imagen.jpeg,42,pointwise_conv,1x32x28x28,2.311529
101,0,imagen.jpeg,43,batchnorm,1x192x28x28,0.236969
101,0,imagen.jpeg,44,activacion,1x192x28x28,0.369082
101,0,imagen.jpeg,45,depthwise_conv,1x192x28x28,1.827546
101,0,imagen.jpeg,46,batchnorm,1x192x28x28,0.234953
101,0,imagen.jpeg,47,activacion,1x192x28x28,0.472332
101,0,imagen.jpeg,48,pointwise_conv,1x192x28x28,2.276342
101,0,imagen.jpeg,49,batchnorm,1x32x28x28,0.038283
101,0,imagen.jpeg,50,layer_add,1x32x28x28,0.01161
101,0,imagen.jpeg,51,pointwise_conv,1x32x28x28,2.301192
101,0,imagen.jpeg,52,batchnorm,1x192x28x28,0.229384
101,0,imagen.jpeg,53,activacion,1x192x28x28,0.435053
101,0,imagen.jpeg,54,depthwise_conv,1x192x28x28,0.479977
101,0,imagen.jpeg,55,batchnorm,1x192x14x14,0.057712
101,0,imagen.jpeg,56,activacion,1x192x14x14,0.077793
101,0,imagen.jpeg,57,pointwise_conv,1x192x14x14,1.195743
101,0,imagen.jpeg,58,batchnorm,1x64x14x14,0.024221
101,0,imagen.jpeg,59,pointwise_conv,1x64x14x14,2.426239
101,0,imagen.jpeg,60,batchnorm,1x384x14x14,0.115721
101,0,imagen.jpeg,61,activacion,1x384x14x14,0.154118
101,0,imagen.jpeg,62,depthwise_conv,1x384x14x14,0.933333
101,0,imagen.jpeg,63,batchnorm,1x384x14x14,0.114977
101,0,imagen.jpeg,64,activacion,1x384x14x14,0.258953
101,0,imagen.jpeg,65,pointwise_conv,1x384x14x14,2.39206
101,0,imagen.jpeg,66,batchnorm,1x64x14x14,0.024294
101,0,imagen.jpeg,67,layer_add,1x64x14x14,0.005535
101,0,imagen.jpeg,68,pointwise_conv,1x64x14x14,2.412004
101,0,imagen.jpeg,69,batchnorm,1x384x14x14,0.115286
101,0,imagen.jpeg,70,activacion,1x384x14x14,0.205887
101,0,imagen.jpeg,71,depthwise_conv,1x384x14x14,0.924437
101,0,imagen.jpeg,72,batchnorm,1x384x14x14,0.245775
101,0,imagen.jpeg,73,activacion,1x384x14x14,0.226992
101,0,imagen.jpeg,74,pointwise_conv,1x384x14x14,2.397386
101,0,imagen.jpeg,75,batchnorm,1x64x14x14,0.019359
101,0,imagen.jpeg,76,layer_add,1x64x14x14,0.005527
101,0,imagen.jpeg,77,pointwise_conv,1x64x14x14,2.409961
101,0,imagen.jpeg,78,batchnorm,1x384x14x14,0.115183
101,0,imagen.jpeg,79,activacion,1x384x14x14,0.228749
101,0,imagen.jpeg,80,depthwise_conv,1x384x14x14,0.931887
101,0,imagen.jpeg,81,batchnorm,1x384x14x14,0.441875
101,0,imagen.jpeg,82,activacion,1x384x14x14,0.20428
101,0,imagen.jpeg,83,pointwise_conv,1x384x14x14,2.404854
101,0,imagen.jpeg,84,batchnorm,1x64x14x14,0.01947
101,0,imagen.jpeg,85,layer_add,1x64x14x14,0.005517
101,0,imagen.jpeg,86,pointwise_conv,1x64x14x14,2.41774
101,0,imagen.jpeg,87,batchnorm,1x384x14x14,0.122754
101,0,imagen.jpeg,88,activacion,1x384x14x14,0.228698
101,0,imagen.jpeg,89,depthwise_conv,1x384x14x14,0.9364
101,0,imagen.jpeg,90,batchnorm,1x384x14x14,0.115052
101,0,imagen.jpeg,91,activacion,1x384x14x14,0.215737
101,0,imagen.jpeg,92,pointwise_conv,1x384x14x14,3.60411
101,0,imagen.jpeg,93,batchnorm,1x96x14x14,0.028919
101,0,imagen.jpeg,94,pointwise_conv,1x96x14x14,5.411575
101,0,imagen.jpeg,95,batchnorm,1x576x14x14,0.177052
101,0,imagen.jpeg,96,activacion,1x576x14x14,0.326569
101,0,imagen.jpeg,97,depthwise_conv,1x576x14x14,1.398529
101,0,imagen.jpeg,98,batchnorm,1x576x14x14,0.499203
101,0,imagen.jpeg,99,activacion,1x576x14x14,0.286671
101,0,imagen.jpeg,100,pointwise_conv,1x576x14x14,5.3898
101,0,imagen.jpeg,101,batchnorm,1x96x14x14,0.028992
101,0,imagen.jpeg,102,layer_add,1x96x14x14,0.008239
101,0,imagen.jpeg,103,pointwise_conv,1x96x14x14,5.415948
101,0,imagen.jpeg,104,batchnorm,1x576x14x14,0.176525
101,0,imagen.jpeg,105,activacion,1x576x14x14,0.327577
101,0,imagen.jpeg,106,depthwise_conv,1x576x14x14,1.410729
101,0,imagen.jpeg,107,batchnorm,1x576x14x14,0.437133
101,0,imagen.jpeg,108,activacion,1x576x14x14,0.256229
101,0,imagen.jpeg,109,pointwise_conv,1x576x14x14,5.393111
101,0,imagen.jpeg,110,batchnorm,1x96x14x14,0.028888
101,0,imagen.jpeg,111,layer_add,1x96x14x14,0.008235
101,0,imagen.jpeg,112,pointwise_conv,1x96x14x14,5.410448
101,0,imagen.jpeg,113,batchnorm,1x576x14x14,0.184209
101,0,imagen.jpeg,114,activacion,1x576x14x14,0.298662
101,0,imagen.jpeg,115,depthwise_conv,1x576x14x14,0.348421
101,0,imagen.jpeg,116,batchnorm,1x576x7x7,0.061177
101,0,imagen.jpeg,117,activacion,1x576x7x7,0.049655
101,0,imagen.jpeg,118,pointwise_conv,1x576x7x7,2.176969
101,0,imagen.jpeg,119,batchnorm,1x160x7x7,0.012749
101,0,imagen.jpeg,120,pointwise_conv,1x160x7x7,3.66666
101,0,imagen.jpeg,121,batchnorm,1x960x7x7,0.074343
101,0,imagen.jpeg,122,activacion,1x960x7x7,0.132962
101,0,imagen.jpeg,123,depthwise_conv,1x960x7x7,0.587793
101,0,imagen.jpeg,124,batchnorm,1x960x7x7,0.076411
101,0,imagen.jpeg,125,activacion,1x960x7x7,0.126782
101,0,imagen.jpeg,126,pointwise_conv,1x960x7x7,3.603691
101,0,imagen.jpeg,127,batchnorm,1x160x7x7,0.012575
101,0,imagen.jpeg,128,layer_add,1x160x7x7,0.003492
101,0,imagen.jpeg,129,pointwise_conv,1x160x7x7,3.595035
101,0,imagen.jpeg,130,batchnorm,1x960x7x7,0.074433
101,0,imagen.jpeg,131,activacion,1x960x7x7,0.1258
101,0,imagen.jpeg,132,depthwise_conv,1x960x7x7,0.590647
101,0,imagen.jpeg,133,batchnorm,1x960x7x7,0.12557
101,0,imagen.jpeg,134,activacion,1x960x7x7,0.109786
101,0,imagen.jpeg,135,pointwise_conv,1x960x7x7,3.601196
101,0,imagen.jpeg,136,batchnorm,1x160x7x7,0.012494
101,0,imagen.jpeg,137,layer_add,1x160x7x7,0.004385
101,0,imagen.jpeg,138,pointwise_conv,1x160x7x7,3.59975
101,0,imagen.jpeg,139,batchnorm,1x960x7x7,0.076168
101,0,imagen.jpeg,140,activacion,1x960x7x7,0.107622
101,0,imagen.jpeg,141,depthwise_conv,1x960x7x7,0.569926
101,0,imagen.jpeg,142,batchnorm,1x960x7x7,0.090777
101,0,imagen.jpeg,143,activacion,1x960x7x7,0.057235
101,0,imagen.jpeg,144,pointwise_conv,1x960x7x7,7.154068
101,0,imagen.jpeg,145,batchnorm,1x320x7x7,0.024989
101,0,imagen.jpeg,146,pointwise_conv,1x320x7x7,9.594531
101,0,imagen.jpeg,147,batchnorm,1x1280x7x7,0.104415
101,0,imagen.jpeg,148,activacion,1x1280x7x7,0.157662
101,0,imagen.jpeg,149,pooling,1x1280x7x7,0.033588
101,0,imagen.jpeg,150,linear,1x1280,1.107114
102,0,imagen.jpeg,0,conv2d,1x3x224x224,17.358088
102,0,imagen.jpeg,1,batchnorm,1x32x112x112,0.618896
102,0,imagen.jpeg,2,activacion,1x32x112x112,0.39553
102,0,imagen.jpeg,3,depthwise_conv,1x32x112x112,4.817516
102,0,imagen.jpeg,4,batchnorm,1x32x112x112,9.022771
102,0,imagen.jpeg,5,activacion,1x32x112x112,0.50262
102,0,imagen.jpeg,6,pointwise_conv,1x32x112x112,3.059249
102,0,imagen.jpeg,7,batchnorm,1x16x112x112,0.323458
102,0,imagen.jpeg,8,pointwise_conv,1x16x112x112,9.34734
102,0,imagen.jpeg,9,batchnorm,1x96x112x112,1.895212
102,0,imagen.jpeg,10,activacion,1x96x112x112,2.793665
102,0,imagen.jpeg,11,depthwise_conv,1x96x112x112,3.720646
102,0,imagen.jpeg,12,batchnorm,1x96x56x56,0.462929
102,0,imagen.jpeg,13,activacion,1x96x56x56,0.885638
102,0,imagen.jpeg,14,pointwise_conv,1x96x56x56,3.377872
102,0,imagen.jpeg,15,batchnorm,1x24x56x56,0.118532
102,0,imagen.jpeg,16,pointwise_conv,1x24x56x56,5.131212
102,0,imagen.jpeg,17,batchnorm,1x144x56x56,0.721115
102,0,imagen.jpeg,18,activacion,1x144x56x56,1.016654
102,0,imagen.jpeg,19,depthwise_conv,1x144x56x56,5.442508
102,0,imagen.jpeg,20,batchnorm,1x144x56x56,0.702165
102,0,imagen.jpeg,21,activacion,1x144x56x56,1.447396
102,0,imagen.jpeg,22,pointwise_conv,1x144x56x56,5.112446
102,0,imagen.jpeg,23,batchnorm,1x24x56x56,0.118407
102,0,imagen.jpeg,24,layer_add,1x24x56x56,0.039557
102,0,imagen.jpeg,25,pointwise_conv,1x24x56x56,5.183013
102,0,imagen.jpeg,26,batchnorm,1x144x56x56,0.689747
102,0,imagen.jpeg,27,activacion,1x144x56x56,1.344477
102,0,imagen.jpeg,28,depthwise_conv,1x144x56x56,1.334869
102,0,imagen.jpeg,29,batchnorm,1x144x28x28,0.177639
102,0,imagen.jpeg,30,activacion,1x144x28x28,0.300645
102,0,imagen.jpeg,31,pointwise_conv,1x144x28x28,1.712364
102,0,imagen.jpeg,32,batchnorm,1x32x28x28,0.043923
102,0,imagen.jpeg,33,pointwise_conv,1x32x28x28,2.293409
102,0,imagen.jpeg,34,batchnorm,1x192x28x28,0.22911
102,0,imagen.jpeg,35,activacion,1x192x28x28,0.296216
102,0,imagen.jpeg,36,depthwise_conv,1x192x28x28,1.83515
102,0,imagen.jpeg,37,batchnorm,1x192x28x28,0.235002
102,0,imagen.jpeg,38,activacion,1x192x28x28,0.478105
102,0,imagen.jpeg,39,pointwise_conv,1x192x28x28,2.267642
102,0,imagen.jpeg,40,batchnorm,1x32x28x28,0.038242
102,0,imagen.jpeg,41,layer_add,1x32x28x28,0.014405
102,0,imagen.jpeg,42,pointwise_conv,1x32x28x28,2.294561
102,0,imagen.jpeg,43,batchnorm,1x192x28x28,0.242254
102,0,imagen.jpeg,44,activacion,1x192x28x28,0.388117
102,0,imagen.jpeg,45,depthwise_conv,1x192x28x28,1.796467
102,0,imagen.jpeg,46,batchnorm,1x192x28x28,0.229322
102,0,imagen.jpeg,47,activacion,1x192x28x28,0.46693
102,0,imagen.jpeg,48,pointwise_conv,1x192x28x28,2.269145
102,0,imagen.jpeg,49,batchnorm,1x32x28x28,0.038267
102,0,imagen.jpeg,50,layer_add,1x32x28x28,0.012219
102,0,imagen.jpeg,51,pointwise_conv,1x32x28x28,2.308344
102,0,imagen.jpeg,52,batchnorm,1x192x28x28,0.229206
102,0,imagen.jpeg,53,activacion,1x192x28x28,0.435577
102,0,imagen.jpeg,54,depthwise_conv,1x192x28x28,0.469329
102,0,imagen.jpeg,55,batchnorm,1x192x14x14,0.062874
102,0,imagen.jpeg,56,activacion,1x192x14x14,0.077772
102,0,imagen.jpeg,57,pointwise_conv,1x192x14x14,1.195801
102,0,imagen.jpeg,58,batchnorm,1x64x14x14,0.019441
102,0,imagen.jpeg,59,pointwise_conv,1x64x14x14,2.420478
102,0,imagen.jpeg,60,batchnorm,1x384x14x14,0.129341
102,0,imagen.jpeg,61,activacion,1x384x14x14,0.159896
102,0,imagen.jpeg,62,depthwise_conv,1x384x14x14,0.934731
102,0,imagen.jpeg,63,batchnorm,1x384x14x14,0.115358
102,0,imagen.jpeg,64,activacion,1x384x14x14,0.244601
102,0,imagen.jpeg,65,pointwise_conv,1x384x14x14,2.392608
102,0,imagen.jpeg,66,batchnorm,1x64x14x14,0.022642
102,0,imagen.jpeg,67,layer_add,1x64x14x14,0.005563
102,0,imagen.jpeg,68,pointwise_conv,1x64x14x14,2.415718
102,0,imagen.jpeg,69,batchnorm,1x384x14x14,0.115232
102,0,imagen.jpeg,70,activacion,1x384x14x14,0.210432
102,0,imagen.jpeg,71,depthwise_conv,1x384x14x14,0.928859
102,0,imagen.jpeg,72,batchnorm,1x384x14x14,0.249565
102,0,imagen.jpeg,73,activacion,1x384x14x14,0.222777
102,0,imagen.jpeg,74,pointwise_conv,1x384x14x14,2.396394
102,0,imagen.jpeg,75,batchnorm,1x64x14x14,0.026482
102,0,imagen.jpeg,76,layer_add,1x64x14x14,0.005653
102,0,imagen.jpeg,77,pointwise_conv,1x64x14x14,2.414674
102,0,imagen.jpeg,78,batchnorm,1x384x14x14,0.115315
102,0,imagen.jpeg,79,activacion,1x384x14x14,0.227984
102,0,imagen.jpeg,80,depthwise_conv,1x384x14x14,0.933764
102,0,imagen.jpeg,81,batchnorm,1x384x14x14,0.44753
102,0,imagen.jpeg,82,activacion,1x384x14x14,0.20064
102,0,imagen.jpeg,83,pointwise_conv,1x384x14x14,2.414674
102,0,imagen.jpeg,84,batchnorm,1x64x14x14,0.019454
102,0,imagen.jpeg,85,layer_add,1x64x14x14,0.005581
102,0,imagen.jpeg,86,pointwise_conv,1x64x14x14,2.408574
102,0,imagen.jpeg,87,batchnorm,1x384x14x14,0.115548
102,0,imagen.jpeg,88,activacion,1x384x14x14,0.227747
102,0,imagen.jpeg,89,depthwise_conv,1x384x14x14,0.927071
102,0,imagen.jpeg,90,batchnorm,1x384x14x14,0.120134
102,0,imagen.jpeg,91,activacion,1x384x14x14,0.214328
102,0,imagen.jpeg,92,pointwise_conv,1x384x14x14,3.59536
102,0,imagen.jpeg,93,batchnorm,1x96x14x14,0.029119
102,0,imagen.jpeg,94,pointwise_conv,1x96x14x14,5.416716
102,0,imagen.jpeg,95,batchnorm,1x576x14x14,0.172624
102,0,imagen.jpeg,96,activacion,1x576x14x14,0.332484
102,0,imagen.jpeg,97,depthwise_conv,1x576x14x14,1.395375
102,0,imagen.jpeg,98,batchnorm,1x576x14x14,0.503772
102,0,imagen.jpeg,99,activacion,1x576x14x14,0.296119
102,0,imagen.jpeg,100,pointwise_conv,1x576x14x14,5.389243
102,0,imagen.jpeg,101,batchnorm,1x96x14x14,0.028923
102,0,imagen.jpeg,102,layer_add,1x96x14x14,0.00838
102,0,imagen.jpeg,103,pointwise_conv,1x96x14x14,5.427479
102,0,imagen.jpeg,104,batchnorm,1x576x14x14,0.172472
102,0,imagen.jpeg,105,activacion,1x576x14x14,0.326674
102,0,imagen.jpeg,106,depthwise_conv,1x576x14x14,1.417562
102,0,imagen.jpeg,107,batchnorm,1x576x14x14,0.444872
102,0,imagen.jpeg,108,activacion,1x576x14x14,0.274432
102,0,imagen.jpeg,109,pointwise_conv,1x576x14x14,5.381963
102,0,imagen.jpeg,110,batchnorm,1x96x14x14,0.02893
102,0,imagen.jpeg,111,layer_add,1x96x14x14,0.008411
102,0,imagen.jpeg,112,pointwise_conv,1x96x14x14,5.42727
102,0,imagen.jpeg,113,batchnorm,1x576x14x14,0.184264
102,0,imagen.jpeg,114,activacion,1x576x14x14,0.291208
102,0,imagen.jpeg,115,depthwise_conv,1x576x14x14,0.387846
102,0,imagen.jpeg,116,batchnorm,1x576x7x7,0.061217
102,0,imagen.jpeg,117,activacion,1x576x7x7,0.050055
102,0,imagen.jpeg,118,pointwise_conv,1x576x7x7,2.147054
102,0,imagen.jpeg,119,batchnorm,1x160x7x7,0.012702
102,0,imagen.jpeg,120,pointwise_conv,1x160x7x7,3.597482
102,0,imagen.jpeg,121,batchnorm,1x960x7x7,0.074406
102,0,imagen.jpeg,122,activacion,1x960x7x7,0.133736
102,0,imagen.jpeg,123,depthwise_conv,1x960x7x7,0.581894
102,0,imagen.jpeg,124,batchnorm,1x960x7x7,0.074767
102,0,imagen.jpeg,125,activacion,1x960x7x7,0.127207
102,0,imagen.jpeg,126,pointwise_conv,1x960x7x7,3.574771
102,0,imagen.jpeg,127,batchnorm,1x160x7x7,0.012608
102,0,imagen.jpeg,128,layer_add,1x160x7x7,0.003552
102,0,imagen.jpeg,129,pointwise_conv,1x160x7x7,3.600543
102,0,imagen.jpeg,130,batchnorm,1x960x7x7,0.074433
102,0,imagen.jpeg,131,activacion,1x960x7x7,0.129746
102,0,imagen.jpeg,132,depthwise_conv,1x960x7x7,0.586002
102,0,imagen.jpeg,133,batchnorm,1x960x7x7,0.123611
102,0,imagen.jpeg,134,activacion,1x960x7x7,0.109532
102,0,imagen.jpeg,135,pointwise_conv,1x960x7x7,3.600863
102,0,imagen.jpeg,136,batchnorm,1x160x7x7,0.012517
102,0,imagen.jpeg,137,layer_add,1x160x7x7,0.00364
102,0,imagen.jpeg,138,pointwise_conv,1x160x7x7,3.60397
102,0,imagen.jpeg,139,batchnorm,1x960x7x7,0.07642
102,0,imagen.jpeg,140,activacion,1x960x7x7,0.102702
102,0,imagen.jpeg,141,depthwise_conv,1x960x7x7,0.620374
102,0,imagen.jpeg,142,batchnorm,1x960x7x7,0.094609
102,0,imagen.jpeg,143,activacion,1x960x7x7,0.058116
102,0,imagen.jpeg,144,pointwise_conv,1x960x7x7,7.169508
102,0,imagen.jpeg,145,batchnorm,1x320x7x7,0.02513
102,0,imagen.jpeg,146,pointwise_conv,1x320x7x7,9.553801
102,0,imagen.jpeg,147,batchnorm,1x1280x7x7,0.099236
102,0,imagen.jpeg,148,activacion,1x1280x7x7,0.157933
102,0,imagen.jpeg,149,pooling,1x1280x7x7,0.03372
102,0,imagen.jpeg,150,linear,1x1280,1.121352
103,0,imagen.jpeg,0,conv2d,1x3x224x224,17.358635
103,0,imagen.jpeg,1,batchnorm,1x32x112x112,0.64761
103,0,imagen.jpeg,2,activacion,1x32x112x112,0.396609
103,0,imagen.jpeg,3,depthwise_conv,1x32x112x112,4.838788
103,0,imagen.jpeg,4,batchnorm,1x32x112x112,9.018924
103,0,imagen.jpeg,5,activacion,1x32x112x112,0.50247
103,0,imagen.jpeg,6,pointwise_conv,1x32x112x112,3.078238
103,0,imagen.jpeg,7,batchnorm,1x16x112x112,0.308012
103,0,imagen.jpeg,8,pointwise_conv,1x16x112x112,9.274792
103,0,imagen.jpeg,9,batchnorm,1x96x112x112,1.892995
103,0,imagen.jpeg,10,activacion,1x96x112x112,2.820335
103,0,imagen.jpeg,11,depthwise_conv,1x96x112x112,3.715707
103,0,imagen.jpeg,12,batchnorm,1x96x56x56,0.470922
103,0,imagen.jpeg,13,activacion,1x96x56x56,0.895286
103,0,imagen.jpeg,14,pointwise_conv,1x96x56x56,3.376173
103,0,imagen.jpeg,15,batchnorm,1x24x56x56,0.123578
103,0,imagen.jpeg,16,pointwise_conv,1x24x56x56,5.131252
103,0,imagen.jpeg,17,batchnorm,1x144x56x56,0.726436
103,0,imagen.jpeg,18,activacion,1x144x56x56,1.063714
103,0,imagen.jpeg,19,depthwise_conv,1x144x56x56,5.49352
103,0,imagen.jpeg,20,batchnorm,1x144x56x56,0.691514
103,0,imagen.jpeg,21,activacion,1x144x56x56,1.446948
103,0,imagen.jpeg,22,pointwise_conv,1x144x56x56,5.089201
103,0,imagen.jpeg,23,batchnorm,1x24x56x56,0.114156
103,0,imagen.jpeg,24,layer_add,1x24x56x56,0.035666
103,0,imagen.jpeg,25,pointwise_conv,1x24x56x56,5.134356
103,0,imagen.jpeg,26,batchnorm,1x144x56x56,0.683633
103,0,imagen.jpeg,27,activacion,1x144x56x56,1.351883
103,0,imagen.jpeg,28,depthwise_conv,1x144x56x56,1.402657
103,0,imagen.jpeg,29,batchnorm,1x144x28x28,0.172263
103,0,imagen.jpeg,30,activacion,1x144x28x28,0.303293
103,0,imagen.jpeg,31,pointwise_conv,1x144x28x28,1.70722
103,0,imagen.jpeg,32,batchnorm,1x32x28x28,0.047783
103,0,imagen.jpeg,33,pointwise_conv,1x32x28x28,2.296851
103,0,imagen.jpeg,34,batchnorm,1x192x28x28,0.236582
103,0,imagen.jpeg,35,activacion,1x192x28x28,0.298434
103,0,imagen.jpeg,36,depthwise_conv,1x192x28x28,1.841642
103,0,imagen.jpeg,37,batchnorm,1x192x28x28,0.235567
103,0,imagen.jpeg,38,activacion,1x192x28x28,0.514698
103,0,imagen.jpeg,39,pointwise_conv,1x192x28x28,2.27014
103,0,imagen.jpeg,40,batchnorm,1x32x28x28,0.038299
103,0,imagen.jpeg,41,layer_add,1x32x28x28,0.011738
103,0,imagen.jpeg,42,pointwise_conv,1x32x28x28,2.296722
103,0,imagen.jpeg,43,batchnorm,1x192x28x28,0.229352
103,0,imagen.jpeg,44,activacion,1x192x28x28,0.374647
103,0,imagen.jpeg,45,depthwise_conv,1x192x28x28,1.828158
103,0,imagen.jpeg,46,batchnorm,1x192x28x28,0.229129
103,0,imagen.jpeg,47,activacion,1x192x28x28,0.467062
103,0,imagen.jpeg,48,pointwise_conv,1x192x28x28,2.27012
103,0,imagen.jpeg,49,batchnorm,1x32x28x28,0.038372
103,0,imagen.jpeg,50,layer_add,1x32x28x28,0.012376
103,0,imagen.jpeg,51,pointwise_conv,1x32x28x28,2.304115
103,0,imagen.jpeg,52,batchnorm,1x192x28x28,0.229127
103,0,imagen.jpeg,53,activacion,1x192x28x28,0.435316
103,0,imagen.jpeg,54,depthwise_conv,1x192x28x28,0.466199
103,0,imagen.jpeg,55,batchnorm,1x192x14x14,0.063877
103,0,imagen.jpeg,56,activacion,1x192x14x14,0.077924
103,0,imagen.jpeg,57,pointwise_conv,1x192x14x14,1.195987
103,0,imagen.jpeg,58,batchnorm,1x64x14x14,0.019371
103,0,imagen.jpeg,59,pointwise_conv,1x64x14x14,2.434316
103,0,imagen.jpeg,60,batchnorm,1x384x14x14,0.126323
103,0,imagen.jpeg,61,activacion,1x384x14x14,0.15655
103,0,imagen.jpeg,62,depthwise_conv,1x384x14x14,0.937608
103,0,imagen.jpeg,63,batchnorm,1x384x14x14,0.116884
103,0,imagen.jpeg,64,activacion,1x384x14x14,0.243283
103,0,imagen.jpeg,65,pointwise_conv,1x384x14x14,2.395266
103,0,imagen.jpeg,66,batchnorm,1x64x14x14,0.019358
103,0,imagen.jpeg,67,layer_add,1x64x14x14,0.005883
103,0,imagen.jpeg,68,pointwise_conv,1x64x14x14,2.430963
103,0,imagen.jpeg,69,batchnorm,1x384x14x14,0.115357
103,0,imagen.jpeg,70,activacion,1x384x14x14,0.208886
103,0,imagen.jpeg,71,depthwise_conv,1x384x14x14,0.9286
103,0,imagen.jpeg,72,batchnorm,1x384x14x14,0.247517
103,0,imagen.jpeg,73,activacion,1x384x14x14,0.221271
103,0,imagen.jpeg,74,pointwise_conv,1x384x14x14,2.391434
103,0,imagen.jpeg,75,batchnorm,1x64x14x14,0.02304
103,0,imagen.jpeg,76,layer_add,1x64x14x14,0.005642
103,0,imagen.jpeg,77,pointwise_conv,1x64x14x14,2.415257
103,0,imagen.jpeg,78,batchnorm,1x384x14x14,0.115322
103,0,imagen.jpeg,79,activacion,1x384x14x14,0.228597
103,0,imagen.jpeg,80,depthwise_conv,1x384x14x14,0.931559
103,0,imagen.jpeg,81,batchnorm,1x384x14x14,0.445135
103,0,imagen.jpeg,82,activacion,1x384x14x14,0.200472
103,0,imagen.jpeg,83,pointwise_conv,1x384x14x14,2.398337
103,0,imagen.jpeg,84,batchnorm,1x64x14x14,0.019493
103,0,imagen.jpeg,85,layer_add,1x64x14x14,0.005584
103,0,imagen.jpeg,86,pointwise_conv,1x64x14x14,2.410984
103,0,imagen.jpeg,87,batchnorm,1x384x14x14,0.115045
103,0,imagen.jpeg,88,activacion,1x384x14x14,0.226774
103,0,imagen.jpeg,89,depthwise_conv,1x384x14x14,0.929377
103,0,imagen.jpeg,90,batchnorm,1x384x14x14,0.120919
103,0,imagen.jpeg,91,activacion,1x384x14x14,0.21327
103,0,imagen.jpeg,92,pointwise_conv,1x384x14x14,3.592321
103,0,imagen.jpeg,93,batchnorm,1x96x14x14,0.029031
103,0,imagen.jpeg,94,pointwise_conv,1x96x14x14,5.414342
103,0,imagen.jpeg,95,batchnorm,1x576x14x14,0.172877
103,0,imagen.jpeg,96,activacion,1x576x14x14,0.349577
103,0,imagen.jpeg,97,depthwise_conv,1x576x14x14,1.40036
103,0,imagen.jpeg,98,batchnorm,1x576x14x14,0.504653
103,0,imagen.jpeg,99,activacion,1x576x14x14,0.290513
103,0,imagen.jpeg,100,pointwise_conv,1x576x14x14,5.395877
103,0,imagen.jpeg,101,batchnorm,1x96x14x14,0.028939
103,0,imagen.jpeg,102,layer_add,1x96x14x14,0.008425
103,0,imagen.jpeg,103,pointwise_conv,1x96x14x14,5.419913
103,0,imagen.jpeg,104,batchnorm,1x576x14x14,0.172443
103,0,imagen.jpeg,105,activacion,1x576x14x14,0.328054
103,0,imagen.jpeg,106,depthwise_conv,1x576x14x14,1.392839
103,0,imagen.jpeg,107,batchnorm,1x576x14x14,0.436149
103,0,imagen.jpeg,108,activacion,1x576x14x14,0.267356
103,0,imagen.jpeg,109,pointwise_conv,1x576x14x14,5.381371
103,0,imagen.jpeg,110,batchnorm,1x96x14x14,0.02887
103,0,imagen.jpeg,111,layer_add,1x96x14x14,0.008472
103,0,imagen.jpeg,112,pointwise_conv,1x96x14x14,5.4102
103,0,imagen.jpeg,113,batchnorm,1x576x14x14,0.172314
103,0,imagen.jpeg,114,activacion,1x576x14x14,0.284664
103,0,imagen.jpeg,115,depthwise_conv,1x576x14x14,0.370835
103,0,imagen.jpeg,116,batchnorm,1x576x7x7,0.061162
103,0,imagen.jpeg,117,activacion,1x576x7x7,0.049685
103,0,imagen.jpeg,118,pointwise_conv,1x576x7x7,2.144295
103,0,imagen.jpeg,119,batchnorm,1x160x7x7,0.012707
103,0,imagen.jpeg,120,pointwise_conv,1x160x7x7,3.584238
103,0,imagen.jpeg,121,batchnorm,1x960x7x7,0.077483
103,0,imagen.jpeg,122,activacion,1x960x7x7,0.13426
103,0,imagen.jpeg,123,depthwise_conv,1x960x7x7,0.560718
103,0,imagen.jpeg,124,batchnorm,1x960x7x7,0.074521
103,0,imagen.jpeg,125,activacion,1x960x7x7,0.128002
103,0,imagen.jpeg,126,pointwise_conv,1x960x7x7,3.569521
103,0,imagen.jpeg,127,batchnorm,1x160x7x7,0.012591
103,0,imagen.jpeg,128,layer_add,1x160x7x7,0.003492
103,0,imagen.jpeg,129,pointwise_conv,1x160x7x7,3.604604
103,0,imagen.jpeg,130,batchnorm,1x960x7x7,0.074448
103,0,imagen.jpeg,131,activacion,1x960x7x7,0.126645
103,0,imagen.jpeg,132,depthwise_conv,1x960x7x7,0.589194
103,0,imagen.jpeg,133,batchnorm,1x960x7x7,0.123536
103,0,imagen.jpeg,134,activacion,1x960x7x7,0.109342
103,0,imagen.jpeg,135,pointwise_conv,1x960x7x7,3.580673
103,0,imagen.jpeg,136,batchnorm,1x160x7x7,0.012511
103,0,imagen.jpeg,137,layer_add,1x160x7x7,0.003757
103,0,imagen.jpeg,138,pointwise_conv,1x160x7x7,3.592688
103,0,imagen.jpeg,139,batchnorm,1x960x7x7,0.074372
103,0,imagen.jpeg,140,activacion,1x960x7x7,0.103028
103,0,imagen.jpeg,141,depthwise_conv,1x960x7x7,0.565818
103,0,imagen.jpeg,142,batchnorm,1x960x7x7,0.09696
103,0,imagen.jpeg,143,activacion,1x960x7x7,0.059444
103,0,imagen.jpeg,144,pointwise_conv,1x960x7x7,7.151341
103,0,imagen.jpeg,145,batchnorm,1x320x7x7,0.025082
103,0,imagen.jpeg,146,pointwise_conv,1x320x7x7,9.583156
103,0,imagen.jpeg,147,batchnorm,1x1280x7x7,0.111617
103,0,imagen.jpeg,148,activacion,1x1280x7x7,0.163083
103,0,imagen.jpeg,149,pooling,1x1280x7x7,0.0336
103,0,imagen.jpeg,150,linear,1x1280,1.112272
104,0,imagen.jpeg,0,conv2d,1x3x224x224,17.242605
104,0,imagen.jpeg,1,batchnorm,1x32x112x112,0.615807
104,0,imagen.jpeg,2,activacion,1x32x112x112,0.404449
104,0,imagen.jpeg,3,depthwise_conv,1x32x112x112,4.786075
104,0,imagen.jpeg,4,batchnorm,1x32x112x112,8.991343
104,0,imagen.jpeg,5,activacion,1x32x112x112,0.497365
104,0,imagen.jpeg,6,pointwise_conv,1x32x112x112,3.185233
104,0,imagen.jpeg,7,batchnorm,1x16x112x112,0.308594
104,0,imagen.jpeg,8,pointwise_conv,1x16x112x112,9.238167
104,0,imagen.jpeg,9,batchnorm,1x96x112x112,1.849433
104,0,imagen.jpeg,10,activacion,1x96x112x112,2.784713
104,0,imagen.jpeg,11,depthwise_conv,1x96x112x112,3.667629
104,0,imagen.jpeg,12,batchnorm,1x96x56x56,0.457184
104,0,imagen.jpeg,13,activacion,1x96x56x56,0.882476
104,0,imagen.jpeg,14,pointwise_conv,1x96x56x56,3.36849
104,0,imagen.jpeg,15,batchnorm,1x24x56x56,0.114409
104,0,imagen.jpeg,16,pointwise_conv,1x24x56x56,5.149523
104,0,imagen.jpeg,17,batchnorm,1x144x56x56,0.684511
104,0,imagen.jpeg,18,activacion,1x144x56x56,1.01599
104,0,imagen.jpeg,19,depthwise_conv,1x144x56x56,5.45701
104,0,imagen.jpeg,20,batchnorm,1x144x56x56,0.697354
104,0,imagen.jpeg,21,activacion,1x144x56x56,1.470319
104,0,imagen.jpeg,22,pointwise_conv,1x144x56x56,5.091389
104,0,imagen.jpeg,23,batchnorm,1x24x56x56,0.118351
104,0,imagen.jpeg,24,layer_add,1x24x56x56,0.038575
104,0,imagen.jpeg,25,pointwise_conv,1x24x56x56,5.114888
104,0,imagen.jpeg,26,batchnorm,1x144x56x56,0.690013
104,0,imagen.jpeg,27,activacion,1x144x56x56,1.345697
104,0,imagen.jpeg,28,depthwise_conv,1x144x56x56,1.394425
104,0,imagen.jpeg,29,batchnorm,1x144x28x28,0.176204
104,0,imagen.jpeg,30,activacion,1x144x28x28,0.305661
104,0,imagen.jpeg,31,pointwise_conv,1x144x28x28,1.706639
104,0,imagen.jpeg,32,batchnorm,1x32x28x28,0.043176
104,0,imagen.jpeg,33,pointwise_conv,1x32x28x28,2.298168
104,0,imagen.jpeg,34,batchnorm,1x192x28x28,0.229364
104,0,imagen.jpeg,35,activacion,1x192x28x28,0.29576
104,0,imagen.jpeg,36,depthwise_conv,1x192x28x28,1.814179
104,0,imagen.jpeg,37,batchnorm,1x192x28x28,0.235195
104,0,imagen.jpeg,38,activacion,1x192x28x28,0.477702
104,0,imagen.jpeg,39,pointwise_conv,1x192x28x28,2.270145
104,0,imagen.jpeg,40,batchnorm,1x32x28x28,0.038282
104,0,imagen.jpeg,41,layer_add,1x32x28x28,0.011344
104,0,imagen.jpeg,42,pointwise_conv,1x32x28x28,2.296891
104,0,imagen.jpeg,43,batchnorm,1x192x28x28,0.229323
104,0,imagen.jpeg,44,activacion,1x192x28x28,0.368613
104,0,imagen.jpeg,45,depthwise_conv,1x192x28x28,1.843021
104,0,imagen.jpeg,46,batchnorm,1x192x28x28,0.232973
104,0,imagen.jpeg,47,activacion,1x192x28x28,0.470414
104,0,imagen.jpeg,48,pointwise_conv,1x192x28x28,2.271432
104,0,imagen.jpeg,49,batchnorm,1x32x28x28,0.038286
104,0,imagen.jpeg,50,layer_add,1x32x28x28,0.01124
104,0,imagen.jpeg,51,pointwise_conv,1x32x28x28,2.44093
104,0,imagen.jpeg,52,batchnorm,1x192x28x28,0.23283
104,0,imagen.jpeg,53,activacion,1x192x28x28,0.428394
104,0,imagen.jpeg,54,depthwise_conv,1x192x28x28,0.465329
104,0,imagen.jpeg,55,batchnorm,1x192x14x14,0.060629
104,0,imagen.jpeg,56,activacion,1x192x14x14,0.077728
104,0,imagen.jpeg,57,pointwise_conv,1x192x14x14,1.19579
104,0,imagen.jpeg,58,batchnorm,1x64x14x14,0.019344
104,0,imagen.jpeg,59,pointwise_conv,1x64x14x14,2.409868
104,0,imagen.jpeg,60,batchnorm,1x384x14x14,0.115476
104,0,imagen.jpeg,61,activacion,1x384x14x14,0.154411
104,0,imagen.jpeg,62,depthwise_conv,1x384x14x14,0.932724
104,0,imagen.jpeg,63,batchnorm,1x384x14x14,0.11716
104,0,imagen.jpeg,64,activacion,1x384x14x14,0.244203
104,0,imagen.jpeg,65,pointwise_conv,1x384x14x14,2.391409
104,0,imagen.jpeg,66,batchnorm,1x64x14x14,0.019267
104,0,imagen.jpeg,67,layer_add,1x64x14x14,0.005569
104,0,imagen.jpeg,68,pointwise_conv,1x64x14x14,2.409025
104,0,imagen.jpeg,69,batchnorm,1x384x14x14,0.115272
104,0,imagen.jpeg,70,activacion,1x384x14x14,0.209922
104,0,imagen.jpeg,71,depthwise_conv,1x384x14x14,0.928957
104,0,imagen.jpeg,72,batchnorm,1x384x14x14,0.247583
104,0,imagen.jpeg,73,activacion,1x384x14x14,0.222201
104,0,imagen.jpeg,74,pointwise_conv,1x384x14x14,2.39122
104,0,imagen.jpeg,75,batchnorm,1x64x14x14,0.023663
104,0,imagen.jpeg,76,layer_add,1x64x14x14,0.005528
104,0,imagen.jpeg,77,pointwise_conv,1x64x14x14,2.409828
104,0,imagen.jpeg,78,batchnorm,1x384x14x14,0.115266
104,0,imagen.jpeg,79,activacion,1x384x14x14,0.229711
104,0,imagen.jpeg,80,depthwise_conv,1x384x14x14,0.932216
104,0,imagen.jpeg,81,batchnorm,1x384x14x14,0.445613
104,0,imagen.jpeg,82,activacion,1x384x14x14,0.200505
104,0,imagen.jpeg,83,pointwise_conv,1x384x14x14,2.391104
104,0,imagen.jpeg,84,batchnorm,1x64x14x14,0.019386
104,0,imagen.jpeg,85,layer_add,1x64x14x14,0.005487
104,0,imagen.jpeg,86,pointwise_conv,1x64x14x14,2.402205
104,0,imagen.jpeg,87,batchnorm,1x384x14x14,0.115028
104,0,imagen.jpeg,88,activacion,1x384x14x14,0.229833
104,0,imagen.jpeg,89,depthwise_conv,1x384x14x14,0.932204
104,0,imagen.jpeg,90,batchnorm,1x384x14x14,0.119093
104,0,imagen.jpeg,91,activacion,1x384x14x14,0.213164
104,0,imagen.jpeg,92,pointwise_conv,1x384x14x14,3.587981
104,0,imagen.jpeg,93,batchnorm,1x96x14x14,0.028936
104,0,imagen.jpeg,94,pointwise_conv,1x96x14x14,5.39353
104,0,imagen.jpeg,95,batchnorm,1x576x14x14,0.176603
104,0,imagen.jpeg,96,activacion,1x576x14x14,0.325636
104,0,imagen.jpeg,97,depthwise_conv,1x576x14x14,1.408126
104,0,imagen.jpeg,98,batchnorm,1x576x14x14,0.499268
104,0,imagen.jpeg,99,activacion,1x576x14x14,0.29641
104,0,imagen.jpeg,100,pointwise_conv,1x576x14x14,5.370086
104,0,imagen.jpeg,101,batchnorm,1x96x14x14,0.02894
104,0,imagen.jpeg,102,layer_add,1x96x14x14,0.008536
104,0,imagen.jpeg,103,pointwise_conv,1x96x14x14,5.411276
104,0,imagen.jpeg,104,batchnorm,1x576x14x14,0.172991
104,0,imagen.jpeg,105,activacion,1x576x14x14,0.327236
104,0,imagen.jpeg,106,depthwise_conv,1x576x14x14,1.40168
104,0,imagen.jpeg,107,batchnorm,1x576x14x14,0.433981
104,0,imagen.jpeg,108,activacion,1x576x14x14,0.257715
104,0,imagen.jpeg,109,pointwise_conv,1x576x14x14,5.373168
104,0,imagen.jpeg,110,batchnorm,1x96x14x14,0.028889
104,0,imagen.jpeg,111,layer_add,1x96x14x14,0.008214
104,0,imagen.jpeg,112,pointwise_conv,1x96x14x14,5.401961
104,0,imagen.jpeg,113,batchnorm,1x576x14x14,0.178042
104,0,imagen.jpeg,114,activacion,1x576x14x14,0.283625
104,0,imagen.jpeg,115,depthwise_conv,1x576x14x14,0.364408
104,0,imagen.jpeg,116,batchnorm,1x576x7x7,0.061162
104,0,imagen.jpeg,117,activacion,1x576x7x7,0.053907
104,0,imagen.jpeg,118,pointwise_conv,1x576x7x7,2.141646
104,0,imagen.jpeg,119,batchnorm,1x160x7x7,0.012673
104,0,imagen.jpeg,120,pointwise_conv,1x160x7x7,3.581763
104,0,imagen.jpeg,121,batchnorm,1x960x7x7,0.074409
104,0,imagen.jpeg,122,activacion,1x960x7x7,0.137099
104,0,imagen.jpeg,123,depthwise_conv,1x960x7x7,0.56081
104,0,imagen.jpeg,124,batchnorm,1x960x7x7,0.074545
104,0,imagen.jpeg,125,activacion,1x960x7x7,0.128242
104,0,imagen.jpeg,126,pointwise_conv,1x960x7x7,3.566571
104,0,imagen.jpeg,127,batchnorm,1x160x7x7,0.012577
104,0,imagen.jpeg,128,layer_add,1x160x7x7,0.003487
104,0,imagen.jpeg,129,pointwise_conv,1x160x7x7,3.586548
104,0,imagen.jpeg,130,batchnorm,1x960x7x7,0.074393
104,0,imagen.jpeg,131,activacion,1x960x7x7,0.127759
104,0,imagen.jpeg,132,depthwise_conv,1x960x7x7,0.594114
104,0,imagen.jpeg,133,batchnorm,1x960x7x7,0.123622
104,0,imagen.jpeg,134,activacion,1x960x7x7,0.110088
104,0,imagen.jpeg,135,pointwise_conv,1x960x7x7,3.571842
104,0,imagen.jpeg,136,batchnorm,1x160x7x7,0.012509
104,0,imagen.jpeg,137,layer_add,1x160x7x7,0.004002
104,0,imagen.jpeg,138,pointwise_conv,1x160x7x7,3.582593
104,0,imagen.jpeg,139,batchnorm,1x960x7x7,0.074377
104,0,imagen.jpeg,140,activacion,1x960x7x7,0.105968
104,0,imagen.jpeg,141,depthwise_conv,1x960x7x7,0.586015
104,0,imagen.jpeg,142,batchnorm,1x960x7x7,0.090788
104,0,imagen.jpeg,143,activacion,1x960x7x7,0.056963
104,0,imagen.jpeg,144,pointwise_conv,1x960x7x7,7.138061
104,0,imagen.jpeg,145,batchnorm,1x320x7x7,0.024982
104,0,imagen.jpeg,146,pointwise_conv,1x320x7x7,9.545841
104,0,imagen.jpeg,147,batchnorm,1x1280x7x7,0.102133
104,0,imagen.jpeg,148,activacion,1x1280x7x7,0.158507
104,0,imagen.jpeg,149,pooling,1x1280x7x7,0.033687
104,0,imagen.jpeg,150,linear,1x1280,1.106462
105,0,imagen.jpeg,0,conv2d,1x3x224x224,17.226502
105,0,imagen.jpeg,1,batchnorm,1x32x112x112,0.62052
105,0,imagen.jpeg,2,activacion,1x32x112x112,0.395933
105,0,imagen.jpeg,3,depthwise_conv,1x32x112x112,4.761769
105,0,imagen.jpeg,4,batchnorm,1x32x112x112,8.974073
105,0,imagen.jpeg,5,activacion,1x32x112x112,0.491241
105,0,imagen.jpeg,6,pointwise_conv,1x32x112x112,3.027523
105,0,imagen.jpeg,7,batchnorm,1x16x112x112,0.304743
105,0,imagen.jpeg,8,pointwise_conv,1x16x112x112,9.25435
105,0,imagen.jpeg,9,batchnorm,1x96x112x112,1.882985
105,0,imagen.jpeg,10,activacion,1x96x112x112,2.81727
105,0,imagen.jpeg,11,depthwise_conv,1x96x112x112,3.684589
105,0,imagen.jpeg,12,batchnorm,1x96x56x56,0.459434
105,0,imagen.jpeg,13,activacion,1x96x56x56,0.885276
105,0,imagen.jpeg,14,pointwise_conv,1x96x56x56,3.374558
105,0,imagen.jpeg,15,batchnorm,1x24x56x56,0.113994
105,0,imagen.jpeg,16,pointwise_conv,1x24x56x56,5.122587
105,0,imagen.jpeg,17,batchnorm,1x144x56x56,0.694803
105,0,imagen.jpeg,18,activacion,1x144x56x56,1.007574
105,0,imagen.jpeg,19,depthwise_conv,1x144x56x56,5.42329
105,0,imagen.jpeg,20,batchnorm,1x144x56x56,0.689238
105,0,imagen.jpeg,21,activacion,1x144x56x56,1.446579
105,0,imagen.jpeg,22,pointwise_conv,1x144x56x56,5.062608
105,0,imagen.jpeg,23,batchnorm,1x24x56x56,0.114203
105,0,imagen.jpeg,24,layer_add,1x24x56x56,0.033373
105,0,imagen.jpeg,25,pointwise_conv,1x24x56x56,5.111729
105,0,imagen.jpeg,26,batchnorm,1x144x56x56,0.70412
105,0,imagen.jpeg,27,activacion,1x144x56x56,1.338839
105,0,imagen.jpeg,28,depthwise_conv,1x144x56x56,1.406953
105,0,imagen.jpeg,29,batchnorm,1x144x28x28,0.178532
105,0,imagen.jpeg,30,activacion,1x144x28x28,0.299685
105,0,imagen.jpeg,31,pointwise_conv,1x144x28x28,1.701932
105,0,imagen.jpeg,32,batchnorm,1x32x28x28,0.038346
105,0,imagen.jpeg,33,pointwise_conv,1x32x28x28,2.294237
105,0,imagen.jpeg,34,batchnorm,1x192x28x28,0.238011
105,0,imagen.jpeg,35,activacion,1x192x28x28,0.289026
105,0,imagen.jpeg,36,depthwise_conv,1x192x28x28,1.848214
105,0,imagen.jpeg,37,batchnorm,1x192x28x28,0.23882
105,0,imagen.jpeg,38,activacion,1x192x28x28,0.484358
105,0,imagen.jpeg,39,pointwise_conv,1x192x28x28,2.266227
105,0,imagen.jpeg,40,batchnorm,1x32x28x28,0.038282
105,0,imagen.jpeg,41,layer_add,1x32x28x28,0.011266
105,0,imagen.jpeg,42,pointwise_conv,1x32x28x28,2.296014
105,0,imagen.jpeg,43,batchnorm,1x192x28x28,0.236161
105,0,imagen.jpeg,44,activacion,1x192x28x28,0.361613
105,0,imagen.jpeg,45,depthwise_conv,1x192x28x28,1.824181
105,0,imagen.jpeg,46,batchnorm,1x192x28x28,0.229194
105,0,imagen.jpeg,47,activacion,1x192x28x28,0.468338
105,0,imagen.jpeg,48,pointwise_conv,1x192x28x28,2.263757
105,0,imagen.jpeg,49,batchnorm,1x32x28x28,0.038294
105,0,imagen.jpeg,50,layer_add,1x32x28x28,0.011115
105,0,imagen.jpeg,51,pointwise_conv,1x32x28x28,2.295314
105,0,imagen.jpeg,52,batchnorm,1x192x28x28,0.237822
105,0,imagen.jpeg,53,activacion,1x192x28x28,0.425634
105,0,imagen.jpeg,54,depthwise_conv,1x192x28x28,0.478916
105,0,imagen.jpeg,55,batchnorm,1x192x14x14,0.057681
105,0,imagen.jpeg,56,activacion,1x192x14x14,0.078033
105,0,imagen.jpeg,57,pointwise_conv,1x192x14x14,1.197043
105,0,imagen.jpeg,58,batchnorm,1x64x14x14,0.019416
105,0,imagen.jpeg,59,pointwise_conv,1x64x14x14,2.410496
105,0,imagen.jpeg,60,batchnorm,1x384x14x14,0.115336
105,0,imagen.jpeg,61,activacion,1x384x14x14,0.154737
105,0,imagen.jpeg,62,depthwise_conv,1x384x14x14,0.93383
105,0,imagen.jpeg,63,batchnorm,1x384x14x14,0.115376
105,0,imagen.jpeg,64,activacion,1x384x14x14,0.244852
105,0,imagen.jpeg,65,pointwise_conv,1x384x14x14,2.391604
105,0,imagen.jpeg,66,batchnorm,1x64x14x14,0.019328
105,0,imagen.jpeg,67,layer_add,1x64x14x14,0.005594
105,0,imagen.jpeg,68,pointwise_conv,1x64x14x14,2.406981
105,0,imagen.jpeg,69,batchnorm,1x384x14x14,0.115294
105,0,imagen.jpeg,70,activacion,1x384x14x14,0.210047
105,0,imagen.jpeg,71,depthwise_conv,1x384x14x14,0.931982
105,0,imagen.jpeg,72,batchnorm,1x384x14x14,0.245821
105,0,imagen.jpeg,73,activacion,1x384x14x14,0.222145
105,0,imagen.jpeg,74,pointwise_conv,1x384x14x14,2.391986
105,0,imagen.jpeg,75,batchnorm,1x64x14x14,0.019285
105,0,imagen.jpeg,76,layer_add,1x64x14x14,0.005521
105,0,imagen.jpeg,77,pointwise_conv,1x64x14x14,2.406192
105,0,imagen.jpeg,78,batchnorm,1x384x14x14,0.118327
105,0,imagen.jpeg,79,activacion,1x384x14x14,0.229039
105,0,imagen.jpeg,80,depthwise_conv,1x384x14x14,0.92994
105,0,imagen.jpeg,81,batchnorm,1x384x14x14,0.445862
105,0,imagen.jpeg,82,activacion,1x384x14x14,0.199667
105,0,imagen.jpeg,83,pointwise_conv,1x384x14x14,2.387851
105,0,imagen.jpeg,84,batchnorm,1x64x14x14,0.019489
105,0,imagen.jpeg,85,layer_add,1x64x14x14,0.005525
105,0,imagen.jpeg,86,pointwise_conv,1x64x14x14,2.406911
105,0,imagen.jpeg,87,batchnorm,1x384x14x14,0.115331
105,0,imagen.jpeg,88,activacion,1x384x14x14,0.227147
105,0,imagen.jpeg,89,depthwise_conv,1x384x14x14,0.929632
105,0,imagen.jpeg,90,batchnorm,1x384x14x14,0.118466
105,0,imagen.jpeg,91,activacion,1x384x14x14,0.21789
105,0,imagen.jpeg,92,pointwise_conv,1x384x14x14,3.583783
105,0,imagen.jpeg,93,batchnorm,1x96x14x14,0.028969
105,0,imagen.jpeg,94,pointwise_conv,1x96x14x14,5.403077
105,0,imagen.jpeg,95,batchnorm,1x576x14x14,0.172521
105,0,imagen.jpeg,96,activacion,1x576x14x14,0.33117
105,0,imagen.jpeg,97,depthwise_conv,1x576x14x14,1.38566
105,0,imagen.jpeg,98,batchnorm,1x576x14x14,0.502324
105,0,imagen.jpeg,99,activacion,1x576x14x14,0.287347
105,0,imagen.jpeg,100,pointwise_conv,1x576x14x14,5.367951
105,0,imagen.jpeg,101,batchnorm,1x96x14x14,0.028923
105,0,imagen.jpeg,102,layer_add,1x96x14x14,0.008255
105,0,imagen.jpeg,103,pointwise_conv,1x96x14x14,5.403671
105,0,imagen.jpeg,104,batchnorm,1x576x14x14,0.172945
105,0,imagen.jpeg,105,activacion,1x576x14x14,0.328069
105,0,imagen.jpeg,106,depthwise_conv,1x576x14x14,1.401909
105,0,imagen.jpeg,107,batchnorm,1x576x14x14,0.433742
105,0,imagen.jpeg,108,activacion,1x576x14x14,0.260463
105,0,imagen.jpeg,109,pointwise_conv,1x576x14x14,5.367119
105,0,imagen.jpeg,110,batchnorm,1x96x14x14,0.028944
105,0,imagen.jpeg,111,layer_add,1x96x14x14,0.008244
105,0,imagen.jpeg,112,pointwise_conv,1x96x14x14,5.400734
105,0,imagen.jpeg,113,batchnorm,1x576x14x14,0.180663
105,0,imagen.jpeg,114,activacion,1x576x14x14,0.28292
105,0,imagen.jpeg,115,depthwise_conv,1x576x14x14,0.362229
105,0,imagen.jpeg,116,batchnorm,1x576x7x7,0.061182
105,0,imagen.jpeg,117,activacion,1x576x7x7,0.053242
105,0,imagen.jpeg,118,pointwise_conv,1x576x7x7,2.142434
105,0,imagen.jpeg,119,batchnorm,1x160x7x7,0.016329
105,0,imagen.jpeg,120,pointwise_conv,1x160x7x7,3.583365
105,0,imagen.jpeg,121,batchnorm,1x960x7x7,0.077892
105,0,imagen.jpeg,122,activacion,1x960x7x7,0.13628
105,0,imagen.jpeg,123,depthwise_conv,1x960x7x7,0.598695
105,0,imagen.jpeg,124,batchnorm,1x960x7x7,0.078208
105,0,imagen.jpeg,125,activacion,1x960x7x7,0.133389
105,0,imagen.jpeg,126,pointwise_conv,1x960x7x7,3.566983
105,0,imagen.jpeg,127,batchnorm,1x160x7x7,0.012567
105,0,imagen.jpeg,128,layer_add,1x160x7x7,0.003506
105,0,imagen.jpeg,129,pointwise_conv,1x160x7x7,3.582564
105,0,imagen.jpeg,130,batchnorm,1x960x7x7,0.074382
105,0,imagen.jpeg,131,activacion,1x960x7x7,0.126725
105,0,imagen.jpeg,132,depthwise_conv,1x960x7x7,0.592101
105,0,imagen.jpeg,133,batchnorm,1x960x7x7,0.123525
105,0,imagen.jpeg,134,activacion,1x960x7x7,0.11123
105,0,imagen.jpeg,135,pointwise_conv,1x960x7x7,3.573867
105,0,imagen.jpeg,136,batchnorm,1x160x7x7,0.012475
105,0,imagen.jpeg,137,layer_add,1x160x7x7,0.003759
105,0,imagen.jpeg,138,pointwise_conv,1x160x7x7,3.581747
105,0,imagen.jpeg,139,batchnorm,1x960x7x7,0.074389
105,0,imagen.jpeg,140,activacion,1x960x7x7,0.103742
105,0,imagen.jpeg,141,depthwise_conv,1x960x7x7,0.561656
105,0,imagen.jpeg,142,batchnorm,1x960x7x7,0.090788
105,0,imagen.jpeg,143,activacion,1x960x7x7,0.057052
105,0,imagen.jpeg,144,pointwise_conv,1x960x7x7,7.137217
105,0,imagen.jpeg,145,batchnorm,1x320x7x7,0.027121
105,0,imagen.jpeg,146,pointwise_conv,1x320x7x7,9.532895
105,0,imagen.jpeg,147,batchnorm,1x1280x7x7,0.099172
105,0,imagen.jpeg,148,activacion,1x1280x7x7,0.162504
105,0,imagen.jpeg,149,pooling,1x1280x7x7,0.033513
105,0,imagen.jpeg,150,linear,1x1280,1.117501
106,0,imagen.jpeg,0,conv2d,1x3x224x224,17.177406
106,0,imagen.jpeg,1,batchnorm,1x32x112x112,0.613757
106,0,imagen.jpeg,2,activacion,1x32x112x112,0.396642
106,0,imagen.jpeg,3,depthwise_conv,1x32x112x112,4.801673
106,0,imagen.jpeg,4,batchnorm,1x32x112x112,8.971392
106,0,imagen.jpeg,5,activacion,1x32x112x112,0.503428
106,0,imagen.jpeg,6,pointwise_conv,1x32x112x112,3.035364
106,0,imagen.jpeg,7,batchnorm,1x16x112x112,0.304596
106,0,imagen.jpeg,8,pointwise_conv,1x16x112x112,9.302326
106,0,imagen.jpeg,9,batchnorm,1x96x112x112,1.848105
106,0,imagen.jpeg,10,activacion,1x96x112x112,2.782953
106,0,imagen.jpeg,11,depthwise_conv,1x96x112x112,3.588997
106,0,imagen.jpeg,12,batchnorm,1x96x56x56,0.457231
106,0,imagen.jpeg,13,activacion,1x96x56x56,0.884967
106,0,imagen.jpeg,14,pointwise_conv,1x96x56x56,3.366054
106,0,imagen.jpeg,15,batchnorm,1x24x56x56,0.114127
106,0,imagen.jpeg,16,pointwise_conv,1x24x56x56,5.11666
106,0,imagen.jpeg,17,batchnorm,1x144x56x56,0.694877
106,0,imagen.jpeg,18,activacion,1x144x56x56,1.006679
106,0,imagen.jpeg,19,depthwise_conv,1x144x56x56,5.37184
106,0,imagen.jpeg,20,batchnorm,1x144x56x56,0.707271
106,0,imagen.jpeg,21,activacion,1x144x56x56,1.493721
106,0,imagen.jpeg,22,pointwise_conv,1x144x56x56,5.063478
106,0,imagen.jpeg,23,batchnorm,1x24x56x56,0.114014
106,0,imagen.jpeg,24,layer_add,1x24x56x56,0.033984
106,0,imagen.jpeg,25,pointwise_conv,1x24x56x56,5.15162
106,0,imagen.jpeg,26,batchnorm,1x144x56x56,0.717893
106,0,imagen.jpeg,27,activacion,1x144x56x56,1.382373
106,0,imagen.jpeg,28,depthwise_conv,1x144x56x56,1.420964
106,0,imagen.jpeg,29,batchnorm,1x144x28x28,0.172151
106,0,imagen.jpeg,30,activacion,1x144x28x28,0.31193
106,0,imagen.jpeg,31,pointwise_conv,1x144x28x28,1.702592
106,0,imagen.jpeg,32,batchnorm,1x32x28x28,0.038344
106,0,imagen.jpeg,33,pointwise_conv,1x32x28x28,2.299449
106,0,imagen.jpeg,34,batchnorm,1x192x28x28,0.24181
106,0,imagen.jpeg,35,activacion,1x192x28x28,0.290807
106,0,imagen.jpeg,36,depthwise_conv,1x192x28x28,1.832188
106,0,imagen.jpeg,37,batchnorm,1x192x28x28,0.229077
106,0,imagen.jpeg,38,activacion,1x192x28x28,0.48343
106,0,imagen.jpeg,39,pointwise_conv,1x192x28x28,2.262491
106,0,imagen.jpeg,40,batchnorm,1x32x28x28,0.038279
106,0,imagen.jpeg,41,layer_add,1x32x28x28,0.011131
106,0,imagen.jpeg,42,pointwise_conv,1x32x28x28,2.294866
106,0,imagen.jpeg,43,batchnorm,1x192x28x28,0.234983
106,0,imagen.jpeg,44,activacion,1x192x28x28,0.363154
106,0,imagen.jpeg,45,depthwise_conv,1x192x28x28,1.833269
106,0,imagen.jpeg,46,batchnorm,1x192x28x28,0.229099
106,0,imagen.jpeg,47,activacion,1x192x28x28,0.466028
106,0,imagen.jpeg,48,pointwise_conv,1x192x28x28,2.279553
106,0,imagen.jpeg,49,batchnorm,1x32x28x28,0.038298
106,0,imagen.jpeg,50,layer_add,1x32x28x28,0.011838
106,0,imagen.jpeg,51,pointwise_conv,1x32x28x28,2.294026
106,0,imagen.jpeg,52,batchnorm,1x192x28x28,0.230858
106,0,imagen.jpeg,53,activacion,1x192x28x28,0.4286
106,0,imagen.jpeg,54,depthwise_conv,1x192x28x28,0.478623
106,0,imagen.jpeg,55,batchnorm,1x192x14x14,0.057675
106,0,imagen.jpeg,56,activacion,1x192x14x14,0.077709
106,0,imagen.jpeg,57,pointwise_conv,1x192x14x14,1.197156
106,0,imagen.jpeg,58,batchnorm,1x64x14x14,0.019433
106,0,imagen.jpeg,59,pointwise_conv,1x64x14x14,2.415526
106,0,imagen.jpeg,60,batchnorm,1x384x14x14,0.115381
106,0,imagen.jpeg,61,activacion,1x384x14x14,0.153934
106,0,imagen.jpeg,62,depthwise_conv,1x384x14x14,0.92619
106,0,imagen.jpeg,63,batchnorm,1x384x14x14,0.119377
106,0,imagen.jpeg,64,activacion,1x384x14x14,0.242004
106,0,imagen.jpeg,65,pointwise_conv,1x384x14x14,2.395694
106,0,imagen.jpeg,66,batchnorm,1x64x14x14,0.019371
106,0,imagen.jpeg,67,layer_add,1x64x14x14,0.005538
106,0,imagen.jpeg,68,pointwise_conv,1x64x14x14,2.421764
106,0,imagen.jpeg,69,batchnorm,1x384x14x14,0.117091
106,0,imagen.jpeg,70,activacion,1x384x14x14,0.210758
106,0,imagen.jpeg,71,depthwise_conv,1x384x14x14,0.932809
106,0,imagen.jpeg,72,batchnorm,1x384x14x14,0.245895
106,0,imagen.jpeg,73,activacion,1x384x14x14,0.222822
106,0,imagen.jpeg,74,pointwise_conv,1x384x14x14,2.397282
106,0,imagen.jpeg,75,batchnorm,1x64x14x14,0.021248
106,0,imagen.jpeg,76,layer_add,1x64x14x14,0.005507
106,0,imagen.jpeg,77,pointwise_conv,1x64x14x14,2.409829
106,0,imagen.jpeg,78,batchnorm,1x384x14x14,0.115207
106,0,imagen.jpeg,79,activacion,1x384x14x14,0.234225
106,0,imagen.jpeg,80,depthwise_conv,1x384x14x14,0.929342
106,0,imagen.jpeg,81,batchnorm,1x384x14x14,0.445536
106,0,imagen.jpeg,82,activacion,1x384x14x14,0.200741
106,0,imagen.jpeg,83,pointwise_conv,1x384x14x14,2.394691
106,0,imagen.jpeg,84,batchnorm,1x64x14x14,0.019467
106,0,imagen.jpeg,85,layer_add,1x64x14x14,0.005535
106,0,imagen.jpeg,86,pointwise_conv,1x64x14x14,2.409765
106,0,imagen.jpeg,87,batchnorm,1x384x14x14,0.115422
106,0,imagen.jpeg,88,activacion,1x384x14x14,0.231662
106,0,imagen.jpeg,89,depthwise_conv,1x384x14x14,0.917005
106,0,imagen.jpeg,90,batchnorm,1x384x14x14,0.115294
106,0,imagen.jpeg,91,activacion,1x384x14x14,0.210593
106,0,imagen.jpeg,92,pointwise_conv,1x384x14x14,3.594426
106,0,imagen.jpeg,93,batchnorm,1x96x14x14,0.028976
106,0,imagen.jpeg,94,pointwise_conv,1x96x14x14,5.403944
106,0,imagen.jpeg,95,batchnorm,1x576x14x14,0.173137
106,0,imagen.jpeg,96,activacion,1x576x14x14,0.330083
106,0,imagen.jpeg,97,depthwise_conv,1x576x14x14,1.389338
106,0,imagen.jpeg,98,batchnorm,1x576x14x14,0.502437
106,0,imagen.jpeg,99,activacion,1x576x14x14,0.288215
106,0,imagen.jpeg,100,pointwise_conv,1x576x14x14,5.371536
106,0,imagen.jpeg,101,batchnorm,1x96x14x14,0.028921
106,0,imagen.jpeg,102,layer_add,1x96x14x14,0.008736
106,0,imagen.jpeg,103,pointwise_conv,1x96x14x14,5.402832
106,0,imagen.jpeg,104,batchnorm,1x576x14x14,0.173046
106,0,imagen.jpeg,105,activacion,1x576x14x14,0.325885
106,0,imagen.jpeg,106,depthwise_conv,1x576x14x14,1.378072
106,0,imagen.jpeg,107,batchnorm,1x576x14x14,0.433707
106,0,imagen.jpeg,108,activacion,1x576x14x14,0.260098
106,0,imagen.jpeg,109,pointwise_conv,1x576x14x14,5.374175
106,0,imagen.jpeg,110,batchnorm,1x96x14x14,0.028914
106,0,imagen.jpeg,111,layer_add,1x96x14x14,0.008221
106,0,imagen.jpeg,112,pointwise_conv,1x96x14x14,5.400164
106,0,imagen.jpeg,113,batchnorm,1x576x14x14,0.178894
106,0,imagen.jpeg,114,activacion,1x576x14x14,0.284507
106,0,imagen.jpeg,115,depthwise_conv,1x576x14x14,0.362039
106,0,imagen.jpeg,116,batchnorm,1x576x7x7,0.06118
106,0,imagen.jpeg,117,activacion,1x576x7x7,0.049642
106,0,imagen.jpeg,118,pointwise_conv,1x576x7x7,2.142838
106,0,imagen.jpeg,119,batchnorm,1x160x7x7,0.012746
106,0,imagen.jpeg,120,pointwise_conv,1x160x7x7,3.583191
106,0,imagen.jpeg,121,batchnorm,1x960x7x7,0.074391
106,0,imagen.jpeg,122,activacion,1x960x7x7,0.134184
106,0,imagen.jpeg,123,depthwise_conv,1x960x7x7,0.586114
106,0,imagen.jpeg,124,batchnorm,1x960x7x7,0.078801
106,0,imagen.jpeg,125,activacion,1x960x7x7,0.127246
106,0,imagen.jpeg,126,pointwise_conv,1x960x7x7,3.584502
106,0,imagen.jpeg,127,batchnorm,1x160x7x7,0.012593
106,0,imagen.jpeg,128,layer_add,1x160x7x7,0.003502
106,0,imagen.jpeg,129,pointwise_conv,1x160x7x7,3.582122
106,0,imagen.jpeg,130,batchnorm,1x960x7x7,0.074418
106,0,imagen.jpeg,131,activacion,1x960x7x7,0.126887
106,0,imagen.jpeg,132,depthwise_conv,1x960x7x7,0.575649
106,0,imagen.jpeg,133,batchnorm,1x960x7x7,0.123813
106,0,imagen.jpeg,134,activacion,1x960x7x7,0.109555
106,0,imagen.jpeg,135,pointwise_conv,1x960x7x7,3.57552
106,0,imagen.jpeg,136,batchnorm,1x160x7x7,0.012464
106,0,imagen.jpeg,137,layer_add,1x160x7x7,0.003705
106,0,imagen.jpeg,138,pointwise_conv,1x160x7x7,3.590691
106,0,imagen.jpeg,139,batchnorm,1x960x7x7,0.078474
106,0,imagen.jpeg,140,activacion,1x960x7x7,0.105008
106,0,imagen.jpeg,141,depthwise_conv,1x960x7x7,0.585945
106,0,imagen.jpeg,142,batchnorm,1x960x7x7,0.090865
106,0,imagen.jpeg,143,activacion,1x960x7x7,0.060527
106,0,imagen.jpeg,144,pointwise_conv,1x960x7x7,7.138564
106,0,imagen.jpeg,145,batchnorm,1x320x7x7,0.026701
106,0,imagen.jpeg,146,pointwise_conv,1x320x7x7,9.53418
106,0,imagen.jpeg,147,batchnorm,1x1280x7x7,0.099167
106,0,imagen.jpeg,148,activacion,1x1280x7x7,0.166914
106,0,imagen.jpeg,149,pooling,1x1280x7x7,0.033576
106,0,imagen.jpeg,150,linear,1x1280,1.09361
107,0,imagen.jpeg,0,conv2d,1x3x224x224,16.910944
107,0,imagen.jpeg,1,batchnorm,1x32x112x112,0.612968
107,0,imagen.jpeg,2,activacion,1x32x112x112,0.395691
107,0,imagen.jpeg,3,depthwise_conv,1x32x112x112,4.783558
107,0,imagen.jpeg,4,batchnorm,1x32x112x112,9.02314
107,0,imagen.jpeg,5,activacion,1x32x112x112,0.493639
107,0,imagen.jpeg,6,pointwise_conv,1x32x112x112,3.089667
107,0,imagen.jpeg,7,batchnorm,1x16x112x112,0.305074
107,0,imagen.jpeg,8,pointwise_conv,1x16x112x112,9.244499
107,0,imagen.jpeg,9,batchnorm,1x96x112x112,1.84147
107,0,imagen.jpeg,10,activacion,1x96x112x112,2.785508
107,0,imagen.jpeg,11,depthwise_conv,1x96x112x112,3.679907
107,0,imagen.jpeg,12,batchnorm,1x96x56x56,0.457242
107,0,imagen.jpeg,13,activacion,1x96x56x56,0.884601
107,0,imagen.jpeg,14,pointwise_conv,1x96x56x56,3.363634
107,0,imagen.jpeg,15,batchnorm,1x24x56x56,0.114289
107,0,imagen.jpeg,16,pointwise_conv,1x24x56x56,5.120669
107,0,imagen.jpeg,17,batchnorm,1x144x56x56,0.689694
107,0,imagen.jpeg,18,activacion,1x144x56x56,1.011944
107,0,imagen.jpeg,19,depthwise_conv,1x144x56x56,5.394331
107,0,imagen.jpeg,20,batchnorm,1x144x56x56,0.694359
107,0,imagen.jpeg,21,activacion,1x144x56x56,1.439408
107,0,imagen.jpeg,22,pointwise_conv,1x144x56x56,5.121108
107,0,imagen.jpeg,23,batchnorm,1x24x56x56,0.117046
107,0,imagen.jpeg,24,layer_add,1x24x56x56,0.035684
107,0,imagen.jpeg,25,pointwise_conv,1x24x56x56,5.114784
107,0,imagen.jpeg,26,batchnorm,1x144x56x56,0.69255
107,0,imagen.jpeg,27,activacion,1x144x56x56,1.337511
107,0,imagen.jpeg,28,depthwise_conv,1x144x56x56,1.387187
107,0,imagen.jpeg,29,batchnorm,1x144x28x28,0.172267
107,0,imagen.jpeg,30,activacion,1x144x28x28,0.300708
107,0,imagen.jpeg,31,pointwise_conv,1x144x28x28,1.715535
107,0,imagen.jpeg,32,batchnorm,1x32x28x28,0.038348
107,0,imagen.jpeg,33,pointwise_conv,1x32x28x28,2.295827
107,0,imagen.jpeg,34,batchnorm,1x192x28x28,0.229136
107,0,imagen.jpeg,35,activacion,1x192x28x28,0.290937
107,0,imagen.jpeg,36,depthwise_conv,1x192x28x28,1.829806
107,0,imagen.jpeg,37,batchnorm,1x192x28x28,0.229168
107,0,imagen.jpeg,38,activacion,1x192x28x28,0.48114
107,0,imagen.jpeg,39,pointwise_conv,1x192x28x28,2.26736
107,0,imagen.jpeg,40,batchnorm,1x32x28x28,0.038278
107,0,imagen.jpeg,41,layer_add,1x32x28x28,0.011385
107,0,imagen.jpeg,42,pointwise_conv,1x32x28x28,2.306169
107,0,imagen.jpeg,43,batchnorm,1x192x28x28,0.229154
107,0,imagen.jpeg,44,activacion,1x192x28x28,0.366774
107,0,imagen.jpeg,45,depthwise_conv,1x192x28x28,1.831399
107,0,imagen.jpeg,46,batchnorm,1x192x28x28,0.229234
107,0,imagen.jpeg,47,activacion,1x192x28x28,0.492278
107,0,imagen.jpeg,48,pointwise_conv,1x192x28x28,2.263571
107,0,imagen.jpeg,49,batchnorm,1x32x28x28,0.038265
107,0,imagen.jpeg,50,layer_add,1x32x28x28,0.01134
107,0,imagen.jpeg,51,pointwise_conv,1x32x28x28,2.294461
107,0,imagen.jpeg,52,batchnorm,1x192x28x28,0.232871
107,0,imagen.jpeg,53,activacion,1x192x28x28,0.428728
107,0,imagen.jpeg,54,depthwise_conv,1x192x28x28,0.474937
107,0,imagen.jpeg,55,batchnorm,1x192x14x14,0.057661
107,0,imagen.jpeg,56,activacion,1x192x14x14,0.077983
107,0,imagen.jpeg,57,pointwise_conv,1x192x14x14,1.195375
107,0,imagen.jpeg,58,batchnorm,1x64x14x14,0.019414
107,0,imagen.jpeg,59,pointwise_conv,1x64x14x14,2.413217
107,0,imagen.jpeg,60,batchnorm,1x384x14x14,0.118396
107,0,imagen.jpeg,61,activacion,1x384x14x14,0.153228
107,0,imagen.jpeg,62,depthwise_conv,1x384x14x14,0.933463
107,0,imagen.jpeg,63,batchnorm,1x384x14x14,0.115308
107,0,imagen.jpeg,64,activacion,1x384x14x14,0.242561
107,0,imagen.jpeg,65,pointwise_conv,1x384x14x14,2.387318
107,0,imagen.jpeg,66,batchnorm,1x64x14x14,0.019324
107,0,imagen.jpeg,67,layer_add,1x64x14x14,0.005538
107,0,imagen.jpeg,68,pointwise_conv,1x64x14x14,2.41425
107,0,imagen.jpeg,69,batchnorm,1x384x14x14,0.115243
107,0,imagen.jpeg,70,activacion,1x384x14x14,0.210952
107,0,imagen.jpeg,71,depthwise_conv,1x384x14x14,0.929556
107,0,imagen.jpeg,72,batchnorm,1x384x14x14,0.245795
107,0,imagen.jpeg,73,activacion,1x384x14x14,0.222964
107,0,imagen.jpeg,74,pointwise_conv,1x384x14x14,2.389346
107,0,imagen.jpeg,75,batchnorm,1x64x14x14,0.019325
107,0,imagen.jpeg,76,layer_add,1x64x14x14,0.005531
107,0,imagen.jpeg,77,pointwise_conv,1x64x14x14,2.403338
107,0,imagen.jpeg,78,batchnorm,1x384x14x14,0.115295
107,0,imagen.jpeg,79,activacion,1x384x14x14,0.22982
107,0,imagen.jpeg,80,depthwise_conv,1x384x14x14,0.932564
107,0,imagen.jpeg,81,batchnorm,1x384x14x14,0.447413
107,0,imagen.jpeg,82,activacion,1x384x14x14,0.201122
107,0,imagen.jpeg,83,pointwise_conv,1x384x14x14,2.392432
107,0,imagen.jpeg,84,batchnorm,1x64x14x14,0.025171
107,0,imagen.jpeg,85,layer_add,1x64x14x14,0.005519
107,0,imagen.jpeg,86,pointwise_conv,1x64x14x14,2.409943
107,0,imagen.jpeg,87,batchnorm,1x384x14x14,0.115421
107,0,imagen.jpeg,88,activacion,1x384x14x14,0.22887
107,0,imagen.jpeg,89,depthwise_conv,1x384x14x14,0.93773
107,0,imagen.jpeg,90,batchnorm,1x384x14x14,0.118606
107,0,imagen.jpeg,91,activacion,1x384x14x14,0.210801
107,0,imagen.jpeg,92,pointwise_conv,1x384x14x14,3.586571
107,0,imagen.jpeg,93,batchnorm,1x96x14x14,0.02899
107,0,imagen.jpeg,94,pointwise_conv,1x96x14x14,5.399047
107,0,imagen.jpeg,95,batchnorm,1x576x14x14,0.172936
107,0,imagen.jpeg,96,activacion,1x576x14x14,0.326977
107,0,imagen.jpeg,97,depthwise_conv,1x576x14x14,1.39541
107,0,imagen.jpeg,98,batchnorm,1x576x14x14,0.499143
107,0,imagen.jpeg,99,activacion,1x576x14x14,0.28921
107,0,imagen.jpeg,100,pointwise_conv,1x576x14x14,5.374108
107,0,imagen.jpeg,101,batchnorm,1x96x14x14,0.02898
107,0,imagen.jpeg,102,layer_add,1x96x14x14,0.008225
107,0,imagen.jpeg,103,pointwise_conv,1x96x14x14,5.403849
107,0,imagen.jpeg,104,batchnorm,1x576x14x14,0.173116
107,0,imagen.jpeg,105,activacion,1x576x14x14,0.325718
107,0,imagen.jpeg,106,depthwise_conv,1x576x14x14,1.403467
107,0,imagen.jpeg,107,batchnorm,1x576x14x14,0.445241
107,0,imagen.jpeg,108,activacion,1x576x14x14,0.257659
107,0,imagen.jpeg,109,pointwise_conv,1x576x14x14,5.376036
107,0,imagen.jpeg,110,batchnorm,1x96x14x14,0.028948
107,0,imagen.jpeg,111,layer_add,1x96x14x14,0.008515
107,0,imagen.jpeg,112,pointwise_conv,1x96x14x14,5.405041
107,0,imagen.jpeg,113,batchnorm,1x576x14x14,0.178507
107,0,imagen.jpeg,114,activacion,1x576x14x14,0.282736
107,0,imagen.jpeg,115,depthwise_conv,1x576x14x14,0.361929
107,0,imagen.jpeg,116,batchnorm,1x576x7x7,0.061219
107,0,imagen.jpeg,117,activacion,1x576x7x7,0.049728
107,0,imagen.jpeg,118,pointwise_conv,1x576x7x7,2.141723
107,0,imagen.jpeg,119,batchnorm,1x160x7x7,0.012712
107,0,imagen.jpeg,120,pointwise_conv,1x160x7x7,3.57954
107,0,imagen.jpeg,121,batchnorm,1x960x7x7,0.074443
107,0,imagen.jpeg,122,activacion,1x960x7x7,0.136861
107,0,imagen.jpeg,123,depthwise_conv,1x960x7x7,0.586082
107,0,imagen.jpeg,124,batchnorm,1x960x7x7,0.074606
107,0,imagen.jpeg,125,activacion,1x960x7x7,0.128117
107,0,imagen.jpeg,126,pointwise_conv,1x960x7x7,3.567472
107,0,imagen.jpeg,127,batchnorm,1x160x7x7,0.012592
107,0,imagen.jpeg,128,layer_add,1x160x7x7,0.003509
107,0,imagen.jpeg,129,pointwise_conv,1x160x7x7,3.593086
107,0,imagen.jpeg,130,batchnorm,1x960x7x7,0.074357
107,0,imagen.jpeg,131,activacion,1x960x7x7,0.126343
107,0,imagen.jpeg,132,depthwise_conv,1x960x7x7,0.589252
107,0,imagen.jpeg,133,batchnorm,1x960x7x7,0.123699
107,0,imagen.jpeg,134,activacion,1x960x7x7,0.109896
107,0,imagen.jpeg,135,pointwise_conv,1x960x7x7,3.570024
107,0,imagen.jpeg,136,batchnorm,1x160x7x7,0.012487
107,0,imagen.jpeg,137,layer_add,1x160x7x7,0.003556
107,0,imagen.jpeg,138,pointwise_conv,1x160x7x7,3.581469
107,0,imagen.jpeg,139,batchnorm,1x960x7x7,0.074375
107,0,imagen.jpeg,140,activacion,1x960x7x7,0.10237
107,0,imagen.jpeg,141,depthwise_conv,1x960x7x7,0.585947
107,0,imagen.jpeg,142,batchnorm,1x960x7x7,0.090831
107,0,imagen.jpeg,143,activacion,1x960x7x7,0.057202
107,0,imagen.jpeg,144,pointwise_conv,1x960x7x7,7.140949
107,0,imagen.jpeg,145,batchnorm,1x320x7x7,0.024992
107,0,imagen.jpeg,146,pointwise_conv,1x320x7x7,9.541204
107,0,imagen.jpeg,147,batchnorm,1x1280x7x7,0.09916
107,0,imagen.jpeg,148,activacion,1x1280x7x7,0.158617
107,0,imagen.jpeg,149,pooling,1x1280x7x7,0.033587
107,0,imagen.jpeg,150,linear,1x1280,1.099497
108,0,imagen.jpeg,0,conv2d,1x3x224x224,17.109931
108,0,imagen.jpeg,1,batchnorm,1x32x112x112,0.614418
108,0,imagen.jpeg,2,activacion,1x32x112x112,0.396578
108,0,imagen.jpeg,3,depthwise_conv,1x32x112x112,4.801601
108,0,imagen.jpeg,4,batchnorm,1x32x112x112,8.974294
108,0,imagen.jpeg,5,activacion,1x32x112x112,0.493106
108,0,imagen.jpeg,6,pointwise_conv,1x32x112x112,3.028541
108,0,imagen.jpeg,7,batchnorm,1x16x112x112,0.304646
108,0,imagen.jpeg,8,pointwise_conv,1x16x112x112,9.269184
108,0,imagen.jpeg,9,batchnorm,1x96x112x112,1.858938
108,0,imagen.jpeg,10,activacion,1x96x112x112,2.781781
108,0,imagen.jpeg,11,depthwise_conv,1x96x112x112,3.652616
108,0,imagen.jpeg,12,batchnorm,1x96x56x56,0.457058
108,0,imagen.jpeg,13,activacion,1x96x56x56,0.884362
108,0,imagen.jpeg,14,pointwise_conv,1x96x56x56,3.382502
108,0,imagen.jpeg,15,batchnorm,1x24x56x56,0.11418
108,0,imagen.jpeg,16,pointwise_conv,1x24x56x56,5.120753
108,0,imagen.jpeg,17,batchnorm,1x144x56x56,0.697307
108,0,imagen.jpeg,18,activacion,1x144x56x56,1.014551
108,0,imagen.jpeg,19,depthwise_conv,1x144x56x56,5.464532
108,0,imagen.jpeg,20,batchnorm,1x144x56x56,0.688641
108,0,imagen.jpeg,21,activacion,1x144x56x56,1.463172
108,0,imagen.jpeg,22,pointwise_conv,1x144x56x56,5.065287
108,0,imagen.jpeg,23,batchnorm,1x24x56x56,0.114168
108,0,imagen.jpeg,24,layer_add,1x24x56x56,0.034591
108,0,imagen.jpeg,25,pointwise_conv,1x24x56x56,5.111232
108,0,imagen.jpeg,26,batchnorm,1x144x56x56,0.693424
108,0,imagen.jpeg,27,activacion,1x144x56x56,1.344458
108,0,imagen.jpeg,28,depthwise_conv,1x144x56x56,1.388837
108,0,imagen.jpeg,29,batchnorm,1x144x28x28,0.171966
108,0,imagen.jpeg,30,activacion,1x144x28x28,0.298991
108,0,imagen.jpeg,31,pointwise_conv,1x144x28x28,1.70307
108,0,imagen.jpeg,32,batchnorm,1x32x28x28,0.03836
108,0,imagen.jpeg,33,pointwise_conv,1x32x28x28,2.293484
108,0,imagen.jpeg,34,batchnorm,1x192x28x28,0.229069
108,0,imagen.jpeg,35,activacion,1x192x28x28,0.290936
108,0,imagen.jpeg,36,depthwise_conv,1x192x28x28,1.816018
108,0,imagen.jpeg,37,batchnorm,1x192x28x28,0.229182
108,0,imagen.jpeg,38,activacion,1x192x28x28,0.480721
108,0,imagen.jpeg,39,pointwise_conv,1x192x28x28,2.266619
108,0,imagen.jpeg,40,batchnorm,1x32x28x28,0.03824
108,0,imagen.jpeg,41,layer_add,1x32x28x28,0.01117
108,0,imagen.jpeg,42,pointwise_conv,1x32x28x28,2.297328
108,0,imagen.jpeg,43,batchnorm,1x192x28x28,0.229031
108,0,imagen.jpeg,44,activacion,1x192x28x28,0.372183
108,0,imagen.jpeg,45,depthwise_conv,1x192x28x28,1.830248
108,0,imagen.jpeg,46,batchnorm,1x192x28x28,0.229128
108,0,imagen.jpeg,47,activacion,1x192x28x28,0.463762
108,0,imagen.jpeg,48,pointwise_conv,1x192x28x28,2.266108
108,0,imagen.jpeg,49,batchnorm,1x32x28x28,0.038272
108,0,imagen.jpeg,50,layer_add,1x32x28x28,0.011229
108,0,imagen.jpeg,51,pointwise_conv,1x32x28x28,2.296246
108,0,imagen.jpeg,52,batchnorm,1x192x28x28,0.229463
108,0,imagen.jpeg,53,activacion,1x192x28x28,0.431408
108,0,imagen.jpeg,54,depthwise_conv,1x192x28x28,0.4584
108,0,imagen.jpeg,55,batchnorm,1x192x14x14,0.061126
108,0,imagen.jpeg,56,activacion,1x192x14x14,0.07769
108,0,imagen.jpeg,57,pointwise_conv,1x192x14x14,1.230253
108,0,imagen.jpeg,58,batchnorm,1x64x14x14,0.019459
108,0,imagen.jpeg,59,pointwise_conv,1x64x14x14,2.410427
108,0,imagen.jpeg,60,batchnorm,1x384x14x14,0.117839
108,0,imagen.jpeg,61,activacion,1x384x14x14,0.16244
108,0,imagen.jpeg,62,depthwise_conv,1x384x14x14,0.932538
108,0,imagen.jpeg,63,batchnorm,1x384x14x14,0.115376
108,0,imagen.jpeg,64,activacion,1x384x14x14,0.24268
108,0,imagen.jpeg,65,pointwise_conv,1x384x14x14,2.390765
108,0,imagen.jpeg,66,batchnorm,1x64x14x14,0.019298
108,0,imagen.jpeg,67,layer_add,1x64x14x14,0.005567
108,0,imagen.jpeg,68,pointwise_conv,1x64x14x14,2.402783
108,0,imagen.jpeg,69,batchnorm,1x384x14x14,0.115262
108,0,imagen.jpeg,70,activacion,1x384x14x14,0.205346
108,0,imagen.jpeg,71,depthwise_conv,1x384x14x14,0.90833
108,0,imagen.jpeg,72,batchnorm,1x384x14x14,0.248268
108,0,imagen.jpeg,73,activacion,1x384x14x14,0.220894
108,0,imagen.jpeg,74,pointwise_conv,1x384x14x14,2.408598
108,0,imagen.jpeg,75,batchnorm,1x64x14x14,0.019384
108,0,imagen.jpeg,76,layer_add,1x64x14x14,0.005545
108,0,imagen.jpeg,77,pointwise_conv,1x64x14x14,2.411714
108,0,imagen.jpeg,78,batchnorm,1x384x14x14,0.115292
108,0,imagen.jpeg,79,activacion,1x384x14x14,0.227807
108,0,imagen.jpeg,80,depthwise_conv,1x384x14x14,0.932631
108,0,imagen.jpeg,81,batchnorm,1x384x14x14,0.445732
108,0,imagen.jpeg,82,activacion,1x384x14x14,0.20046
108,0,imagen.jpeg,83,pointwise_conv,1x384x14x14,2.389822
108,0,imagen.jpeg,84,batchnorm,1x64x14x14,0.019517
108,0,imagen.jpeg,85,layer_add,1x64x14x14,0.00549
108,0,imagen.jpeg,86,pointwise_conv,1x64x14x14,2.409611
108,0,imagen.jpeg,87,batchnorm,1x384x14x14,0.114985
108,0,imagen.jpeg,88,activacion,1x384x14x14,0.227709
108,0,imagen.jpeg,89,depthwise_conv,1x384x14x14,0.932544
108,0,imagen.jpeg,90,batchnorm,1x384x14x14,0.115387
108,0,imagen.jpeg,91,activacion,1x384x14x14,0.213946
108,0,imagen.jpeg,92,pointwise_conv,1x384x14x14,3.583484
108,0,imagen.jpeg,93,batchnorm,1x96x14x14,0.028985
108,0,imagen.jpeg,94,pointwise_conv,1x96x14x14,5.398043
108,0,imagen.jpeg,95,batchnorm,1x576x14x14,0.172927
108,0,imagen.jpeg,96,activacion,1x576x14x14,0.323907
108,0,imagen.jpeg,97,depthwise_conv,1x576x14x14,1.398847
108,0,imagen.jpeg,98,batchnorm,1x576x14x14,0.499141
108,0,imagen.jpeg,99,activacion,1x576x14x14,0.288285
108,0,imagen.jpeg,100,pointwise_conv,1x576x14x14,5.376805
108,0,imagen.jpeg,101,batchnorm,1x96x14x14,0.028932
108,0,imagen.jpeg,102,layer_add,1x96x14x14,0.00886
108,0,imagen.jpeg,103,pointwise_conv,1x96x14x14,5.408658
108,0,imagen.jpeg,104,batchnorm,1x576x14x14,0.17528
108,0,imagen.jpeg,105,activacion,1x576x14x14,0.325999
108,0,imagen.jpeg,106,depthwise_conv,1x576x14x14,1.382696
108,0,imagen.jpeg,107,batchnorm,1x576x14x14,0.433741
108,0,imagen.jpeg,108,activacion,1x576x14x14,0.257166
108,0,imagen.jpeg,109,pointwise_conv,1x576x14x14,5.373409
108,0,imagen.jpeg,110,batchnorm,1x96x14x14,0.028891
108,0,imagen.jpeg,111,layer_add,1x96x14x14,0.008226
108,0,imagen.jpeg,112,pointwise_conv,1x96x14x14,5.404611
108,0,imagen.jpeg,113,batchnorm,1x576x14x14,0.172861
108,0,imagen.jpeg,114,activacion,1x576x14x14,0.288031
108,0,imagen.jpeg,115,depthwise_conv,1x576x14x14,0.362195
108,0,imagen.jpeg,116,batchnorm,1x576x7x7,0.061284
108,0,imagen.jpeg,117,activacion,1x576x7x7,0.04909
108,0,imagen.jpeg,118,pointwise_conv,1x576x7x7,2.143957
108,0,imagen.jpeg,119,batchnorm,1x160x7x7,0.012661
108,0,imagen.jpeg,120,pointwise_conv,1x160x7x7,3.581811
108,0,imagen.jpeg,121,batchnorm,1x960x7x7,0.074382
108,0,imagen.jpeg,122,activacion,1x960x7x7,0.13377
108,0,imagen.jpeg,123,depthwise_conv,1x960x7x7,0.558774
108,0,imagen.jpeg,124,batchnorm,1x960x7x7,0.074525
108,0,imagen.jpeg,125,activacion,1x960x7x7,0.126923
108,0,imagen.jpeg,126,pointwise_conv,1x960x7x7,3.569695
108,0,imagen.jpeg,127,batchnorm,1x160x7x7,0.012559
108,0,imagen.jpeg,128,layer_add,1x160x7x7,0.003502
108,0,imagen.jpeg,129,pointwise_conv,1x160x7x7,3.580159
108,0,imagen.jpeg,130,batchnorm,1x960x7x7,0.074371
108,0,imagen.jpeg,131,activacion,1x960x7x7,0.125922
108,0,imagen.jpeg,132,depthwise_conv,1x960x7x7,0.585921
108,0,imagen.jpeg,133,batchnorm,1x960x7x7,0.130621
108,0,imagen.jpeg,134,activacion,1x960x7x7,0.109014
108,0,imagen.jpeg,135,pointwise_conv,1x960x7x7,3.600375
108,0,imagen.jpeg,136,batchnorm,1x160x7x7,0.012502
108,0,imagen.jpeg,137,layer_add,1x160x7x7,0.00407
108,0,imagen.jpeg,138,pointwise_conv,1x160x7x7,3.620361
108,0,imagen.jpeg,139,batchnorm,1x960x7x7,0.080354
108,0,imagen.jpeg,140,activacion,1x960x7x7,0.106844
108,0,imagen.jpeg,141,depthwise_conv,1x960x7x7,0.597876
108,0,imagen.jpeg,142,batchnorm,1x960x7x7,0.092751
108,0,imagen.jpeg,143,activacion,1x960x7x7,0.057202
108,0,imagen.jpeg,144,pointwise_conv,1x960x7x7,7.141791
108,0,imagen.jpeg,145,batchnorm,1x320x7x7,0.025011
108,0,imagen.jpeg,146,pointwise_conv,1x320x7x7,9.532264
108,0,imagen.jpeg,147,batchnorm,1x1280x7x7,0.099154
108,0,imagen.jpeg,148,activacion,1x1280x7x7,0.159182
108,0,imagen.jpeg,149,pooling,1x1280x7x7,0.033577
108,0,imagen.jpeg,150,linear,1x1280,1.102476
109,0,imagen.jpeg,0,conv2d,1x3x224x224,17.360983
109,0,imagen.jpeg,1,batchnorm,1x32x112x112,0.633367
109,0,imagen.jpeg,2,activacion,1x32x112x112,0.39892
109,0,imagen.jpeg,3,depthwise_conv,1x32x112x112,4.774759
109,0,imagen.jpeg,4,batchnorm,1x32x112x112,9.009789
109,0,imagen.jpeg,5,activacion,1x32x112x112,0.500343
109,0,imagen.jpeg,6,pointwise_conv,1x32x112x112,3.022775
109,0,imagen.jpeg,7,batchnorm,1x16x112x112,0.304541
109,0,imagen.jpeg,8,pointwise_conv,1x16x112x112,9.259127
109,0,imagen.jpeg,9,batchnorm,1x96x112x112,1.876856
109,0,imagen.jpeg,10,activacion,1x96x112x112,2.765062
109,0,imagen.jpeg,11,depthwise_conv,1x96x112x112,3.655359
109,0,imagen.jpeg,12,batchnorm,1x96x56x56,0.457063
109,0,imagen.jpeg,13,activacion,1x96x56x56,0.881912
109,0,imagen.jpeg,14,pointwise_conv,1x96x56x56,3.369694
109,0,imagen.jpeg,15,batchnorm,1x24x56x56,0.114108
109,0,imagen.jpeg,16,pointwise_conv,1x24x56x56,5.122039
109,0,imagen.jpeg,17,batchnorm,1x144x56x56,0.695224
109,0,imagen.jpeg,18,activacion,1x144x56x56,1.007403
109,0,imagen.jpeg,19,depthwise_conv,1x144x56x56,5.419665
109,0,imagen.jpeg,20,batchnorm,1x144x56x56,0.688509
109,0,imagen.jpeg,21,activacion,1x144x56x56,1.450213
109,0,imagen.jpeg,22,pointwise_conv,1x144x56x56,5.082308
109,0,imagen.jpeg,23,batchnorm,1x24x56x56,0.114258
109,0,imagen.jpeg,24,layer_add,1x24x56x56,0.03443
109,0,imagen.jpeg,25,pointwise_conv,1x24x56x56,5.111282
109,0,imagen.jpeg,26,batchnorm,1x144x56x56,0.692426
109,0,imagen.jpeg,27,activacion,1x144x56x56,1.332932
109,0,imagen.jpeg,28,depthwise_conv,1x144x56x56,1.413289
109,0,imagen.jpeg,29,batchnorm,1x144x28x28,0.175136
109,0,imagen.jpeg,30,activacion,1x144x28x28,0.298656
109,0,imagen.jpeg,31,pointwise_conv,1x144x28x28,1.703428
109,0,imagen.jpeg,32,batchnorm,1x32x28x28,0.038361
109,0,imagen.jpeg,33,pointwise_conv,1x32x28x28,2.293748
109,0,imagen.jpeg,34,batchnorm,1x192x28x28,0.237577
109,0,imagen.jpeg,35,activacion,1x192x28x28,0.28903
109,0,imagen.jpeg,36,depthwise_conv,1x192x28x28,1.82289
109,0,imagen.jpeg,37,batchnorm,1x192x28x28,0.229117
109,0,imagen.jpeg,38,activacion,1x192x28x28,0.48493
109,0,imagen.jpeg,39,pointwise_conv,1x192x28x28,2.263558
109,0,imagen.jpeg,40,batchnorm,1x32x28x28,0.038251
109,0,imagen.jpeg,41,layer_add,1x32x28x28,0.011065
109,0,imagen.jpeg,42,pointwise_conv,1x32x28x28,2.297491
109,0,imagen.jpeg,43,batchnorm,1x192x28x28,0.247315
109,0,imagen.jpeg,44,activacion,1x192x28x28,0.363257
109,0,imagen.jpeg,45,depthwise_conv,1x192x28x28,1.847103
109,0,imagen.jpeg,46,batchnorm,1x192x28x28,0.230925
109,0,imagen.jpeg,47,activacion,1x192x28x28,0.46897
109,0,imagen.jpeg,48,pointwise_conv,1x192x28x28,2.264389
109,0,imagen.jpeg,49,batchnorm,1x32x28x28,0.038287
109,0,imagen.jpeg,50,layer_add,1x32x28x28,0.011233
109,0,imagen.jpeg,51,pointwise_conv,1x32x28x28,2.298998
109,0,imagen.jpeg,52,batchnorm,1x192x28x28,0.230928
109,0,imagen.jpeg,53,activacion,1x192x28x28,0.429996
109,0,imagen.jpeg,54,depthwise_conv,1x192x28x28,0.468677
109,0,imagen.jpeg,55,batchnorm,1x192x14x14,0.057718
109,0,imagen.jpeg,56,activacion,1x192x14x14,0.077884
109,0,imagen.jpeg,57,pointwise_conv,1x192x14x14,1.198015
109,0,imagen.jpeg,58,batchnorm,1x64x14x14,0.019406
109,0,imagen.jpeg,59,pointwise_conv,1x64x14x14,2.415014
109,0,imagen.jpeg,60,batchnorm,1x384x14x14,0.115129
109,0,imagen.jpeg,61,activacion,1x384x14x14,0.153648
109,0,imagen.jpeg,62,depthwise_conv,1x384x14x14,0.930827
109,0,imagen.jpeg,63,batchnorm,1x384x14x14,0.11539
109,0,imagen.jpeg,64,activacion,1x384x14x14,0.244409
109,0,imagen.jpeg,65,pointwise_conv,1x384x14x14,2.390326
109,0,imagen.jpeg,66,batchnorm,1x64x14x14,0.02218
109,0,imagen.jpeg,67,layer_add,1x64x14x14,0.00556
109,0,imagen.jpeg,68,pointwise_conv,1x64x14x14,2.40442
109,0,imagen.jpeg,69,batchnorm,1x384x14x14,0.115289
109,0,imagen.jpeg,70,activacion,1x384x14x14,0.210056
109,0,imagen.jpeg,71,depthwise_conv,1x384x14x14,0.927958
109,0,imagen.jpeg,72,batchnorm,1x384x14x14,0.245792
109,0,imagen.jpeg,73,activacion,1x384x14x14,0.222049
109,0,imagen.jpeg,74,pointwise_conv,1x384x14x14,2.390174
109,0,imagen.jpeg,75,batchnorm,1x64x14x14,0.021193
109,0,imagen.jpeg,76,layer_add,1x64x14x14,0.00552
109,0,imagen.jpeg,77,pointwise_conv,1x64x14x14,2.406445
109,0,imagen.jpeg,78,batchnorm,1x384x14x14,0.118476
109,0,imagen.jpeg,79,activacion,1x384x14x14,0.232039
109,0,imagen.jpeg,80,depthwise_conv,1x384x14x14,0.92981
109,0,imagen.jpeg,81,batchnorm,1x384x14x14,0.44186
109,0,imagen.jpeg,82,activacion,1x384x14x14,0.200653
109,0,imagen.jpeg,83,pointwise_conv,1x384x14x14,2.38955
109,0,imagen.jpeg,84,batchnorm,1x64x14x14,0.019562
109,0,imagen.jpeg,85,layer_add,1x64x14x14,0.005539
109,0,imagen.jpeg,86,pointwise_conv,1x64x14x14,2.408771
109,0,imagen.jpeg,87,batchnorm,1x384x14x14,0.115427
109,0,imagen.jpeg,88,activacion,1x384x14x14,0.232131
109,0,imagen.jpeg,89,depthwise_conv,1x384x14x14,0.931277
109,0,imagen.jpeg,90,batchnorm,1x384x14x14,0.115392
109,0,imagen.jpeg,91,activacion,1x384x14x14,0.210591
109,0,imagen.jpeg,92,pointwise_conv,1x384x14x14,3.589563
109,0,imagen.jpeg,93,batchnorm,1x96x14x14,0.028938
109,0,imagen.jpeg,94,pointwise_conv,1x96x14x14,5.394255
109,0,imagen.jpeg,95,batchnorm,1x576x14x14,0.175062
109,0,imagen.jpeg,96,activacion,1x576x14x14,0.334252
109,0,imagen.jpeg,97,depthwise_conv,1x576x14x14,1.395349
109,0,imagen.jpeg,98,batchnorm,1x576x14x14,0.502105
109,0,imagen.jpeg,99,activacion,1x576x14x14,0.287046
109,0,imagen.jpeg,100,pointwise_conv,1x576x14x14,5.371907
109,0,imagen.jpeg,101,batchnorm,1x96x14x14,0.028916
109,0,imagen.jpeg,102,layer_add,1x96x14x14,0.008285
109,0,imagen.jpeg,103,pointwise_conv,1x96x14x14,5.412404
109,0,imagen.jpeg,104,batchnorm,1x576x14x14,0.172642
109,0,imagen.jpeg,105,activacion,1x576x14x14,0.325878
109,0,imagen.jpeg,106,depthwise_conv,1x576x14x14,1.395163
109,0,imagen.jpeg,107,batchnorm,1x576x14x14,0.433737
109,0,imagen.jpeg,108,activacion,1x576x14x14,0.260329
109,0,imagen.jpeg,109,pointwise_conv,1x576x14x14,5.372268
109,0,imagen.jpeg,110,batchnorm,1x96x14x14,0.028996
109,0,imagen.jpeg,111,layer_add,1x96x14x14,0.008243
109,0,imagen.jpeg,112,pointwise_conv,1x96x14x14,5.40936
109,0,imagen.jpeg,113,batchnorm,1x576x14x14,0.176281
109,0,imagen.jpeg,114,activacion,1x576x14x14,0.283171
109,0,imagen.jpeg,115,depthwise_conv,1x576x14x14,0.362081
109,0,imagen.jpeg,116,batchnorm,1x576x7x7,0.065206
109,0,imagen.jpeg,117,activacion,1x576x7x7,0.049728
109,0,imagen.jpeg,118,pointwise_conv,1x576x7x7,2.14244
109,0,imagen.jpeg,119,batchnorm,1x160x7x7,0.012664
109,0,imagen.jpeg,120,pointwise_conv,1x160x7x7,3.580851
109,0,imagen.jpeg,121,batchnorm,1x960x7x7,0.077497
109,0,imagen.jpeg,122,activacion,1x960x7x7,0.134035
109,0,imagen.jpeg,123,depthwise_conv,1x960x7x7,0.586323
109,0,imagen.jpeg,124,batchnorm,1x960x7x7,0.07458
109,0,imagen.jpeg,125,activacion,1x960x7x7,0.131317
109,0,imagen.jpeg,126,pointwise_conv,1x960x7x7,3.566551
109,0,imagen.jpeg,127,batchnorm,1x160x7x7,0.01262
109,0,imagen.jpeg,128,layer_add,1x160x7x7,0.003518
109,0,imagen.jpeg,129,pointwise_conv,1x160x7x7,3.600657
109,0,imagen.jpeg,130,batchnorm,1x960x7x7,0.076298
109,0,imagen.jpeg,131,activacion,1x960x7x7,0.131201
109,0,imagen.jpeg,132,depthwise_conv,1x960x7x7,0.579751
109,0,imagen.jpeg,133,batchnorm,1x960x7x7,0.123591
109,0,imagen.jpeg,134,activacion,1x960x7x7,0.109579
109,0,imagen.jpeg,135,pointwise_conv,1x960x7x7,3.576193
109,0,imagen.jpeg,136,batchnorm,1x160x7x7,0.012506
109,0,imagen.jpeg,137,layer_add,1x160x7x7,0.003898
109,0,imagen.jpeg,138,pointwise_conv,1x160x7x7,3.580635
109,0,imagen.jpeg,139,batchnorm,1x960x7x7,0.080125
109,0,imagen.jpeg,140,activacion,1x960x7x7,0.103047
109,0,imagen.jpeg,141,depthwise_conv,1x960x7x7,0.586088
109,0,imagen.jpeg,142,batchnorm,1x960x7x7,0.090788
109,0,imagen.jpeg,143,activacion,1x960x7x7,0.057397
109,0,imagen.jpeg,144,pointwise_conv,1x960x7x7,7.140985
109,0,imagen.jpeg,145,batchnorm,1x320x7x7,0.025075
109,0,imagen.jpeg,146,pointwise_conv,1x320x7x7,9.565665
109,0,imagen.jpeg,147,batchnorm,1x1280x7x7,0.09933
109,0,imagen.jpeg,148,activacion,1x1280x7x7,0.165241
109,0,imagen.jpeg,149,pooling,1x1280x7x7,0.033614
109,0,imagen.jpeg,150,linear,1x1280,1.090193
110,0,imagen.jpeg,0,conv2d,1x3x224x224,17.637232
110,0,imagen.jpeg,1,batchnorm,1x32x112x112,0.621007
110,0,imagen.jpeg,2,activacion,1x32x112x112,0.408569
110,0,imagen.jpeg,3,depthwise_conv,1x32x112x112,4.752196
110,0,imagen.jpeg,4,batchnorm,1x32x112x112,9.005071
110,0,imagen.jpeg,5,activacion,1x32x112x112,0.488206
110,0,imagen.jpeg,6,pointwise_conv,1x32x112x112,3.031111
110,0,imagen.jpeg,7,batchnorm,1x16x112x112,0.344733
110,0,imagen.jpeg,8,pointwise_conv,1x16x112x112,9.270174
110,0,imagen.jpeg,9,batchnorm,1x96x112x112,1.854351
110,0,imagen.jpeg,10,activacion,1x96x112x112,2.919783
110,0,imagen.jpeg,11,depthwise_conv,1x96x112x112,3.606697
110,0,imagen.jpeg,12,batchnorm,1x96x56x56,0.46203
110,0,imagen.jpeg,13,activacion,1x96x56x56,0.884209
110,0,imagen.jpeg,14,pointwise_conv,1x96x56x56,3.372414
110,0,imagen.jpeg,15,batchnorm,1x24x56x56,0.114188
110,0,imagen.jpeg,16,pointwise_conv,1x24x56x56,5.165379
110,0,imagen.jpeg,17,batchnorm,1x144x56x56,0.769675
110,0,imagen.jpeg,18,activacion,1x144x56x56,1.039211
110,0,imagen.jpeg,19,depthwise_conv,1x144x56x56,5.411975
110,0,imagen.jpeg,20,batchnorm,1x144x56x56,0.721341
110,0,imagen.jpeg,21,activacion,1x144x56x56,1.511814
110,0,imagen.jpeg,22,pointwise_conv,1x144x56x56,5.096101
110,0,imagen.jpeg,23,batchnorm,1x24x56x56,0.114093
110,0,imagen.jpeg,24,layer_add,1x24x56x56,0.035734
110,0,imagen.jpeg,25,pointwise_conv,1x24x56x56,5.135351
110,0,imagen.jpeg,26,batchnorm,1x144x56x56,0.689472
110,0,imagen.jpeg,27,activacion,1x144x56x56,1.343658
110,0,imagen.jpeg,28,depthwise_conv,1x144x56x56,1.395899
110,0,imagen.jpeg,29,batchnorm,1x144x28x28,0.172034
110,0,imagen.jpeg,30,activacion,1x144x28x28,0.305956
110,0,imagen.jpeg,31,pointwise_conv,1x144x28x28,1.713955
110,0,imagen.jpeg,32,batchnorm,1x32x28x28,0.038454
110,0,imagen.jpeg,33,pointwise_conv,1x32x28x28,2.345148
110,0,imagen.jpeg,34,batchnorm,1x192x28x28,0.229447
110,0,imagen.jpeg,35,activacion,1x192x28x28,0.292829
110,0,imagen.jpeg,36,depthwise_conv,1x192x28x28,1.81606
110,0,imagen.jpeg,37,batchnorm,1x192x28x28,0.229268
110,0,imagen.jpeg,38,activacion,1x192x28x28,0.490894
110,0,imagen.jpeg,39,pointwise_conv,1x192x28x28,2.291883
110,0,imagen.jpeg,40,batchnorm,1x32x28x28,0.038311
110,0,imagen.jpeg,41,layer_add,1x32x28x28,0.011843
110,0,imagen.jpeg,42,pointwise_conv,1x32x28x28,2.302744
110,0,imagen.jpeg,43,batchnorm,1x192x28x28,0.229296
110,0,imagen.jpeg,44,activacion,1x192x28x28,0.362782
110,0,imagen.jpeg,45,depthwise_conv,1x192x28x28,1.868429
110,0,imagen.jpeg,46,batchnorm,1x192x28x28,0.229281
110,0,imagen.jpeg,47,activacion,1x192x28x28,0.47725
110,0,imagen.jpeg,48,pointwise_conv,1x192x28x28,2.26823
110,0,imagen.jpeg,49,batchnorm,1x32x28x28,0.03837
110,0,imagen.jpeg,50,layer_add,1x32x28x28,0.011412
110,0,imagen.jpeg,51,pointwise_conv,1x32x28x28,2.30796
110,0,imagen.jpeg,52,batchnorm,1x192x28x28,0.229298
110,0,imagen.jpeg,53,activacion,1x192x28x28,0.428419
110,0,imagen.jpeg,54,depthwise_conv,1x192x28x28,0.47793
110,0,imagen.jpeg,55,batchnorm,1x192x14x14,0.057782
110,0,imagen.jpeg,56,activacion,1x192x14x14,0.077682
110,0,imagen.jpeg,57,pointwise_conv,1x192x14x14,1.195223
110,0,imagen.jpeg,58,batchnorm,1x64x14x14,0.019443
110,0,imagen.jpeg,59,pointwise_conv,1x64x14x14,2.412585
110,0,imagen.jpeg,60,batchnorm,1x384x14x14,0.115369
110,0,imagen.jpeg,61,activacion,1x384x14x14,0.166321
110,0,imagen.jpeg,62,depthwise_conv,1x384x14x14,0.958945
110,0,imagen.jpeg,63,batchnorm,1x384x14x14,0.115024
110,0,imagen.jpeg,64,activacion,1x384x14x14,0.252495
110,0,imagen.jpeg,65,pointwise_conv,1x384x14x14,2.388675
110,0,imagen.jpeg,66,batchnorm,1x64x14x14,0.019409
110,0,imagen.jpeg,67,layer_add,1x64x14x14,0.005529
110,0,imagen.jpeg,68,pointwise_conv,1x64x14x14,2.421954
110,0,imagen.jpeg,69,batchnorm,1x384x14x14,0.115477
110,0,imagen.jpeg,70,activacion,1x384x14x14,0.207078
110,0,imagen.jpeg,71,depthwise_conv,1x384x14x14,0.938358
110,0,imagen.jpeg,72,batchnorm,1x384x14x14,0.245791
110,0,imagen.jpeg,73,activacion,1x384x14x14,0.225928
110,0,imagen.jpeg,74,pointwise_conv,1x384x14x14,2.392593
110,0,imagen.jpeg,75,batchnorm,1x64x14x14,0.01936
110,0,imagen.jpeg,76,layer_add,1x64x14x14,0.005525
110,0,imagen.jpeg,77,pointwise_conv,1x64x14x14,2.441654
110,0,imagen.jpeg,78,batchnorm,1x384x14x14,0.115418
110,0,imagen.jpeg,79,activacion,1x384x14x14,0.228684
110,0,imagen.jpeg,80,depthwise_conv,1x384x14x14,0.918755
110,0,imagen.jpeg,81,batchnorm,1x384x14x14,0.44178
110,0,imagen.jpeg,82,activacion,1x384x14x14,0.211452
110,0,imagen.jpeg,83,pointwise_conv,1x384x14x14,2.39166
110,0,imagen.jpeg,84,batchnorm,1x64x14x14,0.019433
110,0,imagen.jpeg,85,layer_add,1x64x14x14,0.005685
110,0,imagen.jpeg,86,pointwise_conv,1x64x14x14,2.426934
110,0,imagen.jpeg,87,batchnorm,1x384x14x14,0.11914
110,0,imagen.jpeg,88,activacion,1x384x14x14,0.231038
110,0,imagen.jpeg,89,depthwise_conv,1x384x14x14,0.939045
110,0,imagen.jpeg,90,batchnorm,1x384x14x14,0.115441
110,0,imagen.jpeg,91,activacion,1x384x14x14,0.21095
110,0,imagen.jpeg,92,pointwise_conv,1x384x14x14,3.617827
110,0,imagen.jpeg,93,batchnorm,1x96x14x14,0.029027
110,0,imagen.jpeg,94,pointwise_conv,1x96x14x14,5.428058
110,0,imagen.jpeg,95,batchnorm,1x576x14x14,0.173159
110,0,imagen.jpeg,96,activacion,1x576x14x14,0.326907
110,0,imagen.jpeg,97,depthwise_conv,1x576x14x14,1.384182
110,0,imagen.jpeg,98,batchnorm,1x576x14x14,0.499207
110,0,imagen.jpeg,99,activacion,1x576x14x14,0.291455
110,0,imagen.jpeg,100,pointwise_conv,1x576x14x14,5.398388
110,0,imagen.jpeg,101,batchnorm,1x96x14x14,0.028982
110,0,imagen.jpeg,102,layer_add,1x96x14x14,0.008351
110,0,imagen.jpeg,103,pointwise_conv,1x96x14x14,5.421124
110,0,imagen.jpeg,104,batchnorm,1x576x14x14,0.177371
110,0,imagen.jpeg,105,activacion,1x576x14x14,0.327563
110,0,imagen.jpeg,106,depthwise_conv,1x576x14x14,1.386292
110,0,imagen.jpeg,107,batchnorm,1x576x14x14,0.438527
110,0,imagen.jpeg,108,activacion,1x576x14x14,0.256671
110,0,imagen.jpeg,109,pointwise_conv,1x576x14x14,5.392538
110,0,imagen.jpeg,110,batchnorm,1x96x14x14,0.02892
110,0,imagen.jpeg,111,layer_add,1x96x14x14,0.008394
110,0,imagen.jpeg,112,pointwise_conv,1x96x14x14,5.413703
110,0,imagen.jpeg,113,batchnorm,1x576x14x14,0.178319
110,0,imagen.jpeg,114,activacion,1x576x14x14,0.28789
110,0,imagen.jpeg,115,depthwise_conv,1x576x14x14,0.362194
110,0,imagen.jpeg,116,batchnorm,1x576x7x7,0.06124
110,0,imagen.jpeg,117,activacion,1x576x7x7,0.050077
110,0,imagen.jpeg,118,pointwise_conv,1x576x7x7,2.154317
110,0,imagen.jpeg,119,batchnorm,1x160x7x7,0.012775
110,0,imagen.jpeg,120,pointwise_conv,1x160x7x7,3.608853
110,0,imagen.jpeg,121,batchnorm,1x960x7x7,0.074442
110,0,imagen.jpeg,122,activacion,1x960x7x7,0.138195
110,0,imagen.jpeg,123,depthwise_conv,1x960x7x7,0.589638
110,0,imagen.jpeg,124,batchnorm,1x960x7x7,0.074576
110,0,imagen.jpeg,125,activacion,1x960x7x7,0.128397
110,0,imagen.jpeg,126,pointwise_conv,1x960x7x7,3.601909
110,0,imagen.jpeg,127,batchnorm,1x160x7x7,0.012603
110,0,imagen.jpeg,128,layer_add,1x160x7x7,0.003519
110,0,imagen.jpeg,129,pointwise_conv,1x160x7x7,3.614829
110,0,imagen.jpeg,130,batchnorm,1x960x7x7,0.076281
110,0,imagen.jpeg,131,activacion,1x960x7x7,0.126519
110,0,imagen.jpeg,132,depthwise_conv,1x960x7x7,0.60451
110,0,imagen.jpeg,133,batchnorm,1x960x7x7,0.123618
110,0,imagen.jpeg,134,activacion,1x960x7x7,0.110018
110,0,imagen.jpeg,135,pointwise_conv,1x960x7x7,3.585586
110,0,imagen.jpeg,136,batchnorm,1x160x7x7,0.012534
110,0,imagen.jpeg,137,layer_add,1x160x7x7,0.003734
110,0,imagen.jpeg,138,pointwise_conv,1x160x7x7,3.584285
110,0,imagen.jpeg,139,batchnorm,1x960x7x7,0.079216
110,0,imagen.jpeg,140,activacion,1x960x7x7,0.10245
110,0,imagen.jpeg,141,depthwise_conv,1x960x7x7,0.562683
110,0,imagen.jpeg,142,batchnorm,1x960x7x7,0.090836
110,0,imagen.jpeg,143,activacion,1x960x7x7,0.057584
110,0,imagen.jpeg,144,pointwise_conv,1x960x7x7,7.1645
110,0,imagen.jpeg,145,batchnorm,1x320x7x7,0.025
110,0,imagen.jpeg,146,pointwise_conv,1x320x7x7,9.562746
110,0,imagen.jpeg,147,batchnorm,1x1280x7x7,0.099209
110,0,imagen.jpeg,148,activacion,1x1280x7x7,0.166019
110,0,imagen.jpeg,149,pooling,1x1280x7x7,0.033699
110,0,imagen.jpeg,150,linear,1x1280,1.141309
111,0,imagen.jpeg,0,conv2d,1x3x224x224,17.672112
111,0,imagen.jpeg,1,batchnorm,1x32x112x112,0.655256
111,0,imagen.jpeg,2,activacion,1x32x112x112,0.404416
111,0,imagen.jpeg,3,depthwise_conv,1x32x112x112,4.728263
111,0,imagen.jpeg,4,batchnorm,1x32x112x112,9.021809
111,0,imagen.jpeg,5,activacion,1x32x112x112,0.503048
111,0,imagen.jpeg,6,pointwise_conv,1x32x112x112,3.064975
111,0,imagen.jpeg,7,batchnorm,1x16x112x112,0.30491
111,0,imagen.jpeg,8,pointwise_conv,1x16x112x112,9.308369
111,0,imagen.jpeg,9,batchnorm,1x96x112x112,1.849873
111,0,imagen.jpeg,10,activacion,1x96x112x112,2.799896
111,0,imagen.jpeg,11,depthwise_conv,1x96x112x112,3.659469
111,0,imagen.jpeg,12,batchnorm,1x96x56x56,0.460134
111,0,imagen.jpeg,13,activacion,1x96x56x56,0.888129
111,0,imagen.jpeg,14,pointwise_conv,1x96x56x56,3.372079
111,0,imagen.jpeg,15,batchnorm,1x24x56x56,0.114629
111,0,imagen.jpeg,16,pointwise_conv,1x24x56x56,5.13084
111,0,imagen.jpeg,17,batchnorm,1x144x56x56,0.696579
111,0,imagen.jpeg,18,activacion,1x144x56x56,1.030825
111,0,imagen.jpeg,19,depthwise_conv,1x144x56x56,5.34107
111,0,imagen.jpeg,20,batchnorm,1x144x56x56,0.713199
111,0,imagen.jpeg,21,activacion,1x144x56x56,1.480691
111,0,imagen.jpeg,22,pointwise_conv,1x144x56x56,5.105849
111,0,imagen.jpeg,23,batchnorm,1x24x56x56,0.127742
111,0,imagen.jpeg,24,layer_add,1x24x56x56,0.03798
111,0,imagen.jpeg,25,pointwise_conv,1x24x56x56,5.151486
111,0,imagen.jpeg,26,batchnorm,1x144x56x56,0.714126
111,0,imagen.jpeg,27,activacion,1x144x56x56,1.359234
111,0,imagen.jpeg,28,depthwise_conv,1x144x56x56,1.387323
111,0,imagen.jpeg,29,batchnorm,1x144x28x28,0.172338
111,0,imagen.jpeg,30,activacion,1x144x28x28,0.306008
111,0,imagen.jpeg,31,pointwise_conv,1x144x28x28,1.711311
111,0,imagen.jpeg,32,batchnorm,1x32x28x28,0.040745
111,0,imagen.jpeg,33,pointwise_conv,1x32x28x28,2.303785
111,0,imagen.jpeg,34,batchnorm,1x192x28x28,0.23102
111,0,imagen.jpeg,35,activacion,1x192x28x28,0.290862
111,0,imagen.jpeg,36,depthwise_conv,1x192x28x28,1.87717
111,0,imagen.jpeg,37,batchnorm,1x192x28x28,0.229093
111,0,imagen.jpeg,38,activacion,1x192x28x28,0.482906
111,0,imagen.jpeg,39,pointwise_conv,1x192x28x28,2.306114
111,0,imagen.jpeg,40,batchnorm,1x32x28x28,0.038309
111,0,imagen.jpeg,41,layer_add,1x32x28x28,0.01257
111,0,imagen.jpeg,42,pointwise_conv,1x32x28x28,2.322536
111,0,imagen.jpeg,43,batchnorm,1x192x28x28,0.231163
111,0,imagen.jpeg,44,activacion,1x192x28x28,0.365943
111,0,imagen.jpeg,45,depthwise_conv,1x192x28x28,1.85218
111,0,imagen.jpeg,46,batchnorm,1x192x28x28,0.239666
111,0,imagen.jpeg,47,activacion,1x192x28x28,0.470941
111,0,imagen.jpeg,48,pointwise_conv,1x192x28x28,2.279237
111,0,imagen.jpeg,49,batchnorm,1x32x28x28,0.038381
111,0,imagen.jpeg,50,layer_add,1x32x28x28,0.012797
111,0,imagen.jpeg,51,pointwise_conv,1x32x28x28,2.324611
111,0,imagen.jpeg,52,batchnorm,1x192x28x28,0.233594
111,0,imagen.jpeg,53,activacion,1x192x28x28,0.438088
111,0,imagen.jpeg,54,depthwise_conv,1x192x28x28,0.477231
111,0,imagen.jpeg,55,batchnorm,1x192x14x14,0.057798
111,0,imagen.jpeg,56,activacion,1x192x14x14,0.081989
111,0,imagen.jpeg,57,pointwise_conv,1x192x14x14,1.196599
111,0,imagen.jpeg,58,batchnorm,1x64x14x14,0.019412
111,0,imagen.jpeg,59,pointwise_conv,1x64x14x14,2.413574
111,0,imagen.jpeg,60,batchnorm,1x384x14x14,0.126996
111,0,imagen.jpeg,61,activacion,1x384x14x14,0.172825
111,0,imagen.jpeg,62,depthwise_conv,1x384x14x14,0.957411
111,0,imagen.jpeg,63,batchnorm,1x384x14x14,0.11897
111,0,imagen.jpeg,64,activacion,1x384x14x14,0.245773
111,0,imagen.jpeg,65,pointwise_conv,1x384x14x14,2.391464
111,0,imagen.jpeg,66,batchnorm,1x64x14x14,0.019404
111,0,imagen.jpeg,67,layer_add,1x64x14x14,0.005584
111,0,imagen.jpeg,68,pointwise_conv,1x64x14x14,2.432912
111,0,imagen.jpeg,69,batchnorm,1x384x14x14,0.117602
111,0,imagen.jpeg,70,activacion,1x384x14x14,0.205823
111,0,imagen.jpeg,71,depthwise_conv,1x384x14x14,0.911896
111,0,imagen.jpeg,72,batchnorm,1x384x14x14,0.253416
111,0,imagen.jpeg,73,activacion,1x384x14x14,0.22445
111,0,imagen.jpeg,74,pointwise_conv,1x384x14x14,2.414189
111,0,imagen.jpeg,75,batchnorm,1x64x14x14,0.020598
111,0,imagen.jpeg,76,layer_add,1x64x14x14,0.005888
111,0,imagen.jpeg,77,pointwise_conv,1x64x14x14,2.448195
111,0,imagen.jpeg,78,batchnorm,1x384x14x14,0.115333
111,0,imagen.jpeg,79,activacion,1x384x14x14,0.228218
111,0,imagen.jpeg,80,depthwise_conv,1x384x14x14,0.933102
111,0,imagen.jpeg,81,batchnorm,1x384x14x14,0.44627
111,0,imagen.jpeg,82,activacion,1x384x14x14,0.200988
111,0,imagen.jpeg,83,pointwise_conv,1x384x14x14,2.39503
111,0,imagen.jpeg,84,batchnorm,1x64x14x14,0.019547
111,0,imagen.jpeg,85,layer_add,1x64x14x14,0.00575
111,0,imagen.jpeg,86,pointwise_conv,1x64x14x14,2.415813
111,0,imagen.jpeg,87,batchnorm,1x384x14x14,0.115649
111,0,imagen.jpeg,88,activacion,1x384x14x14,0.22675
111,0,imagen.jpeg,89,depthwise_conv,1x384x14x14,0.928547
111,0,imagen.jpeg,90,batchnorm,1x384x14x14,0.11856
111,0,imagen.jpeg,91,activacion,1x384x14x14,0.213018
111,0,imagen.jpeg,92,pointwise_conv,1x384x14x14,3.594508
111,0,imagen.jpeg,93,batchnorm,1x96x14x14,0.029086
111,0,imagen.jpeg,94,pointwise_conv,1x96x14x14,5.411971
111,0,imagen.jpeg,95,batchnorm,1x576x14x14,0.173173
111,0,imagen.jpeg,96,activacion,1x576x14x14,0.33222
111,0,imagen.jpeg,97,depthwise_conv,1x576x14x14,1.387761
111,0,imagen.jpeg,98,batchnorm,1x576x14x14,0.503206
111,0,imagen.jpeg,99,activacion,1x576x14x14,0.291743
111,0,imagen.jpeg,100,pointwise_conv,1x576x14x14,5.38521
111,0,imagen.jpeg,101,batchnorm,1x96x14x14,0.028974
111,0,imagen.jpeg,102,layer_add,1x96x14x14,0.008455
111,0,imagen.jpeg,103,pointwise_conv,1x96x14x14,5.431415
111,0,imagen.jpeg,104,batchnorm,1x576x14x14,0.173094
111,0,imagen.jpeg,105,activacion,1x576x14x14,0.327064
111,0,imagen.jpeg,106,depthwise_conv,1x576x14x14,1.408634
111,0,imagen.jpeg,107,batchnorm,1x576x14x14,0.433765
111,0,imagen.jpeg,108,activacion,1x576x14x14,0.264436
111,0,imagen.jpeg,109,pointwise_conv,1x576x14x14,5.39713
111,0,imagen.jpeg,110,batchnorm,1x96x14x14,0.028913
111,0,imagen.jpeg,111,layer_add,1x96x14x14,0.008632
111,0,imagen.jpeg,112,pointwise_conv,1x96x14x14,5.445562
111,0,imagen.jpeg,113,batchnorm,1x576x14x14,0.172905
111,0,imagen.jpeg,114,activacion,1x576x14x14,0.281276
111,0,imagen.jpeg,115,depthwise_conv,1x576x14x14,0.36711
111,0,imagen.jpeg,116,batchnorm,1x576x7x7,0.06122
111,0,imagen.jpeg,117,activacion,1x576x7x7,0.049748
111,0,imagen.jpeg,118,pointwise_conv,1x576x7x7,2.1546
111,0,imagen.jpeg,119,batchnorm,1x160x7x7,0.012719
111,0,imagen.jpeg,120,pointwise_conv,1x160x7x7,3.58564
111,0,imagen.jpeg,121,batchnorm,1x960x7x7,0.074417
111,0,imagen.jpeg,122,activacion,1x960x7x7,0.133935
111,0,imagen.jpeg,123,depthwise_conv,1x960x7x7,0.614732
111,0,imagen.jpeg,124,batchnorm,1x960x7x7,0.089966
111,0,imagen.jpeg,125,activacion,1x960x7x7,0.133169
111,0,imagen.jpeg,126,pointwise_conv,1x960x7x7,3.568538
111,0,imagen.jpeg,127,batchnorm,1x160x7x7,0.012582
111,0,imagen.jpeg,128,layer_add,1x160x7x7,0.003565
111,0,imagen.jpeg,129,pointwise_conv,1x160x7x7,3.604964
111,0,imagen.jpeg,130,batchnorm,1x960x7x7,0.074441
111,0,imagen.jpeg,131,activacion,1x960x7x7,0.127623
111,0,imagen.jpeg,132,depthwise_conv,1x960x7x7,0.585798
111,0,imagen.jpeg,133,batchnorm,1x960x7x7,0.123518
111,0,imagen.jpeg,134,activacion,1x960x7x7,0.110726
111,0,imagen.jpeg,135,pointwise_conv,1x960x7x7,3.590816
111,0,imagen.jpeg,136,batchnorm,1x160x7x7,0.012517
111,0,imagen.jpeg,137,layer_add,1x160x7x7,0.004242
111,0,imagen.jpeg,138,pointwise_conv,1x160x7x7,3.587508
111,0,imagen.jpeg,139,batchnorm,1x960x7x7,0.074453
111,0,imagen.jpeg,140,activacion,1x960x7x7,0.102187
111,0,imagen.jpeg,141,depthwise_conv,1x960x7x7,0.56892
111,0,imagen.jpeg,142,batchnorm,1x960x7x7,0.092966
111,0,imagen.jpeg,143,activacion,1x960x7x7,0.057542
111,0,imagen.jpeg,144,pointwise_conv,1x960x7x7,7.185999
111,0,imagen.jpeg,145,batchnorm,1x320x7x7,0.027586
111,0,imagen.jpeg,146,pointwise_conv,1x320x7x7,9.585317
111,0,imagen.jpeg,147,batchnorm,1x1280x7x7,0.099343
111,0,imagen.jpeg,148,activacion,1x1280x7x7,0.158051
111,0,imagen.jpeg,149,pooling,1x1280x7x7,0.033734
111,0,imagen.jpeg,150,linear,1x1280,1.121542
112,0,imagen.jpeg,0,conv2d,1x3x224x224,17.292952
112,0,imagen.jpeg,1,batchnorm,1x32x112x112,0.633118
112,0,imagen.jpeg,2,activacion,1x32x112x112,0.418765
112,0,imagen.jpeg,3,depthwise_conv,1x32x112x112,4.775835
112,0,imagen.jpeg,4,batchnorm,1x32x112x112,9.04009
112,0,imagen.jpeg,5,activacion,1x32x112x112,0.495894
112,0,imagen.jpeg,6,pointwise_conv,1x32x112x112,3.054412
112,0,imagen.jpeg,7,batchnorm,1x16x112x112,0.322608
112,0,imagen.jpeg,8,pointwise_conv,1x16x112x112,9.263052
112,0,imagen.jpeg,9,batchnorm,1x96x112x112,1.850457
112,0,imagen.jpeg,10,activacion,1x96x112x112,2.745062
112,0,imagen.jpeg,11,depthwise_conv,1x96x112x112,3.652349
112,0,imagen.jpeg,12,batchnorm,1x96x56x56,0.468685
112,0,imagen.jpeg,13,activacion,1x96x56x56,0.896609
112,0,imagen.jpeg,14,pointwise_conv,1x96x56x56,3.379396
112,0,imagen.jpeg,15,batchnorm,1x24x56x56,0.114376
112,0,imagen.jpeg,16,pointwise_conv,1x24x56x56,5.156069
112,0,imagen.jpeg,17,batchnorm,1x144x56x56,0.7046
112,0,imagen.jpeg,18,activacion,1x144x56x56,1.031574
112,0,imagen.jpeg,19,depthwise_conv,1x144x56x56,5.477768
112,0,imagen.jpeg,20,batchnorm,1x144x56x56,0.706352
112,0,imagen.jpeg,21,activacion,1x144x56x56,1.489041
112,0,imagen.jpeg,22,pointwise_conv,1x144x56x56,5.109146
112,0,imagen.jpeg,23,batchnorm,1x24x56x56,0.114189
112,0,imagen.jpeg,24,layer_add,1x24x56x56,0.036336
112,0,imagen.jpeg,25,pointwise_conv,1x24x56x56,5.120026
112,0,imagen.jpeg,26,batchnorm,1x144x56x56,0.703283
112,0,imagen.jpeg,27,activacion,1x144x56x56,1.353462
112,0,imagen.jpeg,28,depthwise_conv,1x144x56x56,1.389784
112,0,imagen.jpeg,29,batchnorm,1x144x28x28,0.172039
112,0,imagen.jpeg,30,activacion,1x144x28x28,0.299584
112,0,imagen.jpeg,31,pointwise_conv,1x144x28x28,1.703435
112,0,imagen.jpeg,32,batchnorm,1x32x28x28,0.038391
112,0,imagen.jpeg,33,pointwise_conv,1x32x28x28,2.303884
112,0,imagen.jpeg,34,batchnorm,1x192x28x28,0.233511
112,0,imagen.jpeg,35,activacion,1x192x28x28,0.29118
112,0,imagen.jpeg,36,depthwise_conv,1x192x28x28,1.779223
112,0,imagen.jpeg,37,batchnorm,1x192x28x28,0.229194
112,0,imagen.jpeg,38,activacion,1x192x28x28,0.489908
112,0,imagen.jpeg,39,pointwise_conv,1x192x28x28,2.277293
112,0,imagen.jpeg,40,batchnorm,1x32x28x28,0.038298
112,0,imagen.jpeg,41,layer_add,1x32x28x28,0.011835
112,0,imagen.jpeg,42,pointwise_conv,1x32x28x28,2.305063
112,0,imagen.jpeg,43,batchnorm,1x192x28x28,0.229034
112,0,imagen.jpeg,44,activacion,1x192x28x28,0.362767
112,0,imagen.jpeg,45,depthwise_conv,1x192x28x28,1.868288
112,0,imagen.jpeg,46,batchnorm,1x192x28x28,0.229458
112,0,imagen.jpeg,47,activacion,1x192x28x28,0.471113
112,0,imagen.jpeg,48,pointwise_conv,1x192x28x28,2.264326
112,0,imagen.jpeg,49,batchnorm,1x32x28x28,0.038348
112,0,imagen.jpeg,50,layer_add,1x32x28x28,0.011203
112,0,imagen.jpeg,51,pointwise_conv,1x32x28x28,2.300934
112,0,imagen.jpeg,52,batchnorm,1x192x28x28,0.232315
112,0,imagen.jpeg,53,activacion,1x192x28x28,0.427563
112,0,imagen.jpeg,54,depthwise_conv,1x192x28x28,0.459469
112,0,imagen.jpeg,55,batchnorm,1x192x14x14,0.057778
112,0,imagen.jpeg,56,activacion,1x192x14x14,0.078007
112,0,imagen.jpeg,57,pointwise_conv,1x192x14x14,1.19599
112,0,imagen.jpeg,58,batchnorm,1x64x14x14,0.019443
112,0,imagen.jpeg,59,pointwise_conv,1x64x14x14,2.418627
112,0,imagen.jpeg,60,batchnorm,1x384x14x14,0.11531
112,0,imagen.jpeg,61,activacion,1x384x14x14,0.155676
112,0,imagen.jpeg,62,depthwise_conv,1x384x14x14,0.964907
112,0,imagen.jpeg,63,batchnorm,1x384x14x14,0.115409
112,0,imagen.jpeg,64,activacion,1x384x14x14,0.252037
112,0,imagen.jpeg,65,pointwise_conv,1x384x14x14,2.390099
112,0,imagen.jpeg,66,batchnorm,1x64x14x14,0.019456
112,0,imagen.jpeg,67,layer_add,1x64x14x14,0.005657
112,0,imagen.jpeg,68,pointwise_conv,1x64x14x14,2.419291
112,0,imagen.jpeg,69,batchnorm,1x384x14x14,0.128293
112,0,imagen.jpeg,70,activacion,1x384x14x14,0.205443
112,0,imagen.jpeg,71,depthwise_conv,1x384x14x14,0.93333
112,0,imagen.jpeg,72,batchnorm,1x384x14x14,0.245892
112,0,imagen.jpeg,73,activacion,1x384x14x14,0.226044
112,0,imagen.jpeg,74,pointwise_conv,1x384x14x14,2.388348
112,0,imagen.jpeg,75,batchnorm,1x64x14x14,0.019324
112,0,imagen.jpeg,76,layer_add,1x64x14x14,0.005506
112,0,imagen.jpeg,77,pointwise_conv,1x64x14x14,2.437174
112,0,imagen.jpeg,78,batchnorm,1x384x14x14,0.117545
112,0,imagen.jpeg,79,activacion,1x384x14x14,0.231954
112,0,imagen.jpeg,80,depthwise_conv,1x384x14x14,0.926772
112,0,imagen.jpeg,81,batchnorm,1x384x14x14,0.441828
112,0,imagen.jpeg,82,activacion,1x384x14x14,0.205851
112,0,imagen.jpeg,83,pointwise_conv,1x384x14x14,2.389055
112,0,imagen.jpeg,84,batchnorm,1x64x14x14,0.019426
112,0,imagen.jpeg,85,layer_add,1x64x14x14,0.00588
112,0,imagen.jpeg,86,pointwise_conv,1x64x14x14,2.422348
112,0,imagen.jpeg,87,batchnorm,1x384x14x14,0.115497
112,0,imagen.jpeg,88,activacion,1x384x14x14,0.226729
112,0,imagen.jpeg,89,depthwise_conv,1x384x14x14,0.91886
112,0,imagen.jpeg,90,batchnorm,1x384x14x14,0.115351
112,0,imagen.jpeg,91,activacion,1x384x14x14,0.209482
112,0,imagen.jpeg,92,pointwise_conv,1x384x14x14,3.600322
112,0,imagen.jpeg,93,batchnorm,1x96x14x14,0.028976
112,0,imagen.jpeg,94,pointwise_conv,1x96x14x14,5.413838
112,0,imagen.jpeg,95,batchnorm,1x576x14x14,0.175438
112,0,imagen.jpeg,96,activacion,1x576x14x14,0.325185
112,0,imagen.jpeg,97,depthwise_conv,1x576x14x14,1.387486
112,0,imagen.jpeg,98,batchnorm,1x576x14x14,0.499318
112,0,imagen.jpeg,99,activacion,1x576x14x14,0.285631
112,0,imagen.jpeg,100,pointwise_conv,1x576x14x14,5.376937
112,0,imagen.jpeg,101,batchnorm,1x96x14x14,0.028999
112,0,imagen.jpeg,102,layer_add,1x96x14x14,0.008572
112,0,imagen.jpeg,103,pointwise_conv,1x96x14x14,5.405521
112,0,imagen.jpeg,104,batchnorm,1x576x14x14,0.179708
112,0,imagen.jpeg,105,activacion,1x576x14x14,0.328612
112,0,imagen.jpeg,106,depthwise_conv,1x576x14x14,1.386975
112,0,imagen.jpeg,107,batchnorm,1x576x14x14,0.586703
112,0,imagen.jpeg,108,activacion,1x576x14x14,0.262346
112,0,imagen.jpeg,109,pointwise_conv,1x576x14x14,5.372044
112,0,imagen.jpeg,110,batchnorm,1x96x14x14,0.028934
112,0,imagen.jpeg,111,layer_add,1x96x14x14,0.008339
112,0,imagen.jpeg,112,pointwise_conv,1x96x14x14,5.41744
112,0,imagen.jpeg,113,batchnorm,1x576x14x14,0.180015
112,0,imagen.jpeg,114,activacion,1x576x14x14,0.282686
112,0,imagen.jpeg,115,depthwise_conv,1x576x14x14,0.36457
112,0,imagen.jpeg,116,batchnorm,1x576x7x7,0.061223
112,0,imagen.jpeg,117,activacion,1x576x7x7,0.049496
112,0,imagen.jpeg,118,pointwise_conv,1x576x7x7,2.148916
112,0,imagen.jpeg,119,batchnorm,1x160x7x7,0.012704
112,0,imagen.jpeg,120,pointwise_conv,1x160x7x7,3.582946
112,0,imagen.jpeg,121,batchnorm,1x960x7x7,0.074416
112,0,imagen.jpeg,122,activacion,1x960x7x7,0.138276
112,0,imagen.jpeg,123,depthwise_conv,1x960x7x7,0.586516
112,0,imagen.jpeg,124,batchnorm,1x960x7x7,0.074544
112,0,imagen.jpeg,125,activacion,1x960x7x7,0.127738
112,0,imagen.jpeg,126,pointwise_conv,1x960x7x7,3.584619
112,0,imagen.jpeg,127,batchnorm,1x160x7x7,0.0126
112,0,imagen.jpeg,128,layer_add,1x160x7x7,0.003544
112,0,imagen.jpeg,129,pointwise_conv,1x160x7x7,3.58411
112,0,imagen.jpeg,130,batchnorm,1x960x7x7,0.074401
112,0,imagen.jpeg,131,activacion,1x960x7x7,0.126368
112,0,imagen.jpeg,132,depthwise_conv,1x960x7x7,0.585462
112,0,imagen.jpeg,133,batchnorm,1x960x7x7,0.123766
112,0,imagen.jpeg,134,activacion,1x960x7x7,0.110438
112,0,imagen.jpeg,135,pointwise_conv,1x960x7x7,3.576772
112,0,imagen.jpeg,136,batchnorm,1x160x7x7,0.012558
112,0,imagen.jpeg,137,layer_add,1x160x7x7,0.003884
112,0,imagen.jpeg,138,pointwise_conv,1x160x7x7,3.585432
112,0,imagen.jpeg,139,batchnorm,1x960x7x7,0.074359
112,0,imagen.jpeg,140,activacion,1x960x7x7,0.10253
112,0,imagen.jpeg,141,depthwise_conv,1x960x7x7,0.600296
112,0,imagen.jpeg,142,batchnorm,1x960x7x7,0.094281
112,0,imagen.jpeg,143,activacion,1x960x7x7,0.063332
112,0,imagen.jpeg,144,pointwise_conv,1x960x7x7,7.194868
112,0,imagen.jpeg,145,batchnorm,1x320x7x7,0.025018
112,0,imagen.jpeg,146,pointwise_conv,1x320x7x7,9.547452
112,0,imagen.jpeg,147,batchnorm,1x1280x7x7,0.099244
112,0,imagen.jpeg,148,activacion,1x1280x7x7,0.165175
112,0,imagen.jpeg,149,pooling,1x1280x7x7,0.033754
112,0,imagen.jpeg,150,linear,1x1280,1.098523
113,0,imagen.jpeg,0,conv2d,1x3x224x224,18.017917
113,0,imagen.jpeg,1,batchnorm,1x32x112x112,0.646372
113,0,imagen.jpeg,2,activacion,1x32x112x112,0.401743
113,0,imagen.jpeg,3,depthwise_conv,1x32x112x112,4.825877
113,0,imagen.jpeg,4,batchnorm,1x32x112x112,9.010298
113,0,imagen.jpeg,5,activacion,1x32x112x112,0.500705
113,0,imagen.jpeg,6,pointwise_conv,1x32x112x112,3.032095
113,0,imagen.jpeg,7,batchnorm,1x16x112x112,0.304711
113,0,imagen.jpeg,8,pointwise_conv,1x16x112x112,9.280742
113,0,imagen.jpeg,9,batchnorm,1x96x112x112,1.839202
113,0,imagen.jpeg,10,activacion,1x96x112x112,2.780116
113,0,imagen.jpeg,11,depthwise_conv,1x96x112x112,3.657793
113,0,imagen.jpeg,12,batchnorm,1x96x56x56,0.455458
113,0,imagen.jpeg,13,activacion,1x96x56x56,0.88615
113,0,imagen.jpeg,14,pointwise_conv,1x96x56x56,3.369424
113,0,imagen.jpeg,15,batchnorm,1x24x56x56,0.120421
113,0,imagen.jpeg,16,pointwise_conv,1x24x56x56,5.137027
113,0,imagen.jpeg,17,batchnorm,1x144x56x56,0.695592
113,0,imagen.jpeg,18,activacion,1x144x56x56,1.00459
113,0,imagen.jpeg,19,depthwise_conv,1x144x56x56,5.404843
113,0,imagen.jpeg,20,batchnorm,1x144x56x56,0.697275
113,0,imagen.jpeg,21,activacion,1x144x56x56,1.457881
113,0,imagen.jpeg,22,pointwise_conv,1x144x56x56,5.06608
113,0,imagen.jpeg,23,batchnorm,1x24x56x56,0.117083
113,0,imagen.jpeg,24,layer_add,1x24x56x56,0.035902
113,0,imagen.jpeg,25,pointwise_conv,1x24x56x56,5.119673
113,0,imagen.jpeg,26,batchnorm,1x144x56x56,0.693607
113,0,imagen.jpeg,27,activacion,1x144x56x56,1.34898
113,0,imagen.jpeg,28,depthwise_conv,1x144x56x56,1.393089
113,0,imagen.jpeg,29,batchnorm,1x144x28x28,0.17217
113,0,imagen.jpeg,30,activacion,1x144x28x28,0.298697
113,0,imagen.jpeg,31,pointwise_conv,1x144x28x28,1.709316
113,0,imagen.jpeg,32,batchnorm,1x32x28x28,0.038341
113,0,imagen.jpeg,33,pointwise_conv,1x32x28x28,2.293762
113,0,imagen.jpeg,34,batchnorm,1x192x28x28,0.237691
113,0,imagen.jpeg,35,activacion,1x192x28x28,0.289393
113,0,imagen.jpeg,36,depthwise_conv,1x192x28x28,1.860986
113,0,imagen.jpeg,37,batchnorm,1x192x28x28,0.229289
113,0,imagen.jpeg,38,activacion,1x192x28x28,0.486893
113,0,imagen.jpeg,39,pointwise_conv,1x192x28x28,2.265148
113,0,imagen.jpeg,40,batchnorm,1x32x28x28,0.038297
113,0,imagen.jpeg,41,layer_add,1x32x28x28,0.012433
113,0,imagen.jpeg,42,pointwise_conv,1x32x28x28,2.299553
113,0,imagen.jpeg,43,batchnorm,1x192x28x28,0.237253
113,0,imagen.jpeg,44,activacion,1x192x28x28,0.361833
113,0,imagen.jpeg,45,depthwise_conv,1x192x28x28,1.850007
113,0,imagen.jpeg,46,batchnorm,1x192x28x28,0.233598
113,0,imagen.jpeg,47,activacion,1x192x28x28,0.481325
113,0,imagen.jpeg,48,pointwise_conv,1x192x28x28,2.265536
113,0,imagen.jpeg,49,batchnorm,1x32x28x28,0.038308
113,0,imagen.jpeg,50,layer_add,1x32x28x28,0.011638
113,0,imagen.jpeg,51,pointwise_conv,1x32x28x28,2.298412
113,0,imagen.jpeg,52,batchnorm,1x192x28x28,0.233231
113,0,imagen.jpeg,53,activacion,1x192x28x28,0.426921
113,0,imagen.jpeg,54,depthwise_conv,1x192x28x28,0.478369
113,0,imagen.jpeg,55,batchnorm,1x192x14x14,0.057683
113,0,imagen.jpeg,56,activacion,1x192x14x14,0.077491
113,0,imagen.jpeg,57,pointwise_conv,1x192x14x14,1.196729
113,0,imagen.jpeg,58,batchnorm,1x64x14x14,0.019413
113,0,imagen.jpeg,59,pointwise_conv,1x64x14x14,2.41356
113,0,imagen.jpeg,60,batchnorm,1x384x14x14,0.115354
113,0,imagen.jpeg,61,activacion,1x384x14x14,0.153451
113,0,imagen.jpeg,62,depthwise_conv,1x384x14x14,0.935152
113,0,imagen.jpeg,63,batchnorm,1x384x14x14,0.115544
113,0,imagen.jpeg,64,activacion,1x384x14x14,0.242337
113,0,imagen.jpeg,65,pointwise_conv,1x384x14x14,2.389972
113,0,imagen.jpeg,66,batchnorm,1x64x14x14,0.019446
113,0,imagen.jpeg,67,layer_add,1x64x14x14,0.006005
113,0,imagen.jpeg,68,pointwise_conv,1x64x14x14,2.412591
113,0,imagen.jpeg,69,batchnorm,1x384x14x14,0.121469
113,0,imagen.jpeg,70,activacion,1x384x14x14,0.206751
113,0,imagen.jpeg,71,depthwise_conv,1x384x14x14,0.93095
113,0,imagen.jpeg,72,batchnorm,1x384x14x14,0.245968
113,0,imagen.jpeg,73,activacion,1x384x14x14,0.223502
113,0,imagen.jpeg,74,pointwise_conv,1x384x14x14,2.392648
113,0,imagen.jpeg,75,batchnorm,1x64x14x14,0.019383
113,0,imagen.jpeg,76,layer_add,1x64x14x14,0.005555
113,0,imagen.jpeg,77,pointwise_conv,1x64x14x14,2.411204
113,0,imagen.jpeg,78,batchnorm,1x384x14x14,0.115142
113,0,imagen.jpeg,79,activacion,1x384x14x14,0.232368
113,0,imagen.jpeg,80,depthwise_conv,1x384x14x14,0.932591
113,0,imagen.jpeg,81,batchnorm,1x384x14x14,0.445118
113,0,imagen.jpeg,82,activacion,1x384x14x14,0.200387
113,0,imagen.jpeg,83,pointwise_conv,1x384x14x14,2.523273
113,0,imagen.jpeg,84,batchnorm,1x64x14x14,0.019411
113,0,imagen.jpeg,85,layer_add,1x64x14x14,0.005517
113,0,imagen.jpeg,86,pointwise_conv,1x64x14x14,2.405109
113,0,imagen.jpeg,87,batchnorm,1x384x14x14,0.118796
113,0,imagen.jpeg,88,activacion,1x384x14x14,0.226809
113,0,imagen.jpeg,89,depthwise_conv,1x384x14x14,0.932128
113,0,imagen.jpeg,90,batchnorm,1x384x14x14,0.115358
113,0,imagen.jpeg,91,activacion,1x384x14x14,0.210608
113,0,imagen.jpeg,92,pointwise_conv,1x384x14x14,3.586364
113,0,imagen.jpeg,93,batchnorm,1x96x14x14,0.028974
113,0,imagen.jpeg,94,pointwise_conv,1x96x14x14,5.416825
113,0,imagen.jpeg,95,batchnorm,1x576x14x14,0.19481
113,0,imagen.jpeg,96,activacion,1x576x14x14,0.330434
113,0,imagen.jpeg,97,depthwise_conv,1x576x14x14,1.412037
113,0,imagen.jpeg,98,batchnorm,1x576x14x14,0.508504
113,0,imagen.jpeg,99,activacion,1x576x14x14,0.291857
113,0,imagen.jpeg,100,pointwise_conv,1x576x14x14,5.384836
113,0,imagen.jpeg,101,batchnorm,1x96x14x14,0.028898
113,0,imagen.jpeg,102,layer_add,1x96x14x14,0.008277
113,0,imagen.jpeg,103,pointwise_conv,1x96x14x14,5.405266
113,0,imagen.jpeg,104,batchnorm,1x576x14x14,0.173177
113,0,imagen.jpeg,105,activacion,1x576x14x14,0.329771
113,0,imagen.jpeg,106,depthwise_conv,1x576x14x14,1.396742
113,0,imagen.jpeg,107,batchnorm,1x576x14x14,0.43647
113,0,imagen.jpeg,108,activacion,1x576x14x14,0.257079
113,0,imagen.jpeg,109,pointwise_conv,1x576x14x14,5.379686
113,0,imagen.jpeg,110,batchnorm,1x96x14x14,0.028904
113,0,imagen.jpeg,111,layer_add,1x96x14x14,0.008295
113,0,imagen.jpeg,112,pointwise_conv,1x96x14x14,5.409435
113,0,imagen.jpeg,113,batchnorm,1x576x14x14,0.172861
113,0,imagen.jpeg,114,activacion,1x576x14x14,0.284221
113,0,imagen.jpeg,115,depthwise_conv,1x576x14x14,0.365673
113,0,imagen.jpeg,116,batchnorm,1x576x7x7,0.061194
113,0,imagen.jpeg,117,activacion,1x576x7x7,0.05022
113,0,imagen.jpeg,118,pointwise_conv,1x576x7x7,2.143997
113,0,imagen.jpeg,119,batchnorm,1x160x7x7,0.012852
113,0,imagen.jpeg,120,pointwise_conv,1x160x7x7,3.584161
113,0,imagen.jpeg,121,batchnorm,1x960x7x7,0.074442
113,0,imagen.jpeg,122,activacion,1x960x7x7,0.133095
113,0,imagen.jpeg,123,depthwise_conv,1x960x7x7,0.575123
113,0,imagen.jpeg,124,batchnorm,1x960x7x7,0.074594
113,0,imagen.jpeg,125,activacion,1x960x7x7,0.127517
113,0,imagen.jpeg,126,pointwise_conv,1x960x7x7,3.569228
113,0,imagen.jpeg,127,batchnorm,1x160x7x7,0.01267
113,0,imagen.jpeg,128,layer_add,1x160x7x7,0.003519
113,0,imagen.jpeg,129,pointwise_conv,1x160x7x7,3.61321
113,0,imagen.jpeg,130,batchnorm,1x960x7x7,0.074407
113,0,imagen.jpeg,131,activacion,1x960x7x7,0.130668
113,0,imagen.jpeg,132,depthwise_conv,1x960x7x7,0.5873
113,0,imagen.jpeg,133,batchnorm,1x960x7x7,0.125374
113,0,imagen.jpeg,134,activacion,1x960x7x7,0.114583
113,0,imagen.jpeg,135,pointwise_conv,1x960x7x7,3.574456
113,0,imagen.jpeg,136,batchnorm,1x160x7x7,0.012493
113,0,imagen.jpeg,137,layer_add,1x160x7x7,0.003878
113,0,imagen.jpeg,138,pointwise_conv,1x160x7x7,3.585539
113,0,imagen.jpeg,139,batchnorm,1x960x7x7,0.074425
113,0,imagen.jpeg,140,activacion,1x960x7x7,0.104263
113,0,imagen.jpeg,141,depthwise_conv,1x960x7x7,0.581524
113,0,imagen.jpeg,142,batchnorm,1x960x7x7,0.090845
113,0,imagen.jpeg,143,activacion,1x960x7x7,0.057561
113,0,imagen.jpeg,144,pointwise_conv,1x960x7x7,7.15343
113,0,imagen.jpeg,145,batchnorm,1x320x7x7,0.025012
113,0,imagen.jpeg,146,pointwise_conv,1x320x7x7,9.53633
113,0,imagen.jpeg,147,batchnorm,1x1280x7x7,0.099188
113,0,imagen.jpeg,148,activacion,1x1280x7x7,0.158012
113,0,imagen.jpeg,149,pooling,1x1280x7x7,0.033603
113,0,imagen.jpeg,150,linear,1x1280,1.089072
114,0,imagen.jpeg,0,conv2d,1x3x224x224,17.383068
114,0,imagen.jpeg,1,batchnorm,1x32x112x112,0.637924
114,0,imagen.jpeg,2,activacion,1x32x112x112,0.396603
114,0,imagen.jpeg,3,depthwise_conv,1x32x112x112,4.73727
114,0,imagen.jpeg,4,batchnorm,1x32x112x112,8.981256
114,0,imagen.jpeg,5,activacion,1x32x112x112,0.487933
114,0,imagen.jpeg,6,pointwise_conv,1x32x112x112,3.026815
114,0,imagen.jpeg,7,batchnorm,1x16x112x112,0.31104
114,0,imagen.jpeg,8,pointwise_conv,1x16x112x112,9.247502
114,0,imagen.jpeg,9,batchnorm,1x96x112x112,1.842493
114,0,imagen.jpeg,10,activacion,1x96x112x112,2.772551
114,0,imagen.jpeg,11,depthwise_conv,1x96x112x112,3.705896
114,0,imagen.jpeg,12,batchnorm,1x96x56x56,0.45718
114,0,imagen.jpeg,13,activacion,1x96x56x56,0.877973
114,0,imagen.jpeg,14,pointwise_conv,1x96x56x56,3.370044
114,0,imagen.jpeg,15,batchnorm,1x24x56x56,0.114338
114,0,imagen.jpeg,16,pointwise_conv,1x24x56x56,5.136734
114,0,imagen.jpeg,17,batchnorm,1x144x56x56,0.689618
114,0,imagen.jpeg,18,activacion,1x144x56x56,1.010659
114,0,imagen.jpeg,19,depthwise_conv,1x144x56x56,5.381197
114,0,imagen.jpeg,20,batchnorm,1x144x56x56,0.694113
114,0,imagen.jpeg,21,activacion,1x144x56x56,1.44065
114,0,imagen.jpeg,22,pointwise_conv,1x144x56x56,5.071974
114,0,imagen.jpeg,23,batchnorm,1x24x56x56,0.11797
114,0,imagen.jpeg,24,layer_add,1x24x56x56,0.033727
114,0,imagen.jpeg,25,pointwise_conv,1x24x56x56,5.111215
114,0,imagen.jpeg,26,batchnorm,1x144x56x56,0.68915
114,0,imagen.jpeg,27,activacion,1x144x56x56,1.33747
114,0,imagen.jpeg,28,depthwise_conv,1x144x56x56,1.368976
114,0,imagen.jpeg,29,batchnorm,1x144x28x28,0.17739
114,0,imagen.jpeg,30,activacion,1x144x28x28,0.303443
114,0,imagen.jpeg,31,pointwise_conv,1x144x28x28,1.700986
114,0,imagen.jpeg,32,batchnorm,1x32x28x28,0.04149
114,0,imagen.jpeg,33,pointwise_conv,1x32x28x28,2.296003
114,0,imagen.jpeg,34,batchnorm,1x192x28x28,0.243402
114,0,imagen.jpeg,35,activacion,1x192x28x28,0.325601
114,0,imagen.jpeg,36,depthwise_conv,1x192x28x28,1.841809
114,0,imagen.jpeg,37,batchnorm,1x192x28x28,0.234725
114,0,imagen.jpeg,38,activacion,1x192x28x28,0.479395
114,0,imagen.jpeg,39,pointwise_conv,1x192x28x28,2.269768
114,0,imagen.jpeg,40,batchnorm,1x32x28x28,0.038358
114,0,imagen.jpeg,41,layer_add,1x32x28x28,0.011669
114,0,imagen.jpeg,42,pointwise_conv,1x32x28x28,2.29767
114,0,imagen.jpeg,43,batchnorm,1x192x28x28,0.229271
114,0,imagen.jpeg,44,activacion,1x192x28x28,0.365518
114,0,imagen.jpeg,45,depthwise_conv,1x192x28x28,1.830444
114,0,imagen.jpeg,46,batchnorm,1x192x28x28,0.229133
114,0,imagen.jpeg,47,activacion,1x192x28x28,0.462885
114,0,imagen.jpeg,48,pointwise_conv,1x192x28x28,2.278163
114,0,imagen.jpeg,49,batchnorm,1x32x28x28,0.038308
114,0,imagen.jpeg,50,layer_add,1x32x28x28,0.01169
114,0,imagen.jpeg,51,pointwise_conv,1x32x28x28,2.297966
114,0,imagen.jpeg,52,batchnorm,1x192x28x28,0.234985
114,0,imagen.jpeg,53,activacion,1x192x28x28,0.433206
114,0,imagen.jpeg,54,depthwise_conv,1x192x28x28,0.471985
114,0,imagen.jpeg,55,batchnorm,1x192x14x14,0.05758
114,0,imagen.jpeg,56,activacion,1x192x14x14,0.083568
114,0,imagen.jpeg,57,pointwise_conv,1x192x14x14,1.195183
114,0,imagen.jpeg,58,batchnorm,1x64x14x14,0.019402
114,0,imagen.jpeg,59,pointwise_conv,1x64x14x14,2.411498
114,0,imagen.jpeg,60,batchnorm,1x384x14x14,0.115782
114,0,imagen.jpeg,61,activacion,1x384x14x14,0.164563
114,0,imagen.jpeg,62,depthwise_conv,1x384x14x14,0.937048
114,0,imagen.jpeg,63,batchnorm,1x384x14x14,0.115903
114,0,imagen.jpeg,64,activacion,1x384x14x14,0.24338
114,0,imagen.jpeg,65,pointwise_conv,1x384x14x14,2.392451
114,0,imagen.jpeg,66,batchnorm,1x64x14x14,0.019329
114,0,imagen.jpeg,67,layer_add,1x64x14x14,0.005828
114,0,imagen.jpeg,68,pointwise_conv,1x64x14x14,2.411742
114,0,imagen.jpeg,69,batchnorm,1x384x14x14,0.115219
114,0,imagen.jpeg,70,activacion,1x384x14x14,0.205958
114,0,imagen.jpeg,71,depthwise_conv,1x384x14x14,0.938489
114,0,imagen.jpeg,72,batchnorm,1x384x14x14,0.249216
114,0,imagen.jpeg,73,activacion,1x384x14x14,0.223501
114,0,imagen.jpeg,74,pointwise_conv,1x384x14x14,2.392153
114,0,imagen.jpeg,75,batchnorm,1x64x14x14,0.019313
114,0,imagen.jpeg,76,layer_add,1x64x14x14,0.005526
114,0,imagen.jpeg,77,pointwise_conv,1x64x14x14,2.420571
114,0,imagen.jpeg,78,batchnorm,1x384x14x14,0.117031
114,0,imagen.jpeg,79,activacion,1x384x14x14,0.231102
114,0,imagen.jpeg,80,depthwise_conv,1x384x14x14,0.913181
114,0,imagen.jpeg,81,batchnorm,1x384x14x14,0.446081
114,0,imagen.jpeg,82,activacion,1x384x14x14,0.201069
114,0,imagen.jpeg,83,pointwise_conv,1x384x14x14,2.391199
114,0,imagen.jpeg,84,batchnorm,1x64x14x14,0.019491
114,0,imagen.jpeg,85,layer_add,1x64x14x14,0.005518
114,0,imagen.jpeg,86,pointwise_conv,1x64x14x14,2.407499
114,0,imagen.jpeg,87,batchnorm,1x384x14x14,0.115332
114,0,imagen.jpeg,88,activacion,1x384x14x14,0.228365
114,0,imagen.jpeg,89,depthwise_conv,1x384x14x14,0.934784
114,0,imagen.jpeg,90,batchnorm,1x384x14x14,0.115339
114,0,imagen.jpeg,91,activacion,1x384x14x14,0.218617
114,0,imagen.jpeg,92,pointwise_conv,1x384x14x14,3.587081
114,0,imagen.jpeg,93,batchnorm,1x96x14x14,0.030656
114,0,imagen.jpeg,94,pointwise_conv,1x96x14x14,5.403094
114,0,imagen.jpeg,95,batchnorm,1x576x14x14,0.172411
114,0,imagen.jpeg,96,activacion,1x576x14x14,0.325137
114,0,imagen.jpeg,97,depthwise_conv,1x576x14x14,1.367077
114,0,imagen.jpeg,98,batchnorm,1x576x14x14,0.499162
114,0,imagen.jpeg,99,activacion,1x576x14x14,0.293551
114,0,imagen.jpeg,100,pointwise_conv,1x576x14x14,5.369428
114,0,imagen.jpeg,101,batchnorm,1x96x14x14,0.028933
114,0,imagen.jpeg,102,layer_add,1x96x14x14,0.00822
114,0,imagen.jpeg,103,pointwise_conv,1x96x14x14,5.406561
114,0,imagen.jpeg,104,batchnorm,1x576x14x14,0.173206
114,0,imagen.jpeg,105,activacion,1x576x14x14,0.32675
114,0,imagen.jpeg,106,depthwise_conv,1x576x14x14,1.399626
114,0,imagen.jpeg,107,batchnorm,1x576x14x14,0.434028
114,0,imagen.jpeg,108,activacion,1x576x14x14,0.25882
114,0,imagen.jpeg,109,pointwise_conv,1x576x14x14,5.374143
114,0,imagen.jpeg,110,batchnorm,1x96x14x14,0.028834
114,0,imagen.jpeg,111,layer_add,1x96x14x14,0.008273
114,0,imagen.jpeg,112,pointwise_conv,1x96x14x14,5.408138
114,0,imagen.jpeg,113,batchnorm,1x576x14x14,0.172919
114,0,imagen.jpeg,114,activacion,1x576x14x14,0.287239
114,0,imagen.jpeg,115,depthwise_conv,1x576x14x14,0.355296
114,0,imagen.jpeg,116,batchnorm,1x576x7x7,0.061167
114,0,imagen.jpeg,117,activacion,1x576x7x7,0.049995
114,0,imagen.jpeg,118,pointwise_conv,1x576x7x7,2.142985
114,0,imagen.jpeg,119,batchnorm,1x160x7x7,0.012637
114,0,imagen.jpeg,120,pointwise_conv,1x160x7x7,3.607732
114,0,imagen.jpeg,121,batchnorm,1x960x7x7,0.084571
114,0,imagen.jpeg,122,activacion,1x960x7x7,0.133952
114,0,imagen.jpeg,123,depthwise_conv,1x960x7x7,0.592722
114,0,imagen.jpeg,124,batchnorm,1x960x7x7,0.074525
114,0,imagen.jpeg,125,activacion,1x960x7x7,0.128295
114,0,imagen.jpeg,126,pointwise_conv,1x960x7x7,3.569453
114,0,imagen.jpeg,127,batchnorm,1x160x7x7,0.012609
114,0,imagen.jpeg,128,layer_add,1x160x7x7,0.003503
114,0,imagen.jpeg,129,pointwise_conv,1x160x7x7,3.581265
114,0,imagen.jpeg,130,batchnorm,1x960x7x7,0.074353
114,0,imagen.jpeg,131,activacion,1x960x7x7,0.126553
114,0,imagen.jpeg,132,depthwise_conv,1x960x7x7,0.588985
114,0,imagen.jpeg,133,batchnorm,1x960x7x7,0.123533
114,0,imagen.jpeg,134,activacion,1x960x7x7,0.110824
114,0,imagen.jpeg,135,pointwise_conv,1x960x7x7,3.569745
114,0,imagen.jpeg,136,batchnorm,1x160x7x7,0.012497
114,0,imagen.jpeg,137,layer_add,1x160x7x7,0.003786
114,0,imagen.jpeg,138,pointwise_conv,1x160x7x7,3.581568
114,0,imagen.jpeg,139,batchnorm,1x960x7x7,0.074344
114,0,imagen.jpeg,140,activacion,1x960x7x7,0.102904
114,0,imagen.jpeg,141,depthwise_conv,1x960x7x7,0.561997
114,0,imagen.jpeg,142,batchnorm,1x960x7x7,0.09078
114,0,imagen.jpeg,143,activacion,1x960x7x7,0.057364
114,0,imagen.jpeg,144,pointwise_conv,1x960x7x7,7.137393
114,0,imagen.jpeg,145,batchnorm,1x320x7x7,0.025071
114,0,imagen.jpeg,146,pointwise_conv,1x320x7x7,9.541052
114,0,imagen.jpeg,147,batchnorm,1x1280x7x7,0.099178
114,0,imagen.jpeg,148,activacion,1x1280x7x7,0.159351
114,0,imagen.jpeg,149,pooling,1x1280x7x7,0.033522
114,0,imagen.jpeg,150,linear,1x1280,1.103711
115,0,imagen.jpeg,0,conv2d,1x3x224x224,17.339526
115,0,imagen.jpeg,1,batchnorm,1x32x112x112,0.618348
115,0,imagen.jpeg,2,activacion,1x32x112x112,0.396468
115,0,imagen.jpeg,3,depthwise_conv,1x32x112x112,4.802523
115,0,imagen.jpeg,4,batchnorm,1x32x112x112,8.976622
115,0,imagen.jpeg,5,activacion,1x32x112x112,0.497134
115,0,imagen.jpeg,6,pointwise_conv,1x32x112x112,3.05668
115,0,imagen.jpeg,7,batchnorm,1x16x112x112,0.307301
115,0,imagen.jpeg,8,pointwise_conv,1x16x112x112,9.304971
115,0,imagen.jpeg,9,batchnorm,1x96x112x112,1.839153
115,0,imagen.jpeg,10,activacion,1x96x112x112,2.765835
115,0,imagen.jpeg,11,depthwise_conv,1x96x112x112,3.667354
115,0,imagen.jpeg,12,batchnorm,1x96x56x56,0.457405
115,0,imagen.jpeg,13,activacion,1x96x56x56,0.882134
115,0,imagen.jpeg,14,pointwise_conv,1x96x56x56,3.365936
115,0,imagen.jpeg,15,batchnorm,1x24x56x56,0.114296
115,0,imagen.jpeg,16,pointwise_conv,1x24x56x56,5.116821
115,0,imagen.jpeg,17,batchnorm,1x144x56x56,0.694234
115,0,imagen.jpeg,18,activacion,1x144x56x56,1.005938
115,0,imagen.jpeg,19,depthwise_conv,1x144x56x56,5.304464
115,0,imagen.jpeg,20,batchnorm,1x144x56x56,0.686757
115,0,imagen.jpeg,21,activacion,1x144x56x56,1.445857
115,0,imagen.jpeg,22,pointwise_conv,1x144x56x56,5.114862
115,0,imagen.jpeg,23,batchnorm,1x24x56x56,0.120717
115,0,imagen.jpeg,24,layer_add,1x24x56x56,0.033977
115,0,imagen.jpeg,25,pointwise_conv,1x24x56x56,5.115195
115,0,imagen.jpeg,26,batchnorm,1x144x56x56,0.697505
115,0,imagen.jpeg,27,activacion,1x144x56x56,1.3769
115,0,imagen.jpeg,28,depthwise_conv,1x144x56x56,1.391015
115,0,imagen.jpeg,29,batchnorm,1x144x28x28,0.171978
115,0,imagen.jpeg,30,activacion,1x144x28x28,0.299327
115,0,imagen.jpeg,31,pointwise_conv,1x144x28x28,1.706299
115,0,imagen.jpeg,32,batchnorm,1x32x28x28,0.038346
115,0,imagen.jpeg,33,pointwise_conv,1x32x28x28,2.296055
115,0,imagen.jpeg,34,batchnorm,1x192x28x28,0.232651
115,0,imagen.jpeg,35,activacion,1x192x28x28,0.295287
115,0,imagen.jpeg,36,depthwise_conv,1x192x28x28,1.837667
115,0,imagen.jpeg,37,batchnorm,1x192x28x28,0.229272
115,0,imagen.jpeg,38,activacion,1x192x28x28,0.479314
115,0,imagen.jpeg,39,pointwise_conv,1x192x28x28,2.263373
115,0,imagen.jpeg,40,batchnorm,1x32x28x28,0.038238
115,0,imagen.jpeg,41,layer_add,1x32x28x28,0.011044
115,0,imagen.jpeg,42,pointwise_conv,1x32x28x28,2.296429
115,0,imagen.jpeg,43,batchnorm,1x192x28x28,0.232795
115,0,imagen.jpeg,44,activacion,1x192x28x28,0.386169
115,0,imagen.jpeg,45,depthwise_conv,1x192x28x28,1.831914
115,0,imagen.jpeg,46,batchnorm,1x192x28x28,0.229014
115,0,imagen.jpeg,47,activacion,1x192x28x28,0.467996
115,0,imagen.jpeg,48,pointwise_conv,1x192x28x28,2.26391
115,0,imagen.jpeg,49,batchnorm,1x32x28x28,0.038298
115,0,imagen.jpeg,50,layer_add,1x32x28x28,0.011256
115,0,imagen.jpeg,51,pointwise_conv,1x32x28x28,2.2942
115,0,imagen.jpeg,52,batchnorm,1x192x28x28,0.233483
115,0,imagen.jpeg,53,activacion,1x192x28x28,0.431361
115,0,imagen.jpeg,54,depthwise_conv,1x192x28x28,0.47015
115,0,imagen.jpeg,55,batchnorm,1x192x14x14,0.057714
115,0,imagen.jpeg,56,activacion,1x192x14x14,0.078109
115,0,imagen.jpeg,57,pointwise_conv,1x192x14x14,1.197034
115,0,imagen.jpeg,58,batchnorm,1x64x14x14,0.019406
115,0,imagen.jpeg,59,pointwise_conv,1x64x14x14,2.411363
115,0,imagen.jpeg,60,batchnorm,1x384x14x14,0.11782
115,0,imagen.jpeg,61,activacion,1x384x14x14,0.153717
115,0,imagen.jpeg,62,depthwise_conv,1x384x14x14,0.915436
115,0,imagen.jpeg,63,batchnorm,1x384x14x14,0.115418
115,0,imagen.jpeg,64,activacion,1x384x14x14,0.247023
115,0,imagen.jpeg,65,pointwise_conv,1x384x14x14,2.394866
115,0,imagen.jpeg,66,batchnorm,1x64x14x14,0.021723
115,0,imagen.jpeg,67,layer_add,1x64x14x14,0.005674
115,0,imagen.jpeg,68,pointwise_conv,1x64x14x14,2.408011
115,0,imagen.jpeg,69,batchnorm,1x384x14x14,0.115348
115,0,imagen.jpeg,70,activacion,1x384x14x14,0.206607
115,0,imagen.jpeg,71,depthwise_conv,1x384x14x14,0.9274
115,0,imagen.jpeg,72,batchnorm,1x384x14x14,0.248629
115,0,imagen.jpeg,73,activacion,1x384x14x14,0.221978
115,0,imagen.jpeg,74,pointwise_conv,1x384x14x14,2.389012
115,0,imagen.jpeg,75,batchnorm,1x64x14x14,0.019322
115,0,imagen.jpeg,76,layer_add,1x64x14x14,0.005519
115,0,imagen.jpeg,77,pointwise_conv,1x64x14x14,2.405122
115,0,imagen.jpeg,78,batchnorm,1x384x14x14,0.117325
115,0,imagen.jpeg,79,activacion,1x384x14x14,0.228486
115,0,imagen.jpeg,80,depthwise_conv,1x384x14x14,0.920198
115,0,imagen.jpeg,81,batchnorm,1x384x14x14,0.456748
115,0,imagen.jpeg,82,activacion,1x384x14x14,0.203238
115,0,imagen.jpeg,83,pointwise_conv,1x384x14x14,2.387596
115,0,imagen.jpeg,84,batchnorm,1x64x14x14,0.019407
115,0,imagen.jpeg,85,layer_add,1x64x14x14,0.005524
115,0,imagen.jpeg,86,pointwise_conv,1x64x14x14,2.412209
115,0,imagen.jpeg,87,batchnorm,1x384x14x14,0.115465
115,0,imagen.jpeg,88,activacion,1x384x14x14,0.228372
115,0,imagen.jpeg,89,depthwise_conv,1x384x14x14,0.928887
115,0,imagen.jpeg,90,batchnorm,1x384x14x14,0.115421
115,0,imagen.jpeg,91,activacion,1x384x14x14,0.213999
115,0,imagen.jpeg,92,pointwise_conv,1x384x14x14,3.580076
115,0,imagen.jpeg,93,batchnorm,1x96x14x14,0.029084
115,0,imagen.jpeg,94,pointwise_conv,1x96x14x14,5.40156
115,0,imagen.jpeg,95,batchnorm,1x576x14x14,0.173041
115,0,imagen.jpeg,96,activacion,1x576x14x14,0.326487
115,0,imagen.jpeg,97,depthwise_conv,1x576x14x14,1.397967
115,0,imagen.jpeg,98,batchnorm,1x576x14x14,0.499476
115,0,imagen.jpeg,99,activacion,1x576x14x14,0.2906
115,0,imagen.jpeg,100,pointwise_conv,1x576x14x14,5.367223
115,0,imagen.jpeg,101,batchnorm,1x96x14x14,0.028958
115,0,imagen.jpeg,102,layer_add,1x96x14x14,0.008261
115,0,imagen.jpeg,103,pointwise_conv,1x96x14x14,5.419004
115,0,imagen.jpeg,104,batchnorm,1x576x14x14,0.173081
115,0,imagen.jpeg,105,activacion,1x576x14x14,0.326196
115,0,imagen.jpeg,106,depthwise_conv,1x576x14x14,1.379087
115,0,imagen.jpeg,107,batchnorm,1x576x14x14,0.433701
115,0,imagen.jpeg,108,activacion,1x576x14x14,0.255163
115,0,imagen.jpeg,109,pointwise_conv,1x576x14x14,5.37246
115,0,imagen.jpeg,110,batchnorm,1x96x14x14,0.028916
115,0,imagen.jpeg,111,layer_add,1x96x14x14,0.008241
115,0,imagen.jpeg,112,pointwise_conv,1x96x14x14,5.400963
115,0,imagen.jpeg,113,batchnorm,1x576x14x14,0.177206
115,0,imagen.jpeg,114,activacion,1x576x14x14,0.284229
115,0,imagen.jpeg,115,depthwise_conv,1x576x14x14,0.361947
115,0,imagen.jpeg,116,batchnorm,1x576x7x7,0.061179
115,0,imagen.jpeg,117,activacion,1x576x7x7,0.049464
115,0,imagen.jpeg,118,pointwise_conv,1x576x7x7,2.145089
115,0,imagen.jpeg,119,batchnorm,1x160x7x7,0.012708
115,0,imagen.jpeg,120,pointwise_conv,1x160x7x7,3.58642
115,0,imagen.jpeg,121,batchnorm,1x960x7x7,0.074386
115,0,imagen.jpeg,122,activacion,1x960x7x7,0.136453
115,0,imagen.jpeg,123,depthwise_conv,1x960x7x7,0.586277
115,0,imagen.jpeg,124,batchnorm,1x960x7x7,0.074623
115,0,imagen.jpeg,125,activacion,1x960x7x7,0.126703
115,0,imagen.jpeg,126,pointwise_conv,1x960x7x7,3.569585
115,0,imagen.jpeg,127,batchnorm,1x160x7x7,0.012612
115,0,imagen.jpeg,128,layer_add,1x160x7x7,0.003502
115,0,imagen.jpeg,129,pointwise_conv,1x160x7x7,3.596858
115,0,imagen.jpeg,130,batchnorm,1x960x7x7,0.076627
115,0,imagen.jpeg,131,activacion,1x960x7x7,0.127419
115,0,imagen.jpeg,132,depthwise_conv,1x960x7x7,0.564738
115,0,imagen.jpeg,133,batchnorm,1x960x7x7,0.125515
115,0,imagen.jpeg,134,activacion,1x960x7x7,0.10944
115,0,imagen.jpeg,135,pointwise_conv,1x960x7x7,3.567429
115,0,imagen.jpeg,136,batchnorm,1x160x7x7,0.012512
115,0,imagen.jpeg,137,layer_add,1x160x7x7,0.003715
115,0,imagen.jpeg,138,pointwise_conv,1x160x7x7,3.604025
115,0,imagen.jpeg,139,batchnorm,1x960x7x7,0.07441
115,0,imagen.jpeg,140,activacion,1x960x7x7,0.102767
115,0,imagen.jpeg,141,depthwise_conv,1x960x7x7,0.590213
115,0,imagen.jpeg,142,batchnorm,1x960x7x7,0.090791
115,0,imagen.jpeg,143,activacion,1x960x7x7,0.057244
115,0,imagen.jpeg,144,pointwise_conv,1x960x7x7,7.140153
115,0,imagen.jpeg,145,batchnorm,1x320x7x7,0.029415
115,0,imagen.jpeg,146,pointwise_conv,1x320x7x7,9.558218
115,0,imagen.jpeg,147,batchnorm,1x1280x7x7,0.09919
115,0,imagen.jpeg,148,activacion,1x1280x7x7,0.15794
115,0,imagen.jpeg,149,pooling,1x1280x7x7,0.033695
115,0,imagen.jpeg,150,linear,1x1280,1.110691
116,0,imagen.jpeg,0,conv2d,1x3x224x224,17.294271
116,0,imagen.jpeg,1,batchnorm,1x32x112x112,0.621059
116,0,imagen.jpeg,2,activacion,1x32x112x112,0.396899
116,0,imagen.jpeg,3,depthwise_conv,1x32x112x112,4.746347
116,0,imagen.jpeg,4,batchnorm,1x32x112x112,8.99046
116,0,imagen.jpeg,5,activacion,1x32x112x112,0.507856
116,0,imagen.jpeg,6,pointwise_conv,1x32x112x112,3.055624
116,0,imagen.jpeg,7,batchnorm,1x16x112x112,0.320157
116,0,imagen.jpeg,8,pointwise_conv,1x16x112x112,9.246784
116,0,imagen.jpeg,9,batchnorm,1x96x112x112,1.838236
116,0,imagen.jpeg,10,activacion,1x96x112x112,2.753436
116,0,imagen.jpeg,11,depthwise_conv,1x96x112x112,3.539665
116,0,imagen.jpeg,12,batchnorm,1x96x56x56,0.505642
116,0,imagen.jpeg,13,activacion,1x96x56x56,0.889996
116,0,imagen.jpeg,14,pointwise_conv,1x96x56x56,3.372826
116,0,imagen.jpeg,15,batchnorm,1x24x56x56,0.114311
116,0,imagen.jpeg,16,pointwise_conv,1x24x56x56,5.120697
116,0,imagen.jpeg,17,batchnorm,1x144x56x56,0.68754
116,0,imagen.jpeg,18,activacion,1x144x56x56,1.026202
116,0,imagen.jpeg,19,depthwise_conv,1x144x56x56,5.431069
116,0,imagen.jpeg,20,batchnorm,1x144x56x56,0.69325
116,0,imagen.jpeg,21,activacion,1x144x56x56,1.447136
116,0,imagen.jpeg,22,pointwise_conv,1x144x56x56,5.145853
116,0,imagen.jpeg,23,batchnorm,1x24x56x56,0.123384
116,0,imagen.jpeg,24,layer_add,1x24x56x56,0.036522
116,0,imagen.jpeg,25,pointwise_conv,1x24x56x56,5.117173
116,0,imagen.jpeg,26,batchnorm,1x144x56x56,0.694272
116,0,imagen.jpeg,27,activacion,1x144x56x56,1.343489
116,0,imagen.jpeg,28,depthwise_conv,1x144x56x56,1.382098
116,0,imagen.jpeg,29,batchnorm,1x144x28x28,0.172107
116,0,imagen.jpeg,30,activacion,1x144x28x28,0.299567
116,0,imagen.jpeg,31,pointwise_conv,1x144x28x28,1.70278
116,0,imagen.jpeg,32,batchnorm,1x32x28x28,0.038372
116,0,imagen.jpeg,33,pointwise_conv,1x32x28x28,2.295586
116,0,imagen.jpeg,34,batchnorm,1x192x28x28,0.23266
116,0,imagen.jpeg,35,activacion,1x192x28x28,0.289965
116,0,imagen.jpeg,36,depthwise_conv,1x192x28x28,1.837434
116,0,imagen.jpeg,37,batchnorm,1x192x28x28,0.229211
116,0,imagen.jpeg,38,activacion,1x192x28x28,0.484198
116,0,imagen.jpeg,39,pointwise_conv,1x192x28x28,2.26823
116,0,imagen.jpeg,40,batchnorm,1x32x28x28,0.038256
116,0,imagen.jpeg,41,layer_add,1x32x28x28,0.011407
116,0,imagen.jpeg,42,pointwise_conv,1x32x28x28,2.295821
116,0,imagen.jpeg,43,batchnorm,1x192x28x28,0.232199
116,0,imagen.jpeg,44,activacion,1x192x28x28,0.362129
116,0,imagen.jpeg,45,depthwise_conv,1x192x28x28,1.812275
116,0,imagen.jpeg,46,batchnorm,1x192x28x28,0.229305
116,0,imagen.jpeg,47,activacion,1x192x28x28,0.467575
116,0,imagen.jpeg,48,pointwise_conv,1x192x28x28,2.264827
116,0,imagen.jpeg,49,batchnorm,1x32x28x28,0.038294
116,0,imagen.jpeg,50,layer_add,1x32x28x28,0.011318
116,0,imagen.jpeg,51,pointwise_conv,1x32x28x28,2.296944
116,0,imagen.jpeg,52,batchnorm,1x192x28x28,0.232455
116,0,imagen.jpeg,53,activacion,1x192x28x28,0.427811
116,0,imagen.jpeg,54,depthwise_conv,1x192x28x28,0.45968
116,0,imagen.jpeg,55,batchnorm,1x192x14x14,0.063706
116,0,imagen.jpeg,56,activacion,1x192x14x14,0.077845
116,0,imagen.jpeg,57,pointwise_conv,1x192x14x14,1.195245
116,0,imagen.jpeg,58,batchnorm,1x64x14x14,0.019425
116,0,imagen.jpeg,59,pointwise_conv,1x64x14x14,2.413051
116,0,imagen.jpeg,60,batchnorm,1x384x14x14,0.120926
116,0,imagen.jpeg,61,activacion,1x384x14x14,0.154598
116,0,imagen.jpeg,62,depthwise_conv,1x384x14x14,0.92225
116,0,imagen.jpeg,63,batchnorm,1x384x14x14,0.115418
116,0,imagen.jpeg,64,activacion,1x384x14x14,0.242202
116,0,imagen.jpeg,65,pointwise_conv,1x384x14x14,2.391249
116,0,imagen.jpeg,66,batchnorm,1x64x14x14,0.019357
116,0,imagen.jpeg,67,layer_add,1x64x14x14,0.005575
116,0,imagen.jpeg,68,pointwise_conv,1x64x14x14,2.408973
116,0,imagen.jpeg,69,batchnorm,1x384x14x14,0.118847
116,0,imagen.jpeg,70,activacion,1x384x14x14,0.208701
116,0,imagen.jpeg,71,depthwise_conv,1x384x14x14,0.927978
116,0,imagen.jpeg,72,batchnorm,1x384x14x14,0.247707
116,0,imagen.jpeg,73,activacion,1x384x14x14,0.220923
116,0,imagen.jpeg,74,pointwise_conv,1x384x14x14,2.386232
116,0,imagen.jpeg,75,batchnorm,1x64x14x14,0.021785
116,0,imagen.jpeg,76,layer_add,1x64x14x14,0.005522
116,0,imagen.jpeg,77,pointwise_conv,1x64x14x14,2.407273
116,0,imagen.jpeg,78,batchnorm,1x384x14x14,0.11524
116,0,imagen.jpeg,79,activacion,1x384x14x14,0.228791
116,0,imagen.jpeg,80,depthwise_conv,1x384x14x14,0.930845
116,0,imagen.jpeg,81,batchnorm,1x384x14x14,0.44409
116,0,imagen.jpeg,82,activacion,1x384x14x14,0.199594
116,0,imagen.jpeg,83,pointwise_conv,1x384x14x14,2.402398
116,0,imagen.jpeg,84,batchnorm,1x64x14x14,0.019537
116,0,imagen.jpeg,85,layer_add,1x64x14x14,0.005513
116,0,imagen.jpeg,86,pointwise_conv,1x64x14x14,2.408199
116,0,imagen.jpeg,87,batchnorm,1x384x14x14,0.118901
116,0,imagen.jpeg,88,activacion,1x384x14x14,0.23114
116,0,imagen.jpeg,89,depthwise_conv,1x384x14x14,0.932688
116,0,imagen.jpeg,90,batchnorm,1x384x14x14,0.118987
116,0,imagen.jpeg,91,activacion,1x384x14x14,0.211303
116,0,imagen.jpeg,92,pointwise_conv,1x384x14x14,3.579491
116,0,imagen.jpeg,93,batchnorm,1x96x14x14,0.028899
116,0,imagen.jpeg,94,pointwise_conv,1x96x14x14,5.393064
116,0,imagen.jpeg,95,batchnorm,1x576x14x14,0.172913
116,0,imagen.jpeg,96,activacion,1x576x14x14,0.324707
116,0,imagen.jpeg,97,depthwise_conv,1x576x14x14,1.402161
116,0,imagen.jpeg,98,batchnorm,1x576x14x14,0.499283
116,0,imagen.jpeg,99,activacion,1x576x14x14,0.29527
116,0,imagen.jpeg,100,pointwise_conv,1x576x14x14,5.371497
116,0,imagen.jpeg,101,batchnorm,1x96x14x14,0.02893
116,0,imagen.jpeg,102,layer_add,1x96x14x14,0.008237
116,0,imagen.jpeg,103,pointwise_conv,1x96x14x14,5.405577
116,0,imagen.jpeg,104,batchnorm,1x576x14x14,0.174366
116,0,imagen.jpeg,105,activacion,1x576x14x14,0.325683
116,0,imagen.jpeg,106,depthwise_conv,1x576x14x14,1.400579
116,0,imagen.jpeg,107,batchnorm,1x576x14x14,0.437817
116,0,imagen.jpeg,108,activacion,1x576x14x14,0.261015
116,0,imagen.jpeg,109,pointwise_conv,1x576x14x14,5.371473
116,0,imagen.jpeg,110,batchnorm,1x96x14x14,0.028999
116,0,imagen.jpeg,111,layer_add,1x96x14x14,0.008264
116,0,imagen.jpeg,112,pointwise_conv,1x96x14x14,5.399989
116,0,imagen.jpeg,113,batchnorm,1x576x14x14,0.175474
116,0,imagen.jpeg,114,activacion,1x576x14x14,0.28248
116,0,imagen.jpeg,115,depthwise_conv,1x576x14x14,0.348228
116,0,imagen.jpeg,116,batchnorm,1x576x7x7,0.061213
116,0,imagen.jpeg,117,activacion,1x576x7x7,0.049537
116,0,imagen.jpeg,118,pointwise_conv,1x576x7x7,2.172814
116,0,imagen.jpeg,119,batchnorm,1x160x7x7,0.012743
116,0,imagen.jpeg,120,pointwise_conv,1x160x7x7,3.584954
116,0,imagen.jpeg,121,batchnorm,1x960x7x7,0.074373
116,0,imagen.jpeg,122,activacion,1x960x7x7,0.137224
116,0,imagen.jpeg,123,depthwise_conv,1x960x7x7,0.586148
116,0,imagen.jpeg,124,batchnorm,1x960x7x7,0.074623
116,0,imagen.jpeg,125,activacion,1x960x7x7,0.127212
116,0,imagen.jpeg,126,pointwise_conv,1x960x7x7,3.568819
116,0,imagen.jpeg,127,batchnorm,1x160x7x7,0.012587
116,0,imagen.jpeg,128,layer_add,1x160x7x7,0.003519
116,0,imagen.jpeg,129,pointwise_conv,1x160x7x7,3.58245
116,0,imagen.jpeg,130,batchnorm,1x960x7x7,0.07436
116,0,imagen.jpeg,131,activacion,1x960x7x7,0.126175
116,0,imagen.jpeg,132,depthwise_conv,1x960x7x7,0.589221
116,0,imagen.jpeg,133,batchnorm,1x960x7x7,0.123532
116,0,imagen.jpeg,134,activacion,1x960x7x7,0.110578
116,0,imagen.jpeg,135,pointwise_conv,1x960x7x7,3.569708
116,0,imagen.jpeg,136,batchnorm,1x160x7x7,0.012491
116,0,imagen.jpeg,137,layer_add,1x160x7x7,0.003771
116,0,imagen.jpeg,138,pointwise_conv,1x160x7x7,3.58252
116,0,imagen.jpeg,139,batchnorm,1x960x7x7,0.074344
116,0,imagen.jpeg,140,activacion,1x960x7x7,0.102384
116,0,imagen.jpeg,141,depthwise_conv,1x960x7x7,0.589962
116,0,imagen.jpeg,142,batchnorm,1x960x7x7,0.090772
116,0,imagen.jpeg,143,activacion,1x960x7x7,0.057107
116,0,imagen.jpeg,144,pointwise_conv,1x960x7x7,7.167285
116,0,imagen.jpeg,145,batchnorm,1x320x7x7,0.02499
116,0,imagen.jpeg,146,pointwise_conv,1x320x7x7,9.549398
116,0,imagen.jpeg,147,batchnorm,1x1280x7x7,0.112724
116,0,imagen.jpeg,148,activacion,1x1280x7x7,0.16373
116,0,imagen.jpeg,149,pooling,1x1280x7x7,0.033731
116,0,imagen.jpeg,150,linear,1x1280,1.10105
117,0,imagen.jpeg,0,conv2d,1x3x224x224,17.041618
117,0,imagen.jpeg,1,batchnorm,1x32x112x112,0.652725
117,0,imagen.jpeg,2,activacion,1x32x112x112,0.399818
117,0,imagen.jpeg,3,depthwise_conv,1x32x112x112,4.802435
117,0,imagen.jpeg,4,batchnorm,1x32x112x112,9.016833
117,0,imagen.jpeg,5,activacion,1x32x112x112,0.533932
117,0,imagen.jpeg,6,pointwise_conv,1x32x112x112,3.044719
117,0,imagen.jpeg,7,batchnorm,1x16x112x112,0.304595
117,0,imagen.jpeg,8,pointwise_conv,1x16x112x112,9.261344
117,0,imagen.jpeg,9,batchnorm,1x96x112x112,1.847956
117,0,imagen.jpeg,10,activacion,1x96x112x112,2.787254
117,0,imagen.jpeg,11,depthwise_conv,1x96x112x112,3.632704
117,0,imagen.jpeg,12,batchnorm,1x96x56x56,0.457137
117,0,imagen.jpeg,13,activacion,1x96x56x56,0.879455
117,0,imagen.jpeg,14,pointwise_conv,1x96x56x56,3.375361
117,0,imagen.jpeg,15,batchnorm,1x24x56x56,0.114153
117,0,imagen.jpeg,16,pointwise_conv,1x24x56x56,5.125154
117,0,imagen.jpeg,17,batchnorm,1x144x56x56,0.689083
117,0,imagen.jpeg,18,activacion,1x144x56x56,1.017503
117,0,imagen.jpeg,19,depthwise_conv,1x144x56x56,5.433052
117,0,imagen.jpeg,20,batchnorm,1x144x56x56,0.722947
117,0,imagen.jpeg,21,activacion,1x144x56x56,1.46272
117,0,imagen.jpeg,22,pointwise_conv,1x144x56x56,5.071451
117,0,imagen.jpeg,23,batchnorm,1x24x56x56,0.114097
117,0,imagen.jpeg,24,layer_add,1x24x56x56,0.03465
117,0,imagen.jpeg,25,pointwise_conv,1x24x56x56,5.115689
117,0,imagen.jpeg,26,batchnorm,1x144x56x56,0.69148
117,0,imagen.jpeg,27,activacion,1x144x56x56,1.344217
117,0,imagen.jpeg,28,depthwise_conv,1x144x56x56,1.372733
117,0,imagen.jpeg,29,batchnorm,1x144x28x28,0.175344
117,0,imagen.jpeg,30,activacion,1x144x28x28,0.30232
117,0,imagen.jpeg,31,pointwise_conv,1x144x28x28,1.703255
117,0,imagen.jpeg,32,batchnorm,1x32x28x28,0.038266
117,0,imagen.jpeg,33,pointwise_conv,1x32x28x28,2.293295
117,0,imagen.jpeg,34,batchnorm,1x192x28x28,0.23476
117,0,imagen.jpeg,35,activacion,1x192x28x28,0.288722
117,0,imagen.jpeg,36,depthwise_conv,1x192x28x28,1.831198
117,0,imagen.jpeg,37,batchnorm,1x192x28x28,0.229272
117,0,imagen.jpeg,38,activacion,1x192x28x28,0.479591
117,0,imagen.jpeg,39,pointwise_conv,1x192x28x28,2.263094
117,0,imagen.jpeg,40,batchnorm,1x32x28x28,0.038282
117,0,imagen.jpeg,41,layer_add,1x32x28x28,0.011269
117,0,imagen.jpeg,42,pointwise_conv,1x32x28x28,2.299463
117,0,imagen.jpeg,43,batchnorm,1x192x28x28,0.232621
117,0,imagen.jpeg,44,activacion,1x192x28x28,0.363233
117,0,imagen.jpeg,45,depthwise_conv,1x192x28x28,1.832695
117,0,imagen.jpeg,46,batchnorm,1x192x28x28,0.229068
117,0,imagen.jpeg,47,activacion,1x192x28x28,0.470754
117,0,imagen.jpeg,48,pointwise_conv,1x192x28x28,2.263524
117,0,imagen.jpeg,49,batchnorm,1x32x28x28,0.038276
117,0,imagen.jpeg,50,layer_add,1x32x28x28,0.011307
117,0,imagen.jpeg,51,pointwise_conv,1x32x28x28,2.294677
117,0,imagen.jpeg,52,batchnorm,1x192x28x28,0.23419
117,0,imagen.jpeg,53,activacion,1x192x28x28,0.433183
117,0,imagen.jpeg,54,depthwise_conv,1x192x28x28,0.479063
117,0,imagen.jpeg,55,batchnorm,1x192x14x14,0.057699
117,0,imagen.jpeg,56,activacion,1x192x14x14,0.078086
117,0,imagen.jpeg,57,pointwise_conv,1x192x14x14,1.19624
117,0,imagen.jpeg,58,batchnorm,1x64x14x14,0.019422
117,0,imagen.jpeg,59,pointwise_conv,1x64x14x14,2.409131
117,0,imagen.jpeg,60,batchnorm,1x384x14x14,0.118676
117,0,imagen.jpeg,61,activacion,1x384x14x14,0.153673
117,0,imagen.jpeg,62,depthwise_conv,1x384x14x14,0.920149
117,0,imagen.jpeg,63,batchnorm,1x384x14x14,0.115482
117,0,imagen.jpeg,64,activacion,1x384x14x14,0.243403
117,0,imagen.jpeg,65,pointwise_conv,1x384x14x14,2.390456
117,0,imagen.jpeg,66,batchnorm,1x64x14x14,0.019354
117,0,imagen.jpeg,67,layer_add,1x64x14x14,0.005531
117,0,imagen.jpeg,68,pointwise_conv,1x64x14x14,2.407309
117,0,imagen.jpeg,69,batchnorm,1x384x14x14,0.115304
117,0,imagen.jpeg,70,activacion,1x384x14x14,0.20509
117,0,imagen.jpeg,71,depthwise_conv,1x384x14x14,0.928776
117,0,imagen.jpeg,72,batchnorm,1x384x14x14,0.248856
117,0,imagen.jpeg,73,activacion,1x384x14x14,0.22134
117,0,imagen.jpeg,74,pointwise_conv,1x384x14x14,2.392227
117,0,imagen.jpeg,75,batchnorm,1x64x14x14,0.019307
117,0,imagen.jpeg,76,layer_add,1x64x14x14,0.005501
117,0,imagen.jpeg,77,pointwise_conv,1x64x14x14,2.403655
117,0,imagen.jpeg,78,batchnorm,1x384x14x14,0.115212
117,0,imagen.jpeg,79,activacion,1x384x14x14,0.227527
117,0,imagen.jpeg,80,depthwise_conv,1x384x14x14,0.934958
117,0,imagen.jpeg,81,batchnorm,1x384x14x14,0.445134
117,0,imagen.jpeg,82,activacion,1x384x14x14,0.199862
117,0,imagen.jpeg,83,pointwise_conv,1x384x14x14,2.388041
117,0,imagen.jpeg,84,batchnorm,1x64x14x14,0.01939
117,0,imagen.jpeg,85,layer_add,1x64x14x14,0.009328
117,0,imagen.jpeg,86,pointwise_conv,1x64x14x14,2.40643
117,0,imagen.jpeg,87,batchnorm,1x384x14x14,0.115376
117,0,imagen.jpeg,88,activacion,1x384x14x14,0.227786
117,0,imagen.jpeg,89,depthwise_conv,1x384x14x14,0.93117
117,0,imagen.jpeg,90,batchnorm,1x384x14x14,0.115326
117,0,imagen.jpeg,91,activacion,1x384x14x14,0.213972
117,0,imagen.jpeg,92,pointwise_conv,1x384x14x14,3.580742
117,0,imagen.jpeg,93,batchnorm,1x96x14x14,0.028921
117,0,imagen.jpeg,94,pointwise_conv,1x96x14x14,5.39462
117,0,imagen.jpeg,95,batchnorm,1x576x14x14,0.172815
117,0,imagen.jpeg,96,activacion,1x576x14x14,0.324891
117,0,imagen.jpeg,97,depthwise_conv,1x576x14x14,1.379716
117,0,imagen.jpeg,98,batchnorm,1x576x14x14,0.499377
117,0,imagen.jpeg,99,activacion,1x576x14x14,0.292357
117,0,imagen.jpeg,100,pointwise_conv,1x576x14x14,5.371616
117,0,imagen.jpeg,101,batchnorm,1x96x14x14,0.03131
117,0,imagen.jpeg,102,layer_add,1x96x14x14,0.00834
117,0,imagen.jpeg,103,pointwise_conv,1x96x14x14,5.404859
117,0,imagen.jpeg,104,batchnorm,1x576x14x14,0.173212
117,0,imagen.jpeg,105,activacion,1x576x14x14,0.326711
117,0,imagen.jpeg,106,depthwise_conv,1x576x14x14,1.378642
117,0,imagen.jpeg,107,batchnorm,1x576x14x14,0.435836
117,0,imagen.jpeg,108,activacion,1x576x14x14,0.25608
117,0,imagen.jpeg,109,pointwise_conv,1x576x14x14,5.390734
117,0,imagen.jpeg,110,batchnorm,1x96x14x14,0.028932
117,0,imagen.jpeg,111,layer_add,1x96x14x14,0.008282
117,0,imagen.jpeg,112,pointwise_conv,1x96x14x14,5.404717
117,0,imagen.jpeg,113,batchnorm,1x576x14x14,0.172932
117,0,imagen.jpeg,114,activacion,1x576x14x14,0.28134
117,0,imagen.jpeg,115,depthwise_conv,1x576x14x14,0.362173
117,0,imagen.jpeg,116,batchnorm,1x576x7x7,0.061207
117,0,imagen.jpeg,117,activacion,1x576x7x7,0.049464
117,0,imagen.jpeg,118,pointwise_conv,1x576x7x7,2.145905
117,0,imagen.jpeg,119,batchnorm,1x160x7x7,0.012648
117,0,imagen.jpeg,120,pointwise_conv,1x160x7x7,3.580326
117,0,imagen.jpeg,121,batchnorm,1x960x7x7,0.074385
117,0,imagen.jpeg,122,activacion,1x960x7x7,0.133386
117,0,imagen.jpeg,123,depthwise_conv,1x960x7x7,0.600262
117,0,imagen.jpeg,124,batchnorm,1x960x7x7,0.074555
117,0,imagen.jpeg,125,activacion,1x960x7x7,0.127241
117,0,imagen.jpeg,126,pointwise_conv,1x960x7x7,3.569524
117,0,imagen.jpeg,127,batchnorm,1x160x7x7,0.012571
117,0,imagen.jpeg,128,layer_add,1x160x7x7,0.003493
117,0,imagen.jpeg,129,pointwise_conv,1x160x7x7,3.580982
117,0,imagen.jpeg,130,batchnorm,1x960x7x7,0.074351
117,0,imagen.jpeg,131,activacion,1x960x7x7,0.126313
117,0,imagen.jpeg,132,depthwise_conv,1x960x7x7,0.588748
117,0,imagen.jpeg,133,batchnorm,1x960x7x7,0.123634
117,0,imagen.jpeg,134,activacion,1x960x7x7,0.109903
117,0,imagen.jpeg,135,pointwise_conv,1x960x7x7,3.5902
117,0,imagen.jpeg,136,batchnorm,1x160x7x7,0.012489
117,0,imagen.jpeg,137,layer_add,1x160x7x7,0.003742
117,0,imagen.jpeg,138,pointwise_conv,1x160x7x7,3.591964
117,0,imagen.jpeg,139,batchnorm,1x960x7x7,0.076186
117,0,imagen.jpeg,140,activacion,1x960x7x7,0.104525
117,0,imagen.jpeg,141,depthwise_conv,1x960x7x7,0.566828
117,0,imagen.jpeg,142,batchnorm,1x960x7x7,0.092887
117,0,imagen.jpeg,143,activacion,1x960x7x7,0.057469
117,0,imagen.jpeg,144,pointwise_conv,1x960x7x7,7.136248
117,0,imagen.jpeg,145,batchnorm,1x320x7x7,0.025041
117,0,imagen.jpeg,146,pointwise_conv,1x320x7x7,9.533041
117,0,imagen.jpeg,147,batchnorm,1x1280x7x7,0.099174
117,0,imagen.jpeg,148,activacion,1x1280x7x7,0.158699
117,0,imagen.jpeg,149,pooling,1x1280x7x7,0.033511
117,0,imagen.jpeg,150,linear,1x1280,1.103502
118,0,imagen.jpeg,0,conv2d,1x3x224x224,17.07209
118,0,imagen.jpeg,1,batchnorm,1x32x112x112,0.637709
118,0,imagen.jpeg,2,activacion,1x32x112x112,0.39782
118,0,imagen.jpeg,3,depthwise_conv,1x32x112x112,4.765847
118,0,imagen.jpeg,4,batchnorm,1x32x112x112,8.980487
118,0,imagen.jpeg,5,activacion,1x32x112x112,0.487156
118,0,imagen.jpeg,6,pointwise_conv,1x32x112x112,3.024175
118,0,imagen.jpeg,7,batchnorm,1x16x112x112,0.310665
118,0,imagen.jpeg,8,pointwise_conv,1x16x112x112,9.265929
118,0,imagen.jpeg,9,batchnorm,1x96x112x112,1.844118
118,0,imagen.jpeg,10,activacion,1x96x112x112,2.784676
118,0,imagen.jpeg,11,depthwise_conv,1x96x112x112,3.731642
118,0,imagen.jpeg,12,batchnorm,1x96x56x56,0.456566
118,0,imagen.jpeg,13,activacion,1x96x56x56,0.878648
118,0,imagen.jpeg,14,pointwise_conv,1x96x56x56,3.376977
118,0,imagen.jpeg,15,batchnorm,1x24x56x56,0.114208
118,0,imagen.jpeg,16,pointwise_conv,1x24x56x56,5.117201
118,0,imagen.jpeg,17,batchnorm,1x144x56x56,0.68737
118,0,imagen.jpeg,18,activacion,1x144x56x56,1.016902
118,0,imagen.jpeg,19,depthwise_conv,1x144x56x56,5.416912
118,0,imagen.jpeg,20,batchnorm,1x144x56x56,0.695835
118,0,imagen.jpeg,21,activacion,1x144x56x56,1.438878
118,0,imagen.jpeg,22,pointwise_conv,1x144x56x56,5.069395
118,0,imagen.jpeg,23,batchnorm,1x24x56x56,0.118052
118,0,imagen.jpeg,24,layer_add,1x24x56x56,0.034259
118,0,imagen.jpeg,25,pointwise_conv,1x24x56x56,5.111015
118,0,imagen.jpeg,26,batchnorm,1x144x56x56,0.689262
118,0,imagen.jpeg,27,activacion,1x144x56x56,1.339612
118,0,imagen.jpeg,28,depthwise_conv,1x144x56x56,1.381735
118,0,imagen.jpeg,29,batchnorm,1x144x28x28,0.177334
118,0,imagen.jpeg,30,activacion,1x144x28x28,0.303331
118,0,imagen.jpeg,31,pointwise_conv,1x144x28x28,1.702078
118,0,imagen.jpeg,32,batchnorm,1x32x28x28,0.038383
118,0,imagen.jpeg,33,pointwise_conv,1x32x28x28,2.296284
118,0,imagen.jpeg,34,batchnorm,1x192x28x28,0.229522
118,0,imagen.jpeg,35,activacion,1x192x28x28,0.292557
118,0,imagen.jpeg,36,depthwise_conv,1x192x28x28,1.816354
118,0,imagen.jpeg,37,batchnorm,1x192x28x28,0.229357
118,0,imagen.jpeg,38,activacion,1x192x28x28,0.477737
118,0,imagen.jpeg,39,pointwise_conv,1x192x28x28,2.266603
118,0,imagen.jpeg,40,batchnorm,1x32x28x28,0.041765
118,0,imagen.jpeg,41,layer_add,1x32x28x28,0.011082
118,0,imagen.jpeg,42,pointwise_conv,1x32x28x28,2.294812
118,0,imagen.jpeg,43,batchnorm,1x192x28x28,0.229242
118,0,imagen.jpeg,44,activacion,1x192x28x28,0.365899
118,0,imagen.jpeg,45,depthwise_conv,1x192x28x28,1.794188
118,0,imagen.jpeg,46,batchnorm,1x192x28x28,0.229067
118,0,imagen.jpeg,47,activacion,1x192x28x28,0.468123
118,0,imagen.jpeg,48,pointwise_conv,1x192x28x28,2.267801
118,0,imagen.jpeg,49,batchnorm,1x32x28x28,0.039835
118,0,imagen.jpeg,50,layer_add,1x32x28x28,0.011027
118,0,imagen.jpeg,51,pointwise_conv,1x32x28x28,2.294667
118,0,imagen.jpeg,52,batchnorm,1x192x28x28,0.22926
118,0,imagen.jpeg,53,activacion,1x192x28x28,0.430405
118,0,imagen.jpeg,54,depthwise_conv,1x192x28x28,0.477926
118,0,imagen.jpeg,55,batchnorm,1x192x14x14,0.057674
118,0,imagen.jpeg,56,activacion,1x192x14x14,0.077817
118,0,imagen.jpeg,57,pointwise_conv,1x192x14x14,1.199658
118,0,imagen.jpeg,58,batchnorm,1x64x14x14,0.019442
118,0,imagen.jpeg,59,pointwise_conv,1x64x14x14,2.41134
118,0,imagen.jpeg,60,batchnorm,1x384x14x14,0.115071
118,0,imagen.jpeg,61,activacion,1x384x14x14,0.154282
118,0,imagen.jpeg,62,depthwise_conv,1x384x14x14,0.929568
118,0,imagen.jpeg,63,batchnorm,1x384x14x14,0.115399
118,0,imagen.jpeg,64,activacion,1x384x14x14,0.24374
118,0,imagen.jpeg,65,pointwise_conv,1x384x14x14,2.389029
118,0,imagen.jpeg,66,batchnorm,1x64x14x14,0.019281
118,0,imagen.jpeg,67,layer_add,1x64x14x14,0.005511
118,0,imagen.jpeg,68,pointwise_conv,1x64x14x14,2.405697
118,0,imagen.jpeg,69,batchnorm,1x384x14x14,0.119019
118,0,imagen.jpeg,70,activacion,1x384x14x14,0.206551
118,0,imagen.jpeg,71,depthwise_conv,1x384x14x14,0.92192
118,0,imagen.jpeg,72,batchnorm,1x384x14x14,0.245795
118,0,imagen.jpeg,73,activacion,1x384x14x14,0.227728
118,0,imagen.jpeg,74,pointwise_conv,1x384x14x14,2.389417
118,0,imagen.jpeg,75,batchnorm,1x64x14x14,0.019269
118,0,imagen.jpeg,76,layer_add,1x64x14x14,0.005499
118,0,imagen.jpeg,77,pointwise_conv,1x64x14x14,2.408811
118,0,imagen.jpeg,78,batchnorm,1x384x14x14,0.114877
118,0,imagen.jpeg,79,activacion,1x384x14x14,0.229396
118,0,imagen.jpeg,80,depthwise_conv,1x384x14x14,0.9257
118,0,imagen.jpeg,81,batchnorm,1x384x14x14,0.441866
118,0,imagen.jpeg,82,activacion,1x384x14x14,0.200598
118,0,imagen.jpeg,83,pointwise_conv,1x384x14x14,2.404776
118,0,imagen.jpeg,84,batchnorm,1x64x14x14,0.019411
118,0,imagen.jpeg,85,layer_add,1x64x14x14,0.005492
118,0,imagen.jpeg,86,pointwise_conv,1x64x14x14,2.40795
118,0,imagen.jpeg,87,batchnorm,1x384x14x14,0.115237
118,0,imagen.jpeg,88,activacion,1x384x14x14,0.227746
118,0,imagen.jpeg,89,depthwise_conv,1x384x14x14,0.949048
118,0,imagen.jpeg,90,batchnorm,1x384x14x14,0.115399
118,0,imagen.jpeg,91,activacion,1x384x14x14,0.210356
118,0,imagen.jpeg,92,pointwise_conv,1x384x14x14,3.585067
118,0,imagen.jpeg,93,batchnorm,1x96x14x14,0.029045
118,0,imagen.jpeg,94,pointwise_conv,1x96x14x14,5.399529
118,0,imagen.jpeg,95,batchnorm,1x576x14x14,0.172843
118,0,imagen.jpeg,96,activacion,1x576x14x14,0.326279
118,0,imagen.jpeg,97,depthwise_conv,1x576x14x14,1.397755
118,0,imagen.jpeg,98,batchnorm,1x576x14x14,0.499141
118,0,imagen.jpeg,99,activacion,1x576x14x14,0.285654
118,0,imagen.jpeg,100,pointwise_conv,1x576x14x14,5.368141
118,0,imagen.jpeg,101,batchnorm,1x96x14x14,0.028885
118,0,imagen.jpeg,102,layer_add,1x96x14x14,0.008239
118,0,imagen.jpeg,103,pointwise_conv,1x96x14x14,5.404524
118,0,imagen.jpeg,104,batchnorm,1x576x14x14,0.175826
118,0,imagen.jpeg,105,activacion,1x576x14x14,0.328629
118,0,imagen.jpeg,106,depthwise_conv,1x576x14x14,1.398357
118,0,imagen.jpeg,107,batchnorm,1x576x14x14,0.439848
118,0,imagen.jpeg,108,activacion,1x576x14x14,0.263253
118,0,imagen.jpeg,109,pointwise_conv,1x576x14x14,5.375899
118,0,imagen.jpeg,110,batchnorm,1x96x14x14,0.028889
118,0,imagen.jpeg,111,layer_add,1x96x14x14,0.008224
118,0,imagen.jpeg,112,pointwise_conv,1x96x14x14,5.4049
118,0,imagen.jpeg,113,batchnorm,1x576x14x14,0.172295
118,0,imagen.jpeg,114,activacion,1x576x14x14,0.286248
118,0,imagen.jpeg,115,depthwise_conv,1x576x14x14,0.3494
118,0,imagen.jpeg,116,batchnorm,1x576x7x7,0.061156
118,0,imagen.jpeg,117,activacion,1x576x7x7,0.049731
118,0,imagen.jpeg,118,pointwise_conv,1x576x7x7,2.143028
118,0,imagen.jpeg,119,batchnorm,1x160x7x7,0.012681
118,0,imagen.jpeg,120,pointwise_conv,1x160x7x7,3.582319
118,0,imagen.jpeg,121,batchnorm,1x960x7x7,0.074367
118,0,imagen.jpeg,122,activacion,1x960x7x7,0.134359
118,0,imagen.jpeg,123,depthwise_conv,1x960x7x7,0.590274
118,0,imagen.jpeg,124,batchnorm,1x960x7x7,0.074591
118,0,imagen.jpeg,125,activacion,1x960x7x7,0.127212
118,0,imagen.jpeg,126,pointwise_conv,1x960x7x7,3.570314
118,0,imagen.jpeg,127,batchnorm,1x160x7x7,0.012552
118,0,imagen.jpeg,128,layer_add,1x160x7x7,0.003543
118,0,imagen.jpeg,129,pointwise_conv,1x160x7x7,3.592811
118,0,imagen.jpeg,130,batchnorm,1x960x7x7,0.085364
118,0,imagen.jpeg,131,activacion,1x960x7x7,0.126493
118,0,imagen.jpeg,132,depthwise_conv,1x960x7x7,0.586301
118,0,imagen.jpeg,133,batchnorm,1x960x7x7,0.125513
118,0,imagen.jpeg,134,activacion,1x960x7x7,0.1101
118,0,imagen.jpeg,135,pointwise_conv,1x960x7x7,3.56779
118,0,imagen.jpeg,136,batchnorm,1x160x7x7,0.012498
118,0,imagen.jpeg,137,layer_add,1x160x7x7,0.003883
118,0,imagen.jpeg,138,pointwise_conv,1x160x7x7,3.582187
118,0,imagen.jpeg,139,batchnorm,1x960x7x7,0.074362
118,0,imagen.jpeg,140,activacion,1x960x7x7,0.102499
118,0,imagen.jpeg,141,depthwise_conv,1x960x7x7,0.589137
118,0,imagen.jpeg,142,batchnorm,1x960x7x7,0.090768
118,0,imagen.jpeg,143,activacion,1x960x7x7,0.057574
118,0,imagen.jpeg,144,pointwise_conv,1x960x7x7,7.1663
118,0,imagen.jpeg,145,batchnorm,1x320x7x7,0.025026
118,0,imagen.jpeg,146,pointwise_conv,1x320x7x7,9.536319
118,0,imagen.jpeg,147,batchnorm,1x1280x7x7,0.09915
118,0,imagen.jpeg,148,activacion,1x1280x7x7,0.158259
118,0,imagen.jpeg,149,pooling,1x1280x7x7,0.033506
118,0,imagen.jpeg,150,linear,1x1280,1.089501
119,0,imagen.jpeg,0,conv2d,1x3x224x224,16.880333
119,0,imagen.jpeg,1,batchnorm,1x32x112x112,0.622213
119,0,imagen.jpeg,2,activacion,1x32x112x112,0.401121
119,0,imagen.jpeg,3,depthwise_conv,1x32x112x112,4.798594
119,0,imagen.jpeg,4,batchnorm,1x32x112x112,8.977042
119,0,imagen.jpeg,5,activacion,1x32x112x112,0.49569
119,0,imagen.jpeg,6,pointwise_conv,1x32x112x112,3.02446
119,0,imagen.jpeg,7,batchnorm,1x16x112x112,0.304589
119,0,imagen.jpeg,8,pointwise_conv,1x16x112x112,9.270938
119,0,imagen.jpeg,9,batchnorm,1x96x112x112,1.843116
119,0,imagen.jpeg,10,activacion,1x96x112x112,2.785577
119,0,imagen.jpeg,11,depthwise_conv,1x96x112x112,3.725758
119,0,imagen.jpeg,12,batchnorm,1x96x56x56,0.467231
119,0,imagen.jpeg,13,activacion,1x96x56x56,0.879085
119,0,imagen.jpeg,14,pointwise_conv,1x96x56x56,3.366157
119,0,imagen.jpeg,15,batchnorm,1x24x56x56,0.114265
119,0,imagen.jpeg,16,pointwise_conv,1x24x56x56,5.11973
119,0,imagen.jpeg,17,batchnorm,1x144x56x56,0.694517
119,0,imagen.jpeg,18,activacion,1x144x56x56,1.006754
119,0,imagen.jpeg,19,depthwise_conv,1x144x56x56,5.435048
119,0,imagen.jpeg,20,batchnorm,1x144x56x56,0.684709
119,0,imagen.jpeg,21,activacion,1x144x56x56,1.44928
119,0,imagen.jpeg,22,pointwise_conv,1x144x56x56,5.064628
119,0,imagen.jpeg,23,batchnorm,1x24x56x56,0.120487
119,0,imagen.jpeg,24,layer_add,1x24x56x56,0.037728
119,0,imagen.jpeg,25,pointwise_conv,1x24x56x56,5.112971
119,0,imagen.jpeg,26,batchnorm,1x144x56x56,0.694006
119,0,imagen.jpeg,27,activacion,1x144x56x56,1.34345
119,0,imagen.jpeg,28,depthwise_conv,1x144x56x56,1.364402
119,0,imagen.jpeg,29,batchnorm,1x144x28x28,0.172278
119,0,imagen.jpeg,30,activacion,1x144x28x28,0.299248
119,0,imagen.jpeg,31,pointwise_conv,1x144x28x28,1.698731
119,0,imagen.jpeg,32,batchnorm,1x32x28x28,0.038349
119,0,imagen.jpeg,33,pointwise_conv,1x32x28x28,2.302061
119,0,imagen.jpeg,34,batchnorm,1x192x28x28,0.229312
119,0,imagen.jpeg,35,activacion,1x192x28x28,0.291142
119,0,imagen.jpeg,36,depthwise_conv,1x192x28x28,1.833217
119,0,imagen.jpeg,37,batchnorm,1x192x28x28,0.229267
119,0,imagen.jpeg,38,activacion,1x192x28x28,0.486617
119,0,imagen.jpeg,39,pointwise_conv,1x192x28x28,2.263231
119,0,imagen.jpeg,40,batchnorm,1x32x28x28,0.038271
119,0,imagen.jpeg,41,layer_add,1x32x28x28,0.011303
119,0,imagen.jpeg,42,pointwise_conv,1x32x28x28,2.298508
119,0,imagen.jpeg,43,batchnorm,1x192x28x28,0.22902
119,0,imagen.jpeg,44,activacion,1x192x28x28,0.363254
119,0,imagen.jpeg,45,depthwise_conv,1x192x28x28,1.78441
119,0,imagen.jpeg,46,batchnorm,1x192x28x28,0.229288
119,0,imagen.jpeg,47,activacion,1x192x28x28,0.469552
119,0,imagen.jpeg,48,pointwise_conv,1x192x28x28,2.291003
119,0,imagen.jpeg,49,batchnorm,1x32x28x28,0.038352
119,0,imagen.jpeg,50,layer_add,1x32x28x28,0.011602
119,0,imagen.jpeg,51,pointwise_conv,1x32x28x28,2.298911
119,0,imagen.jpeg,52,batchnorm,1x192x28x28,0.229017
119,0,imagen.jpeg,53,activacion,1x192x28x28,0.428347
119,0,imagen.jpeg,54,depthwise_conv,1x192x28x28,0.474311
119,0,imagen.jpeg,55,batchnorm,1x192x14x14,0.057662
119,0,imagen.jpeg,56,activacion,1x192x14x14,0.077539
119,0,imagen.jpeg,57,pointwise_conv,1x192x14x14,1.195592
119,0,imagen.jpeg,58,batchnorm,1x64x14x14,0.019371
119,0,imagen.jpeg,59,pointwise_conv,1x64x14x14,2.414671
119,0,imagen.jpeg,60,batchnorm,1x384x14x14,0.115437
119,0,imagen.jpeg,61,activacion,1x384x14x14,0.15356
119,0,imagen.jpeg,62,depthwise_conv,1x384x14x14,0.912907
119,0,imagen.jpeg,63,batchnorm,1x384x14x14,0.115327
119,0,imagen.jpeg,64,activacion,1x384x14x14,0.244726
119,0,imagen.jpeg,65,pointwise_conv,1x384x14x14,2.386976
119,0,imagen.jpeg,66,batchnorm,1x64x14x14,0.019336
119,0,imagen.jpeg,67,layer_add,1x64x14x14,0.005538
119,0,imagen.jpeg,68,pointwise_conv,1x64x14x14,2.40651
119,0,imagen.jpeg,69,batchnorm,1x384x14x14,0.118728
119,0,imagen.jpeg,70,activacion,1x384x14x14,0.206324
119,0,imagen.jpeg,71,depthwise_conv,1x384x14x14,0.932201
119,0,imagen.jpeg,72,batchnorm,1x384x14x14,0.245833
119,0,imagen.jpeg,73,activacion,1x384x14x14,0.220566
119,0,imagen.jpeg,74,pointwise_conv,1x384x14x14,2.389905
119,0,imagen.jpeg,75,batchnorm,1x64x14x14,0.019296
119,0,imagen.jpeg,76,layer_add,1x64x14x14,0.005505
119,0,imagen.jpeg,77,pointwise_conv,1x64x14x14,2.408477
119,0,imagen.jpeg,78,batchnorm,1x384x14x14,0.115273
119,0,imagen.jpeg,79,activacion,1x384x14x14,0.231971
119,0,imagen.jpeg,80,depthwise_conv,1x384x14x14,0.933119
119,0,imagen.jpeg,81,batchnorm,1x384x14x14,0.441833
119,0,imagen.jpeg,82,activacion,1x384x14x14,0.200046
119,0,imagen.jpeg,83,pointwise_conv,1x384x14x14,2.390543
119,0,imagen.jpeg,84,batchnorm,1x64x14x14,0.019464
119,0,imagen.jpeg,85,layer_add,1x64x14x14,0.005507
119,0,imagen.jpeg,86,pointwise_conv,1x64x14x14,2.403084
119,0,imagen.jpeg,87,batchnorm,1x384x14x14,0.118822
119,0,imagen.jpeg,88,activacion,1x384x14x14,0.231779
119,0,imagen.jpeg,89,depthwise_conv,1x384x14x14,0.93431
119,0,imagen.jpeg,90,batchnorm,1x384x14x14,0.11904
119,0,imagen.jpeg,91,activacion,1x384x14x14,0.212007
119,0,imagen.jpeg,92,pointwise_conv,1x384x14x14,3.585805
119,0,imagen.jpeg,93,batchnorm,1x96x14x14,0.028938
119,0,imagen.jpeg,94,pointwise_conv,1x96x14x14,5.405588
119,0,imagen.jpeg,95,batchnorm,1x576x14x14,0.174775
119,0,imagen.jpeg,96,activacion,1x576x14x14,0.327728
119,0,imagen.jpeg,97,depthwise_conv,1x576x14x14,1.393541
119,0,imagen.jpeg,98,batchnorm,1x576x14x14,0.501911
119,0,imagen.jpeg,99,activacion,1x576x14x14,0.288857
119,0,imagen.jpeg,100,pointwise_conv,1x576x14x14,5.37477
119,0,imagen.jpeg,101,batchnorm,1x96x14x14,0.02891
119,0,imagen.jpeg,102,layer_add,1x96x14x14,0.008226
119,0,imagen.jpeg,103,pointwise_conv,1x96x14x14,5.40902
119,0,imagen.jpeg,104,batchnorm,1x576x14x14,0.17309
119,0,imagen.jpeg,105,activacion,1x576x14x14,0.32972
119,0,imagen.jpeg,106,depthwise_conv,1x576x14x14,1.403551
119,0,imagen.jpeg,107,batchnorm,1x576x14x14,0.433903
119,0,imagen.jpeg,108,activacion,1x576x14x14,0.261881
119,0,imagen.jpeg,109,pointwise_conv,1x576x14x14,5.364354
119,0,imagen.jpeg,110,batchnorm,1x96x14x14,0.028968
119,0,imagen.jpeg,111,layer_add,1x96x14x14,0.008204
119,0,imagen.jpeg,112,pointwise_conv,1x96x14x14,5.415572
119,0,imagen.jpeg,113,batchnorm,1x576x14x14,0.172398
119,0,imagen.jpeg,114,activacion,1x576x14x14,0.284054
119,0,imagen.jpeg,115,depthwise_conv,1x576x14x14,0.353363
119,0,imagen.jpeg,116,batchnorm,1x576x7x7,0.061183
119,0,imagen.jpeg,117,activacion,1x576x7x7,0.049797
119,0,imagen.jpeg,118,pointwise_conv,1x576x7x7,2.16382
119,0,imagen.jpeg,119,batchnorm,1x160x7x7,0.012703
119,0,imagen.jpeg,120,pointwise_conv,1x160x7x7,3.593353
119,0,imagen.jpeg,121,batchnorm,1x960x7x7,0.089787
119,0,imagen.jpeg,122,activacion,1x960x7x7,0.134398
119,0,imagen.jpeg,123,depthwise_conv,1x960x7x7,0.562488
119,0,imagen.jpeg,124,batchnorm,1x960x7x7,0.07661
119,0,imagen.jpeg,125,activacion,1x960x7x7,0.127747
119,0,imagen.jpeg,126,pointwise_conv,1x960x7x7,3.56767
119,0,imagen.jpeg,127,batchnorm,1x160x7x7,0.012735
119,0,imagen.jpeg,128,layer_add,1x160x7x7,0.003508
119,0,imagen.jpeg,129,pointwise_conv,1x160x7x7,3.582135
119,0,imagen.jpeg,130,batchnorm,1x960x7x7,0.074434
119,0,imagen.jpeg,131,activacion,1x960x7x7,0.127365
119,0,imagen.jpeg,132,depthwise_conv,1x960x7x7,0.60769
119,0,imagen.jpeg,133,batchnorm,1x960x7x7,0.125695
119,0,imagen.jpeg,134,activacion,1x960x7x7,0.113576
119,0,imagen.jpeg,135,pointwise_conv,1x960x7x7,3.572688
119,0,imagen.jpeg,136,batchnorm,1x160x7x7,0.012523
119,0,imagen.jpeg,137,layer_add,1x160x7x7,0.004061
119,0,imagen.jpeg,138,pointwise_conv,1x160x7x7,3.585381
119,0,imagen.jpeg,139,batchnorm,1x960x7x7,0.076273
119,0,imagen.jpeg,140,activacion,1x960x7x7,0.102503
119,0,imagen.jpeg,141,depthwise_conv,1x960x7x7,0.560733
119,0,imagen.jpeg,142,batchnorm,1x960x7x7,0.090785
119,0,imagen.jpeg,143,activacion,1x960x7x7,0.056905
119,0,imagen.jpeg,144,pointwise_conv,1x960x7x7,7.138275
119,0,imagen.jpeg,145,batchnorm,1x320x7x7,0.025133
119,0,imagen.jpeg,146,pointwise_conv,1x320x7x7,9.534103
119,0,imagen.jpeg,147,batchnorm,1x1280x7x7,0.132942
119,0,imagen.jpeg,148,activacion,1x1280x7x7,0.160793
119,0,imagen.jpeg,149,pooling,1x1280x7x7,0.03351
119,0,imagen.jpeg,150,linear,1x1280,1.144132
120,0,imagen.jpeg,0,conv2d,1x3x224x224,17.849699
120,0,imagen.jpeg,1,batchnorm,1x32x112x112,0.621529
120,0,imagen.jpeg,2,activacion,1x32x112x112,0.396099
120,0,imagen.jpeg,3,depthwise_conv,1x32x112x112,4.757423
120,0,imagen.jpeg,4,batchnorm,1x32x112x112,8.992872
120,0,imagen.jpeg,5,activacion,1x32x112x112,0.511304
120,0,imagen.jpeg,6,pointwise_conv,1x32x112x112,3.033114
120,0,imagen.jpeg,7,batchnorm,1x16x112x112,0.304733
120,0,imagen.jpeg,8,pointwise_conv,1x16x112x112,9.315194
120,0,imagen.jpeg,9,batchnorm,1x96x112x112,1.837397
120,0,imagen.jpeg,10,activacion,1x96x112x112,2.788807
120,0,imagen.jpeg,11,depthwise_conv,1x96x112x112,3.648823
120,0,imagen.jpeg,12,batchnorm,1x96x56x56,0.455685
120,0,imagen.jpeg,13,activacion,1x96x56x56,0.87984
120,0,imagen.jpeg,14,pointwise_conv,1x96x56x56,3.370419
120,0,imagen.jpeg,15,batchnorm,1x24x56x56,0.114377
120,0,imagen.jpeg,16,pointwise_conv,1x24x56x56,5.124299
120,0,imagen.jpeg,17,batchnorm,1x144x56x56,0.689282
120,0,imagen.jpeg,18,activacion,1x144x56x56,1.012392
120,0,imagen.jpeg,19,depthwise_conv,1x144x56x56,5.310855
120,0,imagen.jpeg,20,batchnorm,1x144x56x56,0.761233
120,0,imagen.jpeg,21,activacion,1x144x56x56,1.466846
120,0,imagen.jpeg,22,pointwise_conv,1x144x56x56,5.088758
120,0,imagen.jpeg,23,batchnorm,1x24x56x56,0.114409
120,0,imagen.jpeg,24,layer_add,1x24x56x56,0.033694
120,0,imagen.jpeg,25,pointwise_conv,1x24x56x56,5.12771
120,0,imagen.jpeg,26,batchnorm,1x144x56x56,0.704394
120,0,imagen.jpeg,27,activacion,1x144x56x56,1.346255
120,0,imagen.jpeg,28,depthwise_conv,1x144x56x56,1.385395
120,0,imagen.jpeg,29,batchnorm,1x144x28x28,0.172023
120,0,imagen.jpeg,30,activacion,1x144x28x28,0.299793
120,0,imagen.jpeg,31,pointwise_conv,1x144x28x28,1.701988
120,0,imagen.jpeg,32,batchnorm,1x32x28x28,0.038375
120,0,imagen.jpeg,33,pointwise_conv,1x32x28x28,2.293293
120,0,imagen.jpeg,34,batchnorm,1x192x28x28,0.231872
120,0,imagen.jpeg,35,activacion,1x192x28x28,0.288908
120,0,imagen.jpeg,36,depthwise_conv,1x192x28x28,1.781357
120,0,imagen.jpeg,37,batchnorm,1x192x28x28,0.229361
120,0,imagen.jpeg,38,activacion,1x192x28x28,0.482411
120,0,imagen.jpeg,39,pointwise_conv,1x192x28x28,2.265319
120,0,imagen.jpeg,40,batchnorm,1x32x28x28,0.03827
120,0,imagen.jpeg,41,layer_add,1x32x28x28,0.011014
120,0,imagen.jpeg,42,pointwise_conv,1x32x28x28,2.295061
120,0,imagen.jpeg,43,batchnorm,1x192x28x28,0.232441
120,0,imagen.jpeg,44,activacion,1x192x28x28,0.362986
120,0,imagen.jpeg,45,depthwise_conv,1x192x28x28,1.828258
120,0,imagen.jpeg,46,batchnorm,1x192x28x28,0.229242
120,0,imagen.jpeg,47,activacion,1x192x28x28,0.468906
120,0,imagen.jpeg,48,pointwise_conv,1x192x28x28,2.267746
120,0,imagen.jpeg,49,batchnorm,1x32x28x28,0.038284
120,0,imagen.jpeg,50,layer_add,1x32x28x28,0.01127
120,0,imagen.jpeg,51,pointwise_conv,1x32x28x28,2.296063
120,0,imagen.jpeg,52,batchnorm,1x192x28x28,0.232342
120,0,imagen.jpeg,53,activacion,1x192x28x28,0.428392
120,0,imagen.jpeg,54,depthwise_conv,1x192x28x28,0.482269
120,0,imagen.jpeg,55,batchnorm,1x192x14x14,0.060691
120,0,imagen.jpeg,56,activacion,1x192x14x14,0.077774
120,0,imagen.jpeg,57,pointwise_conv,1x192x14x14,1.195623
120,0,imagen.jpeg,58,batchnorm,1x64x14x14,0.019418
120,0,imagen.jpeg,59,pointwise_conv,1x64x14x14,2.422959
120,0,imagen.jpeg,60,batchnorm,1x384x14x14,0.117271
120,0,imagen.jpeg,61,activacion,1x384x14x14,0.153726
120,0,imagen.jpeg,62,depthwise_conv,1x384x14x14,0.933958
120,0,imagen.jpeg,63,batchnorm,1x384x14x14,0.115439
120,0,imagen.jpeg,64,activacion,1x384x14x14,0.242578
120,0,imagen.jpeg,65,pointwise_conv,1x384x14x14,2.391102
120,0,imagen.jpeg,66,batchnorm,1x64x14x14,0.019304
120,0,imagen.jpeg,67,layer_add,1x64x14x14,0.005512
120,0,imagen.jpeg,68,pointwise_conv,1x64x14x14,2.407093
120,0,imagen.jpeg,69,batchnorm,1x384x14x14,0.115266
120,0,imagen.jpeg,70,activacion,1x384x14x14,0.209302
120,0,imagen.jpeg,71,depthwise_conv,1x384x14x14,0.930328
120,0,imagen.jpeg,72,batchnorm,1x384x14x14,0.247561
120,0,imagen.jpeg,73,activacion,1x384x14x14,0.222469
120,0,imagen.jpeg,74,pointwise_conv,1x384x14x14,2.396298
120,0,imagen.jpeg,75,batchnorm,1x64x14x14,0.022623
120,0,imagen.jpeg,76,layer_add,1x64x14x14,0.005494
120,0,imagen.jpeg,77,pointwise_conv,1x64x14x14,2.405615
120,0,imagen.jpeg,78,batchnorm,1x384x14x14,0.118917
120,0,imagen.jpeg,79,activacion,1x384x14x14,0.229426
120,0,imagen.jpeg,80,depthwise_conv,1x384x14x14,0.936846
120,0,imagen.jpeg,81,batchnorm,1x384x14x14,0.444995
120,0,imagen.jpeg,82,activacion,1x384x14x14,0.200304
120,0,imagen.jpeg,83,pointwise_conv,1x384x14x14,2.393994
120,0,imagen.jpeg,84,batchnorm,1x64x14x14,0.019551
120,0,imagen.jpeg,85,layer_add,1x64x14x14,0.005529
120,0,imagen.jpeg,86,pointwise_conv,1x64x14x14,2.40846
120,0,imagen.jpeg,87,batchnorm,1x384x14x14,0.115411
120,0,imagen.jpeg,88,activacion,1x384x14x14,0.227687
120,0,imagen.jpeg,89,depthwise_conv,1x384x14x14,0.933258
120,0,imagen.jpeg,90,batchnorm,1x384x14x14,0.118943
120,0,imagen.jpeg,91,activacion,1x384x14x14,0.213403
120,0,imagen.jpeg,92,pointwise_conv,1x384x14x14,3.580698
120,0,imagen.jpeg,93,batchnorm,1x96x14x14,0.028942
120,0,imagen.jpeg,94,pointwise_conv,1x96x14x14,5.398576
120,0,imagen.jpeg,95,batchnorm,1x576x14x14,0.174746
120,0,imagen.jpeg,96,activacion,1x576x14x14,0.326324
120,0,imagen.jpeg,97,depthwise_conv,1x576x14x14,1.401487
120,0,imagen.jpeg,98,batchnorm,1x576x14x14,0.499303
120,0,imagen.jpeg,99,activacion,1x576x14x14,0.295534
120,0,imagen.jpeg,100,pointwise_conv,1x576x14x14,5.370976
120,0,imagen.jpeg,101,batchnorm,1x96x14x14,0.028917
120,0,imagen.jpeg,102,layer_add,1x96x14x14,0.008218
120,0,imagen.jpeg,103,pointwise_conv,1x96x14x14,5.403346
120,0,imagen.jpeg,104,batchnorm,1x576x14x14,0.173075
120,0,imagen.jpeg,105,activacion,1x576x14x14,0.326476
120,0,imagen.jpeg,106,depthwise_conv,1x576x14x14,1.39866
120,0,imagen.jpeg,107,batchnorm,1x576x14x14,0.433897
120,0,imagen.jpeg,108,activacion,1x576x14x14,0.255929
120,0,imagen.jpeg,109,pointwise_conv,1x576x14x14,5.373902
120,0,imagen.jpeg,110,batchnorm,1x96x14x14,0.028881
120,0,imagen.jpeg,111,layer_add,1x96x14x14,0.008224
120,0,imagen.jpeg,112,pointwise_conv,1x96x14x14,5.404065
120,0,imagen.jpeg,113,batchnorm,1x576x14x14,0.176178
120,0,imagen.jpeg,114,activacion,1x576x14x14,0.284418
120,0,imagen.jpeg,115,depthwise_conv,1x576x14x14,0.362248
120,0,imagen.jpeg,116,batchnorm,1x576x7x7,0.061225
120,0,imagen.jpeg,117,activacion,1x576x7x7,0.049531
120,0,imagen.jpeg,118,pointwise_conv,1x576x7x7,2.150621
120,0,imagen.jpeg,119,batchnorm,1x160x7x7,0.012825
120,0,imagen.jpeg,120,pointwise_conv,1x160x7x7,3.580972
120,0,imagen.jpeg,121,batchnorm,1x960x7x7,0.07438
120,0,imagen.jpeg,122,activacion,1x960x7x7,0.137312
120,0,imagen.jpeg,123,depthwise_conv,1x960x7x7,0.560767
120,0,imagen.jpeg,124,batchnorm,1x960x7x7,0.074546
120,0,imagen.jpeg,125,activacion,1x960x7x7,0.126948
120,0,imagen.jpeg,126,pointwise_conv,1x960x7x7,3.569263
120,0,imagen.jpeg,127,batchnorm,1x160x7x7,0.012573
120,0,imagen.jpeg,128,layer_add,1x160x7x7,0.003484
120,0,imagen.jpeg,129,pointwise_conv,1x160x7x7,3.583389
120,0,imagen.jpeg,130,batchnorm,1x960x7x7,0.074394
120,0,imagen.jpeg,131,activacion,1x960x7x7,0.127593
120,0,imagen.jpeg,132,depthwise_conv,1x960x7x7,0.56928
120,0,imagen.jpeg,133,batchnorm,1x960x7x7,0.123593
120,0,imagen.jpeg,134,activacion,1x960x7x7,0.109337
120,0,imagen.jpeg,135,pointwise_conv,1x960x7x7,3.596445
120,0,imagen.jpeg,136,batchnorm,1x160x7x7,0.012492
120,0,imagen.jpeg,137,layer_add,1x160x7x7,0.003594
120,0,imagen.jpeg,138,pointwise_conv,1x160x7x7,3.582331
120,0,imagen.jpeg,139,batchnorm,1x960x7x7,0.074403
120,0,imagen.jpeg,140,activacion,1x960x7x7,0.102581
120,0,imagen.jpeg,141,depthwise_conv,1x960x7x7,0.563547
120,0,imagen.jpeg,142,batchnorm,1x960x7x7,0.090782
120,0,imagen.jpeg,143,activacion,1x960x7x7,0.057324
120,0,imagen.jpeg,144,pointwise_conv,1x960x7x7,7.149092
120,0,imagen.jpeg,145,batchnorm,1x320x7x7,0.025011
120,0,imagen.jpeg,146,pointwise_conv,1x320x7x7,9.573562
120,0,imagen.jpeg,147,batchnorm,1x1280x7x7,0.099316
120,0,imagen.jpeg,148,activacion,1x1280x7x7,0.159903
120,0,imagen.jpeg,149,pooling,1x1280x7x7,0.033514
120,0,imagen.jpeg,150,linear,1x1280,1.112411
