iteracion,imagen_id,imagen,indice_llamada,etapa,forma_tensor,tiempo_ms
1,0,imagen.jpeg,0,conv2d,1x3x224x224,17.398644
1,0,imagen.jpeg,1,batchnorm,1x32x112x112,0.714258
1,0,imagen.jpeg,2,activacion,1x32x112x112,0.894136
1,0,imagen.jpeg,3,depthwise_conv,1x32x112x112,5.254918
1,0,imagen.jpeg,4,batchnorm,1x32x112x112,2.458261
1,0,imagen.jpeg,5,activacion,1x32x112x112,0.799152
1,0,imagen.jpeg,6,pointwise_conv,1x32x112x112,3.774424
1,0,imagen.jpeg,7,batchnorm,1x16x112x112,0.194973
1,0,imagen.jpeg,8,pointwise_conv,1x16x112x112,12.557185
1,0,imagen.jpeg,9,batchnorm,1x96x112x112,2.152123
1,0,imagen.jpeg,10,activacion,1x96x112x112,3.48977
1,0,imagen.jpeg,11,depthwise_conv,1x96x112x112,3.13518
1,0,imagen.jpeg,12,batchnorm,1x96x56x56,0.279331
1,0,imagen.jpeg,13,activacion,1x96x56x56,1.082619
1,0,imagen.jpeg,14,pointwise_conv,1x96x56x56,4.159552
1,0,imagen.jpeg,15,batchnorm,1x24x56x56,0.066714
1,0,imagen.jpeg,16,pointwise_conv,1x24x56x56,6.607373
1,0,imagen.jpeg,17,batchnorm,1x144x56x56,1.056528
1,0,imagen.jpeg,18,activacion,1x144x56x56,1.318293
1,0,imagen.jpeg,19,depthwise_conv,1x144x56x56,5.463848
1,0,imagen.jpeg,20,batchnorm,1x144x56x56,0.9268
1,0,imagen.jpeg,21,activacion,1x144x56x56,1.674943
1,0,imagen.jpeg,22,pointwise_conv,1x144x56x56,6.072507
1,0,imagen.jpeg,23,batchnorm,1x24x56x56,0.062787
1,0,imagen.jpeg,24,layer_add,1x24x56x56,0.041527
1,0,imagen.jpeg,25,pointwise_conv,1x24x56x56,6.702009
1,0,imagen.jpeg,26,batchnorm,1x144x56x56,0.437428
1,0,imagen.jpeg,27,activacion,1x144x56x56,1.59123
1,0,imagen.jpeg,28,depthwise_conv,1x144x56x56,1.181928
1,0,imagen.jpeg,29,batchnorm,1x144x28x28,0.100347
1,0,imagen.jpeg,30,activacion,1x144x28x28,0.366361
1,0,imagen.jpeg,31,pointwise_conv,1x144x28x28,2.044503
1,0,imagen.jpeg,32,batchnorm,1x32x28x28,0.022775
1,0,imagen.jpeg,33,pointwise_conv,1x32x28x28,2.73594
1,0,imagen.jpeg,34,batchnorm,1x192x28x28,0.129826
1,0,imagen.jpeg,35,activacion,1x192x28x28,0.369161
1,0,imagen.jpeg,36,depthwise_conv,1x192x28x28,1.530972
1,0,imagen.jpeg,37,batchnorm,1x192x28x28,0.127708
1,0,imagen.jpeg,38,activacion,1x192x28x28,0.531657
1,0,imagen.jpeg,39,pointwise_conv,1x192x28x28,2.905879
1,0,imagen.jpeg,40,batchnorm,1x32x28x28,0.026894
1,0,imagen.jpeg,41,layer_add,1x32x28x28,0.021977
1,0,imagen.jpeg,42,pointwise_conv,1x32x28x28,2.880987
1,0,imagen.jpeg,43,batchnorm,1x192x28x28,0.138923
1,0,imagen.jpeg,44,activacion,1x192x28x28,0.439036
1,0,imagen.jpeg,45,depthwise_conv,1x192x28x28,1.640831
1,0,imagen.jpeg,46,batchnorm,1x192x28x28,0.130057
1,0,imagen.jpeg,47,activacion,1x192x28x28,0.514957
1,0,imagen.jpeg,48,pointwise_conv,1x192x28x28,2.676769
1,0,imagen.jpeg,49,batchnorm,1x32x28x28,0.021036
1,0,imagen.jpeg,50,layer_add,1x32x28x28,0.013148
1,0,imagen.jpeg,51,pointwise_conv,1x32x28x28,2.684718
1,0,imagen.jpeg,52,batchnorm,1x192x28x28,0.122343
1,0,imagen.jpeg,53,activacion,1x192x28x28,0.524908
1,0,imagen.jpeg,54,depthwise_conv,1x192x28x28,0.372251
1,0,imagen.jpeg,55,batchnorm,1x192x14x14,0.032917
1,0,imagen.jpeg,56,activacion,1x192x14x14,0.096407
1,0,imagen.jpeg,57,pointwise_conv,1x192x14x14,1.404168
1,0,imagen.jpeg,58,batchnorm,1x64x14x14,0.01882
1,0,imagen.jpeg,59,pointwise_conv,1x64x14x14,2.878257
1,0,imagen.jpeg,60,batchnorm,1x384x14x14,0.070299
1,0,imagen.jpeg,61,activacion,1x384x14x14,0.185972
1,0,imagen.jpeg,62,depthwise_conv,1x384x14x14,0.785413
1,0,imagen.jpeg,63,batchnorm,1x384x14x14,0.066053
1,0,imagen.jpeg,64,activacion,1x384x14x14,0.261053
1,0,imagen.jpeg,65,pointwise_conv,1x384x14x14,2.681005
1,0,imagen.jpeg,66,batchnorm,1x64x14x14,0.011056
1,0,imagen.jpeg,67,layer_add,1x64x14x14,0.006947
1,0,imagen.jpeg,68,pointwise_conv,1x64x14x14,2.777565
1,0,imagen.jpeg,69,batchnorm,1x384x14x14,0.066421
1,0,imagen.jpeg,70,activacion,1x384x14x14,0.234537
1,0,imagen.jpeg,71,depthwise_conv,1x384x14x14,0.751861
1,0,imagen.jpeg,72,batchnorm,1x384x14x14,0.094733
1,0,imagen.jpeg,73,activacion,1x384x14x14,0.247879
1,0,imagen.jpeg,74,pointwise_conv,1x384x14x14,2.635041
1,0,imagen.jpeg,75,batchnorm,1x64x14x14,0.010765
1,0,imagen.jpeg,76,layer_add,1x64x14x14,0.005483
1,0,imagen.jpeg,77,pointwise_conv,1x64x14x14,2.806274
1,0,imagen.jpeg,78,batchnorm,1x384x14x14,0.077821
1,0,imagen.jpeg,79,activacion,1x384x14x14,0.254735
1,0,imagen.jpeg,80,depthwise_conv,1x384x14x14,0.780166
1,0,imagen.jpeg,81,batchnorm,1x384x14x14,0.146505
1,0,imagen.jpeg,82,activacion,1x384x14x14,0.243108
1,0,imagen.jpeg,83,pointwise_conv,1x384x14x14,2.688059
1,0,imagen.jpeg,84,batchnorm,1x64x14x14,0.011572
1,0,imagen.jpeg,85,layer_add,1x64x14x14,0.007258
1,0,imagen.jpeg,86,pointwise_conv,1x64x14x14,2.636173
1,0,imagen.jpeg,87,batchnorm,1x384x14x14,0.066014
1,0,imagen.jpeg,88,activacion,1x384x14x14,0.255493
1,0,imagen.jpeg,89,depthwise_conv,1x384x14x14,0.753465
1,0,imagen.jpeg,90,batchnorm,1x384x14x14,0.06606
1,0,imagen.jpeg,91,activacion,1x384x14x14,0.252951
1,0,imagen.jpeg,92,pointwise_conv,1x384x14x14,3.970187
1,0,imagen.jpeg,93,batchnorm,1x96x14x14,0.016159
1,0,imagen.jpeg,94,pointwise_conv,1x96x14x14,6.453008
1,0,imagen.jpeg,95,batchnorm,1x576x14x14,0.108497
1,0,imagen.jpeg,96,activacion,1x576x14x14,0.375479
1,0,imagen.jpeg,97,depthwise_conv,1x576x14x14,1.239317
1,0,imagen.jpeg,98,batchnorm,1x576x14x14,0.177231
1,0,imagen.jpeg,99,activacion,1x576x14x14,0.34071
1,0,imagen.jpeg,100,pointwise_conv,1x576x14x14,6.142084
1,0,imagen.jpeg,101,batchnorm,1x96x14x14,0.016295
1,0,imagen.jpeg,102,layer_add,1x96x14x14,0.012939
1,0,imagen.jpeg,103,pointwise_conv,1x96x14x14,6.606808
1,0,imagen.jpeg,104,batchnorm,1x576x14x14,0.137603
1,0,imagen.jpeg,105,activacion,1x576x14x14,0.427003
1,0,imagen.jpeg,106,depthwise_conv,1x576x14x14,1.155069
1,0,imagen.jpeg,107,batchnorm,1x576x14x14,0.16141
1,0,imagen.jpeg,108,activacion,1x576x14x14,0.310731
1,0,imagen.jpeg,109,pointwise_conv,1x576x14x14,6.063403
1,0,imagen.jpeg,110,batchnorm,1x96x14x14,0.016237
1,0,imagen.jpeg,111,layer_add,1x96x14x14,0.008969
1,0,imagen.jpeg,112,pointwise_conv,1x96x14x14,6.04131
1,0,imagen.jpeg,113,batchnorm,1x576x14x14,0.101204
1,0,imagen.jpeg,114,activacion,1x576x14x14,0.320898
1,0,imagen.jpeg,115,depthwise_conv,1x576x14x14,0.276871
1,0,imagen.jpeg,116,batchnorm,1x576x7x7,0.029927
1,0,imagen.jpeg,117,activacion,1x576x7x7,0.064607
1,0,imagen.jpeg,118,pointwise_conv,1x576x7x7,2.49472
1,0,imagen.jpeg,119,batchnorm,1x160x7x7,0.020629
1,0,imagen.jpeg,120,pointwise_conv,1x160x7x7,4.122581
1,0,imagen.jpeg,121,batchnorm,1x960x7x7,0.043955
1,0,imagen.jpeg,122,activacion,1x960x7x7,0.149657
1,0,imagen.jpeg,123,depthwise_conv,1x960x7x7,0.428313
1,0,imagen.jpeg,124,batchnorm,1x960x7x7,0.043632
1,0,imagen.jpeg,125,activacion,1x960x7x7,0.139524
1,0,imagen.jpeg,126,pointwise_conv,1x960x7x7,3.925274
1,0,imagen.jpeg,127,batchnorm,1x160x7x7,0.00747
1,0,imagen.jpeg,128,layer_add,1x160x7x7,0.003851
1,0,imagen.jpeg,129,pointwise_conv,1x160x7x7,4.095444
1,0,imagen.jpeg,130,batchnorm,1x960x7x7,0.05759
1,0,imagen.jpeg,131,activacion,1x960x7x7,0.155493
1,0,imagen.jpeg,132,depthwise_conv,1x960x7x7,0.591654
1,0,imagen.jpeg,133,batchnorm,1x960x7x7,0.061587
1,0,imagen.jpeg,134,activacion,1x960x7x7,0.126127
1,0,imagen.jpeg,135,pointwise_conv,1x960x7x7,4.276888
1,0,imagen.jpeg,136,batchnorm,1x160x7x7,0.007468
1,0,imagen.jpeg,137,layer_add,1x160x7x7,0.004254
1,0,imagen.jpeg,138,pointwise_conv,1x160x7x7,4.11822
1,0,imagen.jpeg,139,batchnorm,1x960x7x7,0.043433
1,0,imagen.jpeg,140,activacion,1x960x7x7,0.110782
1,0,imagen.jpeg,141,depthwise_conv,1x960x7x7,0.414771
1,0,imagen.jpeg,142,batchnorm,1x960x7x7,0.050308
1,0,imagen.jpeg,143,activacion,1x960x7x7,0.099582
1,0,imagen.jpeg,144,pointwise_conv,1x960x7x7,8.302003
1,0,imagen.jpeg,145,batchnorm,1x320x7x7,0.016007
1,0,imagen.jpeg,146,pointwise_conv,1x320x7x7,10.709762
1,0,imagen.jpeg,147,batchnorm,1x1280x7x7,0.062651
1,0,imagen.jpeg,148,activacion,1x1280x7x7,0.181715
1,0,imagen.jpeg,149,pooling,1x1280x7x7,0.038814
1,0,imagen.jpeg,150,linear,1x1280,1.389418
2,0,imagen.jpeg,0,conv2d,1x3x224x224,12.139728
2,0,imagen.jpeg,1,batchnorm,1x32x112x112,0.885866
2,0,imagen.jpeg,2,activacion,1x32x112x112,0.693408
2,0,imagen.jpeg,3,depthwise_conv,1x32x112x112,4.080609
2,0,imagen.jpeg,4,batchnorm,1x32x112x112,2.304961
2,0,imagen.jpeg,5,activacion,1x32x112x112,0.762706
2,0,imagen.jpeg,6,pointwise_conv,1x32x112x112,3.580864
2,0,imagen.jpeg,7,batchnorm,1x16x112x112,0.176252
2,0,imagen.jpeg,8,pointwise_conv,1x16x112x112,12.048437
2,0,imagen.jpeg,9,batchnorm,1x96x112x112,2.075004
2,0,imagen.jpeg,10,activacion,1x96x112x112,3.372352
2,0,imagen.jpeg,11,depthwise_conv,1x96x112x112,3.370893
2,0,imagen.jpeg,12,batchnorm,1x96x56x56,0.286805
2,0,imagen.jpeg,13,activacion,1x96x56x56,1.022595
2,0,imagen.jpeg,14,pointwise_conv,1x96x56x56,3.995497
2,0,imagen.jpeg,15,batchnorm,1x24x56x56,0.063075
2,0,imagen.jpeg,16,pointwise_conv,1x24x56x56,6.587379
2,0,imagen.jpeg,17,batchnorm,1x144x56x56,0.914039
2,0,imagen.jpeg,18,activacion,1x144x56x56,1.272963
2,0,imagen.jpeg,19,depthwise_conv,1x144x56x56,4.791597
2,0,imagen.jpeg,20,batchnorm,1x144x56x56,1.050355
2,0,imagen.jpeg,21,activacion,1x144x56x56,1.629325
2,0,imagen.jpeg,22,pointwise_conv,1x144x56x56,6.070574
2,0,imagen.jpeg,23,batchnorm,1x24x56x56,0.081707
2,0,imagen.jpeg,24,layer_add,1x24x56x56,0.049759
2,0,imagen.jpeg,25,pointwise_conv,1x24x56x56,7.201317
2,0,imagen.jpeg,26,batchnorm,1x144x56x56,0.595803
2,0,imagen.jpeg,27,activacion,1x144x56x56,1.779465
2,0,imagen.jpeg,28,depthwise_conv,1x144x56x56,1.20565
2,0,imagen.jpeg,29,batchnorm,1x144x28x28,0.104194
2,0,imagen.jpeg,30,activacion,1x144x28x28,0.388215
2,0,imagen.jpeg,31,pointwise_conv,1x144x28x28,2.141002
2,0,imagen.jpeg,32,batchnorm,1x32x28x28,0.023322
2,0,imagen.jpeg,33,pointwise_conv,1x32x28x28,2.848311
2,0,imagen.jpeg,34,batchnorm,1x192x28x28,0.133288
2,0,imagen.jpeg,35,activacion,1x192x28x28,0.371384
2,0,imagen.jpeg,36,depthwise_conv,1x192x28x28,1.503044
2,0,imagen.jpeg,37,batchnorm,1x192x28x28,0.127577
2,0,imagen.jpeg,38,activacion,1x192x28x28,0.534076
2,0,imagen.jpeg,39,pointwise_conv,1x192x28x28,2.962336
2,0,imagen.jpeg,40,batchnorm,1x32x28x28,0.021845
2,0,imagen.jpeg,41,layer_add,1x32x28x28,0.013239
2,0,imagen.jpeg,42,pointwise_conv,1x32x28x28,2.669799
2,0,imagen.jpeg,43,batchnorm,1x192x28x28,0.132735
2,0,imagen.jpeg,44,activacion,1x192x28x28,0.439275
2,0,imagen.jpeg,45,depthwise_conv,1x192x28x28,1.545781
2,0,imagen.jpeg,46,batchnorm,1x192x28x28,0.131144
2,0,imagen.jpeg,47,activacion,1x192x28x28,0.522053
2,0,imagen.jpeg,48,pointwise_conv,1x192x28x28,2.591754
2,0,imagen.jpeg,49,batchnorm,1x32x28x28,0.0211
2,0,imagen.jpeg,50,layer_add,1x32x28x28,0.012772
2,0,imagen.jpeg,51,pointwise_conv,1x32x28x28,2.677063
2,0,imagen.jpeg,52,batchnorm,1x192x28x28,0.126621
2,0,imagen.jpeg,53,activacion,1x192x28x28,0.485388
2,0,imagen.jpeg,54,depthwise_conv,1x192x28x28,0.392058
2,0,imagen.jpeg,55,batchnorm,1x192x14x14,0.034555
2,0,imagen.jpeg,56,activacion,1x192x14x14,0.098882
2,0,imagen.jpeg,57,pointwise_conv,1x192x14x14,1.371789
2,0,imagen.jpeg,58,batchnorm,1x64x14x14,0.012369
2,0,imagen.jpeg,59,pointwise_conv,1x64x14x14,3.124257
2,0,imagen.jpeg,60,batchnorm,1x384x14x14,0.072167
2,0,imagen.jpeg,61,activacion,1x384x14x14,0.192228
2,0,imagen.jpeg,62,depthwise_conv,1x384x14x14,0.859613
2,0,imagen.jpeg,63,batchnorm,1x384x14x14,0.07328
2,0,imagen.jpeg,64,activacion,1x384x14x14,0.276364
2,0,imagen.jpeg,65,pointwise_conv,1x384x14x14,3.147301
2,0,imagen.jpeg,66,batchnorm,1x64x14x14,0.012343
2,0,imagen.jpeg,67,layer_add,1x64x14x14,0.006902
2,0,imagen.jpeg,68,pointwise_conv,1x64x14x14,3.377148
2,0,imagen.jpeg,69,batchnorm,1x384x14x14,0.074335
2,0,imagen.jpeg,70,activacion,1x384x14x14,0.248314
2,0,imagen.jpeg,71,depthwise_conv,1x384x14x14,0.763429
2,0,imagen.jpeg,72,batchnorm,1x384x14x14,0.102618
2,0,imagen.jpeg,73,activacion,1x384x14x14,0.252302
2,0,imagen.jpeg,74,pointwise_conv,1x384x14x14,2.713596
2,0,imagen.jpeg,75,batchnorm,1x64x14x14,0.011399
2,0,imagen.jpeg,76,layer_add,1x64x14x14,0.006821
2,0,imagen.jpeg,77,pointwise_conv,1x64x14x14,3.259985
2,0,imagen.jpeg,78,batchnorm,1x384x14x14,0.086107
2,0,imagen.jpeg,79,activacion,1x384x14x14,0.259678
2,0,imagen.jpeg,80,depthwise_conv,1x384x14x14,0.762649
2,0,imagen.jpeg,81,batchnorm,1x384x14x14,0.14362
2,0,imagen.jpeg,82,activacion,1x384x14x14,0.236996
2,0,imagen.jpeg,83,pointwise_conv,1x384x14x14,2.740402
2,0,imagen.jpeg,84,batchnorm,1x64x14x14,0.011456
2,0,imagen.jpeg,85,layer_add,1x64x14x14,0.006496
2,0,imagen.jpeg,86,pointwise_conv,1x64x14x14,2.715386
2,0,imagen.jpeg,87,batchnorm,1x384x14x14,0.067422
2,0,imagen.jpeg,88,activacion,1x384x14x14,0.27178
2,0,imagen.jpeg,89,depthwise_conv,1x384x14x14,0.770648
2,0,imagen.jpeg,90,batchnorm,1x384x14x14,0.0677
2,0,imagen.jpeg,91,activacion,1x384x14x14,0.244074
2,0,imagen.jpeg,92,pointwise_conv,1x384x14x14,4.062792
2,0,imagen.jpeg,93,batchnorm,1x96x14x14,0.017594
2,0,imagen.jpeg,94,pointwise_conv,1x96x14x14,6.179549
2,0,imagen.jpeg,95,batchnorm,1x576x14x14,0.11233
2,0,imagen.jpeg,96,activacion,1x576x14x14,0.384134
2,0,imagen.jpeg,97,depthwise_conv,1x576x14x14,1.171094
2,0,imagen.jpeg,98,batchnorm,1x576x14x14,0.177839
2,0,imagen.jpeg,99,activacion,1x576x14x14,0.341939
2,0,imagen.jpeg,100,pointwise_conv,1x576x14x14,6.076721
2,0,imagen.jpeg,101,batchnorm,1x96x14x14,0.017336
2,0,imagen.jpeg,102,layer_add,1x96x14x14,0.01348
2,0,imagen.jpeg,103,pointwise_conv,1x96x14x14,6.634426
2,0,imagen.jpeg,104,batchnorm,1x576x14x14,0.156333
2,0,imagen.jpeg,105,activacion,1x576x14x14,0.37791
2,0,imagen.jpeg,106,depthwise_conv,1x576x14x14,1.153884
2,0,imagen.jpeg,107,batchnorm,1x576x14x14,0.171641
2,0,imagen.jpeg,108,activacion,1x576x14x14,0.312434
2,0,imagen.jpeg,109,pointwise_conv,1x576x14x14,6.101836
2,0,imagen.jpeg,110,batchnorm,1x96x14x14,0.017172
2,0,imagen.jpeg,111,layer_add,1x96x14x14,0.010544
2,0,imagen.jpeg,112,pointwise_conv,1x96x14x14,6.339559
2,0,imagen.jpeg,113,batchnorm,1x576x14x14,0.112981
2,0,imagen.jpeg,114,activacion,1x576x14x14,0.335042
2,0,imagen.jpeg,115,depthwise_conv,1x576x14x14,0.274511
2,0,imagen.jpeg,116,batchnorm,1x576x7x7,0.030937
2,0,imagen.jpeg,117,activacion,1x576x7x7,0.066904
2,0,imagen.jpeg,118,pointwise_conv,1x576x7x7,2.482415
2,0,imagen.jpeg,119,batchnorm,1x160x7x7,0.007743
2,0,imagen.jpeg,120,pointwise_conv,1x160x7x7,4.247067
2,0,imagen.jpeg,121,batchnorm,1x960x7x7,0.051641
2,0,imagen.jpeg,122,activacion,1x960x7x7,0.154469
2,0,imagen.jpeg,123,depthwise_conv,1x960x7x7,0.492421
2,0,imagen.jpeg,124,batchnorm,1x960x7x7,0.046547
2,0,imagen.jpeg,125,activacion,1x960x7x7,0.144473
2,0,imagen.jpeg,126,pointwise_conv,1x960x7x7,4.193017
2,0,imagen.jpeg,127,batchnorm,1x160x7x7,0.00804
2,0,imagen.jpeg,128,layer_add,1x160x7x7,0.00456
2,0,imagen.jpeg,129,pointwise_conv,1x160x7x7,4.353536
2,0,imagen.jpeg,130,batchnorm,1x960x7x7,0.047325
2,0,imagen.jpeg,131,activacion,1x960x7x7,0.147799
2,0,imagen.jpeg,132,depthwise_conv,1x960x7x7,0.443547
2,0,imagen.jpeg,133,batchnorm,1x960x7x7,0.055626
2,0,imagen.jpeg,134,activacion,1x960x7x7,0.12886
2,0,imagen.jpeg,135,pointwise_conv,1x960x7x7,4.080844
2,0,imagen.jpeg,136,batchnorm,1x160x7x7,0.008209
2,0,imagen.jpeg,137,layer_add,1x160x7x7,0.004946
2,0,imagen.jpeg,138,pointwise_conv,1x160x7x7,4.062116
2,0,imagen.jpeg,139,batchnorm,1x960x7x7,0.044058
2,0,imagen.jpeg,140,activacion,1x960x7x7,0.120145
2,0,imagen.jpeg,141,depthwise_conv,1x960x7x7,0.434585
2,0,imagen.jpeg,142,batchnorm,1x960x7x7,0.047626
2,0,imagen.jpeg,143,activacion,1x960x7x7,0.090191
2,0,imagen.jpeg,144,pointwise_conv,1x960x7x7,8.615454
2,0,imagen.jpeg,145,batchnorm,1x320x7x7,0.016397
2,0,imagen.jpeg,146,pointwise_conv,1x320x7x7,10.789162
2,0,imagen.jpeg,147,batchnorm,1x1280x7x7,0.063775
2,0,imagen.jpeg,148,activacion,1x1280x7x7,0.181878
2,0,imagen.jpeg,149,pooling,1x1280x7x7,0.03938
2,0,imagen.jpeg,150,linear,1x1280,1.57457
3,0,imagen.jpeg,0,conv2d,1x3x224x224,12.664489
3,0,imagen.jpeg,1,batchnorm,1x32x112x112,0.416083
3,0,imagen.jpeg,2,activacion,1x32x112x112,0.664156
3,0,imagen.jpeg,3,depthwise_conv,1x32x112x112,3.97779
3,0,imagen.jpeg,4,batchnorm,1x32x112x112,2.343887
3,0,imagen.jpeg,5,activacion,1x32x112x112,0.755649
3,0,imagen.jpeg,6,pointwise_conv,1x32x112x112,3.619065
3,0,imagen.jpeg,7,batchnorm,1x16x112x112,0.186549
3,0,imagen.jpeg,8,pointwise_conv,1x16x112x112,12.86933
3,0,imagen.jpeg,9,batchnorm,1x96x112x112,2.306516
3,0,imagen.jpeg,10,activacion,1x96x112x112,3.549827
3,0,imagen.jpeg,11,depthwise_conv,1x96x112x112,3.53504
3,0,imagen.jpeg,12,batchnorm,1x96x56x56,0.282384
3,0,imagen.jpeg,13,activacion,1x96x56x56,1.075069
3,0,imagen.jpeg,14,pointwise_conv,1x96x56x56,4.069131
3,0,imagen.jpeg,15,batchnorm,1x24x56x56,0.067813
3,0,imagen.jpeg,16,pointwise_conv,1x24x56x56,7.196546
3,0,imagen.jpeg,17,batchnorm,1x144x56x56,0.959804
3,0,imagen.jpeg,18,activacion,1x144x56x56,1.31761
3,0,imagen.jpeg,19,depthwise_conv,1x144x56x56,4.699515
3,0,imagen.jpeg,20,batchnorm,1x144x56x56,0.954947
3,0,imagen.jpeg,21,activacion,1x144x56x56,1.656618
3,0,imagen.jpeg,22,pointwise_conv,1x144x56x56,6.776164
3,0,imagen.jpeg,23,batchnorm,1x24x56x56,0.079126
3,0,imagen.jpeg,24,layer_add,1x24x56x56,0.052733
3,0,imagen.jpeg,25,pointwise_conv,1x24x56x56,6.582828
3,0,imagen.jpeg,26,batchnorm,1x144x56x56,0.456391
3,0,imagen.jpeg,27,activacion,1x144x56x56,1.606901
3,0,imagen.jpeg,28,depthwise_conv,1x144x56x56,1.185101
3,0,imagen.jpeg,29,batchnorm,1x144x28x28,0.102252
3,0,imagen.jpeg,30,activacion,1x144x28x28,0.365482
3,0,imagen.jpeg,31,pointwise_conv,1x144x28x28,2.033703
3,0,imagen.jpeg,32,batchnorm,1x32x28x28,0.022415
3,0,imagen.jpeg,33,pointwise_conv,1x32x28x28,3.41235
3,0,imagen.jpeg,34,batchnorm,1x192x28x28,0.165737
3,0,imagen.jpeg,35,activacion,1x192x28x28,0.401786
3,0,imagen.jpeg,36,depthwise_conv,1x192x28x28,1.551802
3,0,imagen.jpeg,37,batchnorm,1x192x28x28,0.138481
3,0,imagen.jpeg,38,activacion,1x192x28x28,0.542286
3,0,imagen.jpeg,39,pointwise_conv,1x192x28x28,2.822366
3,0,imagen.jpeg,40,batchnorm,1x32x28x28,0.024671
3,0,imagen.jpeg,41,layer_add,1x32x28x28,0.014357
3,0,imagen.jpeg,42,pointwise_conv,1x32x28x28,2.830596
3,0,imagen.jpeg,43,batchnorm,1x192x28x28,0.150459
3,0,imagen.jpeg,44,activacion,1x192x28x28,0.478726
3,0,imagen.jpeg,45,depthwise_conv,1x192x28x28,1.573218
3,0,imagen.jpeg,46,batchnorm,1x192x28x28,0.151666
3,0,imagen.jpeg,47,activacion,1x192x28x28,0.523586
3,0,imagen.jpeg,48,pointwise_conv,1x192x28x28,2.776204
3,0,imagen.jpeg,49,batchnorm,1x32x28x28,0.022753
3,0,imagen.jpeg,50,layer_add,1x32x28x28,0.014745
3,0,imagen.jpeg,51,pointwise_conv,1x32x28x28,2.887342
3,0,imagen.jpeg,52,batchnorm,1x192x28x28,0.141427
3,0,imagen.jpeg,53,activacion,1x192x28x28,0.510694
3,0,imagen.jpeg,54,depthwise_conv,1x192x28x28,0.392388
3,0,imagen.jpeg,55,batchnorm,1x192x14x14,0.034805
3,0,imagen.jpeg,56,activacion,1x192x14x14,0.101159
3,0,imagen.jpeg,57,pointwise_conv,1x192x14x14,1.51749
3,0,imagen.jpeg,58,batchnorm,1x64x14x14,0.011873
3,0,imagen.jpeg,59,pointwise_conv,1x64x14x14,2.807499
3,0,imagen.jpeg,60,batchnorm,1x384x14x14,0.070035
3,0,imagen.jpeg,61,activacion,1x384x14x14,0.19642
3,0,imagen.jpeg,62,depthwise_conv,1x384x14x14,0.790664
3,0,imagen.jpeg,63,batchnorm,1x384x14x14,0.069789
3,0,imagen.jpeg,64,activacion,1x384x14x14,0.278312
3,0,imagen.jpeg,65,pointwise_conv,1x384x14x14,3.419698
3,0,imagen.jpeg,66,batchnorm,1x64x14x14,0.012347
3,0,imagen.jpeg,67,layer_add,1x64x14x14,0.006783
3,0,imagen.jpeg,68,pointwise_conv,1x64x14x14,3.119053
3,0,imagen.jpeg,69,batchnorm,1x384x14x14,0.07439
3,0,imagen.jpeg,70,activacion,1x384x14x14,0.248816
3,0,imagen.jpeg,71,depthwise_conv,1x384x14x14,0.800471
3,0,imagen.jpeg,72,batchnorm,1x384x14x14,0.107626
3,0,imagen.jpeg,73,activacion,1x384x14x14,0.264299
3,0,imagen.jpeg,74,pointwise_conv,1x384x14x14,2.766829
3,0,imagen.jpeg,75,batchnorm,1x64x14x14,0.011416
3,0,imagen.jpeg,76,layer_add,1x64x14x14,0.007067
3,0,imagen.jpeg,77,pointwise_conv,1x64x14x14,2.872812
3,0,imagen.jpeg,78,batchnorm,1x384x14x14,0.084549
3,0,imagen.jpeg,79,activacion,1x384x14x14,0.269858
3,0,imagen.jpeg,80,depthwise_conv,1x384x14x14,0.795963
3,0,imagen.jpeg,81,batchnorm,1x384x14x14,0.155588
3,0,imagen.jpeg,82,activacion,1x384x14x14,0.238756
3,0,imagen.jpeg,83,pointwise_conv,1x384x14x14,2.775806
3,0,imagen.jpeg,84,batchnorm,1x64x14x14,0.011824
3,0,imagen.jpeg,85,layer_add,1x64x14x14,0.006878
3,0,imagen.jpeg,86,pointwise_conv,1x64x14x14,2.743808
3,0,imagen.jpeg,87,batchnorm,1x384x14x14,0.070251
3,0,imagen.jpeg,88,activacion,1x384x14x14,0.258332
3,0,imagen.jpeg,89,depthwise_conv,1x384x14x14,0.770328
3,0,imagen.jpeg,90,batchnorm,1x384x14x14,0.067292
3,0,imagen.jpeg,91,activacion,1x384x14x14,0.246068
3,0,imagen.jpeg,92,pointwise_conv,1x384x14x14,4.412987
3,0,imagen.jpeg,93,batchnorm,1x96x14x14,0.018066
3,0,imagen.jpeg,94,pointwise_conv,1x96x14x14,6.36385
3,0,imagen.jpeg,95,batchnorm,1x576x14x14,0.119462
3,0,imagen.jpeg,96,activacion,1x576x14x14,0.374245
3,0,imagen.jpeg,97,depthwise_conv,1x576x14x14,1.150005
3,0,imagen.jpeg,98,batchnorm,1x576x14x14,0.178455
3,0,imagen.jpeg,99,activacion,1x576x14x14,0.345316
3,0,imagen.jpeg,100,pointwise_conv,1x576x14x14,6.493253
3,0,imagen.jpeg,101,batchnorm,1x96x14x14,0.02008
3,0,imagen.jpeg,102,layer_add,1x96x14x14,0.014325
3,0,imagen.jpeg,103,pointwise_conv,1x96x14x14,6.375958
3,0,imagen.jpeg,104,batchnorm,1x576x14x14,0.113239
3,0,imagen.jpeg,105,activacion,1x576x14x14,0.375046
3,0,imagen.jpeg,106,depthwise_conv,1x576x14x14,1.190105
3,0,imagen.jpeg,107,batchnorm,1x576x14x14,0.180817
3,0,imagen.jpeg,108,activacion,1x576x14x14,0.313853
3,0,imagen.jpeg,109,pointwise_conv,1x576x14x14,6.403527
3,0,imagen.jpeg,110,batchnorm,1x96x14x14,0.02089
3,0,imagen.jpeg,111,layer_add,1x96x14x14,0.011819
3,0,imagen.jpeg,112,pointwise_conv,1x96x14x14,6.506541
3,0,imagen.jpeg,113,batchnorm,1x576x14x14,0.120104
3,0,imagen.jpeg,114,activacion,1x576x14x14,0.341017
3,0,imagen.jpeg,115,depthwise_conv,1x576x14x14,0.281754
3,0,imagen.jpeg,116,batchnorm,1x576x7x7,0.032095
3,0,imagen.jpeg,117,activacion,1x576x7x7,0.068634
3,0,imagen.jpeg,118,pointwise_conv,1x576x7x7,2.517171
3,0,imagen.jpeg,119,batchnorm,1x160x7x7,0.007739
3,0,imagen.jpeg,120,pointwise_conv,1x160x7x7,4.222747
3,0,imagen.jpeg,121,batchnorm,1x960x7x7,0.047411
3,0,imagen.jpeg,122,activacion,1x960x7x7,0.153192
3,0,imagen.jpeg,123,depthwise_conv,1x960x7x7,0.505126
3,0,imagen.jpeg,124,batchnorm,1x960x7x7,0.091899
3,0,imagen.jpeg,125,activacion,1x960x7x7,0.180252
3,0,imagen.jpeg,126,pointwise_conv,1x960x7x7,4.479094
3,0,imagen.jpeg,127,batchnorm,1x160x7x7,0.00853
3,0,imagen.jpeg,128,layer_add,1x160x7x7,0.004972
3,0,imagen.jpeg,129,pointwise_conv,1x160x7x7,4.205521
3,0,imagen.jpeg,130,batchnorm,1x960x7x7,0.044507
3,0,imagen.jpeg,131,activacion,1x960x7x7,0.149994
3,0,imagen.jpeg,132,depthwise_conv,1x960x7x7,0.456491
3,0,imagen.jpeg,133,batchnorm,1x960x7x7,0.057302
3,0,imagen.jpeg,134,activacion,1x960x7x7,0.131729
3,0,imagen.jpeg,135,pointwise_conv,1x960x7x7,4.23709
3,0,imagen.jpeg,136,batchnorm,1x160x7x7,0.008393
3,0,imagen.jpeg,137,layer_add,1x160x7x7,0.004453
3,0,imagen.jpeg,138,pointwise_conv,1x160x7x7,4.795111
3,0,imagen.jpeg,139,batchnorm,1x960x7x7,0.052314
3,0,imagen.jpeg,140,activacion,1x960x7x7,0.121081
3,0,imagen.jpeg,141,depthwise_conv,1x960x7x7,0.560527
3,0,imagen.jpeg,142,batchnorm,1x960x7x7,0.159283
3,0,imagen.jpeg,143,activacion,1x960x7x7,0.093861
3,0,imagen.jpeg,144,pointwise_conv,1x960x7x7,9.165215
3,0,imagen.jpeg,145,batchnorm,1x320x7x7,0.017362
3,0,imagen.jpeg,146,pointwise_conv,1x320x7x7,11.552016
3,0,imagen.jpeg,147,batchnorm,1x1280x7x7,0.066126
3,0,imagen.jpeg,148,activacion,1x1280x7x7,0.188296
3,0,imagen.jpeg,149,pooling,1x1280x7x7,0.04046
3,0,imagen.jpeg,150,linear,1x1280,1.472285
4,0,imagen.jpeg,0,conv2d,1x3x224x224,12.907852
4,0,imagen.jpeg,1,batchnorm,1x32x112x112,0.436042
4,0,imagen.jpeg,2,activacion,1x32x112x112,0.665687
4,0,imagen.jpeg,3,depthwise_conv,1x32x112x112,4.18018
4,0,imagen.jpeg,4,batchnorm,1x32x112x112,2.388009
4,0,imagen.jpeg,5,activacion,1x32x112x112,0.755403
4,0,imagen.jpeg,6,pointwise_conv,1x32x112x112,3.717167
4,0,imagen.jpeg,7,batchnorm,1x16x112x112,0.17636
4,0,imagen.jpeg,8,pointwise_conv,1x16x112x112,12.366047
4,0,imagen.jpeg,9,batchnorm,1x96x112x112,2.263523
4,0,imagen.jpeg,10,activacion,1x96x112x112,3.453627
4,0,imagen.jpeg,11,depthwise_conv,1x96x112x112,3.38262
4,0,imagen.jpeg,12,batchnorm,1x96x56x56,0.27949
4,0,imagen.jpeg,13,activacion,1x96x56x56,1.011282
4,0,imagen.jpeg,14,pointwise_conv,1x96x56x56,4.83843
4,0,imagen.jpeg,15,batchnorm,1x24x56x56,0.072027
4,0,imagen.jpeg,16,pointwise_conv,1x24x56x56,6.827692
4,0,imagen.jpeg,17,batchnorm,1x144x56x56,0.912287
4,0,imagen.jpeg,18,activacion,1x144x56x56,1.275202
4,0,imagen.jpeg,19,depthwise_conv,1x144x56x56,4.519768
4,0,imagen.jpeg,20,batchnorm,1x144x56x56,0.957986
4,0,imagen.jpeg,21,activacion,1x144x56x56,1.655824
4,0,imagen.jpeg,22,pointwise_conv,1x144x56x56,6.147479
4,0,imagen.jpeg,23,batchnorm,1x24x56x56,0.069581
4,0,imagen.jpeg,24,layer_add,1x24x56x56,0.043878
4,0,imagen.jpeg,25,pointwise_conv,1x24x56x56,6.480601
4,0,imagen.jpeg,26,batchnorm,1x144x56x56,0.496097
4,0,imagen.jpeg,27,activacion,1x144x56x56,1.598601
4,0,imagen.jpeg,28,depthwise_conv,1x144x56x56,1.201162
4,0,imagen.jpeg,29,batchnorm,1x144x28x28,0.101753
4,0,imagen.jpeg,30,activacion,1x144x28x28,0.355706
4,0,imagen.jpeg,31,pointwise_conv,1x144x28x28,2.144549
4,0,imagen.jpeg,32,batchnorm,1x32x28x28,0.022365
4,0,imagen.jpeg,33,pointwise_conv,1x32x28x28,2.696273
4,0,imagen.jpeg,34,batchnorm,1x192x28x28,0.151045
4,0,imagen.jpeg,35,activacion,1x192x28x28,0.377155
4,0,imagen.jpeg,36,depthwise_conv,1x192x28x28,1.491021
4,0,imagen.jpeg,37,batchnorm,1x192x28x28,0.14478
4,0,imagen.jpeg,38,activacion,1x192x28x28,0.515031
4,0,imagen.jpeg,39,pointwise_conv,1x192x28x28,2.647365
4,0,imagen.jpeg,40,batchnorm,1x32x28x28,0.023001
4,0,imagen.jpeg,41,layer_add,1x32x28x28,0.015023
4,0,imagen.jpeg,42,pointwise_conv,1x32x28x28,3.091799
4,0,imagen.jpeg,43,batchnorm,1x192x28x28,0.151916
4,0,imagen.jpeg,44,activacion,1x192x28x28,0.461703
4,0,imagen.jpeg,45,depthwise_conv,1x192x28x28,1.544809
4,0,imagen.jpeg,46,batchnorm,1x192x28x28,0.184405
4,0,imagen.jpeg,47,activacion,1x192x28x28,0.53225
4,0,imagen.jpeg,48,pointwise_conv,1x192x28x28,2.717182
4,0,imagen.jpeg,49,batchnorm,1x32x28x28,0.022188
4,0,imagen.jpeg,50,layer_add,1x32x28x28,0.0147
4,0,imagen.jpeg,51,pointwise_conv,1x32x28x28,2.754244
4,0,imagen.jpeg,52,batchnorm,1x192x28x28,0.135367
4,0,imagen.jpeg,53,activacion,1x192x28x28,0.499379
4,0,imagen.jpeg,54,depthwise_conv,1x192x28x28,0.403447
4,0,imagen.jpeg,55,batchnorm,1x192x14x14,0.036062
4,0,imagen.jpeg,56,activacion,1x192x14x14,0.101752
4,0,imagen.jpeg,57,pointwise_conv,1x192x14x14,1.389973
4,0,imagen.jpeg,58,batchnorm,1x64x14x14,0.01238
4,0,imagen.jpeg,59,pointwise_conv,1x64x14x14,3.132053
4,0,imagen.jpeg,60,batchnorm,1x384x14x14,0.081577
4,0,imagen.jpeg,61,activacion,1x384x14x14,0.203495
4,0,imagen.jpeg,62,depthwise_conv,1x384x14x14,0.816913
4,0,imagen.jpeg,63,batchnorm,1x384x14x14,0.140458
4,0,imagen.jpeg,64,activacion,1x384x14x14,0.308505
4,0,imagen.jpeg,65,pointwise_conv,1x384x14x14,3.268002
4,0,imagen.jpeg,66,batchnorm,1x64x14x14,0.014632
4,0,imagen.jpeg,67,layer_add,1x64x14x14,0.009032
4,0,imagen.jpeg,68,pointwise_conv,1x64x14x14,2.964366
4,0,imagen.jpeg,69,batchnorm,1x384x14x14,0.086367
4,0,imagen.jpeg,70,activacion,1x384x14x14,0.297542
4,0,imagen.jpeg,71,depthwise_conv,1x384x14x14,0.914914
4,0,imagen.jpeg,72,batchnorm,1x384x14x14,0.112243
4,0,imagen.jpeg,73,activacion,1x384x14x14,0.26437
4,0,imagen.jpeg,74,pointwise_conv,1x384x14x14,2.826424
4,0,imagen.jpeg,75,batchnorm,1x64x14x14,0.011727
4,0,imagen.jpeg,76,layer_add,1x64x14x14,0.007356
4,0,imagen.jpeg,77,pointwise_conv,1x64x14x14,2.877373
4,0,imagen.jpeg,78,batchnorm,1x384x14x14,0.073023
4,0,imagen.jpeg,79,activacion,1x384x14x14,0.266813
4,0,imagen.jpeg,80,depthwise_conv,1x384x14x14,0.782989
4,0,imagen.jpeg,81,batchnorm,1x384x14x14,0.146782
4,0,imagen.jpeg,82,activacion,1x384x14x14,0.240446
4,0,imagen.jpeg,83,pointwise_conv,1x384x14x14,2.924141
4,0,imagen.jpeg,84,batchnorm,1x64x14x14,0.012472
4,0,imagen.jpeg,85,layer_add,1x64x14x14,0.006869
4,0,imagen.jpeg,86,pointwise_conv,1x64x14x14,2.910092
4,0,imagen.jpeg,87,batchnorm,1x384x14x14,0.073363
4,0,imagen.jpeg,88,activacion,1x384x14x14,0.265056
4,0,imagen.jpeg,89,depthwise_conv,1x384x14x14,0.79246
4,0,imagen.jpeg,90,batchnorm,1x384x14x14,0.070403
4,0,imagen.jpeg,91,activacion,1x384x14x14,0.251999
4,0,imagen.jpeg,92,pointwise_conv,1x384x14x14,4.210321
4,0,imagen.jpeg,93,batchnorm,1x96x14x14,0.017672
4,0,imagen.jpeg,94,pointwise_conv,1x96x14x14,6.765598
4,0,imagen.jpeg,95,batchnorm,1x576x14x14,0.137884
4,0,imagen.jpeg,96,activacion,1x576x14x14,0.404038
4,0,imagen.jpeg,97,depthwise_conv,1x576x14x14,1.218915
4,0,imagen.jpeg,98,batchnorm,1x576x14x14,0.191362
4,0,imagen.jpeg,99,activacion,1x576x14x14,0.353867
4,0,imagen.jpeg,100,pointwise_conv,1x576x14x14,6.806384
4,0,imagen.jpeg,101,batchnorm,1x96x14x14,0.017818
4,0,imagen.jpeg,102,layer_add,1x96x14x14,0.012873
4,0,imagen.jpeg,103,pointwise_conv,1x96x14x14,6.354673
4,0,imagen.jpeg,104,batchnorm,1x576x14x14,0.117129
4,0,imagen.jpeg,105,activacion,1x576x14x14,0.464172
4,0,imagen.jpeg,106,depthwise_conv,1x576x14x14,1.231601
4,0,imagen.jpeg,107,batchnorm,1x576x14x14,0.18772
4,0,imagen.jpeg,108,activacion,1x576x14x14,0.347383
4,0,imagen.jpeg,109,pointwise_conv,1x576x14x14,6.674036
4,0,imagen.jpeg,110,batchnorm,1x96x14x14,0.018468
4,0,imagen.jpeg,111,layer_add,1x96x14x14,0.009769
4,0,imagen.jpeg,112,pointwise_conv,1x96x14x14,6.93919
4,0,imagen.jpeg,113,batchnorm,1x576x14x14,0.143326
4,0,imagen.jpeg,114,activacion,1x576x14x14,0.402337
4,0,imagen.jpeg,115,depthwise_conv,1x576x14x14,0.313286
4,0,imagen.jpeg,116,batchnorm,1x576x7x7,0.031432
4,0,imagen.jpeg,117,activacion,1x576x7x7,0.068424
4,0,imagen.jpeg,118,pointwise_conv,1x576x7x7,2.670572
4,0,imagen.jpeg,119,batchnorm,1x160x7x7,0.008547
4,0,imagen.jpeg,120,pointwise_conv,1x160x7x7,4.11223
4,0,imagen.jpeg,121,batchnorm,1x960x7x7,0.044308
4,0,imagen.jpeg,122,activacion,1x960x7x7,0.149903
4,0,imagen.jpeg,123,depthwise_conv,1x960x7x7,0.429913
4,0,imagen.jpeg,124,batchnorm,1x960x7x7,0.044073
4,0,imagen.jpeg,125,activacion,1x960x7x7,0.1434
4,0,imagen.jpeg,126,pointwise_conv,1x960x7x7,4.260491
4,0,imagen.jpeg,127,batchnorm,1x160x7x7,0.008337
4,0,imagen.jpeg,128,layer_add,1x160x7x7,0.004914
4,0,imagen.jpeg,129,pointwise_conv,1x160x7x7,4.380562
4,0,imagen.jpeg,130,batchnorm,1x960x7x7,0.051726
4,0,imagen.jpeg,131,activacion,1x960x7x7,0.15203
4,0,imagen.jpeg,132,depthwise_conv,1x960x7x7,0.452074
4,0,imagen.jpeg,133,batchnorm,1x960x7x7,0.070378
4,0,imagen.jpeg,134,activacion,1x960x7x7,0.157388
4,0,imagen.jpeg,135,pointwise_conv,1x960x7x7,4.193267
4,0,imagen.jpeg,136,batchnorm,1x160x7x7,0.008052
4,0,imagen.jpeg,137,layer_add,1x160x7x7,0.004567
4,0,imagen.jpeg,138,pointwise_conv,1x160x7x7,4.171602
4,0,imagen.jpeg,139,batchnorm,1x960x7x7,0.045174
4,0,imagen.jpeg,140,activacion,1x960x7x7,0.121559
4,0,imagen.jpeg,141,depthwise_conv,1x960x7x7,0.442831
4,0,imagen.jpeg,142,batchnorm,1x960x7x7,0.047705
4,0,imagen.jpeg,143,activacion,1x960x7x7,0.090735
4,0,imagen.jpeg,144,pointwise_conv,1x960x7x7,9.431157
4,0,imagen.jpeg,145,batchnorm,1x320x7x7,0.016162
4,0,imagen.jpeg,146,pointwise_conv,1x320x7x7,11.770741
4,0,imagen.jpeg,147,batchnorm,1x1280x7x7,0.066939
4,0,imagen.jpeg,148,activacion,1x1280x7x7,0.200263
4,0,imagen.jpeg,149,pooling,1x1280x7x7,0.042268
4,0,imagen.jpeg,150,linear,1x1280,1.534238
5,0,imagen.jpeg,0,conv2d,1x3x224x224,13.267597
5,0,imagen.jpeg,1,batchnorm,1x32x112x112,0.428376
5,0,imagen.jpeg,2,activacion,1x32x112x112,0.681675
5,0,imagen.jpeg,3,depthwise_conv,1x32x112x112,4.124646
5,0,imagen.jpeg,4,batchnorm,1x32x112x112,2.379079
5,0,imagen.jpeg,5,activacion,1x32x112x112,0.778138
5,0,imagen.jpeg,6,pointwise_conv,1x32x112x112,4.347655
5,0,imagen.jpeg,7,batchnorm,1x16x112x112,0.197779
5,0,imagen.jpeg,8,pointwise_conv,1x16x112x112,12.412406
5,0,imagen.jpeg,9,batchnorm,1x96x112x112,2.506253
5,0,imagen.jpeg,10,activacion,1x96x112x112,3.570374
5,0,imagen.jpeg,11,depthwise_conv,1x96x112x112,3.247118
5,0,imagen.jpeg,12,batchnorm,1x96x56x56,0.290833
5,0,imagen.jpeg,13,activacion,1x96x56x56,1.044426
5,0,imagen.jpeg,14,pointwise_conv,1x96x56x56,4.123952
5,0,imagen.jpeg,15,batchnorm,1x24x56x56,0.067259
5,0,imagen.jpeg,16,pointwise_conv,1x24x56x56,7.292219
5,0,imagen.jpeg,17,batchnorm,1x144x56x56,0.876138
5,0,imagen.jpeg,18,activacion,1x144x56x56,1.276407
5,0,imagen.jpeg,19,depthwise_conv,1x144x56x56,4.506111
5,0,imagen.jpeg,20,batchnorm,1x144x56x56,0.88774
5,0,imagen.jpeg,21,activacion,1x144x56x56,1.573576
5,0,imagen.jpeg,22,pointwise_conv,1x144x56x56,6.91302
5,0,imagen.jpeg,23,batchnorm,1x24x56x56,0.069974
5,0,imagen.jpeg,24,layer_add,1x24x56x56,0.042371
5,0,imagen.jpeg,25,pointwise_conv,1x24x56x56,6.143866
5,0,imagen.jpeg,26,batchnorm,1x144x56x56,0.464837
5,0,imagen.jpeg,27,activacion,1x144x56x56,1.59577
5,0,imagen.jpeg,28,depthwise_conv,1x144x56x56,1.172314
5,0,imagen.jpeg,29,batchnorm,1x144x28x28,0.107241
5,0,imagen.jpeg,30,activacion,1x144x28x28,0.36676
5,0,imagen.jpeg,31,pointwise_conv,1x144x28x28,3.315085
5,0,imagen.jpeg,32,batchnorm,1x32x28x28,0.035905
5,0,imagen.jpeg,33,pointwise_conv,1x32x28x28,3.135504
5,0,imagen.jpeg,34,batchnorm,1x192x28x28,0.150038
5,0,imagen.jpeg,35,activacion,1x192x28x28,0.399339
5,0,imagen.jpeg,36,depthwise_conv,1x192x28x28,1.564394
5,0,imagen.jpeg,37,batchnorm,1x192x28x28,0.151297
5,0,imagen.jpeg,38,activacion,1x192x28x28,0.542123
5,0,imagen.jpeg,39,pointwise_conv,1x192x28x28,2.716836
5,0,imagen.jpeg,40,batchnorm,1x32x28x28,0.022857
5,0,imagen.jpeg,41,layer_add,1x32x28x28,0.014461
5,0,imagen.jpeg,42,pointwise_conv,1x32x28x28,2.776401
5,0,imagen.jpeg,43,batchnorm,1x192x28x28,0.139826
5,0,imagen.jpeg,44,activacion,1x192x28x28,0.456297
5,0,imagen.jpeg,45,depthwise_conv,1x192x28x28,1.610629
5,0,imagen.jpeg,46,batchnorm,1x192x28x28,0.177022
5,0,imagen.jpeg,47,activacion,1x192x28x28,0.542629
5,0,imagen.jpeg,48,pointwise_conv,1x192x28x28,2.967374
5,0,imagen.jpeg,49,batchnorm,1x32x28x28,0.024562
5,0,imagen.jpeg,50,layer_add,1x32x28x28,0.014414
5,0,imagen.jpeg,51,pointwise_conv,1x32x28x28,2.849226
5,0,imagen.jpeg,52,batchnorm,1x192x28x28,0.149786
5,0,imagen.jpeg,53,activacion,1x192x28x28,0.53802
5,0,imagen.jpeg,54,depthwise_conv,1x192x28x28,0.410984
5,0,imagen.jpeg,55,batchnorm,1x192x14x14,0.036056
5,0,imagen.jpeg,56,activacion,1x192x14x14,0.103965
5,0,imagen.jpeg,57,pointwise_conv,1x192x14x14,1.422821
5,0,imagen.jpeg,58,batchnorm,1x64x14x14,0.011992
5,0,imagen.jpeg,59,pointwise_conv,1x64x14x14,2.854306
5,0,imagen.jpeg,60,batchnorm,1x384x14x14,0.072449
5,0,imagen.jpeg,61,activacion,1x384x14x14,0.201614
5,0,imagen.jpeg,62,depthwise_conv,1x384x14x14,0.835475
5,0,imagen.jpeg,63,batchnorm,1x384x14x14,0.091742
5,0,imagen.jpeg,64,activacion,1x384x14x14,0.293794
5,0,imagen.jpeg,65,pointwise_conv,1x384x14x14,3.046973
5,0,imagen.jpeg,66,batchnorm,1x64x14x14,0.014087
5,0,imagen.jpeg,67,layer_add,1x64x14x14,0.008086
5,0,imagen.jpeg,68,pointwise_conv,1x64x14x14,3.102057
5,0,imagen.jpeg,69,batchnorm,1x384x14x14,0.077162
5,0,imagen.jpeg,70,activacion,1x384x14x14,0.264677
5,0,imagen.jpeg,71,depthwise_conv,1x384x14x14,0.831988
5,0,imagen.jpeg,72,batchnorm,1x384x14x14,0.106113
5,0,imagen.jpeg,73,activacion,1x384x14x14,0.265338
5,0,imagen.jpeg,74,pointwise_conv,1x384x14x14,2.889946
5,0,imagen.jpeg,75,batchnorm,1x64x14x14,0.012135
5,0,imagen.jpeg,76,layer_add,1x64x14x14,0.006698
5,0,imagen.jpeg,77,pointwise_conv,1x64x14x14,2.88189
5,0,imagen.jpeg,78,batchnorm,1x384x14x14,0.073636
5,0,imagen.jpeg,79,activacion,1x384x14x14,0.26842
5,0,imagen.jpeg,80,depthwise_conv,1x384x14x14,0.812327
5,0,imagen.jpeg,81,batchnorm,1x384x14x14,0.1521
5,0,imagen.jpeg,82,activacion,1x384x14x14,0.246966
5,0,imagen.jpeg,83,pointwise_conv,1x384x14x14,2.947684
5,0,imagen.jpeg,84,batchnorm,1x64x14x14,0.018333
5,0,imagen.jpeg,85,layer_add,1x64x14x14,0.011484
5,0,imagen.jpeg,86,pointwise_conv,1x64x14x14,3.172977
5,0,imagen.jpeg,87,batchnorm,1x384x14x14,0.078148
5,0,imagen.jpeg,88,activacion,1x384x14x14,0.274142
5,0,imagen.jpeg,89,depthwise_conv,1x384x14x14,0.815194
5,0,imagen.jpeg,90,batchnorm,1x384x14x14,0.074192
5,0,imagen.jpeg,91,activacion,1x384x14x14,0.269213
5,0,imagen.jpeg,92,pointwise_conv,1x384x14x14,4.297398
5,0,imagen.jpeg,93,batchnorm,1x96x14x14,0.017964
5,0,imagen.jpeg,94,pointwise_conv,1x96x14x14,6.942571
5,0,imagen.jpeg,95,batchnorm,1x576x14x14,0.135974
5,0,imagen.jpeg,96,activacion,1x576x14x14,0.415061
5,0,imagen.jpeg,97,depthwise_conv,1x576x14x14,1.315005
5,0,imagen.jpeg,98,batchnorm,1x576x14x14,0.223364
5,0,imagen.jpeg,99,activacion,1x576x14x14,0.369516
5,0,imagen.jpeg,100,pointwise_conv,1x576x14x14,6.516829
5,0,imagen.jpeg,101,batchnorm,1x96x14x14,0.018476
5,0,imagen.jpeg,102,layer_add,1x96x14x14,0.013602
5,0,imagen.jpeg,103,pointwise_conv,1x96x14x14,6.807374
5,0,imagen.jpeg,104,batchnorm,1x576x14x14,0.15276
5,0,imagen.jpeg,105,activacion,1x576x14x14,0.394432
5,0,imagen.jpeg,106,depthwise_conv,1x576x14x14,1.295931
5,0,imagen.jpeg,107,batchnorm,1x576x14x14,0.220581
5,0,imagen.jpeg,108,activacion,1x576x14x14,0.334355
5,0,imagen.jpeg,109,pointwise_conv,1x576x14x14,6.500792
5,0,imagen.jpeg,110,batchnorm,1x96x14x14,0.018547
5,0,imagen.jpeg,111,layer_add,1x96x14x14,0.010482
5,0,imagen.jpeg,112,pointwise_conv,1x96x14x14,6.373255
5,0,imagen.jpeg,113,batchnorm,1x576x14x14,0.116365
5,0,imagen.jpeg,114,activacion,1x576x14x14,0.345515
5,0,imagen.jpeg,115,depthwise_conv,1x576x14x14,0.311839
5,0,imagen.jpeg,116,batchnorm,1x576x7x7,0.040479
5,0,imagen.jpeg,117,activacion,1x576x7x7,0.068781
5,0,imagen.jpeg,118,pointwise_conv,1x576x7x7,2.877569
5,0,imagen.jpeg,119,batchnorm,1x160x7x7,0.01175
5,0,imagen.jpeg,120,pointwise_conv,1x160x7x7,4.528139
5,0,imagen.jpeg,121,batchnorm,1x960x7x7,0.047832
5,0,imagen.jpeg,122,activacion,1x960x7x7,0.157564
5,0,imagen.jpeg,123,depthwise_conv,1x960x7x7,0.467947
5,0,imagen.jpeg,124,batchnorm,1x960x7x7,0.046302
5,0,imagen.jpeg,125,activacion,1x960x7x7,0.151178
5,0,imagen.jpeg,126,pointwise_conv,1x960x7x7,4.36987
5,0,imagen.jpeg,127,batchnorm,1x160x7x7,0.010841
5,0,imagen.jpeg,128,layer_add,1x160x7x7,0.006366
5,0,imagen.jpeg,129,pointwise_conv,1x160x7x7,5.084717
5,0,imagen.jpeg,130,batchnorm,1x960x7x7,0.055149
5,0,imagen.jpeg,131,activacion,1x960x7x7,0.152811
5,0,imagen.jpeg,132,depthwise_conv,1x960x7x7,0.523975
5,0,imagen.jpeg,133,batchnorm,1x960x7x7,0.059589
5,0,imagen.jpeg,134,activacion,1x960x7x7,0.136626
5,0,imagen.jpeg,135,pointwise_conv,1x960x7x7,4.392954
5,0,imagen.jpeg,136,batchnorm,1x160x7x7,0.008654
5,0,imagen.jpeg,137,layer_add,1x160x7x7,0.00434
5,0,imagen.jpeg,138,pointwise_conv,1x160x7x7,4.283392
5,0,imagen.jpeg,139,batchnorm,1x960x7x7,0.046741
5,0,imagen.jpeg,140,activacion,1x960x7x7,0.120668
5,0,imagen.jpeg,141,depthwise_conv,1x960x7x7,0.448421
5,0,imagen.jpeg,142,batchnorm,1x960x7x7,0.061228
5,0,imagen.jpeg,143,activacion,1x960x7x7,0.107497
5,0,imagen.jpeg,144,pointwise_conv,1x960x7x7,9.280643
5,0,imagen.jpeg,145,batchnorm,1x320x7x7,0.016694
5,0,imagen.jpeg,146,pointwise_conv,1x320x7x7,11.261322
5,0,imagen.jpeg,147,batchnorm,1x1280x7x7,0.066871
5,0,imagen.jpeg,148,activacion,1x1280x7x7,0.188374
5,0,imagen.jpeg,149,pooling,1x1280x7x7,0.066005
5,0,imagen.jpeg,150,linear,1x1280,1.674787
6,0,imagen.jpeg,0,conv2d,1x3x224x224,15.312821
6,0,imagen.jpeg,1,batchnorm,1x32x112x112,0.462896
6,0,imagen.jpeg,2,activacion,1x32x112x112,0.734896
6,0,imagen.jpeg,3,depthwise_conv,1x32x112x112,4.297488
6,0,imagen.jpeg,4,batchnorm,1x32x112x112,2.465352
6,0,imagen.jpeg,5,activacion,1x32x112x112,0.834646
6,0,imagen.jpeg,6,pointwise_conv,1x32x112x112,5.75179
6,0,imagen.jpeg,7,batchnorm,1x16x112x112,0.214156
6,0,imagen.jpeg,8,pointwise_conv,1x16x112x112,13.65396
6,0,imagen.jpeg,9,batchnorm,1x96x112x112,2.47157
6,0,imagen.jpeg,10,activacion,1x96x112x112,3.813618
6,0,imagen.jpeg,11,depthwise_conv,1x96x112x112,3.505712
6,0,imagen.jpeg,12,batchnorm,1x96x56x56,0.306923
6,0,imagen.jpeg,13,activacion,1x96x56x56,1.133019
6,0,imagen.jpeg,14,pointwise_conv,1x96x56x56,4.820379
6,0,imagen.jpeg,15,batchnorm,1x24x56x56,0.094468
6,0,imagen.jpeg,16,pointwise_conv,1x24x56x56,7.336258
6,0,imagen.jpeg,17,batchnorm,1x144x56x56,0.98102
6,0,imagen.jpeg,18,activacion,1x144x56x56,1.415326
6,0,imagen.jpeg,19,depthwise_conv,1x144x56x56,4.952734
6,0,imagen.jpeg,20,batchnorm,1x144x56x56,1.102651
6,0,imagen.jpeg,21,activacion,1x144x56x56,1.855245
6,0,imagen.jpeg,22,pointwise_conv,1x144x56x56,6.651664
6,0,imagen.jpeg,23,batchnorm,1x24x56x56,0.072756
6,0,imagen.jpeg,24,layer_add,1x24x56x56,0.044742
6,0,imagen.jpeg,25,pointwise_conv,1x24x56x56,6.584181
6,0,imagen.jpeg,26,batchnorm,1x144x56x56,0.603259
6,0,imagen.jpeg,27,activacion,1x144x56x56,1.727372
6,0,imagen.jpeg,28,depthwise_conv,1x144x56x56,1.332193
6,0,imagen.jpeg,29,batchnorm,1x144x28x28,0.116235
6,0,imagen.jpeg,30,activacion,1x144x28x28,0.396731
6,0,imagen.jpeg,31,pointwise_conv,1x144x28x28,2.306466
6,0,imagen.jpeg,32,batchnorm,1x32x28x28,0.023647
6,0,imagen.jpeg,33,pointwise_conv,1x32x28x28,2.905207
6,0,imagen.jpeg,34,batchnorm,1x192x28x28,0.144497
6,0,imagen.jpeg,35,activacion,1x192x28x28,0.398803
6,0,imagen.jpeg,36,depthwise_conv,1x192x28x28,1.570352
6,0,imagen.jpeg,37,batchnorm,1x192x28x28,0.143282
6,0,imagen.jpeg,38,activacion,1x192x28x28,0.586584
6,0,imagen.jpeg,39,pointwise_conv,1x192x28x28,2.77136
6,0,imagen.jpeg,40,batchnorm,1x32x28x28,0.027035
6,0,imagen.jpeg,41,layer_add,1x32x28x28,0.023038
6,0,imagen.jpeg,42,pointwise_conv,1x32x28x28,2.929578
6,0,imagen.jpeg,43,batchnorm,1x192x28x28,0.153199
6,0,imagen.jpeg,44,activacion,1x192x28x28,0.463204
6,0,imagen.jpeg,45,depthwise_conv,1x192x28x28,1.578708
6,0,imagen.jpeg,46,batchnorm,1x192x28x28,0.158764
6,0,imagen.jpeg,47,activacion,1x192x28x28,0.544004
6,0,imagen.jpeg,48,pointwise_conv,1x192x28x28,2.769651
6,0,imagen.jpeg,49,batchnorm,1x32x28x28,0.022826
6,0,imagen.jpeg,50,layer_add,1x32x28x28,0.015143
6,0,imagen.jpeg,51,pointwise_conv,1x32x28x28,2.992503
6,0,imagen.jpeg,52,batchnorm,1x192x28x28,0.162764
6,0,imagen.jpeg,53,activacion,1x192x28x28,0.547649
6,0,imagen.jpeg,54,depthwise_conv,1x192x28x28,0.4511
6,0,imagen.jpeg,55,batchnorm,1x192x14x14,0.0466
6,0,imagen.jpeg,56,activacion,1x192x14x14,0.10451
6,0,imagen.jpeg,57,pointwise_conv,1x192x14x14,1.452604
6,0,imagen.jpeg,58,batchnorm,1x64x14x14,0.012713
6,0,imagen.jpeg,59,pointwise_conv,1x64x14x14,2.986129
6,0,imagen.jpeg,60,batchnorm,1x384x14x14,0.076426
6,0,imagen.jpeg,61,activacion,1x384x14x14,0.207202
6,0,imagen.jpeg,62,depthwise_conv,1x384x14x14,0.81179
6,0,imagen.jpeg,63,batchnorm,1x384x14x14,0.07208
6,0,imagen.jpeg,64,activacion,1x384x14x14,0.289818
6,0,imagen.jpeg,65,pointwise_conv,1x384x14x14,2.863446
6,0,imagen.jpeg,66,batchnorm,1x64x14x14,0.01258
6,0,imagen.jpeg,67,layer_add,1x64x14x14,0.007409
6,0,imagen.jpeg,68,pointwise_conv,1x64x14x14,2.845964
6,0,imagen.jpeg,69,batchnorm,1x384x14x14,0.072902
6,0,imagen.jpeg,70,activacion,1x384x14x14,0.247927
6,0,imagen.jpeg,71,depthwise_conv,1x384x14x14,0.816642
6,0,imagen.jpeg,72,batchnorm,1x384x14x14,0.101816
6,0,imagen.jpeg,73,activacion,1x384x14x14,0.259736
6,0,imagen.jpeg,74,pointwise_conv,1x384x14x14,2.77975
6,0,imagen.jpeg,75,batchnorm,1x64x14x14,0.01168
6,0,imagen.jpeg,76,layer_add,1x64x14x14,0.006716
6,0,imagen.jpeg,77,pointwise_conv,1x64x14x14,2.846187
6,0,imagen.jpeg,78,batchnorm,1x384x14x14,0.101182
6,0,imagen.jpeg,79,activacion,1x384x14x14,0.268853
6,0,imagen.jpeg,80,depthwise_conv,1x384x14x14,0.865784
6,0,imagen.jpeg,81,batchnorm,1x384x14x14,0.156218
6,0,imagen.jpeg,82,activacion,1x384x14x14,0.236775
6,0,imagen.jpeg,83,pointwise_conv,1x384x14x14,2.898628
6,0,imagen.jpeg,84,batchnorm,1x64x14x14,0.012035
6,0,imagen.jpeg,85,layer_add,1x64x14x14,0.006821
6,0,imagen.jpeg,86,pointwise_conv,1x64x14x14,2.794045
6,0,imagen.jpeg,87,batchnorm,1x384x14x14,0.070813
6,0,imagen.jpeg,88,activacion,1x384x14x14,0.259847
6,0,imagen.jpeg,89,depthwise_conv,1x384x14x14,0.808144
6,0,imagen.jpeg,90,batchnorm,1x384x14x14,0.071033
6,0,imagen.jpeg,91,activacion,1x384x14x14,0.250223
6,0,imagen.jpeg,92,pointwise_conv,1x384x14x14,4.209934
6,0,imagen.jpeg,93,batchnorm,1x96x14x14,0.017839
6,0,imagen.jpeg,94,pointwise_conv,1x96x14x14,6.304074
6,0,imagen.jpeg,95,batchnorm,1x576x14x14,0.115795
6,0,imagen.jpeg,96,activacion,1x576x14x14,0.380236
6,0,imagen.jpeg,97,depthwise_conv,1x576x14x14,1.200222
6,0,imagen.jpeg,98,batchnorm,1x576x14x14,0.192792
6,0,imagen.jpeg,99,activacion,1x576x14x14,0.337021
6,0,imagen.jpeg,100,pointwise_conv,1x576x14x14,6.117802
6,0,imagen.jpeg,101,batchnorm,1x96x14x14,0.017328
6,0,imagen.jpeg,102,layer_add,1x96x14x14,0.013654
6,0,imagen.jpeg,103,pointwise_conv,1x96x14x14,6.248053
6,0,imagen.jpeg,104,batchnorm,1x576x14x14,0.114302
6,0,imagen.jpeg,105,activacion,1x576x14x14,0.368414
6,0,imagen.jpeg,106,depthwise_conv,1x576x14x14,1.165481
6,0,imagen.jpeg,107,batchnorm,1x576x14x14,0.174361
6,0,imagen.jpeg,108,activacion,1x576x14x14,0.304188
6,0,imagen.jpeg,109,pointwise_conv,1x576x14x14,6.331309
6,0,imagen.jpeg,110,batchnorm,1x96x14x14,0.019533
6,0,imagen.jpeg,111,layer_add,1x96x14x14,0.011104
6,0,imagen.jpeg,112,pointwise_conv,1x96x14x14,6.156871
6,0,imagen.jpeg,113,batchnorm,1x576x14x14,0.178732
6,0,imagen.jpeg,114,activacion,1x576x14x14,0.346224
6,0,imagen.jpeg,115,depthwise_conv,1x576x14x14,0.295301
6,0,imagen.jpeg,116,batchnorm,1x576x7x7,0.035558
6,0,imagen.jpeg,117,activacion,1x576x7x7,0.068444
6,0,imagen.jpeg,118,pointwise_conv,1x576x7x7,2.658129
6,0,imagen.jpeg,119,batchnorm,1x160x7x7,0.007991
6,0,imagen.jpeg,120,pointwise_conv,1x160x7x7,4.232606
6,0,imagen.jpeg,121,batchnorm,1x960x7x7,0.048418
6,0,imagen.jpeg,122,activacion,1x960x7x7,0.158745
6,0,imagen.jpeg,123,depthwise_conv,1x960x7x7,0.45496
6,0,imagen.jpeg,124,batchnorm,1x960x7x7,0.045454
6,0,imagen.jpeg,125,activacion,1x960x7x7,0.14779
6,0,imagen.jpeg,126,pointwise_conv,1x960x7x7,4.180043
6,0,imagen.jpeg,127,batchnorm,1x160x7x7,0.009481
6,0,imagen.jpeg,128,layer_add,1x160x7x7,0.005021
6,0,imagen.jpeg,129,pointwise_conv,1x160x7x7,8.949827
6,0,imagen.jpeg,130,batchnorm,1x960x7x7,0.073935
6,0,imagen.jpeg,131,activacion,1x960x7x7,0.193767
6,0,imagen.jpeg,132,depthwise_conv,1x960x7x7,0.611981
6,0,imagen.jpeg,133,batchnorm,1x960x7x7,0.094012
6,0,imagen.jpeg,134,activacion,1x960x7x7,0.138912
6,0,imagen.jpeg,135,pointwise_conv,1x960x7x7,4.467833
6,0,imagen.jpeg,136,batchnorm,1x160x7x7,0.008561
6,0,imagen.jpeg,137,layer_add,1x160x7x7,0.004756
6,0,imagen.jpeg,138,pointwise_conv,1x160x7x7,4.548048
6,0,imagen.jpeg,139,batchnorm,1x960x7x7,0.05174
6,0,imagen.jpeg,140,activacion,1x960x7x7,0.126952
6,0,imagen.jpeg,141,depthwise_conv,1x960x7x7,0.494314
6,0,imagen.jpeg,142,batchnorm,1x960x7x7,0.054178
6,0,imagen.jpeg,143,activacion,1x960x7x7,0.103955
6,0,imagen.jpeg,144,pointwise_conv,1x960x7x7,8.907583
6,0,imagen.jpeg,145,batchnorm,1x320x7x7,0.016083
6,0,imagen.jpeg,146,pointwise_conv,1x320x7x7,11.73906
6,0,imagen.jpeg,147,batchnorm,1x1280x7x7,0.06652
6,0,imagen.jpeg,148,activacion,1x1280x7x7,0.193943
6,0,imagen.jpeg,149,pooling,1x1280x7x7,0.040427
6,0,imagen.jpeg,150,linear,1x1280,1.492293
7,0,imagen.jpeg,0,conv2d,1x3x224x224,13.157721
7,0,imagen.jpeg,1,batchnorm,1x32x112x112,0.424017
7,0,imagen.jpeg,2,activacion,1x32x112x112,0.69013
7,0,imagen.jpeg,3,depthwise_conv,1x32x112x112,4.154971
7,0,imagen.jpeg,4,batchnorm,1x32x112x112,2.429158
7,0,imagen.jpeg,5,activacion,1x32x112x112,0.799903
7,0,imagen.jpeg,6,pointwise_conv,1x32x112x112,3.884499
7,0,imagen.jpeg,7,batchnorm,1x16x112x112,0.187329
7,0,imagen.jpeg,8,pointwise_conv,1x16x112x112,12.217758
7,0,imagen.jpeg,9,batchnorm,1x96x112x112,2.168606
7,0,imagen.jpeg,10,activacion,1x96x112x112,3.401005
7,0,imagen.jpeg,11,depthwise_conv,1x96x112x112,3.254804
7,0,imagen.jpeg,12,batchnorm,1x96x56x56,0.29308
7,0,imagen.jpeg,13,activacion,1x96x56x56,1.013617
7,0,imagen.jpeg,14,pointwise_conv,1x96x56x56,4.149235
7,0,imagen.jpeg,15,batchnorm,1x24x56x56,0.071023
7,0,imagen.jpeg,16,pointwise_conv,1x24x56x56,6.704013
7,0,imagen.jpeg,17,batchnorm,1x144x56x56,0.904001
7,0,imagen.jpeg,18,activacion,1x144x56x56,1.36517
7,0,imagen.jpeg,19,depthwise_conv,1x144x56x56,4.962678
7,0,imagen.jpeg,20,batchnorm,1x144x56x56,0.92793
7,0,imagen.jpeg,21,activacion,1x144x56x56,1.729727
7,0,imagen.jpeg,22,pointwise_conv,1x144x56x56,6.157864
7,0,imagen.jpeg,23,batchnorm,1x24x56x56,0.068404
7,0,imagen.jpeg,24,layer_add,1x24x56x56,0.041228
7,0,imagen.jpeg,25,pointwise_conv,1x24x56x56,6.031385
7,0,imagen.jpeg,26,batchnorm,1x144x56x56,0.498344
7,0,imagen.jpeg,27,activacion,1x144x56x56,1.567912
7,0,imagen.jpeg,28,depthwise_conv,1x144x56x56,1.341935
7,0,imagen.jpeg,29,batchnorm,1x144x28x28,0.180215
7,0,imagen.jpeg,30,activacion,1x144x28x28,0.400345
7,0,imagen.jpeg,31,pointwise_conv,1x144x28x28,2.099165
7,0,imagen.jpeg,32,batchnorm,1x32x28x28,0.022966
7,0,imagen.jpeg,33,pointwise_conv,1x32x28x28,2.860243
7,0,imagen.jpeg,34,batchnorm,1x192x28x28,0.13868
7,0,imagen.jpeg,35,activacion,1x192x28x28,0.377719
7,0,imagen.jpeg,36,depthwise_conv,1x192x28x28,1.540706
7,0,imagen.jpeg,37,batchnorm,1x192x28x28,0.134786
7,0,imagen.jpeg,38,activacion,1x192x28x28,0.559518
7,0,imagen.jpeg,39,pointwise_conv,1x192x28x28,2.750657
7,0,imagen.jpeg,40,batchnorm,1x32x28x28,0.023564
7,0,imagen.jpeg,41,layer_add,1x32x28x28,0.014853
7,0,imagen.jpeg,42,pointwise_conv,1x32x28x28,2.848105
7,0,imagen.jpeg,43,batchnorm,1x192x28x28,0.177246
7,0,imagen.jpeg,44,activacion,1x192x28x28,0.457545
7,0,imagen.jpeg,45,depthwise_conv,1x192x28x28,1.578596
7,0,imagen.jpeg,46,batchnorm,1x192x28x28,0.170962
7,0,imagen.jpeg,47,activacion,1x192x28x28,0.549118
7,0,imagen.jpeg,48,pointwise_conv,1x192x28x28,2.774106
7,0,imagen.jpeg,49,batchnorm,1x32x28x28,0.022586
7,0,imagen.jpeg,50,layer_add,1x32x28x28,0.014233
7,0,imagen.jpeg,51,pointwise_conv,1x32x28x28,2.666848
7,0,imagen.jpeg,52,batchnorm,1x192x28x28,0.135574
7,0,imagen.jpeg,53,activacion,1x192x28x28,0.493043
7,0,imagen.jpeg,54,depthwise_conv,1x192x28x28,0.382674
7,0,imagen.jpeg,55,batchnorm,1x192x14x14,0.037376
7,0,imagen.jpeg,56,activacion,1x192x14x14,0.099014
7,0,imagen.jpeg,57,pointwise_conv,1x192x14x14,1.380666
7,0,imagen.jpeg,58,batchnorm,1x64x14x14,0.0119
7,0,imagen.jpeg,59,pointwise_conv,1x64x14x14,2.80672
7,0,imagen.jpeg,60,batchnorm,1x384x14x14,0.071279
7,0,imagen.jpeg,61,activacion,1x384x14x14,0.191636
7,0,imagen.jpeg,62,depthwise_conv,1x384x14x14,0.874033
7,0,imagen.jpeg,63,batchnorm,1x384x14x14,0.077061
7,0,imagen.jpeg,64,activacion,1x384x14x14,0.281577
7,0,imagen.jpeg,65,pointwise_conv,1x384x14x14,3.38597
7,0,imagen.jpeg,66,batchnorm,1x64x14x14,0.014624
7,0,imagen.jpeg,67,layer_add,1x64x14x14,0.008385
7,0,imagen.jpeg,68,pointwise_conv,1x64x14x14,3.161939
7,0,imagen.jpeg,69,batchnorm,1x384x14x14,0.07275
7,0,imagen.jpeg,70,activacion,1x384x14x14,0.246898
7,0,imagen.jpeg,71,depthwise_conv,1x384x14x14,0.790295
7,0,imagen.jpeg,72,batchnorm,1x384x14x14,0.10716
7,0,imagen.jpeg,73,activacion,1x384x14x14,0.271885
7,0,imagen.jpeg,74,pointwise_conv,1x384x14x14,2.786486
7,0,imagen.jpeg,75,batchnorm,1x64x14x14,0.011834
7,0,imagen.jpeg,76,layer_add,1x64x14x14,0.00685
7,0,imagen.jpeg,77,pointwise_conv,1x64x14x14,2.787862
7,0,imagen.jpeg,78,batchnorm,1x384x14x14,0.069774
7,0,imagen.jpeg,79,activacion,1x384x14x14,0.258766
7,0,imagen.jpeg,80,depthwise_conv,1x384x14x14,0.808332
7,0,imagen.jpeg,81,batchnorm,1x384x14x14,0.15254
7,0,imagen.jpeg,82,activacion,1x384x14x14,0.255793
7,0,imagen.jpeg,83,pointwise_conv,1x384x14x14,2.906618
7,0,imagen.jpeg,84,batchnorm,1x64x14x14,0.013083
7,0,imagen.jpeg,85,layer_add,1x64x14x14,0.010482
7,0,imagen.jpeg,86,pointwise_conv,1x64x14x14,3.110048
7,0,imagen.jpeg,87,batchnorm,1x384x14x14,0.073964
7,0,imagen.jpeg,88,activacion,1x384x14x14,0.266604
7,0,imagen.jpeg,89,depthwise_conv,1x384x14x14,0.882938
7,0,imagen.jpeg,90,batchnorm,1x384x14x14,0.070852
7,0,imagen.jpeg,91,activacion,1x384x14x14,0.264903
7,0,imagen.jpeg,92,pointwise_conv,1x384x14x14,4.216382
7,0,imagen.jpeg,93,batchnorm,1x96x14x14,0.018096
7,0,imagen.jpeg,94,pointwise_conv,1x96x14x14,6.534621
7,0,imagen.jpeg,95,batchnorm,1x576x14x14,0.112108
7,0,imagen.jpeg,96,activacion,1x576x14x14,0.385796
7,0,imagen.jpeg,97,depthwise_conv,1x576x14x14,1.300284
7,0,imagen.jpeg,98,batchnorm,1x576x14x14,0.186739
7,0,imagen.jpeg,99,activacion,1x576x14x14,0.352504
7,0,imagen.jpeg,100,pointwise_conv,1x576x14x14,6.394875
7,0,imagen.jpeg,101,batchnorm,1x96x14x14,0.021332
7,0,imagen.jpeg,102,layer_add,1x96x14x14,0.014912
7,0,imagen.jpeg,103,pointwise_conv,1x96x14x14,6.437708
7,0,imagen.jpeg,104,batchnorm,1x576x14x14,0.107365
7,0,imagen.jpeg,105,activacion,1x576x14x14,0.39373
7,0,imagen.jpeg,106,depthwise_conv,1x576x14x14,1.203717
7,0,imagen.jpeg,107,batchnorm,1x576x14x14,0.171379
7,0,imagen.jpeg,108,activacion,1x576x14x14,0.325432
7,0,imagen.jpeg,109,pointwise_conv,1x576x14x14,6.299385
7,0,imagen.jpeg,110,batchnorm,1x96x14x14,0.019779
7,0,imagen.jpeg,111,layer_add,1x96x14x14,0.01102
7,0,imagen.jpeg,112,pointwise_conv,1x96x14x14,6.40829
7,0,imagen.jpeg,113,batchnorm,1x576x14x14,0.131597
7,0,imagen.jpeg,114,activacion,1x576x14x14,0.332408
7,0,imagen.jpeg,115,depthwise_conv,1x576x14x14,0.281977
7,0,imagen.jpeg,116,batchnorm,1x576x7x7,0.038641
7,0,imagen.jpeg,117,activacion,1x576x7x7,0.068399
7,0,imagen.jpeg,118,pointwise_conv,1x576x7x7,2.564005
7,0,imagen.jpeg,119,batchnorm,1x160x7x7,0.007873
7,0,imagen.jpeg,120,pointwise_conv,1x160x7x7,4.356693
7,0,imagen.jpeg,121,batchnorm,1x960x7x7,0.047632
7,0,imagen.jpeg,122,activacion,1x960x7x7,0.15346
7,0,imagen.jpeg,123,depthwise_conv,1x960x7x7,0.43746
7,0,imagen.jpeg,124,batchnorm,1x960x7x7,0.043901
7,0,imagen.jpeg,125,activacion,1x960x7x7,0.149339
7,0,imagen.jpeg,126,pointwise_conv,1x960x7x7,4.184827
7,0,imagen.jpeg,127,batchnorm,1x160x7x7,0.00794
7,0,imagen.jpeg,128,layer_add,1x160x7x7,0.004296
7,0,imagen.jpeg,129,pointwise_conv,1x160x7x7,4.326298
7,0,imagen.jpeg,130,batchnorm,1x960x7x7,0.051012
7,0,imagen.jpeg,131,activacion,1x960x7x7,0.161771
7,0,imagen.jpeg,132,depthwise_conv,1x960x7x7,0.449301
7,0,imagen.jpeg,133,batchnorm,1x960x7x7,0.056907
7,0,imagen.jpeg,134,activacion,1x960x7x7,0.131224
7,0,imagen.jpeg,135,pointwise_conv,1x960x7x7,4.372169
7,0,imagen.jpeg,136,batchnorm,1x160x7x7,0.00785
7,0,imagen.jpeg,137,layer_add,1x160x7x7,0.004551
7,0,imagen.jpeg,138,pointwise_conv,1x160x7x7,4.324458
7,0,imagen.jpeg,139,batchnorm,1x960x7x7,0.04792
7,0,imagen.jpeg,140,activacion,1x960x7x7,0.120714
7,0,imagen.jpeg,141,depthwise_conv,1x960x7x7,0.449508
7,0,imagen.jpeg,142,batchnorm,1x960x7x7,0.049144
7,0,imagen.jpeg,143,activacion,1x960x7x7,0.092671
7,0,imagen.jpeg,144,pointwise_conv,1x960x7x7,8.196927
7,0,imagen.jpeg,145,batchnorm,1x320x7x7,0.016167
7,0,imagen.jpeg,146,pointwise_conv,1x320x7x7,11.959174
7,0,imagen.jpeg,147,batchnorm,1x1280x7x7,0.065184
7,0,imagen.jpeg,148,activacion,1x1280x7x7,0.19796
7,0,imagen.jpeg,149,pooling,1x1280x7x7,0.040046
7,0,imagen.jpeg,150,linear,1x1280,1.47515
8,0,imagen.jpeg,0,conv2d,1x3x224x224,12.919296
8,0,imagen.jpeg,1,batchnorm,1x32x112x112,0.501357
8,0,imagen.jpeg,2,activacion,1x32x112x112,0.727382
8,0,imagen.jpeg,3,depthwise_conv,1x32x112x112,4.133934
8,0,imagen.jpeg,4,batchnorm,1x32x112x112,2.393197
8,0,imagen.jpeg,5,activacion,1x32x112x112,0.776619
8,0,imagen.jpeg,6,pointwise_conv,1x32x112x112,3.693254
8,0,imagen.jpeg,7,batchnorm,1x16x112x112,0.239873
8,0,imagen.jpeg,8,pointwise_conv,1x16x112x112,12.668843
8,0,imagen.jpeg,9,batchnorm,1x96x112x112,2.260233
8,0,imagen.jpeg,10,activacion,1x96x112x112,3.490148
8,0,imagen.jpeg,11,depthwise_conv,1x96x112x112,3.529087
8,0,imagen.jpeg,12,batchnorm,1x96x56x56,0.293666
8,0,imagen.jpeg,13,activacion,1x96x56x56,1.015205
8,0,imagen.jpeg,14,pointwise_conv,1x96x56x56,4.277309
8,0,imagen.jpeg,15,batchnorm,1x24x56x56,0.068387
8,0,imagen.jpeg,16,pointwise_conv,1x24x56x56,6.87128
8,0,imagen.jpeg,17,batchnorm,1x144x56x56,0.904889
8,0,imagen.jpeg,18,activacion,1x144x56x56,1.355951
8,0,imagen.jpeg,19,depthwise_conv,1x144x56x56,4.686706
8,0,imagen.jpeg,20,batchnorm,1x144x56x56,0.906675
8,0,imagen.jpeg,21,activacion,1x144x56x56,1.677173
8,0,imagen.jpeg,22,pointwise_conv,1x144x56x56,6.372589
8,0,imagen.jpeg,23,batchnorm,1x24x56x56,0.071308
8,0,imagen.jpeg,24,layer_add,1x24x56x56,0.044284
8,0,imagen.jpeg,25,pointwise_conv,1x24x56x56,6.238281
8,0,imagen.jpeg,26,batchnorm,1x144x56x56,0.444085
8,0,imagen.jpeg,27,activacion,1x144x56x56,1.581474
8,0,imagen.jpeg,28,depthwise_conv,1x144x56x56,1.174556
8,0,imagen.jpeg,29,batchnorm,1x144x28x28,0.101426
8,0,imagen.jpeg,30,activacion,1x144x28x28,0.363793
8,0,imagen.jpeg,31,pointwise_conv,1x144x28x28,2.04225
8,0,imagen.jpeg,32,batchnorm,1x32x28x28,0.022891
8,0,imagen.jpeg,33,pointwise_conv,1x32x28x28,2.691981
8,0,imagen.jpeg,34,batchnorm,1x192x28x28,0.15279
8,0,imagen.jpeg,35,activacion,1x192x28x28,0.3796
8,0,imagen.jpeg,36,depthwise_conv,1x192x28x28,1.532076
8,0,imagen.jpeg,37,batchnorm,1x192x28x28,0.140171
8,0,imagen.jpeg,38,activacion,1x192x28x28,0.54064
8,0,imagen.jpeg,39,pointwise_conv,1x192x28x28,2.77352
8,0,imagen.jpeg,40,batchnorm,1x32x28x28,0.023745
8,0,imagen.jpeg,41,layer_add,1x32x28x28,0.014039
8,0,imagen.jpeg,42,pointwise_conv,1x32x28x28,2.858141
8,0,imagen.jpeg,43,batchnorm,1x192x28x28,0.139516
8,0,imagen.jpeg,44,activacion,1x192x28x28,0.455425
8,0,imagen.jpeg,45,depthwise_conv,1x192x28x28,1.531951
8,0,imagen.jpeg,46,batchnorm,1x192x28x28,0.140573
8,0,imagen.jpeg,47,activacion,1x192x28x28,0.526377
8,0,imagen.jpeg,48,pointwise_conv,1x192x28x28,2.749992
8,0,imagen.jpeg,49,batchnorm,1x32x28x28,0.023609
8,0,imagen.jpeg,50,layer_add,1x32x28x28,0.015184
8,0,imagen.jpeg,51,pointwise_conv,1x32x28x28,2.744936
8,0,imagen.jpeg,52,batchnorm,1x192x28x28,0.148188
8,0,imagen.jpeg,53,activacion,1x192x28x28,0.51497
8,0,imagen.jpeg,54,depthwise_conv,1x192x28x28,0.393382
8,0,imagen.jpeg,55,batchnorm,1x192x14x14,0.035178
8,0,imagen.jpeg,56,activacion,1x192x14x14,0.101312
8,0,imagen.jpeg,57,pointwise_conv,1x192x14x14,1.392465
8,0,imagen.jpeg,58,batchnorm,1x64x14x14,0.013027
8,0,imagen.jpeg,59,pointwise_conv,1x64x14x14,2.846945
8,0,imagen.jpeg,60,batchnorm,1x384x14x14,0.077237
8,0,imagen.jpeg,61,activacion,1x384x14x14,0.202049
8,0,imagen.jpeg,62,depthwise_conv,1x384x14x14,0.790949
8,0,imagen.jpeg,63,batchnorm,1x384x14x14,0.071645
8,0,imagen.jpeg,64,activacion,1x384x14x14,0.278459
8,0,imagen.jpeg,65,pointwise_conv,1x384x14x14,2.79045
8,0,imagen.jpeg,66,batchnorm,1x64x14x14,0.012944
8,0,imagen.jpeg,67,layer_add,1x64x14x14,0.007582
8,0,imagen.jpeg,68,pointwise_conv,1x64x14x14,3.073511
8,0,imagen.jpeg,69,batchnorm,1x384x14x14,0.075488
8,0,imagen.jpeg,70,activacion,1x384x14x14,0.254124
8,0,imagen.jpeg,71,depthwise_conv,1x384x14x14,0.817958
8,0,imagen.jpeg,72,batchnorm,1x384x14x14,0.111167
8,0,imagen.jpeg,73,activacion,1x384x14x14,0.266145
8,0,imagen.jpeg,74,pointwise_conv,1x384x14x14,2.855951
8,0,imagen.jpeg,75,batchnorm,1x64x14x14,0.012764
8,0,imagen.jpeg,76,layer_add,1x64x14x14,0.007236
8,0,imagen.jpeg,77,pointwise_conv,1x64x14x14,2.885089
8,0,imagen.jpeg,78,batchnorm,1x384x14x14,0.073951
8,0,imagen.jpeg,79,activacion,1x384x14x14,0.266089
8,0,imagen.jpeg,80,depthwise_conv,1x384x14x14,0.809625
8,0,imagen.jpeg,81,batchnorm,1x384x14x14,0.151975
8,0,imagen.jpeg,82,activacion,1x384x14x14,0.245402
8,0,imagen.jpeg,83,pointwise_conv,1x384x14x14,2.822844
8,0,imagen.jpeg,84,batchnorm,1x64x14x14,0.012659
8,0,imagen.jpeg,85,layer_add,1x64x14x14,0.006837
8,0,imagen.jpeg,86,pointwise_conv,1x64x14x14,2.874259
8,0,imagen.jpeg,87,batchnorm,1x384x14x14,0.072485
8,0,imagen.jpeg,88,activacion,1x384x14x14,0.284918
8,0,imagen.jpeg,89,depthwise_conv,1x384x14x14,0.812152
8,0,imagen.jpeg,90,batchnorm,1x384x14x14,0.071139
8,0,imagen.jpeg,91,activacion,1x384x14x14,0.285303
8,0,imagen.jpeg,92,pointwise_conv,1x384x14x14,4.476155
8,0,imagen.jpeg,93,batchnorm,1x96x14x14,0.02083
8,0,imagen.jpeg,94,pointwise_conv,1x96x14x14,6.661489
8,0,imagen.jpeg,95,batchnorm,1x576x14x14,0.111516
8,0,imagen.jpeg,96,activacion,1x576x14x14,0.406359
8,0,imagen.jpeg,97,depthwise_conv,1x576x14x14,1.520956
8,0,imagen.jpeg,98,batchnorm,1x576x14x14,0.252086
8,0,imagen.jpeg,99,activacion,1x576x14x14,0.429437
8,0,imagen.jpeg,100,pointwise_conv,1x576x14x14,11.242304
8,0,imagen.jpeg,101,batchnorm,1x96x14x14,0.029776
8,0,imagen.jpeg,102,layer_add,1x96x14x14,0.020624
8,0,imagen.jpeg,103,pointwise_conv,1x96x14x14,7.172575
8,0,imagen.jpeg,104,batchnorm,1x576x14x14,0.116728
8,0,imagen.jpeg,105,activacion,1x576x14x14,0.394136
8,0,imagen.jpeg,106,depthwise_conv,1x576x14x14,1.18902
8,0,imagen.jpeg,107,batchnorm,1x576x14x14,0.169225
8,0,imagen.jpeg,108,activacion,1x576x14x14,0.319285
8,0,imagen.jpeg,109,pointwise_conv,1x576x14x14,6.67361
8,0,imagen.jpeg,110,batchnorm,1x96x14x14,0.019679
8,0,imagen.jpeg,111,layer_add,1x96x14x14,0.011408
8,0,imagen.jpeg,112,pointwise_conv,1x96x14x14,6.089497
8,0,imagen.jpeg,113,batchnorm,1x576x14x14,0.108913
8,0,imagen.jpeg,114,activacion,1x576x14x14,0.333795
8,0,imagen.jpeg,115,depthwise_conv,1x576x14x14,0.274729
8,0,imagen.jpeg,116,batchnorm,1x576x7x7,0.030309
8,0,imagen.jpeg,117,activacion,1x576x7x7,0.066889
8,0,imagen.jpeg,118,pointwise_conv,1x576x7x7,2.54899
8,0,imagen.jpeg,119,batchnorm,1x160x7x7,0.007754
8,0,imagen.jpeg,120,pointwise_conv,1x160x7x7,4.687015
8,0,imagen.jpeg,121,batchnorm,1x960x7x7,0.050934
8,0,imagen.jpeg,122,activacion,1x960x7x7,0.158656
8,0,imagen.jpeg,123,depthwise_conv,1x960x7x7,0.462603
8,0,imagen.jpeg,124,batchnorm,1x960x7x7,0.045532
8,0,imagen.jpeg,125,activacion,1x960x7x7,0.14669
8,0,imagen.jpeg,126,pointwise_conv,1x960x7x7,4.360612
8,0,imagen.jpeg,127,batchnorm,1x160x7x7,0.008309
8,0,imagen.jpeg,128,layer_add,1x160x7x7,0.004463
8,0,imagen.jpeg,129,pointwise_conv,1x160x7x7,4.171331
8,0,imagen.jpeg,130,batchnorm,1x960x7x7,0.045003
8,0,imagen.jpeg,131,activacion,1x960x7x7,0.145873
8,0,imagen.jpeg,132,depthwise_conv,1x960x7x7,0.448668
8,0,imagen.jpeg,133,batchnorm,1x960x7x7,0.056839
8,0,imagen.jpeg,134,activacion,1x960x7x7,0.136228
8,0,imagen.jpeg,135,pointwise_conv,1x960x7x7,5.799288
8,0,imagen.jpeg,136,batchnorm,1x160x7x7,0.01029
8,0,imagen.jpeg,137,layer_add,1x160x7x7,0.005167
8,0,imagen.jpeg,138,pointwise_conv,1x160x7x7,4.171904
8,0,imagen.jpeg,139,batchnorm,1x960x7x7,0.046173
8,0,imagen.jpeg,140,activacion,1x960x7x7,0.117404
8,0,imagen.jpeg,141,depthwise_conv,1x960x7x7,0.463511
8,0,imagen.jpeg,142,batchnorm,1x960x7x7,0.048196
8,0,imagen.jpeg,143,activacion,1x960x7x7,0.090985
8,0,imagen.jpeg,144,pointwise_conv,1x960x7x7,8.447058
8,0,imagen.jpeg,145,batchnorm,1x320x7x7,0.016893
8,0,imagen.jpeg,146,pointwise_conv,1x320x7x7,11.050221
8,0,imagen.jpeg,147,batchnorm,1x1280x7x7,0.061837
8,0,imagen.jpeg,148,activacion,1x1280x7x7,0.196634
8,0,imagen.jpeg,149,pooling,1x1280x7x7,0.040092
8,0,imagen.jpeg,150,linear,1x1280,1.454199
9,0,imagen.jpeg,0,conv2d,1x3x224x224,12.821143
9,0,imagen.jpeg,1,batchnorm,1x32x112x112,0.45774
9,0,imagen.jpeg,2,activacion,1x32x112x112,0.696285
9,0,imagen.jpeg,3,depthwise_conv,1x32x112x112,4.066891
9,0,imagen.jpeg,4,batchnorm,1x32x112x112,2.38661
9,0,imagen.jpeg,5,activacion,1x32x112x112,0.756906
9,0,imagen.jpeg,6,pointwise_conv,1x32x112x112,3.57056
9,0,imagen.jpeg,7,batchnorm,1x16x112x112,0.181301
9,0,imagen.jpeg,8,pointwise_conv,1x16x112x112,11.927113
9,0,imagen.jpeg,9,batchnorm,1x96x112x112,2.151184
9,0,imagen.jpeg,10,activacion,1x96x112x112,3.424415
9,0,imagen.jpeg,11,depthwise_conv,1x96x112x112,3.124014
9,0,imagen.jpeg,12,batchnorm,1x96x56x56,0.296057
9,0,imagen.jpeg,13,activacion,1x96x56x56,1.05019
9,0,imagen.jpeg,14,pointwise_conv,1x96x56x56,4.571588
9,0,imagen.jpeg,15,batchnorm,1x24x56x56,0.072048
9,0,imagen.jpeg,16,pointwise_conv,1x24x56x56,6.846049
9,0,imagen.jpeg,17,batchnorm,1x144x56x56,0.914173
9,0,imagen.jpeg,18,activacion,1x144x56x56,1.371203
9,0,imagen.jpeg,19,depthwise_conv,1x144x56x56,5.353038
9,0,imagen.jpeg,20,batchnorm,1x144x56x56,0.92007
9,0,imagen.jpeg,21,activacion,1x144x56x56,1.673851
9,0,imagen.jpeg,22,pointwise_conv,1x144x56x56,6.517481
9,0,imagen.jpeg,23,batchnorm,1x24x56x56,0.070089
9,0,imagen.jpeg,24,layer_add,1x24x56x56,0.043065
9,0,imagen.jpeg,25,pointwise_conv,1x24x56x56,6.186585
9,0,imagen.jpeg,26,batchnorm,1x144x56x56,0.481839
9,0,imagen.jpeg,27,activacion,1x144x56x56,1.57357
9,0,imagen.jpeg,28,depthwise_conv,1x144x56x56,1.196284
9,0,imagen.jpeg,29,batchnorm,1x144x28x28,0.099889
9,0,imagen.jpeg,30,activacion,1x144x28x28,0.352816
9,0,imagen.jpeg,31,pointwise_conv,1x144x28x28,2.021395
9,0,imagen.jpeg,32,batchnorm,1x32x28x28,0.022164
9,0,imagen.jpeg,33,pointwise_conv,1x32x28x28,2.803818
9,0,imagen.jpeg,34,batchnorm,1x192x28x28,0.142999
9,0,imagen.jpeg,35,activacion,1x192x28x28,0.39619
9,0,imagen.jpeg,36,depthwise_conv,1x192x28x28,1.522162
9,0,imagen.jpeg,37,batchnorm,1x192x28x28,0.136141
9,0,imagen.jpeg,38,activacion,1x192x28x28,0.553195
9,0,imagen.jpeg,39,pointwise_conv,1x192x28x28,2.720667
9,0,imagen.jpeg,40,batchnorm,1x32x28x28,0.022781
9,0,imagen.jpeg,41,layer_add,1x32x28x28,0.013791
9,0,imagen.jpeg,42,pointwise_conv,1x32x28x28,3.008065
9,0,imagen.jpeg,43,batchnorm,1x192x28x28,0.142968
9,0,imagen.jpeg,44,activacion,1x192x28x28,0.459379
9,0,imagen.jpeg,45,depthwise_conv,1x192x28x28,1.52539
9,0,imagen.jpeg,46,batchnorm,1x192x28x28,0.132956
9,0,imagen.jpeg,47,activacion,1x192x28x28,0.580112
9,0,imagen.jpeg,48,pointwise_conv,1x192x28x28,2.695328
9,0,imagen.jpeg,49,batchnorm,1x32x28x28,0.021346
9,0,imagen.jpeg,50,layer_add,1x32x28x28,0.013734
9,0,imagen.jpeg,51,pointwise_conv,1x32x28x28,2.691472
9,0,imagen.jpeg,52,batchnorm,1x192x28x28,0.141521
9,0,imagen.jpeg,53,activacion,1x192x28x28,0.48289
9,0,imagen.jpeg,54,depthwise_conv,1x192x28x28,0.389432
9,0,imagen.jpeg,55,batchnorm,1x192x14x14,0.061403
9,0,imagen.jpeg,56,activacion,1x192x14x14,0.099316
9,0,imagen.jpeg,57,pointwise_conv,1x192x14x14,1.373718
9,0,imagen.jpeg,58,batchnorm,1x64x14x14,0.012756
9,0,imagen.jpeg,59,pointwise_conv,1x64x14x14,2.712186
9,0,imagen.jpeg,60,batchnorm,1x384x14x14,0.095922
9,0,imagen.jpeg,61,activacion,1x384x14x14,0.194112
9,0,imagen.jpeg,62,depthwise_conv,1x384x14x14,0.797717
9,0,imagen.jpeg,63,batchnorm,1x384x14x14,0.073522
9,0,imagen.jpeg,64,activacion,1x384x14x14,0.273631
9,0,imagen.jpeg,65,pointwise_conv,1x384x14x14,2.697008
9,0,imagen.jpeg,66,batchnorm,1x64x14x14,0.011505
9,0,imagen.jpeg,67,layer_add,1x64x14x14,0.007233
9,0,imagen.jpeg,68,pointwise_conv,1x64x14x14,3.007816
9,0,imagen.jpeg,69,batchnorm,1x384x14x14,0.07517
9,0,imagen.jpeg,70,activacion,1x384x14x14,0.248388
9,0,imagen.jpeg,71,depthwise_conv,1x384x14x14,0.793757
9,0,imagen.jpeg,72,batchnorm,1x384x14x14,0.101087
9,0,imagen.jpeg,73,activacion,1x384x14x14,0.267414
9,0,imagen.jpeg,74,pointwise_conv,1x384x14x14,2.753867
9,0,imagen.jpeg,75,batchnorm,1x64x14x14,0.011672
9,0,imagen.jpeg,76,layer_add,1x64x14x14,0.006903
9,0,imagen.jpeg,77,pointwise_conv,1x64x14x14,2.722823
9,0,imagen.jpeg,78,batchnorm,1x384x14x14,0.068521
9,0,imagen.jpeg,79,activacion,1x384x14x14,0.252375
9,0,imagen.jpeg,80,depthwise_conv,1x384x14x14,0.775197
9,0,imagen.jpeg,81,batchnorm,1x384x14x14,0.143926
9,0,imagen.jpeg,82,activacion,1x384x14x14,0.231391
9,0,imagen.jpeg,83,pointwise_conv,1x384x14x14,2.873437
9,0,imagen.jpeg,84,batchnorm,1x64x14x14,0.012824
9,0,imagen.jpeg,85,layer_add,1x64x14x14,0.010522
9,0,imagen.jpeg,86,pointwise_conv,1x64x14x14,2.787807
9,0,imagen.jpeg,87,batchnorm,1x384x14x14,0.076469
9,0,imagen.jpeg,88,activacion,1x384x14x14,0.27201
9,0,imagen.jpeg,89,depthwise_conv,1x384x14x14,0.767314
9,0,imagen.jpeg,90,batchnorm,1x384x14x14,0.068943
9,0,imagen.jpeg,91,activacion,1x384x14x14,0.24525
9,0,imagen.jpeg,92,pointwise_conv,1x384x14x14,4.064329
9,0,imagen.jpeg,93,batchnorm,1x96x14x14,0.017422
9,0,imagen.jpeg,94,pointwise_conv,1x96x14x14,6.105735
9,0,imagen.jpeg,95,batchnorm,1x576x14x14,0.123807
9,0,imagen.jpeg,96,activacion,1x576x14x14,0.427896
9,0,imagen.jpeg,97,depthwise_conv,1x576x14x14,1.267412
9,0,imagen.jpeg,98,batchnorm,1x576x14x14,0.19374
9,0,imagen.jpeg,99,activacion,1x576x14x14,0.345316
9,0,imagen.jpeg,100,pointwise_conv,1x576x14x14,8.550457
9,0,imagen.jpeg,101,batchnorm,1x96x14x14,0.018445
9,0,imagen.jpeg,102,layer_add,1x96x14x14,0.014244
9,0,imagen.jpeg,103,pointwise_conv,1x96x14x14,6.201654
9,0,imagen.jpeg,104,batchnorm,1x576x14x14,0.149129
9,0,imagen.jpeg,105,activacion,1x576x14x14,0.382537
9,0,imagen.jpeg,106,depthwise_conv,1x576x14x14,1.190621
9,0,imagen.jpeg,107,batchnorm,1x576x14x14,0.179133
9,0,imagen.jpeg,108,activacion,1x576x14x14,0.310663
9,0,imagen.jpeg,109,pointwise_conv,1x576x14x14,6.327549
9,0,imagen.jpeg,110,batchnorm,1x96x14x14,0.021893
9,0,imagen.jpeg,111,layer_add,1x96x14x14,0.01296
9,0,imagen.jpeg,112,pointwise_conv,1x96x14x14,6.341194
9,0,imagen.jpeg,113,batchnorm,1x576x14x14,0.110633
9,0,imagen.jpeg,114,activacion,1x576x14x14,0.353896
9,0,imagen.jpeg,115,depthwise_conv,1x576x14x14,0.298167
9,0,imagen.jpeg,116,batchnorm,1x576x7x7,0.031965
9,0,imagen.jpeg,117,activacion,1x576x7x7,0.068174
9,0,imagen.jpeg,118,pointwise_conv,1x576x7x7,2.517707
9,0,imagen.jpeg,119,batchnorm,1x160x7x7,0.007728
9,0,imagen.jpeg,120,pointwise_conv,1x160x7x7,4.273129
9,0,imagen.jpeg,121,batchnorm,1x960x7x7,0.046408
9,0,imagen.jpeg,122,activacion,1x960x7x7,0.154346
9,0,imagen.jpeg,123,depthwise_conv,1x960x7x7,0.45709
9,0,imagen.jpeg,124,batchnorm,1x960x7x7,0.045038
9,0,imagen.jpeg,125,activacion,1x960x7x7,0.147879
9,0,imagen.jpeg,126,pointwise_conv,1x960x7x7,4.263585
9,0,imagen.jpeg,127,batchnorm,1x160x7x7,0.014191
9,0,imagen.jpeg,128,layer_add,1x160x7x7,0.006888
9,0,imagen.jpeg,129,pointwise_conv,1x160x7x7,5.684684
9,0,imagen.jpeg,130,batchnorm,1x960x7x7,0.054636
9,0,imagen.jpeg,131,activacion,1x960x7x7,0.149894
9,0,imagen.jpeg,132,depthwise_conv,1x960x7x7,0.44631
9,0,imagen.jpeg,133,batchnorm,1x960x7x7,0.056885
9,0,imagen.jpeg,134,activacion,1x960x7x7,0.13157
9,0,imagen.jpeg,135,pointwise_conv,1x960x7x7,4.304271
9,0,imagen.jpeg,136,batchnorm,1x160x7x7,0.007977
9,0,imagen.jpeg,137,layer_add,1x160x7x7,0.004779
9,0,imagen.jpeg,138,pointwise_conv,1x160x7x7,4.209559
9,0,imagen.jpeg,139,batchnorm,1x960x7x7,0.048001
9,0,imagen.jpeg,140,activacion,1x960x7x7,0.11784
9,0,imagen.jpeg,141,depthwise_conv,1x960x7x7,0.456833
9,0,imagen.jpeg,142,batchnorm,1x960x7x7,0.0491
9,0,imagen.jpeg,143,activacion,1x960x7x7,0.093233
9,0,imagen.jpeg,144,pointwise_conv,1x960x7x7,8.561794
9,0,imagen.jpeg,145,batchnorm,1x320x7x7,0.016761
9,0,imagen.jpeg,146,pointwise_conv,1x320x7x7,11.32542
9,0,imagen.jpeg,147,batchnorm,1x1280x7x7,0.067034
9,0,imagen.jpeg,148,activacion,1x1280x7x7,0.191781
9,0,imagen.jpeg,149,pooling,1x1280x7x7,0.042233
9,0,imagen.jpeg,150,linear,1x1280,1.547762
10,0,imagen.jpeg,0,conv2d,1x3x224x224,15.267822
10,0,imagen.jpeg,1,batchnorm,1x32x112x112,0.467063
10,0,imagen.jpeg,2,activacion,1x32x112x112,0.683234
10,0,imagen.jpeg,3,depthwise_conv,1x32x112x112,4.077387
10,0,imagen.jpeg,4,batchnorm,1x32x112x112,2.408531
10,0,imagen.jpeg,5,activacion,1x32x112x112,0.776996
10,0,imagen.jpeg,6,pointwise_conv,1x32x112x112,3.866659
10,0,imagen.jpeg,7,batchnorm,1x16x112x112,0.197042
10,0,imagen.jpeg,8,pointwise_conv,1x16x112x112,14.188612
10,0,imagen.jpeg,9,batchnorm,1x96x112x112,2.661289
10,0,imagen.jpeg,10,activacion,1x96x112x112,3.8832
10,0,imagen.jpeg,11,depthwise_conv,1x96x112x112,3.328121
10,0,imagen.jpeg,12,batchnorm,1x96x56x56,0.282955
10,0,imagen.jpeg,13,activacion,1x96x56x56,1.071173
10,0,imagen.jpeg,14,pointwise_conv,1x96x56x56,4.099617
10,0,imagen.jpeg,15,batchnorm,1x24x56x56,0.074292
10,0,imagen.jpeg,16,pointwise_conv,1x24x56x56,7.018985
10,0,imagen.jpeg,17,batchnorm,1x144x56x56,0.907005
10,0,imagen.jpeg,18,activacion,1x144x56x56,1.312485
10,0,imagen.jpeg,19,depthwise_conv,1x144x56x56,4.641252
10,0,imagen.jpeg,20,batchnorm,1x144x56x56,0.901471
10,0,imagen.jpeg,21,activacion,1x144x56x56,1.669906
10,0,imagen.jpeg,22,pointwise_conv,1x144x56x56,6.1992
10,0,imagen.jpeg,23,batchnorm,1x24x56x56,0.069102
10,0,imagen.jpeg,24,layer_add,1x24x56x56,0.042665
10,0,imagen.jpeg,25,pointwise_conv,1x24x56x56,6.341674
10,0,imagen.jpeg,26,batchnorm,1x144x56x56,0.511647
10,0,imagen.jpeg,27,activacion,1x144x56x56,1.612759
10,0,imagen.jpeg,28,depthwise_conv,1x144x56x56,1.201555
10,0,imagen.jpeg,29,batchnorm,1x144x28x28,0.131898
10,0,imagen.jpeg,30,activacion,1x144x28x28,0.389211
10,0,imagen.jpeg,31,pointwise_conv,1x144x28x28,2.12955
10,0,imagen.jpeg,32,batchnorm,1x32x28x28,0.02329
10,0,imagen.jpeg,33,pointwise_conv,1x32x28x28,2.790775
10,0,imagen.jpeg,34,batchnorm,1x192x28x28,0.139288
10,0,imagen.jpeg,35,activacion,1x192x28x28,0.379851
10,0,imagen.jpeg,36,depthwise_conv,1x192x28x28,1.540212
10,0,imagen.jpeg,37,batchnorm,1x192x28x28,0.133182
10,0,imagen.jpeg,38,activacion,1x192x28x28,0.554098
10,0,imagen.jpeg,39,pointwise_conv,1x192x28x28,2.707714
10,0,imagen.jpeg,40,batchnorm,1x32x28x28,0.022351
10,0,imagen.jpeg,41,layer_add,1x32x28x28,0.01514
10,0,imagen.jpeg,42,pointwise_conv,1x32x28x28,2.786131
10,0,imagen.jpeg,43,batchnorm,1x192x28x28,0.142222
10,0,imagen.jpeg,44,activacion,1x192x28x28,0.441914
10,0,imagen.jpeg,45,depthwise_conv,1x192x28x28,1.493662
10,0,imagen.jpeg,46,batchnorm,1x192x28x28,0.148787
10,0,imagen.jpeg,47,activacion,1x192x28x28,0.501058
10,0,imagen.jpeg,48,pointwise_conv,1x192x28x28,2.763531
10,0,imagen.jpeg,49,batchnorm,1x32x28x28,0.024371
10,0,imagen.jpeg,50,layer_add,1x32x28x28,0.015338
10,0,imagen.jpeg,51,pointwise_conv,1x32x28x28,2.846569
10,0,imagen.jpeg,52,batchnorm,1x192x28x28,0.139144
10,0,imagen.jpeg,53,activacion,1x192x28x28,0.513927
10,0,imagen.jpeg,54,depthwise_conv,1x192x28x28,0.392477
10,0,imagen.jpeg,55,batchnorm,1x192x14x14,0.035664
10,0,imagen.jpeg,56,activacion,1x192x14x14,0.101985
10,0,imagen.jpeg,57,pointwise_conv,1x192x14x14,1.374623
10,0,imagen.jpeg,58,batchnorm,1x64x14x14,0.011667
10,0,imagen.jpeg,59,pointwise_conv,1x64x14x14,2.729962
10,0,imagen.jpeg,60,batchnorm,1x384x14x14,0.100879
10,0,imagen.jpeg,61,activacion,1x384x14x14,0.204036
10,0,imagen.jpeg,62,depthwise_conv,1x384x14x14,0.805088
10,0,imagen.jpeg,63,batchnorm,1x384x14x14,0.080075
10,0,imagen.jpeg,64,activacion,1x384x14x14,0.294738
10,0,imagen.jpeg,65,pointwise_conv,1x384x14x14,2.8962
10,0,imagen.jpeg,66,batchnorm,1x64x14x14,0.01306
10,0,imagen.jpeg,67,layer_add,1x64x14x14,0.007737
10,0,imagen.jpeg,68,pointwise_conv,1x64x14x14,2.817195
10,0,imagen.jpeg,69,batchnorm,1x384x14x14,0.071644
10,0,imagen.jpeg,70,activacion,1x384x14x14,0.257673
10,0,imagen.jpeg,71,depthwise_conv,1x384x14x14,0.791336
10,0,imagen.jpeg,72,batchnorm,1x384x14x14,0.101604
10,0,imagen.jpeg,73,activacion,1x384x14x14,0.257507
10,0,imagen.jpeg,74,pointwise_conv,1x384x14x14,2.72359
10,0,imagen.jpeg,75,batchnorm,1x64x14x14,0.011464
10,0,imagen.jpeg,76,layer_add,1x64x14x14,0.006371
10,0,imagen.jpeg,77,pointwise_conv,1x64x14x14,2.710382
10,0,imagen.jpeg,78,batchnorm,1x384x14x14,0.067216
10,0,imagen.jpeg,79,activacion,1x384x14x14,0.252526
10,0,imagen.jpeg,80,depthwise_conv,1x384x14x14,0.811893
10,0,imagen.jpeg,81,batchnorm,1x384x14x14,0.144294
10,0,imagen.jpeg,82,activacion,1x384x14x14,0.232681
10,0,imagen.jpeg,83,pointwise_conv,1x384x14x14,3.846112
10,0,imagen.jpeg,84,batchnorm,1x64x14x14,0.020351
10,0,imagen.jpeg,85,layer_add,1x64x14x14,0.01284
10,0,imagen.jpeg,86,pointwise_conv,1x64x14x14,3.995474
10,0,imagen.jpeg,87,batchnorm,1x384x14x14,0.076062
10,0,imagen.jpeg,88,activacion,1x384x14x14,0.312385
10,0,imagen.jpeg,89,depthwise_conv,1x384x14x14,0.881162
10,0,imagen.jpeg,90,batchnorm,1x384x14x14,0.072308
10,0,imagen.jpeg,91,activacion,1x384x14x14,0.252589
10,0,imagen.jpeg,92,pointwise_conv,1x384x14x14,4.545362
10,0,imagen.jpeg,93,batchnorm,1x96x14x14,0.019105
10,0,imagen.jpeg,94,pointwise_conv,1x96x14x14,6.928828
10,0,imagen.jpeg,95,batchnorm,1x576x14x14,0.118522
10,0,imagen.jpeg,96,activacion,1x576x14x14,0.426068
10,0,imagen.jpeg,97,depthwise_conv,1x576x14x14,1.627924
10,0,imagen.jpeg,98,batchnorm,1x576x14x14,0.232739
10,0,imagen.jpeg,99,activacion,1x576x14x14,0.395664
10,0,imagen.jpeg,100,pointwise_conv,1x576x14x14,6.859576
10,0,imagen.jpeg,101,batchnorm,1x96x14x14,0.019965
10,0,imagen.jpeg,102,layer_add,1x96x14x14,0.014418
10,0,imagen.jpeg,103,pointwise_conv,1x96x14x14,6.928514
10,0,imagen.jpeg,104,batchnorm,1x576x14x14,0.156337
10,0,imagen.jpeg,105,activacion,1x576x14x14,0.477977
10,0,imagen.jpeg,106,depthwise_conv,1x576x14x14,1.284184
10,0,imagen.jpeg,107,batchnorm,1x576x14x14,0.18123
10,0,imagen.jpeg,108,activacion,1x576x14x14,0.341619
10,0,imagen.jpeg,109,pointwise_conv,1x576x14x14,6.676578
10,0,imagen.jpeg,110,batchnorm,1x96x14x14,0.019824
10,0,imagen.jpeg,111,layer_add,1x96x14x14,0.011017
10,0,imagen.jpeg,112,pointwise_conv,1x96x14x14,7.00638
10,0,imagen.jpeg,113,batchnorm,1x576x14x14,0.242178
10,0,imagen.jpeg,114,activacion,1x576x14x14,0.362863
10,0,imagen.jpeg,115,depthwise_conv,1x576x14x14,0.310687
10,0,imagen.jpeg,116,batchnorm,1x576x7x7,0.033398
10,0,imagen.jpeg,117,activacion,1x576x7x7,0.072741
10,0,imagen.jpeg,118,pointwise_conv,1x576x7x7,2.711672
10,0,imagen.jpeg,119,batchnorm,1x160x7x7,0.008799
10,0,imagen.jpeg,120,pointwise_conv,1x160x7x7,4.642941
10,0,imagen.jpeg,121,batchnorm,1x960x7x7,0.058146
10,0,imagen.jpeg,122,activacion,1x960x7x7,0.167571
10,0,imagen.jpeg,123,depthwise_conv,1x960x7x7,0.472073
10,0,imagen.jpeg,124,batchnorm,1x960x7x7,0.04798
10,0,imagen.jpeg,125,activacion,1x960x7x7,0.161989
10,0,imagen.jpeg,126,pointwise_conv,1x960x7x7,4.689243
10,0,imagen.jpeg,127,batchnorm,1x160x7x7,0.00843
10,0,imagen.jpeg,128,layer_add,1x160x7x7,0.004574
10,0,imagen.jpeg,129,pointwise_conv,1x160x7x7,4.440508
10,0,imagen.jpeg,130,batchnorm,1x960x7x7,0.048627
10,0,imagen.jpeg,131,activacion,1x960x7x7,0.149442
10,0,imagen.jpeg,132,depthwise_conv,1x960x7x7,0.520104
10,0,imagen.jpeg,133,batchnorm,1x960x7x7,0.061123
10,0,imagen.jpeg,134,activacion,1x960x7x7,0.136418
10,0,imagen.jpeg,135,pointwise_conv,1x960x7x7,4.320581
10,0,imagen.jpeg,136,batchnorm,1x160x7x7,0.008228
10,0,imagen.jpeg,137,layer_add,1x160x7x7,0.004438
10,0,imagen.jpeg,138,pointwise_conv,1x160x7x7,4.31939
10,0,imagen.jpeg,139,batchnorm,1x960x7x7,0.047042
10,0,imagen.jpeg,140,activacion,1x960x7x7,0.120857
10,0,imagen.jpeg,141,depthwise_conv,1x960x7x7,0.567107
10,0,imagen.jpeg,142,batchnorm,1x960x7x7,0.054773
10,0,imagen.jpeg,143,activacion,1x960x7x7,0.123578
10,0,imagen.jpeg,144,pointwise_conv,1x960x7x7,8.705992
10,0,imagen.jpeg,145,batchnorm,1x320x7x7,0.016329
10,0,imagen.jpeg,146,pointwise_conv,1x320x7x7,12.280493
10,0,imagen.jpeg,147,batchnorm,1x1280x7x7,0.065589
10,0,imagen.jpeg,148,activacion,1x1280x7x7,0.19285
10,0,imagen.jpeg,149,pooling,1x1280x7x7,0.05153
10,0,imagen.jpeg,150,linear,1x1280,1.456625
11,0,imagen.jpeg,0,conv2d,1x3x224x224,14.379692
11,0,imagen.jpeg,1,batchnorm,1x32x112x112,0.432593
11,0,imagen.jpeg,2,activacion,1x32x112x112,0.705011
11,0,imagen.jpeg,3,depthwise_conv,1x32x112x112,4.321438
11,0,imagen.jpeg,4,batchnorm,1x32x112x112,2.525857
11,0,imagen.jpeg,5,activacion,1x32x112x112,0.798379
11,0,imagen.jpeg,6,pointwise_conv,1x32x112x112,4.016319
11,0,imagen.jpeg,7,batchnorm,1x16x112x112,0.209801
11,0,imagen.jpeg,8,pointwise_conv,1x16x112x112,12.926964
11,0,imagen.jpeg,9,batchnorm,1x96x112x112,2.411037
11,0,imagen.jpeg,10,activacion,1x96x112x112,3.600232
11,0,imagen.jpeg,11,depthwise_conv,1x96x112x112,3.286543
11,0,imagen.jpeg,12,batchnorm,1x96x56x56,0.292795
11,0,imagen.jpeg,13,activacion,1x96x56x56,1.063969
11,0,imagen.jpeg,14,pointwise_conv,1x96x56x56,4.483884
11,0,imagen.jpeg,15,batchnorm,1x24x56x56,0.072105
11,0,imagen.jpeg,16,pointwise_conv,1x24x56x56,7.565965
11,0,imagen.jpeg,17,batchnorm,1x144x56x56,0.942189
11,0,imagen.jpeg,18,activacion,1x144x56x56,1.351752
11,0,imagen.jpeg,19,depthwise_conv,1x144x56x56,5.004896
11,0,imagen.jpeg,20,batchnorm,1x144x56x56,1.010548
11,0,imagen.jpeg,21,activacion,1x144x56x56,1.804066
11,0,imagen.jpeg,22,pointwise_conv,1x144x56x56,6.596109
11,0,imagen.jpeg,23,batchnorm,1x24x56x56,0.074369
11,0,imagen.jpeg,24,layer_add,1x24x56x56,0.060954
11,0,imagen.jpeg,25,pointwise_conv,1x24x56x56,6.549464
11,0,imagen.jpeg,26,batchnorm,1x144x56x56,0.475611
11,0,imagen.jpeg,27,activacion,1x144x56x56,1.664523
11,0,imagen.jpeg,28,depthwise_conv,1x144x56x56,1.277765
11,0,imagen.jpeg,29,batchnorm,1x144x28x28,0.111679
11,0,imagen.jpeg,30,activacion,1x144x28x28,0.382494
11,0,imagen.jpeg,31,pointwise_conv,1x144x28x28,2.153605
11,0,imagen.jpeg,32,batchnorm,1x32x28x28,0.024508
11,0,imagen.jpeg,33,pointwise_conv,1x32x28x28,2.841972
11,0,imagen.jpeg,34,batchnorm,1x192x28x28,0.149185
11,0,imagen.jpeg,35,activacion,1x192x28x28,0.399402
11,0,imagen.jpeg,36,depthwise_conv,1x192x28x28,1.92491
11,0,imagen.jpeg,37,batchnorm,1x192x28x28,0.217214
11,0,imagen.jpeg,38,activacion,1x192x28x28,0.603563
11,0,imagen.jpeg,39,pointwise_conv,1x192x28x28,2.971833
11,0,imagen.jpeg,40,batchnorm,1x32x28x28,0.025912
11,0,imagen.jpeg,41,layer_add,1x32x28x28,0.016241
11,0,imagen.jpeg,42,pointwise_conv,1x32x28x28,3.52376
11,0,imagen.jpeg,43,batchnorm,1x192x28x28,0.160137
11,0,imagen.jpeg,44,activacion,1x192x28x28,0.51629
11,0,imagen.jpeg,45,depthwise_conv,1x192x28x28,1.595747
11,0,imagen.jpeg,46,batchnorm,1x192x28x28,0.145793
11,0,imagen.jpeg,47,activacion,1x192x28x28,0.57469
11,0,imagen.jpeg,48,pointwise_conv,1x192x28x28,2.847477
11,0,imagen.jpeg,49,batchnorm,1x32x28x28,0.024336
11,0,imagen.jpeg,50,layer_add,1x32x28x28,0.015751
11,0,imagen.jpeg,51,pointwise_conv,1x32x28x28,2.86748
11,0,imagen.jpeg,52,batchnorm,1x192x28x28,0.147717
11,0,imagen.jpeg,53,activacion,1x192x28x28,0.541144
11,0,imagen.jpeg,54,depthwise_conv,1x192x28x28,0.40444
11,0,imagen.jpeg,55,batchnorm,1x192x14x14,0.036252
11,0,imagen.jpeg,56,activacion,1x192x14x14,0.103796
11,0,imagen.jpeg,57,pointwise_conv,1x192x14x14,1.66519
11,0,imagen.jpeg,58,batchnorm,1x64x14x14,0.01533
11,0,imagen.jpeg,59,pointwise_conv,1x64x14x14,4.094795
11,0,imagen.jpeg,60,batchnorm,1x384x14x14,0.086858
11,0,imagen.jpeg,61,activacion,1x384x14x14,0.242388
11,0,imagen.jpeg,62,depthwise_conv,1x384x14x14,0.839197
11,0,imagen.jpeg,63,batchnorm,1x384x14x14,0.088254
11,0,imagen.jpeg,64,activacion,1x384x14x14,0.285305
11,0,imagen.jpeg,65,pointwise_conv,1x384x14x14,2.952588
11,0,imagen.jpeg,66,batchnorm,1x64x14x14,0.012723
11,0,imagen.jpeg,67,layer_add,1x64x14x14,0.007212
11,0,imagen.jpeg,68,pointwise_conv,1x64x14x14,2.955725
11,0,imagen.jpeg,69,batchnorm,1x384x14x14,0.07508
11,0,imagen.jpeg,70,activacion,1x384x14x14,0.256033
11,0,imagen.jpeg,71,depthwise_conv,1x384x14x14,0.844416
11,0,imagen.jpeg,72,batchnorm,1x384x14x14,0.112531
11,0,imagen.jpeg,73,activacion,1x384x14x14,0.310311
11,0,imagen.jpeg,74,pointwise_conv,1x384x14x14,3.021742
11,0,imagen.jpeg,75,batchnorm,1x64x14x14,0.019813
11,0,imagen.jpeg,76,layer_add,1x64x14x14,0.01477
11,0,imagen.jpeg,77,pointwise_conv,1x64x14x14,3.188073
11,0,imagen.jpeg,78,batchnorm,1x384x14x14,0.086108
11,0,imagen.jpeg,79,activacion,1x384x14x14,0.286415
11,0,imagen.jpeg,80,depthwise_conv,1x384x14x14,0.858008
11,0,imagen.jpeg,81,batchnorm,1x384x14x14,0.157797
11,0,imagen.jpeg,82,activacion,1x384x14x14,0.250324
11,0,imagen.jpeg,83,pointwise_conv,1x384x14x14,2.904117
11,0,imagen.jpeg,84,batchnorm,1x64x14x14,0.012127
11,0,imagen.jpeg,85,layer_add,1x64x14x14,0.007117
11,0,imagen.jpeg,86,pointwise_conv,1x64x14x14,2.892414
11,0,imagen.jpeg,87,batchnorm,1x384x14x14,0.073028
11,0,imagen.jpeg,88,activacion,1x384x14x14,0.269726
11,0,imagen.jpeg,89,depthwise_conv,1x384x14x14,0.815745
11,0,imagen.jpeg,90,batchnorm,1x384x14x14,0.072663
11,0,imagen.jpeg,91,activacion,1x384x14x14,0.260381
11,0,imagen.jpeg,92,pointwise_conv,1x384x14x14,4.447075
11,0,imagen.jpeg,93,batchnorm,1x96x14x14,0.018343
11,0,imagen.jpeg,94,pointwise_conv,1x96x14x14,7.03302
11,0,imagen.jpeg,95,batchnorm,1x576x14x14,0.122523
11,0,imagen.jpeg,96,activacion,1x576x14x14,0.418453
11,0,imagen.jpeg,97,depthwise_conv,1x576x14x14,1.24745
11,0,imagen.jpeg,98,batchnorm,1x576x14x14,0.198122
11,0,imagen.jpeg,99,activacion,1x576x14x14,0.36985
11,0,imagen.jpeg,100,pointwise_conv,1x576x14x14,6.531567
11,0,imagen.jpeg,101,batchnorm,1x96x14x14,0.020295
11,0,imagen.jpeg,102,layer_add,1x96x14x14,0.015187
11,0,imagen.jpeg,103,pointwise_conv,1x96x14x14,6.823646
11,0,imagen.jpeg,104,batchnorm,1x576x14x14,0.123118
11,0,imagen.jpeg,105,activacion,1x576x14x14,0.408174
11,0,imagen.jpeg,106,depthwise_conv,1x576x14x14,1.224536
11,0,imagen.jpeg,107,batchnorm,1x576x14x14,0.175197
11,0,imagen.jpeg,108,activacion,1x576x14x14,0.335579
11,0,imagen.jpeg,109,pointwise_conv,1x576x14x14,6.560035
11,0,imagen.jpeg,110,batchnorm,1x96x14x14,0.020904
11,0,imagen.jpeg,111,layer_add,1x96x14x14,0.012
11,0,imagen.jpeg,112,pointwise_conv,1x96x14x14,6.802065
11,0,imagen.jpeg,113,batchnorm,1x576x14x14,0.123726
11,0,imagen.jpeg,114,activacion,1x576x14x14,0.35171
11,0,imagen.jpeg,115,depthwise_conv,1x576x14x14,0.302473
11,0,imagen.jpeg,116,batchnorm,1x576x7x7,0.0333
11,0,imagen.jpeg,117,activacion,1x576x7x7,0.082495
11,0,imagen.jpeg,118,pointwise_conv,1x576x7x7,2.651215
11,0,imagen.jpeg,119,batchnorm,1x160x7x7,0.008846
11,0,imagen.jpeg,120,pointwise_conv,1x160x7x7,4.427306
11,0,imagen.jpeg,121,batchnorm,1x960x7x7,0.049979
11,0,imagen.jpeg,122,activacion,1x960x7x7,0.161818
11,0,imagen.jpeg,123,depthwise_conv,1x960x7x7,0.463285
11,0,imagen.jpeg,124,batchnorm,1x960x7x7,0.06192
11,0,imagen.jpeg,125,activacion,1x960x7x7,0.149976
11,0,imagen.jpeg,126,pointwise_conv,1x960x7x7,4.740527
11,0,imagen.jpeg,127,batchnorm,1x160x7x7,0.008979
11,0,imagen.jpeg,128,layer_add,1x160x7x7,0.005084
11,0,imagen.jpeg,129,pointwise_conv,1x160x7x7,4.217575
11,0,imagen.jpeg,130,batchnorm,1x960x7x7,0.045628
11,0,imagen.jpeg,131,activacion,1x960x7x7,0.146923
11,0,imagen.jpeg,132,depthwise_conv,1x960x7x7,0.452961
11,0,imagen.jpeg,133,batchnorm,1x960x7x7,0.056948
11,0,imagen.jpeg,134,activacion,1x960x7x7,0.132355
11,0,imagen.jpeg,135,pointwise_conv,1x960x7x7,4.19266
11,0,imagen.jpeg,136,batchnorm,1x160x7x7,0.007802
11,0,imagen.jpeg,137,layer_add,1x160x7x7,0.004673
11,0,imagen.jpeg,138,pointwise_conv,1x160x7x7,4.161644
11,0,imagen.jpeg,139,batchnorm,1x960x7x7,0.046264
11,0,imagen.jpeg,140,activacion,1x960x7x7,0.11829
11,0,imagen.jpeg,141,depthwise_conv,1x960x7x7,0.436681
11,0,imagen.jpeg,142,batchnorm,1x960x7x7,0.048386
11,0,imagen.jpeg,143,activacion,1x960x7x7,0.090714
11,0,imagen.jpeg,144,pointwise_conv,1x960x7x7,8.331413
11,0,imagen.jpeg,145,batchnorm,1x320x7x7,0.016063
11,0,imagen.jpeg,146,pointwise_conv,1x320x7x7,11.067623
11,0,imagen.jpeg,147,batchnorm,1x1280x7x7,0.065651
11,0,imagen.jpeg,148,activacion,1x1280x7x7,0.185851
11,0,imagen.jpeg,149,pooling,1x1280x7x7,0.039237
11,0,imagen.jpeg,150,linear,1x1280,1.458548
12,0,imagen.jpeg,0,conv2d,1x3x224x224,13.043166
12,0,imagen.jpeg,1,batchnorm,1x32x112x112,0.420965
12,0,imagen.jpeg,2,activacion,1x32x112x112,0.659922
12,0,imagen.jpeg,3,depthwise_conv,1x32x112x112,3.995659
12,0,imagen.jpeg,4,batchnorm,1x32x112x112,2.373779
12,0,imagen.jpeg,5,activacion,1x32x112x112,0.743048
12,0,imagen.jpeg,6,pointwise_conv,1x32x112x112,4.103385
12,0,imagen.jpeg,7,batchnorm,1x16x112x112,0.193383
12,0,imagen.jpeg,8,pointwise_conv,1x16x112x112,12.363207
12,0,imagen.jpeg,9,batchnorm,1x96x112x112,2.408629
12,0,imagen.jpeg,10,activacion,1x96x112x112,3.819249
12,0,imagen.jpeg,11,depthwise_conv,1x96x112x112,3.283885
12,0,imagen.jpeg,12,batchnorm,1x96x56x56,0.297876
12,0,imagen.jpeg,13,activacion,1x96x56x56,1.076868
12,0,imagen.jpeg,14,pointwise_conv,1x96x56x56,4.822632
12,0,imagen.jpeg,15,batchnorm,1x24x56x56,0.087901
12,0,imagen.jpeg,16,pointwise_conv,1x24x56x56,7.783397
12,0,imagen.jpeg,17,batchnorm,1x144x56x56,0.992475
12,0,imagen.jpeg,18,activacion,1x144x56x56,1.401746
12,0,imagen.jpeg,19,depthwise_conv,1x144x56x56,5.014591
12,0,imagen.jpeg,20,batchnorm,1x144x56x56,1.020283
12,0,imagen.jpeg,21,activacion,1x144x56x56,1.822284
12,0,imagen.jpeg,22,pointwise_conv,1x144x56x56,6.800206
12,0,imagen.jpeg,23,batchnorm,1x24x56x56,0.073241
12,0,imagen.jpeg,24,layer_add,1x24x56x56,0.044781
12,0,imagen.jpeg,25,pointwise_conv,1x24x56x56,7.891951
12,0,imagen.jpeg,26,batchnorm,1x144x56x56,0.649157
12,0,imagen.jpeg,27,activacion,1x144x56x56,1.688901
12,0,imagen.jpeg,28,depthwise_conv,1x144x56x56,1.234503
12,0,imagen.jpeg,29,batchnorm,1x144x28x28,0.10638
12,0,imagen.jpeg,30,activacion,1x144x28x28,0.375431
12,0,imagen.jpeg,31,pointwise_conv,1x144x28x28,2.092012
12,0,imagen.jpeg,32,batchnorm,1x32x28x28,0.023401
12,0,imagen.jpeg,33,pointwise_conv,1x32x28x28,2.825798
12,0,imagen.jpeg,34,batchnorm,1x192x28x28,0.138568
12,0,imagen.jpeg,35,activacion,1x192x28x28,0.389156
12,0,imagen.jpeg,36,depthwise_conv,1x192x28x28,1.565079
12,0,imagen.jpeg,37,batchnorm,1x192x28x28,0.15071
12,0,imagen.jpeg,38,activacion,1x192x28x28,0.570325
12,0,imagen.jpeg,39,pointwise_conv,1x192x28x28,3.182527
12,0,imagen.jpeg,40,batchnorm,1x32x28x28,0.027017
12,0,imagen.jpeg,41,layer_add,1x32x28x28,0.019821
12,0,imagen.jpeg,42,pointwise_conv,1x32x28x28,3.096871
12,0,imagen.jpeg,43,batchnorm,1x192x28x28,0.252908
12,0,imagen.jpeg,44,activacion,1x192x28x28,0.578497
12,0,imagen.jpeg,45,depthwise_conv,1x192x28x28,1.625034
12,0,imagen.jpeg,46,batchnorm,1x192x28x28,0.149555
12,0,imagen.jpeg,47,activacion,1x192x28x28,0.557698
12,0,imagen.jpeg,48,pointwise_conv,1x192x28x28,2.842983
12,0,imagen.jpeg,49,batchnorm,1x32x28x28,0.023643
12,0,imagen.jpeg,50,layer_add,1x32x28x28,0.014148
12,0,imagen.jpeg,51,pointwise_conv,1x32x28x28,2.869127
12,0,imagen.jpeg,52,batchnorm,1x192x28x28,0.145162
12,0,imagen.jpeg,53,activacion,1x192x28x28,0.526804
12,0,imagen.jpeg,54,depthwise_conv,1x192x28x28,0.402576
12,0,imagen.jpeg,55,batchnorm,1x192x14x14,0.037415
12,0,imagen.jpeg,56,activacion,1x192x14x14,0.10413
12,0,imagen.jpeg,57,pointwise_conv,1x192x14x14,1.915738
12,0,imagen.jpeg,58,batchnorm,1x64x14x14,0.02426
12,0,imagen.jpeg,59,pointwise_conv,1x64x14x14,3.639818
12,0,imagen.jpeg,60,batchnorm,1x384x14x14,0.081536
12,0,imagen.jpeg,61,activacion,1x384x14x14,0.22005
12,0,imagen.jpeg,62,depthwise_conv,1x384x14x14,0.859691
12,0,imagen.jpeg,63,batchnorm,1x384x14x14,0.076045
12,0,imagen.jpeg,64,activacion,1x384x14x14,0.304402
12,0,imagen.jpeg,65,pointwise_conv,1x384x14x14,2.971063
12,0,imagen.jpeg,66,batchnorm,1x64x14x14,0.012612
12,0,imagen.jpeg,67,layer_add,1x64x14x14,0.00756
12,0,imagen.jpeg,68,pointwise_conv,1x64x14x14,2.952052
12,0,imagen.jpeg,69,batchnorm,1x384x14x14,0.07361
12,0,imagen.jpeg,70,activacion,1x384x14x14,0.255246
12,0,imagen.jpeg,71,depthwise_conv,1x384x14x14,0.842647
12,0,imagen.jpeg,72,batchnorm,1x384x14x14,0.103271
12,0,imagen.jpeg,73,activacion,1x384x14x14,0.274889
12,0,imagen.jpeg,74,pointwise_conv,1x384x14x14,3.045741
12,0,imagen.jpeg,75,batchnorm,1x64x14x14,0.014423
12,0,imagen.jpeg,76,layer_add,1x64x14x14,0.008828
12,0,imagen.jpeg,77,pointwise_conv,1x64x14x14,3.058292
12,0,imagen.jpeg,78,batchnorm,1x384x14x14,0.079295
12,0,imagen.jpeg,79,activacion,1x384x14x14,0.283436
12,0,imagen.jpeg,80,depthwise_conv,1x384x14x14,0.836285
12,0,imagen.jpeg,81,batchnorm,1x384x14x14,0.155387
12,0,imagen.jpeg,82,activacion,1x384x14x14,0.257364
12,0,imagen.jpeg,83,pointwise_conv,1x384x14x14,2.90854
12,0,imagen.jpeg,84,batchnorm,1x64x14x14,0.01265
12,0,imagen.jpeg,85,layer_add,1x64x14x14,0.007222
12,0,imagen.jpeg,86,pointwise_conv,1x64x14x14,2.879828
12,0,imagen.jpeg,87,batchnorm,1x384x14x14,0.073166
12,0,imagen.jpeg,88,activacion,1x384x14x14,0.274026
12,0,imagen.jpeg,89,depthwise_conv,1x384x14x14,0.846001
12,0,imagen.jpeg,90,batchnorm,1x384x14x14,0.06989
12,0,imagen.jpeg,91,activacion,1x384x14x14,0.250344
12,0,imagen.jpeg,92,pointwise_conv,1x384x14x14,4.317393
12,0,imagen.jpeg,93,batchnorm,1x96x14x14,0.055687
12,0,imagen.jpeg,94,pointwise_conv,1x96x14x14,7.414119
12,0,imagen.jpeg,95,batchnorm,1x576x14x14,0.120675
12,0,imagen.jpeg,96,activacion,1x576x14x14,0.419312
12,0,imagen.jpeg,97,depthwise_conv,1x576x14x14,1.291457
12,0,imagen.jpeg,98,batchnorm,1x576x14x14,0.202946
12,0,imagen.jpeg,99,activacion,1x576x14x14,0.380863
12,0,imagen.jpeg,100,pointwise_conv,1x576x14x14,7.078437
12,0,imagen.jpeg,101,batchnorm,1x96x14x14,0.053713
12,0,imagen.jpeg,102,layer_add,1x96x14x14,0.024718
12,0,imagen.jpeg,103,pointwise_conv,1x96x14x14,8.761469
12,0,imagen.jpeg,104,batchnorm,1x576x14x14,0.126124
12,0,imagen.jpeg,105,activacion,1x576x14x14,0.422172
12,0,imagen.jpeg,106,depthwise_conv,1x576x14x14,1.290872
12,0,imagen.jpeg,107,batchnorm,1x576x14x14,0.188471
12,0,imagen.jpeg,108,activacion,1x576x14x14,0.349316
12,0,imagen.jpeg,109,pointwise_conv,1x576x14x14,9.465501
12,0,imagen.jpeg,110,batchnorm,1x96x14x14,0.033469
12,0,imagen.jpeg,111,layer_add,1x96x14x14,0.018038
12,0,imagen.jpeg,112,pointwise_conv,1x96x14x14,6.985134
12,0,imagen.jpeg,113,batchnorm,1x576x14x14,0.117956
12,0,imagen.jpeg,114,activacion,1x576x14x14,0.352714
12,0,imagen.jpeg,115,depthwise_conv,1x576x14x14,0.307183
12,0,imagen.jpeg,116,batchnorm,1x576x7x7,0.033989
12,0,imagen.jpeg,117,activacion,1x576x7x7,0.074918
12,0,imagen.jpeg,118,pointwise_conv,1x576x7x7,3.149208
12,0,imagen.jpeg,119,batchnorm,1x160x7x7,0.02858
12,0,imagen.jpeg,120,pointwise_conv,1x160x7x7,4.917921
12,0,imagen.jpeg,121,batchnorm,1x960x7x7,0.052207
12,0,imagen.jpeg,122,activacion,1x960x7x7,0.174323
12,0,imagen.jpeg,123,depthwise_conv,1x960x7x7,0.488135
12,0,imagen.jpeg,124,batchnorm,1x960x7x7,0.049036
12,0,imagen.jpeg,125,activacion,1x960x7x7,0.160011
12,0,imagen.jpeg,126,pointwise_conv,1x960x7x7,4.59916
12,0,imagen.jpeg,127,batchnorm,1x160x7x7,0.008512
12,0,imagen.jpeg,128,layer_add,1x160x7x7,0.005136
12,0,imagen.jpeg,129,pointwise_conv,1x160x7x7,4.576409
12,0,imagen.jpeg,130,batchnorm,1x960x7x7,0.082247
12,0,imagen.jpeg,131,activacion,1x960x7x7,0.161661
12,0,imagen.jpeg,132,depthwise_conv,1x960x7x7,0.864144
12,0,imagen.jpeg,133,batchnorm,1x960x7x7,0.094813
12,0,imagen.jpeg,134,activacion,1x960x7x7,0.155028
12,0,imagen.jpeg,135,pointwise_conv,1x960x7x7,5.136479
12,0,imagen.jpeg,136,batchnorm,1x160x7x7,0.009044
12,0,imagen.jpeg,137,layer_add,1x160x7x7,0.004853
12,0,imagen.jpeg,138,pointwise_conv,1x160x7x7,4.610134
12,0,imagen.jpeg,139,batchnorm,1x960x7x7,0.049831
12,0,imagen.jpeg,140,activacion,1x960x7x7,0.13116
12,0,imagen.jpeg,141,depthwise_conv,1x960x7x7,0.486395
12,0,imagen.jpeg,142,batchnorm,1x960x7x7,0.053898
12,0,imagen.jpeg,143,activacion,1x960x7x7,0.117737
12,0,imagen.jpeg,144,pointwise_conv,1x960x7x7,9.994116
12,0,imagen.jpeg,145,batchnorm,1x320x7x7,0.017754
12,0,imagen.jpeg,146,pointwise_conv,1x320x7x7,12.220312
12,0,imagen.jpeg,147,batchnorm,1x1280x7x7,0.071285
12,0,imagen.jpeg,148,activacion,1x1280x7x7,0.20523
12,0,imagen.jpeg,149,pooling,1x1280x7x7,0.046304
12,0,imagen.jpeg,150,linear,1x1280,1.733853
13,0,imagen.jpeg,0,conv2d,1x3x224x224,14.142545
13,0,imagen.jpeg,1,batchnorm,1x32x112x112,0.46389
13,0,imagen.jpeg,2,activacion,1x32x112x112,0.742824
13,0,imagen.jpeg,3,depthwise_conv,1x32x112x112,4.480305
13,0,imagen.jpeg,4,batchnorm,1x32x112x112,2.608052
13,0,imagen.jpeg,5,activacion,1x32x112x112,0.849699
13,0,imagen.jpeg,6,pointwise_conv,1x32x112x112,4.082856
13,0,imagen.jpeg,7,batchnorm,1x16x112x112,0.214314
13,0,imagen.jpeg,8,pointwise_conv,1x16x112x112,12.796272
13,0,imagen.jpeg,9,batchnorm,1x96x112x112,2.46853
13,0,imagen.jpeg,10,activacion,1x96x112x112,3.875933
13,0,imagen.jpeg,11,depthwise_conv,1x96x112x112,3.336907
13,0,imagen.jpeg,12,batchnorm,1x96x56x56,0.306301
13,0,imagen.jpeg,13,activacion,1x96x56x56,1.088568
13,0,imagen.jpeg,14,pointwise_conv,1x96x56x56,4.185858
13,0,imagen.jpeg,15,batchnorm,1x24x56x56,0.069746
13,0,imagen.jpeg,16,pointwise_conv,1x24x56x56,7.066898
13,0,imagen.jpeg,17,batchnorm,1x144x56x56,0.922967
13,0,imagen.jpeg,18,activacion,1x144x56x56,1.342833
13,0,imagen.jpeg,19,depthwise_conv,1x144x56x56,4.469997
13,0,imagen.jpeg,20,batchnorm,1x144x56x56,1.035121
13,0,imagen.jpeg,21,activacion,1x144x56x56,1.979192
13,0,imagen.jpeg,22,pointwise_conv,1x144x56x56,6.902663
13,0,imagen.jpeg,23,batchnorm,1x24x56x56,0.068684
13,0,imagen.jpeg,24,layer_add,1x24x56x56,0.041767
13,0,imagen.jpeg,25,pointwise_conv,1x24x56x56,6.047788
13,0,imagen.jpeg,26,batchnorm,1x144x56x56,0.44641
13,0,imagen.jpeg,27,activacion,1x144x56x56,1.596857
13,0,imagen.jpeg,28,depthwise_conv,1x144x56x56,1.23449
13,0,imagen.jpeg,29,batchnorm,1x144x28x28,0.101624
13,0,imagen.jpeg,30,activacion,1x144x28x28,0.35077
13,0,imagen.jpeg,31,pointwise_conv,1x144x28x28,2.067733
13,0,imagen.jpeg,32,batchnorm,1x32x28x28,0.023393
13,0,imagen.jpeg,33,pointwise_conv,1x32x28x28,2.762686
13,0,imagen.jpeg,34,batchnorm,1x192x28x28,0.144593
13,0,imagen.jpeg,35,activacion,1x192x28x28,0.395458
13,0,imagen.jpeg,36,depthwise_conv,1x192x28x28,1.5434
13,0,imagen.jpeg,37,batchnorm,1x192x28x28,0.134957
13,0,imagen.jpeg,38,activacion,1x192x28x28,0.546296
13,0,imagen.jpeg,39,pointwise_conv,1x192x28x28,2.715414
13,0,imagen.jpeg,40,batchnorm,1x32x28x28,0.022177
13,0,imagen.jpeg,41,layer_add,1x32x28x28,0.013022
13,0,imagen.jpeg,42,pointwise_conv,1x32x28x28,2.767508
13,0,imagen.jpeg,43,batchnorm,1x192x28x28,0.125666
13,0,imagen.jpeg,44,activacion,1x192x28x28,0.426936
13,0,imagen.jpeg,45,depthwise_conv,1x192x28x28,1.53298
13,0,imagen.jpeg,46,batchnorm,1x192x28x28,0.171078
13,0,imagen.jpeg,47,activacion,1x192x28x28,0.532753
13,0,imagen.jpeg,48,pointwise_conv,1x192x28x28,2.869869
13,0,imagen.jpeg,49,batchnorm,1x32x28x28,0.022453
13,0,imagen.jpeg,50,layer_add,1x32x28x28,0.013847
13,0,imagen.jpeg,51,pointwise_conv,1x32x28x28,2.651192
13,0,imagen.jpeg,52,batchnorm,1x192x28x28,0.141444
13,0,imagen.jpeg,53,activacion,1x192x28x28,0.496305
13,0,imagen.jpeg,54,depthwise_conv,1x192x28x28,0.384528
13,0,imagen.jpeg,55,batchnorm,1x192x14x14,0.047062
13,0,imagen.jpeg,56,activacion,1x192x14x14,0.102669
13,0,imagen.jpeg,57,pointwise_conv,1x192x14x14,1.38083
13,0,imagen.jpeg,58,batchnorm,1x64x14x14,0.012023
13,0,imagen.jpeg,59,pointwise_conv,1x64x14x14,2.807197
13,0,imagen.jpeg,60,batchnorm,1x384x14x14,0.066886
13,0,imagen.jpeg,61,activacion,1x384x14x14,0.190763
13,0,imagen.jpeg,62,depthwise_conv,1x384x14x14,0.849185
13,0,imagen.jpeg,63,batchnorm,1x384x14x14,0.070434
13,0,imagen.jpeg,64,activacion,1x384x14x14,0.279762
13,0,imagen.jpeg,65,pointwise_conv,1x384x14x14,3.136505
13,0,imagen.jpeg,66,batchnorm,1x64x14x14,0.012281
13,0,imagen.jpeg,67,layer_add,1x64x14x14,0.007045
13,0,imagen.jpeg,68,pointwise_conv,1x64x14x14,2.798001
13,0,imagen.jpeg,69,batchnorm,1x384x14x14,0.069221
13,0,imagen.jpeg,70,activacion,1x384x14x14,0.234743
13,0,imagen.jpeg,71,depthwise_conv,1x384x14x14,0.769637
13,0,imagen.jpeg,72,batchnorm,1x384x14x14,0.098068
13,0,imagen.jpeg,73,activacion,1x384x14x14,0.254028
13,0,imagen.jpeg,74,pointwise_conv,1x384x14x14,2.756791
13,0,imagen.jpeg,75,batchnorm,1x64x14x14,0.0112
13,0,imagen.jpeg,76,layer_add,1x64x14x14,0.006212
13,0,imagen.jpeg,77,pointwise_conv,1x64x14x14,2.729975
13,0,imagen.jpeg,78,batchnorm,1x384x14x14,0.065737
13,0,imagen.jpeg,79,activacion,1x384x14x14,0.252674
13,0,imagen.jpeg,80,depthwise_conv,1x384x14x14,0.781062
13,0,imagen.jpeg,81,batchnorm,1x384x14x14,0.142338
13,0,imagen.jpeg,82,activacion,1x384x14x14,0.232111
13,0,imagen.jpeg,83,pointwise_conv,1x384x14x14,2.757299
13,0,imagen.jpeg,84,batchnorm,1x64x14x14,0.011925
13,0,imagen.jpeg,85,layer_add,1x64x14x14,0.006472
13,0,imagen.jpeg,86,pointwise_conv,1x64x14x14,2.703478
13,0,imagen.jpeg,87,batchnorm,1x384x14x14,0.063823
13,0,imagen.jpeg,88,activacion,1x384x14x14,0.248876
13,0,imagen.jpeg,89,depthwise_conv,1x384x14x14,0.773168
13,0,imagen.jpeg,90,batchnorm,1x384x14x14,0.099279
13,0,imagen.jpeg,91,activacion,1x384x14x14,0.247615
13,0,imagen.jpeg,92,pointwise_conv,1x384x14x14,4.043956
13,0,imagen.jpeg,93,batchnorm,1x96x14x14,0.016219
13,0,imagen.jpeg,94,pointwise_conv,1x96x14x14,6.032523
13,0,imagen.jpeg,95,batchnorm,1x576x14x14,0.104709
13,0,imagen.jpeg,96,activacion,1x576x14x14,0.353552
13,0,imagen.jpeg,97,depthwise_conv,1x576x14x14,1.179064
13,0,imagen.jpeg,98,batchnorm,1x576x14x14,0.175309
13,0,imagen.jpeg,99,activacion,1x576x14x14,0.356665
13,0,imagen.jpeg,100,pointwise_conv,1x576x14x14,6.165443
13,0,imagen.jpeg,101,batchnorm,1x96x14x14,0.019995
13,0,imagen.jpeg,102,layer_add,1x96x14x14,0.01457
13,0,imagen.jpeg,103,pointwise_conv,1x96x14x14,6.090504
13,0,imagen.jpeg,104,batchnorm,1x576x14x14,0.103578
13,0,imagen.jpeg,105,activacion,1x576x14x14,0.354417
13,0,imagen.jpeg,106,depthwise_conv,1x576x14x14,1.161709
13,0,imagen.jpeg,107,batchnorm,1x576x14x14,0.159983
13,0,imagen.jpeg,108,activacion,1x576x14x14,0.31995
13,0,imagen.jpeg,109,pointwise_conv,1x576x14x14,6.09294
13,0,imagen.jpeg,110,batchnorm,1x96x14x14,0.018498
13,0,imagen.jpeg,111,layer_add,1x96x14x14,0.010517
13,0,imagen.jpeg,112,pointwise_conv,1x96x14x14,5.997435
13,0,imagen.jpeg,113,batchnorm,1x576x14x14,0.099237
13,0,imagen.jpeg,114,activacion,1x576x14x14,0.317715
13,0,imagen.jpeg,115,depthwise_conv,1x576x14x14,0.278388
13,0,imagen.jpeg,116,batchnorm,1x576x7x7,0.029443
13,0,imagen.jpeg,117,activacion,1x576x7x7,0.065134
13,0,imagen.jpeg,118,pointwise_conv,1x576x7x7,2.448556
13,0,imagen.jpeg,119,batchnorm,1x160x7x7,0.007389
13,0,imagen.jpeg,120,pointwise_conv,1x160x7x7,4.219814
13,0,imagen.jpeg,121,batchnorm,1x960x7x7,0.043917
13,0,imagen.jpeg,122,activacion,1x960x7x7,0.145357
13,0,imagen.jpeg,123,depthwise_conv,1x960x7x7,0.418232
13,0,imagen.jpeg,124,batchnorm,1x960x7x7,0.056535
13,0,imagen.jpeg,125,activacion,1x960x7x7,0.135847
13,0,imagen.jpeg,126,pointwise_conv,1x960x7x7,4.390464
13,0,imagen.jpeg,127,batchnorm,1x160x7x7,0.008176
13,0,imagen.jpeg,128,layer_add,1x160x7x7,0.004631
13,0,imagen.jpeg,129,pointwise_conv,1x160x7x7,4.078497
13,0,imagen.jpeg,130,batchnorm,1x960x7x7,0.04236
13,0,imagen.jpeg,131,activacion,1x960x7x7,0.177361
13,0,imagen.jpeg,132,depthwise_conv,1x960x7x7,0.436112
13,0,imagen.jpeg,133,batchnorm,1x960x7x7,0.053901
13,0,imagen.jpeg,134,activacion,1x960x7x7,0.13112
13,0,imagen.jpeg,135,pointwise_conv,1x960x7x7,4.117161
13,0,imagen.jpeg,136,batchnorm,1x160x7x7,0.007428
13,0,imagen.jpeg,137,layer_add,1x160x7x7,0.004192
13,0,imagen.jpeg,138,pointwise_conv,1x160x7x7,4.202632
13,0,imagen.jpeg,139,batchnorm,1x960x7x7,0.051726
13,0,imagen.jpeg,140,activacion,1x960x7x7,0.116492
13,0,imagen.jpeg,141,depthwise_conv,1x960x7x7,0.414883
13,0,imagen.jpeg,142,batchnorm,1x960x7x7,0.059608
13,0,imagen.jpeg,143,activacion,1x960x7x7,0.085107
13,0,imagen.jpeg,144,pointwise_conv,1x960x7x7,8.093959
13,0,imagen.jpeg,145,batchnorm,1x320x7x7,0.014872
13,0,imagen.jpeg,146,pointwise_conv,1x320x7x7,11.697474
13,0,imagen.jpeg,147,batchnorm,1x1280x7x7,0.062762
13,0,imagen.jpeg,148,activacion,1x1280x7x7,0.182587
13,0,imagen.jpeg,149,pooling,1x1280x7x7,0.03956
13,0,imagen.jpeg,150,linear,1x1280,1.436162
14,0,imagen.jpeg,0,conv2d,1x3x224x224,13.04271
14,0,imagen.jpeg,1,batchnorm,1x32x112x112,0.437259
14,0,imagen.jpeg,2,activacion,1x32x112x112,0.679438
14,0,imagen.jpeg,3,depthwise_conv,1x32x112x112,4.116627
14,0,imagen.jpeg,4,batchnorm,1x32x112x112,2.299076
14,0,imagen.jpeg,5,activacion,1x32x112x112,0.755952
14,0,imagen.jpeg,6,pointwise_conv,1x32x112x112,3.764909
14,0,imagen.jpeg,7,batchnorm,1x16x112x112,0.179208
14,0,imagen.jpeg,8,pointwise_conv,1x16x112x112,13.18058
14,0,imagen.jpeg,9,batchnorm,1x96x112x112,2.25068
14,0,imagen.jpeg,10,activacion,1x96x112x112,3.522236
14,0,imagen.jpeg,11,depthwise_conv,1x96x112x112,3.302244
14,0,imagen.jpeg,12,batchnorm,1x96x56x56,0.293076
14,0,imagen.jpeg,13,activacion,1x96x56x56,1.026337
14,0,imagen.jpeg,14,pointwise_conv,1x96x56x56,4.174893
14,0,imagen.jpeg,15,batchnorm,1x24x56x56,0.070335
14,0,imagen.jpeg,16,pointwise_conv,1x24x56x56,6.828221
14,0,imagen.jpeg,17,batchnorm,1x144x56x56,0.891228
14,0,imagen.jpeg,18,activacion,1x144x56x56,1.304867
14,0,imagen.jpeg,19,depthwise_conv,1x144x56x56,4.497835
14,0,imagen.jpeg,20,batchnorm,1x144x56x56,1.055024
14,0,imagen.jpeg,21,activacion,1x144x56x56,1.688128
14,0,imagen.jpeg,22,pointwise_conv,1x144x56x56,6.204058
14,0,imagen.jpeg,23,batchnorm,1x24x56x56,0.064506
14,0,imagen.jpeg,24,layer_add,1x24x56x56,0.041762
14,0,imagen.jpeg,25,pointwise_conv,1x24x56x56,6.180561
14,0,imagen.jpeg,26,batchnorm,1x144x56x56,0.495396
14,0,imagen.jpeg,27,activacion,1x144x56x56,1.552563
14,0,imagen.jpeg,28,depthwise_conv,1x144x56x56,1.147822
14,0,imagen.jpeg,29,batchnorm,1x144x28x28,0.099724
14,0,imagen.jpeg,30,activacion,1x144x28x28,0.372756
14,0,imagen.jpeg,31,pointwise_conv,1x144x28x28,2.044846
14,0,imagen.jpeg,32,batchnorm,1x32x28x28,0.02201
14,0,imagen.jpeg,33,pointwise_conv,1x32x28x28,2.726496
14,0,imagen.jpeg,34,batchnorm,1x192x28x28,0.13583
14,0,imagen.jpeg,35,activacion,1x192x28x28,0.36948
14,0,imagen.jpeg,36,depthwise_conv,1x192x28x28,1.502781
14,0,imagen.jpeg,37,batchnorm,1x192x28x28,0.127269
14,0,imagen.jpeg,38,activacion,1x192x28x28,0.528759
14,0,imagen.jpeg,39,pointwise_conv,1x192x28x28,2.599291
14,0,imagen.jpeg,40,batchnorm,1x32x28x28,0.020943
14,0,imagen.jpeg,41,layer_add,1x32x28x28,0.015139
14,0,imagen.jpeg,42,pointwise_conv,1x32x28x28,2.671159
14,0,imagen.jpeg,43,batchnorm,1x192x28x28,0.159125
14,0,imagen.jpeg,44,activacion,1x192x28x28,0.472044
14,0,imagen.jpeg,45,depthwise_conv,1x192x28x28,1.476952
14,0,imagen.jpeg,46,batchnorm,1x192x28x28,0.132028
14,0,imagen.jpeg,47,activacion,1x192x28x28,0.509305
14,0,imagen.jpeg,48,pointwise_conv,1x192x28x28,2.665979
14,0,imagen.jpeg,49,batchnorm,1x32x28x28,0.021923
14,0,imagen.jpeg,50,layer_add,1x32x28x28,0.014105
14,0,imagen.jpeg,51,pointwise_conv,1x32x28x28,2.682593
14,0,imagen.jpeg,52,batchnorm,1x192x28x28,0.125209
14,0,imagen.jpeg,53,activacion,1x192x28x28,0.496802
14,0,imagen.jpeg,54,depthwise_conv,1x192x28x28,0.376949
14,0,imagen.jpeg,55,batchnorm,1x192x14x14,0.033945
14,0,imagen.jpeg,56,activacion,1x192x14x14,0.11108
14,0,imagen.jpeg,57,pointwise_conv,1x192x14x14,1.345091
14,0,imagen.jpeg,58,batchnorm,1x64x14x14,0.011755
14,0,imagen.jpeg,59,pointwise_conv,1x64x14x14,2.71891
14,0,imagen.jpeg,60,batchnorm,1x384x14x14,0.065398
14,0,imagen.jpeg,61,activacion,1x384x14x14,0.186405
14,0,imagen.jpeg,62,depthwise_conv,1x384x14x14,0.828765
14,0,imagen.jpeg,63,batchnorm,1x384x14x14,0.066378
14,0,imagen.jpeg,64,activacion,1x384x14x14,0.266492
14,0,imagen.jpeg,65,pointwise_conv,1x384x14x14,2.933701
14,0,imagen.jpeg,66,batchnorm,1x64x14x14,0.012092
14,0,imagen.jpeg,67,layer_add,1x64x14x14,0.006609
14,0,imagen.jpeg,68,pointwise_conv,1x64x14x14,3.262321
14,0,imagen.jpeg,69,batchnorm,1x384x14x14,0.103589
14,0,imagen.jpeg,70,activacion,1x384x14x14,0.26459
14,0,imagen.jpeg,71,depthwise_conv,1x384x14x14,0.770679
14,0,imagen.jpeg,72,batchnorm,1x384x14x14,0.098708
14,0,imagen.jpeg,73,activacion,1x384x14x14,0.258216
14,0,imagen.jpeg,74,pointwise_conv,1x384x14x14,2.677818
14,0,imagen.jpeg,75,batchnorm,1x64x14x14,0.010928
14,0,imagen.jpeg,76,layer_add,1x64x14x14,0.006279
14,0,imagen.jpeg,77,pointwise_conv,1x64x14x14,2.675524
14,0,imagen.jpeg,78,batchnorm,1x384x14x14,0.064382
14,0,imagen.jpeg,79,activacion,1x384x14x14,0.283726
14,0,imagen.jpeg,80,depthwise_conv,1x384x14x14,0.757187
14,0,imagen.jpeg,81,batchnorm,1x384x14x14,0.150531
14,0,imagen.jpeg,82,activacion,1x384x14x14,0.239327
14,0,imagen.jpeg,83,pointwise_conv,1x384x14x14,2.713473
14,0,imagen.jpeg,84,batchnorm,1x64x14x14,0.011075
14,0,imagen.jpeg,85,layer_add,1x64x14x14,0.00527
14,0,imagen.jpeg,86,pointwise_conv,1x64x14x14,2.703988
14,0,imagen.jpeg,87,batchnorm,1x384x14x14,0.077979
14,0,imagen.jpeg,88,activacion,1x384x14x14,0.336632
14,0,imagen.jpeg,89,depthwise_conv,1x384x14x14,0.748583
14,0,imagen.jpeg,90,batchnorm,1x384x14x14,0.09043
14,0,imagen.jpeg,91,activacion,1x384x14x14,0.256508
14,0,imagen.jpeg,92,pointwise_conv,1x384x14x14,4.049002
14,0,imagen.jpeg,93,batchnorm,1x96x14x14,0.01876
14,0,imagen.jpeg,94,pointwise_conv,1x96x14x14,6.285452
14,0,imagen.jpeg,95,batchnorm,1x576x14x14,0.10554
14,0,imagen.jpeg,96,activacion,1x576x14x14,0.378209
14,0,imagen.jpeg,97,depthwise_conv,1x576x14x14,1.185061
14,0,imagen.jpeg,98,batchnorm,1x576x14x14,0.186912
14,0,imagen.jpeg,99,activacion,1x576x14x14,0.350939
14,0,imagen.jpeg,100,pointwise_conv,1x576x14x14,6.576914
14,0,imagen.jpeg,101,batchnorm,1x96x14x14,0.018943
14,0,imagen.jpeg,102,layer_add,1x96x14x14,0.013175
14,0,imagen.jpeg,103,pointwise_conv,1x96x14x14,6.491214
14,0,imagen.jpeg,104,batchnorm,1x576x14x14,0.112875
14,0,imagen.jpeg,105,activacion,1x576x14x14,0.404772
14,0,imagen.jpeg,106,depthwise_conv,1x576x14x14,1.223263
14,0,imagen.jpeg,107,batchnorm,1x576x14x14,0.167742
14,0,imagen.jpeg,108,activacion,1x576x14x14,0.33601
14,0,imagen.jpeg,109,pointwise_conv,1x576x14x14,6.755404
14,0,imagen.jpeg,110,batchnorm,1x96x14x14,0.018923
14,0,imagen.jpeg,111,layer_add,1x96x14x14,0.010155
14,0,imagen.jpeg,112,pointwise_conv,1x96x14x14,6.281198
14,0,imagen.jpeg,113,batchnorm,1x576x14x14,0.105864
14,0,imagen.jpeg,114,activacion,1x576x14x14,0.322405
14,0,imagen.jpeg,115,depthwise_conv,1x576x14x14,0.290964
14,0,imagen.jpeg,116,batchnorm,1x576x7x7,0.030908
14,0,imagen.jpeg,117,activacion,1x576x7x7,0.068156
14,0,imagen.jpeg,118,pointwise_conv,1x576x7x7,2.514166
14,0,imagen.jpeg,119,batchnorm,1x160x7x7,0.007514
14,0,imagen.jpeg,120,pointwise_conv,1x160x7x7,4.390258
14,0,imagen.jpeg,121,batchnorm,1x960x7x7,0.045328
14,0,imagen.jpeg,122,activacion,1x960x7x7,0.151734
14,0,imagen.jpeg,123,depthwise_conv,1x960x7x7,0.430592
14,0,imagen.jpeg,124,batchnorm,1x960x7x7,0.043079
14,0,imagen.jpeg,125,activacion,1x960x7x7,0.143305
14,0,imagen.jpeg,126,pointwise_conv,1x960x7x7,4.41791
14,0,imagen.jpeg,127,batchnorm,1x160x7x7,0.012289
14,0,imagen.jpeg,128,layer_add,1x160x7x7,0.006329
14,0,imagen.jpeg,129,pointwise_conv,1x160x7x7,4.436972
14,0,imagen.jpeg,130,batchnorm,1x960x7x7,0.046972
14,0,imagen.jpeg,131,activacion,1x960x7x7,0.143645
14,0,imagen.jpeg,132,depthwise_conv,1x960x7x7,0.429273
14,0,imagen.jpeg,133,batchnorm,1x960x7x7,0.054195
14,0,imagen.jpeg,134,activacion,1x960x7x7,0.141922
14,0,imagen.jpeg,135,pointwise_conv,1x960x7x7,4.365103
14,0,imagen.jpeg,136,batchnorm,1x160x7x7,0.011957
14,0,imagen.jpeg,137,layer_add,1x160x7x7,0.008833
14,0,imagen.jpeg,138,pointwise_conv,1x160x7x7,4.233901
14,0,imagen.jpeg,139,batchnorm,1x960x7x7,0.044011
14,0,imagen.jpeg,140,activacion,1x960x7x7,0.114731
14,0,imagen.jpeg,141,depthwise_conv,1x960x7x7,0.443122
14,0,imagen.jpeg,142,batchnorm,1x960x7x7,0.046872
14,0,imagen.jpeg,143,activacion,1x960x7x7,0.102509
14,0,imagen.jpeg,144,pointwise_conv,1x960x7x7,8.106916
14,0,imagen.jpeg,145,batchnorm,1x320x7x7,0.015857
14,0,imagen.jpeg,146,pointwise_conv,1x320x7x7,10.890421
14,0,imagen.jpeg,147,batchnorm,1x1280x7x7,0.062079
14,0,imagen.jpeg,148,activacion,1x1280x7x7,0.176715
14,0,imagen.jpeg,149,pooling,1x1280x7x7,0.038574
14,0,imagen.jpeg,150,linear,1x1280,1.388914
15,0,imagen.jpeg,0,conv2d,1x3x224x224,12.313105
15,0,imagen.jpeg,1,batchnorm,1x32x112x112,0.452575
15,0,imagen.jpeg,2,activacion,1x32x112x112,0.652551
15,0,imagen.jpeg,3,depthwise_conv,1x32x112x112,5.693338
15,0,imagen.jpeg,4,batchnorm,1x32x112x112,2.414712
15,0,imagen.jpeg,5,activacion,1x32x112x112,0.741321
15,0,imagen.jpeg,6,pointwise_conv,1x32x112x112,3.544687
15,0,imagen.jpeg,7,batchnorm,1x16x112x112,0.175608
15,0,imagen.jpeg,8,pointwise_conv,1x16x112x112,12.124655
15,0,imagen.jpeg,9,batchnorm,1x96x112x112,2.998954
15,0,imagen.jpeg,10,activacion,1x96x112x112,3.624811
15,0,imagen.jpeg,11,depthwise_conv,1x96x112x112,3.236929
15,0,imagen.jpeg,12,batchnorm,1x96x56x56,0.291695
15,0,imagen.jpeg,13,activacion,1x96x56x56,1.027501
15,0,imagen.jpeg,14,pointwise_conv,1x96x56x56,4.012779
15,0,imagen.jpeg,15,batchnorm,1x24x56x56,0.064797
15,0,imagen.jpeg,16,pointwise_conv,1x24x56x56,6.743874
15,0,imagen.jpeg,17,batchnorm,1x144x56x56,0.905796
15,0,imagen.jpeg,18,activacion,1x144x56x56,1.313942
15,0,imagen.jpeg,19,depthwise_conv,1x144x56x56,4.543559
15,0,imagen.jpeg,20,batchnorm,1x144x56x56,1.029015
15,0,imagen.jpeg,21,activacion,1x144x56x56,1.651774
15,0,imagen.jpeg,22,pointwise_conv,1x144x56x56,5.851547
15,0,imagen.jpeg,23,batchnorm,1x24x56x56,0.062112
15,0,imagen.jpeg,24,layer_add,1x24x56x56,0.040803
15,0,imagen.jpeg,25,pointwise_conv,1x24x56x56,6.152451
15,0,imagen.jpeg,26,batchnorm,1x144x56x56,0.446532
15,0,imagen.jpeg,27,activacion,1x144x56x56,1.56225
15,0,imagen.jpeg,28,depthwise_conv,1x144x56x56,1.233604
15,0,imagen.jpeg,29,batchnorm,1x144x28x28,0.104811
15,0,imagen.jpeg,30,activacion,1x144x28x28,0.363505
15,0,imagen.jpeg,31,pointwise_conv,1x144x28x28,2.025127
15,0,imagen.jpeg,32,batchnorm,1x32x28x28,0.022433
15,0,imagen.jpeg,33,pointwise_conv,1x32x28x28,2.647967
15,0,imagen.jpeg,34,batchnorm,1x192x28x28,0.130739
15,0,imagen.jpeg,35,activacion,1x192x28x28,0.37737
15,0,imagen.jpeg,36,depthwise_conv,1x192x28x28,1.471312
15,0,imagen.jpeg,37,batchnorm,1x192x28x28,0.124572
15,0,imagen.jpeg,38,activacion,1x192x28x28,0.521434
15,0,imagen.jpeg,39,pointwise_conv,1x192x28x28,2.62839
15,0,imagen.jpeg,40,batchnorm,1x32x28x28,0.022788
15,0,imagen.jpeg,41,layer_add,1x32x28x28,0.013803
15,0,imagen.jpeg,42,pointwise_conv,1x32x28x28,2.661071
15,0,imagen.jpeg,43,batchnorm,1x192x28x28,0.16454
15,0,imagen.jpeg,44,activacion,1x192x28x28,0.438727
15,0,imagen.jpeg,45,depthwise_conv,1x192x28x28,1.493696
15,0,imagen.jpeg,46,batchnorm,1x192x28x28,0.136738
15,0,imagen.jpeg,47,activacion,1x192x28x28,0.508565
15,0,imagen.jpeg,48,pointwise_conv,1x192x28x28,2.637921
15,0,imagen.jpeg,49,batchnorm,1x32x28x28,0.021004
15,0,imagen.jpeg,50,layer_add,1x32x28x28,0.013666
15,0,imagen.jpeg,51,pointwise_conv,1x32x28x28,2.589097
15,0,imagen.jpeg,52,batchnorm,1x192x28x28,0.122526
15,0,imagen.jpeg,53,activacion,1x192x28x28,0.467046
15,0,imagen.jpeg,54,depthwise_conv,1x192x28x28,0.370328
15,0,imagen.jpeg,55,batchnorm,1x192x14x14,0.032826
15,0,imagen.jpeg,56,activacion,1x192x14x14,0.1093
15,0,imagen.jpeg,57,pointwise_conv,1x192x14x14,1.347894
15,0,imagen.jpeg,58,batchnorm,1x64x14x14,0.01186
15,0,imagen.jpeg,59,pointwise_conv,1x64x14x14,2.813649
15,0,imagen.jpeg,60,batchnorm,1x384x14x14,0.073249
15,0,imagen.jpeg,61,activacion,1x384x14x14,0.186635
15,0,imagen.jpeg,62,depthwise_conv,1x384x14x14,0.792099
15,0,imagen.jpeg,63,batchnorm,1x384x14x14,0.066203
15,0,imagen.jpeg,64,activacion,1x384x14x14,0.265492
15,0,imagen.jpeg,65,pointwise_conv,1x384x14x14,2.691218
15,0,imagen.jpeg,66,batchnorm,1x64x14x14,0.011374
15,0,imagen.jpeg,67,layer_add,1x64x14x14,0.009017
15,0,imagen.jpeg,68,pointwise_conv,1x64x14x14,3.143106
15,0,imagen.jpeg,69,batchnorm,1x384x14x14,0.135903
15,0,imagen.jpeg,70,activacion,1x384x14x14,0.268894
15,0,imagen.jpeg,71,depthwise_conv,1x384x14x14,0.856236
15,0,imagen.jpeg,72,batchnorm,1x384x14x14,0.108363
15,0,imagen.jpeg,73,activacion,1x384x14x14,0.268308
15,0,imagen.jpeg,74,pointwise_conv,1x384x14x14,2.735863
15,0,imagen.jpeg,75,batchnorm,1x64x14x14,0.0142
15,0,imagen.jpeg,76,layer_add,1x64x14x14,0.006957
15,0,imagen.jpeg,77,pointwise_conv,1x64x14x14,2.760355
15,0,imagen.jpeg,78,batchnorm,1x384x14x14,0.09082
15,0,imagen.jpeg,79,activacion,1x384x14x14,0.262111
15,0,imagen.jpeg,80,depthwise_conv,1x384x14x14,0.762716
15,0,imagen.jpeg,81,batchnorm,1x384x14x14,0.15208
15,0,imagen.jpeg,82,activacion,1x384x14x14,0.233199
15,0,imagen.jpeg,83,pointwise_conv,1x384x14x14,2.687581
15,0,imagen.jpeg,84,batchnorm,1x64x14x14,0.011154
15,0,imagen.jpeg,85,layer_add,1x64x14x14,0.006237
15,0,imagen.jpeg,86,pointwise_conv,1x64x14x14,2.777394
15,0,imagen.jpeg,87,batchnorm,1x384x14x14,0.083174
15,0,imagen.jpeg,88,activacion,1x384x14x14,0.261104
15,0,imagen.jpeg,89,depthwise_conv,1x384x14x14,0.753204
15,0,imagen.jpeg,90,batchnorm,1x384x14x14,0.081093
15,0,imagen.jpeg,91,activacion,1x384x14x14,0.2448
15,0,imagen.jpeg,92,pointwise_conv,1x384x14x14,3.978598
15,0,imagen.jpeg,93,batchnorm,1x96x14x14,0.015975
15,0,imagen.jpeg,94,pointwise_conv,1x96x14x14,6.004702
15,0,imagen.jpeg,95,batchnorm,1x576x14x14,0.10864
15,0,imagen.jpeg,96,activacion,1x576x14x14,0.369889
15,0,imagen.jpeg,97,depthwise_conv,1x576x14x14,1.174803
15,0,imagen.jpeg,98,batchnorm,1x576x14x14,0.173098
15,0,imagen.jpeg,99,activacion,1x576x14x14,0.327073
15,0,imagen.jpeg,100,pointwise_conv,1x576x14x14,5.932696
15,0,imagen.jpeg,101,batchnorm,1x96x14x14,0.016069
15,0,imagen.jpeg,102,layer_add,1x96x14x14,0.014297
15,0,imagen.jpeg,103,pointwise_conv,1x96x14x14,5.874529
15,0,imagen.jpeg,104,batchnorm,1x576x14x14,0.102842
15,0,imagen.jpeg,105,activacion,1x576x14x14,0.370521
15,0,imagen.jpeg,106,depthwise_conv,1x576x14x14,1.211539
15,0,imagen.jpeg,107,batchnorm,1x576x14x14,0.172006
15,0,imagen.jpeg,108,activacion,1x576x14x14,0.329801
15,0,imagen.jpeg,109,pointwise_conv,1x576x14x14,6.191221
15,0,imagen.jpeg,110,batchnorm,1x96x14x14,0.018465
15,0,imagen.jpeg,111,layer_add,1x96x14x14,0.010935
15,0,imagen.jpeg,112,pointwise_conv,1x96x14x14,6.122896
15,0,imagen.jpeg,113,batchnorm,1x576x14x14,0.105378
15,0,imagen.jpeg,114,activacion,1x576x14x14,0.345878
15,0,imagen.jpeg,115,depthwise_conv,1x576x14x14,0.266685
15,0,imagen.jpeg,116,batchnorm,1x576x7x7,0.029716
15,0,imagen.jpeg,117,activacion,1x576x7x7,0.065115
15,0,imagen.jpeg,118,pointwise_conv,1x576x7x7,2.44225
15,0,imagen.jpeg,119,batchnorm,1x160x7x7,0.007437
15,0,imagen.jpeg,120,pointwise_conv,1x160x7x7,4.398959
15,0,imagen.jpeg,121,batchnorm,1x960x7x7,0.047542
15,0,imagen.jpeg,122,activacion,1x960x7x7,0.15518
15,0,imagen.jpeg,123,depthwise_conv,1x960x7x7,0.456382
15,0,imagen.jpeg,124,batchnorm,1x960x7x7,0.044778
15,0,imagen.jpeg,125,activacion,1x960x7x7,0.154185
15,0,imagen.jpeg,126,pointwise_conv,1x960x7x7,4.11568
15,0,imagen.jpeg,127,batchnorm,1x160x7x7,0.007325
15,0,imagen.jpeg,128,layer_add,1x160x7x7,0.003954
15,0,imagen.jpeg,129,pointwise_conv,1x160x7x7,4.028656
15,0,imagen.jpeg,130,batchnorm,1x960x7x7,0.041425
15,0,imagen.jpeg,131,activacion,1x960x7x7,0.152448
15,0,imagen.jpeg,132,depthwise_conv,1x960x7x7,0.42358
15,0,imagen.jpeg,133,batchnorm,1x960x7x7,0.053549
15,0,imagen.jpeg,134,activacion,1x960x7x7,0.124617
15,0,imagen.jpeg,135,pointwise_conv,1x960x7x7,4.288832
15,0,imagen.jpeg,136,batchnorm,1x160x7x7,0.008847
15,0,imagen.jpeg,137,layer_add,1x160x7x7,0.00447
15,0,imagen.jpeg,138,pointwise_conv,1x160x7x7,4.164407
15,0,imagen.jpeg,139,batchnorm,1x960x7x7,0.04451
15,0,imagen.jpeg,140,activacion,1x960x7x7,0.112017
15,0,imagen.jpeg,141,depthwise_conv,1x960x7x7,0.456282
15,0,imagen.jpeg,142,batchnorm,1x960x7x7,0.047578
15,0,imagen.jpeg,143,activacion,1x960x7x7,0.101114
15,0,imagen.jpeg,144,pointwise_conv,1x960x7x7,8.265811
15,0,imagen.jpeg,145,batchnorm,1x320x7x7,0.01484
15,0,imagen.jpeg,146,pointwise_conv,1x320x7x7,11.230475
15,0,imagen.jpeg,147,batchnorm,1x1280x7x7,0.065136
15,0,imagen.jpeg,148,activacion,1x1280x7x7,0.202844
15,0,imagen.jpeg,149,pooling,1x1280x7x7,0.040149
15,0,imagen.jpeg,150,linear,1x1280,1.435069
16,0,imagen.jpeg,0,conv2d,1x3x224x224,12.325266
16,0,imagen.jpeg,1,batchnorm,1x32x112x112,0.415348
16,0,imagen.jpeg,2,activacion,1x32x112x112,0.646912
16,0,imagen.jpeg,3,depthwise_conv,1x32x112x112,3.980812
16,0,imagen.jpeg,4,batchnorm,1x32x112x112,2.329544
16,0,imagen.jpeg,5,activacion,1x32x112x112,0.75914
16,0,imagen.jpeg,6,pointwise_conv,1x32x112x112,3.563758
16,0,imagen.jpeg,7,batchnorm,1x16x112x112,0.176447
16,0,imagen.jpeg,8,pointwise_conv,1x16x112x112,11.731882
16,0,imagen.jpeg,9,batchnorm,1x96x112x112,2.232196
16,0,imagen.jpeg,10,activacion,1x96x112x112,3.399241
16,0,imagen.jpeg,11,depthwise_conv,1x96x112x112,3.514589
16,0,imagen.jpeg,12,batchnorm,1x96x56x56,0.295196
16,0,imagen.jpeg,13,activacion,1x96x56x56,1.01765
16,0,imagen.jpeg,14,pointwise_conv,1x96x56x56,3.880071
16,0,imagen.jpeg,15,batchnorm,1x24x56x56,0.063162
16,0,imagen.jpeg,16,pointwise_conv,1x24x56x56,6.600233
16,0,imagen.jpeg,17,batchnorm,1x144x56x56,0.871498
16,0,imagen.jpeg,18,activacion,1x144x56x56,1.270702
16,0,imagen.jpeg,19,depthwise_conv,1x144x56x56,4.456833
16,0,imagen.jpeg,20,batchnorm,1x144x56x56,0.89295
16,0,imagen.jpeg,21,activacion,1x144x56x56,1.653018
16,0,imagen.jpeg,22,pointwise_conv,1x144x56x56,6.174932
16,0,imagen.jpeg,23,batchnorm,1x24x56x56,0.065292
16,0,imagen.jpeg,24,layer_add,1x24x56x56,0.071181
16,0,imagen.jpeg,25,pointwise_conv,1x24x56x56,6.041894
16,0,imagen.jpeg,26,batchnorm,1x144x56x56,0.424482
16,0,imagen.jpeg,27,activacion,1x144x56x56,1.57327
16,0,imagen.jpeg,28,depthwise_conv,1x144x56x56,1.155069
16,0,imagen.jpeg,29,batchnorm,1x144x28x28,0.09725
16,0,imagen.jpeg,30,activacion,1x144x28x28,0.344883
16,0,imagen.jpeg,31,pointwise_conv,1x144x28x28,2.066947
16,0,imagen.jpeg,32,batchnorm,1x32x28x28,0.025623
16,0,imagen.jpeg,33,pointwise_conv,1x32x28x28,2.689973
16,0,imagen.jpeg,34,batchnorm,1x192x28x28,0.141715
16,0,imagen.jpeg,35,activacion,1x192x28x28,0.394075
16,0,imagen.jpeg,36,depthwise_conv,1x192x28x28,1.496881
16,0,imagen.jpeg,37,batchnorm,1x192x28x28,0.130652
16,0,imagen.jpeg,38,activacion,1x192x28x28,0.528429
16,0,imagen.jpeg,39,pointwise_conv,1x192x28x28,2.639036
16,0,imagen.jpeg,40,batchnorm,1x32x28x28,0.020859
16,0,imagen.jpeg,41,layer_add,1x32x28x28,0.01297
16,0,imagen.jpeg,42,pointwise_conv,1x32x28x28,2.843591
16,0,imagen.jpeg,43,batchnorm,1x192x28x28,0.149297
16,0,imagen.jpeg,44,activacion,1x192x28x28,0.45194
16,0,imagen.jpeg,45,depthwise_conv,1x192x28x28,1.571463
16,0,imagen.jpeg,46,batchnorm,1x192x28x28,0.147561
16,0,imagen.jpeg,47,activacion,1x192x28x28,0.545233
16,0,imagen.jpeg,48,pointwise_conv,1x192x28x28,2.746031
16,0,imagen.jpeg,49,batchnorm,1x32x28x28,0.023108
16,0,imagen.jpeg,50,layer_add,1x32x28x28,0.014847
16,0,imagen.jpeg,51,pointwise_conv,1x32x28x28,2.780941
16,0,imagen.jpeg,52,batchnorm,1x192x28x28,0.127817
16,0,imagen.jpeg,53,activacion,1x192x28x28,0.480192
16,0,imagen.jpeg,54,depthwise_conv,1x192x28x28,0.39718
16,0,imagen.jpeg,55,batchnorm,1x192x14x14,0.03429
16,0,imagen.jpeg,56,activacion,1x192x14x14,0.099218
16,0,imagen.jpeg,57,pointwise_conv,1x192x14x14,1.346229
16,0,imagen.jpeg,58,batchnorm,1x64x14x14,0.011577
16,0,imagen.jpeg,59,pointwise_conv,1x64x14x14,2.708091
16,0,imagen.jpeg,60,batchnorm,1x384x14x14,0.064867
16,0,imagen.jpeg,61,activacion,1x384x14x14,0.196323
16,0,imagen.jpeg,62,depthwise_conv,1x384x14x14,0.757966
16,0,imagen.jpeg,63,batchnorm,1x384x14x14,0.065812
16,0,imagen.jpeg,64,activacion,1x384x14x14,0.266758
16,0,imagen.jpeg,65,pointwise_conv,1x384x14x14,2.705949
16,0,imagen.jpeg,66,batchnorm,1x64x14x14,0.011114
16,0,imagen.jpeg,67,layer_add,1x64x14x14,0.006274
16,0,imagen.jpeg,68,pointwise_conv,1x64x14x14,2.912075
16,0,imagen.jpeg,69,batchnorm,1x384x14x14,0.098277
16,0,imagen.jpeg,70,activacion,1x384x14x14,0.272897
16,0,imagen.jpeg,71,depthwise_conv,1x384x14x14,0.794794
16,0,imagen.jpeg,72,batchnorm,1x384x14x14,0.100183
16,0,imagen.jpeg,73,activacion,1x384x14x14,0.260581
16,0,imagen.jpeg,74,pointwise_conv,1x384x14x14,2.946223
16,0,imagen.jpeg,75,batchnorm,1x64x14x14,0.012337
16,0,imagen.jpeg,76,layer_add,1x64x14x14,0.007428
16,0,imagen.jpeg,77,pointwise_conv,1x64x14x14,2.902955
16,0,imagen.jpeg,78,batchnorm,1x384x14x14,0.074793
16,0,imagen.jpeg,79,activacion,1x384x14x14,0.271504
16,0,imagen.jpeg,80,depthwise_conv,1x384x14x14,0.785792
16,0,imagen.jpeg,81,batchnorm,1x384x14x14,0.15077
16,0,imagen.jpeg,82,activacion,1x384x14x14,0.237941
16,0,imagen.jpeg,83,pointwise_conv,1x384x14x14,2.785445
16,0,imagen.jpeg,84,batchnorm,1x64x14x14,0.011559
16,0,imagen.jpeg,85,layer_add,1x64x14x14,0.007475
16,0,imagen.jpeg,86,pointwise_conv,1x64x14x14,2.78794
16,0,imagen.jpeg,87,batchnorm,1x384x14x14,0.079545
16,0,imagen.jpeg,88,activacion,1x384x14x14,0.271378
16,0,imagen.jpeg,89,depthwise_conv,1x384x14x14,0.83331
16,0,imagen.jpeg,90,batchnorm,1x384x14x14,0.076017
16,0,imagen.jpeg,91,activacion,1x384x14x14,0.261792
16,0,imagen.jpeg,92,pointwise_conv,1x384x14x14,4.250585
16,0,imagen.jpeg,93,batchnorm,1x96x14x14,0.016895
16,0,imagen.jpeg,94,pointwise_conv,1x96x14x14,6.076468
16,0,imagen.jpeg,95,batchnorm,1x576x14x14,0.11117
16,0,imagen.jpeg,96,activacion,1x576x14x14,0.364297
16,0,imagen.jpeg,97,depthwise_conv,1x576x14x14,1.204914
16,0,imagen.jpeg,98,batchnorm,1x576x14x14,0.20827
16,0,imagen.jpeg,99,activacion,1x576x14x14,0.370525
16,0,imagen.jpeg,100,pointwise_conv,1x576x14x14,6.654465
16,0,imagen.jpeg,101,batchnorm,1x96x14x14,0.018637
16,0,imagen.jpeg,102,layer_add,1x96x14x14,0.013134
16,0,imagen.jpeg,103,pointwise_conv,1x96x14x14,6.573846
16,0,imagen.jpeg,104,batchnorm,1x576x14x14,0.105863
16,0,imagen.jpeg,105,activacion,1x576x14x14,0.363212
16,0,imagen.jpeg,106,depthwise_conv,1x576x14x14,1.171968
16,0,imagen.jpeg,107,batchnorm,1x576x14x14,0.176349
16,0,imagen.jpeg,108,activacion,1x576x14x14,0.320796
16,0,imagen.jpeg,109,pointwise_conv,1x576x14x14,6.312186
16,0,imagen.jpeg,110,batchnorm,1x96x14x14,0.019429
16,0,imagen.jpeg,111,layer_add,1x96x14x14,0.012492
16,0,imagen.jpeg,112,pointwise_conv,1x96x14x14,6.333413
16,0,imagen.jpeg,113,batchnorm,1x576x14x14,0.111282
16,0,imagen.jpeg,114,activacion,1x576x14x14,0.315501
16,0,imagen.jpeg,115,depthwise_conv,1x576x14x14,0.286034
16,0,imagen.jpeg,116,batchnorm,1x576x7x7,0.030984
16,0,imagen.jpeg,117,activacion,1x576x7x7,0.066166
16,0,imagen.jpeg,118,pointwise_conv,1x576x7x7,2.629619
16,0,imagen.jpeg,119,batchnorm,1x160x7x7,0.008291
16,0,imagen.jpeg,120,pointwise_conv,1x160x7x7,4.164738
16,0,imagen.jpeg,121,batchnorm,1x960x7x7,0.053702
16,0,imagen.jpeg,122,activacion,1x960x7x7,0.154451
16,0,imagen.jpeg,123,depthwise_conv,1x960x7x7,0.45824
16,0,imagen.jpeg,124,batchnorm,1x960x7x7,0.044229
16,0,imagen.jpeg,125,activacion,1x960x7x7,0.159118
16,0,imagen.jpeg,126,pointwise_conv,1x960x7x7,4.257777
16,0,imagen.jpeg,127,batchnorm,1x160x7x7,0.008131
16,0,imagen.jpeg,128,layer_add,1x160x7x7,0.004487
16,0,imagen.jpeg,129,pointwise_conv,1x160x7x7,4.146583
16,0,imagen.jpeg,130,batchnorm,1x960x7x7,0.048101
16,0,imagen.jpeg,131,activacion,1x960x7x7,0.143114
16,0,imagen.jpeg,132,depthwise_conv,1x960x7x7,0.448283
16,0,imagen.jpeg,133,batchnorm,1x960x7x7,0.055271
16,0,imagen.jpeg,134,activacion,1x960x7x7,0.128328
16,0,imagen.jpeg,135,pointwise_conv,1x960x7x7,4.274043
16,0,imagen.jpeg,136,batchnorm,1x160x7x7,0.00978
16,0,imagen.jpeg,137,layer_add,1x160x7x7,0.004641
16,0,imagen.jpeg,138,pointwise_conv,1x160x7x7,4.367973
16,0,imagen.jpeg,139,batchnorm,1x960x7x7,0.046477
16,0,imagen.jpeg,140,activacion,1x960x7x7,0.117815
16,0,imagen.jpeg,141,depthwise_conv,1x960x7x7,0.455807
16,0,imagen.jpeg,142,batchnorm,1x960x7x7,0.049012
16,0,imagen.jpeg,143,activacion,1x960x7x7,0.092659
16,0,imagen.jpeg,144,pointwise_conv,1x960x7x7,8.243927
16,0,imagen.jpeg,145,batchnorm,1x320x7x7,0.015229
16,0,imagen.jpeg,146,pointwise_conv,1x320x7x7,11.011684
16,0,imagen.jpeg,147,batchnorm,1x1280x7x7,0.084473
16,0,imagen.jpeg,148,activacion,1x1280x7x7,0.21001
16,0,imagen.jpeg,149,pooling,1x1280x7x7,0.040096
16,0,imagen.jpeg,150,linear,1x1280,1.494531
17,0,imagen.jpeg,0,conv2d,1x3x224x224,12.469202
17,0,imagen.jpeg,1,batchnorm,1x32x112x112,0.392529
17,0,imagen.jpeg,2,activacion,1x32x112x112,0.641967
17,0,imagen.jpeg,3,depthwise_conv,1x32x112x112,3.909432
17,0,imagen.jpeg,4,batchnorm,1x32x112x112,2.306789
17,0,imagen.jpeg,5,activacion,1x32x112x112,0.754559
17,0,imagen.jpeg,6,pointwise_conv,1x32x112x112,3.748346
17,0,imagen.jpeg,7,batchnorm,1x16x112x112,0.189415
17,0,imagen.jpeg,8,pointwise_conv,1x16x112x112,12.020131
17,0,imagen.jpeg,9,batchnorm,1x96x112x112,2.173062
17,0,imagen.jpeg,10,activacion,1x96x112x112,3.516409
17,0,imagen.jpeg,11,depthwise_conv,1x96x112x112,3.116164
17,0,imagen.jpeg,12,batchnorm,1x96x56x56,0.277601
17,0,imagen.jpeg,13,activacion,1x96x56x56,1.032285
17,0,imagen.jpeg,14,pointwise_conv,1x96x56x56,4.158465
17,0,imagen.jpeg,15,batchnorm,1x24x56x56,0.069632
17,0,imagen.jpeg,16,pointwise_conv,1x24x56x56,6.85631
17,0,imagen.jpeg,17,batchnorm,1x144x56x56,0.911591
17,0,imagen.jpeg,18,activacion,1x144x56x56,1.314373
17,0,imagen.jpeg,19,depthwise_conv,1x144x56x56,4.488967
17,0,imagen.jpeg,20,batchnorm,1x144x56x56,0.898092
17,0,imagen.jpeg,21,activacion,1x144x56x56,1.693938
17,0,imagen.jpeg,22,pointwise_conv,1x144x56x56,6.336878
17,0,imagen.jpeg,23,batchnorm,1x24x56x56,0.071133
17,0,imagen.jpeg,24,layer_add,1x24x56x56,0.045201
17,0,imagen.jpeg,25,pointwise_conv,1x24x56x56,6.368697
17,0,imagen.jpeg,26,batchnorm,1x144x56x56,0.437298
17,0,imagen.jpeg,27,activacion,1x144x56x56,1.560188
17,0,imagen.jpeg,28,depthwise_conv,1x144x56x56,1.131463
17,0,imagen.jpeg,29,batchnorm,1x144x28x28,0.098494
17,0,imagen.jpeg,30,activacion,1x144x28x28,0.353634
17,0,imagen.jpeg,31,pointwise_conv,1x144x28x28,2.07327
17,0,imagen.jpeg,32,batchnorm,1x32x28x28,0.023177
17,0,imagen.jpeg,33,pointwise_conv,1x32x28x28,2.679033
17,0,imagen.jpeg,34,batchnorm,1x192x28x28,0.136929
17,0,imagen.jpeg,35,activacion,1x192x28x28,0.386453
17,0,imagen.jpeg,36,depthwise_conv,1x192x28x28,1.525102
17,0,imagen.jpeg,37,batchnorm,1x192x28x28,0.148405
17,0,imagen.jpeg,38,activacion,1x192x28x28,0.53184
17,0,imagen.jpeg,39,pointwise_conv,1x192x28x28,2.814587
17,0,imagen.jpeg,40,batchnorm,1x32x28x28,0.023253
17,0,imagen.jpeg,41,layer_add,1x32x28x28,0.014643
17,0,imagen.jpeg,42,pointwise_conv,1x32x28x28,2.680441
17,0,imagen.jpeg,43,batchnorm,1x192x28x28,0.162101
17,0,imagen.jpeg,44,activacion,1x192x28x28,0.467141
17,0,imagen.jpeg,45,depthwise_conv,1x192x28x28,1.466981
17,0,imagen.jpeg,46,batchnorm,1x192x28x28,0.12438
17,0,imagen.jpeg,47,activacion,1x192x28x28,0.557743
17,0,imagen.jpeg,48,pointwise_conv,1x192x28x28,2.754391
17,0,imagen.jpeg,49,batchnorm,1x32x28x28,0.024436
17,0,imagen.jpeg,50,layer_add,1x32x28x28,0.014965
17,0,imagen.jpeg,51,pointwise_conv,1x32x28x28,2.735319
17,0,imagen.jpeg,52,batchnorm,1x192x28x28,0.131904
17,0,imagen.jpeg,53,activacion,1x192x28x28,0.519954
17,0,imagen.jpeg,54,depthwise_conv,1x192x28x28,0.395006
17,0,imagen.jpeg,55,batchnorm,1x192x14x14,0.03529
17,0,imagen.jpeg,56,activacion,1x192x14x14,0.101083
17,0,imagen.jpeg,57,pointwise_conv,1x192x14x14,1.381289
17,0,imagen.jpeg,58,batchnorm,1x64x14x14,0.011951
17,0,imagen.jpeg,59,pointwise_conv,1x64x14x14,2.826521
17,0,imagen.jpeg,60,batchnorm,1x384x14x14,0.071582
17,0,imagen.jpeg,61,activacion,1x384x14x14,0.195796
17,0,imagen.jpeg,62,depthwise_conv,1x384x14x14,0.774772
17,0,imagen.jpeg,63,batchnorm,1x384x14x14,0.068281
17,0,imagen.jpeg,64,activacion,1x384x14x14,0.268578
17,0,imagen.jpeg,65,pointwise_conv,1x384x14x14,2.748506
17,0,imagen.jpeg,66,batchnorm,1x64x14x14,0.012053
17,0,imagen.jpeg,67,layer_add,1x64x14x14,0.007903
17,0,imagen.jpeg,68,pointwise_conv,1x64x14x14,2.827243
17,0,imagen.jpeg,69,batchnorm,1x384x14x14,0.072311
17,0,imagen.jpeg,70,activacion,1x384x14x14,0.25634
17,0,imagen.jpeg,71,depthwise_conv,1x384x14x14,0.840624
17,0,imagen.jpeg,72,batchnorm,1x384x14x14,0.105044
17,0,imagen.jpeg,73,activacion,1x384x14x14,0.273495
17,0,imagen.jpeg,74,pointwise_conv,1x384x14x14,2.881497
17,0,imagen.jpeg,75,batchnorm,1x64x14x14,0.01192
17,0,imagen.jpeg,76,layer_add,1x64x14x14,0.007186
17,0,imagen.jpeg,77,pointwise_conv,1x64x14x14,2.778994
17,0,imagen.jpeg,78,batchnorm,1x384x14x14,0.067942
17,0,imagen.jpeg,79,activacion,1x384x14x14,0.254115
17,0,imagen.jpeg,80,depthwise_conv,1x384x14x14,0.775661
17,0,imagen.jpeg,81,batchnorm,1x384x14x14,0.143033
17,0,imagen.jpeg,82,activacion,1x384x14x14,0.243906
17,0,imagen.jpeg,83,pointwise_conv,1x384x14x14,2.747813
17,0,imagen.jpeg,84,batchnorm,1x64x14x14,0.011642
17,0,imagen.jpeg,85,layer_add,1x64x14x14,0.007515
17,0,imagen.jpeg,86,pointwise_conv,1x64x14x14,2.733217
17,0,imagen.jpeg,87,batchnorm,1x384x14x14,0.064764
17,0,imagen.jpeg,88,activacion,1x384x14x14,0.299648
17,0,imagen.jpeg,89,depthwise_conv,1x384x14x14,0.759024
17,0,imagen.jpeg,90,batchnorm,1x384x14x14,0.068643
17,0,imagen.jpeg,91,activacion,1x384x14x14,0.282657
17,0,imagen.jpeg,92,pointwise_conv,1x384x14x14,4.175837
17,0,imagen.jpeg,93,batchnorm,1x96x14x14,0.017371
17,0,imagen.jpeg,94,pointwise_conv,1x96x14x14,6.064746
17,0,imagen.jpeg,95,batchnorm,1x576x14x14,0.104549
17,0,imagen.jpeg,96,activacion,1x576x14x14,0.366639
17,0,imagen.jpeg,97,depthwise_conv,1x576x14x14,1.178723
17,0,imagen.jpeg,98,batchnorm,1x576x14x14,0.254109
17,0,imagen.jpeg,99,activacion,1x576x14x14,0.350972
17,0,imagen.jpeg,100,pointwise_conv,1x576x14x14,6.380232
17,0,imagen.jpeg,101,batchnorm,1x96x14x14,0.019111
17,0,imagen.jpeg,102,layer_add,1x96x14x14,0.014609
17,0,imagen.jpeg,103,pointwise_conv,1x96x14x14,6.055804
17,0,imagen.jpeg,104,batchnorm,1x576x14x14,0.104052
17,0,imagen.jpeg,105,activacion,1x576x14x14,0.405835
17,0,imagen.jpeg,106,depthwise_conv,1x576x14x14,1.130614
17,0,imagen.jpeg,107,batchnorm,1x576x14x14,0.153934
17,0,imagen.jpeg,108,activacion,1x576x14x14,0.295619
17,0,imagen.jpeg,109,pointwise_conv,1x576x14x14,6.214184
17,0,imagen.jpeg,110,batchnorm,1x96x14x14,0.018746
17,0,imagen.jpeg,111,layer_add,1x96x14x14,0.010337
17,0,imagen.jpeg,112,pointwise_conv,1x96x14x14,6.002331
17,0,imagen.jpeg,113,batchnorm,1x576x14x14,0.102058
17,0,imagen.jpeg,114,activacion,1x576x14x14,0.305571
17,0,imagen.jpeg,115,depthwise_conv,1x576x14x14,0.273071
17,0,imagen.jpeg,116,batchnorm,1x576x7x7,0.029706
17,0,imagen.jpeg,117,activacion,1x576x7x7,0.063315
17,0,imagen.jpeg,118,pointwise_conv,1x576x7x7,2.419236
17,0,imagen.jpeg,119,batchnorm,1x160x7x7,0.007103
17,0,imagen.jpeg,120,pointwise_conv,1x160x7x7,4.124173
17,0,imagen.jpeg,121,batchnorm,1x960x7x7,0.044315
17,0,imagen.jpeg,122,activacion,1x960x7x7,0.151549
17,0,imagen.jpeg,123,depthwise_conv,1x960x7x7,0.442942
17,0,imagen.jpeg,124,batchnorm,1x960x7x7,0.044073
17,0,imagen.jpeg,125,activacion,1x960x7x7,0.143086
17,0,imagen.jpeg,126,pointwise_conv,1x960x7x7,4.104317
17,0,imagen.jpeg,127,batchnorm,1x160x7x7,0.00784
17,0,imagen.jpeg,128,layer_add,1x160x7x7,0.004483
17,0,imagen.jpeg,129,pointwise_conv,1x160x7x7,4.065749
17,0,imagen.jpeg,130,batchnorm,1x960x7x7,0.04136
17,0,imagen.jpeg,131,activacion,1x960x7x7,0.150496
17,0,imagen.jpeg,132,depthwise_conv,1x960x7x7,0.415105
17,0,imagen.jpeg,133,batchnorm,1x960x7x7,0.052664
17,0,imagen.jpeg,134,activacion,1x960x7x7,0.150923
17,0,imagen.jpeg,135,pointwise_conv,1x960x7x7,3.96305
17,0,imagen.jpeg,136,batchnorm,1x160x7x7,0.007073
17,0,imagen.jpeg,137,layer_add,1x160x7x7,0.003939
17,0,imagen.jpeg,138,pointwise_conv,1x160x7x7,4.16666
17,0,imagen.jpeg,139,batchnorm,1x960x7x7,0.044031
17,0,imagen.jpeg,140,activacion,1x960x7x7,0.134858
17,0,imagen.jpeg,141,depthwise_conv,1x960x7x7,0.508966
17,0,imagen.jpeg,142,batchnorm,1x960x7x7,0.046995
17,0,imagen.jpeg,143,activacion,1x960x7x7,0.083229
17,0,imagen.jpeg,144,pointwise_conv,1x960x7x7,8.174758
17,0,imagen.jpeg,145,batchnorm,1x320x7x7,0.014165
17,0,imagen.jpeg,146,pointwise_conv,1x320x7x7,11.039675
17,0,imagen.jpeg,147,batchnorm,1x1280x7x7,0.063156
17,0,imagen.jpeg,148,activacion,1x1280x7x7,0.182122
17,0,imagen.jpeg,149,pooling,1x1280x7x7,0.04186
17,0,imagen.jpeg,150,linear,1x1280,1.438615
18,0,imagen.jpeg,0,conv2d,1x3x224x224,12.557808
18,0,imagen.jpeg,1,batchnorm,1x32x112x112,0.456756
18,0,imagen.jpeg,2,activacion,1x32x112x112,0.636826
18,0,imagen.jpeg,3,depthwise_conv,1x32x112x112,3.860817
18,0,imagen.jpeg,4,batchnorm,1x32x112x112,2.38836
18,0,imagen.jpeg,5,activacion,1x32x112x112,0.786301
18,0,imagen.jpeg,6,pointwise_conv,1x32x112x112,3.87268
18,0,imagen.jpeg,7,batchnorm,1x16x112x112,0.183968
18,0,imagen.jpeg,8,pointwise_conv,1x16x112x112,11.893027
18,0,imagen.jpeg,9,batchnorm,1x96x112x112,2.332568
18,0,imagen.jpeg,10,activacion,1x96x112x112,3.527046
18,0,imagen.jpeg,11,depthwise_conv,1x96x112x112,3.219085
18,0,imagen.jpeg,12,batchnorm,1x96x56x56,0.287711
18,0,imagen.jpeg,13,activacion,1x96x56x56,1.036214
18,0,imagen.jpeg,14,pointwise_conv,1x96x56x56,3.948727
18,0,imagen.jpeg,15,batchnorm,1x24x56x56,0.078803
18,0,imagen.jpeg,16,pointwise_conv,1x24x56x56,6.764654
18,0,imagen.jpeg,17,batchnorm,1x144x56x56,0.897913
18,0,imagen.jpeg,18,activacion,1x144x56x56,1.311419
18,0,imagen.jpeg,19,depthwise_conv,1x144x56x56,4.470984
18,0,imagen.jpeg,20,batchnorm,1x144x56x56,0.934846
18,0,imagen.jpeg,21,activacion,1x144x56x56,1.608137
18,0,imagen.jpeg,22,pointwise_conv,1x144x56x56,6.872174
18,0,imagen.jpeg,23,batchnorm,1x24x56x56,0.072125
18,0,imagen.jpeg,24,layer_add,1x24x56x56,0.058582
18,0,imagen.jpeg,25,pointwise_conv,1x24x56x56,6.239774
18,0,imagen.jpeg,26,batchnorm,1x144x56x56,0.453529
18,0,imagen.jpeg,27,activacion,1x144x56x56,1.544926
18,0,imagen.jpeg,28,depthwise_conv,1x144x56x56,1.185533
18,0,imagen.jpeg,29,batchnorm,1x144x28x28,0.124863
18,0,imagen.jpeg,30,activacion,1x144x28x28,0.377381
18,0,imagen.jpeg,31,pointwise_conv,1x144x28x28,2.129079
18,0,imagen.jpeg,32,batchnorm,1x32x28x28,0.023173
18,0,imagen.jpeg,33,pointwise_conv,1x32x28x28,2.882752
18,0,imagen.jpeg,34,batchnorm,1x192x28x28,0.141273
18,0,imagen.jpeg,35,activacion,1x192x28x28,0.414595
18,0,imagen.jpeg,36,depthwise_conv,1x192x28x28,1.585224
18,0,imagen.jpeg,37,batchnorm,1x192x28x28,0.156023
18,0,imagen.jpeg,38,activacion,1x192x28x28,0.575085
18,0,imagen.jpeg,39,pointwise_conv,1x192x28x28,2.783686
18,0,imagen.jpeg,40,batchnorm,1x32x28x28,0.022076
18,0,imagen.jpeg,41,layer_add,1x32x28x28,0.013847
18,0,imagen.jpeg,42,pointwise_conv,1x32x28x28,2.740111
18,0,imagen.jpeg,43,batchnorm,1x192x28x28,0.126381
18,0,imagen.jpeg,44,activacion,1x192x28x28,0.432194
18,0,imagen.jpeg,45,depthwise_conv,1x192x28x28,1.505835
18,0,imagen.jpeg,46,batchnorm,1x192x28x28,0.126403
18,0,imagen.jpeg,47,activacion,1x192x28x28,0.523551
18,0,imagen.jpeg,48,pointwise_conv,1x192x28x28,2.670355
18,0,imagen.jpeg,49,batchnorm,1x32x28x28,0.021982
18,0,imagen.jpeg,50,layer_add,1x32x28x28,0.013582
18,0,imagen.jpeg,51,pointwise_conv,1x32x28x28,2.869242
18,0,imagen.jpeg,52,batchnorm,1x192x28x28,0.148636
18,0,imagen.jpeg,53,activacion,1x192x28x28,0.511946
18,0,imagen.jpeg,54,depthwise_conv,1x192x28x28,0.420408
18,0,imagen.jpeg,55,batchnorm,1x192x14x14,0.037402
18,0,imagen.jpeg,56,activacion,1x192x14x14,0.107546
18,0,imagen.jpeg,57,pointwise_conv,1x192x14x14,1.466709
18,0,imagen.jpeg,58,batchnorm,1x64x14x14,0.01186
18,0,imagen.jpeg,59,pointwise_conv,1x64x14x14,2.859498
18,0,imagen.jpeg,60,batchnorm,1x384x14x14,0.07563
18,0,imagen.jpeg,61,activacion,1x384x14x14,0.212933
18,0,imagen.jpeg,62,depthwise_conv,1x384x14x14,0.800935
18,0,imagen.jpeg,63,batchnorm,1x384x14x14,0.070142
18,0,imagen.jpeg,64,activacion,1x384x14x14,0.278731
18,0,imagen.jpeg,65,pointwise_conv,1x384x14x14,2.733991
18,0,imagen.jpeg,66,batchnorm,1x64x14x14,0.01114
18,0,imagen.jpeg,67,layer_add,1x64x14x14,0.007001
18,0,imagen.jpeg,68,pointwise_conv,1x64x14x14,2.866015
18,0,imagen.jpeg,69,batchnorm,1x384x14x14,0.079254
18,0,imagen.jpeg,70,activacion,1x384x14x14,0.279816
18,0,imagen.jpeg,71,depthwise_conv,1x384x14x14,0.835127
18,0,imagen.jpeg,72,batchnorm,1x384x14x14,0.10958
18,0,imagen.jpeg,73,activacion,1x384x14x14,0.289316
18,0,imagen.jpeg,74,pointwise_conv,1x384x14x14,2.760762
18,0,imagen.jpeg,75,batchnorm,1x64x14x14,0.011229
18,0,imagen.jpeg,76,layer_add,1x64x14x14,0.006952
18,0,imagen.jpeg,77,pointwise_conv,1x64x14x14,2.728848
18,0,imagen.jpeg,78,batchnorm,1x384x14x14,0.066558
18,0,imagen.jpeg,79,activacion,1x384x14x14,0.253101
18,0,imagen.jpeg,80,depthwise_conv,1x384x14x14,0.780214
18,0,imagen.jpeg,81,batchnorm,1x384x14x14,0.142649
18,0,imagen.jpeg,82,activacion,1x384x14x14,0.235354
18,0,imagen.jpeg,83,pointwise_conv,1x384x14x14,2.777801
18,0,imagen.jpeg,84,batchnorm,1x64x14x14,0.011087
18,0,imagen.jpeg,85,layer_add,1x64x14x14,0.005768
18,0,imagen.jpeg,86,pointwise_conv,1x64x14x14,2.773761
18,0,imagen.jpeg,87,batchnorm,1x384x14x14,0.08415
18,0,imagen.jpeg,88,activacion,1x384x14x14,0.276491
18,0,imagen.jpeg,89,depthwise_conv,1x384x14x14,0.827046
18,0,imagen.jpeg,90,batchnorm,1x384x14x14,0.073112
18,0,imagen.jpeg,91,activacion,1x384x14x14,0.254897
18,0,imagen.jpeg,92,pointwise_conv,1x384x14x14,4.364619
18,0,imagen.jpeg,93,batchnorm,1x96x14x14,0.018724
18,0,imagen.jpeg,94,pointwise_conv,1x96x14x14,6.091188
18,0,imagen.jpeg,95,batchnorm,1x576x14x14,0.103903
18,0,imagen.jpeg,96,activacion,1x576x14x14,0.355194
18,0,imagen.jpeg,97,depthwise_conv,1x576x14x14,1.188647
18,0,imagen.jpeg,98,batchnorm,1x576x14x14,0.172847
18,0,imagen.jpeg,99,activacion,1x576x14x14,0.34681
18,0,imagen.jpeg,100,pointwise_conv,1x576x14x14,6.298224
18,0,imagen.jpeg,101,batchnorm,1x96x14x14,0.018234
18,0,imagen.jpeg,102,layer_add,1x96x14x14,0.013134
18,0,imagen.jpeg,103,pointwise_conv,1x96x14x14,6.165094
18,0,imagen.jpeg,104,batchnorm,1x576x14x14,0.104916
18,0,imagen.jpeg,105,activacion,1x576x14x14,0.358111
18,0,imagen.jpeg,106,depthwise_conv,1x576x14x14,1.176927
18,0,imagen.jpeg,107,batchnorm,1x576x14x14,0.157172
18,0,imagen.jpeg,108,activacion,1x576x14x14,0.323815
18,0,imagen.jpeg,109,pointwise_conv,1x576x14x14,6.064115
18,0,imagen.jpeg,110,batchnorm,1x96x14x14,0.016581
18,0,imagen.jpeg,111,layer_add,1x96x14x14,0.009942
18,0,imagen.jpeg,112,pointwise_conv,1x96x14x14,6.269559
18,0,imagen.jpeg,113,batchnorm,1x576x14x14,0.110159
18,0,imagen.jpeg,114,activacion,1x576x14x14,0.324513
18,0,imagen.jpeg,115,depthwise_conv,1x576x14x14,0.267038
18,0,imagen.jpeg,116,batchnorm,1x576x7x7,0.02956
18,0,imagen.jpeg,117,activacion,1x576x7x7,0.065245
18,0,imagen.jpeg,118,pointwise_conv,1x576x7x7,2.479612
18,0,imagen.jpeg,119,batchnorm,1x160x7x7,0.007403
18,0,imagen.jpeg,120,pointwise_conv,1x160x7x7,3.968412
18,0,imagen.jpeg,121,batchnorm,1x960x7x7,0.041994
18,0,imagen.jpeg,122,activacion,1x960x7x7,0.145638
18,0,imagen.jpeg,123,depthwise_conv,1x960x7x7,0.466243
18,0,imagen.jpeg,124,batchnorm,1x960x7x7,0.04211
18,0,imagen.jpeg,125,activacion,1x960x7x7,0.152258
18,0,imagen.jpeg,126,pointwise_conv,1x960x7x7,4.170475
18,0,imagen.jpeg,127,batchnorm,1x160x7x7,0.008065
18,0,imagen.jpeg,128,layer_add,1x160x7x7,0.004086
18,0,imagen.jpeg,129,pointwise_conv,1x160x7x7,4.12092
18,0,imagen.jpeg,130,batchnorm,1x960x7x7,0.042599
18,0,imagen.jpeg,131,activacion,1x960x7x7,0.143097
18,0,imagen.jpeg,132,depthwise_conv,1x960x7x7,0.434679
18,0,imagen.jpeg,133,batchnorm,1x960x7x7,0.053946
18,0,imagen.jpeg,134,activacion,1x960x7x7,0.124307
18,0,imagen.jpeg,135,pointwise_conv,1x960x7x7,4.043923
18,0,imagen.jpeg,136,batchnorm,1x160x7x7,0.007514
18,0,imagen.jpeg,137,layer_add,1x160x7x7,0.003769
18,0,imagen.jpeg,138,pointwise_conv,1x160x7x7,4.143782
18,0,imagen.jpeg,139,batchnorm,1x960x7x7,0.043183
18,0,imagen.jpeg,140,activacion,1x960x7x7,0.127241
18,0,imagen.jpeg,141,depthwise_conv,1x960x7x7,0.435834
18,0,imagen.jpeg,142,batchnorm,1x960x7x7,0.052848
18,0,imagen.jpeg,143,activacion,1x960x7x7,0.087888
18,0,imagen.jpeg,144,pointwise_conv,1x960x7x7,8.132799
18,0,imagen.jpeg,145,batchnorm,1x320x7x7,0.015201
18,0,imagen.jpeg,146,pointwise_conv,1x320x7x7,11.181465
18,0,imagen.jpeg,147,batchnorm,1x1280x7x7,0.063181
18,0,imagen.jpeg,148,activacion,1x1280x7x7,0.177447
18,0,imagen.jpeg,149,pooling,1x1280x7x7,0.038542
18,0,imagen.jpeg,150,linear,1x1280,1.420026
19,0,imagen.jpeg,0,conv2d,1x3x224x224,12.302024
19,0,imagen.jpeg,1,batchnorm,1x32x112x112,0.423274
19,0,imagen.jpeg,2,activacion,1x32x112x112,0.652623
19,0,imagen.jpeg,3,depthwise_conv,1x32x112x112,4.086689
19,0,imagen.jpeg,4,batchnorm,1x32x112x112,2.419021
19,0,imagen.jpeg,5,activacion,1x32x112x112,0.820219
19,0,imagen.jpeg,6,pointwise_conv,1x32x112x112,3.877722
19,0,imagen.jpeg,7,batchnorm,1x16x112x112,0.187181
19,0,imagen.jpeg,8,pointwise_conv,1x16x112x112,11.809874
19,0,imagen.jpeg,9,batchnorm,1x96x112x112,2.294954
19,0,imagen.jpeg,10,activacion,1x96x112x112,3.671092
19,0,imagen.jpeg,11,depthwise_conv,1x96x112x112,3.396643
19,0,imagen.jpeg,12,batchnorm,1x96x56x56,0.290302
19,0,imagen.jpeg,13,activacion,1x96x56x56,1.064486
19,0,imagen.jpeg,14,pointwise_conv,1x96x56x56,4.145775
19,0,imagen.jpeg,15,batchnorm,1x24x56x56,0.078633
19,0,imagen.jpeg,16,pointwise_conv,1x24x56x56,7.036291
19,0,imagen.jpeg,17,batchnorm,1x144x56x56,0.954091
19,0,imagen.jpeg,18,activacion,1x144x56x56,1.421444
19,0,imagen.jpeg,19,depthwise_conv,1x144x56x56,4.807181
19,0,imagen.jpeg,20,batchnorm,1x144x56x56,0.960126
19,0,imagen.jpeg,21,activacion,1x144x56x56,1.692349
19,0,imagen.jpeg,22,pointwise_conv,1x144x56x56,6.350311
19,0,imagen.jpeg,23,batchnorm,1x24x56x56,0.071167
19,0,imagen.jpeg,24,layer_add,1x24x56x56,0.043174
19,0,imagen.jpeg,25,pointwise_conv,1x24x56x56,6.148367
19,0,imagen.jpeg,26,batchnorm,1x144x56x56,0.419049
19,0,imagen.jpeg,27,activacion,1x144x56x56,1.563166
19,0,imagen.jpeg,28,depthwise_conv,1x144x56x56,1.14781
19,0,imagen.jpeg,29,batchnorm,1x144x28x28,0.10579
19,0,imagen.jpeg,30,activacion,1x144x28x28,0.369035
19,0,imagen.jpeg,31,pointwise_conv,1x144x28x28,2.036665
19,0,imagen.jpeg,32,batchnorm,1x32x28x28,0.022371
19,0,imagen.jpeg,33,pointwise_conv,1x32x28x28,2.861093
19,0,imagen.jpeg,34,batchnorm,1x192x28x28,0.143478
19,0,imagen.jpeg,35,activacion,1x192x28x28,0.373225
19,0,imagen.jpeg,36,depthwise_conv,1x192x28x28,1.514289
19,0,imagen.jpeg,37,batchnorm,1x192x28x28,0.129427
19,0,imagen.jpeg,38,activacion,1x192x28x28,0.51861
19,0,imagen.jpeg,39,pointwise_conv,1x192x28x28,2.610278
19,0,imagen.jpeg,40,batchnorm,1x32x28x28,0.021389
19,0,imagen.jpeg,41,layer_add,1x32x28x28,0.014679
19,0,imagen.jpeg,42,pointwise_conv,1x32x28x28,2.652764
19,0,imagen.jpeg,43,batchnorm,1x192x28x28,0.125996
19,0,imagen.jpeg,44,activacion,1x192x28x28,0.430013
19,0,imagen.jpeg,45,depthwise_conv,1x192x28x28,1.53913
19,0,imagen.jpeg,46,batchnorm,1x192x28x28,0.146594
19,0,imagen.jpeg,47,activacion,1x192x28x28,0.528961
19,0,imagen.jpeg,48,pointwise_conv,1x192x28x28,2.708983
19,0,imagen.jpeg,49,batchnorm,1x32x28x28,0.021062
19,0,imagen.jpeg,50,layer_add,1x32x28x28,0.013056
19,0,imagen.jpeg,51,pointwise_conv,1x32x28x28,2.700559
19,0,imagen.jpeg,52,batchnorm,1x192x28x28,0.146056
19,0,imagen.jpeg,53,activacion,1x192x28x28,0.496097
19,0,imagen.jpeg,54,depthwise_conv,1x192x28x28,0.399775
19,0,imagen.jpeg,55,batchnorm,1x192x14x14,0.033885
19,0,imagen.jpeg,56,activacion,1x192x14x14,0.10185
19,0,imagen.jpeg,57,pointwise_conv,1x192x14x14,1.387182
19,0,imagen.jpeg,58,batchnorm,1x64x14x14,0.012124
19,0,imagen.jpeg,59,pointwise_conv,1x64x14x14,2.734996
19,0,imagen.jpeg,60,batchnorm,1x384x14x14,0.065898
19,0,imagen.jpeg,61,activacion,1x384x14x14,0.192179
19,0,imagen.jpeg,62,depthwise_conv,1x384x14x14,0.752828
19,0,imagen.jpeg,63,batchnorm,1x384x14x14,0.065918
19,0,imagen.jpeg,64,activacion,1x384x14x14,0.275884
19,0,imagen.jpeg,65,pointwise_conv,1x384x14x14,2.70701
19,0,imagen.jpeg,66,batchnorm,1x64x14x14,0.011437
19,0,imagen.jpeg,67,layer_add,1x64x14x14,0.013271
19,0,imagen.jpeg,68,pointwise_conv,1x64x14x14,2.88121
19,0,imagen.jpeg,69,batchnorm,1x384x14x14,0.099459
19,0,imagen.jpeg,70,activacion,1x384x14x14,0.251505
19,0,imagen.jpeg,71,depthwise_conv,1x384x14x14,0.833549
19,0,imagen.jpeg,72,batchnorm,1x384x14x14,0.125367
19,0,imagen.jpeg,73,activacion,1x384x14x14,0.289941
19,0,imagen.jpeg,74,pointwise_conv,1x384x14x14,2.759618
19,0,imagen.jpeg,75,batchnorm,1x64x14x14,0.0114
19,0,imagen.jpeg,76,layer_add,1x64x14x14,0.006935
19,0,imagen.jpeg,77,pointwise_conv,1x64x14x14,2.74427
19,0,imagen.jpeg,78,batchnorm,1x384x14x14,0.084009
19,0,imagen.jpeg,79,activacion,1x384x14x14,0.248243
19,0,imagen.jpeg,80,depthwise_conv,1x384x14x14,0.757017
19,0,imagen.jpeg,81,batchnorm,1x384x14x14,0.138896
19,0,imagen.jpeg,82,activacion,1x384x14x14,0.229523
19,0,imagen.jpeg,83,pointwise_conv,1x384x14x14,2.680449
19,0,imagen.jpeg,84,batchnorm,1x64x14x14,0.010746
19,0,imagen.jpeg,85,layer_add,1x64x14x14,0.005258
19,0,imagen.jpeg,86,pointwise_conv,1x64x14x14,2.795494
19,0,imagen.jpeg,87,batchnorm,1x384x14x14,0.067476
19,0,imagen.jpeg,88,activacion,1x384x14x14,0.251482
19,0,imagen.jpeg,89,depthwise_conv,1x384x14x14,0.776311
19,0,imagen.jpeg,90,batchnorm,1x384x14x14,0.067605
19,0,imagen.jpeg,91,activacion,1x384x14x14,0.247605
19,0,imagen.jpeg,92,pointwise_conv,1x384x14x14,4.154982
19,0,imagen.jpeg,93,batchnorm,1x96x14x14,0.017402
19,0,imagen.jpeg,94,pointwise_conv,1x96x14x14,5.876289
19,0,imagen.jpeg,95,batchnorm,1x576x14x14,0.106996
19,0,imagen.jpeg,96,activacion,1x576x14x14,0.354825
19,0,imagen.jpeg,97,depthwise_conv,1x576x14x14,1.13691
19,0,imagen.jpeg,98,batchnorm,1x576x14x14,0.174042
19,0,imagen.jpeg,99,activacion,1x576x14x14,0.347091
19,0,imagen.jpeg,100,pointwise_conv,1x576x14x14,6.195095
19,0,imagen.jpeg,101,batchnorm,1x96x14x14,0.017635
19,0,imagen.jpeg,102,layer_add,1x96x14x14,0.014437
19,0,imagen.jpeg,103,pointwise_conv,1x96x14x14,6.039392
19,0,imagen.jpeg,104,batchnorm,1x576x14x14,0.140154
19,0,imagen.jpeg,105,activacion,1x576x14x14,0.373876
19,0,imagen.jpeg,106,depthwise_conv,1x576x14x14,1.159218
19,0,imagen.jpeg,107,batchnorm,1x576x14x14,0.161704
19,0,imagen.jpeg,108,activacion,1x576x14x14,0.315447
19,0,imagen.jpeg,109,pointwise_conv,1x576x14x14,6.141572
19,0,imagen.jpeg,110,batchnorm,1x96x14x14,0.016957
19,0,imagen.jpeg,111,layer_add,1x96x14x14,0.010415
19,0,imagen.jpeg,112,pointwise_conv,1x96x14x14,6.101006
19,0,imagen.jpeg,113,batchnorm,1x576x14x14,0.104747
19,0,imagen.jpeg,114,activacion,1x576x14x14,0.345296
19,0,imagen.jpeg,115,depthwise_conv,1x576x14x14,0.276514
19,0,imagen.jpeg,116,batchnorm,1x576x7x7,0.030024
19,0,imagen.jpeg,117,activacion,1x576x7x7,0.065729
19,0,imagen.jpeg,118,pointwise_conv,1x576x7x7,2.448372
19,0,imagen.jpeg,119,batchnorm,1x160x7x7,0.007778
19,0,imagen.jpeg,120,pointwise_conv,1x160x7x7,4.034604
19,0,imagen.jpeg,121,batchnorm,1x960x7x7,0.0421
19,0,imagen.jpeg,122,activacion,1x960x7x7,0.161394
19,0,imagen.jpeg,123,depthwise_conv,1x960x7x7,0.424454
19,0,imagen.jpeg,124,batchnorm,1x960x7x7,0.049574
19,0,imagen.jpeg,125,activacion,1x960x7x7,0.145308
19,0,imagen.jpeg,126,pointwise_conv,1x960x7x7,4.122729
19,0,imagen.jpeg,127,batchnorm,1x160x7x7,0.007496
19,0,imagen.jpeg,128,layer_add,1x160x7x7,0.003927
19,0,imagen.jpeg,129,pointwise_conv,1x160x7x7,4.350751
19,0,imagen.jpeg,130,batchnorm,1x960x7x7,0.045261
19,0,imagen.jpeg,131,activacion,1x960x7x7,0.138573
19,0,imagen.jpeg,132,depthwise_conv,1x960x7x7,0.465906
19,0,imagen.jpeg,133,batchnorm,1x960x7x7,0.055467
19,0,imagen.jpeg,134,activacion,1x960x7x7,0.12504
19,0,imagen.jpeg,135,pointwise_conv,1x960x7x7,4.06126
19,0,imagen.jpeg,136,batchnorm,1x160x7x7,0.008069
19,0,imagen.jpeg,137,layer_add,1x160x7x7,0.004329
19,0,imagen.jpeg,138,pointwise_conv,1x160x7x7,4.17432
19,0,imagen.jpeg,139,batchnorm,1x960x7x7,0.045163
19,0,imagen.jpeg,140,activacion,1x960x7x7,0.117462
19,0,imagen.jpeg,141,depthwise_conv,1x960x7x7,0.433633
19,0,imagen.jpeg,142,batchnorm,1x960x7x7,0.04746
19,0,imagen.jpeg,143,activacion,1x960x7x7,0.09064
19,0,imagen.jpeg,144,pointwise_conv,1x960x7x7,8.200115
19,0,imagen.jpeg,145,batchnorm,1x320x7x7,0.015285
19,0,imagen.jpeg,146,pointwise_conv,1x320x7x7,11.46432
19,0,imagen.jpeg,147,batchnorm,1x1280x7x7,0.067933
19,0,imagen.jpeg,148,activacion,1x1280x7x7,0.196641
19,0,imagen.jpeg,149,pooling,1x1280x7x7,0.041379
19,0,imagen.jpeg,150,linear,1x1280,1.474653
20,0,imagen.jpeg,0,conv2d,1x3x224x224,12.410413
20,0,imagen.jpeg,1,batchnorm,1x32x112x112,0.430506
20,0,imagen.jpeg,2,activacion,1x32x112x112,0.678331
20,0,imagen.jpeg,3,depthwise_conv,1x32x112x112,4.166309
20,0,imagen.jpeg,4,batchnorm,1x32x112x112,2.348135
20,0,imagen.jpeg,5,activacion,1x32x112x112,0.763356
20,0,imagen.jpeg,6,pointwise_conv,1x32x112x112,3.768481
20,0,imagen.jpeg,7,batchnorm,1x16x112x112,0.1909
20,0,imagen.jpeg,8,pointwise_conv,1x16x112x112,11.818575
20,0,imagen.jpeg,9,batchnorm,1x96x112x112,2.126769
20,0,imagen.jpeg,10,activacion,1x96x112x112,3.506056
20,0,imagen.jpeg,11,depthwise_conv,1x96x112x112,3.242917
20,0,imagen.jpeg,12,batchnorm,1x96x56x56,0.287351
20,0,imagen.jpeg,13,activacion,1x96x56x56,1.046069
20,0,imagen.jpeg,14,pointwise_conv,1x96x56x56,3.961365
20,0,imagen.jpeg,15,batchnorm,1x24x56x56,0.062676
20,0,imagen.jpeg,16,pointwise_conv,1x24x56x56,6.818811
20,0,imagen.jpeg,17,batchnorm,1x144x56x56,0.902877
20,0,imagen.jpeg,18,activacion,1x144x56x56,1.388226
20,0,imagen.jpeg,19,depthwise_conv,1x144x56x56,4.534077
20,0,imagen.jpeg,20,batchnorm,1x144x56x56,0.9033
20,0,imagen.jpeg,21,activacion,1x144x56x56,1.648135
20,0,imagen.jpeg,22,pointwise_conv,1x144x56x56,6.168156
20,0,imagen.jpeg,23,batchnorm,1x24x56x56,0.072277
20,0,imagen.jpeg,24,layer_add,1x24x56x56,0.065229
20,0,imagen.jpeg,25,pointwise_conv,1x24x56x56,6.122489
20,0,imagen.jpeg,26,batchnorm,1x144x56x56,0.452771
20,0,imagen.jpeg,27,activacion,1x144x56x56,1.570577
20,0,imagen.jpeg,28,depthwise_conv,1x144x56x56,1.152715
20,0,imagen.jpeg,29,batchnorm,1x144x28x28,0.096271
20,0,imagen.jpeg,30,activacion,1x144x28x28,0.343116
20,0,imagen.jpeg,31,pointwise_conv,1x144x28x28,1.973559
20,0,imagen.jpeg,32,batchnorm,1x32x28x28,0.021635
20,0,imagen.jpeg,33,pointwise_conv,1x32x28x28,2.701679
20,0,imagen.jpeg,34,batchnorm,1x192x28x28,0.138357
20,0,imagen.jpeg,35,activacion,1x192x28x28,0.432723
20,0,imagen.jpeg,36,depthwise_conv,1x192x28x28,1.55707
20,0,imagen.jpeg,37,batchnorm,1x192x28x28,0.137828
20,0,imagen.jpeg,38,activacion,1x192x28x28,0.538249
20,0,imagen.jpeg,39,pointwise_conv,1x192x28x28,2.718073
20,0,imagen.jpeg,40,batchnorm,1x32x28x28,0.021424
20,0,imagen.jpeg,41,layer_add,1x32x28x28,0.014409
20,0,imagen.jpeg,42,pointwise_conv,1x32x28x28,2.663145
20,0,imagen.jpeg,43,batchnorm,1x192x28x28,0.126212
20,0,imagen.jpeg,44,activacion,1x192x28x28,0.42752
20,0,imagen.jpeg,45,depthwise_conv,1x192x28x28,1.523007
20,0,imagen.jpeg,46,batchnorm,1x192x28x28,0.125647
20,0,imagen.jpeg,47,activacion,1x192x28x28,0.503171
20,0,imagen.jpeg,48,pointwise_conv,1x192x28x28,2.650946
20,0,imagen.jpeg,49,batchnorm,1x32x28x28,0.02234
20,0,imagen.jpeg,50,layer_add,1x32x28x28,0.013294
20,0,imagen.jpeg,51,pointwise_conv,1x32x28x28,2.702492
20,0,imagen.jpeg,52,batchnorm,1x192x28x28,0.124114
20,0,imagen.jpeg,53,activacion,1x192x28x28,0.477366
20,0,imagen.jpeg,54,depthwise_conv,1x192x28x28,0.40135
20,0,imagen.jpeg,55,batchnorm,1x192x14x14,0.056067
20,0,imagen.jpeg,56,activacion,1x192x14x14,0.098085
20,0,imagen.jpeg,57,pointwise_conv,1x192x14x14,1.384469
20,0,imagen.jpeg,58,batchnorm,1x64x14x14,0.011734
20,0,imagen.jpeg,59,pointwise_conv,1x64x14x14,2.733078
20,0,imagen.jpeg,60,batchnorm,1x384x14x14,0.068962
20,0,imagen.jpeg,61,activacion,1x384x14x14,0.210816
20,0,imagen.jpeg,62,depthwise_conv,1x384x14x14,0.768366
20,0,imagen.jpeg,63,batchnorm,1x384x14x14,0.068752
20,0,imagen.jpeg,64,activacion,1x384x14x14,0.267741
20,0,imagen.jpeg,65,pointwise_conv,1x384x14x14,2.826764
20,0,imagen.jpeg,66,batchnorm,1x64x14x14,0.01175
20,0,imagen.jpeg,67,layer_add,1x64x14x14,0.006859
20,0,imagen.jpeg,68,pointwise_conv,1x64x14x14,2.752991
20,0,imagen.jpeg,69,batchnorm,1x384x14x14,0.086434
20,0,imagen.jpeg,70,activacion,1x384x14x14,0.228609
20,0,imagen.jpeg,71,depthwise_conv,1x384x14x14,0.871921
20,0,imagen.jpeg,72,batchnorm,1x384x14x14,0.117221
20,0,imagen.jpeg,73,activacion,1x384x14x14,0.281962
20,0,imagen.jpeg,74,pointwise_conv,1x384x14x14,3.100325
20,0,imagen.jpeg,75,batchnorm,1x64x14x14,0.01253
20,0,imagen.jpeg,76,layer_add,1x64x14x14,0.007116
20,0,imagen.jpeg,77,pointwise_conv,1x64x14x14,2.802533
20,0,imagen.jpeg,78,batchnorm,1x384x14x14,0.067227
20,0,imagen.jpeg,79,activacion,1x384x14x14,0.256903
20,0,imagen.jpeg,80,depthwise_conv,1x384x14x14,0.770092
20,0,imagen.jpeg,81,batchnorm,1x384x14x14,0.143244
20,0,imagen.jpeg,82,activacion,1x384x14x14,0.231501
20,0,imagen.jpeg,83,pointwise_conv,1x384x14x14,2.761642
20,0,imagen.jpeg,84,batchnorm,1x64x14x14,0.014312
20,0,imagen.jpeg,85,layer_add,1x64x14x14,0.006324
20,0,imagen.jpeg,86,pointwise_conv,1x64x14x14,2.734547
20,0,imagen.jpeg,87,batchnorm,1x384x14x14,0.064068
20,0,imagen.jpeg,88,activacion,1x384x14x14,0.24895
20,0,imagen.jpeg,89,depthwise_conv,1x384x14x14,0.794566
20,0,imagen.jpeg,90,batchnorm,1x384x14x14,0.066936
20,0,imagen.jpeg,91,activacion,1x384x14x14,0.243162
20,0,imagen.jpeg,92,pointwise_conv,1x384x14x14,4.231361
20,0,imagen.jpeg,93,batchnorm,1x96x14x14,0.018656
20,0,imagen.jpeg,94,pointwise_conv,1x96x14x14,6.033086
20,0,imagen.jpeg,95,batchnorm,1x576x14x14,0.104918
20,0,imagen.jpeg,96,activacion,1x576x14x14,0.35827
20,0,imagen.jpeg,97,depthwise_conv,1x576x14x14,1.19198
20,0,imagen.jpeg,98,batchnorm,1x576x14x14,0.168493
20,0,imagen.jpeg,99,activacion,1x576x14x14,0.319491
20,0,imagen.jpeg,100,pointwise_conv,1x576x14x14,6.175831
20,0,imagen.jpeg,101,batchnorm,1x96x14x14,0.019451
20,0,imagen.jpeg,102,layer_add,1x96x14x14,0.013568
20,0,imagen.jpeg,103,pointwise_conv,1x96x14x14,6.465204
20,0,imagen.jpeg,104,batchnorm,1x576x14x14,0.111291
20,0,imagen.jpeg,105,activacion,1x576x14x14,0.390135
20,0,imagen.jpeg,106,depthwise_conv,1x576x14x14,1.158335
20,0,imagen.jpeg,107,batchnorm,1x576x14x14,0.157903
20,0,imagen.jpeg,108,activacion,1x576x14x14,0.304225
20,0,imagen.jpeg,109,pointwise_conv,1x576x14x14,6.272393
20,0,imagen.jpeg,110,batchnorm,1x96x14x14,0.018651
20,0,imagen.jpeg,111,layer_add,1x96x14x14,0.010647
20,0,imagen.jpeg,112,pointwise_conv,1x96x14x14,6.158057
20,0,imagen.jpeg,113,batchnorm,1x576x14x14,0.10459
20,0,imagen.jpeg,114,activacion,1x576x14x14,0.407561
20,0,imagen.jpeg,115,depthwise_conv,1x576x14x14,0.278714
20,0,imagen.jpeg,116,batchnorm,1x576x7x7,0.037763
20,0,imagen.jpeg,117,activacion,1x576x7x7,0.064982
20,0,imagen.jpeg,118,pointwise_conv,1x576x7x7,2.446839
20,0,imagen.jpeg,119,batchnorm,1x160x7x7,0.007389
20,0,imagen.jpeg,120,pointwise_conv,1x160x7x7,4.056972
20,0,imagen.jpeg,121,batchnorm,1x960x7x7,0.04152
20,0,imagen.jpeg,122,activacion,1x960x7x7,0.146201
20,0,imagen.jpeg,123,depthwise_conv,1x960x7x7,0.414542
20,0,imagen.jpeg,124,batchnorm,1x960x7x7,0.064675
20,0,imagen.jpeg,125,activacion,1x960x7x7,0.148179
20,0,imagen.jpeg,126,pointwise_conv,1x960x7x7,4.134201
20,0,imagen.jpeg,127,batchnorm,1x160x7x7,0.00741
20,0,imagen.jpeg,128,layer_add,1x160x7x7,0.003937
20,0,imagen.jpeg,129,pointwise_conv,1x160x7x7,4.097721
20,0,imagen.jpeg,130,batchnorm,1x960x7x7,0.044231
20,0,imagen.jpeg,131,activacion,1x960x7x7,0.139908
20,0,imagen.jpeg,132,depthwise_conv,1x960x7x7,0.43679
20,0,imagen.jpeg,133,batchnorm,1x960x7x7,0.05404
20,0,imagen.jpeg,134,activacion,1x960x7x7,0.124742
20,0,imagen.jpeg,135,pointwise_conv,1x960x7x7,4.073033
20,0,imagen.jpeg,136,batchnorm,1x160x7x7,0.010259
20,0,imagen.jpeg,137,layer_add,1x160x7x7,0.004092
20,0,imagen.jpeg,138,pointwise_conv,1x160x7x7,4.059832
20,0,imagen.jpeg,139,batchnorm,1x960x7x7,0.044967
20,0,imagen.jpeg,140,activacion,1x960x7x7,0.115032
20,0,imagen.jpeg,141,depthwise_conv,1x960x7x7,0.444478
20,0,imagen.jpeg,142,batchnorm,1x960x7x7,0.046709
20,0,imagen.jpeg,143,activacion,1x960x7x7,0.087735
20,0,imagen.jpeg,144,pointwise_conv,1x960x7x7,8.183328
20,0,imagen.jpeg,145,batchnorm,1x320x7x7,0.015416
20,0,imagen.jpeg,146,pointwise_conv,1x320x7x7,11.00424
20,0,imagen.jpeg,147,batchnorm,1x1280x7x7,0.063176
20,0,imagen.jpeg,148,activacion,1x1280x7x7,0.192906
20,0,imagen.jpeg,149,pooling,1x1280x7x7,0.039291
20,0,imagen.jpeg,150,linear,1x1280,1.504429
21,0,imagen.jpeg,0,conv2d,1x3x224x224,12.54065
21,0,imagen.jpeg,1,batchnorm,1x32x112x112,0.409758
21,0,imagen.jpeg,2,activacion,1x32x112x112,0.676611
21,0,imagen.jpeg,3,depthwise_conv,1x32x112x112,4.322686
21,0,imagen.jpeg,4,batchnorm,1x32x112x112,2.546278
21,0,imagen.jpeg,5,activacion,1x32x112x112,0.825302
21,0,imagen.jpeg,6,pointwise_conv,1x32x112x112,4.591456
21,0,imagen.jpeg,7,batchnorm,1x16x112x112,0.220515
21,0,imagen.jpeg,8,pointwise_conv,1x16x112x112,13.109224
21,0,imagen.jpeg,9,batchnorm,1x96x112x112,2.22145
21,0,imagen.jpeg,10,activacion,1x96x112x112,3.739054
21,0,imagen.jpeg,11,depthwise_conv,1x96x112x112,3.564185
21,0,imagen.jpeg,12,batchnorm,1x96x56x56,0.304279
21,0,imagen.jpeg,13,activacion,1x96x56x56,1.097647
21,0,imagen.jpeg,14,pointwise_conv,1x96x56x56,4.415638
21,0,imagen.jpeg,15,batchnorm,1x24x56x56,0.073456
21,0,imagen.jpeg,16,pointwise_conv,1x24x56x56,7.077863
21,0,imagen.jpeg,17,batchnorm,1x144x56x56,0.930667
21,0,imagen.jpeg,18,activacion,1x144x56x56,1.339129
21,0,imagen.jpeg,19,depthwise_conv,1x144x56x56,4.667335
21,0,imagen.jpeg,20,batchnorm,1x144x56x56,0.931763
21,0,imagen.jpeg,21,activacion,1x144x56x56,1.850371
21,0,imagen.jpeg,22,pointwise_conv,1x144x56x56,7.871111
21,0,imagen.jpeg,23,batchnorm,1x24x56x56,0.071254
21,0,imagen.jpeg,24,layer_add,1x24x56x56,0.044013
21,0,imagen.jpeg,25,pointwise_conv,1x24x56x56,6.348802
21,0,imagen.jpeg,26,batchnorm,1x144x56x56,0.474031
21,0,imagen.jpeg,27,activacion,1x144x56x56,1.682648
21,0,imagen.jpeg,28,depthwise_conv,1x144x56x56,1.257004
21,0,imagen.jpeg,29,batchnorm,1x144x28x28,0.105865
21,0,imagen.jpeg,30,activacion,1x144x28x28,0.375226
21,0,imagen.jpeg,31,pointwise_conv,1x144x28x28,2.139461
21,0,imagen.jpeg,32,batchnorm,1x32x28x28,0.02492
21,0,imagen.jpeg,33,pointwise_conv,1x32x28x28,2.91417
21,0,imagen.jpeg,34,batchnorm,1x192x28x28,0.151385
21,0,imagen.jpeg,35,activacion,1x192x28x28,0.404053
21,0,imagen.jpeg,36,depthwise_conv,1x192x28x28,1.569633
21,0,imagen.jpeg,37,batchnorm,1x192x28x28,0.138296
21,0,imagen.jpeg,38,activacion,1x192x28x28,0.558311
21,0,imagen.jpeg,39,pointwise_conv,1x192x28x28,2.769899
21,0,imagen.jpeg,40,batchnorm,1x32x28x28,0.021776
21,0,imagen.jpeg,41,layer_add,1x32x28x28,0.013295
21,0,imagen.jpeg,42,pointwise_conv,1x32x28x28,2.73152
21,0,imagen.jpeg,43,batchnorm,1x192x28x28,0.126021
21,0,imagen.jpeg,44,activacion,1x192x28x28,0.427253
21,0,imagen.jpeg,45,depthwise_conv,1x192x28x28,1.537005
21,0,imagen.jpeg,46,batchnorm,1x192x28x28,0.125308
21,0,imagen.jpeg,47,activacion,1x192x28x28,0.497108
21,0,imagen.jpeg,48,pointwise_conv,1x192x28x28,2.633454
21,0,imagen.jpeg,49,batchnorm,1x32x28x28,0.022304
21,0,imagen.jpeg,50,layer_add,1x32x28x28,0.014797
21,0,imagen.jpeg,51,pointwise_conv,1x32x28x28,3.04197
21,0,imagen.jpeg,52,batchnorm,1x192x28x28,0.15178
21,0,imagen.jpeg,53,activacion,1x192x28x28,0.517285
21,0,imagen.jpeg,54,depthwise_conv,1x192x28x28,0.396808
21,0,imagen.jpeg,55,batchnorm,1x192x14x14,0.034873
21,0,imagen.jpeg,56,activacion,1x192x14x14,0.103781
21,0,imagen.jpeg,57,pointwise_conv,1x192x14x14,1.428666
21,0,imagen.jpeg,58,batchnorm,1x64x14x14,0.012025
21,0,imagen.jpeg,59,pointwise_conv,1x64x14x14,2.810436
21,0,imagen.jpeg,60,batchnorm,1x384x14x14,0.09513
21,0,imagen.jpeg,61,activacion,1x384x14x14,0.202555
21,0,imagen.jpeg,62,depthwise_conv,1x384x14x14,0.794191
21,0,imagen.jpeg,63,batchnorm,1x384x14x14,0.075179
21,0,imagen.jpeg,64,activacion,1x384x14x14,0.29805
21,0,imagen.jpeg,65,pointwise_conv,1x384x14x14,2.774424
21,0,imagen.jpeg,66,batchnorm,1x64x14x14,0.011617
21,0,imagen.jpeg,67,layer_add,1x64x14x14,0.007148
21,0,imagen.jpeg,68,pointwise_conv,1x64x14x14,2.871048
21,0,imagen.jpeg,69,batchnorm,1x384x14x14,0.085309
21,0,imagen.jpeg,70,activacion,1x384x14x14,0.240587
21,0,imagen.jpeg,71,depthwise_conv,1x384x14x14,0.789183
21,0,imagen.jpeg,72,batchnorm,1x384x14x14,0.1002
21,0,imagen.jpeg,73,activacion,1x384x14x14,0.262544
21,0,imagen.jpeg,74,pointwise_conv,1x384x14x14,2.797038
21,0,imagen.jpeg,75,batchnorm,1x64x14x14,0.011093
21,0,imagen.jpeg,76,layer_add,1x64x14x14,0.006361
21,0,imagen.jpeg,77,pointwise_conv,1x64x14x14,2.712149
21,0,imagen.jpeg,78,batchnorm,1x384x14x14,0.066
21,0,imagen.jpeg,79,activacion,1x384x14x14,0.253029
21,0,imagen.jpeg,80,depthwise_conv,1x384x14x14,0.772027
21,0,imagen.jpeg,81,batchnorm,1x384x14x14,0.142346
21,0,imagen.jpeg,82,activacion,1x384x14x14,0.234557
21,0,imagen.jpeg,83,pointwise_conv,1x384x14x14,2.874124
21,0,imagen.jpeg,84,batchnorm,1x64x14x14,0.011871
21,0,imagen.jpeg,85,layer_add,1x64x14x14,0.007198
21,0,imagen.jpeg,86,pointwise_conv,1x64x14x14,2.774224
21,0,imagen.jpeg,87,batchnorm,1x384x14x14,0.06696
21,0,imagen.jpeg,88,activacion,1x384x14x14,0.261274
21,0,imagen.jpeg,89,depthwise_conv,1x384x14x14,0.796475
21,0,imagen.jpeg,90,batchnorm,1x384x14x14,0.069274
21,0,imagen.jpeg,91,activacion,1x384x14x14,0.26055
21,0,imagen.jpeg,92,pointwise_conv,1x384x14x14,4.185921
21,0,imagen.jpeg,93,batchnorm,1x96x14x14,0.016929
21,0,imagen.jpeg,94,pointwise_conv,1x96x14x14,6.030902
21,0,imagen.jpeg,95,batchnorm,1x576x14x14,0.108325
21,0,imagen.jpeg,96,activacion,1x576x14x14,0.407481
21,0,imagen.jpeg,97,depthwise_conv,1x576x14x14,1.159772
21,0,imagen.jpeg,98,batchnorm,1x576x14x14,0.16894
21,0,imagen.jpeg,99,activacion,1x576x14x14,0.346169
21,0,imagen.jpeg,100,pointwise_conv,1x576x14x14,6.188905
21,0,imagen.jpeg,101,batchnorm,1x96x14x14,0.017284
21,0,imagen.jpeg,102,layer_add,1x96x14x14,0.027896
21,0,imagen.jpeg,103,pointwise_conv,1x96x14x14,5.878548
21,0,imagen.jpeg,104,batchnorm,1x576x14x14,0.101247
21,0,imagen.jpeg,105,activacion,1x576x14x14,0.353228
21,0,imagen.jpeg,106,depthwise_conv,1x576x14x14,1.124989
21,0,imagen.jpeg,107,batchnorm,1x576x14x14,0.159645
21,0,imagen.jpeg,108,activacion,1x576x14x14,0.327439
21,0,imagen.jpeg,109,pointwise_conv,1x576x14x14,6.184535
21,0,imagen.jpeg,110,batchnorm,1x96x14x14,0.018616
21,0,imagen.jpeg,111,layer_add,1x96x14x14,0.011047
21,0,imagen.jpeg,112,pointwise_conv,1x96x14x14,6.088297
21,0,imagen.jpeg,113,batchnorm,1x576x14x14,0.162051
21,0,imagen.jpeg,114,activacion,1x576x14x14,0.372287
21,0,imagen.jpeg,115,depthwise_conv,1x576x14x14,0.267283
21,0,imagen.jpeg,116,batchnorm,1x576x7x7,0.029709
21,0,imagen.jpeg,117,activacion,1x576x7x7,0.07118
21,0,imagen.jpeg,118,pointwise_conv,1x576x7x7,2.452923
21,0,imagen.jpeg,119,batchnorm,1x160x7x7,0.007329
21,0,imagen.jpeg,120,pointwise_conv,1x160x7x7,4.170312
21,0,imagen.jpeg,121,batchnorm,1x960x7x7,0.043157
21,0,imagen.jpeg,122,activacion,1x960x7x7,0.149678
21,0,imagen.jpeg,123,depthwise_conv,1x960x7x7,0.447195
21,0,imagen.jpeg,124,batchnorm,1x960x7x7,0.043198
21,0,imagen.jpeg,125,activacion,1x960x7x7,0.13984
21,0,imagen.jpeg,126,pointwise_conv,1x960x7x7,4.130563
21,0,imagen.jpeg,127,batchnorm,1x160x7x7,0.007551
21,0,imagen.jpeg,128,layer_add,1x160x7x7,0.004374
21,0,imagen.jpeg,129,pointwise_conv,1x160x7x7,4.177212
21,0,imagen.jpeg,130,batchnorm,1x960x7x7,0.04232
21,0,imagen.jpeg,131,activacion,1x960x7x7,0.155419
21,0,imagen.jpeg,132,depthwise_conv,1x960x7x7,0.423425
21,0,imagen.jpeg,133,batchnorm,1x960x7x7,0.053648
21,0,imagen.jpeg,134,activacion,1x960x7x7,0.140179
21,0,imagen.jpeg,135,pointwise_conv,1x960x7x7,4.133106
21,0,imagen.jpeg,136,batchnorm,1x160x7x7,0.007514
21,0,imagen.jpeg,137,layer_add,1x160x7x7,0.004169
21,0,imagen.jpeg,138,pointwise_conv,1x160x7x7,4.136971
21,0,imagen.jpeg,139,batchnorm,1x960x7x7,0.044215
21,0,imagen.jpeg,140,activacion,1x960x7x7,0.11171
21,0,imagen.jpeg,141,depthwise_conv,1x960x7x7,0.423771
21,0,imagen.jpeg,142,batchnorm,1x960x7x7,0.045295
21,0,imagen.jpeg,143,activacion,1x960x7x7,0.087907
21,0,imagen.jpeg,144,pointwise_conv,1x960x7x7,7.971122
21,0,imagen.jpeg,145,batchnorm,1x320x7x7,0.014521
21,0,imagen.jpeg,146,pointwise_conv,1x320x7x7,11.061023
21,0,imagen.jpeg,147,batchnorm,1x1280x7x7,0.06634
21,0,imagen.jpeg,148,activacion,1x1280x7x7,0.187081
21,0,imagen.jpeg,149,pooling,1x1280x7x7,0.039855
21,0,imagen.jpeg,150,linear,1x1280,1.460681
22,0,imagen.jpeg,0,conv2d,1x3x224x224,12.494146
22,0,imagen.jpeg,1,batchnorm,1x32x112x112,0.41478
22,0,imagen.jpeg,2,activacion,1x32x112x112,0.634519
22,0,imagen.jpeg,3,depthwise_conv,1x32x112x112,4.00606
22,0,imagen.jpeg,4,batchnorm,1x32x112x112,2.340206
22,0,imagen.jpeg,5,activacion,1x32x112x112,0.720588
22,0,imagen.jpeg,6,pointwise_conv,1x32x112x112,3.647994
22,0,imagen.jpeg,7,batchnorm,1x16x112x112,0.188878
22,0,imagen.jpeg,8,pointwise_conv,1x16x112x112,13.074289
22,0,imagen.jpeg,9,batchnorm,1x96x112x112,2.339686
22,0,imagen.jpeg,10,activacion,1x96x112x112,3.459388
22,0,imagen.jpeg,11,depthwise_conv,1x96x112x112,3.194751
22,0,imagen.jpeg,12,batchnorm,1x96x56x56,0.278781
22,0,imagen.jpeg,13,activacion,1x96x56x56,1.053921
22,0,imagen.jpeg,14,pointwise_conv,1x96x56x56,4.184912
22,0,imagen.jpeg,15,batchnorm,1x24x56x56,0.066056
22,0,imagen.jpeg,16,pointwise_conv,1x24x56x56,6.776842
22,0,imagen.jpeg,17,batchnorm,1x144x56x56,0.90947
22,0,imagen.jpeg,18,activacion,1x144x56x56,1.321903
22,0,imagen.jpeg,19,depthwise_conv,1x144x56x56,4.500689
22,0,imagen.jpeg,20,batchnorm,1x144x56x56,1.093101
22,0,imagen.jpeg,21,activacion,1x144x56x56,1.711027
22,0,imagen.jpeg,22,pointwise_conv,1x144x56x56,6.082311
22,0,imagen.jpeg,23,batchnorm,1x24x56x56,0.065509
22,0,imagen.jpeg,24,layer_add,1x24x56x56,0.042051
22,0,imagen.jpeg,25,pointwise_conv,1x24x56x56,5.980222
22,0,imagen.jpeg,26,batchnorm,1x144x56x56,0.429226
22,0,imagen.jpeg,27,activacion,1x144x56x56,1.544486
22,0,imagen.jpeg,28,depthwise_conv,1x144x56x56,1.1825
22,0,imagen.jpeg,29,batchnorm,1x144x28x28,0.114229
22,0,imagen.jpeg,30,activacion,1x144x28x28,0.350833
22,0,imagen.jpeg,31,pointwise_conv,1x144x28x28,2.033794
22,0,imagen.jpeg,32,batchnorm,1x32x28x28,0.053061
22,0,imagen.jpeg,33,pointwise_conv,1x32x28x28,2.713977
22,0,imagen.jpeg,34,batchnorm,1x192x28x28,0.135053
22,0,imagen.jpeg,35,activacion,1x192x28x28,0.370275
22,0,imagen.jpeg,36,depthwise_conv,1x192x28x28,1.545293
22,0,imagen.jpeg,37,batchnorm,1x192x28x28,0.141886
22,0,imagen.jpeg,38,activacion,1x192x28x28,0.545765
22,0,imagen.jpeg,39,pointwise_conv,1x192x28x28,2.709029
22,0,imagen.jpeg,40,batchnorm,1x32x28x28,0.021034
22,0,imagen.jpeg,41,layer_add,1x32x28x28,0.012791
22,0,imagen.jpeg,42,pointwise_conv,1x32x28x28,2.701193
22,0,imagen.jpeg,43,batchnorm,1x192x28x28,0.149885
22,0,imagen.jpeg,44,activacion,1x192x28x28,0.455282
22,0,imagen.jpeg,45,depthwise_conv,1x192x28x28,1.577869
22,0,imagen.jpeg,46,batchnorm,1x192x28x28,0.130599
22,0,imagen.jpeg,47,activacion,1x192x28x28,0.518279
22,0,imagen.jpeg,48,pointwise_conv,1x192x28x28,2.71193
22,0,imagen.jpeg,49,batchnorm,1x32x28x28,0.022837
22,0,imagen.jpeg,50,layer_add,1x32x28x28,0.014044
22,0,imagen.jpeg,51,pointwise_conv,1x32x28x28,2.662168
22,0,imagen.jpeg,52,batchnorm,1x192x28x28,0.126461
22,0,imagen.jpeg,53,activacion,1x192x28x28,0.497907
22,0,imagen.jpeg,54,depthwise_conv,1x192x28x28,0.400627
22,0,imagen.jpeg,55,batchnorm,1x192x14x14,0.035266
22,0,imagen.jpeg,56,activacion,1x192x14x14,0.098507
22,0,imagen.jpeg,57,pointwise_conv,1x192x14x14,1.368593
22,0,imagen.jpeg,58,batchnorm,1x64x14x14,0.011383
22,0,imagen.jpeg,59,pointwise_conv,1x64x14x14,2.720825
22,0,imagen.jpeg,60,batchnorm,1x384x14x14,0.067398
22,0,imagen.jpeg,61,activacion,1x384x14x14,0.206622
22,0,imagen.jpeg,62,depthwise_conv,1x384x14x14,0.770596
22,0,imagen.jpeg,63,batchnorm,1x384x14x14,0.068456
22,0,imagen.jpeg,64,activacion,1x384x14x14,0.26802
22,0,imagen.jpeg,65,pointwise_conv,1x384x14x14,2.760479
22,0,imagen.jpeg,66,batchnorm,1x64x14x14,0.011594
22,0,imagen.jpeg,67,layer_add,1x64x14x14,0.006687
22,0,imagen.jpeg,68,pointwise_conv,1x64x14x14,2.889467
22,0,imagen.jpeg,69,batchnorm,1x384x14x14,0.078986
22,0,imagen.jpeg,70,activacion,1x384x14x14,0.247579
22,0,imagen.jpeg,71,depthwise_conv,1x384x14x14,0.809736
22,0,imagen.jpeg,72,batchnorm,1x384x14x14,0.114226
22,0,imagen.jpeg,73,activacion,1x384x14x14,0.27147
22,0,imagen.jpeg,74,pointwise_conv,1x384x14x14,2.761258
22,0,imagen.jpeg,75,batchnorm,1x64x14x14,0.011236
22,0,imagen.jpeg,76,layer_add,1x64x14x14,0.00682
22,0,imagen.jpeg,77,pointwise_conv,1x64x14x14,2.70587
22,0,imagen.jpeg,78,batchnorm,1x384x14x14,0.067359
22,0,imagen.jpeg,79,activacion,1x384x14x14,0.260946
22,0,imagen.jpeg,80,depthwise_conv,1x384x14x14,0.774447
22,0,imagen.jpeg,81,batchnorm,1x384x14x14,0.14251
22,0,imagen.jpeg,82,activacion,1x384x14x14,0.249377
22,0,imagen.jpeg,83,pointwise_conv,1x384x14x14,2.784944
22,0,imagen.jpeg,84,batchnorm,1x64x14x14,0.011105
22,0,imagen.jpeg,85,layer_add,1x64x14x14,0.005764
22,0,imagen.jpeg,86,pointwise_conv,1x64x14x14,4.425298
22,0,imagen.jpeg,87,batchnorm,1x384x14x14,0.142393
22,0,imagen.jpeg,88,activacion,1x384x14x14,0.275476
22,0,imagen.jpeg,89,depthwise_conv,1x384x14x14,0.851134
22,0,imagen.jpeg,90,batchnorm,1x384x14x14,0.076329
22,0,imagen.jpeg,91,activacion,1x384x14x14,0.250367
22,0,imagen.jpeg,92,pointwise_conv,1x384x14x14,4.13325
22,0,imagen.jpeg,93,batchnorm,1x96x14x14,0.017847
22,0,imagen.jpeg,94,pointwise_conv,1x96x14x14,6.395871
22,0,imagen.jpeg,95,batchnorm,1x576x14x14,0.124154
22,0,imagen.jpeg,96,activacion,1x576x14x14,0.387521
22,0,imagen.jpeg,97,depthwise_conv,1x576x14x14,1.274795
22,0,imagen.jpeg,98,batchnorm,1x576x14x14,0.210655
22,0,imagen.jpeg,99,activacion,1x576x14x14,0.348872
22,0,imagen.jpeg,100,pointwise_conv,1x576x14x14,6.179567
22,0,imagen.jpeg,101,batchnorm,1x96x14x14,0.019174
22,0,imagen.jpeg,102,layer_add,1x96x14x14,0.014067
22,0,imagen.jpeg,103,pointwise_conv,1x96x14x14,6.114951
22,0,imagen.jpeg,104,batchnorm,1x576x14x14,0.104066
22,0,imagen.jpeg,105,activacion,1x576x14x14,0.367554
22,0,imagen.jpeg,106,depthwise_conv,1x576x14x14,1.178978
22,0,imagen.jpeg,107,batchnorm,1x576x14x14,0.157594
22,0,imagen.jpeg,108,activacion,1x576x14x14,0.303735
22,0,imagen.jpeg,109,pointwise_conv,1x576x14x14,6.285583
22,0,imagen.jpeg,110,batchnorm,1x96x14x14,0.019211
22,0,imagen.jpeg,111,layer_add,1x96x14x14,0.011503
22,0,imagen.jpeg,112,pointwise_conv,1x96x14x14,6.380699
22,0,imagen.jpeg,113,batchnorm,1x576x14x14,0.108348
22,0,imagen.jpeg,114,activacion,1x576x14x14,0.324416
22,0,imagen.jpeg,115,depthwise_conv,1x576x14x14,0.274149
22,0,imagen.jpeg,116,batchnorm,1x576x7x7,0.03023
22,0,imagen.jpeg,117,activacion,1x576x7x7,0.066853
22,0,imagen.jpeg,118,pointwise_conv,1x576x7x7,2.452929
22,0,imagen.jpeg,119,batchnorm,1x160x7x7,0.007784
22,0,imagen.jpeg,120,pointwise_conv,1x160x7x7,4.148091
22,0,imagen.jpeg,121,batchnorm,1x960x7x7,0.088929
22,0,imagen.jpeg,122,activacion,1x960x7x7,0.157137
22,0,imagen.jpeg,123,depthwise_conv,1x960x7x7,0.434359
22,0,imagen.jpeg,124,batchnorm,1x960x7x7,0.04391
22,0,imagen.jpeg,125,activacion,1x960x7x7,0.139476
22,0,imagen.jpeg,126,pointwise_conv,1x960x7x7,4.136495
22,0,imagen.jpeg,127,batchnorm,1x160x7x7,0.007932
22,0,imagen.jpeg,128,layer_add,1x160x7x7,0.004551
22,0,imagen.jpeg,129,pointwise_conv,1x160x7x7,4.070296
22,0,imagen.jpeg,130,batchnorm,1x960x7x7,0.041658
22,0,imagen.jpeg,131,activacion,1x960x7x7,0.139745
22,0,imagen.jpeg,132,depthwise_conv,1x960x7x7,0.564118
22,0,imagen.jpeg,133,batchnorm,1x960x7x7,0.054962
22,0,imagen.jpeg,134,activacion,1x960x7x7,0.124065
22,0,imagen.jpeg,135,pointwise_conv,1x960x7x7,4.160203
22,0,imagen.jpeg,136,batchnorm,1x160x7x7,0.008122
22,0,imagen.jpeg,137,layer_add,1x160x7x7,0.004297
22,0,imagen.jpeg,138,pointwise_conv,1x160x7x7,4.149184
22,0,imagen.jpeg,139,batchnorm,1x960x7x7,0.044044
22,0,imagen.jpeg,140,activacion,1x960x7x7,0.129883
22,0,imagen.jpeg,141,depthwise_conv,1x960x7x7,0.478834
22,0,imagen.jpeg,142,batchnorm,1x960x7x7,0.059567
22,0,imagen.jpeg,143,activacion,1x960x7x7,0.091694
22,0,imagen.jpeg,144,pointwise_conv,1x960x7x7,13.053917
22,0,imagen.jpeg,145,batchnorm,1x320x7x7,0.028728
22,0,imagen.jpeg,146,pointwise_conv,1x320x7x7,16.325712
22,0,imagen.jpeg,147,batchnorm,1x1280x7x7,0.071591
22,0,imagen.jpeg,148,activacion,1x1280x7x7,0.19269
22,0,imagen.jpeg,149,pooling,1x1280x7x7,0.041649
22,0,imagen.jpeg,150,linear,1x1280,1.513301
23,0,imagen.jpeg,0,conv2d,1x3x224x224,12.964651
23,0,imagen.jpeg,1,batchnorm,1x32x112x112,0.445747
23,0,imagen.jpeg,2,activacion,1x32x112x112,0.707691
23,0,imagen.jpeg,3,depthwise_conv,1x32x112x112,4.180101
23,0,imagen.jpeg,4,batchnorm,1x32x112x112,2.467301
23,0,imagen.jpeg,5,activacion,1x32x112x112,0.792998
23,0,imagen.jpeg,6,pointwise_conv,1x32x112x112,3.864751
23,0,imagen.jpeg,7,batchnorm,1x16x112x112,0.211392
23,0,imagen.jpeg,8,pointwise_conv,1x16x112x112,13.341744
23,0,imagen.jpeg,9,batchnorm,1x96x112x112,2.315311
23,0,imagen.jpeg,10,activacion,1x96x112x112,3.764687
23,0,imagen.jpeg,11,depthwise_conv,1x96x112x112,3.429923
23,0,imagen.jpeg,12,batchnorm,1x96x56x56,0.301295
23,0,imagen.jpeg,13,activacion,1x96x56x56,1.110031
23,0,imagen.jpeg,14,pointwise_conv,1x96x56x56,4.332375
23,0,imagen.jpeg,15,batchnorm,1x24x56x56,0.076075
23,0,imagen.jpeg,16,pointwise_conv,1x24x56x56,7.40017
23,0,imagen.jpeg,17,batchnorm,1x144x56x56,0.971729
23,0,imagen.jpeg,18,activacion,1x144x56x56,1.438518
23,0,imagen.jpeg,19,depthwise_conv,1x144x56x56,4.814875
23,0,imagen.jpeg,20,batchnorm,1x144x56x56,1.108256
23,0,imagen.jpeg,21,activacion,1x144x56x56,1.756653
23,0,imagen.jpeg,22,pointwise_conv,1x144x56x56,7.077886
23,0,imagen.jpeg,23,batchnorm,1x24x56x56,0.075324
23,0,imagen.jpeg,24,layer_add,1x24x56x56,0.046069
23,0,imagen.jpeg,25,pointwise_conv,1x24x56x56,7.042621
23,0,imagen.jpeg,26,batchnorm,1x144x56x56,0.759935
23,0,imagen.jpeg,27,activacion,1x144x56x56,2.078374
23,0,imagen.jpeg,28,depthwise_conv,1x144x56x56,1.677894
23,0,imagen.jpeg,29,batchnorm,1x144x28x28,0.117674
23,0,imagen.jpeg,30,activacion,1x144x28x28,0.403073
23,0,imagen.jpeg,31,pointwise_conv,1x144x28x28,2.216693
23,0,imagen.jpeg,32,batchnorm,1x32x28x28,0.02433
23,0,imagen.jpeg,33,pointwise_conv,1x32x28x28,2.953488
23,0,imagen.jpeg,34,batchnorm,1x192x28x28,0.146609
23,0,imagen.jpeg,35,activacion,1x192x28x28,0.411381
23,0,imagen.jpeg,36,depthwise_conv,1x192x28x28,1.671704
23,0,imagen.jpeg,37,batchnorm,1x192x28x28,0.141692
23,0,imagen.jpeg,38,activacion,1x192x28x28,0.586388
23,0,imagen.jpeg,39,pointwise_conv,1x192x28x28,2.909217
23,0,imagen.jpeg,40,batchnorm,1x32x28x28,0.035854
23,0,imagen.jpeg,41,layer_add,1x32x28x28,0.017283
23,0,imagen.jpeg,42,pointwise_conv,1x32x28x28,3.600599
23,0,imagen.jpeg,43,batchnorm,1x192x28x28,0.156332
23,0,imagen.jpeg,44,activacion,1x192x28x28,0.5034
23,0,imagen.jpeg,45,depthwise_conv,1x192x28x28,1.659305
23,0,imagen.jpeg,46,batchnorm,1x192x28x28,0.158312
23,0,imagen.jpeg,47,activacion,1x192x28x28,0.5853
23,0,imagen.jpeg,48,pointwise_conv,1x192x28x28,2.97445
23,0,imagen.jpeg,49,batchnorm,1x32x28x28,0.024509
23,0,imagen.jpeg,50,layer_add,1x32x28x28,0.015208
23,0,imagen.jpeg,51,pointwise_conv,1x32x28x28,2.965885
23,0,imagen.jpeg,52,batchnorm,1x192x28x28,0.143543
23,0,imagen.jpeg,53,activacion,1x192x28x28,0.524304
23,0,imagen.jpeg,54,depthwise_conv,1x192x28x28,0.406632
23,0,imagen.jpeg,55,batchnorm,1x192x14x14,0.036937
23,0,imagen.jpeg,56,activacion,1x192x14x14,0.103067
23,0,imagen.jpeg,57,pointwise_conv,1x192x14x14,1.477631
23,0,imagen.jpeg,58,batchnorm,1x64x14x14,0.016611
23,0,imagen.jpeg,59,pointwise_conv,1x64x14x14,2.888653
23,0,imagen.jpeg,60,batchnorm,1x384x14x14,0.071988
23,0,imagen.jpeg,61,activacion,1x384x14x14,0.20035
23,0,imagen.jpeg,62,depthwise_conv,1x384x14x14,1.039144
23,0,imagen.jpeg,63,batchnorm,1x384x14x14,0.11866
23,0,imagen.jpeg,64,activacion,1x384x14x14,0.28847
23,0,imagen.jpeg,65,pointwise_conv,1x384x14x14,4.993078
23,0,imagen.jpeg,66,batchnorm,1x64x14x14,0.021319
23,0,imagen.jpeg,67,layer_add,1x64x14x14,0.011286
23,0,imagen.jpeg,68,pointwise_conv,1x64x14x14,5.366177
23,0,imagen.jpeg,69,batchnorm,1x384x14x14,0.124214
23,0,imagen.jpeg,70,activacion,1x384x14x14,0.31214
23,0,imagen.jpeg,71,depthwise_conv,1x384x14x14,1.017892
23,0,imagen.jpeg,72,batchnorm,1x384x14x14,0.100843
23,0,imagen.jpeg,73,activacion,1x384x14x14,0.284886
23,0,imagen.jpeg,74,pointwise_conv,1x384x14x14,2.762709
23,0,imagen.jpeg,75,batchnorm,1x64x14x14,0.011337
23,0,imagen.jpeg,76,layer_add,1x64x14x14,0.006636
23,0,imagen.jpeg,77,pointwise_conv,1x64x14x14,3.189786
23,0,imagen.jpeg,78,batchnorm,1x384x14x14,0.072671
23,0,imagen.jpeg,79,activacion,1x384x14x14,0.261164
23,0,imagen.jpeg,80,depthwise_conv,1x384x14x14,0.796511
23,0,imagen.jpeg,81,batchnorm,1x384x14x14,0.147318
23,0,imagen.jpeg,82,activacion,1x384x14x14,0.240675
23,0,imagen.jpeg,83,pointwise_conv,1x384x14x14,2.736644
23,0,imagen.jpeg,84,batchnorm,1x64x14x14,0.013474
23,0,imagen.jpeg,85,layer_add,1x64x14x14,0.006595
23,0,imagen.jpeg,86,pointwise_conv,1x64x14x14,2.706362
23,0,imagen.jpeg,87,batchnorm,1x384x14x14,0.063703
23,0,imagen.jpeg,88,activacion,1x384x14x14,0.250195
23,0,imagen.jpeg,89,depthwise_conv,1x384x14x14,0.754162
23,0,imagen.jpeg,90,batchnorm,1x384x14x14,0.068414
23,0,imagen.jpeg,91,activacion,1x384x14x14,0.23802
23,0,imagen.jpeg,92,pointwise_conv,1x384x14x14,3.95584
23,0,imagen.jpeg,93,batchnorm,1x96x14x14,0.016091
23,0,imagen.jpeg,94,pointwise_conv,1x96x14x14,6.456143
23,0,imagen.jpeg,95,batchnorm,1x576x14x14,0.110702
23,0,imagen.jpeg,96,activacion,1x576x14x14,0.375525
23,0,imagen.jpeg,97,depthwise_conv,1x576x14x14,1.141282
23,0,imagen.jpeg,98,batchnorm,1x576x14x14,0.177716
23,0,imagen.jpeg,99,activacion,1x576x14x14,0.341915
23,0,imagen.jpeg,100,pointwise_conv,1x576x14x14,6.31046
23,0,imagen.jpeg,101,batchnorm,1x96x14x14,0.020411
23,0,imagen.jpeg,102,layer_add,1x96x14x14,0.013596
23,0,imagen.jpeg,103,pointwise_conv,1x96x14x14,6.621234
23,0,imagen.jpeg,104,batchnorm,1x576x14x14,0.105517
23,0,imagen.jpeg,105,activacion,1x576x14x14,0.367383
23,0,imagen.jpeg,106,depthwise_conv,1x576x14x14,1.159886
23,0,imagen.jpeg,107,batchnorm,1x576x14x14,0.176325
23,0,imagen.jpeg,108,activacion,1x576x14x14,0.321598
23,0,imagen.jpeg,109,pointwise_conv,1x576x14x14,6.341674
23,0,imagen.jpeg,110,batchnorm,1x96x14x14,0.024816
23,0,imagen.jpeg,111,layer_add,1x96x14x14,0.012441
23,0,imagen.jpeg,112,pointwise_conv,1x96x14x14,7.017046
23,0,imagen.jpeg,113,batchnorm,1x576x14x14,0.191642
23,0,imagen.jpeg,114,activacion,1x576x14x14,0.338063
23,0,imagen.jpeg,115,depthwise_conv,1x576x14x14,0.285741
23,0,imagen.jpeg,116,batchnorm,1x576x7x7,0.031601
23,0,imagen.jpeg,117,activacion,1x576x7x7,0.068077
23,0,imagen.jpeg,118,pointwise_conv,1x576x7x7,2.509141
23,0,imagen.jpeg,119,batchnorm,1x160x7x7,0.007743
23,0,imagen.jpeg,120,pointwise_conv,1x160x7x7,4.137991
23,0,imagen.jpeg,121,batchnorm,1x960x7x7,0.043281
23,0,imagen.jpeg,122,activacion,1x960x7x7,0.166056
23,0,imagen.jpeg,123,depthwise_conv,1x960x7x7,0.436811
23,0,imagen.jpeg,124,batchnorm,1x960x7x7,0.043743
23,0,imagen.jpeg,125,activacion,1x960x7x7,0.146757
23,0,imagen.jpeg,126,pointwise_conv,1x960x7x7,4.451446
23,0,imagen.jpeg,127,batchnorm,1x160x7x7,0.027273
23,0,imagen.jpeg,128,layer_add,1x160x7x7,0.006638
23,0,imagen.jpeg,129,pointwise_conv,1x160x7x7,4.258938
23,0,imagen.jpeg,130,batchnorm,1x960x7x7,0.045999
23,0,imagen.jpeg,131,activacion,1x960x7x7,0.145405
23,0,imagen.jpeg,132,depthwise_conv,1x960x7x7,0.463627
23,0,imagen.jpeg,133,batchnorm,1x960x7x7,0.056878
23,0,imagen.jpeg,134,activacion,1x960x7x7,0.135779
23,0,imagen.jpeg,135,pointwise_conv,1x960x7x7,4.127977
23,0,imagen.jpeg,136,batchnorm,1x160x7x7,0.007262
23,0,imagen.jpeg,137,layer_add,1x160x7x7,0.004219
23,0,imagen.jpeg,138,pointwise_conv,1x160x7x7,4.047886
23,0,imagen.jpeg,139,batchnorm,1x960x7x7,0.041734
23,0,imagen.jpeg,140,activacion,1x960x7x7,0.111549
23,0,imagen.jpeg,141,depthwise_conv,1x960x7x7,0.416876
23,0,imagen.jpeg,142,batchnorm,1x960x7x7,0.059275
23,0,imagen.jpeg,143,activacion,1x960x7x7,0.085265
23,0,imagen.jpeg,144,pointwise_conv,1x960x7x7,8.47397
23,0,imagen.jpeg,145,batchnorm,1x320x7x7,0.015231
23,0,imagen.jpeg,146,pointwise_conv,1x320x7x7,11.332555
23,0,imagen.jpeg,147,batchnorm,1x1280x7x7,0.066018
23,0,imagen.jpeg,148,activacion,1x1280x7x7,0.185572
23,0,imagen.jpeg,149,pooling,1x1280x7x7,0.040017
23,0,imagen.jpeg,150,linear,1x1280,1.435123
24,0,imagen.jpeg,0,conv2d,1x3x224x224,12.914233
24,0,imagen.jpeg,1,batchnorm,1x32x112x112,0.456465
24,0,imagen.jpeg,2,activacion,1x32x112x112,0.671919
24,0,imagen.jpeg,3,depthwise_conv,1x32x112x112,4.024289
24,0,imagen.jpeg,4,batchnorm,1x32x112x112,2.327991
24,0,imagen.jpeg,5,activacion,1x32x112x112,0.779642
24,0,imagen.jpeg,6,pointwise_conv,1x32x112x112,4.273167
24,0,imagen.jpeg,7,batchnorm,1x16x112x112,0.202696
24,0,imagen.jpeg,8,pointwise_conv,1x16x112x112,12.123222
24,0,imagen.jpeg,9,batchnorm,1x96x112x112,2.409513
24,0,imagen.jpeg,10,activacion,1x96x112x112,3.621881
24,0,imagen.jpeg,11,depthwise_conv,1x96x112x112,3.269231
24,0,imagen.jpeg,12,batchnorm,1x96x56x56,0.287017
24,0,imagen.jpeg,13,activacion,1x96x56x56,1.058042
24,0,imagen.jpeg,14,pointwise_conv,1x96x56x56,4.223979
24,0,imagen.jpeg,15,batchnorm,1x24x56x56,0.095422
24,0,imagen.jpeg,16,pointwise_conv,1x24x56x56,7.449938
24,0,imagen.jpeg,17,batchnorm,1x144x56x56,0.910228
24,0,imagen.jpeg,18,activacion,1x144x56x56,1.33913
24,0,imagen.jpeg,19,depthwise_conv,1x144x56x56,4.601406
24,0,imagen.jpeg,20,batchnorm,1x144x56x56,0.880125
24,0,imagen.jpeg,21,activacion,1x144x56x56,1.649173
24,0,imagen.jpeg,22,pointwise_conv,1x144x56x56,6.561351
24,0,imagen.jpeg,23,batchnorm,1x24x56x56,0.073531
24,0,imagen.jpeg,24,layer_add,1x24x56x56,0.047316
24,0,imagen.jpeg,25,pointwise_conv,1x24x56x56,6.052958
24,0,imagen.jpeg,26,batchnorm,1x144x56x56,0.423133
24,0,imagen.jpeg,27,activacion,1x144x56x56,1.535805
24,0,imagen.jpeg,28,depthwise_conv,1x144x56x56,1.12893
24,0,imagen.jpeg,29,batchnorm,1x144x28x28,0.099268
24,0,imagen.jpeg,30,activacion,1x144x28x28,0.351114
24,0,imagen.jpeg,31,pointwise_conv,1x144x28x28,2.018452
24,0,imagen.jpeg,32,batchnorm,1x32x28x28,0.022166
24,0,imagen.jpeg,33,pointwise_conv,1x32x28x28,2.726247
24,0,imagen.jpeg,34,batchnorm,1x192x28x28,0.141387
24,0,imagen.jpeg,35,activacion,1x192x28x28,0.377937
24,0,imagen.jpeg,36,depthwise_conv,1x192x28x28,1.527809
24,0,imagen.jpeg,37,batchnorm,1x192x28x28,0.15105
24,0,imagen.jpeg,38,activacion,1x192x28x28,0.532071
24,0,imagen.jpeg,39,pointwise_conv,1x192x28x28,2.673367
24,0,imagen.jpeg,40,batchnorm,1x32x28x28,0.021268
24,0,imagen.jpeg,41,layer_add,1x32x28x28,0.014643
24,0,imagen.jpeg,42,pointwise_conv,1x32x28x28,2.65634
24,0,imagen.jpeg,43,batchnorm,1x192x28x28,0.122281
24,0,imagen.jpeg,44,activacion,1x192x28x28,0.417488
24,0,imagen.jpeg,45,depthwise_conv,1x192x28x28,1.621878
24,0,imagen.jpeg,46,batchnorm,1x192x28x28,0.135253
24,0,imagen.jpeg,47,activacion,1x192x28x28,0.510974
24,0,imagen.jpeg,48,pointwise_conv,1x192x28x28,2.613236
24,0,imagen.jpeg,49,batchnorm,1x32x28x28,0.021011
24,0,imagen.jpeg,50,layer_add,1x32x28x28,0.012888
24,0,imagen.jpeg,51,pointwise_conv,1x32x28x28,2.713555
24,0,imagen.jpeg,52,batchnorm,1x192x28x28,0.141942
24,0,imagen.jpeg,53,activacion,1x192x28x28,0.502193
24,0,imagen.jpeg,54,depthwise_conv,1x192x28x28,0.384677
24,0,imagen.jpeg,55,batchnorm,1x192x14x14,0.035242
24,0,imagen.jpeg,56,activacion,1x192x14x14,0.098654
24,0,imagen.jpeg,57,pointwise_conv,1x192x14x14,1.403564
24,0,imagen.jpeg,58,batchnorm,1x64x14x14,0.011842
24,0,imagen.jpeg,59,pointwise_conv,1x64x14x14,2.716887
24,0,imagen.jpeg,60,batchnorm,1x384x14x14,0.068032
24,0,imagen.jpeg,61,activacion,1x384x14x14,0.186538
24,0,imagen.jpeg,62,depthwise_conv,1x384x14x14,0.784868
24,0,imagen.jpeg,63,batchnorm,1x384x14x14,0.065896
24,0,imagen.jpeg,64,activacion,1x384x14x14,0.261324
24,0,imagen.jpeg,65,pointwise_conv,1x384x14x14,2.680144
24,0,imagen.jpeg,66,batchnorm,1x64x14x14,0.010873
24,0,imagen.jpeg,67,layer_add,1x64x14x14,0.006142
24,0,imagen.jpeg,68,pointwise_conv,1x64x14x14,3.106566
24,0,imagen.jpeg,69,batchnorm,1x384x14x14,0.084178
24,0,imagen.jpeg,70,activacion,1x384x14x14,0.25209
24,0,imagen.jpeg,71,depthwise_conv,1x384x14x14,0.882245
24,0,imagen.jpeg,72,batchnorm,1x384x14x14,0.110543
24,0,imagen.jpeg,73,activacion,1x384x14x14,0.258829
24,0,imagen.jpeg,74,pointwise_conv,1x384x14x14,2.803953
24,0,imagen.jpeg,75,batchnorm,1x64x14x14,0.011725
24,0,imagen.jpeg,76,layer_add,1x64x14x14,0.006824
24,0,imagen.jpeg,77,pointwise_conv,1x64x14x14,2.707784
24,0,imagen.jpeg,78,batchnorm,1x384x14x14,0.067734
24,0,imagen.jpeg,79,activacion,1x384x14x14,0.252406
24,0,imagen.jpeg,80,depthwise_conv,1x384x14x14,0.771522
24,0,imagen.jpeg,81,batchnorm,1x384x14x14,0.14274
24,0,imagen.jpeg,82,activacion,1x384x14x14,0.230044
24,0,imagen.jpeg,83,pointwise_conv,1x384x14x14,2.697231
24,0,imagen.jpeg,84,batchnorm,1x64x14x14,0.010807
24,0,imagen.jpeg,85,layer_add,1x64x14x14,0.00568
24,0,imagen.jpeg,86,pointwise_conv,1x64x14x14,2.865419
24,0,imagen.jpeg,87,batchnorm,1x384x14x14,0.067037
24,0,imagen.jpeg,88,activacion,1x384x14x14,0.276534
24,0,imagen.jpeg,89,depthwise_conv,1x384x14x14,0.752377
24,0,imagen.jpeg,90,batchnorm,1x384x14x14,0.065368
24,0,imagen.jpeg,91,activacion,1x384x14x14,0.240166
24,0,imagen.jpeg,92,pointwise_conv,1x384x14x14,4.183784
24,0,imagen.jpeg,93,batchnorm,1x96x14x14,0.017453
24,0,imagen.jpeg,94,pointwise_conv,1x96x14x14,6.028975
24,0,imagen.jpeg,95,batchnorm,1x576x14x14,0.107244
24,0,imagen.jpeg,96,activacion,1x576x14x14,0.393725
24,0,imagen.jpeg,97,depthwise_conv,1x576x14x14,1.130458
24,0,imagen.jpeg,98,batchnorm,1x576x14x14,0.184098
24,0,imagen.jpeg,99,activacion,1x576x14x14,0.320293
24,0,imagen.jpeg,100,pointwise_conv,1x576x14x14,6.540592
24,0,imagen.jpeg,101,batchnorm,1x96x14x14,0.019077
24,0,imagen.jpeg,102,layer_add,1x96x14x14,0.013277
24,0,imagen.jpeg,103,pointwise_conv,1x96x14x14,6.178078
24,0,imagen.jpeg,104,batchnorm,1x576x14x14,0.105012
24,0,imagen.jpeg,105,activacion,1x576x14x14,0.394815
24,0,imagen.jpeg,106,depthwise_conv,1x576x14x14,1.145941
24,0,imagen.jpeg,107,batchnorm,1x576x14x14,0.16227
24,0,imagen.jpeg,108,activacion,1x576x14x14,0.315015
24,0,imagen.jpeg,109,pointwise_conv,1x576x14x14,6.268188
24,0,imagen.jpeg,110,batchnorm,1x96x14x14,0.030972
24,0,imagen.jpeg,111,layer_add,1x96x14x14,0.0103
24,0,imagen.jpeg,112,pointwise_conv,1x96x14x14,6.215878
24,0,imagen.jpeg,113,batchnorm,1x576x14x14,0.10526
24,0,imagen.jpeg,114,activacion,1x576x14x14,0.350776
24,0,imagen.jpeg,115,depthwise_conv,1x576x14x14,0.28342
24,0,imagen.jpeg,116,batchnorm,1x576x7x7,0.030133
24,0,imagen.jpeg,117,activacion,1x576x7x7,0.06471
24,0,imagen.jpeg,118,pointwise_conv,1x576x7x7,2.445014
24,0,imagen.jpeg,119,batchnorm,1x160x7x7,0.007402
24,0,imagen.jpeg,120,pointwise_conv,1x160x7x7,4.252116
24,0,imagen.jpeg,121,batchnorm,1x960x7x7,0.044895
24,0,imagen.jpeg,122,activacion,1x960x7x7,0.148775
24,0,imagen.jpeg,123,depthwise_conv,1x960x7x7,0.430195
24,0,imagen.jpeg,124,batchnorm,1x960x7x7,0.042428
24,0,imagen.jpeg,125,activacion,1x960x7x7,0.155469
24,0,imagen.jpeg,126,pointwise_conv,1x960x7x7,4.248891
24,0,imagen.jpeg,127,batchnorm,1x160x7x7,0.008818
24,0,imagen.jpeg,128,layer_add,1x160x7x7,0.004533
24,0,imagen.jpeg,129,pointwise_conv,1x160x7x7,4.189192
24,0,imagen.jpeg,130,batchnorm,1x960x7x7,0.044075
24,0,imagen.jpeg,131,activacion,1x960x7x7,0.155783
24,0,imagen.jpeg,132,depthwise_conv,1x960x7x7,0.434555
24,0,imagen.jpeg,133,batchnorm,1x960x7x7,0.055661
24,0,imagen.jpeg,134,activacion,1x960x7x7,0.1328
24,0,imagen.jpeg,135,pointwise_conv,1x960x7x7,4.310512
24,0,imagen.jpeg,136,batchnorm,1x160x7x7,0.009585
24,0,imagen.jpeg,137,layer_add,1x160x7x7,0.006264
24,0,imagen.jpeg,138,pointwise_conv,1x160x7x7,4.302394
24,0,imagen.jpeg,139,batchnorm,1x960x7x7,0.043297
24,0,imagen.jpeg,140,activacion,1x960x7x7,0.147856
24,0,imagen.jpeg,141,depthwise_conv,1x960x7x7,0.460376
24,0,imagen.jpeg,142,batchnorm,1x960x7x7,0.07609
24,0,imagen.jpeg,143,activacion,1x960x7x7,0.101783
24,0,imagen.jpeg,144,pointwise_conv,1x960x7x7,8.178949
24,0,imagen.jpeg,145,batchnorm,1x320x7x7,0.014751
24,0,imagen.jpeg,146,pointwise_conv,1x320x7x7,11.296844
24,0,imagen.jpeg,147,batchnorm,1x1280x7x7,0.062808
24,0,imagen.jpeg,148,activacion,1x1280x7x7,0.177084
24,0,imagen.jpeg,149,pooling,1x1280x7x7,0.038363
24,0,imagen.jpeg,150,linear,1x1280,1.461788
25,0,imagen.jpeg,0,conv2d,1x3x224x224,12.44904
25,0,imagen.jpeg,1,batchnorm,1x32x112x112,0.407894
25,0,imagen.jpeg,2,activacion,1x32x112x112,0.669103
25,0,imagen.jpeg,3,depthwise_conv,1x32x112x112,3.968067
25,0,imagen.jpeg,4,batchnorm,1x32x112x112,2.423473
25,0,imagen.jpeg,5,activacion,1x32x112x112,0.773698
25,0,imagen.jpeg,6,pointwise_conv,1x32x112x112,4.359581
25,0,imagen.jpeg,7,batchnorm,1x16x112x112,0.213542
25,0,imagen.jpeg,8,pointwise_conv,1x16x112x112,11.623722
25,0,imagen.jpeg,9,batchnorm,1x96x112x112,2.568512
25,0,imagen.jpeg,10,activacion,1x96x112x112,3.681122
25,0,imagen.jpeg,11,depthwise_conv,1x96x112x112,3.338218
25,0,imagen.jpeg,12,batchnorm,1x96x56x56,0.295113
25,0,imagen.jpeg,13,activacion,1x96x56x56,1.069334
25,0,imagen.jpeg,14,pointwise_conv,1x96x56x56,4.061834
25,0,imagen.jpeg,15,batchnorm,1x24x56x56,0.064655
25,0,imagen.jpeg,16,pointwise_conv,1x24x56x56,7.032526
25,0,imagen.jpeg,17,batchnorm,1x144x56x56,0.910979
25,0,imagen.jpeg,18,activacion,1x144x56x56,1.347641
25,0,imagen.jpeg,19,depthwise_conv,1x144x56x56,4.508898
25,0,imagen.jpeg,20,batchnorm,1x144x56x56,1.041358
25,0,imagen.jpeg,21,activacion,1x144x56x56,1.727003
25,0,imagen.jpeg,22,pointwise_conv,1x144x56x56,6.929919
25,0,imagen.jpeg,23,batchnorm,1x24x56x56,0.071211
25,0,imagen.jpeg,24,layer_add,1x24x56x56,0.04315
25,0,imagen.jpeg,25,pointwise_conv,1x24x56x56,5.983082
25,0,imagen.jpeg,26,batchnorm,1x144x56x56,0.431191
25,0,imagen.jpeg,27,activacion,1x144x56x56,1.562029
25,0,imagen.jpeg,28,depthwise_conv,1x144x56x56,1.182306
25,0,imagen.jpeg,29,batchnorm,1x144x28x28,0.095988
25,0,imagen.jpeg,30,activacion,1x144x28x28,0.342863
25,0,imagen.jpeg,31,pointwise_conv,1x144x28x28,2.236059
25,0,imagen.jpeg,32,batchnorm,1x32x28x28,0.025646
25,0,imagen.jpeg,33,pointwise_conv,1x32x28x28,2.891916
25,0,imagen.jpeg,34,batchnorm,1x192x28x28,0.166839
25,0,imagen.jpeg,35,activacion,1x192x28x28,0.379457
25,0,imagen.jpeg,36,depthwise_conv,1x192x28x28,1.556143
25,0,imagen.jpeg,37,batchnorm,1x192x28x28,0.132391
25,0,imagen.jpeg,38,activacion,1x192x28x28,0.529329
25,0,imagen.jpeg,39,pointwise_conv,1x192x28x28,2.671276
25,0,imagen.jpeg,40,batchnorm,1x32x28x28,0.021274
25,0,imagen.jpeg,41,layer_add,1x32x28x28,0.01333
25,0,imagen.jpeg,42,pointwise_conv,1x32x28x28,2.655866
25,0,imagen.jpeg,43,batchnorm,1x192x28x28,0.122476
25,0,imagen.jpeg,44,activacion,1x192x28x28,0.417485
25,0,imagen.jpeg,45,depthwise_conv,1x192x28x28,1.464073
25,0,imagen.jpeg,46,batchnorm,1x192x28x28,0.122421
25,0,imagen.jpeg,47,activacion,1x192x28x28,0.48523
25,0,imagen.jpeg,48,pointwise_conv,1x192x28x28,2.789628
25,0,imagen.jpeg,49,batchnorm,1x32x28x28,0.023851
25,0,imagen.jpeg,50,layer_add,1x32x28x28,0.015088
25,0,imagen.jpeg,51,pointwise_conv,1x32x28x28,2.661424
25,0,imagen.jpeg,52,batchnorm,1x192x28x28,0.173424
25,0,imagen.jpeg,53,activacion,1x192x28x28,0.4924
25,0,imagen.jpeg,54,depthwise_conv,1x192x28x28,0.374714
25,0,imagen.jpeg,55,batchnorm,1x192x14x14,0.034125
25,0,imagen.jpeg,56,activacion,1x192x14x14,0.096158
25,0,imagen.jpeg,57,pointwise_conv,1x192x14x14,1.363347
25,0,imagen.jpeg,58,batchnorm,1x64x14x14,0.011209
25,0,imagen.jpeg,59,pointwise_conv,1x64x14x14,2.714659
25,0,imagen.jpeg,60,batchnorm,1x384x14x14,0.065116
25,0,imagen.jpeg,61,activacion,1x384x14x14,0.187335
25,0,imagen.jpeg,62,depthwise_conv,1x384x14x14,0.818249
25,0,imagen.jpeg,63,batchnorm,1x384x14x14,0.066173
25,0,imagen.jpeg,64,activacion,1x384x14x14,0.260526
25,0,imagen.jpeg,65,pointwise_conv,1x384x14x14,2.723224
25,0,imagen.jpeg,66,batchnorm,1x64x14x14,0.01268
25,0,imagen.jpeg,67,layer_add,1x64x14x14,0.006725
25,0,imagen.jpeg,68,pointwise_conv,1x64x14x14,2.758785
25,0,imagen.jpeg,69,batchnorm,1x384x14x14,0.107918
25,0,imagen.jpeg,70,activacion,1x384x14x14,0.245629
25,0,imagen.jpeg,71,depthwise_conv,1x384x14x14,0.872935
25,0,imagen.jpeg,72,batchnorm,1x384x14x14,0.116348
25,0,imagen.jpeg,73,activacion,1x384x14x14,0.287801
25,0,imagen.jpeg,74,pointwise_conv,1x384x14x14,2.769381
25,0,imagen.jpeg,75,batchnorm,1x64x14x14,0.011371
25,0,imagen.jpeg,76,layer_add,1x64x14x14,0.006892
25,0,imagen.jpeg,77,pointwise_conv,1x64x14x14,2.653399
25,0,imagen.jpeg,78,batchnorm,1x384x14x14,0.099649
25,0,imagen.jpeg,79,activacion,1x384x14x14,0.265197
25,0,imagen.jpeg,80,depthwise_conv,1x384x14x14,0.747569
25,0,imagen.jpeg,81,batchnorm,1x384x14x14,0.161152
25,0,imagen.jpeg,82,activacion,1x384x14x14,0.229824
25,0,imagen.jpeg,83,pointwise_conv,1x384x14x14,2.774941
25,0,imagen.jpeg,84,batchnorm,1x64x14x14,0.011592
25,0,imagen.jpeg,85,layer_add,1x64x14x14,0.005893
25,0,imagen.jpeg,86,pointwise_conv,1x64x14x14,2.732388
25,0,imagen.jpeg,87,batchnorm,1x384x14x14,0.068138
25,0,imagen.jpeg,88,activacion,1x384x14x14,0.260471
25,0,imagen.jpeg,89,depthwise_conv,1x384x14x14,0.784262
25,0,imagen.jpeg,90,batchnorm,1x384x14x14,0.065518
25,0,imagen.jpeg,91,activacion,1x384x14x14,0.240035
25,0,imagen.jpeg,92,pointwise_conv,1x384x14x14,4.22115
25,0,imagen.jpeg,93,batchnorm,1x96x14x14,0.017134
25,0,imagen.jpeg,94,pointwise_conv,1x96x14x14,6.056759
25,0,imagen.jpeg,95,batchnorm,1x576x14x14,0.105751
25,0,imagen.jpeg,96,activacion,1x576x14x14,0.3778
25,0,imagen.jpeg,97,depthwise_conv,1x576x14x14,1.150721
25,0,imagen.jpeg,98,batchnorm,1x576x14x14,0.180628
25,0,imagen.jpeg,99,activacion,1x576x14x14,0.338937
25,0,imagen.jpeg,100,pointwise_conv,1x576x14x14,6.269284
25,0,imagen.jpeg,101,batchnorm,1x96x14x14,0.019061
25,0,imagen.jpeg,102,layer_add,1x96x14x14,0.014363
25,0,imagen.jpeg,103,pointwise_conv,1x96x14x14,6.295051
25,0,imagen.jpeg,104,batchnorm,1x576x14x14,0.145317
25,0,imagen.jpeg,105,activacion,1x576x14x14,0.363669
25,0,imagen.jpeg,106,depthwise_conv,1x576x14x14,1.160043
25,0,imagen.jpeg,107,batchnorm,1x576x14x14,0.163555
25,0,imagen.jpeg,108,activacion,1x576x14x14,0.318557
25,0,imagen.jpeg,109,pointwise_conv,1x576x14x14,6.321368
25,0,imagen.jpeg,110,batchnorm,1x96x14x14,0.024678
25,0,imagen.jpeg,111,layer_add,1x96x14x14,0.01404
25,0,imagen.jpeg,112,pointwise_conv,1x96x14x14,6.0078
25,0,imagen.jpeg,113,batchnorm,1x576x14x14,0.105078
25,0,imagen.jpeg,114,activacion,1x576x14x14,0.315045
25,0,imagen.jpeg,115,depthwise_conv,1x576x14x14,0.270538
25,0,imagen.jpeg,116,batchnorm,1x576x7x7,0.029898
25,0,imagen.jpeg,117,activacion,1x576x7x7,0.064759
25,0,imagen.jpeg,118,pointwise_conv,1x576x7x7,2.468724
25,0,imagen.jpeg,119,batchnorm,1x160x7x7,0.007612
25,0,imagen.jpeg,120,pointwise_conv,1x160x7x7,4.540057
25,0,imagen.jpeg,121,batchnorm,1x960x7x7,0.048809
25,0,imagen.jpeg,122,activacion,1x960x7x7,0.153375
25,0,imagen.jpeg,123,depthwise_conv,1x960x7x7,0.439424
25,0,imagen.jpeg,124,batchnorm,1x960x7x7,0.044809
25,0,imagen.jpeg,125,activacion,1x960x7x7,0.155574
25,0,imagen.jpeg,126,pointwise_conv,1x960x7x7,4.580317
25,0,imagen.jpeg,127,batchnorm,1x160x7x7,0.008617
25,0,imagen.jpeg,128,layer_add,1x160x7x7,0.005452
25,0,imagen.jpeg,129,pointwise_conv,1x160x7x7,4.160313
25,0,imagen.jpeg,130,batchnorm,1x960x7x7,0.044847
25,0,imagen.jpeg,131,activacion,1x960x7x7,0.143268
25,0,imagen.jpeg,132,depthwise_conv,1x960x7x7,0.428754
25,0,imagen.jpeg,133,batchnorm,1x960x7x7,0.054124
25,0,imagen.jpeg,134,activacion,1x960x7x7,0.138488
25,0,imagen.jpeg,135,pointwise_conv,1x960x7x7,4.087734
25,0,imagen.jpeg,136,batchnorm,1x160x7x7,0.007513
25,0,imagen.jpeg,137,layer_add,1x160x7x7,0.004293
25,0,imagen.jpeg,138,pointwise_conv,1x160x7x7,4.279614
25,0,imagen.jpeg,139,batchnorm,1x960x7x7,0.049699
25,0,imagen.jpeg,140,activacion,1x960x7x7,0.122837
25,0,imagen.jpeg,141,depthwise_conv,1x960x7x7,0.456151
25,0,imagen.jpeg,142,batchnorm,1x960x7x7,0.04907
25,0,imagen.jpeg,143,activacion,1x960x7x7,0.092621
25,0,imagen.jpeg,144,pointwise_conv,1x960x7x7,8.350611
25,0,imagen.jpeg,145,batchnorm,1x320x7x7,0.01534
25,0,imagen.jpeg,146,pointwise_conv,1x320x7x7,11.094843
25,0,imagen.jpeg,147,batchnorm,1x1280x7x7,0.062009
25,0,imagen.jpeg,148,activacion,1x1280x7x7,0.181542
25,0,imagen.jpeg,149,pooling,1x1280x7x7,0.039192
25,0,imagen.jpeg,150,linear,1x1280,1.417242
26,0,imagen.jpeg,0,conv2d,1x3x224x224,13.489252
26,0,imagen.jpeg,1,batchnorm,1x32x112x112,0.407051
26,0,imagen.jpeg,2,activacion,1x32x112x112,0.668298
26,0,imagen.jpeg,3,depthwise_conv,1x32x112x112,3.973334
26,0,imagen.jpeg,4,batchnorm,1x32x112x112,2.335792
26,0,imagen.jpeg,5,activacion,1x32x112x112,0.757167
26,0,imagen.jpeg,6,pointwise_conv,1x32x112x112,4.095259
26,0,imagen.jpeg,7,batchnorm,1x16x112x112,0.204138
26,0,imagen.jpeg,8,pointwise_conv,1x16x112x112,12.476914
26,0,imagen.jpeg,9,batchnorm,1x96x112x112,2.230894
26,0,imagen.jpeg,10,activacion,1x96x112x112,3.550876
26,0,imagen.jpeg,11,depthwise_conv,1x96x112x112,3.25758
26,0,imagen.jpeg,12,batchnorm,1x96x56x56,0.277032
26,0,imagen.jpeg,13,activacion,1x96x56x56,1.026492
26,0,imagen.jpeg,14,pointwise_conv,1x96x56x56,3.943162
26,0,imagen.jpeg,15,batchnorm,1x24x56x56,0.063143
26,0,imagen.jpeg,16,pointwise_conv,1x24x56x56,6.845285
26,0,imagen.jpeg,17,batchnorm,1x144x56x56,0.886166
26,0,imagen.jpeg,18,activacion,1x144x56x56,1.300137
26,0,imagen.jpeg,19,depthwise_conv,1x144x56x56,4.659636
26,0,imagen.jpeg,20,batchnorm,1x144x56x56,0.899646
26,0,imagen.jpeg,21,activacion,1x144x56x56,1.638837
26,0,imagen.jpeg,22,pointwise_conv,1x144x56x56,6.609205
26,0,imagen.jpeg,23,batchnorm,1x24x56x56,0.066365
26,0,imagen.jpeg,24,layer_add,1x24x56x56,0.041148
26,0,imagen.jpeg,25,pointwise_conv,1x24x56x56,6.136101
26,0,imagen.jpeg,26,batchnorm,1x144x56x56,0.451622
26,0,imagen.jpeg,27,activacion,1x144x56x56,1.529954
26,0,imagen.jpeg,28,depthwise_conv,1x144x56x56,1.245542
26,0,imagen.jpeg,29,batchnorm,1x144x28x28,0.120497
26,0,imagen.jpeg,30,activacion,1x144x28x28,0.410321
26,0,imagen.jpeg,31,pointwise_conv,1x144x28x28,2.194675
26,0,imagen.jpeg,32,batchnorm,1x32x28x28,0.022371
26,0,imagen.jpeg,33,pointwise_conv,1x32x28x28,2.725079
26,0,imagen.jpeg,34,batchnorm,1x192x28x28,0.141669
26,0,imagen.jpeg,35,activacion,1x192x28x28,0.399186
26,0,imagen.jpeg,36,depthwise_conv,1x192x28x28,1.530021
26,0,imagen.jpeg,37,batchnorm,1x192x28x28,0.133433
26,0,imagen.jpeg,38,activacion,1x192x28x28,0.53364
26,0,imagen.jpeg,39,pointwise_conv,1x192x28x28,2.597258
26,0,imagen.jpeg,40,batchnorm,1x32x28x28,0.021277
26,0,imagen.jpeg,41,layer_add,1x32x28x28,0.013937
26,0,imagen.jpeg,42,pointwise_conv,1x32x28x28,2.715019
26,0,imagen.jpeg,43,batchnorm,1x192x28x28,0.132732
26,0,imagen.jpeg,44,activacion,1x192x28x28,0.427941
26,0,imagen.jpeg,45,depthwise_conv,1x192x28x28,1.503538
26,0,imagen.jpeg,46,batchnorm,1x192x28x28,0.15867
26,0,imagen.jpeg,47,activacion,1x192x28x28,0.522288
26,0,imagen.jpeg,48,pointwise_conv,1x192x28x28,3.165885
26,0,imagen.jpeg,49,batchnorm,1x32x28x28,0.025893
26,0,imagen.jpeg,50,layer_add,1x32x28x28,0.015044
26,0,imagen.jpeg,51,pointwise_conv,1x32x28x28,2.758691
26,0,imagen.jpeg,52,batchnorm,1x192x28x28,0.128594
26,0,imagen.jpeg,53,activacion,1x192x28x28,0.498289
26,0,imagen.jpeg,54,depthwise_conv,1x192x28x28,0.381438
26,0,imagen.jpeg,55,batchnorm,1x192x14x14,0.03429
26,0,imagen.jpeg,56,activacion,1x192x14x14,0.098822
26,0,imagen.jpeg,57,pointwise_conv,1x192x14x14,1.39768
26,0,imagen.jpeg,58,batchnorm,1x64x14x14,0.011538
26,0,imagen.jpeg,59,pointwise_conv,1x64x14x14,2.771228
26,0,imagen.jpeg,60,batchnorm,1x384x14x14,0.085984
26,0,imagen.jpeg,61,activacion,1x384x14x14,0.209935
26,0,imagen.jpeg,62,depthwise_conv,1x384x14x14,0.796657
26,0,imagen.jpeg,63,batchnorm,1x384x14x14,0.070095
26,0,imagen.jpeg,64,activacion,1x384x14x14,0.275105
26,0,imagen.jpeg,65,pointwise_conv,1x384x14x14,2.79233
26,0,imagen.jpeg,66,batchnorm,1x64x14x14,0.011257
26,0,imagen.jpeg,67,layer_add,1x64x14x14,0.006753
26,0,imagen.jpeg,68,pointwise_conv,1x64x14x14,3.334686
26,0,imagen.jpeg,69,batchnorm,1x384x14x14,0.075213
26,0,imagen.jpeg,70,activacion,1x384x14x14,0.246294
26,0,imagen.jpeg,71,depthwise_conv,1x384x14x14,0.79419
26,0,imagen.jpeg,72,batchnorm,1x384x14x14,0.107839
26,0,imagen.jpeg,73,activacion,1x384x14x14,0.263939
26,0,imagen.jpeg,74,pointwise_conv,1x384x14x14,2.807264
26,0,imagen.jpeg,75,batchnorm,1x64x14x14,0.011161
26,0,imagen.jpeg,76,layer_add,1x64x14x14,0.006939
26,0,imagen.jpeg,77,pointwise_conv,1x64x14x14,2.711086
26,0,imagen.jpeg,78,batchnorm,1x384x14x14,0.066533
26,0,imagen.jpeg,79,activacion,1x384x14x14,0.246593
26,0,imagen.jpeg,80,depthwise_conv,1x384x14x14,0.831526
26,0,imagen.jpeg,81,batchnorm,1x384x14x14,0.140207
26,0,imagen.jpeg,82,activacion,1x384x14x14,0.23148
26,0,imagen.jpeg,83,pointwise_conv,1x384x14x14,2.777048
26,0,imagen.jpeg,84,batchnorm,1x64x14x14,0.012654
26,0,imagen.jpeg,85,layer_add,1x64x14x14,0.006866
26,0,imagen.jpeg,86,pointwise_conv,1x64x14x14,2.963685
26,0,imagen.jpeg,87,batchnorm,1x384x14x14,0.074919
26,0,imagen.jpeg,88,activacion,1x384x14x14,0.285285
26,0,imagen.jpeg,89,depthwise_conv,1x384x14x14,0.803411
26,0,imagen.jpeg,90,batchnorm,1x384x14x14,0.072493
26,0,imagen.jpeg,91,activacion,1x384x14x14,0.256171
26,0,imagen.jpeg,92,pointwise_conv,1x384x14x14,4.097846
26,0,imagen.jpeg,93,batchnorm,1x96x14x14,0.016638
26,0,imagen.jpeg,94,pointwise_conv,1x96x14x14,6.447097
26,0,imagen.jpeg,95,batchnorm,1x576x14x14,0.13427
26,0,imagen.jpeg,96,activacion,1x576x14x14,0.41726
26,0,imagen.jpeg,97,depthwise_conv,1x576x14x14,1.232496
26,0,imagen.jpeg,98,batchnorm,1x576x14x14,0.187766
26,0,imagen.jpeg,99,activacion,1x576x14x14,0.355496
26,0,imagen.jpeg,100,pointwise_conv,1x576x14x14,6.455595
26,0,imagen.jpeg,101,batchnorm,1x96x14x14,0.01793
26,0,imagen.jpeg,102,layer_add,1x96x14x14,0.012383
26,0,imagen.jpeg,103,pointwise_conv,1x96x14x14,6.024125
26,0,imagen.jpeg,104,batchnorm,1x576x14x14,0.105186
26,0,imagen.jpeg,105,activacion,1x576x14x14,0.366645
26,0,imagen.jpeg,106,depthwise_conv,1x576x14x14,1.252818
26,0,imagen.jpeg,107,batchnorm,1x576x14x14,0.166243
26,0,imagen.jpeg,108,activacion,1x576x14x14,0.320774
26,0,imagen.jpeg,109,pointwise_conv,1x576x14x14,6.642793
26,0,imagen.jpeg,110,batchnorm,1x96x14x14,0.019211
26,0,imagen.jpeg,111,layer_add,1x96x14x14,0.010657
26,0,imagen.jpeg,112,pointwise_conv,1x96x14x14,5.989732
26,0,imagen.jpeg,113,batchnorm,1x576x14x14,0.104854
26,0,imagen.jpeg,114,activacion,1x576x14x14,0.315665
26,0,imagen.jpeg,115,depthwise_conv,1x576x14x14,0.286195
26,0,imagen.jpeg,116,batchnorm,1x576x7x7,0.030131
26,0,imagen.jpeg,117,activacion,1x576x7x7,0.067186
26,0,imagen.jpeg,118,pointwise_conv,1x576x7x7,2.507055
26,0,imagen.jpeg,119,batchnorm,1x160x7x7,0.007737
26,0,imagen.jpeg,120,pointwise_conv,1x160x7x7,4.402278
26,0,imagen.jpeg,121,batchnorm,1x960x7x7,0.047108
26,0,imagen.jpeg,122,activacion,1x960x7x7,0.151693
26,0,imagen.jpeg,123,depthwise_conv,1x960x7x7,0.442086
26,0,imagen.jpeg,124,batchnorm,1x960x7x7,0.043623
26,0,imagen.jpeg,125,activacion,1x960x7x7,0.142675
26,0,imagen.jpeg,126,pointwise_conv,1x960x7x7,4.164435
26,0,imagen.jpeg,127,batchnorm,1x160x7x7,0.008107
26,0,imagen.jpeg,128,layer_add,1x160x7x7,0.003905
26,0,imagen.jpeg,129,pointwise_conv,1x160x7x7,4.146821
26,0,imagen.jpeg,130,batchnorm,1x960x7x7,0.044097
26,0,imagen.jpeg,131,activacion,1x960x7x7,0.153819
26,0,imagen.jpeg,132,depthwise_conv,1x960x7x7,0.423367
26,0,imagen.jpeg,133,batchnorm,1x960x7x7,0.055992
26,0,imagen.jpeg,134,activacion,1x960x7x7,0.12876
26,0,imagen.jpeg,135,pointwise_conv,1x960x7x7,4.572493
26,0,imagen.jpeg,136,batchnorm,1x160x7x7,0.00859
26,0,imagen.jpeg,137,layer_add,1x160x7x7,0.004408
26,0,imagen.jpeg,138,pointwise_conv,1x160x7x7,5.031932
26,0,imagen.jpeg,139,batchnorm,1x960x7x7,0.055997
26,0,imagen.jpeg,140,activacion,1x960x7x7,0.126069
26,0,imagen.jpeg,141,depthwise_conv,1x960x7x7,0.496751
26,0,imagen.jpeg,142,batchnorm,1x960x7x7,0.049249
26,0,imagen.jpeg,143,activacion,1x960x7x7,0.092395
26,0,imagen.jpeg,144,pointwise_conv,1x960x7x7,8.169593
26,0,imagen.jpeg,145,batchnorm,1x320x7x7,0.015129
26,0,imagen.jpeg,146,pointwise_conv,1x320x7x7,11.228352
26,0,imagen.jpeg,147,batchnorm,1x1280x7x7,0.060503
26,0,imagen.jpeg,148,activacion,1x1280x7x7,0.176748
26,0,imagen.jpeg,149,pooling,1x1280x7x7,0.038412
26,0,imagen.jpeg,150,linear,1x1280,1.402816
27,0,imagen.jpeg,0,conv2d,1x3x224x224,17.329146
27,0,imagen.jpeg,1,batchnorm,1x32x112x112,0.617211
27,0,imagen.jpeg,2,activacion,1x32x112x112,0.876509
27,0,imagen.jpeg,3,depthwise_conv,1x32x112x112,7.166125
27,0,imagen.jpeg,4,batchnorm,1x32x112x112,2.752664
27,0,imagen.jpeg,5,activacion,1x32x112x112,0.963242
27,0,imagen.jpeg,6,pointwise_conv,1x32x112x112,5.244127
27,0,imagen.jpeg,7,batchnorm,1x16x112x112,0.189333
27,0,imagen.jpeg,8,pointwise_conv,1x16x112x112,11.961645
27,0,imagen.jpeg,9,batchnorm,1x96x112x112,2.345644
27,0,imagen.jpeg,10,activacion,1x96x112x112,3.523596
27,0,imagen.jpeg,11,depthwise_conv,1x96x112x112,3.222472
27,0,imagen.jpeg,12,batchnorm,1x96x56x56,0.279031
27,0,imagen.jpeg,13,activacion,1x96x56x56,1.036415
27,0,imagen.jpeg,14,pointwise_conv,1x96x56x56,3.946101
27,0,imagen.jpeg,15,batchnorm,1x24x56x56,0.062911
27,0,imagen.jpeg,16,pointwise_conv,1x24x56x56,6.740428
27,0,imagen.jpeg,17,batchnorm,1x144x56x56,0.944306
27,0,imagen.jpeg,18,activacion,1x144x56x56,1.296311
27,0,imagen.jpeg,19,depthwise_conv,1x144x56x56,4.477068
27,0,imagen.jpeg,20,batchnorm,1x144x56x56,0.844436
27,0,imagen.jpeg,21,activacion,1x144x56x56,1.5764
27,0,imagen.jpeg,22,pointwise_conv,1x144x56x56,6.147687
27,0,imagen.jpeg,23,batchnorm,1x24x56x56,0.072221
27,0,imagen.jpeg,24,layer_add,1x24x56x56,0.046904
27,0,imagen.jpeg,25,pointwise_conv,1x24x56x56,6.075102
27,0,imagen.jpeg,26,batchnorm,1x144x56x56,0.41799
27,0,imagen.jpeg,27,activacion,1x144x56x56,1.562916
27,0,imagen.jpeg,28,depthwise_conv,1x144x56x56,1.170714
27,0,imagen.jpeg,29,batchnorm,1x144x28x28,0.104359
27,0,imagen.jpeg,30,activacion,1x144x28x28,0.345543
27,0,imagen.jpeg,31,pointwise_conv,1x144x28x28,2.003246
27,0,imagen.jpeg,32,batchnorm,1x32x28x28,0.024033
27,0,imagen.jpeg,33,pointwise_conv,1x32x28x28,2.682121
27,0,imagen.jpeg,34,batchnorm,1x192x28x28,0.145065
27,0,imagen.jpeg,35,activacion,1x192x28x28,0.385028
27,0,imagen.jpeg,36,depthwise_conv,1x192x28x28,1.524132
27,0,imagen.jpeg,37,batchnorm,1x192x28x28,0.134942
27,0,imagen.jpeg,38,activacion,1x192x28x28,0.540243
27,0,imagen.jpeg,39,pointwise_conv,1x192x28x28,2.642586
27,0,imagen.jpeg,40,batchnorm,1x32x28x28,0.020978
27,0,imagen.jpeg,41,layer_add,1x32x28x28,0.013637
27,0,imagen.jpeg,42,pointwise_conv,1x32x28x28,2.682484
27,0,imagen.jpeg,43,batchnorm,1x192x28x28,0.122835
27,0,imagen.jpeg,44,activacion,1x192x28x28,0.41678
27,0,imagen.jpeg,45,depthwise_conv,1x192x28x28,1.454954
27,0,imagen.jpeg,46,batchnorm,1x192x28x28,0.137041
27,0,imagen.jpeg,47,activacion,1x192x28x28,0.515224
27,0,imagen.jpeg,48,pointwise_conv,1x192x28x28,2.720567
27,0,imagen.jpeg,49,batchnorm,1x32x28x28,0.02434
27,0,imagen.jpeg,50,layer_add,1x32x28x28,0.015416
27,0,imagen.jpeg,51,pointwise_conv,1x32x28x28,2.754854
27,0,imagen.jpeg,52,batchnorm,1x192x28x28,0.138708
27,0,imagen.jpeg,53,activacion,1x192x28x28,0.502418
27,0,imagen.jpeg,54,depthwise_conv,1x192x28x28,0.381626
27,0,imagen.jpeg,55,batchnorm,1x192x14x14,0.035656
27,0,imagen.jpeg,56,activacion,1x192x14x14,0.102566
27,0,imagen.jpeg,57,pointwise_conv,1x192x14x14,1.447212
27,0,imagen.jpeg,58,batchnorm,1x64x14x14,0.011715
27,0,imagen.jpeg,59,pointwise_conv,1x64x14x14,2.921941
27,0,imagen.jpeg,60,batchnorm,1x384x14x14,0.075548
27,0,imagen.jpeg,61,activacion,1x384x14x14,0.202205
27,0,imagen.jpeg,62,depthwise_conv,1x384x14x14,0.783574
27,0,imagen.jpeg,63,batchnorm,1x384x14x14,0.071928
27,0,imagen.jpeg,64,activacion,1x384x14x14,0.285326
27,0,imagen.jpeg,65,pointwise_conv,1x384x14x14,2.932495
27,0,imagen.jpeg,66,batchnorm,1x64x14x14,0.012781
27,0,imagen.jpeg,67,layer_add,1x64x14x14,0.006993
27,0,imagen.jpeg,68,pointwise_conv,1x64x14x14,3.177801
27,0,imagen.jpeg,69,batchnorm,1x384x14x14,0.073217
27,0,imagen.jpeg,70,activacion,1x384x14x14,0.243383
27,0,imagen.jpeg,71,depthwise_conv,1x384x14x14,0.797011
27,0,imagen.jpeg,72,batchnorm,1x384x14x14,0.100323
27,0,imagen.jpeg,73,activacion,1x384x14x14,0.262098
27,0,imagen.jpeg,74,pointwise_conv,1x384x14x14,3.13311
27,0,imagen.jpeg,75,batchnorm,1x64x14x14,0.02179
27,0,imagen.jpeg,76,layer_add,1x64x14x14,0.01235
27,0,imagen.jpeg,77,pointwise_conv,1x64x14x14,2.79037
27,0,imagen.jpeg,78,batchnorm,1x384x14x14,0.069283
27,0,imagen.jpeg,79,activacion,1x384x14x14,0.253176
27,0,imagen.jpeg,80,depthwise_conv,1x384x14x14,0.777478
27,0,imagen.jpeg,81,batchnorm,1x384x14x14,0.143556
27,0,imagen.jpeg,82,activacion,1x384x14x14,0.233481
27,0,imagen.jpeg,83,pointwise_conv,1x384x14x14,2.746578
27,0,imagen.jpeg,84,batchnorm,1x64x14x14,0.011051
27,0,imagen.jpeg,85,layer_add,1x64x14x14,0.008403
27,0,imagen.jpeg,86,pointwise_conv,1x64x14x14,2.794337
27,0,imagen.jpeg,87,batchnorm,1x384x14x14,0.069229
27,0,imagen.jpeg,88,activacion,1x384x14x14,0.263947
27,0,imagen.jpeg,89,depthwise_conv,1x384x14x14,0.823536
27,0,imagen.jpeg,90,batchnorm,1x384x14x14,0.071915
27,0,imagen.jpeg,91,activacion,1x384x14x14,0.251315
27,0,imagen.jpeg,92,pointwise_conv,1x384x14x14,4.152591
27,0,imagen.jpeg,93,batchnorm,1x96x14x14,0.020039
27,0,imagen.jpeg,94,pointwise_conv,1x96x14x14,6.652726
27,0,imagen.jpeg,95,batchnorm,1x576x14x14,0.112373
27,0,imagen.jpeg,96,activacion,1x576x14x14,0.370409
27,0,imagen.jpeg,97,depthwise_conv,1x576x14x14,1.166295
27,0,imagen.jpeg,98,batchnorm,1x576x14x14,0.191905
27,0,imagen.jpeg,99,activacion,1x576x14x14,0.344714
27,0,imagen.jpeg,100,pointwise_conv,1x576x14x14,6.061739
27,0,imagen.jpeg,101,batchnorm,1x96x14x14,0.017564
27,0,imagen.jpeg,102,layer_add,1x96x14x14,0.013381
27,0,imagen.jpeg,103,pointwise_conv,1x96x14x14,5.981804
27,0,imagen.jpeg,104,batchnorm,1x576x14x14,0.10572
27,0,imagen.jpeg,105,activacion,1x576x14x14,0.379166
27,0,imagen.jpeg,106,depthwise_conv,1x576x14x14,1.157963
27,0,imagen.jpeg,107,batchnorm,1x576x14x14,0.161144
27,0,imagen.jpeg,108,activacion,1x576x14x14,0.312781
27,0,imagen.jpeg,109,pointwise_conv,1x576x14x14,6.510673
27,0,imagen.jpeg,110,batchnorm,1x96x14x14,0.018502
27,0,imagen.jpeg,111,layer_add,1x96x14x14,0.011187
27,0,imagen.jpeg,112,pointwise_conv,1x96x14x14,6.266161
27,0,imagen.jpeg,113,batchnorm,1x576x14x14,0.117423
27,0,imagen.jpeg,114,activacion,1x576x14x14,0.316208
27,0,imagen.jpeg,115,depthwise_conv,1x576x14x14,0.26672
27,0,imagen.jpeg,116,batchnorm,1x576x7x7,0.029732
27,0,imagen.jpeg,117,activacion,1x576x7x7,0.064971
27,0,imagen.jpeg,118,pointwise_conv,1x576x7x7,2.456668
27,0,imagen.jpeg,119,batchnorm,1x160x7x7,0.007219
27,0,imagen.jpeg,120,pointwise_conv,1x160x7x7,4.094668
27,0,imagen.jpeg,121,batchnorm,1x960x7x7,0.042002
27,0,imagen.jpeg,122,activacion,1x960x7x7,0.147769
27,0,imagen.jpeg,123,depthwise_conv,1x960x7x7,0.475385
27,0,imagen.jpeg,124,batchnorm,1x960x7x7,0.043125
27,0,imagen.jpeg,125,activacion,1x960x7x7,0.13833
27,0,imagen.jpeg,126,pointwise_conv,1x960x7x7,4.109661
27,0,imagen.jpeg,127,batchnorm,1x160x7x7,0.008712
27,0,imagen.jpeg,128,layer_add,1x160x7x7,0.005194
27,0,imagen.jpeg,129,pointwise_conv,1x160x7x7,4.272275
27,0,imagen.jpeg,130,batchnorm,1x960x7x7,0.044041
27,0,imagen.jpeg,131,activacion,1x960x7x7,0.14002
27,0,imagen.jpeg,132,depthwise_conv,1x960x7x7,0.41162
27,0,imagen.jpeg,133,batchnorm,1x960x7x7,0.056772
27,0,imagen.jpeg,134,activacion,1x960x7x7,0.138456
27,0,imagen.jpeg,135,pointwise_conv,1x960x7x7,4.044724
27,0,imagen.jpeg,136,batchnorm,1x160x7x7,0.00723
27,0,imagen.jpeg,137,layer_add,1x160x7x7,0.003991
27,0,imagen.jpeg,138,pointwise_conv,1x160x7x7,4.090514
27,0,imagen.jpeg,139,batchnorm,1x960x7x7,0.041588
27,0,imagen.jpeg,140,activacion,1x960x7x7,0.111114
27,0,imagen.jpeg,141,depthwise_conv,1x960x7x7,0.528711
27,0,imagen.jpeg,142,batchnorm,1x960x7x7,0.045243
27,0,imagen.jpeg,143,activacion,1x960x7x7,0.085536
27,0,imagen.jpeg,144,pointwise_conv,1x960x7x7,8.113726
27,0,imagen.jpeg,145,batchnorm,1x320x7x7,0.015015
27,0,imagen.jpeg,146,pointwise_conv,1x320x7x7,11.060196
27,0,imagen.jpeg,147,batchnorm,1x1280x7x7,0.063329
27,0,imagen.jpeg,148,activacion,1x1280x7x7,0.177888
27,0,imagen.jpeg,149,pooling,1x1280x7x7,0.062438
27,0,imagen.jpeg,150,linear,1x1280,1.408936
28,0,imagen.jpeg,0,conv2d,1x3x224x224,12.286104
28,0,imagen.jpeg,1,batchnorm,1x32x112x112,0.413927
28,0,imagen.jpeg,2,activacion,1x32x112x112,0.695533
28,0,imagen.jpeg,3,depthwise_conv,1x32x112x112,3.902724
28,0,imagen.jpeg,4,batchnorm,1x32x112x112,2.289229
28,0,imagen.jpeg,5,activacion,1x32x112x112,0.748928
28,0,imagen.jpeg,6,pointwise_conv,1x32x112x112,3.741305
28,0,imagen.jpeg,7,batchnorm,1x16x112x112,0.184032
28,0,imagen.jpeg,8,pointwise_conv,1x16x112x112,11.683376
28,0,imagen.jpeg,9,batchnorm,1x96x112x112,2.22685
28,0,imagen.jpeg,10,activacion,1x96x112x112,3.473637
28,0,imagen.jpeg,11,depthwise_conv,1x96x112x112,3.063569
28,0,imagen.jpeg,12,batchnorm,1x96x56x56,0.312568
28,0,imagen.jpeg,13,activacion,1x96x56x56,1.014499
28,0,imagen.jpeg,14,pointwise_conv,1x96x56x56,3.926351
28,0,imagen.jpeg,15,batchnorm,1x24x56x56,0.074944
28,0,imagen.jpeg,16,pointwise_conv,1x24x56x56,6.735122
28,0,imagen.jpeg,17,batchnorm,1x144x56x56,0.89487
28,0,imagen.jpeg,18,activacion,1x144x56x56,1.29742
28,0,imagen.jpeg,19,depthwise_conv,1x144x56x56,4.573739
28,0,imagen.jpeg,20,batchnorm,1x144x56x56,0.861438
28,0,imagen.jpeg,21,activacion,1x144x56x56,1.599674
28,0,imagen.jpeg,22,pointwise_conv,1x144x56x56,6.100549
28,0,imagen.jpeg,23,batchnorm,1x24x56x56,0.069449
28,0,imagen.jpeg,24,layer_add,1x24x56x56,0.045361
28,0,imagen.jpeg,25,pointwise_conv,1x24x56x56,6.090795
28,0,imagen.jpeg,26,batchnorm,1x144x56x56,0.539314
28,0,imagen.jpeg,27,activacion,1x144x56x56,1.526663
28,0,imagen.jpeg,28,depthwise_conv,1x144x56x56,1.154064
28,0,imagen.jpeg,29,batchnorm,1x144x28x28,0.097739
28,0,imagen.jpeg,30,activacion,1x144x28x28,0.3605
28,0,imagen.jpeg,31,pointwise_conv,1x144x28x28,1.986972
28,0,imagen.jpeg,32,batchnorm,1x32x28x28,0.023949
28,0,imagen.jpeg,33,pointwise_conv,1x32x28x28,3.18006
28,0,imagen.jpeg,34,batchnorm,1x192x28x28,0.15231
28,0,imagen.jpeg,35,activacion,1x192x28x28,0.407005
28,0,imagen.jpeg,36,depthwise_conv,1x192x28x28,1.53725
28,0,imagen.jpeg,37,batchnorm,1x192x28x28,0.139063
28,0,imagen.jpeg,38,activacion,1x192x28x28,0.538475
28,0,imagen.jpeg,39,pointwise_conv,1x192x28x28,2.728871
28,0,imagen.jpeg,40,batchnorm,1x32x28x28,0.02342
28,0,imagen.jpeg,41,layer_add,1x32x28x28,0.014362
28,0,imagen.jpeg,42,pointwise_conv,1x32x28x28,2.726635
28,0,imagen.jpeg,43,batchnorm,1x192x28x28,0.127128
28,0,imagen.jpeg,44,activacion,1x192x28x28,0.428065
28,0,imagen.jpeg,45,depthwise_conv,1x192x28x28,1.50186
28,0,imagen.jpeg,46,batchnorm,1x192x28x28,0.130608
28,0,imagen.jpeg,47,activacion,1x192x28x28,0.501611
28,0,imagen.jpeg,48,pointwise_conv,1x192x28x28,3.059012
28,0,imagen.jpeg,49,batchnorm,1x32x28x28,0.024031
28,0,imagen.jpeg,50,layer_add,1x32x28x28,0.028351
28,0,imagen.jpeg,51,pointwise_conv,1x32x28x28,2.747599
28,0,imagen.jpeg,52,batchnorm,1x192x28x28,0.141674
28,0,imagen.jpeg,53,activacion,1x192x28x28,0.529444
28,0,imagen.jpeg,54,depthwise_conv,1x192x28x28,0.391278
28,0,imagen.jpeg,55,batchnorm,1x192x14x14,0.035233
28,0,imagen.jpeg,56,activacion,1x192x14x14,0.098947
28,0,imagen.jpeg,57,pointwise_conv,1x192x14x14,1.426666
28,0,imagen.jpeg,58,batchnorm,1x64x14x14,0.013033
28,0,imagen.jpeg,59,pointwise_conv,1x64x14x14,2.808599
28,0,imagen.jpeg,60,batchnorm,1x384x14x14,0.072745
28,0,imagen.jpeg,61,activacion,1x384x14x14,0.214153
28,0,imagen.jpeg,62,depthwise_conv,1x384x14x14,0.786686
28,0,imagen.jpeg,63,batchnorm,1x384x14x14,0.069726
28,0,imagen.jpeg,64,activacion,1x384x14x14,0.276075
28,0,imagen.jpeg,65,pointwise_conv,1x384x14x14,2.763625
28,0,imagen.jpeg,66,batchnorm,1x64x14x14,0.011243
28,0,imagen.jpeg,67,layer_add,1x64x14x14,0.006658
28,0,imagen.jpeg,68,pointwise_conv,1x64x14x14,2.698996
28,0,imagen.jpeg,69,batchnorm,1x384x14x14,0.06624
28,0,imagen.jpeg,70,activacion,1x384x14x14,0.251839
28,0,imagen.jpeg,71,depthwise_conv,1x384x14x14,0.792493
28,0,imagen.jpeg,72,batchnorm,1x384x14x14,0.125424
28,0,imagen.jpeg,73,activacion,1x384x14x14,0.255682
28,0,imagen.jpeg,74,pointwise_conv,1x384x14x14,2.908541
28,0,imagen.jpeg,75,batchnorm,1x64x14x14,0.012378
28,0,imagen.jpeg,76,layer_add,1x64x14x14,0.007508
28,0,imagen.jpeg,77,pointwise_conv,1x64x14x14,2.846832
28,0,imagen.jpeg,78,batchnorm,1x384x14x14,0.10333
28,0,imagen.jpeg,79,activacion,1x384x14x14,0.265288
28,0,imagen.jpeg,80,depthwise_conv,1x384x14x14,0.805215
28,0,imagen.jpeg,81,batchnorm,1x384x14x14,0.193611
28,0,imagen.jpeg,82,activacion,1x384x14x14,0.307845
28,0,imagen.jpeg,83,pointwise_conv,1x384x14x14,2.964282
28,0,imagen.jpeg,84,batchnorm,1x64x14x14,0.0114
28,0,imagen.jpeg,85,layer_add,1x64x14x14,0.006942
28,0,imagen.jpeg,86,pointwise_conv,1x64x14x14,2.820966
28,0,imagen.jpeg,87,batchnorm,1x384x14x14,0.073071
28,0,imagen.jpeg,88,activacion,1x384x14x14,0.265612
28,0,imagen.jpeg,89,depthwise_conv,1x384x14x14,0.789708
28,0,imagen.jpeg,90,batchnorm,1x384x14x14,0.069592
28,0,imagen.jpeg,91,activacion,1x384x14x14,0.253865
28,0,imagen.jpeg,92,pointwise_conv,1x384x14x14,4.127936
28,0,imagen.jpeg,93,batchnorm,1x96x14x14,0.018394
28,0,imagen.jpeg,94,pointwise_conv,1x96x14x14,5.981666
28,0,imagen.jpeg,95,batchnorm,1x576x14x14,0.109291
28,0,imagen.jpeg,96,activacion,1x576x14x14,0.364052
28,0,imagen.jpeg,97,depthwise_conv,1x576x14x14,1.15987
28,0,imagen.jpeg,98,batchnorm,1x576x14x14,0.177004
28,0,imagen.jpeg,99,activacion,1x576x14x14,0.357449
28,0,imagen.jpeg,100,pointwise_conv,1x576x14x14,6.277286
28,0,imagen.jpeg,101,batchnorm,1x96x14x14,0.018744
28,0,imagen.jpeg,102,layer_add,1x96x14x14,0.013248
28,0,imagen.jpeg,103,pointwise_conv,1x96x14x14,6.207649
28,0,imagen.jpeg,104,batchnorm,1x576x14x14,0.105979
28,0,imagen.jpeg,105,activacion,1x576x14x14,0.36359
28,0,imagen.jpeg,106,depthwise_conv,1x576x14x14,1.162754
28,0,imagen.jpeg,107,batchnorm,1x576x14x14,0.18131
28,0,imagen.jpeg,108,activacion,1x576x14x14,0.320068
28,0,imagen.jpeg,109,pointwise_conv,1x576x14x14,6.080388
28,0,imagen.jpeg,110,batchnorm,1x96x14x14,0.016539
28,0,imagen.jpeg,111,layer_add,1x96x14x14,0.009897
28,0,imagen.jpeg,112,pointwise_conv,1x96x14x14,6.268256
28,0,imagen.jpeg,113,batchnorm,1x576x14x14,0.109465
28,0,imagen.jpeg,114,activacion,1x576x14x14,0.337393
28,0,imagen.jpeg,115,depthwise_conv,1x576x14x14,0.276887
28,0,imagen.jpeg,116,batchnorm,1x576x7x7,0.030707
28,0,imagen.jpeg,117,activacion,1x576x7x7,0.067136
28,0,imagen.jpeg,118,pointwise_conv,1x576x7x7,2.442562
28,0,imagen.jpeg,119,batchnorm,1x160x7x7,0.007358
28,0,imagen.jpeg,120,pointwise_conv,1x160x7x7,4.062945
28,0,imagen.jpeg,121,batchnorm,1x960x7x7,0.04167
28,0,imagen.jpeg,122,activacion,1x960x7x7,0.145669
28,0,imagen.jpeg,123,depthwise_conv,1x960x7x7,0.470371
28,0,imagen.jpeg,124,batchnorm,1x960x7x7,0.043466
28,0,imagen.jpeg,125,activacion,1x960x7x7,0.138557
28,0,imagen.jpeg,126,pointwise_conv,1x960x7x7,4.089502
28,0,imagen.jpeg,127,batchnorm,1x160x7x7,0.007886
28,0,imagen.jpeg,128,layer_add,1x160x7x7,0.003739
28,0,imagen.jpeg,129,pointwise_conv,1x160x7x7,4.213232
28,0,imagen.jpeg,130,batchnorm,1x960x7x7,0.04558
28,0,imagen.jpeg,131,activacion,1x960x7x7,0.139851
28,0,imagen.jpeg,132,depthwise_conv,1x960x7x7,0.442257
28,0,imagen.jpeg,133,batchnorm,1x960x7x7,0.054112
28,0,imagen.jpeg,134,activacion,1x960x7x7,0.12866
28,0,imagen.jpeg,135,pointwise_conv,1x960x7x7,4.053637
28,0,imagen.jpeg,136,batchnorm,1x160x7x7,0.007401
28,0,imagen.jpeg,137,layer_add,1x160x7x7,0.004437
28,0,imagen.jpeg,138,pointwise_conv,1x160x7x7,4.244431
28,0,imagen.jpeg,139,batchnorm,1x960x7x7,0.044131
28,0,imagen.jpeg,140,activacion,1x960x7x7,0.114756
28,0,imagen.jpeg,141,depthwise_conv,1x960x7x7,0.429335
28,0,imagen.jpeg,142,batchnorm,1x960x7x7,0.046413
28,0,imagen.jpeg,143,activacion,1x960x7x7,0.088186
28,0,imagen.jpeg,144,pointwise_conv,1x960x7x7,8.326254
28,0,imagen.jpeg,145,batchnorm,1x320x7x7,0.015384
28,0,imagen.jpeg,146,pointwise_conv,1x320x7x7,11.182086
28,0,imagen.jpeg,147,batchnorm,1x1280x7x7,0.078779
28,0,imagen.jpeg,148,activacion,1x1280x7x7,0.177497
28,0,imagen.jpeg,149,pooling,1x1280x7x7,0.037935
28,0,imagen.jpeg,150,linear,1x1280,1.414443
29,0,imagen.jpeg,0,conv2d,1x3x224x224,12.588824
29,0,imagen.jpeg,1,batchnorm,1x32x112x112,0.456343
29,0,imagen.jpeg,2,activacion,1x32x112x112,0.670389
29,0,imagen.jpeg,3,depthwise_conv,1x32x112x112,3.987725
29,0,imagen.jpeg,4,batchnorm,1x32x112x112,2.376971
29,0,imagen.jpeg,5,activacion,1x32x112x112,0.748999
29,0,imagen.jpeg,6,pointwise_conv,1x32x112x112,4.280007
29,0,imagen.jpeg,7,batchnorm,1x16x112x112,0.197526
29,0,imagen.jpeg,8,pointwise_conv,1x16x112x112,11.92889
29,0,imagen.jpeg,9,batchnorm,1x96x112x112,2.161797
29,0,imagen.jpeg,10,activacion,1x96x112x112,3.594465
29,0,imagen.jpeg,11,depthwise_conv,1x96x112x112,3.646191
29,0,imagen.jpeg,12,batchnorm,1x96x56x56,0.29017
29,0,imagen.jpeg,13,activacion,1x96x56x56,1.06665
29,0,imagen.jpeg,14,pointwise_conv,1x96x56x56,4.257059
29,0,imagen.jpeg,15,batchnorm,1x24x56x56,0.069265
29,0,imagen.jpeg,16,pointwise_conv,1x24x56x56,7.355761
29,0,imagen.jpeg,17,batchnorm,1x144x56x56,0.972182
29,0,imagen.jpeg,18,activacion,1x144x56x56,1.337306
29,0,imagen.jpeg,19,depthwise_conv,1x144x56x56,4.812596
29,0,imagen.jpeg,20,batchnorm,1x144x56x56,0.922484
29,0,imagen.jpeg,21,activacion,1x144x56x56,1.691429
29,0,imagen.jpeg,22,pointwise_conv,1x144x56x56,6.437268
29,0,imagen.jpeg,23,batchnorm,1x24x56x56,0.067954
29,0,imagen.jpeg,24,layer_add,1x24x56x56,0.041687
29,0,imagen.jpeg,25,pointwise_conv,1x24x56x56,6.382565
29,0,imagen.jpeg,26,batchnorm,1x144x56x56,0.451448
29,0,imagen.jpeg,27,activacion,1x144x56x56,1.592573
29,0,imagen.jpeg,28,depthwise_conv,1x144x56x56,1.329232
29,0,imagen.jpeg,29,batchnorm,1x144x28x28,0.116466
29,0,imagen.jpeg,30,activacion,1x144x28x28,0.380945
29,0,imagen.jpeg,31,pointwise_conv,1x144x28x28,2.504968
29,0,imagen.jpeg,32,batchnorm,1x32x28x28,0.025386
29,0,imagen.jpeg,33,pointwise_conv,1x32x28x28,2.845651
29,0,imagen.jpeg,34,batchnorm,1x192x28x28,0.144228
29,0,imagen.jpeg,35,activacion,1x192x28x28,0.410102
29,0,imagen.jpeg,36,depthwise_conv,1x192x28x28,1.596211
29,0,imagen.jpeg,37,batchnorm,1x192x28x28,0.134085
29,0,imagen.jpeg,38,activacion,1x192x28x28,0.540258
29,0,imagen.jpeg,39,pointwise_conv,1x192x28x28,2.663889
29,0,imagen.jpeg,40,batchnorm,1x32x28x28,0.021435
29,0,imagen.jpeg,41,layer_add,1x32x28x28,0.013645
29,0,imagen.jpeg,42,pointwise_conv,1x32x28x28,2.64343
29,0,imagen.jpeg,43,batchnorm,1x192x28x28,0.125908
29,0,imagen.jpeg,44,activacion,1x192x28x28,0.430192
29,0,imagen.jpeg,45,depthwise_conv,1x192x28x28,1.542034
29,0,imagen.jpeg,46,batchnorm,1x192x28x28,0.132785
29,0,imagen.jpeg,47,activacion,1x192x28x28,0.55584
29,0,imagen.jpeg,48,pointwise_conv,1x192x28x28,2.689538
29,0,imagen.jpeg,49,batchnorm,1x32x28x28,0.022291
29,0,imagen.jpeg,50,layer_add,1x32x28x28,0.014984
29,0,imagen.jpeg,51,pointwise_conv,1x32x28x28,3.220205
29,0,imagen.jpeg,52,batchnorm,1x192x28x28,0.200696
29,0,imagen.jpeg,53,activacion,1x192x28x28,0.515539
29,0,imagen.jpeg,54,depthwise_conv,1x192x28x28,0.392224
29,0,imagen.jpeg,55,batchnorm,1x192x14x14,0.035234
29,0,imagen.jpeg,56,activacion,1x192x14x14,0.104216
29,0,imagen.jpeg,57,pointwise_conv,1x192x14x14,1.389466
29,0,imagen.jpeg,58,batchnorm,1x64x14x14,0.011592
29,0,imagen.jpeg,59,pointwise_conv,1x64x14x14,2.780335
29,0,imagen.jpeg,60,batchnorm,1x384x14x14,0.079325
29,0,imagen.jpeg,61,activacion,1x384x14x14,0.190975
29,0,imagen.jpeg,62,depthwise_conv,1x384x14x14,0.763502
29,0,imagen.jpeg,63,batchnorm,1x384x14x14,0.067617
29,0,imagen.jpeg,64,activacion,1x384x14x14,0.271804
29,0,imagen.jpeg,65,pointwise_conv,1x384x14x14,2.803908
29,0,imagen.jpeg,66,batchnorm,1x64x14x14,0.01312
29,0,imagen.jpeg,67,layer_add,1x64x14x14,0.007222
29,0,imagen.jpeg,68,pointwise_conv,1x64x14x14,2.922086
29,0,imagen.jpeg,69,batchnorm,1x384x14x14,0.074067
29,0,imagen.jpeg,70,activacion,1x384x14x14,0.251587
29,0,imagen.jpeg,71,depthwise_conv,1x384x14x14,0.785922
29,0,imagen.jpeg,72,batchnorm,1x384x14x14,0.10487
29,0,imagen.jpeg,73,activacion,1x384x14x14,0.260109
29,0,imagen.jpeg,74,pointwise_conv,1x384x14x14,2.903751
29,0,imagen.jpeg,75,batchnorm,1x64x14x14,0.011482
29,0,imagen.jpeg,76,layer_add,1x64x14x14,0.006567
29,0,imagen.jpeg,77,pointwise_conv,1x64x14x14,2.772304
29,0,imagen.jpeg,78,batchnorm,1x384x14x14,0.069286
29,0,imagen.jpeg,79,activacion,1x384x14x14,0.278312
29,0,imagen.jpeg,80,depthwise_conv,1x384x14x14,0.789579
29,0,imagen.jpeg,81,batchnorm,1x384x14x14,0.146241
29,0,imagen.jpeg,82,activacion,1x384x14x14,0.243382
29,0,imagen.jpeg,83,pointwise_conv,1x384x14x14,2.776575
29,0,imagen.jpeg,84,batchnorm,1x64x14x14,0.011379
29,0,imagen.jpeg,85,layer_add,1x64x14x14,0.005939
29,0,imagen.jpeg,86,pointwise_conv,1x64x14x14,2.703591
29,0,imagen.jpeg,87,batchnorm,1x384x14x14,0.078431
29,0,imagen.jpeg,88,activacion,1x384x14x14,0.247671
29,0,imagen.jpeg,89,depthwise_conv,1x384x14x14,0.744035
29,0,imagen.jpeg,90,batchnorm,1x384x14x14,0.065352
29,0,imagen.jpeg,91,activacion,1x384x14x14,0.238579
29,0,imagen.jpeg,92,pointwise_conv,1x384x14x14,3.973382
29,0,imagen.jpeg,93,batchnorm,1x96x14x14,0.016212
29,0,imagen.jpeg,94,pointwise_conv,1x96x14x14,5.932348
29,0,imagen.jpeg,95,batchnorm,1x576x14x14,0.103926
29,0,imagen.jpeg,96,activacion,1x576x14x14,0.355326
29,0,imagen.jpeg,97,depthwise_conv,1x576x14x14,1.142071
29,0,imagen.jpeg,98,batchnorm,1x576x14x14,0.176854
29,0,imagen.jpeg,99,activacion,1x576x14x14,0.340458
29,0,imagen.jpeg,100,pointwise_conv,1x576x14x14,6.397851
29,0,imagen.jpeg,101,batchnorm,1x96x14x14,0.018399
29,0,imagen.jpeg,102,layer_add,1x96x14x14,0.014108
29,0,imagen.jpeg,103,pointwise_conv,1x96x14x14,5.983048
29,0,imagen.jpeg,104,batchnorm,1x576x14x14,0.10269
29,0,imagen.jpeg,105,activacion,1x576x14x14,0.357117
29,0,imagen.jpeg,106,depthwise_conv,1x576x14x14,1.150745
29,0,imagen.jpeg,107,batchnorm,1x576x14x14,0.153857
29,0,imagen.jpeg,108,activacion,1x576x14x14,0.296977
29,0,imagen.jpeg,109,pointwise_conv,1x576x14x14,6.104613
29,0,imagen.jpeg,110,batchnorm,1x96x14x14,0.016862
29,0,imagen.jpeg,111,layer_add,1x96x14x14,0.009817
29,0,imagen.jpeg,112,pointwise_conv,1x96x14x14,5.951333
29,0,imagen.jpeg,113,batchnorm,1x576x14x14,0.103278
29,0,imagen.jpeg,114,activacion,1x576x14x14,0.314966
29,0,imagen.jpeg,115,depthwise_conv,1x576x14x14,0.260265
29,0,imagen.jpeg,116,batchnorm,1x576x7x7,0.029445
29,0,imagen.jpeg,117,activacion,1x576x7x7,0.066503
29,0,imagen.jpeg,118,pointwise_conv,1x576x7x7,2.411461
29,0,imagen.jpeg,119,batchnorm,1x160x7x7,0.007131
29,0,imagen.jpeg,120,pointwise_conv,1x160x7x7,4.282395
29,0,imagen.jpeg,121,batchnorm,1x960x7x7,0.043601
29,0,imagen.jpeg,122,activacion,1x960x7x7,0.16878
29,0,imagen.jpeg,123,depthwise_conv,1x960x7x7,0.401901
29,0,imagen.jpeg,124,batchnorm,1x960x7x7,0.040672
29,0,imagen.jpeg,125,activacion,1x960x7x7,0.132593
29,0,imagen.jpeg,126,pointwise_conv,1x960x7x7,4.089854
29,0,imagen.jpeg,127,batchnorm,1x160x7x7,0.007357
29,0,imagen.jpeg,128,layer_add,1x160x7x7,0.004412
29,0,imagen.jpeg,129,pointwise_conv,1x160x7x7,3.913524
29,0,imagen.jpeg,130,batchnorm,1x960x7x7,0.041082
29,0,imagen.jpeg,131,activacion,1x960x7x7,0.137199
29,0,imagen.jpeg,132,depthwise_conv,1x960x7x7,0.404956
29,0,imagen.jpeg,133,batchnorm,1x960x7x7,0.051013
29,0,imagen.jpeg,134,activacion,1x960x7x7,0.118981
29,0,imagen.jpeg,135,pointwise_conv,1x960x7x7,3.932505
29,0,imagen.jpeg,136,batchnorm,1x160x7x7,0.007177
29,0,imagen.jpeg,137,layer_add,1x160x7x7,0.003819
29,0,imagen.jpeg,138,pointwise_conv,1x160x7x7,4.147552
29,0,imagen.jpeg,139,batchnorm,1x960x7x7,0.042424
29,0,imagen.jpeg,140,activacion,1x960x7x7,0.149453
29,0,imagen.jpeg,141,depthwise_conv,1x960x7x7,0.412672
29,0,imagen.jpeg,142,batchnorm,1x960x7x7,0.045232
29,0,imagen.jpeg,143,activacion,1x960x7x7,0.085271
29,0,imagen.jpeg,144,pointwise_conv,1x960x7x7,8.304009
29,0,imagen.jpeg,145,batchnorm,1x320x7x7,0.016223
29,0,imagen.jpeg,146,pointwise_conv,1x320x7x7,11.053973
29,0,imagen.jpeg,147,batchnorm,1x1280x7x7,0.063472
29,0,imagen.jpeg,148,activacion,1x1280x7x7,0.178258
29,0,imagen.jpeg,149,pooling,1x1280x7x7,0.038257
29,0,imagen.jpeg,150,linear,1x1280,1.430929
30,0,imagen.jpeg,0,conv2d,1x3x224x224,13.109602
30,0,imagen.jpeg,1,batchnorm,1x32x112x112,0.415663
30,0,imagen.jpeg,2,activacion,1x32x112x112,0.658381
30,0,imagen.jpeg,3,depthwise_conv,1x32x112x112,4.021033
30,0,imagen.jpeg,4,batchnorm,1x32x112x112,2.434203
30,0,imagen.jpeg,5,activacion,1x32x112x112,0.75788
30,0,imagen.jpeg,6,pointwise_conv,1x32x112x112,3.893902
30,0,imagen.jpeg,7,batchnorm,1x16x112x112,0.186493
30,0,imagen.jpeg,8,pointwise_conv,1x16x112x112,12.321495
30,0,imagen.jpeg,9,batchnorm,1x96x112x112,2.214962
30,0,imagen.jpeg,10,activacion,1x96x112x112,3.694263
30,0,imagen.jpeg,11,depthwise_conv,1x96x112x112,3.662861
30,0,imagen.jpeg,12,batchnorm,1x96x56x56,0.347301
30,0,imagen.jpeg,13,activacion,1x96x56x56,1.079228
30,0,imagen.jpeg,14,pointwise_conv,1x96x56x56,4.089306
30,0,imagen.jpeg,15,batchnorm,1x24x56x56,0.06284
30,0,imagen.jpeg,16,pointwise_conv,1x24x56x56,6.907465
30,0,imagen.jpeg,17,batchnorm,1x144x56x56,0.92899
30,0,imagen.jpeg,18,activacion,1x144x56x56,1.304064
30,0,imagen.jpeg,19,depthwise_conv,1x144x56x56,4.467716
30,0,imagen.jpeg,20,batchnorm,1x144x56x56,0.867867
30,0,imagen.jpeg,21,activacion,1x144x56x56,1.729101
30,0,imagen.jpeg,22,pointwise_conv,1x144x56x56,7.083653
30,0,imagen.jpeg,23,batchnorm,1x24x56x56,0.070313
30,0,imagen.jpeg,24,layer_add,1x24x56x56,0.043299
30,0,imagen.jpeg,25,pointwise_conv,1x24x56x56,6.010853
30,0,imagen.jpeg,26,batchnorm,1x144x56x56,0.418852
30,0,imagen.jpeg,27,activacion,1x144x56x56,1.540269
30,0,imagen.jpeg,28,depthwise_conv,1x144x56x56,1.127863
30,0,imagen.jpeg,29,batchnorm,1x144x28x28,0.098665
30,0,imagen.jpeg,30,activacion,1x144x28x28,0.352916
30,0,imagen.jpeg,31,pointwise_conv,1x144x28x28,2.125601
30,0,imagen.jpeg,32,batchnorm,1x32x28x28,0.022092
30,0,imagen.jpeg,33,pointwise_conv,1x32x28x28,2.910151
30,0,imagen.jpeg,34,batchnorm,1x192x28x28,0.173985
30,0,imagen.jpeg,35,activacion,1x192x28x28,0.369765
30,0,imagen.jpeg,36,depthwise_conv,1x192x28x28,1.502531
30,0,imagen.jpeg,37,batchnorm,1x192x28x28,0.128081
30,0,imagen.jpeg,38,activacion,1x192x28x28,0.520871
30,0,imagen.jpeg,39,pointwise_conv,1x192x28x28,2.60751
30,0,imagen.jpeg,40,batchnorm,1x32x28x28,0.020916
30,0,imagen.jpeg,41,layer_add,1x32x28x28,0.013565
30,0,imagen.jpeg,42,pointwise_conv,1x32x28x28,2.723285
30,0,imagen.jpeg,43,batchnorm,1x192x28x28,0.125764
30,0,imagen.jpeg,44,activacion,1x192x28x28,0.432418
30,0,imagen.jpeg,45,depthwise_conv,1x192x28x28,1.503153
30,0,imagen.jpeg,46,batchnorm,1x192x28x28,0.125468
30,0,imagen.jpeg,47,activacion,1x192x28x28,0.51209
30,0,imagen.jpeg,48,pointwise_conv,1x192x28x28,2.621913
30,0,imagen.jpeg,49,batchnorm,1x32x28x28,0.021266
30,0,imagen.jpeg,50,layer_add,1x32x28x28,0.011975
30,0,imagen.jpeg,51,pointwise_conv,1x32x28x28,2.788923
30,0,imagen.jpeg,52,batchnorm,1x192x28x28,0.136304
30,0,imagen.jpeg,53,activacion,1x192x28x28,0.492547
30,0,imagen.jpeg,54,depthwise_conv,1x192x28x28,0.384037
30,0,imagen.jpeg,55,batchnorm,1x192x14x14,0.034431
30,0,imagen.jpeg,56,activacion,1x192x14x14,0.099172
30,0,imagen.jpeg,57,pointwise_conv,1x192x14x14,1.344579
30,0,imagen.jpeg,58,batchnorm,1x64x14x14,0.011564
30,0,imagen.jpeg,59,pointwise_conv,1x64x14x14,2.713826
30,0,imagen.jpeg,60,batchnorm,1x384x14x14,0.067212
30,0,imagen.jpeg,61,activacion,1x384x14x14,0.186738
30,0,imagen.jpeg,62,depthwise_conv,1x384x14x14,0.746394
30,0,imagen.jpeg,63,batchnorm,1x384x14x14,0.066317
30,0,imagen.jpeg,64,activacion,1x384x14x14,0.260508
30,0,imagen.jpeg,65,pointwise_conv,1x384x14x14,2.946748
30,0,imagen.jpeg,66,batchnorm,1x64x14x14,0.012647
30,0,imagen.jpeg,67,layer_add,1x64x14x14,0.010826
30,0,imagen.jpeg,68,pointwise_conv,1x64x14x14,3.052624
30,0,imagen.jpeg,69,batchnorm,1x384x14x14,0.07708
30,0,imagen.jpeg,70,activacion,1x384x14x14,0.250244
30,0,imagen.jpeg,71,depthwise_conv,1x384x14x14,0.795044
30,0,imagen.jpeg,72,batchnorm,1x384x14x14,0.102347
30,0,imagen.jpeg,73,activacion,1x384x14x14,0.269714
30,0,imagen.jpeg,74,pointwise_conv,1x384x14x14,2.95086
30,0,imagen.jpeg,75,batchnorm,1x64x14x14,0.011559
30,0,imagen.jpeg,76,layer_add,1x64x14x14,0.007039
30,0,imagen.jpeg,77,pointwise_conv,1x64x14x14,2.781225
30,0,imagen.jpeg,78,batchnorm,1x384x14x14,0.06828
30,0,imagen.jpeg,79,activacion,1x384x14x14,0.254279
30,0,imagen.jpeg,80,depthwise_conv,1x384x14x14,0.775496
30,0,imagen.jpeg,81,batchnorm,1x384x14x14,0.142799
30,0,imagen.jpeg,82,activacion,1x384x14x14,0.247825
30,0,imagen.jpeg,83,pointwise_conv,1x384x14x14,2.759509
30,0,imagen.jpeg,84,batchnorm,1x64x14x14,0.01134
30,0,imagen.jpeg,85,layer_add,1x64x14x14,0.006296
30,0,imagen.jpeg,86,pointwise_conv,1x64x14x14,3.183782
30,0,imagen.jpeg,87,batchnorm,1x384x14x14,0.072531
30,0,imagen.jpeg,88,activacion,1x384x14x14,0.253356
30,0,imagen.jpeg,89,depthwise_conv,1x384x14x14,0.773686
30,0,imagen.jpeg,90,batchnorm,1x384x14x14,0.068123
30,0,imagen.jpeg,91,activacion,1x384x14x14,0.249064
30,0,imagen.jpeg,92,pointwise_conv,1x384x14x14,4.648374
30,0,imagen.jpeg,93,batchnorm,1x96x14x14,0.018805
30,0,imagen.jpeg,94,pointwise_conv,1x96x14x14,6.148651
30,0,imagen.jpeg,95,batchnorm,1x576x14x14,0.104432
30,0,imagen.jpeg,96,activacion,1x576x14x14,0.363368
30,0,imagen.jpeg,97,depthwise_conv,1x576x14x14,1.152469
30,0,imagen.jpeg,98,batchnorm,1x576x14x14,0.180195
30,0,imagen.jpeg,99,activacion,1x576x14x14,0.355681
30,0,imagen.jpeg,100,pointwise_conv,1x576x14x14,6.391057
30,0,imagen.jpeg,101,batchnorm,1x96x14x14,0.01942
30,0,imagen.jpeg,102,layer_add,1x96x14x14,0.018309
30,0,imagen.jpeg,103,pointwise_conv,1x96x14x14,5.941864
30,0,imagen.jpeg,104,batchnorm,1x576x14x14,0.128587
30,0,imagen.jpeg,105,activacion,1x576x14x14,0.372752
30,0,imagen.jpeg,106,depthwise_conv,1x576x14x14,1.142786
30,0,imagen.jpeg,107,batchnorm,1x576x14x14,0.16163
30,0,imagen.jpeg,108,activacion,1x576x14x14,0.31412
30,0,imagen.jpeg,109,pointwise_conv,1x576x14x14,5.893407
30,0,imagen.jpeg,110,batchnorm,1x96x14x14,0.016153
30,0,imagen.jpeg,111,layer_add,1x96x14x14,0.009265
30,0,imagen.jpeg,112,pointwise_conv,1x96x14x14,6.275494
30,0,imagen.jpeg,113,batchnorm,1x576x14x14,0.106762
30,0,imagen.jpeg,114,activacion,1x576x14x14,0.30991
30,0,imagen.jpeg,115,depthwise_conv,1x576x14x14,0.31342
30,0,imagen.jpeg,116,batchnorm,1x576x7x7,0.029935
30,0,imagen.jpeg,117,activacion,1x576x7x7,0.064719
30,0,imagen.jpeg,118,pointwise_conv,1x576x7x7,2.448722
30,0,imagen.jpeg,119,batchnorm,1x160x7x7,0.0076
30,0,imagen.jpeg,120,pointwise_conv,1x160x7x7,4.347294
30,0,imagen.jpeg,121,batchnorm,1x960x7x7,0.04424
30,0,imagen.jpeg,122,activacion,1x960x7x7,0.150325
30,0,imagen.jpeg,123,depthwise_conv,1x960x7x7,0.430273
30,0,imagen.jpeg,124,batchnorm,1x960x7x7,0.043594
30,0,imagen.jpeg,125,activacion,1x960x7x7,0.15383
30,0,imagen.jpeg,126,pointwise_conv,1x960x7x7,4.141723
30,0,imagen.jpeg,127,batchnorm,1x160x7x7,0.007805
30,0,imagen.jpeg,128,layer_add,1x160x7x7,0.004345
30,0,imagen.jpeg,129,pointwise_conv,1x160x7x7,4.027773
30,0,imagen.jpeg,130,batchnorm,1x960x7x7,0.041211
30,0,imagen.jpeg,131,activacion,1x960x7x7,0.13594
30,0,imagen.jpeg,132,depthwise_conv,1x960x7x7,0.455306
30,0,imagen.jpeg,133,batchnorm,1x960x7x7,0.052383
30,0,imagen.jpeg,134,activacion,1x960x7x7,0.122255
30,0,imagen.jpeg,135,pointwise_conv,1x960x7x7,4.29102
30,0,imagen.jpeg,136,batchnorm,1x160x7x7,0.031076
30,0,imagen.jpeg,137,layer_add,1x160x7x7,0.004401
30,0,imagen.jpeg,138,pointwise_conv,1x160x7x7,4.238684
30,0,imagen.jpeg,139,batchnorm,1x960x7x7,0.057758
30,0,imagen.jpeg,140,activacion,1x960x7x7,0.112555
30,0,imagen.jpeg,141,depthwise_conv,1x960x7x7,0.523658
30,0,imagen.jpeg,142,batchnorm,1x960x7x7,0.047474
30,0,imagen.jpeg,143,activacion,1x960x7x7,0.085776
30,0,imagen.jpeg,144,pointwise_conv,1x960x7x7,8.081311
30,0,imagen.jpeg,145,batchnorm,1x320x7x7,0.014735
30,0,imagen.jpeg,146,pointwise_conv,1x320x7x7,11.840942
30,0,imagen.jpeg,147,batchnorm,1x1280x7x7,0.060714
30,0,imagen.jpeg,148,activacion,1x1280x7x7,0.176727
30,0,imagen.jpeg,149,pooling,1x1280x7x7,0.038193
30,0,imagen.jpeg,150,linear,1x1280,1.444613
31,0,imagen.jpeg,0,conv2d,1x3x224x224,13.111784
31,0,imagen.jpeg,1,batchnorm,1x32x112x112,0.41578
31,0,imagen.jpeg,2,activacion,1x32x112x112,0.642635
31,0,imagen.jpeg,3,depthwise_conv,1x32x112x112,4.027681
31,0,imagen.jpeg,4,batchnorm,1x32x112x112,2.312464
31,0,imagen.jpeg,5,activacion,1x32x112x112,0.789699
31,0,imagen.jpeg,6,pointwise_conv,1x32x112x112,4.079886
31,0,imagen.jpeg,7,batchnorm,1x16x112x112,0.215834
31,0,imagen.jpeg,8,pointwise_conv,1x16x112x112,12.158707
31,0,imagen.jpeg,9,batchnorm,1x96x112x112,2.470663
31,0,imagen.jpeg,10,activacion,1x96x112x112,3.418231
31,0,imagen.jpeg,11,depthwise_conv,1x96x112x112,3.175376
31,0,imagen.jpeg,12,batchnorm,1x96x56x56,0.26427
31,0,imagen.jpeg,13,activacion,1x96x56x56,1.019148
31,0,imagen.jpeg,14,pointwise_conv,1x96x56x56,4.084159
31,0,imagen.jpeg,15,batchnorm,1x24x56x56,0.065676
31,0,imagen.jpeg,16,pointwise_conv,1x24x56x56,6.78811
31,0,imagen.jpeg,17,batchnorm,1x144x56x56,0.931422
31,0,imagen.jpeg,18,activacion,1x144x56x56,1.306644
31,0,imagen.jpeg,19,depthwise_conv,1x144x56x56,4.541092
31,0,imagen.jpeg,20,batchnorm,1x144x56x56,0.948372
31,0,imagen.jpeg,21,activacion,1x144x56x56,1.603807
31,0,imagen.jpeg,22,pointwise_conv,1x144x56x56,6.13701
31,0,imagen.jpeg,23,batchnorm,1x24x56x56,0.064275
31,0,imagen.jpeg,24,layer_add,1x24x56x56,0.04512
31,0,imagen.jpeg,25,pointwise_conv,1x24x56x56,5.8862
31,0,imagen.jpeg,26,batchnorm,1x144x56x56,0.411722
31,0,imagen.jpeg,27,activacion,1x144x56x56,1.508588
31,0,imagen.jpeg,28,depthwise_conv,1x144x56x56,1.146511
31,0,imagen.jpeg,29,batchnorm,1x144x28x28,0.102228
31,0,imagen.jpeg,30,activacion,1x144x28x28,0.346346
31,0,imagen.jpeg,31,pointwise_conv,1x144x28x28,1.969052
31,0,imagen.jpeg,32,batchnorm,1x32x28x28,0.021544
31,0,imagen.jpeg,33,pointwise_conv,1x32x28x28,3.03624
31,0,imagen.jpeg,34,batchnorm,1x192x28x28,0.140627
31,0,imagen.jpeg,35,activacion,1x192x28x28,0.379082
31,0,imagen.jpeg,36,depthwise_conv,1x192x28x28,1.54768
31,0,imagen.jpeg,37,batchnorm,1x192x28x28,0.131373
31,0,imagen.jpeg,38,activacion,1x192x28x28,0.529575
31,0,imagen.jpeg,39,pointwise_conv,1x192x28x28,2.668039
31,0,imagen.jpeg,40,batchnorm,1x32x28x28,0.02123
31,0,imagen.jpeg,41,layer_add,1x32x28x28,0.013244
31,0,imagen.jpeg,42,pointwise_conv,1x32x28x28,2.645154
31,0,imagen.jpeg,43,batchnorm,1x192x28x28,0.184008
31,0,imagen.jpeg,44,activacion,1x192x28x28,0.49252
31,0,imagen.jpeg,45,depthwise_conv,1x192x28x28,1.475037
31,0,imagen.jpeg,46,batchnorm,1x192x28x28,0.137545
31,0,imagen.jpeg,47,activacion,1x192x28x28,0.510116
31,0,imagen.jpeg,48,pointwise_conv,1x192x28x28,2.674954
31,0,imagen.jpeg,49,batchnorm,1x32x28x28,0.025304
31,0,imagen.jpeg,50,layer_add,1x32x28x28,0.014587
31,0,imagen.jpeg,51,pointwise_conv,1x32x28x28,2.718802
31,0,imagen.jpeg,52,batchnorm,1x192x28x28,0.130539
31,0,imagen.jpeg,53,activacion,1x192x28x28,0.48917
31,0,imagen.jpeg,54,depthwise_conv,1x192x28x28,0.38486
31,0,imagen.jpeg,55,batchnorm,1x192x14x14,0.034007
31,0,imagen.jpeg,56,activacion,1x192x14x14,0.0983
31,0,imagen.jpeg,57,pointwise_conv,1x192x14x14,1.344937
31,0,imagen.jpeg,58,batchnorm,1x64x14x14,0.011769
31,0,imagen.jpeg,59,pointwise_conv,1x64x14x14,2.72538
31,0,imagen.jpeg,60,batchnorm,1x384x14x14,0.066605
31,0,imagen.jpeg,61,activacion,1x384x14x14,0.1866
31,0,imagen.jpeg,62,depthwise_conv,1x384x14x14,0.796075
31,0,imagen.jpeg,63,batchnorm,1x384x14x14,0.066912
31,0,imagen.jpeg,64,activacion,1x384x14x14,0.263791
31,0,imagen.jpeg,65,pointwise_conv,1x384x14x14,2.703733
31,0,imagen.jpeg,66,batchnorm,1x64x14x14,0.01179
31,0,imagen.jpeg,67,layer_add,1x64x14x14,0.006866
31,0,imagen.jpeg,68,pointwise_conv,1x64x14x14,2.719926
31,0,imagen.jpeg,69,batchnorm,1x384x14x14,0.064569
31,0,imagen.jpeg,70,activacion,1x384x14x14,0.229651
31,0,imagen.jpeg,71,depthwise_conv,1x384x14x14,0.862368
31,0,imagen.jpeg,72,batchnorm,1x384x14x14,0.112737
31,0,imagen.jpeg,73,activacion,1x384x14x14,0.248078
31,0,imagen.jpeg,74,pointwise_conv,1x384x14x14,2.834764
31,0,imagen.jpeg,75,batchnorm,1x64x14x14,0.012113
31,0,imagen.jpeg,76,layer_add,1x64x14x14,0.007706
31,0,imagen.jpeg,77,pointwise_conv,1x64x14x14,2.805694
31,0,imagen.jpeg,78,batchnorm,1x384x14x14,0.069569
31,0,imagen.jpeg,79,activacion,1x384x14x14,0.260132
31,0,imagen.jpeg,80,depthwise_conv,1x384x14x14,0.782897
31,0,imagen.jpeg,81,batchnorm,1x384x14x14,0.14298
31,0,imagen.jpeg,82,activacion,1x384x14x14,0.231944
31,0,imagen.jpeg,83,pointwise_conv,1x384x14x14,2.691358
31,0,imagen.jpeg,84,batchnorm,1x64x14x14,0.010815
31,0,imagen.jpeg,85,layer_add,1x64x14x14,0.00572
31,0,imagen.jpeg,86,pointwise_conv,1x64x14x14,2.891081
31,0,imagen.jpeg,87,batchnorm,1x384x14x14,0.067145
31,0,imagen.jpeg,88,activacion,1x384x14x14,0.25449
31,0,imagen.jpeg,89,depthwise_conv,1x384x14x14,0.771335
31,0,imagen.jpeg,90,batchnorm,1x384x14x14,0.067638
31,0,imagen.jpeg,91,activacion,1x384x14x14,0.247775
31,0,imagen.jpeg,92,pointwise_conv,1x384x14x14,4.159899
31,0,imagen.jpeg,93,batchnorm,1x96x14x14,0.017801
31,0,imagen.jpeg,94,pointwise_conv,1x96x14x14,5.975197
31,0,imagen.jpeg,95,batchnorm,1x576x14x14,0.106949
31,0,imagen.jpeg,96,activacion,1x576x14x14,0.355093
31,0,imagen.jpeg,97,depthwise_conv,1x576x14x14,1.122243
31,0,imagen.jpeg,98,batchnorm,1x576x14x14,0.175583
31,0,imagen.jpeg,99,activacion,1x576x14x14,0.343007
31,0,imagen.jpeg,100,pointwise_conv,1x576x14x14,6.270661
31,0,imagen.jpeg,101,batchnorm,1x96x14x14,0.018164
31,0,imagen.jpeg,102,layer_add,1x96x14x14,0.01322
31,0,imagen.jpeg,103,pointwise_conv,1x96x14x14,5.905152
31,0,imagen.jpeg,104,batchnorm,1x576x14x14,0.10564
31,0,imagen.jpeg,105,activacion,1x576x14x14,0.368493
31,0,imagen.jpeg,106,depthwise_conv,1x576x14x14,1.143582
31,0,imagen.jpeg,107,batchnorm,1x576x14x14,0.161984
31,0,imagen.jpeg,108,activacion,1x576x14x14,0.316262
31,0,imagen.jpeg,109,pointwise_conv,1x576x14x14,6.206824
31,0,imagen.jpeg,110,batchnorm,1x96x14x14,0.017309
31,0,imagen.jpeg,111,layer_add,1x96x14x14,0.009923
31,0,imagen.jpeg,112,pointwise_conv,1x96x14x14,6.177164
31,0,imagen.jpeg,113,batchnorm,1x576x14x14,0.112735
31,0,imagen.jpeg,114,activacion,1x576x14x14,0.326791
31,0,imagen.jpeg,115,depthwise_conv,1x576x14x14,0.273912
31,0,imagen.jpeg,116,batchnorm,1x576x7x7,0.031331
31,0,imagen.jpeg,117,activacion,1x576x7x7,0.06663
31,0,imagen.jpeg,118,pointwise_conv,1x576x7x7,2.612453
31,0,imagen.jpeg,119,batchnorm,1x160x7x7,0.008394
31,0,imagen.jpeg,120,pointwise_conv,1x160x7x7,4.319184
31,0,imagen.jpeg,121,batchnorm,1x960x7x7,0.050351
31,0,imagen.jpeg,122,activacion,1x960x7x7,0.150994
31,0,imagen.jpeg,123,depthwise_conv,1x960x7x7,0.4415
31,0,imagen.jpeg,124,batchnorm,1x960x7x7,0.045326
31,0,imagen.jpeg,125,activacion,1x960x7x7,0.143494
31,0,imagen.jpeg,126,pointwise_conv,1x960x7x7,4.498473
31,0,imagen.jpeg,127,batchnorm,1x160x7x7,0.008469
31,0,imagen.jpeg,128,layer_add,1x160x7x7,0.00426
31,0,imagen.jpeg,129,pointwise_conv,1x160x7x7,4.078855
31,0,imagen.jpeg,130,batchnorm,1x960x7x7,0.043925
31,0,imagen.jpeg,131,activacion,1x960x7x7,0.142827
31,0,imagen.jpeg,132,depthwise_conv,1x960x7x7,0.430279
31,0,imagen.jpeg,133,batchnorm,1x960x7x7,0.053714
31,0,imagen.jpeg,134,activacion,1x960x7x7,0.129222
31,0,imagen.jpeg,135,pointwise_conv,1x960x7x7,4.154146
31,0,imagen.jpeg,136,batchnorm,1x160x7x7,0.007013
31,0,imagen.jpeg,137,layer_add,1x160x7x7,0.003958
31,0,imagen.jpeg,138,pointwise_conv,1x160x7x7,4.50445
31,0,imagen.jpeg,139,batchnorm,1x960x7x7,0.048468
31,0,imagen.jpeg,140,activacion,1x960x7x7,0.132954
31,0,imagen.jpeg,141,depthwise_conv,1x960x7x7,0.425903
31,0,imagen.jpeg,142,batchnorm,1x960x7x7,0.051324
31,0,imagen.jpeg,143,activacion,1x960x7x7,0.088182
31,0,imagen.jpeg,144,pointwise_conv,1x960x7x7,8.716654
31,0,imagen.jpeg,145,batchnorm,1x320x7x7,0.014935
31,0,imagen.jpeg,146,pointwise_conv,1x320x7x7,11.532759
31,0,imagen.jpeg,147,batchnorm,1x1280x7x7,0.068022
31,0,imagen.jpeg,148,activacion,1x1280x7x7,0.184844
31,0,imagen.jpeg,149,pooling,1x1280x7x7,0.039442
31,0,imagen.jpeg,150,linear,1x1280,1.484775
32,0,imagen.jpeg,0,conv2d,1x3x224x224,12.480661
32,0,imagen.jpeg,1,batchnorm,1x32x112x112,0.421158
32,0,imagen.jpeg,2,activacion,1x32x112x112,0.658721
32,0,imagen.jpeg,3,depthwise_conv,1x32x112x112,4.49942
32,0,imagen.jpeg,4,batchnorm,1x32x112x112,2.439061
32,0,imagen.jpeg,5,activacion,1x32x112x112,0.767336
32,0,imagen.jpeg,6,pointwise_conv,1x32x112x112,4.316293
32,0,imagen.jpeg,7,batchnorm,1x16x112x112,0.189171
32,0,imagen.jpeg,8,pointwise_conv,1x16x112x112,11.847768
32,0,imagen.jpeg,9,batchnorm,1x96x112x112,2.203583
32,0,imagen.jpeg,10,activacion,1x96x112x112,3.426627
32,0,imagen.jpeg,11,depthwise_conv,1x96x112x112,3.043986
32,0,imagen.jpeg,12,batchnorm,1x96x56x56,0.267524
32,0,imagen.jpeg,13,activacion,1x96x56x56,1.015366
32,0,imagen.jpeg,14,pointwise_conv,1x96x56x56,4.12416
32,0,imagen.jpeg,15,batchnorm,1x24x56x56,0.063393
32,0,imagen.jpeg,16,pointwise_conv,1x24x56x56,6.736717
32,0,imagen.jpeg,17,batchnorm,1x144x56x56,0.903109
32,0,imagen.jpeg,18,activacion,1x144x56x56,1.299072
32,0,imagen.jpeg,19,depthwise_conv,1x144x56x56,4.700631
32,0,imagen.jpeg,20,batchnorm,1x144x56x56,1.009139
32,0,imagen.jpeg,21,activacion,1x144x56x56,1.616705
32,0,imagen.jpeg,22,pointwise_conv,1x144x56x56,5.998054
32,0,imagen.jpeg,23,batchnorm,1x24x56x56,0.064774
32,0,imagen.jpeg,24,layer_add,1x24x56x56,0.043998
32,0,imagen.jpeg,25,pointwise_conv,1x24x56x56,6.00073
32,0,imagen.jpeg,26,batchnorm,1x144x56x56,0.536493
32,0,imagen.jpeg,27,activacion,1x144x56x56,1.541231
32,0,imagen.jpeg,28,depthwise_conv,1x144x56x56,1.143233
32,0,imagen.jpeg,29,batchnorm,1x144x28x28,0.098554
32,0,imagen.jpeg,30,activacion,1x144x28x28,0.351788
32,0,imagen.jpeg,31,pointwise_conv,1x144x28x28,1.977613
32,0,imagen.jpeg,32,batchnorm,1x32x28x28,0.021518
32,0,imagen.jpeg,33,pointwise_conv,1x32x28x28,2.686336
32,0,imagen.jpeg,34,batchnorm,1x192x28x28,0.131146
32,0,imagen.jpeg,35,activacion,1x192x28x28,0.357516
32,0,imagen.jpeg,36,depthwise_conv,1x192x28x28,1.52068
32,0,imagen.jpeg,37,batchnorm,1x192x28x28,0.160497
32,0,imagen.jpeg,38,activacion,1x192x28x28,0.539514
32,0,imagen.jpeg,39,pointwise_conv,1x192x28x28,2.673158
32,0,imagen.jpeg,40,batchnorm,1x32x28x28,0.021166
32,0,imagen.jpeg,41,layer_add,1x32x28x28,0.013062
32,0,imagen.jpeg,42,pointwise_conv,1x32x28x28,2.712215
32,0,imagen.jpeg,43,batchnorm,1x192x28x28,0.190565
32,0,imagen.jpeg,44,activacion,1x192x28x28,0.468107
32,0,imagen.jpeg,45,depthwise_conv,1x192x28x28,1.485002
32,0,imagen.jpeg,46,batchnorm,1x192x28x28,0.150672
32,0,imagen.jpeg,47,activacion,1x192x28x28,0.534231
32,0,imagen.jpeg,48,pointwise_conv,1x192x28x28,2.777986
32,0,imagen.jpeg,49,batchnorm,1x32x28x28,0.022273
32,0,imagen.jpeg,50,layer_add,1x32x28x28,0.013841
32,0,imagen.jpeg,51,pointwise_conv,1x32x28x28,2.767692
32,0,imagen.jpeg,52,batchnorm,1x192x28x28,0.138764
32,0,imagen.jpeg,53,activacion,1x192x28x28,0.480743
32,0,imagen.jpeg,54,depthwise_conv,1x192x28x28,0.392035
32,0,imagen.jpeg,55,batchnorm,1x192x14x14,0.046484
32,0,imagen.jpeg,56,activacion,1x192x14x14,0.10927
32,0,imagen.jpeg,57,pointwise_conv,1x192x14x14,1.38862
32,0,imagen.jpeg,58,batchnorm,1x64x14x14,0.011906
32,0,imagen.jpeg,59,pointwise_conv,1x64x14x14,2.755991
32,0,imagen.jpeg,60,batchnorm,1x384x14x14,0.067875
32,0,imagen.jpeg,61,activacion,1x384x14x14,0.205047
32,0,imagen.jpeg,62,depthwise_conv,1x384x14x14,0.768235
32,0,imagen.jpeg,63,batchnorm,1x384x14x14,0.067449
32,0,imagen.jpeg,64,activacion,1x384x14x14,0.285856
32,0,imagen.jpeg,65,pointwise_conv,1x384x14x14,3.068141
32,0,imagen.jpeg,66,batchnorm,1x64x14x14,0.012758
32,0,imagen.jpeg,67,layer_add,1x64x14x14,0.006881
32,0,imagen.jpeg,68,pointwise_conv,1x64x14x14,2.813384
32,0,imagen.jpeg,69,batchnorm,1x384x14x14,0.071049
32,0,imagen.jpeg,70,activacion,1x384x14x14,0.234777
32,0,imagen.jpeg,71,depthwise_conv,1x384x14x14,0.823801
32,0,imagen.jpeg,72,batchnorm,1x384x14x14,0.111577
32,0,imagen.jpeg,73,activacion,1x384x14x14,0.253952
32,0,imagen.jpeg,74,pointwise_conv,1x384x14x14,2.889419
32,0,imagen.jpeg,75,batchnorm,1x64x14x14,0.012508
32,0,imagen.jpeg,76,layer_add,1x64x14x14,0.007243
32,0,imagen.jpeg,77,pointwise_conv,1x64x14x14,2.795157
32,0,imagen.jpeg,78,batchnorm,1x384x14x14,0.089531
32,0,imagen.jpeg,79,activacion,1x384x14x14,0.254276
32,0,imagen.jpeg,80,depthwise_conv,1x384x14x14,0.772702
32,0,imagen.jpeg,81,batchnorm,1x384x14x14,0.143052
32,0,imagen.jpeg,82,activacion,1x384x14x14,0.231796
32,0,imagen.jpeg,83,pointwise_conv,1x384x14x14,2.774707
32,0,imagen.jpeg,84,batchnorm,1x64x14x14,0.011417
32,0,imagen.jpeg,85,layer_add,1x64x14x14,0.006633
32,0,imagen.jpeg,86,pointwise_conv,1x64x14x14,2.699723
32,0,imagen.jpeg,87,batchnorm,1x384x14x14,0.06548
32,0,imagen.jpeg,88,activacion,1x384x14x14,0.254038
32,0,imagen.jpeg,89,depthwise_conv,1x384x14x14,0.82208
32,0,imagen.jpeg,90,batchnorm,1x384x14x14,0.067547
32,0,imagen.jpeg,91,activacion,1x384x14x14,0.247246
32,0,imagen.jpeg,92,pointwise_conv,1x384x14x14,4.316131
32,0,imagen.jpeg,93,batchnorm,1x96x14x14,0.019374
32,0,imagen.jpeg,94,pointwise_conv,1x96x14x14,6.087465
32,0,imagen.jpeg,95,batchnorm,1x576x14x14,0.104979
32,0,imagen.jpeg,96,activacion,1x576x14x14,0.395231
32,0,imagen.jpeg,97,depthwise_conv,1x576x14x14,1.133966
32,0,imagen.jpeg,98,batchnorm,1x576x14x14,0.167941
32,0,imagen.jpeg,99,activacion,1x576x14x14,0.321021
32,0,imagen.jpeg,100,pointwise_conv,1x576x14x14,6.191119
32,0,imagen.jpeg,101,batchnorm,1x96x14x14,0.017859
32,0,imagen.jpeg,102,layer_add,1x96x14x14,0.012912
32,0,imagen.jpeg,103,pointwise_conv,1x96x14x14,6.035261
32,0,imagen.jpeg,104,batchnorm,1x576x14x14,0.100981
32,0,imagen.jpeg,105,activacion,1x576x14x14,0.35416
32,0,imagen.jpeg,106,depthwise_conv,1x576x14x14,1.15626
32,0,imagen.jpeg,107,batchnorm,1x576x14x14,0.158504
32,0,imagen.jpeg,108,activacion,1x576x14x14,0.320316
32,0,imagen.jpeg,109,pointwise_conv,1x576x14x14,6.728803
32,0,imagen.jpeg,110,batchnorm,1x96x14x14,0.01691
32,0,imagen.jpeg,111,layer_add,1x96x14x14,0.010092
32,0,imagen.jpeg,112,pointwise_conv,1x96x14x14,6.12811
32,0,imagen.jpeg,113,batchnorm,1x576x14x14,0.116779
32,0,imagen.jpeg,114,activacion,1x576x14x14,0.341858
32,0,imagen.jpeg,115,depthwise_conv,1x576x14x14,0.277055
32,0,imagen.jpeg,116,batchnorm,1x576x7x7,0.029597
32,0,imagen.jpeg,117,activacion,1x576x7x7,0.06524
32,0,imagen.jpeg,118,pointwise_conv,1x576x7x7,2.488536
32,0,imagen.jpeg,119,batchnorm,1x160x7x7,0.007573
32,0,imagen.jpeg,120,pointwise_conv,1x160x7x7,4.345038
32,0,imagen.jpeg,121,batchnorm,1x960x7x7,0.045328
32,0,imagen.jpeg,122,activacion,1x960x7x7,0.149312
32,0,imagen.jpeg,123,depthwise_conv,1x960x7x7,0.428301
32,0,imagen.jpeg,124,batchnorm,1x960x7x7,0.07113
32,0,imagen.jpeg,125,activacion,1x960x7x7,0.156049
32,0,imagen.jpeg,126,pointwise_conv,1x960x7x7,4.149898
32,0,imagen.jpeg,127,batchnorm,1x160x7x7,0.008133
32,0,imagen.jpeg,128,layer_add,1x160x7x7,0.004316
32,0,imagen.jpeg,129,pointwise_conv,1x160x7x7,4.160976
32,0,imagen.jpeg,130,batchnorm,1x960x7x7,0.046075
32,0,imagen.jpeg,131,activacion,1x960x7x7,0.156085
32,0,imagen.jpeg,132,depthwise_conv,1x960x7x7,0.43406
32,0,imagen.jpeg,133,batchnorm,1x960x7x7,0.055395
32,0,imagen.jpeg,134,activacion,1x960x7x7,0.128585
32,0,imagen.jpeg,135,pointwise_conv,1x960x7x7,4.291802
32,0,imagen.jpeg,136,batchnorm,1x160x7x7,0.007761
32,0,imagen.jpeg,137,layer_add,1x160x7x7,0.004058
32,0,imagen.jpeg,138,pointwise_conv,1x160x7x7,4.079445
32,0,imagen.jpeg,139,batchnorm,1x960x7x7,0.04153
32,0,imagen.jpeg,140,activacion,1x960x7x7,0.110985
32,0,imagen.jpeg,141,depthwise_conv,1x960x7x7,0.499682
32,0,imagen.jpeg,142,batchnorm,1x960x7x7,0.051655
32,0,imagen.jpeg,143,activacion,1x960x7x7,0.090098
32,0,imagen.jpeg,144,pointwise_conv,1x960x7x7,8.272581
32,0,imagen.jpeg,145,batchnorm,1x320x7x7,0.014757
32,0,imagen.jpeg,146,pointwise_conv,1x320x7x7,11.361816
32,0,imagen.jpeg,147,batchnorm,1x1280x7x7,0.062507
32,0,imagen.jpeg,148,activacion,1x1280x7x7,0.194955
32,0,imagen.jpeg,149,pooling,1x1280x7x7,0.039009
32,0,imagen.jpeg,150,linear,1x1280,1.4235
33,0,imagen.jpeg,0,conv2d,1x3x224x224,12.398398
33,0,imagen.jpeg,1,batchnorm,1x32x112x112,0.388157
33,0,imagen.jpeg,2,activacion,1x32x112x112,0.688026
33,0,imagen.jpeg,3,depthwise_conv,1x32x112x112,4.10296
33,0,imagen.jpeg,4,batchnorm,1x32x112x112,2.323069
33,0,imagen.jpeg,5,activacion,1x32x112x112,0.707995
33,0,imagen.jpeg,6,pointwise_conv,1x32x112x112,3.796644
33,0,imagen.jpeg,7,batchnorm,1x16x112x112,0.206438
33,0,imagen.jpeg,8,pointwise_conv,1x16x112x112,11.784687
33,0,imagen.jpeg,9,batchnorm,1x96x112x112,2.334766
33,0,imagen.jpeg,10,activacion,1x96x112x112,3.417585
33,0,imagen.jpeg,11,depthwise_conv,1x96x112x112,3.250266
33,0,imagen.jpeg,12,batchnorm,1x96x56x56,0.26613
33,0,imagen.jpeg,13,activacion,1x96x56x56,1.013504
33,0,imagen.jpeg,14,pointwise_conv,1x96x56x56,4.175244
33,0,imagen.jpeg,15,batchnorm,1x24x56x56,0.067012
33,0,imagen.jpeg,16,pointwise_conv,1x24x56x56,7.014471
33,0,imagen.jpeg,17,batchnorm,1x144x56x56,0.899204
33,0,imagen.jpeg,18,activacion,1x144x56x56,1.298854
33,0,imagen.jpeg,19,depthwise_conv,1x144x56x56,4.716806
33,0,imagen.jpeg,20,batchnorm,1x144x56x56,0.98881
33,0,imagen.jpeg,21,activacion,1x144x56x56,1.613781
33,0,imagen.jpeg,22,pointwise_conv,1x144x56x56,6.196785
33,0,imagen.jpeg,23,batchnorm,1x24x56x56,0.068602
33,0,imagen.jpeg,24,layer_add,1x24x56x56,0.044975
33,0,imagen.jpeg,25,pointwise_conv,1x24x56x56,6.070414
33,0,imagen.jpeg,26,batchnorm,1x144x56x56,0.53011
33,0,imagen.jpeg,27,activacion,1x144x56x56,1.630139
33,0,imagen.jpeg,28,depthwise_conv,1x144x56x56,1.199044
33,0,imagen.jpeg,29,batchnorm,1x144x28x28,0.103387
33,0,imagen.jpeg,30,activacion,1x144x28x28,0.366536
33,0,imagen.jpeg,31,pointwise_conv,1x144x28x28,2.021808
33,0,imagen.jpeg,32,batchnorm,1x32x28x28,0.022032
33,0,imagen.jpeg,33,pointwise_conv,1x32x28x28,2.757919
33,0,imagen.jpeg,34,batchnorm,1x192x28x28,0.138775
33,0,imagen.jpeg,35,activacion,1x192x28x28,0.386696
33,0,imagen.jpeg,36,depthwise_conv,1x192x28x28,1.532452
33,0,imagen.jpeg,37,batchnorm,1x192x28x28,0.136714
33,0,imagen.jpeg,38,activacion,1x192x28x28,0.551386
33,0,imagen.jpeg,39,pointwise_conv,1x192x28x28,2.674334
33,0,imagen.jpeg,40,batchnorm,1x32x28x28,0.021298
33,0,imagen.jpeg,41,layer_add,1x32x28x28,0.01331
33,0,imagen.jpeg,42,pointwise_conv,1x32x28x28,2.680069
33,0,imagen.jpeg,43,batchnorm,1x192x28x28,0.189264
33,0,imagen.jpeg,44,activacion,1x192x28x28,0.523241
33,0,imagen.jpeg,45,depthwise_conv,1x192x28x28,1.463274
33,0,imagen.jpeg,46,batchnorm,1x192x28x28,0.145485
33,0,imagen.jpeg,47,activacion,1x192x28x28,0.535724
33,0,imagen.jpeg,48,pointwise_conv,1x192x28x28,2.728119
33,0,imagen.jpeg,49,batchnorm,1x32x28x28,0.035503
33,0,imagen.jpeg,50,layer_add,1x32x28x28,0.01493
33,0,imagen.jpeg,51,pointwise_conv,1x32x28x28,2.683868
33,0,imagen.jpeg,52,batchnorm,1x192x28x28,0.137837
33,0,imagen.jpeg,53,activacion,1x192x28x28,0.501669
33,0,imagen.jpeg,54,depthwise_conv,1x192x28x28,0.384649
33,0,imagen.jpeg,55,batchnorm,1x192x14x14,0.035243
33,0,imagen.jpeg,56,activacion,1x192x14x14,0.116815
33,0,imagen.jpeg,57,pointwise_conv,1x192x14x14,1.381056
33,0,imagen.jpeg,58,batchnorm,1x64x14x14,0.011759
33,0,imagen.jpeg,59,pointwise_conv,1x64x14x14,2.774646
33,0,imagen.jpeg,60,batchnorm,1x384x14x14,0.06595
33,0,imagen.jpeg,61,activacion,1x384x14x14,0.191893
33,0,imagen.jpeg,62,depthwise_conv,1x384x14x14,0.771613
33,0,imagen.jpeg,63,batchnorm,1x384x14x14,0.06775
33,0,imagen.jpeg,64,activacion,1x384x14x14,0.271783
33,0,imagen.jpeg,65,pointwise_conv,1x384x14x14,2.872018
33,0,imagen.jpeg,66,batchnorm,1x64x14x14,0.01291
33,0,imagen.jpeg,67,layer_add,1x64x14x14,0.007592
33,0,imagen.jpeg,68,pointwise_conv,1x64x14x14,2.708835
33,0,imagen.jpeg,69,batchnorm,1x384x14x14,0.06544
33,0,imagen.jpeg,70,activacion,1x384x14x14,0.317681
33,0,imagen.jpeg,71,depthwise_conv,1x384x14x14,0.766304
33,0,imagen.jpeg,72,batchnorm,1x384x14x14,0.113464
33,0,imagen.jpeg,73,activacion,1x384x14x14,0.290773
33,0,imagen.jpeg,74,pointwise_conv,1x384x14x14,2.949842
33,0,imagen.jpeg,75,batchnorm,1x64x14x14,0.01138
33,0,imagen.jpeg,76,layer_add,1x64x14x14,0.006733
33,0,imagen.jpeg,77,pointwise_conv,1x64x14x14,2.708892
33,0,imagen.jpeg,78,batchnorm,1x384x14x14,0.067712
33,0,imagen.jpeg,79,activacion,1x384x14x14,0.252849
33,0,imagen.jpeg,80,depthwise_conv,1x384x14x14,0.771724
33,0,imagen.jpeg,81,batchnorm,1x384x14x14,0.142785
33,0,imagen.jpeg,82,activacion,1x384x14x14,0.234551
33,0,imagen.jpeg,83,pointwise_conv,1x384x14x14,2.944306
33,0,imagen.jpeg,84,batchnorm,1x64x14x14,0.014552
33,0,imagen.jpeg,85,layer_add,1x64x14x14,0.007883
33,0,imagen.jpeg,86,pointwise_conv,1x64x14x14,3.052154
33,0,imagen.jpeg,87,batchnorm,1x384x14x14,0.070322
33,0,imagen.jpeg,88,activacion,1x384x14x14,0.253581
33,0,imagen.jpeg,89,depthwise_conv,1x384x14x14,0.777091
33,0,imagen.jpeg,90,batchnorm,1x384x14x14,0.068037
33,0,imagen.jpeg,91,activacion,1x384x14x14,0.244349
33,0,imagen.jpeg,92,pointwise_conv,1x384x14x14,4.385203
33,0,imagen.jpeg,93,batchnorm,1x96x14x14,0.017082
33,0,imagen.jpeg,94,pointwise_conv,1x96x14x14,6.020058
33,0,imagen.jpeg,95,batchnorm,1x576x14x14,0.102037
33,0,imagen.jpeg,96,activacion,1x576x14x14,0.371059
33,0,imagen.jpeg,97,depthwise_conv,1x576x14x14,1.278016
33,0,imagen.jpeg,98,batchnorm,1x576x14x14,0.18127
33,0,imagen.jpeg,99,activacion,1x576x14x14,0.33385
33,0,imagen.jpeg,100,pointwise_conv,1x576x14x14,6.382329
33,0,imagen.jpeg,101,batchnorm,1x96x14x14,0.018676
33,0,imagen.jpeg,102,layer_add,1x96x14x14,0.013346
33,0,imagen.jpeg,103,pointwise_conv,1x96x14x14,6.073887
33,0,imagen.jpeg,104,batchnorm,1x576x14x14,0.1012
33,0,imagen.jpeg,105,activacion,1x576x14x14,0.392121
33,0,imagen.jpeg,106,depthwise_conv,1x576x14x14,1.129365
33,0,imagen.jpeg,107,batchnorm,1x576x14x14,0.184672
33,0,imagen.jpeg,108,activacion,1x576x14x14,0.341272
33,0,imagen.jpeg,109,pointwise_conv,1x576x14x14,6.370357
33,0,imagen.jpeg,110,batchnorm,1x96x14x14,0.020574
33,0,imagen.jpeg,111,layer_add,1x96x14x14,0.010981
33,0,imagen.jpeg,112,pointwise_conv,1x96x14x14,6.128589
33,0,imagen.jpeg,113,batchnorm,1x576x14x14,0.10421
33,0,imagen.jpeg,114,activacion,1x576x14x14,0.344093
33,0,imagen.jpeg,115,depthwise_conv,1x576x14x14,0.276122
33,0,imagen.jpeg,116,batchnorm,1x576x7x7,0.029502
33,0,imagen.jpeg,117,activacion,1x576x7x7,0.064841
33,0,imagen.jpeg,118,pointwise_conv,1x576x7x7,2.448533
33,0,imagen.jpeg,119,batchnorm,1x160x7x7,0.007429
33,0,imagen.jpeg,120,pointwise_conv,1x160x7x7,4.269902
33,0,imagen.jpeg,121,batchnorm,1x960x7x7,0.042526
33,0,imagen.jpeg,122,activacion,1x960x7x7,0.145568
33,0,imagen.jpeg,123,depthwise_conv,1x960x7x7,0.419209
33,0,imagen.jpeg,124,batchnorm,1x960x7x7,0.041921
33,0,imagen.jpeg,125,activacion,1x960x7x7,0.135396
33,0,imagen.jpeg,126,pointwise_conv,1x960x7x7,4.311388
33,0,imagen.jpeg,127,batchnorm,1x160x7x7,0.007948
33,0,imagen.jpeg,128,layer_add,1x160x7x7,0.004693
33,0,imagen.jpeg,129,pointwise_conv,1x160x7x7,4.086236
33,0,imagen.jpeg,130,batchnorm,1x960x7x7,0.042232
33,0,imagen.jpeg,131,activacion,1x960x7x7,0.176352
33,0,imagen.jpeg,132,depthwise_conv,1x960x7x7,0.432718
33,0,imagen.jpeg,133,batchnorm,1x960x7x7,0.054091
33,0,imagen.jpeg,134,activacion,1x960x7x7,0.124912
33,0,imagen.jpeg,135,pointwise_conv,1x960x7x7,4.378632
33,0,imagen.jpeg,136,batchnorm,1x160x7x7,0.007404
33,0,imagen.jpeg,137,layer_add,1x160x7x7,0.004204
33,0,imagen.jpeg,138,pointwise_conv,1x160x7x7,4.154074
33,0,imagen.jpeg,139,batchnorm,1x960x7x7,0.043587
33,0,imagen.jpeg,140,activacion,1x960x7x7,0.152972
33,0,imagen.jpeg,141,depthwise_conv,1x960x7x7,0.572344
33,0,imagen.jpeg,142,batchnorm,1x960x7x7,0.061073
33,0,imagen.jpeg,143,activacion,1x960x7x7,0.085324
33,0,imagen.jpeg,144,pointwise_conv,1x960x7x7,8.270654
33,0,imagen.jpeg,145,batchnorm,1x320x7x7,0.014342
33,0,imagen.jpeg,146,pointwise_conv,1x320x7x7,11.440246
33,0,imagen.jpeg,147,batchnorm,1x1280x7x7,0.062752
33,0,imagen.jpeg,148,activacion,1x1280x7x7,0.17756
33,0,imagen.jpeg,149,pooling,1x1280x7x7,0.03838
33,0,imagen.jpeg,150,linear,1x1280,1.438817
34,0,imagen.jpeg,0,conv2d,1x3x224x224,12.637582
34,0,imagen.jpeg,1,batchnorm,1x32x112x112,0.406176
34,0,imagen.jpeg,2,activacion,1x32x112x112,0.644697
34,0,imagen.jpeg,3,depthwise_conv,1x32x112x112,4.31363
34,0,imagen.jpeg,4,batchnorm,1x32x112x112,2.383729
34,0,imagen.jpeg,5,activacion,1x32x112x112,0.854995
34,0,imagen.jpeg,6,pointwise_conv,1x32x112x112,4.043116
34,0,imagen.jpeg,7,batchnorm,1x16x112x112,0.19164
34,0,imagen.jpeg,8,pointwise_conv,1x16x112x112,12.418959
34,0,imagen.jpeg,9,batchnorm,1x96x112x112,2.544552
34,0,imagen.jpeg,10,activacion,1x96x112x112,3.630739
34,0,imagen.jpeg,11,depthwise_conv,1x96x112x112,3.352808
34,0,imagen.jpeg,12,batchnorm,1x96x56x56,0.284887
34,0,imagen.jpeg,13,activacion,1x96x56x56,1.051327
34,0,imagen.jpeg,14,pointwise_conv,1x96x56x56,4.148829
34,0,imagen.jpeg,15,batchnorm,1x24x56x56,0.073075
34,0,imagen.jpeg,16,pointwise_conv,1x24x56x56,7.202534
34,0,imagen.jpeg,17,batchnorm,1x144x56x56,0.909284
34,0,imagen.jpeg,18,activacion,1x144x56x56,1.334321
34,0,imagen.jpeg,19,depthwise_conv,1x144x56x56,4.63617
34,0,imagen.jpeg,20,batchnorm,1x144x56x56,0.887363
34,0,imagen.jpeg,21,activacion,1x144x56x56,1.756835
34,0,imagen.jpeg,22,pointwise_conv,1x144x56x56,6.186526
34,0,imagen.jpeg,23,batchnorm,1x24x56x56,0.066137
34,0,imagen.jpeg,24,layer_add,1x24x56x56,0.044739
34,0,imagen.jpeg,25,pointwise_conv,1x24x56x56,6.160573
34,0,imagen.jpeg,26,batchnorm,1x144x56x56,0.443939
34,0,imagen.jpeg,27,activacion,1x144x56x56,1.5815
34,0,imagen.jpeg,28,depthwise_conv,1x144x56x56,1.416442
34,0,imagen.jpeg,29,batchnorm,1x144x28x28,0.11539
34,0,imagen.jpeg,30,activacion,1x144x28x28,0.378591
34,0,imagen.jpeg,31,pointwise_conv,1x144x28x28,2.158211
34,0,imagen.jpeg,32,batchnorm,1x32x28x28,0.021839
34,0,imagen.jpeg,33,pointwise_conv,1x32x28x28,2.729075
34,0,imagen.jpeg,34,batchnorm,1x192x28x28,0.133241
34,0,imagen.jpeg,35,activacion,1x192x28x28,0.366835
34,0,imagen.jpeg,36,depthwise_conv,1x192x28x28,1.507931
34,0,imagen.jpeg,37,batchnorm,1x192x28x28,0.129864
34,0,imagen.jpeg,38,activacion,1x192x28x28,0.517323
34,0,imagen.jpeg,39,pointwise_conv,1x192x28x28,2.629801
34,0,imagen.jpeg,40,batchnorm,1x32x28x28,0.020857
34,0,imagen.jpeg,41,layer_add,1x32x28x28,0.013776
34,0,imagen.jpeg,42,pointwise_conv,1x32x28x28,2.686662
34,0,imagen.jpeg,43,batchnorm,1x192x28x28,0.145671
34,0,imagen.jpeg,44,activacion,1x192x28x28,0.453265
34,0,imagen.jpeg,45,depthwise_conv,1x192x28x28,1.495427
34,0,imagen.jpeg,46,batchnorm,1x192x28x28,0.135818
34,0,imagen.jpeg,47,activacion,1x192x28x28,0.609206
34,0,imagen.jpeg,48,pointwise_conv,1x192x28x28,2.882932
34,0,imagen.jpeg,49,batchnorm,1x32x28x28,0.022093
34,0,imagen.jpeg,50,layer_add,1x32x28x28,0.013705
34,0,imagen.jpeg,51,pointwise_conv,1x32x28x28,2.745074
34,0,imagen.jpeg,52,batchnorm,1x192x28x28,0.131651
34,0,imagen.jpeg,53,activacion,1x192x28x28,0.492607
34,0,imagen.jpeg,54,depthwise_conv,1x192x28x28,0.388347
34,0,imagen.jpeg,55,batchnorm,1x192x14x14,0.034278
34,0,imagen.jpeg,56,activacion,1x192x14x14,0.099192
34,0,imagen.jpeg,57,pointwise_conv,1x192x14x14,1.398746
34,0,imagen.jpeg,58,batchnorm,1x64x14x14,0.011892
34,0,imagen.jpeg,59,pointwise_conv,1x64x14x14,2.788119
34,0,imagen.jpeg,60,batchnorm,1x384x14x14,0.072675
34,0,imagen.jpeg,61,activacion,1x384x14x14,0.190673
34,0,imagen.jpeg,62,depthwise_conv,1x384x14x14,0.780625
34,0,imagen.jpeg,63,batchnorm,1x384x14x14,0.068192
34,0,imagen.jpeg,64,activacion,1x384x14x14,0.285687
34,0,imagen.jpeg,65,pointwise_conv,1x384x14x14,2.968446
34,0,imagen.jpeg,66,batchnorm,1x64x14x14,0.019005
34,0,imagen.jpeg,67,layer_add,1x64x14x14,0.011919
34,0,imagen.jpeg,68,pointwise_conv,1x64x14x14,3.078473
34,0,imagen.jpeg,69,batchnorm,1x384x14x14,0.072114
34,0,imagen.jpeg,70,activacion,1x384x14x14,0.243729
34,0,imagen.jpeg,71,depthwise_conv,1x384x14x14,0.810141
34,0,imagen.jpeg,72,batchnorm,1x384x14x14,0.100768
34,0,imagen.jpeg,73,activacion,1x384x14x14,0.259956
34,0,imagen.jpeg,74,pointwise_conv,1x384x14x14,2.752405
34,0,imagen.jpeg,75,batchnorm,1x64x14x14,0.01146
34,0,imagen.jpeg,76,layer_add,1x64x14x14,0.006528
34,0,imagen.jpeg,77,pointwise_conv,1x64x14x14,2.653032
34,0,imagen.jpeg,78,batchnorm,1x384x14x14,0.102698
34,0,imagen.jpeg,79,activacion,1x384x14x14,0.261212
34,0,imagen.jpeg,80,depthwise_conv,1x384x14x14,0.753721
34,0,imagen.jpeg,81,batchnorm,1x384x14x14,0.180329
34,0,imagen.jpeg,82,activacion,1x384x14x14,0.230888
34,0,imagen.jpeg,83,pointwise_conv,1x384x14x14,2.756838
34,0,imagen.jpeg,84,batchnorm,1x64x14x14,0.011054
34,0,imagen.jpeg,85,layer_add,1x64x14x14,0.00544
34,0,imagen.jpeg,86,pointwise_conv,1x64x14x14,3.191431
34,0,imagen.jpeg,87,batchnorm,1x384x14x14,0.093549
34,0,imagen.jpeg,88,activacion,1x384x14x14,0.273522
34,0,imagen.jpeg,89,depthwise_conv,1x384x14x14,0.78805
34,0,imagen.jpeg,90,batchnorm,1x384x14x14,0.069936
34,0,imagen.jpeg,91,activacion,1x384x14x14,0.251477
34,0,imagen.jpeg,92,pointwise_conv,1x384x14x14,4.100668
34,0,imagen.jpeg,93,batchnorm,1x96x14x14,0.016574
34,0,imagen.jpeg,94,pointwise_conv,1x96x14x14,5.830812
34,0,imagen.jpeg,95,batchnorm,1x576x14x14,0.101675
34,0,imagen.jpeg,96,activacion,1x576x14x14,0.358146
34,0,imagen.jpeg,97,depthwise_conv,1x576x14x14,1.129412
34,0,imagen.jpeg,98,batchnorm,1x576x14x14,0.172529
34,0,imagen.jpeg,99,activacion,1x576x14x14,0.347615
34,0,imagen.jpeg,100,pointwise_conv,1x576x14x14,6.482971
34,0,imagen.jpeg,101,batchnorm,1x96x14x14,0.017417
34,0,imagen.jpeg,102,layer_add,1x96x14x14,0.013476
34,0,imagen.jpeg,103,pointwise_conv,1x96x14x14,6.120486
34,0,imagen.jpeg,104,batchnorm,1x576x14x14,0.104624
34,0,imagen.jpeg,105,activacion,1x576x14x14,0.354306
34,0,imagen.jpeg,106,depthwise_conv,1x576x14x14,1.164195
34,0,imagen.jpeg,107,batchnorm,1x576x14x14,0.157779
34,0,imagen.jpeg,108,activacion,1x576x14x14,0.312972
34,0,imagen.jpeg,109,pointwise_conv,1x576x14x14,6.328731
34,0,imagen.jpeg,110,batchnorm,1x96x14x14,0.019033
34,0,imagen.jpeg,111,layer_add,1x96x14x14,0.010929
34,0,imagen.jpeg,112,pointwise_conv,1x96x14x14,6.083375
34,0,imagen.jpeg,113,batchnorm,1x576x14x14,0.102119
34,0,imagen.jpeg,114,activacion,1x576x14x14,0.306752
34,0,imagen.jpeg,115,depthwise_conv,1x576x14x14,0.298099
34,0,imagen.jpeg,116,batchnorm,1x576x7x7,0.029102
34,0,imagen.jpeg,117,activacion,1x576x7x7,0.06315
34,0,imagen.jpeg,118,pointwise_conv,1x576x7x7,2.417391
34,0,imagen.jpeg,119,batchnorm,1x160x7x7,0.007292
34,0,imagen.jpeg,120,pointwise_conv,1x160x7x7,4.182319
34,0,imagen.jpeg,121,batchnorm,1x960x7x7,0.053765
34,0,imagen.jpeg,122,activacion,1x960x7x7,0.151049
34,0,imagen.jpeg,123,depthwise_conv,1x960x7x7,0.506283
34,0,imagen.jpeg,124,batchnorm,1x960x7x7,0.069461
34,0,imagen.jpeg,125,activacion,1x960x7x7,0.162917
34,0,imagen.jpeg,126,pointwise_conv,1x960x7x7,4.187969
34,0,imagen.jpeg,127,batchnorm,1x160x7x7,0.007493
34,0,imagen.jpeg,128,layer_add,1x160x7x7,0.00455
34,0,imagen.jpeg,129,pointwise_conv,1x160x7x7,4.059167
34,0,imagen.jpeg,130,batchnorm,1x960x7x7,0.041847
34,0,imagen.jpeg,131,activacion,1x960x7x7,0.138984
34,0,imagen.jpeg,132,depthwise_conv,1x960x7x7,0.450291
34,0,imagen.jpeg,133,batchnorm,1x960x7x7,0.052769
34,0,imagen.jpeg,134,activacion,1x960x7x7,0.137359
34,0,imagen.jpeg,135,pointwise_conv,1x960x7x7,4.023556
34,0,imagen.jpeg,136,batchnorm,1x160x7x7,0.007047
34,0,imagen.jpeg,137,layer_add,1x160x7x7,0.003631
34,0,imagen.jpeg,138,pointwise_conv,1x160x7x7,4.409886
34,0,imagen.jpeg,139,batchnorm,1x960x7x7,0.047653
34,0,imagen.jpeg,140,activacion,1x960x7x7,0.116252
34,0,imagen.jpeg,141,depthwise_conv,1x960x7x7,0.448732
34,0,imagen.jpeg,142,batchnorm,1x960x7x7,0.047674
34,0,imagen.jpeg,143,activacion,1x960x7x7,0.090212
34,0,imagen.jpeg,144,pointwise_conv,1x960x7x7,8.264641
34,0,imagen.jpeg,145,batchnorm,1x320x7x7,0.014973
34,0,imagen.jpeg,146,pointwise_conv,1x320x7x7,11.363234
34,0,imagen.jpeg,147,batchnorm,1x1280x7x7,0.062764
34,0,imagen.jpeg,148,activacion,1x1280x7x7,0.206586
34,0,imagen.jpeg,149,pooling,1x1280x7x7,0.038195
34,0,imagen.jpeg,150,linear,1x1280,1.410942
35,0,imagen.jpeg,0,conv2d,1x3x224x224,12.482641
35,0,imagen.jpeg,1,batchnorm,1x32x112x112,0.605099
35,0,imagen.jpeg,2,activacion,1x32x112x112,0.706678
35,0,imagen.jpeg,3,depthwise_conv,1x32x112x112,4.047474
35,0,imagen.jpeg,4,batchnorm,1x32x112x112,2.435278
35,0,imagen.jpeg,5,activacion,1x32x112x112,0.778394
35,0,imagen.jpeg,6,pointwise_conv,1x32x112x112,4.178373
35,0,imagen.jpeg,7,batchnorm,1x16x112x112,0.200681
35,0,imagen.jpeg,8,pointwise_conv,1x16x112x112,14.814123
35,0,imagen.jpeg,9,batchnorm,1x96x112x112,2.192981
35,0,imagen.jpeg,10,activacion,1x96x112x112,3.716971
35,0,imagen.jpeg,11,depthwise_conv,1x96x112x112,3.473102
35,0,imagen.jpeg,12,batchnorm,1x96x56x56,0.313187
35,0,imagen.jpeg,13,activacion,1x96x56x56,1.146286
35,0,imagen.jpeg,14,pointwise_conv,1x96x56x56,4.7766
35,0,imagen.jpeg,15,batchnorm,1x24x56x56,0.075247
35,0,imagen.jpeg,16,pointwise_conv,1x24x56x56,7.193323
35,0,imagen.jpeg,17,batchnorm,1x144x56x56,0.920536
35,0,imagen.jpeg,18,activacion,1x144x56x56,1.35495
35,0,imagen.jpeg,19,depthwise_conv,1x144x56x56,4.825167
35,0,imagen.jpeg,20,batchnorm,1x144x56x56,0.932866
35,0,imagen.jpeg,21,activacion,1x144x56x56,1.695047
35,0,imagen.jpeg,22,pointwise_conv,1x144x56x56,6.392121
35,0,imagen.jpeg,23,batchnorm,1x24x56x56,0.069196
35,0,imagen.jpeg,24,layer_add,1x24x56x56,0.048088
35,0,imagen.jpeg,25,pointwise_conv,1x24x56x56,6.117204
35,0,imagen.jpeg,26,batchnorm,1x144x56x56,0.487115
35,0,imagen.jpeg,27,activacion,1x144x56x56,1.692185
35,0,imagen.jpeg,28,depthwise_conv,1x144x56x56,1.550534
35,0,imagen.jpeg,29,batchnorm,1x144x28x28,0.127448
35,0,imagen.jpeg,30,activacion,1x144x28x28,0.407912
35,0,imagen.jpeg,31,pointwise_conv,1x144x28x28,2.103378
35,0,imagen.jpeg,32,batchnorm,1x32x28x28,0.022039
35,0,imagen.jpeg,33,pointwise_conv,1x32x28x28,2.915988
35,0,imagen.jpeg,34,batchnorm,1x192x28x28,0.137006
35,0,imagen.jpeg,35,activacion,1x192x28x28,0.396707
35,0,imagen.jpeg,36,depthwise_conv,1x192x28x28,1.577644
35,0,imagen.jpeg,37,batchnorm,1x192x28x28,0.134145
35,0,imagen.jpeg,38,activacion,1x192x28x28,0.546812
35,0,imagen.jpeg,39,pointwise_conv,1x192x28x28,2.783024
35,0,imagen.jpeg,40,batchnorm,1x32x28x28,0.022961
35,0,imagen.jpeg,41,layer_add,1x32x28x28,0.01514
35,0,imagen.jpeg,42,pointwise_conv,1x32x28x28,2.671677
35,0,imagen.jpeg,43,batchnorm,1x192x28x28,0.125829
35,0,imagen.jpeg,44,activacion,1x192x28x28,0.463311
35,0,imagen.jpeg,45,depthwise_conv,1x192x28x28,1.472025
35,0,imagen.jpeg,46,batchnorm,1x192x28x28,0.125486
35,0,imagen.jpeg,47,activacion,1x192x28x28,0.523197
35,0,imagen.jpeg,48,pointwise_conv,1x192x28x28,2.603961
35,0,imagen.jpeg,49,batchnorm,1x32x28x28,0.020978
35,0,imagen.jpeg,50,layer_add,1x32x28x28,0.012751
35,0,imagen.jpeg,51,pointwise_conv,1x32x28x28,2.921134
35,0,imagen.jpeg,52,batchnorm,1x192x28x28,0.139211
35,0,imagen.jpeg,53,activacion,1x192x28x28,0.509246
35,0,imagen.jpeg,54,depthwise_conv,1x192x28x28,0.38498
35,0,imagen.jpeg,55,batchnorm,1x192x14x14,0.034852
35,0,imagen.jpeg,56,activacion,1x192x14x14,0.099587
35,0,imagen.jpeg,57,pointwise_conv,1x192x14x14,1.345717
35,0,imagen.jpeg,58,batchnorm,1x64x14x14,0.011576
35,0,imagen.jpeg,59,pointwise_conv,1x64x14x14,2.750548
35,0,imagen.jpeg,60,batchnorm,1x384x14x14,0.07107
35,0,imagen.jpeg,61,activacion,1x384x14x14,0.186934
35,0,imagen.jpeg,62,depthwise_conv,1x384x14x14,0.863032
35,0,imagen.jpeg,63,batchnorm,1x384x14x14,0.074983
35,0,imagen.jpeg,64,activacion,1x384x14x14,0.267388
35,0,imagen.jpeg,65,pointwise_conv,1x384x14x14,2.892075
35,0,imagen.jpeg,66,batchnorm,1x64x14x14,0.012475
35,0,imagen.jpeg,67,layer_add,1x64x14x14,0.006824
35,0,imagen.jpeg,68,pointwise_conv,1x64x14x14,2.769275
35,0,imagen.jpeg,69,batchnorm,1x384x14x14,0.068207
35,0,imagen.jpeg,70,activacion,1x384x14x14,0.250936
35,0,imagen.jpeg,71,depthwise_conv,1x384x14x14,0.769601
35,0,imagen.jpeg,72,batchnorm,1x384x14x14,0.111596
35,0,imagen.jpeg,73,activacion,1x384x14x14,0.261195
35,0,imagen.jpeg,74,pointwise_conv,1x384x14x14,2.921892
35,0,imagen.jpeg,75,batchnorm,1x64x14x14,0.0112
35,0,imagen.jpeg,76,layer_add,1x64x14x14,0.006643
35,0,imagen.jpeg,77,pointwise_conv,1x64x14x14,2.701162
35,0,imagen.jpeg,78,batchnorm,1x384x14x14,0.081783
35,0,imagen.jpeg,79,activacion,1x384x14x14,0.259611
35,0,imagen.jpeg,80,depthwise_conv,1x384x14x14,0.839441
35,0,imagen.jpeg,81,batchnorm,1x384x14x14,0.145126
35,0,imagen.jpeg,82,activacion,1x384x14x14,0.229119
35,0,imagen.jpeg,83,pointwise_conv,1x384x14x14,2.68555
35,0,imagen.jpeg,84,batchnorm,1x64x14x14,0.011117
35,0,imagen.jpeg,85,layer_add,1x64x14x14,0.006897
35,0,imagen.jpeg,86,pointwise_conv,1x64x14x14,2.725245
35,0,imagen.jpeg,87,batchnorm,1x384x14x14,0.064277
35,0,imagen.jpeg,88,activacion,1x384x14x14,0.24867
35,0,imagen.jpeg,89,depthwise_conv,1x384x14x14,0.793121
35,0,imagen.jpeg,90,batchnorm,1x384x14x14,0.065421
35,0,imagen.jpeg,91,activacion,1x384x14x14,0.241174
35,0,imagen.jpeg,92,pointwise_conv,1x384x14x14,4.259403
35,0,imagen.jpeg,93,batchnorm,1x96x14x14,0.016304
35,0,imagen.jpeg,94,pointwise_conv,1x96x14x14,6.195776
35,0,imagen.jpeg,95,batchnorm,1x576x14x14,0.111048
35,0,imagen.jpeg,96,activacion,1x576x14x14,0.401098
35,0,imagen.jpeg,97,depthwise_conv,1x576x14x14,1.154421
35,0,imagen.jpeg,98,batchnorm,1x576x14x14,0.177029
35,0,imagen.jpeg,99,activacion,1x576x14x14,0.339114
35,0,imagen.jpeg,100,pointwise_conv,1x576x14x14,6.22448
35,0,imagen.jpeg,101,batchnorm,1x96x14x14,0.017259
35,0,imagen.jpeg,102,layer_add,1x96x14x14,0.027818
35,0,imagen.jpeg,103,pointwise_conv,1x96x14x14,6.427161
35,0,imagen.jpeg,104,batchnorm,1x576x14x14,0.116147
35,0,imagen.jpeg,105,activacion,1x576x14x14,0.391727
35,0,imagen.jpeg,106,depthwise_conv,1x576x14x14,1.179202
35,0,imagen.jpeg,107,batchnorm,1x576x14x14,0.171059
35,0,imagen.jpeg,108,activacion,1x576x14x14,0.320243
35,0,imagen.jpeg,109,pointwise_conv,1x576x14x14,6.017307
35,0,imagen.jpeg,110,batchnorm,1x96x14x14,0.016178
35,0,imagen.jpeg,111,layer_add,1x96x14x14,0.010684
35,0,imagen.jpeg,112,pointwise_conv,1x96x14x14,6.276363
35,0,imagen.jpeg,113,batchnorm,1x576x14x14,0.108841
35,0,imagen.jpeg,114,activacion,1x576x14x14,0.342284
35,0,imagen.jpeg,115,depthwise_conv,1x576x14x14,0.281921
35,0,imagen.jpeg,116,batchnorm,1x576x7x7,0.033034
35,0,imagen.jpeg,117,activacion,1x576x7x7,0.068612
35,0,imagen.jpeg,118,pointwise_conv,1x576x7x7,2.564922
35,0,imagen.jpeg,119,batchnorm,1x160x7x7,0.007613
35,0,imagen.jpeg,120,pointwise_conv,1x160x7x7,4.297052
35,0,imagen.jpeg,121,batchnorm,1x960x7x7,0.046394
35,0,imagen.jpeg,122,activacion,1x960x7x7,0.159955
35,0,imagen.jpeg,123,depthwise_conv,1x960x7x7,0.45522
35,0,imagen.jpeg,124,batchnorm,1x960x7x7,0.044814
35,0,imagen.jpeg,125,activacion,1x960x7x7,0.147435
35,0,imagen.jpeg,126,pointwise_conv,1x960x7x7,4.384215
35,0,imagen.jpeg,127,batchnorm,1x160x7x7,0.008229
35,0,imagen.jpeg,128,layer_add,1x160x7x7,0.00424
35,0,imagen.jpeg,129,pointwise_conv,1x160x7x7,4.380473
35,0,imagen.jpeg,130,batchnorm,1x960x7x7,0.04629
35,0,imagen.jpeg,131,activacion,1x960x7x7,0.148565
35,0,imagen.jpeg,132,depthwise_conv,1x960x7x7,0.451657
35,0,imagen.jpeg,133,batchnorm,1x960x7x7,0.055534
35,0,imagen.jpeg,134,activacion,1x960x7x7,0.129775
35,0,imagen.jpeg,135,pointwise_conv,1x960x7x7,4.249949
35,0,imagen.jpeg,136,batchnorm,1x160x7x7,0.007699
35,0,imagen.jpeg,137,layer_add,1x160x7x7,0.004521
35,0,imagen.jpeg,138,pointwise_conv,1x160x7x7,4.079426
35,0,imagen.jpeg,139,batchnorm,1x960x7x7,0.042253
35,0,imagen.jpeg,140,activacion,1x960x7x7,0.111907
35,0,imagen.jpeg,141,depthwise_conv,1x960x7x7,0.414482
35,0,imagen.jpeg,142,batchnorm,1x960x7x7,0.058899
35,0,imagen.jpeg,143,activacion,1x960x7x7,0.085545
35,0,imagen.jpeg,144,pointwise_conv,1x960x7x7,8.584684
35,0,imagen.jpeg,145,batchnorm,1x320x7x7,0.017458
35,0,imagen.jpeg,146,pointwise_conv,1x320x7x7,10.984487
35,0,imagen.jpeg,147,batchnorm,1x1280x7x7,0.075086
35,0,imagen.jpeg,148,activacion,1x1280x7x7,0.176364
35,0,imagen.jpeg,149,pooling,1x1280x7x7,0.03791
35,0,imagen.jpeg,150,linear,1x1280,1.411133
36,0,imagen.jpeg,0,conv2d,1x3x224x224,12.544965
36,0,imagen.jpeg,1,batchnorm,1x32x112x112,0.403371
36,0,imagen.jpeg,2,activacion,1x32x112x112,0.665545
36,0,imagen.jpeg,3,depthwise_conv,1x32x112x112,4.005332
36,0,imagen.jpeg,4,batchnorm,1x32x112x112,2.307364
36,0,imagen.jpeg,5,activacion,1x32x112x112,0.752512
36,0,imagen.jpeg,6,pointwise_conv,1x32x112x112,4.119134
36,0,imagen.jpeg,7,batchnorm,1x16x112x112,0.189343
36,0,imagen.jpeg,8,pointwise_conv,1x16x112x112,11.932465
36,0,imagen.jpeg,9,batchnorm,1x96x112x112,2.038094
36,0,imagen.jpeg,10,activacion,1x96x112x112,3.48127
36,0,imagen.jpeg,11,depthwise_conv,1x96x112x112,3.223742
36,0,imagen.jpeg,12,batchnorm,1x96x56x56,0.279815
36,0,imagen.jpeg,13,activacion,1x96x56x56,1.060819
36,0,imagen.jpeg,14,pointwise_conv,1x96x56x56,4.19792
36,0,imagen.jpeg,15,batchnorm,1x24x56x56,0.066762
36,0,imagen.jpeg,16,pointwise_conv,1x24x56x56,6.911906
36,0,imagen.jpeg,17,batchnorm,1x144x56x56,0.896701
36,0,imagen.jpeg,18,activacion,1x144x56x56,1.317098
36,0,imagen.jpeg,19,depthwise_conv,1x144x56x56,4.459447
36,0,imagen.jpeg,20,batchnorm,1x144x56x56,0.902757
36,0,imagen.jpeg,21,activacion,1x144x56x56,1.602387
36,0,imagen.jpeg,22,pointwise_conv,1x144x56x56,5.997569
36,0,imagen.jpeg,23,batchnorm,1x24x56x56,0.065042
36,0,imagen.jpeg,24,layer_add,1x24x56x56,0.044888
36,0,imagen.jpeg,25,pointwise_conv,1x24x56x56,6.051058
36,0,imagen.jpeg,26,batchnorm,1x144x56x56,0.46339
36,0,imagen.jpeg,27,activacion,1x144x56x56,1.558083
36,0,imagen.jpeg,28,depthwise_conv,1x144x56x56,1.148934
36,0,imagen.jpeg,29,batchnorm,1x144x28x28,0.098827
36,0,imagen.jpeg,30,activacion,1x144x28x28,0.342833
36,0,imagen.jpeg,31,pointwise_conv,1x144x28x28,2.019447
36,0,imagen.jpeg,32,batchnorm,1x32x28x28,0.022092
36,0,imagen.jpeg,33,pointwise_conv,1x32x28x28,2.716307
36,0,imagen.jpeg,34,batchnorm,1x192x28x28,0.152856
36,0,imagen.jpeg,35,activacion,1x192x28x28,0.379026
36,0,imagen.jpeg,36,depthwise_conv,1x192x28x28,1.50216
36,0,imagen.jpeg,37,batchnorm,1x192x28x28,0.128271
36,0,imagen.jpeg,38,activacion,1x192x28x28,0.518415
36,0,imagen.jpeg,39,pointwise_conv,1x192x28x28,2.658888
36,0,imagen.jpeg,40,batchnorm,1x32x28x28,0.021676
36,0,imagen.jpeg,41,layer_add,1x32x28x28,0.014134
36,0,imagen.jpeg,42,pointwise_conv,1x32x28x28,2.652817
36,0,imagen.jpeg,43,batchnorm,1x192x28x28,0.123448
36,0,imagen.jpeg,44,activacion,1x192x28x28,0.455783
36,0,imagen.jpeg,45,depthwise_conv,1x192x28x28,1.466656
36,0,imagen.jpeg,46,batchnorm,1x192x28x28,0.123901
36,0,imagen.jpeg,47,activacion,1x192x28x28,0.523591
36,0,imagen.jpeg,48,pointwise_conv,1x192x28x28,2.619974
36,0,imagen.jpeg,49,batchnorm,1x32x28x28,0.021213
36,0,imagen.jpeg,50,layer_add,1x32x28x28,0.012405
36,0,imagen.jpeg,51,pointwise_conv,1x32x28x28,2.664963
36,0,imagen.jpeg,52,batchnorm,1x192x28x28,0.128046
36,0,imagen.jpeg,53,activacion,1x192x28x28,0.522889
36,0,imagen.jpeg,54,depthwise_conv,1x192x28x28,0.371535
36,0,imagen.jpeg,55,batchnorm,1x192x14x14,0.033837
36,0,imagen.jpeg,56,activacion,1x192x14x14,0.100443
36,0,imagen.jpeg,57,pointwise_conv,1x192x14x14,1.358429
36,0,imagen.jpeg,58,batchnorm,1x64x14x14,0.011411
36,0,imagen.jpeg,59,pointwise_conv,1x64x14x14,2.711346
36,0,imagen.jpeg,60,batchnorm,1x384x14x14,0.067439
36,0,imagen.jpeg,61,activacion,1x384x14x14,0.207692
36,0,imagen.jpeg,62,depthwise_conv,1x384x14x14,0.774033
36,0,imagen.jpeg,63,batchnorm,1x384x14x14,0.068524
36,0,imagen.jpeg,64,activacion,1x384x14x14,0.26959
36,0,imagen.jpeg,65,pointwise_conv,1x384x14x14,2.686648
36,0,imagen.jpeg,66,batchnorm,1x64x14x14,0.010987
36,0,imagen.jpeg,67,layer_add,1x64x14x14,0.005648
36,0,imagen.jpeg,68,pointwise_conv,1x64x14x14,2.648415
36,0,imagen.jpeg,69,batchnorm,1x384x14x14,0.063769
36,0,imagen.jpeg,70,activacion,1x384x14x14,0.24536
36,0,imagen.jpeg,71,depthwise_conv,1x384x14x14,0.752709
36,0,imagen.jpeg,72,batchnorm,1x384x14x14,0.094716
36,0,imagen.jpeg,73,activacion,1x384x14x14,0.249974
36,0,imagen.jpeg,74,pointwise_conv,1x384x14x14,3.056885
36,0,imagen.jpeg,75,batchnorm,1x64x14x14,0.012512
36,0,imagen.jpeg,76,layer_add,1x64x14x14,0.006741
36,0,imagen.jpeg,77,pointwise_conv,1x64x14x14,2.711918
36,0,imagen.jpeg,78,batchnorm,1x384x14x14,0.067595
36,0,imagen.jpeg,79,activacion,1x384x14x14,0.29087
36,0,imagen.jpeg,80,depthwise_conv,1x384x14x14,0.753092
36,0,imagen.jpeg,81,batchnorm,1x384x14x14,0.142919
36,0,imagen.jpeg,82,activacion,1x384x14x14,0.225188
36,0,imagen.jpeg,83,pointwise_conv,1x384x14x14,2.666625
36,0,imagen.jpeg,84,batchnorm,1x64x14x14,0.01079
36,0,imagen.jpeg,85,layer_add,1x64x14x14,0.005994
36,0,imagen.jpeg,86,pointwise_conv,1x64x14x14,2.668966
36,0,imagen.jpeg,87,batchnorm,1x384x14x14,0.0623
36,0,imagen.jpeg,88,activacion,1x384x14x14,0.243629
36,0,imagen.jpeg,89,depthwise_conv,1x384x14x14,0.739099
36,0,imagen.jpeg,90,batchnorm,1x384x14x14,0.080754
36,0,imagen.jpeg,91,activacion,1x384x14x14,0.271979
36,0,imagen.jpeg,92,pointwise_conv,1x384x14x14,4.304174
36,0,imagen.jpeg,93,batchnorm,1x96x14x14,0.019819
36,0,imagen.jpeg,94,pointwise_conv,1x96x14x14,6.419126
36,0,imagen.jpeg,95,batchnorm,1x576x14x14,0.120202
36,0,imagen.jpeg,96,activacion,1x576x14x14,0.377306
36,0,imagen.jpeg,97,depthwise_conv,1x576x14x14,1.194154
36,0,imagen.jpeg,98,batchnorm,1x576x14x14,0.182402
36,0,imagen.jpeg,99,activacion,1x576x14x14,0.344806
36,0,imagen.jpeg,100,pointwise_conv,1x576x14x14,6.109884
36,0,imagen.jpeg,101,batchnorm,1x96x14x14,0.036
36,0,imagen.jpeg,102,layer_add,1x96x14x14,0.014357
36,0,imagen.jpeg,103,pointwise_conv,1x96x14x14,6.391025
36,0,imagen.jpeg,104,batchnorm,1x576x14x14,0.10674
36,0,imagen.jpeg,105,activacion,1x576x14x14,0.355766
36,0,imagen.jpeg,106,depthwise_conv,1x576x14x14,1.190272
36,0,imagen.jpeg,107,batchnorm,1x576x14x14,0.189295
36,0,imagen.jpeg,108,activacion,1x576x14x14,0.3155
36,0,imagen.jpeg,109,pointwise_conv,1x576x14x14,7.998257
36,0,imagen.jpeg,110,batchnorm,1x96x14x14,0.017966
36,0,imagen.jpeg,111,layer_add,1x96x14x14,0.010569
36,0,imagen.jpeg,112,pointwise_conv,1x96x14x14,6.330509
36,0,imagen.jpeg,113,batchnorm,1x576x14x14,0.108543
36,0,imagen.jpeg,114,activacion,1x576x14x14,0.331805
36,0,imagen.jpeg,115,depthwise_conv,1x576x14x14,0.286132
36,0,imagen.jpeg,116,batchnorm,1x576x7x7,0.033114
36,0,imagen.jpeg,117,activacion,1x576x7x7,0.063678
36,0,imagen.jpeg,118,pointwise_conv,1x576x7x7,2.580025
36,0,imagen.jpeg,119,batchnorm,1x160x7x7,0.007898
36,0,imagen.jpeg,120,pointwise_conv,1x160x7x7,4.187143
36,0,imagen.jpeg,121,batchnorm,1x960x7x7,0.043716
36,0,imagen.jpeg,122,activacion,1x960x7x7,0.150312
36,0,imagen.jpeg,123,depthwise_conv,1x960x7x7,0.422625
36,0,imagen.jpeg,124,batchnorm,1x960x7x7,0.042607
36,0,imagen.jpeg,125,activacion,1x960x7x7,0.140013
36,0,imagen.jpeg,126,pointwise_conv,1x960x7x7,4.132438
36,0,imagen.jpeg,127,batchnorm,1x160x7x7,0.007514
36,0,imagen.jpeg,128,layer_add,1x160x7x7,0.004041
36,0,imagen.jpeg,129,pointwise_conv,1x160x7x7,4.199805
36,0,imagen.jpeg,130,batchnorm,1x960x7x7,0.043689
36,0,imagen.jpeg,131,activacion,1x960x7x7,0.143074
36,0,imagen.jpeg,132,depthwise_conv,1x960x7x7,0.427703
36,0,imagen.jpeg,133,batchnorm,1x960x7x7,0.068028
36,0,imagen.jpeg,134,activacion,1x960x7x7,0.1289
36,0,imagen.jpeg,135,pointwise_conv,1x960x7x7,4.131161
36,0,imagen.jpeg,136,batchnorm,1x160x7x7,0.00732
36,0,imagen.jpeg,137,layer_add,1x160x7x7,0.003749
36,0,imagen.jpeg,138,pointwise_conv,1x160x7x7,4.070556
36,0,imagen.jpeg,139,batchnorm,1x960x7x7,0.078179
36,0,imagen.jpeg,140,activacion,1x960x7x7,0.184128
36,0,imagen.jpeg,141,depthwise_conv,1x960x7x7,0.57871
36,0,imagen.jpeg,142,batchnorm,1x960x7x7,0.048769
36,0,imagen.jpeg,143,activacion,1x960x7x7,0.112549
36,0,imagen.jpeg,144,pointwise_conv,1x960x7x7,8.899192
36,0,imagen.jpeg,145,batchnorm,1x320x7x7,0.015983
36,0,imagen.jpeg,146,pointwise_conv,1x320x7x7,11.569822
36,0,imagen.jpeg,147,batchnorm,1x1280x7x7,0.064657
36,0,imagen.jpeg,148,activacion,1x1280x7x7,0.185981
36,0,imagen.jpeg,149,pooling,1x1280x7x7,0.039148
36,0,imagen.jpeg,150,linear,1x1280,1.445207
37,0,imagen.jpeg,0,conv2d,1x3x224x224,12.1915
37,0,imagen.jpeg,1,batchnorm,1x32x112x112,0.463251
37,0,imagen.jpeg,2,activacion,1x32x112x112,0.642978
37,0,imagen.jpeg,3,depthwise_conv,1x32x112x112,3.949267
37,0,imagen.jpeg,4,batchnorm,1x32x112x112,2.257364
37,0,imagen.jpeg,5,activacion,1x32x112x112,0.756728
37,0,imagen.jpeg,6,pointwise_conv,1x32x112x112,5.523852
37,0,imagen.jpeg,7,batchnorm,1x16x112x112,0.212362
37,0,imagen.jpeg,8,pointwise_conv,1x16x112x112,12.566412
37,0,imagen.jpeg,9,batchnorm,1x96x112x112,2.519565
37,0,imagen.jpeg,10,activacion,1x96x112x112,3.614238
37,0,imagen.jpeg,11,depthwise_conv,1x96x112x112,3.275497
37,0,imagen.jpeg,12,batchnorm,1x96x56x56,0.280924
37,0,imagen.jpeg,13,activacion,1x96x56x56,1.054364
37,0,imagen.jpeg,14,pointwise_conv,1x96x56x56,4.655652
37,0,imagen.jpeg,15,batchnorm,1x24x56x56,0.101034
37,0,imagen.jpeg,16,pointwise_conv,1x24x56x56,7.507591
37,0,imagen.jpeg,17,batchnorm,1x144x56x56,0.913577
37,0,imagen.jpeg,18,activacion,1x144x56x56,1.379482
37,0,imagen.jpeg,19,depthwise_conv,1x144x56x56,5.135787
37,0,imagen.jpeg,20,batchnorm,1x144x56x56,1.056037
37,0,imagen.jpeg,21,activacion,1x144x56x56,1.908179
37,0,imagen.jpeg,22,pointwise_conv,1x144x56x56,7.278258
37,0,imagen.jpeg,23,batchnorm,1x24x56x56,0.078806
37,0,imagen.jpeg,24,layer_add,1x24x56x56,0.047221
37,0,imagen.jpeg,25,pointwise_conv,1x24x56x56,7.410738
37,0,imagen.jpeg,26,batchnorm,1x144x56x56,0.50853
37,0,imagen.jpeg,27,activacion,1x144x56x56,1.757823
37,0,imagen.jpeg,28,depthwise_conv,1x144x56x56,1.384754
37,0,imagen.jpeg,29,batchnorm,1x144x28x28,0.117266
37,0,imagen.jpeg,30,activacion,1x144x28x28,0.391272
37,0,imagen.jpeg,31,pointwise_conv,1x144x28x28,2.211209
37,0,imagen.jpeg,32,batchnorm,1x32x28x28,0.024381
37,0,imagen.jpeg,33,pointwise_conv,1x32x28x28,3.27801
37,0,imagen.jpeg,34,batchnorm,1x192x28x28,0.1547
37,0,imagen.jpeg,35,activacion,1x192x28x28,0.424778
37,0,imagen.jpeg,36,depthwise_conv,1x192x28x28,1.661204
37,0,imagen.jpeg,37,batchnorm,1x192x28x28,0.144428
37,0,imagen.jpeg,38,activacion,1x192x28x28,0.594499
37,0,imagen.jpeg,39,pointwise_conv,1x192x28x28,3.870601
37,0,imagen.jpeg,40,batchnorm,1x32x28x28,0.026272
37,0,imagen.jpeg,41,layer_add,1x32x28x28,0.014822
37,0,imagen.jpeg,42,pointwise_conv,1x32x28x28,3.109712
37,0,imagen.jpeg,43,batchnorm,1x192x28x28,0.166171
37,0,imagen.jpeg,44,activacion,1x192x28x28,0.4941
37,0,imagen.jpeg,45,depthwise_conv,1x192x28x28,1.769705
37,0,imagen.jpeg,46,batchnorm,1x192x28x28,0.148035
37,0,imagen.jpeg,47,activacion,1x192x28x28,0.585018
37,0,imagen.jpeg,48,pointwise_conv,1x192x28x28,2.970573
37,0,imagen.jpeg,49,batchnorm,1x32x28x28,0.036713
37,0,imagen.jpeg,50,layer_add,1x32x28x28,0.014449
37,0,imagen.jpeg,51,pointwise_conv,1x32x28x28,3.085377
37,0,imagen.jpeg,52,batchnorm,1x192x28x28,0.138426
37,0,imagen.jpeg,53,activacion,1x192x28x28,0.523488
37,0,imagen.jpeg,54,depthwise_conv,1x192x28x28,0.438643
37,0,imagen.jpeg,55,batchnorm,1x192x14x14,0.089943
37,0,imagen.jpeg,56,activacion,1x192x14x14,0.140055
37,0,imagen.jpeg,57,pointwise_conv,1x192x14x14,2.282763
37,0,imagen.jpeg,58,batchnorm,1x64x14x14,0.013722
37,0,imagen.jpeg,59,pointwise_conv,1x64x14x14,3.220683
37,0,imagen.jpeg,60,batchnorm,1x384x14x14,0.08789
37,0,imagen.jpeg,61,activacion,1x384x14x14,0.219437
37,0,imagen.jpeg,62,depthwise_conv,1x384x14x14,0.86226
37,0,imagen.jpeg,63,batchnorm,1x384x14x14,0.075695
37,0,imagen.jpeg,64,activacion,1x384x14x14,0.300661
37,0,imagen.jpeg,65,pointwise_conv,1x384x14x14,3.018325
37,0,imagen.jpeg,66,batchnorm,1x64x14x14,0.012682
37,0,imagen.jpeg,67,layer_add,1x64x14x14,0.007454
37,0,imagen.jpeg,68,pointwise_conv,1x64x14x14,3.013989
37,0,imagen.jpeg,69,batchnorm,1x384x14x14,0.07293
37,0,imagen.jpeg,70,activacion,1x384x14x14,0.266245
37,0,imagen.jpeg,71,depthwise_conv,1x384x14x14,0.87627
37,0,imagen.jpeg,72,batchnorm,1x384x14x14,0.1092
37,0,imagen.jpeg,73,activacion,1x384x14x14,0.313945
37,0,imagen.jpeg,74,pointwise_conv,1x384x14x14,3.837819
37,0,imagen.jpeg,75,batchnorm,1x64x14x14,0.014092
37,0,imagen.jpeg,76,layer_add,1x64x14x14,0.007375
37,0,imagen.jpeg,77,pointwise_conv,1x64x14x14,3.115771
37,0,imagen.jpeg,78,batchnorm,1x384x14x14,0.080915
37,0,imagen.jpeg,79,activacion,1x384x14x14,0.296334
37,0,imagen.jpeg,80,depthwise_conv,1x384x14x14,0.855275
37,0,imagen.jpeg,81,batchnorm,1x384x14x14,0.159482
37,0,imagen.jpeg,82,activacion,1x384x14x14,0.2588
37,0,imagen.jpeg,83,pointwise_conv,1x384x14x14,3.010467
37,0,imagen.jpeg,84,batchnorm,1x64x14x14,0.012718
37,0,imagen.jpeg,85,layer_add,1x64x14x14,0.007708
37,0,imagen.jpeg,86,pointwise_conv,1x64x14x14,3.01068
37,0,imagen.jpeg,87,batchnorm,1x384x14x14,0.071201
37,0,imagen.jpeg,88,activacion,1x384x14x14,0.277901
37,0,imagen.jpeg,89,depthwise_conv,1x384x14x14,0.841374
37,0,imagen.jpeg,90,batchnorm,1x384x14x14,0.072288
37,0,imagen.jpeg,91,activacion,1x384x14x14,0.260868
37,0,imagen.jpeg,92,pointwise_conv,1x384x14x14,5.192082
37,0,imagen.jpeg,93,batchnorm,1x96x14x14,0.021027
37,0,imagen.jpeg,94,pointwise_conv,1x96x14x14,6.927136
37,0,imagen.jpeg,95,batchnorm,1x576x14x14,0.11901
37,0,imagen.jpeg,96,activacion,1x576x14x14,0.407311
37,0,imagen.jpeg,97,depthwise_conv,1x576x14x14,1.2719
37,0,imagen.jpeg,98,batchnorm,1x576x14x14,0.197307
37,0,imagen.jpeg,99,activacion,1x576x14x14,0.377806
37,0,imagen.jpeg,100,pointwise_conv,1x576x14x14,7.633272
37,0,imagen.jpeg,101,batchnorm,1x96x14x14,0.020872
37,0,imagen.jpeg,102,layer_add,1x96x14x14,0.018712
37,0,imagen.jpeg,103,pointwise_conv,1x96x14x14,6.884079
37,0,imagen.jpeg,104,batchnorm,1x576x14x14,0.11973
37,0,imagen.jpeg,105,activacion,1x576x14x14,0.41771
37,0,imagen.jpeg,106,depthwise_conv,1x576x14x14,1.28044
37,0,imagen.jpeg,107,batchnorm,1x576x14x14,0.1752
37,0,imagen.jpeg,108,activacion,1x576x14x14,0.336273
37,0,imagen.jpeg,109,pointwise_conv,1x576x14x14,7.265765
37,0,imagen.jpeg,110,batchnorm,1x96x14x14,0.020922
37,0,imagen.jpeg,111,layer_add,1x96x14x14,0.011294
37,0,imagen.jpeg,112,pointwise_conv,1x96x14x14,6.528662
37,0,imagen.jpeg,113,batchnorm,1x576x14x14,0.107928
37,0,imagen.jpeg,114,activacion,1x576x14x14,0.334425
37,0,imagen.jpeg,115,depthwise_conv,1x576x14x14,0.299464
37,0,imagen.jpeg,116,batchnorm,1x576x7x7,0.031793
37,0,imagen.jpeg,117,activacion,1x576x7x7,0.070261
37,0,imagen.jpeg,118,pointwise_conv,1x576x7x7,2.608459
37,0,imagen.jpeg,119,batchnorm,1x160x7x7,0.008635
37,0,imagen.jpeg,120,pointwise_conv,1x160x7x7,4.964056
37,0,imagen.jpeg,121,batchnorm,1x960x7x7,0.050192
37,0,imagen.jpeg,122,activacion,1x960x7x7,0.163094
37,0,imagen.jpeg,123,depthwise_conv,1x960x7x7,0.465518
37,0,imagen.jpeg,124,batchnorm,1x960x7x7,0.046237
37,0,imagen.jpeg,125,activacion,1x960x7x7,0.152363
37,0,imagen.jpeg,126,pointwise_conv,1x960x7x7,4.245189
37,0,imagen.jpeg,127,batchnorm,1x160x7x7,0.007348
37,0,imagen.jpeg,128,layer_add,1x160x7x7,0.004156
37,0,imagen.jpeg,129,pointwise_conv,1x160x7x7,4.04739
37,0,imagen.jpeg,130,batchnorm,1x960x7x7,0.042482
37,0,imagen.jpeg,131,activacion,1x960x7x7,0.144927
37,0,imagen.jpeg,132,depthwise_conv,1x960x7x7,0.470986
37,0,imagen.jpeg,133,batchnorm,1x960x7x7,0.055049
37,0,imagen.jpeg,134,activacion,1x960x7x7,0.128393
37,0,imagen.jpeg,135,pointwise_conv,1x960x7x7,4.948712
37,0,imagen.jpeg,136,batchnorm,1x160x7x7,0.010919
37,0,imagen.jpeg,137,layer_add,1x160x7x7,0.006158
37,0,imagen.jpeg,138,pointwise_conv,1x160x7x7,4.473527
37,0,imagen.jpeg,139,batchnorm,1x960x7x7,0.046177
37,0,imagen.jpeg,140,activacion,1x960x7x7,0.118201
37,0,imagen.jpeg,141,depthwise_conv,1x960x7x7,0.437718
37,0,imagen.jpeg,142,batchnorm,1x960x7x7,0.047741
37,0,imagen.jpeg,143,activacion,1x960x7x7,0.108456
37,0,imagen.jpeg,144,pointwise_conv,1x960x7x7,8.352242
37,0,imagen.jpeg,145,batchnorm,1x320x7x7,0.034929
37,0,imagen.jpeg,146,pointwise_conv,1x320x7x7,11.090026
37,0,imagen.jpeg,147,batchnorm,1x1280x7x7,0.073038
37,0,imagen.jpeg,148,activacion,1x1280x7x7,0.208456
37,0,imagen.jpeg,149,pooling,1x1280x7x7,0.039292
37,0,imagen.jpeg,150,linear,1x1280,1.417159
38,0,imagen.jpeg,0,conv2d,1x3x224x224,12.319281
38,0,imagen.jpeg,1,batchnorm,1x32x112x112,0.505932
38,0,imagen.jpeg,2,activacion,1x32x112x112,0.875843
38,0,imagen.jpeg,3,depthwise_conv,1x32x112x112,4.070728
38,0,imagen.jpeg,4,batchnorm,1x32x112x112,2.315886
38,0,imagen.jpeg,5,activacion,1x32x112x112,0.740784
38,0,imagen.jpeg,6,pointwise_conv,1x32x112x112,3.596618
38,0,imagen.jpeg,7,batchnorm,1x16x112x112,0.210287
38,0,imagen.jpeg,8,pointwise_conv,1x16x112x112,11.933145
38,0,imagen.jpeg,9,batchnorm,1x96x112x112,2.150825
38,0,imagen.jpeg,10,activacion,1x96x112x112,3.396396
38,0,imagen.jpeg,11,depthwise_conv,1x96x112x112,3.292981
38,0,imagen.jpeg,12,batchnorm,1x96x56x56,0.377214
38,0,imagen.jpeg,13,activacion,1x96x56x56,1.084507
38,0,imagen.jpeg,14,pointwise_conv,1x96x56x56,4.427847
38,0,imagen.jpeg,15,batchnorm,1x24x56x56,0.067993
38,0,imagen.jpeg,16,pointwise_conv,1x24x56x56,6.751014
38,0,imagen.jpeg,17,batchnorm,1x144x56x56,0.920505
38,0,imagen.jpeg,18,activacion,1x144x56x56,1.31019
38,0,imagen.jpeg,19,depthwise_conv,1x144x56x56,5.039062
38,0,imagen.jpeg,20,batchnorm,1x144x56x56,0.946907
38,0,imagen.jpeg,21,activacion,1x144x56x56,1.673948
38,0,imagen.jpeg,22,pointwise_conv,1x144x56x56,6.163774
38,0,imagen.jpeg,23,batchnorm,1x24x56x56,0.064338
38,0,imagen.jpeg,24,layer_add,1x24x56x56,0.04108
38,0,imagen.jpeg,25,pointwise_conv,1x24x56x56,5.999551
38,0,imagen.jpeg,26,batchnorm,1x144x56x56,0.4584
38,0,imagen.jpeg,27,activacion,1x144x56x56,1.540488
38,0,imagen.jpeg,28,depthwise_conv,1x144x56x56,1.139549
38,0,imagen.jpeg,29,batchnorm,1x144x28x28,0.113268
38,0,imagen.jpeg,30,activacion,1x144x28x28,0.340808
38,0,imagen.jpeg,31,pointwise_conv,1x144x28x28,2.227907
38,0,imagen.jpeg,32,batchnorm,1x32x28x28,0.023925
38,0,imagen.jpeg,33,pointwise_conv,1x32x28x28,2.64371
38,0,imagen.jpeg,34,batchnorm,1x192x28x28,0.164604
38,0,imagen.jpeg,35,activacion,1x192x28x28,0.386467
38,0,imagen.jpeg,36,depthwise_conv,1x192x28x28,1.477914
38,0,imagen.jpeg,37,batchnorm,1x192x28x28,0.131677
38,0,imagen.jpeg,38,activacion,1x192x28x28,0.529397
38,0,imagen.jpeg,39,pointwise_conv,1x192x28x28,2.610726
38,0,imagen.jpeg,40,batchnorm,1x32x28x28,0.02129
38,0,imagen.jpeg,41,layer_add,1x32x28x28,0.013218
38,0,imagen.jpeg,42,pointwise_conv,1x32x28x28,2.692124
38,0,imagen.jpeg,43,batchnorm,1x192x28x28,0.122794
38,0,imagen.jpeg,44,activacion,1x192x28x28,0.441379
38,0,imagen.jpeg,45,depthwise_conv,1x192x28x28,1.485492
38,0,imagen.jpeg,46,batchnorm,1x192x28x28,0.128689
38,0,imagen.jpeg,47,activacion,1x192x28x28,0.508513
38,0,imagen.jpeg,48,pointwise_conv,1x192x28x28,2.612799
38,0,imagen.jpeg,49,batchnorm,1x32x28x28,0.020498
38,0,imagen.jpeg,50,layer_add,1x32x28x28,0.011896
38,0,imagen.jpeg,51,pointwise_conv,1x32x28x28,2.57941
38,0,imagen.jpeg,52,batchnorm,1x192x28x28,0.122394
38,0,imagen.jpeg,53,activacion,1x192x28x28,0.468184
38,0,imagen.jpeg,54,depthwise_conv,1x192x28x28,0.365155
38,0,imagen.jpeg,55,batchnorm,1x192x14x14,0.032772
38,0,imagen.jpeg,56,activacion,1x192x14x14,0.093772
38,0,imagen.jpeg,57,pointwise_conv,1x192x14x14,1.332791
38,0,imagen.jpeg,58,batchnorm,1x64x14x14,0.011351
38,0,imagen.jpeg,59,pointwise_conv,1x64x14x14,2.775844
38,0,imagen.jpeg,60,batchnorm,1x384x14x14,0.083889
38,0,imagen.jpeg,61,activacion,1x384x14x14,0.196835
38,0,imagen.jpeg,62,depthwise_conv,1x384x14x14,0.793611
38,0,imagen.jpeg,63,batchnorm,1x384x14x14,0.070651
38,0,imagen.jpeg,64,activacion,1x384x14x14,0.272318
38,0,imagen.jpeg,65,pointwise_conv,1x384x14x14,2.859315
38,0,imagen.jpeg,66,batchnorm,1x64x14x14,0.012429
38,0,imagen.jpeg,67,layer_add,1x64x14x14,0.007103
38,0,imagen.jpeg,68,pointwise_conv,1x64x14x14,2.722856
38,0,imagen.jpeg,69,batchnorm,1x384x14x14,0.070747
38,0,imagen.jpeg,70,activacion,1x384x14x14,0.234599
38,0,imagen.jpeg,71,depthwise_conv,1x384x14x14,0.795072
38,0,imagen.jpeg,72,batchnorm,1x384x14x14,0.117738
38,0,imagen.jpeg,73,activacion,1x384x14x14,0.253925
38,0,imagen.jpeg,74,pointwise_conv,1x384x14x14,2.698314
38,0,imagen.jpeg,75,batchnorm,1x64x14x14,0.010829
38,0,imagen.jpeg,76,layer_add,1x64x14x14,0.006854
38,0,imagen.jpeg,77,pointwise_conv,1x64x14x14,2.748286
38,0,imagen.jpeg,78,batchnorm,1x384x14x14,0.079693
38,0,imagen.jpeg,79,activacion,1x384x14x14,0.253277
38,0,imagen.jpeg,80,depthwise_conv,1x384x14x14,0.766573
38,0,imagen.jpeg,81,batchnorm,1x384x14x14,0.1649
38,0,imagen.jpeg,82,activacion,1x384x14x14,0.244492
38,0,imagen.jpeg,83,pointwise_conv,1x384x14x14,2.7832
38,0,imagen.jpeg,84,batchnorm,1x64x14x14,0.011391
38,0,imagen.jpeg,85,layer_add,1x64x14x14,0.00691
38,0,imagen.jpeg,86,pointwise_conv,1x64x14x14,2.715047
38,0,imagen.jpeg,87,batchnorm,1x384x14x14,0.066977
38,0,imagen.jpeg,88,activacion,1x384x14x14,0.246983
38,0,imagen.jpeg,89,depthwise_conv,1x384x14x14,0.792
38,0,imagen.jpeg,90,batchnorm,1x384x14x14,0.066091
38,0,imagen.jpeg,91,activacion,1x384x14x14,0.2404
38,0,imagen.jpeg,92,pointwise_conv,1x384x14x14,4.125158
38,0,imagen.jpeg,93,batchnorm,1x96x14x14,0.01776
38,0,imagen.jpeg,94,pointwise_conv,1x96x14x14,5.998356
38,0,imagen.jpeg,95,batchnorm,1x576x14x14,0.102283
38,0,imagen.jpeg,96,activacion,1x576x14x14,0.357715
38,0,imagen.jpeg,97,depthwise_conv,1x576x14x14,1.125385
38,0,imagen.jpeg,98,batchnorm,1x576x14x14,0.17194
38,0,imagen.jpeg,99,activacion,1x576x14x14,0.373568
38,0,imagen.jpeg,100,pointwise_conv,1x576x14x14,6.137558
38,0,imagen.jpeg,101,batchnorm,1x96x14x14,0.017364
38,0,imagen.jpeg,102,layer_add,1x96x14x14,0.012652
38,0,imagen.jpeg,103,pointwise_conv,1x96x14x14,6.123297
38,0,imagen.jpeg,104,batchnorm,1x576x14x14,0.102825
38,0,imagen.jpeg,105,activacion,1x576x14x14,0.374066
38,0,imagen.jpeg,106,depthwise_conv,1x576x14x14,1.119524
38,0,imagen.jpeg,107,batchnorm,1x576x14x14,0.163031
38,0,imagen.jpeg,108,activacion,1x576x14x14,0.305086
38,0,imagen.jpeg,109,pointwise_conv,1x576x14x14,5.848361
38,0,imagen.jpeg,110,batchnorm,1x96x14x14,0.015819
38,0,imagen.jpeg,111,layer_add,1x96x14x14,0.008534
38,0,imagen.jpeg,112,pointwise_conv,1x96x14x14,5.998621
38,0,imagen.jpeg,113,batchnorm,1x576x14x14,0.096426
38,0,imagen.jpeg,114,activacion,1x576x14x14,0.29863
38,0,imagen.jpeg,115,depthwise_conv,1x576x14x14,0.254098
38,0,imagen.jpeg,116,batchnorm,1x576x7x7,0.031268
38,0,imagen.jpeg,117,activacion,1x576x7x7,0.075295
38,0,imagen.jpeg,118,pointwise_conv,1x576x7x7,2.403326
38,0,imagen.jpeg,119,batchnorm,1x160x7x7,0.007265
38,0,imagen.jpeg,120,pointwise_conv,1x160x7x7,4.171905
38,0,imagen.jpeg,121,batchnorm,1x960x7x7,0.043134
38,0,imagen.jpeg,122,activacion,1x960x7x7,0.148124
38,0,imagen.jpeg,123,depthwise_conv,1x960x7x7,0.428598
38,0,imagen.jpeg,124,batchnorm,1x960x7x7,0.04204
38,0,imagen.jpeg,125,activacion,1x960x7x7,0.136211
38,0,imagen.jpeg,126,pointwise_conv,1x960x7x7,3.998987
38,0,imagen.jpeg,127,batchnorm,1x160x7x7,0.00734
38,0,imagen.jpeg,128,layer_add,1x160x7x7,0.003899
38,0,imagen.jpeg,129,pointwise_conv,1x160x7x7,4.048161
38,0,imagen.jpeg,130,batchnorm,1x960x7x7,0.041537
38,0,imagen.jpeg,131,activacion,1x960x7x7,0.180567
38,0,imagen.jpeg,132,depthwise_conv,1x960x7x7,0.412777
38,0,imagen.jpeg,133,batchnorm,1x960x7x7,0.052337
38,0,imagen.jpeg,134,activacion,1x960x7x7,0.123192
38,0,imagen.jpeg,135,pointwise_conv,1x960x7x7,4.109249
38,0,imagen.jpeg,136,batchnorm,1x160x7x7,0.007721
38,0,imagen.jpeg,137,layer_add,1x160x7x7,0.005959
38,0,imagen.jpeg,138,pointwise_conv,1x160x7x7,4.157981
38,0,imagen.jpeg,139,batchnorm,1x960x7x7,0.04161
38,0,imagen.jpeg,140,activacion,1x960x7x7,0.111538
38,0,imagen.jpeg,141,depthwise_conv,1x960x7x7,0.414083
38,0,imagen.jpeg,142,batchnorm,1x960x7x7,0.045149
38,0,imagen.jpeg,143,activacion,1x960x7x7,0.085418
38,0,imagen.jpeg,144,pointwise_conv,1x960x7x7,8.041044
38,0,imagen.jpeg,145,batchnorm,1x320x7x7,0.014705
38,0,imagen.jpeg,146,pointwise_conv,1x320x7x7,10.668611
38,0,imagen.jpeg,147,batchnorm,1x1280x7x7,0.062455
38,0,imagen.jpeg,148,activacion,1x1280x7x7,0.1852
38,0,imagen.jpeg,149,pooling,1x1280x7x7,0.039656
38,0,imagen.jpeg,150,linear,1x1280,1.383179
39,0,imagen.jpeg,0,conv2d,1x3x224x224,12.575953
39,0,imagen.jpeg,1,batchnorm,1x32x112x112,0.45564
39,0,imagen.jpeg,2,activacion,1x32x112x112,0.61702
39,0,imagen.jpeg,3,depthwise_conv,1x32x112x112,3.884438
39,0,imagen.jpeg,4,batchnorm,1x32x112x112,2.478942
39,0,imagen.jpeg,5,activacion,1x32x112x112,0.779538
39,0,imagen.jpeg,6,pointwise_conv,1x32x112x112,3.659552
39,0,imagen.jpeg,7,batchnorm,1x16x112x112,0.185831
39,0,imagen.jpeg,8,pointwise_conv,1x16x112x112,11.793698
39,0,imagen.jpeg,9,batchnorm,1x96x112x112,2.078595
39,0,imagen.jpeg,10,activacion,1x96x112x112,3.415702
39,0,imagen.jpeg,11,depthwise_conv,1x96x112x112,3.116054
39,0,imagen.jpeg,12,batchnorm,1x96x56x56,0.286437
39,0,imagen.jpeg,13,activacion,1x96x56x56,0.993191
39,0,imagen.jpeg,14,pointwise_conv,1x96x56x56,3.899192
39,0,imagen.jpeg,15,batchnorm,1x24x56x56,0.062138
39,0,imagen.jpeg,16,pointwise_conv,1x24x56x56,6.849003
39,0,imagen.jpeg,17,batchnorm,1x144x56x56,0.915759
39,0,imagen.jpeg,18,activacion,1x144x56x56,1.314258
39,0,imagen.jpeg,19,depthwise_conv,1x144x56x56,4.542104
39,0,imagen.jpeg,20,batchnorm,1x144x56x56,0.884313
39,0,imagen.jpeg,21,activacion,1x144x56x56,1.642824
39,0,imagen.jpeg,22,pointwise_conv,1x144x56x56,5.930812
39,0,imagen.jpeg,23,batchnorm,1x24x56x56,0.069847
39,0,imagen.jpeg,24,layer_add,1x24x56x56,0.067571
39,0,imagen.jpeg,25,pointwise_conv,1x24x56x56,5.945004
39,0,imagen.jpeg,26,batchnorm,1x144x56x56,0.45301
39,0,imagen.jpeg,27,activacion,1x144x56x56,1.492016
39,0,imagen.jpeg,28,depthwise_conv,1x144x56x56,1.145564
39,0,imagen.jpeg,29,batchnorm,1x144x28x28,0.146693
39,0,imagen.jpeg,30,activacion,1x144x28x28,0.370369
39,0,imagen.jpeg,31,pointwise_conv,1x144x28x28,2.070264
39,0,imagen.jpeg,32,batchnorm,1x32x28x28,0.022302
39,0,imagen.jpeg,33,pointwise_conv,1x32x28x28,2.663873
39,0,imagen.jpeg,34,batchnorm,1x192x28x28,0.136322
39,0,imagen.jpeg,35,activacion,1x192x28x28,0.358676
39,0,imagen.jpeg,36,depthwise_conv,1x192x28x28,1.512722
39,0,imagen.jpeg,37,batchnorm,1x192x28x28,0.137885
39,0,imagen.jpeg,38,activacion,1x192x28x28,0.663576
39,0,imagen.jpeg,39,pointwise_conv,1x192x28x28,2.70508
39,0,imagen.jpeg,40,batchnorm,1x32x28x28,0.023159
39,0,imagen.jpeg,41,layer_add,1x32x28x28,0.014293
39,0,imagen.jpeg,42,pointwise_conv,1x32x28x28,2.658757
39,0,imagen.jpeg,43,batchnorm,1x192x28x28,0.178676
39,0,imagen.jpeg,44,activacion,1x192x28x28,0.441284
39,0,imagen.jpeg,45,depthwise_conv,1x192x28x28,1.486178
39,0,imagen.jpeg,46,batchnorm,1x192x28x28,0.131433
39,0,imagen.jpeg,47,activacion,1x192x28x28,0.510502
39,0,imagen.jpeg,48,pointwise_conv,1x192x28x28,2.611502
39,0,imagen.jpeg,49,batchnorm,1x32x28x28,0.02097
39,0,imagen.jpeg,50,layer_add,1x32x28x28,0.012985
39,0,imagen.jpeg,51,pointwise_conv,1x32x28x28,2.703136
39,0,imagen.jpeg,52,batchnorm,1x192x28x28,0.124624
39,0,imagen.jpeg,53,activacion,1x192x28x28,0.492154
39,0,imagen.jpeg,54,depthwise_conv,1x192x28x28,0.374896
39,0,imagen.jpeg,55,batchnorm,1x192x14x14,0.035293
39,0,imagen.jpeg,56,activacion,1x192x14x14,0.110466
39,0,imagen.jpeg,57,pointwise_conv,1x192x14x14,1.385665
39,0,imagen.jpeg,58,batchnorm,1x64x14x14,0.012476
39,0,imagen.jpeg,59,pointwise_conv,1x64x14x14,2.704054
39,0,imagen.jpeg,60,batchnorm,1x384x14x14,0.066682
39,0,imagen.jpeg,61,activacion,1x384x14x14,0.212837
39,0,imagen.jpeg,62,depthwise_conv,1x384x14x14,0.766508
39,0,imagen.jpeg,63,batchnorm,1x384x14x14,0.0661
39,0,imagen.jpeg,64,activacion,1x384x14x14,0.26867
39,0,imagen.jpeg,65,pointwise_conv,1x384x14x14,2.676251
39,0,imagen.jpeg,66,batchnorm,1x64x14x14,0.013608
39,0,imagen.jpeg,67,layer_add,1x64x14x14,0.006355
39,0,imagen.jpeg,68,pointwise_conv,1x64x14x14,2.687109
39,0,imagen.jpeg,69,batchnorm,1x384x14x14,0.063822
39,0,imagen.jpeg,70,activacion,1x384x14x14,0.272703
39,0,imagen.jpeg,71,depthwise_conv,1x384x14x14,0.752933
39,0,imagen.jpeg,72,batchnorm,1x384x14x14,0.097525
39,0,imagen.jpeg,73,activacion,1x384x14x14,0.243917
39,0,imagen.jpeg,74,pointwise_conv,1x384x14x14,2.784515
39,0,imagen.jpeg,75,batchnorm,1x64x14x14,0.012801
39,0,imagen.jpeg,76,layer_add,1x64x14x14,0.007464
39,0,imagen.jpeg,77,pointwise_conv,1x64x14x14,2.709104
39,0,imagen.jpeg,78,batchnorm,1x384x14x14,0.091042
39,0,imagen.jpeg,79,activacion,1x384x14x14,0.247486
39,0,imagen.jpeg,80,depthwise_conv,1x384x14x14,0.794358
39,0,imagen.jpeg,81,batchnorm,1x384x14x14,0.160651
39,0,imagen.jpeg,82,activacion,1x384x14x14,0.251565
39,0,imagen.jpeg,83,pointwise_conv,1x384x14x14,3.341783
39,0,imagen.jpeg,84,batchnorm,1x64x14x14,0.019268
39,0,imagen.jpeg,85,layer_add,1x64x14x14,0.007141
39,0,imagen.jpeg,86,pointwise_conv,1x64x14x14,2.876723
39,0,imagen.jpeg,87,batchnorm,1x384x14x14,0.070393
39,0,imagen.jpeg,88,activacion,1x384x14x14,0.268091
39,0,imagen.jpeg,89,depthwise_conv,1x384x14x14,0.771928
39,0,imagen.jpeg,90,batchnorm,1x384x14x14,0.067248
39,0,imagen.jpeg,91,activacion,1x384x14x14,0.252376
39,0,imagen.jpeg,92,pointwise_conv,1x384x14x14,3.955071
39,0,imagen.jpeg,93,batchnorm,1x96x14x14,0.016637
39,0,imagen.jpeg,94,pointwise_conv,1x96x14x14,5.990765
39,0,imagen.jpeg,95,batchnorm,1x576x14x14,0.111901
39,0,imagen.jpeg,96,activacion,1x576x14x14,0.392022
39,0,imagen.jpeg,97,depthwise_conv,1x576x14x14,1.150926
39,0,imagen.jpeg,98,batchnorm,1x576x14x14,0.214108
39,0,imagen.jpeg,99,activacion,1x576x14x14,0.350117
39,0,imagen.jpeg,100,pointwise_conv,1x576x14x14,6.360299
39,0,imagen.jpeg,101,batchnorm,1x96x14x14,0.019261
39,0,imagen.jpeg,102,layer_add,1x96x14x14,0.013297
39,0,imagen.jpeg,103,pointwise_conv,1x96x14x14,6.132255
39,0,imagen.jpeg,104,batchnorm,1x576x14x14,0.116711
39,0,imagen.jpeg,105,activacion,1x576x14x14,0.394867
39,0,imagen.jpeg,106,depthwise_conv,1x576x14x14,1.197974
39,0,imagen.jpeg,107,batchnorm,1x576x14x14,0.176662
39,0,imagen.jpeg,108,activacion,1x576x14x14,0.326436
39,0,imagen.jpeg,109,pointwise_conv,1x576x14x14,6.649075
39,0,imagen.jpeg,110,batchnorm,1x96x14x14,0.020982
39,0,imagen.jpeg,111,layer_add,1x96x14x14,0.010625
39,0,imagen.jpeg,112,pointwise_conv,1x96x14x14,6.542502
39,0,imagen.jpeg,113,batchnorm,1x576x14x14,0.114697
39,0,imagen.jpeg,114,activacion,1x576x14x14,0.344853
39,0,imagen.jpeg,115,depthwise_conv,1x576x14x14,0.289322
39,0,imagen.jpeg,116,batchnorm,1x576x7x7,0.032273
39,0,imagen.jpeg,117,activacion,1x576x7x7,0.07052
39,0,imagen.jpeg,118,pointwise_conv,1x576x7x7,2.577061
39,0,imagen.jpeg,119,batchnorm,1x160x7x7,0.007938
39,0,imagen.jpeg,120,pointwise_conv,1x160x7x7,4.501923
39,0,imagen.jpeg,121,batchnorm,1x960x7x7,0.048645
39,0,imagen.jpeg,122,activacion,1x960x7x7,0.157874
39,0,imagen.jpeg,123,depthwise_conv,1x960x7x7,0.447451
39,0,imagen.jpeg,124,batchnorm,1x960x7x7,0.045476
39,0,imagen.jpeg,125,activacion,1x960x7x7,0.147331
39,0,imagen.jpeg,126,pointwise_conv,1x960x7x7,4.10822
39,0,imagen.jpeg,127,batchnorm,1x160x7x7,0.007407
39,0,imagen.jpeg,128,layer_add,1x160x7x7,0.004304
39,0,imagen.jpeg,129,pointwise_conv,1x160x7x7,4.382138
39,0,imagen.jpeg,130,batchnorm,1x960x7x7,0.047253
39,0,imagen.jpeg,131,activacion,1x960x7x7,0.150706
39,0,imagen.jpeg,132,depthwise_conv,1x960x7x7,0.45194
39,0,imagen.jpeg,133,batchnorm,1x960x7x7,0.057013
39,0,imagen.jpeg,134,activacion,1x960x7x7,0.131356
39,0,imagen.jpeg,135,pointwise_conv,1x960x7x7,4.13565
39,0,imagen.jpeg,136,batchnorm,1x160x7x7,0.007356
39,0,imagen.jpeg,137,layer_add,1x160x7x7,0.00405
39,0,imagen.jpeg,138,pointwise_conv,1x160x7x7,4.255002
39,0,imagen.jpeg,139,batchnorm,1x960x7x7,0.046291
39,0,imagen.jpeg,140,activacion,1x960x7x7,0.136734
39,0,imagen.jpeg,141,depthwise_conv,1x960x7x7,0.457596
39,0,imagen.jpeg,142,batchnorm,1x960x7x7,0.047881
39,0,imagen.jpeg,143,activacion,1x960x7x7,0.096354
39,0,imagen.jpeg,144,pointwise_conv,1x960x7x7,8.161608
39,0,imagen.jpeg,145,batchnorm,1x320x7x7,0.014382
39,0,imagen.jpeg,146,pointwise_conv,1x320x7x7,11.291649
39,0,imagen.jpeg,147,batchnorm,1x1280x7x7,0.068016
39,0,imagen.jpeg,148,activacion,1x1280x7x7,0.202534
39,0,imagen.jpeg,149,pooling,1x1280x7x7,0.042994
39,0,imagen.jpeg,150,linear,1x1280,1.75766
40,0,imagen.jpeg,0,conv2d,1x3x224x224,12.567693
40,0,imagen.jpeg,1,batchnorm,1x32x112x112,0.435173
40,0,imagen.jpeg,2,activacion,1x32x112x112,0.661016
40,0,imagen.jpeg,3,depthwise_conv,1x32x112x112,3.994744
40,0,imagen.jpeg,4,batchnorm,1x32x112x112,2.333817
40,0,imagen.jpeg,5,activacion,1x32x112x112,0.765168
40,0,imagen.jpeg,6,pointwise_conv,1x32x112x112,3.859254
40,0,imagen.jpeg,7,batchnorm,1x16x112x112,0.183954
40,0,imagen.jpeg,8,pointwise_conv,1x16x112x112,11.967518
40,0,imagen.jpeg,9,batchnorm,1x96x112x112,2.061569
40,0,imagen.jpeg,10,activacion,1x96x112x112,3.53064
40,0,imagen.jpeg,11,depthwise_conv,1x96x112x112,3.447695
40,0,imagen.jpeg,12,batchnorm,1x96x56x56,0.279955
40,0,imagen.jpeg,13,activacion,1x96x56x56,1.045778
40,0,imagen.jpeg,14,pointwise_conv,1x96x56x56,3.946116
40,0,imagen.jpeg,15,batchnorm,1x24x56x56,0.063165
40,0,imagen.jpeg,16,pointwise_conv,1x24x56x56,6.774655
40,0,imagen.jpeg,17,batchnorm,1x144x56x56,0.904643
40,0,imagen.jpeg,18,activacion,1x144x56x56,1.315799
40,0,imagen.jpeg,19,depthwise_conv,1x144x56x56,4.502188
40,0,imagen.jpeg,20,batchnorm,1x144x56x56,0.869175
40,0,imagen.jpeg,21,activacion,1x144x56x56,1.626607
40,0,imagen.jpeg,22,pointwise_conv,1x144x56x56,5.704986
40,0,imagen.jpeg,23,batchnorm,1x24x56x56,0.062614
40,0,imagen.jpeg,24,layer_add,1x24x56x56,0.044818
40,0,imagen.jpeg,25,pointwise_conv,1x24x56x56,5.775785
40,0,imagen.jpeg,26,batchnorm,1x144x56x56,0.409347
40,0,imagen.jpeg,27,activacion,1x144x56x56,1.471582
40,0,imagen.jpeg,28,depthwise_conv,1x144x56x56,1.095737
40,0,imagen.jpeg,29,batchnorm,1x144x28x28,0.096391
40,0,imagen.jpeg,30,activacion,1x144x28x28,0.339991
40,0,imagen.jpeg,31,pointwise_conv,1x144x28x28,1.98008
40,0,imagen.jpeg,32,batchnorm,1x32x28x28,0.027722
40,0,imagen.jpeg,33,pointwise_conv,1x32x28x28,2.675723
40,0,imagen.jpeg,34,batchnorm,1x192x28x28,0.137245
40,0,imagen.jpeg,35,activacion,1x192x28x28,0.459609
40,0,imagen.jpeg,36,depthwise_conv,1x192x28x28,1.488129
40,0,imagen.jpeg,37,batchnorm,1x192x28x28,0.137417
40,0,imagen.jpeg,38,activacion,1x192x28x28,0.528234
40,0,imagen.jpeg,39,pointwise_conv,1x192x28x28,2.776712
40,0,imagen.jpeg,40,batchnorm,1x32x28x28,0.021021
40,0,imagen.jpeg,41,layer_add,1x32x28x28,0.015055
40,0,imagen.jpeg,42,pointwise_conv,1x32x28x28,2.654438
40,0,imagen.jpeg,43,batchnorm,1x192x28x28,0.124189
40,0,imagen.jpeg,44,activacion,1x192x28x28,0.41718
40,0,imagen.jpeg,45,depthwise_conv,1x192x28x28,1.485043
40,0,imagen.jpeg,46,batchnorm,1x192x28x28,0.137419
40,0,imagen.jpeg,47,activacion,1x192x28x28,0.487276
40,0,imagen.jpeg,48,pointwise_conv,1x192x28x28,2.759427
40,0,imagen.jpeg,49,batchnorm,1x32x28x28,0.022214
40,0,imagen.jpeg,50,layer_add,1x32x28x28,0.015959
40,0,imagen.jpeg,51,pointwise_conv,1x32x28x28,2.669258
40,0,imagen.jpeg,52,batchnorm,1x192x28x28,0.123817
40,0,imagen.jpeg,53,activacion,1x192x28x28,0.504435
40,0,imagen.jpeg,54,depthwise_conv,1x192x28x28,0.382219
40,0,imagen.jpeg,55,batchnorm,1x192x14x14,0.033887
40,0,imagen.jpeg,56,activacion,1x192x14x14,0.096844
40,0,imagen.jpeg,57,pointwise_conv,1x192x14x14,1.317322
40,0,imagen.jpeg,58,batchnorm,1x64x14x14,0.011467
40,0,imagen.jpeg,59,pointwise_conv,1x64x14x14,2.670934
40,0,imagen.jpeg,60,batchnorm,1x384x14x14,0.088515
40,0,imagen.jpeg,61,activacion,1x384x14x14,0.181295
40,0,imagen.jpeg,62,depthwise_conv,1x384x14x14,0.88394
40,0,imagen.jpeg,63,batchnorm,1x384x14x14,0.068841
40,0,imagen.jpeg,64,activacion,1x384x14x14,0.274438
40,0,imagen.jpeg,65,pointwise_conv,1x384x14x14,2.65608
40,0,imagen.jpeg,66,batchnorm,1x64x14x14,0.011001
40,0,imagen.jpeg,67,layer_add,1x64x14x14,0.006776
40,0,imagen.jpeg,68,pointwise_conv,1x64x14x14,2.659079
40,0,imagen.jpeg,69,batchnorm,1x384x14x14,0.08623
40,0,imagen.jpeg,70,activacion,1x384x14x14,0.358656
40,0,imagen.jpeg,71,depthwise_conv,1x384x14x14,0.750666
40,0,imagen.jpeg,72,batchnorm,1x384x14x14,0.099619
40,0,imagen.jpeg,73,activacion,1x384x14x14,0.24417
40,0,imagen.jpeg,74,pointwise_conv,1x384x14x14,2.777986
40,0,imagen.jpeg,75,batchnorm,1x64x14x14,0.012611
40,0,imagen.jpeg,76,layer_add,1x64x14x14,0.007406
40,0,imagen.jpeg,77,pointwise_conv,1x64x14x14,2.713007
40,0,imagen.jpeg,78,batchnorm,1x384x14x14,0.066734
40,0,imagen.jpeg,79,activacion,1x384x14x14,0.246069
40,0,imagen.jpeg,80,depthwise_conv,1x384x14x14,0.788237
40,0,imagen.jpeg,81,batchnorm,1x384x14x14,0.139712
40,0,imagen.jpeg,82,activacion,1x384x14x14,0.225804
40,0,imagen.jpeg,83,pointwise_conv,1x384x14x14,2.718792
40,0,imagen.jpeg,84,batchnorm,1x64x14x14,0.011031
40,0,imagen.jpeg,85,layer_add,1x64x14x14,0.005953
40,0,imagen.jpeg,86,pointwise_conv,1x64x14x14,2.71865
40,0,imagen.jpeg,87,batchnorm,1x384x14x14,0.064053
40,0,imagen.jpeg,88,activacion,1x384x14x14,0.245791
40,0,imagen.jpeg,89,depthwise_conv,1x384x14x14,0.790394
40,0,imagen.jpeg,90,batchnorm,1x384x14x14,0.065393
40,0,imagen.jpeg,91,activacion,1x384x14x14,0.240922
40,0,imagen.jpeg,92,pointwise_conv,1x384x14x14,3.971351
40,0,imagen.jpeg,93,batchnorm,1x96x14x14,0.032561
40,0,imagen.jpeg,94,pointwise_conv,1x96x14x14,6.478741
40,0,imagen.jpeg,95,batchnorm,1x576x14x14,0.106953
40,0,imagen.jpeg,96,activacion,1x576x14x14,0.384417
40,0,imagen.jpeg,97,depthwise_conv,1x576x14x14,1.137551
40,0,imagen.jpeg,98,batchnorm,1x576x14x14,0.164326
40,0,imagen.jpeg,99,activacion,1x576x14x14,0.313024
40,0,imagen.jpeg,100,pointwise_conv,1x576x14x14,6.153487
40,0,imagen.jpeg,101,batchnorm,1x96x14x14,0.019068
40,0,imagen.jpeg,102,layer_add,1x96x14x14,0.013893
40,0,imagen.jpeg,103,pointwise_conv,1x96x14x14,6.242931
40,0,imagen.jpeg,104,batchnorm,1x576x14x14,0.10488
40,0,imagen.jpeg,105,activacion,1x576x14x14,0.391677
40,0,imagen.jpeg,106,depthwise_conv,1x576x14x14,1.131778
40,0,imagen.jpeg,107,batchnorm,1x576x14x14,0.153476
40,0,imagen.jpeg,108,activacion,1x576x14x14,0.295518
40,0,imagen.jpeg,109,pointwise_conv,1x576x14x14,6.60577
40,0,imagen.jpeg,110,batchnorm,1x96x14x14,0.025087
40,0,imagen.jpeg,111,layer_add,1x96x14x14,0.011599
40,0,imagen.jpeg,112,pointwise_conv,1x96x14x14,6.210587
40,0,imagen.jpeg,113,batchnorm,1x576x14x14,0.123557
40,0,imagen.jpeg,114,activacion,1x576x14x14,0.339718
40,0,imagen.jpeg,115,depthwise_conv,1x576x14x14,0.272203
40,0,imagen.jpeg,116,batchnorm,1x576x7x7,0.0309
40,0,imagen.jpeg,117,activacion,1x576x7x7,0.066037
40,0,imagen.jpeg,118,pointwise_conv,1x576x7x7,2.461451
40,0,imagen.jpeg,119,batchnorm,1x160x7x7,0.00711
40,0,imagen.jpeg,120,pointwise_conv,1x160x7x7,4.108827
40,0,imagen.jpeg,121,batchnorm,1x960x7x7,0.042678
40,0,imagen.jpeg,122,activacion,1x960x7x7,0.145289
40,0,imagen.jpeg,123,depthwise_conv,1x960x7x7,0.449615
40,0,imagen.jpeg,124,batchnorm,1x960x7x7,0.055438
40,0,imagen.jpeg,125,activacion,1x960x7x7,0.138791
40,0,imagen.jpeg,126,pointwise_conv,1x960x7x7,4.069935
40,0,imagen.jpeg,127,batchnorm,1x160x7x7,0.007276
40,0,imagen.jpeg,128,layer_add,1x160x7x7,0.003991
40,0,imagen.jpeg,129,pointwise_conv,1x160x7x7,4.148254
40,0,imagen.jpeg,130,batchnorm,1x960x7x7,0.062453
40,0,imagen.jpeg,131,activacion,1x960x7x7,0.157537
40,0,imagen.jpeg,132,depthwise_conv,1x960x7x7,0.431271
40,0,imagen.jpeg,133,batchnorm,1x960x7x7,0.053786
40,0,imagen.jpeg,134,activacion,1x960x7x7,0.12536
40,0,imagen.jpeg,135,pointwise_conv,1x960x7x7,4.149499
40,0,imagen.jpeg,136,batchnorm,1x160x7x7,0.008245
40,0,imagen.jpeg,137,layer_add,1x160x7x7,0.00453
40,0,imagen.jpeg,138,pointwise_conv,1x160x7x7,4.094626
40,0,imagen.jpeg,139,batchnorm,1x960x7x7,0.042102
40,0,imagen.jpeg,140,activacion,1x960x7x7,0.111695
40,0,imagen.jpeg,141,depthwise_conv,1x960x7x7,0.436055
40,0,imagen.jpeg,142,batchnorm,1x960x7x7,0.046417
40,0,imagen.jpeg,143,activacion,1x960x7x7,0.08801
40,0,imagen.jpeg,144,pointwise_conv,1x960x7x7,7.918393
40,0,imagen.jpeg,145,batchnorm,1x320x7x7,0.01426
40,0,imagen.jpeg,146,pointwise_conv,1x320x7x7,11.000642
40,0,imagen.jpeg,147,batchnorm,1x1280x7x7,0.07189
40,0,imagen.jpeg,148,activacion,1x1280x7x7,0.18466
40,0,imagen.jpeg,149,pooling,1x1280x7x7,0.04659
40,0,imagen.jpeg,150,linear,1x1280,1.492953
41,0,imagen.jpeg,0,conv2d,1x3x224x224,13.869994
41,0,imagen.jpeg,1,batchnorm,1x32x112x112,0.688581
41,0,imagen.jpeg,2,activacion,1x32x112x112,1.030571
41,0,imagen.jpeg,3,depthwise_conv,1x32x112x112,4.586398
41,0,imagen.jpeg,4,batchnorm,1x32x112x112,2.347884
41,0,imagen.jpeg,5,activacion,1x32x112x112,0.755336
41,0,imagen.jpeg,6,pointwise_conv,1x32x112x112,3.887971
41,0,imagen.jpeg,7,batchnorm,1x16x112x112,0.185857
41,0,imagen.jpeg,8,pointwise_conv,1x16x112x112,12.045682
41,0,imagen.jpeg,9,batchnorm,1x96x112x112,2.116724
41,0,imagen.jpeg,10,activacion,1x96x112x112,3.467386
41,0,imagen.jpeg,11,depthwise_conv,1x96x112x112,3.187985
41,0,imagen.jpeg,12,batchnorm,1x96x56x56,0.28078
41,0,imagen.jpeg,13,activacion,1x96x56x56,1.018775
41,0,imagen.jpeg,14,pointwise_conv,1x96x56x56,4.070365
41,0,imagen.jpeg,15,batchnorm,1x24x56x56,0.078191
41,0,imagen.jpeg,16,pointwise_conv,1x24x56x56,6.921143
41,0,imagen.jpeg,17,batchnorm,1x144x56x56,0.981137
41,0,imagen.jpeg,18,activacion,1x144x56x56,1.332654
41,0,imagen.jpeg,19,depthwise_conv,1x144x56x56,4.512777
41,0,imagen.jpeg,20,batchnorm,1x144x56x56,0.950009
41,0,imagen.jpeg,21,activacion,1x144x56x56,1.64539
41,0,imagen.jpeg,22,pointwise_conv,1x144x56x56,6.458476
41,0,imagen.jpeg,23,batchnorm,1x24x56x56,0.067908
41,0,imagen.jpeg,24,layer_add,1x24x56x56,0.044476
41,0,imagen.jpeg,25,pointwise_conv,1x24x56x56,6.042096
41,0,imagen.jpeg,26,batchnorm,1x144x56x56,0.454766
41,0,imagen.jpeg,27,activacion,1x144x56x56,1.502094
41,0,imagen.jpeg,28,depthwise_conv,1x144x56x56,1.13545
41,0,imagen.jpeg,29,batchnorm,1x144x28x28,0.094865
41,0,imagen.jpeg,30,activacion,1x144x28x28,0.343466
41,0,imagen.jpeg,31,pointwise_conv,1x144x28x28,2.125185
41,0,imagen.jpeg,32,batchnorm,1x32x28x28,0.020978
41,0,imagen.jpeg,33,pointwise_conv,1x32x28x28,2.656179
41,0,imagen.jpeg,34,batchnorm,1x192x28x28,0.141875
41,0,imagen.jpeg,35,activacion,1x192x28x28,0.367377
41,0,imagen.jpeg,36,depthwise_conv,1x192x28x28,1.492613
41,0,imagen.jpeg,37,batchnorm,1x192x28x28,0.16721
41,0,imagen.jpeg,38,activacion,1x192x28x28,0.518241
41,0,imagen.jpeg,39,pointwise_conv,1x192x28x28,2.752462
41,0,imagen.jpeg,40,batchnorm,1x32x28x28,0.021251
41,0,imagen.jpeg,41,layer_add,1x32x28x28,0.012914
41,0,imagen.jpeg,42,pointwise_conv,1x32x28x28,2.667391
41,0,imagen.jpeg,43,batchnorm,1x192x28x28,0.126054
41,0,imagen.jpeg,44,activacion,1x192x28x28,0.419574
41,0,imagen.jpeg,45,depthwise_conv,1x192x28x28,1.463705
41,0,imagen.jpeg,46,batchnorm,1x192x28x28,0.124469
41,0,imagen.jpeg,47,activacion,1x192x28x28,0.500852
41,0,imagen.jpeg,48,pointwise_conv,1x192x28x28,2.758164
41,0,imagen.jpeg,49,batchnorm,1x32x28x28,0.022167
41,0,imagen.jpeg,50,layer_add,1x32x28x28,0.013717
41,0,imagen.jpeg,51,pointwise_conv,1x32x28x28,2.700044
41,0,imagen.jpeg,52,batchnorm,1x192x28x28,0.154876
41,0,imagen.jpeg,53,activacion,1x192x28x28,0.484916
41,0,imagen.jpeg,54,depthwise_conv,1x192x28x28,0.377274
41,0,imagen.jpeg,55,batchnorm,1x192x14x14,0.036322
41,0,imagen.jpeg,56,activacion,1x192x14x14,0.095714
41,0,imagen.jpeg,57,pointwise_conv,1x192x14x14,1.39046
41,0,imagen.jpeg,58,batchnorm,1x64x14x14,0.017027
41,0,imagen.jpeg,59,pointwise_conv,1x64x14x14,2.749189
41,0,imagen.jpeg,60,batchnorm,1x384x14x14,0.098917
41,0,imagen.jpeg,61,activacion,1x384x14x14,0.239481
41,0,imagen.jpeg,62,depthwise_conv,1x384x14x14,0.778597
41,0,imagen.jpeg,63,batchnorm,1x384x14x14,0.066484
41,0,imagen.jpeg,64,activacion,1x384x14x14,0.267609
41,0,imagen.jpeg,65,pointwise_conv,1x384x14x14,2.675873
41,0,imagen.jpeg,66,batchnorm,1x64x14x14,0.011106
41,0,imagen.jpeg,67,layer_add,1x64x14x14,0.006798
41,0,imagen.jpeg,68,pointwise_conv,1x64x14x14,3.171469
41,0,imagen.jpeg,69,batchnorm,1x384x14x14,0.078017
41,0,imagen.jpeg,70,activacion,1x384x14x14,0.250827
41,0,imagen.jpeg,71,depthwise_conv,1x384x14x14,0.794366
41,0,imagen.jpeg,72,batchnorm,1x384x14x14,0.106062
41,0,imagen.jpeg,73,activacion,1x384x14x14,0.259038
41,0,imagen.jpeg,74,pointwise_conv,1x384x14x14,2.860342
41,0,imagen.jpeg,75,batchnorm,1x64x14x14,0.011766
41,0,imagen.jpeg,76,layer_add,1x64x14x14,0.007276
41,0,imagen.jpeg,77,pointwise_conv,1x64x14x14,2.776103
41,0,imagen.jpeg,78,batchnorm,1x384x14x14,0.067772
41,0,imagen.jpeg,79,activacion,1x384x14x14,0.254968
41,0,imagen.jpeg,80,depthwise_conv,1x384x14x14,0.772455
41,0,imagen.jpeg,81,batchnorm,1x384x14x14,0.145247
41,0,imagen.jpeg,82,activacion,1x384x14x14,0.234421
41,0,imagen.jpeg,83,pointwise_conv,1x384x14x14,2.738053
41,0,imagen.jpeg,84,batchnorm,1x64x14x14,0.011228
41,0,imagen.jpeg,85,layer_add,1x64x14x14,0.006208
41,0,imagen.jpeg,86,pointwise_conv,1x64x14x14,2.727165
41,0,imagen.jpeg,87,batchnorm,1x384x14x14,0.063697
41,0,imagen.jpeg,88,activacion,1x384x14x14,0.283583
41,0,imagen.jpeg,89,depthwise_conv,1x384x14x14,0.757958
41,0,imagen.jpeg,90,batchnorm,1x384x14x14,0.065398
41,0,imagen.jpeg,91,activacion,1x384x14x14,0.269239
41,0,imagen.jpeg,92,pointwise_conv,1x384x14x14,4.238147
41,0,imagen.jpeg,93,batchnorm,1x96x14x14,0.017219
41,0,imagen.jpeg,94,pointwise_conv,1x96x14x14,6.354254
41,0,imagen.jpeg,95,batchnorm,1x576x14x14,0.116774
41,0,imagen.jpeg,96,activacion,1x576x14x14,0.364236
41,0,imagen.jpeg,97,depthwise_conv,1x576x14x14,1.241523
41,0,imagen.jpeg,98,batchnorm,1x576x14x14,0.180647
41,0,imagen.jpeg,99,activacion,1x576x14x14,0.362739
41,0,imagen.jpeg,100,pointwise_conv,1x576x14x14,6.106884
41,0,imagen.jpeg,101,batchnorm,1x96x14x14,0.016323
41,0,imagen.jpeg,102,layer_add,1x96x14x14,0.013925
41,0,imagen.jpeg,103,pointwise_conv,1x96x14x14,6.499391
41,0,imagen.jpeg,104,batchnorm,1x576x14x14,0.123407
41,0,imagen.jpeg,105,activacion,1x576x14x14,0.378964
41,0,imagen.jpeg,106,depthwise_conv,1x576x14x14,1.241974
41,0,imagen.jpeg,107,batchnorm,1x576x14x14,0.16971
41,0,imagen.jpeg,108,activacion,1x576x14x14,0.318122
41,0,imagen.jpeg,109,pointwise_conv,1x576x14x14,6.231008
41,0,imagen.jpeg,110,batchnorm,1x96x14x14,0.016638
41,0,imagen.jpeg,111,layer_add,1x96x14x14,0.009954
41,0,imagen.jpeg,112,pointwise_conv,1x96x14x14,6.351972
41,0,imagen.jpeg,113,batchnorm,1x576x14x14,0.139074
41,0,imagen.jpeg,114,activacion,1x576x14x14,0.309725
41,0,imagen.jpeg,115,depthwise_conv,1x576x14x14,0.260086
41,0,imagen.jpeg,116,batchnorm,1x576x7x7,0.029989
41,0,imagen.jpeg,117,activacion,1x576x7x7,0.065283
41,0,imagen.jpeg,118,pointwise_conv,1x576x7x7,2.739034
41,0,imagen.jpeg,119,batchnorm,1x160x7x7,0.007967
41,0,imagen.jpeg,120,pointwise_conv,1x160x7x7,4.097104
41,0,imagen.jpeg,121,batchnorm,1x960x7x7,0.044427
41,0,imagen.jpeg,122,activacion,1x960x7x7,0.164536
41,0,imagen.jpeg,123,depthwise_conv,1x960x7x7,0.727886
41,0,imagen.jpeg,124,batchnorm,1x960x7x7,0.050663
41,0,imagen.jpeg,125,activacion,1x960x7x7,0.141052
41,0,imagen.jpeg,126,pointwise_conv,1x960x7x7,4.430516
41,0,imagen.jpeg,127,batchnorm,1x160x7x7,0.007672
41,0,imagen.jpeg,128,layer_add,1x160x7x7,0.004298
41,0,imagen.jpeg,129,pointwise_conv,1x160x7x7,4.166005
41,0,imagen.jpeg,130,batchnorm,1x960x7x7,0.043424
41,0,imagen.jpeg,131,activacion,1x960x7x7,0.139131
41,0,imagen.jpeg,132,depthwise_conv,1x960x7x7,0.469793
41,0,imagen.jpeg,133,batchnorm,1x960x7x7,0.054995
41,0,imagen.jpeg,134,activacion,1x960x7x7,0.124489
41,0,imagen.jpeg,135,pointwise_conv,1x960x7x7,4.11471
41,0,imagen.jpeg,136,batchnorm,1x160x7x7,0.007192
41,0,imagen.jpeg,137,layer_add,1x160x7x7,0.004106
41,0,imagen.jpeg,138,pointwise_conv,1x160x7x7,4.236978
41,0,imagen.jpeg,139,batchnorm,1x960x7x7,0.043527
41,0,imagen.jpeg,140,activacion,1x960x7x7,0.127533
41,0,imagen.jpeg,141,depthwise_conv,1x960x7x7,0.462982
41,0,imagen.jpeg,142,batchnorm,1x960x7x7,0.047924
41,0,imagen.jpeg,143,activacion,1x960x7x7,0.092877
41,0,imagen.jpeg,144,pointwise_conv,1x960x7x7,8.072285
41,0,imagen.jpeg,145,batchnorm,1x320x7x7,0.01513
41,0,imagen.jpeg,146,pointwise_conv,1x320x7x7,10.424874
41,0,imagen.jpeg,147,batchnorm,1x1280x7x7,0.060171
41,0,imagen.jpeg,148,activacion,1x1280x7x7,0.176382
41,0,imagen.jpeg,149,pooling,1x1280x7x7,0.037846
41,0,imagen.jpeg,150,linear,1x1280,1.362114
42,0,imagen.jpeg,0,conv2d,1x3x224x224,12.129897
42,0,imagen.jpeg,1,batchnorm,1x32x112x112,0.43606
42,0,imagen.jpeg,2,activacion,1x32x112x112,0.646512
42,0,imagen.jpeg,3,depthwise_conv,1x32x112x112,3.952837
42,0,imagen.jpeg,4,batchnorm,1x32x112x112,2.297703
42,0,imagen.jpeg,5,activacion,1x32x112x112,0.752229
42,0,imagen.jpeg,6,pointwise_conv,1x32x112x112,3.579743
42,0,imagen.jpeg,7,batchnorm,1x16x112x112,0.17568
42,0,imagen.jpeg,8,pointwise_conv,1x16x112x112,11.362272
42,0,imagen.jpeg,9,batchnorm,1x96x112x112,2.403774
42,0,imagen.jpeg,10,activacion,1x96x112x112,3.411285
42,0,imagen.jpeg,11,depthwise_conv,1x96x112x112,3.057093
42,0,imagen.jpeg,12,batchnorm,1x96x56x56,0.267204
42,0,imagen.jpeg,13,activacion,1x96x56x56,0.981486
42,0,imagen.jpeg,14,pointwise_conv,1x96x56x56,3.904581
42,0,imagen.jpeg,15,batchnorm,1x24x56x56,0.062215
42,0,imagen.jpeg,16,pointwise_conv,1x24x56x56,6.544638
42,0,imagen.jpeg,17,batchnorm,1x144x56x56,0.875271
42,0,imagen.jpeg,18,activacion,1x144x56x56,1.266901
42,0,imagen.jpeg,19,depthwise_conv,1x144x56x56,4.496522
42,0,imagen.jpeg,20,batchnorm,1x144x56x56,0.965657
42,0,imagen.jpeg,21,activacion,1x144x56x56,1.620279
42,0,imagen.jpeg,22,pointwise_conv,1x144x56x56,6.136786
42,0,imagen.jpeg,23,batchnorm,1x24x56x56,0.068571
42,0,imagen.jpeg,24,layer_add,1x24x56x56,0.04326
42,0,imagen.jpeg,25,pointwise_conv,1x24x56x56,6.081928
42,0,imagen.jpeg,26,batchnorm,1x144x56x56,0.448096
42,0,imagen.jpeg,27,activacion,1x144x56x56,1.583023
42,0,imagen.jpeg,28,depthwise_conv,1x144x56x56,1.150802
42,0,imagen.jpeg,29,batchnorm,1x144x28x28,0.101706
42,0,imagen.jpeg,30,activacion,1x144x28x28,0.349169
42,0,imagen.jpeg,31,pointwise_conv,1x144x28x28,1.976816
42,0,imagen.jpeg,32,batchnorm,1x32x28x28,0.021012
42,0,imagen.jpeg,33,pointwise_conv,1x32x28x28,2.831862
42,0,imagen.jpeg,34,batchnorm,1x192x28x28,0.172514
42,0,imagen.jpeg,35,activacion,1x192x28x28,0.402572
42,0,imagen.jpeg,36,depthwise_conv,1x192x28x28,1.547759
42,0,imagen.jpeg,37,batchnorm,1x192x28x28,0.131575
42,0,imagen.jpeg,38,activacion,1x192x28x28,0.529784
42,0,imagen.jpeg,39,pointwise_conv,1x192x28x28,2.617757
42,0,imagen.jpeg,40,batchnorm,1x32x28x28,0.021134
42,0,imagen.jpeg,41,layer_add,1x32x28x28,0.014075
42,0,imagen.jpeg,42,pointwise_conv,1x32x28x28,2.705447
42,0,imagen.jpeg,43,batchnorm,1x192x28x28,0.13537
42,0,imagen.jpeg,44,activacion,1x192x28x28,0.443079
42,0,imagen.jpeg,45,depthwise_conv,1x192x28x28,1.489096
42,0,imagen.jpeg,46,batchnorm,1x192x28x28,0.131094
42,0,imagen.jpeg,47,activacion,1x192x28x28,0.510781
42,0,imagen.jpeg,48,pointwise_conv,1x192x28x28,2.605566
42,0,imagen.jpeg,49,batchnorm,1x32x28x28,0.020917
42,0,imagen.jpeg,50,layer_add,1x32x28x28,0.012752
42,0,imagen.jpeg,51,pointwise_conv,1x32x28x28,2.631439
42,0,imagen.jpeg,52,batchnorm,1x192x28x28,0.122262
42,0,imagen.jpeg,53,activacion,1x192x28x28,0.4892
42,0,imagen.jpeg,54,depthwise_conv,1x192x28x28,0.379363
42,0,imagen.jpeg,55,batchnorm,1x192x14x14,0.033545
42,0,imagen.jpeg,56,activacion,1x192x14x14,0.095875
42,0,imagen.jpeg,57,pointwise_conv,1x192x14x14,1.406025
42,0,imagen.jpeg,58,batchnorm,1x64x14x14,0.016544
42,0,imagen.jpeg,59,pointwise_conv,1x64x14x14,2.734221
42,0,imagen.jpeg,60,batchnorm,1x384x14x14,0.067176
42,0,imagen.jpeg,61,activacion,1x384x14x14,0.185778
42,0,imagen.jpeg,62,depthwise_conv,1x384x14x14,0.998993
42,0,imagen.jpeg,63,batchnorm,1x384x14x14,0.074284
42,0,imagen.jpeg,64,activacion,1x384x14x14,0.283189
42,0,imagen.jpeg,65,pointwise_conv,1x384x14x14,2.728635
42,0,imagen.jpeg,66,batchnorm,1x64x14x14,0.011321
42,0,imagen.jpeg,67,layer_add,1x64x14x14,0.006752
42,0,imagen.jpeg,68,pointwise_conv,1x64x14x14,2.700003
42,0,imagen.jpeg,69,batchnorm,1x384x14x14,0.066818
42,0,imagen.jpeg,70,activacion,1x384x14x14,0.229376
42,0,imagen.jpeg,71,depthwise_conv,1x384x14x14,0.763148
42,0,imagen.jpeg,72,batchnorm,1x384x14x14,0.095168
42,0,imagen.jpeg,73,activacion,1x384x14x14,0.260945
42,0,imagen.jpeg,74,pointwise_conv,1x384x14x14,2.746425
42,0,imagen.jpeg,75,batchnorm,1x64x14x14,0.012969
42,0,imagen.jpeg,76,layer_add,1x64x14x14,0.007633
42,0,imagen.jpeg,77,pointwise_conv,1x64x14x14,2.762558
42,0,imagen.jpeg,78,batchnorm,1x384x14x14,0.069582
42,0,imagen.jpeg,79,activacion,1x384x14x14,0.268291
42,0,imagen.jpeg,80,depthwise_conv,1x384x14x14,0.770496
42,0,imagen.jpeg,81,batchnorm,1x384x14x14,0.143243
42,0,imagen.jpeg,82,activacion,1x384x14x14,0.231431
42,0,imagen.jpeg,83,pointwise_conv,1x384x14x14,2.761193
42,0,imagen.jpeg,84,batchnorm,1x64x14x14,0.011338
42,0,imagen.jpeg,85,layer_add,1x64x14x14,0.007078
42,0,imagen.jpeg,86,pointwise_conv,1x64x14x14,2.700217
42,0,imagen.jpeg,87,batchnorm,1x384x14x14,0.065566
42,0,imagen.jpeg,88,activacion,1x384x14x14,0.246853
42,0,imagen.jpeg,89,depthwise_conv,1x384x14x14,0.748854
42,0,imagen.jpeg,90,batchnorm,1x384x14x14,0.065387
42,0,imagen.jpeg,91,activacion,1x384x14x14,0.237255
42,0,imagen.jpeg,92,pointwise_conv,1x384x14x14,4.316047
42,0,imagen.jpeg,93,batchnorm,1x96x14x14,0.017508
42,0,imagen.jpeg,94,pointwise_conv,1x96x14x14,6.289205
42,0,imagen.jpeg,95,batchnorm,1x576x14x14,0.104871
42,0,imagen.jpeg,96,activacion,1x576x14x14,0.359915
42,0,imagen.jpeg,97,depthwise_conv,1x576x14x14,1.151696
42,0,imagen.jpeg,98,batchnorm,1x576x14x14,0.17714
42,0,imagen.jpeg,99,activacion,1x576x14x14,0.335136
42,0,imagen.jpeg,100,pointwise_conv,1x576x14x14,6.023654
42,0,imagen.jpeg,101,batchnorm,1x96x14x14,0.02997
42,0,imagen.jpeg,102,layer_add,1x96x14x14,0.012367
42,0,imagen.jpeg,103,pointwise_conv,1x96x14x14,6.354546
42,0,imagen.jpeg,104,batchnorm,1x576x14x14,0.153336
42,0,imagen.jpeg,105,activacion,1x576x14x14,0.394164
42,0,imagen.jpeg,106,depthwise_conv,1x576x14x14,1.135875
42,0,imagen.jpeg,107,batchnorm,1x576x14x14,0.231925
42,0,imagen.jpeg,108,activacion,1x576x14x14,0.343102
42,0,imagen.jpeg,109,pointwise_conv,1x576x14x14,6.086477
42,0,imagen.jpeg,110,batchnorm,1x96x14x14,0.016526
42,0,imagen.jpeg,111,layer_add,1x96x14x14,0.009763
42,0,imagen.jpeg,112,pointwise_conv,1x96x14x14,6.132626
42,0,imagen.jpeg,113,batchnorm,1x576x14x14,0.107514
42,0,imagen.jpeg,114,activacion,1x576x14x14,0.314646
42,0,imagen.jpeg,115,depthwise_conv,1x576x14x14,0.27835
42,0,imagen.jpeg,116,batchnorm,1x576x7x7,0.029775
42,0,imagen.jpeg,117,activacion,1x576x7x7,0.064892
42,0,imagen.jpeg,118,pointwise_conv,1x576x7x7,2.481276
42,0,imagen.jpeg,119,batchnorm,1x160x7x7,0.008395
42,0,imagen.jpeg,120,pointwise_conv,1x160x7x7,4.127215
42,0,imagen.jpeg,121,batchnorm,1x960x7x7,0.043525
42,0,imagen.jpeg,122,activacion,1x960x7x7,0.145888
42,0,imagen.jpeg,123,depthwise_conv,1x960x7x7,0.439956
42,0,imagen.jpeg,124,batchnorm,1x960x7x7,0.043506
42,0,imagen.jpeg,125,activacion,1x960x7x7,0.14325
42,0,imagen.jpeg,126,pointwise_conv,1x960x7x7,3.947588
42,0,imagen.jpeg,127,batchnorm,1x160x7x7,0.007142
42,0,imagen.jpeg,128,layer_add,1x160x7x7,0.003802
42,0,imagen.jpeg,129,pointwise_conv,1x160x7x7,3.877016
42,0,imagen.jpeg,130,batchnorm,1x960x7x7,0.042664
42,0,imagen.jpeg,131,activacion,1x960x7x7,0.149525
42,0,imagen.jpeg,132,depthwise_conv,1x960x7x7,0.402632
42,0,imagen.jpeg,133,batchnorm,1x960x7x7,0.05099
42,0,imagen.jpeg,134,activacion,1x960x7x7,0.118626
42,0,imagen.jpeg,135,pointwise_conv,1x960x7x7,4.047751
42,0,imagen.jpeg,136,batchnorm,1x160x7x7,0.007156
42,0,imagen.jpeg,137,layer_add,1x160x7x7,0.003602
42,0,imagen.jpeg,138,pointwise_conv,1x160x7x7,3.934487
42,0,imagen.jpeg,139,batchnorm,1x960x7x7,0.041354
42,0,imagen.jpeg,140,activacion,1x960x7x7,0.111463
42,0,imagen.jpeg,141,depthwise_conv,1x960x7x7,0.449095
42,0,imagen.jpeg,142,batchnorm,1x960x7x7,0.045793
42,0,imagen.jpeg,143,activacion,1x960x7x7,0.0859
42,0,imagen.jpeg,144,pointwise_conv,1x960x7x7,8.034719
42,0,imagen.jpeg,145,batchnorm,1x320x7x7,0.015171
42,0,imagen.jpeg,146,pointwise_conv,1x320x7x7,10.750909
42,0,imagen.jpeg,147,batchnorm,1x1280x7x7,0.061308
42,0,imagen.jpeg,148,activacion,1x1280x7x7,0.182914
42,0,imagen.jpeg,149,pooling,1x1280x7x7,0.04146
42,0,imagen.jpeg,150,linear,1x1280,1.39425
43,0,imagen.jpeg,0,conv2d,1x3x224x224,12.011716
43,0,imagen.jpeg,1,batchnorm,1x32x112x112,0.427955
43,0,imagen.jpeg,2,activacion,1x32x112x112,0.672787
43,0,imagen.jpeg,3,depthwise_conv,1x32x112x112,3.9471
43,0,imagen.jpeg,4,batchnorm,1x32x112x112,2.217091
43,0,imagen.jpeg,5,activacion,1x32x112x112,0.691271
43,0,imagen.jpeg,6,pointwise_conv,1x32x112x112,3.353172
43,0,imagen.jpeg,7,batchnorm,1x16x112x112,0.166999
43,0,imagen.jpeg,8,pointwise_conv,1x16x112x112,11.461447
43,0,imagen.jpeg,9,batchnorm,1x96x112x112,2.026504
43,0,imagen.jpeg,10,activacion,1x96x112x112,3.486731
43,0,imagen.jpeg,11,depthwise_conv,1x96x112x112,3.920741
43,0,imagen.jpeg,12,batchnorm,1x96x56x56,0.434916
43,0,imagen.jpeg,13,activacion,1x96x56x56,1.195527
43,0,imagen.jpeg,14,pointwise_conv,1x96x56x56,7.240382
43,0,imagen.jpeg,15,batchnorm,1x24x56x56,0.074589
43,0,imagen.jpeg,16,pointwise_conv,1x24x56x56,6.93958
43,0,imagen.jpeg,17,batchnorm,1x144x56x56,0.925394
43,0,imagen.jpeg,18,activacion,1x144x56x56,1.354824
43,0,imagen.jpeg,19,depthwise_conv,1x144x56x56,4.955576
43,0,imagen.jpeg,20,batchnorm,1x144x56x56,0.927195
43,0,imagen.jpeg,21,activacion,1x144x56x56,1.753235
43,0,imagen.jpeg,22,pointwise_conv,1x144x56x56,6.399011
43,0,imagen.jpeg,23,batchnorm,1x24x56x56,0.074338
43,0,imagen.jpeg,24,layer_add,1x24x56x56,0.042879
43,0,imagen.jpeg,25,pointwise_conv,1x24x56x56,6.574483
43,0,imagen.jpeg,26,batchnorm,1x144x56x56,0.503497
43,0,imagen.jpeg,27,activacion,1x144x56x56,1.681654
43,0,imagen.jpeg,28,depthwise_conv,1x144x56x56,1.246368
43,0,imagen.jpeg,29,batchnorm,1x144x28x28,0.10515
43,0,imagen.jpeg,30,activacion,1x144x28x28,0.361321
43,0,imagen.jpeg,31,pointwise_conv,1x144x28x28,2.089033
43,0,imagen.jpeg,32,batchnorm,1x32x28x28,0.022161
43,0,imagen.jpeg,33,pointwise_conv,1x32x28x28,2.791758
43,0,imagen.jpeg,34,batchnorm,1x192x28x28,0.136542
43,0,imagen.jpeg,35,activacion,1x192x28x28,0.396799
43,0,imagen.jpeg,36,depthwise_conv,1x192x28x28,1.53775
43,0,imagen.jpeg,37,batchnorm,1x192x28x28,0.143179
43,0,imagen.jpeg,38,activacion,1x192x28x28,0.549299
43,0,imagen.jpeg,39,pointwise_conv,1x192x28x28,2.859503
43,0,imagen.jpeg,40,batchnorm,1x32x28x28,0.03161
43,0,imagen.jpeg,41,layer_add,1x32x28x28,0.018497
43,0,imagen.jpeg,42,pointwise_conv,1x32x28x28,2.73092
43,0,imagen.jpeg,43,batchnorm,1x192x28x28,0.132274
43,0,imagen.jpeg,44,activacion,1x192x28x28,0.429178
43,0,imagen.jpeg,45,depthwise_conv,1x192x28x28,1.509197
43,0,imagen.jpeg,46,batchnorm,1x192x28x28,0.127228
43,0,imagen.jpeg,47,activacion,1x192x28x28,0.507475
43,0,imagen.jpeg,48,pointwise_conv,1x192x28x28,2.725345
43,0,imagen.jpeg,49,batchnorm,1x32x28x28,0.02267
43,0,imagen.jpeg,50,layer_add,1x32x28x28,0.014663
43,0,imagen.jpeg,51,pointwise_conv,1x32x28x28,4.793328
43,0,imagen.jpeg,52,batchnorm,1x192x28x28,0.168808
43,0,imagen.jpeg,53,activacion,1x192x28x28,0.639762
43,0,imagen.jpeg,54,depthwise_conv,1x192x28x28,0.45512
43,0,imagen.jpeg,55,batchnorm,1x192x14x14,0.0351
43,0,imagen.jpeg,56,activacion,1x192x14x14,0.101962
43,0,imagen.jpeg,57,pointwise_conv,1x192x14x14,1.398739
43,0,imagen.jpeg,58,batchnorm,1x64x14x14,0.01442
43,0,imagen.jpeg,59,pointwise_conv,1x64x14x14,2.790619
43,0,imagen.jpeg,60,batchnorm,1x384x14x14,0.082012
43,0,imagen.jpeg,61,activacion,1x384x14x14,0.190789
43,0,imagen.jpeg,62,depthwise_conv,1x384x14x14,0.76829
43,0,imagen.jpeg,63,batchnorm,1x384x14x14,0.072866
43,0,imagen.jpeg,64,activacion,1x384x14x14,0.275855
43,0,imagen.jpeg,65,pointwise_conv,1x384x14x14,2.854186
43,0,imagen.jpeg,66,batchnorm,1x64x14x14,0.011935
43,0,imagen.jpeg,67,layer_add,1x64x14x14,0.007074
43,0,imagen.jpeg,68,pointwise_conv,1x64x14x14,2.783826
43,0,imagen.jpeg,69,batchnorm,1x384x14x14,0.085769
43,0,imagen.jpeg,70,activacion,1x384x14x14,0.236222
43,0,imagen.jpeg,71,depthwise_conv,1x384x14x14,0.823391
43,0,imagen.jpeg,72,batchnorm,1x384x14x14,0.115001
43,0,imagen.jpeg,73,activacion,1x384x14x14,0.263834
43,0,imagen.jpeg,74,pointwise_conv,1x384x14x14,2.767284
43,0,imagen.jpeg,75,batchnorm,1x64x14x14,0.0116
43,0,imagen.jpeg,76,layer_add,1x64x14x14,0.006607
43,0,imagen.jpeg,77,pointwise_conv,1x64x14x14,2.884471
43,0,imagen.jpeg,78,batchnorm,1x384x14x14,0.075104
43,0,imagen.jpeg,79,activacion,1x384x14x14,0.269396
43,0,imagen.jpeg,80,depthwise_conv,1x384x14x14,0.794055
43,0,imagen.jpeg,81,batchnorm,1x384x14x14,0.146693
43,0,imagen.jpeg,82,activacion,1x384x14x14,0.238872
43,0,imagen.jpeg,83,pointwise_conv,1x384x14x14,2.757063
43,0,imagen.jpeg,84,batchnorm,1x64x14x14,0.011384
43,0,imagen.jpeg,85,layer_add,1x64x14x14,0.006334
43,0,imagen.jpeg,86,pointwise_conv,1x64x14x14,2.710149
43,0,imagen.jpeg,87,batchnorm,1x384x14x14,0.06354
43,0,imagen.jpeg,88,activacion,1x384x14x14,0.246927
43,0,imagen.jpeg,89,depthwise_conv,1x384x14x14,0.747933
43,0,imagen.jpeg,90,batchnorm,1x384x14x14,0.065346
43,0,imagen.jpeg,91,activacion,1x384x14x14,0.237623
43,0,imagen.jpeg,92,pointwise_conv,1x384x14x14,5.938894
43,0,imagen.jpeg,93,batchnorm,1x96x14x14,0.018284
43,0,imagen.jpeg,94,pointwise_conv,1x96x14x14,6.424922
43,0,imagen.jpeg,95,batchnorm,1x576x14x14,0.1047
43,0,imagen.jpeg,96,activacion,1x576x14x14,0.378093
43,0,imagen.jpeg,97,depthwise_conv,1x576x14x14,1.130756
43,0,imagen.jpeg,98,batchnorm,1x576x14x14,0.187353
43,0,imagen.jpeg,99,activacion,1x576x14x14,0.33544
43,0,imagen.jpeg,100,pointwise_conv,1x576x14x14,6.299037
43,0,imagen.jpeg,101,batchnorm,1x96x14x14,0.017315
43,0,imagen.jpeg,102,layer_add,1x96x14x14,0.012946
43,0,imagen.jpeg,103,pointwise_conv,1x96x14x14,6.227505
43,0,imagen.jpeg,104,batchnorm,1x576x14x14,0.147708
43,0,imagen.jpeg,105,activacion,1x576x14x14,0.401478
43,0,imagen.jpeg,106,depthwise_conv,1x576x14x14,1.13873
43,0,imagen.jpeg,107,batchnorm,1x576x14x14,0.153957
43,0,imagen.jpeg,108,activacion,1x576x14x14,0.295474
43,0,imagen.jpeg,109,pointwise_conv,1x576x14x14,6.198288
43,0,imagen.jpeg,110,batchnorm,1x96x14x14,0.018614
43,0,imagen.jpeg,111,layer_add,1x96x14x14,0.010952
43,0,imagen.jpeg,112,pointwise_conv,1x96x14x14,6.234275
43,0,imagen.jpeg,113,batchnorm,1x576x14x14,0.104935
43,0,imagen.jpeg,114,activacion,1x576x14x14,0.30711
43,0,imagen.jpeg,115,depthwise_conv,1x576x14x14,0.298406
43,0,imagen.jpeg,116,batchnorm,1x576x7x7,0.029982
43,0,imagen.jpeg,117,activacion,1x576x7x7,0.080578
43,0,imagen.jpeg,118,pointwise_conv,1x576x7x7,2.451729
43,0,imagen.jpeg,119,batchnorm,1x160x7x7,0.007228
43,0,imagen.jpeg,120,pointwise_conv,1x160x7x7,4.312044
43,0,imagen.jpeg,121,batchnorm,1x960x7x7,0.071659
43,0,imagen.jpeg,122,activacion,1x960x7x7,0.149286
43,0,imagen.jpeg,123,depthwise_conv,1x960x7x7,0.430239
43,0,imagen.jpeg,124,batchnorm,1x960x7x7,0.043393
43,0,imagen.jpeg,125,activacion,1x960x7x7,0.139256
43,0,imagen.jpeg,126,pointwise_conv,1x960x7x7,4.125728
43,0,imagen.jpeg,127,batchnorm,1x160x7x7,0.007538
43,0,imagen.jpeg,128,layer_add,1x160x7x7,0.004086
43,0,imagen.jpeg,129,pointwise_conv,1x160x7x7,4.348852
43,0,imagen.jpeg,130,batchnorm,1x960x7x7,0.055608
43,0,imagen.jpeg,131,activacion,1x960x7x7,0.146681
43,0,imagen.jpeg,132,depthwise_conv,1x960x7x7,0.520027
43,0,imagen.jpeg,133,batchnorm,1x960x7x7,0.081151
43,0,imagen.jpeg,134,activacion,1x960x7x7,0.133669
43,0,imagen.jpeg,135,pointwise_conv,1x960x7x7,4.916208
43,0,imagen.jpeg,136,batchnorm,1x160x7x7,0.008588
43,0,imagen.jpeg,137,layer_add,1x160x7x7,0.004564
43,0,imagen.jpeg,138,pointwise_conv,1x160x7x7,4.058904
43,0,imagen.jpeg,139,batchnorm,1x960x7x7,0.042891
43,0,imagen.jpeg,140,activacion,1x960x7x7,0.114166
43,0,imagen.jpeg,141,depthwise_conv,1x960x7x7,0.43421
43,0,imagen.jpeg,142,batchnorm,1x960x7x7,0.046412
43,0,imagen.jpeg,143,activacion,1x960x7x7,0.091687
43,0,imagen.jpeg,144,pointwise_conv,1x960x7x7,8.261073
43,0,imagen.jpeg,145,batchnorm,1x320x7x7,0.015078
43,0,imagen.jpeg,146,pointwise_conv,1x320x7x7,11.142891
43,0,imagen.jpeg,147,batchnorm,1x1280x7x7,0.068224
43,0,imagen.jpeg,148,activacion,1x1280x7x7,0.183375
43,0,imagen.jpeg,149,pooling,1x1280x7x7,0.046578
43,0,imagen.jpeg,150,linear,1x1280,1.472889
44,0,imagen.jpeg,0,conv2d,1x3x224x224,14.464199
44,0,imagen.jpeg,1,batchnorm,1x32x112x112,0.429045
44,0,imagen.jpeg,2,activacion,1x32x112x112,0.658962
44,0,imagen.jpeg,3,depthwise_conv,1x32x112x112,4.264247
44,0,imagen.jpeg,4,batchnorm,1x32x112x112,2.384572
44,0,imagen.jpeg,5,activacion,1x32x112x112,0.749918
44,0,imagen.jpeg,6,pointwise_conv,1x32x112x112,3.947747
44,0,imagen.jpeg,7,batchnorm,1x16x112x112,0.190401
44,0,imagen.jpeg,8,pointwise_conv,1x16x112x112,11.41559
44,0,imagen.jpeg,9,batchnorm,1x96x112x112,2.18241
44,0,imagen.jpeg,10,activacion,1x96x112x112,3.810644
44,0,imagen.jpeg,11,depthwise_conv,1x96x112x112,3.166152
44,0,imagen.jpeg,12,batchnorm,1x96x56x56,0.274051
44,0,imagen.jpeg,13,activacion,1x96x56x56,1.0045
44,0,imagen.jpeg,14,pointwise_conv,1x96x56x56,3.947547
44,0,imagen.jpeg,15,batchnorm,1x24x56x56,0.062642
44,0,imagen.jpeg,16,pointwise_conv,1x24x56x56,6.766683
44,0,imagen.jpeg,17,batchnorm,1x144x56x56,0.890413
44,0,imagen.jpeg,18,activacion,1x144x56x56,1.304315
44,0,imagen.jpeg,19,depthwise_conv,1x144x56x56,4.658614
44,0,imagen.jpeg,20,batchnorm,1x144x56x56,0.93268
44,0,imagen.jpeg,21,activacion,1x144x56x56,1.604315
44,0,imagen.jpeg,22,pointwise_conv,1x144x56x56,6.292468
44,0,imagen.jpeg,23,batchnorm,1x24x56x56,0.07101
44,0,imagen.jpeg,24,layer_add,1x24x56x56,0.045741
44,0,imagen.jpeg,25,pointwise_conv,1x24x56x56,5.98347
44,0,imagen.jpeg,26,batchnorm,1x144x56x56,0.449243
44,0,imagen.jpeg,27,activacion,1x144x56x56,1.533755
44,0,imagen.jpeg,28,depthwise_conv,1x144x56x56,1.236866
44,0,imagen.jpeg,29,batchnorm,1x144x28x28,0.113592
44,0,imagen.jpeg,30,activacion,1x144x28x28,0.362074
44,0,imagen.jpeg,31,pointwise_conv,1x144x28x28,2.022015
44,0,imagen.jpeg,32,batchnorm,1x32x28x28,0.022166
44,0,imagen.jpeg,33,pointwise_conv,1x32x28x28,2.79769
44,0,imagen.jpeg,34,batchnorm,1x192x28x28,0.143843
44,0,imagen.jpeg,35,activacion,1x192x28x28,0.39451
44,0,imagen.jpeg,36,depthwise_conv,1x192x28x28,1.529768
44,0,imagen.jpeg,37,batchnorm,1x192x28x28,0.130012
44,0,imagen.jpeg,38,activacion,1x192x28x28,0.556199
44,0,imagen.jpeg,39,pointwise_conv,1x192x28x28,2.680395
44,0,imagen.jpeg,40,batchnorm,1x32x28x28,0.021682
44,0,imagen.jpeg,41,layer_add,1x32x28x28,0.013621
44,0,imagen.jpeg,42,pointwise_conv,1x32x28x28,2.696263
44,0,imagen.jpeg,43,batchnorm,1x192x28x28,0.125862
44,0,imagen.jpeg,44,activacion,1x192x28x28,0.457897
44,0,imagen.jpeg,45,depthwise_conv,1x192x28x28,1.518065
44,0,imagen.jpeg,46,batchnorm,1x192x28x28,0.129825
44,0,imagen.jpeg,47,activacion,1x192x28x28,0.514969
44,0,imagen.jpeg,48,pointwise_conv,1x192x28x28,2.614868
44,0,imagen.jpeg,49,batchnorm,1x32x28x28,0.020509
44,0,imagen.jpeg,50,layer_add,1x32x28x28,0.012713
44,0,imagen.jpeg,51,pointwise_conv,1x32x28x28,2.799893
44,0,imagen.jpeg,52,batchnorm,1x192x28x28,0.148326
44,0,imagen.jpeg,53,activacion,1x192x28x28,0.517973
44,0,imagen.jpeg,54,depthwise_conv,1x192x28x28,0.453982
44,0,imagen.jpeg,55,batchnorm,1x192x14x14,0.036548
44,0,imagen.jpeg,56,activacion,1x192x14x14,0.10516
44,0,imagen.jpeg,57,pointwise_conv,1x192x14x14,1.48913
44,0,imagen.jpeg,58,batchnorm,1x64x14x14,0.012605
44,0,imagen.jpeg,59,pointwise_conv,1x64x14x14,2.796998
44,0,imagen.jpeg,60,batchnorm,1x384x14x14,0.067806
44,0,imagen.jpeg,61,activacion,1x384x14x14,0.192081
44,0,imagen.jpeg,62,depthwise_conv,1x384x14x14,0.768139
44,0,imagen.jpeg,63,batchnorm,1x384x14x14,0.067444
44,0,imagen.jpeg,64,activacion,1x384x14x14,0.268513
44,0,imagen.jpeg,65,pointwise_conv,1x384x14x14,2.80932
44,0,imagen.jpeg,66,batchnorm,1x64x14x14,0.011698
44,0,imagen.jpeg,67,layer_add,1x64x14x14,0.006759
44,0,imagen.jpeg,68,pointwise_conv,1x64x14x14,2.871756
44,0,imagen.jpeg,69,batchnorm,1x384x14x14,0.075167
44,0,imagen.jpeg,70,activacion,1x384x14x14,0.253515
44,0,imagen.jpeg,71,depthwise_conv,1x384x14x14,0.78859
44,0,imagen.jpeg,72,batchnorm,1x384x14x14,0.106244
44,0,imagen.jpeg,73,activacion,1x384x14x14,0.260271
44,0,imagen.jpeg,74,pointwise_conv,1x384x14x14,2.792437
44,0,imagen.jpeg,75,batchnorm,1x64x14x14,0.012295
44,0,imagen.jpeg,76,layer_add,1x64x14x14,0.007246
44,0,imagen.jpeg,77,pointwise_conv,1x64x14x14,2.774608
44,0,imagen.jpeg,78,batchnorm,1x384x14x14,0.067954
44,0,imagen.jpeg,79,activacion,1x384x14x14,0.27174
44,0,imagen.jpeg,80,depthwise_conv,1x384x14x14,0.766879
44,0,imagen.jpeg,81,batchnorm,1x384x14x14,0.157666
44,0,imagen.jpeg,82,activacion,1x384x14x14,0.236895
44,0,imagen.jpeg,83,pointwise_conv,1x384x14x14,2.76012
44,0,imagen.jpeg,84,batchnorm,1x64x14x14,0.011297
44,0,imagen.jpeg,85,layer_add,1x64x14x14,0.005964
44,0,imagen.jpeg,86,pointwise_conv,1x64x14x14,2.956035
44,0,imagen.jpeg,87,batchnorm,1x384x14x14,0.068452
44,0,imagen.jpeg,88,activacion,1x384x14x14,0.24708
44,0,imagen.jpeg,89,depthwise_conv,1x384x14x14,0.789231
44,0,imagen.jpeg,90,batchnorm,1x384x14x14,0.065539
44,0,imagen.jpeg,91,activacion,1x384x14x14,0.239172
44,0,imagen.jpeg,92,pointwise_conv,1x384x14x14,4.139166
44,0,imagen.jpeg,93,batchnorm,1x96x14x14,0.017397
44,0,imagen.jpeg,94,pointwise_conv,1x96x14x14,5.99775
44,0,imagen.jpeg,95,batchnorm,1x576x14x14,0.101936
44,0,imagen.jpeg,96,activacion,1x576x14x14,0.356824
44,0,imagen.jpeg,97,depthwise_conv,1x576x14x14,1.163586
44,0,imagen.jpeg,98,batchnorm,1x576x14x14,0.175289
44,0,imagen.jpeg,99,activacion,1x576x14x14,0.357284
44,0,imagen.jpeg,100,pointwise_conv,1x576x14x14,6.133473
44,0,imagen.jpeg,101,batchnorm,1x96x14x14,0.016764
44,0,imagen.jpeg,102,layer_add,1x96x14x14,0.013335
44,0,imagen.jpeg,103,pointwise_conv,1x96x14x14,6.277964
44,0,imagen.jpeg,104,batchnorm,1x576x14x14,0.106774
44,0,imagen.jpeg,105,activacion,1x576x14x14,0.36349
44,0,imagen.jpeg,106,depthwise_conv,1x576x14x14,1.149687
44,0,imagen.jpeg,107,batchnorm,1x576x14x14,0.164458
44,0,imagen.jpeg,108,activacion,1x576x14x14,0.313192
44,0,imagen.jpeg,109,pointwise_conv,1x576x14x14,6.204077
44,0,imagen.jpeg,110,batchnorm,1x96x14x14,0.017152
44,0,imagen.jpeg,111,layer_add,1x96x14x14,0.011335
44,0,imagen.jpeg,112,pointwise_conv,1x96x14x14,6.120887
44,0,imagen.jpeg,113,batchnorm,1x576x14x14,0.115071
44,0,imagen.jpeg,114,activacion,1x576x14x14,0.325347
44,0,imagen.jpeg,115,depthwise_conv,1x576x14x14,0.267582
44,0,imagen.jpeg,116,batchnorm,1x576x7x7,0.029849
44,0,imagen.jpeg,117,activacion,1x576x7x7,0.065512
44,0,imagen.jpeg,118,pointwise_conv,1x576x7x7,2.446674
44,0,imagen.jpeg,119,batchnorm,1x160x7x7,0.00725
44,0,imagen.jpeg,120,pointwise_conv,1x160x7x7,4.293224
44,0,imagen.jpeg,121,batchnorm,1x960x7x7,0.044552
44,0,imagen.jpeg,122,activacion,1x960x7x7,0.151664
44,0,imagen.jpeg,123,depthwise_conv,1x960x7x7,0.438588
44,0,imagen.jpeg,124,batchnorm,1x960x7x7,0.047279
44,0,imagen.jpeg,125,activacion,1x960x7x7,0.150393
44,0,imagen.jpeg,126,pointwise_conv,1x960x7x7,4.112754
44,0,imagen.jpeg,127,batchnorm,1x160x7x7,0.007543
44,0,imagen.jpeg,128,layer_add,1x160x7x7,0.004481
44,0,imagen.jpeg,129,pointwise_conv,1x160x7x7,4.348002
44,0,imagen.jpeg,130,batchnorm,1x960x7x7,0.064236
44,0,imagen.jpeg,131,activacion,1x960x7x7,0.142765
44,0,imagen.jpeg,132,depthwise_conv,1x960x7x7,0.430412
44,0,imagen.jpeg,133,batchnorm,1x960x7x7,0.053907
44,0,imagen.jpeg,134,activacion,1x960x7x7,0.124567
44,0,imagen.jpeg,135,pointwise_conv,1x960x7x7,4.223467
44,0,imagen.jpeg,136,batchnorm,1x160x7x7,0.007991
44,0,imagen.jpeg,137,layer_add,1x160x7x7,0.020232
44,0,imagen.jpeg,138,pointwise_conv,1x160x7x7,6.313135
44,0,imagen.jpeg,139,batchnorm,1x960x7x7,0.053051
44,0,imagen.jpeg,140,activacion,1x960x7x7,0.129252
44,0,imagen.jpeg,141,depthwise_conv,1x960x7x7,0.459869
44,0,imagen.jpeg,142,batchnorm,1x960x7x7,0.050902
44,0,imagen.jpeg,143,activacion,1x960x7x7,0.093184
44,0,imagen.jpeg,144,pointwise_conv,1x960x7x7,8.375169
44,0,imagen.jpeg,145,batchnorm,1x320x7x7,0.01623
44,0,imagen.jpeg,146,pointwise_conv,1x320x7x7,11.901798
44,0,imagen.jpeg,147,batchnorm,1x1280x7x7,0.063461
44,0,imagen.jpeg,148,activacion,1x1280x7x7,0.18846
44,0,imagen.jpeg,149,pooling,1x1280x7x7,0.039879
44,0,imagen.jpeg,150,linear,1x1280,1.468655
45,0,imagen.jpeg,0,conv2d,1x3x224x224,14.51069
45,0,imagen.jpeg,1,batchnorm,1x32x112x112,0.410235
45,0,imagen.jpeg,2,activacion,1x32x112x112,0.665082
45,0,imagen.jpeg,3,depthwise_conv,1x32x112x112,3.970761
45,0,imagen.jpeg,4,batchnorm,1x32x112x112,2.395906
45,0,imagen.jpeg,5,activacion,1x32x112x112,0.755395
45,0,imagen.jpeg,6,pointwise_conv,1x32x112x112,3.689611
45,0,imagen.jpeg,7,batchnorm,1x16x112x112,0.176941
45,0,imagen.jpeg,8,pointwise_conv,1x16x112x112,12.771169
45,0,imagen.jpeg,9,batchnorm,1x96x112x112,3.160796
45,0,imagen.jpeg,10,activacion,1x96x112x112,3.774846
45,0,imagen.jpeg,11,depthwise_conv,1x96x112x112,3.341576
45,0,imagen.jpeg,12,batchnorm,1x96x56x56,0.287895
45,0,imagen.jpeg,13,activacion,1x96x56x56,1.071514
45,0,imagen.jpeg,14,pointwise_conv,1x96x56x56,4.367234
45,0,imagen.jpeg,15,batchnorm,1x24x56x56,0.071959
45,0,imagen.jpeg,16,pointwise_conv,1x24x56x56,6.889938
45,0,imagen.jpeg,17,batchnorm,1x144x56x56,0.890526
45,0,imagen.jpeg,18,activacion,1x144x56x56,1.332674
45,0,imagen.jpeg,19,depthwise_conv,1x144x56x56,4.511892
45,0,imagen.jpeg,20,batchnorm,1x144x56x56,1.09705
45,0,imagen.jpeg,21,activacion,1x144x56x56,1.720409
45,0,imagen.jpeg,22,pointwise_conv,1x144x56x56,5.928871
45,0,imagen.jpeg,23,batchnorm,1x24x56x56,0.06443
45,0,imagen.jpeg,24,layer_add,1x24x56x56,0.046162
45,0,imagen.jpeg,25,pointwise_conv,1x24x56x56,6.254605
45,0,imagen.jpeg,26,batchnorm,1x144x56x56,0.468568
45,0,imagen.jpeg,27,activacion,1x144x56x56,1.566341
45,0,imagen.jpeg,28,depthwise_conv,1x144x56x56,1.254169
45,0,imagen.jpeg,29,batchnorm,1x144x28x28,0.10306
45,0,imagen.jpeg,30,activacion,1x144x28x28,0.363267
45,0,imagen.jpeg,31,pointwise_conv,1x144x28x28,2.024848
45,0,imagen.jpeg,32,batchnorm,1x32x28x28,0.021664
45,0,imagen.jpeg,33,pointwise_conv,1x32x28x28,2.727455
45,0,imagen.jpeg,34,batchnorm,1x192x28x28,0.129812
45,0,imagen.jpeg,35,activacion,1x192x28x28,0.373379
45,0,imagen.jpeg,36,depthwise_conv,1x192x28x28,1.500657
45,0,imagen.jpeg,37,batchnorm,1x192x28x28,0.154412
45,0,imagen.jpeg,38,activacion,1x192x28x28,0.533483
45,0,imagen.jpeg,39,pointwise_conv,1x192x28x28,2.669916
45,0,imagen.jpeg,40,batchnorm,1x32x28x28,0.021981
45,0,imagen.jpeg,41,layer_add,1x32x28x28,0.013192
45,0,imagen.jpeg,42,pointwise_conv,1x32x28x28,2.712831
45,0,imagen.jpeg,43,batchnorm,1x192x28x28,0.12867
45,0,imagen.jpeg,44,activacion,1x192x28x28,0.443323
45,0,imagen.jpeg,45,depthwise_conv,1x192x28x28,1.650547
45,0,imagen.jpeg,46,batchnorm,1x192x28x28,0.163972
45,0,imagen.jpeg,47,activacion,1x192x28x28,0.528639
45,0,imagen.jpeg,48,pointwise_conv,1x192x28x28,2.676128
45,0,imagen.jpeg,49,batchnorm,1x32x28x28,0.021687
45,0,imagen.jpeg,50,layer_add,1x32x28x28,0.013374
45,0,imagen.jpeg,51,pointwise_conv,1x32x28x28,2.657607
45,0,imagen.jpeg,52,batchnorm,1x192x28x28,0.124099
45,0,imagen.jpeg,53,activacion,1x192x28x28,0.507586
45,0,imagen.jpeg,54,depthwise_conv,1x192x28x28,0.3802
45,0,imagen.jpeg,55,batchnorm,1x192x14x14,0.032941
45,0,imagen.jpeg,56,activacion,1x192x14x14,0.096356
45,0,imagen.jpeg,57,pointwise_conv,1x192x14x14,1.377679
45,0,imagen.jpeg,58,batchnorm,1x64x14x14,0.011916
45,0,imagen.jpeg,59,pointwise_conv,1x64x14x14,2.720355
45,0,imagen.jpeg,60,batchnorm,1x384x14x14,0.064725
45,0,imagen.jpeg,61,activacion,1x384x14x14,0.223155
45,0,imagen.jpeg,62,depthwise_conv,1x384x14x14,0.753938
45,0,imagen.jpeg,63,batchnorm,1x384x14x14,0.065961
45,0,imagen.jpeg,64,activacion,1x384x14x14,0.265606
45,0,imagen.jpeg,65,pointwise_conv,1x384x14x14,2.778884
45,0,imagen.jpeg,66,batchnorm,1x64x14x14,0.016378
45,0,imagen.jpeg,67,layer_add,1x64x14x14,0.008814
45,0,imagen.jpeg,68,pointwise_conv,1x64x14x14,3.141248
45,0,imagen.jpeg,69,batchnorm,1x384x14x14,0.070733
45,0,imagen.jpeg,70,activacion,1x384x14x14,0.234061
45,0,imagen.jpeg,71,depthwise_conv,1x384x14x14,0.773963
45,0,imagen.jpeg,72,batchnorm,1x384x14x14,0.098482
45,0,imagen.jpeg,73,activacion,1x384x14x14,0.254871
45,0,imagen.jpeg,74,pointwise_conv,1x384x14x14,2.744024
45,0,imagen.jpeg,75,batchnorm,1x64x14x14,0.011007
45,0,imagen.jpeg,76,layer_add,1x64x14x14,0.006251
45,0,imagen.jpeg,77,pointwise_conv,1x64x14x14,4.331226
45,0,imagen.jpeg,78,batchnorm,1x384x14x14,0.127395
45,0,imagen.jpeg,79,activacion,1x384x14x14,0.306613
45,0,imagen.jpeg,80,depthwise_conv,1x384x14x14,0.797925
45,0,imagen.jpeg,81,batchnorm,1x384x14x14,0.149654
45,0,imagen.jpeg,82,activacion,1x384x14x14,0.240467
45,0,imagen.jpeg,83,pointwise_conv,1x384x14x14,2.856845
45,0,imagen.jpeg,84,batchnorm,1x64x14x14,0.012396
45,0,imagen.jpeg,85,layer_add,1x64x14x14,0.007017
45,0,imagen.jpeg,86,pointwise_conv,1x64x14x14,2.70513
45,0,imagen.jpeg,87,batchnorm,1x384x14x14,0.105746
45,0,imagen.jpeg,88,activacion,1x384x14x14,0.247147
45,0,imagen.jpeg,89,depthwise_conv,1x384x14x14,0.770273
45,0,imagen.jpeg,90,batchnorm,1x384x14x14,0.066151
45,0,imagen.jpeg,91,activacion,1x384x14x14,0.258349
45,0,imagen.jpeg,92,pointwise_conv,1x384x14x14,4.161309
45,0,imagen.jpeg,93,batchnorm,1x96x14x14,0.017321
45,0,imagen.jpeg,94,pointwise_conv,1x96x14x14,6.459528
45,0,imagen.jpeg,95,batchnorm,1x576x14x14,0.103614
45,0,imagen.jpeg,96,activacion,1x576x14x14,0.372593
45,0,imagen.jpeg,97,depthwise_conv,1x576x14x14,1.419779
45,0,imagen.jpeg,98,batchnorm,1x576x14x14,0.187498
45,0,imagen.jpeg,99,activacion,1x576x14x14,0.345412
45,0,imagen.jpeg,100,pointwise_conv,1x576x14x14,6.235938
45,0,imagen.jpeg,101,batchnorm,1x96x14x14,0.017424
45,0,imagen.jpeg,102,layer_add,1x96x14x14,0.012987
45,0,imagen.jpeg,103,pointwise_conv,1x96x14x14,6.327952
45,0,imagen.jpeg,104,batchnorm,1x576x14x14,0.110596
45,0,imagen.jpeg,105,activacion,1x576x14x14,0.368725
45,0,imagen.jpeg,106,depthwise_conv,1x576x14x14,1.197694
45,0,imagen.jpeg,107,batchnorm,1x576x14x14,0.220574
45,0,imagen.jpeg,108,activacion,1x576x14x14,0.381225
45,0,imagen.jpeg,109,pointwise_conv,1x576x14x14,8.526519
45,0,imagen.jpeg,110,batchnorm,1x96x14x14,0.020548
45,0,imagen.jpeg,111,layer_add,1x96x14x14,0.01149
45,0,imagen.jpeg,112,pointwise_conv,1x96x14x14,6.920519
45,0,imagen.jpeg,113,batchnorm,1x576x14x14,0.128786
45,0,imagen.jpeg,114,activacion,1x576x14x14,0.393266
45,0,imagen.jpeg,115,depthwise_conv,1x576x14x14,0.377222
45,0,imagen.jpeg,116,batchnorm,1x576x7x7,0.036744
45,0,imagen.jpeg,117,activacion,1x576x7x7,0.074544
45,0,imagen.jpeg,118,pointwise_conv,1x576x7x7,2.915559
45,0,imagen.jpeg,119,batchnorm,1x160x7x7,0.012944
45,0,imagen.jpeg,120,pointwise_conv,1x160x7x7,4.738132
45,0,imagen.jpeg,121,batchnorm,1x960x7x7,0.05313
45,0,imagen.jpeg,122,activacion,1x960x7x7,0.179821
45,0,imagen.jpeg,123,depthwise_conv,1x960x7x7,0.78145
45,0,imagen.jpeg,124,batchnorm,1x960x7x7,0.076153
45,0,imagen.jpeg,125,activacion,1x960x7x7,0.179821
45,0,imagen.jpeg,126,pointwise_conv,1x960x7x7,5.047655
45,0,imagen.jpeg,127,batchnorm,1x160x7x7,0.009596
45,0,imagen.jpeg,128,layer_add,1x160x7x7,0.005375
45,0,imagen.jpeg,129,pointwise_conv,1x160x7x7,5.228175
45,0,imagen.jpeg,130,batchnorm,1x960x7x7,0.053702
45,0,imagen.jpeg,131,activacion,1x960x7x7,0.164799
45,0,imagen.jpeg,132,depthwise_conv,1x960x7x7,0.495353
45,0,imagen.jpeg,133,batchnorm,1x960x7x7,0.063949
45,0,imagen.jpeg,134,activacion,1x960x7x7,0.142794
45,0,imagen.jpeg,135,pointwise_conv,1x960x7x7,4.704428
45,0,imagen.jpeg,136,batchnorm,1x160x7x7,0.010004
45,0,imagen.jpeg,137,layer_add,1x160x7x7,0.004658
45,0,imagen.jpeg,138,pointwise_conv,1x160x7x7,4.6547
45,0,imagen.jpeg,139,batchnorm,1x960x7x7,0.052388
45,0,imagen.jpeg,140,activacion,1x960x7x7,0.132635
45,0,imagen.jpeg,141,depthwise_conv,1x960x7x7,0.484518
45,0,imagen.jpeg,142,batchnorm,1x960x7x7,0.05458
45,0,imagen.jpeg,143,activacion,1x960x7x7,0.104922
45,0,imagen.jpeg,144,pointwise_conv,1x960x7x7,9.512537
45,0,imagen.jpeg,145,batchnorm,1x320x7x7,0.018179
45,0,imagen.jpeg,146,pointwise_conv,1x320x7x7,12.790539
45,0,imagen.jpeg,147,batchnorm,1x1280x7x7,0.071043
45,0,imagen.jpeg,148,activacion,1x1280x7x7,0.211436
45,0,imagen.jpeg,149,pooling,1x1280x7x7,0.050851
45,0,imagen.jpeg,150,linear,1x1280,1.587344
46,0,imagen.jpeg,0,conv2d,1x3x224x224,14.211068
46,0,imagen.jpeg,1,batchnorm,1x32x112x112,0.498389
46,0,imagen.jpeg,2,activacion,1x32x112x112,0.742944
46,0,imagen.jpeg,3,depthwise_conv,1x32x112x112,4.629195
46,0,imagen.jpeg,4,batchnorm,1x32x112x112,2.627453
46,0,imagen.jpeg,5,activacion,1x32x112x112,0.845205
46,0,imagen.jpeg,6,pointwise_conv,1x32x112x112,4.153714
46,0,imagen.jpeg,7,batchnorm,1x16x112x112,0.214627
46,0,imagen.jpeg,8,pointwise_conv,1x16x112x112,13.38542
46,0,imagen.jpeg,9,batchnorm,1x96x112x112,2.295515
46,0,imagen.jpeg,10,activacion,1x96x112x112,3.954064
46,0,imagen.jpeg,11,depthwise_conv,1x96x112x112,3.615178
46,0,imagen.jpeg,12,batchnorm,1x96x56x56,0.348404
46,0,imagen.jpeg,13,activacion,1x96x56x56,1.237965
46,0,imagen.jpeg,14,pointwise_conv,1x96x56x56,4.575152
46,0,imagen.jpeg,15,batchnorm,1x24x56x56,0.079213
46,0,imagen.jpeg,16,pointwise_conv,1x24x56x56,7.403694
46,0,imagen.jpeg,17,batchnorm,1x144x56x56,0.985885
46,0,imagen.jpeg,18,activacion,1x144x56x56,1.42705
46,0,imagen.jpeg,19,depthwise_conv,1x144x56x56,5.190786
46,0,imagen.jpeg,20,batchnorm,1x144x56x56,0.994792
46,0,imagen.jpeg,21,activacion,1x144x56x56,1.800317
46,0,imagen.jpeg,22,pointwise_conv,1x144x56x56,6.798515
46,0,imagen.jpeg,23,batchnorm,1x24x56x56,0.080875
46,0,imagen.jpeg,24,layer_add,1x24x56x56,0.049883
46,0,imagen.jpeg,25,pointwise_conv,1x24x56x56,6.996795
46,0,imagen.jpeg,26,batchnorm,1x144x56x56,0.49175
46,0,imagen.jpeg,27,activacion,1x144x56x56,1.720363
46,0,imagen.jpeg,28,depthwise_conv,1x144x56x56,1.287501
46,0,imagen.jpeg,29,batchnorm,1x144x28x28,0.119248
46,0,imagen.jpeg,30,activacion,1x144x28x28,0.39224
46,0,imagen.jpeg,31,pointwise_conv,1x144x28x28,2.266228
46,0,imagen.jpeg,32,batchnorm,1x32x28x28,0.027694
46,0,imagen.jpeg,33,pointwise_conv,1x32x28x28,3.041937
46,0,imagen.jpeg,34,batchnorm,1x192x28x28,0.165716
46,0,imagen.jpeg,35,activacion,1x192x28x28,0.437575
46,0,imagen.jpeg,36,depthwise_conv,1x192x28x28,1.682877
46,0,imagen.jpeg,37,batchnorm,1x192x28x28,0.16245
46,0,imagen.jpeg,38,activacion,1x192x28x28,0.594778
46,0,imagen.jpeg,39,pointwise_conv,1x192x28x28,3.196333
46,0,imagen.jpeg,40,batchnorm,1x32x28x28,0.026205
46,0,imagen.jpeg,41,layer_add,1x32x28x28,0.015552
46,0,imagen.jpeg,42,pointwise_conv,1x32x28x28,3.00949
46,0,imagen.jpeg,43,batchnorm,1x192x28x28,0.156187
46,0,imagen.jpeg,44,activacion,1x192x28x28,0.504973
46,0,imagen.jpeg,45,depthwise_conv,1x192x28x28,1.673536
46,0,imagen.jpeg,46,batchnorm,1x192x28x28,0.160459
46,0,imagen.jpeg,47,activacion,1x192x28x28,0.577134
46,0,imagen.jpeg,48,pointwise_conv,1x192x28x28,2.960225
46,0,imagen.jpeg,49,batchnorm,1x32x28x28,0.030274
46,0,imagen.jpeg,50,layer_add,1x32x28x28,0.018514
46,0,imagen.jpeg,51,pointwise_conv,1x32x28x28,3.248619
46,0,imagen.jpeg,52,batchnorm,1x192x28x28,0.176309
46,0,imagen.jpeg,53,activacion,1x192x28x28,0.569588
46,0,imagen.jpeg,54,depthwise_conv,1x192x28x28,0.433518
46,0,imagen.jpeg,55,batchnorm,1x192x14x14,0.039162
46,0,imagen.jpeg,56,activacion,1x192x14x14,0.114533
46,0,imagen.jpeg,57,pointwise_conv,1x192x14x14,1.592283
46,0,imagen.jpeg,58,batchnorm,1x64x14x14,0.013305
46,0,imagen.jpeg,59,pointwise_conv,1x64x14x14,3.05706
46,0,imagen.jpeg,60,batchnorm,1x384x14x14,0.080411
46,0,imagen.jpeg,61,activacion,1x384x14x14,0.226553
46,0,imagen.jpeg,62,depthwise_conv,1x384x14x14,1.020678
46,0,imagen.jpeg,63,batchnorm,1x384x14x14,0.083266
46,0,imagen.jpeg,64,activacion,1x384x14x14,0.304067
46,0,imagen.jpeg,65,pointwise_conv,1x384x14x14,3.174483
46,0,imagen.jpeg,66,batchnorm,1x64x14x14,0.014016
46,0,imagen.jpeg,67,layer_add,1x64x14x14,0.008078
46,0,imagen.jpeg,68,pointwise_conv,1x64x14x14,3.106377
46,0,imagen.jpeg,69,batchnorm,1x384x14x14,0.08257
46,0,imagen.jpeg,70,activacion,1x384x14x14,0.273018
46,0,imagen.jpeg,71,depthwise_conv,1x384x14x14,0.865832
46,0,imagen.jpeg,72,batchnorm,1x384x14x14,0.112457
46,0,imagen.jpeg,73,activacion,1x384x14x14,0.286783
46,0,imagen.jpeg,74,pointwise_conv,1x384x14x14,3.029068
46,0,imagen.jpeg,75,batchnorm,1x64x14x14,0.013706
46,0,imagen.jpeg,76,layer_add,1x64x14x14,0.008273
46,0,imagen.jpeg,77,pointwise_conv,1x64x14x14,3.190896
46,0,imagen.jpeg,78,batchnorm,1x384x14x14,0.118517
46,0,imagen.jpeg,79,activacion,1x384x14x14,0.326172
46,0,imagen.jpeg,80,depthwise_conv,1x384x14x14,1.084458
46,0,imagen.jpeg,81,batchnorm,1x384x14x14,0.167139
46,0,imagen.jpeg,82,activacion,1x384x14x14,0.26098
46,0,imagen.jpeg,83,pointwise_conv,1x384x14x14,3.05779
46,0,imagen.jpeg,84,batchnorm,1x64x14x14,0.014105
46,0,imagen.jpeg,85,layer_add,1x64x14x14,0.007887
46,0,imagen.jpeg,86,pointwise_conv,1x64x14x14,3.071915
46,0,imagen.jpeg,87,batchnorm,1x384x14x14,0.083426
46,0,imagen.jpeg,88,activacion,1x384x14x14,0.304732
46,0,imagen.jpeg,89,depthwise_conv,1x384x14x14,0.897583
46,0,imagen.jpeg,90,batchnorm,1x384x14x14,0.086095
46,0,imagen.jpeg,91,activacion,1x384x14x14,0.287974
46,0,imagen.jpeg,92,pointwise_conv,1x384x14x14,4.654898
46,0,imagen.jpeg,93,batchnorm,1x96x14x14,0.020111
46,0,imagen.jpeg,94,pointwise_conv,1x96x14x14,7.160625
46,0,imagen.jpeg,95,batchnorm,1x576x14x14,0.125085
46,0,imagen.jpeg,96,activacion,1x576x14x14,0.43084
46,0,imagen.jpeg,97,depthwise_conv,1x576x14x14,1.301221
46,0,imagen.jpeg,98,batchnorm,1x576x14x14,0.197737
46,0,imagen.jpeg,99,activacion,1x576x14x14,0.386412
46,0,imagen.jpeg,100,pointwise_conv,1x576x14x14,6.954925
46,0,imagen.jpeg,101,batchnorm,1x96x14x14,0.019676
46,0,imagen.jpeg,102,layer_add,1x96x14x14,0.014359
46,0,imagen.jpeg,103,pointwise_conv,1x96x14x14,6.829999
46,0,imagen.jpeg,104,batchnorm,1x576x14x14,0.136831
46,0,imagen.jpeg,105,activacion,1x576x14x14,0.426473
46,0,imagen.jpeg,106,depthwise_conv,1x576x14x14,1.295877
46,0,imagen.jpeg,107,batchnorm,1x576x14x14,0.19284
46,0,imagen.jpeg,108,activacion,1x576x14x14,0.353299
46,0,imagen.jpeg,109,pointwise_conv,1x576x14x14,6.89866
46,0,imagen.jpeg,110,batchnorm,1x96x14x14,0.021247
46,0,imagen.jpeg,111,layer_add,1x96x14x14,0.011552
46,0,imagen.jpeg,112,pointwise_conv,1x96x14x14,7.043501
46,0,imagen.jpeg,113,batchnorm,1x576x14x14,0.120275
46,0,imagen.jpeg,114,activacion,1x576x14x14,0.364274
46,0,imagen.jpeg,115,depthwise_conv,1x576x14x14,0.306618
46,0,imagen.jpeg,116,batchnorm,1x576x7x7,0.034329
46,0,imagen.jpeg,117,activacion,1x576x7x7,0.075126
46,0,imagen.jpeg,118,pointwise_conv,1x576x7x7,2.780322
46,0,imagen.jpeg,119,batchnorm,1x160x7x7,0.009302
46,0,imagen.jpeg,120,pointwise_conv,1x160x7x7,4.593145
46,0,imagen.jpeg,121,batchnorm,1x960x7x7,0.049862
46,0,imagen.jpeg,122,activacion,1x960x7x7,0.171782
46,0,imagen.jpeg,123,depthwise_conv,1x960x7x7,0.488449
46,0,imagen.jpeg,124,batchnorm,1x960x7x7,0.052367
46,0,imagen.jpeg,125,activacion,1x960x7x7,0.160547
46,0,imagen.jpeg,126,pointwise_conv,1x960x7x7,4.558815
46,0,imagen.jpeg,127,batchnorm,1x160x7x7,0.008747
46,0,imagen.jpeg,128,layer_add,1x160x7x7,0.004162
46,0,imagen.jpeg,129,pointwise_conv,1x160x7x7,4.422506
46,0,imagen.jpeg,130,batchnorm,1x960x7x7,0.046707
46,0,imagen.jpeg,131,activacion,1x960x7x7,0.164893
46,0,imagen.jpeg,132,depthwise_conv,1x960x7x7,0.464946
46,0,imagen.jpeg,133,batchnorm,1x960x7x7,0.057704
46,0,imagen.jpeg,134,activacion,1x960x7x7,0.132176
46,0,imagen.jpeg,135,pointwise_conv,1x960x7x7,4.338509
46,0,imagen.jpeg,136,batchnorm,1x160x7x7,0.007978
46,0,imagen.jpeg,137,layer_add,1x160x7x7,0.004286
46,0,imagen.jpeg,138,pointwise_conv,1x160x7x7,4.135468
46,0,imagen.jpeg,139,batchnorm,1x960x7x7,0.042965
46,0,imagen.jpeg,140,activacion,1x960x7x7,0.116473
46,0,imagen.jpeg,141,depthwise_conv,1x960x7x7,0.439808
46,0,imagen.jpeg,142,batchnorm,1x960x7x7,0.047657
46,0,imagen.jpeg,143,activacion,1x960x7x7,0.09023
46,0,imagen.jpeg,144,pointwise_conv,1x960x7x7,8.140178
46,0,imagen.jpeg,145,batchnorm,1x320x7x7,0.014861
46,0,imagen.jpeg,146,pointwise_conv,1x320x7x7,10.932545
46,0,imagen.jpeg,147,batchnorm,1x1280x7x7,0.086524
46,0,imagen.jpeg,148,activacion,1x1280x7x7,0.196664
46,0,imagen.jpeg,149,pooling,1x1280x7x7,0.051604
46,0,imagen.jpeg,150,linear,1x1280,1.453757
47,0,imagen.jpeg,0,conv2d,1x3x224x224,12.345628
47,0,imagen.jpeg,1,batchnorm,1x32x112x112,0.432311
47,0,imagen.jpeg,2,activacion,1x32x112x112,0.645229
47,0,imagen.jpeg,3,depthwise_conv,1x32x112x112,3.980707
47,0,imagen.jpeg,4,batchnorm,1x32x112x112,2.330753
47,0,imagen.jpeg,5,activacion,1x32x112x112,0.717344
47,0,imagen.jpeg,6,pointwise_conv,1x32x112x112,3.613568
47,0,imagen.jpeg,7,batchnorm,1x16x112x112,0.180055
47,0,imagen.jpeg,8,pointwise_conv,1x16x112x112,11.831221
47,0,imagen.jpeg,9,batchnorm,1x96x112x112,2.306823
47,0,imagen.jpeg,10,activacion,1x96x112x112,3.442138
47,0,imagen.jpeg,11,depthwise_conv,1x96x112x112,3.14923
47,0,imagen.jpeg,12,batchnorm,1x96x56x56,0.276175
47,0,imagen.jpeg,13,activacion,1x96x56x56,1.002244
47,0,imagen.jpeg,14,pointwise_conv,1x96x56x56,4.129023
47,0,imagen.jpeg,15,batchnorm,1x24x56x56,0.071033
47,0,imagen.jpeg,16,pointwise_conv,1x24x56x56,6.949135
47,0,imagen.jpeg,17,batchnorm,1x144x56x56,0.914723
47,0,imagen.jpeg,18,activacion,1x144x56x56,1.307138
47,0,imagen.jpeg,19,depthwise_conv,1x144x56x56,4.604274
47,0,imagen.jpeg,20,batchnorm,1x144x56x56,0.955222
47,0,imagen.jpeg,21,activacion,1x144x56x56,1.669939
47,0,imagen.jpeg,22,pointwise_conv,1x144x56x56,5.898149
47,0,imagen.jpeg,23,batchnorm,1x24x56x56,0.061875
47,0,imagen.jpeg,24,layer_add,1x24x56x56,0.041341
47,0,imagen.jpeg,25,pointwise_conv,1x24x56x56,6.209684
47,0,imagen.jpeg,26,batchnorm,1x144x56x56,0.519445
47,0,imagen.jpeg,27,activacion,1x144x56x56,1.605052
47,0,imagen.jpeg,28,depthwise_conv,1x144x56x56,1.203451
47,0,imagen.jpeg,29,batchnorm,1x144x28x28,0.103762
47,0,imagen.jpeg,30,activacion,1x144x28x28,0.349205
47,0,imagen.jpeg,31,pointwise_conv,1x144x28x28,2.021804
47,0,imagen.jpeg,32,batchnorm,1x32x28x28,0.021752
47,0,imagen.jpeg,33,pointwise_conv,1x32x28x28,2.716089
47,0,imagen.jpeg,34,batchnorm,1x192x28x28,0.129335
47,0,imagen.jpeg,35,activacion,1x192x28x28,0.373819
47,0,imagen.jpeg,36,depthwise_conv,1x192x28x28,1.488142
47,0,imagen.jpeg,37,batchnorm,1x192x28x28,0.126338
47,0,imagen.jpeg,38,activacion,1x192x28x28,0.535945
47,0,imagen.jpeg,39,pointwise_conv,1x192x28x28,2.65592
47,0,imagen.jpeg,40,batchnorm,1x32x28x28,0.021225
47,0,imagen.jpeg,41,layer_add,1x32x28x28,0.01322
47,0,imagen.jpeg,42,pointwise_conv,1x32x28x28,2.650355
47,0,imagen.jpeg,43,batchnorm,1x192x28x28,0.159584
47,0,imagen.jpeg,44,activacion,1x192x28x28,0.432089
47,0,imagen.jpeg,45,depthwise_conv,1x192x28x28,1.479301
47,0,imagen.jpeg,46,batchnorm,1x192x28x28,0.129426
47,0,imagen.jpeg,47,activacion,1x192x28x28,0.51487
47,0,imagen.jpeg,48,pointwise_conv,1x192x28x28,2.607581
47,0,imagen.jpeg,49,batchnorm,1x32x28x28,0.020494
47,0,imagen.jpeg,50,layer_add,1x32x28x28,0.012531
47,0,imagen.jpeg,51,pointwise_conv,1x32x28x28,2.740358
47,0,imagen.jpeg,52,batchnorm,1x192x28x28,0.147965
47,0,imagen.jpeg,53,activacion,1x192x28x28,0.500834
47,0,imagen.jpeg,54,depthwise_conv,1x192x28x28,0.38155
47,0,imagen.jpeg,55,batchnorm,1x192x14x14,0.034477
47,0,imagen.jpeg,56,activacion,1x192x14x14,0.09832
47,0,imagen.jpeg,57,pointwise_conv,1x192x14x14,1.344903
47,0,imagen.jpeg,58,batchnorm,1x64x14x14,0.011314
47,0,imagen.jpeg,59,pointwise_conv,1x64x14x14,2.707609
47,0,imagen.jpeg,60,batchnorm,1x384x14x14,0.065755
47,0,imagen.jpeg,61,activacion,1x384x14x14,0.212962
47,0,imagen.jpeg,62,depthwise_conv,1x384x14x14,0.756444
47,0,imagen.jpeg,63,batchnorm,1x384x14x14,0.068605
47,0,imagen.jpeg,64,activacion,1x384x14x14,0.273926
47,0,imagen.jpeg,65,pointwise_conv,1x384x14x14,2.79765
47,0,imagen.jpeg,66,batchnorm,1x64x14x14,0.012518
47,0,imagen.jpeg,67,layer_add,1x64x14x14,0.006993
47,0,imagen.jpeg,68,pointwise_conv,1x64x14x14,2.70123
47,0,imagen.jpeg,69,batchnorm,1x384x14x14,0.113257
47,0,imagen.jpeg,70,activacion,1x384x14x14,0.228676
47,0,imagen.jpeg,71,depthwise_conv,1x384x14x14,0.74948
47,0,imagen.jpeg,72,batchnorm,1x384x14x14,0.095629
47,0,imagen.jpeg,73,activacion,1x384x14x14,0.261944
47,0,imagen.jpeg,74,pointwise_conv,1x384x14x14,2.85648
47,0,imagen.jpeg,75,batchnorm,1x64x14x14,0.012335
47,0,imagen.jpeg,76,layer_add,1x64x14x14,0.007247
47,0,imagen.jpeg,77,pointwise_conv,1x64x14x14,2.74647
47,0,imagen.jpeg,78,batchnorm,1x384x14x14,0.070716
47,0,imagen.jpeg,79,activacion,1x384x14x14,0.260202
47,0,imagen.jpeg,80,depthwise_conv,1x384x14x14,0.773043
47,0,imagen.jpeg,81,batchnorm,1x384x14x14,0.143591
47,0,imagen.jpeg,82,activacion,1x384x14x14,0.231404
47,0,imagen.jpeg,83,pointwise_conv,1x384x14x14,2.713212
47,0,imagen.jpeg,84,batchnorm,1x64x14x14,0.011691
47,0,imagen.jpeg,85,layer_add,1x64x14x14,0.006638
47,0,imagen.jpeg,86,pointwise_conv,1x64x14x14,2.744596
47,0,imagen.jpeg,87,batchnorm,1x384x14x14,0.064375
47,0,imagen.jpeg,88,activacion,1x384x14x14,0.247771
47,0,imagen.jpeg,89,depthwise_conv,1x384x14x14,0.751867
47,0,imagen.jpeg,90,batchnorm,1x384x14x14,0.065404
47,0,imagen.jpeg,91,activacion,1x384x14x14,0.241122
47,0,imagen.jpeg,92,pointwise_conv,1x384x14x14,3.958275
47,0,imagen.jpeg,93,batchnorm,1x96x14x14,0.016024
47,0,imagen.jpeg,94,pointwise_conv,1x96x14x14,6.146486
47,0,imagen.jpeg,95,batchnorm,1x576x14x14,0.107608
47,0,imagen.jpeg,96,activacion,1x576x14x14,0.367584
47,0,imagen.jpeg,97,depthwise_conv,1x576x14x14,1.13087
47,0,imagen.jpeg,98,batchnorm,1x576x14x14,0.177149
47,0,imagen.jpeg,99,activacion,1x576x14x14,0.3307
47,0,imagen.jpeg,100,pointwise_conv,1x576x14x14,5.78316
47,0,imagen.jpeg,101,batchnorm,1x96x14x14,0.015879
47,0,imagen.jpeg,102,layer_add,1x96x14x14,0.01178
47,0,imagen.jpeg,103,pointwise_conv,1x96x14x14,5.964805
47,0,imagen.jpeg,104,batchnorm,1x576x14x14,0.107278
47,0,imagen.jpeg,105,activacion,1x576x14x14,0.347287
47,0,imagen.jpeg,106,depthwise_conv,1x576x14x14,1.145744
47,0,imagen.jpeg,107,batchnorm,1x576x14x14,0.158635
47,0,imagen.jpeg,108,activacion,1x576x14x14,0.295035
47,0,imagen.jpeg,109,pointwise_conv,1x576x14x14,6.13962
47,0,imagen.jpeg,110,batchnorm,1x96x14x14,0.017612
47,0,imagen.jpeg,111,layer_add,1x96x14x14,0.01083
47,0,imagen.jpeg,112,pointwise_conv,1x96x14x14,6.125908
47,0,imagen.jpeg,113,batchnorm,1x576x14x14,0.140103
47,0,imagen.jpeg,114,activacion,1x576x14x14,0.322642
47,0,imagen.jpeg,115,depthwise_conv,1x576x14x14,0.272721
47,0,imagen.jpeg,116,batchnorm,1x576x7x7,0.029695
47,0,imagen.jpeg,117,activacion,1x576x7x7,0.065975
47,0,imagen.jpeg,118,pointwise_conv,1x576x7x7,2.45978
47,0,imagen.jpeg,119,batchnorm,1x160x7x7,0.00741
47,0,imagen.jpeg,120,pointwise_conv,1x160x7x7,4.025367
47,0,imagen.jpeg,121,batchnorm,1x960x7x7,0.041018
47,0,imagen.jpeg,122,activacion,1x960x7x7,0.143307
47,0,imagen.jpeg,123,depthwise_conv,1x960x7x7,0.406149
47,0,imagen.jpeg,124,batchnorm,1x960x7x7,0.040767
47,0,imagen.jpeg,125,activacion,1x960x7x7,0.131744
47,0,imagen.jpeg,126,pointwise_conv,1x960x7x7,3.859337
47,0,imagen.jpeg,127,batchnorm,1x160x7x7,0.007238
47,0,imagen.jpeg,128,layer_add,1x160x7x7,0.003739
47,0,imagen.jpeg,129,pointwise_conv,1x160x7x7,4.135638
47,0,imagen.jpeg,130,batchnorm,1x960x7x7,0.042329
47,0,imagen.jpeg,131,activacion,1x960x7x7,0.139768
47,0,imagen.jpeg,132,depthwise_conv,1x960x7x7,0.416922
47,0,imagen.jpeg,133,batchnorm,1x960x7x7,0.052343
47,0,imagen.jpeg,134,activacion,1x960x7x7,0.122394
47,0,imagen.jpeg,135,pointwise_conv,1x960x7x7,3.934964
47,0,imagen.jpeg,136,batchnorm,1x160x7x7,0.007538
47,0,imagen.jpeg,137,layer_add,1x160x7x7,0.003824
47,0,imagen.jpeg,138,pointwise_conv,1x160x7x7,4.00142
47,0,imagen.jpeg,139,batchnorm,1x960x7x7,0.04268
47,0,imagen.jpeg,140,activacion,1x960x7x7,0.114705
47,0,imagen.jpeg,141,depthwise_conv,1x960x7x7,0.426156
47,0,imagen.jpeg,142,batchnorm,1x960x7x7,0.04622
47,0,imagen.jpeg,143,activacion,1x960x7x7,0.088175
47,0,imagen.jpeg,144,pointwise_conv,1x960x7x7,8.078377
47,0,imagen.jpeg,145,batchnorm,1x320x7x7,0.015326
47,0,imagen.jpeg,146,pointwise_conv,1x320x7x7,11.096208
47,0,imagen.jpeg,147,batchnorm,1x1280x7x7,0.076549
47,0,imagen.jpeg,148,activacion,1x1280x7x7,0.194513
47,0,imagen.jpeg,149,pooling,1x1280x7x7,0.051808
47,0,imagen.jpeg,150,linear,1x1280,1.48592
48,0,imagen.jpeg,0,conv2d,1x3x224x224,11.901183
48,0,imagen.jpeg,1,batchnorm,1x32x112x112,0.420904
48,0,imagen.jpeg,2,activacion,1x32x112x112,0.668662
48,0,imagen.jpeg,3,depthwise_conv,1x32x112x112,4.120358
48,0,imagen.jpeg,4,batchnorm,1x32x112x112,2.35074
48,0,imagen.jpeg,5,activacion,1x32x112x112,0.761111
48,0,imagen.jpeg,6,pointwise_conv,1x32x112x112,3.579384
48,0,imagen.jpeg,7,batchnorm,1x16x112x112,0.17189
48,0,imagen.jpeg,8,pointwise_conv,1x16x112x112,12.175551
48,0,imagen.jpeg,9,batchnorm,1x96x112x112,2.131793
48,0,imagen.jpeg,10,activacion,1x96x112x112,3.442777
48,0,imagen.jpeg,11,depthwise_conv,1x96x112x112,3.139116
48,0,imagen.jpeg,12,batchnorm,1x96x56x56,0.29109
48,0,imagen.jpeg,13,activacion,1x96x56x56,1.05012
48,0,imagen.jpeg,14,pointwise_conv,1x96x56x56,3.99113
48,0,imagen.jpeg,15,batchnorm,1x24x56x56,0.065184
48,0,imagen.jpeg,16,pointwise_conv,1x24x56x56,6.808203
48,0,imagen.jpeg,17,batchnorm,1x144x56x56,0.902222
48,0,imagen.jpeg,18,activacion,1x144x56x56,1.336321
48,0,imagen.jpeg,19,depthwise_conv,1x144x56x56,4.546238
48,0,imagen.jpeg,20,batchnorm,1x144x56x56,0.902253
48,0,imagen.jpeg,21,activacion,1x144x56x56,1.656681
48,0,imagen.jpeg,22,pointwise_conv,1x144x56x56,6.600708
48,0,imagen.jpeg,23,batchnorm,1x24x56x56,0.066302
48,0,imagen.jpeg,24,layer_add,1x24x56x56,0.044032
48,0,imagen.jpeg,25,pointwise_conv,1x24x56x56,8.214769
48,0,imagen.jpeg,26,batchnorm,1x144x56x56,0.689036
48,0,imagen.jpeg,27,activacion,1x144x56x56,1.844895
48,0,imagen.jpeg,28,depthwise_conv,1x144x56x56,1.995613
48,0,imagen.jpeg,29,batchnorm,1x144x28x28,0.153332
48,0,imagen.jpeg,30,activacion,1x144x28x28,0.39498
48,0,imagen.jpeg,31,pointwise_conv,1x144x28x28,3.406231
48,0,imagen.jpeg,32,batchnorm,1x32x28x28,0.024924
48,0,imagen.jpeg,33,pointwise_conv,1x32x28x28,3.261265
48,0,imagen.jpeg,34,batchnorm,1x192x28x28,0.170339
48,0,imagen.jpeg,35,activacion,1x192x28x28,0.394065
48,0,imagen.jpeg,36,depthwise_conv,1x192x28x28,1.585254
48,0,imagen.jpeg,37,batchnorm,1x192x28x28,0.152597
48,0,imagen.jpeg,38,activacion,1x192x28x28,0.555852
48,0,imagen.jpeg,39,pointwise_conv,1x192x28x28,2.83066
48,0,imagen.jpeg,40,batchnorm,1x32x28x28,0.021949
48,0,imagen.jpeg,41,layer_add,1x32x28x28,0.014102
48,0,imagen.jpeg,42,pointwise_conv,1x32x28x28,2.723671
48,0,imagen.jpeg,43,batchnorm,1x192x28x28,0.127012
48,0,imagen.jpeg,44,activacion,1x192x28x28,0.431632
48,0,imagen.jpeg,45,depthwise_conv,1x192x28x28,1.500023
48,0,imagen.jpeg,46,batchnorm,1x192x28x28,0.129764
48,0,imagen.jpeg,47,activacion,1x192x28x28,0.513083
48,0,imagen.jpeg,48,pointwise_conv,1x192x28x28,2.700009
48,0,imagen.jpeg,49,batchnorm,1x32x28x28,0.021578
48,0,imagen.jpeg,50,layer_add,1x32x28x28,0.012587
48,0,imagen.jpeg,51,pointwise_conv,1x32x28x28,2.925324
48,0,imagen.jpeg,52,batchnorm,1x192x28x28,0.155492
48,0,imagen.jpeg,53,activacion,1x192x28x28,0.493046
48,0,imagen.jpeg,54,depthwise_conv,1x192x28x28,0.381326
48,0,imagen.jpeg,55,batchnorm,1x192x14x14,0.034112
48,0,imagen.jpeg,56,activacion,1x192x14x14,0.120251
48,0,imagen.jpeg,57,pointwise_conv,1x192x14x14,1.445247
48,0,imagen.jpeg,58,batchnorm,1x64x14x14,0.012419
48,0,imagen.jpeg,59,pointwise_conv,1x64x14x14,2.771346
48,0,imagen.jpeg,60,batchnorm,1x384x14x14,0.070308
48,0,imagen.jpeg,61,activacion,1x384x14x14,0.190777
48,0,imagen.jpeg,62,depthwise_conv,1x384x14x14,0.776778
48,0,imagen.jpeg,63,batchnorm,1x384x14x14,0.068527
48,0,imagen.jpeg,64,activacion,1x384x14x14,0.283057
48,0,imagen.jpeg,65,pointwise_conv,1x384x14x14,2.90478
48,0,imagen.jpeg,66,batchnorm,1x64x14x14,0.012916
48,0,imagen.jpeg,67,layer_add,1x64x14x14,0.007368
48,0,imagen.jpeg,68,pointwise_conv,1x64x14x14,2.787672
48,0,imagen.jpeg,69,batchnorm,1x384x14x14,0.080698
48,0,imagen.jpeg,70,activacion,1x384x14x14,0.235296
48,0,imagen.jpeg,71,depthwise_conv,1x384x14x14,0.765935
48,0,imagen.jpeg,72,batchnorm,1x384x14x14,0.108539
48,0,imagen.jpeg,73,activacion,1x384x14x14,0.288764
48,0,imagen.jpeg,74,pointwise_conv,1x384x14x14,3.063747
48,0,imagen.jpeg,75,batchnorm,1x64x14x14,0.01178
48,0,imagen.jpeg,76,layer_add,1x64x14x14,0.006689
48,0,imagen.jpeg,77,pointwise_conv,1x64x14x14,2.85299
48,0,imagen.jpeg,78,batchnorm,1x384x14x14,0.071309
48,0,imagen.jpeg,79,activacion,1x384x14x14,0.279016
48,0,imagen.jpeg,80,depthwise_conv,1x384x14x14,0.767429
48,0,imagen.jpeg,81,batchnorm,1x384x14x14,0.142689
48,0,imagen.jpeg,82,activacion,1x384x14x14,0.230025
48,0,imagen.jpeg,83,pointwise_conv,1x384x14x14,2.739957
48,0,imagen.jpeg,84,batchnorm,1x64x14x14,0.012079
48,0,imagen.jpeg,85,layer_add,1x64x14x14,0.006514
48,0,imagen.jpeg,86,pointwise_conv,1x64x14x14,2.746926
48,0,imagen.jpeg,87,batchnorm,1x384x14x14,0.068562
48,0,imagen.jpeg,88,activacion,1x384x14x14,0.261257
48,0,imagen.jpeg,89,depthwise_conv,1x384x14x14,0.766088
48,0,imagen.jpeg,90,batchnorm,1x384x14x14,0.065738
48,0,imagen.jpeg,91,activacion,1x384x14x14,0.238499
48,0,imagen.jpeg,92,pointwise_conv,1x384x14x14,4.147151
48,0,imagen.jpeg,93,batchnorm,1x96x14x14,0.017337
48,0,imagen.jpeg,94,pointwise_conv,1x96x14x14,6.254208
48,0,imagen.jpeg,95,batchnorm,1x576x14x14,0.110632
48,0,imagen.jpeg,96,activacion,1x576x14x14,0.363158
48,0,imagen.jpeg,97,depthwise_conv,1x576x14x14,1.154288
48,0,imagen.jpeg,98,batchnorm,1x576x14x14,0.177975
48,0,imagen.jpeg,99,activacion,1x576x14x14,0.336927
48,0,imagen.jpeg,100,pointwise_conv,1x576x14x14,6.170473
48,0,imagen.jpeg,101,batchnorm,1x96x14x14,0.017608
48,0,imagen.jpeg,102,layer_add,1x96x14x14,0.013421
48,0,imagen.jpeg,103,pointwise_conv,1x96x14x14,6.251448
48,0,imagen.jpeg,104,batchnorm,1x576x14x14,0.105404
48,0,imagen.jpeg,105,activacion,1x576x14x14,0.363916
48,0,imagen.jpeg,106,depthwise_conv,1x576x14x14,1.152288
48,0,imagen.jpeg,107,batchnorm,1x576x14x14,0.161771
48,0,imagen.jpeg,108,activacion,1x576x14x14,0.312785
48,0,imagen.jpeg,109,pointwise_conv,1x576x14x14,5.97742
48,0,imagen.jpeg,110,batchnorm,1x96x14x14,0.015679
48,0,imagen.jpeg,111,layer_add,1x96x14x14,0.009491
48,0,imagen.jpeg,112,pointwise_conv,1x96x14x14,6.582643
48,0,imagen.jpeg,113,batchnorm,1x576x14x14,0.125431
48,0,imagen.jpeg,114,activacion,1x576x14x14,0.323715
48,0,imagen.jpeg,115,depthwise_conv,1x576x14x14,0.271613
48,0,imagen.jpeg,116,batchnorm,1x576x7x7,0.029683
48,0,imagen.jpeg,117,activacion,1x576x7x7,0.065147
48,0,imagen.jpeg,118,pointwise_conv,1x576x7x7,2.518697
48,0,imagen.jpeg,119,batchnorm,1x160x7x7,0.007662
48,0,imagen.jpeg,120,pointwise_conv,1x160x7x7,5.591132
48,0,imagen.jpeg,121,batchnorm,1x960x7x7,0.057787
48,0,imagen.jpeg,122,activacion,1x960x7x7,0.164833
48,0,imagen.jpeg,123,depthwise_conv,1x960x7x7,0.467588
48,0,imagen.jpeg,124,batchnorm,1x960x7x7,0.045565
48,0,imagen.jpeg,125,activacion,1x960x7x7,0.149291
48,0,imagen.jpeg,126,pointwise_conv,1x960x7x7,4.532784
48,0,imagen.jpeg,127,batchnorm,1x160x7x7,0.008535
48,0,imagen.jpeg,128,layer_add,1x160x7x7,0.004492
48,0,imagen.jpeg,129,pointwise_conv,1x160x7x7,4.217961
48,0,imagen.jpeg,130,batchnorm,1x960x7x7,0.045496
48,0,imagen.jpeg,131,activacion,1x960x7x7,0.143344
48,0,imagen.jpeg,132,depthwise_conv,1x960x7x7,0.439155
48,0,imagen.jpeg,133,batchnorm,1x960x7x7,0.072795
48,0,imagen.jpeg,134,activacion,1x960x7x7,0.128915
48,0,imagen.jpeg,135,pointwise_conv,1x960x7x7,4.123966
48,0,imagen.jpeg,136,batchnorm,1x160x7x7,0.007631
48,0,imagen.jpeg,137,layer_add,1x160x7x7,0.004363
48,0,imagen.jpeg,138,pointwise_conv,1x160x7x7,4.026795
48,0,imagen.jpeg,139,batchnorm,1x960x7x7,0.041436
48,0,imagen.jpeg,140,activacion,1x960x7x7,0.113582
48,0,imagen.jpeg,141,depthwise_conv,1x960x7x7,0.428296
48,0,imagen.jpeg,142,batchnorm,1x960x7x7,0.046233
48,0,imagen.jpeg,143,activacion,1x960x7x7,0.087457
48,0,imagen.jpeg,144,pointwise_conv,1x960x7x7,8.460383
48,0,imagen.jpeg,145,batchnorm,1x320x7x7,0.015348
48,0,imagen.jpeg,146,pointwise_conv,1x320x7x7,11.138614
48,0,imagen.jpeg,147,batchnorm,1x1280x7x7,0.062122
48,0,imagen.jpeg,148,activacion,1x1280x7x7,0.177392
48,0,imagen.jpeg,149,pooling,1x1280x7x7,0.038806
48,0,imagen.jpeg,150,linear,1x1280,1.425083
49,0,imagen.jpeg,0,conv2d,1x3x224x224,12.822064
49,0,imagen.jpeg,1,batchnorm,1x32x112x112,0.434563
49,0,imagen.jpeg,2,activacion,1x32x112x112,0.662052
49,0,imagen.jpeg,3,depthwise_conv,1x32x112x112,3.98612
49,0,imagen.jpeg,4,batchnorm,1x32x112x112,2.272928
49,0,imagen.jpeg,5,activacion,1x32x112x112,0.774022
49,0,imagen.jpeg,6,pointwise_conv,1x32x112x112,4.019625
49,0,imagen.jpeg,7,batchnorm,1x16x112x112,0.19
49,0,imagen.jpeg,8,pointwise_conv,1x16x112x112,11.747984
49,0,imagen.jpeg,9,batchnorm,1x96x112x112,2.043315
49,0,imagen.jpeg,10,activacion,1x96x112x112,3.407912
49,0,imagen.jpeg,11,depthwise_conv,1x96x112x112,3.266171
49,0,imagen.jpeg,12,batchnorm,1x96x56x56,0.279387
49,0,imagen.jpeg,13,activacion,1x96x56x56,1.012753
49,0,imagen.jpeg,14,pointwise_conv,1x96x56x56,3.88094
49,0,imagen.jpeg,15,batchnorm,1x24x56x56,0.062284
49,0,imagen.jpeg,16,pointwise_conv,1x24x56x56,6.56513
49,0,imagen.jpeg,17,batchnorm,1x144x56x56,0.880889
49,0,imagen.jpeg,18,activacion,1x144x56x56,1.289003
49,0,imagen.jpeg,19,depthwise_conv,1x144x56x56,4.403567
49,0,imagen.jpeg,20,batchnorm,1x144x56x56,0.8844
49,0,imagen.jpeg,21,activacion,1x144x56x56,1.607123
49,0,imagen.jpeg,22,pointwise_conv,1x144x56x56,6.190184
49,0,imagen.jpeg,23,batchnorm,1x24x56x56,0.065095
49,0,imagen.jpeg,24,layer_add,1x24x56x56,0.044523
49,0,imagen.jpeg,25,pointwise_conv,1x24x56x56,6.00655
49,0,imagen.jpeg,26,batchnorm,1x144x56x56,0.46681
49,0,imagen.jpeg,27,activacion,1x144x56x56,1.510326
49,0,imagen.jpeg,28,depthwise_conv,1x144x56x56,1.109041
49,0,imagen.jpeg,29,batchnorm,1x144x28x28,0.09677
49,0,imagen.jpeg,30,activacion,1x144x28x28,0.341296
49,0,imagen.jpeg,31,pointwise_conv,1x144x28x28,1.92557
49,0,imagen.jpeg,32,batchnorm,1x32x28x28,0.020943
49,0,imagen.jpeg,33,pointwise_conv,1x32x28x28,2.816319
49,0,imagen.jpeg,34,batchnorm,1x192x28x28,0.139299
49,0,imagen.jpeg,35,activacion,1x192x28x28,0.374253
49,0,imagen.jpeg,36,depthwise_conv,1x192x28x28,1.460278
49,0,imagen.jpeg,37,batchnorm,1x192x28x28,0.124679
49,0,imagen.jpeg,38,activacion,1x192x28x28,0.54451
49,0,imagen.jpeg,39,pointwise_conv,1x192x28x28,2.575809
49,0,imagen.jpeg,40,batchnorm,1x32x28x28,0.020728
49,0,imagen.jpeg,41,layer_add,1x32x28x28,0.011948
49,0,imagen.jpeg,42,pointwise_conv,1x32x28x28,2.66582
49,0,imagen.jpeg,43,batchnorm,1x192x28x28,0.121341
49,0,imagen.jpeg,44,activacion,1x192x28x28,0.407254
49,0,imagen.jpeg,45,depthwise_conv,1x192x28x28,1.449475
49,0,imagen.jpeg,46,batchnorm,1x192x28x28,0.123138
49,0,imagen.jpeg,47,activacion,1x192x28x28,0.524648
49,0,imagen.jpeg,48,pointwise_conv,1x192x28x28,2.568285
49,0,imagen.jpeg,49,batchnorm,1x32x28x28,0.041818
49,0,imagen.jpeg,50,layer_add,1x32x28x28,0.011813
49,0,imagen.jpeg,51,pointwise_conv,1x32x28x28,2.810996
49,0,imagen.jpeg,52,batchnorm,1x192x28x28,0.132739
49,0,imagen.jpeg,53,activacion,1x192x28x28,0.478394
49,0,imagen.jpeg,54,depthwise_conv,1x192x28x28,0.379331
49,0,imagen.jpeg,55,batchnorm,1x192x14x14,0.033134
49,0,imagen.jpeg,56,activacion,1x192x14x14,0.097006
49,0,imagen.jpeg,57,pointwise_conv,1x192x14x14,1.320882
49,0,imagen.jpeg,58,batchnorm,1x64x14x14,0.011011
49,0,imagen.jpeg,59,pointwise_conv,1x64x14x14,2.696566
49,0,imagen.jpeg,60,batchnorm,1x384x14x14,0.067611
49,0,imagen.jpeg,61,activacion,1x384x14x14,0.191372
49,0,imagen.jpeg,62,depthwise_conv,1x384x14x14,0.748877
49,0,imagen.jpeg,63,batchnorm,1x384x14x14,0.06611
49,0,imagen.jpeg,64,activacion,1x384x14x14,0.264738
49,0,imagen.jpeg,65,pointwise_conv,1x384x14x14,2.633577
49,0,imagen.jpeg,66,batchnorm,1x64x14x14,0.011102
49,0,imagen.jpeg,67,layer_add,1x64x14x14,0.006613
49,0,imagen.jpeg,68,pointwise_conv,1x64x14x14,2.721709
49,0,imagen.jpeg,69,batchnorm,1x384x14x14,0.063726
49,0,imagen.jpeg,70,activacion,1x384x14x14,0.24508
49,0,imagen.jpeg,71,depthwise_conv,1x384x14x14,0.752487
49,0,imagen.jpeg,72,batchnorm,1x384x14x14,0.095044
49,0,imagen.jpeg,73,activacion,1x384x14x14,0.249597
49,0,imagen.jpeg,74,pointwise_conv,1x384x14x14,2.876111
49,0,imagen.jpeg,75,batchnorm,1x64x14x14,0.016848
49,0,imagen.jpeg,76,layer_add,1x64x14x14,0.007937
49,0,imagen.jpeg,77,pointwise_conv,1x64x14x14,2.742754
49,0,imagen.jpeg,78,batchnorm,1x384x14x14,0.065903
49,0,imagen.jpeg,79,activacion,1x384x14x14,0.242599
49,0,imagen.jpeg,80,depthwise_conv,1x384x14x14,0.77141
49,0,imagen.jpeg,81,batchnorm,1x384x14x14,0.135792
49,0,imagen.jpeg,82,activacion,1x384x14x14,0.256061
49,0,imagen.jpeg,83,pointwise_conv,1x384x14x14,2.63993
49,0,imagen.jpeg,84,batchnorm,1x64x14x14,0.011182
49,0,imagen.jpeg,85,layer_add,1x64x14x14,0.006714
49,0,imagen.jpeg,86,pointwise_conv,1x64x14x14,2.745208
49,0,imagen.jpeg,87,batchnorm,1x384x14x14,0.062467
49,0,imagen.jpeg,88,activacion,1x384x14x14,0.243301
49,0,imagen.jpeg,89,depthwise_conv,1x384x14x14,0.735693
49,0,imagen.jpeg,90,batchnorm,1x384x14x14,0.063859
49,0,imagen.jpeg,91,activacion,1x384x14x14,0.233506
49,0,imagen.jpeg,92,pointwise_conv,1x384x14x14,4.065466
49,0,imagen.jpeg,93,batchnorm,1x96x14x14,0.017159
49,0,imagen.jpeg,94,pointwise_conv,1x96x14x14,5.826937
49,0,imagen.jpeg,95,batchnorm,1x576x14x14,0.10217
49,0,imagen.jpeg,96,activacion,1x576x14x14,0.345964
49,0,imagen.jpeg,97,depthwise_conv,1x576x14x14,1.107853
49,0,imagen.jpeg,98,batchnorm,1x576x14x14,0.168465
49,0,imagen.jpeg,99,activacion,1x576x14x14,0.321041
49,0,imagen.jpeg,100,pointwise_conv,1x576x14x14,6.185006
49,0,imagen.jpeg,101,batchnorm,1x96x14x14,0.017753
49,0,imagen.jpeg,102,layer_add,1x96x14x14,0.013663
49,0,imagen.jpeg,103,pointwise_conv,1x96x14x14,6.451725
49,0,imagen.jpeg,104,batchnorm,1x576x14x14,0.115673
49,0,imagen.jpeg,105,activacion,1x576x14x14,0.399653
49,0,imagen.jpeg,106,depthwise_conv,1x576x14x14,1.193161
49,0,imagen.jpeg,107,batchnorm,1x576x14x14,0.166088
49,0,imagen.jpeg,108,activacion,1x576x14x14,0.329279
49,0,imagen.jpeg,109,pointwise_conv,1x576x14x14,6.240677
49,0,imagen.jpeg,110,batchnorm,1x96x14x14,0.018211
49,0,imagen.jpeg,111,layer_add,1x96x14x14,0.011067
49,0,imagen.jpeg,112,pointwise_conv,1x96x14x14,6.341253
49,0,imagen.jpeg,113,batchnorm,1x576x14x14,0.104944
49,0,imagen.jpeg,114,activacion,1x576x14x14,0.34924
49,0,imagen.jpeg,115,depthwise_conv,1x576x14x14,0.302125
49,0,imagen.jpeg,116,batchnorm,1x576x7x7,0.028783
49,0,imagen.jpeg,117,activacion,1x576x7x7,0.080828
49,0,imagen.jpeg,118,pointwise_conv,1x576x7x7,2.448481
49,0,imagen.jpeg,119,batchnorm,1x160x7x7,0.007207
49,0,imagen.jpeg,120,pointwise_conv,1x160x7x7,4.204468
49,0,imagen.jpeg,121,batchnorm,1x960x7x7,0.055417
49,0,imagen.jpeg,122,activacion,1x960x7x7,0.185185
49,0,imagen.jpeg,123,depthwise_conv,1x960x7x7,0.452241
49,0,imagen.jpeg,124,batchnorm,1x960x7x7,0.051765
49,0,imagen.jpeg,125,activacion,1x960x7x7,0.144199
49,0,imagen.jpeg,126,pointwise_conv,1x960x7x7,4.108672
49,0,imagen.jpeg,127,batchnorm,1x160x7x7,0.007419
49,0,imagen.jpeg,128,layer_add,1x160x7x7,0.004507
49,0,imagen.jpeg,129,pointwise_conv,1x160x7x7,4.085168
49,0,imagen.jpeg,130,batchnorm,1x960x7x7,0.042458
49,0,imagen.jpeg,131,activacion,1x960x7x7,0.139424
49,0,imagen.jpeg,132,depthwise_conv,1x960x7x7,0.448468
49,0,imagen.jpeg,133,batchnorm,1x960x7x7,0.057045
49,0,imagen.jpeg,134,activacion,1x960x7x7,0.125442
49,0,imagen.jpeg,135,pointwise_conv,1x960x7x7,4.553711
49,0,imagen.jpeg,136,batchnorm,1x160x7x7,0.009543
49,0,imagen.jpeg,137,layer_add,1x160x7x7,0.005035
49,0,imagen.jpeg,138,pointwise_conv,1x160x7x7,4.303659
49,0,imagen.jpeg,139,batchnorm,1x960x7x7,0.044676
49,0,imagen.jpeg,140,activacion,1x960x7x7,0.118136
49,0,imagen.jpeg,141,depthwise_conv,1x960x7x7,0.451541
49,0,imagen.jpeg,142,batchnorm,1x960x7x7,0.04907
49,0,imagen.jpeg,143,activacion,1x960x7x7,0.093003
49,0,imagen.jpeg,144,pointwise_conv,1x960x7x7,8.22099
49,0,imagen.jpeg,145,batchnorm,1x320x7x7,0.01485
49,0,imagen.jpeg,146,pointwise_conv,1x320x7x7,11.012518
49,0,imagen.jpeg,147,batchnorm,1x1280x7x7,0.144173
49,0,imagen.jpeg,148,activacion,1x1280x7x7,0.196137
49,0,imagen.jpeg,149,pooling,1x1280x7x7,0.045674
49,0,imagen.jpeg,150,linear,1x1280,1.607508
50,0,imagen.jpeg,0,conv2d,1x3x224x224,12.331562
50,0,imagen.jpeg,1,batchnorm,1x32x112x112,0.425098
50,0,imagen.jpeg,2,activacion,1x32x112x112,0.656958
50,0,imagen.jpeg,3,depthwise_conv,1x32x112x112,4.01452
50,0,imagen.jpeg,4,batchnorm,1x32x112x112,2.352242
50,0,imagen.jpeg,5,activacion,1x32x112x112,0.742594
50,0,imagen.jpeg,6,pointwise_conv,1x32x112x112,3.544143
50,0,imagen.jpeg,7,batchnorm,1x16x112x112,0.175536
50,0,imagen.jpeg,8,pointwise_conv,1x16x112x112,11.870843
50,0,imagen.jpeg,9,batchnorm,1x96x112x112,2.229056
50,0,imagen.jpeg,10,activacion,1x96x112x112,3.452228
50,0,imagen.jpeg,11,depthwise_conv,1x96x112x112,3.526317
50,0,imagen.jpeg,12,batchnorm,1x96x56x56,0.282469
50,0,imagen.jpeg,13,activacion,1x96x56x56,1.05435
50,0,imagen.jpeg,14,pointwise_conv,1x96x56x56,4.17897
50,0,imagen.jpeg,15,batchnorm,1x24x56x56,0.064506
50,0,imagen.jpeg,16,pointwise_conv,1x24x56x56,6.902293
50,0,imagen.jpeg,17,batchnorm,1x144x56x56,0.906435
50,0,imagen.jpeg,18,activacion,1x144x56x56,1.311132
50,0,imagen.jpeg,19,depthwise_conv,1x144x56x56,4.478776
50,0,imagen.jpeg,20,batchnorm,1x144x56x56,0.933836
50,0,imagen.jpeg,21,activacion,1x144x56x56,1.702039
50,0,imagen.jpeg,22,pointwise_conv,1x144x56x56,5.917803
50,0,imagen.jpeg,23,batchnorm,1x24x56x56,0.064503
50,0,imagen.jpeg,24,layer_add,1x24x56x56,0.041936
50,0,imagen.jpeg,25,pointwise_conv,1x24x56x56,6.03808
50,0,imagen.jpeg,26,batchnorm,1x144x56x56,0.456521
50,0,imagen.jpeg,27,activacion,1x144x56x56,1.524996
50,0,imagen.jpeg,28,depthwise_conv,1x144x56x56,1.176132
50,0,imagen.jpeg,29,batchnorm,1x144x28x28,0.107158
50,0,imagen.jpeg,30,activacion,1x144x28x28,0.358798
50,0,imagen.jpeg,31,pointwise_conv,1x144x28x28,2.031721
50,0,imagen.jpeg,32,batchnorm,1x32x28x28,0.022094
50,0,imagen.jpeg,33,pointwise_conv,1x32x28x28,2.734174
50,0,imagen.jpeg,34,batchnorm,1x192x28x28,0.167061
50,0,imagen.jpeg,35,activacion,1x192x28x28,0.395463
50,0,imagen.jpeg,36,depthwise_conv,1x192x28x28,1.546181
50,0,imagen.jpeg,37,batchnorm,1x192x28x28,0.131762
50,0,imagen.jpeg,38,activacion,1x192x28x28,0.531598
50,0,imagen.jpeg,39,pointwise_conv,1x192x28x28,2.672158
50,0,imagen.jpeg,40,batchnorm,1x32x28x28,0.021462
50,0,imagen.jpeg,41,layer_add,1x32x28x28,0.01377
50,0,imagen.jpeg,42,pointwise_conv,1x32x28x28,2.653822
50,0,imagen.jpeg,43,batchnorm,1x192x28x28,0.124855
50,0,imagen.jpeg,44,activacion,1x192x28x28,0.459323
50,0,imagen.jpeg,45,depthwise_conv,1x192x28x28,1.484218
50,0,imagen.jpeg,46,batchnorm,1x192x28x28,0.139908
50,0,imagen.jpeg,47,activacion,1x192x28x28,0.514276
50,0,imagen.jpeg,48,pointwise_conv,1x192x28x28,2.614814
50,0,imagen.jpeg,49,batchnorm,1x32x28x28,0.02096
50,0,imagen.jpeg,50,layer_add,1x32x28x28,0.012383
50,0,imagen.jpeg,51,pointwise_conv,1x32x28x28,2.644907
50,0,imagen.jpeg,52,batchnorm,1x192x28x28,0.159714
50,0,imagen.jpeg,53,activacion,1x192x28x28,0.48331
50,0,imagen.jpeg,54,depthwise_conv,1x192x28x28,0.38694
50,0,imagen.jpeg,55,batchnorm,1x192x14x14,0.040376
50,0,imagen.jpeg,56,activacion,1x192x14x14,0.097021
50,0,imagen.jpeg,57,pointwise_conv,1x192x14x14,1.417734
50,0,imagen.jpeg,58,batchnorm,1x64x14x14,0.012629
50,0,imagen.jpeg,59,pointwise_conv,1x64x14x14,2.87342
50,0,imagen.jpeg,60,batchnorm,1x384x14x14,0.073539
50,0,imagen.jpeg,61,activacion,1x384x14x14,0.204639
50,0,imagen.jpeg,62,depthwise_conv,1x384x14x14,0.784275
50,0,imagen.jpeg,63,batchnorm,1x384x14x14,0.070211
50,0,imagen.jpeg,64,activacion,1x384x14x14,0.278626
50,0,imagen.jpeg,65,pointwise_conv,1x384x14x14,2.731221
50,0,imagen.jpeg,66,batchnorm,1x64x14x14,0.011171
50,0,imagen.jpeg,67,layer_add,1x64x14x14,0.006784
50,0,imagen.jpeg,68,pointwise_conv,1x64x14x14,2.726067
50,0,imagen.jpeg,69,batchnorm,1x384x14x14,0.073869
50,0,imagen.jpeg,70,activacion,1x384x14x14,0.270486
50,0,imagen.jpeg,71,depthwise_conv,1x384x14x14,0.753418
50,0,imagen.jpeg,72,batchnorm,1x384x14x14,0.09671
50,0,imagen.jpeg,73,activacion,1x384x14x14,0.245374
50,0,imagen.jpeg,74,pointwise_conv,1x384x14x14,2.866958
50,0,imagen.jpeg,75,batchnorm,1x64x14x14,0.01255
50,0,imagen.jpeg,76,layer_add,1x64x14x14,0.007604
50,0,imagen.jpeg,77,pointwise_conv,1x64x14x14,2.975237
50,0,imagen.jpeg,78,batchnorm,1x384x14x14,0.087934
50,0,imagen.jpeg,79,activacion,1x384x14x14,0.258811
50,0,imagen.jpeg,80,depthwise_conv,1x384x14x14,0.785813
50,0,imagen.jpeg,81,batchnorm,1x384x14x14,0.146886
50,0,imagen.jpeg,82,activacion,1x384x14x14,0.248415
50,0,imagen.jpeg,83,pointwise_conv,1x384x14x14,2.748384
50,0,imagen.jpeg,84,batchnorm,1x64x14x14,0.011144
50,0,imagen.jpeg,85,layer_add,1x64x14x14,0.007156
50,0,imagen.jpeg,86,pointwise_conv,1x64x14x14,2.847173
50,0,imagen.jpeg,87,batchnorm,1x384x14x14,0.070547
50,0,imagen.jpeg,88,activacion,1x384x14x14,0.262994
50,0,imagen.jpeg,89,depthwise_conv,1x384x14x14,0.796414
50,0,imagen.jpeg,90,batchnorm,1x384x14x14,0.069316
50,0,imagen.jpeg,91,activacion,1x384x14x14,0.251031
50,0,imagen.jpeg,92,pointwise_conv,1x384x14x14,4.082865
50,0,imagen.jpeg,93,batchnorm,1x96x14x14,0.016538
50,0,imagen.jpeg,94,pointwise_conv,1x96x14x14,6.045871
50,0,imagen.jpeg,95,batchnorm,1x576x14x14,0.105382
50,0,imagen.jpeg,96,activacion,1x576x14x14,0.394377
50,0,imagen.jpeg,97,depthwise_conv,1x576x14x14,1.129435
50,0,imagen.jpeg,98,batchnorm,1x576x14x14,0.183023
50,0,imagen.jpeg,99,activacion,1x576x14x14,0.320375
50,0,imagen.jpeg,100,pointwise_conv,1x576x14x14,6.147803
50,0,imagen.jpeg,101,batchnorm,1x96x14x14,0.016533
50,0,imagen.jpeg,102,layer_add,1x96x14x14,0.012329
50,0,imagen.jpeg,103,pointwise_conv,1x96x14x14,6.022381
50,0,imagen.jpeg,104,batchnorm,1x576x14x14,0.098311
50,0,imagen.jpeg,105,activacion,1x576x14x14,0.372551
50,0,imagen.jpeg,106,depthwise_conv,1x576x14x14,1.159869
50,0,imagen.jpeg,107,batchnorm,1x576x14x14,0.165719
50,0,imagen.jpeg,108,activacion,1x576x14x14,0.311545
50,0,imagen.jpeg,109,pointwise_conv,1x576x14x14,6.000625
50,0,imagen.jpeg,110,batchnorm,1x96x14x14,0.015699
50,0,imagen.jpeg,111,layer_add,1x96x14x14,0.00897
50,0,imagen.jpeg,112,pointwise_conv,1x96x14x14,6.064428
50,0,imagen.jpeg,113,batchnorm,1x576x14x14,0.10132
50,0,imagen.jpeg,114,activacion,1x576x14x14,0.346088
50,0,imagen.jpeg,115,depthwise_conv,1x576x14x14,0.260471
50,0,imagen.jpeg,116,batchnorm,1x576x7x7,0.02877
50,0,imagen.jpeg,117,activacion,1x576x7x7,0.077736
50,0,imagen.jpeg,118,pointwise_conv,1x576x7x7,2.493008
50,0,imagen.jpeg,119,batchnorm,1x160x7x7,0.007922
50,0,imagen.jpeg,120,pointwise_conv,1x160x7x7,4.079596
50,0,imagen.jpeg,121,batchnorm,1x960x7x7,0.041638
50,0,imagen.jpeg,122,activacion,1x960x7x7,0.156947
50,0,imagen.jpeg,123,depthwise_conv,1x960x7x7,0.448852
50,0,imagen.jpeg,124,batchnorm,1x960x7x7,0.076433
50,0,imagen.jpeg,125,activacion,1x960x7x7,0.13743
50,0,imagen.jpeg,126,pointwise_conv,1x960x7x7,3.981779
50,0,imagen.jpeg,127,batchnorm,1x160x7x7,0.007108
50,0,imagen.jpeg,128,layer_add,1x160x7x7,0.003723
50,0,imagen.jpeg,129,pointwise_conv,1x160x7x7,4.144116
50,0,imagen.jpeg,130,batchnorm,1x960x7x7,0.045326
50,0,imagen.jpeg,131,activacion,1x960x7x7,0.155314
50,0,imagen.jpeg,132,depthwise_conv,1x960x7x7,0.47135
50,0,imagen.jpeg,133,batchnorm,1x960x7x7,0.051495
50,0,imagen.jpeg,134,activacion,1x960x7x7,0.118834
50,0,imagen.jpeg,135,pointwise_conv,1x960x7x7,4.068487
50,0,imagen.jpeg,136,batchnorm,1x160x7x7,0.007578
50,0,imagen.jpeg,137,layer_add,1x160x7x7,0.004206
50,0,imagen.jpeg,138,pointwise_conv,1x160x7x7,4.0531
50,0,imagen.jpeg,139,batchnorm,1x960x7x7,0.041481
50,0,imagen.jpeg,140,activacion,1x960x7x7,0.111449
50,0,imagen.jpeg,141,depthwise_conv,1x960x7x7,0.452617
50,0,imagen.jpeg,142,batchnorm,1x960x7x7,0.04521
50,0,imagen.jpeg,143,activacion,1x960x7x7,0.085789
50,0,imagen.jpeg,144,pointwise_conv,1x960x7x7,8.349533
50,0,imagen.jpeg,145,batchnorm,1x320x7x7,0.017559
50,0,imagen.jpeg,146,pointwise_conv,1x320x7x7,11.0902
50,0,imagen.jpeg,147,batchnorm,1x1280x7x7,0.062982
50,0,imagen.jpeg,148,activacion,1x1280x7x7,0.182299
50,0,imagen.jpeg,149,pooling,1x1280x7x7,0.039327
50,0,imagen.jpeg,150,linear,1x1280,1.416077
51,0,imagen.jpeg,0,conv2d,1x3x224x224,12.114811
51,0,imagen.jpeg,1,batchnorm,1x32x112x112,0.412486
51,0,imagen.jpeg,2,activacion,1x32x112x112,0.664056
51,0,imagen.jpeg,3,depthwise_conv,1x32x112x112,4.147751
51,0,imagen.jpeg,4,batchnorm,1x32x112x112,2.419541
51,0,imagen.jpeg,5,activacion,1x32x112x112,0.768517
51,0,imagen.jpeg,6,pointwise_conv,1x32x112x112,3.661048
51,0,imagen.jpeg,7,batchnorm,1x16x112x112,0.172538
51,0,imagen.jpeg,8,pointwise_conv,1x16x112x112,11.100644
51,0,imagen.jpeg,9,batchnorm,1x96x112x112,2.081639
51,0,imagen.jpeg,10,activacion,1x96x112x112,3.428468
51,0,imagen.jpeg,11,depthwise_conv,1x96x112x112,3.10149
51,0,imagen.jpeg,12,batchnorm,1x96x56x56,0.361236
51,0,imagen.jpeg,13,activacion,1x96x56x56,1.090555
51,0,imagen.jpeg,14,pointwise_conv,1x96x56x56,3.924168
51,0,imagen.jpeg,15,batchnorm,1x24x56x56,0.074666
51,0,imagen.jpeg,16,pointwise_conv,1x24x56x56,6.520884
51,0,imagen.jpeg,17,batchnorm,1x144x56x56,0.865619
51,0,imagen.jpeg,18,activacion,1x144x56x56,1.266284
51,0,imagen.jpeg,19,depthwise_conv,1x144x56x56,4.544016
51,0,imagen.jpeg,20,batchnorm,1x144x56x56,0.965053
51,0,imagen.jpeg,21,activacion,1x144x56x56,1.633266
51,0,imagen.jpeg,22,pointwise_conv,1x144x56x56,5.840918
51,0,imagen.jpeg,23,batchnorm,1x24x56x56,0.062323
51,0,imagen.jpeg,24,layer_add,1x24x56x56,0.045112
51,0,imagen.jpeg,25,pointwise_conv,1x24x56x56,6.177347
51,0,imagen.jpeg,26,batchnorm,1x144x56x56,0.527576
51,0,imagen.jpeg,27,activacion,1x144x56x56,1.551553
51,0,imagen.jpeg,28,depthwise_conv,1x144x56x56,1.210938
51,0,imagen.jpeg,29,batchnorm,1x144x28x28,0.107049
51,0,imagen.jpeg,30,activacion,1x144x28x28,0.359247
51,0,imagen.jpeg,31,pointwise_conv,1x144x28x28,2.027386
51,0,imagen.jpeg,32,batchnorm,1x32x28x28,0.021597
51,0,imagen.jpeg,33,pointwise_conv,1x32x28x28,2.713609
51,0,imagen.jpeg,34,batchnorm,1x192x28x28,0.142995
51,0,imagen.jpeg,35,activacion,1x192x28x28,0.370214
51,0,imagen.jpeg,36,depthwise_conv,1x192x28x28,1.519931
51,0,imagen.jpeg,37,batchnorm,1x192x28x28,0.126952
51,0,imagen.jpeg,38,activacion,1x192x28x28,0.515039
51,0,imagen.jpeg,39,pointwise_conv,1x192x28x28,2.631279
51,0,imagen.jpeg,40,batchnorm,1x32x28x28,0.020734
51,0,imagen.jpeg,41,layer_add,1x32x28x28,0.012595
51,0,imagen.jpeg,42,pointwise_conv,1x32x28x28,2.846809
51,0,imagen.jpeg,43,batchnorm,1x192x28x28,0.148914
51,0,imagen.jpeg,44,activacion,1x192x28x28,0.458539
51,0,imagen.jpeg,45,depthwise_conv,1x192x28x28,1.534294
51,0,imagen.jpeg,46,batchnorm,1x192x28x28,0.165041
51,0,imagen.jpeg,47,activacion,1x192x28x28,0.530167
51,0,imagen.jpeg,48,pointwise_conv,1x192x28x28,2.693692
51,0,imagen.jpeg,49,batchnorm,1x32x28x28,0.022628
51,0,imagen.jpeg,50,layer_add,1x32x28x28,0.014316
51,0,imagen.jpeg,51,pointwise_conv,1x32x28x28,2.723295
51,0,imagen.jpeg,52,batchnorm,1x192x28x28,0.142002
51,0,imagen.jpeg,53,activacion,1x192x28x28,0.468616
51,0,imagen.jpeg,54,depthwise_conv,1x192x28x28,0.376063
51,0,imagen.jpeg,55,batchnorm,1x192x14x14,0.033051
51,0,imagen.jpeg,56,activacion,1x192x14x14,0.096323
51,0,imagen.jpeg,57,pointwise_conv,1x192x14x14,1.340549
51,0,imagen.jpeg,58,batchnorm,1x64x14x14,0.011393
51,0,imagen.jpeg,59,pointwise_conv,1x64x14x14,2.698784
51,0,imagen.jpeg,60,batchnorm,1x384x14x14,0.0649
51,0,imagen.jpeg,61,activacion,1x384x14x14,0.188428
51,0,imagen.jpeg,62,depthwise_conv,1x384x14x14,0.751592
51,0,imagen.jpeg,63,batchnorm,1x384x14x14,0.065914
51,0,imagen.jpeg,64,activacion,1x384x14x14,0.267446
51,0,imagen.jpeg,65,pointwise_conv,1x384x14x14,2.698331
51,0,imagen.jpeg,66,batchnorm,1x64x14x14,0.011016
51,0,imagen.jpeg,67,layer_add,1x64x14x14,0.006004
51,0,imagen.jpeg,68,pointwise_conv,1x64x14x14,2.736088
51,0,imagen.jpeg,69,batchnorm,1x384x14x14,0.06936
51,0,imagen.jpeg,70,activacion,1x384x14x14,0.239058
51,0,imagen.jpeg,71,depthwise_conv,1x384x14x14,0.769161
51,0,imagen.jpeg,72,batchnorm,1x384x14x14,0.10059
51,0,imagen.jpeg,73,activacion,1x384x14x14,0.251021
51,0,imagen.jpeg,74,pointwise_conv,1x384x14x14,2.853581
51,0,imagen.jpeg,75,batchnorm,1x64x14x14,0.013057
51,0,imagen.jpeg,76,layer_add,1x64x14x14,0.008462
51,0,imagen.jpeg,77,pointwise_conv,1x64x14x14,3.051079
51,0,imagen.jpeg,78,batchnorm,1x384x14x14,0.072201
51,0,imagen.jpeg,79,activacion,1x384x14x14,0.260318
51,0,imagen.jpeg,80,depthwise_conv,1x384x14x14,0.79294
51,0,imagen.jpeg,81,batchnorm,1x384x14x14,0.147741
51,0,imagen.jpeg,82,activacion,1x384x14x14,0.243362
51,0,imagen.jpeg,83,pointwise_conv,1x384x14x14,2.74432
51,0,imagen.jpeg,84,batchnorm,1x64x14x14,0.011197
51,0,imagen.jpeg,85,layer_add,1x64x14x14,0.006257
51,0,imagen.jpeg,86,pointwise_conv,1x64x14x14,2.745939
51,0,imagen.jpeg,87,batchnorm,1x384x14x14,0.065335
51,0,imagen.jpeg,88,activacion,1x384x14x14,0.285062
51,0,imagen.jpeg,89,depthwise_conv,1x384x14x14,0.782558
51,0,imagen.jpeg,90,batchnorm,1x384x14x14,0.070903
51,0,imagen.jpeg,91,activacion,1x384x14x14,0.236519
51,0,imagen.jpeg,92,pointwise_conv,1x384x14x14,4.036593
51,0,imagen.jpeg,93,batchnorm,1x96x14x14,0.016151
51,0,imagen.jpeg,94,pointwise_conv,1x96x14x14,6.159873
51,0,imagen.jpeg,95,batchnorm,1x576x14x14,0.116169
51,0,imagen.jpeg,96,activacion,1x576x14x14,0.437863
51,0,imagen.jpeg,97,depthwise_conv,1x576x14x14,1.270771
51,0,imagen.jpeg,98,batchnorm,1x576x14x14,0.185668
51,0,imagen.jpeg,99,activacion,1x576x14x14,0.373283
51,0,imagen.jpeg,100,pointwise_conv,1x576x14x14,6.310318
51,0,imagen.jpeg,101,batchnorm,1x96x14x14,0.021114
51,0,imagen.jpeg,102,layer_add,1x96x14x14,0.014839
51,0,imagen.jpeg,103,pointwise_conv,1x96x14x14,6.398101
51,0,imagen.jpeg,104,batchnorm,1x576x14x14,0.119642
51,0,imagen.jpeg,105,activacion,1x576x14x14,0.376452
51,0,imagen.jpeg,106,depthwise_conv,1x576x14x14,1.19271
51,0,imagen.jpeg,107,batchnorm,1x576x14x14,0.166616
51,0,imagen.jpeg,108,activacion,1x576x14x14,0.319948
51,0,imagen.jpeg,109,pointwise_conv,1x576x14x14,6.229547
51,0,imagen.jpeg,110,batchnorm,1x96x14x14,0.016598
51,0,imagen.jpeg,111,layer_add,1x96x14x14,0.010251
51,0,imagen.jpeg,112,pointwise_conv,1x96x14x14,6.694624
51,0,imagen.jpeg,113,batchnorm,1x576x14x14,0.107111
51,0,imagen.jpeg,114,activacion,1x576x14x14,0.343684
51,0,imagen.jpeg,115,depthwise_conv,1x576x14x14,0.274914
51,0,imagen.jpeg,116,batchnorm,1x576x7x7,0.029548
51,0,imagen.jpeg,117,activacion,1x576x7x7,0.065217
51,0,imagen.jpeg,118,pointwise_conv,1x576x7x7,2.44266
51,0,imagen.jpeg,119,batchnorm,1x160x7x7,0.007547
51,0,imagen.jpeg,120,pointwise_conv,1x160x7x7,4.144314
51,0,imagen.jpeg,121,batchnorm,1x960x7x7,0.04266
51,0,imagen.jpeg,122,activacion,1x960x7x7,0.162047
51,0,imagen.jpeg,123,depthwise_conv,1x960x7x7,0.4289
51,0,imagen.jpeg,124,batchnorm,1x960x7x7,0.043044
51,0,imagen.jpeg,125,activacion,1x960x7x7,0.140456
51,0,imagen.jpeg,126,pointwise_conv,1x960x7x7,4.100693
51,0,imagen.jpeg,127,batchnorm,1x160x7x7,0.007498
51,0,imagen.jpeg,128,layer_add,1x160x7x7,0.003693
51,0,imagen.jpeg,129,pointwise_conv,1x160x7x7,4.108502
51,0,imagen.jpeg,130,batchnorm,1x960x7x7,0.044248
51,0,imagen.jpeg,131,activacion,1x960x7x7,0.146938
51,0,imagen.jpeg,132,depthwise_conv,1x960x7x7,0.440435
51,0,imagen.jpeg,133,batchnorm,1x960x7x7,0.05507
51,0,imagen.jpeg,134,activacion,1x960x7x7,0.128179
51,0,imagen.jpeg,135,pointwise_conv,1x960x7x7,4.403753
51,0,imagen.jpeg,136,batchnorm,1x160x7x7,0.008728
51,0,imagen.jpeg,137,layer_add,1x160x7x7,0.00508
51,0,imagen.jpeg,138,pointwise_conv,1x160x7x7,4.466544
51,0,imagen.jpeg,139,batchnorm,1x960x7x7,0.068729
51,0,imagen.jpeg,140,activacion,1x960x7x7,0.112254
51,0,imagen.jpeg,141,depthwise_conv,1x960x7x7,0.660122
51,0,imagen.jpeg,142,batchnorm,1x960x7x7,0.047853
51,0,imagen.jpeg,143,activacion,1x960x7x7,0.087107
51,0,imagen.jpeg,144,pointwise_conv,1x960x7x7,8.077468
51,0,imagen.jpeg,145,batchnorm,1x320x7x7,0.018705
51,0,imagen.jpeg,146,pointwise_conv,1x320x7x7,11.081192
51,0,imagen.jpeg,147,batchnorm,1x1280x7x7,0.062419
51,0,imagen.jpeg,148,activacion,1x1280x7x7,0.176822
51,0,imagen.jpeg,149,pooling,1x1280x7x7,0.038369
51,0,imagen.jpeg,150,linear,1x1280,1.412748
52,0,imagen.jpeg,0,conv2d,1x3x224x224,12.458441
52,0,imagen.jpeg,1,batchnorm,1x32x112x112,0.430046
52,0,imagen.jpeg,2,activacion,1x32x112x112,0.710374
52,0,imagen.jpeg,3,depthwise_conv,1x32x112x112,3.956239
52,0,imagen.jpeg,4,batchnorm,1x32x112x112,2.496036
52,0,imagen.jpeg,5,activacion,1x32x112x112,0.781111
52,0,imagen.jpeg,6,pointwise_conv,1x32x112x112,3.59345
52,0,imagen.jpeg,7,batchnorm,1x16x112x112,0.189393
52,0,imagen.jpeg,8,pointwise_conv,1x16x112x112,11.688632
52,0,imagen.jpeg,9,batchnorm,1x96x112x112,2.149987
52,0,imagen.jpeg,10,activacion,1x96x112x112,3.371824
52,0,imagen.jpeg,11,depthwise_conv,1x96x112x112,3.235636
52,0,imagen.jpeg,12,batchnorm,1x96x56x56,0.297006
52,0,imagen.jpeg,13,activacion,1x96x56x56,0.994148
52,0,imagen.jpeg,14,pointwise_conv,1x96x56x56,4.007151
52,0,imagen.jpeg,15,batchnorm,1x24x56x56,0.062932
52,0,imagen.jpeg,16,pointwise_conv,1x24x56x56,6.718367
52,0,imagen.jpeg,17,batchnorm,1x144x56x56,0.948842
52,0,imagen.jpeg,18,activacion,1x144x56x56,1.433864
52,0,imagen.jpeg,19,depthwise_conv,1x144x56x56,5.19369
52,0,imagen.jpeg,20,batchnorm,1x144x56x56,0.953544
52,0,imagen.jpeg,21,activacion,1x144x56x56,1.667104
52,0,imagen.jpeg,22,pointwise_conv,1x144x56x56,6.035701
52,0,imagen.jpeg,23,batchnorm,1x24x56x56,0.066736
52,0,imagen.jpeg,24,layer_add,1x24x56x56,0.041784
52,0,imagen.jpeg,25,pointwise_conv,1x24x56x56,6.125861
52,0,imagen.jpeg,26,batchnorm,1x144x56x56,0.509863
52,0,imagen.jpeg,27,activacion,1x144x56x56,1.590569
52,0,imagen.jpeg,28,depthwise_conv,1x144x56x56,1.181925
52,0,imagen.jpeg,29,batchnorm,1x144x28x28,0.100707
52,0,imagen.jpeg,30,activacion,1x144x28x28,0.366993
52,0,imagen.jpeg,31,pointwise_conv,1x144x28x28,2.048802
52,0,imagen.jpeg,32,batchnorm,1x32x28x28,0.022671
52,0,imagen.jpeg,33,pointwise_conv,1x32x28x28,2.760302
52,0,imagen.jpeg,34,batchnorm,1x192x28x28,0.150676
52,0,imagen.jpeg,35,activacion,1x192x28x28,0.367629
52,0,imagen.jpeg,36,depthwise_conv,1x192x28x28,1.498073
52,0,imagen.jpeg,37,batchnorm,1x192x28x28,0.144499
52,0,imagen.jpeg,38,activacion,1x192x28x28,0.522869
52,0,imagen.jpeg,39,pointwise_conv,1x192x28x28,2.614149
52,0,imagen.jpeg,40,batchnorm,1x32x28x28,0.020633
52,0,imagen.jpeg,41,layer_add,1x32x28x28,0.012524
52,0,imagen.jpeg,42,pointwise_conv,1x32x28x28,2.791941
52,0,imagen.jpeg,43,batchnorm,1x192x28x28,0.129172
52,0,imagen.jpeg,44,activacion,1x192x28x28,0.429506
52,0,imagen.jpeg,45,depthwise_conv,1x192x28x28,1.5363
52,0,imagen.jpeg,46,batchnorm,1x192x28x28,0.142284
52,0,imagen.jpeg,47,activacion,1x192x28x28,0.497584
52,0,imagen.jpeg,48,pointwise_conv,1x192x28x28,2.765397
52,0,imagen.jpeg,49,batchnorm,1x32x28x28,0.022044
52,0,imagen.jpeg,50,layer_add,1x32x28x28,0.01365
52,0,imagen.jpeg,51,pointwise_conv,1x32x28x28,2.684446
52,0,imagen.jpeg,52,batchnorm,1x192x28x28,0.126264
52,0,imagen.jpeg,53,activacion,1x192x28x28,0.499918
52,0,imagen.jpeg,54,depthwise_conv,1x192x28x28,0.390642
52,0,imagen.jpeg,55,batchnorm,1x192x14x14,0.03429
52,0,imagen.jpeg,56,activacion,1x192x14x14,0.09843
52,0,imagen.jpeg,57,pointwise_conv,1x192x14x14,1.36743
52,0,imagen.jpeg,58,batchnorm,1x64x14x14,0.011685
52,0,imagen.jpeg,59,pointwise_conv,1x64x14x14,2.761478
52,0,imagen.jpeg,60,batchnorm,1x384x14x14,0.068872
52,0,imagen.jpeg,61,activacion,1x384x14x14,0.186359
52,0,imagen.jpeg,62,depthwise_conv,1x384x14x14,0.78268
52,0,imagen.jpeg,63,batchnorm,1x384x14x14,0.066222
52,0,imagen.jpeg,64,activacion,1x384x14x14,0.268351
52,0,imagen.jpeg,65,pointwise_conv,1x384x14x14,2.688269
52,0,imagen.jpeg,66,batchnorm,1x64x14x14,0.010874
52,0,imagen.jpeg,67,layer_add,1x64x14x14,0.006743
52,0,imagen.jpeg,68,pointwise_conv,1x64x14x14,2.7721
52,0,imagen.jpeg,69,batchnorm,1x384x14x14,0.069045
52,0,imagen.jpeg,70,activacion,1x384x14x14,0.24719
52,0,imagen.jpeg,71,depthwise_conv,1x384x14x14,0.785218
52,0,imagen.jpeg,72,batchnorm,1x384x14x14,0.107407
52,0,imagen.jpeg,73,activacion,1x384x14x14,0.260121
52,0,imagen.jpeg,74,pointwise_conv,1x384x14x14,2.713793
52,0,imagen.jpeg,75,batchnorm,1x64x14x14,0.011292
52,0,imagen.jpeg,76,layer_add,1x64x14x14,0.007348
52,0,imagen.jpeg,77,pointwise_conv,1x64x14x14,2.711921
52,0,imagen.jpeg,78,batchnorm,1x384x14x14,0.066368
52,0,imagen.jpeg,79,activacion,1x384x14x14,0.246414
52,0,imagen.jpeg,80,depthwise_conv,1x384x14x14,0.764836
52,0,imagen.jpeg,81,batchnorm,1x384x14x14,0.139199
52,0,imagen.jpeg,82,activacion,1x384x14x14,0.239358
52,0,imagen.jpeg,83,pointwise_conv,1x384x14x14,2.776052
52,0,imagen.jpeg,84,batchnorm,1x64x14x14,0.012926
52,0,imagen.jpeg,85,layer_add,1x64x14x14,0.007139
52,0,imagen.jpeg,86,pointwise_conv,1x64x14x14,2.850675
52,0,imagen.jpeg,87,batchnorm,1x384x14x14,0.074012
52,0,imagen.jpeg,88,activacion,1x384x14x14,0.268635
52,0,imagen.jpeg,89,depthwise_conv,1x384x14x14,0.790058
52,0,imagen.jpeg,90,batchnorm,1x384x14x14,0.069934
52,0,imagen.jpeg,91,activacion,1x384x14x14,0.251625
52,0,imagen.jpeg,92,pointwise_conv,1x384x14x14,4.070192
52,0,imagen.jpeg,93,batchnorm,1x96x14x14,0.020815
52,0,imagen.jpeg,94,pointwise_conv,1x96x14x14,5.942501
52,0,imagen.jpeg,95,batchnorm,1x576x14x14,0.223047
52,0,imagen.jpeg,96,activacion,1x576x14x14,0.397556
52,0,imagen.jpeg,97,depthwise_conv,1x576x14x14,1.262593
52,0,imagen.jpeg,98,batchnorm,1x576x14x14,0.185179
52,0,imagen.jpeg,99,activacion,1x576x14x14,0.335479
52,0,imagen.jpeg,100,pointwise_conv,1x576x14x14,6.134309
52,0,imagen.jpeg,101,batchnorm,1x96x14x14,0.023166
52,0,imagen.jpeg,102,layer_add,1x96x14x14,0.020898
52,0,imagen.jpeg,103,pointwise_conv,1x96x14x14,6.087739
52,0,imagen.jpeg,104,batchnorm,1x576x14x14,0.155192
52,0,imagen.jpeg,105,activacion,1x576x14x14,0.382816
52,0,imagen.jpeg,106,depthwise_conv,1x576x14x14,1.16874
52,0,imagen.jpeg,107,batchnorm,1x576x14x14,0.161622
52,0,imagen.jpeg,108,activacion,1x576x14x14,0.311566
52,0,imagen.jpeg,109,pointwise_conv,1x576x14x14,6.126973
52,0,imagen.jpeg,110,batchnorm,1x96x14x14,0.016774
52,0,imagen.jpeg,111,layer_add,1x96x14x14,0.010626
52,0,imagen.jpeg,112,pointwise_conv,1x96x14x14,6.047363
52,0,imagen.jpeg,113,batchnorm,1x576x14x14,0.100389
52,0,imagen.jpeg,114,activacion,1x576x14x14,0.312517
52,0,imagen.jpeg,115,depthwise_conv,1x576x14x14,0.277773
52,0,imagen.jpeg,116,batchnorm,1x576x7x7,0.029913
52,0,imagen.jpeg,117,activacion,1x576x7x7,0.068088
52,0,imagen.jpeg,118,pointwise_conv,1x576x7x7,2.450553
52,0,imagen.jpeg,119,batchnorm,1x160x7x7,0.007367
52,0,imagen.jpeg,120,pointwise_conv,1x160x7x7,4.028699
52,0,imagen.jpeg,121,batchnorm,1x960x7x7,0.04057
52,0,imagen.jpeg,122,activacion,1x960x7x7,0.142763
52,0,imagen.jpeg,123,depthwise_conv,1x960x7x7,0.454082
52,0,imagen.jpeg,124,batchnorm,1x960x7x7,0.040759
52,0,imagen.jpeg,125,activacion,1x960x7x7,0.133063
52,0,imagen.jpeg,126,pointwise_conv,1x960x7x7,4.058139
52,0,imagen.jpeg,127,batchnorm,1x160x7x7,0.007435
52,0,imagen.jpeg,128,layer_add,1x160x7x7,0.003932
52,0,imagen.jpeg,129,pointwise_conv,1x160x7x7,3.969042
52,0,imagen.jpeg,130,batchnorm,1x960x7x7,0.040401
52,0,imagen.jpeg,131,activacion,1x960x7x7,0.13536
52,0,imagen.jpeg,132,depthwise_conv,1x960x7x7,0.426403
52,0,imagen.jpeg,133,batchnorm,1x960x7x7,0.052349
52,0,imagen.jpeg,134,activacion,1x960x7x7,0.122122
52,0,imagen.jpeg,135,pointwise_conv,1x960x7x7,4.058278
52,0,imagen.jpeg,136,batchnorm,1x160x7x7,0.007323
52,0,imagen.jpeg,137,layer_add,1x160x7x7,0.003965
52,0,imagen.jpeg,138,pointwise_conv,1x160x7x7,4.068593
52,0,imagen.jpeg,139,batchnorm,1x960x7x7,0.040619
52,0,imagen.jpeg,140,activacion,1x960x7x7,0.108676
52,0,imagen.jpeg,141,depthwise_conv,1x960x7x7,0.433485
52,0,imagen.jpeg,142,batchnorm,1x960x7x7,0.045144
52,0,imagen.jpeg,143,activacion,1x960x7x7,0.084917
52,0,imagen.jpeg,144,pointwise_conv,1x960x7x7,8.111579
52,0,imagen.jpeg,145,batchnorm,1x320x7x7,0.014502
52,0,imagen.jpeg,146,pointwise_conv,1x320x7x7,10.964974
52,0,imagen.jpeg,147,batchnorm,1x1280x7x7,0.064569
52,0,imagen.jpeg,148,activacion,1x1280x7x7,0.182727
52,0,imagen.jpeg,149,pooling,1x1280x7x7,0.039237
52,0,imagen.jpeg,150,linear,1x1280,1.384498
53,0,imagen.jpeg,0,conv2d,1x3x224x224,12.598513
53,0,imagen.jpeg,1,batchnorm,1x32x112x112,0.40382
53,0,imagen.jpeg,2,activacion,1x32x112x112,0.658699
53,0,imagen.jpeg,3,depthwise_conv,1x32x112x112,3.885942
53,0,imagen.jpeg,4,batchnorm,1x32x112x112,2.250404
53,0,imagen.jpeg,5,activacion,1x32x112x112,0.738295
53,0,imagen.jpeg,6,pointwise_conv,1x32x112x112,3.579018
53,0,imagen.jpeg,7,batchnorm,1x16x112x112,0.222584
53,0,imagen.jpeg,8,pointwise_conv,1x16x112x112,11.526159
53,0,imagen.jpeg,9,batchnorm,1x96x112x112,2.160858
53,0,imagen.jpeg,10,activacion,1x96x112x112,3.374967
53,0,imagen.jpeg,11,depthwise_conv,1x96x112x112,3.028583
53,0,imagen.jpeg,12,batchnorm,1x96x56x56,0.282264
53,0,imagen.jpeg,13,activacion,1x96x56x56,1.072725
53,0,imagen.jpeg,14,pointwise_conv,1x96x56x56,3.998313
53,0,imagen.jpeg,15,batchnorm,1x24x56x56,0.064145
53,0,imagen.jpeg,16,pointwise_conv,1x24x56x56,6.535389
53,0,imagen.jpeg,17,batchnorm,1x144x56x56,0.869455
53,0,imagen.jpeg,18,activacion,1x144x56x56,1.280649
53,0,imagen.jpeg,19,depthwise_conv,1x144x56x56,4.409045
53,0,imagen.jpeg,20,batchnorm,1x144x56x56,0.869398
53,0,imagen.jpeg,21,activacion,1x144x56x56,1.613165
53,0,imagen.jpeg,22,pointwise_conv,1x144x56x56,6.298285
53,0,imagen.jpeg,23,batchnorm,1x24x56x56,0.093437
53,0,imagen.jpeg,24,layer_add,1x24x56x56,0.05265
53,0,imagen.jpeg,25,pointwise_conv,1x24x56x56,6.171923
53,0,imagen.jpeg,26,batchnorm,1x144x56x56,0.455024
53,0,imagen.jpeg,27,activacion,1x144x56x56,1.536704
53,0,imagen.jpeg,28,depthwise_conv,1x144x56x56,1.146043
53,0,imagen.jpeg,29,batchnorm,1x144x28x28,0.097618
53,0,imagen.jpeg,30,activacion,1x144x28x28,0.353692
53,0,imagen.jpeg,31,pointwise_conv,1x144x28x28,2.037414
53,0,imagen.jpeg,32,batchnorm,1x32x28x28,0.025406
53,0,imagen.jpeg,33,pointwise_conv,1x32x28x28,2.876348
53,0,imagen.jpeg,34,batchnorm,1x192x28x28,0.143482
53,0,imagen.jpeg,35,activacion,1x192x28x28,0.388828
53,0,imagen.jpeg,36,depthwise_conv,1x192x28x28,1.55069
53,0,imagen.jpeg,37,batchnorm,1x192x28x28,0.143838
53,0,imagen.jpeg,38,activacion,1x192x28x28,0.536398
53,0,imagen.jpeg,39,pointwise_conv,1x192x28x28,2.678786
53,0,imagen.jpeg,40,batchnorm,1x32x28x28,0.021341
53,0,imagen.jpeg,41,layer_add,1x32x28x28,0.013347
53,0,imagen.jpeg,42,pointwise_conv,1x32x28x28,2.657765
53,0,imagen.jpeg,43,batchnorm,1x192x28x28,0.125795
53,0,imagen.jpeg,44,activacion,1x192x28x28,0.439806
53,0,imagen.jpeg,45,depthwise_conv,1x192x28x28,1.536987
53,0,imagen.jpeg,46,batchnorm,1x192x28x28,0.125694
53,0,imagen.jpeg,47,activacion,1x192x28x28,0.517773
53,0,imagen.jpeg,48,pointwise_conv,1x192x28x28,3.063331
53,0,imagen.jpeg,49,batchnorm,1x32x28x28,0.022812
53,0,imagen.jpeg,50,layer_add,1x32x28x28,0.014351
53,0,imagen.jpeg,51,pointwise_conv,1x32x28x28,2.736118
53,0,imagen.jpeg,52,batchnorm,1x192x28x28,0.129609
53,0,imagen.jpeg,53,activacion,1x192x28x28,0.486878
53,0,imagen.jpeg,54,depthwise_conv,1x192x28x28,0.388197
53,0,imagen.jpeg,55,batchnorm,1x192x14x14,0.033931
53,0,imagen.jpeg,56,activacion,1x192x14x14,0.110051
53,0,imagen.jpeg,57,pointwise_conv,1x192x14x14,1.746193
53,0,imagen.jpeg,58,batchnorm,1x64x14x14,0.013969
53,0,imagen.jpeg,59,pointwise_conv,1x64x14x14,2.716277
53,0,imagen.jpeg,60,batchnorm,1x384x14x14,0.083422
53,0,imagen.jpeg,61,activacion,1x384x14x14,0.186648
53,0,imagen.jpeg,62,depthwise_conv,1x384x14x14,0.75479
53,0,imagen.jpeg,63,batchnorm,1x384x14x14,0.065943
53,0,imagen.jpeg,64,activacion,1x384x14x14,0.262101
53,0,imagen.jpeg,65,pointwise_conv,1x384x14x14,2.692469
53,0,imagen.jpeg,66,batchnorm,1x64x14x14,0.010785
53,0,imagen.jpeg,67,layer_add,1x64x14x14,0.006056
53,0,imagen.jpeg,68,pointwise_conv,1x64x14x14,2.646059
53,0,imagen.jpeg,69,batchnorm,1x384x14x14,0.063862
53,0,imagen.jpeg,70,activacion,1x384x14x14,0.228678
53,0,imagen.jpeg,71,depthwise_conv,1x384x14x14,0.836643
53,0,imagen.jpeg,72,batchnorm,1x384x14x14,0.097517
53,0,imagen.jpeg,73,activacion,1x384x14x14,0.249323
53,0,imagen.jpeg,74,pointwise_conv,1x384x14x14,2.860418
53,0,imagen.jpeg,75,batchnorm,1x64x14x14,0.011874
53,0,imagen.jpeg,76,layer_add,1x64x14x14,0.007348
53,0,imagen.jpeg,77,pointwise_conv,1x64x14x14,2.876679
53,0,imagen.jpeg,78,batchnorm,1x384x14x14,0.0778
53,0,imagen.jpeg,79,activacion,1x384x14x14,0.254221
53,0,imagen.jpeg,80,depthwise_conv,1x384x14x14,0.78229
53,0,imagen.jpeg,81,batchnorm,1x384x14x14,0.143365
53,0,imagen.jpeg,82,activacion,1x384x14x14,0.229002
53,0,imagen.jpeg,83,pointwise_conv,1x384x14x14,2.725642
53,0,imagen.jpeg,84,batchnorm,1x64x14x14,0.011489
53,0,imagen.jpeg,85,layer_add,1x64x14x14,0.006616
53,0,imagen.jpeg,86,pointwise_conv,1x64x14x14,2.740824
53,0,imagen.jpeg,87,batchnorm,1x384x14x14,0.065225
53,0,imagen.jpeg,88,activacion,1x384x14x14,0.269107
53,0,imagen.jpeg,89,depthwise_conv,1x384x14x14,0.778418
53,0,imagen.jpeg,90,batchnorm,1x384x14x14,0.06707
53,0,imagen.jpeg,91,activacion,1x384x14x14,0.24424
53,0,imagen.jpeg,92,pointwise_conv,1x384x14x14,4.026566
53,0,imagen.jpeg,93,batchnorm,1x96x14x14,0.016019
53,0,imagen.jpeg,94,pointwise_conv,1x96x14x14,5.953689
53,0,imagen.jpeg,95,batchnorm,1x576x14x14,0.103168
53,0,imagen.jpeg,96,activacion,1x576x14x14,0.396807
53,0,imagen.jpeg,97,depthwise_conv,1x576x14x14,1.134778
53,0,imagen.jpeg,98,batchnorm,1x576x14x14,0.208718
53,0,imagen.jpeg,99,activacion,1x576x14x14,0.325951
53,0,imagen.jpeg,100,pointwise_conv,1x576x14x14,6.192942
53,0,imagen.jpeg,101,batchnorm,1x96x14x14,0.016395
53,0,imagen.jpeg,102,layer_add,1x96x14x14,0.013005
53,0,imagen.jpeg,103,pointwise_conv,1x96x14x14,6.267731
53,0,imagen.jpeg,104,batchnorm,1x576x14x14,0.102651
53,0,imagen.jpeg,105,activacion,1x576x14x14,0.359295
53,0,imagen.jpeg,106,depthwise_conv,1x576x14x14,1.134885
53,0,imagen.jpeg,107,batchnorm,1x576x14x14,0.172744
53,0,imagen.jpeg,108,activacion,1x576x14x14,0.31012
53,0,imagen.jpeg,109,pointwise_conv,1x576x14x14,6.210796
53,0,imagen.jpeg,110,batchnorm,1x96x14x14,0.016859
53,0,imagen.jpeg,111,layer_add,1x96x14x14,0.009551
53,0,imagen.jpeg,112,pointwise_conv,1x96x14x14,5.694031
53,0,imagen.jpeg,113,batchnorm,1x576x14x14,0.103332
53,0,imagen.jpeg,114,activacion,1x576x14x14,0.299533
53,0,imagen.jpeg,115,depthwise_conv,1x576x14x14,0.254021
53,0,imagen.jpeg,116,batchnorm,1x576x7x7,0.028658
53,0,imagen.jpeg,117,activacion,1x576x7x7,0.061873
53,0,imagen.jpeg,118,pointwise_conv,1x576x7x7,2.396516
53,0,imagen.jpeg,119,batchnorm,1x160x7x7,0.007395
53,0,imagen.jpeg,120,pointwise_conv,1x160x7x7,4.016382
53,0,imagen.jpeg,121,batchnorm,1x960x7x7,0.042651
53,0,imagen.jpeg,122,activacion,1x960x7x7,0.14554
53,0,imagen.jpeg,123,depthwise_conv,1x960x7x7,0.415095
53,0,imagen.jpeg,124,batchnorm,1x960x7x7,0.071029
53,0,imagen.jpeg,125,activacion,1x960x7x7,0.136309
53,0,imagen.jpeg,126,pointwise_conv,1x960x7x7,4.245699
53,0,imagen.jpeg,127,batchnorm,1x160x7x7,0.007303
53,0,imagen.jpeg,128,layer_add,1x160x7x7,0.004035
53,0,imagen.jpeg,129,pointwise_conv,1x160x7x7,4.02589
53,0,imagen.jpeg,130,batchnorm,1x960x7x7,0.042678
53,0,imagen.jpeg,131,activacion,1x960x7x7,0.142712
53,0,imagen.jpeg,132,depthwise_conv,1x960x7x7,0.428103
53,0,imagen.jpeg,133,batchnorm,1x960x7x7,0.053727
53,0,imagen.jpeg,134,activacion,1x960x7x7,0.123984
53,0,imagen.jpeg,135,pointwise_conv,1x960x7x7,3.972404
53,0,imagen.jpeg,136,batchnorm,1x160x7x7,0.00722
53,0,imagen.jpeg,137,layer_add,1x160x7x7,0.003518
53,0,imagen.jpeg,138,pointwise_conv,1x160x7x7,4.06858
53,0,imagen.jpeg,139,batchnorm,1x960x7x7,0.042579
53,0,imagen.jpeg,140,activacion,1x960x7x7,0.114645
53,0,imagen.jpeg,141,depthwise_conv,1x960x7x7,0.526946
53,0,imagen.jpeg,142,batchnorm,1x960x7x7,0.046667
53,0,imagen.jpeg,143,activacion,1x960x7x7,0.087434
53,0,imagen.jpeg,144,pointwise_conv,1x960x7x7,8.015593
53,0,imagen.jpeg,145,batchnorm,1x320x7x7,0.015342
53,0,imagen.jpeg,146,pointwise_conv,1x320x7x7,10.731746
53,0,imagen.jpeg,147,batchnorm,1x1280x7x7,0.083034
53,0,imagen.jpeg,148,activacion,1x1280x7x7,0.198691
53,0,imagen.jpeg,149,pooling,1x1280x7x7,0.047176
53,0,imagen.jpeg,150,linear,1x1280,1.519975
54,0,imagen.jpeg,0,conv2d,1x3x224x224,12.691467
54,0,imagen.jpeg,1,batchnorm,1x32x112x112,0.522656
54,0,imagen.jpeg,2,activacion,1x32x112x112,0.756999
54,0,imagen.jpeg,3,depthwise_conv,1x32x112x112,4.102697
54,0,imagen.jpeg,4,batchnorm,1x32x112x112,2.384216
54,0,imagen.jpeg,5,activacion,1x32x112x112,0.771335
54,0,imagen.jpeg,6,pointwise_conv,1x32x112x112,3.622162
54,0,imagen.jpeg,7,batchnorm,1x16x112x112,0.180443
54,0,imagen.jpeg,8,pointwise_conv,1x16x112x112,12.222571
54,0,imagen.jpeg,9,batchnorm,1x96x112x112,2.188495
54,0,imagen.jpeg,10,activacion,1x96x112x112,3.459902
54,0,imagen.jpeg,11,depthwise_conv,1x96x112x112,3.107404
54,0,imagen.jpeg,12,batchnorm,1x96x56x56,0.290559
54,0,imagen.jpeg,13,activacion,1x96x56x56,1.030247
54,0,imagen.jpeg,14,pointwise_conv,1x96x56x56,3.957944
54,0,imagen.jpeg,15,batchnorm,1x24x56x56,0.062928
54,0,imagen.jpeg,16,pointwise_conv,1x24x56x56,7.440413
54,0,imagen.jpeg,17,batchnorm,1x144x56x56,0.9377
54,0,imagen.jpeg,18,activacion,1x144x56x56,1.316429
54,0,imagen.jpeg,19,depthwise_conv,1x144x56x56,4.803701
54,0,imagen.jpeg,20,batchnorm,1x144x56x56,0.962882
54,0,imagen.jpeg,21,activacion,1x144x56x56,1.648181
54,0,imagen.jpeg,22,pointwise_conv,1x144x56x56,6.011898
54,0,imagen.jpeg,23,batchnorm,1x24x56x56,0.094772
54,0,imagen.jpeg,24,layer_add,1x24x56x56,0.045987
54,0,imagen.jpeg,25,pointwise_conv,1x24x56x56,5.92187
54,0,imagen.jpeg,26,batchnorm,1x144x56x56,0.429382
54,0,imagen.jpeg,27,activacion,1x144x56x56,1.514454
54,0,imagen.jpeg,28,depthwise_conv,1x144x56x56,1.134191
54,0,imagen.jpeg,29,batchnorm,1x144x28x28,0.098791
54,0,imagen.jpeg,30,activacion,1x144x28x28,0.351429
54,0,imagen.jpeg,31,pointwise_conv,1x144x28x28,1.971479
54,0,imagen.jpeg,32,batchnorm,1x32x28x28,0.02163
54,0,imagen.jpeg,33,pointwise_conv,1x32x28x28,2.830827
54,0,imagen.jpeg,34,batchnorm,1x192x28x28,0.136996
54,0,imagen.jpeg,35,activacion,1x192x28x28,0.371296
54,0,imagen.jpeg,36,depthwise_conv,1x192x28x28,1.505525
54,0,imagen.jpeg,37,batchnorm,1x192x28x28,0.127506
54,0,imagen.jpeg,38,activacion,1x192x28x28,0.53197
54,0,imagen.jpeg,39,pointwise_conv,1x192x28x28,2.61452
54,0,imagen.jpeg,40,batchnorm,1x32x28x28,0.021196
54,0,imagen.jpeg,41,layer_add,1x32x28x28,0.012015
54,0,imagen.jpeg,42,pointwise_conv,1x32x28x28,2.647147
54,0,imagen.jpeg,43,batchnorm,1x192x28x28,0.145823
54,0,imagen.jpeg,44,activacion,1x192x28x28,0.417046
54,0,imagen.jpeg,45,depthwise_conv,1x192x28x28,1.491916
54,0,imagen.jpeg,46,batchnorm,1x192x28x28,0.130072
54,0,imagen.jpeg,47,activacion,1x192x28x28,0.513864
54,0,imagen.jpeg,48,pointwise_conv,1x192x28x28,2.637084
54,0,imagen.jpeg,49,batchnorm,1x32x28x28,0.021028
54,0,imagen.jpeg,50,layer_add,1x32x28x28,0.012409
54,0,imagen.jpeg,51,pointwise_conv,1x32x28x28,2.806099
54,0,imagen.jpeg,52,batchnorm,1x192x28x28,0.129208
54,0,imagen.jpeg,53,activacion,1x192x28x28,0.504612
54,0,imagen.jpeg,54,depthwise_conv,1x192x28x28,0.381516
54,0,imagen.jpeg,55,batchnorm,1x192x14x14,0.0347
54,0,imagen.jpeg,56,activacion,1x192x14x14,0.098962
54,0,imagen.jpeg,57,pointwise_conv,1x192x14x14,1.345013
54,0,imagen.jpeg,58,batchnorm,1x64x14x14,0.011675
54,0,imagen.jpeg,59,pointwise_conv,1x64x14x14,2.711564
54,0,imagen.jpeg,60,batchnorm,1x384x14x14,0.065158
54,0,imagen.jpeg,61,activacion,1x384x14x14,0.248791
54,0,imagen.jpeg,62,depthwise_conv,1x384x14x14,0.746997
54,0,imagen.jpeg,63,batchnorm,1x384x14x14,0.06589
54,0,imagen.jpeg,64,activacion,1x384x14x14,0.267418
54,0,imagen.jpeg,65,pointwise_conv,1x384x14x14,2.643646
54,0,imagen.jpeg,66,batchnorm,1x64x14x14,0.010763
54,0,imagen.jpeg,67,layer_add,1x64x14x14,0.006145
54,0,imagen.jpeg,68,pointwise_conv,1x64x14x14,2.657491
54,0,imagen.jpeg,69,batchnorm,1x384x14x14,0.06214
54,0,imagen.jpeg,70,activacion,1x384x14x14,0.246378
54,0,imagen.jpeg,71,depthwise_conv,1x384x14x14,0.808806
54,0,imagen.jpeg,72,batchnorm,1x384x14x14,0.093702
54,0,imagen.jpeg,73,activacion,1x384x14x14,0.274154
54,0,imagen.jpeg,74,pointwise_conv,1x384x14x14,3.053318
54,0,imagen.jpeg,75,batchnorm,1x64x14x14,0.012
54,0,imagen.jpeg,76,layer_add,1x64x14x14,0.00773
54,0,imagen.jpeg,77,pointwise_conv,1x64x14x14,2.860016
54,0,imagen.jpeg,78,batchnorm,1x384x14x14,0.101724
54,0,imagen.jpeg,79,activacion,1x384x14x14,0.252354
54,0,imagen.jpeg,80,depthwise_conv,1x384x14x14,0.836812
54,0,imagen.jpeg,81,batchnorm,1x384x14x14,0.149815
54,0,imagen.jpeg,82,activacion,1x384x14x14,0.253576
54,0,imagen.jpeg,83,pointwise_conv,1x384x14x14,2.936705
54,0,imagen.jpeg,84,batchnorm,1x64x14x14,0.011418
54,0,imagen.jpeg,85,layer_add,1x64x14x14,0.007083
54,0,imagen.jpeg,86,pointwise_conv,1x64x14x14,2.737909
54,0,imagen.jpeg,87,batchnorm,1x384x14x14,0.066763
54,0,imagen.jpeg,88,activacion,1x384x14x14,0.267345
54,0,imagen.jpeg,89,depthwise_conv,1x384x14x14,0.76724
54,0,imagen.jpeg,90,batchnorm,1x384x14x14,0.067162
54,0,imagen.jpeg,91,activacion,1x384x14x14,0.245816
54,0,imagen.jpeg,92,pointwise_conv,1x384x14x14,4.223675
54,0,imagen.jpeg,93,batchnorm,1x96x14x14,0.017299
54,0,imagen.jpeg,94,pointwise_conv,1x96x14x14,6.237171
54,0,imagen.jpeg,95,batchnorm,1x576x14x14,0.105447
54,0,imagen.jpeg,96,activacion,1x576x14x14,0.37327
54,0,imagen.jpeg,97,depthwise_conv,1x576x14x14,1.151335
54,0,imagen.jpeg,98,batchnorm,1x576x14x14,0.180628
54,0,imagen.jpeg,99,activacion,1x576x14x14,0.336399
54,0,imagen.jpeg,100,pointwise_conv,1x576x14x14,6.140441
54,0,imagen.jpeg,101,batchnorm,1x96x14x14,0.017228
54,0,imagen.jpeg,102,layer_add,1x96x14x14,0.026951
54,0,imagen.jpeg,103,pointwise_conv,1x96x14x14,6.064654
54,0,imagen.jpeg,104,batchnorm,1x576x14x14,0.105441
54,0,imagen.jpeg,105,activacion,1x576x14x14,0.368859
54,0,imagen.jpeg,106,depthwise_conv,1x576x14x14,1.158437
54,0,imagen.jpeg,107,batchnorm,1x576x14x14,0.161276
54,0,imagen.jpeg,108,activacion,1x576x14x14,0.314533
54,0,imagen.jpeg,109,pointwise_conv,1x576x14x14,5.924485
54,0,imagen.jpeg,110,batchnorm,1x96x14x14,0.015743
54,0,imagen.jpeg,111,layer_add,1x96x14x14,0.008885
54,0,imagen.jpeg,112,pointwise_conv,1x96x14x14,5.987041
54,0,imagen.jpeg,113,batchnorm,1x576x14x14,0.097688
54,0,imagen.jpeg,114,activacion,1x576x14x14,0.300204
54,0,imagen.jpeg,115,depthwise_conv,1x576x14x14,0.269889
54,0,imagen.jpeg,116,batchnorm,1x576x7x7,0.02896
54,0,imagen.jpeg,117,activacion,1x576x7x7,0.065714
54,0,imagen.jpeg,118,pointwise_conv,1x576x7x7,2.329096
54,0,imagen.jpeg,119,batchnorm,1x160x7x7,0.007144
54,0,imagen.jpeg,120,pointwise_conv,1x160x7x7,3.900935
54,0,imagen.jpeg,121,batchnorm,1x960x7x7,0.042148
54,0,imagen.jpeg,122,activacion,1x960x7x7,0.145227
54,0,imagen.jpeg,123,depthwise_conv,1x960x7x7,0.417411
54,0,imagen.jpeg,124,batchnorm,1x960x7x7,0.041972
54,0,imagen.jpeg,125,activacion,1x960x7x7,0.136521
54,0,imagen.jpeg,126,pointwise_conv,1x960x7x7,3.927411
54,0,imagen.jpeg,127,batchnorm,1x160x7x7,0.007354
54,0,imagen.jpeg,128,layer_add,1x160x7x7,0.003992
54,0,imagen.jpeg,129,pointwise_conv,1x160x7x7,4.178654
54,0,imagen.jpeg,130,batchnorm,1x960x7x7,0.044928
54,0,imagen.jpeg,131,activacion,1x960x7x7,0.142715
54,0,imagen.jpeg,132,depthwise_conv,1x960x7x7,0.427691
54,0,imagen.jpeg,133,batchnorm,1x960x7x7,0.054088
54,0,imagen.jpeg,134,activacion,1x960x7x7,0.125703
54,0,imagen.jpeg,135,pointwise_conv,1x960x7x7,3.988289
54,0,imagen.jpeg,136,batchnorm,1x160x7x7,0.007657
54,0,imagen.jpeg,137,layer_add,1x160x7x7,0.004484
54,0,imagen.jpeg,138,pointwise_conv,1x160x7x7,3.996886
54,0,imagen.jpeg,139,batchnorm,1x960x7x7,0.042475
54,0,imagen.jpeg,140,activacion,1x960x7x7,0.115203
54,0,imagen.jpeg,141,depthwise_conv,1x960x7x7,0.428038
54,0,imagen.jpeg,142,batchnorm,1x960x7x7,0.046228
54,0,imagen.jpeg,143,activacion,1x960x7x7,0.088293
54,0,imagen.jpeg,144,pointwise_conv,1x960x7x7,8.50311
54,0,imagen.jpeg,145,batchnorm,1x320x7x7,0.016204
54,0,imagen.jpeg,146,pointwise_conv,1x320x7x7,10.980141
54,0,imagen.jpeg,147,batchnorm,1x1280x7x7,0.094502
54,0,imagen.jpeg,148,activacion,1x1280x7x7,0.184998
54,0,imagen.jpeg,149,pooling,1x1280x7x7,0.04283
54,0,imagen.jpeg,150,linear,1x1280,1.501336
55,0,imagen.jpeg,0,conv2d,1x3x224x224,12.695775
55,0,imagen.jpeg,1,batchnorm,1x32x112x112,0.470755
55,0,imagen.jpeg,2,activacion,1x32x112x112,0.657997
55,0,imagen.jpeg,3,depthwise_conv,1x32x112x112,4.4232
55,0,imagen.jpeg,4,batchnorm,1x32x112x112,2.390147
55,0,imagen.jpeg,5,activacion,1x32x112x112,0.775198
55,0,imagen.jpeg,6,pointwise_conv,1x32x112x112,3.792277
55,0,imagen.jpeg,7,batchnorm,1x16x112x112,0.182828
55,0,imagen.jpeg,8,pointwise_conv,1x16x112x112,11.534854
55,0,imagen.jpeg,9,batchnorm,1x96x112x112,2.205445
55,0,imagen.jpeg,10,activacion,1x96x112x112,3.740682
55,0,imagen.jpeg,11,depthwise_conv,1x96x112x112,3.342558
55,0,imagen.jpeg,12,batchnorm,1x96x56x56,0.304291
55,0,imagen.jpeg,13,activacion,1x96x56x56,1.072485
55,0,imagen.jpeg,14,pointwise_conv,1x96x56x56,4.065415
55,0,imagen.jpeg,15,batchnorm,1x24x56x56,0.062891
55,0,imagen.jpeg,16,pointwise_conv,1x24x56x56,7.157992
55,0,imagen.jpeg,17,batchnorm,1x144x56x56,0.909946
55,0,imagen.jpeg,18,activacion,1x144x56x56,1.322094
55,0,imagen.jpeg,19,depthwise_conv,1x144x56x56,4.677959
55,0,imagen.jpeg,20,batchnorm,1x144x56x56,0.883186
55,0,imagen.jpeg,21,activacion,1x144x56x56,1.63772
55,0,imagen.jpeg,22,pointwise_conv,1x144x56x56,6.17807
55,0,imagen.jpeg,23,batchnorm,1x24x56x56,0.088016
55,0,imagen.jpeg,24,layer_add,1x24x56x56,0.081707
55,0,imagen.jpeg,25,pointwise_conv,1x24x56x56,5.926905
55,0,imagen.jpeg,26,batchnorm,1x144x56x56,0.423595
55,0,imagen.jpeg,27,activacion,1x144x56x56,1.537378
55,0,imagen.jpeg,28,depthwise_conv,1x144x56x56,1.132594
55,0,imagen.jpeg,29,batchnorm,1x144x28x28,0.097702
55,0,imagen.jpeg,30,activacion,1x144x28x28,0.36576
55,0,imagen.jpeg,31,pointwise_conv,1x144x28x28,2.039608
55,0,imagen.jpeg,32,batchnorm,1x32x28x28,0.021493
55,0,imagen.jpeg,33,pointwise_conv,1x32x28x28,2.651183
55,0,imagen.jpeg,34,batchnorm,1x192x28x28,0.143629
55,0,imagen.jpeg,35,activacion,1x192x28x28,0.407911
55,0,imagen.jpeg,36,depthwise_conv,1x192x28x28,1.526983
55,0,imagen.jpeg,37,batchnorm,1x192x28x28,0.130965
55,0,imagen.jpeg,38,activacion,1x192x28x28,0.530411
55,0,imagen.jpeg,39,pointwise_conv,1x192x28x28,2.604379
55,0,imagen.jpeg,40,batchnorm,1x32x28x28,0.021275
55,0,imagen.jpeg,41,layer_add,1x32x28x28,0.013893
55,0,imagen.jpeg,42,pointwise_conv,1x32x28x28,2.720689
55,0,imagen.jpeg,43,batchnorm,1x192x28x28,0.135438
55,0,imagen.jpeg,44,activacion,1x192x28x28,0.44179
55,0,imagen.jpeg,45,depthwise_conv,1x192x28x28,1.493254
55,0,imagen.jpeg,46,batchnorm,1x192x28x28,0.125542
55,0,imagen.jpeg,47,activacion,1x192x28x28,0.498477
55,0,imagen.jpeg,48,pointwise_conv,1x192x28x28,2.628893
55,0,imagen.jpeg,49,batchnorm,1x32x28x28,0.020982
55,0,imagen.jpeg,50,layer_add,1x32x28x28,0.0128
55,0,imagen.jpeg,51,pointwise_conv,1x32x28x28,2.650024
55,0,imagen.jpeg,52,batchnorm,1x192x28x28,0.123982
55,0,imagen.jpeg,53,activacion,1x192x28x28,0.51677
55,0,imagen.jpeg,54,depthwise_conv,1x192x28x28,0.371337
55,0,imagen.jpeg,55,batchnorm,1x192x14x14,0.03857
55,0,imagen.jpeg,56,activacion,1x192x14x14,0.096751
55,0,imagen.jpeg,57,pointwise_conv,1x192x14x14,1.350491
55,0,imagen.jpeg,58,batchnorm,1x64x14x14,0.011592
55,0,imagen.jpeg,59,pointwise_conv,1x64x14x14,2.702099
55,0,imagen.jpeg,60,batchnorm,1x384x14x14,0.06746
55,0,imagen.jpeg,61,activacion,1x384x14x14,0.208438
55,0,imagen.jpeg,62,depthwise_conv,1x384x14x14,0.769312
55,0,imagen.jpeg,63,batchnorm,1x384x14x14,0.067978
55,0,imagen.jpeg,64,activacion,1x384x14x14,0.268545
55,0,imagen.jpeg,65,pointwise_conv,1x384x14x14,2.683051
55,0,imagen.jpeg,66,batchnorm,1x64x14x14,0.011011
55,0,imagen.jpeg,67,layer_add,1x64x14x14,0.005928
55,0,imagen.jpeg,68,pointwise_conv,1x64x14x14,2.708269
55,0,imagen.jpeg,69,batchnorm,1x384x14x14,0.063875
55,0,imagen.jpeg,70,activacion,1x384x14x14,0.244582
55,0,imagen.jpeg,71,depthwise_conv,1x384x14x14,0.775454
55,0,imagen.jpeg,72,batchnorm,1x384x14x14,0.114582
55,0,imagen.jpeg,73,activacion,1x384x14x14,0.254456
55,0,imagen.jpeg,74,pointwise_conv,1x384x14x14,2.771409
55,0,imagen.jpeg,75,batchnorm,1x64x14x14,0.011404
55,0,imagen.jpeg,76,layer_add,1x64x14x14,0.007253
55,0,imagen.jpeg,77,pointwise_conv,1x64x14x14,2.720845
55,0,imagen.jpeg,78,batchnorm,1x384x14x14,0.067505
55,0,imagen.jpeg,79,activacion,1x384x14x14,0.2487
55,0,imagen.jpeg,80,depthwise_conv,1x384x14x14,0.783876
55,0,imagen.jpeg,81,batchnorm,1x384x14x14,0.139321
55,0,imagen.jpeg,82,activacion,1x384x14x14,0.230745
55,0,imagen.jpeg,83,pointwise_conv,1x384x14x14,2.714527
55,0,imagen.jpeg,84,batchnorm,1x64x14x14,0.011083
55,0,imagen.jpeg,85,layer_add,1x64x14x14,0.006252
55,0,imagen.jpeg,86,pointwise_conv,1x64x14x14,2.671185
55,0,imagen.jpeg,87,batchnorm,1x384x14x14,0.063821
55,0,imagen.jpeg,88,activacion,1x384x14x14,0.247703
55,0,imagen.jpeg,89,depthwise_conv,1x384x14x14,0.78627
55,0,imagen.jpeg,90,batchnorm,1x384x14x14,0.065369
55,0,imagen.jpeg,91,activacion,1x384x14x14,0.240717
55,0,imagen.jpeg,92,pointwise_conv,1x384x14x14,4.108516
55,0,imagen.jpeg,93,batchnorm,1x96x14x14,0.018401
55,0,imagen.jpeg,94,pointwise_conv,1x96x14x14,6.686151
55,0,imagen.jpeg,95,batchnorm,1x576x14x14,0.124998
55,0,imagen.jpeg,96,activacion,1x576x14x14,0.388461
55,0,imagen.jpeg,97,depthwise_conv,1x576x14x14,1.207822
55,0,imagen.jpeg,98,batchnorm,1x576x14x14,0.181721
55,0,imagen.jpeg,99,activacion,1x576x14x14,0.345089
55,0,imagen.jpeg,100,pointwise_conv,1x576x14x14,6.249355
55,0,imagen.jpeg,101,batchnorm,1x96x14x14,0.018159
55,0,imagen.jpeg,102,layer_add,1x96x14x14,0.013297
55,0,imagen.jpeg,103,pointwise_conv,1x96x14x14,6.714783
55,0,imagen.jpeg,104,batchnorm,1x576x14x14,0.105818
55,0,imagen.jpeg,105,activacion,1x576x14x14,0.369897
55,0,imagen.jpeg,106,depthwise_conv,1x576x14x14,1.18203
55,0,imagen.jpeg,107,batchnorm,1x576x14x14,0.158001
55,0,imagen.jpeg,108,activacion,1x576x14x14,0.306144
55,0,imagen.jpeg,109,pointwise_conv,1x576x14x14,6.175054
55,0,imagen.jpeg,110,batchnorm,1x96x14x14,0.018549
55,0,imagen.jpeg,111,layer_add,1x96x14x14,0.010162
55,0,imagen.jpeg,112,pointwise_conv,1x96x14x14,6.239103
55,0,imagen.jpeg,113,batchnorm,1x576x14x14,0.104999
55,0,imagen.jpeg,114,activacion,1x576x14x14,0.372413
55,0,imagen.jpeg,115,depthwise_conv,1x576x14x14,0.368766
55,0,imagen.jpeg,116,batchnorm,1x576x7x7,0.031767
55,0,imagen.jpeg,117,activacion,1x576x7x7,0.065006
55,0,imagen.jpeg,118,pointwise_conv,1x576x7x7,2.514314
55,0,imagen.jpeg,119,batchnorm,1x160x7x7,0.007436
55,0,imagen.jpeg,120,pointwise_conv,1x160x7x7,4.43453
55,0,imagen.jpeg,121,batchnorm,1x960x7x7,0.050982
55,0,imagen.jpeg,122,activacion,1x960x7x7,0.157108
55,0,imagen.jpeg,123,depthwise_conv,1x960x7x7,0.471055
55,0,imagen.jpeg,124,batchnorm,1x960x7x7,0.047762
55,0,imagen.jpeg,125,activacion,1x960x7x7,0.14327
55,0,imagen.jpeg,126,pointwise_conv,1x960x7x7,4.135383
55,0,imagen.jpeg,127,batchnorm,1x160x7x7,0.007425
55,0,imagen.jpeg,128,layer_add,1x160x7x7,0.00401
55,0,imagen.jpeg,129,pointwise_conv,1x160x7x7,4.089989
55,0,imagen.jpeg,130,batchnorm,1x960x7x7,0.041598
55,0,imagen.jpeg,131,activacion,1x960x7x7,0.15491
55,0,imagen.jpeg,132,depthwise_conv,1x960x7x7,0.46375
55,0,imagen.jpeg,133,batchnorm,1x960x7x7,0.053683
55,0,imagen.jpeg,134,activacion,1x960x7x7,0.125377
55,0,imagen.jpeg,135,pointwise_conv,1x960x7x7,4.143408
55,0,imagen.jpeg,136,batchnorm,1x160x7x7,0.00721
55,0,imagen.jpeg,137,layer_add,1x160x7x7,0.00368
55,0,imagen.jpeg,138,pointwise_conv,1x160x7x7,4.109106
55,0,imagen.jpeg,139,batchnorm,1x960x7x7,0.041449
55,0,imagen.jpeg,140,activacion,1x960x7x7,0.112496
55,0,imagen.jpeg,141,depthwise_conv,1x960x7x7,0.452108
55,0,imagen.jpeg,142,batchnorm,1x960x7x7,0.045034
55,0,imagen.jpeg,143,activacion,1x960x7x7,0.085604
55,0,imagen.jpeg,144,pointwise_conv,1x960x7x7,8.758251
55,0,imagen.jpeg,145,batchnorm,1x320x7x7,0.015759
55,0,imagen.jpeg,146,pointwise_conv,1x320x7x7,11.55372
55,0,imagen.jpeg,147,batchnorm,1x1280x7x7,0.063593
55,0,imagen.jpeg,148,activacion,1x1280x7x7,0.190074
55,0,imagen.jpeg,149,pooling,1x1280x7x7,0.039104
55,0,imagen.jpeg,150,linear,1x1280,1.405044
56,0,imagen.jpeg,0,conv2d,1x3x224x224,12.232061
56,0,imagen.jpeg,1,batchnorm,1x32x112x112,0.487534
56,0,imagen.jpeg,2,activacion,1x32x112x112,0.640562
56,0,imagen.jpeg,3,depthwise_conv,1x32x112x112,4.001107
56,0,imagen.jpeg,4,batchnorm,1x32x112x112,2.309024
56,0,imagen.jpeg,5,activacion,1x32x112x112,0.762818
56,0,imagen.jpeg,6,pointwise_conv,1x32x112x112,3.580894
56,0,imagen.jpeg,7,batchnorm,1x16x112x112,0.175575
56,0,imagen.jpeg,8,pointwise_conv,1x16x112x112,11.738096
56,0,imagen.jpeg,9,batchnorm,1x96x112x112,2.060942
56,0,imagen.jpeg,10,activacion,1x96x112x112,3.454679
56,0,imagen.jpeg,11,depthwise_conv,1x96x112x112,3.060182
56,0,imagen.jpeg,12,batchnorm,1x96x56x56,0.413795
56,0,imagen.jpeg,13,activacion,1x96x56x56,0.996668
56,0,imagen.jpeg,14,pointwise_conv,1x96x56x56,3.861257
56,0,imagen.jpeg,15,batchnorm,1x24x56x56,0.062354
56,0,imagen.jpeg,16,pointwise_conv,1x24x56x56,6.50286
56,0,imagen.jpeg,17,batchnorm,1x144x56x56,0.890835
56,0,imagen.jpeg,18,activacion,1x144x56x56,1.270249
56,0,imagen.jpeg,19,depthwise_conv,1x144x56x56,4.508333
56,0,imagen.jpeg,20,batchnorm,1x144x56x56,0.936922
56,0,imagen.jpeg,21,activacion,1x144x56x56,1.601509
56,0,imagen.jpeg,22,pointwise_conv,1x144x56x56,5.844728
56,0,imagen.jpeg,23,batchnorm,1x24x56x56,0.0694
56,0,imagen.jpeg,24,layer_add,1x24x56x56,0.052513
56,0,imagen.jpeg,25,pointwise_conv,1x24x56x56,6.087114
56,0,imagen.jpeg,26,batchnorm,1x144x56x56,0.447703
56,0,imagen.jpeg,27,activacion,1x144x56x56,1.557477
56,0,imagen.jpeg,28,depthwise_conv,1x144x56x56,1.192925
56,0,imagen.jpeg,29,batchnorm,1x144x28x28,0.101242
56,0,imagen.jpeg,30,activacion,1x144x28x28,0.35211
56,0,imagen.jpeg,31,pointwise_conv,1x144x28x28,2.087354
56,0,imagen.jpeg,32,batchnorm,1x32x28x28,0.022906
56,0,imagen.jpeg,33,pointwise_conv,1x32x28x28,2.805735
56,0,imagen.jpeg,34,batchnorm,1x192x28x28,0.141529
56,0,imagen.jpeg,35,activacion,1x192x28x28,0.387892
56,0,imagen.jpeg,36,depthwise_conv,1x192x28x28,1.597678
56,0,imagen.jpeg,37,batchnorm,1x192x28x28,0.150928
56,0,imagen.jpeg,38,activacion,1x192x28x28,0.562872
56,0,imagen.jpeg,39,pointwise_conv,1x192x28x28,2.862355
56,0,imagen.jpeg,40,batchnorm,1x32x28x28,0.024839
56,0,imagen.jpeg,41,layer_add,1x32x28x28,0.015546
56,0,imagen.jpeg,42,pointwise_conv,1x32x28x28,2.878173
56,0,imagen.jpeg,43,batchnorm,1x192x28x28,0.143727
56,0,imagen.jpeg,44,activacion,1x192x28x28,0.463688
56,0,imagen.jpeg,45,depthwise_conv,1x192x28x28,1.601999
56,0,imagen.jpeg,46,batchnorm,1x192x28x28,0.149618
56,0,imagen.jpeg,47,activacion,1x192x28x28,0.537153
56,0,imagen.jpeg,48,pointwise_conv,1x192x28x28,2.755892
56,0,imagen.jpeg,49,batchnorm,1x32x28x28,0.022358
56,0,imagen.jpeg,50,layer_add,1x32x28x28,0.013904
56,0,imagen.jpeg,51,pointwise_conv,1x32x28x28,2.816706
56,0,imagen.jpeg,52,batchnorm,1x192x28x28,0.130126
56,0,imagen.jpeg,53,activacion,1x192x28x28,0.515123
56,0,imagen.jpeg,54,depthwise_conv,1x192x28x28,0.395504
56,0,imagen.jpeg,55,batchnorm,1x192x14x14,0.035399
56,0,imagen.jpeg,56,activacion,1x192x14x14,0.101405
56,0,imagen.jpeg,57,pointwise_conv,1x192x14x14,1.455718
56,0,imagen.jpeg,58,batchnorm,1x64x14x14,0.013465
56,0,imagen.jpeg,59,pointwise_conv,1x64x14x14,2.920958
56,0,imagen.jpeg,60,batchnorm,1x384x14x14,0.08027
56,0,imagen.jpeg,61,activacion,1x384x14x14,0.207827
56,0,imagen.jpeg,62,depthwise_conv,1x384x14x14,0.815289
56,0,imagen.jpeg,63,batchnorm,1x384x14x14,0.071489
56,0,imagen.jpeg,64,activacion,1x384x14x14,0.287419
56,0,imagen.jpeg,65,pointwise_conv,1x384x14x14,2.842452
56,0,imagen.jpeg,66,batchnorm,1x64x14x14,0.011952
56,0,imagen.jpeg,67,layer_add,1x64x14x14,0.007194
56,0,imagen.jpeg,68,pointwise_conv,1x64x14x14,2.817639
56,0,imagen.jpeg,69,batchnorm,1x384x14x14,0.079369
56,0,imagen.jpeg,70,activacion,1x384x14x14,0.234571
56,0,imagen.jpeg,71,depthwise_conv,1x384x14x14,0.766327
56,0,imagen.jpeg,72,batchnorm,1x384x14x14,0.097203
56,0,imagen.jpeg,73,activacion,1x384x14x14,0.259152
56,0,imagen.jpeg,74,pointwise_conv,1x384x14x14,2.960812
56,0,imagen.jpeg,75,batchnorm,1x64x14x14,0.012442
56,0,imagen.jpeg,76,layer_add,1x64x14x14,0.007142
56,0,imagen.jpeg,77,pointwise_conv,1x64x14x14,3.154996
56,0,imagen.jpeg,78,batchnorm,1x384x14x14,0.076926
56,0,imagen.jpeg,79,activacion,1x384x14x14,0.27418
56,0,imagen.jpeg,80,depthwise_conv,1x384x14x14,0.812376
56,0,imagen.jpeg,81,batchnorm,1x384x14x14,0.153035
56,0,imagen.jpeg,82,activacion,1x384x14x14,0.242358
56,0,imagen.jpeg,83,pointwise_conv,1x384x14x14,2.785642
56,0,imagen.jpeg,84,batchnorm,1x64x14x14,0.011473
56,0,imagen.jpeg,85,layer_add,1x64x14x14,0.006948
56,0,imagen.jpeg,86,pointwise_conv,1x64x14x14,2.794834
56,0,imagen.jpeg,87,batchnorm,1x384x14x14,0.070387
56,0,imagen.jpeg,88,activacion,1x384x14x14,0.263321
56,0,imagen.jpeg,89,depthwise_conv,1x384x14x14,0.792201
56,0,imagen.jpeg,90,batchnorm,1x384x14x14,0.069855
56,0,imagen.jpeg,91,activacion,1x384x14x14,0.251905
56,0,imagen.jpeg,92,pointwise_conv,1x384x14x14,4.286271
56,0,imagen.jpeg,93,batchnorm,1x96x14x14,0.0184
56,0,imagen.jpeg,94,pointwise_conv,1x96x14x14,6.268059
56,0,imagen.jpeg,95,batchnorm,1x576x14x14,0.11611
56,0,imagen.jpeg,96,activacion,1x576x14x14,0.385478
56,0,imagen.jpeg,97,depthwise_conv,1x576x14x14,1.306597
56,0,imagen.jpeg,98,batchnorm,1x576x14x14,0.200672
56,0,imagen.jpeg,99,activacion,1x576x14x14,0.352491
56,0,imagen.jpeg,100,pointwise_conv,1x576x14x14,6.151089
56,0,imagen.jpeg,101,batchnorm,1x96x14x14,0.018959
56,0,imagen.jpeg,102,layer_add,1x96x14x14,0.013703
56,0,imagen.jpeg,103,pointwise_conv,1x96x14x14,6.065349
56,0,imagen.jpeg,104,batchnorm,1x576x14x14,0.108535
56,0,imagen.jpeg,105,activacion,1x576x14x14,0.365977
56,0,imagen.jpeg,106,depthwise_conv,1x576x14x14,1.169826
56,0,imagen.jpeg,107,batchnorm,1x576x14x14,0.166303
56,0,imagen.jpeg,108,activacion,1x576x14x14,0.323784
56,0,imagen.jpeg,109,pointwise_conv,1x576x14x14,6.123201
56,0,imagen.jpeg,110,batchnorm,1x96x14x14,0.017352
56,0,imagen.jpeg,111,layer_add,1x96x14x14,0.010754
56,0,imagen.jpeg,112,pointwise_conv,1x96x14x14,6.535924
56,0,imagen.jpeg,113,batchnorm,1x576x14x14,0.117464
56,0,imagen.jpeg,114,activacion,1x576x14x14,0.334422
56,0,imagen.jpeg,115,depthwise_conv,1x576x14x14,0.281642
56,0,imagen.jpeg,116,batchnorm,1x576x7x7,0.035685
56,0,imagen.jpeg,117,activacion,1x576x7x7,0.068461
56,0,imagen.jpeg,118,pointwise_conv,1x576x7x7,2.537283
56,0,imagen.jpeg,119,batchnorm,1x160x7x7,0.007438
56,0,imagen.jpeg,120,pointwise_conv,1x160x7x7,4.24471
56,0,imagen.jpeg,121,batchnorm,1x960x7x7,0.048175
56,0,imagen.jpeg,122,activacion,1x960x7x7,0.151226
56,0,imagen.jpeg,123,depthwise_conv,1x960x7x7,0.447904
56,0,imagen.jpeg,124,batchnorm,1x960x7x7,0.061086
56,0,imagen.jpeg,125,activacion,1x960x7x7,0.152665
56,0,imagen.jpeg,126,pointwise_conv,1x960x7x7,4.151906
56,0,imagen.jpeg,127,batchnorm,1x160x7x7,0.007582
56,0,imagen.jpeg,128,layer_add,1x160x7x7,0.004396
56,0,imagen.jpeg,129,pointwise_conv,1x160x7x7,4.165891
56,0,imagen.jpeg,130,batchnorm,1x960x7x7,0.043102
56,0,imagen.jpeg,131,activacion,1x960x7x7,0.138621
56,0,imagen.jpeg,132,depthwise_conv,1x960x7x7,0.447969
56,0,imagen.jpeg,133,batchnorm,1x960x7x7,0.052975
56,0,imagen.jpeg,134,activacion,1x960x7x7,0.135243
56,0,imagen.jpeg,135,pointwise_conv,1x960x7x7,4.517339
56,0,imagen.jpeg,136,batchnorm,1x160x7x7,0.008563
56,0,imagen.jpeg,137,layer_add,1x160x7x7,0.004897
56,0,imagen.jpeg,138,pointwise_conv,1x160x7x7,4.145915
56,0,imagen.jpeg,139,batchnorm,1x960x7x7,0.04212
56,0,imagen.jpeg,140,activacion,1x960x7x7,0.110414
56,0,imagen.jpeg,141,depthwise_conv,1x960x7x7,0.413009
56,0,imagen.jpeg,142,batchnorm,1x960x7x7,0.072681
56,0,imagen.jpeg,143,activacion,1x960x7x7,0.103952
56,0,imagen.jpeg,144,pointwise_conv,1x960x7x7,7.933729
56,0,imagen.jpeg,145,batchnorm,1x320x7x7,0.014413
56,0,imagen.jpeg,146,pointwise_conv,1x320x7x7,10.670184
56,0,imagen.jpeg,147,batchnorm,1x1280x7x7,0.060345
56,0,imagen.jpeg,148,activacion,1x1280x7x7,0.180526
56,0,imagen.jpeg,149,pooling,1x1280x7x7,0.038035
56,0,imagen.jpeg,150,linear,1x1280,1.430835
57,0,imagen.jpeg,0,conv2d,1x3x224x224,12.602714
57,0,imagen.jpeg,1,batchnorm,1x32x112x112,0.416942
57,0,imagen.jpeg,2,activacion,1x32x112x112,0.688096
57,0,imagen.jpeg,3,depthwise_conv,1x32x112x112,4.006406
57,0,imagen.jpeg,4,batchnorm,1x32x112x112,2.287501
57,0,imagen.jpeg,5,activacion,1x32x112x112,0.741435
57,0,imagen.jpeg,6,pointwise_conv,1x32x112x112,3.640547
57,0,imagen.jpeg,7,batchnorm,1x16x112x112,0.192486
57,0,imagen.jpeg,8,pointwise_conv,1x16x112x112,12.342181
57,0,imagen.jpeg,9,batchnorm,1x96x112x112,2.1292
57,0,imagen.jpeg,10,activacion,1x96x112x112,3.399149
57,0,imagen.jpeg,11,depthwise_conv,1x96x112x112,3.049624
57,0,imagen.jpeg,12,batchnorm,1x96x56x56,0.276892
57,0,imagen.jpeg,13,activacion,1x96x56x56,1.010614
57,0,imagen.jpeg,14,pointwise_conv,1x96x56x56,4.015869
57,0,imagen.jpeg,15,batchnorm,1x24x56x56,0.070789
57,0,imagen.jpeg,16,pointwise_conv,1x24x56x56,6.718217
57,0,imagen.jpeg,17,batchnorm,1x144x56x56,0.927424
57,0,imagen.jpeg,18,activacion,1x144x56x56,1.295592
57,0,imagen.jpeg,19,depthwise_conv,1x144x56x56,4.503809
57,0,imagen.jpeg,20,batchnorm,1x144x56x56,0.903547
57,0,imagen.jpeg,21,activacion,1x144x56x56,1.590544
57,0,imagen.jpeg,22,pointwise_conv,1x144x56x56,5.82082
57,0,imagen.jpeg,23,batchnorm,1x24x56x56,0.06299
57,0,imagen.jpeg,24,layer_add,1x24x56x56,0.04412
57,0,imagen.jpeg,25,pointwise_conv,1x24x56x56,6.06001
57,0,imagen.jpeg,26,batchnorm,1x144x56x56,0.431975
57,0,imagen.jpeg,27,activacion,1x144x56x56,1.547299
57,0,imagen.jpeg,28,depthwise_conv,1x144x56x56,1.153423
57,0,imagen.jpeg,29,batchnorm,1x144x28x28,0.095579
57,0,imagen.jpeg,30,activacion,1x144x28x28,0.344536
57,0,imagen.jpeg,31,pointwise_conv,1x144x28x28,1.991972
57,0,imagen.jpeg,32,batchnorm,1x32x28x28,0.021483
57,0,imagen.jpeg,33,pointwise_conv,1x32x28x28,2.658792
57,0,imagen.jpeg,34,batchnorm,1x192x28x28,0.13693
57,0,imagen.jpeg,35,activacion,1x192x28x28,0.362337
57,0,imagen.jpeg,36,depthwise_conv,1x192x28x28,1.529923
57,0,imagen.jpeg,37,batchnorm,1x192x28x28,0.137913
57,0,imagen.jpeg,38,activacion,1x192x28x28,0.527617
57,0,imagen.jpeg,39,pointwise_conv,1x192x28x28,2.659367
57,0,imagen.jpeg,40,batchnorm,1x32x28x28,0.02285
57,0,imagen.jpeg,41,layer_add,1x32x28x28,0.01425
57,0,imagen.jpeg,42,pointwise_conv,1x32x28x28,2.67419
57,0,imagen.jpeg,43,batchnorm,1x192x28x28,0.127044
57,0,imagen.jpeg,44,activacion,1x192x28x28,0.449725
57,0,imagen.jpeg,45,depthwise_conv,1x192x28x28,1.495948
57,0,imagen.jpeg,46,batchnorm,1x192x28x28,0.13014
57,0,imagen.jpeg,47,activacion,1x192x28x28,0.527122
57,0,imagen.jpeg,48,pointwise_conv,1x192x28x28,2.666235
57,0,imagen.jpeg,49,batchnorm,1x32x28x28,0.02201
57,0,imagen.jpeg,50,layer_add,1x32x28x28,0.013728
57,0,imagen.jpeg,51,pointwise_conv,1x32x28x28,2.662719
57,0,imagen.jpeg,52,batchnorm,1x192x28x28,0.153395
57,0,imagen.jpeg,53,activacion,1x192x28x28,0.648258
57,0,imagen.jpeg,54,depthwise_conv,1x192x28x28,0.392394
57,0,imagen.jpeg,55,batchnorm,1x192x14x14,0.038411
57,0,imagen.jpeg,56,activacion,1x192x14x14,0.096672
57,0,imagen.jpeg,57,pointwise_conv,1x192x14x14,1.370065
57,0,imagen.jpeg,58,batchnorm,1x64x14x14,0.011854
57,0,imagen.jpeg,59,pointwise_conv,1x64x14x14,2.864181
57,0,imagen.jpeg,60,batchnorm,1x384x14x14,0.071804
57,0,imagen.jpeg,61,activacion,1x384x14x14,0.193906
57,0,imagen.jpeg,62,depthwise_conv,1x384x14x14,0.81812
57,0,imagen.jpeg,63,batchnorm,1x384x14x14,0.071258
57,0,imagen.jpeg,64,activacion,1x384x14x14,0.268082
57,0,imagen.jpeg,65,pointwise_conv,1x384x14x14,2.75434
57,0,imagen.jpeg,66,batchnorm,1x64x14x14,0.011219
57,0,imagen.jpeg,67,layer_add,1x64x14x14,0.007058
57,0,imagen.jpeg,68,pointwise_conv,1x64x14x14,2.710611
57,0,imagen.jpeg,69,batchnorm,1x384x14x14,0.066198
57,0,imagen.jpeg,70,activacion,1x384x14x14,0.23596
57,0,imagen.jpeg,71,depthwise_conv,1x384x14x14,0.778883
57,0,imagen.jpeg,72,batchnorm,1x384x14x14,0.097328
57,0,imagen.jpeg,73,activacion,1x384x14x14,0.256588
57,0,imagen.jpeg,74,pointwise_conv,1x384x14x14,2.879326
57,0,imagen.jpeg,75,batchnorm,1x64x14x14,0.012735
57,0,imagen.jpeg,76,layer_add,1x64x14x14,0.007291
57,0,imagen.jpeg,77,pointwise_conv,1x64x14x14,2.93414
57,0,imagen.jpeg,78,batchnorm,1x384x14x14,0.116122
57,0,imagen.jpeg,79,activacion,1x384x14x14,0.281663
57,0,imagen.jpeg,80,depthwise_conv,1x384x14x14,0.807554
57,0,imagen.jpeg,81,batchnorm,1x384x14x14,0.14942
57,0,imagen.jpeg,82,activacion,1x384x14x14,0.235604
57,0,imagen.jpeg,83,pointwise_conv,1x384x14x14,2.765949
57,0,imagen.jpeg,84,batchnorm,1x64x14x14,0.011098
57,0,imagen.jpeg,85,layer_add,1x64x14x14,0.006492
57,0,imagen.jpeg,86,pointwise_conv,1x64x14x14,2.718857
57,0,imagen.jpeg,87,batchnorm,1x384x14x14,0.083876
57,0,imagen.jpeg,88,activacion,1x384x14x14,0.256216
57,0,imagen.jpeg,89,depthwise_conv,1x384x14x14,0.775081
57,0,imagen.jpeg,90,batchnorm,1x384x14x14,0.067923
57,0,imagen.jpeg,91,activacion,1x384x14x14,0.249581
57,0,imagen.jpeg,92,pointwise_conv,1x384x14x14,4.118443
57,0,imagen.jpeg,93,batchnorm,1x96x14x14,0.016287
57,0,imagen.jpeg,94,pointwise_conv,1x96x14x14,5.954037
57,0,imagen.jpeg,95,batchnorm,1x576x14x14,0.112612
57,0,imagen.jpeg,96,activacion,1x576x14x14,0.392708
57,0,imagen.jpeg,97,depthwise_conv,1x576x14x14,1.169523
57,0,imagen.jpeg,98,batchnorm,1x576x14x14,0.180346
57,0,imagen.jpeg,99,activacion,1x576x14x14,0.336603
57,0,imagen.jpeg,100,pointwise_conv,1x576x14x14,6.109008
57,0,imagen.jpeg,101,batchnorm,1x96x14x14,0.01643
57,0,imagen.jpeg,102,layer_add,1x96x14x14,0.013631
57,0,imagen.jpeg,103,pointwise_conv,1x96x14x14,6.33105
57,0,imagen.jpeg,104,batchnorm,1x576x14x14,0.122491
57,0,imagen.jpeg,105,activacion,1x576x14x14,0.376241
57,0,imagen.jpeg,106,depthwise_conv,1x576x14x14,1.929053
57,0,imagen.jpeg,107,batchnorm,1x576x14x14,0.173071
57,0,imagen.jpeg,108,activacion,1x576x14x14,0.320514
57,0,imagen.jpeg,109,pointwise_conv,1x576x14x14,6.117909
57,0,imagen.jpeg,110,batchnorm,1x96x14x14,0.016325
57,0,imagen.jpeg,111,layer_add,1x96x14x14,0.010195
57,0,imagen.jpeg,112,pointwise_conv,1x96x14x14,6.035327
57,0,imagen.jpeg,113,batchnorm,1x576x14x14,0.117414
57,0,imagen.jpeg,114,activacion,1x576x14x14,0.346458
57,0,imagen.jpeg,115,depthwise_conv,1x576x14x14,0.303881
57,0,imagen.jpeg,116,batchnorm,1x576x7x7,0.031647
57,0,imagen.jpeg,117,activacion,1x576x7x7,0.068745
57,0,imagen.jpeg,118,pointwise_conv,1x576x7x7,2.452819
57,0,imagen.jpeg,119,batchnorm,1x160x7x7,0.007675
57,0,imagen.jpeg,120,pointwise_conv,1x160x7x7,4.187066
57,0,imagen.jpeg,121,batchnorm,1x960x7x7,0.042382
57,0,imagen.jpeg,122,activacion,1x960x7x7,0.145619
57,0,imagen.jpeg,123,depthwise_conv,1x960x7x7,0.455932
57,0,imagen.jpeg,124,batchnorm,1x960x7x7,0.041969
57,0,imagen.jpeg,125,activacion,1x960x7x7,0.136025
57,0,imagen.jpeg,126,pointwise_conv,1x960x7x7,4.123668
57,0,imagen.jpeg,127,batchnorm,1x160x7x7,0.007393
57,0,imagen.jpeg,128,layer_add,1x160x7x7,0.004039
57,0,imagen.jpeg,129,pointwise_conv,1x160x7x7,4.249336
57,0,imagen.jpeg,130,batchnorm,1x960x7x7,0.044174
57,0,imagen.jpeg,131,activacion,1x960x7x7,0.148822
57,0,imagen.jpeg,132,depthwise_conv,1x960x7x7,0.440641
57,0,imagen.jpeg,133,batchnorm,1x960x7x7,0.055093
57,0,imagen.jpeg,134,activacion,1x960x7x7,0.128313
57,0,imagen.jpeg,135,pointwise_conv,1x960x7x7,4.055406
57,0,imagen.jpeg,136,batchnorm,1x160x7x7,0.007101
57,0,imagen.jpeg,137,layer_add,1x160x7x7,0.004146
57,0,imagen.jpeg,138,pointwise_conv,1x160x7x7,4.133482
57,0,imagen.jpeg,139,batchnorm,1x960x7x7,0.041371
57,0,imagen.jpeg,140,activacion,1x960x7x7,0.111477
57,0,imagen.jpeg,141,depthwise_conv,1x960x7x7,0.436071
57,0,imagen.jpeg,142,batchnorm,1x960x7x7,0.046247
57,0,imagen.jpeg,143,activacion,1x960x7x7,0.087705
57,0,imagen.jpeg,144,pointwise_conv,1x960x7x7,8.19507
57,0,imagen.jpeg,145,batchnorm,1x320x7x7,0.01601
57,0,imagen.jpeg,146,pointwise_conv,1x320x7x7,10.849715
57,0,imagen.jpeg,147,batchnorm,1x1280x7x7,0.059356
57,0,imagen.jpeg,148,activacion,1x1280x7x7,0.173431
57,0,imagen.jpeg,149,pooling,1x1280x7x7,0.03756
57,0,imagen.jpeg,150,linear,1x1280,1.545798
58,0,imagen.jpeg,0,conv2d,1x3x224x224,12.547292
58,0,imagen.jpeg,1,batchnorm,1x32x112x112,0.442403
58,0,imagen.jpeg,2,activacion,1x32x112x112,0.652013
58,0,imagen.jpeg,3,depthwise_conv,1x32x112x112,3.937115
58,0,imagen.jpeg,4,batchnorm,1x32x112x112,2.292047
58,0,imagen.jpeg,5,activacion,1x32x112x112,0.767177
58,0,imagen.jpeg,6,pointwise_conv,1x32x112x112,3.5515
58,0,imagen.jpeg,7,batchnorm,1x16x112x112,0.17208
58,0,imagen.jpeg,8,pointwise_conv,1x16x112x112,11.708045
58,0,imagen.jpeg,9,batchnorm,1x96x112x112,2.229105
58,0,imagen.jpeg,10,activacion,1x96x112x112,3.388463
58,0,imagen.jpeg,11,depthwise_conv,1x96x112x112,3.111566
58,0,imagen.jpeg,12,batchnorm,1x96x56x56,0.392282
58,0,imagen.jpeg,13,activacion,1x96x56x56,1.033521
58,0,imagen.jpeg,14,pointwise_conv,1x96x56x56,3.983121
58,0,imagen.jpeg,15,batchnorm,1x24x56x56,0.066154
58,0,imagen.jpeg,16,pointwise_conv,1x24x56x56,6.705526
58,0,imagen.jpeg,17,batchnorm,1x144x56x56,0.894849
58,0,imagen.jpeg,18,activacion,1x144x56x56,1.302619
58,0,imagen.jpeg,19,depthwise_conv,1x144x56x56,4.477031
58,0,imagen.jpeg,20,batchnorm,1x144x56x56,0.954762
58,0,imagen.jpeg,21,activacion,1x144x56x56,1.671181
58,0,imagen.jpeg,22,pointwise_conv,1x144x56x56,5.90858
58,0,imagen.jpeg,23,batchnorm,1x24x56x56,0.063197
58,0,imagen.jpeg,24,layer_add,1x24x56x56,0.041777
58,0,imagen.jpeg,25,pointwise_conv,1x24x56x56,6.528465
58,0,imagen.jpeg,26,batchnorm,1x144x56x56,0.438364
58,0,imagen.jpeg,27,activacion,1x144x56x56,1.572002
58,0,imagen.jpeg,28,depthwise_conv,1x144x56x56,1.165598
58,0,imagen.jpeg,29,batchnorm,1x144x28x28,0.104816
58,0,imagen.jpeg,30,activacion,1x144x28x28,0.362739
58,0,imagen.jpeg,31,pointwise_conv,1x144x28x28,2.149432
58,0,imagen.jpeg,32,batchnorm,1x32x28x28,0.031048
58,0,imagen.jpeg,33,pointwise_conv,1x32x28x28,2.892787
58,0,imagen.jpeg,34,batchnorm,1x192x28x28,0.139451
58,0,imagen.jpeg,35,activacion,1x192x28x28,0.368065
58,0,imagen.jpeg,36,depthwise_conv,1x192x28x28,1.50811
58,0,imagen.jpeg,37,batchnorm,1x192x28x28,0.127688
58,0,imagen.jpeg,38,activacion,1x192x28x28,0.532145
58,0,imagen.jpeg,39,pointwise_conv,1x192x28x28,2.670076
58,0,imagen.jpeg,40,batchnorm,1x32x28x28,0.022247
58,0,imagen.jpeg,41,layer_add,1x32x28x28,0.013624
58,0,imagen.jpeg,42,pointwise_conv,1x32x28x28,2.799728
58,0,imagen.jpeg,43,batchnorm,1x192x28x28,0.139232
58,0,imagen.jpeg,44,activacion,1x192x28x28,0.45776
58,0,imagen.jpeg,45,depthwise_conv,1x192x28x28,1.529937
58,0,imagen.jpeg,46,batchnorm,1x192x28x28,0.136722
58,0,imagen.jpeg,47,activacion,1x192x28x28,0.526556
58,0,imagen.jpeg,48,pointwise_conv,1x192x28x28,3.046414
58,0,imagen.jpeg,49,batchnorm,1x32x28x28,0.024313
58,0,imagen.jpeg,50,layer_add,1x32x28x28,0.014755
58,0,imagen.jpeg,51,pointwise_conv,1x32x28x28,2.708753
58,0,imagen.jpeg,52,batchnorm,1x192x28x28,0.129233
58,0,imagen.jpeg,53,activacion,1x192x28x28,0.499981
58,0,imagen.jpeg,54,depthwise_conv,1x192x28x28,0.38434
58,0,imagen.jpeg,55,batchnorm,1x192x14x14,0.03465
58,0,imagen.jpeg,56,activacion,1x192x14x14,0.099075
58,0,imagen.jpeg,57,pointwise_conv,1x192x14x14,1.354164
58,0,imagen.jpeg,58,batchnorm,1x64x14x14,0.011306
58,0,imagen.jpeg,59,pointwise_conv,1x64x14x14,2.754058
58,0,imagen.jpeg,60,batchnorm,1x384x14x14,0.075051
58,0,imagen.jpeg,61,activacion,1x384x14x14,0.196289
58,0,imagen.jpeg,62,depthwise_conv,1x384x14x14,0.771789
58,0,imagen.jpeg,63,batchnorm,1x384x14x14,0.067913
58,0,imagen.jpeg,64,activacion,1x384x14x14,0.27284
58,0,imagen.jpeg,65,pointwise_conv,1x384x14x14,2.706695
58,0,imagen.jpeg,66,batchnorm,1x64x14x14,0.011143
58,0,imagen.jpeg,67,layer_add,1x64x14x14,0.00654
58,0,imagen.jpeg,68,pointwise_conv,1x64x14x14,2.789326
58,0,imagen.jpeg,69,batchnorm,1x384x14x14,0.068337
58,0,imagen.jpeg,70,activacion,1x384x14x14,0.236573
58,0,imagen.jpeg,71,depthwise_conv,1x384x14x14,0.804779
58,0,imagen.jpeg,72,batchnorm,1x384x14x14,0.101395
58,0,imagen.jpeg,73,activacion,1x384x14x14,0.259681
58,0,imagen.jpeg,74,pointwise_conv,1x384x14x14,3.224309
58,0,imagen.jpeg,75,batchnorm,1x64x14x14,0.012166
58,0,imagen.jpeg,76,layer_add,1x64x14x14,0.006976
58,0,imagen.jpeg,77,pointwise_conv,1x64x14x14,2.796163
58,0,imagen.jpeg,78,batchnorm,1x384x14x14,0.070838
58,0,imagen.jpeg,79,activacion,1x384x14x14,0.256806
58,0,imagen.jpeg,80,depthwise_conv,1x384x14x14,1.072737
58,0,imagen.jpeg,81,batchnorm,1x384x14x14,0.191362
58,0,imagen.jpeg,82,activacion,1x384x14x14,0.295125
58,0,imagen.jpeg,83,pointwise_conv,1x384x14x14,3.663703
58,0,imagen.jpeg,84,batchnorm,1x64x14x14,0.012129
58,0,imagen.jpeg,85,layer_add,1x64x14x14,0.007106
58,0,imagen.jpeg,86,pointwise_conv,1x64x14x14,3.034458
58,0,imagen.jpeg,87,batchnorm,1x384x14x14,0.074736
58,0,imagen.jpeg,88,activacion,1x384x14x14,0.267535
58,0,imagen.jpeg,89,depthwise_conv,1x384x14x14,0.798553
58,0,imagen.jpeg,90,batchnorm,1x384x14x14,0.070228
58,0,imagen.jpeg,91,activacion,1x384x14x14,0.257156
58,0,imagen.jpeg,92,pointwise_conv,1x384x14x14,4.051767
58,0,imagen.jpeg,93,batchnorm,1x96x14x14,0.016698
58,0,imagen.jpeg,94,pointwise_conv,1x96x14x14,6.14586
58,0,imagen.jpeg,95,batchnorm,1x576x14x14,0.103431
58,0,imagen.jpeg,96,activacion,1x576x14x14,0.35926
58,0,imagen.jpeg,97,depthwise_conv,1x576x14x14,1.141448
58,0,imagen.jpeg,98,batchnorm,1x576x14x14,0.172547
58,0,imagen.jpeg,99,activacion,1x576x14x14,0.34225
58,0,imagen.jpeg,100,pointwise_conv,1x576x14x14,6.116316
58,0,imagen.jpeg,101,batchnorm,1x96x14x14,0.017681
58,0,imagen.jpeg,102,layer_add,1x96x14x14,0.036741
58,0,imagen.jpeg,103,pointwise_conv,1x96x14x14,6.013236
58,0,imagen.jpeg,104,batchnorm,1x576x14x14,0.101416
58,0,imagen.jpeg,105,activacion,1x576x14x14,0.368999
58,0,imagen.jpeg,106,depthwise_conv,1x576x14x14,1.14713
58,0,imagen.jpeg,107,batchnorm,1x576x14x14,0.162699
58,0,imagen.jpeg,108,activacion,1x576x14x14,0.310994
58,0,imagen.jpeg,109,pointwise_conv,1x576x14x14,6.131025
58,0,imagen.jpeg,110,batchnorm,1x96x14x14,0.017209
58,0,imagen.jpeg,111,layer_add,1x96x14x14,0.009994
58,0,imagen.jpeg,112,pointwise_conv,1x96x14x14,6.104865
58,0,imagen.jpeg,113,batchnorm,1x576x14x14,0.107199
58,0,imagen.jpeg,114,activacion,1x576x14x14,0.347014
58,0,imagen.jpeg,115,depthwise_conv,1x576x14x14,0.288906
58,0,imagen.jpeg,116,batchnorm,1x576x7x7,0.030264
58,0,imagen.jpeg,117,activacion,1x576x7x7,0.065185
58,0,imagen.jpeg,118,pointwise_conv,1x576x7x7,2.444261
58,0,imagen.jpeg,119,batchnorm,1x160x7x7,0.007476
58,0,imagen.jpeg,120,pointwise_conv,1x160x7x7,4.099763
58,0,imagen.jpeg,121,batchnorm,1x960x7x7,0.041937
58,0,imagen.jpeg,122,activacion,1x960x7x7,0.145586
58,0,imagen.jpeg,123,depthwise_conv,1x960x7x7,0.411931
58,0,imagen.jpeg,124,batchnorm,1x960x7x7,0.041804
58,0,imagen.jpeg,125,activacion,1x960x7x7,0.13483
58,0,imagen.jpeg,126,pointwise_conv,1x960x7x7,4.085424
58,0,imagen.jpeg,127,batchnorm,1x160x7x7,0.007142
58,0,imagen.jpeg,128,layer_add,1x160x7x7,0.003729
58,0,imagen.jpeg,129,pointwise_conv,1x160x7x7,4.037541
58,0,imagen.jpeg,130,batchnorm,1x960x7x7,0.040816
58,0,imagen.jpeg,131,activacion,1x960x7x7,0.136219
58,0,imagen.jpeg,132,depthwise_conv,1x960x7x7,0.433598
58,0,imagen.jpeg,133,batchnorm,1x960x7x7,0.051052
58,0,imagen.jpeg,134,activacion,1x960x7x7,0.152118
58,0,imagen.jpeg,135,pointwise_conv,1x960x7x7,4.099628
58,0,imagen.jpeg,136,batchnorm,1x160x7x7,0.007197
58,0,imagen.jpeg,137,layer_add,1x160x7x7,0.003941
58,0,imagen.jpeg,138,pointwise_conv,1x160x7x7,4.404978
58,0,imagen.jpeg,139,batchnorm,1x960x7x7,0.067097
58,0,imagen.jpeg,140,activacion,1x960x7x7,0.133042
58,0,imagen.jpeg,141,depthwise_conv,1x960x7x7,0.4694
58,0,imagen.jpeg,142,batchnorm,1x960x7x7,0.047486
58,0,imagen.jpeg,143,activacion,1x960x7x7,0.098847
58,0,imagen.jpeg,144,pointwise_conv,1x960x7x7,8.442394
58,0,imagen.jpeg,145,batchnorm,1x320x7x7,0.015335
58,0,imagen.jpeg,146,pointwise_conv,1x320x7x7,10.572497
58,0,imagen.jpeg,147,batchnorm,1x1280x7x7,0.060073
58,0,imagen.jpeg,148,activacion,1x1280x7x7,0.175957
58,0,imagen.jpeg,149,pooling,1x1280x7x7,0.038304
58,0,imagen.jpeg,150,linear,1x1280,1.382789
59,0,imagen.jpeg,0,conv2d,1x3x224x224,11.969997
59,0,imagen.jpeg,1,batchnorm,1x32x112x112,0.413052
59,0,imagen.jpeg,2,activacion,1x32x112x112,0.659298
59,0,imagen.jpeg,3,depthwise_conv,1x32x112x112,4.012239
59,0,imagen.jpeg,4,batchnorm,1x32x112x112,2.356471
59,0,imagen.jpeg,5,activacion,1x32x112x112,0.745933
59,0,imagen.jpeg,6,pointwise_conv,1x32x112x112,3.504724
59,0,imagen.jpeg,7,batchnorm,1x16x112x112,0.193958
59,0,imagen.jpeg,8,pointwise_conv,1x16x112x112,13.158347
59,0,imagen.jpeg,9,batchnorm,1x96x112x112,2.047368
59,0,imagen.jpeg,10,activacion,1x96x112x112,3.355228
59,0,imagen.jpeg,11,depthwise_conv,1x96x112x112,3.228628
59,0,imagen.jpeg,12,batchnorm,1x96x56x56,0.325974
59,0,imagen.jpeg,13,activacion,1x96x56x56,1.050248
59,0,imagen.jpeg,14,pointwise_conv,1x96x56x56,3.985248
59,0,imagen.jpeg,15,batchnorm,1x24x56x56,0.064142
59,0,imagen.jpeg,16,pointwise_conv,1x24x56x56,6.700419
59,0,imagen.jpeg,17,batchnorm,1x144x56x56,0.916504
59,0,imagen.jpeg,18,activacion,1x144x56x56,1.308052
59,0,imagen.jpeg,19,depthwise_conv,1x144x56x56,4.535256
59,0,imagen.jpeg,20,batchnorm,1x144x56x56,0.939062
59,0,imagen.jpeg,21,activacion,1x144x56x56,1.611391
59,0,imagen.jpeg,22,pointwise_conv,1x144x56x56,5.859264
59,0,imagen.jpeg,23,batchnorm,1x24x56x56,0.064888
59,0,imagen.jpeg,24,layer_add,1x24x56x56,0.045189
59,0,imagen.jpeg,25,pointwise_conv,1x24x56x56,5.883267
59,0,imagen.jpeg,26,batchnorm,1x144x56x56,0.453938
59,0,imagen.jpeg,27,activacion,1x144x56x56,1.501384
59,0,imagen.jpeg,28,depthwise_conv,1x144x56x56,1.163925
59,0,imagen.jpeg,29,batchnorm,1x144x28x28,0.098728
59,0,imagen.jpeg,30,activacion,1x144x28x28,0.35325
59,0,imagen.jpeg,31,pointwise_conv,1x144x28x28,1.966731
59,0,imagen.jpeg,32,batchnorm,1x32x28x28,0.021779
59,0,imagen.jpeg,33,pointwise_conv,1x32x28x28,2.66041
59,0,imagen.jpeg,34,batchnorm,1x192x28x28,0.133446
59,0,imagen.jpeg,35,activacion,1x192x28x28,0.392205
59,0,imagen.jpeg,36,depthwise_conv,1x192x28x28,1.490739
59,0,imagen.jpeg,37,batchnorm,1x192x28x28,0.131247
59,0,imagen.jpeg,38,activacion,1x192x28x28,0.532708
59,0,imagen.jpeg,39,pointwise_conv,1x192x28x28,2.610657
59,0,imagen.jpeg,40,batchnorm,1x32x28x28,0.021058
59,0,imagen.jpeg,41,layer_add,1x32x28x28,0.012147
59,0,imagen.jpeg,42,pointwise_conv,1x32x28x28,2.708634
59,0,imagen.jpeg,43,batchnorm,1x192x28x28,0.146564
59,0,imagen.jpeg,44,activacion,1x192x28x28,0.429358
59,0,imagen.jpeg,45,depthwise_conv,1x192x28x28,1.497532
59,0,imagen.jpeg,46,batchnorm,1x192x28x28,0.129449
59,0,imagen.jpeg,47,activacion,1x192x28x28,0.509676
59,0,imagen.jpeg,48,pointwise_conv,1x192x28x28,2.637434
59,0,imagen.jpeg,49,batchnorm,1x32x28x28,0.021106
59,0,imagen.jpeg,50,layer_add,1x32x28x28,0.013347
59,0,imagen.jpeg,51,pointwise_conv,1x32x28x28,2.673062
59,0,imagen.jpeg,52,batchnorm,1x192x28x28,0.123389
59,0,imagen.jpeg,53,activacion,1x192x28x28,0.470254
59,0,imagen.jpeg,54,depthwise_conv,1x192x28x28,0.383316
59,0,imagen.jpeg,55,batchnorm,1x192x14x14,0.033095
59,0,imagen.jpeg,56,activacion,1x192x14x14,0.095761
59,0,imagen.jpeg,57,pointwise_conv,1x192x14x14,1.348891
59,0,imagen.jpeg,58,batchnorm,1x64x14x14,0.011779
59,0,imagen.jpeg,59,pointwise_conv,1x64x14x14,2.727937
59,0,imagen.jpeg,60,batchnorm,1x384x14x14,0.067559
59,0,imagen.jpeg,61,activacion,1x384x14x14,0.2043
59,0,imagen.jpeg,62,depthwise_conv,1x384x14x14,0.772386
59,0,imagen.jpeg,63,batchnorm,1x384x14x14,0.067401
59,0,imagen.jpeg,64,activacion,1x384x14x14,0.2806
59,0,imagen.jpeg,65,pointwise_conv,1x384x14x14,2.694744
59,0,imagen.jpeg,66,batchnorm,1x64x14x14,0.01143
59,0,imagen.jpeg,67,layer_add,1x64x14x14,0.006895
59,0,imagen.jpeg,68,pointwise_conv,1x64x14x14,2.658697
59,0,imagen.jpeg,69,batchnorm,1x384x14x14,0.064863
59,0,imagen.jpeg,70,activacion,1x384x14x14,0.23024
59,0,imagen.jpeg,71,depthwise_conv,1x384x14x14,0.772877
59,0,imagen.jpeg,72,batchnorm,1x384x14x14,0.095142
59,0,imagen.jpeg,73,activacion,1x384x14x14,0.263037
59,0,imagen.jpeg,74,pointwise_conv,1x384x14x14,2.816209
59,0,imagen.jpeg,75,batchnorm,1x64x14x14,0.012731
59,0,imagen.jpeg,76,layer_add,1x64x14x14,0.00756
59,0,imagen.jpeg,77,pointwise_conv,1x64x14x14,2.72878
59,0,imagen.jpeg,78,batchnorm,1x384x14x14,0.081955
59,0,imagen.jpeg,79,activacion,1x384x14x14,0.246032
59,0,imagen.jpeg,80,depthwise_conv,1x384x14x14,0.751658
59,0,imagen.jpeg,81,batchnorm,1x384x14x14,0.139674
59,0,imagen.jpeg,82,activacion,1x384x14x14,0.228062
59,0,imagen.jpeg,83,pointwise_conv,1x384x14x14,2.689849
59,0,imagen.jpeg,84,batchnorm,1x64x14x14,0.010786
59,0,imagen.jpeg,85,layer_add,1x64x14x14,0.007141
59,0,imagen.jpeg,86,pointwise_conv,1x64x14x14,2.763386
59,0,imagen.jpeg,87,batchnorm,1x384x14x14,0.066223
59,0,imagen.jpeg,88,activacion,1x384x14x14,0.2474
59,0,imagen.jpeg,89,depthwise_conv,1x384x14x14,0.75429
59,0,imagen.jpeg,90,batchnorm,1x384x14x14,0.065483
59,0,imagen.jpeg,91,activacion,1x384x14x14,0.241973
59,0,imagen.jpeg,92,pointwise_conv,1x384x14x14,4.055591
59,0,imagen.jpeg,93,batchnorm,1x96x14x14,0.016681
59,0,imagen.jpeg,94,pointwise_conv,1x96x14x14,5.921694
59,0,imagen.jpeg,95,batchnorm,1x576x14x14,0.103106
59,0,imagen.jpeg,96,activacion,1x576x14x14,0.375775
59,0,imagen.jpeg,97,depthwise_conv,1x576x14x14,1.15516
59,0,imagen.jpeg,98,batchnorm,1x576x14x14,0.181055
59,0,imagen.jpeg,99,activacion,1x576x14x14,0.345212
59,0,imagen.jpeg,100,pointwise_conv,1x576x14x14,6.214845
59,0,imagen.jpeg,101,batchnorm,1x96x14x14,0.018426
59,0,imagen.jpeg,102,layer_add,1x96x14x14,0.013678
59,0,imagen.jpeg,103,pointwise_conv,1x96x14x14,5.939526
59,0,imagen.jpeg,104,batchnorm,1x576x14x14,0.102931
59,0,imagen.jpeg,105,activacion,1x576x14x14,0.360218
59,0,imagen.jpeg,106,depthwise_conv,1x576x14x14,1.13617
59,0,imagen.jpeg,107,batchnorm,1x576x14x14,0.174682
59,0,imagen.jpeg,108,activacion,1x576x14x14,0.311026
59,0,imagen.jpeg,109,pointwise_conv,1x576x14x14,6.230834
59,0,imagen.jpeg,110,batchnorm,1x96x14x14,0.018701
59,0,imagen.jpeg,111,layer_add,1x96x14x14,0.010561
59,0,imagen.jpeg,112,pointwise_conv,1x96x14x14,6.126934
59,0,imagen.jpeg,113,batchnorm,1x576x14x14,0.106366
59,0,imagen.jpeg,114,activacion,1x576x14x14,0.309859
59,0,imagen.jpeg,115,depthwise_conv,1x576x14x14,0.260521
59,0,imagen.jpeg,116,batchnorm,1x576x7x7,0.029141
59,0,imagen.jpeg,117,activacion,1x576x7x7,0.062823
59,0,imagen.jpeg,118,pointwise_conv,1x576x7x7,2.450944
59,0,imagen.jpeg,119,batchnorm,1x160x7x7,0.011994
59,0,imagen.jpeg,120,pointwise_conv,1x160x7x7,4.249647
59,0,imagen.jpeg,121,batchnorm,1x960x7x7,0.046325
59,0,imagen.jpeg,122,activacion,1x960x7x7,0.146799
59,0,imagen.jpeg,123,depthwise_conv,1x960x7x7,0.431587
59,0,imagen.jpeg,124,batchnorm,1x960x7x7,0.045488
59,0,imagen.jpeg,125,activacion,1x960x7x7,0.140241
59,0,imagen.jpeg,126,pointwise_conv,1x960x7x7,4.180315
59,0,imagen.jpeg,127,batchnorm,1x160x7x7,0.007931
59,0,imagen.jpeg,128,layer_add,1x160x7x7,0.004665
59,0,imagen.jpeg,129,pointwise_conv,1x160x7x7,4.29612
59,0,imagen.jpeg,130,batchnorm,1x960x7x7,0.043705
59,0,imagen.jpeg,131,activacion,1x960x7x7,0.180855
59,0,imagen.jpeg,132,depthwise_conv,1x960x7x7,0.436231
59,0,imagen.jpeg,133,batchnorm,1x960x7x7,0.057889
59,0,imagen.jpeg,134,activacion,1x960x7x7,0.124989
59,0,imagen.jpeg,135,pointwise_conv,1x960x7x7,4.102712
59,0,imagen.jpeg,136,batchnorm,1x160x7x7,0.007315
59,0,imagen.jpeg,137,layer_add,1x160x7x7,0.003952
59,0,imagen.jpeg,138,pointwise_conv,1x160x7x7,4.176339
59,0,imagen.jpeg,139,batchnorm,1x960x7x7,0.041649
59,0,imagen.jpeg,140,activacion,1x960x7x7,0.125032
59,0,imagen.jpeg,141,depthwise_conv,1x960x7x7,0.425421
59,0,imagen.jpeg,142,batchnorm,1x960x7x7,0.053843
59,0,imagen.jpeg,143,activacion,1x960x7x7,0.08804
59,0,imagen.jpeg,144,pointwise_conv,1x960x7x7,8.134812
59,0,imagen.jpeg,145,batchnorm,1x320x7x7,0.014712
59,0,imagen.jpeg,146,pointwise_conv,1x320x7x7,10.818034
59,0,imagen.jpeg,147,batchnorm,1x1280x7x7,0.062762
59,0,imagen.jpeg,148,activacion,1x1280x7x7,0.195977
59,0,imagen.jpeg,149,pooling,1x1280x7x7,0.039045
59,0,imagen.jpeg,150,linear,1x1280,1.412521
60,0,imagen.jpeg,0,conv2d,1x3x224x224,12.172489
60,0,imagen.jpeg,1,batchnorm,1x32x112x112,0.416839
60,0,imagen.jpeg,2,activacion,1x32x112x112,0.662841
60,0,imagen.jpeg,3,depthwise_conv,1x32x112x112,4.063381
60,0,imagen.jpeg,4,batchnorm,1x32x112x112,2.339114
60,0,imagen.jpeg,5,activacion,1x32x112x112,0.762729
60,0,imagen.jpeg,6,pointwise_conv,1x32x112x112,3.625924
60,0,imagen.jpeg,7,batchnorm,1x16x112x112,0.175509
60,0,imagen.jpeg,8,pointwise_conv,1x16x112x112,11.858314
60,0,imagen.jpeg,9,batchnorm,1x96x112x112,2.357975
60,0,imagen.jpeg,10,activacion,1x96x112x112,3.47774
60,0,imagen.jpeg,11,depthwise_conv,1x96x112x112,3.069227
60,0,imagen.jpeg,12,batchnorm,1x96x56x56,0.272964
60,0,imagen.jpeg,13,activacion,1x96x56x56,0.997186
60,0,imagen.jpeg,14,pointwise_conv,1x96x56x56,3.956839
60,0,imagen.jpeg,15,batchnorm,1x24x56x56,0.062906
60,0,imagen.jpeg,16,pointwise_conv,1x24x56x56,6.752771
60,0,imagen.jpeg,17,batchnorm,1x144x56x56,0.917638
60,0,imagen.jpeg,18,activacion,1x144x56x56,1.31428
60,0,imagen.jpeg,19,depthwise_conv,1x144x56x56,4.505488
60,0,imagen.jpeg,20,batchnorm,1x144x56x56,0.873604
60,0,imagen.jpeg,21,activacion,1x144x56x56,1.629889
60,0,imagen.jpeg,22,pointwise_conv,1x144x56x56,5.982542
60,0,imagen.jpeg,23,batchnorm,1x24x56x56,0.066158
60,0,imagen.jpeg,24,layer_add,1x24x56x56,0.046761
60,0,imagen.jpeg,25,pointwise_conv,1x24x56x56,6.004006
60,0,imagen.jpeg,26,batchnorm,1x144x56x56,0.441936
60,0,imagen.jpeg,27,activacion,1x144x56x56,1.535905
60,0,imagen.jpeg,28,depthwise_conv,1x144x56x56,1.146134
60,0,imagen.jpeg,29,batchnorm,1x144x28x28,0.098288
60,0,imagen.jpeg,30,activacion,1x144x28x28,0.354834
60,0,imagen.jpeg,31,pointwise_conv,1x144x28x28,1.972127
60,0,imagen.jpeg,32,batchnorm,1x32x28x28,0.021201
60,0,imagen.jpeg,33,pointwise_conv,1x32x28x28,2.657161
60,0,imagen.jpeg,34,batchnorm,1x192x28x28,0.130003
60,0,imagen.jpeg,35,activacion,1x192x28x28,0.368362
60,0,imagen.jpeg,36,depthwise_conv,1x192x28x28,1.48204
60,0,imagen.jpeg,37,batchnorm,1x192x28x28,0.138707
60,0,imagen.jpeg,38,activacion,1x192x28x28,0.528878
60,0,imagen.jpeg,39,pointwise_conv,1x192x28x28,2.623833
60,0,imagen.jpeg,40,batchnorm,1x32x28x28,0.021432
60,0,imagen.jpeg,41,layer_add,1x32x28x28,0.012084
60,0,imagen.jpeg,42,pointwise_conv,1x32x28x28,2.685283
60,0,imagen.jpeg,43,batchnorm,1x192x28x28,0.125638
60,0,imagen.jpeg,44,activacion,1x192x28x28,0.443263
60,0,imagen.jpeg,45,depthwise_conv,1x192x28x28,1.497949
60,0,imagen.jpeg,46,batchnorm,1x192x28x28,0.132408
60,0,imagen.jpeg,47,activacion,1x192x28x28,0.508669
60,0,imagen.jpeg,48,pointwise_conv,1x192x28x28,2.636005
60,0,imagen.jpeg,49,batchnorm,1x32x28x28,0.021077
60,0,imagen.jpeg,50,layer_add,1x32x28x28,0.012663
60,0,imagen.jpeg,51,pointwise_conv,1x32x28x28,2.596229
60,0,imagen.jpeg,52,batchnorm,1x192x28x28,0.123272
60,0,imagen.jpeg,53,activacion,1x192x28x28,0.504473
60,0,imagen.jpeg,54,depthwise_conv,1x192x28x28,0.376496
60,0,imagen.jpeg,55,batchnorm,1x192x14x14,0.033928
60,0,imagen.jpeg,56,activacion,1x192x14x14,0.095846
60,0,imagen.jpeg,57,pointwise_conv,1x192x14x14,1.363431
60,0,imagen.jpeg,58,batchnorm,1x64x14x14,0.011648
60,0,imagen.jpeg,59,pointwise_conv,1x64x14x14,2.767862
60,0,imagen.jpeg,60,batchnorm,1x384x14x14,0.072764
60,0,imagen.jpeg,61,activacion,1x384x14x14,0.197459
60,0,imagen.jpeg,62,depthwise_conv,1x384x14x14,0.76794
60,0,imagen.jpeg,63,batchnorm,1x384x14x14,0.068212
60,0,imagen.jpeg,64,activacion,1x384x14x14,0.271284
60,0,imagen.jpeg,65,pointwise_conv,1x384x14x14,2.67849
60,0,imagen.jpeg,66,batchnorm,1x64x14x14,0.010874
60,0,imagen.jpeg,67,layer_add,1x64x14x14,0.010293
60,0,imagen.jpeg,68,pointwise_conv,1x64x14x14,2.826438
60,0,imagen.jpeg,69,batchnorm,1x384x14x14,0.069308
60,0,imagen.jpeg,70,activacion,1x384x14x14,0.234985
60,0,imagen.jpeg,71,depthwise_conv,1x384x14x14,0.800214
60,0,imagen.jpeg,72,batchnorm,1x384x14x14,0.10326
60,0,imagen.jpeg,73,activacion,1x384x14x14,0.258124
60,0,imagen.jpeg,74,pointwise_conv,1x384x14x14,3.228463
60,0,imagen.jpeg,75,batchnorm,1x64x14x14,0.018716
60,0,imagen.jpeg,76,layer_add,1x64x14x14,0.011702
60,0,imagen.jpeg,77,pointwise_conv,1x64x14x14,2.873488
60,0,imagen.jpeg,78,batchnorm,1x384x14x14,0.08411
60,0,imagen.jpeg,79,activacion,1x384x14x14,0.265116
60,0,imagen.jpeg,80,depthwise_conv,1x384x14x14,0.789964
60,0,imagen.jpeg,81,batchnorm,1x384x14x14,0.147375
60,0,imagen.jpeg,82,activacion,1x384x14x14,0.236528
60,0,imagen.jpeg,83,pointwise_conv,1x384x14x14,2.778795
60,0,imagen.jpeg,84,batchnorm,1x64x14x14,0.011284
60,0,imagen.jpeg,85,layer_add,1x64x14x14,0.00659
60,0,imagen.jpeg,86,pointwise_conv,1x64x14x14,2.722495
60,0,imagen.jpeg,87,batchnorm,1x384x14x14,0.06878
60,0,imagen.jpeg,88,activacion,1x384x14x14,0.272855
60,0,imagen.jpeg,89,depthwise_conv,1x384x14x14,0.803256
60,0,imagen.jpeg,90,batchnorm,1x384x14x14,0.069892
60,0,imagen.jpeg,91,activacion,1x384x14x14,0.254199
60,0,imagen.jpeg,92,pointwise_conv,1x384x14x14,4.549502
60,0,imagen.jpeg,93,batchnorm,1x96x14x14,0.017928
60,0,imagen.jpeg,94,pointwise_conv,1x96x14x14,8.283142
60,0,imagen.jpeg,95,batchnorm,1x576x14x14,0.112212
60,0,imagen.jpeg,96,activacion,1x576x14x14,0.388631
60,0,imagen.jpeg,97,depthwise_conv,1x576x14x14,1.200923
60,0,imagen.jpeg,98,batchnorm,1x576x14x14,0.199544
60,0,imagen.jpeg,99,activacion,1x576x14x14,0.346222
60,0,imagen.jpeg,100,pointwise_conv,1x576x14x14,6.099443
60,0,imagen.jpeg,101,batchnorm,1x96x14x14,0.016989
60,0,imagen.jpeg,102,layer_add,1x96x14x14,0.011987
60,0,imagen.jpeg,103,pointwise_conv,1x96x14x14,6.566533
60,0,imagen.jpeg,104,batchnorm,1x576x14x14,0.10507
60,0,imagen.jpeg,105,activacion,1x576x14x14,0.372577
60,0,imagen.jpeg,106,depthwise_conv,1x576x14x14,1.190066
60,0,imagen.jpeg,107,batchnorm,1x576x14x14,0.175861
60,0,imagen.jpeg,108,activacion,1x576x14x14,0.321569
60,0,imagen.jpeg,109,pointwise_conv,1x576x14x14,6.41641
60,0,imagen.jpeg,110,batchnorm,1x96x14x14,0.021629
60,0,imagen.jpeg,111,layer_add,1x96x14x14,0.011482
60,0,imagen.jpeg,112,pointwise_conv,1x96x14x14,6.168568
60,0,imagen.jpeg,113,batchnorm,1x576x14x14,0.114487
60,0,imagen.jpeg,114,activacion,1x576x14x14,0.323145
60,0,imagen.jpeg,115,depthwise_conv,1x576x14x14,0.267274
60,0,imagen.jpeg,116,batchnorm,1x576x7x7,0.029933
60,0,imagen.jpeg,117,activacion,1x576x7x7,0.064977
60,0,imagen.jpeg,118,pointwise_conv,1x576x7x7,2.60055
60,0,imagen.jpeg,119,batchnorm,1x160x7x7,0.008232
60,0,imagen.jpeg,120,pointwise_conv,1x160x7x7,4.580402
60,0,imagen.jpeg,121,batchnorm,1x960x7x7,0.093066
60,0,imagen.jpeg,122,activacion,1x960x7x7,0.165821
60,0,imagen.jpeg,123,depthwise_conv,1x960x7x7,0.768827
60,0,imagen.jpeg,124,batchnorm,1x960x7x7,0.075246
60,0,imagen.jpeg,125,activacion,1x960x7x7,0.176183
60,0,imagen.jpeg,126,pointwise_conv,1x960x7x7,5.48806
60,0,imagen.jpeg,127,batchnorm,1x160x7x7,0.008229
60,0,imagen.jpeg,128,layer_add,1x160x7x7,0.004446
60,0,imagen.jpeg,129,pointwise_conv,1x160x7x7,4.259734
60,0,imagen.jpeg,130,batchnorm,1x960x7x7,0.044655
60,0,imagen.jpeg,131,activacion,1x960x7x7,0.142386
60,0,imagen.jpeg,132,depthwise_conv,1x960x7x7,0.429037
60,0,imagen.jpeg,133,batchnorm,1x960x7x7,0.054192
60,0,imagen.jpeg,134,activacion,1x960x7x7,0.13797
60,0,imagen.jpeg,135,pointwise_conv,1x960x7x7,4.178825
60,0,imagen.jpeg,136,batchnorm,1x160x7x7,0.011473
60,0,imagen.jpeg,137,layer_add,1x160x7x7,0.005937
60,0,imagen.jpeg,138,pointwise_conv,1x160x7x7,4.127501
60,0,imagen.jpeg,139,batchnorm,1x960x7x7,0.044247
60,0,imagen.jpeg,140,activacion,1x960x7x7,0.114482
60,0,imagen.jpeg,141,depthwise_conv,1x960x7x7,0.443578
60,0,imagen.jpeg,142,batchnorm,1x960x7x7,0.048225
60,0,imagen.jpeg,143,activacion,1x960x7x7,0.090894
60,0,imagen.jpeg,144,pointwise_conv,1x960x7x7,8.255383
60,0,imagen.jpeg,145,batchnorm,1x320x7x7,0.016592
60,0,imagen.jpeg,146,pointwise_conv,1x320x7x7,13.696801
60,0,imagen.jpeg,147,batchnorm,1x1280x7x7,0.062358
60,0,imagen.jpeg,148,activacion,1x1280x7x7,0.181662
60,0,imagen.jpeg,149,pooling,1x1280x7x7,0.039151
60,0,imagen.jpeg,150,linear,1x1280,1.394683
61,0,imagen.jpeg,0,conv2d,1x3x224x224,13.518357
61,0,imagen.jpeg,1,batchnorm,1x32x112x112,0.546007
61,0,imagen.jpeg,2,activacion,1x32x112x112,0.890206
61,0,imagen.jpeg,3,depthwise_conv,1x32x112x112,6.659225
61,0,imagen.jpeg,4,batchnorm,1x32x112x112,2.678001
61,0,imagen.jpeg,5,activacion,1x32x112x112,0.843779
61,0,imagen.jpeg,6,pointwise_conv,1x32x112x112,4.41298
61,0,imagen.jpeg,7,batchnorm,1x16x112x112,0.248393
61,0,imagen.jpeg,8,pointwise_conv,1x16x112x112,13.376158
61,0,imagen.jpeg,9,batchnorm,1x96x112x112,2.390066
61,0,imagen.jpeg,10,activacion,1x96x112x112,4.467276
61,0,imagen.jpeg,11,depthwise_conv,1x96x112x112,3.714709
61,0,imagen.jpeg,12,batchnorm,1x96x56x56,0.355841
61,0,imagen.jpeg,13,activacion,1x96x56x56,1.139247
61,0,imagen.jpeg,14,pointwise_conv,1x96x56x56,4.565308
61,0,imagen.jpeg,15,batchnorm,1x24x56x56,0.07838
61,0,imagen.jpeg,16,pointwise_conv,1x24x56x56,7.518184
61,0,imagen.jpeg,17,batchnorm,1x144x56x56,0.986423
61,0,imagen.jpeg,18,activacion,1x144x56x56,1.421158
61,0,imagen.jpeg,19,depthwise_conv,1x144x56x56,5.207673
61,0,imagen.jpeg,20,batchnorm,1x144x56x56,0.984287
61,0,imagen.jpeg,21,activacion,1x144x56x56,1.94395
61,0,imagen.jpeg,22,pointwise_conv,1x144x56x56,7.378219
61,0,imagen.jpeg,23,batchnorm,1x24x56x56,0.078023
61,0,imagen.jpeg,24,layer_add,1x24x56x56,0.052999
61,0,imagen.jpeg,25,pointwise_conv,1x24x56x56,6.889255
61,0,imagen.jpeg,26,batchnorm,1x144x56x56,0.481754
61,0,imagen.jpeg,27,activacion,1x144x56x56,1.757155
61,0,imagen.jpeg,28,depthwise_conv,1x144x56x56,1.292457
61,0,imagen.jpeg,29,batchnorm,1x144x28x28,0.113347
61,0,imagen.jpeg,30,activacion,1x144x28x28,0.394325
61,0,imagen.jpeg,31,pointwise_conv,1x144x28x28,2.249756
61,0,imagen.jpeg,32,batchnorm,1x32x28x28,0.024799
61,0,imagen.jpeg,33,pointwise_conv,1x32x28x28,3.182046
61,0,imagen.jpeg,34,batchnorm,1x192x28x28,0.170976
61,0,imagen.jpeg,35,activacion,1x192x28x28,0.429256
61,0,imagen.jpeg,36,depthwise_conv,1x192x28x28,1.68215
61,0,imagen.jpeg,37,batchnorm,1x192x28x28,0.157834
61,0,imagen.jpeg,38,activacion,1x192x28x28,0.595027
61,0,imagen.jpeg,39,pointwise_conv,1x192x28x28,2.933116
61,0,imagen.jpeg,40,batchnorm,1x32x28x28,0.024236
61,0,imagen.jpeg,41,layer_add,1x32x28x28,0.015104
61,0,imagen.jpeg,42,pointwise_conv,1x32x28x28,3.57091
61,0,imagen.jpeg,43,batchnorm,1x192x28x28,0.165035
61,0,imagen.jpeg,44,activacion,1x192x28x28,0.494682
61,0,imagen.jpeg,45,depthwise_conv,1x192x28x28,1.778571
61,0,imagen.jpeg,46,batchnorm,1x192x28x28,0.160927
61,0,imagen.jpeg,47,activacion,1x192x28x28,0.578433
61,0,imagen.jpeg,48,pointwise_conv,1x192x28x28,3.300852
61,0,imagen.jpeg,49,batchnorm,1x32x28x28,0.028143
61,0,imagen.jpeg,50,layer_add,1x32x28x28,0.016273
61,0,imagen.jpeg,51,pointwise_conv,1x32x28x28,3.059501
61,0,imagen.jpeg,52,batchnorm,1x192x28x28,0.165054
61,0,imagen.jpeg,53,activacion,1x192x28x28,0.571173
61,0,imagen.jpeg,54,depthwise_conv,1x192x28x28,0.439329
61,0,imagen.jpeg,55,batchnorm,1x192x14x14,0.037982
61,0,imagen.jpeg,56,activacion,1x192x14x14,0.110646
61,0,imagen.jpeg,57,pointwise_conv,1x192x14x14,1.618038
61,0,imagen.jpeg,58,batchnorm,1x64x14x14,0.013376
61,0,imagen.jpeg,59,pointwise_conv,1x64x14x14,3.133696
61,0,imagen.jpeg,60,batchnorm,1x384x14x14,0.079768
61,0,imagen.jpeg,61,activacion,1x384x14x14,0.219438
61,0,imagen.jpeg,62,depthwise_conv,1x384x14x14,0.864166
61,0,imagen.jpeg,63,batchnorm,1x384x14x14,0.075198
61,0,imagen.jpeg,64,activacion,1x384x14x14,0.302806
61,0,imagen.jpeg,65,pointwise_conv,1x384x14x14,3.010351
61,0,imagen.jpeg,66,batchnorm,1x64x14x14,0.012701
61,0,imagen.jpeg,67,layer_add,1x64x14x14,0.007647
61,0,imagen.jpeg,68,pointwise_conv,1x64x14x14,3.127328
61,0,imagen.jpeg,69,batchnorm,1x384x14x14,0.080115
61,0,imagen.jpeg,70,activacion,1x384x14x14,0.269483
61,0,imagen.jpeg,71,depthwise_conv,1x384x14x14,0.861784
61,0,imagen.jpeg,72,batchnorm,1x384x14x14,0.109335
61,0,imagen.jpeg,73,activacion,1x384x14x14,0.283619
61,0,imagen.jpeg,74,pointwise_conv,1x384x14x14,3.015676
61,0,imagen.jpeg,75,batchnorm,1x64x14x14,0.012821
61,0,imagen.jpeg,76,layer_add,1x64x14x14,0.007599
61,0,imagen.jpeg,77,pointwise_conv,1x64x14x14,3.299988
61,0,imagen.jpeg,78,batchnorm,1x384x14x14,0.135555
61,0,imagen.jpeg,79,activacion,1x384x14x14,0.308248
61,0,imagen.jpeg,80,depthwise_conv,1x384x14x14,1.471819
61,0,imagen.jpeg,81,batchnorm,1x384x14x14,0.227739
61,0,imagen.jpeg,82,activacion,1x384x14x14,0.318647
61,0,imagen.jpeg,83,pointwise_conv,1x384x14x14,3.37035
61,0,imagen.jpeg,84,batchnorm,1x64x14x14,0.015879
61,0,imagen.jpeg,85,layer_add,1x64x14x14,0.007666
61,0,imagen.jpeg,86,pointwise_conv,1x64x14x14,3.045482
61,0,imagen.jpeg,87,batchnorm,1x384x14x14,0.077045
61,0,imagen.jpeg,88,activacion,1x384x14x14,0.29013
61,0,imagen.jpeg,89,depthwise_conv,1x384x14x14,0.857174
61,0,imagen.jpeg,90,batchnorm,1x384x14x14,0.078135
61,0,imagen.jpeg,91,activacion,1x384x14x14,0.282018
61,0,imagen.jpeg,92,pointwise_conv,1x384x14x14,4.636467
61,0,imagen.jpeg,93,batchnorm,1x96x14x14,0.019608
61,0,imagen.jpeg,94,pointwise_conv,1x96x14x14,6.7065
61,0,imagen.jpeg,95,batchnorm,1x576x14x14,0.113912
61,0,imagen.jpeg,96,activacion,1x576x14x14,0.399742
61,0,imagen.jpeg,97,depthwise_conv,1x576x14x14,1.215127
61,0,imagen.jpeg,98,batchnorm,1x576x14x14,0.205544
61,0,imagen.jpeg,99,activacion,1x576x14x14,0.363551
61,0,imagen.jpeg,100,pointwise_conv,1x576x14x14,6.359868
61,0,imagen.jpeg,101,batchnorm,1x96x14x14,0.020974
61,0,imagen.jpeg,102,layer_add,1x96x14x14,0.013524
61,0,imagen.jpeg,103,pointwise_conv,1x96x14x14,8.290973
61,0,imagen.jpeg,104,batchnorm,1x576x14x14,0.114819
61,0,imagen.jpeg,105,activacion,1x576x14x14,0.404492
61,0,imagen.jpeg,106,depthwise_conv,1x576x14x14,1.217524
61,0,imagen.jpeg,107,batchnorm,1x576x14x14,0.170336
61,0,imagen.jpeg,108,activacion,1x576x14x14,0.333964
61,0,imagen.jpeg,109,pointwise_conv,1x576x14x14,6.23748
61,0,imagen.jpeg,110,batchnorm,1x96x14x14,0.016763
61,0,imagen.jpeg,111,layer_add,1x96x14x14,0.01035
61,0,imagen.jpeg,112,pointwise_conv,1x96x14x14,6.19643
61,0,imagen.jpeg,113,batchnorm,1x576x14x14,0.107049
61,0,imagen.jpeg,114,activacion,1x576x14x14,0.31685
61,0,imagen.jpeg,115,depthwise_conv,1x576x14x14,0.283276
61,0,imagen.jpeg,116,batchnorm,1x576x7x7,0.030472
61,0,imagen.jpeg,117,activacion,1x576x7x7,0.06633
61,0,imagen.jpeg,118,pointwise_conv,1x576x7x7,2.506101
61,0,imagen.jpeg,119,batchnorm,1x160x7x7,0.007683
61,0,imagen.jpeg,120,pointwise_conv,1x160x7x7,4.217206
61,0,imagen.jpeg,121,batchnorm,1x960x7x7,0.043929
61,0,imagen.jpeg,122,activacion,1x960x7x7,0.146545
61,0,imagen.jpeg,123,depthwise_conv,1x960x7x7,0.452739
61,0,imagen.jpeg,124,batchnorm,1x960x7x7,0.042539
61,0,imagen.jpeg,125,activacion,1x960x7x7,0.150563
61,0,imagen.jpeg,126,pointwise_conv,1x960x7x7,5.907049
61,0,imagen.jpeg,127,batchnorm,1x160x7x7,0.008624
61,0,imagen.jpeg,128,layer_add,1x160x7x7,0.004492
61,0,imagen.jpeg,129,pointwise_conv,1x160x7x7,4.429202
61,0,imagen.jpeg,130,batchnorm,1x960x7x7,0.047616
61,0,imagen.jpeg,131,activacion,1x960x7x7,0.149862
61,0,imagen.jpeg,132,depthwise_conv,1x960x7x7,0.446291
61,0,imagen.jpeg,133,batchnorm,1x960x7x7,0.061978
61,0,imagen.jpeg,134,activacion,1x960x7x7,0.132622
61,0,imagen.jpeg,135,pointwise_conv,1x960x7x7,4.128385
61,0,imagen.jpeg,136,batchnorm,1x160x7x7,0.007335
61,0,imagen.jpeg,137,layer_add,1x160x7x7,0.00405
61,0,imagen.jpeg,138,pointwise_conv,1x160x7x7,4.245513
61,0,imagen.jpeg,139,batchnorm,1x960x7x7,0.048
61,0,imagen.jpeg,140,activacion,1x960x7x7,0.120929
61,0,imagen.jpeg,141,depthwise_conv,1x960x7x7,0.451173
61,0,imagen.jpeg,142,batchnorm,1x960x7x7,0.049451
61,0,imagen.jpeg,143,activacion,1x960x7x7,0.092792
61,0,imagen.jpeg,144,pointwise_conv,1x960x7x7,8.277399
61,0,imagen.jpeg,145,batchnorm,1x320x7x7,0.01522
61,0,imagen.jpeg,146,pointwise_conv,1x320x7x7,11.302558
61,0,imagen.jpeg,147,batchnorm,1x1280x7x7,0.062765
61,0,imagen.jpeg,148,activacion,1x1280x7x7,0.200139
61,0,imagen.jpeg,149,pooling,1x1280x7x7,0.040892
61,0,imagen.jpeg,150,linear,1x1280,1.455835
62,0,imagen.jpeg,0,conv2d,1x3x224x224,13.221972
62,0,imagen.jpeg,1,batchnorm,1x32x112x112,0.422393
62,0,imagen.jpeg,2,activacion,1x32x112x112,0.677789
62,0,imagen.jpeg,3,depthwise_conv,1x32x112x112,4.235637
62,0,imagen.jpeg,4,batchnorm,1x32x112x112,2.776755
62,0,imagen.jpeg,5,activacion,1x32x112x112,1.038968
62,0,imagen.jpeg,6,pointwise_conv,1x32x112x112,4.529204
62,0,imagen.jpeg,7,batchnorm,1x16x112x112,0.210768
62,0,imagen.jpeg,8,pointwise_conv,1x16x112x112,13.912951
62,0,imagen.jpeg,9,batchnorm,1x96x112x112,2.291243
62,0,imagen.jpeg,10,activacion,1x96x112x112,3.89443
62,0,imagen.jpeg,11,depthwise_conv,1x96x112x112,3.43246
62,0,imagen.jpeg,12,batchnorm,1x96x56x56,0.29295
62,0,imagen.jpeg,13,activacion,1x96x56x56,1.088962
62,0,imagen.jpeg,14,pointwise_conv,1x96x56x56,5.075728
62,0,imagen.jpeg,15,batchnorm,1x24x56x56,0.077694
62,0,imagen.jpeg,16,pointwise_conv,1x24x56x56,7.57562
62,0,imagen.jpeg,17,batchnorm,1x144x56x56,1.501555
62,0,imagen.jpeg,18,activacion,1x144x56x56,1.846142
62,0,imagen.jpeg,19,depthwise_conv,1x144x56x56,9.52829
62,0,imagen.jpeg,20,batchnorm,1x144x56x56,1.443954
62,0,imagen.jpeg,21,activacion,1x144x56x56,2.137224
62,0,imagen.jpeg,22,pointwise_conv,1x144x56x56,9.743103
62,0,imagen.jpeg,23,batchnorm,1x24x56x56,0.079896
62,0,imagen.jpeg,24,layer_add,1x24x56x56,0.052404
62,0,imagen.jpeg,25,pointwise_conv,1x24x56x56,6.919636
62,0,imagen.jpeg,26,batchnorm,1x144x56x56,0.490817
62,0,imagen.jpeg,27,activacion,1x144x56x56,1.716652
62,0,imagen.jpeg,28,depthwise_conv,1x144x56x56,1.273217
62,0,imagen.jpeg,29,batchnorm,1x144x28x28,0.109758
62,0,imagen.jpeg,30,activacion,1x144x28x28,0.39606
62,0,imagen.jpeg,31,pointwise_conv,1x144x28x28,2.259507
62,0,imagen.jpeg,32,batchnorm,1x32x28x28,0.024402
62,0,imagen.jpeg,33,pointwise_conv,1x32x28x28,3.076283
62,0,imagen.jpeg,34,batchnorm,1x192x28x28,0.148968
62,0,imagen.jpeg,35,activacion,1x192x28x28,0.412643
62,0,imagen.jpeg,36,depthwise_conv,1x192x28x28,1.721817
62,0,imagen.jpeg,37,batchnorm,1x192x28x28,0.164345
62,0,imagen.jpeg,38,activacion,1x192x28x28,0.574322
62,0,imagen.jpeg,39,pointwise_conv,1x192x28x28,2.960831
62,0,imagen.jpeg,40,batchnorm,1x32x28x28,0.027293
62,0,imagen.jpeg,41,layer_add,1x32x28x28,0.016982
62,0,imagen.jpeg,42,pointwise_conv,1x32x28x28,3.621594
62,0,imagen.jpeg,43,batchnorm,1x192x28x28,0.174215
62,0,imagen.jpeg,44,activacion,1x192x28x28,0.56652
62,0,imagen.jpeg,45,depthwise_conv,1x192x28x28,2.911609
62,0,imagen.jpeg,46,batchnorm,1x192x28x28,0.161411
62,0,imagen.jpeg,47,activacion,1x192x28x28,0.57641
62,0,imagen.jpeg,48,pointwise_conv,1x192x28x28,3.057561
62,0,imagen.jpeg,49,batchnorm,1x32x28x28,0.025941
62,0,imagen.jpeg,50,layer_add,1x32x28x28,0.015005
62,0,imagen.jpeg,51,pointwise_conv,1x32x28x28,2.983695
62,0,imagen.jpeg,52,batchnorm,1x192x28x28,0.150084
62,0,imagen.jpeg,53,activacion,1x192x28x28,0.579547
62,0,imagen.jpeg,54,depthwise_conv,1x192x28x28,0.439407
62,0,imagen.jpeg,55,batchnorm,1x192x14x14,0.038932
62,0,imagen.jpeg,56,activacion,1x192x14x14,0.110341
62,0,imagen.jpeg,57,pointwise_conv,1x192x14x14,1.525017
62,0,imagen.jpeg,58,batchnorm,1x64x14x14,0.012741
62,0,imagen.jpeg,59,pointwise_conv,1x64x14x14,3.336856
62,0,imagen.jpeg,60,batchnorm,1x384x14x14,0.137647
62,0,imagen.jpeg,61,activacion,1x384x14x14,0.293817
62,0,imagen.jpeg,62,depthwise_conv,1x384x14x14,1.557001
62,0,imagen.jpeg,63,batchnorm,1x384x14x14,0.127289
62,0,imagen.jpeg,64,activacion,1x384x14x14,0.317168
62,0,imagen.jpeg,65,pointwise_conv,1x384x14x14,3.011964
62,0,imagen.jpeg,66,batchnorm,1x64x14x14,0.012761
62,0,imagen.jpeg,67,layer_add,1x64x14x14,0.007424
62,0,imagen.jpeg,68,pointwise_conv,1x64x14x14,2.922511
62,0,imagen.jpeg,69,batchnorm,1x384x14x14,0.071252
62,0,imagen.jpeg,70,activacion,1x384x14x14,0.253695
62,0,imagen.jpeg,71,depthwise_conv,1x384x14x14,0.810349
62,0,imagen.jpeg,72,batchnorm,1x384x14x14,0.104352
62,0,imagen.jpeg,73,activacion,1x384x14x14,0.267912
62,0,imagen.jpeg,74,pointwise_conv,1x384x14x14,2.860242
62,0,imagen.jpeg,75,batchnorm,1x64x14x14,0.011713
62,0,imagen.jpeg,76,layer_add,1x64x14x14,0.007131
62,0,imagen.jpeg,77,pointwise_conv,1x64x14x14,2.920067
62,0,imagen.jpeg,78,batchnorm,1x384x14x14,0.107361
62,0,imagen.jpeg,79,activacion,1x384x14x14,0.283336
62,0,imagen.jpeg,80,depthwise_conv,1x384x14x14,0.838014
62,0,imagen.jpeg,81,batchnorm,1x384x14x14,0.159039
62,0,imagen.jpeg,82,activacion,1x384x14x14,0.279327
62,0,imagen.jpeg,83,pointwise_conv,1x384x14x14,3.4793
62,0,imagen.jpeg,84,batchnorm,1x64x14x14,0.014064
62,0,imagen.jpeg,85,layer_add,1x64x14x14,0.011757
62,0,imagen.jpeg,86,pointwise_conv,1x64x14x14,3.279263
62,0,imagen.jpeg,87,batchnorm,1x384x14x14,0.080179
62,0,imagen.jpeg,88,activacion,1x384x14x14,0.295207
62,0,imagen.jpeg,89,depthwise_conv,1x384x14x14,0.859898
62,0,imagen.jpeg,90,batchnorm,1x384x14x14,0.080476
62,0,imagen.jpeg,91,activacion,1x384x14x14,0.272439
62,0,imagen.jpeg,92,pointwise_conv,1x384x14x14,5.171689
62,0,imagen.jpeg,93,batchnorm,1x96x14x14,0.019046
62,0,imagen.jpeg,94,pointwise_conv,1x96x14x14,6.52617
62,0,imagen.jpeg,95,batchnorm,1x576x14x14,0.114745
62,0,imagen.jpeg,96,activacion,1x576x14x14,0.394183
62,0,imagen.jpeg,97,depthwise_conv,1x576x14x14,1.260733
62,0,imagen.jpeg,98,batchnorm,1x576x14x14,0.195764
62,0,imagen.jpeg,99,activacion,1x576x14x14,0.365316
62,0,imagen.jpeg,100,pointwise_conv,1x576x14x14,6.251804
62,0,imagen.jpeg,101,batchnorm,1x96x14x14,0.048728
62,0,imagen.jpeg,102,layer_add,1x96x14x14,0.043632
62,0,imagen.jpeg,103,pointwise_conv,1x96x14x14,7.788757
62,0,imagen.jpeg,104,batchnorm,1x576x14x14,0.129361
62,0,imagen.jpeg,105,activacion,1x576x14x14,0.421519
62,0,imagen.jpeg,106,depthwise_conv,1x576x14x14,1.300442
62,0,imagen.jpeg,107,batchnorm,1x576x14x14,0.182017
62,0,imagen.jpeg,108,activacion,1x576x14x14,0.34604
62,0,imagen.jpeg,109,pointwise_conv,1x576x14x14,6.5753
62,0,imagen.jpeg,110,batchnorm,1x96x14x14,0.018998
62,0,imagen.jpeg,111,layer_add,1x96x14x14,0.010742
62,0,imagen.jpeg,112,pointwise_conv,1x96x14x14,6.447471
62,0,imagen.jpeg,113,batchnorm,1x576x14x14,0.107876
62,0,imagen.jpeg,114,activacion,1x576x14x14,0.317315
62,0,imagen.jpeg,115,depthwise_conv,1x576x14x14,0.289718
62,0,imagen.jpeg,116,batchnorm,1x576x7x7,0.032285
62,0,imagen.jpeg,117,activacion,1x576x7x7,0.066774
62,0,imagen.jpeg,118,pointwise_conv,1x576x7x7,2.511989
62,0,imagen.jpeg,119,batchnorm,1x160x7x7,0.007532
62,0,imagen.jpeg,120,pointwise_conv,1x160x7x7,4.069191
62,0,imagen.jpeg,121,batchnorm,1x960x7x7,0.043814
62,0,imagen.jpeg,122,activacion,1x960x7x7,0.149662
62,0,imagen.jpeg,123,depthwise_conv,1x960x7x7,0.427558
62,0,imagen.jpeg,124,batchnorm,1x960x7x7,0.043585
62,0,imagen.jpeg,125,activacion,1x960x7x7,0.139423
62,0,imagen.jpeg,126,pointwise_conv,1x960x7x7,4.863275
62,0,imagen.jpeg,127,batchnorm,1x160x7x7,0.008706
62,0,imagen.jpeg,128,layer_add,1x160x7x7,0.00464
62,0,imagen.jpeg,129,pointwise_conv,1x160x7x7,4.549221
62,0,imagen.jpeg,130,batchnorm,1x960x7x7,0.052485
62,0,imagen.jpeg,131,activacion,1x960x7x7,0.160446
62,0,imagen.jpeg,132,depthwise_conv,1x960x7x7,0.474153
62,0,imagen.jpeg,133,batchnorm,1x960x7x7,0.068024
62,0,imagen.jpeg,134,activacion,1x960x7x7,0.140518
62,0,imagen.jpeg,135,pointwise_conv,1x960x7x7,4.599445
62,0,imagen.jpeg,136,batchnorm,1x160x7x7,0.008546
62,0,imagen.jpeg,137,layer_add,1x160x7x7,0.004736
62,0,imagen.jpeg,138,pointwise_conv,1x160x7x7,4.338041
62,0,imagen.jpeg,139,batchnorm,1x960x7x7,0.048113
62,0,imagen.jpeg,140,activacion,1x960x7x7,0.153423
62,0,imagen.jpeg,141,depthwise_conv,1x960x7x7,0.465763
62,0,imagen.jpeg,142,batchnorm,1x960x7x7,0.050995
62,0,imagen.jpeg,143,activacion,1x960x7x7,0.095617
62,0,imagen.jpeg,144,pointwise_conv,1x960x7x7,9.436973
62,0,imagen.jpeg,145,batchnorm,1x320x7x7,0.018541
62,0,imagen.jpeg,146,pointwise_conv,1x320x7x7,13.170033
62,0,imagen.jpeg,147,batchnorm,1x1280x7x7,0.073423
62,0,imagen.jpeg,148,activacion,1x1280x7x7,0.211319
62,0,imagen.jpeg,149,pooling,1x1280x7x7,0.050263
62,0,imagen.jpeg,150,linear,1x1280,1.62384
63,0,imagen.jpeg,0,conv2d,1x3x224x224,14.212236
63,0,imagen.jpeg,1,batchnorm,1x32x112x112,0.461892
63,0,imagen.jpeg,2,activacion,1x32x112x112,0.829804
63,0,imagen.jpeg,3,depthwise_conv,1x32x112x112,4.807567
63,0,imagen.jpeg,4,batchnorm,1x32x112x112,2.646249
63,0,imagen.jpeg,5,activacion,1x32x112x112,0.913177
63,0,imagen.jpeg,6,pointwise_conv,1x32x112x112,4.461161
63,0,imagen.jpeg,7,batchnorm,1x16x112x112,0.209273
63,0,imagen.jpeg,8,pointwise_conv,1x16x112x112,13.514711
63,0,imagen.jpeg,9,batchnorm,1x96x112x112,2.283344
63,0,imagen.jpeg,10,activacion,1x96x112x112,3.913909
63,0,imagen.jpeg,11,depthwise_conv,1x96x112x112,3.489481
63,0,imagen.jpeg,12,batchnorm,1x96x56x56,0.306814
63,0,imagen.jpeg,13,activacion,1x96x56x56,1.122935
63,0,imagen.jpeg,14,pointwise_conv,1x96x56x56,4.679264
63,0,imagen.jpeg,15,batchnorm,1x24x56x56,0.084304
63,0,imagen.jpeg,16,pointwise_conv,1x24x56x56,7.625015
63,0,imagen.jpeg,17,batchnorm,1x144x56x56,0.970563
63,0,imagen.jpeg,18,activacion,1x144x56x56,1.433387
63,0,imagen.jpeg,19,depthwise_conv,1x144x56x56,5.214626
63,0,imagen.jpeg,20,batchnorm,1x144x56x56,0.992562
63,0,imagen.jpeg,21,activacion,1x144x56x56,1.798538
63,0,imagen.jpeg,22,pointwise_conv,1x144x56x56,7.277946
63,0,imagen.jpeg,23,batchnorm,1x24x56x56,0.086019
63,0,imagen.jpeg,24,layer_add,1x24x56x56,0.047769
63,0,imagen.jpeg,25,pointwise_conv,1x24x56x56,7.098555
63,0,imagen.jpeg,26,batchnorm,1x144x56x56,0.495556
63,0,imagen.jpeg,27,activacion,1x144x56x56,1.716007
63,0,imagen.jpeg,28,depthwise_conv,1x144x56x56,1.488024
63,0,imagen.jpeg,29,batchnorm,1x144x28x28,0.118659
63,0,imagen.jpeg,30,activacion,1x144x28x28,0.392913
63,0,imagen.jpeg,31,pointwise_conv,1x144x28x28,2.205367
63,0,imagen.jpeg,32,batchnorm,1x32x28x28,0.024405
63,0,imagen.jpeg,33,pointwise_conv,1x32x28x28,3.127605
63,0,imagen.jpeg,34,batchnorm,1x192x28x28,0.154964
63,0,imagen.jpeg,35,activacion,1x192x28x28,0.424139
63,0,imagen.jpeg,36,depthwise_conv,1x192x28x28,1.667581
63,0,imagen.jpeg,37,batchnorm,1x192x28x28,0.140858
63,0,imagen.jpeg,38,activacion,1x192x28x28,0.575426
63,0,imagen.jpeg,39,pointwise_conv,1x192x28x28,2.869134
63,0,imagen.jpeg,40,batchnorm,1x32x28x28,0.025054
63,0,imagen.jpeg,41,layer_add,1x32x28x28,0.015139
63,0,imagen.jpeg,42,pointwise_conv,1x32x28x28,2.931489
63,0,imagen.jpeg,43,batchnorm,1x192x28x28,0.147705
63,0,imagen.jpeg,44,activacion,1x192x28x28,0.476325
63,0,imagen.jpeg,45,depthwise_conv,1x192x28x28,1.617707
63,0,imagen.jpeg,46,batchnorm,1x192x28x28,0.157415
63,0,imagen.jpeg,47,activacion,1x192x28x28,0.574775
63,0,imagen.jpeg,48,pointwise_conv,1x192x28x28,3.003454
63,0,imagen.jpeg,49,batchnorm,1x32x28x28,0.027226
63,0,imagen.jpeg,50,layer_add,1x32x28x28,0.017361
63,0,imagen.jpeg,51,pointwise_conv,1x32x28x28,3.063972
63,0,imagen.jpeg,52,batchnorm,1x192x28x28,0.165268
63,0,imagen.jpeg,53,activacion,1x192x28x28,0.562584
63,0,imagen.jpeg,54,depthwise_conv,1x192x28x28,0.477034
63,0,imagen.jpeg,55,batchnorm,1x192x14x14,0.056001
63,0,imagen.jpeg,56,activacion,1x192x14x14,0.115351
63,0,imagen.jpeg,57,pointwise_conv,1x192x14x14,1.528448
63,0,imagen.jpeg,58,batchnorm,1x64x14x14,0.013215
63,0,imagen.jpeg,59,pointwise_conv,1x64x14x14,3.279677
63,0,imagen.jpeg,60,batchnorm,1x384x14x14,0.079769
63,0,imagen.jpeg,61,activacion,1x384x14x14,0.218946
63,0,imagen.jpeg,62,depthwise_conv,1x384x14x14,0.860265
63,0,imagen.jpeg,63,batchnorm,1x384x14x14,0.07541
63,0,imagen.jpeg,64,activacion,1x384x14x14,0.302318
63,0,imagen.jpeg,65,pointwise_conv,1x384x14x14,3.010311
63,0,imagen.jpeg,66,batchnorm,1x64x14x14,0.01244
63,0,imagen.jpeg,67,layer_add,1x64x14x14,0.007029
63,0,imagen.jpeg,68,pointwise_conv,1x64x14x14,3.267481
63,0,imagen.jpeg,69,batchnorm,1x384x14x14,0.077168
63,0,imagen.jpeg,70,activacion,1x384x14x14,0.262405
63,0,imagen.jpeg,71,depthwise_conv,1x384x14x14,0.837481
63,0,imagen.jpeg,72,batchnorm,1x384x14x14,0.106256
63,0,imagen.jpeg,73,activacion,1x384x14x14,0.277968
63,0,imagen.jpeg,74,pointwise_conv,1x384x14x14,2.929941
63,0,imagen.jpeg,75,batchnorm,1x64x14x14,0.014945
63,0,imagen.jpeg,76,layer_add,1x64x14x14,0.010869
63,0,imagen.jpeg,77,pointwise_conv,1x64x14x14,3.219449
63,0,imagen.jpeg,78,batchnorm,1x384x14x14,0.078319
63,0,imagen.jpeg,79,activacion,1x384x14x14,0.281888
63,0,imagen.jpeg,80,depthwise_conv,1x384x14x14,0.855933
63,0,imagen.jpeg,81,batchnorm,1x384x14x14,0.150741
63,0,imagen.jpeg,82,activacion,1x384x14x14,0.250174
63,0,imagen.jpeg,83,pointwise_conv,1x384x14x14,3.030681
63,0,imagen.jpeg,84,batchnorm,1x64x14x14,0.01864
63,0,imagen.jpeg,85,layer_add,1x64x14x14,0.01133
63,0,imagen.jpeg,86,pointwise_conv,1x64x14x14,3.202865
63,0,imagen.jpeg,87,batchnorm,1x384x14x14,0.081443
63,0,imagen.jpeg,88,activacion,1x384x14x14,0.298899
63,0,imagen.jpeg,89,depthwise_conv,1x384x14x14,0.864816
63,0,imagen.jpeg,90,batchnorm,1x384x14x14,0.075455
63,0,imagen.jpeg,91,activacion,1x384x14x14,0.282661
63,0,imagen.jpeg,92,pointwise_conv,1x384x14x14,4.769233
63,0,imagen.jpeg,93,batchnorm,1x96x14x14,0.020444
63,0,imagen.jpeg,94,pointwise_conv,1x96x14x14,6.683494
63,0,imagen.jpeg,95,batchnorm,1x576x14x14,0.114504
63,0,imagen.jpeg,96,activacion,1x576x14x14,0.421639
63,0,imagen.jpeg,97,depthwise_conv,1x576x14x14,1.370858
63,0,imagen.jpeg,98,batchnorm,1x576x14x14,0.233538
63,0,imagen.jpeg,99,activacion,1x576x14x14,0.384911
63,0,imagen.jpeg,100,pointwise_conv,1x576x14x14,6.730881
63,0,imagen.jpeg,101,batchnorm,1x96x14x14,0.019872
63,0,imagen.jpeg,102,layer_add,1x96x14x14,0.013984
63,0,imagen.jpeg,103,pointwise_conv,1x96x14x14,6.502198
63,0,imagen.jpeg,104,batchnorm,1x576x14x14,0.128006
63,0,imagen.jpeg,105,activacion,1x576x14x14,0.414107
63,0,imagen.jpeg,106,depthwise_conv,1x576x14x14,1.304701
63,0,imagen.jpeg,107,batchnorm,1x576x14x14,0.18796
63,0,imagen.jpeg,108,activacion,1x576x14x14,0.358085
63,0,imagen.jpeg,109,pointwise_conv,1x576x14x14,7.322118
63,0,imagen.jpeg,110,batchnorm,1x96x14x14,0.021277
63,0,imagen.jpeg,111,layer_add,1x96x14x14,0.011107
63,0,imagen.jpeg,112,pointwise_conv,1x96x14x14,6.95088
63,0,imagen.jpeg,113,batchnorm,1x576x14x14,0.118382
63,0,imagen.jpeg,114,activacion,1x576x14x14,0.356019
63,0,imagen.jpeg,115,depthwise_conv,1x576x14x14,0.297647
63,0,imagen.jpeg,116,batchnorm,1x576x7x7,0.033067
63,0,imagen.jpeg,117,activacion,1x576x7x7,0.072256
63,0,imagen.jpeg,118,pointwise_conv,1x576x7x7,2.702488
63,0,imagen.jpeg,119,batchnorm,1x160x7x7,0.00817
63,0,imagen.jpeg,120,pointwise_conv,1x160x7x7,4.442208
63,0,imagen.jpeg,121,batchnorm,1x960x7x7,0.060865
63,0,imagen.jpeg,122,activacion,1x960x7x7,0.15963
63,0,imagen.jpeg,123,depthwise_conv,1x960x7x7,0.473137
63,0,imagen.jpeg,124,batchnorm,1x960x7x7,0.046921
63,0,imagen.jpeg,125,activacion,1x960x7x7,0.158808
63,0,imagen.jpeg,126,pointwise_conv,1x960x7x7,4.460164
63,0,imagen.jpeg,127,batchnorm,1x160x7x7,0.008646
63,0,imagen.jpeg,128,layer_add,1x160x7x7,0.005294
63,0,imagen.jpeg,129,pointwise_conv,1x160x7x7,4.533678
63,0,imagen.jpeg,130,batchnorm,1x960x7x7,0.061258
63,0,imagen.jpeg,131,activacion,1x960x7x7,0.154623
63,0,imagen.jpeg,132,depthwise_conv,1x960x7x7,0.470011
63,0,imagen.jpeg,133,batchnorm,1x960x7x7,0.058996
63,0,imagen.jpeg,134,activacion,1x960x7x7,0.135898
63,0,imagen.jpeg,135,pointwise_conv,1x960x7x7,4.298634
63,0,imagen.jpeg,136,batchnorm,1x160x7x7,0.007758
63,0,imagen.jpeg,137,layer_add,1x160x7x7,0.004663
63,0,imagen.jpeg,138,pointwise_conv,1x160x7x7,4.283317
63,0,imagen.jpeg,139,batchnorm,1x960x7x7,0.048442
63,0,imagen.jpeg,140,activacion,1x960x7x7,0.120834
63,0,imagen.jpeg,141,depthwise_conv,1x960x7x7,0.47525
63,0,imagen.jpeg,142,batchnorm,1x960x7x7,0.050507
63,0,imagen.jpeg,143,activacion,1x960x7x7,0.103316
63,0,imagen.jpeg,144,pointwise_conv,1x960x7x7,8.549337
63,0,imagen.jpeg,145,batchnorm,1x320x7x7,0.015696
63,0,imagen.jpeg,146,pointwise_conv,1x320x7x7,10.902415
63,0,imagen.jpeg,147,batchnorm,1x1280x7x7,0.065582
63,0,imagen.jpeg,148,activacion,1x1280x7x7,0.19799
63,0,imagen.jpeg,149,pooling,1x1280x7x7,0.041506
63,0,imagen.jpeg,150,linear,1x1280,1.456803
64,0,imagen.jpeg,0,conv2d,1x3x224x224,12.272349
64,0,imagen.jpeg,1,batchnorm,1x32x112x112,0.426964
64,0,imagen.jpeg,2,activacion,1x32x112x112,0.669295
64,0,imagen.jpeg,3,depthwise_conv,1x32x112x112,4.00028
64,0,imagen.jpeg,4,batchnorm,1x32x112x112,2.340055
64,0,imagen.jpeg,5,activacion,1x32x112x112,0.768247
64,0,imagen.jpeg,6,pointwise_conv,1x32x112x112,3.65864
64,0,imagen.jpeg,7,batchnorm,1x16x112x112,0.185608
64,0,imagen.jpeg,8,pointwise_conv,1x16x112x112,11.754273
64,0,imagen.jpeg,9,batchnorm,1x96x112x112,2.05773
64,0,imagen.jpeg,10,activacion,1x96x112x112,3.471046
64,0,imagen.jpeg,11,depthwise_conv,1x96x112x112,3.190835
64,0,imagen.jpeg,12,batchnorm,1x96x56x56,0.300905
64,0,imagen.jpeg,13,activacion,1x96x56x56,1.016808
64,0,imagen.jpeg,14,pointwise_conv,1x96x56x56,3.978467
64,0,imagen.jpeg,15,batchnorm,1x24x56x56,0.062561
64,0,imagen.jpeg,16,pointwise_conv,1x24x56x56,6.797493
64,0,imagen.jpeg,17,batchnorm,1x144x56x56,0.935422
64,0,imagen.jpeg,18,activacion,1x144x56x56,1.301786
64,0,imagen.jpeg,19,depthwise_conv,1x144x56x56,4.486126
64,0,imagen.jpeg,20,batchnorm,1x144x56x56,0.968687
64,0,imagen.jpeg,21,activacion,1x144x56x56,1.601137
64,0,imagen.jpeg,22,pointwise_conv,1x144x56x56,6.041718
64,0,imagen.jpeg,23,batchnorm,1x24x56x56,0.071263
64,0,imagen.jpeg,24,layer_add,1x24x56x56,0.046792
64,0,imagen.jpeg,25,pointwise_conv,1x24x56x56,5.992837
64,0,imagen.jpeg,26,batchnorm,1x144x56x56,0.459914
64,0,imagen.jpeg,27,activacion,1x144x56x56,1.503286
64,0,imagen.jpeg,28,depthwise_conv,1x144x56x56,1.115953
64,0,imagen.jpeg,29,batchnorm,1x144x28x28,0.099506
64,0,imagen.jpeg,30,activacion,1x144x28x28,0.356971
64,0,imagen.jpeg,31,pointwise_conv,1x144x28x28,2.04377
64,0,imagen.jpeg,32,batchnorm,1x32x28x28,0.023395
64,0,imagen.jpeg,33,pointwise_conv,1x32x28x28,2.737112
64,0,imagen.jpeg,34,batchnorm,1x192x28x28,0.156144
64,0,imagen.jpeg,35,activacion,1x192x28x28,0.367024
64,0,imagen.jpeg,36,depthwise_conv,1x192x28x28,1.542144
64,0,imagen.jpeg,37,batchnorm,1x192x28x28,0.14215
64,0,imagen.jpeg,38,activacion,1x192x28x28,0.540862
64,0,imagen.jpeg,39,pointwise_conv,1x192x28x28,2.666957
64,0,imagen.jpeg,40,batchnorm,1x32x28x28,0.021461
64,0,imagen.jpeg,41,layer_add,1x32x28x28,0.013771
64,0,imagen.jpeg,42,pointwise_conv,1x32x28x28,2.783912
64,0,imagen.jpeg,43,batchnorm,1x192x28x28,0.136083
64,0,imagen.jpeg,44,activacion,1x192x28x28,0.45312
64,0,imagen.jpeg,45,depthwise_conv,1x192x28x28,1.53773
64,0,imagen.jpeg,46,batchnorm,1x192x28x28,0.132964
64,0,imagen.jpeg,47,activacion,1x192x28x28,0.531087
64,0,imagen.jpeg,48,pointwise_conv,1x192x28x28,2.672921
64,0,imagen.jpeg,49,batchnorm,1x32x28x28,0.02281
64,0,imagen.jpeg,50,layer_add,1x32x28x28,0.014389
64,0,imagen.jpeg,51,pointwise_conv,1x32x28x28,2.683734
64,0,imagen.jpeg,52,batchnorm,1x192x28x28,0.125217
64,0,imagen.jpeg,53,activacion,1x192x28x28,0.503523
64,0,imagen.jpeg,54,depthwise_conv,1x192x28x28,0.36234
64,0,imagen.jpeg,55,batchnorm,1x192x14x14,0.03728
64,0,imagen.jpeg,56,activacion,1x192x14x14,0.096719
64,0,imagen.jpeg,57,pointwise_conv,1x192x14x14,1.451911
64,0,imagen.jpeg,58,batchnorm,1x64x14x14,0.012471
64,0,imagen.jpeg,59,pointwise_conv,1x64x14x14,2.870197
64,0,imagen.jpeg,60,batchnorm,1x384x14x14,0.074443
64,0,imagen.jpeg,61,activacion,1x384x14x14,0.202232
64,0,imagen.jpeg,62,depthwise_conv,1x384x14x14,0.795201
64,0,imagen.jpeg,63,batchnorm,1x384x14x14,0.069901
64,0,imagen.jpeg,64,activacion,1x384x14x14,0.278191
64,0,imagen.jpeg,65,pointwise_conv,1x384x14x14,2.864069
64,0,imagen.jpeg,66,batchnorm,1x64x14x14,0.013096
64,0,imagen.jpeg,67,layer_add,1x64x14x14,0.008014
64,0,imagen.jpeg,68,pointwise_conv,1x64x14x14,2.979637
64,0,imagen.jpeg,69,batchnorm,1x384x14x14,0.077868
64,0,imagen.jpeg,70,activacion,1x384x14x14,0.264781
64,0,imagen.jpeg,71,depthwise_conv,1x384x14x14,0.825251
64,0,imagen.jpeg,72,batchnorm,1x384x14x14,0.103813
64,0,imagen.jpeg,73,activacion,1x384x14x14,0.266863
64,0,imagen.jpeg,74,pointwise_conv,1x384x14x14,2.917704
64,0,imagen.jpeg,75,batchnorm,1x64x14x14,0.012404
64,0,imagen.jpeg,76,layer_add,1x64x14x14,0.007033
64,0,imagen.jpeg,77,pointwise_conv,1x64x14x14,2.873978
64,0,imagen.jpeg,78,batchnorm,1x384x14x14,0.073941
64,0,imagen.jpeg,79,activacion,1x384x14x14,0.260237
64,0,imagen.jpeg,80,depthwise_conv,1x384x14x14,0.791859
64,0,imagen.jpeg,81,batchnorm,1x384x14x14,0.146792
64,0,imagen.jpeg,82,activacion,1x384x14x14,0.241819
64,0,imagen.jpeg,83,pointwise_conv,1x384x14x14,2.823686
64,0,imagen.jpeg,84,batchnorm,1x64x14x14,0.011571
64,0,imagen.jpeg,85,layer_add,1x64x14x14,0.006763
64,0,imagen.jpeg,86,pointwise_conv,1x64x14x14,3.075925
64,0,imagen.jpeg,87,batchnorm,1x384x14x14,0.139326
64,0,imagen.jpeg,88,activacion,1x384x14x14,0.292002
64,0,imagen.jpeg,89,depthwise_conv,1x384x14x14,0.877127
64,0,imagen.jpeg,90,batchnorm,1x384x14x14,0.082962
64,0,imagen.jpeg,91,activacion,1x384x14x14,0.269228
64,0,imagen.jpeg,92,pointwise_conv,1x384x14x14,4.496209
64,0,imagen.jpeg,93,batchnorm,1x96x14x14,0.018377
64,0,imagen.jpeg,94,pointwise_conv,1x96x14x14,6.401134
64,0,imagen.jpeg,95,batchnorm,1x576x14x14,0.111247
64,0,imagen.jpeg,96,activacion,1x576x14x14,0.391264
64,0,imagen.jpeg,97,depthwise_conv,1x576x14x14,1.217103
64,0,imagen.jpeg,98,batchnorm,1x576x14x14,0.19306
64,0,imagen.jpeg,99,activacion,1x576x14x14,0.358058
64,0,imagen.jpeg,100,pointwise_conv,1x576x14x14,6.894219
64,0,imagen.jpeg,101,batchnorm,1x96x14x14,0.019229
64,0,imagen.jpeg,102,layer_add,1x96x14x14,0.013283
64,0,imagen.jpeg,103,pointwise_conv,1x96x14x14,6.325731
64,0,imagen.jpeg,104,batchnorm,1x576x14x14,0.107268
64,0,imagen.jpeg,105,activacion,1x576x14x14,0.377825
64,0,imagen.jpeg,106,depthwise_conv,1x576x14x14,1.170012
64,0,imagen.jpeg,107,batchnorm,1x576x14x14,0.174531
64,0,imagen.jpeg,108,activacion,1x576x14x14,0.323841
64,0,imagen.jpeg,109,pointwise_conv,1x576x14x14,6.145383
64,0,imagen.jpeg,110,batchnorm,1x96x14x14,0.018712
64,0,imagen.jpeg,111,layer_add,1x96x14x14,0.010847
64,0,imagen.jpeg,112,pointwise_conv,1x96x14x14,6.230013
64,0,imagen.jpeg,113,batchnorm,1x576x14x14,0.106288
64,0,imagen.jpeg,114,activacion,1x576x14x14,0.33522
64,0,imagen.jpeg,115,depthwise_conv,1x576x14x14,0.275212
64,0,imagen.jpeg,116,batchnorm,1x576x7x7,0.030111
64,0,imagen.jpeg,117,activacion,1x576x7x7,0.066629
64,0,imagen.jpeg,118,pointwise_conv,1x576x7x7,2.535247
64,0,imagen.jpeg,119,batchnorm,1x160x7x7,0.007428
64,0,imagen.jpeg,120,pointwise_conv,1x160x7x7,4.092939
64,0,imagen.jpeg,121,batchnorm,1x960x7x7,0.044332
64,0,imagen.jpeg,122,activacion,1x960x7x7,0.149931
64,0,imagen.jpeg,123,depthwise_conv,1x960x7x7,0.443355
64,0,imagen.jpeg,124,batchnorm,1x960x7x7,0.044038
64,0,imagen.jpeg,125,activacion,1x960x7x7,0.143217
64,0,imagen.jpeg,126,pointwise_conv,1x960x7x7,4.396948
64,0,imagen.jpeg,127,batchnorm,1x160x7x7,0.00867
64,0,imagen.jpeg,128,layer_add,1x160x7x7,0.005024
64,0,imagen.jpeg,129,pointwise_conv,1x160x7x7,4.238201
64,0,imagen.jpeg,130,batchnorm,1x960x7x7,0.04461
64,0,imagen.jpeg,131,activacion,1x960x7x7,0.142582
64,0,imagen.jpeg,132,depthwise_conv,1x960x7x7,0.428994
64,0,imagen.jpeg,133,batchnorm,1x960x7x7,0.054747
64,0,imagen.jpeg,134,activacion,1x960x7x7,0.142436
64,0,imagen.jpeg,135,pointwise_conv,1x960x7x7,4.15567
64,0,imagen.jpeg,136,batchnorm,1x160x7x7,0.007577
64,0,imagen.jpeg,137,layer_add,1x160x7x7,0.004683
64,0,imagen.jpeg,138,pointwise_conv,1x160x7x7,4.17758
64,0,imagen.jpeg,139,batchnorm,1x960x7x7,0.052621
64,0,imagen.jpeg,140,activacion,1x960x7x7,0.115743
64,0,imagen.jpeg,141,depthwise_conv,1x960x7x7,0.423481
64,0,imagen.jpeg,142,batchnorm,1x960x7x7,0.046642
64,0,imagen.jpeg,143,activacion,1x960x7x7,0.087677
64,0,imagen.jpeg,144,pointwise_conv,1x960x7x7,8.336314
64,0,imagen.jpeg,145,batchnorm,1x320x7x7,0.015916
64,0,imagen.jpeg,146,pointwise_conv,1x320x7x7,11.26201
64,0,imagen.jpeg,147,batchnorm,1x1280x7x7,0.065201
64,0,imagen.jpeg,148,activacion,1x1280x7x7,0.182508
64,0,imagen.jpeg,149,pooling,1x1280x7x7,0.041951
64,0,imagen.jpeg,150,linear,1x1280,1.479396
65,0,imagen.jpeg,0,conv2d,1x3x224x224,12.216348
65,0,imagen.jpeg,1,batchnorm,1x32x112x112,0.411731
65,0,imagen.jpeg,2,activacion,1x32x112x112,0.679387
65,0,imagen.jpeg,3,depthwise_conv,1x32x112x112,4.032691
65,0,imagen.jpeg,4,batchnorm,1x32x112x112,2.360465
65,0,imagen.jpeg,5,activacion,1x32x112x112,0.765562
65,0,imagen.jpeg,6,pointwise_conv,1x32x112x112,3.732109
65,0,imagen.jpeg,7,batchnorm,1x16x112x112,0.187028
65,0,imagen.jpeg,8,pointwise_conv,1x16x112x112,11.923295
65,0,imagen.jpeg,9,batchnorm,1x96x112x112,2.111973
65,0,imagen.jpeg,10,activacion,1x96x112x112,3.524101
65,0,imagen.jpeg,11,depthwise_conv,1x96x112x112,3.637219
65,0,imagen.jpeg,12,batchnorm,1x96x56x56,0.294701
65,0,imagen.jpeg,13,activacion,1x96x56x56,1.14036
65,0,imagen.jpeg,14,pointwise_conv,1x96x56x56,4.446325
65,0,imagen.jpeg,15,batchnorm,1x24x56x56,0.075944
65,0,imagen.jpeg,16,pointwise_conv,1x24x56x56,7.61964
65,0,imagen.jpeg,17,batchnorm,1x144x56x56,0.915254
65,0,imagen.jpeg,18,activacion,1x144x56x56,1.354823
65,0,imagen.jpeg,19,depthwise_conv,1x144x56x56,5.163901
65,0,imagen.jpeg,20,batchnorm,1x144x56x56,1.055637
65,0,imagen.jpeg,21,activacion,1x144x56x56,1.86027
65,0,imagen.jpeg,22,pointwise_conv,1x144x56x56,6.584227
65,0,imagen.jpeg,23,batchnorm,1x24x56x56,0.068828
65,0,imagen.jpeg,24,layer_add,1x24x56x56,0.050445
65,0,imagen.jpeg,25,pointwise_conv,1x24x56x56,6.849991
65,0,imagen.jpeg,26,batchnorm,1x144x56x56,0.505636
65,0,imagen.jpeg,27,activacion,1x144x56x56,1.716965
65,0,imagen.jpeg,28,depthwise_conv,1x144x56x56,1.226027
65,0,imagen.jpeg,29,batchnorm,1x144x28x28,0.105638
65,0,imagen.jpeg,30,activacion,1x144x28x28,0.372502
65,0,imagen.jpeg,31,pointwise_conv,1x144x28x28,2.199376
65,0,imagen.jpeg,32,batchnorm,1x32x28x28,0.028195
65,0,imagen.jpeg,33,pointwise_conv,1x32x28x28,2.897293
65,0,imagen.jpeg,34,batchnorm,1x192x28x28,0.187424
65,0,imagen.jpeg,35,activacion,1x192x28x28,0.463525
65,0,imagen.jpeg,36,depthwise_conv,1x192x28x28,1.573791
65,0,imagen.jpeg,37,batchnorm,1x192x28x28,0.139478
65,0,imagen.jpeg,38,activacion,1x192x28x28,0.561915
65,0,imagen.jpeg,39,pointwise_conv,1x192x28x28,3.017671
65,0,imagen.jpeg,40,batchnorm,1x32x28x28,0.027412
65,0,imagen.jpeg,41,layer_add,1x32x28x28,0.016247
65,0,imagen.jpeg,42,pointwise_conv,1x32x28x28,3.133467
65,0,imagen.jpeg,43,batchnorm,1x192x28x28,0.152232
65,0,imagen.jpeg,44,activacion,1x192x28x28,0.464592
65,0,imagen.jpeg,45,depthwise_conv,1x192x28x28,1.580584
65,0,imagen.jpeg,46,batchnorm,1x192x28x28,0.150862
65,0,imagen.jpeg,47,activacion,1x192x28x28,0.540337
65,0,imagen.jpeg,48,pointwise_conv,1x192x28x28,4.656544
65,0,imagen.jpeg,49,batchnorm,1x32x28x28,0.026497
65,0,imagen.jpeg,50,layer_add,1x32x28x28,0.016976
65,0,imagen.jpeg,51,pointwise_conv,1x32x28x28,2.90718
65,0,imagen.jpeg,52,batchnorm,1x192x28x28,0.140058
65,0,imagen.jpeg,53,activacion,1x192x28x28,0.523736
65,0,imagen.jpeg,54,depthwise_conv,1x192x28x28,0.402652
65,0,imagen.jpeg,55,batchnorm,1x192x14x14,0.041879
65,0,imagen.jpeg,56,activacion,1x192x14x14,0.104469
65,0,imagen.jpeg,57,pointwise_conv,1x192x14x14,1.634854
65,0,imagen.jpeg,58,batchnorm,1x64x14x14,0.012791
65,0,imagen.jpeg,59,pointwise_conv,1x64x14x14,2.951166
65,0,imagen.jpeg,60,batchnorm,1x384x14x14,0.086097
65,0,imagen.jpeg,61,activacion,1x384x14x14,0.228526
65,0,imagen.jpeg,62,depthwise_conv,1x384x14x14,0.902842
65,0,imagen.jpeg,63,batchnorm,1x384x14x14,0.080122
65,0,imagen.jpeg,64,activacion,1x384x14x14,0.295423
65,0,imagen.jpeg,65,pointwise_conv,1x384x14x14,3.441974
65,0,imagen.jpeg,66,batchnorm,1x64x14x14,0.01373
65,0,imagen.jpeg,67,layer_add,1x64x14x14,0.007934
65,0,imagen.jpeg,68,pointwise_conv,1x64x14x14,2.963908
65,0,imagen.jpeg,69,batchnorm,1x384x14x14,0.077435
65,0,imagen.jpeg,70,activacion,1x384x14x14,0.261378
65,0,imagen.jpeg,71,depthwise_conv,1x384x14x14,0.85735
65,0,imagen.jpeg,72,batchnorm,1x384x14x14,0.109626
65,0,imagen.jpeg,73,activacion,1x384x14x14,0.285294
65,0,imagen.jpeg,74,pointwise_conv,1x384x14x14,3.143068
65,0,imagen.jpeg,75,batchnorm,1x64x14x14,0.013073
65,0,imagen.jpeg,76,layer_add,1x64x14x14,0.02379
65,0,imagen.jpeg,77,pointwise_conv,1x64x14x14,2.917113
65,0,imagen.jpeg,78,batchnorm,1x384x14x14,0.074965
65,0,imagen.jpeg,79,activacion,1x384x14x14,0.275357
65,0,imagen.jpeg,80,depthwise_conv,1x384x14x14,0.812264
65,0,imagen.jpeg,81,batchnorm,1x384x14x14,0.150922
65,0,imagen.jpeg,82,activacion,1x384x14x14,0.250116
65,0,imagen.jpeg,83,pointwise_conv,1x384x14x14,4.297579
65,0,imagen.jpeg,84,batchnorm,1x64x14x14,0.020963
65,0,imagen.jpeg,85,layer_add,1x64x14x14,0.010891
65,0,imagen.jpeg,86,pointwise_conv,1x64x14x14,3.173388
65,0,imagen.jpeg,87,batchnorm,1x384x14x14,0.079364
65,0,imagen.jpeg,88,activacion,1x384x14x14,0.275689
65,0,imagen.jpeg,89,depthwise_conv,1x384x14x14,0.857683
65,0,imagen.jpeg,90,batchnorm,1x384x14x14,0.072992
65,0,imagen.jpeg,91,activacion,1x384x14x14,0.260426
65,0,imagen.jpeg,92,pointwise_conv,1x384x14x14,4.490865
65,0,imagen.jpeg,93,batchnorm,1x96x14x14,0.017883
65,0,imagen.jpeg,94,pointwise_conv,1x96x14x14,7.27262
65,0,imagen.jpeg,95,batchnorm,1x576x14x14,0.140663
65,0,imagen.jpeg,96,activacion,1x576x14x14,0.395957
65,0,imagen.jpeg,97,depthwise_conv,1x576x14x14,1.248012
65,0,imagen.jpeg,98,batchnorm,1x576x14x14,0.187884
65,0,imagen.jpeg,99,activacion,1x576x14x14,0.359861
65,0,imagen.jpeg,100,pointwise_conv,1x576x14x14,6.636091
65,0,imagen.jpeg,101,batchnorm,1x96x14x14,0.018544
65,0,imagen.jpeg,102,layer_add,1x96x14x14,0.013434
65,0,imagen.jpeg,103,pointwise_conv,1x96x14x14,8.393551
65,0,imagen.jpeg,104,batchnorm,1x576x14x14,0.119249
65,0,imagen.jpeg,105,activacion,1x576x14x14,0.402781
65,0,imagen.jpeg,106,depthwise_conv,1x576x14x14,1.221856
65,0,imagen.jpeg,107,batchnorm,1x576x14x14,0.178614
65,0,imagen.jpeg,108,activacion,1x576x14x14,0.320256
65,0,imagen.jpeg,109,pointwise_conv,1x576x14x14,6.450269
65,0,imagen.jpeg,110,batchnorm,1x96x14x14,0.020031
65,0,imagen.jpeg,111,layer_add,1x96x14x14,0.010443
65,0,imagen.jpeg,112,pointwise_conv,1x96x14x14,6.646663
65,0,imagen.jpeg,113,batchnorm,1x576x14x14,0.141342
65,0,imagen.jpeg,114,activacion,1x576x14x14,0.335125
65,0,imagen.jpeg,115,depthwise_conv,1x576x14x14,0.283937
65,0,imagen.jpeg,116,batchnorm,1x576x7x7,0.030299
65,0,imagen.jpeg,117,activacion,1x576x7x7,0.067325
65,0,imagen.jpeg,118,pointwise_conv,1x576x7x7,2.530457
65,0,imagen.jpeg,119,batchnorm,1x160x7x7,0.007755
65,0,imagen.jpeg,120,pointwise_conv,1x160x7x7,4.419675
65,0,imagen.jpeg,121,batchnorm,1x960x7x7,0.049364
65,0,imagen.jpeg,122,activacion,1x960x7x7,0.154879
65,0,imagen.jpeg,123,depthwise_conv,1x960x7x7,0.47005
65,0,imagen.jpeg,124,batchnorm,1x960x7x7,0.044458
65,0,imagen.jpeg,125,activacion,1x960x7x7,0.161442
65,0,imagen.jpeg,126,pointwise_conv,1x960x7x7,4.415696
65,0,imagen.jpeg,127,batchnorm,1x160x7x7,0.010567
65,0,imagen.jpeg,128,layer_add,1x160x7x7,0.006629
65,0,imagen.jpeg,129,pointwise_conv,1x160x7x7,4.70894
65,0,imagen.jpeg,130,batchnorm,1x960x7x7,0.050806
65,0,imagen.jpeg,131,activacion,1x960x7x7,0.155611
65,0,imagen.jpeg,132,depthwise_conv,1x960x7x7,0.461158
65,0,imagen.jpeg,133,batchnorm,1x960x7x7,0.058374
65,0,imagen.jpeg,134,activacion,1x960x7x7,0.135306
65,0,imagen.jpeg,135,pointwise_conv,1x960x7x7,4.90364
65,0,imagen.jpeg,136,batchnorm,1x160x7x7,0.008824
65,0,imagen.jpeg,137,layer_add,1x160x7x7,0.004489
65,0,imagen.jpeg,138,pointwise_conv,1x160x7x7,4.317925
65,0,imagen.jpeg,139,batchnorm,1x960x7x7,0.057517
65,0,imagen.jpeg,140,activacion,1x960x7x7,0.117601
65,0,imagen.jpeg,141,depthwise_conv,1x960x7x7,0.438075
65,0,imagen.jpeg,142,batchnorm,1x960x7x7,0.047661
65,0,imagen.jpeg,143,activacion,1x960x7x7,0.090203
65,0,imagen.jpeg,144,pointwise_conv,1x960x7x7,8.741763
65,0,imagen.jpeg,145,batchnorm,1x320x7x7,0.016188
65,0,imagen.jpeg,146,pointwise_conv,1x320x7x7,11.840651
65,0,imagen.jpeg,147,batchnorm,1x1280x7x7,0.063595
65,0,imagen.jpeg,148,activacion,1x1280x7x7,0.202677
65,0,imagen.jpeg,149,pooling,1x1280x7x7,0.04132
65,0,imagen.jpeg,150,linear,1x1280,1.493346
66,0,imagen.jpeg,0,conv2d,1x3x224x224,13.476662
66,0,imagen.jpeg,1,batchnorm,1x32x112x112,0.551365
66,0,imagen.jpeg,2,activacion,1x32x112x112,0.725471
66,0,imagen.jpeg,3,depthwise_conv,1x32x112x112,4.43967
66,0,imagen.jpeg,4,batchnorm,1x32x112x112,2.978917
66,0,imagen.jpeg,5,activacion,1x32x112x112,0.937214
66,0,imagen.jpeg,6,pointwise_conv,1x32x112x112,4.614322
66,0,imagen.jpeg,7,batchnorm,1x16x112x112,0.213116
66,0,imagen.jpeg,8,pointwise_conv,1x16x112x112,12.849262
66,0,imagen.jpeg,9,batchnorm,1x96x112x112,2.215054
66,0,imagen.jpeg,10,activacion,1x96x112x112,3.619734
66,0,imagen.jpeg,11,depthwise_conv,1x96x112x112,3.36709
66,0,imagen.jpeg,12,batchnorm,1x96x56x56,0.297349
66,0,imagen.jpeg,13,activacion,1x96x56x56,1.156575
66,0,imagen.jpeg,14,pointwise_conv,1x96x56x56,4.41151
66,0,imagen.jpeg,15,batchnorm,1x24x56x56,0.075672
66,0,imagen.jpeg,16,pointwise_conv,1x24x56x56,7.698396
66,0,imagen.jpeg,17,batchnorm,1x144x56x56,0.968773
66,0,imagen.jpeg,18,activacion,1x144x56x56,1.407527
66,0,imagen.jpeg,19,depthwise_conv,1x144x56x56,4.970235
66,0,imagen.jpeg,20,batchnorm,1x144x56x56,1.003185
66,0,imagen.jpeg,21,activacion,1x144x56x56,1.715616
66,0,imagen.jpeg,22,pointwise_conv,1x144x56x56,6.392218
66,0,imagen.jpeg,23,batchnorm,1x24x56x56,0.074244
66,0,imagen.jpeg,24,layer_add,1x24x56x56,0.048519
66,0,imagen.jpeg,25,pointwise_conv,1x24x56x56,7.065555
66,0,imagen.jpeg,26,batchnorm,1x144x56x56,0.489076
66,0,imagen.jpeg,27,activacion,1x144x56x56,1.638533
66,0,imagen.jpeg,28,depthwise_conv,1x144x56x56,1.230631
66,0,imagen.jpeg,29,batchnorm,1x144x28x28,0.105091
66,0,imagen.jpeg,30,activacion,1x144x28x28,0.395944
66,0,imagen.jpeg,31,pointwise_conv,1x144x28x28,2.232311
66,0,imagen.jpeg,32,batchnorm,1x32x28x28,0.029583
66,0,imagen.jpeg,33,pointwise_conv,1x32x28x28,2.854044
66,0,imagen.jpeg,34,batchnorm,1x192x28x28,0.145064
66,0,imagen.jpeg,35,activacion,1x192x28x28,0.398413
66,0,imagen.jpeg,36,depthwise_conv,1x192x28x28,1.57197
66,0,imagen.jpeg,37,batchnorm,1x192x28x28,0.138979
66,0,imagen.jpeg,38,activacion,1x192x28x28,0.5608
66,0,imagen.jpeg,39,pointwise_conv,1x192x28x28,2.831453
66,0,imagen.jpeg,40,batchnorm,1x32x28x28,0.023453
66,0,imagen.jpeg,41,layer_add,1x32x28x28,0.01425
66,0,imagen.jpeg,42,pointwise_conv,1x32x28x28,2.867981
66,0,imagen.jpeg,43,batchnorm,1x192x28x28,0.139604
66,0,imagen.jpeg,44,activacion,1x192x28x28,0.452427
66,0,imagen.jpeg,45,depthwise_conv,1x192x28x28,1.532619
66,0,imagen.jpeg,46,batchnorm,1x192x28x28,0.134942
66,0,imagen.jpeg,47,activacion,1x192x28x28,0.527088
66,0,imagen.jpeg,48,pointwise_conv,1x192x28x28,2.783096
66,0,imagen.jpeg,49,batchnorm,1x32x28x28,0.023947
66,0,imagen.jpeg,50,layer_add,1x32x28x28,0.014134
66,0,imagen.jpeg,51,pointwise_conv,1x32x28x28,2.730537
66,0,imagen.jpeg,52,batchnorm,1x192x28x28,0.126461
66,0,imagen.jpeg,53,activacion,1x192x28x28,0.484359
66,0,imagen.jpeg,54,depthwise_conv,1x192x28x28,0.463405
66,0,imagen.jpeg,55,batchnorm,1x192x14x14,0.046791
66,0,imagen.jpeg,56,activacion,1x192x14x14,0.09956
66,0,imagen.jpeg,57,pointwise_conv,1x192x14x14,1.877883
66,0,imagen.jpeg,58,batchnorm,1x64x14x14,0.05681
66,0,imagen.jpeg,59,pointwise_conv,1x64x14x14,3.369771
66,0,imagen.jpeg,60,batchnorm,1x384x14x14,0.101039
66,0,imagen.jpeg,61,activacion,1x384x14x14,0.208338
66,0,imagen.jpeg,62,depthwise_conv,1x384x14x14,0.856104
66,0,imagen.jpeg,63,batchnorm,1x384x14x14,0.076231
66,0,imagen.jpeg,64,activacion,1x384x14x14,0.297067
66,0,imagen.jpeg,65,pointwise_conv,1x384x14x14,3.544494
66,0,imagen.jpeg,66,batchnorm,1x64x14x14,0.014184
66,0,imagen.jpeg,67,layer_add,1x64x14x14,0.007406
66,0,imagen.jpeg,68,pointwise_conv,1x64x14x14,2.963114
66,0,imagen.jpeg,69,batchnorm,1x384x14x14,0.090674
66,0,imagen.jpeg,70,activacion,1x384x14x14,0.253366
66,0,imagen.jpeg,71,depthwise_conv,1x384x14x14,0.812861
66,0,imagen.jpeg,72,batchnorm,1x384x14x14,0.103836
66,0,imagen.jpeg,73,activacion,1x384x14x14,0.268078
66,0,imagen.jpeg,74,pointwise_conv,1x384x14x14,2.931658
66,0,imagen.jpeg,75,batchnorm,1x64x14x14,0.012161
66,0,imagen.jpeg,76,layer_add,1x64x14x14,0.006847
66,0,imagen.jpeg,77,pointwise_conv,1x64x14x14,2.871647
66,0,imagen.jpeg,78,batchnorm,1x384x14x14,0.06844
66,0,imagen.jpeg,79,activacion,1x384x14x14,0.259498
66,0,imagen.jpeg,80,depthwise_conv,1x384x14x14,0.850537
66,0,imagen.jpeg,81,batchnorm,1x384x14x14,0.148761
66,0,imagen.jpeg,82,activacion,1x384x14x14,0.253673
66,0,imagen.jpeg,83,pointwise_conv,1x384x14x14,2.992705
66,0,imagen.jpeg,84,batchnorm,1x64x14x14,0.012754
66,0,imagen.jpeg,85,layer_add,1x64x14x14,0.007538
66,0,imagen.jpeg,86,pointwise_conv,1x64x14x14,2.868417
66,0,imagen.jpeg,87,batchnorm,1x384x14x14,0.068589
66,0,imagen.jpeg,88,activacion,1x384x14x14,0.2632
66,0,imagen.jpeg,89,depthwise_conv,1x384x14x14,0.790149
66,0,imagen.jpeg,90,batchnorm,1x384x14x14,0.075992
66,0,imagen.jpeg,91,activacion,1x384x14x14,0.252575
66,0,imagen.jpeg,92,pointwise_conv,1x384x14x14,5.141624
66,0,imagen.jpeg,93,batchnorm,1x96x14x14,0.021587
66,0,imagen.jpeg,94,pointwise_conv,1x96x14x14,6.795082
66,0,imagen.jpeg,95,batchnorm,1x576x14x14,0.114578
66,0,imagen.jpeg,96,activacion,1x576x14x14,0.413099
66,0,imagen.jpeg,97,depthwise_conv,1x576x14x14,1.246813
66,0,imagen.jpeg,98,batchnorm,1x576x14x14,0.181747
66,0,imagen.jpeg,99,activacion,1x576x14x14,0.347655
66,0,imagen.jpeg,100,pointwise_conv,1x576x14x14,6.286574
66,0,imagen.jpeg,101,batchnorm,1x96x14x14,0.017468
66,0,imagen.jpeg,102,layer_add,1x96x14x14,0.01282
66,0,imagen.jpeg,103,pointwise_conv,1x96x14x14,6.276608
66,0,imagen.jpeg,104,batchnorm,1x576x14x14,0.111286
66,0,imagen.jpeg,105,activacion,1x576x14x14,0.37529
66,0,imagen.jpeg,106,depthwise_conv,1x576x14x14,1.195125
66,0,imagen.jpeg,107,batchnorm,1x576x14x14,0.166305
66,0,imagen.jpeg,108,activacion,1x576x14x14,0.325182
66,0,imagen.jpeg,109,pointwise_conv,1x576x14x14,6.289009
66,0,imagen.jpeg,110,batchnorm,1x96x14x14,0.018154
66,0,imagen.jpeg,111,layer_add,1x96x14x14,0.01071
66,0,imagen.jpeg,112,pointwise_conv,1x96x14x14,6.913142
66,0,imagen.jpeg,113,batchnorm,1x576x14x14,0.10886
66,0,imagen.jpeg,114,activacion,1x576x14x14,0.329299
66,0,imagen.jpeg,115,depthwise_conv,1x576x14x14,0.274071
66,0,imagen.jpeg,116,batchnorm,1x576x7x7,0.030992
66,0,imagen.jpeg,117,activacion,1x576x7x7,0.069042
66,0,imagen.jpeg,118,pointwise_conv,1x576x7x7,2.759026
66,0,imagen.jpeg,119,batchnorm,1x160x7x7,0.007858
66,0,imagen.jpeg,120,pointwise_conv,1x160x7x7,4.268384
66,0,imagen.jpeg,121,batchnorm,1x960x7x7,0.046161
66,0,imagen.jpeg,122,activacion,1x960x7x7,0.159392
66,0,imagen.jpeg,123,depthwise_conv,1x960x7x7,0.453084
66,0,imagen.jpeg,124,batchnorm,1x960x7x7,0.045077
66,0,imagen.jpeg,125,activacion,1x960x7x7,0.147795
66,0,imagen.jpeg,126,pointwise_conv,1x960x7x7,4.331332
66,0,imagen.jpeg,127,batchnorm,1x160x7x7,0.008656
66,0,imagen.jpeg,128,layer_add,1x160x7x7,0.004521
66,0,imagen.jpeg,129,pointwise_conv,1x160x7x7,4.24393
66,0,imagen.jpeg,130,batchnorm,1x960x7x7,0.042194
66,0,imagen.jpeg,131,activacion,1x960x7x7,0.139343
66,0,imagen.jpeg,132,depthwise_conv,1x960x7x7,0.49386
66,0,imagen.jpeg,133,batchnorm,1x960x7x7,0.052546
66,0,imagen.jpeg,134,activacion,1x960x7x7,0.136057
66,0,imagen.jpeg,135,pointwise_conv,1x960x7x7,4.171805
66,0,imagen.jpeg,136,batchnorm,1x160x7x7,0.007405
66,0,imagen.jpeg,137,layer_add,1x160x7x7,0.004448
66,0,imagen.jpeg,138,pointwise_conv,1x160x7x7,4.557333
66,0,imagen.jpeg,139,batchnorm,1x960x7x7,0.09824
66,0,imagen.jpeg,140,activacion,1x960x7x7,0.126254
66,0,imagen.jpeg,141,depthwise_conv,1x960x7x7,0.450634
66,0,imagen.jpeg,142,batchnorm,1x960x7x7,0.052563
66,0,imagen.jpeg,143,activacion,1x960x7x7,0.104824
66,0,imagen.jpeg,144,pointwise_conv,1x960x7x7,8.99708
66,0,imagen.jpeg,145,batchnorm,1x320x7x7,0.017671
66,0,imagen.jpeg,146,pointwise_conv,1x320x7x7,11.277706
66,0,imagen.jpeg,147,batchnorm,1x1280x7x7,0.063567
66,0,imagen.jpeg,148,activacion,1x1280x7x7,0.186447
66,0,imagen.jpeg,149,pooling,1x1280x7x7,0.041051
66,0,imagen.jpeg,150,linear,1x1280,1.486962
67,0,imagen.jpeg,0,conv2d,1x3x224x224,13.614352
67,0,imagen.jpeg,1,batchnorm,1x32x112x112,0.41862
67,0,imagen.jpeg,2,activacion,1x32x112x112,0.694946
67,0,imagen.jpeg,3,depthwise_conv,1x32x112x112,4.085657
67,0,imagen.jpeg,4,batchnorm,1x32x112x112,2.397254
67,0,imagen.jpeg,5,activacion,1x32x112x112,0.733767
67,0,imagen.jpeg,6,pointwise_conv,1x32x112x112,3.854371
67,0,imagen.jpeg,7,batchnorm,1x16x112x112,0.191728
67,0,imagen.jpeg,8,pointwise_conv,1x16x112x112,12.590447
67,0,imagen.jpeg,9,batchnorm,1x96x112x112,2.262896
67,0,imagen.jpeg,10,activacion,1x96x112x112,3.68532
67,0,imagen.jpeg,11,depthwise_conv,1x96x112x112,3.360475
67,0,imagen.jpeg,12,batchnorm,1x96x56x56,0.296624
67,0,imagen.jpeg,13,activacion,1x96x56x56,1.062041
67,0,imagen.jpeg,14,pointwise_conv,1x96x56x56,4.076211
67,0,imagen.jpeg,15,batchnorm,1x24x56x56,0.062856
67,0,imagen.jpeg,16,pointwise_conv,1x24x56x56,6.854563
67,0,imagen.jpeg,17,batchnorm,1x144x56x56,0.885927
67,0,imagen.jpeg,18,activacion,1x144x56x56,1.311988
67,0,imagen.jpeg,19,depthwise_conv,1x144x56x56,4.776206
67,0,imagen.jpeg,20,batchnorm,1x144x56x56,1.126723
67,0,imagen.jpeg,21,activacion,1x144x56x56,1.711522
67,0,imagen.jpeg,22,pointwise_conv,1x144x56x56,6.961815
67,0,imagen.jpeg,23,batchnorm,1x24x56x56,0.073557
67,0,imagen.jpeg,24,layer_add,1x24x56x56,0.043222
67,0,imagen.jpeg,25,pointwise_conv,1x24x56x56,6.325469
67,0,imagen.jpeg,26,batchnorm,1x144x56x56,0.434858
67,0,imagen.jpeg,27,activacion,1x144x56x56,1.563611
67,0,imagen.jpeg,28,depthwise_conv,1x144x56x56,1.269332
67,0,imagen.jpeg,29,batchnorm,1x144x28x28,0.105898
67,0,imagen.jpeg,30,activacion,1x144x28x28,0.358492
67,0,imagen.jpeg,31,pointwise_conv,1x144x28x28,2.105847
67,0,imagen.jpeg,32,batchnorm,1x32x28x28,0.02312
67,0,imagen.jpeg,33,pointwise_conv,1x32x28x28,2.819068
67,0,imagen.jpeg,34,batchnorm,1x192x28x28,0.141575
67,0,imagen.jpeg,35,activacion,1x192x28x28,0.390187
67,0,imagen.jpeg,36,depthwise_conv,1x192x28x28,1.534994
67,0,imagen.jpeg,37,batchnorm,1x192x28x28,0.133902
67,0,imagen.jpeg,38,activacion,1x192x28x28,0.540567
67,0,imagen.jpeg,39,pointwise_conv,1x192x28x28,2.686914
67,0,imagen.jpeg,40,batchnorm,1x32x28x28,0.021236
67,0,imagen.jpeg,41,layer_add,1x32x28x28,0.012878
67,0,imagen.jpeg,42,pointwise_conv,1x32x28x28,3.208693
67,0,imagen.jpeg,43,batchnorm,1x192x28x28,0.154523
67,0,imagen.jpeg,44,activacion,1x192x28x28,0.457742
67,0,imagen.jpeg,45,depthwise_conv,1x192x28x28,1.540109
67,0,imagen.jpeg,46,batchnorm,1x192x28x28,0.147041
67,0,imagen.jpeg,47,activacion,1x192x28x28,0.531075
67,0,imagen.jpeg,48,pointwise_conv,1x192x28x28,2.813949
67,0,imagen.jpeg,49,batchnorm,1x32x28x28,0.023593
67,0,imagen.jpeg,50,layer_add,1x32x28x28,0.014543
67,0,imagen.jpeg,51,pointwise_conv,1x32x28x28,3.061234
67,0,imagen.jpeg,52,batchnorm,1x192x28x28,0.141798
67,0,imagen.jpeg,53,activacion,1x192x28x28,0.50625
67,0,imagen.jpeg,54,depthwise_conv,1x192x28x28,0.395419
67,0,imagen.jpeg,55,batchnorm,1x192x14x14,0.035356
67,0,imagen.jpeg,56,activacion,1x192x14x14,0.101898
67,0,imagen.jpeg,57,pointwise_conv,1x192x14x14,1.380921
67,0,imagen.jpeg,58,batchnorm,1x64x14x14,0.011846
67,0,imagen.jpeg,59,pointwise_conv,1x64x14x14,2.882979
67,0,imagen.jpeg,60,batchnorm,1x384x14x14,0.07571
67,0,imagen.jpeg,61,activacion,1x384x14x14,0.207104
67,0,imagen.jpeg,62,depthwise_conv,1x384x14x14,0.787931
67,0,imagen.jpeg,63,batchnorm,1x384x14x14,0.069914
67,0,imagen.jpeg,64,activacion,1x384x14x14,0.275866
67,0,imagen.jpeg,65,pointwise_conv,1x384x14x14,2.825557
67,0,imagen.jpeg,66,batchnorm,1x64x14x14,0.012782
67,0,imagen.jpeg,67,layer_add,1x64x14x14,0.007187
67,0,imagen.jpeg,68,pointwise_conv,1x64x14x14,2.885365
67,0,imagen.jpeg,69,batchnorm,1x384x14x14,0.071793
67,0,imagen.jpeg,70,activacion,1x384x14x14,0.25674
67,0,imagen.jpeg,71,depthwise_conv,1x384x14x14,0.795882
67,0,imagen.jpeg,72,batchnorm,1x384x14x14,0.103025
67,0,imagen.jpeg,73,activacion,1x384x14x14,0.258943
67,0,imagen.jpeg,74,pointwise_conv,1x384x14x14,2.747385
67,0,imagen.jpeg,75,batchnorm,1x64x14x14,0.01114
67,0,imagen.jpeg,76,layer_add,1x64x14x14,0.006832
67,0,imagen.jpeg,77,pointwise_conv,1x64x14x14,2.737556
67,0,imagen.jpeg,78,batchnorm,1x384x14x14,0.064426
67,0,imagen.jpeg,79,activacion,1x384x14x14,0.245559
67,0,imagen.jpeg,80,depthwise_conv,1x384x14x14,0.859428
67,0,imagen.jpeg,81,batchnorm,1x384x14x14,0.14873
67,0,imagen.jpeg,82,activacion,1x384x14x14,0.224185
67,0,imagen.jpeg,83,pointwise_conv,1x384x14x14,3.270922
67,0,imagen.jpeg,84,batchnorm,1x64x14x14,0.013166
67,0,imagen.jpeg,85,layer_add,1x64x14x14,0.008467
67,0,imagen.jpeg,86,pointwise_conv,1x64x14x14,2.914843
67,0,imagen.jpeg,87,batchnorm,1x384x14x14,0.074405
67,0,imagen.jpeg,88,activacion,1x384x14x14,0.27128
67,0,imagen.jpeg,89,depthwise_conv,1x384x14x14,0.865952
67,0,imagen.jpeg,90,batchnorm,1x384x14x14,0.075137
67,0,imagen.jpeg,91,activacion,1x384x14x14,0.250613
67,0,imagen.jpeg,92,pointwise_conv,1x384x14x14,4.374011
67,0,imagen.jpeg,93,batchnorm,1x96x14x14,0.017821
67,0,imagen.jpeg,94,pointwise_conv,1x96x14x14,6.225241
67,0,imagen.jpeg,95,batchnorm,1x576x14x14,0.105573
67,0,imagen.jpeg,96,activacion,1x576x14x14,0.385965
67,0,imagen.jpeg,97,depthwise_conv,1x576x14x14,1.207626
67,0,imagen.jpeg,98,batchnorm,1x576x14x14,0.182145
67,0,imagen.jpeg,99,activacion,1x576x14x14,0.344642
67,0,imagen.jpeg,100,pointwise_conv,1x576x14x14,6.328104
67,0,imagen.jpeg,101,batchnorm,1x96x14x14,0.018037
67,0,imagen.jpeg,102,layer_add,1x96x14x14,0.013791
67,0,imagen.jpeg,103,pointwise_conv,1x96x14x14,6.065872
67,0,imagen.jpeg,104,batchnorm,1x576x14x14,0.104733
67,0,imagen.jpeg,105,activacion,1x576x14x14,0.38613
67,0,imagen.jpeg,106,depthwise_conv,1x576x14x14,1.476938
67,0,imagen.jpeg,107,batchnorm,1x576x14x14,0.23342
67,0,imagen.jpeg,108,activacion,1x576x14x14,0.329015
67,0,imagen.jpeg,109,pointwise_conv,1x576x14x14,6.910903
67,0,imagen.jpeg,110,batchnorm,1x96x14x14,0.019978
67,0,imagen.jpeg,111,layer_add,1x96x14x14,0.010704
67,0,imagen.jpeg,112,pointwise_conv,1x96x14x14,6.29308
67,0,imagen.jpeg,113,batchnorm,1x576x14x14,0.104885
67,0,imagen.jpeg,114,activacion,1x576x14x14,0.315577
67,0,imagen.jpeg,115,depthwise_conv,1x576x14x14,0.267068
67,0,imagen.jpeg,116,batchnorm,1x576x7x7,0.029532
67,0,imagen.jpeg,117,activacion,1x576x7x7,0.065465
67,0,imagen.jpeg,118,pointwise_conv,1x576x7x7,2.622443
67,0,imagen.jpeg,119,batchnorm,1x160x7x7,0.008329
67,0,imagen.jpeg,120,pointwise_conv,1x160x7x7,4.265056
67,0,imagen.jpeg,121,batchnorm,1x960x7x7,0.045829
67,0,imagen.jpeg,122,activacion,1x960x7x7,0.170601
67,0,imagen.jpeg,123,depthwise_conv,1x960x7x7,0.450164
67,0,imagen.jpeg,124,batchnorm,1x960x7x7,0.044996
67,0,imagen.jpeg,125,activacion,1x960x7x7,0.146582
67,0,imagen.jpeg,126,pointwise_conv,1x960x7x7,4.203267
67,0,imagen.jpeg,127,batchnorm,1x160x7x7,0.007749
67,0,imagen.jpeg,128,layer_add,1x160x7x7,0.00465
67,0,imagen.jpeg,129,pointwise_conv,1x160x7x7,4.30411
67,0,imagen.jpeg,130,batchnorm,1x960x7x7,0.056199
67,0,imagen.jpeg,131,activacion,1x960x7x7,0.163284
67,0,imagen.jpeg,132,depthwise_conv,1x960x7x7,0.570245
67,0,imagen.jpeg,133,batchnorm,1x960x7x7,0.077609
67,0,imagen.jpeg,134,activacion,1x960x7x7,0.144629
67,0,imagen.jpeg,135,pointwise_conv,1x960x7x7,4.594666
67,0,imagen.jpeg,136,batchnorm,1x160x7x7,0.008761
67,0,imagen.jpeg,137,layer_add,1x160x7x7,0.004407
67,0,imagen.jpeg,138,pointwise_conv,1x160x7x7,4.553757
67,0,imagen.jpeg,139,batchnorm,1x960x7x7,0.048495
67,0,imagen.jpeg,140,activacion,1x960x7x7,0.12427
67,0,imagen.jpeg,141,depthwise_conv,1x960x7x7,0.4448
67,0,imagen.jpeg,142,batchnorm,1x960x7x7,0.049179
67,0,imagen.jpeg,143,activacion,1x960x7x7,0.092749
67,0,imagen.jpeg,144,pointwise_conv,1x960x7x7,8.385572
67,0,imagen.jpeg,145,batchnorm,1x320x7x7,0.016867
67,0,imagen.jpeg,146,pointwise_conv,1x320x7x7,11.377539
67,0,imagen.jpeg,147,batchnorm,1x1280x7x7,0.065982
67,0,imagen.jpeg,148,activacion,1x1280x7x7,0.181418
67,0,imagen.jpeg,149,pooling,1x1280x7x7,0.039458
67,0,imagen.jpeg,150,linear,1x1280,1.429071
68,0,imagen.jpeg,0,conv2d,1x3x224x224,13.601792
68,0,imagen.jpeg,1,batchnorm,1x32x112x112,0.446836
68,0,imagen.jpeg,2,activacion,1x32x112x112,0.699786
68,0,imagen.jpeg,3,depthwise_conv,1x32x112x112,4.279493
68,0,imagen.jpeg,4,batchnorm,1x32x112x112,2.469165
68,0,imagen.jpeg,5,activacion,1x32x112x112,0.827512
68,0,imagen.jpeg,6,pointwise_conv,1x32x112x112,6.232749
68,0,imagen.jpeg,7,batchnorm,1x16x112x112,0.23602
68,0,imagen.jpeg,8,pointwise_conv,1x16x112x112,15.091322
68,0,imagen.jpeg,9,batchnorm,1x96x112x112,2.327519
68,0,imagen.jpeg,10,activacion,1x96x112x112,3.617641
68,0,imagen.jpeg,11,depthwise_conv,1x96x112x112,3.303462
68,0,imagen.jpeg,12,batchnorm,1x96x56x56,0.295315
68,0,imagen.jpeg,13,activacion,1x96x56x56,1.066554
68,0,imagen.jpeg,14,pointwise_conv,1x96x56x56,4.867454
68,0,imagen.jpeg,15,batchnorm,1x24x56x56,0.074417
68,0,imagen.jpeg,16,pointwise_conv,1x24x56x56,6.846738
68,0,imagen.jpeg,17,batchnorm,1x144x56x56,1.257667
68,0,imagen.jpeg,18,activacion,1x144x56x56,1.388238
68,0,imagen.jpeg,19,depthwise_conv,1x144x56x56,4.49033
68,0,imagen.jpeg,20,batchnorm,1x144x56x56,0.950246
68,0,imagen.jpeg,21,activacion,1x144x56x56,1.643179
68,0,imagen.jpeg,22,pointwise_conv,1x144x56x56,6.156191
68,0,imagen.jpeg,23,batchnorm,1x24x56x56,0.065021
68,0,imagen.jpeg,24,layer_add,1x24x56x56,0.042444
68,0,imagen.jpeg,25,pointwise_conv,1x24x56x56,6.932913
68,0,imagen.jpeg,26,batchnorm,1x144x56x56,0.500048
68,0,imagen.jpeg,27,activacion,1x144x56x56,1.543521
68,0,imagen.jpeg,28,depthwise_conv,1x144x56x56,1.142778
68,0,imagen.jpeg,29,batchnorm,1x144x28x28,0.098008
68,0,imagen.jpeg,30,activacion,1x144x28x28,0.350196
68,0,imagen.jpeg,31,pointwise_conv,1x144x28x28,2.059698
68,0,imagen.jpeg,32,batchnorm,1x32x28x28,0.021932
68,0,imagen.jpeg,33,pointwise_conv,1x32x28x28,2.702189
68,0,imagen.jpeg,34,batchnorm,1x192x28x28,0.136159
68,0,imagen.jpeg,35,activacion,1x192x28x28,0.383092
68,0,imagen.jpeg,36,depthwise_conv,1x192x28x28,1.699152
68,0,imagen.jpeg,37,batchnorm,1x192x28x28,0.201641
68,0,imagen.jpeg,38,activacion,1x192x28x28,0.61042
68,0,imagen.jpeg,39,pointwise_conv,1x192x28x28,2.908251
68,0,imagen.jpeg,40,batchnorm,1x32x28x28,0.021602
68,0,imagen.jpeg,41,layer_add,1x32x28x28,0.013258
68,0,imagen.jpeg,42,pointwise_conv,1x32x28x28,2.700394
68,0,imagen.jpeg,43,batchnorm,1x192x28x28,0.133045
68,0,imagen.jpeg,44,activacion,1x192x28x28,0.429261
68,0,imagen.jpeg,45,depthwise_conv,1x192x28x28,1.500612
68,0,imagen.jpeg,46,batchnorm,1x192x28x28,0.126989
68,0,imagen.jpeg,47,activacion,1x192x28x28,0.496929
68,0,imagen.jpeg,48,pointwise_conv,1x192x28x28,2.728694
68,0,imagen.jpeg,49,batchnorm,1x32x28x28,0.021849
68,0,imagen.jpeg,50,layer_add,1x32x28x28,0.01328
68,0,imagen.jpeg,51,pointwise_conv,1x32x28x28,2.737263
68,0,imagen.jpeg,52,batchnorm,1x192x28x28,0.130674
68,0,imagen.jpeg,53,activacion,1x192x28x28,0.546414
68,0,imagen.jpeg,54,depthwise_conv,1x192x28x28,0.65193
68,0,imagen.jpeg,55,batchnorm,1x192x14x14,0.04473
68,0,imagen.jpeg,56,activacion,1x192x14x14,0.121649
68,0,imagen.jpeg,57,pointwise_conv,1x192x14x14,1.57743
68,0,imagen.jpeg,58,batchnorm,1x64x14x14,0.013759
68,0,imagen.jpeg,59,pointwise_conv,1x64x14x14,2.756245
68,0,imagen.jpeg,60,batchnorm,1x384x14x14,0.100846
68,0,imagen.jpeg,61,activacion,1x384x14x14,0.239067
68,0,imagen.jpeg,62,depthwise_conv,1x384x14x14,0.926341
68,0,imagen.jpeg,63,batchnorm,1x384x14x14,0.070714
68,0,imagen.jpeg,64,activacion,1x384x14x14,0.273115
68,0,imagen.jpeg,65,pointwise_conv,1x384x14x14,2.680365
68,0,imagen.jpeg,66,batchnorm,1x64x14x14,0.010908
68,0,imagen.jpeg,67,layer_add,1x64x14x14,0.006949
68,0,imagen.jpeg,68,pointwise_conv,1x64x14x14,2.862269
68,0,imagen.jpeg,69,batchnorm,1x384x14x14,0.067467
68,0,imagen.jpeg,70,activacion,1x384x14x14,0.237325
68,0,imagen.jpeg,71,depthwise_conv,1x384x14x14,0.770095
68,0,imagen.jpeg,72,batchnorm,1x384x14x14,0.097503
68,0,imagen.jpeg,73,activacion,1x384x14x14,0.254547
68,0,imagen.jpeg,74,pointwise_conv,1x384x14x14,3.26387
68,0,imagen.jpeg,75,batchnorm,1x64x14x14,0.016594
68,0,imagen.jpeg,76,layer_add,1x64x14x14,0.010494
68,0,imagen.jpeg,77,pointwise_conv,1x64x14x14,2.905822
68,0,imagen.jpeg,78,batchnorm,1x384x14x14,0.071003
68,0,imagen.jpeg,79,activacion,1x384x14x14,0.2564
68,0,imagen.jpeg,80,depthwise_conv,1x384x14x14,0.777881
68,0,imagen.jpeg,81,batchnorm,1x384x14x14,0.144436
68,0,imagen.jpeg,82,activacion,1x384x14x14,0.229945
68,0,imagen.jpeg,83,pointwise_conv,1x384x14x14,2.691247
68,0,imagen.jpeg,84,batchnorm,1x64x14x14,0.011152
68,0,imagen.jpeg,85,layer_add,1x64x14x14,0.006605
68,0,imagen.jpeg,86,pointwise_conv,1x64x14x14,2.846415
68,0,imagen.jpeg,87,batchnorm,1x384x14x14,0.068682
68,0,imagen.jpeg,88,activacion,1x384x14x14,0.259706
68,0,imagen.jpeg,89,depthwise_conv,1x384x14x14,0.7749
68,0,imagen.jpeg,90,batchnorm,1x384x14x14,0.067282
68,0,imagen.jpeg,91,activacion,1x384x14x14,0.243931
68,0,imagen.jpeg,92,pointwise_conv,1x384x14x14,4.73307
68,0,imagen.jpeg,93,batchnorm,1x96x14x14,0.018246
68,0,imagen.jpeg,94,pointwise_conv,1x96x14x14,6.41776
68,0,imagen.jpeg,95,batchnorm,1x576x14x14,0.112799
68,0,imagen.jpeg,96,activacion,1x576x14x14,0.374608
68,0,imagen.jpeg,97,depthwise_conv,1x576x14x14,1.141144
68,0,imagen.jpeg,98,batchnorm,1x576x14x14,0.182849
68,0,imagen.jpeg,99,activacion,1x576x14x14,0.355071
68,0,imagen.jpeg,100,pointwise_conv,1x576x14x14,6.287468
68,0,imagen.jpeg,101,batchnorm,1x96x14x14,0.024986
68,0,imagen.jpeg,102,layer_add,1x96x14x14,0.016866
68,0,imagen.jpeg,103,pointwise_conv,1x96x14x14,6.713741
68,0,imagen.jpeg,104,batchnorm,1x576x14x14,0.10618
68,0,imagen.jpeg,105,activacion,1x576x14x14,0.394813
68,0,imagen.jpeg,106,depthwise_conv,1x576x14x14,1.127789
68,0,imagen.jpeg,107,batchnorm,1x576x14x14,0.169527
68,0,imagen.jpeg,108,activacion,1x576x14x14,0.297565
68,0,imagen.jpeg,109,pointwise_conv,1x576x14x14,6.279556
68,0,imagen.jpeg,110,batchnorm,1x96x14x14,0.016894
68,0,imagen.jpeg,111,layer_add,1x96x14x14,0.010203
68,0,imagen.jpeg,112,pointwise_conv,1x96x14x14,6.847524
68,0,imagen.jpeg,113,batchnorm,1x576x14x14,0.105838
68,0,imagen.jpeg,114,activacion,1x576x14x14,0.31811
68,0,imagen.jpeg,115,depthwise_conv,1x576x14x14,0.301236
68,0,imagen.jpeg,116,batchnorm,1x576x7x7,0.029683
68,0,imagen.jpeg,117,activacion,1x576x7x7,0.063414
68,0,imagen.jpeg,118,pointwise_conv,1x576x7x7,2.506689
68,0,imagen.jpeg,119,batchnorm,1x160x7x7,0.007501
68,0,imagen.jpeg,120,pointwise_conv,1x160x7x7,4.222609
68,0,imagen.jpeg,121,batchnorm,1x960x7x7,0.043685
68,0,imagen.jpeg,122,activacion,1x960x7x7,0.146067
68,0,imagen.jpeg,123,depthwise_conv,1x960x7x7,0.432573
68,0,imagen.jpeg,124,batchnorm,1x960x7x7,0.043432
68,0,imagen.jpeg,125,activacion,1x960x7x7,0.143597
68,0,imagen.jpeg,126,pointwise_conv,1x960x7x7,4.865348
68,0,imagen.jpeg,127,batchnorm,1x160x7x7,0.009779
68,0,imagen.jpeg,128,layer_add,1x160x7x7,0.005698
68,0,imagen.jpeg,129,pointwise_conv,1x160x7x7,4.293416
68,0,imagen.jpeg,130,batchnorm,1x960x7x7,0.047105
68,0,imagen.jpeg,131,activacion,1x960x7x7,0.146276
68,0,imagen.jpeg,132,depthwise_conv,1x960x7x7,0.43898
68,0,imagen.jpeg,133,batchnorm,1x960x7x7,0.055078
68,0,imagen.jpeg,134,activacion,1x960x7x7,0.12836
68,0,imagen.jpeg,135,pointwise_conv,1x960x7x7,4.220246
68,0,imagen.jpeg,136,batchnorm,1x160x7x7,0.008117
68,0,imagen.jpeg,137,layer_add,1x160x7x7,0.00421
68,0,imagen.jpeg,138,pointwise_conv,1x160x7x7,4.694517
68,0,imagen.jpeg,139,batchnorm,1x960x7x7,0.071832
68,0,imagen.jpeg,140,activacion,1x960x7x7,0.129189
68,0,imagen.jpeg,141,depthwise_conv,1x960x7x7,0.458993
68,0,imagen.jpeg,142,batchnorm,1x960x7x7,0.050702
68,0,imagen.jpeg,143,activacion,1x960x7x7,0.089468
68,0,imagen.jpeg,144,pointwise_conv,1x960x7x7,8.370188
68,0,imagen.jpeg,145,batchnorm,1x320x7x7,0.015411
68,0,imagen.jpeg,146,pointwise_conv,1x320x7x7,11.893792
68,0,imagen.jpeg,147,batchnorm,1x1280x7x7,0.065597
68,0,imagen.jpeg,148,activacion,1x1280x7x7,0.182107
68,0,imagen.jpeg,149,pooling,1x1280x7x7,0.039345
68,0,imagen.jpeg,150,linear,1x1280,1.435557
69,0,imagen.jpeg,0,conv2d,1x3x224x224,13.212945
69,0,imagen.jpeg,1,batchnorm,1x32x112x112,0.411646
69,0,imagen.jpeg,2,activacion,1x32x112x112,0.663654
69,0,imagen.jpeg,3,depthwise_conv,1x32x112x112,3.973192
69,0,imagen.jpeg,4,batchnorm,1x32x112x112,2.438731
69,0,imagen.jpeg,5,activacion,1x32x112x112,0.802824
69,0,imagen.jpeg,6,pointwise_conv,1x32x112x112,3.680026
69,0,imagen.jpeg,7,batchnorm,1x16x112x112,0.179477
69,0,imagen.jpeg,8,pointwise_conv,1x16x112x112,12.164183
69,0,imagen.jpeg,9,batchnorm,1x96x112x112,2.076698
69,0,imagen.jpeg,10,activacion,1x96x112x112,3.361639
69,0,imagen.jpeg,11,depthwise_conv,1x96x112x112,3.155819
69,0,imagen.jpeg,12,batchnorm,1x96x56x56,0.303162
69,0,imagen.jpeg,13,activacion,1x96x56x56,1.000982
69,0,imagen.jpeg,14,pointwise_conv,1x96x56x56,3.87206
69,0,imagen.jpeg,15,batchnorm,1x24x56x56,0.061788
69,0,imagen.jpeg,16,pointwise_conv,1x24x56x56,7.246175
69,0,imagen.jpeg,17,batchnorm,1x144x56x56,0.892768
69,0,imagen.jpeg,18,activacion,1x144x56x56,1.24509
69,0,imagen.jpeg,19,depthwise_conv,1x144x56x56,4.568974
69,0,imagen.jpeg,20,batchnorm,1x144x56x56,0.914942
69,0,imagen.jpeg,21,activacion,1x144x56x56,1.578959
69,0,imagen.jpeg,22,pointwise_conv,1x144x56x56,6.629152
69,0,imagen.jpeg,23,batchnorm,1x24x56x56,0.066595
69,0,imagen.jpeg,24,layer_add,1x24x56x56,0.062592
69,0,imagen.jpeg,25,pointwise_conv,1x24x56x56,5.886774
69,0,imagen.jpeg,26,batchnorm,1x144x56x56,0.415401
69,0,imagen.jpeg,27,activacion,1x144x56x56,1.467511
69,0,imagen.jpeg,28,depthwise_conv,1x144x56x56,1.116086
69,0,imagen.jpeg,29,batchnorm,1x144x28x28,0.093884
69,0,imagen.jpeg,30,activacion,1x144x28x28,0.357186
69,0,imagen.jpeg,31,pointwise_conv,1x144x28x28,2.572723
69,0,imagen.jpeg,32,batchnorm,1x32x28x28,0.022941
69,0,imagen.jpeg,33,pointwise_conv,1x32x28x28,2.643366
69,0,imagen.jpeg,34,batchnorm,1x192x28x28,0.134076
69,0,imagen.jpeg,35,activacion,1x192x28x28,0.394696
69,0,imagen.jpeg,36,depthwise_conv,1x192x28x28,1.430197
69,0,imagen.jpeg,37,batchnorm,1x192x28x28,0.122966
69,0,imagen.jpeg,38,activacion,1x192x28x28,0.495219
69,0,imagen.jpeg,39,pointwise_conv,1x192x28x28,2.546536
69,0,imagen.jpeg,40,batchnorm,1x32x28x28,0.020886
69,0,imagen.jpeg,41,layer_add,1x32x28x28,0.01518
69,0,imagen.jpeg,42,pointwise_conv,1x32x28x28,2.95559
69,0,imagen.jpeg,43,batchnorm,1x192x28x28,0.137304
69,0,imagen.jpeg,44,activacion,1x192x28x28,0.427042
69,0,imagen.jpeg,45,depthwise_conv,1x192x28x28,1.475399
69,0,imagen.jpeg,46,batchnorm,1x192x28x28,0.133783
69,0,imagen.jpeg,47,activacion,1x192x28x28,0.505364
69,0,imagen.jpeg,48,pointwise_conv,1x192x28x28,2.581009
69,0,imagen.jpeg,49,batchnorm,1x32x28x28,0.020574
69,0,imagen.jpeg,50,layer_add,1x32x28x28,0.012958
69,0,imagen.jpeg,51,pointwise_conv,1x32x28x28,2.74699
69,0,imagen.jpeg,52,batchnorm,1x192x28x28,0.156218
69,0,imagen.jpeg,53,activacion,1x192x28x28,0.556551
69,0,imagen.jpeg,54,depthwise_conv,1x192x28x28,0.61191
69,0,imagen.jpeg,55,batchnorm,1x192x14x14,0.04499
69,0,imagen.jpeg,56,activacion,1x192x14x14,0.113482
69,0,imagen.jpeg,57,pointwise_conv,1x192x14x14,1.401227
69,0,imagen.jpeg,58,batchnorm,1x64x14x14,0.011982
69,0,imagen.jpeg,59,pointwise_conv,1x64x14x14,2.788074
69,0,imagen.jpeg,60,batchnorm,1x384x14x14,0.069992
69,0,imagen.jpeg,61,activacion,1x384x14x14,0.204277
69,0,imagen.jpeg,62,depthwise_conv,1x384x14x14,0.784724
69,0,imagen.jpeg,63,batchnorm,1x384x14x14,0.08533
69,0,imagen.jpeg,64,activacion,1x384x14x14,0.265258
69,0,imagen.jpeg,65,pointwise_conv,1x384x14x14,2.671424
69,0,imagen.jpeg,66,batchnorm,1x64x14x14,0.010743
69,0,imagen.jpeg,67,layer_add,1x64x14x14,0.006491
69,0,imagen.jpeg,68,pointwise_conv,1x64x14x14,2.746072
69,0,imagen.jpeg,69,batchnorm,1x384x14x14,0.072943
69,0,imagen.jpeg,70,activacion,1x384x14x14,0.27273
69,0,imagen.jpeg,71,depthwise_conv,1x384x14x14,0.827533
69,0,imagen.jpeg,72,batchnorm,1x384x14x14,0.130795
69,0,imagen.jpeg,73,activacion,1x384x14x14,0.283415
69,0,imagen.jpeg,74,pointwise_conv,1x384x14x14,3.138411
69,0,imagen.jpeg,75,batchnorm,1x64x14x14,0.014453
69,0,imagen.jpeg,76,layer_add,1x64x14x14,0.008525
69,0,imagen.jpeg,77,pointwise_conv,1x64x14x14,3.006472
69,0,imagen.jpeg,78,batchnorm,1x384x14x14,0.071427
69,0,imagen.jpeg,79,activacion,1x384x14x14,0.256877
69,0,imagen.jpeg,80,depthwise_conv,1x384x14x14,0.773796
69,0,imagen.jpeg,81,batchnorm,1x384x14x14,0.163017
69,0,imagen.jpeg,82,activacion,1x384x14x14,0.245455
69,0,imagen.jpeg,83,pointwise_conv,1x384x14x14,2.707355
69,0,imagen.jpeg,84,batchnorm,1x64x14x14,0.011173
69,0,imagen.jpeg,85,layer_add,1x64x14x14,0.006985
69,0,imagen.jpeg,86,pointwise_conv,1x64x14x14,2.67313
69,0,imagen.jpeg,87,batchnorm,1x384x14x14,0.064297
69,0,imagen.jpeg,88,activacion,1x384x14x14,0.28384
69,0,imagen.jpeg,89,depthwise_conv,1x384x14x14,0.75323
69,0,imagen.jpeg,90,batchnorm,1x384x14x14,0.065517
69,0,imagen.jpeg,91,activacion,1x384x14x14,0.238085
69,0,imagen.jpeg,92,pointwise_conv,1x384x14x14,4.049883
69,0,imagen.jpeg,93,batchnorm,1x96x14x14,0.023599
69,0,imagen.jpeg,94,pointwise_conv,1x96x14x14,6.952827
69,0,imagen.jpeg,95,batchnorm,1x576x14x14,0.109671
69,0,imagen.jpeg,96,activacion,1x576x14x14,0.39397
69,0,imagen.jpeg,97,depthwise_conv,1x576x14x14,1.127583
69,0,imagen.jpeg,98,batchnorm,1x576x14x14,0.17631
69,0,imagen.jpeg,99,activacion,1x576x14x14,0.337451
69,0,imagen.jpeg,100,pointwise_conv,1x576x14x14,6.119704
69,0,imagen.jpeg,101,batchnorm,1x96x14x14,0.016551
69,0,imagen.jpeg,102,layer_add,1x96x14x14,0.012708
69,0,imagen.jpeg,103,pointwise_conv,1x96x14x14,6.58725
69,0,imagen.jpeg,104,batchnorm,1x576x14x14,0.121785
69,0,imagen.jpeg,105,activacion,1x576x14x14,0.374144
69,0,imagen.jpeg,106,depthwise_conv,1x576x14x14,1.156327
69,0,imagen.jpeg,107,batchnorm,1x576x14x14,0.167059
69,0,imagen.jpeg,108,activacion,1x576x14x14,0.316718
69,0,imagen.jpeg,109,pointwise_conv,1x576x14x14,6.125559
69,0,imagen.jpeg,110,batchnorm,1x96x14x14,0.015943
69,0,imagen.jpeg,111,layer_add,1x96x14x14,0.01095
69,0,imagen.jpeg,112,pointwise_conv,1x96x14x14,6.837422
69,0,imagen.jpeg,113,batchnorm,1x576x14x14,0.112285
69,0,imagen.jpeg,114,activacion,1x576x14x14,0.315363
69,0,imagen.jpeg,115,depthwise_conv,1x576x14x14,0.294629
69,0,imagen.jpeg,116,batchnorm,1x576x7x7,0.030387
69,0,imagen.jpeg,117,activacion,1x576x7x7,0.065028
69,0,imagen.jpeg,118,pointwise_conv,1x576x7x7,2.414683
69,0,imagen.jpeg,119,batchnorm,1x160x7x7,0.007057
69,0,imagen.jpeg,120,pointwise_conv,1x160x7x7,5.031743
69,0,imagen.jpeg,121,batchnorm,1x960x7x7,0.052754
69,0,imagen.jpeg,122,activacion,1x960x7x7,0.167518
69,0,imagen.jpeg,123,depthwise_conv,1x960x7x7,0.434565
69,0,imagen.jpeg,124,batchnorm,1x960x7x7,0.042868
69,0,imagen.jpeg,125,activacion,1x960x7x7,0.139353
69,0,imagen.jpeg,126,pointwise_conv,1x960x7x7,4.428032
69,0,imagen.jpeg,127,batchnorm,1x160x7x7,0.007855
69,0,imagen.jpeg,128,layer_add,1x160x7x7,0.004554
69,0,imagen.jpeg,129,pointwise_conv,1x160x7x7,4.201103
69,0,imagen.jpeg,130,batchnorm,1x960x7x7,0.043697
69,0,imagen.jpeg,131,activacion,1x960x7x7,0.142602
69,0,imagen.jpeg,132,depthwise_conv,1x960x7x7,0.425392
69,0,imagen.jpeg,133,batchnorm,1x960x7x7,0.053824
69,0,imagen.jpeg,134,activacion,1x960x7x7,0.141356
69,0,imagen.jpeg,135,pointwise_conv,1x960x7x7,5.10037
69,0,imagen.jpeg,136,batchnorm,1x160x7x7,0.00846
69,0,imagen.jpeg,137,layer_add,1x160x7x7,0.004548
69,0,imagen.jpeg,138,pointwise_conv,1x160x7x7,4.160721
69,0,imagen.jpeg,139,batchnorm,1x960x7x7,0.075984
69,0,imagen.jpeg,140,activacion,1x960x7x7,0.115252
69,0,imagen.jpeg,141,depthwise_conv,1x960x7x7,0.425635
69,0,imagen.jpeg,142,batchnorm,1x960x7x7,0.051361
69,0,imagen.jpeg,143,activacion,1x960x7x7,0.087885
69,0,imagen.jpeg,144,pointwise_conv,1x960x7x7,8.419939
69,0,imagen.jpeg,145,batchnorm,1x320x7x7,0.015488
69,0,imagen.jpeg,146,pointwise_conv,1x320x7x7,11.652191
69,0,imagen.jpeg,147,batchnorm,1x1280x7x7,0.062201
69,0,imagen.jpeg,148,activacion,1x1280x7x7,0.181151
69,0,imagen.jpeg,149,pooling,1x1280x7x7,0.039136
69,0,imagen.jpeg,150,linear,1x1280,1.395447
70,0,imagen.jpeg,0,conv2d,1x3x224x224,13.065397
70,0,imagen.jpeg,1,batchnorm,1x32x112x112,0.437994
70,0,imagen.jpeg,2,activacion,1x32x112x112,0.652402
70,0,imagen.jpeg,3,depthwise_conv,1x32x112x112,4.019754
70,0,imagen.jpeg,4,batchnorm,1x32x112x112,2.287734
70,0,imagen.jpeg,5,activacion,1x32x112x112,0.890531
70,0,imagen.jpeg,6,pointwise_conv,1x32x112x112,4.018001
70,0,imagen.jpeg,7,batchnorm,1x16x112x112,0.199747
70,0,imagen.jpeg,8,pointwise_conv,1x16x112x112,11.872348
70,0,imagen.jpeg,9,batchnorm,1x96x112x112,2.568995
70,0,imagen.jpeg,10,activacion,1x96x112x112,3.466221
70,0,imagen.jpeg,11,depthwise_conv,1x96x112x112,3.067284
70,0,imagen.jpeg,12,batchnorm,1x96x56x56,0.278239
70,0,imagen.jpeg,13,activacion,1x96x56x56,0.982805
70,0,imagen.jpeg,14,pointwise_conv,1x96x56x56,3.929937
70,0,imagen.jpeg,15,batchnorm,1x24x56x56,0.062536
70,0,imagen.jpeg,16,pointwise_conv,1x24x56x56,7.486792
70,0,imagen.jpeg,17,batchnorm,1x144x56x56,0.904728
70,0,imagen.jpeg,18,activacion,1x144x56x56,1.274514
70,0,imagen.jpeg,19,depthwise_conv,1x144x56x56,4.43513
70,0,imagen.jpeg,20,batchnorm,1x144x56x56,0.918069
70,0,imagen.jpeg,21,activacion,1x144x56x56,1.565011
70,0,imagen.jpeg,22,pointwise_conv,1x144x56x56,6.822149
70,0,imagen.jpeg,23,batchnorm,1x24x56x56,0.079424
70,0,imagen.jpeg,24,layer_add,1x24x56x56,0.047629
70,0,imagen.jpeg,25,pointwise_conv,1x24x56x56,6.126453
70,0,imagen.jpeg,26,batchnorm,1x144x56x56,0.442276
70,0,imagen.jpeg,27,activacion,1x144x56x56,1.485099
70,0,imagen.jpeg,28,depthwise_conv,1x144x56x56,1.106012
70,0,imagen.jpeg,29,batchnorm,1x144x28x28,0.095911
70,0,imagen.jpeg,30,activacion,1x144x28x28,0.333241
70,0,imagen.jpeg,31,pointwise_conv,1x144x28x28,2.115751
70,0,imagen.jpeg,32,batchnorm,1x32x28x28,0.021267
70,0,imagen.jpeg,33,pointwise_conv,1x32x28x28,2.80471
70,0,imagen.jpeg,34,batchnorm,1x192x28x28,0.14796
70,0,imagen.jpeg,35,activacion,1x192x28x28,0.365638
70,0,imagen.jpeg,36,depthwise_conv,1x192x28x28,1.474032
70,0,imagen.jpeg,37,batchnorm,1x192x28x28,0.127269
70,0,imagen.jpeg,38,activacion,1x192x28x28,0.512249
70,0,imagen.jpeg,39,pointwise_conv,1x192x28x28,2.625551
70,0,imagen.jpeg,40,batchnorm,1x32x28x28,0.020788
70,0,imagen.jpeg,41,layer_add,1x32x28x28,0.012328
70,0,imagen.jpeg,42,pointwise_conv,1x32x28x28,2.610997
70,0,imagen.jpeg,43,batchnorm,1x192x28x28,0.122762
70,0,imagen.jpeg,44,activacion,1x192x28x28,0.433629
70,0,imagen.jpeg,45,depthwise_conv,1x192x28x28,1.451017
70,0,imagen.jpeg,46,batchnorm,1x192x28x28,0.125815
70,0,imagen.jpeg,47,activacion,1x192x28x28,0.500508
70,0,imagen.jpeg,48,pointwise_conv,1x192x28x28,2.620373
70,0,imagen.jpeg,49,batchnorm,1x32x28x28,0.020477
70,0,imagen.jpeg,50,layer_add,1x32x28x28,0.011115
70,0,imagen.jpeg,51,pointwise_conv,1x32x28x28,2.862328
70,0,imagen.jpeg,52,batchnorm,1x192x28x28,0.122077
70,0,imagen.jpeg,53,activacion,1x192x28x28,0.501846
70,0,imagen.jpeg,54,depthwise_conv,1x192x28x28,0.353795
70,0,imagen.jpeg,55,batchnorm,1x192x14x14,0.031693
70,0,imagen.jpeg,56,activacion,1x192x14x14,0.091943
70,0,imagen.jpeg,57,pointwise_conv,1x192x14x14,1.334865
70,0,imagen.jpeg,58,batchnorm,1x64x14x14,0.011117
70,0,imagen.jpeg,59,pointwise_conv,1x64x14x14,2.67405
70,0,imagen.jpeg,60,batchnorm,1x384x14x14,0.063761
70,0,imagen.jpeg,61,activacion,1x384x14x14,0.184
70,0,imagen.jpeg,62,depthwise_conv,1x384x14x14,0.727594
70,0,imagen.jpeg,63,batchnorm,1x384x14x14,0.064524
70,0,imagen.jpeg,64,activacion,1x384x14x14,0.293317
70,0,imagen.jpeg,65,pointwise_conv,1x384x14x14,2.645613
70,0,imagen.jpeg,66,batchnorm,1x64x14x14,0.010909
70,0,imagen.jpeg,67,layer_add,1x64x14x14,0.00613
70,0,imagen.jpeg,68,pointwise_conv,1x64x14x14,2.756146
70,0,imagen.jpeg,69,batchnorm,1x384x14x14,0.066085
70,0,imagen.jpeg,70,activacion,1x384x14x14,0.238955
70,0,imagen.jpeg,71,depthwise_conv,1x384x14x14,0.746969
70,0,imagen.jpeg,72,batchnorm,1x384x14x14,0.104614
70,0,imagen.jpeg,73,activacion,1x384x14x14,0.248509
70,0,imagen.jpeg,74,pointwise_conv,1x384x14x14,2.9316
70,0,imagen.jpeg,75,batchnorm,1x64x14x14,0.012456
70,0,imagen.jpeg,76,layer_add,1x64x14x14,0.007429
70,0,imagen.jpeg,77,pointwise_conv,1x64x14x14,2.852068
70,0,imagen.jpeg,78,batchnorm,1x384x14x14,0.088644
70,0,imagen.jpeg,79,activacion,1x384x14x14,0.259971
70,0,imagen.jpeg,80,depthwise_conv,1x384x14x14,0.772408
70,0,imagen.jpeg,81,batchnorm,1x384x14x14,0.143618
70,0,imagen.jpeg,82,activacion,1x384x14x14,0.234031
70,0,imagen.jpeg,83,pointwise_conv,1x384x14x14,2.687031
70,0,imagen.jpeg,84,batchnorm,1x64x14x14,0.010816
70,0,imagen.jpeg,85,layer_add,1x64x14x14,0.006286
70,0,imagen.jpeg,86,pointwise_conv,1x64x14x14,2.716867
70,0,imagen.jpeg,87,batchnorm,1x384x14x14,0.063892
70,0,imagen.jpeg,88,activacion,1x384x14x14,0.247401
70,0,imagen.jpeg,89,depthwise_conv,1x384x14x14,0.746432
70,0,imagen.jpeg,90,batchnorm,1x384x14x14,0.065339
70,0,imagen.jpeg,91,activacion,1x384x14x14,0.24053
70,0,imagen.jpeg,92,pointwise_conv,1x384x14x14,3.984896
70,0,imagen.jpeg,93,batchnorm,1x96x14x14,0.016188
70,0,imagen.jpeg,94,pointwise_conv,1x96x14x14,5.881259
70,0,imagen.jpeg,95,batchnorm,1x576x14x14,0.102567
70,0,imagen.jpeg,96,activacion,1x576x14x14,0.357462
70,0,imagen.jpeg,97,depthwise_conv,1x576x14x14,1.129552
70,0,imagen.jpeg,98,batchnorm,1x576x14x14,0.172635
70,0,imagen.jpeg,99,activacion,1x576x14x14,0.33402
70,0,imagen.jpeg,100,pointwise_conv,1x576x14x14,6.542658
70,0,imagen.jpeg,101,batchnorm,1x96x14x14,0.026229
70,0,imagen.jpeg,102,layer_add,1x96x14x14,0.017693
70,0,imagen.jpeg,103,pointwise_conv,1x96x14x14,6.151063
70,0,imagen.jpeg,104,batchnorm,1x576x14x14,0.105705
70,0,imagen.jpeg,105,activacion,1x576x14x14,0.366185
70,0,imagen.jpeg,106,depthwise_conv,1x576x14x14,1.234298
70,0,imagen.jpeg,107,batchnorm,1x576x14x14,0.161483
70,0,imagen.jpeg,108,activacion,1x576x14x14,0.301263
70,0,imagen.jpeg,109,pointwise_conv,1x576x14x14,6.064721
70,0,imagen.jpeg,110,batchnorm,1x96x14x14,0.017576
70,0,imagen.jpeg,111,layer_add,1x96x14x14,0.010951
70,0,imagen.jpeg,112,pointwise_conv,1x96x14x14,5.973256
70,0,imagen.jpeg,113,batchnorm,1x576x14x14,0.100963
70,0,imagen.jpeg,114,activacion,1x576x14x14,0.316241
70,0,imagen.jpeg,115,depthwise_conv,1x576x14x14,0.266889
70,0,imagen.jpeg,116,batchnorm,1x576x7x7,0.029945
70,0,imagen.jpeg,117,activacion,1x576x7x7,0.065084
70,0,imagen.jpeg,118,pointwise_conv,1x576x7x7,2.392685
70,0,imagen.jpeg,119,batchnorm,1x160x7x7,0.007275
70,0,imagen.jpeg,120,pointwise_conv,1x160x7x7,4.114334
70,0,imagen.jpeg,121,batchnorm,1x960x7x7,0.04536
70,0,imagen.jpeg,122,activacion,1x960x7x7,0.153063
70,0,imagen.jpeg,123,depthwise_conv,1x960x7x7,0.44992
70,0,imagen.jpeg,124,batchnorm,1x960x7x7,0.042951
70,0,imagen.jpeg,125,activacion,1x960x7x7,0.139176
70,0,imagen.jpeg,126,pointwise_conv,1x960x7x7,4.165193
70,0,imagen.jpeg,127,batchnorm,1x160x7x7,0.007633
70,0,imagen.jpeg,128,layer_add,1x160x7x7,0.00433
70,0,imagen.jpeg,129,pointwise_conv,1x160x7x7,4.036461
70,0,imagen.jpeg,130,batchnorm,1x960x7x7,0.042577
70,0,imagen.jpeg,131,activacion,1x960x7x7,0.142193
70,0,imagen.jpeg,132,depthwise_conv,1x960x7x7,0.426001
70,0,imagen.jpeg,133,batchnorm,1x960x7x7,0.053984
70,0,imagen.jpeg,134,activacion,1x960x7x7,0.124622
70,0,imagen.jpeg,135,pointwise_conv,1x960x7x7,4.066596
70,0,imagen.jpeg,136,batchnorm,1x160x7x7,0.007378
70,0,imagen.jpeg,137,layer_add,1x160x7x7,0.004016
70,0,imagen.jpeg,138,pointwise_conv,1x160x7x7,4.117395
70,0,imagen.jpeg,139,batchnorm,1x960x7x7,0.042572
70,0,imagen.jpeg,140,activacion,1x960x7x7,0.115638
70,0,imagen.jpeg,141,depthwise_conv,1x960x7x7,0.429155
70,0,imagen.jpeg,142,batchnorm,1x960x7x7,0.046318
70,0,imagen.jpeg,143,activacion,1x960x7x7,0.087766
70,0,imagen.jpeg,144,pointwise_conv,1x960x7x7,8.267886
70,0,imagen.jpeg,145,batchnorm,1x320x7x7,0.015516
70,0,imagen.jpeg,146,pointwise_conv,1x320x7x7,10.968071
70,0,imagen.jpeg,147,batchnorm,1x1280x7x7,0.064933
70,0,imagen.jpeg,148,activacion,1x1280x7x7,0.18063
70,0,imagen.jpeg,149,pooling,1x1280x7x7,0.039235
70,0,imagen.jpeg,150,linear,1x1280,1.385482
71,0,imagen.jpeg,0,conv2d,1x3x224x224,14.127436
71,0,imagen.jpeg,1,batchnorm,1x32x112x112,0.737967
71,0,imagen.jpeg,2,activacion,1x32x112x112,0.79921
71,0,imagen.jpeg,3,depthwise_conv,1x32x112x112,5.50706
71,0,imagen.jpeg,4,batchnorm,1x32x112x112,2.527791
71,0,imagen.jpeg,5,activacion,1x32x112x112,0.820652
71,0,imagen.jpeg,6,pointwise_conv,1x32x112x112,3.939115
71,0,imagen.jpeg,7,batchnorm,1x16x112x112,0.19266
71,0,imagen.jpeg,8,pointwise_conv,1x16x112x112,12.091231
71,0,imagen.jpeg,9,batchnorm,1x96x112x112,2.155106
71,0,imagen.jpeg,10,activacion,1x96x112x112,3.609437
71,0,imagen.jpeg,11,depthwise_conv,1x96x112x112,3.132335
71,0,imagen.jpeg,12,batchnorm,1x96x56x56,0.291575
71,0,imagen.jpeg,13,activacion,1x96x56x56,1.017578
71,0,imagen.jpeg,14,pointwise_conv,1x96x56x56,3.994063
71,0,imagen.jpeg,15,batchnorm,1x24x56x56,0.064904
71,0,imagen.jpeg,16,pointwise_conv,1x24x56x56,6.794624
71,0,imagen.jpeg,17,batchnorm,1x144x56x56,0.89683
71,0,imagen.jpeg,18,activacion,1x144x56x56,1.308983
71,0,imagen.jpeg,19,depthwise_conv,1x144x56x56,4.498125
71,0,imagen.jpeg,20,batchnorm,1x144x56x56,0.867498
71,0,imagen.jpeg,21,activacion,1x144x56x56,1.621852
71,0,imagen.jpeg,22,pointwise_conv,1x144x56x56,6.415304
71,0,imagen.jpeg,23,batchnorm,1x24x56x56,0.067185
71,0,imagen.jpeg,24,layer_add,1x24x56x56,0.041076
71,0,imagen.jpeg,25,pointwise_conv,1x24x56x56,5.968038
71,0,imagen.jpeg,26,batchnorm,1x144x56x56,0.425258
71,0,imagen.jpeg,27,activacion,1x144x56x56,1.531531
71,0,imagen.jpeg,28,depthwise_conv,1x144x56x56,1.15089
71,0,imagen.jpeg,29,batchnorm,1x144x28x28,0.105968
71,0,imagen.jpeg,30,activacion,1x144x28x28,0.345089
71,0,imagen.jpeg,31,pointwise_conv,1x144x28x28,2.115871
71,0,imagen.jpeg,32,batchnorm,1x32x28x28,0.023798
71,0,imagen.jpeg,33,pointwise_conv,1x32x28x28,2.733167
71,0,imagen.jpeg,34,batchnorm,1x192x28x28,0.140722
71,0,imagen.jpeg,35,activacion,1x192x28x28,0.379409
71,0,imagen.jpeg,36,depthwise_conv,1x192x28x28,1.492104
71,0,imagen.jpeg,37,batchnorm,1x192x28x28,0.155848
71,0,imagen.jpeg,38,activacion,1x192x28x28,0.540833
71,0,imagen.jpeg,39,pointwise_conv,1x192x28x28,2.667616
71,0,imagen.jpeg,40,batchnorm,1x32x28x28,0.021542
71,0,imagen.jpeg,41,layer_add,1x32x28x28,0.013939
71,0,imagen.jpeg,42,pointwise_conv,1x32x28x28,2.654109
71,0,imagen.jpeg,43,batchnorm,1x192x28x28,0.124249
71,0,imagen.jpeg,44,activacion,1x192x28x28,0.459345
71,0,imagen.jpeg,45,depthwise_conv,1x192x28x28,1.488455
71,0,imagen.jpeg,46,batchnorm,1x192x28x28,0.123458
71,0,imagen.jpeg,47,activacion,1x192x28x28,0.521936
71,0,imagen.jpeg,48,pointwise_conv,1x192x28x28,3.066235
71,0,imagen.jpeg,49,batchnorm,1x32x28x28,0.025685
71,0,imagen.jpeg,50,layer_add,1x32x28x28,0.015527
71,0,imagen.jpeg,51,pointwise_conv,1x32x28x28,2.991249
71,0,imagen.jpeg,52,batchnorm,1x192x28x28,0.163962
71,0,imagen.jpeg,53,activacion,1x192x28x28,0.533138
71,0,imagen.jpeg,54,depthwise_conv,1x192x28x28,0.406189
71,0,imagen.jpeg,55,batchnorm,1x192x14x14,0.037966
71,0,imagen.jpeg,56,activacion,1x192x14x14,0.10498
71,0,imagen.jpeg,57,pointwise_conv,1x192x14x14,1.946264
71,0,imagen.jpeg,58,batchnorm,1x64x14x14,0.020757
71,0,imagen.jpeg,59,pointwise_conv,1x64x14x14,6.000581
71,0,imagen.jpeg,60,batchnorm,1x384x14x14,0.142459
71,0,imagen.jpeg,61,activacion,1x384x14x14,0.288451
71,0,imagen.jpeg,62,depthwise_conv,1x384x14x14,1.48396
71,0,imagen.jpeg,63,batchnorm,1x384x14x14,0.198152
71,0,imagen.jpeg,64,activacion,1x384x14x14,0.378073
71,0,imagen.jpeg,65,pointwise_conv,1x384x14x14,4.61788
71,0,imagen.jpeg,66,batchnorm,1x64x14x14,0.032853
71,0,imagen.jpeg,67,layer_add,1x64x14x14,0.00886
71,0,imagen.jpeg,68,pointwise_conv,1x64x14x14,3.151336
71,0,imagen.jpeg,69,batchnorm,1x384x14x14,0.087721
71,0,imagen.jpeg,70,activacion,1x384x14x14,0.283277
71,0,imagen.jpeg,71,depthwise_conv,1x384x14x14,0.861648
71,0,imagen.jpeg,72,batchnorm,1x384x14x14,0.114489
71,0,imagen.jpeg,73,activacion,1x384x14x14,0.27973
71,0,imagen.jpeg,74,pointwise_conv,1x384x14x14,3.248578
71,0,imagen.jpeg,75,batchnorm,1x64x14x14,0.023812
71,0,imagen.jpeg,76,layer_add,1x64x14x14,0.01291
71,0,imagen.jpeg,77,pointwise_conv,1x64x14x14,4.290477
71,0,imagen.jpeg,78,batchnorm,1x384x14x14,0.145709
71,0,imagen.jpeg,79,activacion,1x384x14x14,0.34978
71,0,imagen.jpeg,80,depthwise_conv,1x384x14x14,1.477886
71,0,imagen.jpeg,81,batchnorm,1x384x14x14,0.255571
71,0,imagen.jpeg,82,activacion,1x384x14x14,0.321351
71,0,imagen.jpeg,83,pointwise_conv,1x384x14x14,5.478519
71,0,imagen.jpeg,84,batchnorm,1x64x14x14,0.014461
71,0,imagen.jpeg,85,layer_add,1x64x14x14,0.0083
71,0,imagen.jpeg,86,pointwise_conv,1x64x14x14,3.25323
71,0,imagen.jpeg,87,batchnorm,1x384x14x14,0.085881
71,0,imagen.jpeg,88,activacion,1x384x14x14,0.310538
71,0,imagen.jpeg,89,depthwise_conv,1x384x14x14,0.889596
71,0,imagen.jpeg,90,batchnorm,1x384x14x14,0.120229
71,0,imagen.jpeg,91,activacion,1x384x14x14,0.322022
71,0,imagen.jpeg,92,pointwise_conv,1x384x14x14,8.650223
71,0,imagen.jpeg,93,batchnorm,1x96x14x14,0.021054
71,0,imagen.jpeg,94,pointwise_conv,1x96x14x14,9.14353
71,0,imagen.jpeg,95,batchnorm,1x576x14x14,0.207089
71,0,imagen.jpeg,96,activacion,1x576x14x14,0.474161
71,0,imagen.jpeg,97,depthwise_conv,1x576x14x14,1.674085
71,0,imagen.jpeg,98,batchnorm,1x576x14x14,0.220809
71,0,imagen.jpeg,99,activacion,1x576x14x14,0.449198
71,0,imagen.jpeg,100,pointwise_conv,1x576x14x14,7.523722
71,0,imagen.jpeg,101,batchnorm,1x96x14x14,0.019835
71,0,imagen.jpeg,102,layer_add,1x96x14x14,0.014386
71,0,imagen.jpeg,103,pointwise_conv,1x96x14x14,7.492162
71,0,imagen.jpeg,104,batchnorm,1x576x14x14,0.13904
71,0,imagen.jpeg,105,activacion,1x576x14x14,0.428261
71,0,imagen.jpeg,106,depthwise_conv,1x576x14x14,1.305926
71,0,imagen.jpeg,107,batchnorm,1x576x14x14,0.197961
71,0,imagen.jpeg,108,activacion,1x576x14x14,0.347663
71,0,imagen.jpeg,109,pointwise_conv,1x576x14x14,6.934145
71,0,imagen.jpeg,110,batchnorm,1x96x14x14,0.025558
71,0,imagen.jpeg,111,layer_add,1x96x14x14,0.03164
71,0,imagen.jpeg,112,pointwise_conv,1x96x14x14,7.318805
71,0,imagen.jpeg,113,batchnorm,1x576x14x14,0.120368
71,0,imagen.jpeg,114,activacion,1x576x14x14,0.365072
71,0,imagen.jpeg,115,depthwise_conv,1x576x14x14,0.311409
71,0,imagen.jpeg,116,batchnorm,1x576x7x7,0.034042
71,0,imagen.jpeg,117,activacion,1x576x7x7,0.07473
71,0,imagen.jpeg,118,pointwise_conv,1x576x7x7,2.737478
71,0,imagen.jpeg,119,batchnorm,1x160x7x7,0.008717
71,0,imagen.jpeg,120,pointwise_conv,1x160x7x7,4.860803
71,0,imagen.jpeg,121,batchnorm,1x960x7x7,0.090401
71,0,imagen.jpeg,122,activacion,1x960x7x7,0.183887
71,0,imagen.jpeg,123,depthwise_conv,1x960x7x7,0.5397
71,0,imagen.jpeg,124,batchnorm,1x960x7x7,0.064349
71,0,imagen.jpeg,125,activacion,1x960x7x7,0.163976
71,0,imagen.jpeg,126,pointwise_conv,1x960x7x7,5.01106
71,0,imagen.jpeg,127,batchnorm,1x160x7x7,0.00913
71,0,imagen.jpeg,128,layer_add,1x160x7x7,0.005019
71,0,imagen.jpeg,129,pointwise_conv,1x160x7x7,4.594739
71,0,imagen.jpeg,130,batchnorm,1x960x7x7,0.05025
71,0,imagen.jpeg,131,activacion,1x960x7x7,0.162526
71,0,imagen.jpeg,132,depthwise_conv,1x960x7x7,0.489047
71,0,imagen.jpeg,133,batchnorm,1x960x7x7,0.06207
71,0,imagen.jpeg,134,activacion,1x960x7x7,0.142658
71,0,imagen.jpeg,135,pointwise_conv,1x960x7x7,5.366882
71,0,imagen.jpeg,136,batchnorm,1x160x7x7,0.018326
71,0,imagen.jpeg,137,layer_add,1x160x7x7,0.012994
71,0,imagen.jpeg,138,pointwise_conv,1x160x7x7,5.003475
71,0,imagen.jpeg,139,batchnorm,1x960x7x7,0.052237
71,0,imagen.jpeg,140,activacion,1x960x7x7,0.131288
71,0,imagen.jpeg,141,depthwise_conv,1x960x7x7,0.485405
71,0,imagen.jpeg,142,batchnorm,1x960x7x7,0.054198
71,0,imagen.jpeg,143,activacion,1x960x7x7,0.101532
71,0,imagen.jpeg,144,pointwise_conv,1x960x7x7,9.614072
71,0,imagen.jpeg,145,batchnorm,1x320x7x7,0.044775
71,0,imagen.jpeg,146,pointwise_conv,1x320x7x7,12.760609
71,0,imagen.jpeg,147,batchnorm,1x1280x7x7,0.075006
71,0,imagen.jpeg,148,activacion,1x1280x7x7,0.207553
71,0,imagen.jpeg,149,pooling,1x1280x7x7,0.044912
71,0,imagen.jpeg,150,linear,1x1280,1.587889
72,0,imagen.jpeg,0,conv2d,1x3x224x224,14.387821
72,0,imagen.jpeg,1,batchnorm,1x32x112x112,0.457743
72,0,imagen.jpeg,2,activacion,1x32x112x112,0.748858
72,0,imagen.jpeg,3,depthwise_conv,1x32x112x112,4.422819
72,0,imagen.jpeg,4,batchnorm,1x32x112x112,2.59741
72,0,imagen.jpeg,5,activacion,1x32x112x112,0.841826
72,0,imagen.jpeg,6,pointwise_conv,1x32x112x112,5.501562
72,0,imagen.jpeg,7,batchnorm,1x16x112x112,0.235478
72,0,imagen.jpeg,8,pointwise_conv,1x16x112x112,14.211073
72,0,imagen.jpeg,9,batchnorm,1x96x112x112,3.467395
72,0,imagen.jpeg,10,activacion,1x96x112x112,4.201065
72,0,imagen.jpeg,11,depthwise_conv,1x96x112x112,3.504976
72,0,imagen.jpeg,12,batchnorm,1x96x56x56,0.312301
72,0,imagen.jpeg,13,activacion,1x96x56x56,1.11839
72,0,imagen.jpeg,14,pointwise_conv,1x96x56x56,6.291847
72,0,imagen.jpeg,15,batchnorm,1x24x56x56,0.07848
72,0,imagen.jpeg,16,pointwise_conv,1x24x56x56,8.075072
72,0,imagen.jpeg,17,batchnorm,1x144x56x56,0.974959
72,0,imagen.jpeg,18,activacion,1x144x56x56,1.521633
72,0,imagen.jpeg,19,depthwise_conv,1x144x56x56,5.669593
72,0,imagen.jpeg,20,batchnorm,1x144x56x56,1.027141
72,0,imagen.jpeg,21,activacion,1x144x56x56,1.808759
72,0,imagen.jpeg,22,pointwise_conv,1x144x56x56,6.66334
72,0,imagen.jpeg,23,batchnorm,1x24x56x56,0.073475
72,0,imagen.jpeg,24,layer_add,1x24x56x56,0.04952
72,0,imagen.jpeg,25,pointwise_conv,1x24x56x56,8.941513
72,0,imagen.jpeg,26,batchnorm,1x144x56x56,0.489718
72,0,imagen.jpeg,27,activacion,1x144x56x56,1.798887
72,0,imagen.jpeg,28,depthwise_conv,1x144x56x56,1.427449
72,0,imagen.jpeg,29,batchnorm,1x144x28x28,0.117061
72,0,imagen.jpeg,30,activacion,1x144x28x28,0.391827
72,0,imagen.jpeg,31,pointwise_conv,1x144x28x28,2.340821
72,0,imagen.jpeg,32,batchnorm,1x32x28x28,0.026387
72,0,imagen.jpeg,33,pointwise_conv,1x32x28x28,3.747987
72,0,imagen.jpeg,34,batchnorm,1x192x28x28,0.216126
72,0,imagen.jpeg,35,activacion,1x192x28x28,0.502512
72,0,imagen.jpeg,36,depthwise_conv,1x192x28x28,1.849029
72,0,imagen.jpeg,37,batchnorm,1x192x28x28,0.166146
72,0,imagen.jpeg,38,activacion,1x192x28x28,0.586395
72,0,imagen.jpeg,39,pointwise_conv,1x192x28x28,3.018839
72,0,imagen.jpeg,40,batchnorm,1x32x28x28,0.024401
72,0,imagen.jpeg,41,layer_add,1x32x28x28,0.015255
72,0,imagen.jpeg,42,pointwise_conv,1x32x28x28,3.118363
72,0,imagen.jpeg,43,batchnorm,1x192x28x28,0.15429
72,0,imagen.jpeg,44,activacion,1x192x28x28,0.479218
72,0,imagen.jpeg,45,depthwise_conv,1x192x28x28,1.683328
72,0,imagen.jpeg,46,batchnorm,1x192x28x28,0.165415
72,0,imagen.jpeg,47,activacion,1x192x28x28,0.562523
72,0,imagen.jpeg,48,pointwise_conv,1x192x28x28,3.264807
72,0,imagen.jpeg,49,batchnorm,1x32x28x28,0.026482
72,0,imagen.jpeg,50,layer_add,1x32x28x28,0.017934
72,0,imagen.jpeg,51,pointwise_conv,1x32x28x28,3.141329
72,0,imagen.jpeg,52,batchnorm,1x192x28x28,0.171349
72,0,imagen.jpeg,53,activacion,1x192x28x28,0.556947
72,0,imagen.jpeg,54,depthwise_conv,1x192x28x28,0.413959
72,0,imagen.jpeg,55,batchnorm,1x192x14x14,0.036721
72,0,imagen.jpeg,56,activacion,1x192x14x14,0.135489
72,0,imagen.jpeg,57,pointwise_conv,1x192x14x14,1.470164
72,0,imagen.jpeg,58,batchnorm,1x64x14x14,0.012618
72,0,imagen.jpeg,59,pointwise_conv,1x64x14x14,2.995428
72,0,imagen.jpeg,60,batchnorm,1x384x14x14,0.07213
72,0,imagen.jpeg,61,activacion,1x384x14x14,0.206855
72,0,imagen.jpeg,62,depthwise_conv,1x384x14x14,0.809351
72,0,imagen.jpeg,63,batchnorm,1x384x14x14,0.071101
72,0,imagen.jpeg,64,activacion,1x384x14x14,0.283111
72,0,imagen.jpeg,65,pointwise_conv,1x384x14x14,2.979821
72,0,imagen.jpeg,66,batchnorm,1x64x14x14,0.013078
72,0,imagen.jpeg,67,layer_add,1x64x14x14,0.007269
72,0,imagen.jpeg,68,pointwise_conv,1x64x14x14,3.808839
72,0,imagen.jpeg,69,batchnorm,1x384x14x14,0.07776
72,0,imagen.jpeg,70,activacion,1x384x14x14,0.263196
72,0,imagen.jpeg,71,depthwise_conv,1x384x14x14,0.809893
72,0,imagen.jpeg,72,batchnorm,1x384x14x14,0.108906
72,0,imagen.jpeg,73,activacion,1x384x14x14,0.281838
72,0,imagen.jpeg,74,pointwise_conv,1x384x14x14,2.875449
72,0,imagen.jpeg,75,batchnorm,1x64x14x14,0.011854
72,0,imagen.jpeg,76,layer_add,1x64x14x14,0.006905
72,0,imagen.jpeg,77,pointwise_conv,1x64x14x14,2.934201
72,0,imagen.jpeg,78,batchnorm,1x384x14x14,0.070717
72,0,imagen.jpeg,79,activacion,1x384x14x14,0.268558
72,0,imagen.jpeg,80,depthwise_conv,1x384x14x14,0.790883
72,0,imagen.jpeg,81,batchnorm,1x384x14x14,0.147067
72,0,imagen.jpeg,82,activacion,1x384x14x14,0.24095
72,0,imagen.jpeg,83,pointwise_conv,1x384x14x14,2.891977
72,0,imagen.jpeg,84,batchnorm,1x64x14x14,0.01284
72,0,imagen.jpeg,85,layer_add,1x64x14x14,0.007338
72,0,imagen.jpeg,86,pointwise_conv,1x64x14x14,3.472226
72,0,imagen.jpeg,87,batchnorm,1x384x14x14,0.077677
72,0,imagen.jpeg,88,activacion,1x384x14x14,0.282862
72,0,imagen.jpeg,89,depthwise_conv,1x384x14x14,0.814106
72,0,imagen.jpeg,90,batchnorm,1x384x14x14,0.07755
72,0,imagen.jpeg,91,activacion,1x384x14x14,0.282587
72,0,imagen.jpeg,92,pointwise_conv,1x384x14x14,4.598424
72,0,imagen.jpeg,93,batchnorm,1x96x14x14,0.018561
72,0,imagen.jpeg,94,pointwise_conv,1x96x14x14,6.572538
72,0,imagen.jpeg,95,batchnorm,1x576x14x14,0.117354
72,0,imagen.jpeg,96,activacion,1x576x14x14,0.389912
72,0,imagen.jpeg,97,depthwise_conv,1x576x14x14,1.710887
72,0,imagen.jpeg,98,batchnorm,1x576x14x14,0.209439
72,0,imagen.jpeg,99,activacion,1x576x14x14,0.381395
72,0,imagen.jpeg,100,pointwise_conv,1x576x14x14,10.872478
72,0,imagen.jpeg,101,batchnorm,1x96x14x14,0.028772
72,0,imagen.jpeg,102,layer_add,1x96x14x14,0.0146
72,0,imagen.jpeg,103,pointwise_conv,1x96x14x14,6.869181
72,0,imagen.jpeg,104,batchnorm,1x576x14x14,0.11468
72,0,imagen.jpeg,105,activacion,1x576x14x14,0.39542
72,0,imagen.jpeg,106,depthwise_conv,1x576x14x14,1.24308
72,0,imagen.jpeg,107,batchnorm,1x576x14x14,0.173927
72,0,imagen.jpeg,108,activacion,1x576x14x14,0.329264
72,0,imagen.jpeg,109,pointwise_conv,1x576x14x14,6.44154
72,0,imagen.jpeg,110,batchnorm,1x96x14x14,0.019343
72,0,imagen.jpeg,111,layer_add,1x96x14x14,0.011461
72,0,imagen.jpeg,112,pointwise_conv,1x96x14x14,7.059018
72,0,imagen.jpeg,113,batchnorm,1x576x14x14,0.122646
72,0,imagen.jpeg,114,activacion,1x576x14x14,0.365041
72,0,imagen.jpeg,115,depthwise_conv,1x576x14x14,0.306938
72,0,imagen.jpeg,116,batchnorm,1x576x7x7,0.035475
72,0,imagen.jpeg,117,activacion,1x576x7x7,0.074771
72,0,imagen.jpeg,118,pointwise_conv,1x576x7x7,2.95023
72,0,imagen.jpeg,119,batchnorm,1x160x7x7,0.008878
72,0,imagen.jpeg,120,pointwise_conv,1x160x7x7,5.029456
72,0,imagen.jpeg,121,batchnorm,1x960x7x7,0.066626
72,0,imagen.jpeg,122,activacion,1x960x7x7,0.205606
72,0,imagen.jpeg,123,depthwise_conv,1x960x7x7,0.610529
72,0,imagen.jpeg,124,batchnorm,1x960x7x7,0.054231
72,0,imagen.jpeg,125,activacion,1x960x7x7,0.173112
72,0,imagen.jpeg,126,pointwise_conv,1x960x7x7,5.035967
72,0,imagen.jpeg,127,batchnorm,1x160x7x7,0.009011
72,0,imagen.jpeg,128,layer_add,1x160x7x7,0.004648
72,0,imagen.jpeg,129,pointwise_conv,1x160x7x7,4.588718
72,0,imagen.jpeg,130,batchnorm,1x960x7x7,0.048444
72,0,imagen.jpeg,131,activacion,1x960x7x7,0.171887
72,0,imagen.jpeg,132,depthwise_conv,1x960x7x7,0.498754
72,0,imagen.jpeg,133,batchnorm,1x960x7x7,0.060055
72,0,imagen.jpeg,134,activacion,1x960x7x7,0.145882
72,0,imagen.jpeg,135,pointwise_conv,1x960x7x7,4.539629
72,0,imagen.jpeg,136,batchnorm,1x160x7x7,0.00831
72,0,imagen.jpeg,137,layer_add,1x160x7x7,0.004769
72,0,imagen.jpeg,138,pointwise_conv,1x160x7x7,4.685
72,0,imagen.jpeg,139,batchnorm,1x960x7x7,0.050766
72,0,imagen.jpeg,140,activacion,1x960x7x7,0.124415
72,0,imagen.jpeg,141,depthwise_conv,1x960x7x7,0.515124
72,0,imagen.jpeg,142,batchnorm,1x960x7x7,0.067325
72,0,imagen.jpeg,143,activacion,1x960x7x7,0.098895
72,0,imagen.jpeg,144,pointwise_conv,1x960x7x7,10.699343
72,0,imagen.jpeg,145,batchnorm,1x320x7x7,0.029118
72,0,imagen.jpeg,146,pointwise_conv,1x320x7x7,13.923441
72,0,imagen.jpeg,147,batchnorm,1x1280x7x7,0.06529
72,0,imagen.jpeg,148,activacion,1x1280x7x7,0.191582
72,0,imagen.jpeg,149,pooling,1x1280x7x7,0.041399
72,0,imagen.jpeg,150,linear,1x1280,1.508409
73,0,imagen.jpeg,0,conv2d,1x3x224x224,13.401855
73,0,imagen.jpeg,1,batchnorm,1x32x112x112,0.414896
73,0,imagen.jpeg,2,activacion,1x32x112x112,0.684345
73,0,imagen.jpeg,3,depthwise_conv,1x32x112x112,4.158527
73,0,imagen.jpeg,4,batchnorm,1x32x112x112,2.498144
73,0,imagen.jpeg,5,activacion,1x32x112x112,0.803988
73,0,imagen.jpeg,6,pointwise_conv,1x32x112x112,3.807616
73,0,imagen.jpeg,7,batchnorm,1x16x112x112,0.190493
73,0,imagen.jpeg,8,pointwise_conv,1x16x112x112,11.913056
73,0,imagen.jpeg,9,batchnorm,1x96x112x112,2.091416
73,0,imagen.jpeg,10,activacion,1x96x112x112,3.409335
73,0,imagen.jpeg,11,depthwise_conv,1x96x112x112,3.200464
73,0,imagen.jpeg,12,batchnorm,1x96x56x56,0.317788
73,0,imagen.jpeg,13,activacion,1x96x56x56,1.059163
73,0,imagen.jpeg,14,pointwise_conv,1x96x56x56,4.095202
73,0,imagen.jpeg,15,batchnorm,1x24x56x56,0.072472
73,0,imagen.jpeg,16,pointwise_conv,1x24x56x56,6.76432
73,0,imagen.jpeg,17,batchnorm,1x144x56x56,0.919779
73,0,imagen.jpeg,18,activacion,1x144x56x56,1.307675
73,0,imagen.jpeg,19,depthwise_conv,1x144x56x56,4.873245
73,0,imagen.jpeg,20,batchnorm,1x144x56x56,0.891778
73,0,imagen.jpeg,21,activacion,1x144x56x56,1.645668
73,0,imagen.jpeg,22,pointwise_conv,1x144x56x56,6.093842
73,0,imagen.jpeg,23,batchnorm,1x24x56x56,0.064956
73,0,imagen.jpeg,24,layer_add,1x24x56x56,0.045345
73,0,imagen.jpeg,25,pointwise_conv,1x24x56x56,6.826331
73,0,imagen.jpeg,26,batchnorm,1x144x56x56,0.434159
73,0,imagen.jpeg,27,activacion,1x144x56x56,1.54379
73,0,imagen.jpeg,28,depthwise_conv,1x144x56x56,1.137756
73,0,imagen.jpeg,29,batchnorm,1x144x28x28,0.100427
73,0,imagen.jpeg,30,activacion,1x144x28x28,0.365673
73,0,imagen.jpeg,31,pointwise_conv,1x144x28x28,2.083772
73,0,imagen.jpeg,32,batchnorm,1x32x28x28,0.022586
73,0,imagen.jpeg,33,pointwise_conv,1x32x28x28,2.757779
73,0,imagen.jpeg,34,batchnorm,1x192x28x28,0.147527
73,0,imagen.jpeg,35,activacion,1x192x28x28,0.386562
73,0,imagen.jpeg,36,depthwise_conv,1x192x28x28,2.002421
73,0,imagen.jpeg,37,batchnorm,1x192x28x28,0.185708
73,0,imagen.jpeg,38,activacion,1x192x28x28,0.556989
73,0,imagen.jpeg,39,pointwise_conv,1x192x28x28,2.879137
73,0,imagen.jpeg,40,batchnorm,1x32x28x28,0.02339
73,0,imagen.jpeg,41,layer_add,1x32x28x28,0.015258
73,0,imagen.jpeg,42,pointwise_conv,1x32x28x28,2.715838
73,0,imagen.jpeg,43,batchnorm,1x192x28x28,0.128822
73,0,imagen.jpeg,44,activacion,1x192x28x28,0.428876
73,0,imagen.jpeg,45,depthwise_conv,1x192x28x28,1.623937
73,0,imagen.jpeg,46,batchnorm,1x192x28x28,0.144799
73,0,imagen.jpeg,47,activacion,1x192x28x28,0.523764
73,0,imagen.jpeg,48,pointwise_conv,1x192x28x28,2.733955
73,0,imagen.jpeg,49,batchnorm,1x32x28x28,0.022372
73,0,imagen.jpeg,50,layer_add,1x32x28x28,0.013793
73,0,imagen.jpeg,51,pointwise_conv,1x32x28x28,2.985734
73,0,imagen.jpeg,52,batchnorm,1x192x28x28,0.249259
73,0,imagen.jpeg,53,activacion,1x192x28x28,0.538948
73,0,imagen.jpeg,54,depthwise_conv,1x192x28x28,0.455174
73,0,imagen.jpeg,55,batchnorm,1x192x14x14,0.035433
73,0,imagen.jpeg,56,activacion,1x192x14x14,0.101001
73,0,imagen.jpeg,57,pointwise_conv,1x192x14x14,1.490425
73,0,imagen.jpeg,58,batchnorm,1x64x14x14,0.018306
73,0,imagen.jpeg,59,pointwise_conv,1x64x14x14,2.861934
73,0,imagen.jpeg,60,batchnorm,1x384x14x14,0.070054
73,0,imagen.jpeg,61,activacion,1x384x14x14,0.195243
73,0,imagen.jpeg,62,depthwise_conv,1x384x14x14,0.795621
73,0,imagen.jpeg,63,batchnorm,1x384x14x14,0.070149
73,0,imagen.jpeg,64,activacion,1x384x14x14,0.275646
73,0,imagen.jpeg,65,pointwise_conv,1x384x14x14,3.382478
73,0,imagen.jpeg,66,batchnorm,1x64x14x14,0.024784
73,0,imagen.jpeg,67,layer_add,1x64x14x14,0.007717
73,0,imagen.jpeg,68,pointwise_conv,1x64x14x14,2.875472
73,0,imagen.jpeg,69,batchnorm,1x384x14x14,0.072375
73,0,imagen.jpeg,70,activacion,1x384x14x14,0.257976
73,0,imagen.jpeg,71,depthwise_conv,1x384x14x14,0.813881
73,0,imagen.jpeg,72,batchnorm,1x384x14x14,0.10061
73,0,imagen.jpeg,73,activacion,1x384x14x14,0.264531
73,0,imagen.jpeg,74,pointwise_conv,1x384x14x14,3.354254
73,0,imagen.jpeg,75,batchnorm,1x64x14x14,0.012527
73,0,imagen.jpeg,76,layer_add,1x64x14x14,0.007835
73,0,imagen.jpeg,77,pointwise_conv,1x64x14x14,2.821904
73,0,imagen.jpeg,78,batchnorm,1x384x14x14,0.070134
73,0,imagen.jpeg,79,activacion,1x384x14x14,0.276472
73,0,imagen.jpeg,80,depthwise_conv,1x384x14x14,0.817602
73,0,imagen.jpeg,81,batchnorm,1x384x14x14,0.149343
73,0,imagen.jpeg,82,activacion,1x384x14x14,0.237945
73,0,imagen.jpeg,83,pointwise_conv,1x384x14x14,2.765888
73,0,imagen.jpeg,84,batchnorm,1x64x14x14,0.011237
73,0,imagen.jpeg,85,layer_add,1x64x14x14,0.006893
73,0,imagen.jpeg,86,pointwise_conv,1x64x14x14,2.744351
73,0,imagen.jpeg,87,batchnorm,1x384x14x14,0.095124
73,0,imagen.jpeg,88,activacion,1x384x14x14,0.259322
73,0,imagen.jpeg,89,depthwise_conv,1x384x14x14,0.831703
73,0,imagen.jpeg,90,batchnorm,1x384x14x14,0.06883
73,0,imagen.jpeg,91,activacion,1x384x14x14,0.249013
73,0,imagen.jpeg,92,pointwise_conv,1x384x14x14,4.677155
73,0,imagen.jpeg,93,batchnorm,1x96x14x14,0.026186
73,0,imagen.jpeg,94,pointwise_conv,1x96x14x14,6.358153
73,0,imagen.jpeg,95,batchnorm,1x576x14x14,0.11161
73,0,imagen.jpeg,96,activacion,1x576x14x14,0.378582
73,0,imagen.jpeg,97,depthwise_conv,1x576x14x14,1.147945
73,0,imagen.jpeg,98,batchnorm,1x576x14x14,0.17767
73,0,imagen.jpeg,99,activacion,1x576x14x14,0.356305
73,0,imagen.jpeg,100,pointwise_conv,1x576x14x14,6.868281
73,0,imagen.jpeg,101,batchnorm,1x96x14x14,0.0196
73,0,imagen.jpeg,102,layer_add,1x96x14x14,0.014891
73,0,imagen.jpeg,103,pointwise_conv,1x96x14x14,6.479581
73,0,imagen.jpeg,104,batchnorm,1x576x14x14,0.111215
73,0,imagen.jpeg,105,activacion,1x576x14x14,0.376666
73,0,imagen.jpeg,106,depthwise_conv,1x576x14x14,1.186606
73,0,imagen.jpeg,107,batchnorm,1x576x14x14,0.166664
73,0,imagen.jpeg,108,activacion,1x576x14x14,0.319342
73,0,imagen.jpeg,109,pointwise_conv,1x576x14x14,6.847292
73,0,imagen.jpeg,110,batchnorm,1x96x14x14,0.026221
73,0,imagen.jpeg,111,layer_add,1x96x14x14,0.017582
73,0,imagen.jpeg,112,pointwise_conv,1x96x14x14,6.871221
73,0,imagen.jpeg,113,batchnorm,1x576x14x14,0.119156
73,0,imagen.jpeg,114,activacion,1x576x14x14,0.334256
73,0,imagen.jpeg,115,depthwise_conv,1x576x14x14,0.281727
73,0,imagen.jpeg,116,batchnorm,1x576x7x7,0.031254
73,0,imagen.jpeg,117,activacion,1x576x7x7,0.068475
73,0,imagen.jpeg,118,pointwise_conv,1x576x7x7,2.571756
73,0,imagen.jpeg,119,batchnorm,1x160x7x7,0.008251
73,0,imagen.jpeg,120,pointwise_conv,1x160x7x7,4.792943
73,0,imagen.jpeg,121,batchnorm,1x960x7x7,0.053532
73,0,imagen.jpeg,122,activacion,1x960x7x7,0.185121
73,0,imagen.jpeg,123,depthwise_conv,1x960x7x7,0.617157
73,0,imagen.jpeg,124,batchnorm,1x960x7x7,0.053119
73,0,imagen.jpeg,125,activacion,1x960x7x7,0.15917
73,0,imagen.jpeg,126,pointwise_conv,1x960x7x7,4.475703
73,0,imagen.jpeg,127,batchnorm,1x160x7x7,0.008348
73,0,imagen.jpeg,128,layer_add,1x160x7x7,0.004295
73,0,imagen.jpeg,129,pointwise_conv,1x160x7x7,4.332637
73,0,imagen.jpeg,130,batchnorm,1x960x7x7,0.046344
73,0,imagen.jpeg,131,activacion,1x960x7x7,0.154265
73,0,imagen.jpeg,132,depthwise_conv,1x960x7x7,0.448636
73,0,imagen.jpeg,133,batchnorm,1x960x7x7,0.0566
73,0,imagen.jpeg,134,activacion,1x960x7x7,0.131534
73,0,imagen.jpeg,135,pointwise_conv,1x960x7x7,4.302765
73,0,imagen.jpeg,136,batchnorm,1x160x7x7,0.009292
73,0,imagen.jpeg,137,layer_add,1x160x7x7,0.005056
73,0,imagen.jpeg,138,pointwise_conv,1x160x7x7,4.71224
73,0,imagen.jpeg,139,batchnorm,1x960x7x7,0.051069
73,0,imagen.jpeg,140,activacion,1x960x7x7,0.128258
73,0,imagen.jpeg,141,depthwise_conv,1x960x7x7,0.472749
73,0,imagen.jpeg,142,batchnorm,1x960x7x7,0.051925
73,0,imagen.jpeg,143,activacion,1x960x7x7,0.102576
73,0,imagen.jpeg,144,pointwise_conv,1x960x7x7,8.744237
73,0,imagen.jpeg,145,batchnorm,1x320x7x7,0.015363
73,0,imagen.jpeg,146,pointwise_conv,1x320x7x7,11.371372
73,0,imagen.jpeg,147,batchnorm,1x1280x7x7,0.09325
73,0,imagen.jpeg,148,activacion,1x1280x7x7,0.204869
73,0,imagen.jpeg,149,pooling,1x1280x7x7,0.040336
73,0,imagen.jpeg,150,linear,1x1280,1.501355
74,0,imagen.jpeg,0,conv2d,1x3x224x224,13.181272
74,0,imagen.jpeg,1,batchnorm,1x32x112x112,0.403619
74,0,imagen.jpeg,2,activacion,1x32x112x112,0.656961
74,0,imagen.jpeg,3,depthwise_conv,1x32x112x112,4.021737
74,0,imagen.jpeg,4,batchnorm,1x32x112x112,2.415809
74,0,imagen.jpeg,5,activacion,1x32x112x112,0.785319
74,0,imagen.jpeg,6,pointwise_conv,1x32x112x112,3.68599
74,0,imagen.jpeg,7,batchnorm,1x16x112x112,0.192568
74,0,imagen.jpeg,8,pointwise_conv,1x16x112x112,12.249099
74,0,imagen.jpeg,9,batchnorm,1x96x112x112,2.171022
74,0,imagen.jpeg,10,activacion,1x96x112x112,3.433222
74,0,imagen.jpeg,11,depthwise_conv,1x96x112x112,3.215885
74,0,imagen.jpeg,12,batchnorm,1x96x56x56,0.27726
74,0,imagen.jpeg,13,activacion,1x96x56x56,1.004845
74,0,imagen.jpeg,14,pointwise_conv,1x96x56x56,4.016845
74,0,imagen.jpeg,15,batchnorm,1x24x56x56,0.076162
74,0,imagen.jpeg,16,pointwise_conv,1x24x56x56,6.748541
74,0,imagen.jpeg,17,batchnorm,1x144x56x56,0.868026
74,0,imagen.jpeg,18,activacion,1x144x56x56,1.270831
74,0,imagen.jpeg,19,depthwise_conv,1x144x56x56,4.548469
74,0,imagen.jpeg,20,batchnorm,1x144x56x56,0.90774
74,0,imagen.jpeg,21,activacion,1x144x56x56,1.623293
74,0,imagen.jpeg,22,pointwise_conv,1x144x56x56,5.90351
74,0,imagen.jpeg,23,batchnorm,1x24x56x56,0.062237
74,0,imagen.jpeg,24,layer_add,1x24x56x56,0.044249
74,0,imagen.jpeg,25,pointwise_conv,1x24x56x56,5.944476
74,0,imagen.jpeg,26,batchnorm,1x144x56x56,0.426962
74,0,imagen.jpeg,27,activacion,1x144x56x56,1.523327
74,0,imagen.jpeg,28,depthwise_conv,1x144x56x56,1.14857
74,0,imagen.jpeg,29,batchnorm,1x144x28x28,0.099589
74,0,imagen.jpeg,30,activacion,1x144x28x28,0.348927
74,0,imagen.jpeg,31,pointwise_conv,1x144x28x28,1.99631
74,0,imagen.jpeg,32,batchnorm,1x32x28x28,0.022173
74,0,imagen.jpeg,33,pointwise_conv,1x32x28x28,2.655468
74,0,imagen.jpeg,34,batchnorm,1x192x28x28,0.133292
74,0,imagen.jpeg,35,activacion,1x192x28x28,0.394755
74,0,imagen.jpeg,36,depthwise_conv,1x192x28x28,1.465255
74,0,imagen.jpeg,37,batchnorm,1x192x28x28,0.125499
74,0,imagen.jpeg,38,activacion,1x192x28x28,0.544509
74,0,imagen.jpeg,39,pointwise_conv,1x192x28x28,2.551452
74,0,imagen.jpeg,40,batchnorm,1x32x28x28,0.020821
74,0,imagen.jpeg,41,layer_add,1x32x28x28,0.042584
74,0,imagen.jpeg,42,pointwise_conv,1x32x28x28,2.639553
74,0,imagen.jpeg,43,batchnorm,1x192x28x28,0.131095
74,0,imagen.jpeg,44,activacion,1x192x28x28,0.425579
74,0,imagen.jpeg,45,depthwise_conv,1x192x28x28,1.450801
74,0,imagen.jpeg,46,batchnorm,1x192x28x28,0.131301
74,0,imagen.jpeg,47,activacion,1x192x28x28,0.498811
74,0,imagen.jpeg,48,pointwise_conv,1x192x28x28,2.607642
74,0,imagen.jpeg,49,batchnorm,1x32x28x28,0.02094
74,0,imagen.jpeg,50,layer_add,1x32x28x28,0.013138
74,0,imagen.jpeg,51,pointwise_conv,1x32x28x28,2.708129
74,0,imagen.jpeg,52,batchnorm,1x192x28x28,0.122896
74,0,imagen.jpeg,53,activacion,1x192x28x28,0.483027
74,0,imagen.jpeg,54,depthwise_conv,1x192x28x28,0.374257
74,0,imagen.jpeg,55,batchnorm,1x192x14x14,0.033561
74,0,imagen.jpeg,56,activacion,1x192x14x14,0.096446
74,0,imagen.jpeg,57,pointwise_conv,1x192x14x14,1.310268
74,0,imagen.jpeg,58,batchnorm,1x64x14x14,0.01138
74,0,imagen.jpeg,59,pointwise_conv,1x64x14x14,2.64242
74,0,imagen.jpeg,60,batchnorm,1x384x14x14,0.064795
74,0,imagen.jpeg,61,activacion,1x384x14x14,0.200191
74,0,imagen.jpeg,62,depthwise_conv,1x384x14x14,0.749481
74,0,imagen.jpeg,63,batchnorm,1x384x14x14,0.066222
74,0,imagen.jpeg,64,activacion,1x384x14x14,0.265579
74,0,imagen.jpeg,65,pointwise_conv,1x384x14x14,3.139961
74,0,imagen.jpeg,66,batchnorm,1x64x14x14,0.013298
74,0,imagen.jpeg,67,layer_add,1x64x14x14,0.007275
74,0,imagen.jpeg,68,pointwise_conv,1x64x14x14,2.677975
74,0,imagen.jpeg,69,batchnorm,1x384x14x14,0.063939
74,0,imagen.jpeg,70,activacion,1x384x14x14,0.262407
74,0,imagen.jpeg,71,depthwise_conv,1x384x14x14,0.781629
74,0,imagen.jpeg,72,batchnorm,1x384x14x14,0.144285
74,0,imagen.jpeg,73,activacion,1x384x14x14,0.300394
74,0,imagen.jpeg,74,pointwise_conv,1x384x14x14,3.256261
74,0,imagen.jpeg,75,batchnorm,1x64x14x14,0.012871
74,0,imagen.jpeg,76,layer_add,1x64x14x14,0.007655
74,0,imagen.jpeg,77,pointwise_conv,1x64x14x14,2.710855
74,0,imagen.jpeg,78,batchnorm,1x384x14x14,0.066265
74,0,imagen.jpeg,79,activacion,1x384x14x14,0.286803
74,0,imagen.jpeg,80,depthwise_conv,1x384x14x14,0.75615
74,0,imagen.jpeg,81,batchnorm,1x384x14x14,0.13986
74,0,imagen.jpeg,82,activacion,1x384x14x14,0.225686
74,0,imagen.jpeg,83,pointwise_conv,1x384x14x14,2.746066
74,0,imagen.jpeg,84,batchnorm,1x64x14x14,0.012647
74,0,imagen.jpeg,85,layer_add,1x64x14x14,0.007363
74,0,imagen.jpeg,86,pointwise_conv,1x64x14x14,2.762044
74,0,imagen.jpeg,87,batchnorm,1x384x14x14,0.075689
74,0,imagen.jpeg,88,activacion,1x384x14x14,0.258575
74,0,imagen.jpeg,89,depthwise_conv,1x384x14x14,0.80317
74,0,imagen.jpeg,90,batchnorm,1x384x14x14,0.084055
74,0,imagen.jpeg,91,activacion,1x384x14x14,0.278662
74,0,imagen.jpeg,92,pointwise_conv,1x384x14x14,4.436201
74,0,imagen.jpeg,93,batchnorm,1x96x14x14,0.018286
74,0,imagen.jpeg,94,pointwise_conv,1x96x14x14,6.355478
74,0,imagen.jpeg,95,batchnorm,1x576x14x14,0.107945
74,0,imagen.jpeg,96,activacion,1x576x14x14,0.402105
74,0,imagen.jpeg,97,depthwise_conv,1x576x14x14,1.136793
74,0,imagen.jpeg,98,batchnorm,1x576x14x14,0.18856
74,0,imagen.jpeg,99,activacion,1x576x14x14,0.343428
74,0,imagen.jpeg,100,pointwise_conv,1x576x14x14,6.886508
74,0,imagen.jpeg,101,batchnorm,1x96x14x14,0.019084
74,0,imagen.jpeg,102,layer_add,1x96x14x14,0.012727
74,0,imagen.jpeg,103,pointwise_conv,1x96x14x14,6.191415
74,0,imagen.jpeg,104,batchnorm,1x576x14x14,0.105211
74,0,imagen.jpeg,105,activacion,1x576x14x14,0.354208
74,0,imagen.jpeg,106,depthwise_conv,1x576x14x14,1.155133
74,0,imagen.jpeg,107,batchnorm,1x576x14x14,0.158095
74,0,imagen.jpeg,108,activacion,1x576x14x14,0.317608
74,0,imagen.jpeg,109,pointwise_conv,1x576x14x14,6.610968
74,0,imagen.jpeg,110,batchnorm,1x96x14x14,0.019371
74,0,imagen.jpeg,111,layer_add,1x96x14x14,0.010231
74,0,imagen.jpeg,112,pointwise_conv,1x96x14x14,6.191165
74,0,imagen.jpeg,113,batchnorm,1x576x14x14,0.104758
74,0,imagen.jpeg,114,activacion,1x576x14x14,0.315499
74,0,imagen.jpeg,115,depthwise_conv,1x576x14x14,0.280257
74,0,imagen.jpeg,116,batchnorm,1x576x7x7,0.03061
74,0,imagen.jpeg,117,activacion,1x576x7x7,0.067561
74,0,imagen.jpeg,118,pointwise_conv,1x576x7x7,2.477945
74,0,imagen.jpeg,119,batchnorm,1x160x7x7,0.007399
74,0,imagen.jpeg,120,pointwise_conv,1x160x7x7,4.188731
74,0,imagen.jpeg,121,batchnorm,1x960x7x7,0.044902
74,0,imagen.jpeg,122,activacion,1x960x7x7,0.145522
74,0,imagen.jpeg,123,depthwise_conv,1x960x7x7,0.48893
74,0,imagen.jpeg,124,batchnorm,1x960x7x7,0.063372
74,0,imagen.jpeg,125,activacion,1x960x7x7,0.167779
74,0,imagen.jpeg,126,pointwise_conv,1x960x7x7,4.201189
74,0,imagen.jpeg,127,batchnorm,1x160x7x7,0.007491
74,0,imagen.jpeg,128,layer_add,1x160x7x7,0.004522
74,0,imagen.jpeg,129,pointwise_conv,1x160x7x7,4.176918
74,0,imagen.jpeg,130,batchnorm,1x960x7x7,0.070462
74,0,imagen.jpeg,131,activacion,1x960x7x7,0.154839
74,0,imagen.jpeg,132,depthwise_conv,1x960x7x7,0.434388
74,0,imagen.jpeg,133,batchnorm,1x960x7x7,0.053856
74,0,imagen.jpeg,134,activacion,1x960x7x7,0.127941
74,0,imagen.jpeg,135,pointwise_conv,1x960x7x7,4.153718
74,0,imagen.jpeg,136,batchnorm,1x160x7x7,0.007622
74,0,imagen.jpeg,137,layer_add,1x160x7x7,0.004842
74,0,imagen.jpeg,138,pointwise_conv,1x160x7x7,4.434792
74,0,imagen.jpeg,139,batchnorm,1x960x7x7,0.04595
74,0,imagen.jpeg,140,activacion,1x960x7x7,0.117908
74,0,imagen.jpeg,141,depthwise_conv,1x960x7x7,0.425951
74,0,imagen.jpeg,142,batchnorm,1x960x7x7,0.06033
74,0,imagen.jpeg,143,activacion,1x960x7x7,0.090885
74,0,imagen.jpeg,144,pointwise_conv,1x960x7x7,8.38579
74,0,imagen.jpeg,145,batchnorm,1x320x7x7,0.015328
74,0,imagen.jpeg,146,pointwise_conv,1x320x7x7,11.635491
74,0,imagen.jpeg,147,batchnorm,1x1280x7x7,0.063364
74,0,imagen.jpeg,148,activacion,1x1280x7x7,0.18247
74,0,imagen.jpeg,149,pooling,1x1280x7x7,0.039225
74,0,imagen.jpeg,150,linear,1x1280,1.434568
75,0,imagen.jpeg,0,conv2d,1x3x224x224,12.619702
75,0,imagen.jpeg,1,batchnorm,1x32x112x112,0.465973
75,0,imagen.jpeg,2,activacion,1x32x112x112,0.676217
75,0,imagen.jpeg,3,depthwise_conv,1x32x112x112,4.121052
75,0,imagen.jpeg,4,batchnorm,1x32x112x112,2.386681
75,0,imagen.jpeg,5,activacion,1x32x112x112,0.782692
75,0,imagen.jpeg,6,pointwise_conv,1x32x112x112,3.644288
75,0,imagen.jpeg,7,batchnorm,1x16x112x112,0.180967
75,0,imagen.jpeg,8,pointwise_conv,1x16x112x112,11.862781
75,0,imagen.jpeg,9,batchnorm,1x96x112x112,2.204464
75,0,imagen.jpeg,10,activacion,1x96x112x112,3.426962
75,0,imagen.jpeg,11,depthwise_conv,1x96x112x112,3.265056
75,0,imagen.jpeg,12,batchnorm,1x96x56x56,0.279852
75,0,imagen.jpeg,13,activacion,1x96x56x56,1.054738
75,0,imagen.jpeg,14,pointwise_conv,1x96x56x56,4.011097
75,0,imagen.jpeg,15,batchnorm,1x24x56x56,0.064735
75,0,imagen.jpeg,16,pointwise_conv,1x24x56x56,6.794796
75,0,imagen.jpeg,17,batchnorm,1x144x56x56,0.890629
75,0,imagen.jpeg,18,activacion,1x144x56x56,1.312894
75,0,imagen.jpeg,19,depthwise_conv,1x144x56x56,4.55304
75,0,imagen.jpeg,20,batchnorm,1x144x56x56,0.901739
75,0,imagen.jpeg,21,activacion,1x144x56x56,1.66764
75,0,imagen.jpeg,22,pointwise_conv,1x144x56x56,6.060416
75,0,imagen.jpeg,23,batchnorm,1x24x56x56,0.069161
75,0,imagen.jpeg,24,layer_add,1x24x56x56,0.047436
75,0,imagen.jpeg,25,pointwise_conv,1x24x56x56,5.945784
75,0,imagen.jpeg,26,batchnorm,1x144x56x56,0.515229
75,0,imagen.jpeg,27,activacion,1x144x56x56,1.540938
75,0,imagen.jpeg,28,depthwise_conv,1x144x56x56,1.193695
75,0,imagen.jpeg,29,batchnorm,1x144x28x28,0.113176
75,0,imagen.jpeg,30,activacion,1x144x28x28,0.351156
75,0,imagen.jpeg,31,pointwise_conv,1x144x28x28,2.054195
75,0,imagen.jpeg,32,batchnorm,1x32x28x28,0.023808
75,0,imagen.jpeg,33,pointwise_conv,1x32x28x28,2.712827
75,0,imagen.jpeg,34,batchnorm,1x192x28x28,0.137657
75,0,imagen.jpeg,35,activacion,1x192x28x28,0.373419
75,0,imagen.jpeg,36,depthwise_conv,1x192x28x28,1.526789
75,0,imagen.jpeg,37,batchnorm,1x192x28x28,0.140842
75,0,imagen.jpeg,38,activacion,1x192x28x28,0.542878
75,0,imagen.jpeg,39,pointwise_conv,1x192x28x28,2.677267
75,0,imagen.jpeg,40,batchnorm,1x32x28x28,0.022497
75,0,imagen.jpeg,41,layer_add,1x32x28x28,0.013645
75,0,imagen.jpeg,42,pointwise_conv,1x32x28x28,2.693379
75,0,imagen.jpeg,43,batchnorm,1x192x28x28,0.143535
75,0,imagen.jpeg,44,activacion,1x192x28x28,0.457445
75,0,imagen.jpeg,45,depthwise_conv,1x192x28x28,1.527779
75,0,imagen.jpeg,46,batchnorm,1x192x28x28,0.147923
75,0,imagen.jpeg,47,activacion,1x192x28x28,0.510921
75,0,imagen.jpeg,48,pointwise_conv,1x192x28x28,2.765419
75,0,imagen.jpeg,49,batchnorm,1x32x28x28,0.023441
75,0,imagen.jpeg,50,layer_add,1x32x28x28,0.014157
75,0,imagen.jpeg,51,pointwise_conv,1x32x28x28,2.736713
75,0,imagen.jpeg,52,batchnorm,1x192x28x28,0.139201
75,0,imagen.jpeg,53,activacion,1x192x28x28,0.504705
75,0,imagen.jpeg,54,depthwise_conv,1x192x28x28,0.381831
75,0,imagen.jpeg,55,batchnorm,1x192x14x14,0.034478
75,0,imagen.jpeg,56,activacion,1x192x14x14,0.099053
75,0,imagen.jpeg,57,pointwise_conv,1x192x14x14,1.398222
75,0,imagen.jpeg,58,batchnorm,1x64x14x14,0.011345
75,0,imagen.jpeg,59,pointwise_conv,1x64x14x14,2.770944
75,0,imagen.jpeg,60,batchnorm,1x384x14x14,0.080802
75,0,imagen.jpeg,61,activacion,1x384x14x14,0.19118
75,0,imagen.jpeg,62,depthwise_conv,1x384x14x14,0.763179
75,0,imagen.jpeg,63,batchnorm,1x384x14x14,0.08106
75,0,imagen.jpeg,64,activacion,1x384x14x14,0.269255
75,0,imagen.jpeg,65,pointwise_conv,1x384x14x14,2.871217
75,0,imagen.jpeg,66,batchnorm,1x64x14x14,0.013206
75,0,imagen.jpeg,67,layer_add,1x64x14x14,0.01138
75,0,imagen.jpeg,68,pointwise_conv,1x64x14x14,3.009198
75,0,imagen.jpeg,69,batchnorm,1x384x14x14,0.075129
75,0,imagen.jpeg,70,activacion,1x384x14x14,0.247959
75,0,imagen.jpeg,71,depthwise_conv,1x384x14x14,0.842659
75,0,imagen.jpeg,72,batchnorm,1x384x14x14,0.106282
75,0,imagen.jpeg,73,activacion,1x384x14x14,0.261763
75,0,imagen.jpeg,74,pointwise_conv,1x384x14x14,2.926212
75,0,imagen.jpeg,75,batchnorm,1x64x14x14,0.012229
75,0,imagen.jpeg,76,layer_add,1x64x14x14,0.007218
75,0,imagen.jpeg,77,pointwise_conv,1x64x14x14,2.780421
75,0,imagen.jpeg,78,batchnorm,1x384x14x14,0.067158
75,0,imagen.jpeg,79,activacion,1x384x14x14,0.255155
75,0,imagen.jpeg,80,depthwise_conv,1x384x14x14,0.770594
75,0,imagen.jpeg,81,batchnorm,1x384x14x14,0.146037
75,0,imagen.jpeg,82,activacion,1x384x14x14,0.230708
75,0,imagen.jpeg,83,pointwise_conv,1x384x14x14,2.824083
75,0,imagen.jpeg,84,batchnorm,1x64x14x14,0.01252
75,0,imagen.jpeg,85,layer_add,1x64x14x14,0.007066
75,0,imagen.jpeg,86,pointwise_conv,1x64x14x14,2.836763
75,0,imagen.jpeg,87,batchnorm,1x384x14x14,0.102067
75,0,imagen.jpeg,88,activacion,1x384x14x14,0.310814
75,0,imagen.jpeg,89,depthwise_conv,1x384x14x14,0.774653
75,0,imagen.jpeg,90,batchnorm,1x384x14x14,0.07028
75,0,imagen.jpeg,91,activacion,1x384x14x14,0.250979
75,0,imagen.jpeg,92,pointwise_conv,1x384x14x14,4.134564
75,0,imagen.jpeg,93,batchnorm,1x96x14x14,0.016432
75,0,imagen.jpeg,94,pointwise_conv,1x96x14x14,6.108628
75,0,imagen.jpeg,95,batchnorm,1x576x14x14,0.104559
75,0,imagen.jpeg,96,activacion,1x576x14x14,0.375673
75,0,imagen.jpeg,97,depthwise_conv,1x576x14x14,1.172236
75,0,imagen.jpeg,98,batchnorm,1x576x14x14,0.186171
75,0,imagen.jpeg,99,activacion,1x576x14x14,0.335363
75,0,imagen.jpeg,100,pointwise_conv,1x576x14x14,6.094407
75,0,imagen.jpeg,101,batchnorm,1x96x14x14,0.016752
75,0,imagen.jpeg,102,layer_add,1x96x14x14,0.013706
75,0,imagen.jpeg,103,pointwise_conv,1x96x14x14,6.098587
75,0,imagen.jpeg,104,batchnorm,1x576x14x14,0.105098
75,0,imagen.jpeg,105,activacion,1x576x14x14,0.369785
75,0,imagen.jpeg,106,depthwise_conv,1x576x14x14,1.133652
75,0,imagen.jpeg,107,batchnorm,1x576x14x14,0.162189
75,0,imagen.jpeg,108,activacion,1x576x14x14,0.313315
75,0,imagen.jpeg,109,pointwise_conv,1x576x14x14,6.125879
75,0,imagen.jpeg,110,batchnorm,1x96x14x14,0.017603
75,0,imagen.jpeg,111,layer_add,1x96x14x14,0.010478
75,0,imagen.jpeg,112,pointwise_conv,1x96x14x14,6.089279
75,0,imagen.jpeg,113,batchnorm,1x576x14x14,0.103435
75,0,imagen.jpeg,114,activacion,1x576x14x14,0.307436
75,0,imagen.jpeg,115,depthwise_conv,1x576x14x14,0.309101
75,0,imagen.jpeg,116,batchnorm,1x576x7x7,0.029341
75,0,imagen.jpeg,117,activacion,1x576x7x7,0.063684
75,0,imagen.jpeg,118,pointwise_conv,1x576x7x7,2.449239
75,0,imagen.jpeg,119,batchnorm,1x160x7x7,0.007492
75,0,imagen.jpeg,120,pointwise_conv,1x160x7x7,4.150206
75,0,imagen.jpeg,121,batchnorm,1x960x7x7,0.041119
75,0,imagen.jpeg,122,activacion,1x960x7x7,0.143144
75,0,imagen.jpeg,123,depthwise_conv,1x960x7x7,0.420554
75,0,imagen.jpeg,124,batchnorm,1x960x7x7,0.042136
75,0,imagen.jpeg,125,activacion,1x960x7x7,0.136466
75,0,imagen.jpeg,126,pointwise_conv,1x960x7x7,4.142403
75,0,imagen.jpeg,127,batchnorm,1x160x7x7,0.007363
75,0,imagen.jpeg,128,layer_add,1x160x7x7,0.004322
75,0,imagen.jpeg,129,pointwise_conv,1x160x7x7,4.313738
75,0,imagen.jpeg,130,batchnorm,1x960x7x7,0.044251
75,0,imagen.jpeg,131,activacion,1x960x7x7,0.138695
75,0,imagen.jpeg,132,depthwise_conv,1x960x7x7,0.454015
75,0,imagen.jpeg,133,batchnorm,1x960x7x7,0.052635
75,0,imagen.jpeg,134,activacion,1x960x7x7,0.135014
75,0,imagen.jpeg,135,pointwise_conv,1x960x7x7,4.141486
75,0,imagen.jpeg,136,batchnorm,1x160x7x7,0.007446
75,0,imagen.jpeg,137,layer_add,1x160x7x7,0.004058
75,0,imagen.jpeg,138,pointwise_conv,1x160x7x7,4.443563
75,0,imagen.jpeg,139,batchnorm,1x960x7x7,0.046763
75,0,imagen.jpeg,140,activacion,1x960x7x7,0.117198
75,0,imagen.jpeg,141,depthwise_conv,1x960x7x7,0.437138
75,0,imagen.jpeg,142,batchnorm,1x960x7x7,0.047433
75,0,imagen.jpeg,143,activacion,1x960x7x7,0.090055
75,0,imagen.jpeg,144,pointwise_conv,1x960x7x7,8.063144
75,0,imagen.jpeg,145,batchnorm,1x320x7x7,0.014716
75,0,imagen.jpeg,146,pointwise_conv,1x320x7x7,11.681476
75,0,imagen.jpeg,147,batchnorm,1x1280x7x7,0.067751
75,0,imagen.jpeg,148,activacion,1x1280x7x7,0.182311
75,0,imagen.jpeg,149,pooling,1x1280x7x7,0.038908
75,0,imagen.jpeg,150,linear,1x1280,1.447421
76,0,imagen.jpeg,0,conv2d,1x3x224x224,12.831147
76,0,imagen.jpeg,1,batchnorm,1x32x112x112,0.424836
76,0,imagen.jpeg,2,activacion,1x32x112x112,0.653201
76,0,imagen.jpeg,3,depthwise_conv,1x32x112x112,3.992518
76,0,imagen.jpeg,4,batchnorm,1x32x112x112,2.425934
76,0,imagen.jpeg,5,activacion,1x32x112x112,0.785018
76,0,imagen.jpeg,6,pointwise_conv,1x32x112x112,3.775878
76,0,imagen.jpeg,7,batchnorm,1x16x112x112,0.185577
76,0,imagen.jpeg,8,pointwise_conv,1x16x112x112,12.394067
76,0,imagen.jpeg,9,batchnorm,1x96x112x112,2.16478
76,0,imagen.jpeg,10,activacion,1x96x112x112,3.474328
76,0,imagen.jpeg,11,depthwise_conv,1x96x112x112,3.248647
76,0,imagen.jpeg,12,batchnorm,1x96x56x56,0.28308
76,0,imagen.jpeg,13,activacion,1x96x56x56,1.042604
76,0,imagen.jpeg,14,pointwise_conv,1x96x56x56,4.006826
76,0,imagen.jpeg,15,batchnorm,1x24x56x56,0.063448
76,0,imagen.jpeg,16,pointwise_conv,1x24x56x56,6.982849
76,0,imagen.jpeg,17,batchnorm,1x144x56x56,0.906298
76,0,imagen.jpeg,18,activacion,1x144x56x56,1.302013
76,0,imagen.jpeg,19,depthwise_conv,1x144x56x56,4.548
76,0,imagen.jpeg,20,batchnorm,1x144x56x56,0.864393
76,0,imagen.jpeg,21,activacion,1x144x56x56,1.737979
76,0,imagen.jpeg,22,pointwise_conv,1x144x56x56,5.887257
76,0,imagen.jpeg,23,batchnorm,1x24x56x56,0.064998
76,0,imagen.jpeg,24,layer_add,1x24x56x56,0.044668
76,0,imagen.jpeg,25,pointwise_conv,1x24x56x56,6.116288
76,0,imagen.jpeg,26,batchnorm,1x144x56x56,0.585813
76,0,imagen.jpeg,27,activacion,1x144x56x56,1.547357
76,0,imagen.jpeg,28,depthwise_conv,1x144x56x56,1.562063
76,0,imagen.jpeg,29,batchnorm,1x144x28x28,0.149822
76,0,imagen.jpeg,30,activacion,1x144x28x28,0.41085
76,0,imagen.jpeg,31,pointwise_conv,1x144x28x28,2.047574
76,0,imagen.jpeg,32,batchnorm,1x32x28x28,0.022344
76,0,imagen.jpeg,33,pointwise_conv,1x32x28x28,2.746455
76,0,imagen.jpeg,34,batchnorm,1x192x28x28,0.142385
76,0,imagen.jpeg,35,activacion,1x192x28x28,0.407315
76,0,imagen.jpeg,36,depthwise_conv,1x192x28x28,1.533388
76,0,imagen.jpeg,37,batchnorm,1x192x28x28,0.138259
76,0,imagen.jpeg,38,activacion,1x192x28x28,0.544536
76,0,imagen.jpeg,39,pointwise_conv,1x192x28x28,2.697877
76,0,imagen.jpeg,40,batchnorm,1x32x28x28,0.021158
76,0,imagen.jpeg,41,layer_add,1x32x28x28,0.014548
76,0,imagen.jpeg,42,pointwise_conv,1x32x28x28,2.748843
76,0,imagen.jpeg,43,batchnorm,1x192x28x28,0.22959
76,0,imagen.jpeg,44,activacion,1x192x28x28,0.439841
76,0,imagen.jpeg,45,depthwise_conv,1x192x28x28,1.575691
76,0,imagen.jpeg,46,batchnorm,1x192x28x28,0.141933
76,0,imagen.jpeg,47,activacion,1x192x28x28,0.567182
76,0,imagen.jpeg,48,pointwise_conv,1x192x28x28,3.085068
76,0,imagen.jpeg,49,batchnorm,1x32x28x28,0.022595
76,0,imagen.jpeg,50,layer_add,1x32x28x28,0.013725
76,0,imagen.jpeg,51,pointwise_conv,1x32x28x28,2.780732
76,0,imagen.jpeg,52,batchnorm,1x192x28x28,0.139781
76,0,imagen.jpeg,53,activacion,1x192x28x28,0.506486
76,0,imagen.jpeg,54,depthwise_conv,1x192x28x28,0.394834
76,0,imagen.jpeg,55,batchnorm,1x192x14x14,0.035348
76,0,imagen.jpeg,56,activacion,1x192x14x14,0.101414
76,0,imagen.jpeg,57,pointwise_conv,1x192x14x14,1.388693
76,0,imagen.jpeg,58,batchnorm,1x64x14x14,0.011443
76,0,imagen.jpeg,59,pointwise_conv,1x64x14x14,2.797346
76,0,imagen.jpeg,60,batchnorm,1x384x14x14,0.081068
76,0,imagen.jpeg,61,activacion,1x384x14x14,0.191782
76,0,imagen.jpeg,62,depthwise_conv,1x384x14x14,0.78449
76,0,imagen.jpeg,63,batchnorm,1x384x14x14,0.073795
76,0,imagen.jpeg,64,activacion,1x384x14x14,0.272748
76,0,imagen.jpeg,65,pointwise_conv,1x384x14x14,2.756709
76,0,imagen.jpeg,66,batchnorm,1x64x14x14,0.014728
76,0,imagen.jpeg,67,layer_add,1x64x14x14,0.015253
76,0,imagen.jpeg,68,pointwise_conv,1x64x14x14,3.536784
76,0,imagen.jpeg,69,batchnorm,1x384x14x14,0.074958
76,0,imagen.jpeg,70,activacion,1x384x14x14,0.251265
76,0,imagen.jpeg,71,depthwise_conv,1x384x14x14,0.787816
76,0,imagen.jpeg,72,batchnorm,1x384x14x14,0.103869
76,0,imagen.jpeg,73,activacion,1x384x14x14,0.258585
76,0,imagen.jpeg,74,pointwise_conv,1x384x14x14,2.734254
76,0,imagen.jpeg,75,batchnorm,1x64x14x14,0.011337
76,0,imagen.jpeg,76,layer_add,1x64x14x14,0.006307
76,0,imagen.jpeg,77,pointwise_conv,1x64x14x14,2.717579
76,0,imagen.jpeg,78,batchnorm,1x384x14x14,0.069888
76,0,imagen.jpeg,79,activacion,1x384x14x14,0.255823
76,0,imagen.jpeg,80,depthwise_conv,1x384x14x14,0.774475
76,0,imagen.jpeg,81,batchnorm,1x384x14x14,0.142581
76,0,imagen.jpeg,82,activacion,1x384x14x14,0.230365
76,0,imagen.jpeg,83,pointwise_conv,1x384x14x14,2.789611
76,0,imagen.jpeg,84,batchnorm,1x64x14x14,0.011283
76,0,imagen.jpeg,85,layer_add,1x64x14x14,0.006598
76,0,imagen.jpeg,86,pointwise_conv,1x64x14x14,3.13075
76,0,imagen.jpeg,87,batchnorm,1x384x14x14,0.078725
76,0,imagen.jpeg,88,activacion,1x384x14x14,0.263736
76,0,imagen.jpeg,89,depthwise_conv,1x384x14x14,0.792834
76,0,imagen.jpeg,90,batchnorm,1x384x14x14,0.069969
76,0,imagen.jpeg,91,activacion,1x384x14x14,0.254106
76,0,imagen.jpeg,92,pointwise_conv,1x384x14x14,4.077081
76,0,imagen.jpeg,93,batchnorm,1x96x14x14,0.017161
76,0,imagen.jpeg,94,pointwise_conv,1x96x14x14,6.247502
76,0,imagen.jpeg,95,batchnorm,1x576x14x14,0.10953
76,0,imagen.jpeg,96,activacion,1x576x14x14,0.398479
76,0,imagen.jpeg,97,depthwise_conv,1x576x14x14,1.124671
76,0,imagen.jpeg,98,batchnorm,1x576x14x14,0.173665
76,0,imagen.jpeg,99,activacion,1x576x14x14,0.349347
76,0,imagen.jpeg,100,pointwise_conv,1x576x14x14,6.545594
76,0,imagen.jpeg,101,batchnorm,1x96x14x14,0.019696
76,0,imagen.jpeg,102,layer_add,1x96x14x14,0.014351
76,0,imagen.jpeg,103,pointwise_conv,1x96x14x14,6.195258
76,0,imagen.jpeg,104,batchnorm,1x576x14x14,0.111962
76,0,imagen.jpeg,105,activacion,1x576x14x14,0.394284
76,0,imagen.jpeg,106,depthwise_conv,1x576x14x14,1.176319
76,0,imagen.jpeg,107,batchnorm,1x576x14x14,0.174127
76,0,imagen.jpeg,108,activacion,1x576x14x14,0.318862
76,0,imagen.jpeg,109,pointwise_conv,1x576x14x14,6.702029
76,0,imagen.jpeg,110,batchnorm,1x96x14x14,0.020357
76,0,imagen.jpeg,111,layer_add,1x96x14x14,0.011418
76,0,imagen.jpeg,112,pointwise_conv,1x96x14x14,6.481362
76,0,imagen.jpeg,113,batchnorm,1x576x14x14,0.111659
76,0,imagen.jpeg,114,activacion,1x576x14x14,0.336573
76,0,imagen.jpeg,115,depthwise_conv,1x576x14x14,0.3266
76,0,imagen.jpeg,116,batchnorm,1x576x7x7,0.040356
76,0,imagen.jpeg,117,activacion,1x576x7x7,0.07052
76,0,imagen.jpeg,118,pointwise_conv,1x576x7x7,2.61212
76,0,imagen.jpeg,119,batchnorm,1x160x7x7,0.008096
76,0,imagen.jpeg,120,pointwise_conv,1x160x7x7,4.636046
76,0,imagen.jpeg,121,batchnorm,1x960x7x7,0.046666
76,0,imagen.jpeg,122,activacion,1x960x7x7,0.1695
76,0,imagen.jpeg,123,depthwise_conv,1x960x7x7,0.451721
76,0,imagen.jpeg,124,batchnorm,1x960x7x7,0.044953
76,0,imagen.jpeg,125,activacion,1x960x7x7,0.146708
76,0,imagen.jpeg,126,pointwise_conv,1x960x7x7,4.134994
76,0,imagen.jpeg,127,batchnorm,1x160x7x7,0.007601
76,0,imagen.jpeg,128,layer_add,1x160x7x7,0.004059
76,0,imagen.jpeg,129,pointwise_conv,1x160x7x7,4.157219
76,0,imagen.jpeg,130,batchnorm,1x960x7x7,0.046801
76,0,imagen.jpeg,131,activacion,1x960x7x7,0.147665
76,0,imagen.jpeg,132,depthwise_conv,1x960x7x7,0.448344
76,0,imagen.jpeg,133,batchnorm,1x960x7x7,0.056805
76,0,imagen.jpeg,134,activacion,1x960x7x7,0.129826
76,0,imagen.jpeg,135,pointwise_conv,1x960x7x7,4.586096
76,0,imagen.jpeg,136,batchnorm,1x160x7x7,0.008719
76,0,imagen.jpeg,137,layer_add,1x160x7x7,0.00478
76,0,imagen.jpeg,138,pointwise_conv,1x160x7x7,4.228301
76,0,imagen.jpeg,139,batchnorm,1x960x7x7,0.045895
76,0,imagen.jpeg,140,activacion,1x960x7x7,0.1165
76,0,imagen.jpeg,141,depthwise_conv,1x960x7x7,0.443221
76,0,imagen.jpeg,142,batchnorm,1x960x7x7,0.047506
76,0,imagen.jpeg,143,activacion,1x960x7x7,0.104283
76,0,imagen.jpeg,144,pointwise_conv,1x960x7x7,8.360503
76,0,imagen.jpeg,145,batchnorm,1x320x7x7,0.015684
76,0,imagen.jpeg,146,pointwise_conv,1x320x7x7,11.685838
76,0,imagen.jpeg,147,batchnorm,1x1280x7x7,0.069624
76,0,imagen.jpeg,148,activacion,1x1280x7x7,0.181826
76,0,imagen.jpeg,149,pooling,1x1280x7x7,0.039349
76,0,imagen.jpeg,150,linear,1x1280,1.425255
77,0,imagen.jpeg,0,conv2d,1x3x224x224,12.39198
77,0,imagen.jpeg,1,batchnorm,1x32x112x112,0.440758
77,0,imagen.jpeg,2,activacion,1x32x112x112,0.669943
77,0,imagen.jpeg,3,depthwise_conv,1x32x112x112,4.403051
77,0,imagen.jpeg,4,batchnorm,1x32x112x112,2.319567
77,0,imagen.jpeg,5,activacion,1x32x112x112,0.733415
77,0,imagen.jpeg,6,pointwise_conv,1x32x112x112,3.63071
77,0,imagen.jpeg,7,batchnorm,1x16x112x112,0.190836
77,0,imagen.jpeg,8,pointwise_conv,1x16x112x112,12.442398
77,0,imagen.jpeg,9,batchnorm,1x96x112x112,2.180682
77,0,imagen.jpeg,10,activacion,1x96x112x112,3.453636
77,0,imagen.jpeg,11,depthwise_conv,1x96x112x112,3.565345
77,0,imagen.jpeg,12,batchnorm,1x96x56x56,0.405342
77,0,imagen.jpeg,13,activacion,1x96x56x56,1.111869
77,0,imagen.jpeg,14,pointwise_conv,1x96x56x56,4.018229
77,0,imagen.jpeg,15,batchnorm,1x24x56x56,0.063604
77,0,imagen.jpeg,16,pointwise_conv,1x24x56x56,6.8542
77,0,imagen.jpeg,17,batchnorm,1x144x56x56,1.026396
77,0,imagen.jpeg,18,activacion,1x144x56x56,1.362909
77,0,imagen.jpeg,19,depthwise_conv,1x144x56x56,5.023572
77,0,imagen.jpeg,20,batchnorm,1x144x56x56,0.930544
77,0,imagen.jpeg,21,activacion,1x144x56x56,1.700396
77,0,imagen.jpeg,22,pointwise_conv,1x144x56x56,6.172797
77,0,imagen.jpeg,23,batchnorm,1x24x56x56,0.069429
77,0,imagen.jpeg,24,layer_add,1x24x56x56,0.042575
77,0,imagen.jpeg,25,pointwise_conv,1x24x56x56,6.327769
77,0,imagen.jpeg,26,batchnorm,1x144x56x56,0.433265
77,0,imagen.jpeg,27,activacion,1x144x56x56,1.568219
77,0,imagen.jpeg,28,depthwise_conv,1x144x56x56,1.168283
77,0,imagen.jpeg,29,batchnorm,1x144x28x28,0.099973
77,0,imagen.jpeg,30,activacion,1x144x28x28,0.359021
77,0,imagen.jpeg,31,pointwise_conv,1x144x28x28,2.028219
77,0,imagen.jpeg,32,batchnorm,1x32x28x28,0.021711
77,0,imagen.jpeg,33,pointwise_conv,1x32x28x28,2.749418
77,0,imagen.jpeg,34,batchnorm,1x192x28x28,0.130168
77,0,imagen.jpeg,35,activacion,1x192x28x28,0.374129
77,0,imagen.jpeg,36,depthwise_conv,1x192x28x28,1.526478
77,0,imagen.jpeg,37,batchnorm,1x192x28x28,0.127772
77,0,imagen.jpeg,38,activacion,1x192x28x28,0.513889
77,0,imagen.jpeg,39,pointwise_conv,1x192x28x28,2.668381
77,0,imagen.jpeg,40,batchnorm,1x32x28x28,0.023381
77,0,imagen.jpeg,41,layer_add,1x32x28x28,0.014519
77,0,imagen.jpeg,42,pointwise_conv,1x32x28x28,2.653087
77,0,imagen.jpeg,43,batchnorm,1x192x28x28,0.126308
77,0,imagen.jpeg,44,activacion,1x192x28x28,0.430679
77,0,imagen.jpeg,45,depthwise_conv,1x192x28x28,1.524269
77,0,imagen.jpeg,46,batchnorm,1x192x28x28,0.142554
77,0,imagen.jpeg,47,activacion,1x192x28x28,0.509301
77,0,imagen.jpeg,48,pointwise_conv,1x192x28x28,2.612758
77,0,imagen.jpeg,49,batchnorm,1x32x28x28,0.021391
77,0,imagen.jpeg,50,layer_add,1x32x28x28,0.013483
77,0,imagen.jpeg,51,pointwise_conv,1x32x28x28,2.683852
77,0,imagen.jpeg,52,batchnorm,1x192x28x28,0.12689
77,0,imagen.jpeg,53,activacion,1x192x28x28,0.498348
77,0,imagen.jpeg,54,depthwise_conv,1x192x28x28,0.397128
77,0,imagen.jpeg,55,batchnorm,1x192x14x14,0.040778
77,0,imagen.jpeg,56,activacion,1x192x14x14,0.098461
77,0,imagen.jpeg,57,pointwise_conv,1x192x14x14,1.346008
77,0,imagen.jpeg,58,batchnorm,1x64x14x14,0.011434
77,0,imagen.jpeg,59,pointwise_conv,1x64x14x14,2.814717
77,0,imagen.jpeg,60,batchnorm,1x384x14x14,0.072641
77,0,imagen.jpeg,61,activacion,1x384x14x14,0.214448
77,0,imagen.jpeg,62,depthwise_conv,1x384x14x14,0.76309
77,0,imagen.jpeg,63,batchnorm,1x384x14x14,0.0661
77,0,imagen.jpeg,64,activacion,1x384x14x14,0.264002
77,0,imagen.jpeg,65,pointwise_conv,1x384x14x14,2.679859
77,0,imagen.jpeg,66,batchnorm,1x64x14x14,0.010949
77,0,imagen.jpeg,67,layer_add,1x64x14x14,0.006988
77,0,imagen.jpeg,68,pointwise_conv,1x64x14x14,3.247453
77,0,imagen.jpeg,69,batchnorm,1x384x14x14,0.074785
77,0,imagen.jpeg,70,activacion,1x384x14x14,0.254315
77,0,imagen.jpeg,71,depthwise_conv,1x384x14x14,0.77212
77,0,imagen.jpeg,72,batchnorm,1x384x14x14,0.098428
77,0,imagen.jpeg,73,activacion,1x384x14x14,0.252012
77,0,imagen.jpeg,74,pointwise_conv,1x384x14x14,2.68073
77,0,imagen.jpeg,75,batchnorm,1x64x14x14,0.011606
77,0,imagen.jpeg,76,layer_add,1x64x14x14,0.007971
77,0,imagen.jpeg,77,pointwise_conv,1x64x14x14,2.72284
77,0,imagen.jpeg,78,batchnorm,1x384x14x14,0.06651
77,0,imagen.jpeg,79,activacion,1x384x14x14,0.245899
77,0,imagen.jpeg,80,depthwise_conv,1x384x14x14,0.780909
77,0,imagen.jpeg,81,batchnorm,1x384x14x14,0.139501
77,0,imagen.jpeg,82,activacion,1x384x14x14,0.233801
77,0,imagen.jpeg,83,pointwise_conv,1x384x14x14,2.684386
77,0,imagen.jpeg,84,batchnorm,1x64x14x14,0.011173
77,0,imagen.jpeg,85,layer_add,1x64x14x14,0.006546
77,0,imagen.jpeg,86,pointwise_conv,1x64x14x14,2.706451
77,0,imagen.jpeg,87,batchnorm,1x384x14x14,0.063618
77,0,imagen.jpeg,88,activacion,1x384x14x14,0.248963
77,0,imagen.jpeg,89,depthwise_conv,1x384x14x14,0.781519
77,0,imagen.jpeg,90,batchnorm,1x384x14x14,0.065365
77,0,imagen.jpeg,91,activacion,1x384x14x14,0.239792
77,0,imagen.jpeg,92,pointwise_conv,1x384x14x14,3.886576
77,0,imagen.jpeg,93,batchnorm,1x96x14x14,0.016075
77,0,imagen.jpeg,94,pointwise_conv,1x96x14x14,6.070109
77,0,imagen.jpeg,95,batchnorm,1x576x14x14,0.103681
77,0,imagen.jpeg,96,activacion,1x576x14x14,0.362186
77,0,imagen.jpeg,97,depthwise_conv,1x576x14x14,1.113869
77,0,imagen.jpeg,98,batchnorm,1x576x14x14,0.175462
77,0,imagen.jpeg,99,activacion,1x576x14x14,0.328461
77,0,imagen.jpeg,100,pointwise_conv,1x576x14x14,5.89467
77,0,imagen.jpeg,101,batchnorm,1x96x14x14,0.015918
77,0,imagen.jpeg,102,layer_add,1x96x14x14,0.012168
77,0,imagen.jpeg,103,pointwise_conv,1x96x14x14,6.617123
77,0,imagen.jpeg,104,batchnorm,1x576x14x14,0.111658
77,0,imagen.jpeg,105,activacion,1x576x14x14,0.378739
77,0,imagen.jpeg,106,depthwise_conv,1x576x14x14,1.16475
77,0,imagen.jpeg,107,batchnorm,1x576x14x14,0.167464
77,0,imagen.jpeg,108,activacion,1x576x14x14,0.301663
77,0,imagen.jpeg,109,pointwise_conv,1x576x14x14,6.000565
77,0,imagen.jpeg,110,batchnorm,1x96x14x14,0.016269
77,0,imagen.jpeg,111,layer_add,1x96x14x14,0.010051
77,0,imagen.jpeg,112,pointwise_conv,1x96x14x14,6.084645
77,0,imagen.jpeg,113,batchnorm,1x576x14x14,0.10476
77,0,imagen.jpeg,114,activacion,1x576x14x14,0.350276
77,0,imagen.jpeg,115,depthwise_conv,1x576x14x14,0.260349
77,0,imagen.jpeg,116,batchnorm,1x576x7x7,0.029288
77,0,imagen.jpeg,117,activacion,1x576x7x7,0.063637
77,0,imagen.jpeg,118,pointwise_conv,1x576x7x7,2.48608
77,0,imagen.jpeg,119,batchnorm,1x160x7x7,0.007528
77,0,imagen.jpeg,120,pointwise_conv,1x160x7x7,4.01462
77,0,imagen.jpeg,121,batchnorm,1x960x7x7,0.043917
77,0,imagen.jpeg,122,activacion,1x960x7x7,0.145766
77,0,imagen.jpeg,123,depthwise_conv,1x960x7x7,0.414731
77,0,imagen.jpeg,124,batchnorm,1x960x7x7,0.041715
77,0,imagen.jpeg,125,activacion,1x960x7x7,0.137743
77,0,imagen.jpeg,126,pointwise_conv,1x960x7x7,4.03183
77,0,imagen.jpeg,127,batchnorm,1x160x7x7,0.007218
77,0,imagen.jpeg,128,layer_add,1x160x7x7,0.004025
77,0,imagen.jpeg,129,pointwise_conv,1x160x7x7,4.125974
77,0,imagen.jpeg,130,batchnorm,1x960x7x7,0.043481
77,0,imagen.jpeg,131,activacion,1x960x7x7,0.138889
77,0,imagen.jpeg,132,depthwise_conv,1x960x7x7,0.437402
77,0,imagen.jpeg,133,batchnorm,1x960x7x7,0.052631
77,0,imagen.jpeg,134,activacion,1x960x7x7,0.193461
77,0,imagen.jpeg,135,pointwise_conv,1x960x7x7,4.365
77,0,imagen.jpeg,136,batchnorm,1x160x7x7,0.00802
77,0,imagen.jpeg,137,layer_add,1x160x7x7,0.004535
77,0,imagen.jpeg,138,pointwise_conv,1x160x7x7,4.014565
77,0,imagen.jpeg,139,batchnorm,1x960x7x7,0.046587
77,0,imagen.jpeg,140,activacion,1x960x7x7,0.117326
77,0,imagen.jpeg,141,depthwise_conv,1x960x7x7,0.436724
77,0,imagen.jpeg,142,batchnorm,1x960x7x7,0.047555
77,0,imagen.jpeg,143,activacion,1x960x7x7,0.090924
77,0,imagen.jpeg,144,pointwise_conv,1x960x7x7,8.503986
77,0,imagen.jpeg,145,batchnorm,1x320x7x7,0.016159
77,0,imagen.jpeg,146,pointwise_conv,1x320x7x7,11.117216
77,0,imagen.jpeg,147,batchnorm,1x1280x7x7,0.064864
77,0,imagen.jpeg,148,activacion,1x1280x7x7,0.184728
77,0,imagen.jpeg,149,pooling,1x1280x7x7,0.039116
77,0,imagen.jpeg,150,linear,1x1280,1.385499
78,0,imagen.jpeg,0,conv2d,1x3x224x224,12.440893
78,0,imagen.jpeg,1,batchnorm,1x32x112x112,0.458182
78,0,imagen.jpeg,2,activacion,1x32x112x112,0.699224
78,0,imagen.jpeg,3,depthwise_conv,1x32x112x112,4.961182
78,0,imagen.jpeg,4,batchnorm,1x32x112x112,2.464344
78,0,imagen.jpeg,5,activacion,1x32x112x112,0.804575
78,0,imagen.jpeg,6,pointwise_conv,1x32x112x112,3.718381
78,0,imagen.jpeg,7,batchnorm,1x16x112x112,0.186758
78,0,imagen.jpeg,8,pointwise_conv,1x16x112x112,11.944538
78,0,imagen.jpeg,9,batchnorm,1x96x112x112,2.059976
78,0,imagen.jpeg,10,activacion,1x96x112x112,3.474342
78,0,imagen.jpeg,11,depthwise_conv,1x96x112x112,3.180324
78,0,imagen.jpeg,12,batchnorm,1x96x56x56,0.279557
78,0,imagen.jpeg,13,activacion,1x96x56x56,1.049131
78,0,imagen.jpeg,14,pointwise_conv,1x96x56x56,3.994781
78,0,imagen.jpeg,15,batchnorm,1x24x56x56,0.075621
78,0,imagen.jpeg,16,pointwise_conv,1x24x56x56,6.689923
78,0,imagen.jpeg,17,batchnorm,1x144x56x56,0.869761
78,0,imagen.jpeg,18,activacion,1x144x56x56,1.280454
78,0,imagen.jpeg,19,depthwise_conv,1x144x56x56,4.3898
78,0,imagen.jpeg,20,batchnorm,1x144x56x56,0.921922
78,0,imagen.jpeg,21,activacion,1x144x56x56,1.613014
78,0,imagen.jpeg,22,pointwise_conv,1x144x56x56,8.16358
78,0,imagen.jpeg,23,batchnorm,1x24x56x56,0.082716
78,0,imagen.jpeg,24,layer_add,1x24x56x56,0.042511
78,0,imagen.jpeg,25,pointwise_conv,1x24x56x56,6.109556
78,0,imagen.jpeg,26,batchnorm,1x144x56x56,0.453584
78,0,imagen.jpeg,27,activacion,1x144x56x56,1.503432
78,0,imagen.jpeg,28,depthwise_conv,1x144x56x56,1.212726
78,0,imagen.jpeg,29,batchnorm,1x144x28x28,0.097022
78,0,imagen.jpeg,30,activacion,1x144x28x28,0.354276
78,0,imagen.jpeg,31,pointwise_conv,1x144x28x28,1.992445
78,0,imagen.jpeg,32,batchnorm,1x32x28x28,0.021648
78,0,imagen.jpeg,33,pointwise_conv,1x32x28x28,2.647949
78,0,imagen.jpeg,34,batchnorm,1x192x28x28,0.130709
78,0,imagen.jpeg,35,activacion,1x192x28x28,0.389225
78,0,imagen.jpeg,36,depthwise_conv,1x192x28x28,1.490215
78,0,imagen.jpeg,37,batchnorm,1x192x28x28,0.13042
78,0,imagen.jpeg,38,activacion,1x192x28x28,0.530321
78,0,imagen.jpeg,39,pointwise_conv,1x192x28x28,2.632807
78,0,imagen.jpeg,40,batchnorm,1x32x28x28,0.02082
78,0,imagen.jpeg,41,layer_add,1x32x28x28,0.012832
78,0,imagen.jpeg,42,pointwise_conv,1x32x28x28,2.650296
78,0,imagen.jpeg,43,batchnorm,1x192x28x28,0.122479
78,0,imagen.jpeg,44,activacion,1x192x28x28,0.455757
78,0,imagen.jpeg,45,depthwise_conv,1x192x28x28,1.462742
78,0,imagen.jpeg,46,batchnorm,1x192x28x28,0.123445
78,0,imagen.jpeg,47,activacion,1x192x28x28,0.49113
78,0,imagen.jpeg,48,pointwise_conv,1x192x28x28,2.586809
78,0,imagen.jpeg,49,batchnorm,1x32x28x28,0.020572
78,0,imagen.jpeg,50,layer_add,1x32x28x28,0.012344
78,0,imagen.jpeg,51,pointwise_conv,1x32x28x28,2.577628
78,0,imagen.jpeg,52,batchnorm,1x192x28x28,0.122678
78,0,imagen.jpeg,53,activacion,1x192x28x28,0.468634
78,0,imagen.jpeg,54,depthwise_conv,1x192x28x28,0.376828
78,0,imagen.jpeg,55,batchnorm,1x192x14x14,0.033939
78,0,imagen.jpeg,56,activacion,1x192x14x14,0.097221
78,0,imagen.jpeg,57,pointwise_conv,1x192x14x14,1.311778
78,0,imagen.jpeg,58,batchnorm,1x64x14x14,0.011334
78,0,imagen.jpeg,59,pointwise_conv,1x64x14x14,2.63557
78,0,imagen.jpeg,60,batchnorm,1x384x14x14,0.109655
78,0,imagen.jpeg,61,activacion,1x384x14x14,0.184087
78,0,imagen.jpeg,62,depthwise_conv,1x384x14x14,0.731293
78,0,imagen.jpeg,63,batchnorm,1x384x14x14,0.06632
78,0,imagen.jpeg,64,activacion,1x384x14x14,0.292795
78,0,imagen.jpeg,65,pointwise_conv,1x384x14x14,2.63302
78,0,imagen.jpeg,66,batchnorm,1x64x14x14,0.011008
78,0,imagen.jpeg,67,layer_add,1x64x14x14,0.006273
78,0,imagen.jpeg,68,pointwise_conv,1x64x14x14,3.068178
78,0,imagen.jpeg,69,batchnorm,1x384x14x14,0.082745
78,0,imagen.jpeg,70,activacion,1x384x14x14,0.237863
78,0,imagen.jpeg,71,depthwise_conv,1x384x14x14,0.879528
78,0,imagen.jpeg,72,batchnorm,1x384x14x14,0.101537
78,0,imagen.jpeg,73,activacion,1x384x14x14,0.245194
78,0,imagen.jpeg,74,pointwise_conv,1x384x14x14,2.654664
78,0,imagen.jpeg,75,batchnorm,1x64x14x14,0.010969
78,0,imagen.jpeg,76,layer_add,1x64x14x14,0.006691
78,0,imagen.jpeg,77,pointwise_conv,1x64x14x14,2.739711
78,0,imagen.jpeg,78,batchnorm,1x384x14x14,0.065328
78,0,imagen.jpeg,79,activacion,1x384x14x14,0.246453
78,0,imagen.jpeg,80,depthwise_conv,1x384x14x14,0.7842
78,0,imagen.jpeg,81,batchnorm,1x384x14x14,0.139384
78,0,imagen.jpeg,82,activacion,1x384x14x14,0.227182
78,0,imagen.jpeg,83,pointwise_conv,1x384x14x14,2.648114
78,0,imagen.jpeg,84,batchnorm,1x64x14x14,0.011071
78,0,imagen.jpeg,85,layer_add,1x64x14x14,0.005892
78,0,imagen.jpeg,86,pointwise_conv,1x64x14x14,2.679107
78,0,imagen.jpeg,87,batchnorm,1x384x14x14,0.076304
78,0,imagen.jpeg,88,activacion,1x384x14x14,0.242347
78,0,imagen.jpeg,89,depthwise_conv,1x384x14x14,0.802138
78,0,imagen.jpeg,90,batchnorm,1x384x14x14,0.081065
78,0,imagen.jpeg,91,activacion,1x384x14x14,0.267504
78,0,imagen.jpeg,92,pointwise_conv,1x384x14x14,3.979093
78,0,imagen.jpeg,93,batchnorm,1x96x14x14,0.015872
78,0,imagen.jpeg,94,pointwise_conv,1x96x14x14,5.965464
78,0,imagen.jpeg,95,batchnorm,1x576x14x14,0.102369
78,0,imagen.jpeg,96,activacion,1x576x14x14,0.358795
78,0,imagen.jpeg,97,depthwise_conv,1x576x14x14,1.126147
78,0,imagen.jpeg,98,batchnorm,1x576x14x14,0.168293
78,0,imagen.jpeg,99,activacion,1x576x14x14,0.361241
78,0,imagen.jpeg,100,pointwise_conv,1x576x14x14,6.071853
78,0,imagen.jpeg,101,batchnorm,1x96x14x14,0.016566
78,0,imagen.jpeg,102,layer_add,1x96x14x14,0.012598
78,0,imagen.jpeg,103,pointwise_conv,1x96x14x14,6.274487
78,0,imagen.jpeg,104,batchnorm,1x576x14x14,0.113219
78,0,imagen.jpeg,105,activacion,1x576x14x14,0.36496
78,0,imagen.jpeg,106,depthwise_conv,1x576x14x14,1.12175
78,0,imagen.jpeg,107,batchnorm,1x576x14x14,0.15843
78,0,imagen.jpeg,108,activacion,1x576x14x14,0.319728
78,0,imagen.jpeg,109,pointwise_conv,1x576x14x14,6.477066
78,0,imagen.jpeg,110,batchnorm,1x96x14x14,0.018872
78,0,imagen.jpeg,111,layer_add,1x96x14x14,0.010563
78,0,imagen.jpeg,112,pointwise_conv,1x96x14x14,6.109566
78,0,imagen.jpeg,113,batchnorm,1x576x14x14,0.108151
78,0,imagen.jpeg,114,activacion,1x576x14x14,0.315159
78,0,imagen.jpeg,115,depthwise_conv,1x576x14x14,0.267345
78,0,imagen.jpeg,116,batchnorm,1x576x7x7,0.030125
78,0,imagen.jpeg,117,activacion,1x576x7x7,0.065211
78,0,imagen.jpeg,118,pointwise_conv,1x576x7x7,2.409515
78,0,imagen.jpeg,119,batchnorm,1x160x7x7,0.007881
78,0,imagen.jpeg,120,pointwise_conv,1x160x7x7,4.504834
78,0,imagen.jpeg,121,batchnorm,1x960x7x7,0.045406
78,0,imagen.jpeg,122,activacion,1x960x7x7,0.149453
78,0,imagen.jpeg,123,depthwise_conv,1x960x7x7,0.44378
78,0,imagen.jpeg,124,batchnorm,1x960x7x7,0.047495
78,0,imagen.jpeg,125,activacion,1x960x7x7,0.143609
78,0,imagen.jpeg,126,pointwise_conv,1x960x7x7,4.206727
78,0,imagen.jpeg,127,batchnorm,1x160x7x7,0.008158
78,0,imagen.jpeg,128,layer_add,1x160x7x7,0.004275
78,0,imagen.jpeg,129,pointwise_conv,1x160x7x7,4.190749
78,0,imagen.jpeg,130,batchnorm,1x960x7x7,0.044591
78,0,imagen.jpeg,131,activacion,1x960x7x7,0.143166
78,0,imagen.jpeg,132,depthwise_conv,1x960x7x7,0.429405
78,0,imagen.jpeg,133,batchnorm,1x960x7x7,0.053799
78,0,imagen.jpeg,134,activacion,1x960x7x7,0.124774
78,0,imagen.jpeg,135,pointwise_conv,1x960x7x7,4.447661
78,0,imagen.jpeg,136,batchnorm,1x160x7x7,0.008699
78,0,imagen.jpeg,137,layer_add,1x160x7x7,0.004885
78,0,imagen.jpeg,138,pointwise_conv,1x160x7x7,4.109603
78,0,imagen.jpeg,139,batchnorm,1x960x7x7,0.084783
78,0,imagen.jpeg,140,activacion,1x960x7x7,0.144529
78,0,imagen.jpeg,141,depthwise_conv,1x960x7x7,0.469801
78,0,imagen.jpeg,142,batchnorm,1x960x7x7,0.047566
78,0,imagen.jpeg,143,activacion,1x960x7x7,0.087582
78,0,imagen.jpeg,144,pointwise_conv,1x960x7x7,8.258817
78,0,imagen.jpeg,145,batchnorm,1x320x7x7,0.015889
78,0,imagen.jpeg,146,pointwise_conv,1x320x7x7,11.226355
78,0,imagen.jpeg,147,batchnorm,1x1280x7x7,0.069358
78,0,imagen.jpeg,148,activacion,1x1280x7x7,0.181193
78,0,imagen.jpeg,149,pooling,1x1280x7x7,0.039495
78,0,imagen.jpeg,150,linear,1x1280,1.399381
79,0,imagen.jpeg,0,conv2d,1x3x224x224,12.687335
79,0,imagen.jpeg,1,batchnorm,1x32x112x112,0.447346
79,0,imagen.jpeg,2,activacion,1x32x112x112,0.655094
79,0,imagen.jpeg,3,depthwise_conv,1x32x112x112,4.370821
79,0,imagen.jpeg,4,batchnorm,1x32x112x112,2.390097
79,0,imagen.jpeg,5,activacion,1x32x112x112,0.777509
79,0,imagen.jpeg,6,pointwise_conv,1x32x112x112,3.609198
79,0,imagen.jpeg,7,batchnorm,1x16x112x112,0.173618
79,0,imagen.jpeg,8,pointwise_conv,1x16x112x112,12.13855
79,0,imagen.jpeg,9,batchnorm,1x96x112x112,2.215236
79,0,imagen.jpeg,10,activacion,1x96x112x112,3.4607
79,0,imagen.jpeg,11,depthwise_conv,1x96x112x112,3.102326
79,0,imagen.jpeg,12,batchnorm,1x96x56x56,0.289792
79,0,imagen.jpeg,13,activacion,1x96x56x56,1.028249
79,0,imagen.jpeg,14,pointwise_conv,1x96x56x56,4.209735
79,0,imagen.jpeg,15,batchnorm,1x24x56x56,0.06836
79,0,imagen.jpeg,16,pointwise_conv,1x24x56x56,6.720682
79,0,imagen.jpeg,17,batchnorm,1x144x56x56,0.918842
79,0,imagen.jpeg,18,activacion,1x144x56x56,1.303059
79,0,imagen.jpeg,19,depthwise_conv,1x144x56x56,4.4802
79,0,imagen.jpeg,20,batchnorm,1x144x56x56,0.869077
79,0,imagen.jpeg,21,activacion,1x144x56x56,1.642476
79,0,imagen.jpeg,22,pointwise_conv,1x144x56x56,5.953093
79,0,imagen.jpeg,23,batchnorm,1x24x56x56,0.062246
79,0,imagen.jpeg,24,layer_add,1x24x56x56,0.041704
79,0,imagen.jpeg,25,pointwise_conv,1x24x56x56,6.153411
79,0,imagen.jpeg,26,batchnorm,1x144x56x56,0.484427
79,0,imagen.jpeg,27,activacion,1x144x56x56,1.542361
79,0,imagen.jpeg,28,depthwise_conv,1x144x56x56,1.149845
79,0,imagen.jpeg,29,batchnorm,1x144x28x28,0.110322
79,0,imagen.jpeg,30,activacion,1x144x28x28,0.355853
79,0,imagen.jpeg,31,pointwise_conv,1x144x28x28,1.968407
79,0,imagen.jpeg,32,batchnorm,1x32x28x28,0.021502
79,0,imagen.jpeg,33,pointwise_conv,1x32x28x28,2.656215
79,0,imagen.jpeg,34,batchnorm,1x192x28x28,0.167674
79,0,imagen.jpeg,35,activacion,1x192x28x28,0.36047
79,0,imagen.jpeg,36,depthwise_conv,1x192x28x28,1.485596
79,0,imagen.jpeg,37,batchnorm,1x192x28x28,0.132242
79,0,imagen.jpeg,38,activacion,1x192x28x28,0.529673
79,0,imagen.jpeg,39,pointwise_conv,1x192x28x28,2.660968
79,0,imagen.jpeg,40,batchnorm,1x32x28x28,0.022821
79,0,imagen.jpeg,41,layer_add,1x32x28x28,0.014599
79,0,imagen.jpeg,42,pointwise_conv,1x32x28x28,2.673345
79,0,imagen.jpeg,43,batchnorm,1x192x28x28,0.126239
79,0,imagen.jpeg,44,activacion,1x192x28x28,0.446046
79,0,imagen.jpeg,45,depthwise_conv,1x192x28x28,1.489927
79,0,imagen.jpeg,46,batchnorm,1x192x28x28,0.129289
79,0,imagen.jpeg,47,activacion,1x192x28x28,0.514454
79,0,imagen.jpeg,48,pointwise_conv,1x192x28x28,2.613789
79,0,imagen.jpeg,49,batchnorm,1x32x28x28,0.02038
79,0,imagen.jpeg,50,layer_add,1x32x28x28,0.012194
79,0,imagen.jpeg,51,pointwise_conv,1x32x28x28,2.590228
79,0,imagen.jpeg,52,batchnorm,1x192x28x28,0.122276
79,0,imagen.jpeg,53,activacion,1x192x28x28,0.493129
79,0,imagen.jpeg,54,depthwise_conv,1x192x28x28,0.371306
79,0,imagen.jpeg,55,batchnorm,1x192x14x14,0.033456
79,0,imagen.jpeg,56,activacion,1x192x14x14,0.096687
79,0,imagen.jpeg,57,pointwise_conv,1x192x14x14,1.310537
79,0,imagen.jpeg,58,batchnorm,1x64x14x14,0.011292
79,0,imagen.jpeg,59,pointwise_conv,1x64x14x14,2.684477
79,0,imagen.jpeg,60,batchnorm,1x384x14x14,0.07053
79,0,imagen.jpeg,61,activacion,1x384x14x14,0.192196
79,0,imagen.jpeg,62,depthwise_conv,1x384x14x14,0.749607
79,0,imagen.jpeg,63,batchnorm,1x384x14x14,0.065934
79,0,imagen.jpeg,64,activacion,1x384x14x14,0.264373
79,0,imagen.jpeg,65,pointwise_conv,1x384x14x14,2.617541
79,0,imagen.jpeg,66,batchnorm,1x64x14x14,0.010652
79,0,imagen.jpeg,67,layer_add,1x64x14x14,0.005885
79,0,imagen.jpeg,68,pointwise_conv,1x64x14x14,2.615097
79,0,imagen.jpeg,69,batchnorm,1x384x14x14,0.062201
79,0,imagen.jpeg,70,activacion,1x384x14x14,0.223845
79,0,imagen.jpeg,71,depthwise_conv,1x384x14x14,0.782317
79,0,imagen.jpeg,72,batchnorm,1x384x14x14,0.110416
79,0,imagen.jpeg,73,activacion,1x384x14x14,0.279478
79,0,imagen.jpeg,74,pointwise_conv,1x384x14x14,3.195808
79,0,imagen.jpeg,75,batchnorm,1x64x14x14,0.011441
79,0,imagen.jpeg,76,layer_add,1x64x14x14,0.007462
79,0,imagen.jpeg,77,pointwise_conv,1x64x14x14,2.660471
79,0,imagen.jpeg,78,batchnorm,1x384x14x14,0.065253
79,0,imagen.jpeg,79,activacion,1x384x14x14,0.301043
79,0,imagen.jpeg,80,depthwise_conv,1x384x14x14,0.952567
79,0,imagen.jpeg,81,batchnorm,1x384x14x14,0.173541
79,0,imagen.jpeg,82,activacion,1x384x14x14,0.239357
79,0,imagen.jpeg,83,pointwise_conv,1x384x14x14,2.699772
79,0,imagen.jpeg,84,batchnorm,1x64x14x14,0.010798
79,0,imagen.jpeg,85,layer_add,1x64x14x14,0.006503
79,0,imagen.jpeg,86,pointwise_conv,1x64x14x14,3.09741
79,0,imagen.jpeg,87,batchnorm,1x384x14x14,0.071514
79,0,imagen.jpeg,88,activacion,1x384x14x14,0.253553
79,0,imagen.jpeg,89,depthwise_conv,1x384x14x14,0.786128
79,0,imagen.jpeg,90,batchnorm,1x384x14x14,0.067912
79,0,imagen.jpeg,91,activacion,1x384x14x14,0.244772
79,0,imagen.jpeg,92,pointwise_conv,1x384x14x14,4.013122
79,0,imagen.jpeg,93,batchnorm,1x96x14x14,0.016088
79,0,imagen.jpeg,94,pointwise_conv,1x96x14x14,6.334317
79,0,imagen.jpeg,95,batchnorm,1x576x14x14,0.135906
79,0,imagen.jpeg,96,activacion,1x576x14x14,0.371175
79,0,imagen.jpeg,97,depthwise_conv,1x576x14x14,1.213353
79,0,imagen.jpeg,98,batchnorm,1x576x14x14,0.233519
79,0,imagen.jpeg,99,activacion,1x576x14x14,0.390564
79,0,imagen.jpeg,100,pointwise_conv,1x576x14x14,6.168354
79,0,imagen.jpeg,101,batchnorm,1x96x14x14,0.019317
79,0,imagen.jpeg,102,layer_add,1x96x14x14,0.014286
79,0,imagen.jpeg,103,pointwise_conv,1x96x14x14,6.161825
79,0,imagen.jpeg,104,batchnorm,1x576x14x14,0.107679
79,0,imagen.jpeg,105,activacion,1x576x14x14,0.372226
79,0,imagen.jpeg,106,depthwise_conv,1x576x14x14,1.151965
79,0,imagen.jpeg,107,batchnorm,1x576x14x14,0.162783
79,0,imagen.jpeg,108,activacion,1x576x14x14,0.312756
79,0,imagen.jpeg,109,pointwise_conv,1x576x14x14,6.459345
79,0,imagen.jpeg,110,batchnorm,1x96x14x14,0.017165
79,0,imagen.jpeg,111,layer_add,1x96x14x14,0.010553
79,0,imagen.jpeg,112,pointwise_conv,1x96x14x14,6.369711
79,0,imagen.jpeg,113,batchnorm,1x576x14x14,0.245899
79,0,imagen.jpeg,114,activacion,1x576x14x14,0.353928
79,0,imagen.jpeg,115,depthwise_conv,1x576x14x14,0.276282
79,0,imagen.jpeg,116,batchnorm,1x576x7x7,0.03079
79,0,imagen.jpeg,117,activacion,1x576x7x7,0.068751
79,0,imagen.jpeg,118,pointwise_conv,1x576x7x7,2.707432
79,0,imagen.jpeg,119,batchnorm,1x160x7x7,0.009976
79,0,imagen.jpeg,120,pointwise_conv,1x160x7x7,5.069417
79,0,imagen.jpeg,121,batchnorm,1x960x7x7,0.090381
79,0,imagen.jpeg,122,activacion,1x960x7x7,0.158821
79,0,imagen.jpeg,123,depthwise_conv,1x960x7x7,0.444792
79,0,imagen.jpeg,124,batchnorm,1x960x7x7,0.044904
79,0,imagen.jpeg,125,activacion,1x960x7x7,0.147942
79,0,imagen.jpeg,126,pointwise_conv,1x960x7x7,4.292153
79,0,imagen.jpeg,127,batchnorm,1x160x7x7,0.008134
79,0,imagen.jpeg,128,layer_add,1x160x7x7,0.004397
79,0,imagen.jpeg,129,pointwise_conv,1x160x7x7,4.427699
79,0,imagen.jpeg,130,batchnorm,1x960x7x7,0.088937
79,0,imagen.jpeg,131,activacion,1x960x7x7,0.187474
79,0,imagen.jpeg,132,depthwise_conv,1x960x7x7,0.613976
79,0,imagen.jpeg,133,batchnorm,1x960x7x7,0.058031
79,0,imagen.jpeg,134,activacion,1x960x7x7,0.131236
79,0,imagen.jpeg,135,pointwise_conv,1x960x7x7,4.700978
79,0,imagen.jpeg,136,batchnorm,1x160x7x7,0.008028
79,0,imagen.jpeg,137,layer_add,1x160x7x7,0.004258
79,0,imagen.jpeg,138,pointwise_conv,1x160x7x7,4.28835
79,0,imagen.jpeg,139,batchnorm,1x960x7x7,0.043624
79,0,imagen.jpeg,140,activacion,1x960x7x7,0.118523
79,0,imagen.jpeg,141,depthwise_conv,1x960x7x7,0.428744
79,0,imagen.jpeg,142,batchnorm,1x960x7x7,0.046534
79,0,imagen.jpeg,143,activacion,1x960x7x7,0.0879
79,0,imagen.jpeg,144,pointwise_conv,1x960x7x7,8.566929
79,0,imagen.jpeg,145,batchnorm,1x320x7x7,0.025334
79,0,imagen.jpeg,146,pointwise_conv,1x320x7x7,11.036295
79,0,imagen.jpeg,147,batchnorm,1x1280x7x7,0.066463
79,0,imagen.jpeg,148,activacion,1x1280x7x7,0.186964
79,0,imagen.jpeg,149,pooling,1x1280x7x7,0.040383
79,0,imagen.jpeg,150,linear,1x1280,1.492995
80,0,imagen.jpeg,0,conv2d,1x3x224x224,17.71737
80,0,imagen.jpeg,1,batchnorm,1x32x112x112,0.50275
80,0,imagen.jpeg,2,activacion,1x32x112x112,0.753999
80,0,imagen.jpeg,3,depthwise_conv,1x32x112x112,4.405307
80,0,imagen.jpeg,4,batchnorm,1x32x112x112,2.552862
80,0,imagen.jpeg,5,activacion,1x32x112x112,0.847799
80,0,imagen.jpeg,6,pointwise_conv,1x32x112x112,4.286587
80,0,imagen.jpeg,7,batchnorm,1x16x112x112,0.298919
80,0,imagen.jpeg,8,pointwise_conv,1x16x112x112,12.67525
80,0,imagen.jpeg,9,batchnorm,1x96x112x112,3.112344
80,0,imagen.jpeg,10,activacion,1x96x112x112,3.844174
80,0,imagen.jpeg,11,depthwise_conv,1x96x112x112,3.829026
80,0,imagen.jpeg,12,batchnorm,1x96x56x56,0.324916
80,0,imagen.jpeg,13,activacion,1x96x56x56,1.13993
80,0,imagen.jpeg,14,pointwise_conv,1x96x56x56,4.466723
80,0,imagen.jpeg,15,batchnorm,1x24x56x56,0.083702
80,0,imagen.jpeg,16,pointwise_conv,1x24x56x56,7.595909
80,0,imagen.jpeg,17,batchnorm,1x144x56x56,1.098599
80,0,imagen.jpeg,18,activacion,1x144x56x56,1.420839
80,0,imagen.jpeg,19,depthwise_conv,1x144x56x56,5.039445
80,0,imagen.jpeg,20,batchnorm,1x144x56x56,1.036913
80,0,imagen.jpeg,21,activacion,1x144x56x56,1.810003
80,0,imagen.jpeg,22,pointwise_conv,1x144x56x56,7.36129
80,0,imagen.jpeg,23,batchnorm,1x24x56x56,0.077247
80,0,imagen.jpeg,24,layer_add,1x24x56x56,0.046274
80,0,imagen.jpeg,25,pointwise_conv,1x24x56x56,6.770416
80,0,imagen.jpeg,26,batchnorm,1x144x56x56,0.516992
80,0,imagen.jpeg,27,activacion,1x144x56x56,1.714733
80,0,imagen.jpeg,28,depthwise_conv,1x144x56x56,1.296718
80,0,imagen.jpeg,29,batchnorm,1x144x28x28,0.128361
80,0,imagen.jpeg,30,activacion,1x144x28x28,0.394184
80,0,imagen.jpeg,31,pointwise_conv,1x144x28x28,3.289361
80,0,imagen.jpeg,32,batchnorm,1x32x28x28,0.04067
80,0,imagen.jpeg,33,pointwise_conv,1x32x28x28,3.950843
80,0,imagen.jpeg,34,batchnorm,1x192x28x28,0.157277
80,0,imagen.jpeg,35,activacion,1x192x28x28,0.430094
80,0,imagen.jpeg,36,depthwise_conv,1x192x28x28,1.665332
80,0,imagen.jpeg,37,batchnorm,1x192x28x28,0.145491
80,0,imagen.jpeg,38,activacion,1x192x28x28,0.589965
80,0,imagen.jpeg,39,pointwise_conv,1x192x28x28,2.97778
80,0,imagen.jpeg,40,batchnorm,1x32x28x28,0.026036
80,0,imagen.jpeg,41,layer_add,1x32x28x28,0.014928
80,0,imagen.jpeg,42,pointwise_conv,1x32x28x28,3.152924
80,0,imagen.jpeg,43,batchnorm,1x192x28x28,0.250877
80,0,imagen.jpeg,44,activacion,1x192x28x28,0.516494
80,0,imagen.jpeg,45,depthwise_conv,1x192x28x28,1.798161
80,0,imagen.jpeg,46,batchnorm,1x192x28x28,0.172621
80,0,imagen.jpeg,47,activacion,1x192x28x28,0.664811
80,0,imagen.jpeg,48,pointwise_conv,1x192x28x28,3.203251
80,0,imagen.jpeg,49,batchnorm,1x32x28x28,0.025513
80,0,imagen.jpeg,50,layer_add,1x32x28x28,0.015107
80,0,imagen.jpeg,51,pointwise_conv,1x32x28x28,2.977364
80,0,imagen.jpeg,52,batchnorm,1x192x28x28,0.145088
80,0,imagen.jpeg,53,activacion,1x192x28x28,0.552783
80,0,imagen.jpeg,54,depthwise_conv,1x192x28x28,0.450277
80,0,imagen.jpeg,55,batchnorm,1x192x14x14,0.04149
80,0,imagen.jpeg,56,activacion,1x192x14x14,0.110754
80,0,imagen.jpeg,57,pointwise_conv,1x192x14x14,1.530751
80,0,imagen.jpeg,58,batchnorm,1x64x14x14,0.013055
80,0,imagen.jpeg,59,pointwise_conv,1x64x14x14,3.114249
80,0,imagen.jpeg,60,batchnorm,1x384x14x14,0.120109
80,0,imagen.jpeg,61,activacion,1x384x14x14,0.262066
80,0,imagen.jpeg,62,depthwise_conv,1x384x14x14,1.472974
80,0,imagen.jpeg,63,batchnorm,1x384x14x14,0.137886
80,0,imagen.jpeg,64,activacion,1x384x14x14,0.37852
80,0,imagen.jpeg,65,pointwise_conv,1x384x14x14,4.719428
80,0,imagen.jpeg,66,batchnorm,1x64x14x14,0.013833
80,0,imagen.jpeg,67,layer_add,1x64x14x14,0.007976
80,0,imagen.jpeg,68,pointwise_conv,1x64x14x14,3.031638
80,0,imagen.jpeg,69,batchnorm,1x384x14x14,0.076919
80,0,imagen.jpeg,70,activacion,1x384x14x14,0.268867
80,0,imagen.jpeg,71,depthwise_conv,1x384x14x14,0.893024
80,0,imagen.jpeg,72,batchnorm,1x384x14x14,0.115105
80,0,imagen.jpeg,73,activacion,1x384x14x14,0.289215
80,0,imagen.jpeg,74,pointwise_conv,1x384x14x14,3.049184
80,0,imagen.jpeg,75,batchnorm,1x64x14x14,0.012519
80,0,imagen.jpeg,76,layer_add,1x64x14x14,0.007275
80,0,imagen.jpeg,77,pointwise_conv,1x64x14x14,3.379214
80,0,imagen.jpeg,78,batchnorm,1x384x14x14,0.082736
80,0,imagen.jpeg,79,activacion,1x384x14x14,0.282419
80,0,imagen.jpeg,80,depthwise_conv,1x384x14x14,0.967617
80,0,imagen.jpeg,81,batchnorm,1x384x14x14,0.164224
80,0,imagen.jpeg,82,activacion,1x384x14x14,0.259413
80,0,imagen.jpeg,83,pointwise_conv,1x384x14x14,3.005285
80,0,imagen.jpeg,84,batchnorm,1x64x14x14,0.012561
80,0,imagen.jpeg,85,layer_add,1x64x14x14,0.007346
80,0,imagen.jpeg,86,pointwise_conv,1x64x14x14,2.897923
80,0,imagen.jpeg,87,batchnorm,1x384x14x14,0.072693
80,0,imagen.jpeg,88,activacion,1x384x14x14,0.273887
80,0,imagen.jpeg,89,depthwise_conv,1x384x14x14,0.828453
80,0,imagen.jpeg,90,batchnorm,1x384x14x14,0.091152
80,0,imagen.jpeg,91,activacion,1x384x14x14,0.263158
80,0,imagen.jpeg,92,pointwise_conv,1x384x14x14,4.536451
80,0,imagen.jpeg,93,batchnorm,1x96x14x14,0.031267
80,0,imagen.jpeg,94,pointwise_conv,1x96x14x14,8.026295
80,0,imagen.jpeg,95,batchnorm,1x576x14x14,0.11357
80,0,imagen.jpeg,96,activacion,1x576x14x14,0.398514
80,0,imagen.jpeg,97,depthwise_conv,1x576x14x14,1.253984
80,0,imagen.jpeg,98,batchnorm,1x576x14x14,0.192132
80,0,imagen.jpeg,99,activacion,1x576x14x14,0.358307
80,0,imagen.jpeg,100,pointwise_conv,1x576x14x14,6.543388
80,0,imagen.jpeg,101,batchnorm,1x96x14x14,0.020059
80,0,imagen.jpeg,102,layer_add,1x96x14x14,0.015007
80,0,imagen.jpeg,103,pointwise_conv,1x96x14x14,6.403662
80,0,imagen.jpeg,104,batchnorm,1x576x14x14,0.105217
80,0,imagen.jpeg,105,activacion,1x576x14x14,0.390102
80,0,imagen.jpeg,106,depthwise_conv,1x576x14x14,1.206499
80,0,imagen.jpeg,107,batchnorm,1x576x14x14,0.169577
80,0,imagen.jpeg,108,activacion,1x576x14x14,0.319166
80,0,imagen.jpeg,109,pointwise_conv,1x576x14x14,6.312082
80,0,imagen.jpeg,110,batchnorm,1x96x14x14,0.018266
80,0,imagen.jpeg,111,layer_add,1x96x14x14,0.010537
80,0,imagen.jpeg,112,pointwise_conv,1x96x14x14,6.59722
80,0,imagen.jpeg,113,batchnorm,1x576x14x14,0.108163
80,0,imagen.jpeg,114,activacion,1x576x14x14,0.330121
80,0,imagen.jpeg,115,depthwise_conv,1x576x14x14,0.288275
80,0,imagen.jpeg,116,batchnorm,1x576x7x7,0.031142
80,0,imagen.jpeg,117,activacion,1x576x7x7,0.068428
80,0,imagen.jpeg,118,pointwise_conv,1x576x7x7,2.555929
80,0,imagen.jpeg,119,batchnorm,1x160x7x7,0.007955
80,0,imagen.jpeg,120,pointwise_conv,1x160x7x7,4.257161
80,0,imagen.jpeg,121,batchnorm,1x960x7x7,0.044646
80,0,imagen.jpeg,122,activacion,1x960x7x7,0.149703
80,0,imagen.jpeg,123,depthwise_conv,1x960x7x7,0.428053
80,0,imagen.jpeg,124,batchnorm,1x960x7x7,0.043425
80,0,imagen.jpeg,125,activacion,1x960x7x7,0.157906
80,0,imagen.jpeg,126,pointwise_conv,1x960x7x7,4.561411
80,0,imagen.jpeg,127,batchnorm,1x160x7x7,0.008028
80,0,imagen.jpeg,128,layer_add,1x160x7x7,0.004476
80,0,imagen.jpeg,129,pointwise_conv,1x160x7x7,4.29295
80,0,imagen.jpeg,130,batchnorm,1x960x7x7,0.045309
80,0,imagen.jpeg,131,activacion,1x960x7x7,0.148211
80,0,imagen.jpeg,132,depthwise_conv,1x960x7x7,0.430814
80,0,imagen.jpeg,133,batchnorm,1x960x7x7,0.054399
80,0,imagen.jpeg,134,activacion,1x960x7x7,0.139443
80,0,imagen.jpeg,135,pointwise_conv,1x960x7x7,4.280528
80,0,imagen.jpeg,136,batchnorm,1x160x7x7,0.008425
80,0,imagen.jpeg,137,layer_add,1x160x7x7,0.004981
80,0,imagen.jpeg,138,pointwise_conv,1x160x7x7,4.48436
80,0,imagen.jpeg,139,batchnorm,1x960x7x7,0.050533
80,0,imagen.jpeg,140,activacion,1x960x7x7,0.120828
80,0,imagen.jpeg,141,depthwise_conv,1x960x7x7,0.458673
80,0,imagen.jpeg,142,batchnorm,1x960x7x7,0.050609
80,0,imagen.jpeg,143,activacion,1x960x7x7,0.107828
80,0,imagen.jpeg,144,pointwise_conv,1x960x7x7,9.070271
80,0,imagen.jpeg,145,batchnorm,1x320x7x7,0.016487
80,0,imagen.jpeg,146,pointwise_conv,1x320x7x7,12.2158
80,0,imagen.jpeg,147,batchnorm,1x1280x7x7,0.068451
80,0,imagen.jpeg,148,activacion,1x1280x7x7,0.203219
80,0,imagen.jpeg,149,pooling,1x1280x7x7,0.043684
80,0,imagen.jpeg,150,linear,1x1280,1.600741
81,0,imagen.jpeg,0,conv2d,1x3x224x224,14.961818
81,0,imagen.jpeg,1,batchnorm,1x32x112x112,0.463446
81,0,imagen.jpeg,2,activacion,1x32x112x112,0.7397
81,0,imagen.jpeg,3,depthwise_conv,1x32x112x112,5.818563
81,0,imagen.jpeg,4,batchnorm,1x32x112x112,2.810397
81,0,imagen.jpeg,5,activacion,1x32x112x112,0.871522
81,0,imagen.jpeg,6,pointwise_conv,1x32x112x112,4.339297
81,0,imagen.jpeg,7,batchnorm,1x16x112x112,0.22888
81,0,imagen.jpeg,8,pointwise_conv,1x16x112x112,13.636281
81,0,imagen.jpeg,9,batchnorm,1x96x112x112,2.298244
81,0,imagen.jpeg,10,activacion,1x96x112x112,3.825701
81,0,imagen.jpeg,11,depthwise_conv,1x96x112x112,3.709236
81,0,imagen.jpeg,12,batchnorm,1x96x56x56,0.312588
81,0,imagen.jpeg,13,activacion,1x96x56x56,1.130201
81,0,imagen.jpeg,14,pointwise_conv,1x96x56x56,4.39617
81,0,imagen.jpeg,15,batchnorm,1x24x56x56,0.074948
81,0,imagen.jpeg,16,pointwise_conv,1x24x56x56,7.831568
81,0,imagen.jpeg,17,batchnorm,1x144x56x56,0.983173
81,0,imagen.jpeg,18,activacion,1x144x56x56,1.420072
81,0,imagen.jpeg,19,depthwise_conv,1x144x56x56,4.944069
81,0,imagen.jpeg,20,batchnorm,1x144x56x56,1.019206
81,0,imagen.jpeg,21,activacion,1x144x56x56,1.772343
81,0,imagen.jpeg,22,pointwise_conv,1x144x56x56,8.498437
81,0,imagen.jpeg,23,batchnorm,1x24x56x56,0.108898
81,0,imagen.jpeg,24,layer_add,1x24x56x56,0.071289
81,0,imagen.jpeg,25,pointwise_conv,1x24x56x56,6.746802
81,0,imagen.jpeg,26,batchnorm,1x144x56x56,0.479772
81,0,imagen.jpeg,27,activacion,1x144x56x56,1.634165
81,0,imagen.jpeg,28,depthwise_conv,1x144x56x56,1.261803
81,0,imagen.jpeg,29,batchnorm,1x144x28x28,0.10733
81,0,imagen.jpeg,30,activacion,1x144x28x28,0.372369
81,0,imagen.jpeg,31,pointwise_conv,1x144x28x28,2.866897
81,0,imagen.jpeg,32,batchnorm,1x32x28x28,0.035021
81,0,imagen.jpeg,33,pointwise_conv,1x32x28x28,4.52467
81,0,imagen.jpeg,34,batchnorm,1x192x28x28,0.160222
81,0,imagen.jpeg,35,activacion,1x192x28x28,0.435755
81,0,imagen.jpeg,36,depthwise_conv,1x192x28x28,1.671039
81,0,imagen.jpeg,37,batchnorm,1x192x28x28,0.156608
81,0,imagen.jpeg,38,activacion,1x192x28x28,0.590662
81,0,imagen.jpeg,39,pointwise_conv,1x192x28x28,3.111184
81,0,imagen.jpeg,40,batchnorm,1x32x28x28,0.026308
81,0,imagen.jpeg,41,layer_add,1x32x28x28,0.015359
81,0,imagen.jpeg,42,pointwise_conv,1x32x28x28,3.022261
81,0,imagen.jpeg,43,batchnorm,1x192x28x28,0.159442
81,0,imagen.jpeg,44,activacion,1x192x28x28,0.500909
81,0,imagen.jpeg,45,depthwise_conv,1x192x28x28,1.936412
81,0,imagen.jpeg,46,batchnorm,1x192x28x28,0.210863
81,0,imagen.jpeg,47,activacion,1x192x28x28,0.676878
81,0,imagen.jpeg,48,pointwise_conv,1x192x28x28,3.55304
81,0,imagen.jpeg,49,batchnorm,1x32x28x28,0.032201
81,0,imagen.jpeg,50,layer_add,1x32x28x28,0.018115
81,0,imagen.jpeg,51,pointwise_conv,1x32x28x28,3.406903
81,0,imagen.jpeg,52,batchnorm,1x192x28x28,0.168516
81,0,imagen.jpeg,53,activacion,1x192x28x28,0.571803
81,0,imagen.jpeg,54,depthwise_conv,1x192x28x28,0.435452
81,0,imagen.jpeg,55,batchnorm,1x192x14x14,0.038287
81,0,imagen.jpeg,56,activacion,1x192x14x14,0.111186
81,0,imagen.jpeg,57,pointwise_conv,1x192x14x14,1.544475
81,0,imagen.jpeg,58,batchnorm,1x64x14x14,0.013987
81,0,imagen.jpeg,59,pointwise_conv,1x64x14x14,3.072846
81,0,imagen.jpeg,60,batchnorm,1x384x14x14,0.092501
81,0,imagen.jpeg,61,activacion,1x384x14x14,0.222994
81,0,imagen.jpeg,62,depthwise_conv,1x384x14x14,0.862009
81,0,imagen.jpeg,63,batchnorm,1x384x14x14,0.097188
81,0,imagen.jpeg,64,activacion,1x384x14x14,0.30637
81,0,imagen.jpeg,65,pointwise_conv,1x384x14x14,3.112039
81,0,imagen.jpeg,66,batchnorm,1x64x14x14,0.014321
81,0,imagen.jpeg,67,layer_add,1x64x14x14,0.008212
81,0,imagen.jpeg,68,pointwise_conv,1x64x14x14,3.349839
81,0,imagen.jpeg,69,batchnorm,1x384x14x14,0.083066
81,0,imagen.jpeg,70,activacion,1x384x14x14,0.272633
81,0,imagen.jpeg,71,depthwise_conv,1x384x14x14,0.911649
81,0,imagen.jpeg,72,batchnorm,1x384x14x14,0.120232
81,0,imagen.jpeg,73,activacion,1x384x14x14,0.283555
81,0,imagen.jpeg,74,pointwise_conv,1x384x14x14,3.096797
81,0,imagen.jpeg,75,batchnorm,1x64x14x14,0.014088
81,0,imagen.jpeg,76,layer_add,1x64x14x14,0.007829
81,0,imagen.jpeg,77,pointwise_conv,1x64x14x14,3.060697
81,0,imagen.jpeg,78,batchnorm,1x384x14x14,0.083334
81,0,imagen.jpeg,79,activacion,1x384x14x14,0.296861
81,0,imagen.jpeg,80,depthwise_conv,1x384x14x14,0.98593
81,0,imagen.jpeg,81,batchnorm,1x384x14x14,0.16771
81,0,imagen.jpeg,82,activacion,1x384x14x14,0.25971
81,0,imagen.jpeg,83,pointwise_conv,1x384x14x14,3.128261
81,0,imagen.jpeg,84,batchnorm,1x64x14x14,0.014576
81,0,imagen.jpeg,85,layer_add,1x64x14x14,0.008056
81,0,imagen.jpeg,86,pointwise_conv,1x64x14x14,3.102847
81,0,imagen.jpeg,87,batchnorm,1x384x14x14,0.094959
81,0,imagen.jpeg,88,activacion,1x384x14x14,0.308642
81,0,imagen.jpeg,89,depthwise_conv,1x384x14x14,0.913119
81,0,imagen.jpeg,90,batchnorm,1x384x14x14,0.084219
81,0,imagen.jpeg,91,activacion,1x384x14x14,0.281473
81,0,imagen.jpeg,92,pointwise_conv,1x384x14x14,4.575243
81,0,imagen.jpeg,93,batchnorm,1x96x14x14,0.020004
81,0,imagen.jpeg,94,pointwise_conv,1x96x14x14,7.461487
81,0,imagen.jpeg,95,batchnorm,1x576x14x14,0.124339
81,0,imagen.jpeg,96,activacion,1x576x14x14,0.441177
81,0,imagen.jpeg,97,depthwise_conv,1x576x14x14,1.611732
81,0,imagen.jpeg,98,batchnorm,1x576x14x14,0.224277
81,0,imagen.jpeg,99,activacion,1x576x14x14,0.38116
81,0,imagen.jpeg,100,pointwise_conv,1x576x14x14,7.065535
81,0,imagen.jpeg,101,batchnorm,1x96x14x14,0.02136
81,0,imagen.jpeg,102,layer_add,1x96x14x14,0.016673
81,0,imagen.jpeg,103,pointwise_conv,1x96x14x14,7.318591
81,0,imagen.jpeg,104,batchnorm,1x576x14x14,0.128128
81,0,imagen.jpeg,105,activacion,1x576x14x14,0.450406
81,0,imagen.jpeg,106,depthwise_conv,1x576x14x14,1.42688
81,0,imagen.jpeg,107,batchnorm,1x576x14x14,0.192562
81,0,imagen.jpeg,108,activacion,1x576x14x14,0.361511
81,0,imagen.jpeg,109,pointwise_conv,1x576x14x14,7.009397
81,0,imagen.jpeg,110,batchnorm,1x96x14x14,0.021291
81,0,imagen.jpeg,111,layer_add,1x96x14x14,0.011362
81,0,imagen.jpeg,112,pointwise_conv,1x96x14x14,7.552608
81,0,imagen.jpeg,113,batchnorm,1x576x14x14,0.129645
81,0,imagen.jpeg,114,activacion,1x576x14x14,0.365893
81,0,imagen.jpeg,115,depthwise_conv,1x576x14x14,0.316786
81,0,imagen.jpeg,116,batchnorm,1x576x7x7,0.034506
81,0,imagen.jpeg,117,activacion,1x576x7x7,0.074612
81,0,imagen.jpeg,118,pointwise_conv,1x576x7x7,2.851588
81,0,imagen.jpeg,119,batchnorm,1x160x7x7,0.008839
81,0,imagen.jpeg,120,pointwise_conv,1x160x7x7,5.797333
81,0,imagen.jpeg,121,batchnorm,1x960x7x7,0.055462
81,0,imagen.jpeg,122,activacion,1x960x7x7,0.172674
81,0,imagen.jpeg,123,depthwise_conv,1x960x7x7,0.486442
81,0,imagen.jpeg,124,batchnorm,1x960x7x7,0.051048
81,0,imagen.jpeg,125,activacion,1x960x7x7,0.162127
81,0,imagen.jpeg,126,pointwise_conv,1x960x7x7,5.447739
81,0,imagen.jpeg,127,batchnorm,1x160x7x7,0.009598
81,0,imagen.jpeg,128,layer_add,1x160x7x7,0.005705
81,0,imagen.jpeg,129,pointwise_conv,1x160x7x7,4.747184
81,0,imagen.jpeg,130,batchnorm,1x960x7x7,0.053278
81,0,imagen.jpeg,131,activacion,1x960x7x7,0.164317
81,0,imagen.jpeg,132,depthwise_conv,1x960x7x7,0.494084
81,0,imagen.jpeg,133,batchnorm,1x960x7x7,0.062544
81,0,imagen.jpeg,134,activacion,1x960x7x7,0.145787
81,0,imagen.jpeg,135,pointwise_conv,1x960x7x7,4.614878
81,0,imagen.jpeg,136,batchnorm,1x160x7x7,0.009424
81,0,imagen.jpeg,137,layer_add,1x160x7x7,0.004892
81,0,imagen.jpeg,138,pointwise_conv,1x160x7x7,4.946959
81,0,imagen.jpeg,139,batchnorm,1x960x7x7,0.075512
81,0,imagen.jpeg,140,activacion,1x960x7x7,0.151065
81,0,imagen.jpeg,141,depthwise_conv,1x960x7x7,0.532862
81,0,imagen.jpeg,142,batchnorm,1x960x7x7,0.056201
81,0,imagen.jpeg,143,activacion,1x960x7x7,0.10076
81,0,imagen.jpeg,144,pointwise_conv,1x960x7x7,9.906978
81,0,imagen.jpeg,145,batchnorm,1x320x7x7,0.017806
81,0,imagen.jpeg,146,pointwise_conv,1x320x7x7,12.765861
81,0,imagen.jpeg,147,batchnorm,1x1280x7x7,0.071156
81,0,imagen.jpeg,148,activacion,1x1280x7x7,0.215727
81,0,imagen.jpeg,149,pooling,1x1280x7x7,0.044856
81,0,imagen.jpeg,150,linear,1x1280,1.589252
82,0,imagen.jpeg,0,conv2d,1x3x224x224,14.814401
82,0,imagen.jpeg,1,batchnorm,1x32x112x112,0.464328
82,0,imagen.jpeg,2,activacion,1x32x112x112,0.739736
82,0,imagen.jpeg,3,depthwise_conv,1x32x112x112,4.534677
82,0,imagen.jpeg,4,batchnorm,1x32x112x112,2.607545
82,0,imagen.jpeg,5,activacion,1x32x112x112,0.838296
82,0,imagen.jpeg,6,pointwise_conv,1x32x112x112,4.692377
82,0,imagen.jpeg,7,batchnorm,1x16x112x112,0.218631
82,0,imagen.jpeg,8,pointwise_conv,1x16x112x112,13.19062
82,0,imagen.jpeg,9,batchnorm,1x96x112x112,2.596866
82,0,imagen.jpeg,10,activacion,1x96x112x112,4.001529
82,0,imagen.jpeg,11,depthwise_conv,1x96x112x112,3.901212
82,0,imagen.jpeg,12,batchnorm,1x96x56x56,0.323919
82,0,imagen.jpeg,13,activacion,1x96x56x56,1.192668
82,0,imagen.jpeg,14,pointwise_conv,1x96x56x56,4.655103
82,0,imagen.jpeg,15,batchnorm,1x24x56x56,0.07924
82,0,imagen.jpeg,16,pointwise_conv,1x24x56x56,7.635708
82,0,imagen.jpeg,17,batchnorm,1x144x56x56,1.009543
82,0,imagen.jpeg,18,activacion,1x144x56x56,1.470655
82,0,imagen.jpeg,19,depthwise_conv,1x144x56x56,5.150095
82,0,imagen.jpeg,20,batchnorm,1x144x56x56,1.067872
82,0,imagen.jpeg,21,activacion,1x144x56x56,1.884403
82,0,imagen.jpeg,22,pointwise_conv,1x144x56x56,7.693525
82,0,imagen.jpeg,23,batchnorm,1x24x56x56,0.083829
82,0,imagen.jpeg,24,layer_add,1x24x56x56,0.068203
82,0,imagen.jpeg,25,pointwise_conv,1x24x56x56,6.957482
82,0,imagen.jpeg,26,batchnorm,1x144x56x56,0.51267
82,0,imagen.jpeg,27,activacion,1x144x56x56,1.78363
82,0,imagen.jpeg,28,depthwise_conv,1x144x56x56,1.345216
82,0,imagen.jpeg,29,batchnorm,1x144x28x28,0.132379
82,0,imagen.jpeg,30,activacion,1x144x28x28,0.406755
82,0,imagen.jpeg,31,pointwise_conv,1x144x28x28,2.282226
82,0,imagen.jpeg,32,batchnorm,1x32x28x28,0.025328
82,0,imagen.jpeg,33,pointwise_conv,1x32x28x28,3.00547
82,0,imagen.jpeg,34,batchnorm,1x192x28x28,0.16504
82,0,imagen.jpeg,35,activacion,1x192x28x28,0.422906
82,0,imagen.jpeg,36,depthwise_conv,1x192x28x28,1.676171
82,0,imagen.jpeg,37,batchnorm,1x192x28x28,0.154649
82,0,imagen.jpeg,38,activacion,1x192x28x28,0.593587
82,0,imagen.jpeg,39,pointwise_conv,1x192x28x28,3.025731
82,0,imagen.jpeg,40,batchnorm,1x32x28x28,0.027938
82,0,imagen.jpeg,41,layer_add,1x32x28x28,0.016092
82,0,imagen.jpeg,42,pointwise_conv,1x32x28x28,3.094722
82,0,imagen.jpeg,43,batchnorm,1x192x28x28,0.162866
82,0,imagen.jpeg,44,activacion,1x192x28x28,0.505157
82,0,imagen.jpeg,45,depthwise_conv,1x192x28x28,1.68789
82,0,imagen.jpeg,46,batchnorm,1x192x28x28,0.16454
82,0,imagen.jpeg,47,activacion,1x192x28x28,0.584261
82,0,imagen.jpeg,48,pointwise_conv,1x192x28x28,3.049248
82,0,imagen.jpeg,49,batchnorm,1x32x28x28,0.03426
82,0,imagen.jpeg,50,layer_add,1x32x28x28,0.025648
82,0,imagen.jpeg,51,pointwise_conv,1x32x28x28,3.561715
82,0,imagen.jpeg,52,batchnorm,1x192x28x28,0.168722
82,0,imagen.jpeg,53,activacion,1x192x28x28,0.553914
82,0,imagen.jpeg,54,depthwise_conv,1x192x28x28,0.433349
82,0,imagen.jpeg,55,batchnorm,1x192x14x14,0.037998
82,0,imagen.jpeg,56,activacion,1x192x14x14,0.11018
82,0,imagen.jpeg,57,pointwise_conv,1x192x14x14,1.526269
82,0,imagen.jpeg,58,batchnorm,1x64x14x14,0.016081
82,0,imagen.jpeg,59,pointwise_conv,1x64x14x14,3.075234
82,0,imagen.jpeg,60,batchnorm,1x384x14x14,0.10066
82,0,imagen.jpeg,61,activacion,1x384x14x14,0.221132
82,0,imagen.jpeg,62,depthwise_conv,1x384x14x14,0.864018
82,0,imagen.jpeg,63,batchnorm,1x384x14x14,0.079001
82,0,imagen.jpeg,64,activacion,1x384x14x14,0.323651
82,0,imagen.jpeg,65,pointwise_conv,1x384x14x14,3.183707
82,0,imagen.jpeg,66,batchnorm,1x64x14x14,0.014458
82,0,imagen.jpeg,67,layer_add,1x64x14x14,0.007777
82,0,imagen.jpeg,68,pointwise_conv,1x64x14x14,3.182086
82,0,imagen.jpeg,69,batchnorm,1x384x14x14,0.096182
82,0,imagen.jpeg,70,activacion,1x384x14x14,0.271517
82,0,imagen.jpeg,71,depthwise_conv,1x384x14x14,0.866212
82,0,imagen.jpeg,72,batchnorm,1x384x14x14,0.113621
82,0,imagen.jpeg,73,activacion,1x384x14x14,0.290952
82,0,imagen.jpeg,74,pointwise_conv,1x384x14x14,3.125775
82,0,imagen.jpeg,75,batchnorm,1x64x14x14,0.014083
82,0,imagen.jpeg,76,layer_add,1x64x14x14,0.008003
82,0,imagen.jpeg,77,pointwise_conv,1x64x14x14,3.106338
82,0,imagen.jpeg,78,batchnorm,1x384x14x14,0.08074
82,0,imagen.jpeg,79,activacion,1x384x14x14,0.295271
82,0,imagen.jpeg,80,depthwise_conv,1x384x14x14,0.86961
82,0,imagen.jpeg,81,batchnorm,1x384x14x14,0.167627
82,0,imagen.jpeg,82,activacion,1x384x14x14,0.260855
82,0,imagen.jpeg,83,pointwise_conv,1x384x14x14,3.044507
82,0,imagen.jpeg,84,batchnorm,1x64x14x14,0.012983
82,0,imagen.jpeg,85,layer_add,1x64x14x14,0.007454
82,0,imagen.jpeg,86,pointwise_conv,1x64x14x14,3.05494
82,0,imagen.jpeg,87,batchnorm,1x384x14x14,0.077144
82,0,imagen.jpeg,88,activacion,1x384x14x14,0.293253
82,0,imagen.jpeg,89,depthwise_conv,1x384x14x14,0.869232
82,0,imagen.jpeg,90,batchnorm,1x384x14x14,0.087374
82,0,imagen.jpeg,91,activacion,1x384x14x14,0.301227
82,0,imagen.jpeg,92,pointwise_conv,1x384x14x14,4.930381
82,0,imagen.jpeg,93,batchnorm,1x96x14x14,0.021279
82,0,imagen.jpeg,94,pointwise_conv,1x96x14x14,6.995737
82,0,imagen.jpeg,95,batchnorm,1x576x14x14,0.122329
82,0,imagen.jpeg,96,activacion,1x576x14x14,0.427618
82,0,imagen.jpeg,97,depthwise_conv,1x576x14x14,1.297509
82,0,imagen.jpeg,98,batchnorm,1x576x14x14,0.201806
82,0,imagen.jpeg,99,activacion,1x576x14x14,0.37458
82,0,imagen.jpeg,100,pointwise_conv,1x576x14x14,7.331863
82,0,imagen.jpeg,101,batchnorm,1x96x14x14,0.021507
82,0,imagen.jpeg,102,layer_add,1x96x14x14,0.015197
82,0,imagen.jpeg,103,pointwise_conv,1x96x14x14,7.662095
82,0,imagen.jpeg,104,batchnorm,1x576x14x14,0.121259
82,0,imagen.jpeg,105,activacion,1x576x14x14,0.425517
82,0,imagen.jpeg,106,depthwise_conv,1x576x14x14,1.291215
82,0,imagen.jpeg,107,batchnorm,1x576x14x14,0.197746
82,0,imagen.jpeg,108,activacion,1x576x14x14,0.359282
82,0,imagen.jpeg,109,pointwise_conv,1x576x14x14,6.822547
82,0,imagen.jpeg,110,batchnorm,1x96x14x14,0.020089
82,0,imagen.jpeg,111,layer_add,1x96x14x14,0.011487
82,0,imagen.jpeg,112,pointwise_conv,1x96x14x14,6.826368
82,0,imagen.jpeg,113,batchnorm,1x576x14x14,0.116133
82,0,imagen.jpeg,114,activacion,1x576x14x14,0.359536
82,0,imagen.jpeg,115,depthwise_conv,1x576x14x14,0.309613
82,0,imagen.jpeg,116,batchnorm,1x576x7x7,0.033969
82,0,imagen.jpeg,117,activacion,1x576x7x7,0.074595
82,0,imagen.jpeg,118,pointwise_conv,1x576x7x7,2.737946
82,0,imagen.jpeg,119,batchnorm,1x160x7x7,0.008565
82,0,imagen.jpeg,120,pointwise_conv,1x160x7x7,4.773536
82,0,imagen.jpeg,121,batchnorm,1x960x7x7,0.073687
82,0,imagen.jpeg,122,activacion,1x960x7x7,0.172937
82,0,imagen.jpeg,123,depthwise_conv,1x960x7x7,0.488377
82,0,imagen.jpeg,124,batchnorm,1x960x7x7,0.049636
82,0,imagen.jpeg,125,activacion,1x960x7x7,0.168208
82,0,imagen.jpeg,126,pointwise_conv,1x960x7x7,5.019851
82,0,imagen.jpeg,127,batchnorm,1x160x7x7,0.008959
82,0,imagen.jpeg,128,layer_add,1x160x7x7,0.005051
82,0,imagen.jpeg,129,pointwise_conv,1x160x7x7,5.368889
82,0,imagen.jpeg,130,batchnorm,1x960x7x7,0.056623
82,0,imagen.jpeg,131,activacion,1x960x7x7,0.175951
82,0,imagen.jpeg,132,depthwise_conv,1x960x7x7,0.490752
82,0,imagen.jpeg,133,batchnorm,1x960x7x7,0.064894
82,0,imagen.jpeg,134,activacion,1x960x7x7,0.145299
82,0,imagen.jpeg,135,pointwise_conv,1x960x7x7,5.575973
82,0,imagen.jpeg,136,batchnorm,1x160x7x7,0.015621
82,0,imagen.jpeg,137,layer_add,1x160x7x7,0.011529
82,0,imagen.jpeg,138,pointwise_conv,1x160x7x7,6.798542
82,0,imagen.jpeg,139,batchnorm,1x960x7x7,0.10345
82,0,imagen.jpeg,140,activacion,1x960x7x7,0.155531
82,0,imagen.jpeg,141,depthwise_conv,1x960x7x7,0.534544
82,0,imagen.jpeg,142,batchnorm,1x960x7x7,0.083627
82,0,imagen.jpeg,143,activacion,1x960x7x7,0.11116
82,0,imagen.jpeg,144,pointwise_conv,1x960x7x7,11.806494
82,0,imagen.jpeg,145,batchnorm,1x320x7x7,0.035791
82,0,imagen.jpeg,146,pointwise_conv,1x320x7x7,16.673057
82,0,imagen.jpeg,147,batchnorm,1x1280x7x7,0.118379
82,0,imagen.jpeg,148,activacion,1x1280x7x7,0.306492
82,0,imagen.jpeg,149,pooling,1x1280x7x7,0.074761
82,0,imagen.jpeg,150,linear,1x1280,2.019602
83,0,imagen.jpeg,0,conv2d,1x3x224x224,17.40878
83,0,imagen.jpeg,1,batchnorm,1x32x112x112,0.52903
83,0,imagen.jpeg,2,activacion,1x32x112x112,0.773106
83,0,imagen.jpeg,3,depthwise_conv,1x32x112x112,4.912387
83,0,imagen.jpeg,4,batchnorm,1x32x112x112,3.089044
83,0,imagen.jpeg,5,activacion,1x32x112x112,1.043881
83,0,imagen.jpeg,6,pointwise_conv,1x32x112x112,6.928345
83,0,imagen.jpeg,7,batchnorm,1x16x112x112,0.223109
83,0,imagen.jpeg,8,pointwise_conv,1x16x112x112,16.065947
83,0,imagen.jpeg,9,batchnorm,1x96x112x112,2.277033
83,0,imagen.jpeg,10,activacion,1x96x112x112,3.950007
83,0,imagen.jpeg,11,depthwise_conv,1x96x112x112,4.117237
83,0,imagen.jpeg,12,batchnorm,1x96x56x56,0.317173
83,0,imagen.jpeg,13,activacion,1x96x56x56,1.150049
83,0,imagen.jpeg,14,pointwise_conv,1x96x56x56,4.557892
83,0,imagen.jpeg,15,batchnorm,1x24x56x56,0.074321
83,0,imagen.jpeg,16,pointwise_conv,1x24x56x56,7.966149
83,0,imagen.jpeg,17,batchnorm,1x144x56x56,0.998644
83,0,imagen.jpeg,18,activacion,1x144x56x56,1.434292
83,0,imagen.jpeg,19,depthwise_conv,1x144x56x56,5.061738
83,0,imagen.jpeg,20,batchnorm,1x144x56x56,0.990523
83,0,imagen.jpeg,21,activacion,1x144x56x56,1.873791
83,0,imagen.jpeg,22,pointwise_conv,1x144x56x56,9.652758
83,0,imagen.jpeg,23,batchnorm,1x24x56x56,0.078245
83,0,imagen.jpeg,24,layer_add,1x24x56x56,0.045993
83,0,imagen.jpeg,25,pointwise_conv,1x24x56x56,7.122201
83,0,imagen.jpeg,26,batchnorm,1x144x56x56,0.499877
83,0,imagen.jpeg,27,activacion,1x144x56x56,1.725086
83,0,imagen.jpeg,28,depthwise_conv,1x144x56x56,2.003011
83,0,imagen.jpeg,29,batchnorm,1x144x28x28,0.133072
83,0,imagen.jpeg,30,activacion,1x144x28x28,0.416063
83,0,imagen.jpeg,31,pointwise_conv,1x144x28x28,2.248284
83,0,imagen.jpeg,32,batchnorm,1x32x28x28,0.025864
83,0,imagen.jpeg,33,pointwise_conv,1x32x28x28,2.982874
83,0,imagen.jpeg,34,batchnorm,1x192x28x28,0.153045
83,0,imagen.jpeg,35,activacion,1x192x28x28,0.434717
83,0,imagen.jpeg,36,depthwise_conv,1x192x28x28,2.267407
83,0,imagen.jpeg,37,batchnorm,1x192x28x28,0.159033
83,0,imagen.jpeg,38,activacion,1x192x28x28,0.589113
83,0,imagen.jpeg,39,pointwise_conv,1x192x28x28,3.27385
83,0,imagen.jpeg,40,batchnorm,1x32x28x28,0.026417
83,0,imagen.jpeg,41,layer_add,1x32x28x28,0.015161
83,0,imagen.jpeg,42,pointwise_conv,1x32x28x28,3.60835
83,0,imagen.jpeg,43,batchnorm,1x192x28x28,0.180452
83,0,imagen.jpeg,44,activacion,1x192x28x28,0.498235
83,0,imagen.jpeg,45,depthwise_conv,1x192x28x28,1.721052
83,0,imagen.jpeg,46,batchnorm,1x192x28x28,0.191931
83,0,imagen.jpeg,47,activacion,1x192x28x28,0.583817
83,0,imagen.jpeg,48,pointwise_conv,1x192x28x28,3.012895
83,0,imagen.jpeg,49,batchnorm,1x32x28x28,0.024915
83,0,imagen.jpeg,50,layer_add,1x32x28x28,0.015134
83,0,imagen.jpeg,51,pointwise_conv,1x32x28x28,2.991082
83,0,imagen.jpeg,52,batchnorm,1x192x28x28,0.14996
83,0,imagen.jpeg,53,activacion,1x192x28x28,0.551314
83,0,imagen.jpeg,54,depthwise_conv,1x192x28x28,0.436199
83,0,imagen.jpeg,55,batchnorm,1x192x14x14,0.037973
83,0,imagen.jpeg,56,activacion,1x192x14x14,0.117789
83,0,imagen.jpeg,57,pointwise_conv,1x192x14x14,1.845763
83,0,imagen.jpeg,58,batchnorm,1x64x14x14,0.013274
83,0,imagen.jpeg,59,pointwise_conv,1x64x14x14,3.574114
83,0,imagen.jpeg,60,batchnorm,1x384x14x14,0.118849
83,0,imagen.jpeg,61,activacion,1x384x14x14,0.226619
83,0,imagen.jpeg,62,depthwise_conv,1x384x14x14,0.870463
83,0,imagen.jpeg,63,batchnorm,1x384x14x14,0.079467
83,0,imagen.jpeg,64,activacion,1x384x14x14,0.300942
83,0,imagen.jpeg,65,pointwise_conv,1x384x14x14,3.060385
83,0,imagen.jpeg,66,batchnorm,1x64x14x14,0.013373
83,0,imagen.jpeg,67,layer_add,1x64x14x14,0.0079
83,0,imagen.jpeg,68,pointwise_conv,1x64x14x14,3.212883
83,0,imagen.jpeg,69,batchnorm,1x384x14x14,0.08007
83,0,imagen.jpeg,70,activacion,1x384x14x14,0.276137
83,0,imagen.jpeg,71,depthwise_conv,1x384x14x14,0.831226
83,0,imagen.jpeg,72,batchnorm,1x384x14x14,0.105765
83,0,imagen.jpeg,73,activacion,1x384x14x14,0.277851
83,0,imagen.jpeg,74,pointwise_conv,1x384x14x14,3.340619
83,0,imagen.jpeg,75,batchnorm,1x64x14x14,0.013447
83,0,imagen.jpeg,76,layer_add,1x64x14x14,0.008184
83,0,imagen.jpeg,77,pointwise_conv,1x64x14x14,4.948643
83,0,imagen.jpeg,78,batchnorm,1x384x14x14,0.082569
83,0,imagen.jpeg,79,activacion,1x384x14x14,0.29673
83,0,imagen.jpeg,80,depthwise_conv,1x384x14x14,0.855368
83,0,imagen.jpeg,81,batchnorm,1x384x14x14,0.160301
83,0,imagen.jpeg,82,activacion,1x384x14x14,0.257909
83,0,imagen.jpeg,83,pointwise_conv,1x384x14x14,2.998918
83,0,imagen.jpeg,84,batchnorm,1x64x14x14,0.012482
83,0,imagen.jpeg,85,layer_add,1x64x14x14,0.0072
83,0,imagen.jpeg,86,pointwise_conv,1x64x14x14,3.025559
83,0,imagen.jpeg,87,batchnorm,1x384x14x14,0.07104
83,0,imagen.jpeg,88,activacion,1x384x14x14,0.278831
83,0,imagen.jpeg,89,depthwise_conv,1x384x14x14,1.061539
83,0,imagen.jpeg,90,batchnorm,1x384x14x14,0.077052
83,0,imagen.jpeg,91,activacion,1x384x14x14,0.257606
83,0,imagen.jpeg,92,pointwise_conv,1x384x14x14,4.493823
83,0,imagen.jpeg,93,batchnorm,1x96x14x14,0.019066
83,0,imagen.jpeg,94,pointwise_conv,1x96x14x14,6.18185
83,0,imagen.jpeg,95,batchnorm,1x576x14x14,0.118059
83,0,imagen.jpeg,96,activacion,1x576x14x14,0.376416
83,0,imagen.jpeg,97,depthwise_conv,1x576x14x14,1.180887
83,0,imagen.jpeg,98,batchnorm,1x576x14x14,0.18171
83,0,imagen.jpeg,99,activacion,1x576x14x14,0.34681
83,0,imagen.jpeg,100,pointwise_conv,1x576x14x14,6.77751
83,0,imagen.jpeg,101,batchnorm,1x96x14x14,0.018324
83,0,imagen.jpeg,102,layer_add,1x96x14x14,0.014054
83,0,imagen.jpeg,103,pointwise_conv,1x96x14x14,6.231642
83,0,imagen.jpeg,104,batchnorm,1x576x14x14,0.104037
83,0,imagen.jpeg,105,activacion,1x576x14x14,0.402538
83,0,imagen.jpeg,106,depthwise_conv,1x576x14x14,1.141719
83,0,imagen.jpeg,107,batchnorm,1x576x14x14,0.166629
83,0,imagen.jpeg,108,activacion,1x576x14x14,0.312302
83,0,imagen.jpeg,109,pointwise_conv,1x576x14x14,6.732415
83,0,imagen.jpeg,110,batchnorm,1x96x14x14,0.020971
83,0,imagen.jpeg,111,layer_add,1x96x14x14,0.01154
83,0,imagen.jpeg,112,pointwise_conv,1x96x14x14,6.170069
83,0,imagen.jpeg,113,batchnorm,1x576x14x14,0.105359
83,0,imagen.jpeg,114,activacion,1x576x14x14,0.33526
83,0,imagen.jpeg,115,depthwise_conv,1x576x14x14,0.274067
83,0,imagen.jpeg,116,batchnorm,1x576x7x7,0.030317
83,0,imagen.jpeg,117,activacion,1x576x7x7,0.066568
83,0,imagen.jpeg,118,pointwise_conv,1x576x7x7,2.509628
83,0,imagen.jpeg,119,batchnorm,1x160x7x7,0.008678
83,0,imagen.jpeg,120,pointwise_conv,1x160x7x7,4.482455
83,0,imagen.jpeg,121,batchnorm,1x960x7x7,0.048337
83,0,imagen.jpeg,122,activacion,1x960x7x7,0.168613
83,0,imagen.jpeg,123,depthwise_conv,1x960x7x7,0.451974
83,0,imagen.jpeg,124,batchnorm,1x960x7x7,0.043741
83,0,imagen.jpeg,125,activacion,1x960x7x7,0.143223
83,0,imagen.jpeg,126,pointwise_conv,1x960x7x7,5.864163
83,0,imagen.jpeg,127,batchnorm,1x160x7x7,0.007746
83,0,imagen.jpeg,128,layer_add,1x160x7x7,0.004222
83,0,imagen.jpeg,129,pointwise_conv,1x160x7x7,4.17925
83,0,imagen.jpeg,130,batchnorm,1x960x7x7,0.044732
83,0,imagen.jpeg,131,activacion,1x960x7x7,0.146646
83,0,imagen.jpeg,132,depthwise_conv,1x960x7x7,0.440062
83,0,imagen.jpeg,133,batchnorm,1x960x7x7,0.055736
83,0,imagen.jpeg,134,activacion,1x960x7x7,0.129471
83,0,imagen.jpeg,135,pointwise_conv,1x960x7x7,4.500373
83,0,imagen.jpeg,136,batchnorm,1x160x7x7,0.008378
83,0,imagen.jpeg,137,layer_add,1x160x7x7,0.004604
83,0,imagen.jpeg,138,pointwise_conv,1x160x7x7,4.791664
83,0,imagen.jpeg,139,batchnorm,1x960x7x7,0.048732
83,0,imagen.jpeg,140,activacion,1x960x7x7,0.120088
83,0,imagen.jpeg,141,depthwise_conv,1x960x7x7,0.457309
83,0,imagen.jpeg,142,batchnorm,1x960x7x7,0.049585
83,0,imagen.jpeg,143,activacion,1x960x7x7,0.092276
83,0,imagen.jpeg,144,pointwise_conv,1x960x7x7,8.578764
83,0,imagen.jpeg,145,batchnorm,1x320x7x7,0.015518
83,0,imagen.jpeg,146,pointwise_conv,1x320x7x7,11.197335
83,0,imagen.jpeg,147,batchnorm,1x1280x7x7,0.060083
83,0,imagen.jpeg,148,activacion,1x1280x7x7,0.220544
83,0,imagen.jpeg,149,pooling,1x1280x7x7,0.039044
83,0,imagen.jpeg,150,linear,1x1280,1.453258
84,0,imagen.jpeg,0,conv2d,1x3x224x224,12.249748
84,0,imagen.jpeg,1,batchnorm,1x32x112x112,0.527182
84,0,imagen.jpeg,2,activacion,1x32x112x112,0.761701
84,0,imagen.jpeg,3,depthwise_conv,1x32x112x112,4.14601
84,0,imagen.jpeg,4,batchnorm,1x32x112x112,2.323399
84,0,imagen.jpeg,5,activacion,1x32x112x112,0.755212
84,0,imagen.jpeg,6,pointwise_conv,1x32x112x112,3.595507
84,0,imagen.jpeg,7,batchnorm,1x16x112x112,0.171039
84,0,imagen.jpeg,8,pointwise_conv,1x16x112x112,11.921928
84,0,imagen.jpeg,9,batchnorm,1x96x112x112,2.124629
84,0,imagen.jpeg,10,activacion,1x96x112x112,3.357981
84,0,imagen.jpeg,11,depthwise_conv,1x96x112x112,3.14313
84,0,imagen.jpeg,12,batchnorm,1x96x56x56,0.385678
84,0,imagen.jpeg,13,activacion,1x96x56x56,1.022942
84,0,imagen.jpeg,14,pointwise_conv,1x96x56x56,4.054854
84,0,imagen.jpeg,15,batchnorm,1x24x56x56,0.064166
84,0,imagen.jpeg,16,pointwise_conv,1x24x56x56,10.050525
84,0,imagen.jpeg,17,batchnorm,1x144x56x56,1.367386
84,0,imagen.jpeg,18,activacion,1x144x56x56,1.577761
84,0,imagen.jpeg,19,depthwise_conv,1x144x56x56,8.02469
84,0,imagen.jpeg,20,batchnorm,1x144x56x56,0.986992
84,0,imagen.jpeg,21,activacion,1x144x56x56,1.660445
84,0,imagen.jpeg,22,pointwise_conv,1x144x56x56,6.119003
84,0,imagen.jpeg,23,batchnorm,1x24x56x56,0.069306
84,0,imagen.jpeg,24,layer_add,1x24x56x56,0.041538
84,0,imagen.jpeg,25,pointwise_conv,1x24x56x56,6.027065
84,0,imagen.jpeg,26,batchnorm,1x144x56x56,0.451633
84,0,imagen.jpeg,27,activacion,1x144x56x56,1.539816
84,0,imagen.jpeg,28,depthwise_conv,1x144x56x56,1.136612
84,0,imagen.jpeg,29,batchnorm,1x144x28x28,0.103362
84,0,imagen.jpeg,30,activacion,1x144x28x28,0.354083
84,0,imagen.jpeg,31,pointwise_conv,1x144x28x28,2.063421
84,0,imagen.jpeg,32,batchnorm,1x32x28x28,0.022864
84,0,imagen.jpeg,33,pointwise_conv,1x32x28x28,2.833025
84,0,imagen.jpeg,34,batchnorm,1x192x28x28,0.138575
84,0,imagen.jpeg,35,activacion,1x192x28x28,0.368684
84,0,imagen.jpeg,36,depthwise_conv,1x192x28x28,1.553704
84,0,imagen.jpeg,37,batchnorm,1x192x28x28,0.139929
84,0,imagen.jpeg,38,activacion,1x192x28x28,0.537808
84,0,imagen.jpeg,39,pointwise_conv,1x192x28x28,2.68106
84,0,imagen.jpeg,40,batchnorm,1x32x28x28,0.021846
84,0,imagen.jpeg,41,layer_add,1x32x28x28,0.013747
84,0,imagen.jpeg,42,pointwise_conv,1x32x28x28,2.918808
84,0,imagen.jpeg,43,batchnorm,1x192x28x28,0.13916
84,0,imagen.jpeg,44,activacion,1x192x28x28,0.49248
84,0,imagen.jpeg,45,depthwise_conv,1x192x28x28,1.501981
84,0,imagen.jpeg,46,batchnorm,1x192x28x28,0.154567
84,0,imagen.jpeg,47,activacion,1x192x28x28,0.504752
84,0,imagen.jpeg,48,pointwise_conv,1x192x28x28,2.609169
84,0,imagen.jpeg,49,batchnorm,1x32x28x28,0.020619
84,0,imagen.jpeg,50,layer_add,1x32x28x28,0.012675
84,0,imagen.jpeg,51,pointwise_conv,1x32x28x28,2.762764
84,0,imagen.jpeg,52,batchnorm,1x192x28x28,0.151216
84,0,imagen.jpeg,53,activacion,1x192x28x28,0.571357
84,0,imagen.jpeg,54,depthwise_conv,1x192x28x28,0.404941
84,0,imagen.jpeg,55,batchnorm,1x192x14x14,0.033043
84,0,imagen.jpeg,56,activacion,1x192x14x14,0.096849
84,0,imagen.jpeg,57,pointwise_conv,1x192x14x14,1.37169
84,0,imagen.jpeg,58,batchnorm,1x64x14x14,0.011683
84,0,imagen.jpeg,59,pointwise_conv,1x64x14x14,2.868614
84,0,imagen.jpeg,60,batchnorm,1x384x14x14,0.078927
84,0,imagen.jpeg,61,activacion,1x384x14x14,0.20256
84,0,imagen.jpeg,62,depthwise_conv,1x384x14x14,0.783798
84,0,imagen.jpeg,63,batchnorm,1x384x14x14,0.069476
84,0,imagen.jpeg,64,activacion,1x384x14x14,0.281304
84,0,imagen.jpeg,65,pointwise_conv,1x384x14x14,2.819796
84,0,imagen.jpeg,66,batchnorm,1x64x14x14,0.011918
84,0,imagen.jpeg,67,layer_add,1x64x14x14,0.007609
84,0,imagen.jpeg,68,pointwise_conv,1x64x14x14,2.721151
84,0,imagen.jpeg,69,batchnorm,1x384x14x14,0.064027
84,0,imagen.jpeg,70,activacion,1x384x14x14,0.2695
84,0,imagen.jpeg,71,depthwise_conv,1x384x14x14,0.752691
84,0,imagen.jpeg,72,batchnorm,1x384x14x14,0.095221
84,0,imagen.jpeg,73,activacion,1x384x14x14,0.248648
84,0,imagen.jpeg,74,pointwise_conv,1x384x14x14,2.821224
84,0,imagen.jpeg,75,batchnorm,1x64x14x14,0.012612
84,0,imagen.jpeg,76,layer_add,1x64x14x14,0.007202
84,0,imagen.jpeg,77,pointwise_conv,1x64x14x14,2.804875
84,0,imagen.jpeg,78,batchnorm,1x384x14x14,0.06973
84,0,imagen.jpeg,79,activacion,1x384x14x14,0.259454
84,0,imagen.jpeg,80,depthwise_conv,1x384x14x14,0.768753
84,0,imagen.jpeg,81,batchnorm,1x384x14x14,0.143007
84,0,imagen.jpeg,82,activacion,1x384x14x14,0.230872
84,0,imagen.jpeg,83,pointwise_conv,1x384x14x14,2.682848
84,0,imagen.jpeg,84,batchnorm,1x64x14x14,0.011035
84,0,imagen.jpeg,85,layer_add,1x64x14x14,0.005871
84,0,imagen.jpeg,86,pointwise_conv,1x64x14x14,2.724285
84,0,imagen.jpeg,87,batchnorm,1x384x14x14,0.063598
84,0,imagen.jpeg,88,activacion,1x384x14x14,0.261531
84,0,imagen.jpeg,89,depthwise_conv,1x384x14x14,0.751733
84,0,imagen.jpeg,90,batchnorm,1x384x14x14,0.065312
84,0,imagen.jpeg,91,activacion,1x384x14x14,0.239054
84,0,imagen.jpeg,92,pointwise_conv,1x384x14x14,4.092126
84,0,imagen.jpeg,93,batchnorm,1x96x14x14,0.02035
84,0,imagen.jpeg,94,pointwise_conv,1x96x14x14,7.60147
84,0,imagen.jpeg,95,batchnorm,1x576x14x14,0.114091
84,0,imagen.jpeg,96,activacion,1x576x14x14,0.371108
84,0,imagen.jpeg,97,depthwise_conv,1x576x14x14,1.170993
84,0,imagen.jpeg,98,batchnorm,1x576x14x14,0.177808
84,0,imagen.jpeg,99,activacion,1x576x14x14,0.340417
84,0,imagen.jpeg,100,pointwise_conv,1x576x14x14,6.218751
84,0,imagen.jpeg,101,batchnorm,1x96x14x14,0.018075
84,0,imagen.jpeg,102,layer_add,1x96x14x14,0.013021
84,0,imagen.jpeg,103,pointwise_conv,1x96x14x14,6.283283
84,0,imagen.jpeg,104,batchnorm,1x576x14x14,0.10489
84,0,imagen.jpeg,105,activacion,1x576x14x14,0.398635
84,0,imagen.jpeg,106,depthwise_conv,1x576x14x14,1.139247
84,0,imagen.jpeg,107,batchnorm,1x576x14x14,0.162453
84,0,imagen.jpeg,108,activacion,1x576x14x14,0.312604
84,0,imagen.jpeg,109,pointwise_conv,1x576x14x14,6.087839
84,0,imagen.jpeg,110,batchnorm,1x96x14x14,0.017146
84,0,imagen.jpeg,111,layer_add,1x96x14x14,0.010922
84,0,imagen.jpeg,112,pointwise_conv,1x96x14x14,6.199522
84,0,imagen.jpeg,113,batchnorm,1x576x14x14,0.106481
84,0,imagen.jpeg,114,activacion,1x576x14x14,0.306134
84,0,imagen.jpeg,115,depthwise_conv,1x576x14x14,0.298724
84,0,imagen.jpeg,116,batchnorm,1x576x7x7,0.029234
84,0,imagen.jpeg,117,activacion,1x576x7x7,0.063302
84,0,imagen.jpeg,118,pointwise_conv,1x576x7x7,2.769518
84,0,imagen.jpeg,119,batchnorm,1x160x7x7,0.007911
84,0,imagen.jpeg,120,pointwise_conv,1x160x7x7,5.019859
84,0,imagen.jpeg,121,batchnorm,1x960x7x7,0.04375
84,0,imagen.jpeg,122,activacion,1x960x7x7,0.150056
84,0,imagen.jpeg,123,depthwise_conv,1x960x7x7,0.429098
84,0,imagen.jpeg,124,batchnorm,1x960x7x7,0.042508
84,0,imagen.jpeg,125,activacion,1x960x7x7,0.141485
84,0,imagen.jpeg,126,pointwise_conv,1x960x7x7,4.197307
84,0,imagen.jpeg,127,batchnorm,1x160x7x7,0.008259
84,0,imagen.jpeg,128,layer_add,1x160x7x7,0.004648
84,0,imagen.jpeg,129,pointwise_conv,1x160x7x7,4.086414
84,0,imagen.jpeg,130,batchnorm,1x960x7x7,0.04382
84,0,imagen.jpeg,131,activacion,1x960x7x7,0.143751
84,0,imagen.jpeg,132,depthwise_conv,1x960x7x7,0.429729
84,0,imagen.jpeg,133,batchnorm,1x960x7x7,0.0527
84,0,imagen.jpeg,134,activacion,1x960x7x7,0.136492
84,0,imagen.jpeg,135,pointwise_conv,1x960x7x7,3.996511
84,0,imagen.jpeg,136,batchnorm,1x160x7x7,0.007586
84,0,imagen.jpeg,137,layer_add,1x160x7x7,0.004163
84,0,imagen.jpeg,138,pointwise_conv,1x160x7x7,4.043889
84,0,imagen.jpeg,139,batchnorm,1x960x7x7,0.04725
84,0,imagen.jpeg,140,activacion,1x960x7x7,0.12101
84,0,imagen.jpeg,141,depthwise_conv,1x960x7x7,0.423608
84,0,imagen.jpeg,142,batchnorm,1x960x7x7,0.047
84,0,imagen.jpeg,143,activacion,1x960x7x7,0.089165
84,0,imagen.jpeg,144,pointwise_conv,1x960x7x7,8.136039
84,0,imagen.jpeg,145,batchnorm,1x320x7x7,0.015163
84,0,imagen.jpeg,146,pointwise_conv,1x320x7x7,10.861785
84,0,imagen.jpeg,147,batchnorm,1x1280x7x7,0.069168
84,0,imagen.jpeg,148,activacion,1x1280x7x7,0.186727
84,0,imagen.jpeg,149,pooling,1x1280x7x7,0.040263
84,0,imagen.jpeg,150,linear,1x1280,1.445237
85,0,imagen.jpeg,0,conv2d,1x3x224x224,12.472616
85,0,imagen.jpeg,1,batchnorm,1x32x112x112,0.416039
85,0,imagen.jpeg,2,activacion,1x32x112x112,0.690674
85,0,imagen.jpeg,3,depthwise_conv,1x32x112x112,3.987528
85,0,imagen.jpeg,4,batchnorm,1x32x112x112,2.375198
85,0,imagen.jpeg,5,activacion,1x32x112x112,0.749477
85,0,imagen.jpeg,6,pointwise_conv,1x32x112x112,3.834588
85,0,imagen.jpeg,7,batchnorm,1x16x112x112,0.198874
85,0,imagen.jpeg,8,pointwise_conv,1x16x112x112,11.562726
85,0,imagen.jpeg,9,batchnorm,1x96x112x112,2.313446
85,0,imagen.jpeg,10,activacion,1x96x112x112,3.458321
85,0,imagen.jpeg,11,depthwise_conv,1x96x112x112,3.128064
85,0,imagen.jpeg,12,batchnorm,1x96x56x56,0.278577
85,0,imagen.jpeg,13,activacion,1x96x56x56,1.001693
85,0,imagen.jpeg,14,pointwise_conv,1x96x56x56,3.883006
85,0,imagen.jpeg,15,batchnorm,1x24x56x56,0.062004
85,0,imagen.jpeg,16,pointwise_conv,1x24x56x56,6.592778
85,0,imagen.jpeg,17,batchnorm,1x144x56x56,0.873494
85,0,imagen.jpeg,18,activacion,1x144x56x56,1.270057
85,0,imagen.jpeg,19,depthwise_conv,1x144x56x56,4.419276
85,0,imagen.jpeg,20,batchnorm,1x144x56x56,0.915968
85,0,imagen.jpeg,21,activacion,1x144x56x56,1.601748
85,0,imagen.jpeg,22,pointwise_conv,1x144x56x56,6.59367
85,0,imagen.jpeg,23,batchnorm,1x24x56x56,0.06869
85,0,imagen.jpeg,24,layer_add,1x24x56x56,0.04086
85,0,imagen.jpeg,25,pointwise_conv,1x24x56x56,6.016166
85,0,imagen.jpeg,26,batchnorm,1x144x56x56,0.431197
85,0,imagen.jpeg,27,activacion,1x144x56x56,1.526211
85,0,imagen.jpeg,28,depthwise_conv,1x144x56x56,1.160249
85,0,imagen.jpeg,29,batchnorm,1x144x28x28,0.098692
85,0,imagen.jpeg,30,activacion,1x144x28x28,0.352726
85,0,imagen.jpeg,31,pointwise_conv,1x144x28x28,2.02853
85,0,imagen.jpeg,32,batchnorm,1x32x28x28,0.022185
85,0,imagen.jpeg,33,pointwise_conv,1x32x28x28,2.832432
85,0,imagen.jpeg,34,batchnorm,1x192x28x28,0.142722
85,0,imagen.jpeg,35,activacion,1x192x28x28,0.380793
85,0,imagen.jpeg,36,depthwise_conv,1x192x28x28,1.539521
85,0,imagen.jpeg,37,batchnorm,1x192x28x28,0.141065
85,0,imagen.jpeg,38,activacion,1x192x28x28,0.534139
85,0,imagen.jpeg,39,pointwise_conv,1x192x28x28,2.628277
85,0,imagen.jpeg,40,batchnorm,1x32x28x28,0.02059
85,0,imagen.jpeg,41,layer_add,1x32x28x28,0.013588
85,0,imagen.jpeg,42,pointwise_conv,1x32x28x28,2.65484
85,0,imagen.jpeg,43,batchnorm,1x192x28x28,0.137854
85,0,imagen.jpeg,44,activacion,1x192x28x28,0.428249
85,0,imagen.jpeg,45,depthwise_conv,1x192x28x28,1.501078
85,0,imagen.jpeg,46,batchnorm,1x192x28x28,0.125628
85,0,imagen.jpeg,47,activacion,1x192x28x28,0.498244
85,0,imagen.jpeg,48,pointwise_conv,1x192x28x28,2.632613
85,0,imagen.jpeg,49,batchnorm,1x32x28x28,0.02044
85,0,imagen.jpeg,50,layer_add,1x32x28x28,0.011439
85,0,imagen.jpeg,51,pointwise_conv,1x32x28x28,2.719143
85,0,imagen.jpeg,52,batchnorm,1x192x28x28,0.166635
85,0,imagen.jpeg,53,activacion,1x192x28x28,0.532916
85,0,imagen.jpeg,54,depthwise_conv,1x192x28x28,0.386841
85,0,imagen.jpeg,55,batchnorm,1x192x14x14,0.038111
85,0,imagen.jpeg,56,activacion,1x192x14x14,0.096233
85,0,imagen.jpeg,57,pointwise_conv,1x192x14x14,1.875258
85,0,imagen.jpeg,58,batchnorm,1x64x14x14,0.018843
85,0,imagen.jpeg,59,pointwise_conv,1x64x14x14,3.478928
85,0,imagen.jpeg,60,batchnorm,1x384x14x14,0.073837
85,0,imagen.jpeg,61,activacion,1x384x14x14,0.205528
85,0,imagen.jpeg,62,depthwise_conv,1x384x14x14,0.763044
85,0,imagen.jpeg,63,batchnorm,1x384x14x14,0.067406
85,0,imagen.jpeg,64,activacion,1x384x14x14,0.269595
85,0,imagen.jpeg,65,pointwise_conv,1x384x14x14,2.686307
85,0,imagen.jpeg,66,batchnorm,1x64x14x14,0.01105
85,0,imagen.jpeg,67,layer_add,1x64x14x14,0.006305
85,0,imagen.jpeg,68,pointwise_conv,1x64x14x14,2.805198
85,0,imagen.jpeg,69,batchnorm,1x384x14x14,0.079476
85,0,imagen.jpeg,70,activacion,1x384x14x14,0.267824
85,0,imagen.jpeg,71,depthwise_conv,1x384x14x14,1.22824
85,0,imagen.jpeg,72,batchnorm,1x384x14x14,0.160362
85,0,imagen.jpeg,73,activacion,1x384x14x14,0.313646
85,0,imagen.jpeg,74,pointwise_conv,1x384x14x14,5.006051
85,0,imagen.jpeg,75,batchnorm,1x64x14x14,0.020738
85,0,imagen.jpeg,76,layer_add,1x64x14x14,0.01136
85,0,imagen.jpeg,77,pointwise_conv,1x64x14x14,5.038038
85,0,imagen.jpeg,78,batchnorm,1x384x14x14,0.118425
85,0,imagen.jpeg,79,activacion,1x384x14x14,0.314761
85,0,imagen.jpeg,80,depthwise_conv,1x384x14x14,1.309764
85,0,imagen.jpeg,81,batchnorm,1x384x14x14,0.21981
85,0,imagen.jpeg,82,activacion,1x384x14x14,0.280839
85,0,imagen.jpeg,83,pointwise_conv,1x384x14x14,4.955903
85,0,imagen.jpeg,84,batchnorm,1x64x14x14,0.018748
85,0,imagen.jpeg,85,layer_add,1x64x14x14,0.011602
85,0,imagen.jpeg,86,pointwise_conv,1x64x14x14,5.031492
85,0,imagen.jpeg,87,batchnorm,1x384x14x14,0.114304
85,0,imagen.jpeg,88,activacion,1x384x14x14,0.315232
85,0,imagen.jpeg,89,depthwise_conv,1x384x14x14,0.923094
85,0,imagen.jpeg,90,batchnorm,1x384x14x14,0.070123
85,0,imagen.jpeg,91,activacion,1x384x14x14,0.250619
85,0,imagen.jpeg,92,pointwise_conv,1x384x14x14,4.109505
85,0,imagen.jpeg,93,batchnorm,1x96x14x14,0.015975
85,0,imagen.jpeg,94,pointwise_conv,1x96x14x14,6.479916
85,0,imagen.jpeg,95,batchnorm,1x576x14x14,0.108711
85,0,imagen.jpeg,96,activacion,1x576x14x14,0.378183
85,0,imagen.jpeg,97,depthwise_conv,1x576x14x14,1.193413
85,0,imagen.jpeg,98,batchnorm,1x576x14x14,0.183587
85,0,imagen.jpeg,99,activacion,1x576x14x14,0.356763
85,0,imagen.jpeg,100,pointwise_conv,1x576x14x14,6.13128
85,0,imagen.jpeg,101,batchnorm,1x96x14x14,0.0163
85,0,imagen.jpeg,102,layer_add,1x96x14x14,0.01285
85,0,imagen.jpeg,103,pointwise_conv,1x96x14x14,6.316202
85,0,imagen.jpeg,104,batchnorm,1x576x14x14,0.110125
85,0,imagen.jpeg,105,activacion,1x576x14x14,0.401252
85,0,imagen.jpeg,106,depthwise_conv,1x576x14x14,1.128607
85,0,imagen.jpeg,107,batchnorm,1x576x14x14,0.158139
85,0,imagen.jpeg,108,activacion,1x576x14x14,0.327634
85,0,imagen.jpeg,109,pointwise_conv,1x576x14x14,6.091014
85,0,imagen.jpeg,110,batchnorm,1x96x14x14,0.016958
85,0,imagen.jpeg,111,layer_add,1x96x14x14,0.010583
85,0,imagen.jpeg,112,pointwise_conv,1x96x14x14,5.949206
85,0,imagen.jpeg,113,batchnorm,1x576x14x14,0.098271
85,0,imagen.jpeg,114,activacion,1x576x14x14,0.333416
85,0,imagen.jpeg,115,depthwise_conv,1x576x14x14,0.29374
85,0,imagen.jpeg,116,batchnorm,1x576x7x7,0.048769
85,0,imagen.jpeg,117,activacion,1x576x7x7,0.066646
85,0,imagen.jpeg,118,pointwise_conv,1x576x7x7,2.490109
85,0,imagen.jpeg,119,batchnorm,1x160x7x7,0.007434
85,0,imagen.jpeg,120,pointwise_conv,1x160x7x7,4.168679
85,0,imagen.jpeg,121,batchnorm,1x960x7x7,0.045035
85,0,imagen.jpeg,122,activacion,1x960x7x7,0.152612
85,0,imagen.jpeg,123,depthwise_conv,1x960x7x7,0.42359
85,0,imagen.jpeg,124,batchnorm,1x960x7x7,0.04384
85,0,imagen.jpeg,125,activacion,1x960x7x7,0.141985
85,0,imagen.jpeg,126,pointwise_conv,1x960x7x7,4.026377
85,0,imagen.jpeg,127,batchnorm,1x160x7x7,0.007389
85,0,imagen.jpeg,128,layer_add,1x160x7x7,0.004029
85,0,imagen.jpeg,129,pointwise_conv,1x160x7x7,4.156323
85,0,imagen.jpeg,130,batchnorm,1x960x7x7,0.048001
85,0,imagen.jpeg,131,activacion,1x960x7x7,0.139924
85,0,imagen.jpeg,132,depthwise_conv,1x960x7x7,0.411759
85,0,imagen.jpeg,133,batchnorm,1x960x7x7,0.052528
85,0,imagen.jpeg,134,activacion,1x960x7x7,0.151664
85,0,imagen.jpeg,135,pointwise_conv,1x960x7x7,4.005048
85,0,imagen.jpeg,136,batchnorm,1x160x7x7,0.007557
85,0,imagen.jpeg,137,layer_add,1x160x7x7,0.004637
85,0,imagen.jpeg,138,pointwise_conv,1x160x7x7,4.040463
85,0,imagen.jpeg,139,batchnorm,1x960x7x7,0.043635
85,0,imagen.jpeg,140,activacion,1x960x7x7,0.114682
85,0,imagen.jpeg,141,depthwise_conv,1x960x7x7,0.425884
85,0,imagen.jpeg,142,batchnorm,1x960x7x7,0.047911
85,0,imagen.jpeg,143,activacion,1x960x7x7,0.093438
85,0,imagen.jpeg,144,pointwise_conv,1x960x7x7,8.20589
85,0,imagen.jpeg,145,batchnorm,1x320x7x7,0.016116
85,0,imagen.jpeg,146,pointwise_conv,1x320x7x7,12.961819
85,0,imagen.jpeg,147,batchnorm,1x1280x7x7,0.066759
85,0,imagen.jpeg,148,activacion,1x1280x7x7,0.186662
85,0,imagen.jpeg,149,pooling,1x1280x7x7,0.040233
85,0,imagen.jpeg,150,linear,1x1280,1.44227
86,0,imagen.jpeg,0,conv2d,1x3x224x224,13.464716
86,0,imagen.jpeg,1,batchnorm,1x32x112x112,0.406406
86,0,imagen.jpeg,2,activacion,1x32x112x112,0.645472
86,0,imagen.jpeg,3,depthwise_conv,1x32x112x112,4.216888
86,0,imagen.jpeg,4,batchnorm,1x32x112x112,2.392354
86,0,imagen.jpeg,5,activacion,1x32x112x112,0.781477
86,0,imagen.jpeg,6,pointwise_conv,1x32x112x112,3.569735
86,0,imagen.jpeg,7,batchnorm,1x16x112x112,0.171761
86,0,imagen.jpeg,8,pointwise_conv,1x16x112x112,11.757175
86,0,imagen.jpeg,9,batchnorm,1x96x112x112,2.215367
86,0,imagen.jpeg,10,activacion,1x96x112x112,3.46937
86,0,imagen.jpeg,11,depthwise_conv,1x96x112x112,3.415607
86,0,imagen.jpeg,12,batchnorm,1x96x56x56,0.355618
86,0,imagen.jpeg,13,activacion,1x96x56x56,1.055809
86,0,imagen.jpeg,14,pointwise_conv,1x96x56x56,3.998471
86,0,imagen.jpeg,15,batchnorm,1x24x56x56,0.06423
86,0,imagen.jpeg,16,pointwise_conv,1x24x56x56,6.662949
86,0,imagen.jpeg,17,batchnorm,1x144x56x56,0.902026
86,0,imagen.jpeg,18,activacion,1x144x56x56,1.299006
86,0,imagen.jpeg,19,depthwise_conv,1x144x56x56,4.710997
86,0,imagen.jpeg,20,batchnorm,1x144x56x56,0.926545
86,0,imagen.jpeg,21,activacion,1x144x56x56,1.660433
86,0,imagen.jpeg,22,pointwise_conv,1x144x56x56,5.926696
86,0,imagen.jpeg,23,batchnorm,1x24x56x56,0.062758
86,0,imagen.jpeg,24,layer_add,1x24x56x56,0.059561
86,0,imagen.jpeg,25,pointwise_conv,1x24x56x56,6.375617
86,0,imagen.jpeg,26,batchnorm,1x144x56x56,0.523449
86,0,imagen.jpeg,27,activacion,1x144x56x56,1.611299
86,0,imagen.jpeg,28,depthwise_conv,1x144x56x56,1.173218
86,0,imagen.jpeg,29,batchnorm,1x144x28x28,0.101501
86,0,imagen.jpeg,30,activacion,1x144x28x28,0.3626
86,0,imagen.jpeg,31,pointwise_conv,1x144x28x28,2.030939
86,0,imagen.jpeg,32,batchnorm,1x32x28x28,0.021729
86,0,imagen.jpeg,33,pointwise_conv,1x32x28x28,2.715545
86,0,imagen.jpeg,34,batchnorm,1x192x28x28,0.134011
86,0,imagen.jpeg,35,activacion,1x192x28x28,0.379562
86,0,imagen.jpeg,36,depthwise_conv,1x192x28x28,1.487953
86,0,imagen.jpeg,37,batchnorm,1x192x28x28,0.150533
86,0,imagen.jpeg,38,activacion,1x192x28x28,0.517743
86,0,imagen.jpeg,39,pointwise_conv,1x192x28x28,2.625321
86,0,imagen.jpeg,40,batchnorm,1x32x28x28,0.021855
86,0,imagen.jpeg,41,layer_add,1x32x28x28,0.014246
86,0,imagen.jpeg,42,pointwise_conv,1x32x28x28,2.779692
86,0,imagen.jpeg,43,batchnorm,1x192x28x28,0.141564
86,0,imagen.jpeg,44,activacion,1x192x28x28,0.452328
86,0,imagen.jpeg,45,depthwise_conv,1x192x28x28,1.529447
86,0,imagen.jpeg,46,batchnorm,1x192x28x28,0.135768
86,0,imagen.jpeg,47,activacion,1x192x28x28,0.527951
86,0,imagen.jpeg,48,pointwise_conv,1x192x28x28,2.641779
86,0,imagen.jpeg,49,batchnorm,1x32x28x28,0.021141
86,0,imagen.jpeg,50,layer_add,1x32x28x28,0.013388
86,0,imagen.jpeg,51,pointwise_conv,1x32x28x28,2.658114
86,0,imagen.jpeg,52,batchnorm,1x192x28x28,0.125658
86,0,imagen.jpeg,53,activacion,1x192x28x28,0.527311
86,0,imagen.jpeg,54,depthwise_conv,1x192x28x28,0.384106
86,0,imagen.jpeg,55,batchnorm,1x192x14x14,0.040227
86,0,imagen.jpeg,56,activacion,1x192x14x14,0.099312
86,0,imagen.jpeg,57,pointwise_conv,1x192x14x14,1.36188
86,0,imagen.jpeg,58,batchnorm,1x64x14x14,0.011746
86,0,imagen.jpeg,59,pointwise_conv,1x64x14x14,2.710965
86,0,imagen.jpeg,60,batchnorm,1x384x14x14,0.079372
86,0,imagen.jpeg,61,activacion,1x384x14x14,0.19076
86,0,imagen.jpeg,62,depthwise_conv,1x384x14x14,0.839605
86,0,imagen.jpeg,63,batchnorm,1x384x14x14,0.083975
86,0,imagen.jpeg,64,activacion,1x384x14x14,0.268186
86,0,imagen.jpeg,65,pointwise_conv,1x384x14x14,2.759294
86,0,imagen.jpeg,66,batchnorm,1x64x14x14,0.011411
86,0,imagen.jpeg,67,layer_add,1x64x14x14,0.007194
86,0,imagen.jpeg,68,pointwise_conv,1x64x14x14,2.83257
86,0,imagen.jpeg,69,batchnorm,1x384x14x14,0.07345
86,0,imagen.jpeg,70,activacion,1x384x14x14,0.237465
86,0,imagen.jpeg,71,depthwise_conv,1x384x14x14,0.78755
86,0,imagen.jpeg,72,batchnorm,1x384x14x14,0.100565
86,0,imagen.jpeg,73,activacion,1x384x14x14,0.250665
86,0,imagen.jpeg,74,pointwise_conv,1x384x14x14,2.689852
86,0,imagen.jpeg,75,batchnorm,1x64x14x14,0.011434
86,0,imagen.jpeg,76,layer_add,1x64x14x14,0.007623
86,0,imagen.jpeg,77,pointwise_conv,1x64x14x14,2.748706
86,0,imagen.jpeg,78,batchnorm,1x384x14x14,0.069868
86,0,imagen.jpeg,79,activacion,1x384x14x14,0.259678
86,0,imagen.jpeg,80,depthwise_conv,1x384x14x14,0.771083
86,0,imagen.jpeg,81,batchnorm,1x384x14x14,0.143026
86,0,imagen.jpeg,82,activacion,1x384x14x14,0.230882
86,0,imagen.jpeg,83,pointwise_conv,1x384x14x14,2.801347
86,0,imagen.jpeg,84,batchnorm,1x64x14x14,0.012336
86,0,imagen.jpeg,85,layer_add,1x64x14x14,0.007113
86,0,imagen.jpeg,86,pointwise_conv,1x64x14x14,2.725703
86,0,imagen.jpeg,87,batchnorm,1x384x14x14,0.066615
86,0,imagen.jpeg,88,activacion,1x384x14x14,0.267887
86,0,imagen.jpeg,89,depthwise_conv,1x384x14x14,0.930675
86,0,imagen.jpeg,90,batchnorm,1x384x14x14,0.075344
86,0,imagen.jpeg,91,activacion,1x384x14x14,0.238217
86,0,imagen.jpeg,92,pointwise_conv,1x384x14x14,4.023863
86,0,imagen.jpeg,93,batchnorm,1x96x14x14,0.016272
86,0,imagen.jpeg,94,pointwise_conv,1x96x14x14,6.013579
86,0,imagen.jpeg,95,batchnorm,1x576x14x14,0.117088
86,0,imagen.jpeg,96,activacion,1x576x14x14,0.372808
86,0,imagen.jpeg,97,depthwise_conv,1x576x14x14,1.575648
86,0,imagen.jpeg,98,batchnorm,1x576x14x14,0.259247
86,0,imagen.jpeg,99,activacion,1x576x14x14,0.437153
86,0,imagen.jpeg,100,pointwise_conv,1x576x14x14,7.002763
86,0,imagen.jpeg,101,batchnorm,1x96x14x14,0.020799
86,0,imagen.jpeg,102,layer_add,1x96x14x14,0.012285
86,0,imagen.jpeg,103,pointwise_conv,1x96x14x14,6.109207
86,0,imagen.jpeg,104,batchnorm,1x576x14x14,0.140713
86,0,imagen.jpeg,105,activacion,1x576x14x14,0.406699
86,0,imagen.jpeg,106,depthwise_conv,1x576x14x14,1.145635
86,0,imagen.jpeg,107,batchnorm,1x576x14x14,0.200987
86,0,imagen.jpeg,108,activacion,1x576x14x14,0.331448
86,0,imagen.jpeg,109,pointwise_conv,1x576x14x14,11.267105
86,0,imagen.jpeg,110,batchnorm,1x96x14x14,0.027909
86,0,imagen.jpeg,111,layer_add,1x96x14x14,0.014751
86,0,imagen.jpeg,112,pointwise_conv,1x96x14x14,11.545621
86,0,imagen.jpeg,113,batchnorm,1x576x14x14,0.190776
86,0,imagen.jpeg,114,activacion,1x576x14x14,0.44501
86,0,imagen.jpeg,115,depthwise_conv,1x576x14x14,0.569321
86,0,imagen.jpeg,116,batchnorm,1x576x7x7,0.054763
86,0,imagen.jpeg,117,activacion,1x576x7x7,0.091837
86,0,imagen.jpeg,118,pointwise_conv,1x576x7x7,3.903141
86,0,imagen.jpeg,119,batchnorm,1x160x7x7,0.0086
86,0,imagen.jpeg,120,pointwise_conv,1x160x7x7,4.731197
86,0,imagen.jpeg,121,batchnorm,1x960x7x7,0.064086
86,0,imagen.jpeg,122,activacion,1x960x7x7,0.170054
86,0,imagen.jpeg,123,depthwise_conv,1x960x7x7,0.504775
86,0,imagen.jpeg,124,batchnorm,1x960x7x7,0.053465
86,0,imagen.jpeg,125,activacion,1x960x7x7,0.178216
86,0,imagen.jpeg,126,pointwise_conv,1x960x7x7,4.921175
86,0,imagen.jpeg,127,batchnorm,1x160x7x7,0.009308
86,0,imagen.jpeg,128,layer_add,1x160x7x7,0.004845
86,0,imagen.jpeg,129,pointwise_conv,1x160x7x7,4.895872
86,0,imagen.jpeg,130,batchnorm,1x960x7x7,0.061902
86,0,imagen.jpeg,131,activacion,1x960x7x7,0.172284
86,0,imagen.jpeg,132,depthwise_conv,1x960x7x7,0.5854
86,0,imagen.jpeg,133,batchnorm,1x960x7x7,0.067011
86,0,imagen.jpeg,134,activacion,1x960x7x7,0.144921
86,0,imagen.jpeg,135,pointwise_conv,1x960x7x7,5.375472
86,0,imagen.jpeg,136,batchnorm,1x160x7x7,0.009102
86,0,imagen.jpeg,137,layer_add,1x160x7x7,0.004872
86,0,imagen.jpeg,138,pointwise_conv,1x160x7x7,4.745198
86,0,imagen.jpeg,139,batchnorm,1x960x7x7,0.049631
86,0,imagen.jpeg,140,activacion,1x960x7x7,0.130185
86,0,imagen.jpeg,141,depthwise_conv,1x960x7x7,0.488049
86,0,imagen.jpeg,142,batchnorm,1x960x7x7,0.053578
86,0,imagen.jpeg,143,activacion,1x960x7x7,0.104909
86,0,imagen.jpeg,144,pointwise_conv,1x960x7x7,10.165635
86,0,imagen.jpeg,145,batchnorm,1x320x7x7,0.017965
86,0,imagen.jpeg,146,pointwise_conv,1x320x7x7,12.622017
86,0,imagen.jpeg,147,batchnorm,1x1280x7x7,0.069507
86,0,imagen.jpeg,148,activacion,1x1280x7x7,0.203095
86,0,imagen.jpeg,149,pooling,1x1280x7x7,0.046129
86,0,imagen.jpeg,150,linear,1x1280,1.628349
87,0,imagen.jpeg,0,conv2d,1x3x224x224,14.116618
87,0,imagen.jpeg,1,batchnorm,1x32x112x112,0.465583
87,0,imagen.jpeg,2,activacion,1x32x112x112,0.725749
87,0,imagen.jpeg,3,depthwise_conv,1x32x112x112,4.616574
87,0,imagen.jpeg,4,batchnorm,1x32x112x112,2.509902
87,0,imagen.jpeg,5,activacion,1x32x112x112,0.769858
87,0,imagen.jpeg,6,pointwise_conv,1x32x112x112,4.324881
87,0,imagen.jpeg,7,batchnorm,1x16x112x112,0.210149
87,0,imagen.jpeg,8,pointwise_conv,1x16x112x112,11.930834
87,0,imagen.jpeg,9,batchnorm,1x96x112x112,2.617851
87,0,imagen.jpeg,10,activacion,1x96x112x112,3.547054
87,0,imagen.jpeg,11,depthwise_conv,1x96x112x112,3.164495
87,0,imagen.jpeg,12,batchnorm,1x96x56x56,0.292009
87,0,imagen.jpeg,13,activacion,1x96x56x56,1.009605
87,0,imagen.jpeg,14,pointwise_conv,1x96x56x56,4.158185
87,0,imagen.jpeg,15,batchnorm,1x24x56x56,0.061597
87,0,imagen.jpeg,16,pointwise_conv,1x24x56x56,6.932862
87,0,imagen.jpeg,17,batchnorm,1x144x56x56,0.907812
87,0,imagen.jpeg,18,activacion,1x144x56x56,1.277028
87,0,imagen.jpeg,19,depthwise_conv,1x144x56x56,4.596748
87,0,imagen.jpeg,20,batchnorm,1x144x56x56,0.990856
87,0,imagen.jpeg,21,activacion,1x144x56x56,1.628464
87,0,imagen.jpeg,22,pointwise_conv,1x144x56x56,6.942848
87,0,imagen.jpeg,23,batchnorm,1x24x56x56,0.069261
87,0,imagen.jpeg,24,layer_add,1x24x56x56,0.04112
87,0,imagen.jpeg,25,pointwise_conv,1x24x56x56,6.126027
87,0,imagen.jpeg,26,batchnorm,1x144x56x56,0.461466
87,0,imagen.jpeg,27,activacion,1x144x56x56,1.523403
87,0,imagen.jpeg,28,depthwise_conv,1x144x56x56,1.13503
87,0,imagen.jpeg,29,batchnorm,1x144x28x28,0.098437
87,0,imagen.jpeg,30,activacion,1x144x28x28,0.35406
87,0,imagen.jpeg,31,pointwise_conv,1x144x28x28,2.137668
87,0,imagen.jpeg,32,batchnorm,1x32x28x28,0.025515
87,0,imagen.jpeg,33,pointwise_conv,1x32x28x28,2.793379
87,0,imagen.jpeg,34,batchnorm,1x192x28x28,0.142336
87,0,imagen.jpeg,35,activacion,1x192x28x28,0.391877
87,0,imagen.jpeg,36,depthwise_conv,1x192x28x28,1.593444
87,0,imagen.jpeg,37,batchnorm,1x192x28x28,0.149634
87,0,imagen.jpeg,38,activacion,1x192x28x28,0.52
87,0,imagen.jpeg,39,pointwise_conv,1x192x28x28,2.65053
87,0,imagen.jpeg,40,batchnorm,1x32x28x28,0.021311
87,0,imagen.jpeg,41,layer_add,1x32x28x28,0.01486
87,0,imagen.jpeg,42,pointwise_conv,1x32x28x28,2.668491
87,0,imagen.jpeg,43,batchnorm,1x192x28x28,0.122723
87,0,imagen.jpeg,44,activacion,1x192x28x28,0.418094
87,0,imagen.jpeg,45,depthwise_conv,1x192x28x28,1.472637
87,0,imagen.jpeg,46,batchnorm,1x192x28x28,0.128709
87,0,imagen.jpeg,47,activacion,1x192x28x28,0.508278
87,0,imagen.jpeg,48,pointwise_conv,1x192x28x28,2.727905
87,0,imagen.jpeg,49,batchnorm,1x32x28x28,0.02464
87,0,imagen.jpeg,50,layer_add,1x32x28x28,0.017753
87,0,imagen.jpeg,51,pointwise_conv,1x32x28x28,2.713388
87,0,imagen.jpeg,52,batchnorm,1x192x28x28,0.131792
87,0,imagen.jpeg,53,activacion,1x192x28x28,0.504016
87,0,imagen.jpeg,54,depthwise_conv,1x192x28x28,0.384374
87,0,imagen.jpeg,55,batchnorm,1x192x14x14,0.034382
87,0,imagen.jpeg,56,activacion,1x192x14x14,0.0992
87,0,imagen.jpeg,57,pointwise_conv,1x192x14x14,1.345276
87,0,imagen.jpeg,58,batchnorm,1x64x14x14,0.012052
87,0,imagen.jpeg,59,pointwise_conv,1x64x14x14,2.824765
87,0,imagen.jpeg,60,batchnorm,1x384x14x14,0.07001
87,0,imagen.jpeg,61,activacion,1x384x14x14,0.193431
87,0,imagen.jpeg,62,depthwise_conv,1x384x14x14,0.765018
87,0,imagen.jpeg,63,batchnorm,1x384x14x14,0.067834
87,0,imagen.jpeg,64,activacion,1x384x14x14,0.271437
87,0,imagen.jpeg,65,pointwise_conv,1x384x14x14,3.108926
87,0,imagen.jpeg,66,batchnorm,1x64x14x14,0.012543
87,0,imagen.jpeg,67,layer_add,1x64x14x14,0.007082
87,0,imagen.jpeg,68,pointwise_conv,1x64x14x14,2.77088
87,0,imagen.jpeg,69,batchnorm,1x384x14x14,0.087169
87,0,imagen.jpeg,70,activacion,1x384x14x14,0.261109
87,0,imagen.jpeg,71,depthwise_conv,1x384x14x14,0.787497
87,0,imagen.jpeg,72,batchnorm,1x384x14x14,0.09912
87,0,imagen.jpeg,73,activacion,1x384x14x14,0.260056
87,0,imagen.jpeg,74,pointwise_conv,1x384x14x14,2.703602
87,0,imagen.jpeg,75,batchnorm,1x64x14x14,0.010947
87,0,imagen.jpeg,76,layer_add,1x64x14x14,0.007031
87,0,imagen.jpeg,77,pointwise_conv,1x64x14x14,2.712216
87,0,imagen.jpeg,78,batchnorm,1x384x14x14,0.066823
87,0,imagen.jpeg,79,activacion,1x384x14x14,0.24565
87,0,imagen.jpeg,80,depthwise_conv,1x384x14x14,0.794523
87,0,imagen.jpeg,81,batchnorm,1x384x14x14,0.139719
87,0,imagen.jpeg,82,activacion,1x384x14x14,0.229832
87,0,imagen.jpeg,83,pointwise_conv,1x384x14x14,2.71847
87,0,imagen.jpeg,84,batchnorm,1x64x14x14,0.010981
87,0,imagen.jpeg,85,layer_add,1x64x14x14,0.010325
87,0,imagen.jpeg,86,pointwise_conv,1x64x14x14,2.682206
87,0,imagen.jpeg,87,batchnorm,1x384x14x14,0.063883
87,0,imagen.jpeg,88,activacion,1x384x14x14,0.248184
87,0,imagen.jpeg,89,depthwise_conv,1x384x14x14,0.748961
87,0,imagen.jpeg,90,batchnorm,1x384x14x14,0.065451
87,0,imagen.jpeg,91,activacion,1x384x14x14,0.23959
87,0,imagen.jpeg,92,pointwise_conv,1x384x14x14,4.165119
87,0,imagen.jpeg,93,batchnorm,1x96x14x14,0.017694
87,0,imagen.jpeg,94,pointwise_conv,1x96x14x14,6.0659
87,0,imagen.jpeg,95,batchnorm,1x576x14x14,0.10708
87,0,imagen.jpeg,96,activacion,1x576x14x14,0.396176
87,0,imagen.jpeg,97,depthwise_conv,1x576x14x14,1.123712
87,0,imagen.jpeg,98,batchnorm,1x576x14x14,0.17203
87,0,imagen.jpeg,99,activacion,1x576x14x14,0.328019
87,0,imagen.jpeg,100,pointwise_conv,1x576x14x14,6.261586
87,0,imagen.jpeg,101,batchnorm,1x96x14x14,0.020601
87,0,imagen.jpeg,102,layer_add,1x96x14x14,0.015126
87,0,imagen.jpeg,103,pointwise_conv,1x96x14x14,6.769287
87,0,imagen.jpeg,104,batchnorm,1x576x14x14,0.10547
87,0,imagen.jpeg,105,activacion,1x576x14x14,0.376898
87,0,imagen.jpeg,106,depthwise_conv,1x576x14x14,1.144573
87,0,imagen.jpeg,107,batchnorm,1x576x14x14,0.163975
87,0,imagen.jpeg,108,activacion,1x576x14x14,0.320599
87,0,imagen.jpeg,109,pointwise_conv,1x576x14x14,6.258997
87,0,imagen.jpeg,110,batchnorm,1x96x14x14,0.041654
87,0,imagen.jpeg,111,layer_add,1x96x14x14,0.027648
87,0,imagen.jpeg,112,pointwise_conv,1x96x14x14,8.343766
87,0,imagen.jpeg,113,batchnorm,1x576x14x14,0.200506
87,0,imagen.jpeg,114,activacion,1x576x14x14,0.39354
87,0,imagen.jpeg,115,depthwise_conv,1x576x14x14,0.564886
87,0,imagen.jpeg,116,batchnorm,1x576x7x7,0.054795
87,0,imagen.jpeg,117,activacion,1x576x7x7,0.072533
87,0,imagen.jpeg,118,pointwise_conv,1x576x7x7,3.145847
87,0,imagen.jpeg,119,batchnorm,1x160x7x7,0.009435
87,0,imagen.jpeg,120,pointwise_conv,1x160x7x7,4.4022
87,0,imagen.jpeg,121,batchnorm,1x960x7x7,0.048876
87,0,imagen.jpeg,122,activacion,1x960x7x7,0.163583
87,0,imagen.jpeg,123,depthwise_conv,1x960x7x7,0.448616
87,0,imagen.jpeg,124,batchnorm,1x960x7x7,0.044989
87,0,imagen.jpeg,125,activacion,1x960x7x7,0.147245
87,0,imagen.jpeg,126,pointwise_conv,1x960x7x7,6.674725
87,0,imagen.jpeg,127,batchnorm,1x160x7x7,0.015606
87,0,imagen.jpeg,128,layer_add,1x160x7x7,0.00863
87,0,imagen.jpeg,129,pointwise_conv,1x160x7x7,5.918501
87,0,imagen.jpeg,130,batchnorm,1x960x7x7,0.057891
87,0,imagen.jpeg,131,activacion,1x960x7x7,0.140218
87,0,imagen.jpeg,132,depthwise_conv,1x960x7x7,0.453042
87,0,imagen.jpeg,133,batchnorm,1x960x7x7,0.114946
87,0,imagen.jpeg,134,activacion,1x960x7x7,0.222435
87,0,imagen.jpeg,135,pointwise_conv,1x960x7x7,4.354895
87,0,imagen.jpeg,136,batchnorm,1x160x7x7,0.008582
87,0,imagen.jpeg,137,layer_add,1x160x7x7,0.00453
87,0,imagen.jpeg,138,pointwise_conv,1x160x7x7,4.265514
87,0,imagen.jpeg,139,batchnorm,1x960x7x7,0.069541
87,0,imagen.jpeg,140,activacion,1x960x7x7,0.118098
87,0,imagen.jpeg,141,depthwise_conv,1x960x7x7,0.444388
87,0,imagen.jpeg,142,batchnorm,1x960x7x7,0.047701
87,0,imagen.jpeg,143,activacion,1x960x7x7,0.090522
87,0,imagen.jpeg,144,pointwise_conv,1x960x7x7,8.378376
87,0,imagen.jpeg,145,batchnorm,1x320x7x7,0.016316
87,0,imagen.jpeg,146,pointwise_conv,1x320x7x7,11.919601
87,0,imagen.jpeg,147,batchnorm,1x1280x7x7,0.06123
87,0,imagen.jpeg,148,activacion,1x1280x7x7,0.192023
87,0,imagen.jpeg,149,pooling,1x1280x7x7,0.038121
87,0,imagen.jpeg,150,linear,1x1280,1.413977
88,0,imagen.jpeg,0,conv2d,1x3x224x224,12.226222
88,0,imagen.jpeg,1,batchnorm,1x32x112x112,0.433892
88,0,imagen.jpeg,2,activacion,1x32x112x112,0.66845
88,0,imagen.jpeg,3,depthwise_conv,1x32x112x112,3.981002
88,0,imagen.jpeg,4,batchnorm,1x32x112x112,2.548747
88,0,imagen.jpeg,5,activacion,1x32x112x112,0.771064
88,0,imagen.jpeg,6,pointwise_conv,1x32x112x112,3.698438
88,0,imagen.jpeg,7,batchnorm,1x16x112x112,0.193673
88,0,imagen.jpeg,8,pointwise_conv,1x16x112x112,12.605096
88,0,imagen.jpeg,9,batchnorm,1x96x112x112,2.202739
88,0,imagen.jpeg,10,activacion,1x96x112x112,3.638433
88,0,imagen.jpeg,11,depthwise_conv,1x96x112x112,3.768508
88,0,imagen.jpeg,12,batchnorm,1x96x56x56,0.31148
88,0,imagen.jpeg,13,activacion,1x96x56x56,1.156918
88,0,imagen.jpeg,14,pointwise_conv,1x96x56x56,4.919047
88,0,imagen.jpeg,15,batchnorm,1x24x56x56,0.071963
88,0,imagen.jpeg,16,pointwise_conv,1x24x56x56,7.210238
88,0,imagen.jpeg,17,batchnorm,1x144x56x56,1.222463
88,0,imagen.jpeg,18,activacion,1x144x56x56,1.486099
88,0,imagen.jpeg,19,depthwise_conv,1x144x56x56,4.799906
88,0,imagen.jpeg,20,batchnorm,1x144x56x56,0.930861
88,0,imagen.jpeg,21,activacion,1x144x56x56,1.695504
88,0,imagen.jpeg,22,pointwise_conv,1x144x56x56,6.505956
88,0,imagen.jpeg,23,batchnorm,1x24x56x56,0.096601
88,0,imagen.jpeg,24,layer_add,1x24x56x56,0.090562
88,0,imagen.jpeg,25,pointwise_conv,1x24x56x56,6.324462
88,0,imagen.jpeg,26,batchnorm,1x144x56x56,0.424071
88,0,imagen.jpeg,27,activacion,1x144x56x56,1.537583
88,0,imagen.jpeg,28,depthwise_conv,1x144x56x56,1.140672
88,0,imagen.jpeg,29,batchnorm,1x144x28x28,0.101608
88,0,imagen.jpeg,30,activacion,1x144x28x28,0.350827
88,0,imagen.jpeg,31,pointwise_conv,1x144x28x28,2.018697
88,0,imagen.jpeg,32,batchnorm,1x32x28x28,0.021663
88,0,imagen.jpeg,33,pointwise_conv,1x32x28x28,2.739449
88,0,imagen.jpeg,34,batchnorm,1x192x28x28,0.142517
88,0,imagen.jpeg,35,activacion,1x192x28x28,0.381424
88,0,imagen.jpeg,36,depthwise_conv,1x192x28x28,1.528822
88,0,imagen.jpeg,37,batchnorm,1x192x28x28,0.151525
88,0,imagen.jpeg,38,activacion,1x192x28x28,0.5297
88,0,imagen.jpeg,39,pointwise_conv,1x192x28x28,2.610608
88,0,imagen.jpeg,40,batchnorm,1x32x28x28,0.020824
88,0,imagen.jpeg,41,layer_add,1x32x28x28,0.013514
88,0,imagen.jpeg,42,pointwise_conv,1x32x28x28,2.632503
88,0,imagen.jpeg,43,batchnorm,1x192x28x28,0.122558
88,0,imagen.jpeg,44,activacion,1x192x28x28,0.418282
88,0,imagen.jpeg,45,depthwise_conv,1x192x28x28,1.449744
88,0,imagen.jpeg,46,batchnorm,1x192x28x28,0.138823
88,0,imagen.jpeg,47,activacion,1x192x28x28,0.521128
88,0,imagen.jpeg,48,pointwise_conv,1x192x28x28,2.586508
88,0,imagen.jpeg,49,batchnorm,1x32x28x28,0.020436
88,0,imagen.jpeg,50,layer_add,1x32x28x28,0.011087
88,0,imagen.jpeg,51,pointwise_conv,1x32x28x28,2.653409
88,0,imagen.jpeg,52,batchnorm,1x192x28x28,0.122296
88,0,imagen.jpeg,53,activacion,1x192x28x28,0.503566
88,0,imagen.jpeg,54,depthwise_conv,1x192x28x28,0.444466
88,0,imagen.jpeg,55,batchnorm,1x192x14x14,0.037296
88,0,imagen.jpeg,56,activacion,1x192x14x14,0.097845
88,0,imagen.jpeg,57,pointwise_conv,1x192x14x14,1.481594
88,0,imagen.jpeg,58,batchnorm,1x64x14x14,0.016537
88,0,imagen.jpeg,59,pointwise_conv,1x64x14x14,2.785932
88,0,imagen.jpeg,60,batchnorm,1x384x14x14,0.082511
88,0,imagen.jpeg,61,activacion,1x384x14x14,0.195612
88,0,imagen.jpeg,62,depthwise_conv,1x384x14x14,0.769203
88,0,imagen.jpeg,63,batchnorm,1x384x14x14,0.067401
88,0,imagen.jpeg,64,activacion,1x384x14x14,0.268874
88,0,imagen.jpeg,65,pointwise_conv,1x384x14x14,2.753832
88,0,imagen.jpeg,66,batchnorm,1x64x14x14,0.011578
88,0,imagen.jpeg,67,layer_add,1x64x14x14,0.006911
88,0,imagen.jpeg,68,pointwise_conv,1x64x14x14,2.779014
88,0,imagen.jpeg,69,batchnorm,1x384x14x14,0.069871
88,0,imagen.jpeg,70,activacion,1x384x14x14,0.238096
88,0,imagen.jpeg,71,depthwise_conv,1x384x14x14,0.819406
88,0,imagen.jpeg,72,batchnorm,1x384x14x14,0.106157
88,0,imagen.jpeg,73,activacion,1x384x14x14,0.251564
88,0,imagen.jpeg,74,pointwise_conv,1x384x14x14,2.711579
88,0,imagen.jpeg,75,batchnorm,1x64x14x14,0.011151
88,0,imagen.jpeg,76,layer_add,1x64x14x14,0.007257
88,0,imagen.jpeg,77,pointwise_conv,1x64x14x14,2.819466
88,0,imagen.jpeg,78,batchnorm,1x384x14x14,0.077187
88,0,imagen.jpeg,79,activacion,1x384x14x14,0.256445
88,0,imagen.jpeg,80,depthwise_conv,1x384x14x14,0.787935
88,0,imagen.jpeg,81,batchnorm,1x384x14x14,0.143273
88,0,imagen.jpeg,82,activacion,1x384x14x14,0.231849
88,0,imagen.jpeg,83,pointwise_conv,1x384x14x14,2.793168
88,0,imagen.jpeg,84,batchnorm,1x64x14x14,0.012602
88,0,imagen.jpeg,85,layer_add,1x64x14x14,0.006922
88,0,imagen.jpeg,86,pointwise_conv,1x64x14x14,2.742489
88,0,imagen.jpeg,87,batchnorm,1x384x14x14,0.066668
88,0,imagen.jpeg,88,activacion,1x384x14x14,0.270993
88,0,imagen.jpeg,89,depthwise_conv,1x384x14x14,0.771346
88,0,imagen.jpeg,90,batchnorm,1x384x14x14,0.067561
88,0,imagen.jpeg,91,activacion,1x384x14x14,0.244437
88,0,imagen.jpeg,92,pointwise_conv,1x384x14x14,4.010749
88,0,imagen.jpeg,93,batchnorm,1x96x14x14,0.016199
88,0,imagen.jpeg,94,pointwise_conv,1x96x14x14,6.745378
88,0,imagen.jpeg,95,batchnorm,1x576x14x14,0.108433
88,0,imagen.jpeg,96,activacion,1x576x14x14,0.423456
88,0,imagen.jpeg,97,depthwise_conv,1x576x14x14,2.174077
88,0,imagen.jpeg,98,batchnorm,1x576x14x14,0.255315
88,0,imagen.jpeg,99,activacion,1x576x14x14,0.438013
88,0,imagen.jpeg,100,pointwise_conv,1x576x14x14,7.976172
88,0,imagen.jpeg,101,batchnorm,1x96x14x14,0.019895
88,0,imagen.jpeg,102,layer_add,1x96x14x14,0.020456
88,0,imagen.jpeg,103,pointwise_conv,1x96x14x14,6.206958
88,0,imagen.jpeg,104,batchnorm,1x576x14x14,0.15136
88,0,imagen.jpeg,105,activacion,1x576x14x14,0.37465
88,0,imagen.jpeg,106,depthwise_conv,1x576x14x14,1.141866
88,0,imagen.jpeg,107,batchnorm,1x576x14x14,0.161259
88,0,imagen.jpeg,108,activacion,1x576x14x14,0.313371
88,0,imagen.jpeg,109,pointwise_conv,1x576x14x14,6.18531
88,0,imagen.jpeg,110,batchnorm,1x96x14x14,0.030758
88,0,imagen.jpeg,111,layer_add,1x96x14x14,0.042759
88,0,imagen.jpeg,112,pointwise_conv,1x96x14x14,6.190789
88,0,imagen.jpeg,113,batchnorm,1x576x14x14,0.127247
88,0,imagen.jpeg,114,activacion,1x576x14x14,0.317134
88,0,imagen.jpeg,115,depthwise_conv,1x576x14x14,0.27662
88,0,imagen.jpeg,116,batchnorm,1x576x7x7,0.029417
88,0,imagen.jpeg,117,activacion,1x576x7x7,0.065071
88,0,imagen.jpeg,118,pointwise_conv,1x576x7x7,2.443053
88,0,imagen.jpeg,119,batchnorm,1x160x7x7,0.007468
88,0,imagen.jpeg,120,pointwise_conv,1x160x7x7,4.373163
88,0,imagen.jpeg,121,batchnorm,1x960x7x7,0.050628
88,0,imagen.jpeg,122,activacion,1x960x7x7,0.159478
88,0,imagen.jpeg,123,depthwise_conv,1x960x7x7,0.427
88,0,imagen.jpeg,124,batchnorm,1x960x7x7,0.051922
88,0,imagen.jpeg,125,activacion,1x960x7x7,0.157395
88,0,imagen.jpeg,126,pointwise_conv,1x960x7x7,4.562702
88,0,imagen.jpeg,127,batchnorm,1x160x7x7,0.007707
88,0,imagen.jpeg,128,layer_add,1x160x7x7,0.01683
88,0,imagen.jpeg,129,pointwise_conv,1x160x7x7,4.379701
88,0,imagen.jpeg,130,batchnorm,1x960x7x7,0.051458
88,0,imagen.jpeg,131,activacion,1x960x7x7,0.156222
88,0,imagen.jpeg,132,depthwise_conv,1x960x7x7,0.509264
88,0,imagen.jpeg,133,batchnorm,1x960x7x7,0.065102
88,0,imagen.jpeg,134,activacion,1x960x7x7,0.148501
88,0,imagen.jpeg,135,pointwise_conv,1x960x7x7,4.448417
88,0,imagen.jpeg,136,batchnorm,1x160x7x7,0.008604
88,0,imagen.jpeg,137,layer_add,1x160x7x7,0.00496
88,0,imagen.jpeg,138,pointwise_conv,1x160x7x7,4.617326
88,0,imagen.jpeg,139,batchnorm,1x960x7x7,0.063872
88,0,imagen.jpeg,140,activacion,1x960x7x7,0.129055
88,0,imagen.jpeg,141,depthwise_conv,1x960x7x7,0.56979
88,0,imagen.jpeg,142,batchnorm,1x960x7x7,0.088887
88,0,imagen.jpeg,143,activacion,1x960x7x7,0.141704
88,0,imagen.jpeg,144,pointwise_conv,1x960x7x7,12.436032
88,0,imagen.jpeg,145,batchnorm,1x320x7x7,0.018198
88,0,imagen.jpeg,146,pointwise_conv,1x320x7x7,13.769626
88,0,imagen.jpeg,147,batchnorm,1x1280x7x7,0.110353
88,0,imagen.jpeg,148,activacion,1x1280x7x7,0.220712
88,0,imagen.jpeg,149,pooling,1x1280x7x7,0.056566
88,0,imagen.jpeg,150,linear,1x1280,1.594093
89,0,imagen.jpeg,0,conv2d,1x3x224x224,13.072144
89,0,imagen.jpeg,1,batchnorm,1x32x112x112,0.500173
89,0,imagen.jpeg,2,activacion,1x32x112x112,0.734462
89,0,imagen.jpeg,3,depthwise_conv,1x32x112x112,4.594363
89,0,imagen.jpeg,4,batchnorm,1x32x112x112,2.560122
89,0,imagen.jpeg,5,activacion,1x32x112x112,0.827865
89,0,imagen.jpeg,6,pointwise_conv,1x32x112x112,4.287637
89,0,imagen.jpeg,7,batchnorm,1x16x112x112,0.220092
89,0,imagen.jpeg,8,pointwise_conv,1x16x112x112,14.849597
89,0,imagen.jpeg,9,batchnorm,1x96x112x112,2.55302
89,0,imagen.jpeg,10,activacion,1x96x112x112,4.029525
89,0,imagen.jpeg,11,depthwise_conv,1x96x112x112,3.47422
89,0,imagen.jpeg,12,batchnorm,1x96x56x56,0.309856
89,0,imagen.jpeg,13,activacion,1x96x56x56,1.12653
89,0,imagen.jpeg,14,pointwise_conv,1x96x56x56,4.402215
89,0,imagen.jpeg,15,batchnorm,1x24x56x56,0.074798
89,0,imagen.jpeg,16,pointwise_conv,1x24x56x56,7.336071
89,0,imagen.jpeg,17,batchnorm,1x144x56x56,0.982103
89,0,imagen.jpeg,18,activacion,1x144x56x56,1.382729
89,0,imagen.jpeg,19,depthwise_conv,1x144x56x56,4.703133
89,0,imagen.jpeg,20,batchnorm,1x144x56x56,1.01208
89,0,imagen.jpeg,21,activacion,1x144x56x56,1.725603
89,0,imagen.jpeg,22,pointwise_conv,1x144x56x56,6.146987
89,0,imagen.jpeg,23,batchnorm,1x24x56x56,0.068463
89,0,imagen.jpeg,24,layer_add,1x24x56x56,0.059458
89,0,imagen.jpeg,25,pointwise_conv,1x24x56x56,6.763966
89,0,imagen.jpeg,26,batchnorm,1x144x56x56,0.508284
89,0,imagen.jpeg,27,activacion,1x144x56x56,1.636987
89,0,imagen.jpeg,28,depthwise_conv,1x144x56x56,1.235228
89,0,imagen.jpeg,29,batchnorm,1x144x28x28,0.105319
89,0,imagen.jpeg,30,activacion,1x144x28x28,0.370908
89,0,imagen.jpeg,31,pointwise_conv,1x144x28x28,2.110625
89,0,imagen.jpeg,32,batchnorm,1x32x28x28,0.022937
89,0,imagen.jpeg,33,pointwise_conv,1x32x28x28,2.822986
89,0,imagen.jpeg,34,batchnorm,1x192x28x28,0.137966
89,0,imagen.jpeg,35,activacion,1x192x28x28,0.381563
89,0,imagen.jpeg,36,depthwise_conv,1x192x28x28,1.539491
89,0,imagen.jpeg,37,batchnorm,1x192x28x28,0.130508
89,0,imagen.jpeg,38,activacion,1x192x28x28,0.529486
89,0,imagen.jpeg,39,pointwise_conv,1x192x28x28,2.738905
89,0,imagen.jpeg,40,batchnorm,1x32x28x28,0.021751
89,0,imagen.jpeg,41,layer_add,1x32x28x28,0.013469
89,0,imagen.jpeg,42,pointwise_conv,1x32x28x28,2.673689
89,0,imagen.jpeg,43,batchnorm,1x192x28x28,0.1255
89,0,imagen.jpeg,44,activacion,1x192x28x28,0.441427
89,0,imagen.jpeg,45,depthwise_conv,1x192x28x28,1.621591
89,0,imagen.jpeg,46,batchnorm,1x192x28x28,0.163375
89,0,imagen.jpeg,47,activacion,1x192x28x28,0.538259
89,0,imagen.jpeg,48,pointwise_conv,1x192x28x28,2.746997
89,0,imagen.jpeg,49,batchnorm,1x32x28x28,0.022066
89,0,imagen.jpeg,50,layer_add,1x32x28x28,0.014114
89,0,imagen.jpeg,51,pointwise_conv,1x32x28x28,2.733147
89,0,imagen.jpeg,52,batchnorm,1x192x28x28,0.126959
89,0,imagen.jpeg,53,activacion,1x192x28x28,0.486954
89,0,imagen.jpeg,54,depthwise_conv,1x192x28x28,0.392067
89,0,imagen.jpeg,55,batchnorm,1x192x14x14,0.033953
89,0,imagen.jpeg,56,activacion,1x192x14x14,0.101847
89,0,imagen.jpeg,57,pointwise_conv,1x192x14x14,1.344618
89,0,imagen.jpeg,58,batchnorm,1x64x14x14,0.011303
89,0,imagen.jpeg,59,pointwise_conv,1x64x14x14,2.902577
89,0,imagen.jpeg,60,batchnorm,1x384x14x14,0.081003
89,0,imagen.jpeg,61,activacion,1x384x14x14,0.198485
89,0,imagen.jpeg,62,depthwise_conv,1x384x14x14,0.787601
89,0,imagen.jpeg,63,batchnorm,1x384x14x14,0.072375
89,0,imagen.jpeg,64,activacion,1x384x14x14,0.279348
89,0,imagen.jpeg,65,pointwise_conv,1x384x14x14,2.8051
89,0,imagen.jpeg,66,batchnorm,1x64x14x14,0.011883
89,0,imagen.jpeg,67,layer_add,1x64x14x14,0.006963
89,0,imagen.jpeg,68,pointwise_conv,1x64x14x14,2.849993
89,0,imagen.jpeg,69,batchnorm,1x384x14x14,0.072537
89,0,imagen.jpeg,70,activacion,1x384x14x14,0.240772
89,0,imagen.jpeg,71,depthwise_conv,1x384x14x14,0.773431
89,0,imagen.jpeg,72,batchnorm,1x384x14x14,0.099084
89,0,imagen.jpeg,73,activacion,1x384x14x14,0.251648
89,0,imagen.jpeg,74,pointwise_conv,1x384x14x14,2.740907
89,0,imagen.jpeg,75,batchnorm,1x64x14x14,0.01137
89,0,imagen.jpeg,76,layer_add,1x64x14x14,0.007427
89,0,imagen.jpeg,77,pointwise_conv,1x64x14x14,3.011066
89,0,imagen.jpeg,78,batchnorm,1x384x14x14,0.139516
89,0,imagen.jpeg,79,activacion,1x384x14x14,0.369689
89,0,imagen.jpeg,80,depthwise_conv,1x384x14x14,0.95966
89,0,imagen.jpeg,81,batchnorm,1x384x14x14,0.220664
89,0,imagen.jpeg,82,activacion,1x384x14x14,0.307856
89,0,imagen.jpeg,83,pointwise_conv,1x384x14x14,3.586662
89,0,imagen.jpeg,84,batchnorm,1x64x14x14,0.014
89,0,imagen.jpeg,85,layer_add,1x64x14x14,0.007522
89,0,imagen.jpeg,86,pointwise_conv,1x64x14x14,2.855034
89,0,imagen.jpeg,87,batchnorm,1x384x14x14,0.071481
89,0,imagen.jpeg,88,activacion,1x384x14x14,0.267267
89,0,imagen.jpeg,89,depthwise_conv,1x384x14x14,0.791234
89,0,imagen.jpeg,90,batchnorm,1x384x14x14,0.071766
89,0,imagen.jpeg,91,activacion,1x384x14x14,0.254197
89,0,imagen.jpeg,92,pointwise_conv,1x384x14x14,4.319619
89,0,imagen.jpeg,93,batchnorm,1x96x14x14,0.019116
89,0,imagen.jpeg,94,pointwise_conv,1x96x14x14,6.285202
89,0,imagen.jpeg,95,batchnorm,1x576x14x14,0.105236
89,0,imagen.jpeg,96,activacion,1x576x14x14,0.365927
89,0,imagen.jpeg,97,depthwise_conv,1x576x14x14,1.16151
89,0,imagen.jpeg,98,batchnorm,1x576x14x14,0.185845
89,0,imagen.jpeg,99,activacion,1x576x14x14,0.330924
89,0,imagen.jpeg,100,pointwise_conv,1x576x14x14,5.991923
89,0,imagen.jpeg,101,batchnorm,1x96x14x14,0.016722
89,0,imagen.jpeg,102,layer_add,1x96x14x14,0.013434
89,0,imagen.jpeg,103,pointwise_conv,1x96x14x14,6.015703
89,0,imagen.jpeg,104,batchnorm,1x576x14x14,0.102699
89,0,imagen.jpeg,105,activacion,1x576x14x14,0.377341
89,0,imagen.jpeg,106,depthwise_conv,1x576x14x14,1.156719
89,0,imagen.jpeg,107,batchnorm,1x576x14x14,0.163362
89,0,imagen.jpeg,108,activacion,1x576x14x14,0.320077
89,0,imagen.jpeg,109,pointwise_conv,1x576x14x14,6.054085
89,0,imagen.jpeg,110,batchnorm,1x96x14x14,0.016418
89,0,imagen.jpeg,111,layer_add,1x96x14x14,0.009857
89,0,imagen.jpeg,112,pointwise_conv,1x96x14x14,6.081539
89,0,imagen.jpeg,113,batchnorm,1x576x14x14,0.099737
89,0,imagen.jpeg,114,activacion,1x576x14x14,0.311377
89,0,imagen.jpeg,115,depthwise_conv,1x576x14x14,0.260697
89,0,imagen.jpeg,116,batchnorm,1x576x7x7,0.028922
89,0,imagen.jpeg,117,activacion,1x576x7x7,0.063302
89,0,imagen.jpeg,118,pointwise_conv,1x576x7x7,2.409193
89,0,imagen.jpeg,119,batchnorm,1x160x7x7,0.007149
89,0,imagen.jpeg,120,pointwise_conv,1x160x7x7,4.149968
89,0,imagen.jpeg,121,batchnorm,1x960x7x7,0.042921
89,0,imagen.jpeg,122,activacion,1x960x7x7,0.147068
89,0,imagen.jpeg,123,depthwise_conv,1x960x7x7,0.435023
89,0,imagen.jpeg,124,batchnorm,1x960x7x7,0.045683
89,0,imagen.jpeg,125,activacion,1x960x7x7,0.139311
89,0,imagen.jpeg,126,pointwise_conv,1x960x7x7,4.061231
89,0,imagen.jpeg,127,batchnorm,1x160x7x7,0.007296
89,0,imagen.jpeg,128,layer_add,1x160x7x7,0.004113
89,0,imagen.jpeg,129,pointwise_conv,1x160x7x7,3.900175
89,0,imagen.jpeg,130,batchnorm,1x960x7x7,0.041231
89,0,imagen.jpeg,131,activacion,1x960x7x7,0.1355
89,0,imagen.jpeg,132,depthwise_conv,1x960x7x7,0.404518
89,0,imagen.jpeg,133,batchnorm,1x960x7x7,0.051108
89,0,imagen.jpeg,134,activacion,1x960x7x7,0.121347
89,0,imagen.jpeg,135,pointwise_conv,1x960x7x7,3.989592
89,0,imagen.jpeg,136,batchnorm,1x160x7x7,0.007363
89,0,imagen.jpeg,137,layer_add,1x160x7x7,0.003683
89,0,imagen.jpeg,138,pointwise_conv,1x160x7x7,4.077294
89,0,imagen.jpeg,139,batchnorm,1x960x7x7,0.042999
89,0,imagen.jpeg,140,activacion,1x960x7x7,0.114253
89,0,imagen.jpeg,141,depthwise_conv,1x960x7x7,0.424629
89,0,imagen.jpeg,142,batchnorm,1x960x7x7,0.04623
89,0,imagen.jpeg,143,activacion,1x960x7x7,0.089698
89,0,imagen.jpeg,144,pointwise_conv,1x960x7x7,7.98484
89,0,imagen.jpeg,145,batchnorm,1x320x7x7,0.014869
89,0,imagen.jpeg,146,pointwise_conv,1x320x7x7,10.941247
89,0,imagen.jpeg,147,batchnorm,1x1280x7x7,0.06621
89,0,imagen.jpeg,148,activacion,1x1280x7x7,0.186656
89,0,imagen.jpeg,149,pooling,1x1280x7x7,0.04004
89,0,imagen.jpeg,150,linear,1x1280,1.418127
90,0,imagen.jpeg,0,conv2d,1x3x224x224,12.444604
90,0,imagen.jpeg,1,batchnorm,1x32x112x112,0.420489
90,0,imagen.jpeg,2,activacion,1x32x112x112,0.639759
90,0,imagen.jpeg,3,depthwise_conv,1x32x112x112,3.916162
90,0,imagen.jpeg,4,batchnorm,1x32x112x112,2.292793
90,0,imagen.jpeg,5,activacion,1x32x112x112,0.881179
90,0,imagen.jpeg,6,pointwise_conv,1x32x112x112,3.709278
90,0,imagen.jpeg,7,batchnorm,1x16x112x112,0.184568
90,0,imagen.jpeg,8,pointwise_conv,1x16x112x112,15.160653
90,0,imagen.jpeg,9,batchnorm,1x96x112x112,2.134526
90,0,imagen.jpeg,10,activacion,1x96x112x112,3.502968
90,0,imagen.jpeg,11,depthwise_conv,1x96x112x112,6.283463
90,0,imagen.jpeg,12,batchnorm,1x96x56x56,0.43505
90,0,imagen.jpeg,13,activacion,1x96x56x56,1.155749
90,0,imagen.jpeg,14,pointwise_conv,1x96x56x56,4.032969
90,0,imagen.jpeg,15,batchnorm,1x24x56x56,0.063411
90,0,imagen.jpeg,16,pointwise_conv,1x24x56x56,6.724308
90,0,imagen.jpeg,17,batchnorm,1x144x56x56,0.90711
90,0,imagen.jpeg,18,activacion,1x144x56x56,1.284538
90,0,imagen.jpeg,19,depthwise_conv,1x144x56x56,4.746724
90,0,imagen.jpeg,20,batchnorm,1x144x56x56,0.894583
90,0,imagen.jpeg,21,activacion,1x144x56x56,1.634108
90,0,imagen.jpeg,22,pointwise_conv,1x144x56x56,6.063117
90,0,imagen.jpeg,23,batchnorm,1x24x56x56,0.063109
90,0,imagen.jpeg,24,layer_add,1x24x56x56,0.040787
90,0,imagen.jpeg,25,pointwise_conv,1x24x56x56,6.024624
90,0,imagen.jpeg,26,batchnorm,1x144x56x56,0.434468
90,0,imagen.jpeg,27,activacion,1x144x56x56,1.488044
90,0,imagen.jpeg,28,depthwise_conv,1x144x56x56,1.156321
90,0,imagen.jpeg,29,batchnorm,1x144x28x28,0.096218
90,0,imagen.jpeg,30,activacion,1x144x28x28,0.343324
90,0,imagen.jpeg,31,pointwise_conv,1x144x28x28,1.917601
90,0,imagen.jpeg,32,batchnorm,1x32x28x28,0.021031
90,0,imagen.jpeg,33,pointwise_conv,1x32x28x28,2.58251
90,0,imagen.jpeg,34,batchnorm,1x192x28x28,0.133229
90,0,imagen.jpeg,35,activacion,1x192x28x28,0.373752
90,0,imagen.jpeg,36,depthwise_conv,1x192x28x28,1.457784
90,0,imagen.jpeg,37,batchnorm,1x192x28x28,0.130075
90,0,imagen.jpeg,38,activacion,1x192x28x28,0.516876
90,0,imagen.jpeg,39,pointwise_conv,1x192x28x28,2.5513
90,0,imagen.jpeg,40,batchnorm,1x32x28x28,0.020849
90,0,imagen.jpeg,41,layer_add,1x32x28x28,0.01213
90,0,imagen.jpeg,42,pointwise_conv,1x32x28x28,2.681094
90,0,imagen.jpeg,43,batchnorm,1x192x28x28,0.128229
90,0,imagen.jpeg,44,activacion,1x192x28x28,0.407021
90,0,imagen.jpeg,45,depthwise_conv,1x192x28x28,1.498928
90,0,imagen.jpeg,46,batchnorm,1x192x28x28,0.12571
90,0,imagen.jpeg,47,activacion,1x192x28x28,0.501245
90,0,imagen.jpeg,48,pointwise_conv,1x192x28x28,2.606053
90,0,imagen.jpeg,49,batchnorm,1x32x28x28,0.020736
90,0,imagen.jpeg,50,layer_add,1x32x28x28,0.012491
90,0,imagen.jpeg,51,pointwise_conv,1x32x28x28,2.604343
90,0,imagen.jpeg,52,batchnorm,1x192x28x28,0.122393
90,0,imagen.jpeg,53,activacion,1x192x28x28,0.481808
90,0,imagen.jpeg,54,depthwise_conv,1x192x28x28,0.373785
90,0,imagen.jpeg,55,batchnorm,1x192x14x14,0.033231
90,0,imagen.jpeg,56,activacion,1x192x14x14,0.09636
90,0,imagen.jpeg,57,pointwise_conv,1x192x14x14,1.324296
90,0,imagen.jpeg,58,batchnorm,1x64x14x14,0.011091
90,0,imagen.jpeg,59,pointwise_conv,1x64x14x14,2.65092
90,0,imagen.jpeg,60,batchnorm,1x384x14x14,0.065071
90,0,imagen.jpeg,61,activacion,1x384x14x14,0.186132
90,0,imagen.jpeg,62,depthwise_conv,1x384x14x14,0.764746
90,0,imagen.jpeg,63,batchnorm,1x384x14x14,0.066061
90,0,imagen.jpeg,64,activacion,1x384x14x14,0.262683
90,0,imagen.jpeg,65,pointwise_conv,1x384x14x14,3.040252
90,0,imagen.jpeg,66,batchnorm,1x64x14x14,0.013326
90,0,imagen.jpeg,67,layer_add,1x64x14x14,0.009401
90,0,imagen.jpeg,68,pointwise_conv,1x64x14x14,2.80928
90,0,imagen.jpeg,69,batchnorm,1x384x14x14,0.102333
90,0,imagen.jpeg,70,activacion,1x384x14x14,0.242462
90,0,imagen.jpeg,71,depthwise_conv,1x384x14x14,0.754512
90,0,imagen.jpeg,72,batchnorm,1x384x14x14,0.096016
90,0,imagen.jpeg,73,activacion,1x384x14x14,0.261323
90,0,imagen.jpeg,74,pointwise_conv,1x384x14x14,2.688406
90,0,imagen.jpeg,75,batchnorm,1x64x14x14,0.010818
90,0,imagen.jpeg,76,layer_add,1x64x14x14,0.006232
90,0,imagen.jpeg,77,pointwise_conv,1x64x14x14,2.687974
90,0,imagen.jpeg,78,batchnorm,1x384x14x14,0.077664
90,0,imagen.jpeg,79,activacion,1x384x14x14,0.250521
90,0,imagen.jpeg,80,depthwise_conv,1x384x14x14,0.77251
90,0,imagen.jpeg,81,batchnorm,1x384x14x14,0.135447
90,0,imagen.jpeg,82,activacion,1x384x14x14,0.216584
90,0,imagen.jpeg,83,pointwise_conv,1x384x14x14,2.680202
90,0,imagen.jpeg,84,batchnorm,1x64x14x14,0.010909
90,0,imagen.jpeg,85,layer_add,1x64x14x14,0.005564
90,0,imagen.jpeg,86,pointwise_conv,1x64x14x14,2.691497
90,0,imagen.jpeg,87,batchnorm,1x384x14x14,0.065333
90,0,imagen.jpeg,88,activacion,1x384x14x14,0.245201
90,0,imagen.jpeg,89,depthwise_conv,1x384x14x14,0.756385
90,0,imagen.jpeg,90,batchnorm,1x384x14x14,0.06595
90,0,imagen.jpeg,91,activacion,1x384x14x14,0.237726
90,0,imagen.jpeg,92,pointwise_conv,1x384x14x14,3.981996
90,0,imagen.jpeg,93,batchnorm,1x96x14x14,0.016238
90,0,imagen.jpeg,94,pointwise_conv,1x96x14x14,6.02094
90,0,imagen.jpeg,95,batchnorm,1x576x14x14,0.106181
90,0,imagen.jpeg,96,activacion,1x576x14x14,0.368052
90,0,imagen.jpeg,97,depthwise_conv,1x576x14x14,1.135561
90,0,imagen.jpeg,98,batchnorm,1x576x14x14,0.169225
90,0,imagen.jpeg,99,activacion,1x576x14x14,0.319667
90,0,imagen.jpeg,100,pointwise_conv,1x576x14x14,5.987566
90,0,imagen.jpeg,101,batchnorm,1x96x14x14,0.01743
90,0,imagen.jpeg,102,layer_add,1x96x14x14,0.012763
90,0,imagen.jpeg,103,pointwise_conv,1x96x14x14,6.04729
90,0,imagen.jpeg,104,batchnorm,1x576x14x14,0.104527
90,0,imagen.jpeg,105,activacion,1x576x14x14,0.371484
90,0,imagen.jpeg,106,depthwise_conv,1x576x14x14,1.152279
90,0,imagen.jpeg,107,batchnorm,1x576x14x14,0.1621
90,0,imagen.jpeg,108,activacion,1x576x14x14,0.313361
90,0,imagen.jpeg,109,pointwise_conv,1x576x14x14,6.051782
90,0,imagen.jpeg,110,batchnorm,1x96x14x14,0.017641
90,0,imagen.jpeg,111,layer_add,1x96x14x14,0.009823
90,0,imagen.jpeg,112,pointwise_conv,1x96x14x14,6.046975
90,0,imagen.jpeg,113,batchnorm,1x576x14x14,0.101857
90,0,imagen.jpeg,114,activacion,1x576x14x14,0.314387
90,0,imagen.jpeg,115,depthwise_conv,1x576x14x14,0.26672
90,0,imagen.jpeg,116,batchnorm,1x576x7x7,0.039118
90,0,imagen.jpeg,117,activacion,1x576x7x7,0.065035
90,0,imagen.jpeg,118,pointwise_conv,1x576x7x7,2.423204
90,0,imagen.jpeg,119,batchnorm,1x160x7x7,0.007485
90,0,imagen.jpeg,120,pointwise_conv,1x160x7x7,4.12056
90,0,imagen.jpeg,121,batchnorm,1x960x7x7,0.044401
90,0,imagen.jpeg,122,activacion,1x960x7x7,0.150262
90,0,imagen.jpeg,123,depthwise_conv,1x960x7x7,0.423901
90,0,imagen.jpeg,124,batchnorm,1x960x7x7,0.042602
90,0,imagen.jpeg,125,activacion,1x960x7x7,0.144743
90,0,imagen.jpeg,126,pointwise_conv,1x960x7x7,4.072691
90,0,imagen.jpeg,127,batchnorm,1x160x7x7,0.007649
90,0,imagen.jpeg,128,layer_add,1x160x7x7,0.004321
90,0,imagen.jpeg,129,pointwise_conv,1x160x7x7,4.085773
90,0,imagen.jpeg,130,batchnorm,1x960x7x7,0.044022
90,0,imagen.jpeg,131,activacion,1x960x7x7,0.146783
90,0,imagen.jpeg,132,depthwise_conv,1x960x7x7,0.631457
90,0,imagen.jpeg,133,batchnorm,1x960x7x7,0.082797
90,0,imagen.jpeg,134,activacion,1x960x7x7,0.139764
90,0,imagen.jpeg,135,pointwise_conv,1x960x7x7,4.077577
90,0,imagen.jpeg,136,batchnorm,1x160x7x7,0.00779
90,0,imagen.jpeg,137,layer_add,1x160x7x7,0.004483
90,0,imagen.jpeg,138,pointwise_conv,1x160x7x7,4.264964
90,0,imagen.jpeg,139,batchnorm,1x960x7x7,0.045729
90,0,imagen.jpeg,140,activacion,1x960x7x7,0.117685
90,0,imagen.jpeg,141,depthwise_conv,1x960x7x7,0.437117
90,0,imagen.jpeg,142,batchnorm,1x960x7x7,0.048244
90,0,imagen.jpeg,143,activacion,1x960x7x7,0.088268
90,0,imagen.jpeg,144,pointwise_conv,1x960x7x7,8.324276
90,0,imagen.jpeg,145,batchnorm,1x320x7x7,0.015716
90,0,imagen.jpeg,146,pointwise_conv,1x320x7x7,11.17136
90,0,imagen.jpeg,147,batchnorm,1x1280x7x7,0.062352
90,0,imagen.jpeg,148,activacion,1x1280x7x7,0.182976
90,0,imagen.jpeg,149,pooling,1x1280x7x7,0.039164
90,0,imagen.jpeg,150,linear,1x1280,1.382659
91,0,imagen.jpeg,0,conv2d,1x3x224x224,12.863546
91,0,imagen.jpeg,1,batchnorm,1x32x112x112,0.462207
91,0,imagen.jpeg,2,activacion,1x32x112x112,0.64568
91,0,imagen.jpeg,3,depthwise_conv,1x32x112x112,3.88153
91,0,imagen.jpeg,4,batchnorm,1x32x112x112,2.337528
91,0,imagen.jpeg,5,activacion,1x32x112x112,0.790829
91,0,imagen.jpeg,6,pointwise_conv,1x32x112x112,3.577776
91,0,imagen.jpeg,7,batchnorm,1x16x112x112,0.172244
91,0,imagen.jpeg,8,pointwise_conv,1x16x112x112,11.471698
91,0,imagen.jpeg,9,batchnorm,1x96x112x112,2.128634
91,0,imagen.jpeg,10,activacion,1x96x112x112,3.392488
91,0,imagen.jpeg,11,depthwise_conv,1x96x112x112,3.049997
91,0,imagen.jpeg,12,batchnorm,1x96x56x56,0.277512
91,0,imagen.jpeg,13,activacion,1x96x56x56,1.00359
91,0,imagen.jpeg,14,pointwise_conv,1x96x56x56,3.925783
91,0,imagen.jpeg,15,batchnorm,1x24x56x56,0.062316
91,0,imagen.jpeg,16,pointwise_conv,1x24x56x56,6.830235
91,0,imagen.jpeg,17,batchnorm,1x144x56x56,0.947251
91,0,imagen.jpeg,18,activacion,1x144x56x56,1.290191
91,0,imagen.jpeg,19,depthwise_conv,1x144x56x56,4.389711
91,0,imagen.jpeg,20,batchnorm,1x144x56x56,0.898187
91,0,imagen.jpeg,21,activacion,1x144x56x56,1.575436
91,0,imagen.jpeg,22,pointwise_conv,1x144x56x56,5.904674
91,0,imagen.jpeg,23,batchnorm,1x24x56x56,0.065362
91,0,imagen.jpeg,24,layer_add,1x24x56x56,0.04449
91,0,imagen.jpeg,25,pointwise_conv,1x24x56x56,5.968423
91,0,imagen.jpeg,26,batchnorm,1x144x56x56,0.444249
91,0,imagen.jpeg,27,activacion,1x144x56x56,1.451507
91,0,imagen.jpeg,28,depthwise_conv,1x144x56x56,1.103264
91,0,imagen.jpeg,29,batchnorm,1x144x28x28,0.096579
91,0,imagen.jpeg,30,activacion,1x144x28x28,0.343385
91,0,imagen.jpeg,31,pointwise_conv,1x144x28x28,1.947701
91,0,imagen.jpeg,32,batchnorm,1x32x28x28,0.021205
91,0,imagen.jpeg,33,pointwise_conv,1x32x28x28,2.641227
91,0,imagen.jpeg,34,batchnorm,1x192x28x28,0.135162
91,0,imagen.jpeg,35,activacion,1x192x28x28,0.373322
91,0,imagen.jpeg,36,depthwise_conv,1x192x28x28,1.450703
91,0,imagen.jpeg,37,batchnorm,1x192x28x28,0.127632
91,0,imagen.jpeg,38,activacion,1x192x28x28,0.526329
91,0,imagen.jpeg,39,pointwise_conv,1x192x28x28,3.628826
91,0,imagen.jpeg,40,batchnorm,1x32x28x28,0.041371
91,0,imagen.jpeg,41,layer_add,1x32x28x28,0.039677
91,0,imagen.jpeg,42,pointwise_conv,1x32x28x28,4.723971
91,0,imagen.jpeg,43,batchnorm,1x192x28x28,0.144211
91,0,imagen.jpeg,44,activacion,1x192x28x28,0.43971
91,0,imagen.jpeg,45,depthwise_conv,1x192x28x28,1.512579
91,0,imagen.jpeg,46,batchnorm,1x192x28x28,0.165807
91,0,imagen.jpeg,47,activacion,1x192x28x28,0.552642
91,0,imagen.jpeg,48,pointwise_conv,1x192x28x28,2.666992
91,0,imagen.jpeg,49,batchnorm,1x32x28x28,0.021496
91,0,imagen.jpeg,50,layer_add,1x32x28x28,0.014074
91,0,imagen.jpeg,51,pointwise_conv,1x32x28x28,2.711471
91,0,imagen.jpeg,52,batchnorm,1x192x28x28,0.16079
91,0,imagen.jpeg,53,activacion,1x192x28x28,0.578936
91,0,imagen.jpeg,54,depthwise_conv,1x192x28x28,0.770284
91,0,imagen.jpeg,55,batchnorm,1x192x14x14,0.055464
91,0,imagen.jpeg,56,activacion,1x192x14x14,0.117412
91,0,imagen.jpeg,57,pointwise_conv,1x192x14x14,2.603262
91,0,imagen.jpeg,58,batchnorm,1x64x14x14,0.018473
91,0,imagen.jpeg,59,pointwise_conv,1x64x14x14,4.9066
91,0,imagen.jpeg,60,batchnorm,1x384x14x14,0.071489
91,0,imagen.jpeg,61,activacion,1x384x14x14,0.195603
91,0,imagen.jpeg,62,depthwise_conv,1x384x14x14,0.797713
91,0,imagen.jpeg,63,batchnorm,1x384x14x14,0.068282
91,0,imagen.jpeg,64,activacion,1x384x14x14,0.271988
91,0,imagen.jpeg,65,pointwise_conv,1x384x14x14,3.112093
91,0,imagen.jpeg,66,batchnorm,1x64x14x14,0.016941
91,0,imagen.jpeg,67,layer_add,1x64x14x14,0.011957
91,0,imagen.jpeg,68,pointwise_conv,1x64x14x14,2.879847
91,0,imagen.jpeg,69,batchnorm,1x384x14x14,0.07983
91,0,imagen.jpeg,70,activacion,1x384x14x14,0.266337
91,0,imagen.jpeg,71,depthwise_conv,1x384x14x14,0.791901
91,0,imagen.jpeg,72,batchnorm,1x384x14x14,0.099307
91,0,imagen.jpeg,73,activacion,1x384x14x14,0.263029
91,0,imagen.jpeg,74,pointwise_conv,1x384x14x14,2.692446
91,0,imagen.jpeg,75,batchnorm,1x64x14x14,0.011146
91,0,imagen.jpeg,76,layer_add,1x64x14x14,0.007066
91,0,imagen.jpeg,77,pointwise_conv,1x64x14x14,2.988079
91,0,imagen.jpeg,78,batchnorm,1x384x14x14,0.069777
91,0,imagen.jpeg,79,activacion,1x384x14x14,0.251601
91,0,imagen.jpeg,80,depthwise_conv,1x384x14x14,0.806754
91,0,imagen.jpeg,81,batchnorm,1x384x14x14,0.144034
91,0,imagen.jpeg,82,activacion,1x384x14x14,0.232926
91,0,imagen.jpeg,83,pointwise_conv,1x384x14x14,2.738502
91,0,imagen.jpeg,84,batchnorm,1x64x14x14,0.012209
91,0,imagen.jpeg,85,layer_add,1x64x14x14,0.006697
91,0,imagen.jpeg,86,pointwise_conv,1x64x14x14,2.80662
91,0,imagen.jpeg,87,batchnorm,1x384x14x14,0.069299
91,0,imagen.jpeg,88,activacion,1x384x14x14,0.258433
91,0,imagen.jpeg,89,depthwise_conv,1x384x14x14,0.770444
91,0,imagen.jpeg,90,batchnorm,1x384x14x14,0.06746
91,0,imagen.jpeg,91,activacion,1x384x14x14,0.244163
91,0,imagen.jpeg,92,pointwise_conv,1x384x14x14,4.071452
91,0,imagen.jpeg,93,batchnorm,1x96x14x14,0.016304
91,0,imagen.jpeg,94,pointwise_conv,1x96x14x14,5.937634
91,0,imagen.jpeg,95,batchnorm,1x576x14x14,0.105081
91,0,imagen.jpeg,96,activacion,1x576x14x14,0.368904
91,0,imagen.jpeg,97,depthwise_conv,1x576x14x14,1.231789
91,0,imagen.jpeg,98,batchnorm,1x576x14x14,0.175787
91,0,imagen.jpeg,99,activacion,1x576x14x14,0.361149
91,0,imagen.jpeg,100,pointwise_conv,1x576x14x14,6.037012
91,0,imagen.jpeg,101,batchnorm,1x96x14x14,0.016292
91,0,imagen.jpeg,102,layer_add,1x96x14x14,0.013156
91,0,imagen.jpeg,103,pointwise_conv,1x96x14x14,5.942989
91,0,imagen.jpeg,104,batchnorm,1x576x14x14,0.103268
91,0,imagen.jpeg,105,activacion,1x576x14x14,0.362762
91,0,imagen.jpeg,106,depthwise_conv,1x576x14x14,1.125627
91,0,imagen.jpeg,107,batchnorm,1x576x14x14,0.157601
91,0,imagen.jpeg,108,activacion,1x576x14x14,0.309438
91,0,imagen.jpeg,109,pointwise_conv,1x576x14x14,6.123278
91,0,imagen.jpeg,110,batchnorm,1x96x14x14,0.019911
91,0,imagen.jpeg,111,layer_add,1x96x14x14,0.011099
91,0,imagen.jpeg,112,pointwise_conv,1x96x14x14,6.041967
91,0,imagen.jpeg,113,batchnorm,1x576x14x14,0.104889
91,0,imagen.jpeg,114,activacion,1x576x14x14,0.314704
91,0,imagen.jpeg,115,depthwise_conv,1x576x14x14,0.267032
91,0,imagen.jpeg,116,batchnorm,1x576x7x7,0.029867
91,0,imagen.jpeg,117,activacion,1x576x7x7,0.065425
91,0,imagen.jpeg,118,pointwise_conv,1x576x7x7,2.443544
91,0,imagen.jpeg,119,batchnorm,1x160x7x7,0.007382
91,0,imagen.jpeg,120,pointwise_conv,1x160x7x7,4.22359
91,0,imagen.jpeg,121,batchnorm,1x960x7x7,0.048171
91,0,imagen.jpeg,122,activacion,1x960x7x7,0.154508
91,0,imagen.jpeg,123,depthwise_conv,1x960x7x7,0.456422
91,0,imagen.jpeg,124,batchnorm,1x960x7x7,0.042875
91,0,imagen.jpeg,125,activacion,1x960x7x7,0.156708
91,0,imagen.jpeg,126,pointwise_conv,1x960x7x7,4.083427
91,0,imagen.jpeg,127,batchnorm,1x160x7x7,0.007665
91,0,imagen.jpeg,128,layer_add,1x160x7x7,0.00407
91,0,imagen.jpeg,129,pointwise_conv,1x160x7x7,4.101044
91,0,imagen.jpeg,130,batchnorm,1x960x7x7,0.042462
91,0,imagen.jpeg,131,activacion,1x960x7x7,0.14218
91,0,imagen.jpeg,132,depthwise_conv,1x960x7x7,0.465325
91,0,imagen.jpeg,133,batchnorm,1x960x7x7,0.053674
91,0,imagen.jpeg,134,activacion,1x960x7x7,0.125125
91,0,imagen.jpeg,135,pointwise_conv,1x960x7x7,4.067946
91,0,imagen.jpeg,136,batchnorm,1x160x7x7,0.007738
91,0,imagen.jpeg,137,layer_add,1x160x7x7,0.004109
91,0,imagen.jpeg,138,pointwise_conv,1x160x7x7,4.132416
91,0,imagen.jpeg,139,batchnorm,1x960x7x7,0.044128
91,0,imagen.jpeg,140,activacion,1x960x7x7,0.117279
91,0,imagen.jpeg,141,depthwise_conv,1x960x7x7,0.437209
91,0,imagen.jpeg,142,batchnorm,1x960x7x7,0.047461
91,0,imagen.jpeg,143,activacion,1x960x7x7,0.090061
91,0,imagen.jpeg,144,pointwise_conv,1x960x7x7,8.196306
91,0,imagen.jpeg,145,batchnorm,1x320x7x7,0.015577
91,0,imagen.jpeg,146,pointwise_conv,1x320x7x7,10.942517
91,0,imagen.jpeg,147,batchnorm,1x1280x7x7,0.064481
91,0,imagen.jpeg,148,activacion,1x1280x7x7,0.187238
91,0,imagen.jpeg,149,pooling,1x1280x7x7,0.040522
91,0,imagen.jpeg,150,linear,1x1280,1.423446
92,0,imagen.jpeg,0,conv2d,1x3x224x224,12.004183
92,0,imagen.jpeg,1,batchnorm,1x32x112x112,0.429986
92,0,imagen.jpeg,2,activacion,1x32x112x112,0.621399
92,0,imagen.jpeg,3,depthwise_conv,1x32x112x112,3.771787
92,0,imagen.jpeg,4,batchnorm,1x32x112x112,2.350466
92,0,imagen.jpeg,5,activacion,1x32x112x112,0.741701
92,0,imagen.jpeg,6,pointwise_conv,1x32x112x112,3.538197
92,0,imagen.jpeg,7,batchnorm,1x16x112x112,0.182152
92,0,imagen.jpeg,8,pointwise_conv,1x16x112x112,11.350099
92,0,imagen.jpeg,9,batchnorm,1x96x112x112,2.134968
92,0,imagen.jpeg,10,activacion,1x96x112x112,3.363039
92,0,imagen.jpeg,11,depthwise_conv,1x96x112x112,3.052749
92,0,imagen.jpeg,12,batchnorm,1x96x56x56,0.294312
92,0,imagen.jpeg,13,activacion,1x96x56x56,0.993859
92,0,imagen.jpeg,14,pointwise_conv,1x96x56x56,3.831306
92,0,imagen.jpeg,15,batchnorm,1x24x56x56,0.062278
92,0,imagen.jpeg,16,pointwise_conv,1x24x56x56,6.558666
92,0,imagen.jpeg,17,batchnorm,1x144x56x56,0.881476
92,0,imagen.jpeg,18,activacion,1x144x56x56,1.240526
92,0,imagen.jpeg,19,depthwise_conv,1x144x56x56,4.35717
92,0,imagen.jpeg,20,batchnorm,1x144x56x56,0.894945
92,0,imagen.jpeg,21,activacion,1x144x56x56,1.574719
92,0,imagen.jpeg,22,pointwise_conv,1x144x56x56,6.32205
92,0,imagen.jpeg,23,batchnorm,1x24x56x56,0.087695
92,0,imagen.jpeg,24,layer_add,1x24x56x56,0.051856
92,0,imagen.jpeg,25,pointwise_conv,1x24x56x56,6.068946
92,0,imagen.jpeg,26,batchnorm,1x144x56x56,0.465738
92,0,imagen.jpeg,27,activacion,1x144x56x56,1.544627
92,0,imagen.jpeg,28,depthwise_conv,1x144x56x56,1.143421
92,0,imagen.jpeg,29,batchnorm,1x144x28x28,0.100927
92,0,imagen.jpeg,30,activacion,1x144x28x28,0.351679
92,0,imagen.jpeg,31,pointwise_conv,1x144x28x28,1.996841
92,0,imagen.jpeg,32,batchnorm,1x32x28x28,0.022365
92,0,imagen.jpeg,33,pointwise_conv,1x32x28x28,2.663646
92,0,imagen.jpeg,34,batchnorm,1x192x28x28,0.147026
92,0,imagen.jpeg,35,activacion,1x192x28x28,0.385498
92,0,imagen.jpeg,36,depthwise_conv,1x192x28x28,1.48934
92,0,imagen.jpeg,37,batchnorm,1x192x28x28,0.130176
92,0,imagen.jpeg,38,activacion,1x192x28x28,0.557578
92,0,imagen.jpeg,39,pointwise_conv,1x192x28x28,2.604759
92,0,imagen.jpeg,40,batchnorm,1x32x28x28,0.020933
92,0,imagen.jpeg,41,layer_add,1x32x28x28,0.01281
92,0,imagen.jpeg,42,pointwise_conv,1x32x28x28,2.592661
92,0,imagen.jpeg,43,batchnorm,1x192x28x28,0.125701
92,0,imagen.jpeg,44,activacion,1x192x28x28,0.427471
92,0,imagen.jpeg,45,depthwise_conv,1x192x28x28,1.449416
92,0,imagen.jpeg,46,batchnorm,1x192x28x28,0.125414
92,0,imagen.jpeg,47,activacion,1x192x28x28,0.494005
92,0,imagen.jpeg,48,pointwise_conv,1x192x28x28,2.647276
92,0,imagen.jpeg,49,batchnorm,1x32x28x28,0.021798
92,0,imagen.jpeg,50,layer_add,1x32x28x28,0.012658
92,0,imagen.jpeg,51,pointwise_conv,1x32x28x28,2.629592
92,0,imagen.jpeg,52,batchnorm,1x192x28x28,0.120775
92,0,imagen.jpeg,53,activacion,1x192x28x28,0.515503
92,0,imagen.jpeg,54,depthwise_conv,1x192x28x28,0.362693
92,0,imagen.jpeg,55,batchnorm,1x192x14x14,0.034295
92,0,imagen.jpeg,56,activacion,1x192x14x14,0.096046
92,0,imagen.jpeg,57,pointwise_conv,1x192x14x14,1.322766
92,0,imagen.jpeg,58,batchnorm,1x64x14x14,0.011013
92,0,imagen.jpeg,59,pointwise_conv,1x64x14x14,2.641204
92,0,imagen.jpeg,60,batchnorm,1x384x14x14,0.063976
92,0,imagen.jpeg,61,activacion,1x384x14x14,0.18351
92,0,imagen.jpeg,62,depthwise_conv,1x384x14x14,0.731609
92,0,imagen.jpeg,63,batchnorm,1x384x14x14,0.064609
92,0,imagen.jpeg,64,activacion,1x384x14x14,0.255189
92,0,imagen.jpeg,65,pointwise_conv,1x384x14x14,2.677304
92,0,imagen.jpeg,66,batchnorm,1x64x14x14,0.013473
92,0,imagen.jpeg,67,layer_add,1x64x14x14,0.0301
92,0,imagen.jpeg,68,pointwise_conv,1x64x14x14,2.65832
92,0,imagen.jpeg,69,batchnorm,1x384x14x14,0.063577
92,0,imagen.jpeg,70,activacion,1x384x14x14,0.269035
92,0,imagen.jpeg,71,depthwise_conv,1x384x14x14,0.725664
92,0,imagen.jpeg,72,batchnorm,1x384x14x14,0.092712
92,0,imagen.jpeg,73,activacion,1x384x14x14,0.278679
92,0,imagen.jpeg,74,pointwise_conv,1x384x14x14,2.799724
92,0,imagen.jpeg,75,batchnorm,1x64x14x14,0.010994
92,0,imagen.jpeg,76,layer_add,1x64x14x14,0.00573
92,0,imagen.jpeg,77,pointwise_conv,1x64x14x14,3.106134
92,0,imagen.jpeg,78,batchnorm,1x384x14x14,0.074008
92,0,imagen.jpeg,79,activacion,1x384x14x14,0.253685
92,0,imagen.jpeg,80,depthwise_conv,1x384x14x14,0.752641
92,0,imagen.jpeg,81,batchnorm,1x384x14x14,0.139531
92,0,imagen.jpeg,82,activacion,1x384x14x14,0.224056
92,0,imagen.jpeg,83,pointwise_conv,1x384x14x14,2.648248
92,0,imagen.jpeg,84,batchnorm,1x64x14x14,0.011346
92,0,imagen.jpeg,85,layer_add,1x64x14x14,0.006683
92,0,imagen.jpeg,86,pointwise_conv,1x64x14x14,2.663491
92,0,imagen.jpeg,87,batchnorm,1x384x14x14,0.065992
92,0,imagen.jpeg,88,activacion,1x384x14x14,0.252917
92,0,imagen.jpeg,89,depthwise_conv,1x384x14x14,0.750337
92,0,imagen.jpeg,90,batchnorm,1x384x14x14,0.065254
92,0,imagen.jpeg,91,activacion,1x384x14x14,0.237936
92,0,imagen.jpeg,92,pointwise_conv,1x384x14x14,4.095658
92,0,imagen.jpeg,93,batchnorm,1x96x14x14,0.018843
92,0,imagen.jpeg,94,pointwise_conv,1x96x14x14,6.183302
92,0,imagen.jpeg,95,batchnorm,1x576x14x14,0.114673
92,0,imagen.jpeg,96,activacion,1x576x14x14,0.381054
92,0,imagen.jpeg,97,depthwise_conv,1x576x14x14,1.156709
92,0,imagen.jpeg,98,batchnorm,1x576x14x14,0.177673
92,0,imagen.jpeg,99,activacion,1x576x14x14,0.344785
92,0,imagen.jpeg,100,pointwise_conv,1x576x14x14,6.047209
92,0,imagen.jpeg,101,batchnorm,1x96x14x14,0.01661
92,0,imagen.jpeg,102,layer_add,1x96x14x14,0.012534
92,0,imagen.jpeg,103,pointwise_conv,1x96x14x14,6.527655
92,0,imagen.jpeg,104,batchnorm,1x576x14x14,0.105649
92,0,imagen.jpeg,105,activacion,1x576x14x14,0.391391
92,0,imagen.jpeg,106,depthwise_conv,1x576x14x14,1.132701
92,0,imagen.jpeg,107,batchnorm,1x576x14x14,0.169089
92,0,imagen.jpeg,108,activacion,1x576x14x14,0.320621
92,0,imagen.jpeg,109,pointwise_conv,1x576x14x14,6.182134
92,0,imagen.jpeg,110,batchnorm,1x96x14x14,0.031415
92,0,imagen.jpeg,111,layer_add,1x96x14x14,0.009892
92,0,imagen.jpeg,112,pointwise_conv,1x96x14x14,6.194816
92,0,imagen.jpeg,113,batchnorm,1x576x14x14,0.104657
92,0,imagen.jpeg,114,activacion,1x576x14x14,0.315923
92,0,imagen.jpeg,115,depthwise_conv,1x576x14x14,0.273384
92,0,imagen.jpeg,116,batchnorm,1x576x7x7,0.030298
92,0,imagen.jpeg,117,activacion,1x576x7x7,0.065201
92,0,imagen.jpeg,118,pointwise_conv,1x576x7x7,2.443049
92,0,imagen.jpeg,119,batchnorm,1x160x7x7,0.007684
92,0,imagen.jpeg,120,pointwise_conv,1x160x7x7,4.109168
92,0,imagen.jpeg,121,batchnorm,1x960x7x7,0.044383
92,0,imagen.jpeg,122,activacion,1x960x7x7,0.154569
92,0,imagen.jpeg,123,depthwise_conv,1x960x7x7,0.433372
92,0,imagen.jpeg,124,batchnorm,1x960x7x7,0.044039
92,0,imagen.jpeg,125,activacion,1x960x7x7,0.14274
92,0,imagen.jpeg,126,pointwise_conv,1x960x7x7,4.047886
92,0,imagen.jpeg,127,batchnorm,1x160x7x7,0.008253
92,0,imagen.jpeg,128,layer_add,1x160x7x7,0.009213
92,0,imagen.jpeg,129,pointwise_conv,1x160x7x7,4.109911
92,0,imagen.jpeg,130,batchnorm,1x960x7x7,0.04471
92,0,imagen.jpeg,131,activacion,1x960x7x7,0.157924
92,0,imagen.jpeg,132,depthwise_conv,1x960x7x7,0.436464
92,0,imagen.jpeg,133,batchnorm,1x960x7x7,0.055102
92,0,imagen.jpeg,134,activacion,1x960x7x7,0.131639
92,0,imagen.jpeg,135,pointwise_conv,1x960x7x7,4.045378
92,0,imagen.jpeg,136,batchnorm,1x160x7x7,0.007538
92,0,imagen.jpeg,137,layer_add,1x160x7x7,0.0039
92,0,imagen.jpeg,138,pointwise_conv,1x160x7x7,4.11678
92,0,imagen.jpeg,139,batchnorm,1x960x7x7,0.043517
92,0,imagen.jpeg,140,activacion,1x960x7x7,0.117258
92,0,imagen.jpeg,141,depthwise_conv,1x960x7x7,0.442987
92,0,imagen.jpeg,142,batchnorm,1x960x7x7,0.047536
92,0,imagen.jpeg,143,activacion,1x960x7x7,0.089952
92,0,imagen.jpeg,144,pointwise_conv,1x960x7x7,8.160967
92,0,imagen.jpeg,145,batchnorm,1x320x7x7,0.015389
92,0,imagen.jpeg,146,pointwise_conv,1x320x7x7,10.854951
92,0,imagen.jpeg,147,batchnorm,1x1280x7x7,0.063222
92,0,imagen.jpeg,148,activacion,1x1280x7x7,0.18145
92,0,imagen.jpeg,149,pooling,1x1280x7x7,0.039171
92,0,imagen.jpeg,150,linear,1x1280,1.388989
93,0,imagen.jpeg,0,conv2d,1x3x224x224,12.249711
93,0,imagen.jpeg,1,batchnorm,1x32x112x112,0.441336
93,0,imagen.jpeg,2,activacion,1x32x112x112,0.689237
93,0,imagen.jpeg,3,depthwise_conv,1x32x112x112,3.990624
93,0,imagen.jpeg,4,batchnorm,1x32x112x112,2.325655
93,0,imagen.jpeg,5,activacion,1x32x112x112,0.742064
93,0,imagen.jpeg,6,pointwise_conv,1x32x112x112,3.488017
93,0,imagen.jpeg,7,batchnorm,1x16x112x112,0.175194
93,0,imagen.jpeg,8,pointwise_conv,1x16x112x112,11.367764
93,0,imagen.jpeg,9,batchnorm,1x96x112x112,2.125855
93,0,imagen.jpeg,10,activacion,1x96x112x112,3.365634
93,0,imagen.jpeg,11,depthwise_conv,1x96x112x112,3.286845
93,0,imagen.jpeg,12,batchnorm,1x96x56x56,0.284098
93,0,imagen.jpeg,13,activacion,1x96x56x56,1.00289
93,0,imagen.jpeg,14,pointwise_conv,1x96x56x56,3.917427
93,0,imagen.jpeg,15,batchnorm,1x24x56x56,0.06231
93,0,imagen.jpeg,16,pointwise_conv,1x24x56x56,6.447578
93,0,imagen.jpeg,17,batchnorm,1x144x56x56,0.876665
93,0,imagen.jpeg,18,activacion,1x144x56x56,1.31001
93,0,imagen.jpeg,19,depthwise_conv,1x144x56x56,4.36963
93,0,imagen.jpeg,20,batchnorm,1x144x56x56,0.897628
93,0,imagen.jpeg,21,activacion,1x144x56x56,1.573096
93,0,imagen.jpeg,22,pointwise_conv,1x144x56x56,5.742959
93,0,imagen.jpeg,23,batchnorm,1x24x56x56,0.060685
93,0,imagen.jpeg,24,layer_add,1x24x56x56,0.0427
93,0,imagen.jpeg,25,pointwise_conv,1x24x56x56,6.039395
93,0,imagen.jpeg,26,batchnorm,1x144x56x56,0.435233
93,0,imagen.jpeg,27,activacion,1x144x56x56,1.463203
93,0,imagen.jpeg,28,depthwise_conv,1x144x56x56,1.138395
93,0,imagen.jpeg,29,batchnorm,1x144x28x28,0.096159
93,0,imagen.jpeg,30,activacion,1x144x28x28,0.34421
93,0,imagen.jpeg,31,pointwise_conv,1x144x28x28,1.974558
93,0,imagen.jpeg,32,batchnorm,1x32x28x28,0.021315
93,0,imagen.jpeg,33,pointwise_conv,1x32x28x28,2.62726
93,0,imagen.jpeg,34,batchnorm,1x192x28x28,0.15296
93,0,imagen.jpeg,35,activacion,1x192x28x28,0.35476
93,0,imagen.jpeg,36,depthwise_conv,1x192x28x28,1.440216
93,0,imagen.jpeg,37,batchnorm,1x192x28x28,0.129522
93,0,imagen.jpeg,38,activacion,1x192x28x28,0.5206
93,0,imagen.jpeg,39,pointwise_conv,1x192x28x28,2.609073
93,0,imagen.jpeg,40,batchnorm,1x32x28x28,0.028508
93,0,imagen.jpeg,41,layer_add,1x32x28x28,0.040408
93,0,imagen.jpeg,42,pointwise_conv,1x32x28x28,2.686375
93,0,imagen.jpeg,43,batchnorm,1x192x28x28,0.125056
93,0,imagen.jpeg,44,activacion,1x192x28x28,0.424565
93,0,imagen.jpeg,45,depthwise_conv,1x192x28x28,1.452091
93,0,imagen.jpeg,46,batchnorm,1x192x28x28,0.125612
93,0,imagen.jpeg,47,activacion,1x192x28x28,0.496494
93,0,imagen.jpeg,48,pointwise_conv,1x192x28x28,2.581351
93,0,imagen.jpeg,49,batchnorm,1x32x28x28,0.020796
93,0,imagen.jpeg,50,layer_add,1x32x28x28,0.011936
93,0,imagen.jpeg,51,pointwise_conv,1x32x28x28,2.63852
93,0,imagen.jpeg,52,batchnorm,1x192x28x28,0.12568
93,0,imagen.jpeg,53,activacion,1x192x28x28,0.47575
93,0,imagen.jpeg,54,depthwise_conv,1x192x28x28,0.374064
93,0,imagen.jpeg,55,batchnorm,1x192x14x14,0.033237
93,0,imagen.jpeg,56,activacion,1x192x14x14,0.097075
93,0,imagen.jpeg,57,pointwise_conv,1x192x14x14,1.310257
93,0,imagen.jpeg,58,batchnorm,1x64x14x14,0.011429
93,0,imagen.jpeg,59,pointwise_conv,1x64x14x14,2.689398
93,0,imagen.jpeg,60,batchnorm,1x384x14x14,0.100311
93,0,imagen.jpeg,61,activacion,1x384x14x14,0.226834
93,0,imagen.jpeg,62,depthwise_conv,1x384x14x14,0.747638
93,0,imagen.jpeg,63,batchnorm,1x384x14x14,0.069303
93,0,imagen.jpeg,64,activacion,1x384x14x14,0.293575
93,0,imagen.jpeg,65,pointwise_conv,1x384x14x14,2.859135
93,0,imagen.jpeg,66,batchnorm,1x64x14x14,0.012486
93,0,imagen.jpeg,67,layer_add,1x64x14x14,0.007249
93,0,imagen.jpeg,68,pointwise_conv,1x64x14x14,2.717424
93,0,imagen.jpeg,69,batchnorm,1x384x14x14,0.070837
93,0,imagen.jpeg,70,activacion,1x384x14x14,0.235997
93,0,imagen.jpeg,71,depthwise_conv,1x384x14x14,0.756171
93,0,imagen.jpeg,72,batchnorm,1x384x14x14,0.098922
93,0,imagen.jpeg,73,activacion,1x384x14x14,0.253378
93,0,imagen.jpeg,74,pointwise_conv,1x384x14x14,2.650047
93,0,imagen.jpeg,75,batchnorm,1x64x14x14,0.011024
93,0,imagen.jpeg,76,layer_add,1x64x14x14,0.005769
93,0,imagen.jpeg,77,pointwise_conv,1x64x14x14,3.115078
93,0,imagen.jpeg,78,batchnorm,1x384x14x14,0.072622
93,0,imagen.jpeg,79,activacion,1x384x14x14,0.26028
93,0,imagen.jpeg,80,depthwise_conv,1x384x14x14,0.780898
93,0,imagen.jpeg,81,batchnorm,1x384x14x14,0.139289
93,0,imagen.jpeg,82,activacion,1x384x14x14,0.239416
93,0,imagen.jpeg,83,pointwise_conv,1x384x14x14,3.100529
93,0,imagen.jpeg,84,batchnorm,1x64x14x14,0.011478
93,0,imagen.jpeg,85,layer_add,1x64x14x14,0.007114
93,0,imagen.jpeg,86,pointwise_conv,1x64x14x14,2.701023
93,0,imagen.jpeg,87,batchnorm,1x384x14x14,0.069263
93,0,imagen.jpeg,88,activacion,1x384x14x14,0.265148
93,0,imagen.jpeg,89,depthwise_conv,1x384x14x14,0.75195
93,0,imagen.jpeg,90,batchnorm,1x384x14x14,0.066066
93,0,imagen.jpeg,91,activacion,1x384x14x14,0.253734
93,0,imagen.jpeg,92,pointwise_conv,1x384x14x14,3.996771
93,0,imagen.jpeg,93,batchnorm,1x96x14x14,0.0167
93,0,imagen.jpeg,94,pointwise_conv,1x96x14x14,6.224095
93,0,imagen.jpeg,95,batchnorm,1x576x14x14,0.114517
93,0,imagen.jpeg,96,activacion,1x576x14x14,0.387391
93,0,imagen.jpeg,97,depthwise_conv,1x576x14x14,1.153769
93,0,imagen.jpeg,98,batchnorm,1x576x14x14,0.172186
93,0,imagen.jpeg,99,activacion,1x576x14x14,0.331293
93,0,imagen.jpeg,100,pointwise_conv,1x576x14x14,6.072186
93,0,imagen.jpeg,101,batchnorm,1x96x14x14,0.01763
93,0,imagen.jpeg,102,layer_add,1x96x14x14,0.013628
93,0,imagen.jpeg,103,pointwise_conv,1x96x14x14,6.07695
93,0,imagen.jpeg,104,batchnorm,1x576x14x14,0.103556
93,0,imagen.jpeg,105,activacion,1x576x14x14,0.36515
93,0,imagen.jpeg,106,depthwise_conv,1x576x14x14,1.27744
93,0,imagen.jpeg,107,batchnorm,1x576x14x14,0.165962
93,0,imagen.jpeg,108,activacion,1x576x14x14,0.314689
93,0,imagen.jpeg,109,pointwise_conv,1x576x14x14,6.049365
93,0,imagen.jpeg,110,batchnorm,1x96x14x14,0.016682
93,0,imagen.jpeg,111,layer_add,1x96x14x14,0.010164
93,0,imagen.jpeg,112,pointwise_conv,1x96x14x14,5.986182
93,0,imagen.jpeg,113,batchnorm,1x576x14x14,0.103638
93,0,imagen.jpeg,114,activacion,1x576x14x14,0.324204
93,0,imagen.jpeg,115,depthwise_conv,1x576x14x14,0.273984
93,0,imagen.jpeg,116,batchnorm,1x576x7x7,0.030423
93,0,imagen.jpeg,117,activacion,1x576x7x7,0.07029
93,0,imagen.jpeg,118,pointwise_conv,1x576x7x7,2.541473
93,0,imagen.jpeg,119,batchnorm,1x160x7x7,0.00802
93,0,imagen.jpeg,120,pointwise_conv,1x160x7x7,4.102162
93,0,imagen.jpeg,121,batchnorm,1x960x7x7,0.044752
93,0,imagen.jpeg,122,activacion,1x960x7x7,0.157835
93,0,imagen.jpeg,123,depthwise_conv,1x960x7x7,0.436567
93,0,imagen.jpeg,124,batchnorm,1x960x7x7,0.04407
93,0,imagen.jpeg,125,activacion,1x960x7x7,0.142821
93,0,imagen.jpeg,126,pointwise_conv,1x960x7x7,4.070095
93,0,imagen.jpeg,127,batchnorm,1x160x7x7,0.007437
93,0,imagen.jpeg,128,layer_add,1x160x7x7,0.003662
93,0,imagen.jpeg,129,pointwise_conv,1x160x7x7,4.106568
93,0,imagen.jpeg,130,batchnorm,1x960x7x7,0.043823
93,0,imagen.jpeg,131,activacion,1x960x7x7,0.146436
93,0,imagen.jpeg,132,depthwise_conv,1x960x7x7,0.433201
93,0,imagen.jpeg,133,batchnorm,1x960x7x7,0.055415
93,0,imagen.jpeg,134,activacion,1x960x7x7,0.132475
93,0,imagen.jpeg,135,pointwise_conv,1x960x7x7,4.165139
93,0,imagen.jpeg,136,batchnorm,1x160x7x7,0.021015
93,0,imagen.jpeg,137,layer_add,1x160x7x7,0.004177
93,0,imagen.jpeg,138,pointwise_conv,1x160x7x7,4.117689
93,0,imagen.jpeg,139,batchnorm,1x960x7x7,0.044069
93,0,imagen.jpeg,140,activacion,1x960x7x7,0.117142
93,0,imagen.jpeg,141,depthwise_conv,1x960x7x7,0.442027
93,0,imagen.jpeg,142,batchnorm,1x960x7x7,0.047647
93,0,imagen.jpeg,143,activacion,1x960x7x7,0.090197
93,0,imagen.jpeg,144,pointwise_conv,1x960x7x7,8.140563
93,0,imagen.jpeg,145,batchnorm,1x320x7x7,0.014435
93,0,imagen.jpeg,146,pointwise_conv,1x320x7x7,11.092556
93,0,imagen.jpeg,147,batchnorm,1x1280x7x7,0.062351
93,0,imagen.jpeg,148,activacion,1x1280x7x7,0.182181
93,0,imagen.jpeg,149,pooling,1x1280x7x7,0.039042
93,0,imagen.jpeg,150,linear,1x1280,1.376052
94,0,imagen.jpeg,0,conv2d,1x3x224x224,11.851419
94,0,imagen.jpeg,1,batchnorm,1x32x112x112,0.460015
94,0,imagen.jpeg,2,activacion,1x32x112x112,0.659175
94,0,imagen.jpeg,3,depthwise_conv,1x32x112x112,4.120098
94,0,imagen.jpeg,4,batchnorm,1x32x112x112,2.320237
94,0,imagen.jpeg,5,activacion,1x32x112x112,0.714214
94,0,imagen.jpeg,6,pointwise_conv,1x32x112x112,3.501241
94,0,imagen.jpeg,7,batchnorm,1x16x112x112,0.203772
94,0,imagen.jpeg,8,pointwise_conv,1x16x112x112,11.62255
94,0,imagen.jpeg,9,batchnorm,1x96x112x112,2.186095
94,0,imagen.jpeg,10,activacion,1x96x112x112,3.382876
94,0,imagen.jpeg,11,depthwise_conv,1x96x112x112,3.049638
94,0,imagen.jpeg,12,batchnorm,1x96x56x56,0.324214
94,0,imagen.jpeg,13,activacion,1x96x56x56,1.048641
94,0,imagen.jpeg,14,pointwise_conv,1x96x56x56,4.101342
94,0,imagen.jpeg,15,batchnorm,1x24x56x56,0.066937
94,0,imagen.jpeg,16,pointwise_conv,1x24x56x56,6.485683
94,0,imagen.jpeg,17,batchnorm,1x144x56x56,0.880883
94,0,imagen.jpeg,18,activacion,1x144x56x56,1.246014
94,0,imagen.jpeg,19,depthwise_conv,1x144x56x56,4.405178
94,0,imagen.jpeg,20,batchnorm,1x144x56x56,1.02405
94,0,imagen.jpeg,21,activacion,1x144x56x56,1.632025
94,0,imagen.jpeg,22,pointwise_conv,1x144x56x56,6.031811
94,0,imagen.jpeg,23,batchnorm,1x24x56x56,0.07796
94,0,imagen.jpeg,24,layer_add,1x24x56x56,0.041029
94,0,imagen.jpeg,25,pointwise_conv,1x24x56x56,5.95498
94,0,imagen.jpeg,26,batchnorm,1x144x56x56,0.438661
94,0,imagen.jpeg,27,activacion,1x144x56x56,1.528872
94,0,imagen.jpeg,28,depthwise_conv,1x144x56x56,1.289596
94,0,imagen.jpeg,29,batchnorm,1x144x28x28,0.129104
94,0,imagen.jpeg,30,activacion,1x144x28x28,0.356729
94,0,imagen.jpeg,31,pointwise_conv,1x144x28x28,2.041688
94,0,imagen.jpeg,32,batchnorm,1x32x28x28,0.023194
94,0,imagen.jpeg,33,pointwise_conv,1x32x28x28,2.681974
94,0,imagen.jpeg,34,batchnorm,1x192x28x28,0.136757
94,0,imagen.jpeg,35,activacion,1x192x28x28,0.366393
94,0,imagen.jpeg,36,depthwise_conv,1x192x28x28,1.454656
94,0,imagen.jpeg,37,batchnorm,1x192x28x28,0.126892
94,0,imagen.jpeg,38,activacion,1x192x28x28,0.517863
94,0,imagen.jpeg,39,pointwise_conv,1x192x28x28,2.577848
94,0,imagen.jpeg,40,batchnorm,1x32x28x28,0.020789
94,0,imagen.jpeg,41,layer_add,1x32x28x28,0.01328
94,0,imagen.jpeg,42,pointwise_conv,1x32x28x28,2.631255
94,0,imagen.jpeg,43,batchnorm,1x192x28x28,0.122556
94,0,imagen.jpeg,44,activacion,1x192x28x28,0.445001
94,0,imagen.jpeg,45,depthwise_conv,1x192x28x28,1.458383
94,0,imagen.jpeg,46,batchnorm,1x192x28x28,0.126447
94,0,imagen.jpeg,47,activacion,1x192x28x28,0.50692
94,0,imagen.jpeg,48,pointwise_conv,1x192x28x28,2.749533
94,0,imagen.jpeg,49,batchnorm,1x32x28x28,0.023314
94,0,imagen.jpeg,50,layer_add,1x32x28x28,0.013579
94,0,imagen.jpeg,51,pointwise_conv,1x32x28x28,2.773414
94,0,imagen.jpeg,52,batchnorm,1x192x28x28,0.144704
94,0,imagen.jpeg,53,activacion,1x192x28x28,0.492521
94,0,imagen.jpeg,54,depthwise_conv,1x192x28x28,0.389607
94,0,imagen.jpeg,55,batchnorm,1x192x14x14,0.034978
94,0,imagen.jpeg,56,activacion,1x192x14x14,0.098767
94,0,imagen.jpeg,57,pointwise_conv,1x192x14x14,1.363802
94,0,imagen.jpeg,58,batchnorm,1x64x14x14,0.011158
94,0,imagen.jpeg,59,pointwise_conv,1x64x14x14,2.711955
94,0,imagen.jpeg,60,batchnorm,1x384x14x14,0.066842
94,0,imagen.jpeg,61,activacion,1x384x14x14,0.208213
94,0,imagen.jpeg,62,depthwise_conv,1x384x14x14,0.770481
94,0,imagen.jpeg,63,batchnorm,1x384x14x14,0.067487
94,0,imagen.jpeg,64,activacion,1x384x14x14,0.27005
94,0,imagen.jpeg,65,pointwise_conv,1x384x14x14,2.709419
94,0,imagen.jpeg,66,batchnorm,1x64x14x14,0.024822
94,0,imagen.jpeg,67,layer_add,1x64x14x14,0.006116
94,0,imagen.jpeg,68,pointwise_conv,1x64x14x14,2.864734
94,0,imagen.jpeg,69,batchnorm,1x384x14x14,0.074002
94,0,imagen.jpeg,70,activacion,1x384x14x14,0.244951
94,0,imagen.jpeg,71,depthwise_conv,1x384x14x14,0.770127
94,0,imagen.jpeg,72,batchnorm,1x384x14x14,0.09855
94,0,imagen.jpeg,73,activacion,1x384x14x14,0.25297
94,0,imagen.jpeg,74,pointwise_conv,1x384x14x14,3.017654
94,0,imagen.jpeg,75,batchnorm,1x64x14x14,0.01762
94,0,imagen.jpeg,76,layer_add,1x64x14x14,0.010932
94,0,imagen.jpeg,77,pointwise_conv,1x64x14x14,2.863756
94,0,imagen.jpeg,78,batchnorm,1x384x14x14,0.0701
94,0,imagen.jpeg,79,activacion,1x384x14x14,0.270554
94,0,imagen.jpeg,80,depthwise_conv,1x384x14x14,0.772998
94,0,imagen.jpeg,81,batchnorm,1x384x14x14,0.144092
94,0,imagen.jpeg,82,activacion,1x384x14x14,0.234268
94,0,imagen.jpeg,83,pointwise_conv,1x384x14x14,2.714685
94,0,imagen.jpeg,84,batchnorm,1x64x14x14,0.011206
94,0,imagen.jpeg,85,layer_add,1x64x14x14,0.006212
94,0,imagen.jpeg,86,pointwise_conv,1x64x14x14,2.672558
94,0,imagen.jpeg,87,batchnorm,1x384x14x14,0.063537
94,0,imagen.jpeg,88,activacion,1x384x14x14,0.287866
94,0,imagen.jpeg,89,depthwise_conv,1x384x14x14,0.88005
94,0,imagen.jpeg,90,batchnorm,1x384x14x14,0.130346
94,0,imagen.jpeg,91,activacion,1x384x14x14,0.242085
94,0,imagen.jpeg,92,pointwise_conv,1x384x14x14,4.081779
94,0,imagen.jpeg,93,batchnorm,1x96x14x14,0.016193
94,0,imagen.jpeg,94,pointwise_conv,1x96x14x14,6.057442
94,0,imagen.jpeg,95,batchnorm,1x576x14x14,0.102958
94,0,imagen.jpeg,96,activacion,1x576x14x14,0.380959
94,0,imagen.jpeg,97,depthwise_conv,1x576x14x14,1.135152
94,0,imagen.jpeg,98,batchnorm,1x576x14x14,0.173009
94,0,imagen.jpeg,99,activacion,1x576x14x14,0.328792
94,0,imagen.jpeg,100,pointwise_conv,1x576x14x14,6.049503
94,0,imagen.jpeg,101,batchnorm,1x96x14x14,0.016166
94,0,imagen.jpeg,102,layer_add,1x96x14x14,0.012843
94,0,imagen.jpeg,103,pointwise_conv,1x96x14x14,5.927076
94,0,imagen.jpeg,104,batchnorm,1x576x14x14,0.115212
94,0,imagen.jpeg,105,activacion,1x576x14x14,0.362076
94,0,imagen.jpeg,106,depthwise_conv,1x576x14x14,1.120856
94,0,imagen.jpeg,107,batchnorm,1x576x14x14,0.153603
94,0,imagen.jpeg,108,activacion,1x576x14x14,0.295915
94,0,imagen.jpeg,109,pointwise_conv,1x576x14x14,5.972106
94,0,imagen.jpeg,110,batchnorm,1x96x14x14,0.017347
94,0,imagen.jpeg,111,layer_add,1x96x14x14,0.009743
94,0,imagen.jpeg,112,pointwise_conv,1x96x14x14,5.987043
94,0,imagen.jpeg,113,batchnorm,1x576x14x14,0.100698
94,0,imagen.jpeg,114,activacion,1x576x14x14,0.313153
94,0,imagen.jpeg,115,depthwise_conv,1x576x14x14,0.266661
94,0,imagen.jpeg,116,batchnorm,1x576x7x7,0.03014
94,0,imagen.jpeg,117,activacion,1x576x7x7,0.064891
94,0,imagen.jpeg,118,pointwise_conv,1x576x7x7,2.457059
94,0,imagen.jpeg,119,batchnorm,1x160x7x7,0.007745
94,0,imagen.jpeg,120,pointwise_conv,1x160x7x7,4.08201
94,0,imagen.jpeg,121,batchnorm,1x960x7x7,0.043434
94,0,imagen.jpeg,122,activacion,1x960x7x7,0.15005
94,0,imagen.jpeg,123,depthwise_conv,1x960x7x7,0.461955
94,0,imagen.jpeg,124,batchnorm,1x960x7x7,0.044371
94,0,imagen.jpeg,125,activacion,1x960x7x7,0.141637
94,0,imagen.jpeg,126,pointwise_conv,1x960x7x7,4.04913
94,0,imagen.jpeg,127,batchnorm,1x160x7x7,0.007629
94,0,imagen.jpeg,128,layer_add,1x160x7x7,0.004194
94,0,imagen.jpeg,129,pointwise_conv,1x160x7x7,4.086242
94,0,imagen.jpeg,130,batchnorm,1x960x7x7,0.043152
94,0,imagen.jpeg,131,activacion,1x960x7x7,0.143944
94,0,imagen.jpeg,132,depthwise_conv,1x960x7x7,0.469619
94,0,imagen.jpeg,133,batchnorm,1x960x7x7,0.055156
94,0,imagen.jpeg,134,activacion,1x960x7x7,0.127967
94,0,imagen.jpeg,135,pointwise_conv,1x960x7x7,4.01047
94,0,imagen.jpeg,136,batchnorm,1x160x7x7,0.00737
94,0,imagen.jpeg,137,layer_add,1x160x7x7,0.003646
94,0,imagen.jpeg,138,pointwise_conv,1x160x7x7,4.09521
94,0,imagen.jpeg,139,batchnorm,1x960x7x7,0.04972
94,0,imagen.jpeg,140,activacion,1x960x7x7,0.117316
94,0,imagen.jpeg,141,depthwise_conv,1x960x7x7,0.446443
94,0,imagen.jpeg,142,batchnorm,1x960x7x7,0.047726
94,0,imagen.jpeg,143,activacion,1x960x7x7,0.089831
94,0,imagen.jpeg,144,pointwise_conv,1x960x7x7,8.175936
94,0,imagen.jpeg,145,batchnorm,1x320x7x7,0.015407
94,0,imagen.jpeg,146,pointwise_conv,1x320x7x7,10.934415
94,0,imagen.jpeg,147,batchnorm,1x1280x7x7,0.063612
94,0,imagen.jpeg,148,activacion,1x1280x7x7,0.187208
94,0,imagen.jpeg,149,pooling,1x1280x7x7,0.040193
94,0,imagen.jpeg,150,linear,1x1280,1.447361
95,0,imagen.jpeg,0,conv2d,1x3x224x224,12.040139
95,0,imagen.jpeg,1,batchnorm,1x32x112x112,0.467401
95,0,imagen.jpeg,2,activacion,1x32x112x112,0.635204
95,0,imagen.jpeg,3,depthwise_conv,1x32x112x112,3.857397
95,0,imagen.jpeg,4,batchnorm,1x32x112x112,2.313836
95,0,imagen.jpeg,5,activacion,1x32x112x112,0.694998
95,0,imagen.jpeg,6,pointwise_conv,1x32x112x112,3.631219
95,0,imagen.jpeg,7,batchnorm,1x16x112x112,0.194299
95,0,imagen.jpeg,8,pointwise_conv,1x16x112x112,11.440778
95,0,imagen.jpeg,9,batchnorm,1x96x112x112,2.221696
95,0,imagen.jpeg,10,activacion,1x96x112x112,3.373238
95,0,imagen.jpeg,11,depthwise_conv,1x96x112x112,3.077795
95,0,imagen.jpeg,12,batchnorm,1x96x56x56,0.278668
95,0,imagen.jpeg,13,activacion,1x96x56x56,0.986945
95,0,imagen.jpeg,14,pointwise_conv,1x96x56x56,4.221967
95,0,imagen.jpeg,15,batchnorm,1x24x56x56,0.068127
95,0,imagen.jpeg,16,pointwise_conv,1x24x56x56,6.466614
95,0,imagen.jpeg,17,batchnorm,1x144x56x56,0.867155
95,0,imagen.jpeg,18,activacion,1x144x56x56,1.27047
95,0,imagen.jpeg,19,depthwise_conv,1x144x56x56,4.406195
95,0,imagen.jpeg,20,batchnorm,1x144x56x56,0.891157
95,0,imagen.jpeg,21,activacion,1x144x56x56,1.568635
95,0,imagen.jpeg,22,pointwise_conv,1x144x56x56,5.859765
95,0,imagen.jpeg,23,batchnorm,1x24x56x56,0.098508
95,0,imagen.jpeg,24,layer_add,1x24x56x56,0.082406
95,0,imagen.jpeg,25,pointwise_conv,1x24x56x56,6.185809
95,0,imagen.jpeg,26,batchnorm,1x144x56x56,0.463499
95,0,imagen.jpeg,27,activacion,1x144x56x56,1.515961
95,0,imagen.jpeg,28,depthwise_conv,1x144x56x56,1.144574
95,0,imagen.jpeg,29,batchnorm,1x144x28x28,0.095376
95,0,imagen.jpeg,30,activacion,1x144x28x28,0.341661
95,0,imagen.jpeg,31,pointwise_conv,1x144x28x28,1.979866
95,0,imagen.jpeg,32,batchnorm,1x32x28x28,0.021244
95,0,imagen.jpeg,33,pointwise_conv,1x32x28x28,2.638422
95,0,imagen.jpeg,34,batchnorm,1x192x28x28,0.126936
95,0,imagen.jpeg,35,activacion,1x192x28x28,0.378058
95,0,imagen.jpeg,36,depthwise_conv,1x192x28x28,1.759582
95,0,imagen.jpeg,37,batchnorm,1x192x28x28,0.154507
95,0,imagen.jpeg,38,activacion,1x192x28x28,0.536633
95,0,imagen.jpeg,39,pointwise_conv,1x192x28x28,2.683388
95,0,imagen.jpeg,40,batchnorm,1x32x28x28,0.022519
95,0,imagen.jpeg,41,layer_add,1x32x28x28,0.014707
95,0,imagen.jpeg,42,pointwise_conv,1x32x28x28,2.659972
95,0,imagen.jpeg,43,batchnorm,1x192x28x28,0.143947
95,0,imagen.jpeg,44,activacion,1x192x28x28,0.4174
95,0,imagen.jpeg,45,depthwise_conv,1x192x28x28,1.452556
95,0,imagen.jpeg,46,batchnorm,1x192x28x28,0.129872
95,0,imagen.jpeg,47,activacion,1x192x28x28,0.511835
95,0,imagen.jpeg,48,pointwise_conv,1x192x28x28,2.65931
95,0,imagen.jpeg,49,batchnorm,1x32x28x28,0.020653
95,0,imagen.jpeg,50,layer_add,1x32x28x28,0.013226
95,0,imagen.jpeg,51,pointwise_conv,1x32x28x28,2.642663
95,0,imagen.jpeg,52,batchnorm,1x192x28x28,0.122245
95,0,imagen.jpeg,53,activacion,1x192x28x28,0.493537
95,0,imagen.jpeg,54,depthwise_conv,1x192x28x28,0.376915
95,0,imagen.jpeg,55,batchnorm,1x192x14x14,0.034489
95,0,imagen.jpeg,56,activacion,1x192x14x14,0.096254
95,0,imagen.jpeg,57,pointwise_conv,1x192x14x14,1.393043
95,0,imagen.jpeg,58,batchnorm,1x64x14x14,0.012549
95,0,imagen.jpeg,59,pointwise_conv,1x64x14x14,2.964014
95,0,imagen.jpeg,60,batchnorm,1x384x14x14,0.075054
95,0,imagen.jpeg,61,activacion,1x384x14x14,0.191401
95,0,imagen.jpeg,62,depthwise_conv,1x384x14x14,0.791317
95,0,imagen.jpeg,63,batchnorm,1x384x14x14,0.069923
95,0,imagen.jpeg,64,activacion,1x384x14x14,0.27141
95,0,imagen.jpeg,65,pointwise_conv,1x384x14x14,2.70164
95,0,imagen.jpeg,66,batchnorm,1x64x14x14,0.011447
95,0,imagen.jpeg,67,layer_add,1x64x14x14,0.007298
95,0,imagen.jpeg,68,pointwise_conv,1x64x14x14,2.677532
95,0,imagen.jpeg,69,batchnorm,1x384x14x14,0.0666
95,0,imagen.jpeg,70,activacion,1x384x14x14,0.242911
95,0,imagen.jpeg,71,depthwise_conv,1x384x14x14,0.754518
95,0,imagen.jpeg,72,batchnorm,1x384x14x14,0.094805
95,0,imagen.jpeg,73,activacion,1x384x14x14,0.24571
95,0,imagen.jpeg,74,pointwise_conv,1x384x14x14,2.840725
95,0,imagen.jpeg,75,batchnorm,1x64x14x14,0.016953
95,0,imagen.jpeg,76,layer_add,1x64x14x14,0.009766
95,0,imagen.jpeg,77,pointwise_conv,1x64x14x14,3.013684
95,0,imagen.jpeg,78,batchnorm,1x384x14x14,0.082137
95,0,imagen.jpeg,79,activacion,1x384x14x14,0.255131
95,0,imagen.jpeg,80,depthwise_conv,1x384x14x14,0.763797
95,0,imagen.jpeg,81,batchnorm,1x384x14x14,0.148219
95,0,imagen.jpeg,82,activacion,1x384x14x14,0.233218
95,0,imagen.jpeg,83,pointwise_conv,1x384x14x14,2.709695
95,0,imagen.jpeg,84,batchnorm,1x64x14x14,0.011135
95,0,imagen.jpeg,85,layer_add,1x64x14x14,0.006135
95,0,imagen.jpeg,86,pointwise_conv,1x64x14x14,2.642469
95,0,imagen.jpeg,87,batchnorm,1x384x14x14,0.062223
95,0,imagen.jpeg,88,activacion,1x384x14x14,0.2821
95,0,imagen.jpeg,89,depthwise_conv,1x384x14x14,0.733471
95,0,imagen.jpeg,90,batchnorm,1x384x14x14,0.062148
95,0,imagen.jpeg,91,activacion,1x384x14x14,0.267852
95,0,imagen.jpeg,92,pointwise_conv,1x384x14x14,4.038785
95,0,imagen.jpeg,93,batchnorm,1x96x14x14,0.016254
95,0,imagen.jpeg,94,pointwise_conv,1x96x14x14,6.171988
95,0,imagen.jpeg,95,batchnorm,1x576x14x14,0.133458
95,0,imagen.jpeg,96,activacion,1x576x14x14,0.393355
95,0,imagen.jpeg,97,depthwise_conv,1x576x14x14,1.120707
95,0,imagen.jpeg,98,batchnorm,1x576x14x14,0.172409
95,0,imagen.jpeg,99,activacion,1x576x14x14,0.328099
95,0,imagen.jpeg,100,pointwise_conv,1x576x14x14,6.224325
95,0,imagen.jpeg,101,batchnorm,1x96x14x14,0.017192
95,0,imagen.jpeg,102,layer_add,1x96x14x14,0.01339
95,0,imagen.jpeg,103,pointwise_conv,1x96x14x14,6.133174
95,0,imagen.jpeg,104,batchnorm,1x576x14x14,0.10575
95,0,imagen.jpeg,105,activacion,1x576x14x14,0.375634
95,0,imagen.jpeg,106,depthwise_conv,1x576x14x14,1.140559
95,0,imagen.jpeg,107,batchnorm,1x576x14x14,0.157874
95,0,imagen.jpeg,108,activacion,1x576x14x14,0.311175
95,0,imagen.jpeg,109,pointwise_conv,1x576x14x14,5.965999
95,0,imagen.jpeg,110,batchnorm,1x96x14x14,0.016695
95,0,imagen.jpeg,111,layer_add,1x96x14x14,0.009362
95,0,imagen.jpeg,112,pointwise_conv,1x96x14x14,6.101907
95,0,imagen.jpeg,113,batchnorm,1x576x14x14,0.10339
95,0,imagen.jpeg,114,activacion,1x576x14x14,0.335186
95,0,imagen.jpeg,115,depthwise_conv,1x576x14x14,0.273654
95,0,imagen.jpeg,116,batchnorm,1x576x7x7,0.030544
95,0,imagen.jpeg,117,activacion,1x576x7x7,0.066902
95,0,imagen.jpeg,118,pointwise_conv,1x576x7x7,2.41839
95,0,imagen.jpeg,119,batchnorm,1x160x7x7,0.007193
95,0,imagen.jpeg,120,pointwise_conv,1x160x7x7,4.053261
95,0,imagen.jpeg,121,batchnorm,1x960x7x7,0.044689
95,0,imagen.jpeg,122,activacion,1x960x7x7,0.153863
95,0,imagen.jpeg,123,depthwise_conv,1x960x7x7,0.43451
95,0,imagen.jpeg,124,batchnorm,1x960x7x7,0.047051
95,0,imagen.jpeg,125,activacion,1x960x7x7,0.143586
95,0,imagen.jpeg,126,pointwise_conv,1x960x7x7,4.030495
95,0,imagen.jpeg,127,batchnorm,1x160x7x7,0.00739
95,0,imagen.jpeg,128,layer_add,1x160x7x7,0.003543
95,0,imagen.jpeg,129,pointwise_conv,1x160x7x7,4.218908
95,0,imagen.jpeg,130,batchnorm,1x960x7x7,0.044582
95,0,imagen.jpeg,131,activacion,1x960x7x7,0.146668
95,0,imagen.jpeg,132,depthwise_conv,1x960x7x7,0.453398
95,0,imagen.jpeg,133,batchnorm,1x960x7x7,0.053641
95,0,imagen.jpeg,134,activacion,1x960x7x7,0.124264
95,0,imagen.jpeg,135,pointwise_conv,1x960x7x7,4.058136
95,0,imagen.jpeg,136,batchnorm,1x160x7x7,0.007287
95,0,imagen.jpeg,137,layer_add,1x160x7x7,0.00406
95,0,imagen.jpeg,138,pointwise_conv,1x160x7x7,4.056171
95,0,imagen.jpeg,139,batchnorm,1x960x7x7,0.04368
95,0,imagen.jpeg,140,activacion,1x960x7x7,0.116908
95,0,imagen.jpeg,141,depthwise_conv,1x960x7x7,0.439345
95,0,imagen.jpeg,142,batchnorm,1x960x7x7,0.047352
95,0,imagen.jpeg,143,activacion,1x960x7x7,0.09027
95,0,imagen.jpeg,144,pointwise_conv,1x960x7x7,8.334113
95,0,imagen.jpeg,145,batchnorm,1x320x7x7,0.019572
95,0,imagen.jpeg,146,pointwise_conv,1x320x7x7,10.922722
95,0,imagen.jpeg,147,batchnorm,1x1280x7x7,0.060902
95,0,imagen.jpeg,148,activacion,1x1280x7x7,0.1766
95,0,imagen.jpeg,149,pooling,1x1280x7x7,0.038272
95,0,imagen.jpeg,150,linear,1x1280,1.361934
96,0,imagen.jpeg,0,conv2d,1x3x224x224,11.827574
96,0,imagen.jpeg,1,batchnorm,1x32x112x112,0.567288
96,0,imagen.jpeg,2,activacion,1x32x112x112,0.639334
96,0,imagen.jpeg,3,depthwise_conv,1x32x112x112,3.929435
96,0,imagen.jpeg,4,batchnorm,1x32x112x112,2.232643
96,0,imagen.jpeg,5,activacion,1x32x112x112,0.689163
96,0,imagen.jpeg,6,pointwise_conv,1x32x112x112,3.942366
96,0,imagen.jpeg,7,batchnorm,1x16x112x112,0.297938
96,0,imagen.jpeg,8,pointwise_conv,1x16x112x112,20.91423
96,0,imagen.jpeg,9,batchnorm,1x96x112x112,3.130394
96,0,imagen.jpeg,10,activacion,1x96x112x112,4.108527
96,0,imagen.jpeg,11,depthwise_conv,1x96x112x112,3.178057
96,0,imagen.jpeg,12,batchnorm,1x96x56x56,0.281503
96,0,imagen.jpeg,13,activacion,1x96x56x56,1.014992
96,0,imagen.jpeg,14,pointwise_conv,1x96x56x56,4.00792
96,0,imagen.jpeg,15,batchnorm,1x24x56x56,0.064189
96,0,imagen.jpeg,16,pointwise_conv,1x24x56x56,8.04587
96,0,imagen.jpeg,17,batchnorm,1x144x56x56,0.928744
96,0,imagen.jpeg,18,activacion,1x144x56x56,1.293365
96,0,imagen.jpeg,19,depthwise_conv,1x144x56x56,4.52306
96,0,imagen.jpeg,20,batchnorm,1x144x56x56,0.981889
96,0,imagen.jpeg,21,activacion,1x144x56x56,1.816044
96,0,imagen.jpeg,22,pointwise_conv,1x144x56x56,6.341571
96,0,imagen.jpeg,23,batchnorm,1x24x56x56,0.066094
96,0,imagen.jpeg,24,layer_add,1x24x56x56,0.041359
96,0,imagen.jpeg,25,pointwise_conv,1x24x56x56,5.979247
96,0,imagen.jpeg,26,batchnorm,1x144x56x56,0.423493
96,0,imagen.jpeg,27,activacion,1x144x56x56,1.543386
96,0,imagen.jpeg,28,depthwise_conv,1x144x56x56,1.262333
96,0,imagen.jpeg,29,batchnorm,1x144x28x28,0.148561
96,0,imagen.jpeg,30,activacion,1x144x28x28,0.365018
96,0,imagen.jpeg,31,pointwise_conv,1x144x28x28,2.063138
96,0,imagen.jpeg,32,batchnorm,1x32x28x28,0.022446
96,0,imagen.jpeg,33,pointwise_conv,1x32x28x28,2.732319
96,0,imagen.jpeg,34,batchnorm,1x192x28x28,0.13042
96,0,imagen.jpeg,35,activacion,1x192x28x28,0.381754
96,0,imagen.jpeg,36,depthwise_conv,1x192x28x28,1.513292
96,0,imagen.jpeg,37,batchnorm,1x192x28x28,0.129107
96,0,imagen.jpeg,38,activacion,1x192x28x28,0.511075
96,0,imagen.jpeg,39,pointwise_conv,1x192x28x28,2.65478
96,0,imagen.jpeg,40,batchnorm,1x32x28x28,0.021651
96,0,imagen.jpeg,41,layer_add,1x32x28x28,0.014397
96,0,imagen.jpeg,42,pointwise_conv,1x32x28x28,2.66174
96,0,imagen.jpeg,43,batchnorm,1x192x28x28,0.157748
96,0,imagen.jpeg,44,activacion,1x192x28x28,0.415001
96,0,imagen.jpeg,45,depthwise_conv,1x192x28x28,1.518313
96,0,imagen.jpeg,46,batchnorm,1x192x28x28,0.137382
96,0,imagen.jpeg,47,activacion,1x192x28x28,0.514092
96,0,imagen.jpeg,48,pointwise_conv,1x192x28x28,2.624469
96,0,imagen.jpeg,49,batchnorm,1x32x28x28,0.021596
96,0,imagen.jpeg,50,layer_add,1x32x28x28,0.014238
96,0,imagen.jpeg,51,pointwise_conv,1x32x28x28,2.98261
96,0,imagen.jpeg,52,batchnorm,1x192x28x28,0.233045
96,0,imagen.jpeg,53,activacion,1x192x28x28,0.503584
96,0,imagen.jpeg,54,depthwise_conv,1x192x28x28,0.384749
96,0,imagen.jpeg,55,batchnorm,1x192x14x14,0.038782
96,0,imagen.jpeg,56,activacion,1x192x14x14,0.098758
96,0,imagen.jpeg,57,pointwise_conv,1x192x14x14,2.081314
96,0,imagen.jpeg,58,batchnorm,1x64x14x14,0.016666
96,0,imagen.jpeg,59,pointwise_conv,1x64x14x14,5.494749
96,0,imagen.jpeg,60,batchnorm,1x384x14x14,0.132437
96,0,imagen.jpeg,61,activacion,1x384x14x14,0.293079
96,0,imagen.jpeg,62,depthwise_conv,1x384x14x14,1.576793
96,0,imagen.jpeg,63,batchnorm,1x384x14x14,0.137943
96,0,imagen.jpeg,64,activacion,1x384x14x14,0.389938
96,0,imagen.jpeg,65,pointwise_conv,1x384x14x14,6.155204
96,0,imagen.jpeg,66,batchnorm,1x64x14x14,0.02453
96,0,imagen.jpeg,67,layer_add,1x64x14x14,0.01385
96,0,imagen.jpeg,68,pointwise_conv,1x64x14x14,6.232483
96,0,imagen.jpeg,69,batchnorm,1x384x14x14,0.141897
96,0,imagen.jpeg,70,activacion,1x384x14x14,0.36802
96,0,imagen.jpeg,71,depthwise_conv,1x384x14x14,1.758849
96,0,imagen.jpeg,72,batchnorm,1x384x14x14,0.209371
96,0,imagen.jpeg,73,activacion,1x384x14x14,0.373684
96,0,imagen.jpeg,74,pointwise_conv,1x384x14x14,6.405655
96,0,imagen.jpeg,75,batchnorm,1x64x14x14,0.022976
96,0,imagen.jpeg,76,layer_add,1x64x14x14,0.012644
96,0,imagen.jpeg,77,pointwise_conv,1x64x14x14,6.105324
96,0,imagen.jpeg,78,batchnorm,1x384x14x14,0.140955
96,0,imagen.jpeg,79,activacion,1x384x14x14,0.396314
96,0,imagen.jpeg,80,depthwise_conv,1x384x14x14,1.597974
96,0,imagen.jpeg,81,batchnorm,1x384x14x14,0.246059
96,0,imagen.jpeg,82,activacion,1x384x14x14,0.361614
96,0,imagen.jpeg,83,pointwise_conv,1x384x14x14,6.17735
96,0,imagen.jpeg,84,batchnorm,1x64x14x14,0.032499
96,0,imagen.jpeg,85,layer_add,1x64x14x14,0.01501
96,0,imagen.jpeg,86,pointwise_conv,1x64x14x14,6.232468
96,0,imagen.jpeg,87,batchnorm,1x384x14x14,0.15296
96,0,imagen.jpeg,88,activacion,1x384x14x14,0.393996
96,0,imagen.jpeg,89,depthwise_conv,1x384x14x14,1.682627
96,0,imagen.jpeg,90,batchnorm,1x384x14x14,0.144007
96,0,imagen.jpeg,91,activacion,1x384x14x14,0.361832
96,0,imagen.jpeg,92,pointwise_conv,1x384x14x14,7.237915
96,0,imagen.jpeg,93,batchnorm,1x96x14x14,0.027095
96,0,imagen.jpeg,94,pointwise_conv,1x96x14x14,12.307102
96,0,imagen.jpeg,95,batchnorm,1x576x14x14,0.209939
96,0,imagen.jpeg,96,activacion,1x576x14x14,0.538276
96,0,imagen.jpeg,97,depthwise_conv,1x576x14x14,2.38103
96,0,imagen.jpeg,98,batchnorm,1x576x14x14,0.326242
96,0,imagen.jpeg,99,activacion,1x576x14x14,0.452297
96,0,imagen.jpeg,100,pointwise_conv,1x576x14x14,7.119607
96,0,imagen.jpeg,101,batchnorm,1x96x14x14,0.01935
96,0,imagen.jpeg,102,layer_add,1x96x14x14,0.01431
96,0,imagen.jpeg,103,pointwise_conv,1x96x14x14,6.886713
96,0,imagen.jpeg,104,batchnorm,1x576x14x14,0.117071
96,0,imagen.jpeg,105,activacion,1x576x14x14,0.406875
96,0,imagen.jpeg,106,depthwise_conv,1x576x14x14,1.251049
96,0,imagen.jpeg,107,batchnorm,1x576x14x14,0.175242
96,0,imagen.jpeg,108,activacion,1x576x14x14,0.33821
96,0,imagen.jpeg,109,pointwise_conv,1x576x14x14,6.428563
96,0,imagen.jpeg,110,batchnorm,1x96x14x14,0.017113
96,0,imagen.jpeg,111,layer_add,1x96x14x14,0.010121
96,0,imagen.jpeg,112,pointwise_conv,1x96x14x14,6.082741
96,0,imagen.jpeg,113,batchnorm,1x576x14x14,0.117508
96,0,imagen.jpeg,114,activacion,1x576x14x14,0.32935
96,0,imagen.jpeg,115,depthwise_conv,1x576x14x14,0.277247
96,0,imagen.jpeg,116,batchnorm,1x576x7x7,0.030924
96,0,imagen.jpeg,117,activacion,1x576x7x7,0.066931
96,0,imagen.jpeg,118,pointwise_conv,1x576x7x7,2.527066
96,0,imagen.jpeg,119,batchnorm,1x160x7x7,0.007363
96,0,imagen.jpeg,120,pointwise_conv,1x160x7x7,4.061004
96,0,imagen.jpeg,121,batchnorm,1x960x7x7,0.041398
96,0,imagen.jpeg,122,activacion,1x960x7x7,0.147792
96,0,imagen.jpeg,123,depthwise_conv,1x960x7x7,0.423022
96,0,imagen.jpeg,124,batchnorm,1x960x7x7,0.041628
96,0,imagen.jpeg,125,activacion,1x960x7x7,0.151607
96,0,imagen.jpeg,126,pointwise_conv,1x960x7x7,4.19006
96,0,imagen.jpeg,127,batchnorm,1x160x7x7,0.00881
96,0,imagen.jpeg,128,layer_add,1x160x7x7,0.004948
96,0,imagen.jpeg,129,pointwise_conv,1x160x7x7,4.063256
96,0,imagen.jpeg,130,batchnorm,1x960x7x7,0.047581
96,0,imagen.jpeg,131,activacion,1x960x7x7,0.143115
96,0,imagen.jpeg,132,depthwise_conv,1x960x7x7,0.445108
96,0,imagen.jpeg,133,batchnorm,1x960x7x7,0.058534
96,0,imagen.jpeg,134,activacion,1x960x7x7,0.129044
96,0,imagen.jpeg,135,pointwise_conv,1x960x7x7,4.15393
96,0,imagen.jpeg,136,batchnorm,1x160x7x7,0.007328
96,0,imagen.jpeg,137,layer_add,1x160x7x7,0.004689
96,0,imagen.jpeg,138,pointwise_conv,1x160x7x7,4.150609
96,0,imagen.jpeg,139,batchnorm,1x960x7x7,0.042784
96,0,imagen.jpeg,140,activacion,1x960x7x7,0.111859
96,0,imagen.jpeg,141,depthwise_conv,1x960x7x7,0.45372
96,0,imagen.jpeg,142,batchnorm,1x960x7x7,0.047524
96,0,imagen.jpeg,143,activacion,1x960x7x7,0.086333
96,0,imagen.jpeg,144,pointwise_conv,1x960x7x7,8.83096
96,0,imagen.jpeg,145,batchnorm,1x320x7x7,0.016143
96,0,imagen.jpeg,146,pointwise_conv,1x320x7x7,12.227762
96,0,imagen.jpeg,147,batchnorm,1x1280x7x7,0.119855
96,0,imagen.jpeg,148,activacion,1x1280x7x7,0.233682
96,0,imagen.jpeg,149,pooling,1x1280x7x7,0.061653
96,0,imagen.jpeg,150,linear,1x1280,1.655371
97,0,imagen.jpeg,0,conv2d,1x3x224x224,21.550833
97,0,imagen.jpeg,1,batchnorm,1x32x112x112,0.460201
97,0,imagen.jpeg,2,activacion,1x32x112x112,0.694485
97,0,imagen.jpeg,3,depthwise_conv,1x32x112x112,4.226972
97,0,imagen.jpeg,4,batchnorm,1x32x112x112,2.417284
97,0,imagen.jpeg,5,activacion,1x32x112x112,0.882889
97,0,imagen.jpeg,6,pointwise_conv,1x32x112x112,4.214413
97,0,imagen.jpeg,7,batchnorm,1x16x112x112,0.205081
97,0,imagen.jpeg,8,pointwise_conv,1x16x112x112,12.182994
97,0,imagen.jpeg,9,batchnorm,1x96x112x112,2.259919
97,0,imagen.jpeg,10,activacion,1x96x112x112,3.475066
97,0,imagen.jpeg,11,depthwise_conv,1x96x112x112,3.147615
97,0,imagen.jpeg,12,batchnorm,1x96x56x56,0.290865
97,0,imagen.jpeg,13,activacion,1x96x56x56,1.003799
97,0,imagen.jpeg,14,pointwise_conv,1x96x56x56,3.888819
97,0,imagen.jpeg,15,batchnorm,1x24x56x56,0.061834
97,0,imagen.jpeg,16,pointwise_conv,1x24x56x56,6.580172
97,0,imagen.jpeg,17,batchnorm,1x144x56x56,0.90512
97,0,imagen.jpeg,18,activacion,1x144x56x56,1.267346
97,0,imagen.jpeg,19,depthwise_conv,1x144x56x56,4.467405
97,0,imagen.jpeg,20,batchnorm,1x144x56x56,0.922603
97,0,imagen.jpeg,21,activacion,1x144x56x56,1.618873
97,0,imagen.jpeg,22,pointwise_conv,1x144x56x56,6.150809
97,0,imagen.jpeg,23,batchnorm,1x24x56x56,0.103874
97,0,imagen.jpeg,24,layer_add,1x24x56x56,0.047427
97,0,imagen.jpeg,25,pointwise_conv,1x24x56x56,6.170166
97,0,imagen.jpeg,26,batchnorm,1x144x56x56,0.428208
97,0,imagen.jpeg,27,activacion,1x144x56x56,1.529453
97,0,imagen.jpeg,28,depthwise_conv,1x144x56x56,1.13219
97,0,imagen.jpeg,29,batchnorm,1x144x28x28,0.121566
97,0,imagen.jpeg,30,activacion,1x144x28x28,0.362599
97,0,imagen.jpeg,31,pointwise_conv,1x144x28x28,1.997924
97,0,imagen.jpeg,32,batchnorm,1x32x28x28,0.021551
97,0,imagen.jpeg,33,pointwise_conv,1x32x28x28,2.667295
97,0,imagen.jpeg,34,batchnorm,1x192x28x28,0.173315
97,0,imagen.jpeg,35,activacion,1x192x28x28,0.361319
97,0,imagen.jpeg,36,depthwise_conv,1x192x28x28,1.457558
97,0,imagen.jpeg,37,batchnorm,1x192x28x28,0.133853
97,0,imagen.jpeg,38,activacion,1x192x28x28,0.541802
97,0,imagen.jpeg,39,pointwise_conv,1x192x28x28,2.628427
97,0,imagen.jpeg,40,batchnorm,1x32x28x28,0.021875
97,0,imagen.jpeg,41,layer_add,1x32x28x28,0.013622
97,0,imagen.jpeg,42,pointwise_conv,1x32x28x28,2.687354
97,0,imagen.jpeg,43,batchnorm,1x192x28x28,0.123345
97,0,imagen.jpeg,44,activacion,1x192x28x28,0.43146
97,0,imagen.jpeg,45,depthwise_conv,1x192x28x28,1.451009
97,0,imagen.jpeg,46,batchnorm,1x192x28x28,0.135157
97,0,imagen.jpeg,47,activacion,1x192x28x28,0.498045
97,0,imagen.jpeg,48,pointwise_conv,1x192x28x28,2.581415
97,0,imagen.jpeg,49,batchnorm,1x32x28x28,0.020469
97,0,imagen.jpeg,50,layer_add,1x32x28x28,0.011485
97,0,imagen.jpeg,51,pointwise_conv,1x32x28x28,2.699883
97,0,imagen.jpeg,52,batchnorm,1x192x28x28,0.132003
97,0,imagen.jpeg,53,activacion,1x192x28x28,0.485681
97,0,imagen.jpeg,54,depthwise_conv,1x192x28x28,0.371979
97,0,imagen.jpeg,55,batchnorm,1x192x14x14,0.033655
97,0,imagen.jpeg,56,activacion,1x192x14x14,0.096778
97,0,imagen.jpeg,57,pointwise_conv,1x192x14x14,1.373569
97,0,imagen.jpeg,58,batchnorm,1x64x14x14,0.013239
97,0,imagen.jpeg,59,pointwise_conv,1x64x14x14,2.778149
97,0,imagen.jpeg,60,batchnorm,1x384x14x14,0.071748
97,0,imagen.jpeg,61,activacion,1x384x14x14,0.191799
97,0,imagen.jpeg,62,depthwise_conv,1x384x14x14,0.791713
97,0,imagen.jpeg,63,batchnorm,1x384x14x14,0.068244
97,0,imagen.jpeg,64,activacion,1x384x14x14,0.271776
97,0,imagen.jpeg,65,pointwise_conv,1x384x14x14,2.697115
97,0,imagen.jpeg,66,batchnorm,1x64x14x14,0.014521
97,0,imagen.jpeg,67,layer_add,1x64x14x14,0.007078
97,0,imagen.jpeg,68,pointwise_conv,1x64x14x14,2.67718
97,0,imagen.jpeg,69,batchnorm,1x384x14x14,0.10767
97,0,imagen.jpeg,70,activacion,1x384x14x14,0.229703
97,0,imagen.jpeg,71,depthwise_conv,1x384x14x14,0.760863
97,0,imagen.jpeg,72,batchnorm,1x384x14x14,0.094886
97,0,imagen.jpeg,73,activacion,1x384x14x14,0.244713
97,0,imagen.jpeg,74,pointwise_conv,1x384x14x14,2.679976
97,0,imagen.jpeg,75,batchnorm,1x64x14x14,0.010789
97,0,imagen.jpeg,76,layer_add,1x64x14x14,0.005643
97,0,imagen.jpeg,77,pointwise_conv,1x64x14x14,2.846692
97,0,imagen.jpeg,78,batchnorm,1x384x14x14,0.068304
97,0,imagen.jpeg,79,activacion,1x384x14x14,0.253297
97,0,imagen.jpeg,80,depthwise_conv,1x384x14x14,0.781355
97,0,imagen.jpeg,81,batchnorm,1x384x14x14,0.142808
97,0,imagen.jpeg,82,activacion,1x384x14x14,0.244453
97,0,imagen.jpeg,83,pointwise_conv,1x384x14x14,2.708063
97,0,imagen.jpeg,84,batchnorm,1x64x14x14,0.011177
97,0,imagen.jpeg,85,layer_add,1x64x14x14,0.005952
97,0,imagen.jpeg,86,pointwise_conv,1x64x14x14,2.694833
97,0,imagen.jpeg,87,batchnorm,1x384x14x14,0.063808
97,0,imagen.jpeg,88,activacion,1x384x14x14,0.245761
97,0,imagen.jpeg,89,depthwise_conv,1x384x14x14,0.762085
97,0,imagen.jpeg,90,batchnorm,1x384x14x14,0.080004
97,0,imagen.jpeg,91,activacion,1x384x14x14,0.239723
97,0,imagen.jpeg,92,pointwise_conv,1x384x14x14,3.980921
97,0,imagen.jpeg,93,batchnorm,1x96x14x14,0.016399
97,0,imagen.jpeg,94,pointwise_conv,1x96x14x14,7.493072
97,0,imagen.jpeg,95,batchnorm,1x576x14x14,0.115821
97,0,imagen.jpeg,96,activacion,1x576x14x14,0.386634
97,0,imagen.jpeg,97,depthwise_conv,1x576x14x14,1.149947
97,0,imagen.jpeg,98,batchnorm,1x576x14x14,0.195801
97,0,imagen.jpeg,99,activacion,1x576x14x14,0.352625
97,0,imagen.jpeg,100,pointwise_conv,1x576x14x14,6.105473
97,0,imagen.jpeg,101,batchnorm,1x96x14x14,0.020566
97,0,imagen.jpeg,102,layer_add,1x96x14x14,0.017327
97,0,imagen.jpeg,103,pointwise_conv,1x96x14x14,6.038572
97,0,imagen.jpeg,104,batchnorm,1x576x14x14,0.153957
97,0,imagen.jpeg,105,activacion,1x576x14x14,0.377531
97,0,imagen.jpeg,106,depthwise_conv,1x576x14x14,1.154038
97,0,imagen.jpeg,107,batchnorm,1x576x14x14,0.16678
97,0,imagen.jpeg,108,activacion,1x576x14x14,0.310752
97,0,imagen.jpeg,109,pointwise_conv,1x576x14x14,6.236353
97,0,imagen.jpeg,110,batchnorm,1x96x14x14,0.019056
97,0,imagen.jpeg,111,layer_add,1x96x14x14,0.011058
97,0,imagen.jpeg,112,pointwise_conv,1x96x14x14,6.093672
97,0,imagen.jpeg,113,batchnorm,1x576x14x14,0.107135
97,0,imagen.jpeg,114,activacion,1x576x14x14,0.314915
97,0,imagen.jpeg,115,depthwise_conv,1x576x14x14,0.273478
97,0,imagen.jpeg,116,batchnorm,1x576x7x7,0.063623
97,0,imagen.jpeg,117,activacion,1x576x7x7,0.065289
97,0,imagen.jpeg,118,pointwise_conv,1x576x7x7,2.502546
97,0,imagen.jpeg,119,batchnorm,1x160x7x7,0.007444
97,0,imagen.jpeg,120,pointwise_conv,1x160x7x7,4.085749
97,0,imagen.jpeg,121,batchnorm,1x960x7x7,0.044062
97,0,imagen.jpeg,122,activacion,1x960x7x7,0.153409
97,0,imagen.jpeg,123,depthwise_conv,1x960x7x7,0.448627
97,0,imagen.jpeg,124,batchnorm,1x960x7x7,0.043838
97,0,imagen.jpeg,125,activacion,1x960x7x7,0.142906
97,0,imagen.jpeg,126,pointwise_conv,1x960x7x7,4.155933
97,0,imagen.jpeg,127,batchnorm,1x160x7x7,0.011036
97,0,imagen.jpeg,128,layer_add,1x160x7x7,0.004057
97,0,imagen.jpeg,129,pointwise_conv,1x160x7x7,4.147587
97,0,imagen.jpeg,130,batchnorm,1x960x7x7,0.044544
97,0,imagen.jpeg,131,activacion,1x960x7x7,0.147315
97,0,imagen.jpeg,132,depthwise_conv,1x960x7x7,0.436556
97,0,imagen.jpeg,133,batchnorm,1x960x7x7,0.055123
97,0,imagen.jpeg,134,activacion,1x960x7x7,0.130404
97,0,imagen.jpeg,135,pointwise_conv,1x960x7x7,4.115335
97,0,imagen.jpeg,136,batchnorm,1x160x7x7,0.007489
97,0,imagen.jpeg,137,layer_add,1x160x7x7,0.003986
97,0,imagen.jpeg,138,pointwise_conv,1x160x7x7,4.07112
97,0,imagen.jpeg,139,batchnorm,1x960x7x7,0.052855
97,0,imagen.jpeg,140,activacion,1x960x7x7,0.118369
97,0,imagen.jpeg,141,depthwise_conv,1x960x7x7,0.436904
97,0,imagen.jpeg,142,batchnorm,1x960x7x7,0.047496
97,0,imagen.jpeg,143,activacion,1x960x7x7,0.089683
97,0,imagen.jpeg,144,pointwise_conv,1x960x7x7,8.213441
97,0,imagen.jpeg,145,batchnorm,1x320x7x7,0.016013
97,0,imagen.jpeg,146,pointwise_conv,1x320x7x7,10.926341
97,0,imagen.jpeg,147,batchnorm,1x1280x7x7,0.06594
97,0,imagen.jpeg,148,activacion,1x1280x7x7,0.192215
97,0,imagen.jpeg,149,pooling,1x1280x7x7,0.040954
97,0,imagen.jpeg,150,linear,1x1280,1.464256
98,0,imagen.jpeg,0,conv2d,1x3x224x224,12.168258
98,0,imagen.jpeg,1,batchnorm,1x32x112x112,0.552445
98,0,imagen.jpeg,2,activacion,1x32x112x112,0.674006
98,0,imagen.jpeg,3,depthwise_conv,1x32x112x112,3.984095
98,0,imagen.jpeg,4,batchnorm,1x32x112x112,2.315181
98,0,imagen.jpeg,5,activacion,1x32x112x112,0.761038
98,0,imagen.jpeg,6,pointwise_conv,1x32x112x112,3.53192
98,0,imagen.jpeg,7,batchnorm,1x16x112x112,0.170849
98,0,imagen.jpeg,8,pointwise_conv,1x16x112x112,11.832754
98,0,imagen.jpeg,9,batchnorm,1x96x112x112,2.232673
98,0,imagen.jpeg,10,activacion,1x96x112x112,3.446477
98,0,imagen.jpeg,11,depthwise_conv,1x96x112x112,5.240964
98,0,imagen.jpeg,12,batchnorm,1x96x56x56,0.491337
98,0,imagen.jpeg,13,activacion,1x96x56x56,1.155833
98,0,imagen.jpeg,14,pointwise_conv,1x96x56x56,4.334986
98,0,imagen.jpeg,15,batchnorm,1x24x56x56,0.067601
98,0,imagen.jpeg,16,pointwise_conv,1x24x56x56,8.82058
98,0,imagen.jpeg,17,batchnorm,1x144x56x56,1.37551
98,0,imagen.jpeg,18,activacion,1x144x56x56,1.438902
98,0,imagen.jpeg,19,depthwise_conv,1x144x56x56,5.164199
98,0,imagen.jpeg,20,batchnorm,1x144x56x56,0.935687
98,0,imagen.jpeg,21,activacion,1x144x56x56,1.620879
98,0,imagen.jpeg,22,pointwise_conv,1x144x56x56,6.247331
98,0,imagen.jpeg,23,batchnorm,1x24x56x56,0.067985
98,0,imagen.jpeg,24,layer_add,1x24x56x56,0.044761
98,0,imagen.jpeg,25,pointwise_conv,1x24x56x56,6.389296
98,0,imagen.jpeg,26,batchnorm,1x144x56x56,0.452898
98,0,imagen.jpeg,27,activacion,1x144x56x56,1.553729
98,0,imagen.jpeg,28,depthwise_conv,1x144x56x56,1.149903
98,0,imagen.jpeg,29,batchnorm,1x144x28x28,0.09863
98,0,imagen.jpeg,30,activacion,1x144x28x28,0.35559
98,0,imagen.jpeg,31,pointwise_conv,1x144x28x28,1.988749
98,0,imagen.jpeg,32,batchnorm,1x32x28x28,0.021159
98,0,imagen.jpeg,33,pointwise_conv,1x32x28x28,3.313026
98,0,imagen.jpeg,34,batchnorm,1x192x28x28,0.246919
98,0,imagen.jpeg,35,activacion,1x192x28x28,0.509314
98,0,imagen.jpeg,36,depthwise_conv,1x192x28x28,2.608004
98,0,imagen.jpeg,37,batchnorm,1x192x28x28,0.146823
98,0,imagen.jpeg,38,activacion,1x192x28x28,0.545724
98,0,imagen.jpeg,39,pointwise_conv,1x192x28x28,2.677226
98,0,imagen.jpeg,40,batchnorm,1x32x28x28,0.02121
98,0,imagen.jpeg,41,layer_add,1x32x28x28,0.013543
98,0,imagen.jpeg,42,pointwise_conv,1x32x28x28,2.722109
98,0,imagen.jpeg,43,batchnorm,1x192x28x28,0.130244
98,0,imagen.jpeg,44,activacion,1x192x28x28,0.442979
98,0,imagen.jpeg,45,depthwise_conv,1x192x28x28,1.540008
98,0,imagen.jpeg,46,batchnorm,1x192x28x28,0.128934
98,0,imagen.jpeg,47,activacion,1x192x28x28,0.508269
98,0,imagen.jpeg,48,pointwise_conv,1x192x28x28,2.659376
98,0,imagen.jpeg,49,batchnorm,1x32x28x28,0.023072
98,0,imagen.jpeg,50,layer_add,1x32x28x28,0.014625
98,0,imagen.jpeg,51,pointwise_conv,1x32x28x28,2.791175
98,0,imagen.jpeg,52,batchnorm,1x192x28x28,0.153556
98,0,imagen.jpeg,53,activacion,1x192x28x28,0.502714
98,0,imagen.jpeg,54,depthwise_conv,1x192x28x28,0.412225
98,0,imagen.jpeg,55,batchnorm,1x192x14x14,0.049453
98,0,imagen.jpeg,56,activacion,1x192x14x14,0.099533
98,0,imagen.jpeg,57,pointwise_conv,1x192x14x14,1.400332
98,0,imagen.jpeg,58,batchnorm,1x64x14x14,0.012444
98,0,imagen.jpeg,59,pointwise_conv,1x64x14x14,2.836857
98,0,imagen.jpeg,60,batchnorm,1x384x14x14,0.070914
98,0,imagen.jpeg,61,activacion,1x384x14x14,0.1915
98,0,imagen.jpeg,62,depthwise_conv,1x384x14x14,0.778014
98,0,imagen.jpeg,63,batchnorm,1x384x14x14,0.074468
98,0,imagen.jpeg,64,activacion,1x384x14x14,0.284997
98,0,imagen.jpeg,65,pointwise_conv,1x384x14x14,2.794526
98,0,imagen.jpeg,66,batchnorm,1x64x14x14,0.011853
98,0,imagen.jpeg,67,layer_add,1x64x14x14,0.007195
98,0,imagen.jpeg,68,pointwise_conv,1x64x14x14,2.802802
98,0,imagen.jpeg,69,batchnorm,1x384x14x14,0.068094
98,0,imagen.jpeg,70,activacion,1x384x14x14,0.251698
98,0,imagen.jpeg,71,depthwise_conv,1x384x14x14,0.851205
98,0,imagen.jpeg,72,batchnorm,1x384x14x14,0.121276
98,0,imagen.jpeg,73,activacion,1x384x14x14,0.261483
98,0,imagen.jpeg,74,pointwise_conv,1x384x14x14,2.767489
98,0,imagen.jpeg,75,batchnorm,1x64x14x14,0.011093
98,0,imagen.jpeg,76,layer_add,1x64x14x14,0.007066
98,0,imagen.jpeg,77,pointwise_conv,1x64x14x14,2.716776
98,0,imagen.jpeg,78,batchnorm,1x384x14x14,0.066481
98,0,imagen.jpeg,79,activacion,1x384x14x14,0.272751
98,0,imagen.jpeg,80,depthwise_conv,1x384x14x14,0.771992
98,0,imagen.jpeg,81,batchnorm,1x384x14x14,0.142291
98,0,imagen.jpeg,82,activacion,1x384x14x14,0.232727
98,0,imagen.jpeg,83,pointwise_conv,1x384x14x14,2.707266
98,0,imagen.jpeg,84,batchnorm,1x64x14x14,0.011034
98,0,imagen.jpeg,85,layer_add,1x64x14x14,0.006137
98,0,imagen.jpeg,86,pointwise_conv,1x64x14x14,2.689117
98,0,imagen.jpeg,87,batchnorm,1x384x14x14,0.066918
98,0,imagen.jpeg,88,activacion,1x384x14x14,0.269186
98,0,imagen.jpeg,89,depthwise_conv,1x384x14x14,0.76102
98,0,imagen.jpeg,90,batchnorm,1x384x14x14,0.067029
98,0,imagen.jpeg,91,activacion,1x384x14x14,0.246803
98,0,imagen.jpeg,92,pointwise_conv,1x384x14x14,4.190242
98,0,imagen.jpeg,93,batchnorm,1x96x14x14,0.017392
98,0,imagen.jpeg,94,pointwise_conv,1x96x14x14,6.054977
98,0,imagen.jpeg,95,batchnorm,1x576x14x14,0.115396
98,0,imagen.jpeg,96,activacion,1x576x14x14,0.36855
98,0,imagen.jpeg,97,depthwise_conv,1x576x14x14,1.157259
98,0,imagen.jpeg,98,batchnorm,1x576x14x14,0.176559
98,0,imagen.jpeg,99,activacion,1x576x14x14,0.336584
98,0,imagen.jpeg,100,pointwise_conv,1x576x14x14,6.065213
98,0,imagen.jpeg,101,batchnorm,1x96x14x14,0.017211
98,0,imagen.jpeg,102,layer_add,1x96x14x14,0.012175
98,0,imagen.jpeg,103,pointwise_conv,1x96x14x14,5.946415
98,0,imagen.jpeg,104,batchnorm,1x576x14x14,0.140174
98,0,imagen.jpeg,105,activacion,1x576x14x14,0.344577
98,0,imagen.jpeg,106,depthwise_conv,1x576x14x14,1.148799
98,0,imagen.jpeg,107,batchnorm,1x576x14x14,0.168778
98,0,imagen.jpeg,108,activacion,1x576x14x14,0.304402
98,0,imagen.jpeg,109,pointwise_conv,1x576x14x14,6.058549
98,0,imagen.jpeg,110,batchnorm,1x96x14x14,0.016187
98,0,imagen.jpeg,111,layer_add,1x96x14x14,0.009065
98,0,imagen.jpeg,112,pointwise_conv,1x96x14x14,6.116563
98,0,imagen.jpeg,113,batchnorm,1x576x14x14,0.100115
98,0,imagen.jpeg,114,activacion,1x576x14x14,0.315235
98,0,imagen.jpeg,115,depthwise_conv,1x576x14x14,0.269289
98,0,imagen.jpeg,116,batchnorm,1x576x7x7,0.029549
98,0,imagen.jpeg,117,activacion,1x576x7x7,0.064927
98,0,imagen.jpeg,118,pointwise_conv,1x576x7x7,2.393452
98,0,imagen.jpeg,119,batchnorm,1x160x7x7,0.007401
98,0,imagen.jpeg,120,pointwise_conv,1x160x7x7,4.006924
98,0,imagen.jpeg,121,batchnorm,1x960x7x7,0.042678
98,0,imagen.jpeg,122,activacion,1x960x7x7,0.154081
98,0,imagen.jpeg,123,depthwise_conv,1x960x7x7,0.423465
98,0,imagen.jpeg,124,batchnorm,1x960x7x7,0.04308
98,0,imagen.jpeg,125,activacion,1x960x7x7,0.140867
98,0,imagen.jpeg,126,pointwise_conv,1x960x7x7,4.058158
98,0,imagen.jpeg,127,batchnorm,1x160x7x7,0.011472
98,0,imagen.jpeg,128,layer_add,1x160x7x7,0.004576
98,0,imagen.jpeg,129,pointwise_conv,1x160x7x7,4.101405
98,0,imagen.jpeg,130,batchnorm,1x960x7x7,0.042616
98,0,imagen.jpeg,131,activacion,1x960x7x7,0.143761
98,0,imagen.jpeg,132,depthwise_conv,1x960x7x7,0.432807
98,0,imagen.jpeg,133,batchnorm,1x960x7x7,0.05356
98,0,imagen.jpeg,134,activacion,1x960x7x7,0.12522
98,0,imagen.jpeg,135,pointwise_conv,1x960x7x7,4.024073
98,0,imagen.jpeg,136,batchnorm,1x160x7x7,0.007682
98,0,imagen.jpeg,137,layer_add,1x160x7x7,0.003704
98,0,imagen.jpeg,138,pointwise_conv,1x160x7x7,4.067019
98,0,imagen.jpeg,139,batchnorm,1x960x7x7,0.04239
98,0,imagen.jpeg,140,activacion,1x960x7x7,0.114574
98,0,imagen.jpeg,141,depthwise_conv,1x960x7x7,0.425259
98,0,imagen.jpeg,142,batchnorm,1x960x7x7,0.046291
98,0,imagen.jpeg,143,activacion,1x960x7x7,0.090409
98,0,imagen.jpeg,144,pointwise_conv,1x960x7x7,8.119988
98,0,imagen.jpeg,145,batchnorm,1x320x7x7,0.015233
98,0,imagen.jpeg,146,pointwise_conv,1x320x7x7,10.914655
98,0,imagen.jpeg,147,batchnorm,1x1280x7x7,0.064238
98,0,imagen.jpeg,148,activacion,1x1280x7x7,0.187476
98,0,imagen.jpeg,149,pooling,1x1280x7x7,0.039931
98,0,imagen.jpeg,150,linear,1x1280,1.446239
99,0,imagen.jpeg,0,conv2d,1x3x224x224,12.245357
99,0,imagen.jpeg,1,batchnorm,1x32x112x112,0.451884
99,0,imagen.jpeg,2,activacion,1x32x112x112,0.67697
99,0,imagen.jpeg,3,depthwise_conv,1x32x112x112,3.914184
99,0,imagen.jpeg,4,batchnorm,1x32x112x112,2.295688
99,0,imagen.jpeg,5,activacion,1x32x112x112,0.732256
99,0,imagen.jpeg,6,pointwise_conv,1x32x112x112,3.517775
99,0,imagen.jpeg,7,batchnorm,1x16x112x112,0.17242
99,0,imagen.jpeg,8,pointwise_conv,1x16x112x112,11.36915
99,0,imagen.jpeg,9,batchnorm,1x96x112x112,2.05972
99,0,imagen.jpeg,10,activacion,1x96x112x112,3.363189
99,0,imagen.jpeg,11,depthwise_conv,1x96x112x112,3.166034
99,0,imagen.jpeg,12,batchnorm,1x96x56x56,0.292491
99,0,imagen.jpeg,13,activacion,1x96x56x56,1.004088
99,0,imagen.jpeg,14,pointwise_conv,1x96x56x56,3.883852
99,0,imagen.jpeg,15,batchnorm,1x24x56x56,0.07349
99,0,imagen.jpeg,16,pointwise_conv,1x24x56x56,6.753779
99,0,imagen.jpeg,17,batchnorm,1x144x56x56,0.907325
99,0,imagen.jpeg,18,activacion,1x144x56x56,1.292859
99,0,imagen.jpeg,19,depthwise_conv,1x144x56x56,4.426036
99,0,imagen.jpeg,20,batchnorm,1x144x56x56,0.926451
99,0,imagen.jpeg,21,activacion,1x144x56x56,1.600276
99,0,imagen.jpeg,22,pointwise_conv,1x144x56x56,6.172232
99,0,imagen.jpeg,23,batchnorm,1x24x56x56,0.066519
99,0,imagen.jpeg,24,layer_add,1x24x56x56,0.045732
99,0,imagen.jpeg,25,pointwise_conv,1x24x56x56,7.452767
99,0,imagen.jpeg,26,batchnorm,1x144x56x56,0.452314
99,0,imagen.jpeg,27,activacion,1x144x56x56,1.534683
99,0,imagen.jpeg,28,depthwise_conv,1x144x56x56,1.154548
99,0,imagen.jpeg,29,batchnorm,1x144x28x28,0.097456
99,0,imagen.jpeg,30,activacion,1x144x28x28,0.354953
99,0,imagen.jpeg,31,pointwise_conv,1x144x28x28,2.013435
99,0,imagen.jpeg,32,batchnorm,1x32x28x28,0.023003
99,0,imagen.jpeg,33,pointwise_conv,1x32x28x28,5.078384
99,0,imagen.jpeg,34,batchnorm,1x192x28x28,0.222831
99,0,imagen.jpeg,35,activacion,1x192x28x28,0.483172
99,0,imagen.jpeg,36,depthwise_conv,1x192x28x28,3.019397
99,0,imagen.jpeg,37,batchnorm,1x192x28x28,0.250116
99,0,imagen.jpeg,38,activacion,1x192x28x28,0.666333
99,0,imagen.jpeg,39,pointwise_conv,1x192x28x28,5.080115
99,0,imagen.jpeg,40,batchnorm,1x32x28x28,0.040415
99,0,imagen.jpeg,41,layer_add,1x32x28x28,0.025026
99,0,imagen.jpeg,42,pointwise_conv,1x32x28x28,5.33157
99,0,imagen.jpeg,43,batchnorm,1x192x28x28,0.232088
99,0,imagen.jpeg,44,activacion,1x192x28x28,0.586371
99,0,imagen.jpeg,45,depthwise_conv,1x192x28x28,2.957367
99,0,imagen.jpeg,46,batchnorm,1x192x28x28,0.249077
99,0,imagen.jpeg,47,activacion,1x192x28x28,0.68565
99,0,imagen.jpeg,48,pointwise_conv,1x192x28x28,5.549975
99,0,imagen.jpeg,49,batchnorm,1x32x28x28,0.04179
99,0,imagen.jpeg,50,layer_add,1x32x28x28,0.025274
99,0,imagen.jpeg,51,pointwise_conv,1x32x28x28,5.753325
99,0,imagen.jpeg,52,batchnorm,1x192x28x28,0.162129
99,0,imagen.jpeg,53,activacion,1x192x28x28,0.583376
99,0,imagen.jpeg,54,depthwise_conv,1x192x28x28,0.446738
99,0,imagen.jpeg,55,batchnorm,1x192x14x14,0.040304
99,0,imagen.jpeg,56,activacion,1x192x14x14,0.116293
99,0,imagen.jpeg,57,pointwise_conv,1x192x14x14,1.554714
99,0,imagen.jpeg,58,batchnorm,1x64x14x14,0.013748
99,0,imagen.jpeg,59,pointwise_conv,1x64x14x14,3.111261
99,0,imagen.jpeg,60,batchnorm,1x384x14x14,0.082497
99,0,imagen.jpeg,61,activacion,1x384x14x14,0.229642
99,0,imagen.jpeg,62,depthwise_conv,1x384x14x14,0.860647
99,0,imagen.jpeg,63,batchnorm,1x384x14x14,0.087056
99,0,imagen.jpeg,64,activacion,1x384x14x14,0.302896
99,0,imagen.jpeg,65,pointwise_conv,1x384x14x14,3.086198
99,0,imagen.jpeg,66,batchnorm,1x64x14x14,0.014357
99,0,imagen.jpeg,67,layer_add,1x64x14x14,0.007972
99,0,imagen.jpeg,68,pointwise_conv,1x64x14x14,3.158476
99,0,imagen.jpeg,69,batchnorm,1x384x14x14,0.089691
99,0,imagen.jpeg,70,activacion,1x384x14x14,0.272669
99,0,imagen.jpeg,71,depthwise_conv,1x384x14x14,0.860425
99,0,imagen.jpeg,72,batchnorm,1x384x14x14,0.114081
99,0,imagen.jpeg,73,activacion,1x384x14x14,0.283204
99,0,imagen.jpeg,74,pointwise_conv,1x384x14x14,3.115892
99,0,imagen.jpeg,75,batchnorm,1x64x14x14,0.013727
99,0,imagen.jpeg,76,layer_add,1x64x14x14,0.007747
99,0,imagen.jpeg,77,pointwise_conv,1x64x14x14,3.06326
99,0,imagen.jpeg,78,batchnorm,1x384x14x14,0.082786
99,0,imagen.jpeg,79,activacion,1x384x14x14,0.295027
99,0,imagen.jpeg,80,depthwise_conv,1x384x14x14,0.856926
99,0,imagen.jpeg,81,batchnorm,1x384x14x14,0.164743
99,0,imagen.jpeg,82,activacion,1x384x14x14,0.260836
99,0,imagen.jpeg,83,pointwise_conv,1x384x14x14,3.058464
99,0,imagen.jpeg,84,batchnorm,1x64x14x14,0.01404
99,0,imagen.jpeg,85,layer_add,1x64x14x14,0.007688
99,0,imagen.jpeg,86,pointwise_conv,1x64x14x14,3.05778
99,0,imagen.jpeg,87,batchnorm,1x384x14x14,0.081565
99,0,imagen.jpeg,88,activacion,1x384x14x14,0.291971
99,0,imagen.jpeg,89,depthwise_conv,1x384x14x14,1.426164
99,0,imagen.jpeg,90,batchnorm,1x384x14x14,0.08374
99,0,imagen.jpeg,91,activacion,1x384x14x14,0.274535
99,0,imagen.jpeg,92,pointwise_conv,1x384x14x14,5.186474
99,0,imagen.jpeg,93,batchnorm,1x96x14x14,0.02032
99,0,imagen.jpeg,94,pointwise_conv,1x96x14x14,6.918755
99,0,imagen.jpeg,95,batchnorm,1x576x14x14,0.126208
99,0,imagen.jpeg,96,activacion,1x576x14x14,0.420415
99,0,imagen.jpeg,97,depthwise_conv,1x576x14x14,1.293269
99,0,imagen.jpeg,98,batchnorm,1x576x14x14,0.21298
99,0,imagen.jpeg,99,activacion,1x576x14x14,0.379039
99,0,imagen.jpeg,100,pointwise_conv,1x576x14x14,6.895688
99,0,imagen.jpeg,101,batchnorm,1x96x14x14,0.020515
99,0,imagen.jpeg,102,layer_add,1x96x14x14,0.014929
99,0,imagen.jpeg,103,pointwise_conv,1x96x14x14,6.965116
99,0,imagen.jpeg,104,batchnorm,1x576x14x14,0.12113
99,0,imagen.jpeg,105,activacion,1x576x14x14,0.427222
99,0,imagen.jpeg,106,depthwise_conv,1x576x14x14,1.307035
99,0,imagen.jpeg,107,batchnorm,1x576x14x14,0.1865
99,0,imagen.jpeg,108,activacion,1x576x14x14,0.358699
99,0,imagen.jpeg,109,pointwise_conv,1x576x14x14,6.923987
99,0,imagen.jpeg,110,batchnorm,1x96x14x14,0.020794
99,0,imagen.jpeg,111,layer_add,1x96x14x14,0.011357
99,0,imagen.jpeg,112,pointwise_conv,1x96x14x14,6.946105
99,0,imagen.jpeg,113,batchnorm,1x576x14x14,0.122902
99,0,imagen.jpeg,114,activacion,1x576x14x14,0.361657
99,0,imagen.jpeg,115,depthwise_conv,1x576x14x14,0.325429
99,0,imagen.jpeg,116,batchnorm,1x576x7x7,0.042733
99,0,imagen.jpeg,117,activacion,1x576x7x7,0.074618
99,0,imagen.jpeg,118,pointwise_conv,1x576x7x7,2.766937
99,0,imagen.jpeg,119,batchnorm,1x160x7x7,0.008628
99,0,imagen.jpeg,120,pointwise_conv,1x160x7x7,4.813288
99,0,imagen.jpeg,121,batchnorm,1x960x7x7,0.049891
99,0,imagen.jpeg,122,activacion,1x960x7x7,0.170923
99,0,imagen.jpeg,123,depthwise_conv,1x960x7x7,0.489596
99,0,imagen.jpeg,124,batchnorm,1x960x7x7,0.049695
99,0,imagen.jpeg,125,activacion,1x960x7x7,0.158786
99,0,imagen.jpeg,126,pointwise_conv,1x960x7x7,4.588658
99,0,imagen.jpeg,127,batchnorm,1x160x7x7,0.008532
99,0,imagen.jpeg,128,layer_add,1x160x7x7,0.00452
99,0,imagen.jpeg,129,pointwise_conv,1x160x7x7,4.635546
99,0,imagen.jpeg,130,batchnorm,1x960x7x7,0.049644
99,0,imagen.jpeg,131,activacion,1x960x7x7,0.16359
99,0,imagen.jpeg,132,depthwise_conv,1x960x7x7,0.492556
99,0,imagen.jpeg,133,batchnorm,1x960x7x7,0.061525
99,0,imagen.jpeg,134,activacion,1x960x7x7,0.142565
99,0,imagen.jpeg,135,pointwise_conv,1x960x7x7,4.640542
99,0,imagen.jpeg,136,batchnorm,1x160x7x7,0.008335
99,0,imagen.jpeg,137,layer_add,1x160x7x7,0.004385
99,0,imagen.jpeg,138,pointwise_conv,1x160x7x7,4.340033
99,0,imagen.jpeg,139,batchnorm,1x960x7x7,0.044823
99,0,imagen.jpeg,140,activacion,1x960x7x7,0.120062
99,0,imagen.jpeg,141,depthwise_conv,1x960x7x7,0.448532
99,0,imagen.jpeg,142,batchnorm,1x960x7x7,0.048713
99,0,imagen.jpeg,143,activacion,1x960x7x7,0.092351
99,0,imagen.jpeg,144,pointwise_conv,1x960x7x7,8.820708
99,0,imagen.jpeg,145,batchnorm,1x320x7x7,0.017865
99,0,imagen.jpeg,146,pointwise_conv,1x320x7x7,12.435611
99,0,imagen.jpeg,147,batchnorm,1x1280x7x7,0.07129
99,0,imagen.jpeg,148,activacion,1x1280x7x7,0.21062
99,0,imagen.jpeg,149,pooling,1x1280x7x7,0.045593
99,0,imagen.jpeg,150,linear,1x1280,1.593843
100,0,imagen.jpeg,0,conv2d,1x3x224x224,14.158959
100,0,imagen.jpeg,1,batchnorm,1x32x112x112,0.510361
100,0,imagen.jpeg,2,activacion,1x32x112x112,0.770466
100,0,imagen.jpeg,3,depthwise_conv,1x32x112x112,4.428695
100,0,imagen.jpeg,4,batchnorm,1x32x112x112,2.590699
100,0,imagen.jpeg,5,activacion,1x32x112x112,0.829726
100,0,imagen.jpeg,6,pointwise_conv,1x32x112x112,4.534686
100,0,imagen.jpeg,7,batchnorm,1x16x112x112,0.287086
100,0,imagen.jpeg,8,pointwise_conv,1x16x112x112,14.142951
100,0,imagen.jpeg,9,batchnorm,1x96x112x112,2.650226
100,0,imagen.jpeg,10,activacion,1x96x112x112,4.841174
100,0,imagen.jpeg,11,depthwise_conv,1x96x112x112,3.971244
100,0,imagen.jpeg,12,batchnorm,1x96x56x56,0.498571
100,0,imagen.jpeg,13,activacion,1x96x56x56,1.266787
100,0,imagen.jpeg,14,pointwise_conv,1x96x56x56,5.050588
100,0,imagen.jpeg,15,batchnorm,1x24x56x56,0.208145
100,0,imagen.jpeg,16,pointwise_conv,1x24x56x56,8.483157
100,0,imagen.jpeg,17,batchnorm,1x144x56x56,0.993382
100,0,imagen.jpeg,18,activacion,1x144x56x56,1.444939
100,0,imagen.jpeg,19,depthwise_conv,1x144x56x56,5.607363
100,0,imagen.jpeg,20,batchnorm,1x144x56x56,1.062808
100,0,imagen.jpeg,21,activacion,1x144x56x56,1.791967
100,0,imagen.jpeg,22,pointwise_conv,1x144x56x56,6.251147
100,0,imagen.jpeg,23,batchnorm,1x24x56x56,0.06913
100,0,imagen.jpeg,24,layer_add,1x24x56x56,0.046739
100,0,imagen.jpeg,25,pointwise_conv,1x24x56x56,6.31031
100,0,imagen.jpeg,26,batchnorm,1x144x56x56,0.453855
100,0,imagen.jpeg,27,activacion,1x144x56x56,1.576791
100,0,imagen.jpeg,28,depthwise_conv,1x144x56x56,1.143727
100,0,imagen.jpeg,29,batchnorm,1x144x28x28,0.098562
100,0,imagen.jpeg,30,activacion,1x144x28x28,0.35027
100,0,imagen.jpeg,31,pointwise_conv,1x144x28x28,1.987438
100,0,imagen.jpeg,32,batchnorm,1x32x28x28,0.021562
100,0,imagen.jpeg,33,pointwise_conv,1x32x28x28,2.679834
100,0,imagen.jpeg,34,batchnorm,1x192x28x28,0.148279
100,0,imagen.jpeg,35,activacion,1x192x28x28,0.373448
100,0,imagen.jpeg,36,depthwise_conv,1x192x28x28,1.486761
100,0,imagen.jpeg,37,batchnorm,1x192x28x28,0.142456
100,0,imagen.jpeg,38,activacion,1x192x28x28,0.51607
100,0,imagen.jpeg,39,pointwise_conv,1x192x28x28,2.730359
100,0,imagen.jpeg,40,batchnorm,1x32x28x28,0.023151
100,0,imagen.jpeg,41,layer_add,1x32x28x28,0.014635
100,0,imagen.jpeg,42,pointwise_conv,1x32x28x28,3.638838
100,0,imagen.jpeg,43,batchnorm,1x192x28x28,0.425369
100,0,imagen.jpeg,44,activacion,1x192x28x28,0.51891
100,0,imagen.jpeg,45,depthwise_conv,1x192x28x28,1.594216
100,0,imagen.jpeg,46,batchnorm,1x192x28x28,0.156828
100,0,imagen.jpeg,47,activacion,1x192x28x28,0.545344
100,0,imagen.jpeg,48,pointwise_conv,1x192x28x28,3.342001
100,0,imagen.jpeg,49,batchnorm,1x32x28x28,0.037706
100,0,imagen.jpeg,50,layer_add,1x32x28x28,0.023848
100,0,imagen.jpeg,51,pointwise_conv,1x32x28x28,3.044099
100,0,imagen.jpeg,52,batchnorm,1x192x28x28,0.152782
100,0,imagen.jpeg,53,activacion,1x192x28x28,0.545996
100,0,imagen.jpeg,54,depthwise_conv,1x192x28x28,0.44725
100,0,imagen.jpeg,55,batchnorm,1x192x14x14,0.039804
100,0,imagen.jpeg,56,activacion,1x192x14x14,0.118491
100,0,imagen.jpeg,57,pointwise_conv,1x192x14x14,2.043314
100,0,imagen.jpeg,58,batchnorm,1x64x14x14,0.018656
100,0,imagen.jpeg,59,pointwise_conv,1x64x14x14,4.115896
100,0,imagen.jpeg,60,batchnorm,1x384x14x14,0.096402
100,0,imagen.jpeg,61,activacion,1x384x14x14,0.3035
100,0,imagen.jpeg,62,depthwise_conv,1x384x14x14,0.882514
100,0,imagen.jpeg,63,batchnorm,1x384x14x14,0.080077
100,0,imagen.jpeg,64,activacion,1x384x14x14,0.302949
100,0,imagen.jpeg,65,pointwise_conv,1x384x14x14,3.143299
100,0,imagen.jpeg,66,batchnorm,1x64x14x14,0.012721
100,0,imagen.jpeg,67,layer_add,1x64x14x14,0.00767
100,0,imagen.jpeg,68,pointwise_conv,1x64x14x14,3.045254
100,0,imagen.jpeg,69,batchnorm,1x384x14x14,0.080275
100,0,imagen.jpeg,70,activacion,1x384x14x14,0.26904
100,0,imagen.jpeg,71,depthwise_conv,1x384x14x14,0.862956
100,0,imagen.jpeg,72,batchnorm,1x384x14x14,0.108803
100,0,imagen.jpeg,73,activacion,1x384x14x14,0.29314
100,0,imagen.jpeg,74,pointwise_conv,1x384x14x14,3.192659
100,0,imagen.jpeg,75,batchnorm,1x64x14x14,0.024714
100,0,imagen.jpeg,76,layer_add,1x64x14x14,0.013588
100,0,imagen.jpeg,77,pointwise_conv,1x64x14x14,3.455154
100,0,imagen.jpeg,78,batchnorm,1x384x14x14,0.081048
100,0,imagen.jpeg,79,activacion,1x384x14x14,0.29659
100,0,imagen.jpeg,80,depthwise_conv,1x384x14x14,0.88228
100,0,imagen.jpeg,81,batchnorm,1x384x14x14,0.160673
100,0,imagen.jpeg,82,activacion,1x384x14x14,0.258483
100,0,imagen.jpeg,83,pointwise_conv,1x384x14x14,3.09344
100,0,imagen.jpeg,84,batchnorm,1x64x14x14,0.011929
100,0,imagen.jpeg,85,layer_add,1x64x14x14,0.006885
100,0,imagen.jpeg,86,pointwise_conv,1x64x14x14,2.887265
100,0,imagen.jpeg,87,batchnorm,1x384x14x14,0.06875
100,0,imagen.jpeg,88,activacion,1x384x14x14,0.270928
100,0,imagen.jpeg,89,depthwise_conv,1x384x14x14,0.848432
100,0,imagen.jpeg,90,batchnorm,1x384x14x14,0.070995
100,0,imagen.jpeg,91,activacion,1x384x14x14,0.257799
100,0,imagen.jpeg,92,pointwise_conv,1x384x14x14,4.819266
100,0,imagen.jpeg,93,batchnorm,1x96x14x14,0.022851
100,0,imagen.jpeg,94,pointwise_conv,1x96x14x14,6.301238
100,0,imagen.jpeg,95,batchnorm,1x576x14x14,0.10261
100,0,imagen.jpeg,96,activacion,1x576x14x14,0.399774
100,0,imagen.jpeg,97,depthwise_conv,1x576x14x14,1.128963
100,0,imagen.jpeg,98,batchnorm,1x576x14x14,0.171995
100,0,imagen.jpeg,99,activacion,1x576x14x14,0.366817
100,0,imagen.jpeg,100,pointwise_conv,1x576x14x14,6.328383
100,0,imagen.jpeg,101,batchnorm,1x96x14x14,0.017692
100,0,imagen.jpeg,102,layer_add,1x96x14x14,0.012984
100,0,imagen.jpeg,103,pointwise_conv,1x96x14x14,6.05497
100,0,imagen.jpeg,104,batchnorm,1x576x14x14,0.125408
100,0,imagen.jpeg,105,activacion,1x576x14x14,0.357096
100,0,imagen.jpeg,106,depthwise_conv,1x576x14x14,1.122729
100,0,imagen.jpeg,107,batchnorm,1x576x14x14,0.157811
100,0,imagen.jpeg,108,activacion,1x576x14x14,0.318578
100,0,imagen.jpeg,109,pointwise_conv,1x576x14x14,6.083195
100,0,imagen.jpeg,110,batchnorm,1x96x14x14,0.019053
100,0,imagen.jpeg,111,layer_add,1x96x14x14,0.01442
100,0,imagen.jpeg,112,pointwise_conv,1x96x14x14,5.931108
100,0,imagen.jpeg,113,batchnorm,1x576x14x14,0.096974
100,0,imagen.jpeg,114,activacion,1x576x14x14,0.299136
100,0,imagen.jpeg,115,depthwise_conv,1x576x14x14,0.269189
100,0,imagen.jpeg,116,batchnorm,1x576x7x7,0.029028
100,0,imagen.jpeg,117,activacion,1x576x7x7,0.063869
100,0,imagen.jpeg,118,pointwise_conv,1x576x7x7,2.38175
100,0,imagen.jpeg,119,batchnorm,1x160x7x7,0.007144
100,0,imagen.jpeg,120,pointwise_conv,1x160x7x7,4.027127
100,0,imagen.jpeg,121,batchnorm,1x960x7x7,0.041458
100,0,imagen.jpeg,122,activacion,1x960x7x7,0.142745
100,0,imagen.jpeg,123,depthwise_conv,1x960x7x7,0.465459
100,0,imagen.jpeg,124,batchnorm,1x960x7x7,0.041763
100,0,imagen.jpeg,125,activacion,1x960x7x7,0.136008
100,0,imagen.jpeg,126,pointwise_conv,1x960x7x7,4.239766
100,0,imagen.jpeg,127,batchnorm,1x160x7x7,0.00759
100,0,imagen.jpeg,128,layer_add,1x160x7x7,0.00388
100,0,imagen.jpeg,129,pointwise_conv,1x160x7x7,4.081627
100,0,imagen.jpeg,130,batchnorm,1x960x7x7,0.042178
100,0,imagen.jpeg,131,activacion,1x960x7x7,0.182305
100,0,imagen.jpeg,132,depthwise_conv,1x960x7x7,0.414615
100,0,imagen.jpeg,133,batchnorm,1x960x7x7,0.052285
100,0,imagen.jpeg,134,activacion,1x960x7x7,0.122641
100,0,imagen.jpeg,135,pointwise_conv,1x960x7x7,4.02586
100,0,imagen.jpeg,136,batchnorm,1x160x7x7,0.006893
100,0,imagen.jpeg,137,layer_add,1x160x7x7,0.003775
100,0,imagen.jpeg,138,pointwise_conv,1x160x7x7,3.955652
100,0,imagen.jpeg,139,batchnorm,1x960x7x7,0.040384
100,0,imagen.jpeg,140,activacion,1x960x7x7,0.10905
100,0,imagen.jpeg,141,depthwise_conv,1x960x7x7,0.40245
100,0,imagen.jpeg,142,batchnorm,1x960x7x7,0.043996
100,0,imagen.jpeg,143,activacion,1x960x7x7,0.083592
100,0,imagen.jpeg,144,pointwise_conv,1x960x7x7,8.223531
100,0,imagen.jpeg,145,batchnorm,1x320x7x7,0.014486
100,0,imagen.jpeg,146,pointwise_conv,1x320x7x7,11.135147
100,0,imagen.jpeg,147,batchnorm,1x1280x7x7,0.066165
100,0,imagen.jpeg,148,activacion,1x1280x7x7,0.181414
100,0,imagen.jpeg,149,pooling,1x1280x7x7,0.039053
100,0,imagen.jpeg,150,linear,1x1280,1.385913
101,0,imagen.jpeg,0,conv2d,1x3x224x224,14.800135
101,0,imagen.jpeg,1,batchnorm,1x32x112x112,0.470163
101,0,imagen.jpeg,2,activacion,1x32x112x112,0.746989
101,0,imagen.jpeg,3,depthwise_conv,1x32x112x112,4.731336
101,0,imagen.jpeg,4,batchnorm,1x32x112x112,2.744577
101,0,imagen.jpeg,5,activacion,1x32x112x112,0.932011
101,0,imagen.jpeg,6,pointwise_conv,1x32x112x112,5.852317
101,0,imagen.jpeg,7,batchnorm,1x16x112x112,0.23822
101,0,imagen.jpeg,8,pointwise_conv,1x16x112x112,14.551241
101,0,imagen.jpeg,9,batchnorm,1x96x112x112,2.534681
101,0,imagen.jpeg,10,activacion,1x96x112x112,3.956976
101,0,imagen.jpeg,11,depthwise_conv,1x96x112x112,3.515491
101,0,imagen.jpeg,12,batchnorm,1x96x56x56,0.316427
101,0,imagen.jpeg,13,activacion,1x96x56x56,1.277456
101,0,imagen.jpeg,14,pointwise_conv,1x96x56x56,4.59312
101,0,imagen.jpeg,15,batchnorm,1x24x56x56,0.07418
101,0,imagen.jpeg,16,pointwise_conv,1x24x56x56,7.400853
101,0,imagen.jpeg,17,batchnorm,1x144x56x56,0.973535
101,0,imagen.jpeg,18,activacion,1x144x56x56,1.479959
101,0,imagen.jpeg,19,depthwise_conv,1x144x56x56,5.229417
101,0,imagen.jpeg,20,batchnorm,1x144x56x56,1.058416
101,0,imagen.jpeg,21,activacion,1x144x56x56,1.796465
101,0,imagen.jpeg,22,pointwise_conv,1x144x56x56,6.381834
101,0,imagen.jpeg,23,batchnorm,1x24x56x56,0.065676
101,0,imagen.jpeg,24,layer_add,1x24x56x56,0.045037
101,0,imagen.jpeg,25,pointwise_conv,1x24x56x56,6.868702
101,0,imagen.jpeg,26,batchnorm,1x144x56x56,0.474137
101,0,imagen.jpeg,27,activacion,1x144x56x56,1.628522
101,0,imagen.jpeg,28,depthwise_conv,1x144x56x56,1.198045
101,0,imagen.jpeg,29,batchnorm,1x144x28x28,0.112786
101,0,imagen.jpeg,30,activacion,1x144x28x28,0.370667
101,0,imagen.jpeg,31,pointwise_conv,1x144x28x28,2.124176
101,0,imagen.jpeg,32,batchnorm,1x32x28x28,0.022585
101,0,imagen.jpeg,33,pointwise_conv,1x32x28x28,2.743186
101,0,imagen.jpeg,34,batchnorm,1x192x28x28,0.131983
101,0,imagen.jpeg,35,activacion,1x192x28x28,0.407431
101,0,imagen.jpeg,36,depthwise_conv,1x192x28x28,1.53934
101,0,imagen.jpeg,37,batchnorm,1x192x28x28,0.161075
101,0,imagen.jpeg,38,activacion,1x192x28x28,0.554955
101,0,imagen.jpeg,39,pointwise_conv,1x192x28x28,3.021769
101,0,imagen.jpeg,40,batchnorm,1x32x28x28,0.022399
101,0,imagen.jpeg,41,layer_add,1x32x28x28,0.01413
101,0,imagen.jpeg,42,pointwise_conv,1x32x28x28,2.742166
101,0,imagen.jpeg,43,batchnorm,1x192x28x28,0.129836
101,0,imagen.jpeg,44,activacion,1x192x28x28,0.460257
101,0,imagen.jpeg,45,depthwise_conv,1x192x28x28,1.533363
101,0,imagen.jpeg,46,batchnorm,1x192x28x28,0.14406
101,0,imagen.jpeg,47,activacion,1x192x28x28,0.512741
101,0,imagen.jpeg,48,pointwise_conv,1x192x28x28,2.697948
101,0,imagen.jpeg,49,batchnorm,1x32x28x28,0.023017
101,0,imagen.jpeg,50,layer_add,1x32x28x28,0.013731
101,0,imagen.jpeg,51,pointwise_conv,1x32x28x28,2.787573
101,0,imagen.jpeg,52,batchnorm,1x192x28x28,0.148405
101,0,imagen.jpeg,53,activacion,1x192x28x28,0.48683
101,0,imagen.jpeg,54,depthwise_conv,1x192x28x28,0.39331
101,0,imagen.jpeg,55,batchnorm,1x192x14x14,0.036715
101,0,imagen.jpeg,56,activacion,1x192x14x14,0.098578
101,0,imagen.jpeg,57,pointwise_conv,1x192x14x14,1.446836
101,0,imagen.jpeg,58,batchnorm,1x64x14x14,0.01266
101,0,imagen.jpeg,59,pointwise_conv,1x64x14x14,2.963456
101,0,imagen.jpeg,60,batchnorm,1x384x14x14,0.077869
101,0,imagen.jpeg,61,activacion,1x384x14x14,0.210238
101,0,imagen.jpeg,62,depthwise_conv,1x384x14x14,1.061695
101,0,imagen.jpeg,63,batchnorm,1x384x14x14,0.076695
101,0,imagen.jpeg,64,activacion,1x384x14x14,0.287742
101,0,imagen.jpeg,65,pointwise_conv,1x384x14x14,2.957677
101,0,imagen.jpeg,66,batchnorm,1x64x14x14,0.01372
101,0,imagen.jpeg,67,layer_add,1x64x14x14,0.007568
101,0,imagen.jpeg,68,pointwise_conv,1x64x14x14,3.179765
101,0,imagen.jpeg,69,batchnorm,1x384x14x14,0.080166
101,0,imagen.jpeg,70,activacion,1x384x14x14,0.269427
101,0,imagen.jpeg,71,depthwise_conv,1x384x14x14,0.864781
101,0,imagen.jpeg,72,batchnorm,1x384x14x14,0.109379
101,0,imagen.jpeg,73,activacion,1x384x14x14,0.28336
101,0,imagen.jpeg,74,pointwise_conv,1x384x14x14,3.050388
101,0,imagen.jpeg,75,batchnorm,1x64x14x14,0.01413
101,0,imagen.jpeg,76,layer_add,1x64x14x14,0.007996
101,0,imagen.jpeg,77,pointwise_conv,1x64x14x14,3.099149
101,0,imagen.jpeg,78,batchnorm,1x384x14x14,0.075523
101,0,imagen.jpeg,79,activacion,1x384x14x14,0.284449
101,0,imagen.jpeg,80,depthwise_conv,1x384x14x14,0.878526
101,0,imagen.jpeg,81,batchnorm,1x384x14x14,0.177457
101,0,imagen.jpeg,82,activacion,1x384x14x14,0.250735
101,0,imagen.jpeg,83,pointwise_conv,1x384x14x14,2.876313
101,0,imagen.jpeg,84,batchnorm,1x64x14x14,0.01198
101,0,imagen.jpeg,85,layer_add,1x64x14x14,0.006355
101,0,imagen.jpeg,86,pointwise_conv,1x64x14x14,2.94867
101,0,imagen.jpeg,87,batchnorm,1x384x14x14,0.076879
101,0,imagen.jpeg,88,activacion,1x384x14x14,0.266596
101,0,imagen.jpeg,89,depthwise_conv,1x384x14x14,0.824211
101,0,imagen.jpeg,90,batchnorm,1x384x14x14,0.070727
101,0,imagen.jpeg,91,activacion,1x384x14x14,0.256776
101,0,imagen.jpeg,92,pointwise_conv,1x384x14x14,4.287467
101,0,imagen.jpeg,93,batchnorm,1x96x14x14,0.017577
101,0,imagen.jpeg,94,pointwise_conv,1x96x14x14,6.009099
101,0,imagen.jpeg,95,batchnorm,1x576x14x14,0.109346
101,0,imagen.jpeg,96,activacion,1x576x14x14,0.367284
101,0,imagen.jpeg,97,depthwise_conv,1x576x14x14,1.175637
101,0,imagen.jpeg,98,batchnorm,1x576x14x14,0.187907
101,0,imagen.jpeg,99,activacion,1x576x14x14,0.346136
101,0,imagen.jpeg,100,pointwise_conv,1x576x14x14,6.198655
101,0,imagen.jpeg,101,batchnorm,1x96x14x14,0.017181
101,0,imagen.jpeg,102,layer_add,1x96x14x14,0.013822
101,0,imagen.jpeg,103,pointwise_conv,1x96x14x14,6.117344
101,0,imagen.jpeg,104,batchnorm,1x576x14x14,0.104913
101,0,imagen.jpeg,105,activacion,1x576x14x14,0.391818
101,0,imagen.jpeg,106,depthwise_conv,1x576x14x14,1.129583
101,0,imagen.jpeg,107,batchnorm,1x576x14x14,0.15743
101,0,imagen.jpeg,108,activacion,1x576x14x14,0.331802
101,0,imagen.jpeg,109,pointwise_conv,1x576x14x14,6.227804
101,0,imagen.jpeg,110,batchnorm,1x96x14x14,0.01751
101,0,imagen.jpeg,111,layer_add,1x96x14x14,0.010667
101,0,imagen.jpeg,112,pointwise_conv,1x96x14x14,6.723135
101,0,imagen.jpeg,113,batchnorm,1x576x14x14,0.114955
101,0,imagen.jpeg,114,activacion,1x576x14x14,0.340205
101,0,imagen.jpeg,115,depthwise_conv,1x576x14x14,0.298577
101,0,imagen.jpeg,116,batchnorm,1x576x7x7,0.032415
101,0,imagen.jpeg,117,activacion,1x576x7x7,0.068586
101,0,imagen.jpeg,118,pointwise_conv,1x576x7x7,2.839064
101,0,imagen.jpeg,119,batchnorm,1x160x7x7,0.008721
101,0,imagen.jpeg,120,pointwise_conv,1x160x7x7,4.434937
101,0,imagen.jpeg,121,batchnorm,1x960x7x7,0.052408
101,0,imagen.jpeg,122,activacion,1x960x7x7,0.174894
101,0,imagen.jpeg,123,depthwise_conv,1x960x7x7,0.474939
101,0,imagen.jpeg,124,batchnorm,1x960x7x7,0.049513
101,0,imagen.jpeg,125,activacion,1x960x7x7,0.159528
101,0,imagen.jpeg,126,pointwise_conv,1x960x7x7,5.182616
101,0,imagen.jpeg,127,batchnorm,1x160x7x7,0.010378
101,0,imagen.jpeg,128,layer_add,1x160x7x7,0.005859
101,0,imagen.jpeg,129,pointwise_conv,1x160x7x7,5.559436
101,0,imagen.jpeg,130,batchnorm,1x960x7x7,0.255933
101,0,imagen.jpeg,131,activacion,1x960x7x7,0.16326
101,0,imagen.jpeg,132,depthwise_conv,1x960x7x7,0.487848
101,0,imagen.jpeg,133,batchnorm,1x960x7x7,0.061912
101,0,imagen.jpeg,134,activacion,1x960x7x7,0.143384
101,0,imagen.jpeg,135,pointwise_conv,1x960x7x7,4.58734
101,0,imagen.jpeg,136,batchnorm,1x160x7x7,0.008419
101,0,imagen.jpeg,137,layer_add,1x160x7x7,0.004463
101,0,imagen.jpeg,138,pointwise_conv,1x160x7x7,5.250571
101,0,imagen.jpeg,139,batchnorm,1x960x7x7,0.055102
101,0,imagen.jpeg,140,activacion,1x960x7x7,0.132511
101,0,imagen.jpeg,141,depthwise_conv,1x960x7x7,0.501981
101,0,imagen.jpeg,142,batchnorm,1x960x7x7,0.058082
101,0,imagen.jpeg,143,activacion,1x960x7x7,0.131395
101,0,imagen.jpeg,144,pointwise_conv,1x960x7x7,9.40072
101,0,imagen.jpeg,145,batchnorm,1x320x7x7,0.016551
101,0,imagen.jpeg,146,pointwise_conv,1x320x7x7,12.987851
101,0,imagen.jpeg,147,batchnorm,1x1280x7x7,0.067449
101,0,imagen.jpeg,148,activacion,1x1280x7x7,0.19717
101,0,imagen.jpeg,149,pooling,1x1280x7x7,0.042629
101,0,imagen.jpeg,150,linear,1x1280,1.544739
102,0,imagen.jpeg,0,conv2d,1x3x224x224,13.476145
102,0,imagen.jpeg,1,batchnorm,1x32x112x112,0.44056
102,0,imagen.jpeg,2,activacion,1x32x112x112,0.706508
102,0,imagen.jpeg,3,depthwise_conv,1x32x112x112,4.136646
102,0,imagen.jpeg,4,batchnorm,1x32x112x112,2.425279
102,0,imagen.jpeg,5,activacion,1x32x112x112,0.763982
102,0,imagen.jpeg,6,pointwise_conv,1x32x112x112,3.638485
102,0,imagen.jpeg,7,batchnorm,1x16x112x112,0.177167
102,0,imagen.jpeg,8,pointwise_conv,1x16x112x112,11.745372
102,0,imagen.jpeg,9,batchnorm,1x96x112x112,2.204572
102,0,imagen.jpeg,10,activacion,1x96x112x112,3.369678
102,0,imagen.jpeg,11,depthwise_conv,1x96x112x112,3.358169
102,0,imagen.jpeg,12,batchnorm,1x96x56x56,0.310206
102,0,imagen.jpeg,13,activacion,1x96x56x56,1.055842
102,0,imagen.jpeg,14,pointwise_conv,1x96x56x56,4.545732
102,0,imagen.jpeg,15,batchnorm,1x24x56x56,0.080774
102,0,imagen.jpeg,16,pointwise_conv,1x24x56x56,7.583896
102,0,imagen.jpeg,17,batchnorm,1x144x56x56,1.101724
102,0,imagen.jpeg,18,activacion,1x144x56x56,1.43178
102,0,imagen.jpeg,19,depthwise_conv,1x144x56x56,5.102957
102,0,imagen.jpeg,20,batchnorm,1x144x56x56,1.050664
102,0,imagen.jpeg,21,activacion,1x144x56x56,1.847598
102,0,imagen.jpeg,22,pointwise_conv,1x144x56x56,6.666712
102,0,imagen.jpeg,23,batchnorm,1x24x56x56,0.073176
102,0,imagen.jpeg,24,layer_add,1x24x56x56,0.049893
102,0,imagen.jpeg,25,pointwise_conv,1x24x56x56,6.603578
102,0,imagen.jpeg,26,batchnorm,1x144x56x56,0.48921
102,0,imagen.jpeg,27,activacion,1x144x56x56,1.658772
102,0,imagen.jpeg,28,depthwise_conv,1x144x56x56,1.223621
102,0,imagen.jpeg,29,batchnorm,1x144x28x28,0.113046
102,0,imagen.jpeg,30,activacion,1x144x28x28,0.362745
102,0,imagen.jpeg,31,pointwise_conv,1x144x28x28,2.103638
102,0,imagen.jpeg,32,batchnorm,1x32x28x28,0.022405
102,0,imagen.jpeg,33,pointwise_conv,1x32x28x28,2.798181
102,0,imagen.jpeg,34,batchnorm,1x192x28x28,0.132219
102,0,imagen.jpeg,35,activacion,1x192x28x28,0.393916
102,0,imagen.jpeg,36,depthwise_conv,1x192x28x28,1.575885
102,0,imagen.jpeg,37,batchnorm,1x192x28x28,0.134591
102,0,imagen.jpeg,38,activacion,1x192x28x28,0.554455
102,0,imagen.jpeg,39,pointwise_conv,1x192x28x28,2.706015
102,0,imagen.jpeg,40,batchnorm,1x32x28x28,0.022441
102,0,imagen.jpeg,41,layer_add,1x32x28x28,0.014031
102,0,imagen.jpeg,42,pointwise_conv,1x32x28x28,2.736575
102,0,imagen.jpeg,43,batchnorm,1x192x28x28,0.142264
102,0,imagen.jpeg,44,activacion,1x192x28x28,0.432072
102,0,imagen.jpeg,45,depthwise_conv,1x192x28x28,1.490272
102,0,imagen.jpeg,46,batchnorm,1x192x28x28,0.128088
102,0,imagen.jpeg,47,activacion,1x192x28x28,0.506929
102,0,imagen.jpeg,48,pointwise_conv,1x192x28x28,2.651904
102,0,imagen.jpeg,49,batchnorm,1x32x28x28,0.02183
102,0,imagen.jpeg,50,layer_add,1x32x28x28,0.012639
102,0,imagen.jpeg,51,pointwise_conv,1x32x28x28,2.659065
102,0,imagen.jpeg,52,batchnorm,1x192x28x28,0.130209
102,0,imagen.jpeg,53,activacion,1x192x28x28,0.567618
102,0,imagen.jpeg,54,depthwise_conv,1x192x28x28,0.463999
102,0,imagen.jpeg,55,batchnorm,1x192x14x14,0.038704
102,0,imagen.jpeg,56,activacion,1x192x14x14,0.096397
102,0,imagen.jpeg,57,pointwise_conv,1x192x14x14,1.695629
102,0,imagen.jpeg,58,batchnorm,1x64x14x14,0.020088
102,0,imagen.jpeg,59,pointwise_conv,1x64x14x14,3.157763
102,0,imagen.jpeg,60,batchnorm,1x384x14x14,0.082755
102,0,imagen.jpeg,61,activacion,1x384x14x14,0.214248
102,0,imagen.jpeg,62,depthwise_conv,1x384x14x14,0.852224
102,0,imagen.jpeg,63,batchnorm,1x384x14x14,0.109925
102,0,imagen.jpeg,64,activacion,1x384x14x14,0.294105
102,0,imagen.jpeg,65,pointwise_conv,1x384x14x14,3.557827
102,0,imagen.jpeg,66,batchnorm,1x64x14x14,0.014328
102,0,imagen.jpeg,67,layer_add,1x64x14x14,0.007847
102,0,imagen.jpeg,68,pointwise_conv,1x64x14x14,3.21098
102,0,imagen.jpeg,69,batchnorm,1x384x14x14,0.082067
102,0,imagen.jpeg,70,activacion,1x384x14x14,0.270606
102,0,imagen.jpeg,71,depthwise_conv,1x384x14x14,0.863277
102,0,imagen.jpeg,72,batchnorm,1x384x14x14,0.128204
102,0,imagen.jpeg,73,activacion,1x384x14x14,0.284602
102,0,imagen.jpeg,74,pointwise_conv,1x384x14x14,3.387954
102,0,imagen.jpeg,75,batchnorm,1x64x14x14,0.014926
102,0,imagen.jpeg,76,layer_add,1x64x14x14,0.009228
102,0,imagen.jpeg,77,pointwise_conv,1x64x14x14,3.516637
102,0,imagen.jpeg,78,batchnorm,1x384x14x14,0.083796
102,0,imagen.jpeg,79,activacion,1x384x14x14,0.30526
102,0,imagen.jpeg,80,depthwise_conv,1x384x14x14,0.873186
102,0,imagen.jpeg,81,batchnorm,1x384x14x14,0.166739
102,0,imagen.jpeg,82,activacion,1x384x14x14,0.267095
102,0,imagen.jpeg,83,pointwise_conv,1x384x14x14,3.170387
102,0,imagen.jpeg,84,batchnorm,1x64x14x14,0.012895
102,0,imagen.jpeg,85,layer_add,1x64x14x14,0.007483
102,0,imagen.jpeg,86,pointwise_conv,1x64x14x14,3.051093
102,0,imagen.jpeg,87,batchnorm,1x384x14x14,0.085496
102,0,imagen.jpeg,88,activacion,1x384x14x14,0.290287
102,0,imagen.jpeg,89,depthwise_conv,1x384x14x14,0.858074
102,0,imagen.jpeg,90,batchnorm,1x384x14x14,0.075008
102,0,imagen.jpeg,91,activacion,1x384x14x14,0.273007
102,0,imagen.jpeg,92,pointwise_conv,1x384x14x14,4.575991
102,0,imagen.jpeg,93,batchnorm,1x96x14x14,0.019313
102,0,imagen.jpeg,94,pointwise_conv,1x96x14x14,6.73904
102,0,imagen.jpeg,95,batchnorm,1x576x14x14,0.108784
102,0,imagen.jpeg,96,activacion,1x576x14x14,0.398043
102,0,imagen.jpeg,97,depthwise_conv,1x576x14x14,1.246355
102,0,imagen.jpeg,98,batchnorm,1x576x14x14,0.194367
102,0,imagen.jpeg,99,activacion,1x576x14x14,0.355352
102,0,imagen.jpeg,100,pointwise_conv,1x576x14x14,6.196661
102,0,imagen.jpeg,101,batchnorm,1x96x14x14,0.017334
102,0,imagen.jpeg,102,layer_add,1x96x14x14,0.012428
102,0,imagen.jpeg,103,pointwise_conv,1x96x14x14,6.025478
102,0,imagen.jpeg,104,batchnorm,1x576x14x14,0.110458
102,0,imagen.jpeg,105,activacion,1x576x14x14,0.365863
102,0,imagen.jpeg,106,depthwise_conv,1x576x14x14,1.163059
102,0,imagen.jpeg,107,batchnorm,1x576x14x14,0.176365
102,0,imagen.jpeg,108,activacion,1x576x14x14,0.325929
102,0,imagen.jpeg,109,pointwise_conv,1x576x14x14,6.068217
102,0,imagen.jpeg,110,batchnorm,1x96x14x14,0.017226
102,0,imagen.jpeg,111,layer_add,1x96x14x14,0.009495
102,0,imagen.jpeg,112,pointwise_conv,1x96x14x14,6.173715
102,0,imagen.jpeg,113,batchnorm,1x576x14x14,0.124415
102,0,imagen.jpeg,114,activacion,1x576x14x14,0.322682
102,0,imagen.jpeg,115,depthwise_conv,1x576x14x14,0.29962
102,0,imagen.jpeg,116,batchnorm,1x576x7x7,0.030527
102,0,imagen.jpeg,117,activacion,1x576x7x7,0.06552
102,0,imagen.jpeg,118,pointwise_conv,1x576x7x7,2.491637
102,0,imagen.jpeg,119,batchnorm,1x160x7x7,0.007959
102,0,imagen.jpeg,120,pointwise_conv,1x160x7x7,4.214729
102,0,imagen.jpeg,121,batchnorm,1x960x7x7,0.061571
102,0,imagen.jpeg,122,activacion,1x960x7x7,0.147018
102,0,imagen.jpeg,123,depthwise_conv,1x960x7x7,0.442535
102,0,imagen.jpeg,124,batchnorm,1x960x7x7,0.046478
102,0,imagen.jpeg,125,activacion,1x960x7x7,0.146703
102,0,imagen.jpeg,126,pointwise_conv,1x960x7x7,4.139561
102,0,imagen.jpeg,127,batchnorm,1x160x7x7,0.007337
102,0,imagen.jpeg,128,layer_add,1x160x7x7,0.004289
102,0,imagen.jpeg,129,pointwise_conv,1x160x7x7,4.188173
102,0,imagen.jpeg,130,batchnorm,1x960x7x7,0.054455
102,0,imagen.jpeg,131,activacion,1x960x7x7,0.146218
102,0,imagen.jpeg,132,depthwise_conv,1x960x7x7,0.435475
102,0,imagen.jpeg,133,batchnorm,1x960x7x7,0.055876
102,0,imagen.jpeg,134,activacion,1x960x7x7,0.165837
102,0,imagen.jpeg,135,pointwise_conv,1x960x7x7,4.501341
102,0,imagen.jpeg,136,batchnorm,1x160x7x7,0.008126
102,0,imagen.jpeg,137,layer_add,1x160x7x7,0.004513
102,0,imagen.jpeg,138,pointwise_conv,1x160x7x7,4.322831
102,0,imagen.jpeg,139,batchnorm,1x960x7x7,0.053013
102,0,imagen.jpeg,140,activacion,1x960x7x7,0.116559
102,0,imagen.jpeg,141,depthwise_conv,1x960x7x7,0.432942
102,0,imagen.jpeg,142,batchnorm,1x960x7x7,0.047412
102,0,imagen.jpeg,143,activacion,1x960x7x7,0.090493
102,0,imagen.jpeg,144,pointwise_conv,1x960x7x7,8.815466
102,0,imagen.jpeg,145,batchnorm,1x320x7x7,0.015783
102,0,imagen.jpeg,146,pointwise_conv,1x320x7x7,11.537251
102,0,imagen.jpeg,147,batchnorm,1x1280x7x7,0.077143
102,0,imagen.jpeg,148,activacion,1x1280x7x7,0.209573
102,0,imagen.jpeg,149,pooling,1x1280x7x7,0.041791
102,0,imagen.jpeg,150,linear,1x1280,1.484741
103,0,imagen.jpeg,0,conv2d,1x3x224x224,21.189565
103,0,imagen.jpeg,1,batchnorm,1x32x112x112,0.696893
103,0,imagen.jpeg,2,activacion,1x32x112x112,0.970364
103,0,imagen.jpeg,3,depthwise_conv,1x32x112x112,5.148188
103,0,imagen.jpeg,4,batchnorm,1x32x112x112,2.603978
103,0,imagen.jpeg,5,activacion,1x32x112x112,0.832746
103,0,imagen.jpeg,6,pointwise_conv,1x32x112x112,4.334457
103,0,imagen.jpeg,7,batchnorm,1x16x112x112,0.289035
103,0,imagen.jpeg,8,pointwise_conv,1x16x112x112,14.921452
103,0,imagen.jpeg,9,batchnorm,1x96x112x112,2.323663
103,0,imagen.jpeg,10,activacion,1x96x112x112,3.827941
103,0,imagen.jpeg,11,depthwise_conv,1x96x112x112,3.471979
103,0,imagen.jpeg,12,batchnorm,1x96x56x56,0.305922
103,0,imagen.jpeg,13,activacion,1x96x56x56,1.1373
103,0,imagen.jpeg,14,pointwise_conv,1x96x56x56,4.35441
103,0,imagen.jpeg,15,batchnorm,1x24x56x56,0.070011
103,0,imagen.jpeg,16,pointwise_conv,1x24x56x56,7.881847
103,0,imagen.jpeg,17,batchnorm,1x144x56x56,1.019431
103,0,imagen.jpeg,18,activacion,1x144x56x56,1.424946
103,0,imagen.jpeg,19,depthwise_conv,1x144x56x56,4.931537
103,0,imagen.jpeg,20,batchnorm,1x144x56x56,1.174948
103,0,imagen.jpeg,21,activacion,1x144x56x56,1.900026
103,0,imagen.jpeg,22,pointwise_conv,1x144x56x56,7.407807
103,0,imagen.jpeg,23,batchnorm,1x24x56x56,0.079069
103,0,imagen.jpeg,24,layer_add,1x24x56x56,0.047815
103,0,imagen.jpeg,25,pointwise_conv,1x24x56x56,6.882538
103,0,imagen.jpeg,26,batchnorm,1x144x56x56,0.633637
103,0,imagen.jpeg,27,activacion,1x144x56x56,1.750432
103,0,imagen.jpeg,28,depthwise_conv,1x144x56x56,1.501175
103,0,imagen.jpeg,29,batchnorm,1x144x28x28,0.118213
103,0,imagen.jpeg,30,activacion,1x144x28x28,0.409466
103,0,imagen.jpeg,31,pointwise_conv,1x144x28x28,2.341163
103,0,imagen.jpeg,32,batchnorm,1x32x28x28,0.025348
103,0,imagen.jpeg,33,pointwise_conv,1x32x28x28,3.015666
103,0,imagen.jpeg,34,batchnorm,1x192x28x28,0.153909
103,0,imagen.jpeg,35,activacion,1x192x28x28,0.428058
103,0,imagen.jpeg,36,depthwise_conv,1x192x28x28,1.675724
103,0,imagen.jpeg,37,batchnorm,1x192x28x28,0.144967
103,0,imagen.jpeg,38,activacion,1x192x28x28,0.591086
103,0,imagen.jpeg,39,pointwise_conv,1x192x28x28,2.96728
103,0,imagen.jpeg,40,batchnorm,1x32x28x28,0.02472
103,0,imagen.jpeg,41,layer_add,1x32x28x28,0.016241
103,0,imagen.jpeg,42,pointwise_conv,1x32x28x28,3.830327
103,0,imagen.jpeg,43,batchnorm,1x192x28x28,0.218314
103,0,imagen.jpeg,44,activacion,1x192x28x28,0.525844
103,0,imagen.jpeg,45,depthwise_conv,1x192x28x28,2.153342
103,0,imagen.jpeg,46,batchnorm,1x192x28x28,0.160666
103,0,imagen.jpeg,47,activacion,1x192x28x28,0.579909
103,0,imagen.jpeg,48,pointwise_conv,1x192x28x28,3.067781
103,0,imagen.jpeg,49,batchnorm,1x32x28x28,0.024263
103,0,imagen.jpeg,50,layer_add,1x32x28x28,0.014743
103,0,imagen.jpeg,51,pointwise_conv,1x32x28x28,2.980967
103,0,imagen.jpeg,52,batchnorm,1x192x28x28,0.144688
103,0,imagen.jpeg,53,activacion,1x192x28x28,0.550671
103,0,imagen.jpeg,54,depthwise_conv,1x192x28x28,0.426479
103,0,imagen.jpeg,55,batchnorm,1x192x14x14,0.038092
103,0,imagen.jpeg,56,activacion,1x192x14x14,0.109961
103,0,imagen.jpeg,57,pointwise_conv,1x192x14x14,1.545719
103,0,imagen.jpeg,58,batchnorm,1x64x14x14,0.013663
103,0,imagen.jpeg,59,pointwise_conv,1x64x14x14,3.168464
103,0,imagen.jpeg,60,batchnorm,1x384x14x14,0.079656
103,0,imagen.jpeg,61,activacion,1x384x14x14,0.222677
103,0,imagen.jpeg,62,depthwise_conv,1x384x14x14,0.87568
103,0,imagen.jpeg,63,batchnorm,1x384x14x14,0.073072
103,0,imagen.jpeg,64,activacion,1x384x14x14,0.295318
103,0,imagen.jpeg,65,pointwise_conv,1x384x14x14,3.065399
103,0,imagen.jpeg,66,batchnorm,1x64x14x14,0.012396
103,0,imagen.jpeg,67,layer_add,1x64x14x14,0.006753
103,0,imagen.jpeg,68,pointwise_conv,1x64x14x14,3.502186
103,0,imagen.jpeg,69,batchnorm,1x384x14x14,0.185779
103,0,imagen.jpeg,70,activacion,1x384x14x14,0.577701
103,0,imagen.jpeg,71,depthwise_conv,1x384x14x14,0.81385
103,0,imagen.jpeg,72,batchnorm,1x384x14x14,0.102782
103,0,imagen.jpeg,73,activacion,1x384x14x14,0.270217
103,0,imagen.jpeg,74,pointwise_conv,1x384x14x14,3.176978
103,0,imagen.jpeg,75,batchnorm,1x64x14x14,0.021684
103,0,imagen.jpeg,76,layer_add,1x64x14x14,0.017536
103,0,imagen.jpeg,77,pointwise_conv,1x64x14x14,2.960954
103,0,imagen.jpeg,78,batchnorm,1x384x14x14,0.083985
103,0,imagen.jpeg,79,activacion,1x384x14x14,0.265351
103,0,imagen.jpeg,80,depthwise_conv,1x384x14x14,0.804448
103,0,imagen.jpeg,81,batchnorm,1x384x14x14,0.170801
103,0,imagen.jpeg,82,activacion,1x384x14x14,0.240855
103,0,imagen.jpeg,83,pointwise_conv,1x384x14x14,2.876173
103,0,imagen.jpeg,84,batchnorm,1x64x14x14,0.011775
103,0,imagen.jpeg,85,layer_add,1x64x14x14,0.006276
103,0,imagen.jpeg,86,pointwise_conv,1x64x14x14,2.800592
103,0,imagen.jpeg,87,batchnorm,1x384x14x14,0.067207
103,0,imagen.jpeg,88,activacion,1x384x14x14,0.259216
103,0,imagen.jpeg,89,depthwise_conv,1x384x14x14,0.826946
103,0,imagen.jpeg,90,batchnorm,1x384x14x14,0.069185
103,0,imagen.jpeg,91,activacion,1x384x14x14,0.251827
103,0,imagen.jpeg,92,pointwise_conv,1x384x14x14,4.293664
103,0,imagen.jpeg,93,batchnorm,1x96x14x14,0.019625
103,0,imagen.jpeg,94,pointwise_conv,1x96x14x14,6.367122
103,0,imagen.jpeg,95,batchnorm,1x576x14x14,0.111248
103,0,imagen.jpeg,96,activacion,1x576x14x14,0.396518
103,0,imagen.jpeg,97,depthwise_conv,1x576x14x14,1.155117
103,0,imagen.jpeg,98,batchnorm,1x576x14x14,0.17797
103,0,imagen.jpeg,99,activacion,1x576x14x14,0.335767
103,0,imagen.jpeg,100,pointwise_conv,1x576x14x14,6.013219
103,0,imagen.jpeg,101,batchnorm,1x96x14x14,0.020209
103,0,imagen.jpeg,102,layer_add,1x96x14x14,0.014202
103,0,imagen.jpeg,103,pointwise_conv,1x96x14x14,6.311198
103,0,imagen.jpeg,104,batchnorm,1x576x14x14,0.112858
103,0,imagen.jpeg,105,activacion,1x576x14x14,0.378347
103,0,imagen.jpeg,106,depthwise_conv,1x576x14x14,1.166789
103,0,imagen.jpeg,107,batchnorm,1x576x14x14,0.162675
103,0,imagen.jpeg,108,activacion,1x576x14x14,0.312625
103,0,imagen.jpeg,109,pointwise_conv,1x576x14x14,6.486518
103,0,imagen.jpeg,110,batchnorm,1x96x14x14,0.039586
103,0,imagen.jpeg,111,layer_add,1x96x14x14,0.030921
103,0,imagen.jpeg,112,pointwise_conv,1x96x14x14,6.337967
103,0,imagen.jpeg,113,batchnorm,1x576x14x14,0.112924
103,0,imagen.jpeg,114,activacion,1x576x14x14,0.319819
103,0,imagen.jpeg,115,depthwise_conv,1x576x14x14,0.291248
103,0,imagen.jpeg,116,batchnorm,1x576x7x7,0.031009
103,0,imagen.jpeg,117,activacion,1x576x7x7,0.082834
103,0,imagen.jpeg,118,pointwise_conv,1x576x7x7,2.591503
103,0,imagen.jpeg,119,batchnorm,1x160x7x7,0.007948
103,0,imagen.jpeg,120,pointwise_conv,1x160x7x7,4.25954
103,0,imagen.jpeg,121,batchnorm,1x960x7x7,0.043254
103,0,imagen.jpeg,122,activacion,1x960x7x7,0.150471
103,0,imagen.jpeg,123,depthwise_conv,1x960x7x7,0.440709
103,0,imagen.jpeg,124,batchnorm,1x960x7x7,0.043518
103,0,imagen.jpeg,125,activacion,1x960x7x7,0.142462
103,0,imagen.jpeg,126,pointwise_conv,1x960x7x7,4.268532
103,0,imagen.jpeg,127,batchnorm,1x160x7x7,0.008624
103,0,imagen.jpeg,128,layer_add,1x160x7x7,0.004968
103,0,imagen.jpeg,129,pointwise_conv,1x160x7x7,4.517591
103,0,imagen.jpeg,130,batchnorm,1x960x7x7,0.057655
103,0,imagen.jpeg,131,activacion,1x960x7x7,0.143786
103,0,imagen.jpeg,132,depthwise_conv,1x960x7x7,0.459435
103,0,imagen.jpeg,133,batchnorm,1x960x7x7,0.055498
103,0,imagen.jpeg,134,activacion,1x960x7x7,0.136457
103,0,imagen.jpeg,135,pointwise_conv,1x960x7x7,4.219602
103,0,imagen.jpeg,136,batchnorm,1x160x7x7,0.007564
103,0,imagen.jpeg,137,layer_add,1x160x7x7,0.00436
103,0,imagen.jpeg,138,pointwise_conv,1x160x7x7,4.233352
103,0,imagen.jpeg,139,batchnorm,1x960x7x7,0.044847
103,0,imagen.jpeg,140,activacion,1x960x7x7,0.121069
103,0,imagen.jpeg,141,depthwise_conv,1x960x7x7,0.457688
103,0,imagen.jpeg,142,batchnorm,1x960x7x7,0.04882
103,0,imagen.jpeg,143,activacion,1x960x7x7,0.092589
103,0,imagen.jpeg,144,pointwise_conv,1x960x7x7,8.506109
103,0,imagen.jpeg,145,batchnorm,1x320x7x7,0.015453
103,0,imagen.jpeg,146,pointwise_conv,1x320x7x7,11.169892
103,0,imagen.jpeg,147,batchnorm,1x1280x7x7,0.067082
103,0,imagen.jpeg,148,activacion,1x1280x7x7,0.186139
103,0,imagen.jpeg,149,pooling,1x1280x7x7,0.04062
103,0,imagen.jpeg,150,linear,1x1280,1.511849
104,0,imagen.jpeg,0,conv2d,1x3x224x224,16.015668
104,0,imagen.jpeg,1,batchnorm,1x32x112x112,0.451838
104,0,imagen.jpeg,2,activacion,1x32x112x112,0.678348
104,0,imagen.jpeg,3,depthwise_conv,1x32x112x112,4.229322
104,0,imagen.jpeg,4,batchnorm,1x32x112x112,2.734597
104,0,imagen.jpeg,5,activacion,1x32x112x112,0.891908
104,0,imagen.jpeg,6,pointwise_conv,1x32x112x112,4.456399
104,0,imagen.jpeg,7,batchnorm,1x16x112x112,0.210955
104,0,imagen.jpeg,8,pointwise_conv,1x16x112x112,13.971543
104,0,imagen.jpeg,9,batchnorm,1x96x112x112,2.292858
104,0,imagen.jpeg,10,activacion,1x96x112x112,3.795156
104,0,imagen.jpeg,11,depthwise_conv,1x96x112x112,3.447739
104,0,imagen.jpeg,12,batchnorm,1x96x56x56,0.313969
104,0,imagen.jpeg,13,activacion,1x96x56x56,1.09904
104,0,imagen.jpeg,14,pointwise_conv,1x96x56x56,4.417548
104,0,imagen.jpeg,15,batchnorm,1x24x56x56,0.069628
104,0,imagen.jpeg,16,pointwise_conv,1x24x56x56,6.948338
104,0,imagen.jpeg,17,batchnorm,1x144x56x56,0.898668
104,0,imagen.jpeg,18,activacion,1x144x56x56,1.349731
104,0,imagen.jpeg,19,depthwise_conv,1x144x56x56,5.126011
104,0,imagen.jpeg,20,batchnorm,1x144x56x56,1.460214
104,0,imagen.jpeg,21,activacion,1x144x56x56,1.847051
104,0,imagen.jpeg,22,pointwise_conv,1x144x56x56,7.39122
104,0,imagen.jpeg,23,batchnorm,1x24x56x56,0.087793
104,0,imagen.jpeg,24,layer_add,1x24x56x56,0.051112
104,0,imagen.jpeg,25,pointwise_conv,1x24x56x56,7.461707
104,0,imagen.jpeg,26,batchnorm,1x144x56x56,0.489215
104,0,imagen.jpeg,27,activacion,1x144x56x56,1.71024
104,0,imagen.jpeg,28,depthwise_conv,1x144x56x56,1.325628
104,0,imagen.jpeg,29,batchnorm,1x144x28x28,0.109668
104,0,imagen.jpeg,30,activacion,1x144x28x28,0.390821
104,0,imagen.jpeg,31,pointwise_conv,1x144x28x28,2.208679
104,0,imagen.jpeg,32,batchnorm,1x32x28x28,0.024268
104,0,imagen.jpeg,33,pointwise_conv,1x32x28x28,2.982778
104,0,imagen.jpeg,34,batchnorm,1x192x28x28,0.14753
104,0,imagen.jpeg,35,activacion,1x192x28x28,0.425386
104,0,imagen.jpeg,36,depthwise_conv,1x192x28x28,2.238232
104,0,imagen.jpeg,37,batchnorm,1x192x28x28,0.316518
104,0,imagen.jpeg,38,activacion,1x192x28x28,0.632033
104,0,imagen.jpeg,39,pointwise_conv,1x192x28x28,3.401835
104,0,imagen.jpeg,40,batchnorm,1x32x28x28,0.027171
104,0,imagen.jpeg,41,layer_add,1x32x28x28,0.015566
104,0,imagen.jpeg,42,pointwise_conv,1x32x28x28,3.119267
104,0,imagen.jpeg,43,batchnorm,1x192x28x28,0.147434
104,0,imagen.jpeg,44,activacion,1x192x28x28,0.488716
104,0,imagen.jpeg,45,depthwise_conv,1x192x28x28,1.671008
104,0,imagen.jpeg,46,batchnorm,1x192x28x28,0.140562
104,0,imagen.jpeg,47,activacion,1x192x28x28,0.556973
104,0,imagen.jpeg,48,pointwise_conv,1x192x28x28,2.949212
104,0,imagen.jpeg,49,batchnorm,1x32x28x28,0.026537
104,0,imagen.jpeg,50,layer_add,1x32x28x28,0.015819
104,0,imagen.jpeg,51,pointwise_conv,1x32x28x28,3.13862
104,0,imagen.jpeg,52,batchnorm,1x192x28x28,0.150286
104,0,imagen.jpeg,53,activacion,1x192x28x28,0.543959
104,0,imagen.jpeg,54,depthwise_conv,1x192x28x28,0.436746
104,0,imagen.jpeg,55,batchnorm,1x192x14x14,0.038351
104,0,imagen.jpeg,56,activacion,1x192x14x14,0.11037
104,0,imagen.jpeg,57,pointwise_conv,1x192x14x14,1.610985
104,0,imagen.jpeg,58,batchnorm,1x64x14x14,0.013404
104,0,imagen.jpeg,59,pointwise_conv,1x64x14x14,3.047415
104,0,imagen.jpeg,60,batchnorm,1x384x14x14,0.072697
104,0,imagen.jpeg,61,activacion,1x384x14x14,0.206889
104,0,imagen.jpeg,62,depthwise_conv,1x384x14x14,0.816636
104,0,imagen.jpeg,63,batchnorm,1x384x14x14,0.070824
104,0,imagen.jpeg,64,activacion,1x384x14x14,0.28309
104,0,imagen.jpeg,65,pointwise_conv,1x384x14x14,3.420361
104,0,imagen.jpeg,66,batchnorm,1x64x14x14,0.029696
104,0,imagen.jpeg,67,layer_add,1x64x14x14,0.032624
104,0,imagen.jpeg,68,pointwise_conv,1x64x14x14,3.472537
104,0,imagen.jpeg,69,batchnorm,1x384x14x14,0.107574
104,0,imagen.jpeg,70,activacion,1x384x14x14,0.287073
104,0,imagen.jpeg,71,depthwise_conv,1x384x14x14,0.841317
104,0,imagen.jpeg,72,batchnorm,1x384x14x14,0.149656
104,0,imagen.jpeg,73,activacion,1x384x14x14,0.313357
104,0,imagen.jpeg,74,pointwise_conv,1x384x14x14,3.498905
104,0,imagen.jpeg,75,batchnorm,1x64x14x14,0.012674
104,0,imagen.jpeg,76,layer_add,1x64x14x14,0.007393
104,0,imagen.jpeg,77,pointwise_conv,1x64x14x14,3.0
104,0,imagen.jpeg,78,batchnorm,1x384x14x14,0.073188
104,0,imagen.jpeg,79,activacion,1x384x14x14,0.279056
104,0,imagen.jpeg,80,depthwise_conv,1x384x14x14,0.810826
104,0,imagen.jpeg,81,batchnorm,1x384x14x14,0.157962
104,0,imagen.jpeg,82,activacion,1x384x14x14,0.243406
104,0,imagen.jpeg,83,pointwise_conv,1x384x14x14,2.84352
104,0,imagen.jpeg,84,batchnorm,1x64x14x14,0.011606
104,0,imagen.jpeg,85,layer_add,1x64x14x14,0.00597
104,0,imagen.jpeg,86,pointwise_conv,1x64x14x14,3.058689
104,0,imagen.jpeg,87,batchnorm,1x384x14x14,0.076958
104,0,imagen.jpeg,88,activacion,1x384x14x14,0.273493
104,0,imagen.jpeg,89,depthwise_conv,1x384x14x14,0.813812
104,0,imagen.jpeg,90,batchnorm,1x384x14x14,0.071345
104,0,imagen.jpeg,91,activacion,1x384x14x14,0.26171
104,0,imagen.jpeg,92,pointwise_conv,1x384x14x14,4.328148
104,0,imagen.jpeg,93,batchnorm,1x96x14x14,0.020819
104,0,imagen.jpeg,94,pointwise_conv,1x96x14x14,6.086288
104,0,imagen.jpeg,95,batchnorm,1x576x14x14,0.106033
104,0,imagen.jpeg,96,activacion,1x576x14x14,0.365098
104,0,imagen.jpeg,97,depthwise_conv,1x576x14x14,1.154098
104,0,imagen.jpeg,98,batchnorm,1x576x14x14,0.183111
104,0,imagen.jpeg,99,activacion,1x576x14x14,0.341599
104,0,imagen.jpeg,100,pointwise_conv,1x576x14x14,6.572744
104,0,imagen.jpeg,101,batchnorm,1x96x14x14,0.018216
104,0,imagen.jpeg,102,layer_add,1x96x14x14,0.013994
104,0,imagen.jpeg,103,pointwise_conv,1x96x14x14,6.208526
104,0,imagen.jpeg,104,batchnorm,1x576x14x14,0.102843
104,0,imagen.jpeg,105,activacion,1x576x14x14,0.35386
104,0,imagen.jpeg,106,depthwise_conv,1x576x14x14,1.147419
104,0,imagen.jpeg,107,batchnorm,1x576x14x14,0.161469
104,0,imagen.jpeg,108,activacion,1x576x14x14,0.316229
104,0,imagen.jpeg,109,pointwise_conv,1x576x14x14,6.363083
104,0,imagen.jpeg,110,batchnorm,1x96x14x14,0.019116
104,0,imagen.jpeg,111,layer_add,1x96x14x14,0.010778
104,0,imagen.jpeg,112,pointwise_conv,1x96x14x14,6.253162
104,0,imagen.jpeg,113,batchnorm,1x576x14x14,0.103742
104,0,imagen.jpeg,114,activacion,1x576x14x14,0.308333
104,0,imagen.jpeg,115,depthwise_conv,1x576x14x14,0.276107
104,0,imagen.jpeg,116,batchnorm,1x576x7x7,0.029664
104,0,imagen.jpeg,117,activacion,1x576x7x7,0.068625
104,0,imagen.jpeg,118,pointwise_conv,1x576x7x7,2.441419
104,0,imagen.jpeg,119,batchnorm,1x160x7x7,0.007409
104,0,imagen.jpeg,120,pointwise_conv,1x160x7x7,4.30888
104,0,imagen.jpeg,121,batchnorm,1x960x7x7,0.055166
104,0,imagen.jpeg,122,activacion,1x960x7x7,0.159273
104,0,imagen.jpeg,123,depthwise_conv,1x960x7x7,0.415077
104,0,imagen.jpeg,124,batchnorm,1x960x7x7,0.041826
104,0,imagen.jpeg,125,activacion,1x960x7x7,0.152055
104,0,imagen.jpeg,126,pointwise_conv,1x960x7x7,4.722946
104,0,imagen.jpeg,127,batchnorm,1x160x7x7,0.008169
104,0,imagen.jpeg,128,layer_add,1x160x7x7,0.005032
104,0,imagen.jpeg,129,pointwise_conv,1x160x7x7,4.180859
104,0,imagen.jpeg,130,batchnorm,1x960x7x7,0.042188
104,0,imagen.jpeg,131,activacion,1x960x7x7,0.139407
104,0,imagen.jpeg,132,depthwise_conv,1x960x7x7,0.415161
104,0,imagen.jpeg,133,batchnorm,1x960x7x7,0.068477
104,0,imagen.jpeg,134,activacion,1x960x7x7,0.125003
104,0,imagen.jpeg,135,pointwise_conv,1x960x7x7,4.163243
104,0,imagen.jpeg,136,batchnorm,1x160x7x7,0.010697
104,0,imagen.jpeg,137,layer_add,1x160x7x7,0.008998
104,0,imagen.jpeg,138,pointwise_conv,1x160x7x7,4.574098
104,0,imagen.jpeg,139,batchnorm,1x960x7x7,0.061486
104,0,imagen.jpeg,140,activacion,1x960x7x7,0.114271
104,0,imagen.jpeg,141,depthwise_conv,1x960x7x7,0.422538
104,0,imagen.jpeg,142,batchnorm,1x960x7x7,0.04672
104,0,imagen.jpeg,143,activacion,1x960x7x7,0.105962
104,0,imagen.jpeg,144,pointwise_conv,1x960x7x7,8.087932
104,0,imagen.jpeg,145,batchnorm,1x320x7x7,0.018766
104,0,imagen.jpeg,146,pointwise_conv,1x320x7x7,11.319846
104,0,imagen.jpeg,147,batchnorm,1x1280x7x7,0.063588
104,0,imagen.jpeg,148,activacion,1x1280x7x7,0.177621
104,0,imagen.jpeg,149,pooling,1x1280x7x7,0.05233
104,0,imagen.jpeg,150,linear,1x1280,1.411164
105,0,imagen.jpeg,0,conv2d,1x3x224x224,12.538901
105,0,imagen.jpeg,1,batchnorm,1x32x112x112,0.453604
105,0,imagen.jpeg,2,activacion,1x32x112x112,0.667147
105,0,imagen.jpeg,3,depthwise_conv,1x32x112x112,3.97253
105,0,imagen.jpeg,4,batchnorm,1x32x112x112,2.345343
105,0,imagen.jpeg,5,activacion,1x32x112x112,0.77948
105,0,imagen.jpeg,6,pointwise_conv,1x32x112x112,3.933679
105,0,imagen.jpeg,7,batchnorm,1x16x112x112,0.186183
105,0,imagen.jpeg,8,pointwise_conv,1x16x112x112,12.180278
105,0,imagen.jpeg,9,batchnorm,1x96x112x112,2.309863
105,0,imagen.jpeg,10,activacion,1x96x112x112,3.477217
105,0,imagen.jpeg,11,depthwise_conv,1x96x112x112,3.159736
105,0,imagen.jpeg,12,batchnorm,1x96x56x56,0.29963
105,0,imagen.jpeg,13,activacion,1x96x56x56,1.045898
105,0,imagen.jpeg,14,pointwise_conv,1x96x56x56,4.111763
105,0,imagen.jpeg,15,batchnorm,1x24x56x56,0.079606
105,0,imagen.jpeg,16,pointwise_conv,1x24x56x56,7.378141
105,0,imagen.jpeg,17,batchnorm,1x144x56x56,0.929313
105,0,imagen.jpeg,18,activacion,1x144x56x56,1.33164
105,0,imagen.jpeg,19,depthwise_conv,1x144x56x56,4.526913
105,0,imagen.jpeg,20,batchnorm,1x144x56x56,0.944159
105,0,imagen.jpeg,21,activacion,1x144x56x56,1.658617
105,0,imagen.jpeg,22,pointwise_conv,1x144x56x56,6.345328
105,0,imagen.jpeg,23,batchnorm,1x24x56x56,0.065042
105,0,imagen.jpeg,24,layer_add,1x24x56x56,0.041865
105,0,imagen.jpeg,25,pointwise_conv,1x24x56x56,6.65313
105,0,imagen.jpeg,26,batchnorm,1x144x56x56,0.574854
105,0,imagen.jpeg,27,activacion,1x144x56x56,1.62012
105,0,imagen.jpeg,28,depthwise_conv,1x144x56x56,1.297762
105,0,imagen.jpeg,29,batchnorm,1x144x28x28,0.117547
105,0,imagen.jpeg,30,activacion,1x144x28x28,0.410283
105,0,imagen.jpeg,31,pointwise_conv,1x144x28x28,2.275009
105,0,imagen.jpeg,32,batchnorm,1x32x28x28,0.0273
105,0,imagen.jpeg,33,pointwise_conv,1x32x28x28,3.036679
105,0,imagen.jpeg,34,batchnorm,1x192x28x28,0.160237
105,0,imagen.jpeg,35,activacion,1x192x28x28,0.42385
105,0,imagen.jpeg,36,depthwise_conv,1x192x28x28,1.693261
105,0,imagen.jpeg,37,batchnorm,1x192x28x28,0.141659
105,0,imagen.jpeg,38,activacion,1x192x28x28,0.576979
105,0,imagen.jpeg,39,pointwise_conv,1x192x28x28,2.945809
105,0,imagen.jpeg,40,batchnorm,1x32x28x28,0.025357
105,0,imagen.jpeg,41,layer_add,1x32x28x28,0.016546
105,0,imagen.jpeg,42,pointwise_conv,1x32x28x28,3.264877
105,0,imagen.jpeg,43,batchnorm,1x192x28x28,0.18236
105,0,imagen.jpeg,44,activacion,1x192x28x28,0.504739
105,0,imagen.jpeg,45,depthwise_conv,1x192x28x28,1.739144
105,0,imagen.jpeg,46,batchnorm,1x192x28x28,0.158995
105,0,imagen.jpeg,47,activacion,1x192x28x28,0.570697
105,0,imagen.jpeg,48,pointwise_conv,1x192x28x28,2.917233
105,0,imagen.jpeg,49,batchnorm,1x32x28x28,0.023574
105,0,imagen.jpeg,50,layer_add,1x32x28x28,0.014957
105,0,imagen.jpeg,51,pointwise_conv,1x32x28x28,2.946669
105,0,imagen.jpeg,52,batchnorm,1x192x28x28,0.147173
105,0,imagen.jpeg,53,activacion,1x192x28x28,0.550374
105,0,imagen.jpeg,54,depthwise_conv,1x192x28x28,0.407395
105,0,imagen.jpeg,55,batchnorm,1x192x14x14,0.036129
105,0,imagen.jpeg,56,activacion,1x192x14x14,0.104606
105,0,imagen.jpeg,57,pointwise_conv,1x192x14x14,1.430844
105,0,imagen.jpeg,58,batchnorm,1x64x14x14,0.011925
105,0,imagen.jpeg,59,pointwise_conv,1x64x14x14,3.448571
105,0,imagen.jpeg,60,batchnorm,1x384x14x14,0.084834
105,0,imagen.jpeg,61,activacion,1x384x14x14,0.223048
105,0,imagen.jpeg,62,depthwise_conv,1x384x14x14,0.907622
105,0,imagen.jpeg,63,batchnorm,1x384x14x14,0.081127
105,0,imagen.jpeg,64,activacion,1x384x14x14,0.334993
105,0,imagen.jpeg,65,pointwise_conv,1x384x14x14,3.40061
105,0,imagen.jpeg,66,batchnorm,1x64x14x14,0.013229
105,0,imagen.jpeg,67,layer_add,1x64x14x14,0.007547
105,0,imagen.jpeg,68,pointwise_conv,1x64x14x14,2.996587
105,0,imagen.jpeg,69,batchnorm,1x384x14x14,0.077432
105,0,imagen.jpeg,70,activacion,1x384x14x14,0.267562
105,0,imagen.jpeg,71,depthwise_conv,1x384x14x14,0.835461
105,0,imagen.jpeg,72,batchnorm,1x384x14x14,0.106099
105,0,imagen.jpeg,73,activacion,1x384x14x14,0.275746
105,0,imagen.jpeg,74,pointwise_conv,1x384x14x14,2.849198
105,0,imagen.jpeg,75,batchnorm,1x64x14x14,0.011672
105,0,imagen.jpeg,76,layer_add,1x64x14x14,0.005974
105,0,imagen.jpeg,77,pointwise_conv,1x64x14x14,3.048797
105,0,imagen.jpeg,78,batchnorm,1x384x14x14,0.20334
105,0,imagen.jpeg,79,activacion,1x384x14x14,0.356821
105,0,imagen.jpeg,80,depthwise_conv,1x384x14x14,0.953602
105,0,imagen.jpeg,81,batchnorm,1x384x14x14,0.16243
105,0,imagen.jpeg,82,activacion,1x384x14x14,0.251568
105,0,imagen.jpeg,83,pointwise_conv,1x384x14x14,3.037684
105,0,imagen.jpeg,84,batchnorm,1x64x14x14,0.019305
105,0,imagen.jpeg,85,layer_add,1x64x14x14,0.007391
105,0,imagen.jpeg,86,pointwise_conv,1x64x14x14,2.907701
105,0,imagen.jpeg,87,batchnorm,1x384x14x14,0.070857
105,0,imagen.jpeg,88,activacion,1x384x14x14,0.269441
105,0,imagen.jpeg,89,depthwise_conv,1x384x14x14,0.920537
105,0,imagen.jpeg,90,batchnorm,1x384x14x14,0.074627
105,0,imagen.jpeg,91,activacion,1x384x14x14,0.259644
105,0,imagen.jpeg,92,pointwise_conv,1x384x14x14,5.286906
105,0,imagen.jpeg,93,batchnorm,1x96x14x14,0.019916
105,0,imagen.jpeg,94,pointwise_conv,1x96x14x14,6.503555
105,0,imagen.jpeg,95,batchnorm,1x576x14x14,0.107423
105,0,imagen.jpeg,96,activacion,1x576x14x14,0.379231
105,0,imagen.jpeg,97,depthwise_conv,1x576x14x14,1.198158
105,0,imagen.jpeg,98,batchnorm,1x576x14x14,0.181633
105,0,imagen.jpeg,99,activacion,1x576x14x14,0.356939
105,0,imagen.jpeg,100,pointwise_conv,1x576x14x14,6.082331
105,0,imagen.jpeg,101,batchnorm,1x96x14x14,0.016687
105,0,imagen.jpeg,102,layer_add,1x96x14x14,0.013581
105,0,imagen.jpeg,103,pointwise_conv,1x96x14x14,6.317151
105,0,imagen.jpeg,104,batchnorm,1x576x14x14,0.105473
105,0,imagen.jpeg,105,activacion,1x576x14x14,0.36747
105,0,imagen.jpeg,106,depthwise_conv,1x576x14x14,1.159757
105,0,imagen.jpeg,107,batchnorm,1x576x14x14,0.176416
105,0,imagen.jpeg,108,activacion,1x576x14x14,0.325485
105,0,imagen.jpeg,109,pointwise_conv,1x576x14x14,6.653302
105,0,imagen.jpeg,110,batchnorm,1x96x14x14,0.021333
105,0,imagen.jpeg,111,layer_add,1x96x14x14,0.011549
105,0,imagen.jpeg,112,pointwise_conv,1x96x14x14,7.653023
105,0,imagen.jpeg,113,batchnorm,1x576x14x14,0.125377
105,0,imagen.jpeg,114,activacion,1x576x14x14,0.372523
105,0,imagen.jpeg,115,depthwise_conv,1x576x14x14,0.308412
105,0,imagen.jpeg,116,batchnorm,1x576x7x7,0.034418
105,0,imagen.jpeg,117,activacion,1x576x7x7,0.075252
105,0,imagen.jpeg,118,pointwise_conv,1x576x7x7,2.914801
105,0,imagen.jpeg,119,batchnorm,1x160x7x7,0.009404
105,0,imagen.jpeg,120,pointwise_conv,1x160x7x7,4.704591
105,0,imagen.jpeg,121,batchnorm,1x960x7x7,0.05411
105,0,imagen.jpeg,122,activacion,1x960x7x7,0.172634
105,0,imagen.jpeg,123,depthwise_conv,1x960x7x7,0.498083
105,0,imagen.jpeg,124,batchnorm,1x960x7x7,0.05058
105,0,imagen.jpeg,125,activacion,1x960x7x7,0.159532
105,0,imagen.jpeg,126,pointwise_conv,1x960x7x7,6.070382
105,0,imagen.jpeg,127,batchnorm,1x160x7x7,0.017183
105,0,imagen.jpeg,128,layer_add,1x160x7x7,0.004854
105,0,imagen.jpeg,129,pointwise_conv,1x160x7x7,4.722284
105,0,imagen.jpeg,130,batchnorm,1x960x7x7,0.051182
105,0,imagen.jpeg,131,activacion,1x960x7x7,0.189029
105,0,imagen.jpeg,132,depthwise_conv,1x960x7x7,0.493854
105,0,imagen.jpeg,133,batchnorm,1x960x7x7,0.06216
105,0,imagen.jpeg,134,activacion,1x960x7x7,0.143155
105,0,imagen.jpeg,135,pointwise_conv,1x960x7x7,4.595199
105,0,imagen.jpeg,136,batchnorm,1x160x7x7,0.008721
105,0,imagen.jpeg,137,layer_add,1x160x7x7,0.004831
105,0,imagen.jpeg,138,pointwise_conv,1x160x7x7,5.102214
105,0,imagen.jpeg,139,batchnorm,1x960x7x7,0.049273
105,0,imagen.jpeg,140,activacion,1x960x7x7,0.124955
105,0,imagen.jpeg,141,depthwise_conv,1x960x7x7,0.544121
105,0,imagen.jpeg,142,batchnorm,1x960x7x7,0.052035
105,0,imagen.jpeg,143,activacion,1x960x7x7,0.097878
105,0,imagen.jpeg,144,pointwise_conv,1x960x7x7,8.634661
105,0,imagen.jpeg,145,batchnorm,1x320x7x7,0.015324
105,0,imagen.jpeg,146,pointwise_conv,1x320x7x7,11.484964
105,0,imagen.jpeg,147,batchnorm,1x1280x7x7,0.065659
105,0,imagen.jpeg,148,activacion,1x1280x7x7,0.186274
105,0,imagen.jpeg,149,pooling,1x1280x7x7,0.03994
105,0,imagen.jpeg,150,linear,1x1280,1.487198
106,0,imagen.jpeg,0,conv2d,1x3x224x224,12.858817
106,0,imagen.jpeg,1,batchnorm,1x32x112x112,0.454807
106,0,imagen.jpeg,2,activacion,1x32x112x112,0.648676
106,0,imagen.jpeg,3,depthwise_conv,1x32x112x112,6.026702
106,0,imagen.jpeg,4,batchnorm,1x32x112x112,2.505238
106,0,imagen.jpeg,5,activacion,1x32x112x112,0.797931
106,0,imagen.jpeg,6,pointwise_conv,1x32x112x112,3.599832
106,0,imagen.jpeg,7,batchnorm,1x16x112x112,0.179652
106,0,imagen.jpeg,8,pointwise_conv,1x16x112x112,12.629181
106,0,imagen.jpeg,9,batchnorm,1x96x112x112,2.147202
106,0,imagen.jpeg,10,activacion,1x96x112x112,3.528081
106,0,imagen.jpeg,11,depthwise_conv,1x96x112x112,3.697709
106,0,imagen.jpeg,12,batchnorm,1x96x56x56,0.320942
106,0,imagen.jpeg,13,activacion,1x96x56x56,1.077202
106,0,imagen.jpeg,14,pointwise_conv,1x96x56x56,4.230233
106,0,imagen.jpeg,15,batchnorm,1x24x56x56,0.067651
106,0,imagen.jpeg,16,pointwise_conv,1x24x56x56,6.735038
106,0,imagen.jpeg,17,batchnorm,1x144x56x56,0.875764
106,0,imagen.jpeg,18,activacion,1x144x56x56,1.321923
106,0,imagen.jpeg,19,depthwise_conv,1x144x56x56,4.620528
106,0,imagen.jpeg,20,batchnorm,1x144x56x56,0.910462
106,0,imagen.jpeg,21,activacion,1x144x56x56,1.654577
106,0,imagen.jpeg,22,pointwise_conv,1x144x56x56,5.967288
106,0,imagen.jpeg,23,batchnorm,1x24x56x56,0.063804
106,0,imagen.jpeg,24,layer_add,1x24x56x56,0.057232
106,0,imagen.jpeg,25,pointwise_conv,1x24x56x56,6.288682
106,0,imagen.jpeg,26,batchnorm,1x144x56x56,0.467952
106,0,imagen.jpeg,27,activacion,1x144x56x56,1.579507
106,0,imagen.jpeg,28,depthwise_conv,1x144x56x56,1.155603
106,0,imagen.jpeg,29,batchnorm,1x144x28x28,0.098629
106,0,imagen.jpeg,30,activacion,1x144x28x28,0.352144
106,0,imagen.jpeg,31,pointwise_conv,1x144x28x28,2.001003
106,0,imagen.jpeg,32,batchnorm,1x32x28x28,0.024173
106,0,imagen.jpeg,33,pointwise_conv,1x32x28x28,2.699995
106,0,imagen.jpeg,34,batchnorm,1x192x28x28,0.144908
106,0,imagen.jpeg,35,activacion,1x192x28x28,0.377999
106,0,imagen.jpeg,36,depthwise_conv,1x192x28x28,1.490729
106,0,imagen.jpeg,37,batchnorm,1x192x28x28,0.132834
106,0,imagen.jpeg,38,activacion,1x192x28x28,0.533771
106,0,imagen.jpeg,39,pointwise_conv,1x192x28x28,2.825704
106,0,imagen.jpeg,40,batchnorm,1x32x28x28,0.02256
106,0,imagen.jpeg,41,layer_add,1x32x28x28,0.014276
106,0,imagen.jpeg,42,pointwise_conv,1x32x28x28,2.719942
106,0,imagen.jpeg,43,batchnorm,1x192x28x28,0.135935
106,0,imagen.jpeg,44,activacion,1x192x28x28,0.442037
106,0,imagen.jpeg,45,depthwise_conv,1x192x28x28,1.489549
106,0,imagen.jpeg,46,batchnorm,1x192x28x28,0.140688
106,0,imagen.jpeg,47,activacion,1x192x28x28,0.50191
106,0,imagen.jpeg,48,pointwise_conv,1x192x28x28,2.60727
106,0,imagen.jpeg,49,batchnorm,1x32x28x28,0.020899
106,0,imagen.jpeg,50,layer_add,1x32x28x28,0.033025
106,0,imagen.jpeg,51,pointwise_conv,1x32x28x28,2.693255
106,0,imagen.jpeg,52,batchnorm,1x192x28x28,0.127875
106,0,imagen.jpeg,53,activacion,1x192x28x28,0.479666
106,0,imagen.jpeg,54,depthwise_conv,1x192x28x28,0.387335
106,0,imagen.jpeg,55,batchnorm,1x192x14x14,0.034945
106,0,imagen.jpeg,56,activacion,1x192x14x14,0.10344
106,0,imagen.jpeg,57,pointwise_conv,1x192x14x14,1.377567
106,0,imagen.jpeg,58,batchnorm,1x64x14x14,0.012666
106,0,imagen.jpeg,59,pointwise_conv,1x64x14x14,2.887091
106,0,imagen.jpeg,60,batchnorm,1x384x14x14,0.074692
106,0,imagen.jpeg,61,activacion,1x384x14x14,0.196094
106,0,imagen.jpeg,62,depthwise_conv,1x384x14x14,0.788855
106,0,imagen.jpeg,63,batchnorm,1x384x14x14,0.070339
106,0,imagen.jpeg,64,activacion,1x384x14x14,0.282997
106,0,imagen.jpeg,65,pointwise_conv,1x384x14x14,2.818553
106,0,imagen.jpeg,66,batchnorm,1x64x14x14,0.01662
106,0,imagen.jpeg,67,layer_add,1x64x14x14,0.007331
106,0,imagen.jpeg,68,pointwise_conv,1x64x14x14,2.931419
106,0,imagen.jpeg,69,batchnorm,1x384x14x14,0.072788
106,0,imagen.jpeg,70,activacion,1x384x14x14,0.234966
106,0,imagen.jpeg,71,depthwise_conv,1x384x14x14,0.77699
106,0,imagen.jpeg,72,batchnorm,1x384x14x14,0.114784
106,0,imagen.jpeg,73,activacion,1x384x14x14,0.253719
106,0,imagen.jpeg,74,pointwise_conv,1x384x14x14,2.701105
106,0,imagen.jpeg,75,batchnorm,1x64x14x14,0.011265
106,0,imagen.jpeg,76,layer_add,1x64x14x14,0.007147
106,0,imagen.jpeg,77,pointwise_conv,1x64x14x14,2.733913
106,0,imagen.jpeg,78,batchnorm,1x384x14x14,0.066714
106,0,imagen.jpeg,79,activacion,1x384x14x14,0.253667
106,0,imagen.jpeg,80,depthwise_conv,1x384x14x14,0.878204
106,0,imagen.jpeg,81,batchnorm,1x384x14x14,0.155446
106,0,imagen.jpeg,82,activacion,1x384x14x14,0.234289
106,0,imagen.jpeg,83,pointwise_conv,1x384x14x14,3.262389
106,0,imagen.jpeg,84,batchnorm,1x64x14x14,0.013734
106,0,imagen.jpeg,85,layer_add,1x64x14x14,0.007717
106,0,imagen.jpeg,86,pointwise_conv,1x64x14x14,2.845298
106,0,imagen.jpeg,87,batchnorm,1x384x14x14,0.074464
106,0,imagen.jpeg,88,activacion,1x384x14x14,0.275857
106,0,imagen.jpeg,89,depthwise_conv,1x384x14x14,0.793697
106,0,imagen.jpeg,90,batchnorm,1x384x14x14,0.075829
106,0,imagen.jpeg,91,activacion,1x384x14x14,0.25161
106,0,imagen.jpeg,92,pointwise_conv,1x384x14x14,4.323303
106,0,imagen.jpeg,93,batchnorm,1x96x14x14,0.01888
106,0,imagen.jpeg,94,pointwise_conv,1x96x14x14,7.052698
106,0,imagen.jpeg,95,batchnorm,1x576x14x14,0.154819
106,0,imagen.jpeg,96,activacion,1x576x14x14,0.425653
106,0,imagen.jpeg,97,depthwise_conv,1x576x14x14,1.706744
106,0,imagen.jpeg,98,batchnorm,1x576x14x14,0.237784
106,0,imagen.jpeg,99,activacion,1x576x14x14,0.374647
106,0,imagen.jpeg,100,pointwise_conv,1x576x14x14,6.678186
106,0,imagen.jpeg,101,batchnorm,1x96x14x14,0.017927
106,0,imagen.jpeg,102,layer_add,1x96x14x14,0.013092
106,0,imagen.jpeg,103,pointwise_conv,1x96x14x14,6.762341
106,0,imagen.jpeg,104,batchnorm,1x576x14x14,0.114522
106,0,imagen.jpeg,105,activacion,1x576x14x14,0.400342
106,0,imagen.jpeg,106,depthwise_conv,1x576x14x14,1.303833
106,0,imagen.jpeg,107,batchnorm,1x576x14x14,0.172519
106,0,imagen.jpeg,108,activacion,1x576x14x14,0.329001
106,0,imagen.jpeg,109,pointwise_conv,1x576x14x14,6.297486
106,0,imagen.jpeg,110,batchnorm,1x96x14x14,0.016773
106,0,imagen.jpeg,111,layer_add,1x96x14x14,0.010395
106,0,imagen.jpeg,112,pointwise_conv,1x96x14x14,6.314815
106,0,imagen.jpeg,113,batchnorm,1x576x14x14,0.104876
106,0,imagen.jpeg,114,activacion,1x576x14x14,0.330002
106,0,imagen.jpeg,115,depthwise_conv,1x576x14x14,0.27391
106,0,imagen.jpeg,116,batchnorm,1x576x7x7,0.03057
106,0,imagen.jpeg,117,activacion,1x576x7x7,0.079388
106,0,imagen.jpeg,118,pointwise_conv,1x576x7x7,2.556506
106,0,imagen.jpeg,119,batchnorm,1x160x7x7,0.007645
106,0,imagen.jpeg,120,pointwise_conv,1x160x7x7,4.129201
106,0,imagen.jpeg,121,batchnorm,1x960x7x7,0.042764
106,0,imagen.jpeg,122,activacion,1x960x7x7,0.164023
106,0,imagen.jpeg,123,depthwise_conv,1x960x7x7,0.444827
106,0,imagen.jpeg,124,batchnorm,1x960x7x7,0.043762
106,0,imagen.jpeg,125,activacion,1x960x7x7,0.143161
106,0,imagen.jpeg,126,pointwise_conv,1x960x7x7,4.085416
106,0,imagen.jpeg,127,batchnorm,1x160x7x7,0.026609
106,0,imagen.jpeg,128,layer_add,1x160x7x7,0.003537
106,0,imagen.jpeg,129,pointwise_conv,1x160x7x7,4.143315
106,0,imagen.jpeg,130,batchnorm,1x960x7x7,0.042402
106,0,imagen.jpeg,131,activacion,1x960x7x7,0.141713
106,0,imagen.jpeg,132,depthwise_conv,1x960x7x7,0.430048
106,0,imagen.jpeg,133,batchnorm,1x960x7x7,0.052446
106,0,imagen.jpeg,134,activacion,1x960x7x7,0.136142
106,0,imagen.jpeg,135,pointwise_conv,1x960x7x7,4.18985
106,0,imagen.jpeg,136,batchnorm,1x160x7x7,0.013934
106,0,imagen.jpeg,137,layer_add,1x160x7x7,0.004247
106,0,imagen.jpeg,138,pointwise_conv,1x160x7x7,4.054639
106,0,imagen.jpeg,139,batchnorm,1x960x7x7,0.041379
106,0,imagen.jpeg,140,activacion,1x960x7x7,0.112063
106,0,imagen.jpeg,141,depthwise_conv,1x960x7x7,0.428572
106,0,imagen.jpeg,142,batchnorm,1x960x7x7,0.046391
106,0,imagen.jpeg,143,activacion,1x960x7x7,0.088154
106,0,imagen.jpeg,144,pointwise_conv,1x960x7x7,8.190232
106,0,imagen.jpeg,145,batchnorm,1x320x7x7,0.014375
106,0,imagen.jpeg,146,pointwise_conv,1x320x7x7,11.018439
106,0,imagen.jpeg,147,batchnorm,1x1280x7x7,0.061961
106,0,imagen.jpeg,148,activacion,1x1280x7x7,0.182517
106,0,imagen.jpeg,149,pooling,1x1280x7x7,0.052671
106,0,imagen.jpeg,150,linear,1x1280,1.440423
107,0,imagen.jpeg,0,conv2d,1x3x224x224,12.668767
107,0,imagen.jpeg,1,batchnorm,1x32x112x112,0.540939
107,0,imagen.jpeg,2,activacion,1x32x112x112,0.670618
107,0,imagen.jpeg,3,depthwise_conv,1x32x112x112,4.080095
107,0,imagen.jpeg,4,batchnorm,1x32x112x112,2.340516
107,0,imagen.jpeg,5,activacion,1x32x112x112,0.727488
107,0,imagen.jpeg,6,pointwise_conv,1x32x112x112,3.629707
107,0,imagen.jpeg,7,batchnorm,1x16x112x112,0.175563
107,0,imagen.jpeg,8,pointwise_conv,1x16x112x112,11.573253
107,0,imagen.jpeg,9,batchnorm,1x96x112x112,2.188819
107,0,imagen.jpeg,10,activacion,1x96x112x112,3.404751
107,0,imagen.jpeg,11,depthwise_conv,1x96x112x112,3.238401
107,0,imagen.jpeg,12,batchnorm,1x96x56x56,0.284516
107,0,imagen.jpeg,13,activacion,1x96x56x56,1.143569
107,0,imagen.jpeg,14,pointwise_conv,1x96x56x56,4.035529
107,0,imagen.jpeg,15,batchnorm,1x24x56x56,0.062465
107,0,imagen.jpeg,16,pointwise_conv,1x24x56x56,6.602832
107,0,imagen.jpeg,17,batchnorm,1x144x56x56,0.982572
107,0,imagen.jpeg,18,activacion,1x144x56x56,1.33045
107,0,imagen.jpeg,19,depthwise_conv,1x144x56x56,4.715998
107,0,imagen.jpeg,20,batchnorm,1x144x56x56,0.94008
107,0,imagen.jpeg,21,activacion,1x144x56x56,1.63597
107,0,imagen.jpeg,22,pointwise_conv,1x144x56x56,6.343761
107,0,imagen.jpeg,23,batchnorm,1x24x56x56,0.0712
107,0,imagen.jpeg,24,layer_add,1x24x56x56,0.056215
107,0,imagen.jpeg,25,pointwise_conv,1x24x56x56,6.17987
107,0,imagen.jpeg,26,batchnorm,1x144x56x56,0.440293
107,0,imagen.jpeg,27,activacion,1x144x56x56,1.568723
107,0,imagen.jpeg,28,depthwise_conv,1x144x56x56,1.166852
107,0,imagen.jpeg,29,batchnorm,1x144x28x28,0.100204
107,0,imagen.jpeg,30,activacion,1x144x28x28,0.366812
107,0,imagen.jpeg,31,pointwise_conv,1x144x28x28,2.053097
107,0,imagen.jpeg,32,batchnorm,1x32x28x28,0.021852
107,0,imagen.jpeg,33,pointwise_conv,1x32x28x28,2.664168
107,0,imagen.jpeg,34,batchnorm,1x192x28x28,0.177693
107,0,imagen.jpeg,35,activacion,1x192x28x28,0.499066
107,0,imagen.jpeg,36,depthwise_conv,1x192x28x28,1.589231
107,0,imagen.jpeg,37,batchnorm,1x192x28x28,0.144903
107,0,imagen.jpeg,38,activacion,1x192x28x28,0.557461
107,0,imagen.jpeg,39,pointwise_conv,1x192x28x28,2.650594
107,0,imagen.jpeg,40,batchnorm,1x32x28x28,0.021902
107,0,imagen.jpeg,41,layer_add,1x32x28x28,0.013666
107,0,imagen.jpeg,42,pointwise_conv,1x32x28x28,2.663929
107,0,imagen.jpeg,43,batchnorm,1x192x28x28,0.126534
107,0,imagen.jpeg,44,activacion,1x192x28x28,0.456151
107,0,imagen.jpeg,45,depthwise_conv,1x192x28x28,1.48852
107,0,imagen.jpeg,46,batchnorm,1x192x28x28,0.125396
107,0,imagen.jpeg,47,activacion,1x192x28x28,0.503171
107,0,imagen.jpeg,48,pointwise_conv,1x192x28x28,2.601542
107,0,imagen.jpeg,49,batchnorm,1x32x28x28,0.020948
107,0,imagen.jpeg,50,layer_add,1x32x28x28,0.016015
107,0,imagen.jpeg,51,pointwise_conv,1x32x28x28,2.631539
107,0,imagen.jpeg,52,batchnorm,1x192x28x28,0.122337
107,0,imagen.jpeg,53,activacion,1x192x28x28,0.507455
107,0,imagen.jpeg,54,depthwise_conv,1x192x28x28,0.362339
107,0,imagen.jpeg,55,batchnorm,1x192x14x14,0.033233
107,0,imagen.jpeg,56,activacion,1x192x14x14,0.095763
107,0,imagen.jpeg,57,pointwise_conv,1x192x14x14,1.394134
107,0,imagen.jpeg,58,batchnorm,1x64x14x14,0.013578
107,0,imagen.jpeg,59,pointwise_conv,1x64x14x14,2.9749
107,0,imagen.jpeg,60,batchnorm,1x384x14x14,0.082643
107,0,imagen.jpeg,61,activacion,1x384x14x14,0.216216
107,0,imagen.jpeg,62,depthwise_conv,1x384x14x14,0.815689
107,0,imagen.jpeg,63,batchnorm,1x384x14x14,0.074042
107,0,imagen.jpeg,64,activacion,1x384x14x14,0.287684
107,0,imagen.jpeg,65,pointwise_conv,1x384x14x14,2.765029
107,0,imagen.jpeg,66,batchnorm,1x64x14x14,0.012705
107,0,imagen.jpeg,67,layer_add,1x64x14x14,0.007085
107,0,imagen.jpeg,68,pointwise_conv,1x64x14x14,3.039544
107,0,imagen.jpeg,69,batchnorm,1x384x14x14,0.078711
107,0,imagen.jpeg,70,activacion,1x384x14x14,0.296521
107,0,imagen.jpeg,71,depthwise_conv,1x384x14x14,0.804361
107,0,imagen.jpeg,72,batchnorm,1x384x14x14,0.112679
107,0,imagen.jpeg,73,activacion,1x384x14x14,0.277078
107,0,imagen.jpeg,74,pointwise_conv,1x384x14x14,2.86321
107,0,imagen.jpeg,75,batchnorm,1x64x14x14,0.012101
107,0,imagen.jpeg,76,layer_add,1x64x14x14,0.007218
107,0,imagen.jpeg,77,pointwise_conv,1x64x14x14,3.090473
107,0,imagen.jpeg,78,batchnorm,1x384x14x14,0.079152
107,0,imagen.jpeg,79,activacion,1x384x14x14,0.297733
107,0,imagen.jpeg,80,depthwise_conv,1x384x14x14,1.138886
107,0,imagen.jpeg,81,batchnorm,1x384x14x14,0.187929
107,0,imagen.jpeg,82,activacion,1x384x14x14,0.247179
107,0,imagen.jpeg,83,pointwise_conv,1x384x14x14,2.853465
107,0,imagen.jpeg,84,batchnorm,1x64x14x14,0.011986
107,0,imagen.jpeg,85,layer_add,1x64x14x14,0.006917
107,0,imagen.jpeg,86,pointwise_conv,1x64x14x14,2.909194
107,0,imagen.jpeg,87,batchnorm,1x384x14x14,0.073153
107,0,imagen.jpeg,88,activacion,1x384x14x14,0.276208
107,0,imagen.jpeg,89,depthwise_conv,1x384x14x14,0.812177
107,0,imagen.jpeg,90,batchnorm,1x384x14x14,0.089991
107,0,imagen.jpeg,91,activacion,1x384x14x14,0.262051
107,0,imagen.jpeg,92,pointwise_conv,1x384x14x14,4.48148
107,0,imagen.jpeg,93,batchnorm,1x96x14x14,0.153108
107,0,imagen.jpeg,94,pointwise_conv,1x96x14x14,6.980598
107,0,imagen.jpeg,95,batchnorm,1x576x14x14,0.11155
107,0,imagen.jpeg,96,activacion,1x576x14x14,0.380147
107,0,imagen.jpeg,97,depthwise_conv,1x576x14x14,1.223617
107,0,imagen.jpeg,98,batchnorm,1x576x14x14,0.190537
107,0,imagen.jpeg,99,activacion,1x576x14x14,0.346786
107,0,imagen.jpeg,100,pointwise_conv,1x576x14x14,6.133234
107,0,imagen.jpeg,101,batchnorm,1x96x14x14,0.019498
107,0,imagen.jpeg,102,layer_add,1x96x14x14,0.014514
107,0,imagen.jpeg,103,pointwise_conv,1x96x14x14,6.540294
107,0,imagen.jpeg,104,batchnorm,1x576x14x14,0.110513
107,0,imagen.jpeg,105,activacion,1x576x14x14,0.396743
107,0,imagen.jpeg,106,depthwise_conv,1x576x14x14,1.210696
107,0,imagen.jpeg,107,batchnorm,1x576x14x14,0.166091
107,0,imagen.jpeg,108,activacion,1x576x14x14,0.319698
107,0,imagen.jpeg,109,pointwise_conv,1x576x14x14,6.055809
107,0,imagen.jpeg,110,batchnorm,1x96x14x14,0.017199
107,0,imagen.jpeg,111,layer_add,1x96x14x14,0.009975
107,0,imagen.jpeg,112,pointwise_conv,1x96x14x14,6.494486
107,0,imagen.jpeg,113,batchnorm,1x576x14x14,0.109224
107,0,imagen.jpeg,114,activacion,1x576x14x14,0.333374
107,0,imagen.jpeg,115,depthwise_conv,1x576x14x14,0.279389
107,0,imagen.jpeg,116,batchnorm,1x576x7x7,0.031247
107,0,imagen.jpeg,117,activacion,1x576x7x7,0.066701
107,0,imagen.jpeg,118,pointwise_conv,1x576x7x7,2.492733
107,0,imagen.jpeg,119,batchnorm,1x160x7x7,0.007555
107,0,imagen.jpeg,120,pointwise_conv,1x160x7x7,4.177141
107,0,imagen.jpeg,121,batchnorm,1x960x7x7,0.04322
107,0,imagen.jpeg,122,activacion,1x960x7x7,0.14582
107,0,imagen.jpeg,123,depthwise_conv,1x960x7x7,0.431227
107,0,imagen.jpeg,124,batchnorm,1x960x7x7,0.044083
107,0,imagen.jpeg,125,activacion,1x960x7x7,0.144812
107,0,imagen.jpeg,126,pointwise_conv,1x960x7x7,4.280232
107,0,imagen.jpeg,127,batchnorm,1x160x7x7,0.008219
107,0,imagen.jpeg,128,layer_add,1x160x7x7,0.004388
107,0,imagen.jpeg,129,pointwise_conv,1x160x7x7,4.110023
107,0,imagen.jpeg,130,batchnorm,1x960x7x7,0.042193
107,0,imagen.jpeg,131,activacion,1x960x7x7,0.140321
107,0,imagen.jpeg,132,depthwise_conv,1x960x7x7,0.461196
107,0,imagen.jpeg,133,batchnorm,1x960x7x7,0.052587
107,0,imagen.jpeg,134,activacion,1x960x7x7,0.12112
107,0,imagen.jpeg,135,pointwise_conv,1x960x7x7,4.103235
107,0,imagen.jpeg,136,batchnorm,1x160x7x7,0.007093
107,0,imagen.jpeg,137,layer_add,1x160x7x7,0.00397
107,0,imagen.jpeg,138,pointwise_conv,1x160x7x7,4.062705
107,0,imagen.jpeg,139,batchnorm,1x960x7x7,0.041431
107,0,imagen.jpeg,140,activacion,1x960x7x7,0.150067
107,0,imagen.jpeg,141,depthwise_conv,1x960x7x7,0.413543
107,0,imagen.jpeg,142,batchnorm,1x960x7x7,0.045422
107,0,imagen.jpeg,143,activacion,1x960x7x7,0.085455
107,0,imagen.jpeg,144,pointwise_conv,1x960x7x7,8.326638
107,0,imagen.jpeg,145,batchnorm,1x320x7x7,0.028681
107,0,imagen.jpeg,146,pointwise_conv,1x320x7x7,10.96925
107,0,imagen.jpeg,147,batchnorm,1x1280x7x7,0.077573
107,0,imagen.jpeg,148,activacion,1x1280x7x7,0.180833
107,0,imagen.jpeg,149,pooling,1x1280x7x7,0.039133
107,0,imagen.jpeg,150,linear,1x1280,1.383078
108,0,imagen.jpeg,0,conv2d,1x3x224x224,12.380642
108,0,imagen.jpeg,1,batchnorm,1x32x112x112,0.42893
108,0,imagen.jpeg,2,activacion,1x32x112x112,0.686443
108,0,imagen.jpeg,3,depthwise_conv,1x32x112x112,3.938473
108,0,imagen.jpeg,4,batchnorm,1x32x112x112,2.290086
108,0,imagen.jpeg,5,activacion,1x32x112x112,0.710647
108,0,imagen.jpeg,6,pointwise_conv,1x32x112x112,3.852759
108,0,imagen.jpeg,7,batchnorm,1x16x112x112,0.184356
108,0,imagen.jpeg,8,pointwise_conv,1x16x112x112,12.465512
108,0,imagen.jpeg,9,batchnorm,1x96x112x112,2.193856
108,0,imagen.jpeg,10,activacion,1x96x112x112,3.452814
108,0,imagen.jpeg,11,depthwise_conv,1x96x112x112,3.352011
108,0,imagen.jpeg,12,batchnorm,1x96x56x56,0.283807
108,0,imagen.jpeg,13,activacion,1x96x56x56,1.036711
108,0,imagen.jpeg,14,pointwise_conv,1x96x56x56,3.985796
108,0,imagen.jpeg,15,batchnorm,1x24x56x56,0.061545
108,0,imagen.jpeg,16,pointwise_conv,1x24x56x56,6.684167
108,0,imagen.jpeg,17,batchnorm,1x144x56x56,0.939882
108,0,imagen.jpeg,18,activacion,1x144x56x56,1.315086
108,0,imagen.jpeg,19,depthwise_conv,1x144x56x56,4.591938
108,0,imagen.jpeg,20,batchnorm,1x144x56x56,0.875054
108,0,imagen.jpeg,21,activacion,1x144x56x56,1.630865
108,0,imagen.jpeg,22,pointwise_conv,1x144x56x56,7.148693
108,0,imagen.jpeg,23,batchnorm,1x24x56x56,0.071309
108,0,imagen.jpeg,24,layer_add,1x24x56x56,0.045893
108,0,imagen.jpeg,25,pointwise_conv,1x24x56x56,6.432183
108,0,imagen.jpeg,26,batchnorm,1x144x56x56,0.479361
108,0,imagen.jpeg,27,activacion,1x144x56x56,1.727295
108,0,imagen.jpeg,28,depthwise_conv,1x144x56x56,1.34567
108,0,imagen.jpeg,29,batchnorm,1x144x28x28,0.125585
108,0,imagen.jpeg,30,activacion,1x144x28x28,0.3845
108,0,imagen.jpeg,31,pointwise_conv,1x144x28x28,2.143511
108,0,imagen.jpeg,32,batchnorm,1x32x28x28,0.023654
108,0,imagen.jpeg,33,pointwise_conv,1x32x28x28,3.212296
108,0,imagen.jpeg,34,batchnorm,1x192x28x28,0.155527
108,0,imagen.jpeg,35,activacion,1x192x28x28,0.407935
108,0,imagen.jpeg,36,depthwise_conv,1x192x28x28,1.614336
108,0,imagen.jpeg,37,batchnorm,1x192x28x28,0.149431
108,0,imagen.jpeg,38,activacion,1x192x28x28,0.564889
108,0,imagen.jpeg,39,pointwise_conv,1x192x28x28,2.898508
108,0,imagen.jpeg,40,batchnorm,1x32x28x28,0.022365
108,0,imagen.jpeg,41,layer_add,1x32x28x28,0.014633
108,0,imagen.jpeg,42,pointwise_conv,1x32x28x28,2.848747
108,0,imagen.jpeg,43,batchnorm,1x192x28x28,0.138757
108,0,imagen.jpeg,44,activacion,1x192x28x28,0.463312
108,0,imagen.jpeg,45,depthwise_conv,1x192x28x28,1.575863
108,0,imagen.jpeg,46,batchnorm,1x192x28x28,0.132859
108,0,imagen.jpeg,47,activacion,1x192x28x28,0.558784
108,0,imagen.jpeg,48,pointwise_conv,1x192x28x28,2.739785
108,0,imagen.jpeg,49,batchnorm,1x32x28x28,0.029543
108,0,imagen.jpeg,50,layer_add,1x32x28x28,0.027895
108,0,imagen.jpeg,51,pointwise_conv,1x32x28x28,2.811736
108,0,imagen.jpeg,52,batchnorm,1x192x28x28,0.141954
108,0,imagen.jpeg,53,activacion,1x192x28x28,0.495265
108,0,imagen.jpeg,54,depthwise_conv,1x192x28x28,0.413981
108,0,imagen.jpeg,55,batchnorm,1x192x14x14,0.036423
108,0,imagen.jpeg,56,activacion,1x192x14x14,0.101107
108,0,imagen.jpeg,57,pointwise_conv,1x192x14x14,1.383892
108,0,imagen.jpeg,58,batchnorm,1x64x14x14,0.01167
108,0,imagen.jpeg,59,pointwise_conv,1x64x14x14,2.7828
108,0,imagen.jpeg,60,batchnorm,1x384x14x14,0.068101
108,0,imagen.jpeg,61,activacion,1x384x14x14,0.212656
108,0,imagen.jpeg,62,depthwise_conv,1x384x14x14,0.803434
108,0,imagen.jpeg,63,batchnorm,1x384x14x14,0.069764
108,0,imagen.jpeg,64,activacion,1x384x14x14,0.28522
108,0,imagen.jpeg,65,pointwise_conv,1x384x14x14,2.794445
108,0,imagen.jpeg,66,batchnorm,1x64x14x14,0.011459
108,0,imagen.jpeg,67,layer_add,1x64x14x14,0.006975
108,0,imagen.jpeg,68,pointwise_conv,1x64x14x14,2.781652
108,0,imagen.jpeg,69,batchnorm,1x384x14x14,0.075624
108,0,imagen.jpeg,70,activacion,1x384x14x14,0.248307
108,0,imagen.jpeg,71,depthwise_conv,1x384x14x14,0.799896
108,0,imagen.jpeg,72,batchnorm,1x384x14x14,0.102329
108,0,imagen.jpeg,73,activacion,1x384x14x14,0.258468
108,0,imagen.jpeg,74,pointwise_conv,1x384x14x14,2.803082
108,0,imagen.jpeg,75,batchnorm,1x64x14x14,0.011568
108,0,imagen.jpeg,76,layer_add,1x64x14x14,0.007234
108,0,imagen.jpeg,77,pointwise_conv,1x64x14x14,3.038433
108,0,imagen.jpeg,78,batchnorm,1x384x14x14,0.074279
108,0,imagen.jpeg,79,activacion,1x384x14x14,0.268615
108,0,imagen.jpeg,80,depthwise_conv,1x384x14x14,0.795027
108,0,imagen.jpeg,81,batchnorm,1x384x14x14,0.159889
108,0,imagen.jpeg,82,activacion,1x384x14x14,0.241435
108,0,imagen.jpeg,83,pointwise_conv,1x384x14x14,2.696265
108,0,imagen.jpeg,84,batchnorm,1x64x14x14,0.024379
108,0,imagen.jpeg,85,layer_add,1x64x14x14,0.006896
108,0,imagen.jpeg,86,pointwise_conv,1x64x14x14,2.700745
108,0,imagen.jpeg,87,batchnorm,1x384x14x14,0.064277
108,0,imagen.jpeg,88,activacion,1x384x14x14,0.251161
108,0,imagen.jpeg,89,depthwise_conv,1x384x14x14,0.773301
108,0,imagen.jpeg,90,batchnorm,1x384x14x14,0.082021
108,0,imagen.jpeg,91,activacion,1x384x14x14,0.244714
108,0,imagen.jpeg,92,pointwise_conv,1x384x14x14,4.12098
108,0,imagen.jpeg,93,batchnorm,1x96x14x14,0.018284
108,0,imagen.jpeg,94,pointwise_conv,1x96x14x14,6.275783
108,0,imagen.jpeg,95,batchnorm,1x576x14x14,0.105257
108,0,imagen.jpeg,96,activacion,1x576x14x14,0.363313
108,0,imagen.jpeg,97,depthwise_conv,1x576x14x14,1.16111
108,0,imagen.jpeg,98,batchnorm,1x576x14x14,0.176568
108,0,imagen.jpeg,99,activacion,1x576x14x14,0.33926
108,0,imagen.jpeg,100,pointwise_conv,1x576x14x14,6.080002
108,0,imagen.jpeg,101,batchnorm,1x96x14x14,0.016703
108,0,imagen.jpeg,102,layer_add,1x96x14x14,0.012164
108,0,imagen.jpeg,103,pointwise_conv,1x96x14x14,5.975693
108,0,imagen.jpeg,104,batchnorm,1x576x14x14,0.100857
108,0,imagen.jpeg,105,activacion,1x576x14x14,0.367557
108,0,imagen.jpeg,106,depthwise_conv,1x576x14x14,1.137471
108,0,imagen.jpeg,107,batchnorm,1x576x14x14,0.157159
108,0,imagen.jpeg,108,activacion,1x576x14x14,0.302012
108,0,imagen.jpeg,109,pointwise_conv,1x576x14x14,6.68407
108,0,imagen.jpeg,110,batchnorm,1x96x14x14,0.019863
108,0,imagen.jpeg,111,layer_add,1x96x14x14,0.010926
108,0,imagen.jpeg,112,pointwise_conv,1x96x14x14,6.330596
108,0,imagen.jpeg,113,batchnorm,1x576x14x14,0.104838
108,0,imagen.jpeg,114,activacion,1x576x14x14,0.335818
108,0,imagen.jpeg,115,depthwise_conv,1x576x14x14,0.273651
108,0,imagen.jpeg,116,batchnorm,1x576x7x7,0.03018
108,0,imagen.jpeg,117,activacion,1x576x7x7,0.064953
108,0,imagen.jpeg,118,pointwise_conv,1x576x7x7,2.455756
108,0,imagen.jpeg,119,batchnorm,1x160x7x7,0.007222
108,0,imagen.jpeg,120,pointwise_conv,1x160x7x7,4.116482
108,0,imagen.jpeg,121,batchnorm,1x960x7x7,0.041813
108,0,imagen.jpeg,122,activacion,1x960x7x7,0.146475
108,0,imagen.jpeg,123,depthwise_conv,1x960x7x7,0.433421
108,0,imagen.jpeg,124,batchnorm,1x960x7x7,0.042982
108,0,imagen.jpeg,125,activacion,1x960x7x7,0.144894
108,0,imagen.jpeg,126,pointwise_conv,1x960x7x7,4.441642
108,0,imagen.jpeg,127,batchnorm,1x160x7x7,0.007942
108,0,imagen.jpeg,128,layer_add,1x160x7x7,0.004204
108,0,imagen.jpeg,129,pointwise_conv,1x160x7x7,4.252394
108,0,imagen.jpeg,130,batchnorm,1x960x7x7,0.043946
108,0,imagen.jpeg,131,activacion,1x960x7x7,0.142023
108,0,imagen.jpeg,132,depthwise_conv,1x960x7x7,0.454299
108,0,imagen.jpeg,133,batchnorm,1x960x7x7,0.055031
108,0,imagen.jpeg,134,activacion,1x960x7x7,0.127774
108,0,imagen.jpeg,135,pointwise_conv,1x960x7x7,4.152679
108,0,imagen.jpeg,136,batchnorm,1x160x7x7,0.007438
108,0,imagen.jpeg,137,layer_add,1x160x7x7,0.0045
108,0,imagen.jpeg,138,pointwise_conv,1x160x7x7,4.168282
108,0,imagen.jpeg,139,batchnorm,1x960x7x7,0.04478
108,0,imagen.jpeg,140,activacion,1x960x7x7,0.119893
108,0,imagen.jpeg,141,depthwise_conv,1x960x7x7,0.434982
108,0,imagen.jpeg,142,batchnorm,1x960x7x7,0.047463
108,0,imagen.jpeg,143,activacion,1x960x7x7,0.090485
108,0,imagen.jpeg,144,pointwise_conv,1x960x7x7,8.188356
108,0,imagen.jpeg,145,batchnorm,1x320x7x7,0.014958
108,0,imagen.jpeg,146,pointwise_conv,1x320x7x7,10.874241
108,0,imagen.jpeg,147,batchnorm,1x1280x7x7,0.060478
108,0,imagen.jpeg,148,activacion,1x1280x7x7,0.230532
108,0,imagen.jpeg,149,pooling,1x1280x7x7,0.038209
108,0,imagen.jpeg,150,linear,1x1280,1.461019
109,0,imagen.jpeg,0,conv2d,1x3x224x224,12.316484
109,0,imagen.jpeg,1,batchnorm,1x32x112x112,0.459184
109,0,imagen.jpeg,2,activacion,1x32x112x112,0.648281
109,0,imagen.jpeg,3,depthwise_conv,1x32x112x112,3.82563
109,0,imagen.jpeg,4,batchnorm,1x32x112x112,2.263024
109,0,imagen.jpeg,5,activacion,1x32x112x112,0.727987
109,0,imagen.jpeg,6,pointwise_conv,1x32x112x112,3.689403
109,0,imagen.jpeg,7,batchnorm,1x16x112x112,0.185948
109,0,imagen.jpeg,8,pointwise_conv,1x16x112x112,12.919692
109,0,imagen.jpeg,9,batchnorm,1x96x112x112,2.382823
109,0,imagen.jpeg,10,activacion,1x96x112x112,3.846414
109,0,imagen.jpeg,11,depthwise_conv,1x96x112x112,3.778426
109,0,imagen.jpeg,12,batchnorm,1x96x56x56,0.307628
109,0,imagen.jpeg,13,activacion,1x96x56x56,1.14148
109,0,imagen.jpeg,14,pointwise_conv,1x96x56x56,4.404808
109,0,imagen.jpeg,15,batchnorm,1x24x56x56,0.070392
109,0,imagen.jpeg,16,pointwise_conv,1x24x56x56,7.58967
109,0,imagen.jpeg,17,batchnorm,1x144x56x56,0.951095
109,0,imagen.jpeg,18,activacion,1x144x56x56,1.378015
109,0,imagen.jpeg,19,depthwise_conv,1x144x56x56,5.069751
109,0,imagen.jpeg,20,batchnorm,1x144x56x56,0.945797
109,0,imagen.jpeg,21,activacion,1x144x56x56,1.771687
109,0,imagen.jpeg,22,pointwise_conv,1x144x56x56,6.242032
109,0,imagen.jpeg,23,batchnorm,1x24x56x56,0.066886
109,0,imagen.jpeg,24,layer_add,1x24x56x56,0.042026
109,0,imagen.jpeg,25,pointwise_conv,1x24x56x56,6.108973
109,0,imagen.jpeg,26,batchnorm,1x144x56x56,0.457663
109,0,imagen.jpeg,27,activacion,1x144x56x56,1.499212
109,0,imagen.jpeg,28,depthwise_conv,1x144x56x56,1.173072
109,0,imagen.jpeg,29,batchnorm,1x144x28x28,0.110696
109,0,imagen.jpeg,30,activacion,1x144x28x28,0.363513
109,0,imagen.jpeg,31,pointwise_conv,1x144x28x28,2.076397
109,0,imagen.jpeg,32,batchnorm,1x32x28x28,0.025071
109,0,imagen.jpeg,33,pointwise_conv,1x32x28x28,2.868883
109,0,imagen.jpeg,34,batchnorm,1x192x28x28,0.163728
109,0,imagen.jpeg,35,activacion,1x192x28x28,0.394435
109,0,imagen.jpeg,36,depthwise_conv,1x192x28x28,1.548342
109,0,imagen.jpeg,37,batchnorm,1x192x28x28,0.146253
109,0,imagen.jpeg,38,activacion,1x192x28x28,0.522188
109,0,imagen.jpeg,39,pointwise_conv,1x192x28x28,2.762214
109,0,imagen.jpeg,40,batchnorm,1x32x28x28,0.022686
109,0,imagen.jpeg,41,layer_add,1x32x28x28,0.014489
109,0,imagen.jpeg,42,pointwise_conv,1x32x28x28,2.780844
109,0,imagen.jpeg,43,batchnorm,1x192x28x28,0.135145
109,0,imagen.jpeg,44,activacion,1x192x28x28,0.44138
109,0,imagen.jpeg,45,depthwise_conv,1x192x28x28,1.520954
109,0,imagen.jpeg,46,batchnorm,1x192x28x28,0.165437
109,0,imagen.jpeg,47,activacion,1x192x28x28,0.538659
109,0,imagen.jpeg,48,pointwise_conv,1x192x28x28,2.718941
109,0,imagen.jpeg,49,batchnorm,1x32x28x28,0.021996
109,0,imagen.jpeg,50,layer_add,1x32x28x28,0.014087
109,0,imagen.jpeg,51,pointwise_conv,1x32x28x28,2.692527
109,0,imagen.jpeg,52,batchnorm,1x192x28x28,0.139897
109,0,imagen.jpeg,53,activacion,1x192x28x28,0.493139
109,0,imagen.jpeg,54,depthwise_conv,1x192x28x28,0.412528
109,0,imagen.jpeg,55,batchnorm,1x192x14x14,0.035448
109,0,imagen.jpeg,56,activacion,1x192x14x14,0.101718
109,0,imagen.jpeg,57,pointwise_conv,1x192x14x14,1.384166
109,0,imagen.jpeg,58,batchnorm,1x64x14x14,0.024467
109,0,imagen.jpeg,59,pointwise_conv,1x64x14x14,2.811488
109,0,imagen.jpeg,60,batchnorm,1x384x14x14,0.071564
109,0,imagen.jpeg,61,activacion,1x384x14x14,0.210797
109,0,imagen.jpeg,62,depthwise_conv,1x384x14x14,0.80864
109,0,imagen.jpeg,63,batchnorm,1x384x14x14,0.069433
109,0,imagen.jpeg,64,activacion,1x384x14x14,0.286825
109,0,imagen.jpeg,65,pointwise_conv,1x384x14x14,2.719375
109,0,imagen.jpeg,66,batchnorm,1x64x14x14,0.02867
109,0,imagen.jpeg,67,layer_add,1x64x14x14,0.014207
109,0,imagen.jpeg,68,pointwise_conv,1x64x14x14,2.842067
109,0,imagen.jpeg,69,batchnorm,1x384x14x14,0.078925
109,0,imagen.jpeg,70,activacion,1x384x14x14,0.253716
109,0,imagen.jpeg,71,depthwise_conv,1x384x14x14,0.805416
109,0,imagen.jpeg,72,batchnorm,1x384x14x14,0.101632
109,0,imagen.jpeg,73,activacion,1x384x14x14,0.263746
109,0,imagen.jpeg,74,pointwise_conv,1x384x14x14,2.786254
109,0,imagen.jpeg,75,batchnorm,1x64x14x14,0.011904
109,0,imagen.jpeg,76,layer_add,1x64x14x14,0.007639
109,0,imagen.jpeg,77,pointwise_conv,1x64x14x14,2.806855
109,0,imagen.jpeg,78,batchnorm,1x384x14x14,0.068308
109,0,imagen.jpeg,79,activacion,1x384x14x14,0.265478
109,0,imagen.jpeg,80,depthwise_conv,1x384x14x14,0.806771
109,0,imagen.jpeg,81,batchnorm,1x384x14x14,0.146328
109,0,imagen.jpeg,82,activacion,1x384x14x14,0.242513
109,0,imagen.jpeg,83,pointwise_conv,1x384x14x14,2.803602
109,0,imagen.jpeg,84,batchnorm,1x64x14x14,0.011215
109,0,imagen.jpeg,85,layer_add,1x64x14x14,0.0061
109,0,imagen.jpeg,86,pointwise_conv,1x64x14x14,2.799891
109,0,imagen.jpeg,87,batchnorm,1x384x14x14,0.069926
109,0,imagen.jpeg,88,activacion,1x384x14x14,0.263249
109,0,imagen.jpeg,89,depthwise_conv,1x384x14x14,0.772134
109,0,imagen.jpeg,90,batchnorm,1x384x14x14,0.067561
109,0,imagen.jpeg,91,activacion,1x384x14x14,0.244192
109,0,imagen.jpeg,92,pointwise_conv,1x384x14x14,4.068284
109,0,imagen.jpeg,93,batchnorm,1x96x14x14,0.016608
109,0,imagen.jpeg,94,pointwise_conv,1x96x14x14,5.984521
109,0,imagen.jpeg,95,batchnorm,1x576x14x14,0.204752
109,0,imagen.jpeg,96,activacion,1x576x14x14,0.393284
109,0,imagen.jpeg,97,depthwise_conv,1x576x14x14,1.311516
109,0,imagen.jpeg,98,batchnorm,1x576x14x14,0.360907
109,0,imagen.jpeg,99,activacion,1x576x14x14,0.391521
109,0,imagen.jpeg,100,pointwise_conv,1x576x14x14,6.433459
109,0,imagen.jpeg,101,batchnorm,1x96x14x14,0.022042
109,0,imagen.jpeg,102,layer_add,1x96x14x14,0.01678
109,0,imagen.jpeg,103,pointwise_conv,1x96x14x14,6.071655
109,0,imagen.jpeg,104,batchnorm,1x576x14x14,0.105954
109,0,imagen.jpeg,105,activacion,1x576x14x14,0.380424
109,0,imagen.jpeg,106,depthwise_conv,1x576x14x14,1.189509
109,0,imagen.jpeg,107,batchnorm,1x576x14x14,0.167397
109,0,imagen.jpeg,108,activacion,1x576x14x14,0.319793
109,0,imagen.jpeg,109,pointwise_conv,1x576x14x14,6.39871
109,0,imagen.jpeg,110,batchnorm,1x96x14x14,0.019159
109,0,imagen.jpeg,111,layer_add,1x96x14x14,0.010392
109,0,imagen.jpeg,112,pointwise_conv,1x96x14x14,6.920477
109,0,imagen.jpeg,113,batchnorm,1x576x14x14,0.147085
109,0,imagen.jpeg,114,activacion,1x576x14x14,0.338255
109,0,imagen.jpeg,115,depthwise_conv,1x576x14x14,0.293488
109,0,imagen.jpeg,116,batchnorm,1x576x7x7,0.031388
109,0,imagen.jpeg,117,activacion,1x576x7x7,0.068786
109,0,imagen.jpeg,118,pointwise_conv,1x576x7x7,2.566127
109,0,imagen.jpeg,119,batchnorm,1x160x7x7,0.008648
109,0,imagen.jpeg,120,pointwise_conv,1x160x7x7,4.480819
109,0,imagen.jpeg,121,batchnorm,1x960x7x7,0.050752
109,0,imagen.jpeg,122,activacion,1x960x7x7,0.163668
109,0,imagen.jpeg,123,depthwise_conv,1x960x7x7,0.473785
109,0,imagen.jpeg,124,batchnorm,1x960x7x7,0.047235
109,0,imagen.jpeg,125,activacion,1x960x7x7,0.153483
109,0,imagen.jpeg,126,pointwise_conv,1x960x7x7,4.420646
109,0,imagen.jpeg,127,batchnorm,1x160x7x7,0.008271
109,0,imagen.jpeg,128,layer_add,1x160x7x7,0.004701
109,0,imagen.jpeg,129,pointwise_conv,1x160x7x7,4.770911
109,0,imagen.jpeg,130,batchnorm,1x960x7x7,0.051543
109,0,imagen.jpeg,131,activacion,1x960x7x7,0.150963
109,0,imagen.jpeg,132,depthwise_conv,1x960x7x7,0.448497
109,0,imagen.jpeg,133,batchnorm,1x960x7x7,0.057375
109,0,imagen.jpeg,134,activacion,1x960x7x7,0.138286
109,0,imagen.jpeg,135,pointwise_conv,1x960x7x7,4.751597
109,0,imagen.jpeg,136,batchnorm,1x160x7x7,0.009426
109,0,imagen.jpeg,137,layer_add,1x160x7x7,0.005333
109,0,imagen.jpeg,138,pointwise_conv,1x160x7x7,4.468533
109,0,imagen.jpeg,139,batchnorm,1x960x7x7,0.062073
109,0,imagen.jpeg,140,activacion,1x960x7x7,0.120086
109,0,imagen.jpeg,141,depthwise_conv,1x960x7x7,0.431529
109,0,imagen.jpeg,142,batchnorm,1x960x7x7,0.047175
109,0,imagen.jpeg,143,activacion,1x960x7x7,0.088041
109,0,imagen.jpeg,144,pointwise_conv,1x960x7x7,8.255446
109,0,imagen.jpeg,145,batchnorm,1x320x7x7,0.015356
109,0,imagen.jpeg,146,pointwise_conv,1x320x7x7,11.611364
109,0,imagen.jpeg,147,batchnorm,1x1280x7x7,0.075461
109,0,imagen.jpeg,148,activacion,1x1280x7x7,0.18616
109,0,imagen.jpeg,149,pooling,1x1280x7x7,0.039926
109,0,imagen.jpeg,150,linear,1x1280,1.449108
110,0,imagen.jpeg,0,conv2d,1x3x224x224,12.569587
110,0,imagen.jpeg,1,batchnorm,1x32x112x112,0.423526
110,0,imagen.jpeg,2,activacion,1x32x112x112,0.690734
110,0,imagen.jpeg,3,depthwise_conv,1x32x112x112,4.058776
110,0,imagen.jpeg,4,batchnorm,1x32x112x112,2.354324
110,0,imagen.jpeg,5,activacion,1x32x112x112,0.745685
110,0,imagen.jpeg,6,pointwise_conv,1x32x112x112,3.609062
110,0,imagen.jpeg,7,batchnorm,1x16x112x112,0.175724
110,0,imagen.jpeg,8,pointwise_conv,1x16x112x112,11.441513
110,0,imagen.jpeg,9,batchnorm,1x96x112x112,2.068255
110,0,imagen.jpeg,10,activacion,1x96x112x112,3.39002
110,0,imagen.jpeg,11,depthwise_conv,1x96x112x112,3.068364
110,0,imagen.jpeg,12,batchnorm,1x96x56x56,0.414923
110,0,imagen.jpeg,13,activacion,1x96x56x56,1.011009
110,0,imagen.jpeg,14,pointwise_conv,1x96x56x56,3.975669
110,0,imagen.jpeg,15,batchnorm,1x24x56x56,0.066574
110,0,imagen.jpeg,16,pointwise_conv,1x24x56x56,6.651206
110,0,imagen.jpeg,17,batchnorm,1x144x56x56,0.891597
110,0,imagen.jpeg,18,activacion,1x144x56x56,1.282815
110,0,imagen.jpeg,19,depthwise_conv,1x144x56x56,4.490636
110,0,imagen.jpeg,20,batchnorm,1x144x56x56,0.962344
110,0,imagen.jpeg,21,activacion,1x144x56x56,1.61329
110,0,imagen.jpeg,22,pointwise_conv,1x144x56x56,6.001185
110,0,imagen.jpeg,23,batchnorm,1x24x56x56,0.071491
110,0,imagen.jpeg,24,layer_add,1x24x56x56,0.065338
110,0,imagen.jpeg,25,pointwise_conv,1x24x56x56,5.968061
110,0,imagen.jpeg,26,batchnorm,1x144x56x56,0.458478
110,0,imagen.jpeg,27,activacion,1x144x56x56,1.592164
110,0,imagen.jpeg,28,depthwise_conv,1x144x56x56,1.141668
110,0,imagen.jpeg,29,batchnorm,1x144x28x28,0.098411
110,0,imagen.jpeg,30,activacion,1x144x28x28,0.349031
110,0,imagen.jpeg,31,pointwise_conv,1x144x28x28,1.970563
110,0,imagen.jpeg,32,batchnorm,1x32x28x28,0.021666
110,0,imagen.jpeg,33,pointwise_conv,1x32x28x28,2.685507
110,0,imagen.jpeg,34,batchnorm,1x192x28x28,0.130621
110,0,imagen.jpeg,35,activacion,1x192x28x28,0.388614
110,0,imagen.jpeg,36,depthwise_conv,1x192x28x28,1.493453
110,0,imagen.jpeg,37,batchnorm,1x192x28x28,0.12995
110,0,imagen.jpeg,38,activacion,1x192x28x28,0.561059
110,0,imagen.jpeg,39,pointwise_conv,1x192x28x28,2.610258
110,0,imagen.jpeg,40,batchnorm,1x32x28x28,0.021215
110,0,imagen.jpeg,41,layer_add,1x32x28x28,0.012529
110,0,imagen.jpeg,42,pointwise_conv,1x32x28x28,2.667937
110,0,imagen.jpeg,43,batchnorm,1x192x28x28,0.12244
110,0,imagen.jpeg,44,activacion,1x192x28x28,0.45034
110,0,imagen.jpeg,45,depthwise_conv,1x192x28x28,1.554378
110,0,imagen.jpeg,46,batchnorm,1x192x28x28,0.13444
110,0,imagen.jpeg,47,activacion,1x192x28x28,0.512843
110,0,imagen.jpeg,48,pointwise_conv,1x192x28x28,2.60409
110,0,imagen.jpeg,49,batchnorm,1x32x28x28,0.020777
110,0,imagen.jpeg,50,layer_add,1x32x28x28,0.012118
110,0,imagen.jpeg,51,pointwise_conv,1x32x28x28,2.579218
110,0,imagen.jpeg,52,batchnorm,1x192x28x28,0.119795
110,0,imagen.jpeg,53,activacion,1x192x28x28,0.45675
110,0,imagen.jpeg,54,depthwise_conv,1x192x28x28,0.353133
110,0,imagen.jpeg,55,batchnorm,1x192x14x14,0.032659
110,0,imagen.jpeg,56,activacion,1x192x14x14,0.094252
110,0,imagen.jpeg,57,pointwise_conv,1x192x14x14,1.311465
110,0,imagen.jpeg,58,batchnorm,1x64x14x14,0.01133
110,0,imagen.jpeg,59,pointwise_conv,1x64x14x14,2.65178
110,0,imagen.jpeg,60,batchnorm,1x384x14x14,0.065562
110,0,imagen.jpeg,61,activacion,1x384x14x14,0.182218
110,0,imagen.jpeg,62,depthwise_conv,1x384x14x14,0.736252
110,0,imagen.jpeg,63,batchnorm,1x384x14x14,0.081304
110,0,imagen.jpeg,64,activacion,1x384x14x14,0.256743
110,0,imagen.jpeg,65,pointwise_conv,1x384x14x14,2.658635
110,0,imagen.jpeg,66,batchnorm,1x64x14x14,0.011612
110,0,imagen.jpeg,67,layer_add,1x64x14x14,0.006661
110,0,imagen.jpeg,68,pointwise_conv,1x64x14x14,2.683535
110,0,imagen.jpeg,69,batchnorm,1x384x14x14,0.062796
110,0,imagen.jpeg,70,activacion,1x384x14x14,0.237042
110,0,imagen.jpeg,71,depthwise_conv,1x384x14x14,0.766238
110,0,imagen.jpeg,72,batchnorm,1x384x14x14,0.092934
110,0,imagen.jpeg,73,activacion,1x384x14x14,0.237844
110,0,imagen.jpeg,74,pointwise_conv,1x384x14x14,2.677793
110,0,imagen.jpeg,75,batchnorm,1x64x14x14,0.012669
110,0,imagen.jpeg,76,layer_add,1x64x14x14,0.008984
110,0,imagen.jpeg,77,pointwise_conv,1x64x14x14,2.746641
110,0,imagen.jpeg,78,batchnorm,1x384x14x14,0.070259
110,0,imagen.jpeg,79,activacion,1x384x14x14,0.252958
110,0,imagen.jpeg,80,depthwise_conv,1x384x14x14,0.750453
110,0,imagen.jpeg,81,batchnorm,1x384x14x14,0.139171
110,0,imagen.jpeg,82,activacion,1x384x14x14,0.224919
110,0,imagen.jpeg,83,pointwise_conv,1x384x14x14,2.691045
110,0,imagen.jpeg,84,batchnorm,1x64x14x14,0.010859
110,0,imagen.jpeg,85,layer_add,1x64x14x14,0.007145
110,0,imagen.jpeg,86,pointwise_conv,1x64x14x14,2.728188
110,0,imagen.jpeg,87,batchnorm,1x384x14x14,0.068144
110,0,imagen.jpeg,88,activacion,1x384x14x14,0.253391
110,0,imagen.jpeg,89,depthwise_conv,1x384x14x14,0.751832
110,0,imagen.jpeg,90,batchnorm,1x384x14x14,0.066174
110,0,imagen.jpeg,91,activacion,1x384x14x14,0.237185
110,0,imagen.jpeg,92,pointwise_conv,1x384x14x14,4.002623
110,0,imagen.jpeg,93,batchnorm,1x96x14x14,0.016044
110,0,imagen.jpeg,94,pointwise_conv,1x96x14x14,6.065528
110,0,imagen.jpeg,95,batchnorm,1x576x14x14,0.104251
110,0,imagen.jpeg,96,activacion,1x576x14x14,0.389473
110,0,imagen.jpeg,97,depthwise_conv,1x576x14x14,1.131472
110,0,imagen.jpeg,98,batchnorm,1x576x14x14,0.17394
110,0,imagen.jpeg,99,activacion,1x576x14x14,0.332623
110,0,imagen.jpeg,100,pointwise_conv,1x576x14x14,6.001621
110,0,imagen.jpeg,101,batchnorm,1x96x14x14,0.016966
110,0,imagen.jpeg,102,layer_add,1x96x14x14,0.012606
110,0,imagen.jpeg,103,pointwise_conv,1x96x14x14,5.907863
110,0,imagen.jpeg,104,batchnorm,1x576x14x14,0.101871
110,0,imagen.jpeg,105,activacion,1x576x14x14,0.364417
110,0,imagen.jpeg,106,depthwise_conv,1x576x14x14,1.149308
110,0,imagen.jpeg,107,batchnorm,1x576x14x14,0.160502
110,0,imagen.jpeg,108,activacion,1x576x14x14,0.302408
110,0,imagen.jpeg,109,pointwise_conv,1x576x14x14,6.024845
110,0,imagen.jpeg,110,batchnorm,1x96x14x14,0.019843
110,0,imagen.jpeg,111,layer_add,1x96x14x14,0.010931
110,0,imagen.jpeg,112,pointwise_conv,1x96x14x14,6.205591
110,0,imagen.jpeg,113,batchnorm,1x576x14x14,0.107555
110,0,imagen.jpeg,114,activacion,1x576x14x14,0.331312
110,0,imagen.jpeg,115,depthwise_conv,1x576x14x14,0.267278
110,0,imagen.jpeg,116,batchnorm,1x576x7x7,0.029623
110,0,imagen.jpeg,117,activacion,1x576x7x7,0.065291
110,0,imagen.jpeg,118,pointwise_conv,1x576x7x7,2.47464
110,0,imagen.jpeg,119,batchnorm,1x160x7x7,0.007733
110,0,imagen.jpeg,120,pointwise_conv,1x160x7x7,4.059912
110,0,imagen.jpeg,121,batchnorm,1x960x7x7,0.042762
110,0,imagen.jpeg,122,activacion,1x960x7x7,0.149671
110,0,imagen.jpeg,123,depthwise_conv,1x960x7x7,0.429434
110,0,imagen.jpeg,124,batchnorm,1x960x7x7,0.04343
110,0,imagen.jpeg,125,activacion,1x960x7x7,0.145738
110,0,imagen.jpeg,126,pointwise_conv,1x960x7x7,4.446967
110,0,imagen.jpeg,127,batchnorm,1x160x7x7,0.007838
110,0,imagen.jpeg,128,layer_add,1x160x7x7,0.004372
110,0,imagen.jpeg,129,pointwise_conv,1x160x7x7,4.009877
110,0,imagen.jpeg,130,batchnorm,1x960x7x7,0.043815
110,0,imagen.jpeg,131,activacion,1x960x7x7,0.143573
110,0,imagen.jpeg,132,depthwise_conv,1x960x7x7,0.42399
110,0,imagen.jpeg,133,batchnorm,1x960x7x7,0.053847
110,0,imagen.jpeg,134,activacion,1x960x7x7,0.124814
110,0,imagen.jpeg,135,pointwise_conv,1x960x7x7,4.007536
110,0,imagen.jpeg,136,batchnorm,1x160x7x7,0.007623
110,0,imagen.jpeg,137,layer_add,1x160x7x7,0.003636
110,0,imagen.jpeg,138,pointwise_conv,1x160x7x7,4.170594
110,0,imagen.jpeg,139,batchnorm,1x960x7x7,0.072124
110,0,imagen.jpeg,140,activacion,1x960x7x7,0.118921
110,0,imagen.jpeg,141,depthwise_conv,1x960x7x7,0.485289
110,0,imagen.jpeg,142,batchnorm,1x960x7x7,0.045861
110,0,imagen.jpeg,143,activacion,1x960x7x7,0.085507
110,0,imagen.jpeg,144,pointwise_conv,1x960x7x7,8.391531
110,0,imagen.jpeg,145,batchnorm,1x320x7x7,0.016303
110,0,imagen.jpeg,146,pointwise_conv,1x320x7x7,12.081072
110,0,imagen.jpeg,147,batchnorm,1x1280x7x7,0.065662
110,0,imagen.jpeg,148,activacion,1x1280x7x7,0.182592
110,0,imagen.jpeg,149,pooling,1x1280x7x7,0.040417
110,0,imagen.jpeg,150,linear,1x1280,1.459853
111,0,imagen.jpeg,0,conv2d,1x3x224x224,14.640434
111,0,imagen.jpeg,1,batchnorm,1x32x112x112,0.449458
111,0,imagen.jpeg,2,activacion,1x32x112x112,0.715593
111,0,imagen.jpeg,3,depthwise_conv,1x32x112x112,4.294262
111,0,imagen.jpeg,4,batchnorm,1x32x112x112,2.655752
111,0,imagen.jpeg,5,activacion,1x32x112x112,0.923732
111,0,imagen.jpeg,6,pointwise_conv,1x32x112x112,3.926045
111,0,imagen.jpeg,7,batchnorm,1x16x112x112,0.1925
111,0,imagen.jpeg,8,pointwise_conv,1x16x112x112,12.5483
111,0,imagen.jpeg,9,batchnorm,1x96x112x112,2.129023
111,0,imagen.jpeg,10,activacion,1x96x112x112,3.453607
111,0,imagen.jpeg,11,depthwise_conv,1x96x112x112,3.061421
111,0,imagen.jpeg,12,batchnorm,1x96x56x56,0.290604
111,0,imagen.jpeg,13,activacion,1x96x56x56,1.02577
111,0,imagen.jpeg,14,pointwise_conv,1x96x56x56,4.126583
111,0,imagen.jpeg,15,batchnorm,1x24x56x56,0.066049
111,0,imagen.jpeg,16,pointwise_conv,1x24x56x56,6.751048
111,0,imagen.jpeg,17,batchnorm,1x144x56x56,0.90986
111,0,imagen.jpeg,18,activacion,1x144x56x56,1.270857
111,0,imagen.jpeg,19,depthwise_conv,1x144x56x56,4.646071
111,0,imagen.jpeg,20,batchnorm,1x144x56x56,1.242777
111,0,imagen.jpeg,21,activacion,1x144x56x56,1.780116
111,0,imagen.jpeg,22,pointwise_conv,1x144x56x56,6.049534
111,0,imagen.jpeg,23,batchnorm,1x24x56x56,0.070994
111,0,imagen.jpeg,24,layer_add,1x24x56x56,0.041685
111,0,imagen.jpeg,25,pointwise_conv,1x24x56x56,6.198707
111,0,imagen.jpeg,26,batchnorm,1x144x56x56,0.578916
111,0,imagen.jpeg,27,activacion,1x144x56x56,1.639405
111,0,imagen.jpeg,28,depthwise_conv,1x144x56x56,1.190007
111,0,imagen.jpeg,29,batchnorm,1x144x28x28,0.105409
111,0,imagen.jpeg,30,activacion,1x144x28x28,0.363664
111,0,imagen.jpeg,31,pointwise_conv,1x144x28x28,2.158886
111,0,imagen.jpeg,32,batchnorm,1x32x28x28,0.021977
111,0,imagen.jpeg,33,pointwise_conv,1x32x28x28,2.757315
111,0,imagen.jpeg,34,batchnorm,1x192x28x28,0.147652
111,0,imagen.jpeg,35,activacion,1x192x28x28,0.385518
111,0,imagen.jpeg,36,depthwise_conv,1x192x28x28,1.500127
111,0,imagen.jpeg,37,batchnorm,1x192x28x28,0.126526
111,0,imagen.jpeg,38,activacion,1x192x28x28,0.526714
111,0,imagen.jpeg,39,pointwise_conv,1x192x28x28,2.668025
111,0,imagen.jpeg,40,batchnorm,1x32x28x28,0.021382
111,0,imagen.jpeg,41,layer_add,1x32x28x28,0.012268
111,0,imagen.jpeg,42,pointwise_conv,1x32x28x28,2.913578
111,0,imagen.jpeg,43,batchnorm,1x192x28x28,0.234687
111,0,imagen.jpeg,44,activacion,1x192x28x28,0.482341
111,0,imagen.jpeg,45,depthwise_conv,1x192x28x28,1.601532
111,0,imagen.jpeg,46,batchnorm,1x192x28x28,0.146641
111,0,imagen.jpeg,47,activacion,1x192x28x28,0.551442
111,0,imagen.jpeg,48,pointwise_conv,1x192x28x28,2.818284
111,0,imagen.jpeg,49,batchnorm,1x32x28x28,0.024388
111,0,imagen.jpeg,50,layer_add,1x32x28x28,0.014279
111,0,imagen.jpeg,51,pointwise_conv,1x32x28x28,2.744587
111,0,imagen.jpeg,52,batchnorm,1x192x28x28,0.131782
111,0,imagen.jpeg,53,activacion,1x192x28x28,0.492096
111,0,imagen.jpeg,54,depthwise_conv,1x192x28x28,0.411133
111,0,imagen.jpeg,55,batchnorm,1x192x14x14,0.035067
111,0,imagen.jpeg,56,activacion,1x192x14x14,0.099442
111,0,imagen.jpeg,57,pointwise_conv,1x192x14x14,1.916293
111,0,imagen.jpeg,58,batchnorm,1x64x14x14,0.012812
111,0,imagen.jpeg,59,pointwise_conv,1x64x14x14,2.870118
111,0,imagen.jpeg,60,batchnorm,1x384x14x14,0.070151
111,0,imagen.jpeg,61,activacion,1x384x14x14,0.208643
111,0,imagen.jpeg,62,depthwise_conv,1x384x14x14,0.769537
111,0,imagen.jpeg,63,batchnorm,1x384x14x14,0.067324
111,0,imagen.jpeg,64,activacion,1x384x14x14,0.288487
111,0,imagen.jpeg,65,pointwise_conv,1x384x14x14,3.077388
111,0,imagen.jpeg,66,batchnorm,1x64x14x14,0.012743
111,0,imagen.jpeg,67,layer_add,1x64x14x14,0.007044
111,0,imagen.jpeg,68,pointwise_conv,1x64x14x14,2.850618
111,0,imagen.jpeg,69,batchnorm,1x384x14x14,0.069802
111,0,imagen.jpeg,70,activacion,1x384x14x14,0.242109
111,0,imagen.jpeg,71,depthwise_conv,1x384x14x14,0.808278
111,0,imagen.jpeg,72,batchnorm,1x384x14x14,0.100717
111,0,imagen.jpeg,73,activacion,1x384x14x14,0.261178
111,0,imagen.jpeg,74,pointwise_conv,1x384x14x14,2.78642
111,0,imagen.jpeg,75,batchnorm,1x64x14x14,0.011449
111,0,imagen.jpeg,76,layer_add,1x64x14x14,0.005538
111,0,imagen.jpeg,77,pointwise_conv,1x64x14x14,2.751718
111,0,imagen.jpeg,78,batchnorm,1x384x14x14,0.067599
111,0,imagen.jpeg,79,activacion,1x384x14x14,0.267685
111,0,imagen.jpeg,80,depthwise_conv,1x384x14x14,0.801898
111,0,imagen.jpeg,81,batchnorm,1x384x14x14,0.144299
111,0,imagen.jpeg,82,activacion,1x384x14x14,0.23682
111,0,imagen.jpeg,83,pointwise_conv,1x384x14x14,2.735147
111,0,imagen.jpeg,84,batchnorm,1x64x14x14,0.011616
111,0,imagen.jpeg,85,layer_add,1x64x14x14,0.006989
111,0,imagen.jpeg,86,pointwise_conv,1x64x14x14,2.735836
111,0,imagen.jpeg,87,batchnorm,1x384x14x14,0.080617
111,0,imagen.jpeg,88,activacion,1x384x14x14,0.256697
111,0,imagen.jpeg,89,depthwise_conv,1x384x14x14,0.773979
111,0,imagen.jpeg,90,batchnorm,1x384x14x14,0.067473
111,0,imagen.jpeg,91,activacion,1x384x14x14,0.246157
111,0,imagen.jpeg,92,pointwise_conv,1x384x14x14,4.10628
111,0,imagen.jpeg,93,batchnorm,1x96x14x14,0.017034
111,0,imagen.jpeg,94,pointwise_conv,1x96x14x14,6.135051
111,0,imagen.jpeg,95,batchnorm,1x576x14x14,0.120094
111,0,imagen.jpeg,96,activacion,1x576x14x14,0.39577
111,0,imagen.jpeg,97,depthwise_conv,1x576x14x14,1.140203
111,0,imagen.jpeg,98,batchnorm,1x576x14x14,0.173134
111,0,imagen.jpeg,99,activacion,1x576x14x14,0.351983
111,0,imagen.jpeg,100,pointwise_conv,1x576x14x14,5.930267
111,0,imagen.jpeg,101,batchnorm,1x96x14x14,0.016153
111,0,imagen.jpeg,102,layer_add,1x96x14x14,0.012147
111,0,imagen.jpeg,103,pointwise_conv,1x96x14x14,5.922541
111,0,imagen.jpeg,104,batchnorm,1x576x14x14,0.094577
111,0,imagen.jpeg,105,activacion,1x576x14x14,0.344491
111,0,imagen.jpeg,106,depthwise_conv,1x576x14x14,1.315143
111,0,imagen.jpeg,107,batchnorm,1x576x14x14,0.168026
111,0,imagen.jpeg,108,activacion,1x576x14x14,0.301261
111,0,imagen.jpeg,109,pointwise_conv,1x576x14x14,5.948885
111,0,imagen.jpeg,110,batchnorm,1x96x14x14,0.01572
111,0,imagen.jpeg,111,layer_add,1x96x14x14,0.009123
111,0,imagen.jpeg,112,pointwise_conv,1x96x14x14,5.919281
111,0,imagen.jpeg,113,batchnorm,1x576x14x14,0.095454
111,0,imagen.jpeg,114,activacion,1x576x14x14,0.3142
111,0,imagen.jpeg,115,depthwise_conv,1x576x14x14,0.266742
111,0,imagen.jpeg,116,batchnorm,1x576x7x7,0.029344
111,0,imagen.jpeg,117,activacion,1x576x7x7,0.064172
111,0,imagen.jpeg,118,pointwise_conv,1x576x7x7,2.392708
111,0,imagen.jpeg,119,batchnorm,1x160x7x7,0.007612
111,0,imagen.jpeg,120,pointwise_conv,1x160x7x7,4.282655
111,0,imagen.jpeg,121,batchnorm,1x960x7x7,0.044712
111,0,imagen.jpeg,122,activacion,1x960x7x7,0.148678
111,0,imagen.jpeg,123,depthwise_conv,1x960x7x7,0.424645
111,0,imagen.jpeg,124,batchnorm,1x960x7x7,0.043263
111,0,imagen.jpeg,125,activacion,1x960x7x7,0.139847
111,0,imagen.jpeg,126,pointwise_conv,1x960x7x7,4.11282
111,0,imagen.jpeg,127,batchnorm,1x160x7x7,0.007676
111,0,imagen.jpeg,128,layer_add,1x160x7x7,0.003976
111,0,imagen.jpeg,129,pointwise_conv,1x160x7x7,4.01325
111,0,imagen.jpeg,130,batchnorm,1x960x7x7,0.042445
111,0,imagen.jpeg,131,activacion,1x960x7x7,0.141796
111,0,imagen.jpeg,132,depthwise_conv,1x960x7x7,0.423185
111,0,imagen.jpeg,133,batchnorm,1x960x7x7,0.05367
111,0,imagen.jpeg,134,activacion,1x960x7x7,0.130132
111,0,imagen.jpeg,135,pointwise_conv,1x960x7x7,4.043757
111,0,imagen.jpeg,136,batchnorm,1x160x7x7,0.007345
111,0,imagen.jpeg,137,layer_add,1x160x7x7,0.003638
111,0,imagen.jpeg,138,pointwise_conv,1x160x7x7,4.289223
111,0,imagen.jpeg,139,batchnorm,1x960x7x7,0.04463
111,0,imagen.jpeg,140,activacion,1x960x7x7,0.117509
111,0,imagen.jpeg,141,depthwise_conv,1x960x7x7,0.452034
111,0,imagen.jpeg,142,batchnorm,1x960x7x7,0.046337
111,0,imagen.jpeg,143,activacion,1x960x7x7,0.087604
111,0,imagen.jpeg,144,pointwise_conv,1x960x7x7,9.074095
111,0,imagen.jpeg,145,batchnorm,1x320x7x7,0.01563
111,0,imagen.jpeg,146,pointwise_conv,1x320x7x7,10.88263
111,0,imagen.jpeg,147,batchnorm,1x1280x7x7,0.06252
111,0,imagen.jpeg,148,activacion,1x1280x7x7,0.182871
111,0,imagen.jpeg,149,pooling,1x1280x7x7,0.03932
111,0,imagen.jpeg,150,linear,1x1280,1.39895
112,0,imagen.jpeg,0,conv2d,1x3x224x224,16.872893
112,0,imagen.jpeg,1,batchnorm,1x32x112x112,0.660422
112,0,imagen.jpeg,2,activacion,1x32x112x112,0.78064
112,0,imagen.jpeg,3,depthwise_conv,1x32x112x112,6.174912
112,0,imagen.jpeg,4,batchnorm,1x32x112x112,2.832122
112,0,imagen.jpeg,5,activacion,1x32x112x112,0.837843
112,0,imagen.jpeg,6,pointwise_conv,1x32x112x112,3.999946
112,0,imagen.jpeg,7,batchnorm,1x16x112x112,0.192291
112,0,imagen.jpeg,8,pointwise_conv,1x16x112x112,12.094649
112,0,imagen.jpeg,9,batchnorm,1x96x112x112,2.2462
112,0,imagen.jpeg,10,activacion,1x96x112x112,3.511045
112,0,imagen.jpeg,11,depthwise_conv,1x96x112x112,3.184354
112,0,imagen.jpeg,12,batchnorm,1x96x56x56,0.279103
112,0,imagen.jpeg,13,activacion,1x96x56x56,1.00622
112,0,imagen.jpeg,14,pointwise_conv,1x96x56x56,3.883001
112,0,imagen.jpeg,15,batchnorm,1x24x56x56,0.062724
112,0,imagen.jpeg,16,pointwise_conv,1x24x56x56,6.634086
112,0,imagen.jpeg,17,batchnorm,1x144x56x56,0.882484
112,0,imagen.jpeg,18,activacion,1x144x56x56,1.287264
112,0,imagen.jpeg,19,depthwise_conv,1x144x56x56,4.515718
112,0,imagen.jpeg,20,batchnorm,1x144x56x56,0.892867
112,0,imagen.jpeg,21,activacion,1x144x56x56,1.61305
112,0,imagen.jpeg,22,pointwise_conv,1x144x56x56,5.946049
112,0,imagen.jpeg,23,batchnorm,1x24x56x56,0.068901
112,0,imagen.jpeg,24,layer_add,1x24x56x56,0.059683
112,0,imagen.jpeg,25,pointwise_conv,1x24x56x56,5.960481
112,0,imagen.jpeg,26,batchnorm,1x144x56x56,0.416718
112,0,imagen.jpeg,27,activacion,1x144x56x56,1.50174
112,0,imagen.jpeg,28,depthwise_conv,1x144x56x56,1.102887
112,0,imagen.jpeg,29,batchnorm,1x144x28x28,0.1033
112,0,imagen.jpeg,30,activacion,1x144x28x28,0.341335
112,0,imagen.jpeg,31,pointwise_conv,1x144x28x28,1.976164
112,0,imagen.jpeg,32,batchnorm,1x32x28x28,0.021491
112,0,imagen.jpeg,33,pointwise_conv,1x32x28x28,2.692811
112,0,imagen.jpeg,34,batchnorm,1x192x28x28,0.133946
112,0,imagen.jpeg,35,activacion,1x192x28x28,0.372165
112,0,imagen.jpeg,36,depthwise_conv,1x192x28x28,1.490086
112,0,imagen.jpeg,37,batchnorm,1x192x28x28,0.139247
112,0,imagen.jpeg,38,activacion,1x192x28x28,0.53161
112,0,imagen.jpeg,39,pointwise_conv,1x192x28x28,2.643921
112,0,imagen.jpeg,40,batchnorm,1x32x28x28,0.021891
112,0,imagen.jpeg,41,layer_add,1x32x28x28,0.013969
112,0,imagen.jpeg,42,pointwise_conv,1x32x28x28,2.668568
112,0,imagen.jpeg,43,batchnorm,1x192x28x28,0.126192
112,0,imagen.jpeg,44,activacion,1x192x28x28,0.431267
112,0,imagen.jpeg,45,depthwise_conv,1x192x28x28,1.449792
112,0,imagen.jpeg,46,batchnorm,1x192x28x28,0.126333
112,0,imagen.jpeg,47,activacion,1x192x28x28,0.498577
112,0,imagen.jpeg,48,pointwise_conv,1x192x28x28,2.583444
112,0,imagen.jpeg,49,batchnorm,1x32x28x28,0.020471
112,0,imagen.jpeg,50,layer_add,1x32x28x28,0.011725
112,0,imagen.jpeg,51,pointwise_conv,1x32x28x28,2.651309
112,0,imagen.jpeg,52,batchnorm,1x192x28x28,0.122223
112,0,imagen.jpeg,53,activacion,1x192x28x28,0.50377
112,0,imagen.jpeg,54,depthwise_conv,1x192x28x28,0.493262
112,0,imagen.jpeg,55,batchnorm,1x192x14x14,0.037738
112,0,imagen.jpeg,56,activacion,1x192x14x14,0.096234
112,0,imagen.jpeg,57,pointwise_conv,1x192x14x14,1.309489
112,0,imagen.jpeg,58,batchnorm,1x64x14x14,0.011235
112,0,imagen.jpeg,59,pointwise_conv,1x64x14x14,2.690692
112,0,imagen.jpeg,60,batchnorm,1x384x14x14,0.065871
112,0,imagen.jpeg,61,activacion,1x384x14x14,0.220031
112,0,imagen.jpeg,62,depthwise_conv,1x384x14x14,0.774929
112,0,imagen.jpeg,63,batchnorm,1x384x14x14,0.072127
112,0,imagen.jpeg,64,activacion,1x384x14x14,0.272729
112,0,imagen.jpeg,65,pointwise_conv,1x384x14x14,2.758771
112,0,imagen.jpeg,66,batchnorm,1x64x14x14,0.011726
112,0,imagen.jpeg,67,layer_add,1x64x14x14,0.007074
112,0,imagen.jpeg,68,pointwise_conv,1x64x14x14,2.739523
112,0,imagen.jpeg,69,batchnorm,1x384x14x14,0.066633
112,0,imagen.jpeg,70,activacion,1x384x14x14,0.229272
112,0,imagen.jpeg,71,depthwise_conv,1x384x14x14,0.764174
112,0,imagen.jpeg,72,batchnorm,1x384x14x14,0.095182
112,0,imagen.jpeg,73,activacion,1x384x14x14,0.244335
112,0,imagen.jpeg,74,pointwise_conv,1x384x14x14,2.633178
112,0,imagen.jpeg,75,batchnorm,1x64x14x14,0.011032
112,0,imagen.jpeg,76,layer_add,1x64x14x14,0.005479
112,0,imagen.jpeg,77,pointwise_conv,1x64x14x14,2.663742
112,0,imagen.jpeg,78,batchnorm,1x384x14x14,0.067221
112,0,imagen.jpeg,79,activacion,1x384x14x14,0.253695
112,0,imagen.jpeg,80,depthwise_conv,1x384x14x14,0.752599
112,0,imagen.jpeg,81,batchnorm,1x384x14x14,0.139435
112,0,imagen.jpeg,82,activacion,1x384x14x14,0.226796
112,0,imagen.jpeg,83,pointwise_conv,1x384x14x14,2.66091
112,0,imagen.jpeg,84,batchnorm,1x64x14x14,0.010698
112,0,imagen.jpeg,85,layer_add,1x64x14x14,0.006066
112,0,imagen.jpeg,86,pointwise_conv,1x64x14x14,2.697816
112,0,imagen.jpeg,87,batchnorm,1x384x14x14,0.063662
112,0,imagen.jpeg,88,activacion,1x384x14x14,0.25466
112,0,imagen.jpeg,89,depthwise_conv,1x384x14x14,0.762345
112,0,imagen.jpeg,90,batchnorm,1x384x14x14,0.065325
112,0,imagen.jpeg,91,activacion,1x384x14x14,0.238147
112,0,imagen.jpeg,92,pointwise_conv,1x384x14x14,3.963979
112,0,imagen.jpeg,93,batchnorm,1x96x14x14,0.015939
112,0,imagen.jpeg,94,pointwise_conv,1x96x14x14,6.032561
112,0,imagen.jpeg,95,batchnorm,1x576x14x14,0.127191
112,0,imagen.jpeg,96,activacion,1x576x14x14,0.364148
112,0,imagen.jpeg,97,depthwise_conv,1x576x14x14,1.14448
112,0,imagen.jpeg,98,batchnorm,1x576x14x14,0.182888
112,0,imagen.jpeg,99,activacion,1x576x14x14,0.331811
112,0,imagen.jpeg,100,pointwise_conv,1x576x14x14,6.037606
112,0,imagen.jpeg,101,batchnorm,1x96x14x14,0.01569
112,0,imagen.jpeg,102,layer_add,1x96x14x14,0.011833
112,0,imagen.jpeg,103,pointwise_conv,1x96x14x14,5.935622
112,0,imagen.jpeg,104,batchnorm,1x576x14x14,0.102931
112,0,imagen.jpeg,105,activacion,1x576x14x14,0.361806
112,0,imagen.jpeg,106,depthwise_conv,1x576x14x14,1.122626
112,0,imagen.jpeg,107,batchnorm,1x576x14x14,0.160293
112,0,imagen.jpeg,108,activacion,1x576x14x14,0.302484
112,0,imagen.jpeg,109,pointwise_conv,1x576x14x14,5.892997
112,0,imagen.jpeg,110,batchnorm,1x96x14x14,0.016496
112,0,imagen.jpeg,111,layer_add,1x96x14x14,0.009167
112,0,imagen.jpeg,112,pointwise_conv,1x96x14x14,5.937916
112,0,imagen.jpeg,113,batchnorm,1x576x14x14,0.098367
112,0,imagen.jpeg,114,activacion,1x576x14x14,0.317413
112,0,imagen.jpeg,115,depthwise_conv,1x576x14x14,0.273828
112,0,imagen.jpeg,116,batchnorm,1x576x7x7,0.030216
112,0,imagen.jpeg,117,activacion,1x576x7x7,0.063273
112,0,imagen.jpeg,118,pointwise_conv,1x576x7x7,2.447096
112,0,imagen.jpeg,119,batchnorm,1x160x7x7,0.007256
112,0,imagen.jpeg,120,pointwise_conv,1x160x7x7,4.112506
112,0,imagen.jpeg,121,batchnorm,1x960x7x7,0.047464
112,0,imagen.jpeg,122,activacion,1x960x7x7,0.15377
112,0,imagen.jpeg,123,depthwise_conv,1x960x7x7,0.447255
112,0,imagen.jpeg,124,batchnorm,1x960x7x7,0.043825
112,0,imagen.jpeg,125,activacion,1x960x7x7,0.142549
112,0,imagen.jpeg,126,pointwise_conv,1x960x7x7,4.006942
112,0,imagen.jpeg,127,batchnorm,1x160x7x7,0.007808
112,0,imagen.jpeg,128,layer_add,1x160x7x7,0.004282
112,0,imagen.jpeg,129,pointwise_conv,1x160x7x7,4.06323
112,0,imagen.jpeg,130,batchnorm,1x960x7x7,0.043149
112,0,imagen.jpeg,131,activacion,1x960x7x7,0.142267
112,0,imagen.jpeg,132,depthwise_conv,1x960x7x7,0.430862
112,0,imagen.jpeg,133,batchnorm,1x960x7x7,0.056299
112,0,imagen.jpeg,134,activacion,1x960x7x7,0.129698
112,0,imagen.jpeg,135,pointwise_conv,1x960x7x7,4.243339
112,0,imagen.jpeg,136,batchnorm,1x160x7x7,0.008412
112,0,imagen.jpeg,137,layer_add,1x160x7x7,0.004674
112,0,imagen.jpeg,138,pointwise_conv,1x160x7x7,4.131957
112,0,imagen.jpeg,139,batchnorm,1x960x7x7,0.044354
112,0,imagen.jpeg,140,activacion,1x960x7x7,0.11651
112,0,imagen.jpeg,141,depthwise_conv,1x960x7x7,0.441773
112,0,imagen.jpeg,142,batchnorm,1x960x7x7,0.048249
112,0,imagen.jpeg,143,activacion,1x960x7x7,0.090213
112,0,imagen.jpeg,144,pointwise_conv,1x960x7x7,8.228471
112,0,imagen.jpeg,145,batchnorm,1x320x7x7,0.016195
112,0,imagen.jpeg,146,pointwise_conv,1x320x7x7,10.894832
112,0,imagen.jpeg,147,batchnorm,1x1280x7x7,0.062108
112,0,imagen.jpeg,148,activacion,1x1280x7x7,0.184511
112,0,imagen.jpeg,149,pooling,1x1280x7x7,0.03905
112,0,imagen.jpeg,150,linear,1x1280,1.37917
113,0,imagen.jpeg,0,conv2d,1x3x224x224,12.359215
113,0,imagen.jpeg,1,batchnorm,1x32x112x112,0.527658
113,0,imagen.jpeg,2,activacion,1x32x112x112,0.727076
113,0,imagen.jpeg,3,depthwise_conv,1x32x112x112,3.993267
113,0,imagen.jpeg,4,batchnorm,1x32x112x112,2.334119
113,0,imagen.jpeg,5,activacion,1x32x112x112,0.734612
113,0,imagen.jpeg,6,pointwise_conv,1x32x112x112,3.545755
113,0,imagen.jpeg,7,batchnorm,1x16x112x112,0.212298
113,0,imagen.jpeg,8,pointwise_conv,1x16x112x112,11.597861
113,0,imagen.jpeg,9,batchnorm,1x96x112x112,2.193814
113,0,imagen.jpeg,10,activacion,1x96x112x112,3.393753
113,0,imagen.jpeg,11,depthwise_conv,1x96x112x112,3.154718
113,0,imagen.jpeg,12,batchnorm,1x96x56x56,0.313931
113,0,imagen.jpeg,13,activacion,1x96x56x56,1.041619
113,0,imagen.jpeg,14,pointwise_conv,1x96x56x56,4.006262
113,0,imagen.jpeg,15,batchnorm,1x24x56x56,0.061733
113,0,imagen.jpeg,16,pointwise_conv,1x24x56x56,6.633208
113,0,imagen.jpeg,17,batchnorm,1x144x56x56,0.873262
113,0,imagen.jpeg,18,activacion,1x144x56x56,1.27
113,0,imagen.jpeg,19,depthwise_conv,1x144x56x56,4.654172
113,0,imagen.jpeg,20,batchnorm,1x144x56x56,0.888587
113,0,imagen.jpeg,21,activacion,1x144x56x56,1.628689
113,0,imagen.jpeg,22,pointwise_conv,1x144x56x56,9.584924
113,0,imagen.jpeg,23,batchnorm,1x24x56x56,0.077082
113,0,imagen.jpeg,24,layer_add,1x24x56x56,0.050791
113,0,imagen.jpeg,25,pointwise_conv,1x24x56x56,6.193341
113,0,imagen.jpeg,26,batchnorm,1x144x56x56,0.520152
113,0,imagen.jpeg,27,activacion,1x144x56x56,1.761043
113,0,imagen.jpeg,28,depthwise_conv,1x144x56x56,2.417484
113,0,imagen.jpeg,29,batchnorm,1x144x28x28,0.176338
113,0,imagen.jpeg,30,activacion,1x144x28x28,0.415977
113,0,imagen.jpeg,31,pointwise_conv,1x144x28x28,3.949365
113,0,imagen.jpeg,32,batchnorm,1x32x28x28,0.042764
113,0,imagen.jpeg,33,pointwise_conv,1x32x28x28,2.82694
113,0,imagen.jpeg,34,batchnorm,1x192x28x28,0.13649
113,0,imagen.jpeg,35,activacion,1x192x28x28,0.378279
113,0,imagen.jpeg,36,depthwise_conv,1x192x28x28,1.545844
113,0,imagen.jpeg,37,batchnorm,1x192x28x28,0.137578
113,0,imagen.jpeg,38,activacion,1x192x28x28,0.533245
113,0,imagen.jpeg,39,pointwise_conv,1x192x28x28,2.76564
113,0,imagen.jpeg,40,batchnorm,1x32x28x28,0.023282
113,0,imagen.jpeg,41,layer_add,1x32x28x28,0.015574
113,0,imagen.jpeg,42,pointwise_conv,1x32x28x28,2.67669
113,0,imagen.jpeg,43,batchnorm,1x192x28x28,0.127941
113,0,imagen.jpeg,44,activacion,1x192x28x28,0.520137
113,0,imagen.jpeg,45,depthwise_conv,1x192x28x28,1.528633
113,0,imagen.jpeg,46,batchnorm,1x192x28x28,0.149325
113,0,imagen.jpeg,47,activacion,1x192x28x28,0.508809
113,0,imagen.jpeg,48,pointwise_conv,1x192x28x28,2.672937
113,0,imagen.jpeg,49,batchnorm,1x32x28x28,0.021596
113,0,imagen.jpeg,50,layer_add,1x32x28x28,0.013924
113,0,imagen.jpeg,51,pointwise_conv,1x32x28x28,2.755885
113,0,imagen.jpeg,52,batchnorm,1x192x28x28,0.138817
113,0,imagen.jpeg,53,activacion,1x192x28x28,0.494469
113,0,imagen.jpeg,54,depthwise_conv,1x192x28x28,0.388531
113,0,imagen.jpeg,55,batchnorm,1x192x14x14,0.034341
113,0,imagen.jpeg,56,activacion,1x192x14x14,0.098201
113,0,imagen.jpeg,57,pointwise_conv,1x192x14x14,1.359444
113,0,imagen.jpeg,58,batchnorm,1x64x14x14,0.011617
113,0,imagen.jpeg,59,pointwise_conv,1x64x14x14,2.72803
113,0,imagen.jpeg,60,batchnorm,1x384x14x14,0.065447
113,0,imagen.jpeg,61,activacion,1x384x14x14,0.203177
113,0,imagen.jpeg,62,depthwise_conv,1x384x14x14,0.750294
113,0,imagen.jpeg,63,batchnorm,1x384x14x14,0.085374
113,0,imagen.jpeg,64,activacion,1x384x14x14,0.281195
113,0,imagen.jpeg,65,pointwise_conv,1x384x14x14,2.744883
113,0,imagen.jpeg,66,batchnorm,1x64x14x14,0.011828
113,0,imagen.jpeg,67,layer_add,1x64x14x14,0.007977
113,0,imagen.jpeg,68,pointwise_conv,1x64x14x14,2.786333
113,0,imagen.jpeg,69,batchnorm,1x384x14x14,0.074624
113,0,imagen.jpeg,70,activacion,1x384x14x14,0.248275
113,0,imagen.jpeg,71,depthwise_conv,1x384x14x14,0.805002
113,0,imagen.jpeg,72,batchnorm,1x384x14x14,0.105516
113,0,imagen.jpeg,73,activacion,1x384x14x14,0.270287
113,0,imagen.jpeg,74,pointwise_conv,1x384x14x14,2.764317
113,0,imagen.jpeg,75,batchnorm,1x64x14x14,0.011675
113,0,imagen.jpeg,76,layer_add,1x64x14x14,0.00682
113,0,imagen.jpeg,77,pointwise_conv,1x64x14x14,2.709115
113,0,imagen.jpeg,78,batchnorm,1x384x14x14,0.067602
113,0,imagen.jpeg,79,activacion,1x384x14x14,0.264837
113,0,imagen.jpeg,80,depthwise_conv,1x384x14x14,0.746933
113,0,imagen.jpeg,81,batchnorm,1x384x14x14,0.139032
113,0,imagen.jpeg,82,activacion,1x384x14x14,0.225015
113,0,imagen.jpeg,83,pointwise_conv,1x384x14x14,2.708072
113,0,imagen.jpeg,84,batchnorm,1x64x14x14,0.011007
113,0,imagen.jpeg,85,layer_add,1x64x14x14,0.006064
113,0,imagen.jpeg,86,pointwise_conv,1x64x14x14,2.758733
113,0,imagen.jpeg,87,batchnorm,1x384x14x14,0.063546
113,0,imagen.jpeg,88,activacion,1x384x14x14,0.24859
113,0,imagen.jpeg,89,depthwise_conv,1x384x14x14,0.760402
113,0,imagen.jpeg,90,batchnorm,1x384x14x14,0.065486
113,0,imagen.jpeg,91,activacion,1x384x14x14,0.238599
113,0,imagen.jpeg,92,pointwise_conv,1x384x14x14,3.98472
113,0,imagen.jpeg,93,batchnorm,1x96x14x14,0.015958
113,0,imagen.jpeg,94,pointwise_conv,1x96x14x14,6.088951
113,0,imagen.jpeg,95,batchnorm,1x576x14x14,0.109973
113,0,imagen.jpeg,96,activacion,1x576x14x14,0.368585
113,0,imagen.jpeg,97,depthwise_conv,1x576x14x14,1.124739
113,0,imagen.jpeg,98,batchnorm,1x576x14x14,0.168754
113,0,imagen.jpeg,99,activacion,1x576x14x14,0.322884
113,0,imagen.jpeg,100,pointwise_conv,1x576x14x14,5.922984
113,0,imagen.jpeg,101,batchnorm,1x96x14x14,0.016527
113,0,imagen.jpeg,102,layer_add,1x96x14x14,0.013091
113,0,imagen.jpeg,103,pointwise_conv,1x96x14x14,6.111047
113,0,imagen.jpeg,104,batchnorm,1x576x14x14,0.117004
113,0,imagen.jpeg,105,activacion,1x576x14x14,0.374706
113,0,imagen.jpeg,106,depthwise_conv,1x576x14x14,1.183227
113,0,imagen.jpeg,107,batchnorm,1x576x14x14,0.165688
113,0,imagen.jpeg,108,activacion,1x576x14x14,0.309998
113,0,imagen.jpeg,109,pointwise_conv,1x576x14x14,6.032401
113,0,imagen.jpeg,110,batchnorm,1x96x14x14,0.017134
113,0,imagen.jpeg,111,layer_add,1x96x14x14,0.010763
113,0,imagen.jpeg,112,pointwise_conv,1x96x14x14,6.170723
113,0,imagen.jpeg,113,batchnorm,1x576x14x14,0.114839
113,0,imagen.jpeg,114,activacion,1x576x14x14,0.339675
113,0,imagen.jpeg,115,depthwise_conv,1x576x14x14,0.274674
113,0,imagen.jpeg,116,batchnorm,1x576x7x7,0.030599
113,0,imagen.jpeg,117,activacion,1x576x7x7,0.070494
113,0,imagen.jpeg,118,pointwise_conv,1x576x7x7,2.461762
113,0,imagen.jpeg,119,batchnorm,1x160x7x7,0.007472
113,0,imagen.jpeg,120,pointwise_conv,1x160x7x7,4.063657
113,0,imagen.jpeg,121,batchnorm,1x960x7x7,0.043033
113,0,imagen.jpeg,122,activacion,1x960x7x7,0.148468
113,0,imagen.jpeg,123,depthwise_conv,1x960x7x7,0.446232
113,0,imagen.jpeg,124,batchnorm,1x960x7x7,0.043799
113,0,imagen.jpeg,125,activacion,1x960x7x7,0.142412
113,0,imagen.jpeg,126,pointwise_conv,1x960x7x7,4.069237
113,0,imagen.jpeg,127,batchnorm,1x160x7x7,0.007969
113,0,imagen.jpeg,128,layer_add,1x160x7x7,0.003853
113,0,imagen.jpeg,129,pointwise_conv,1x160x7x7,4.14707
113,0,imagen.jpeg,130,batchnorm,1x960x7x7,0.045851
113,0,imagen.jpeg,131,activacion,1x960x7x7,0.146886
113,0,imagen.jpeg,132,depthwise_conv,1x960x7x7,0.436302
113,0,imagen.jpeg,133,batchnorm,1x960x7x7,0.055792
113,0,imagen.jpeg,134,activacion,1x960x7x7,0.127178
113,0,imagen.jpeg,135,pointwise_conv,1x960x7x7,4.106485
113,0,imagen.jpeg,136,batchnorm,1x160x7x7,0.007719
113,0,imagen.jpeg,137,layer_add,1x160x7x7,0.004114
113,0,imagen.jpeg,138,pointwise_conv,1x160x7x7,4.11045
113,0,imagen.jpeg,139,batchnorm,1x960x7x7,0.043797
113,0,imagen.jpeg,140,activacion,1x960x7x7,0.11829
113,0,imagen.jpeg,141,depthwise_conv,1x960x7x7,0.467288
113,0,imagen.jpeg,142,batchnorm,1x960x7x7,0.050393
113,0,imagen.jpeg,143,activacion,1x960x7x7,0.090225
113,0,imagen.jpeg,144,pointwise_conv,1x960x7x7,8.154548
113,0,imagen.jpeg,145,batchnorm,1x320x7x7,0.015604
113,0,imagen.jpeg,146,pointwise_conv,1x320x7x7,11.009476
113,0,imagen.jpeg,147,batchnorm,1x1280x7x7,0.062579
113,0,imagen.jpeg,148,activacion,1x1280x7x7,0.181898
113,0,imagen.jpeg,149,pooling,1x1280x7x7,0.039261
113,0,imagen.jpeg,150,linear,1x1280,1.39716
114,0,imagen.jpeg,0,conv2d,1x3x224x224,12.429619
114,0,imagen.jpeg,1,batchnorm,1x32x112x112,0.425474
114,0,imagen.jpeg,2,activacion,1x32x112x112,0.747942
114,0,imagen.jpeg,3,depthwise_conv,1x32x112x112,3.975612
114,0,imagen.jpeg,4,batchnorm,1x32x112x112,2.282914
114,0,imagen.jpeg,5,activacion,1x32x112x112,0.744301
114,0,imagen.jpeg,6,pointwise_conv,1x32x112x112,3.969389
114,0,imagen.jpeg,7,batchnorm,1x16x112x112,0.191112
114,0,imagen.jpeg,8,pointwise_conv,1x16x112x112,11.742537
114,0,imagen.jpeg,9,batchnorm,1x96x112x112,2.126424
114,0,imagen.jpeg,10,activacion,1x96x112x112,3.404296
114,0,imagen.jpeg,11,depthwise_conv,1x96x112x112,3.118698
114,0,imagen.jpeg,12,batchnorm,1x96x56x56,0.283368
114,0,imagen.jpeg,13,activacion,1x96x56x56,1.008304
114,0,imagen.jpeg,14,pointwise_conv,1x96x56x56,3.930564
114,0,imagen.jpeg,15,batchnorm,1x24x56x56,0.062123
114,0,imagen.jpeg,16,pointwise_conv,1x24x56x56,6.579369
114,0,imagen.jpeg,17,batchnorm,1x144x56x56,0.886326
114,0,imagen.jpeg,18,activacion,1x144x56x56,1.291934
114,0,imagen.jpeg,19,depthwise_conv,1x144x56x56,4.474684
114,0,imagen.jpeg,20,batchnorm,1x144x56x56,0.901251
114,0,imagen.jpeg,21,activacion,1x144x56x56,1.616206
114,0,imagen.jpeg,22,pointwise_conv,1x144x56x56,5.981501
114,0,imagen.jpeg,23,batchnorm,1x24x56x56,0.0638
114,0,imagen.jpeg,24,layer_add,1x24x56x56,0.072308
114,0,imagen.jpeg,25,pointwise_conv,1x24x56x56,6.165805
114,0,imagen.jpeg,26,batchnorm,1x144x56x56,0.428194
114,0,imagen.jpeg,27,activacion,1x144x56x56,1.510294
114,0,imagen.jpeg,28,depthwise_conv,1x144x56x56,1.121837
114,0,imagen.jpeg,29,batchnorm,1x144x28x28,0.095432
114,0,imagen.jpeg,30,activacion,1x144x28x28,0.358565
114,0,imagen.jpeg,31,pointwise_conv,1x144x28x28,1.979874
114,0,imagen.jpeg,32,batchnorm,1x32x28x28,0.022395
114,0,imagen.jpeg,33,pointwise_conv,1x32x28x28,2.68591
114,0,imagen.jpeg,34,batchnorm,1x192x28x28,0.143432
114,0,imagen.jpeg,35,activacion,1x192x28x28,0.392847
114,0,imagen.jpeg,36,depthwise_conv,1x192x28x28,1.46079
114,0,imagen.jpeg,37,batchnorm,1x192x28x28,0.123345
114,0,imagen.jpeg,38,activacion,1x192x28x28,0.530239
114,0,imagen.jpeg,39,pointwise_conv,1x192x28x28,2.639366
114,0,imagen.jpeg,40,batchnorm,1x32x28x28,0.021798
114,0,imagen.jpeg,41,layer_add,1x32x28x28,0.013628
114,0,imagen.jpeg,42,pointwise_conv,1x32x28x28,2.644285
114,0,imagen.jpeg,43,batchnorm,1x192x28x28,0.159084
114,0,imagen.jpeg,44,activacion,1x192x28x28,0.407379
114,0,imagen.jpeg,45,depthwise_conv,1x192x28x28,1.441105
114,0,imagen.jpeg,46,batchnorm,1x192x28x28,0.145438
114,0,imagen.jpeg,47,activacion,1x192x28x28,0.496196
114,0,imagen.jpeg,48,pointwise_conv,1x192x28x28,2.531996
114,0,imagen.jpeg,49,batchnorm,1x32x28x28,0.019926
114,0,imagen.jpeg,50,layer_add,1x32x28x28,0.011118
114,0,imagen.jpeg,51,pointwise_conv,1x32x28x28,2.579927
114,0,imagen.jpeg,52,batchnorm,1x192x28x28,0.127693
114,0,imagen.jpeg,53,activacion,1x192x28x28,0.480116
114,0,imagen.jpeg,54,depthwise_conv,1x192x28x28,0.371169
114,0,imagen.jpeg,55,batchnorm,1x192x14x14,0.036764
114,0,imagen.jpeg,56,activacion,1x192x14x14,0.096691
114,0,imagen.jpeg,57,pointwise_conv,1x192x14x14,1.309781
114,0,imagen.jpeg,58,batchnorm,1x64x14x14,0.011149
114,0,imagen.jpeg,59,pointwise_conv,1x64x14x14,2.659749
114,0,imagen.jpeg,60,batchnorm,1x384x14x14,0.073807
114,0,imagen.jpeg,61,activacion,1x384x14x14,0.19483
114,0,imagen.jpeg,62,depthwise_conv,1x384x14x14,0.749676
114,0,imagen.jpeg,63,batchnorm,1x384x14x14,0.066102
114,0,imagen.jpeg,64,activacion,1x384x14x14,0.263118
114,0,imagen.jpeg,65,pointwise_conv,1x384x14x14,2.629243
114,0,imagen.jpeg,66,batchnorm,1x64x14x14,0.011291
114,0,imagen.jpeg,67,layer_add,1x64x14x14,0.00663
114,0,imagen.jpeg,68,pointwise_conv,1x64x14x14,2.683023
114,0,imagen.jpeg,69,batchnorm,1x384x14x14,0.066136
114,0,imagen.jpeg,70,activacion,1x384x14x14,0.253687
114,0,imagen.jpeg,71,depthwise_conv,1x384x14x14,0.769448
114,0,imagen.jpeg,72,batchnorm,1x384x14x14,0.095
114,0,imagen.jpeg,73,activacion,1x384x14x14,0.244571
114,0,imagen.jpeg,74,pointwise_conv,1x384x14x14,2.658127
114,0,imagen.jpeg,75,batchnorm,1x64x14x14,0.012337
114,0,imagen.jpeg,76,layer_add,1x64x14x14,0.007099
114,0,imagen.jpeg,77,pointwise_conv,1x64x14x14,2.765106
114,0,imagen.jpeg,78,batchnorm,1x384x14x14,0.07299
114,0,imagen.jpeg,79,activacion,1x384x14x14,0.262867
114,0,imagen.jpeg,80,depthwise_conv,1x384x14x14,0.769859
114,0,imagen.jpeg,81,batchnorm,1x384x14x14,0.142875
114,0,imagen.jpeg,82,activacion,1x384x14x14,0.231357
114,0,imagen.jpeg,83,pointwise_conv,1x384x14x14,2.686112
114,0,imagen.jpeg,84,batchnorm,1x64x14x14,0.011766
114,0,imagen.jpeg,85,layer_add,1x64x14x14,0.007206
114,0,imagen.jpeg,86,pointwise_conv,1x64x14x14,2.719273
114,0,imagen.jpeg,87,batchnorm,1x384x14x14,0.067421
114,0,imagen.jpeg,88,activacion,1x384x14x14,0.261553
114,0,imagen.jpeg,89,depthwise_conv,1x384x14x14,0.787486
114,0,imagen.jpeg,90,batchnorm,1x384x14x14,0.065647
114,0,imagen.jpeg,91,activacion,1x384x14x14,0.236899
114,0,imagen.jpeg,92,pointwise_conv,1x384x14x14,3.96391
114,0,imagen.jpeg,93,batchnorm,1x96x14x14,0.017524
114,0,imagen.jpeg,94,pointwise_conv,1x96x14x14,6.15266
114,0,imagen.jpeg,95,batchnorm,1x576x14x14,0.193907
114,0,imagen.jpeg,96,activacion,1x576x14x14,0.411969
114,0,imagen.jpeg,97,depthwise_conv,1x576x14x14,1.200135
114,0,imagen.jpeg,98,batchnorm,1x576x14x14,0.302645
114,0,imagen.jpeg,99,activacion,1x576x14x14,0.35287
114,0,imagen.jpeg,100,pointwise_conv,1x576x14x14,6.355578
114,0,imagen.jpeg,101,batchnorm,1x96x14x14,0.017725
114,0,imagen.jpeg,102,layer_add,1x96x14x14,0.012465
114,0,imagen.jpeg,103,pointwise_conv,1x96x14x14,6.091395
114,0,imagen.jpeg,104,batchnorm,1x576x14x14,0.10115
114,0,imagen.jpeg,105,activacion,1x576x14x14,0.365688
114,0,imagen.jpeg,106,depthwise_conv,1x576x14x14,1.176234
114,0,imagen.jpeg,107,batchnorm,1x576x14x14,0.16374
114,0,imagen.jpeg,108,activacion,1x576x14x14,0.314129
114,0,imagen.jpeg,109,pointwise_conv,1x576x14x14,6.227026
114,0,imagen.jpeg,110,batchnorm,1x96x14x14,0.017717
114,0,imagen.jpeg,111,layer_add,1x96x14x14,0.010142
114,0,imagen.jpeg,112,pointwise_conv,1x96x14x14,5.991365
114,0,imagen.jpeg,113,batchnorm,1x576x14x14,0.102084
114,0,imagen.jpeg,114,activacion,1x576x14x14,0.34131
114,0,imagen.jpeg,115,depthwise_conv,1x576x14x14,0.266757
114,0,imagen.jpeg,116,batchnorm,1x576x7x7,0.030094
114,0,imagen.jpeg,117,activacion,1x576x7x7,0.06515
114,0,imagen.jpeg,118,pointwise_conv,1x576x7x7,2.46048
114,0,imagen.jpeg,119,batchnorm,1x160x7x7,0.007475
114,0,imagen.jpeg,120,pointwise_conv,1x160x7x7,4.126837
114,0,imagen.jpeg,121,batchnorm,1x960x7x7,0.043601
114,0,imagen.jpeg,122,activacion,1x960x7x7,0.188005
114,0,imagen.jpeg,123,depthwise_conv,1x960x7x7,0.412047
114,0,imagen.jpeg,124,batchnorm,1x960x7x7,0.041764
114,0,imagen.jpeg,125,activacion,1x960x7x7,0.136036
114,0,imagen.jpeg,126,pointwise_conv,1x960x7x7,4.124029
114,0,imagen.jpeg,127,batchnorm,1x160x7x7,0.007733
114,0,imagen.jpeg,128,layer_add,1x160x7x7,0.003964
114,0,imagen.jpeg,129,pointwise_conv,1x160x7x7,4.007825
114,0,imagen.jpeg,130,batchnorm,1x960x7x7,0.042648
114,0,imagen.jpeg,131,activacion,1x960x7x7,0.159459
114,0,imagen.jpeg,132,depthwise_conv,1x960x7x7,0.434823
114,0,imagen.jpeg,133,batchnorm,1x960x7x7,0.055023
114,0,imagen.jpeg,134,activacion,1x960x7x7,0.127989
114,0,imagen.jpeg,135,pointwise_conv,1x960x7x7,4.113984
114,0,imagen.jpeg,136,batchnorm,1x160x7x7,0.007652
114,0,imagen.jpeg,137,layer_add,1x160x7x7,0.004025
114,0,imagen.jpeg,138,pointwise_conv,1x160x7x7,4.129447
114,0,imagen.jpeg,139,batchnorm,1x960x7x7,0.042806
114,0,imagen.jpeg,140,activacion,1x960x7x7,0.11493
114,0,imagen.jpeg,141,depthwise_conv,1x960x7x7,0.423192
114,0,imagen.jpeg,142,batchnorm,1x960x7x7,0.0572
114,0,imagen.jpeg,143,activacion,1x960x7x7,0.087978
114,0,imagen.jpeg,144,pointwise_conv,1x960x7x7,8.207356
114,0,imagen.jpeg,145,batchnorm,1x320x7x7,0.015237
114,0,imagen.jpeg,146,pointwise_conv,1x320x7x7,10.937832
114,0,imagen.jpeg,147,batchnorm,1x1280x7x7,0.062163
114,0,imagen.jpeg,148,activacion,1x1280x7x7,0.181319
114,0,imagen.jpeg,149,pooling,1x1280x7x7,0.038939
114,0,imagen.jpeg,150,linear,1x1280,1.383368
115,0,imagen.jpeg,0,conv2d,1x3x224x224,12.560356
115,0,imagen.jpeg,1,batchnorm,1x32x112x112,0.445574
115,0,imagen.jpeg,2,activacion,1x32x112x112,0.72316
115,0,imagen.jpeg,3,depthwise_conv,1x32x112x112,4.432559
115,0,imagen.jpeg,4,batchnorm,1x32x112x112,2.682495
115,0,imagen.jpeg,5,activacion,1x32x112x112,0.848196
115,0,imagen.jpeg,6,pointwise_conv,1x32x112x112,3.97594
115,0,imagen.jpeg,7,batchnorm,1x16x112x112,0.197191
115,0,imagen.jpeg,8,pointwise_conv,1x16x112x112,12.868139
115,0,imagen.jpeg,9,batchnorm,1x96x112x112,2.289379
115,0,imagen.jpeg,10,activacion,1x96x112x112,3.656352
115,0,imagen.jpeg,11,depthwise_conv,1x96x112x112,3.281788
115,0,imagen.jpeg,12,batchnorm,1x96x56x56,0.285928
115,0,imagen.jpeg,13,activacion,1x96x56x56,1.075258
115,0,imagen.jpeg,14,pointwise_conv,1x96x56x56,4.326275
115,0,imagen.jpeg,15,batchnorm,1x24x56x56,0.067694
115,0,imagen.jpeg,16,pointwise_conv,1x24x56x56,6.813703
115,0,imagen.jpeg,17,batchnorm,1x144x56x56,0.913567
115,0,imagen.jpeg,18,activacion,1x144x56x56,1.299073
115,0,imagen.jpeg,19,depthwise_conv,1x144x56x56,4.597133
115,0,imagen.jpeg,20,batchnorm,1x144x56x56,0.962894
115,0,imagen.jpeg,21,activacion,1x144x56x56,1.667563
115,0,imagen.jpeg,22,pointwise_conv,1x144x56x56,5.937424
115,0,imagen.jpeg,23,batchnorm,1x24x56x56,0.066222
115,0,imagen.jpeg,24,layer_add,1x24x56x56,0.04242
115,0,imagen.jpeg,25,pointwise_conv,1x24x56x56,6.215513
115,0,imagen.jpeg,26,batchnorm,1x144x56x56,0.459567
115,0,imagen.jpeg,27,activacion,1x144x56x56,1.538023
115,0,imagen.jpeg,28,depthwise_conv,1x144x56x56,1.144463
115,0,imagen.jpeg,29,batchnorm,1x144x28x28,0.098411
115,0,imagen.jpeg,30,activacion,1x144x28x28,0.351788
115,0,imagen.jpeg,31,pointwise_conv,1x144x28x28,1.990358
115,0,imagen.jpeg,32,batchnorm,1x32x28x28,0.022011
115,0,imagen.jpeg,33,pointwise_conv,1x32x28x28,2.674521
115,0,imagen.jpeg,34,batchnorm,1x192x28x28,0.136694
115,0,imagen.jpeg,35,activacion,1x192x28x28,0.379075
115,0,imagen.jpeg,36,depthwise_conv,1x192x28x28,1.493953
115,0,imagen.jpeg,37,batchnorm,1x192x28x28,0.127746
115,0,imagen.jpeg,38,activacion,1x192x28x28,0.532303
115,0,imagen.jpeg,39,pointwise_conv,1x192x28x28,2.621949
115,0,imagen.jpeg,40,batchnorm,1x32x28x28,0.021302
115,0,imagen.jpeg,41,layer_add,1x32x28x28,0.012781
115,0,imagen.jpeg,42,pointwise_conv,1x32x28x28,2.687776
115,0,imagen.jpeg,43,batchnorm,1x192x28x28,0.132031
115,0,imagen.jpeg,44,activacion,1x192x28x28,0.448343
115,0,imagen.jpeg,45,depthwise_conv,1x192x28x28,1.496514
115,0,imagen.jpeg,46,batchnorm,1x192x28x28,0.129306
115,0,imagen.jpeg,47,activacion,1x192x28x28,0.518133
115,0,imagen.jpeg,48,pointwise_conv,1x192x28x28,2.603036
115,0,imagen.jpeg,49,batchnorm,1x32x28x28,0.02058
115,0,imagen.jpeg,50,layer_add,1x32x28x28,0.013066
115,0,imagen.jpeg,51,pointwise_conv,1x32x28x28,2.62921
115,0,imagen.jpeg,52,batchnorm,1x192x28x28,0.122343
115,0,imagen.jpeg,53,activacion,1x192x28x28,0.491966
115,0,imagen.jpeg,54,depthwise_conv,1x192x28x28,0.371596
115,0,imagen.jpeg,55,batchnorm,1x192x14x14,0.033718
115,0,imagen.jpeg,56,activacion,1x192x14x14,0.096765
115,0,imagen.jpeg,57,pointwise_conv,1x192x14x14,1.35579
115,0,imagen.jpeg,58,batchnorm,1x64x14x14,0.010979
115,0,imagen.jpeg,59,pointwise_conv,1x64x14x14,2.68493
115,0,imagen.jpeg,60,batchnorm,1x384x14x14,0.066248
115,0,imagen.jpeg,61,activacion,1x384x14x14,0.182582
115,0,imagen.jpeg,62,depthwise_conv,1x384x14x14,0.740029
115,0,imagen.jpeg,63,batchnorm,1x384x14x14,0.064407
115,0,imagen.jpeg,64,activacion,1x384x14x14,0.257843
115,0,imagen.jpeg,65,pointwise_conv,1x384x14x14,2.792285
115,0,imagen.jpeg,66,batchnorm,1x64x14x14,0.01109
115,0,imagen.jpeg,67,layer_add,1x64x14x14,0.006682
115,0,imagen.jpeg,68,pointwise_conv,1x64x14x14,2.899799
115,0,imagen.jpeg,69,batchnorm,1x384x14x14,0.092039
115,0,imagen.jpeg,70,activacion,1x384x14x14,0.315741
115,0,imagen.jpeg,71,depthwise_conv,1x384x14x14,0.910691
115,0,imagen.jpeg,72,batchnorm,1x384x14x14,0.112777
115,0,imagen.jpeg,73,activacion,1x384x14x14,0.251399
115,0,imagen.jpeg,74,pointwise_conv,1x384x14x14,2.68473
115,0,imagen.jpeg,75,batchnorm,1x64x14x14,0.010987
115,0,imagen.jpeg,76,layer_add,1x64x14x14,0.006956
115,0,imagen.jpeg,77,pointwise_conv,1x64x14x14,2.738174
115,0,imagen.jpeg,78,batchnorm,1x384x14x14,0.068721
115,0,imagen.jpeg,79,activacion,1x384x14x14,0.25976
115,0,imagen.jpeg,80,depthwise_conv,1x384x14x14,0.770629
115,0,imagen.jpeg,81,batchnorm,1x384x14x14,0.142448
115,0,imagen.jpeg,82,activacion,1x384x14x14,0.234106
115,0,imagen.jpeg,83,pointwise_conv,1x384x14x14,2.714907
115,0,imagen.jpeg,84,batchnorm,1x64x14x14,0.011957
115,0,imagen.jpeg,85,layer_add,1x64x14x14,0.00662
115,0,imagen.jpeg,86,pointwise_conv,1x64x14x14,2.644897
115,0,imagen.jpeg,87,batchnorm,1x384x14x14,0.064788
115,0,imagen.jpeg,88,activacion,1x384x14x14,0.308953
115,0,imagen.jpeg,89,depthwise_conv,1x384x14x14,0.749545
115,0,imagen.jpeg,90,batchnorm,1x384x14x14,0.072451
115,0,imagen.jpeg,91,activacion,1x384x14x14,0.240069
115,0,imagen.jpeg,92,pointwise_conv,1x384x14x14,4.009495
115,0,imagen.jpeg,93,batchnorm,1x96x14x14,0.016188
115,0,imagen.jpeg,94,pointwise_conv,1x96x14x14,6.070205
115,0,imagen.jpeg,95,batchnorm,1x576x14x14,0.100534
115,0,imagen.jpeg,96,activacion,1x576x14x14,0.366486
115,0,imagen.jpeg,97,depthwise_conv,1x576x14x14,1.159954
115,0,imagen.jpeg,98,batchnorm,1x576x14x14,0.176967
115,0,imagen.jpeg,99,activacion,1x576x14x14,0.329404
115,0,imagen.jpeg,100,pointwise_conv,1x576x14x14,6.073514
115,0,imagen.jpeg,101,batchnorm,1x96x14x14,0.016663
115,0,imagen.jpeg,102,layer_add,1x96x14x14,0.013129
115,0,imagen.jpeg,103,pointwise_conv,1x96x14x14,6.036744
115,0,imagen.jpeg,104,batchnorm,1x576x14x14,0.109547
115,0,imagen.jpeg,105,activacion,1x576x14x14,0.36442
115,0,imagen.jpeg,106,depthwise_conv,1x576x14x14,1.127808
115,0,imagen.jpeg,107,batchnorm,1x576x14x14,0.156955
115,0,imagen.jpeg,108,activacion,1x576x14x14,0.305054
115,0,imagen.jpeg,109,pointwise_conv,1x576x14x14,5.932798
115,0,imagen.jpeg,110,batchnorm,1x96x14x14,0.01668
115,0,imagen.jpeg,111,layer_add,1x96x14x14,0.009636
115,0,imagen.jpeg,112,pointwise_conv,1x96x14x14,6.620783
115,0,imagen.jpeg,113,batchnorm,1x576x14x14,0.119005
115,0,imagen.jpeg,114,activacion,1x576x14x14,0.336012
115,0,imagen.jpeg,115,depthwise_conv,1x576x14x14,0.267173
115,0,imagen.jpeg,116,batchnorm,1x576x7x7,0.029582
115,0,imagen.jpeg,117,activacion,1x576x7x7,0.064942
115,0,imagen.jpeg,118,pointwise_conv,1x576x7x7,2.398163
115,0,imagen.jpeg,119,batchnorm,1x160x7x7,0.00737
115,0,imagen.jpeg,120,pointwise_conv,1x160x7x7,4.115025
115,0,imagen.jpeg,121,batchnorm,1x960x7x7,0.045346
115,0,imagen.jpeg,122,activacion,1x960x7x7,0.153606
115,0,imagen.jpeg,123,depthwise_conv,1x960x7x7,0.436953
115,0,imagen.jpeg,124,batchnorm,1x960x7x7,0.043676
115,0,imagen.jpeg,125,activacion,1x960x7x7,0.144561
115,0,imagen.jpeg,126,pointwise_conv,1x960x7x7,4.183211
115,0,imagen.jpeg,127,batchnorm,1x160x7x7,0.008215
115,0,imagen.jpeg,128,layer_add,1x160x7x7,0.005225
115,0,imagen.jpeg,129,pointwise_conv,1x160x7x7,4.251044
115,0,imagen.jpeg,130,batchnorm,1x960x7x7,0.045671
115,0,imagen.jpeg,131,activacion,1x960x7x7,0.16403
115,0,imagen.jpeg,132,depthwise_conv,1x960x7x7,0.436608
115,0,imagen.jpeg,133,batchnorm,1x960x7x7,0.055391
115,0,imagen.jpeg,134,activacion,1x960x7x7,0.128342
115,0,imagen.jpeg,135,pointwise_conv,1x960x7x7,4.089316
115,0,imagen.jpeg,136,batchnorm,1x160x7x7,0.007489
115,0,imagen.jpeg,137,layer_add,1x160x7x7,0.004258
115,0,imagen.jpeg,138,pointwise_conv,1x160x7x7,4.090091
115,0,imagen.jpeg,139,batchnorm,1x960x7x7,0.046394
115,0,imagen.jpeg,140,activacion,1x960x7x7,0.121125
115,0,imagen.jpeg,141,depthwise_conv,1x960x7x7,0.448541
115,0,imagen.jpeg,142,batchnorm,1x960x7x7,0.051507
115,0,imagen.jpeg,143,activacion,1x960x7x7,0.092576
115,0,imagen.jpeg,144,pointwise_conv,1x960x7x7,8.145781
115,0,imagen.jpeg,145,batchnorm,1x320x7x7,0.015537
115,0,imagen.jpeg,146,pointwise_conv,1x320x7x7,11.020915
115,0,imagen.jpeg,147,batchnorm,1x1280x7x7,0.061134
115,0,imagen.jpeg,148,activacion,1x1280x7x7,0.177318
115,0,imagen.jpeg,149,pooling,1x1280x7x7,0.038151
115,0,imagen.jpeg,150,linear,1x1280,1.418008
116,0,imagen.jpeg,0,conv2d,1x3x224x224,12.179343
116,0,imagen.jpeg,1,batchnorm,1x32x112x112,0.408248
116,0,imagen.jpeg,2,activacion,1x32x112x112,0.664417
116,0,imagen.jpeg,3,depthwise_conv,1x32x112x112,3.874163
116,0,imagen.jpeg,4,batchnorm,1x32x112x112,2.461689
116,0,imagen.jpeg,5,activacion,1x32x112x112,0.783249
116,0,imagen.jpeg,6,pointwise_conv,1x32x112x112,6.628458
116,0,imagen.jpeg,7,batchnorm,1x16x112x112,0.357654
116,0,imagen.jpeg,8,pointwise_conv,1x16x112x112,12.559186
116,0,imagen.jpeg,9,batchnorm,1x96x112x112,2.240655
116,0,imagen.jpeg,10,activacion,1x96x112x112,3.511745
116,0,imagen.jpeg,11,depthwise_conv,1x96x112x112,3.171657
116,0,imagen.jpeg,12,batchnorm,1x96x56x56,0.293635
116,0,imagen.jpeg,13,activacion,1x96x56x56,1.028662
116,0,imagen.jpeg,14,pointwise_conv,1x96x56x56,4.171004
116,0,imagen.jpeg,15,batchnorm,1x24x56x56,0.070241
116,0,imagen.jpeg,16,pointwise_conv,1x24x56x56,6.75721
116,0,imagen.jpeg,17,batchnorm,1x144x56x56,0.928747
116,0,imagen.jpeg,18,activacion,1x144x56x56,1.334795
116,0,imagen.jpeg,19,depthwise_conv,1x144x56x56,4.597516
116,0,imagen.jpeg,20,batchnorm,1x144x56x56,0.950063
116,0,imagen.jpeg,21,activacion,1x144x56x56,1.651525
116,0,imagen.jpeg,22,pointwise_conv,1x144x56x56,5.891568
116,0,imagen.jpeg,23,batchnorm,1x24x56x56,0.061765
116,0,imagen.jpeg,24,layer_add,1x24x56x56,0.044307
116,0,imagen.jpeg,25,pointwise_conv,1x24x56x56,5.978842
116,0,imagen.jpeg,26,batchnorm,1x144x56x56,0.58995
116,0,imagen.jpeg,27,activacion,1x144x56x56,1.517133
116,0,imagen.jpeg,28,depthwise_conv,1x144x56x56,1.154797
116,0,imagen.jpeg,29,batchnorm,1x144x28x28,0.098691
116,0,imagen.jpeg,30,activacion,1x144x28x28,0.351859
116,0,imagen.jpeg,31,pointwise_conv,1x144x28x28,1.959665
116,0,imagen.jpeg,32,batchnorm,1x32x28x28,0.02147
116,0,imagen.jpeg,33,pointwise_conv,1x32x28x28,2.654017
116,0,imagen.jpeg,34,batchnorm,1x192x28x28,0.130283
116,0,imagen.jpeg,35,activacion,1x192x28x28,0.385651
116,0,imagen.jpeg,36,depthwise_conv,1x192x28x28,1.480775
116,0,imagen.jpeg,37,batchnorm,1x192x28x28,0.130278
116,0,imagen.jpeg,38,activacion,1x192x28x28,0.529978
116,0,imagen.jpeg,39,pointwise_conv,1x192x28x28,2.61552
116,0,imagen.jpeg,40,batchnorm,1x32x28x28,0.020846
116,0,imagen.jpeg,41,layer_add,1x32x28x28,0.011974
116,0,imagen.jpeg,42,pointwise_conv,1x32x28x28,2.71159
116,0,imagen.jpeg,43,batchnorm,1x192x28x28,0.169052
116,0,imagen.jpeg,44,activacion,1x192x28x28,0.462278
116,0,imagen.jpeg,45,depthwise_conv,1x192x28x28,1.45492
116,0,imagen.jpeg,46,batchnorm,1x192x28x28,0.129078
116,0,imagen.jpeg,47,activacion,1x192x28x28,0.49552
116,0,imagen.jpeg,48,pointwise_conv,1x192x28x28,2.564837
116,0,imagen.jpeg,49,batchnorm,1x32x28x28,0.021042
116,0,imagen.jpeg,50,layer_add,1x32x28x28,0.012593
116,0,imagen.jpeg,51,pointwise_conv,1x32x28x28,2.660998
116,0,imagen.jpeg,52,batchnorm,1x192x28x28,0.14563
116,0,imagen.jpeg,53,activacion,1x192x28x28,0.48808
116,0,imagen.jpeg,54,depthwise_conv,1x192x28x28,0.372422
116,0,imagen.jpeg,55,batchnorm,1x192x14x14,0.032948
116,0,imagen.jpeg,56,activacion,1x192x14x14,0.107184
116,0,imagen.jpeg,57,pointwise_conv,1x192x14x14,1.31814
116,0,imagen.jpeg,58,batchnorm,1x64x14x14,0.014367
116,0,imagen.jpeg,59,pointwise_conv,1x64x14x14,2.652794
116,0,imagen.jpeg,60,batchnorm,1x384x14x14,0.065887
116,0,imagen.jpeg,61,activacion,1x384x14x14,0.186595
116,0,imagen.jpeg,62,depthwise_conv,1x384x14x14,0.759142
116,0,imagen.jpeg,63,batchnorm,1x384x14x14,0.065758
116,0,imagen.jpeg,64,activacion,1x384x14x14,0.26241
116,0,imagen.jpeg,65,pointwise_conv,1x384x14x14,2.773345
116,0,imagen.jpeg,66,batchnorm,1x64x14x14,0.011544
116,0,imagen.jpeg,67,layer_add,1x64x14x14,0.007037
116,0,imagen.jpeg,68,pointwise_conv,1x64x14x14,2.723786
116,0,imagen.jpeg,69,batchnorm,1x384x14x14,0.075847
116,0,imagen.jpeg,70,activacion,1x384x14x14,0.243729
116,0,imagen.jpeg,71,depthwise_conv,1x384x14x14,0.770717
116,0,imagen.jpeg,72,batchnorm,1x384x14x14,0.096772
116,0,imagen.jpeg,73,activacion,1x384x14x14,0.246505
116,0,imagen.jpeg,74,pointwise_conv,1x384x14x14,2.688599
116,0,imagen.jpeg,75,batchnorm,1x64x14x14,0.011001
116,0,imagen.jpeg,76,layer_add,1x64x14x14,0.007302
116,0,imagen.jpeg,77,pointwise_conv,1x64x14x14,2.704027
116,0,imagen.jpeg,78,batchnorm,1x384x14x14,0.064986
116,0,imagen.jpeg,79,activacion,1x384x14x14,0.246991
116,0,imagen.jpeg,80,depthwise_conv,1x384x14x14,0.831948
116,0,imagen.jpeg,81,batchnorm,1x384x14x14,0.13559
116,0,imagen.jpeg,82,activacion,1x384x14x14,0.241096
116,0,imagen.jpeg,83,pointwise_conv,1x384x14x14,2.671486
116,0,imagen.jpeg,84,batchnorm,1x64x14x14,0.010803
116,0,imagen.jpeg,85,layer_add,1x64x14x14,0.005339
116,0,imagen.jpeg,86,pointwise_conv,1x64x14x14,2.851544
116,0,imagen.jpeg,87,batchnorm,1x384x14x14,0.080363
116,0,imagen.jpeg,88,activacion,1x384x14x14,0.28903
116,0,imagen.jpeg,89,depthwise_conv,1x384x14x14,0.747711
116,0,imagen.jpeg,90,batchnorm,1x384x14x14,0.068163
116,0,imagen.jpeg,91,activacion,1x384x14x14,0.237994
116,0,imagen.jpeg,92,pointwise_conv,1x384x14x14,3.99352
116,0,imagen.jpeg,93,batchnorm,1x96x14x14,0.016607
116,0,imagen.jpeg,94,pointwise_conv,1x96x14x14,5.951367
116,0,imagen.jpeg,95,batchnorm,1x576x14x14,0.10698
116,0,imagen.jpeg,96,activacion,1x576x14x14,0.376835
116,0,imagen.jpeg,97,depthwise_conv,1x576x14x14,1.153326
116,0,imagen.jpeg,98,batchnorm,1x576x14x14,0.172618
116,0,imagen.jpeg,99,activacion,1x576x14x14,0.327893
116,0,imagen.jpeg,100,pointwise_conv,1x576x14x14,6.144457
116,0,imagen.jpeg,101,batchnorm,1x96x14x14,0.017427
116,0,imagen.jpeg,102,layer_add,1x96x14x14,0.012927
116,0,imagen.jpeg,103,pointwise_conv,1x96x14x14,6.06247
116,0,imagen.jpeg,104,batchnorm,1x576x14x14,0.105196
116,0,imagen.jpeg,105,activacion,1x576x14x14,0.380914
116,0,imagen.jpeg,106,depthwise_conv,1x576x14x14,1.151842
116,0,imagen.jpeg,107,batchnorm,1x576x14x14,0.1573
116,0,imagen.jpeg,108,activacion,1x576x14x14,0.305725
116,0,imagen.jpeg,109,pointwise_conv,1x576x14x14,6.227124
116,0,imagen.jpeg,110,batchnorm,1x96x14x14,0.01772
116,0,imagen.jpeg,111,layer_add,1x96x14x14,0.009852
116,0,imagen.jpeg,112,pointwise_conv,1x96x14x14,5.995076
116,0,imagen.jpeg,113,batchnorm,1x576x14x14,0.104916
116,0,imagen.jpeg,114,activacion,1x576x14x14,0.326582
116,0,imagen.jpeg,115,depthwise_conv,1x576x14x14,0.274058
116,0,imagen.jpeg,116,batchnorm,1x576x7x7,0.030412
116,0,imagen.jpeg,117,activacion,1x576x7x7,0.067171
116,0,imagen.jpeg,118,pointwise_conv,1x576x7x7,2.434127
116,0,imagen.jpeg,119,batchnorm,1x160x7x7,0.007559
116,0,imagen.jpeg,120,pointwise_conv,1x160x7x7,4.289632
116,0,imagen.jpeg,121,batchnorm,1x960x7x7,0.045468
116,0,imagen.jpeg,122,activacion,1x960x7x7,0.152691
116,0,imagen.jpeg,123,depthwise_conv,1x960x7x7,0.437861
116,0,imagen.jpeg,124,batchnorm,1x960x7x7,0.043744
116,0,imagen.jpeg,125,activacion,1x960x7x7,0.143208
116,0,imagen.jpeg,126,pointwise_conv,1x960x7x7,4.043473
116,0,imagen.jpeg,127,batchnorm,1x160x7x7,0.007523
116,0,imagen.jpeg,128,layer_add,1x160x7x7,0.003891
116,0,imagen.jpeg,129,pointwise_conv,1x160x7x7,4.145623
116,0,imagen.jpeg,130,batchnorm,1x960x7x7,0.044885
116,0,imagen.jpeg,131,activacion,1x960x7x7,0.146083
116,0,imagen.jpeg,132,depthwise_conv,1x960x7x7,0.437283
116,0,imagen.jpeg,133,batchnorm,1x960x7x7,0.055017
116,0,imagen.jpeg,134,activacion,1x960x7x7,0.128296
116,0,imagen.jpeg,135,pointwise_conv,1x960x7x7,4.066216
116,0,imagen.jpeg,136,batchnorm,1x160x7x7,0.007312
116,0,imagen.jpeg,137,layer_add,1x160x7x7,0.004008
116,0,imagen.jpeg,138,pointwise_conv,1x160x7x7,4.303933
116,0,imagen.jpeg,139,batchnorm,1x960x7x7,0.044489
116,0,imagen.jpeg,140,activacion,1x960x7x7,0.117048
116,0,imagen.jpeg,141,depthwise_conv,1x960x7x7,0.436368
116,0,imagen.jpeg,142,batchnorm,1x960x7x7,0.047422
116,0,imagen.jpeg,143,activacion,1x960x7x7,0.090339
116,0,imagen.jpeg,144,pointwise_conv,1x960x7x7,8.117842
116,0,imagen.jpeg,145,batchnorm,1x320x7x7,0.019381
116,0,imagen.jpeg,146,pointwise_conv,1x320x7x7,11.238469
116,0,imagen.jpeg,147,batchnorm,1x1280x7x7,0.06644
116,0,imagen.jpeg,148,activacion,1x1280x7x7,0.186674
116,0,imagen.jpeg,149,pooling,1x1280x7x7,0.039824
116,0,imagen.jpeg,150,linear,1x1280,1.435611
117,0,imagen.jpeg,0,conv2d,1x3x224x224,12.476435
117,0,imagen.jpeg,1,batchnorm,1x32x112x112,0.414759
117,0,imagen.jpeg,2,activacion,1x32x112x112,0.636485
117,0,imagen.jpeg,3,depthwise_conv,1x32x112x112,3.946315
117,0,imagen.jpeg,4,batchnorm,1x32x112x112,2.320232
117,0,imagen.jpeg,5,activacion,1x32x112x112,0.747027
117,0,imagen.jpeg,6,pointwise_conv,1x32x112x112,3.5804
117,0,imagen.jpeg,7,batchnorm,1x16x112x112,0.176712
117,0,imagen.jpeg,8,pointwise_conv,1x16x112x112,12.271368
117,0,imagen.jpeg,9,batchnorm,1x96x112x112,2.263301
117,0,imagen.jpeg,10,activacion,1x96x112x112,3.614343
117,0,imagen.jpeg,11,depthwise_conv,1x96x112x112,3.385589
117,0,imagen.jpeg,12,batchnorm,1x96x56x56,0.317347
117,0,imagen.jpeg,13,activacion,1x96x56x56,1.137648
117,0,imagen.jpeg,14,pointwise_conv,1x96x56x56,4.799559
117,0,imagen.jpeg,15,batchnorm,1x24x56x56,0.089869
117,0,imagen.jpeg,16,pointwise_conv,1x24x56x56,7.519542
117,0,imagen.jpeg,17,batchnorm,1x144x56x56,1.006381
117,0,imagen.jpeg,18,activacion,1x144x56x56,1.42926
117,0,imagen.jpeg,19,depthwise_conv,1x144x56x56,5.077828
117,0,imagen.jpeg,20,batchnorm,1x144x56x56,1.298039
117,0,imagen.jpeg,21,activacion,1x144x56x56,1.830605
117,0,imagen.jpeg,22,pointwise_conv,1x144x56x56,7.634981
117,0,imagen.jpeg,23,batchnorm,1x24x56x56,0.079187
117,0,imagen.jpeg,24,layer_add,1x24x56x56,0.048141
117,0,imagen.jpeg,25,pointwise_conv,1x24x56x56,7.071465
117,0,imagen.jpeg,26,batchnorm,1x144x56x56,0.508098
117,0,imagen.jpeg,27,activacion,1x144x56x56,1.73892
117,0,imagen.jpeg,28,depthwise_conv,1x144x56x56,1.305673
117,0,imagen.jpeg,29,batchnorm,1x144x28x28,0.119698
117,0,imagen.jpeg,30,activacion,1x144x28x28,0.393724
117,0,imagen.jpeg,31,pointwise_conv,1x144x28x28,2.336139
117,0,imagen.jpeg,32,batchnorm,1x32x28x28,0.038512
117,0,imagen.jpeg,33,pointwise_conv,1x32x28x28,3.081979
117,0,imagen.jpeg,34,batchnorm,1x192x28x28,0.15746
117,0,imagen.jpeg,35,activacion,1x192x28x28,0.423562
117,0,imagen.jpeg,36,depthwise_conv,1x192x28x28,1.706321
117,0,imagen.jpeg,37,batchnorm,1x192x28x28,0.151926
117,0,imagen.jpeg,38,activacion,1x192x28x28,0.599165
117,0,imagen.jpeg,39,pointwise_conv,1x192x28x28,3.454732
117,0,imagen.jpeg,40,batchnorm,1x32x28x28,0.05255
117,0,imagen.jpeg,41,layer_add,1x32x28x28,0.037376
117,0,imagen.jpeg,42,pointwise_conv,1x32x28x28,3.324517
117,0,imagen.jpeg,43,batchnorm,1x192x28x28,0.160312
117,0,imagen.jpeg,44,activacion,1x192x28x28,0.505379
117,0,imagen.jpeg,45,depthwise_conv,1x192x28x28,1.68366
117,0,imagen.jpeg,46,batchnorm,1x192x28x28,0.16294
117,0,imagen.jpeg,47,activacion,1x192x28x28,0.595233
117,0,imagen.jpeg,48,pointwise_conv,1x192x28x28,2.990594
117,0,imagen.jpeg,49,batchnorm,1x32x28x28,0.027399
117,0,imagen.jpeg,50,layer_add,1x32x28x28,0.01551
117,0,imagen.jpeg,51,pointwise_conv,1x32x28x28,3.160334
117,0,imagen.jpeg,52,batchnorm,1x192x28x28,0.223246
117,0,imagen.jpeg,53,activacion,1x192x28x28,0.624485
117,0,imagen.jpeg,54,depthwise_conv,1x192x28x28,0.645712
117,0,imagen.jpeg,55,batchnorm,1x192x14x14,0.056777
117,0,imagen.jpeg,56,activacion,1x192x14x14,0.110893
117,0,imagen.jpeg,57,pointwise_conv,1x192x14x14,2.205363
117,0,imagen.jpeg,58,batchnorm,1x64x14x14,0.031297
117,0,imagen.jpeg,59,pointwise_conv,1x64x14x14,4.451728
117,0,imagen.jpeg,60,batchnorm,1x384x14x14,0.085521
117,0,imagen.jpeg,61,activacion,1x384x14x14,0.240255
117,0,imagen.jpeg,62,depthwise_conv,1x384x14x14,0.870863
117,0,imagen.jpeg,63,batchnorm,1x384x14x14,0.085262
117,0,imagen.jpeg,64,activacion,1x384x14x14,0.303002
117,0,imagen.jpeg,65,pointwise_conv,1x384x14x14,3.088757
117,0,imagen.jpeg,66,batchnorm,1x64x14x14,0.014166
117,0,imagen.jpeg,67,layer_add,1x64x14x14,0.007842
117,0,imagen.jpeg,68,pointwise_conv,1x64x14x14,3.552068
117,0,imagen.jpeg,69,batchnorm,1x384x14x14,0.123522
117,0,imagen.jpeg,70,activacion,1x384x14x14,0.30374
117,0,imagen.jpeg,71,depthwise_conv,1x384x14x14,0.950544
117,0,imagen.jpeg,72,batchnorm,1x384x14x14,0.126606
117,0,imagen.jpeg,73,activacion,1x384x14x14,0.292544
117,0,imagen.jpeg,74,pointwise_conv,1x384x14x14,3.35958
117,0,imagen.jpeg,75,batchnorm,1x64x14x14,0.014343
117,0,imagen.jpeg,76,layer_add,1x64x14x14,0.008607
117,0,imagen.jpeg,77,pointwise_conv,1x64x14x14,3.23942
117,0,imagen.jpeg,78,batchnorm,1x384x14x14,0.084601
117,0,imagen.jpeg,79,activacion,1x384x14x14,0.302238
117,0,imagen.jpeg,80,depthwise_conv,1x384x14x14,0.866517
117,0,imagen.jpeg,81,batchnorm,1x384x14x14,0.20248
117,0,imagen.jpeg,82,activacion,1x384x14x14,0.288849
117,0,imagen.jpeg,83,pointwise_conv,1x384x14x14,3.09726
117,0,imagen.jpeg,84,batchnorm,1x64x14x14,0.013769
117,0,imagen.jpeg,85,layer_add,1x64x14x14,0.007507
117,0,imagen.jpeg,86,pointwise_conv,1x64x14x14,3.237212
117,0,imagen.jpeg,87,batchnorm,1x384x14x14,0.14461
117,0,imagen.jpeg,88,activacion,1x384x14x14,0.345935
117,0,imagen.jpeg,89,depthwise_conv,1x384x14x14,0.889889
117,0,imagen.jpeg,90,batchnorm,1x384x14x14,0.111616
117,0,imagen.jpeg,91,activacion,1x384x14x14,0.297151
117,0,imagen.jpeg,92,pointwise_conv,1x384x14x14,4.721749
117,0,imagen.jpeg,93,batchnorm,1x96x14x14,0.020954
117,0,imagen.jpeg,94,pointwise_conv,1x96x14x14,6.944218
117,0,imagen.jpeg,95,batchnorm,1x576x14x14,0.120564
117,0,imagen.jpeg,96,activacion,1x576x14x14,0.421195
117,0,imagen.jpeg,97,depthwise_conv,1x576x14x14,1.30564
117,0,imagen.jpeg,98,batchnorm,1x576x14x14,0.258595
117,0,imagen.jpeg,99,activacion,1x576x14x14,0.411491
117,0,imagen.jpeg,100,pointwise_conv,1x576x14x14,7.411083
117,0,imagen.jpeg,101,batchnorm,1x96x14x14,0.020297
117,0,imagen.jpeg,102,layer_add,1x96x14x14,0.014232
117,0,imagen.jpeg,103,pointwise_conv,1x96x14x14,7.03153
117,0,imagen.jpeg,104,batchnorm,1x576x14x14,0.137157
117,0,imagen.jpeg,105,activacion,1x576x14x14,0.423869
117,0,imagen.jpeg,106,depthwise_conv,1x576x14x14,1.453816
117,0,imagen.jpeg,107,batchnorm,1x576x14x14,0.234164
117,0,imagen.jpeg,108,activacion,1x576x14x14,0.353566
117,0,imagen.jpeg,109,pointwise_conv,1x576x14x14,7.007847
117,0,imagen.jpeg,110,batchnorm,1x96x14x14,0.021919
117,0,imagen.jpeg,111,layer_add,1x96x14x14,0.011695
117,0,imagen.jpeg,112,pointwise_conv,1x96x14x14,7.539632
117,0,imagen.jpeg,113,batchnorm,1x576x14x14,0.141248
117,0,imagen.jpeg,114,activacion,1x576x14x14,0.404838
117,0,imagen.jpeg,115,depthwise_conv,1x576x14x14,0.349215
117,0,imagen.jpeg,116,batchnorm,1x576x7x7,0.035166
117,0,imagen.jpeg,117,activacion,1x576x7x7,0.074019
117,0,imagen.jpeg,118,pointwise_conv,1x576x7x7,2.825237
117,0,imagen.jpeg,119,batchnorm,1x160x7x7,0.009061
117,0,imagen.jpeg,120,pointwise_conv,1x160x7x7,4.644995
117,0,imagen.jpeg,121,batchnorm,1x960x7x7,0.050785
117,0,imagen.jpeg,122,activacion,1x960x7x7,0.171705
117,0,imagen.jpeg,123,depthwise_conv,1x960x7x7,0.491319
117,0,imagen.jpeg,124,batchnorm,1x960x7x7,0.055129
117,0,imagen.jpeg,125,activacion,1x960x7x7,0.160525
117,0,imagen.jpeg,126,pointwise_conv,1x960x7x7,4.83306
117,0,imagen.jpeg,127,batchnorm,1x160x7x7,0.009131
117,0,imagen.jpeg,128,layer_add,1x160x7x7,0.004729
117,0,imagen.jpeg,129,pointwise_conv,1x160x7x7,4.946425
117,0,imagen.jpeg,130,batchnorm,1x960x7x7,0.057396
117,0,imagen.jpeg,131,activacion,1x960x7x7,0.177709
117,0,imagen.jpeg,132,depthwise_conv,1x960x7x7,0.498019
117,0,imagen.jpeg,133,batchnorm,1x960x7x7,0.06645
117,0,imagen.jpeg,134,activacion,1x960x7x7,0.147353
117,0,imagen.jpeg,135,pointwise_conv,1x960x7x7,4.843684
117,0,imagen.jpeg,136,batchnorm,1x160x7x7,0.009493
117,0,imagen.jpeg,137,layer_add,1x160x7x7,0.005091
117,0,imagen.jpeg,138,pointwise_conv,1x160x7x7,4.722247
117,0,imagen.jpeg,139,batchnorm,1x960x7x7,0.050999
117,0,imagen.jpeg,140,activacion,1x960x7x7,0.130737
117,0,imagen.jpeg,141,depthwise_conv,1x960x7x7,0.487784
117,0,imagen.jpeg,142,batchnorm,1x960x7x7,0.053418
117,0,imagen.jpeg,143,activacion,1x960x7x7,0.100109
117,0,imagen.jpeg,144,pointwise_conv,1x960x7x7,9.504444
117,0,imagen.jpeg,145,batchnorm,1x320x7x7,0.022065
117,0,imagen.jpeg,146,pointwise_conv,1x320x7x7,12.793028
117,0,imagen.jpeg,147,batchnorm,1x1280x7x7,0.071299
117,0,imagen.jpeg,148,activacion,1x1280x7x7,0.21147
117,0,imagen.jpeg,149,pooling,1x1280x7x7,0.045651
117,0,imagen.jpeg,150,linear,1x1280,1.595005
118,0,imagen.jpeg,0,conv2d,1x3x224x224,14.754341
118,0,imagen.jpeg,1,batchnorm,1x32x112x112,0.477115
118,0,imagen.jpeg,2,activacion,1x32x112x112,0.742164
118,0,imagen.jpeg,3,depthwise_conv,1x32x112x112,4.71568
118,0,imagen.jpeg,4,batchnorm,1x32x112x112,2.817315
118,0,imagen.jpeg,5,activacion,1x32x112x112,0.896324
118,0,imagen.jpeg,6,pointwise_conv,1x32x112x112,4.063867
118,0,imagen.jpeg,7,batchnorm,1x16x112x112,0.203864
118,0,imagen.jpeg,8,pointwise_conv,1x16x112x112,14.815922
118,0,imagen.jpeg,9,batchnorm,1x96x112x112,2.420894
118,0,imagen.jpeg,10,activacion,1x96x112x112,3.822601
118,0,imagen.jpeg,11,depthwise_conv,1x96x112x112,3.720133
118,0,imagen.jpeg,12,batchnorm,1x96x56x56,0.432544
118,0,imagen.jpeg,13,activacion,1x96x56x56,1.167927
118,0,imagen.jpeg,14,pointwise_conv,1x96x56x56,4.836324
118,0,imagen.jpeg,15,batchnorm,1x24x56x56,0.080764
118,0,imagen.jpeg,16,pointwise_conv,1x24x56x56,7.460778
118,0,imagen.jpeg,17,batchnorm,1x144x56x56,1.127899
118,0,imagen.jpeg,18,activacion,1x144x56x56,1.49099
118,0,imagen.jpeg,19,depthwise_conv,1x144x56x56,5.455153
118,0,imagen.jpeg,20,batchnorm,1x144x56x56,1.002901
118,0,imagen.jpeg,21,activacion,1x144x56x56,1.821842
118,0,imagen.jpeg,22,pointwise_conv,1x144x56x56,7.728018
118,0,imagen.jpeg,23,batchnorm,1x24x56x56,0.077783
118,0,imagen.jpeg,24,layer_add,1x24x56x56,0.050166
118,0,imagen.jpeg,25,pointwise_conv,1x24x56x56,6.977088
118,0,imagen.jpeg,26,batchnorm,1x144x56x56,0.501049
118,0,imagen.jpeg,27,activacion,1x144x56x56,1.722501
118,0,imagen.jpeg,28,depthwise_conv,1x144x56x56,1.390806
118,0,imagen.jpeg,29,batchnorm,1x144x28x28,0.12394
118,0,imagen.jpeg,30,activacion,1x144x28x28,0.459978
118,0,imagen.jpeg,31,pointwise_conv,1x144x28x28,2.295793
118,0,imagen.jpeg,32,batchnorm,1x32x28x28,0.026846
118,0,imagen.jpeg,33,pointwise_conv,1x32x28x28,3.382158
118,0,imagen.jpeg,34,batchnorm,1x192x28x28,0.161906
118,0,imagen.jpeg,35,activacion,1x192x28x28,0.431302
118,0,imagen.jpeg,36,depthwise_conv,1x192x28x28,1.695861
118,0,imagen.jpeg,37,batchnorm,1x192x28x28,0.163002
118,0,imagen.jpeg,38,activacion,1x192x28x28,0.601132
118,0,imagen.jpeg,39,pointwise_conv,1x192x28x28,3.005662
118,0,imagen.jpeg,40,batchnorm,1x32x28x28,0.026079
118,0,imagen.jpeg,41,layer_add,1x32x28x28,0.016106
118,0,imagen.jpeg,42,pointwise_conv,1x32x28x28,3.064986
118,0,imagen.jpeg,43,batchnorm,1x192x28x28,0.167238
118,0,imagen.jpeg,44,activacion,1x192x28x28,0.498357
118,0,imagen.jpeg,45,depthwise_conv,1x192x28x28,1.679823
118,0,imagen.jpeg,46,batchnorm,1x192x28x28,0.178053
118,0,imagen.jpeg,47,activacion,1x192x28x28,0.59087
118,0,imagen.jpeg,48,pointwise_conv,1x192x28x28,3.14763
118,0,imagen.jpeg,49,batchnorm,1x32x28x28,0.027081
118,0,imagen.jpeg,50,layer_add,1x32x28x28,0.015731
118,0,imagen.jpeg,51,pointwise_conv,1x32x28x28,3.057837
118,0,imagen.jpeg,52,batchnorm,1x192x28x28,0.173422
118,0,imagen.jpeg,53,activacion,1x192x28x28,0.642774
118,0,imagen.jpeg,54,depthwise_conv,1x192x28x28,0.450749
118,0,imagen.jpeg,55,batchnorm,1x192x14x14,0.039084
118,0,imagen.jpeg,56,activacion,1x192x14x14,0.11069
118,0,imagen.jpeg,57,pointwise_conv,1x192x14x14,1.528304
118,0,imagen.jpeg,58,batchnorm,1x64x14x14,0.013171
118,0,imagen.jpeg,59,pointwise_conv,1x64x14x14,3.266468
118,0,imagen.jpeg,60,batchnorm,1x384x14x14,0.081399
118,0,imagen.jpeg,61,activacion,1x384x14x14,0.221364
118,0,imagen.jpeg,62,depthwise_conv,1x384x14x14,0.870029
118,0,imagen.jpeg,63,batchnorm,1x384x14x14,0.082515
118,0,imagen.jpeg,64,activacion,1x384x14x14,0.308912
118,0,imagen.jpeg,65,pointwise_conv,1x384x14x14,3.475873
118,0,imagen.jpeg,66,batchnorm,1x64x14x14,0.01399
118,0,imagen.jpeg,67,layer_add,1x64x14x14,0.007821
118,0,imagen.jpeg,68,pointwise_conv,1x64x14x14,3.086874
118,0,imagen.jpeg,69,batchnorm,1x384x14x14,0.088225
118,0,imagen.jpeg,70,activacion,1x384x14x14,0.270366
118,0,imagen.jpeg,71,depthwise_conv,1x384x14x14,0.868103
118,0,imagen.jpeg,72,batchnorm,1x384x14x14,0.112762
118,0,imagen.jpeg,73,activacion,1x384x14x14,0.282209
118,0,imagen.jpeg,74,pointwise_conv,1x384x14x14,3.207033
118,0,imagen.jpeg,75,batchnorm,1x64x14x14,0.013925
118,0,imagen.jpeg,76,layer_add,1x64x14x14,0.007961
118,0,imagen.jpeg,77,pointwise_conv,1x64x14x14,3.225986
118,0,imagen.jpeg,78,batchnorm,1x384x14x14,0.085258
118,0,imagen.jpeg,79,activacion,1x384x14x14,0.303043
118,0,imagen.jpeg,80,depthwise_conv,1x384x14x14,0.973373
118,0,imagen.jpeg,81,batchnorm,1x384x14x14,0.165952
118,0,imagen.jpeg,82,activacion,1x384x14x14,0.257974
118,0,imagen.jpeg,83,pointwise_conv,1x384x14x14,3.472274
118,0,imagen.jpeg,84,batchnorm,1x64x14x14,0.014985
118,0,imagen.jpeg,85,layer_add,1x64x14x14,0.007948
118,0,imagen.jpeg,86,pointwise_conv,1x64x14x14,3.746673
118,0,imagen.jpeg,87,batchnorm,1x384x14x14,0.084011
118,0,imagen.jpeg,88,activacion,1x384x14x14,0.294543
118,0,imagen.jpeg,89,depthwise_conv,1x384x14x14,1.025159
118,0,imagen.jpeg,90,batchnorm,1x384x14x14,0.086931
118,0,imagen.jpeg,91,activacion,1x384x14x14,0.28505
118,0,imagen.jpeg,92,pointwise_conv,1x384x14x14,5.531151
118,0,imagen.jpeg,93,batchnorm,1x96x14x14,0.032454
118,0,imagen.jpeg,94,pointwise_conv,1x96x14x14,9.583756
118,0,imagen.jpeg,95,batchnorm,1x576x14x14,0.197752
118,0,imagen.jpeg,96,activacion,1x576x14x14,0.436102
118,0,imagen.jpeg,97,depthwise_conv,1x576x14x14,1.378532
118,0,imagen.jpeg,98,batchnorm,1x576x14x14,0.223201
118,0,imagen.jpeg,99,activacion,1x576x14x14,0.408563
118,0,imagen.jpeg,100,pointwise_conv,1x576x14x14,7.322979
118,0,imagen.jpeg,101,batchnorm,1x96x14x14,0.033007
118,0,imagen.jpeg,102,layer_add,1x96x14x14,0.026453
118,0,imagen.jpeg,103,pointwise_conv,1x96x14x14,7.205906
118,0,imagen.jpeg,104,batchnorm,1x576x14x14,0.12408
118,0,imagen.jpeg,105,activacion,1x576x14x14,0.432058
118,0,imagen.jpeg,106,depthwise_conv,1x576x14x14,1.300512
118,0,imagen.jpeg,107,batchnorm,1x576x14x14,0.193861
118,0,imagen.jpeg,108,activacion,1x576x14x14,0.363229
118,0,imagen.jpeg,109,pointwise_conv,1x576x14x14,7.212979
118,0,imagen.jpeg,110,batchnorm,1x96x14x14,0.023152
118,0,imagen.jpeg,111,layer_add,1x96x14x14,0.012067
118,0,imagen.jpeg,112,pointwise_conv,1x96x14x14,7.165627
118,0,imagen.jpeg,113,batchnorm,1x576x14x14,0.138564
118,0,imagen.jpeg,114,activacion,1x576x14x14,0.408992
118,0,imagen.jpeg,115,depthwise_conv,1x576x14x14,0.381956
118,0,imagen.jpeg,116,batchnorm,1x576x7x7,0.035272
118,0,imagen.jpeg,117,activacion,1x576x7x7,0.075195
118,0,imagen.jpeg,118,pointwise_conv,1x576x7x7,2.897939
118,0,imagen.jpeg,119,batchnorm,1x160x7x7,0.009394
118,0,imagen.jpeg,120,pointwise_conv,1x160x7x7,5.424514
118,0,imagen.jpeg,121,batchnorm,1x960x7x7,0.055043
118,0,imagen.jpeg,122,activacion,1x960x7x7,0.18469
118,0,imagen.jpeg,123,depthwise_conv,1x960x7x7,0.491502
118,0,imagen.jpeg,124,batchnorm,1x960x7x7,0.054265
118,0,imagen.jpeg,125,activacion,1x960x7x7,0.160816
118,0,imagen.jpeg,126,pointwise_conv,1x960x7x7,5.01086
118,0,imagen.jpeg,127,batchnorm,1x160x7x7,0.00897
118,0,imagen.jpeg,128,layer_add,1x160x7x7,0.004972
118,0,imagen.jpeg,129,pointwise_conv,1x160x7x7,4.741762
118,0,imagen.jpeg,130,batchnorm,1x960x7x7,0.052964
118,0,imagen.jpeg,131,activacion,1x960x7x7,0.165364
118,0,imagen.jpeg,132,depthwise_conv,1x960x7x7,0.495895
118,0,imagen.jpeg,133,batchnorm,1x960x7x7,0.06505
118,0,imagen.jpeg,134,activacion,1x960x7x7,0.150872
118,0,imagen.jpeg,135,pointwise_conv,1x960x7x7,5.665524
118,0,imagen.jpeg,136,batchnorm,1x160x7x7,0.009049
118,0,imagen.jpeg,137,layer_add,1x160x7x7,0.005173
118,0,imagen.jpeg,138,pointwise_conv,1x160x7x7,4.939982
118,0,imagen.jpeg,139,batchnorm,1x960x7x7,0.055157
118,0,imagen.jpeg,140,activacion,1x960x7x7,0.132826
118,0,imagen.jpeg,141,depthwise_conv,1x960x7x7,0.496994
118,0,imagen.jpeg,142,batchnorm,1x960x7x7,0.05563
118,0,imagen.jpeg,143,activacion,1x960x7x7,0.11093
118,0,imagen.jpeg,144,pointwise_conv,1x960x7x7,11.692839
118,0,imagen.jpeg,145,batchnorm,1x320x7x7,0.019825
118,0,imagen.jpeg,146,pointwise_conv,1x320x7x7,14.733698
118,0,imagen.jpeg,147,batchnorm,1x1280x7x7,0.072186
118,0,imagen.jpeg,148,activacion,1x1280x7x7,0.22669
118,0,imagen.jpeg,149,pooling,1x1280x7x7,0.049158
118,0,imagen.jpeg,150,linear,1x1280,1.654433
119,0,imagen.jpeg,0,conv2d,1x3x224x224,14.714872
119,0,imagen.jpeg,1,batchnorm,1x32x112x112,0.505343
119,0,imagen.jpeg,2,activacion,1x32x112x112,0.7943
119,0,imagen.jpeg,3,depthwise_conv,1x32x112x112,4.678301
119,0,imagen.jpeg,4,batchnorm,1x32x112x112,2.698804
119,0,imagen.jpeg,5,activacion,1x32x112x112,0.872892
119,0,imagen.jpeg,6,pointwise_conv,1x32x112x112,4.753395
119,0,imagen.jpeg,7,batchnorm,1x16x112x112,0.33954
119,0,imagen.jpeg,8,pointwise_conv,1x16x112x112,16.133249
119,0,imagen.jpeg,9,batchnorm,1x96x112x112,2.460114
119,0,imagen.jpeg,10,activacion,1x96x112x112,3.859614
119,0,imagen.jpeg,11,depthwise_conv,1x96x112x112,3.846413
119,0,imagen.jpeg,12,batchnorm,1x96x56x56,0.349565
119,0,imagen.jpeg,13,activacion,1x96x56x56,1.176616
119,0,imagen.jpeg,14,pointwise_conv,1x96x56x56,4.831155
119,0,imagen.jpeg,15,batchnorm,1x24x56x56,0.079267
119,0,imagen.jpeg,16,pointwise_conv,1x24x56x56,7.70083
119,0,imagen.jpeg,17,batchnorm,1x144x56x56,1.122746
119,0,imagen.jpeg,18,activacion,1x144x56x56,1.485933
119,0,imagen.jpeg,19,depthwise_conv,1x144x56x56,5.092089
119,0,imagen.jpeg,20,batchnorm,1x144x56x56,0.997568
119,0,imagen.jpeg,21,activacion,1x144x56x56,1.818233
119,0,imagen.jpeg,22,pointwise_conv,1x144x56x56,9.658062
119,0,imagen.jpeg,23,batchnorm,1x24x56x56,0.080653
119,0,imagen.jpeg,24,layer_add,1x24x56x56,0.05104
119,0,imagen.jpeg,25,pointwise_conv,1x24x56x56,6.873304
119,0,imagen.jpeg,26,batchnorm,1x144x56x56,0.511765
119,0,imagen.jpeg,27,activacion,1x144x56x56,1.727813
119,0,imagen.jpeg,28,depthwise_conv,1x144x56x56,1.388648
119,0,imagen.jpeg,29,batchnorm,1x144x28x28,0.125811
119,0,imagen.jpeg,30,activacion,1x144x28x28,0.397792
119,0,imagen.jpeg,31,pointwise_conv,1x144x28x28,2.463459
119,0,imagen.jpeg,32,batchnorm,1x32x28x28,0.027935
119,0,imagen.jpeg,33,pointwise_conv,1x32x28x28,3.159182
119,0,imagen.jpeg,34,batchnorm,1x192x28x28,0.170907
119,0,imagen.jpeg,35,activacion,1x192x28x28,0.437519
119,0,imagen.jpeg,36,depthwise_conv,1x192x28x28,1.677773
119,0,imagen.jpeg,37,batchnorm,1x192x28x28,0.161757
119,0,imagen.jpeg,38,activacion,1x192x28x28,0.600739
119,0,imagen.jpeg,39,pointwise_conv,1x192x28x28,3.133309
119,0,imagen.jpeg,40,batchnorm,1x32x28x28,0.026506
119,0,imagen.jpeg,41,layer_add,1x32x28x28,0.015349
119,0,imagen.jpeg,42,pointwise_conv,1x32x28x28,3.446918
119,0,imagen.jpeg,43,batchnorm,1x192x28x28,0.30153
119,0,imagen.jpeg,44,activacion,1x192x28x28,0.608207
119,0,imagen.jpeg,45,depthwise_conv,1x192x28x28,1.804058
119,0,imagen.jpeg,46,batchnorm,1x192x28x28,0.169081
119,0,imagen.jpeg,47,activacion,1x192x28x28,0.608746
119,0,imagen.jpeg,48,pointwise_conv,1x192x28x28,3.012952
119,0,imagen.jpeg,49,batchnorm,1x32x28x28,0.02712
119,0,imagen.jpeg,50,layer_add,1x32x28x28,0.016204
119,0,imagen.jpeg,51,pointwise_conv,1x32x28x28,3.137366
119,0,imagen.jpeg,52,batchnorm,1x192x28x28,0.168734
119,0,imagen.jpeg,53,activacion,1x192x28x28,0.570202
119,0,imagen.jpeg,54,depthwise_conv,1x192x28x28,0.43302
119,0,imagen.jpeg,55,batchnorm,1x192x14x14,0.038814
119,0,imagen.jpeg,56,activacion,1x192x14x14,0.120177
119,0,imagen.jpeg,57,pointwise_conv,1x192x14x14,1.59357
119,0,imagen.jpeg,58,batchnorm,1x64x14x14,0.014118
119,0,imagen.jpeg,59,pointwise_conv,1x64x14x14,5.451725
119,0,imagen.jpeg,60,batchnorm,1x384x14x14,0.153503
119,0,imagen.jpeg,61,activacion,1x384x14x14,0.255653
119,0,imagen.jpeg,62,depthwise_conv,1x384x14x14,1.670049
119,0,imagen.jpeg,63,batchnorm,1x384x14x14,0.150255
119,0,imagen.jpeg,64,activacion,1x384x14x14,0.315428
119,0,imagen.jpeg,65,pointwise_conv,1x384x14x14,3.165088
119,0,imagen.jpeg,66,batchnorm,1x64x14x14,0.013933
119,0,imagen.jpeg,67,layer_add,1x64x14x14,0.008589
119,0,imagen.jpeg,68,pointwise_conv,1x64x14x14,3.056199
119,0,imagen.jpeg,69,batchnorm,1x384x14x14,0.079087
119,0,imagen.jpeg,70,activacion,1x384x14x14,0.274131
119,0,imagen.jpeg,71,depthwise_conv,1x384x14x14,0.863452
119,0,imagen.jpeg,72,batchnorm,1x384x14x14,0.110552
119,0,imagen.jpeg,73,activacion,1x384x14x14,0.281121
119,0,imagen.jpeg,74,pointwise_conv,1x384x14x14,3.883322
119,0,imagen.jpeg,75,batchnorm,1x64x14x14,0.026872
119,0,imagen.jpeg,76,layer_add,1x64x14x14,0.014898
119,0,imagen.jpeg,77,pointwise_conv,1x64x14x14,5.93381
119,0,imagen.jpeg,78,batchnorm,1x384x14x14,0.149779
119,0,imagen.jpeg,79,activacion,1x384x14x14,0.345959
119,0,imagen.jpeg,80,depthwise_conv,1x384x14x14,1.663306
119,0,imagen.jpeg,81,batchnorm,1x384x14x14,0.168932
119,0,imagen.jpeg,82,activacion,1x384x14x14,0.261025
119,0,imagen.jpeg,83,pointwise_conv,1x384x14x14,3.305465
119,0,imagen.jpeg,84,batchnorm,1x64x14x14,0.017402
119,0,imagen.jpeg,85,layer_add,1x64x14x14,0.007957
119,0,imagen.jpeg,86,pointwise_conv,1x64x14x14,3.157863
119,0,imagen.jpeg,87,batchnorm,1x384x14x14,0.106626
119,0,imagen.jpeg,88,activacion,1x384x14x14,0.294822
119,0,imagen.jpeg,89,depthwise_conv,1x384x14x14,0.912045
119,0,imagen.jpeg,90,batchnorm,1x384x14x14,0.082728
119,0,imagen.jpeg,91,activacion,1x384x14x14,0.283657
119,0,imagen.jpeg,92,pointwise_conv,1x384x14x14,5.214508
119,0,imagen.jpeg,93,batchnorm,1x96x14x14,0.020781
119,0,imagen.jpeg,94,pointwise_conv,1x96x14x14,7.169391
119,0,imagen.jpeg,95,batchnorm,1x576x14x14,0.122761
119,0,imagen.jpeg,96,activacion,1x576x14x14,0.423211
119,0,imagen.jpeg,97,depthwise_conv,1x576x14x14,1.355424
119,0,imagen.jpeg,98,batchnorm,1x576x14x14,0.265592
119,0,imagen.jpeg,99,activacion,1x576x14x14,0.418543
119,0,imagen.jpeg,100,pointwise_conv,1x576x14x14,7.116217
119,0,imagen.jpeg,101,batchnorm,1x96x14x14,0.020986
119,0,imagen.jpeg,102,layer_add,1x96x14x14,0.01596
119,0,imagen.jpeg,103,pointwise_conv,1x96x14x14,7.347068
119,0,imagen.jpeg,104,batchnorm,1x576x14x14,0.164508
119,0,imagen.jpeg,105,activacion,1x576x14x14,0.433897
119,0,imagen.jpeg,106,depthwise_conv,1x576x14x14,1.304172
119,0,imagen.jpeg,107,batchnorm,1x576x14x14,0.198424
119,0,imagen.jpeg,108,activacion,1x576x14x14,0.347747
119,0,imagen.jpeg,109,pointwise_conv,1x576x14x14,7.298555
119,0,imagen.jpeg,110,batchnorm,1x96x14x14,0.021431
119,0,imagen.jpeg,111,layer_add,1x96x14x14,0.011867
119,0,imagen.jpeg,112,pointwise_conv,1x96x14x14,8.303505
119,0,imagen.jpeg,113,batchnorm,1x576x14x14,0.221097
119,0,imagen.jpeg,114,activacion,1x576x14x14,0.433445
119,0,imagen.jpeg,115,depthwise_conv,1x576x14x14,0.618878
119,0,imagen.jpeg,116,batchnorm,1x576x7x7,0.06542
119,0,imagen.jpeg,117,activacion,1x576x7x7,0.082815
119,0,imagen.jpeg,118,pointwise_conv,1x576x7x7,4.274273
119,0,imagen.jpeg,119,batchnorm,1x160x7x7,0.009456
119,0,imagen.jpeg,120,pointwise_conv,1x160x7x7,4.609023
119,0,imagen.jpeg,121,batchnorm,1x960x7x7,0.050932
119,0,imagen.jpeg,122,activacion,1x960x7x7,0.175186
119,0,imagen.jpeg,123,depthwise_conv,1x960x7x7,0.492454
119,0,imagen.jpeg,124,batchnorm,1x960x7x7,0.050157
119,0,imagen.jpeg,125,activacion,1x960x7x7,0.160624
119,0,imagen.jpeg,126,pointwise_conv,1x960x7x7,7.486084
119,0,imagen.jpeg,127,batchnorm,1x160x7x7,0.018461
119,0,imagen.jpeg,128,layer_add,1x160x7x7,0.010085
119,0,imagen.jpeg,129,pointwise_conv,1x160x7x7,7.156557
119,0,imagen.jpeg,130,batchnorm,1x960x7x7,0.054913
119,0,imagen.jpeg,131,activacion,1x960x7x7,0.162742
119,0,imagen.jpeg,132,depthwise_conv,1x960x7x7,0.49406
119,0,imagen.jpeg,133,batchnorm,1x960x7x7,0.063475
119,0,imagen.jpeg,134,activacion,1x960x7x7,0.145512
119,0,imagen.jpeg,135,pointwise_conv,1x960x7x7,4.851609
119,0,imagen.jpeg,136,batchnorm,1x160x7x7,0.015081
119,0,imagen.jpeg,137,layer_add,1x160x7x7,0.00684
119,0,imagen.jpeg,138,pointwise_conv,1x160x7x7,4.927556
119,0,imagen.jpeg,139,batchnorm,1x960x7x7,0.053458
119,0,imagen.jpeg,140,activacion,1x960x7x7,0.133272
119,0,imagen.jpeg,141,depthwise_conv,1x960x7x7,0.491436
119,0,imagen.jpeg,142,batchnorm,1x960x7x7,0.05493
119,0,imagen.jpeg,143,activacion,1x960x7x7,0.106706
119,0,imagen.jpeg,144,pointwise_conv,1x960x7x7,9.524424
119,0,imagen.jpeg,145,batchnorm,1x320x7x7,0.017971
119,0,imagen.jpeg,146,pointwise_conv,1x320x7x7,12.310545
119,0,imagen.jpeg,147,batchnorm,1x1280x7x7,0.071015
119,0,imagen.jpeg,148,activacion,1x1280x7x7,0.212599
119,0,imagen.jpeg,149,pooling,1x1280x7x7,0.045076
119,0,imagen.jpeg,150,linear,1x1280,1.587563
120,0,imagen.jpeg,0,conv2d,1x3x224x224,13.951937
120,0,imagen.jpeg,1,batchnorm,1x32x112x112,0.47269
120,0,imagen.jpeg,2,activacion,1x32x112x112,0.733686
120,0,imagen.jpeg,3,depthwise_conv,1x32x112x112,4.597027
120,0,imagen.jpeg,4,batchnorm,1x32x112x112,2.626166
120,0,imagen.jpeg,5,activacion,1x32x112x112,0.852571
120,0,imagen.jpeg,6,pointwise_conv,1x32x112x112,4.158867
120,0,imagen.jpeg,7,batchnorm,1x16x112x112,0.216959
120,0,imagen.jpeg,8,pointwise_conv,1x16x112x112,13.529304
120,0,imagen.jpeg,9,batchnorm,1x96x112x112,2.326855
120,0,imagen.jpeg,10,activacion,1x96x112x112,3.877688
120,0,imagen.jpeg,11,depthwise_conv,1x96x112x112,3.465871
120,0,imagen.jpeg,12,batchnorm,1x96x56x56,0.306608
120,0,imagen.jpeg,13,activacion,1x96x56x56,1.118507
120,0,imagen.jpeg,14,pointwise_conv,1x96x56x56,4.380613
120,0,imagen.jpeg,15,batchnorm,1x24x56x56,0.072121
120,0,imagen.jpeg,16,pointwise_conv,1x24x56x56,7.414596
120,0,imagen.jpeg,17,batchnorm,1x144x56x56,0.98266
120,0,imagen.jpeg,18,activacion,1x144x56x56,1.413661
120,0,imagen.jpeg,19,depthwise_conv,1x144x56x56,5.052163
120,0,imagen.jpeg,20,batchnorm,1x144x56x56,1.005689
120,0,imagen.jpeg,21,activacion,1x144x56x56,1.818495
120,0,imagen.jpeg,22,pointwise_conv,1x144x56x56,7.199208
120,0,imagen.jpeg,23,batchnorm,1x24x56x56,0.076471
120,0,imagen.jpeg,24,layer_add,1x24x56x56,0.045876
120,0,imagen.jpeg,25,pointwise_conv,1x24x56x56,6.742245
120,0,imagen.jpeg,26,batchnorm,1x144x56x56,0.48551
120,0,imagen.jpeg,27,activacion,1x144x56x56,1.651332
120,0,imagen.jpeg,28,depthwise_conv,1x144x56x56,1.232621
120,0,imagen.jpeg,29,batchnorm,1x144x28x28,0.135316
120,0,imagen.jpeg,30,activacion,1x144x28x28,0.377041
120,0,imagen.jpeg,31,pointwise_conv,1x144x28x28,2.206038
120,0,imagen.jpeg,32,batchnorm,1x32x28x28,0.024339
120,0,imagen.jpeg,33,pointwise_conv,1x32x28x28,2.81802
120,0,imagen.jpeg,34,batchnorm,1x192x28x28,0.144104
120,0,imagen.jpeg,35,activacion,1x192x28x28,0.401195
120,0,imagen.jpeg,36,depthwise_conv,1x192x28x28,1.578554
120,0,imagen.jpeg,37,batchnorm,1x192x28x28,0.151233
120,0,imagen.jpeg,38,activacion,1x192x28x28,0.548671
120,0,imagen.jpeg,39,pointwise_conv,1x192x28x28,2.76059
120,0,imagen.jpeg,40,batchnorm,1x32x28x28,0.022096
120,0,imagen.jpeg,41,layer_add,1x32x28x28,0.013482
120,0,imagen.jpeg,42,pointwise_conv,1x32x28x28,2.749059
120,0,imagen.jpeg,43,batchnorm,1x192x28x28,0.128757
120,0,imagen.jpeg,44,activacion,1x192x28x28,0.435757
120,0,imagen.jpeg,45,depthwise_conv,1x192x28x28,1.541666
120,0,imagen.jpeg,46,batchnorm,1x192x28x28,0.155634
120,0,imagen.jpeg,47,activacion,1x192x28x28,0.535215
120,0,imagen.jpeg,48,pointwise_conv,1x192x28x28,2.739241
120,0,imagen.jpeg,49,batchnorm,1x32x28x28,0.02879
120,0,imagen.jpeg,50,layer_add,1x32x28x28,0.015235
120,0,imagen.jpeg,51,pointwise_conv,1x32x28x28,2.654141
120,0,imagen.jpeg,52,batchnorm,1x192x28x28,0.129431
120,0,imagen.jpeg,53,activacion,1x192x28x28,0.483926
120,0,imagen.jpeg,54,depthwise_conv,1x192x28x28,0.371899
120,0,imagen.jpeg,55,batchnorm,1x192x14x14,0.034618
120,0,imagen.jpeg,56,activacion,1x192x14x14,0.102168
120,0,imagen.jpeg,57,pointwise_conv,1x192x14x14,1.390009
120,0,imagen.jpeg,58,batchnorm,1x64x14x14,0.011866
120,0,imagen.jpeg,59,pointwise_conv,1x64x14x14,3.46235
120,0,imagen.jpeg,60,batchnorm,1x384x14x14,0.075827
120,0,imagen.jpeg,61,activacion,1x384x14x14,0.201189
120,0,imagen.jpeg,62,depthwise_conv,1x384x14x14,0.809577
120,0,imagen.jpeg,63,batchnorm,1x384x14x14,0.069983
120,0,imagen.jpeg,64,activacion,1x384x14x14,0.277605
120,0,imagen.jpeg,65,pointwise_conv,1x384x14x14,2.839567
120,0,imagen.jpeg,66,batchnorm,1x64x14x14,0.013214
120,0,imagen.jpeg,67,layer_add,1x64x14x14,0.007604
120,0,imagen.jpeg,68,pointwise_conv,1x64x14x14,2.887776
120,0,imagen.jpeg,69,batchnorm,1x384x14x14,0.073121
120,0,imagen.jpeg,70,activacion,1x384x14x14,0.260204
120,0,imagen.jpeg,71,depthwise_conv,1x384x14x14,0.80326
120,0,imagen.jpeg,72,batchnorm,1x384x14x14,0.100777
120,0,imagen.jpeg,73,activacion,1x384x14x14,0.261512
120,0,imagen.jpeg,74,pointwise_conv,1x384x14x14,2.758091
120,0,imagen.jpeg,75,batchnorm,1x64x14x14,0.011145
120,0,imagen.jpeg,76,layer_add,1x64x14x14,0.006859
120,0,imagen.jpeg,77,pointwise_conv,1x64x14x14,2.715169
120,0,imagen.jpeg,78,batchnorm,1x384x14x14,0.064204
120,0,imagen.jpeg,79,activacion,1x384x14x14,0.281802
120,0,imagen.jpeg,80,depthwise_conv,1x384x14x14,0.747903
120,0,imagen.jpeg,81,batchnorm,1x384x14x14,0.14147
120,0,imagen.jpeg,82,activacion,1x384x14x14,0.224073
120,0,imagen.jpeg,83,pointwise_conv,1x384x14x14,2.728991
120,0,imagen.jpeg,84,batchnorm,1x64x14x14,0.011022
120,0,imagen.jpeg,85,layer_add,1x64x14x14,0.005295
120,0,imagen.jpeg,86,pointwise_conv,1x64x14x14,3.217663
120,0,imagen.jpeg,87,batchnorm,1x384x14x14,0.091379
120,0,imagen.jpeg,88,activacion,1x384x14x14,0.260507
120,0,imagen.jpeg,89,depthwise_conv,1x384x14x14,0.804573
120,0,imagen.jpeg,90,batchnorm,1x384x14x14,0.067659
120,0,imagen.jpeg,91,activacion,1x384x14x14,0.249594
120,0,imagen.jpeg,92,pointwise_conv,1x384x14x14,4.088716
120,0,imagen.jpeg,93,batchnorm,1x96x14x14,0.016693
120,0,imagen.jpeg,94,pointwise_conv,1x96x14x14,6.057771
120,0,imagen.jpeg,95,batchnorm,1x576x14x14,0.100008
120,0,imagen.jpeg,96,activacion,1x576x14x14,0.360144
120,0,imagen.jpeg,97,depthwise_conv,1x576x14x14,1.161532
120,0,imagen.jpeg,98,batchnorm,1x576x14x14,0.178395
120,0,imagen.jpeg,99,activacion,1x576x14x14,0.313269
120,0,imagen.jpeg,100,pointwise_conv,1x576x14x14,6.097514
120,0,imagen.jpeg,101,batchnorm,1x96x14x14,0.016114
120,0,imagen.jpeg,102,layer_add,1x96x14x14,0.011867
120,0,imagen.jpeg,103,pointwise_conv,1x96x14x14,5.91809
120,0,imagen.jpeg,104,batchnorm,1x576x14x14,0.097416
120,0,imagen.jpeg,105,activacion,1x576x14x14,0.392585
120,0,imagen.jpeg,106,depthwise_conv,1x576x14x14,1.141433
120,0,imagen.jpeg,107,batchnorm,1x576x14x14,0.153316
120,0,imagen.jpeg,108,activacion,1x576x14x14,0.304135
120,0,imagen.jpeg,109,pointwise_conv,1x576x14x14,6.232253
120,0,imagen.jpeg,110,batchnorm,1x96x14x14,0.016184
120,0,imagen.jpeg,111,layer_add,1x96x14x14,0.009566
120,0,imagen.jpeg,112,pointwise_conv,1x96x14x14,6.072073
120,0,imagen.jpeg,113,batchnorm,1x576x14x14,0.104704
120,0,imagen.jpeg,114,activacion,1x576x14x14,0.315351
120,0,imagen.jpeg,115,depthwise_conv,1x576x14x14,0.269828
120,0,imagen.jpeg,116,batchnorm,1x576x7x7,0.030339
120,0,imagen.jpeg,117,activacion,1x576x7x7,0.077824
120,0,imagen.jpeg,118,pointwise_conv,1x576x7x7,2.404357
120,0,imagen.jpeg,119,batchnorm,1x160x7x7,0.007806
120,0,imagen.jpeg,120,pointwise_conv,1x160x7x7,4.109772
120,0,imagen.jpeg,121,batchnorm,1x960x7x7,0.050699
120,0,imagen.jpeg,122,activacion,1x960x7x7,0.149775
120,0,imagen.jpeg,123,depthwise_conv,1x960x7x7,0.425444
120,0,imagen.jpeg,124,batchnorm,1x960x7x7,0.042683
120,0,imagen.jpeg,125,activacion,1x960x7x7,0.139918
120,0,imagen.jpeg,126,pointwise_conv,1x960x7x7,4.077338
120,0,imagen.jpeg,127,batchnorm,1x160x7x7,0.007815
120,0,imagen.jpeg,128,layer_add,1x160x7x7,0.004048
120,0,imagen.jpeg,129,pointwise_conv,1x160x7x7,4.121895
120,0,imagen.jpeg,130,batchnorm,1x960x7x7,0.043876
120,0,imagen.jpeg,131,activacion,1x960x7x7,0.143248
120,0,imagen.jpeg,132,depthwise_conv,1x960x7x7,0.425674
120,0,imagen.jpeg,133,batchnorm,1x960x7x7,0.05365
120,0,imagen.jpeg,134,activacion,1x960x7x7,0.124782
120,0,imagen.jpeg,135,pointwise_conv,1x960x7x7,3.987924
120,0,imagen.jpeg,136,batchnorm,1x160x7x7,0.007227
120,0,imagen.jpeg,137,layer_add,1x160x7x7,0.003694
120,0,imagen.jpeg,138,pointwise_conv,1x160x7x7,4.088888
120,0,imagen.jpeg,139,batchnorm,1x960x7x7,0.044001
120,0,imagen.jpeg,140,activacion,1x960x7x7,0.117605
120,0,imagen.jpeg,141,depthwise_conv,1x960x7x7,0.434564
120,0,imagen.jpeg,142,batchnorm,1x960x7x7,0.047567
120,0,imagen.jpeg,143,activacion,1x960x7x7,0.089621
120,0,imagen.jpeg,144,pointwise_conv,1x960x7x7,8.133689
120,0,imagen.jpeg,145,batchnorm,1x320x7x7,0.014744
120,0,imagen.jpeg,146,pointwise_conv,1x320x7x7,10.958221
120,0,imagen.jpeg,147,batchnorm,1x1280x7x7,0.063874
120,0,imagen.jpeg,148,activacion,1x1280x7x7,0.190021
120,0,imagen.jpeg,149,pooling,1x1280x7x7,0.039968
120,0,imagen.jpeg,150,linear,1x1280,1.439669
