iteracion,imagen_id,imagen,indice_llamada,etapa,forma_tensor,tiempo_ms
1,0,imagen.jpeg,0,conv2d,1x3x224x224,16.873843
1,0,imagen.jpeg,1,batchnorm,1x32x112x112,0.458792
1,0,imagen.jpeg,2,activacion,1x32x112x112,0.694744
1,0,imagen.jpeg,3,depthwise_conv,1x32x112x112,4.186919
1,0,imagen.jpeg,4,batchnorm,1x32x112x112,2.545303
1,0,imagen.jpeg,5,activacion,1x32x112x112,0.818192
1,0,imagen.jpeg,6,pointwise_conv,1x32x112x112,3.890442
1,0,imagen.jpeg,7,batchnorm,1x16x112x112,0.194332
1,0,imagen.jpeg,8,pointwise_conv,1x16x112x112,12.353456
1,0,imagen.jpeg,9,batchnorm,1x96x112x112,1.731184
1,0,imagen.jpeg,10,activacion,1x96x112x112,3.488854
1,0,imagen.jpeg,11,depthwise_conv,1x96x112x112,3.44665
1,0,imagen.jpeg,12,batchnorm,1x96x56x56,0.30496
1,0,imagen.jpeg,13,activacion,1x96x56x56,1.034734
1,0,imagen.jpeg,14,pointwise_conv,1x96x56x56,3.993035
1,0,imagen.jpeg,15,batchnorm,1x24x56x56,0.066163
1,0,imagen.jpeg,16,pointwise_conv,1x24x56x56,7.480738
1,0,imagen.jpeg,17,batchnorm,1x144x56x56,0.942776
1,0,imagen.jpeg,18,activacion,1x144x56x56,1.302659
1,0,imagen.jpeg,19,depthwise_conv,1x144x56x56,4.836846
1,0,imagen.jpeg,20,batchnorm,1x144x56x56,1.060591
1,0,imagen.jpeg,21,activacion,1x144x56x56,1.900086
1,0,imagen.jpeg,22,pointwise_conv,1x144x56x56,6.924523
1,0,imagen.jpeg,23,batchnorm,1x24x56x56,0.073154
1,0,imagen.jpeg,24,layer_add,1x24x56x56,0.047424
1,0,imagen.jpeg,25,pointwise_conv,1x24x56x56,6.224893
1,0,imagen.jpeg,26,batchnorm,1x144x56x56,0.422812
1,0,imagen.jpeg,27,activacion,1x144x56x56,1.569729
1,0,imagen.jpeg,28,depthwise_conv,1x144x56x56,1.166732
1,0,imagen.jpeg,29,batchnorm,1x144x28x28,0.10436
1,0,imagen.jpeg,30,activacion,1x144x28x28,0.384115
1,0,imagen.jpeg,31,pointwise_conv,1x144x28x28,2.028351
1,0,imagen.jpeg,32,batchnorm,1x32x28x28,0.022127
1,0,imagen.jpeg,33,pointwise_conv,1x32x28x28,2.719006
1,0,imagen.jpeg,34,batchnorm,1x192x28x28,0.200049
1,0,imagen.jpeg,35,activacion,1x192x28x28,0.429254
1,0,imagen.jpeg,36,depthwise_conv,1x192x28x28,1.713761
1,0,imagen.jpeg,37,batchnorm,1x192x28x28,0.150834
1,0,imagen.jpeg,38,activacion,1x192x28x28,0.533411
1,0,imagen.jpeg,39,pointwise_conv,1x192x28x28,2.704452
1,0,imagen.jpeg,40,batchnorm,1x32x28x28,0.021317
1,0,imagen.jpeg,41,layer_add,1x32x28x28,0.013927
1,0,imagen.jpeg,42,pointwise_conv,1x32x28x28,2.65681
1,0,imagen.jpeg,43,batchnorm,1x192x28x28,0.139196
1,0,imagen.jpeg,44,activacion,1x192x28x28,0.423341
1,0,imagen.jpeg,45,depthwise_conv,1x192x28x28,1.918423
1,0,imagen.jpeg,46,batchnorm,1x192x28x28,0.1566
1,0,imagen.jpeg,47,activacion,1x192x28x28,0.528208
1,0,imagen.jpeg,48,pointwise_conv,1x192x28x28,2.776019
1,0,imagen.jpeg,49,batchnorm,1x32x28x28,0.022006
1,0,imagen.jpeg,50,layer_add,1x32x28x28,0.01362
1,0,imagen.jpeg,51,pointwise_conv,1x32x28x28,2.849243
1,0,imagen.jpeg,52,batchnorm,1x192x28x28,0.138794
1,0,imagen.jpeg,53,activacion,1x192x28x28,0.4812
1,0,imagen.jpeg,54,depthwise_conv,1x192x28x28,0.389782
1,0,imagen.jpeg,55,batchnorm,1x192x14x14,0.034368
1,0,imagen.jpeg,56,activacion,1x192x14x14,0.098115
1,0,imagen.jpeg,57,pointwise_conv,1x192x14x14,1.352578
1,0,imagen.jpeg,58,batchnorm,1x64x14x14,0.011779
1,0,imagen.jpeg,59,pointwise_conv,1x64x14x14,2.772112
1,0,imagen.jpeg,60,batchnorm,1x384x14x14,0.071121
1,0,imagen.jpeg,61,activacion,1x384x14x14,0.195866
1,0,imagen.jpeg,62,depthwise_conv,1x384x14x14,0.767162
1,0,imagen.jpeg,63,batchnorm,1x384x14x14,0.067481
1,0,imagen.jpeg,64,activacion,1x384x14x14,0.266408
1,0,imagen.jpeg,65,pointwise_conv,1x384x14x14,2.715306
1,0,imagen.jpeg,66,batchnorm,1x64x14x14,0.01125
1,0,imagen.jpeg,67,layer_add,1x64x14x14,0.006418
1,0,imagen.jpeg,68,pointwise_conv,1x64x14x14,2.7036
1,0,imagen.jpeg,69,batchnorm,1x384x14x14,0.06622
1,0,imagen.jpeg,70,activacion,1x384x14x14,0.265912
1,0,imagen.jpeg,71,depthwise_conv,1x384x14x14,0.75686
1,0,imagen.jpeg,72,batchnorm,1x384x14x14,0.094722
1,0,imagen.jpeg,73,activacion,1x384x14x14,0.258429
1,0,imagen.jpeg,74,pointwise_conv,1x384x14x14,2.855096
1,0,imagen.jpeg,75,batchnorm,1x64x14x14,0.011995
1,0,imagen.jpeg,76,layer_add,1x64x14x14,0.020875
1,0,imagen.jpeg,77,pointwise_conv,1x64x14x14,2.703819
1,0,imagen.jpeg,78,batchnorm,1x384x14x14,0.067074
1,0,imagen.jpeg,79,activacion,1x384x14x14,0.268244
1,0,imagen.jpeg,80,depthwise_conv,1x384x14x14,0.774362
1,0,imagen.jpeg,81,batchnorm,1x384x14x14,0.142267
1,0,imagen.jpeg,82,activacion,1x384x14x14,0.22898
1,0,imagen.jpeg,83,pointwise_conv,1x384x14x14,2.693717
1,0,imagen.jpeg,84,batchnorm,1x64x14x14,0.010865
1,0,imagen.jpeg,85,layer_add,1x64x14x14,0.005812
1,0,imagen.jpeg,86,pointwise_conv,1x64x14x14,2.710607
1,0,imagen.jpeg,87,batchnorm,1x384x14x14,0.063778
1,0,imagen.jpeg,88,activacion,1x384x14x14,0.263616
1,0,imagen.jpeg,89,depthwise_conv,1x384x14x14,0.750696
1,0,imagen.jpeg,90,batchnorm,1x384x14x14,0.067067
1,0,imagen.jpeg,91,activacion,1x384x14x14,0.24198
1,0,imagen.jpeg,92,pointwise_conv,1x384x14x14,4.322632
1,0,imagen.jpeg,93,batchnorm,1x96x14x14,0.02892
1,0,imagen.jpeg,94,pointwise_conv,1x96x14x14,6.155347
1,0,imagen.jpeg,95,batchnorm,1x576x14x14,0.105744
1,0,imagen.jpeg,96,activacion,1x576x14x14,0.37534
1,0,imagen.jpeg,97,depthwise_conv,1x576x14x14,1.141836
1,0,imagen.jpeg,98,batchnorm,1x576x14x14,0.186433
1,0,imagen.jpeg,99,activacion,1x576x14x14,0.318119
1,0,imagen.jpeg,100,pointwise_conv,1x576x14x14,6.699361
1,0,imagen.jpeg,101,batchnorm,1x96x14x14,0.017387
1,0,imagen.jpeg,102,layer_add,1x96x14x14,0.012348
1,0,imagen.jpeg,103,pointwise_conv,1x96x14x14,6.225645
1,0,imagen.jpeg,104,batchnorm,1x576x14x14,0.145266
1,0,imagen.jpeg,105,activacion,1x576x14x14,0.363981
1,0,imagen.jpeg,106,depthwise_conv,1x576x14x14,1.141019
1,0,imagen.jpeg,107,batchnorm,1x576x14x14,0.162696
1,0,imagen.jpeg,108,activacion,1x576x14x14,0.311612
1,0,imagen.jpeg,109,pointwise_conv,1x576x14x14,6.039539
1,0,imagen.jpeg,110,batchnorm,1x96x14x14,0.015677
1,0,imagen.jpeg,111,layer_add,1x96x14x14,0.01148
1,0,imagen.jpeg,112,pointwise_conv,1x96x14x14,6.155059
1,0,imagen.jpeg,113,batchnorm,1x576x14x14,0.102367
1,0,imagen.jpeg,114,activacion,1x576x14x14,0.298013
1,0,imagen.jpeg,115,depthwise_conv,1x576x14x14,0.294489
1,0,imagen.jpeg,116,batchnorm,1x576x7x7,0.028887
1,0,imagen.jpeg,117,activacion,1x576x7x7,0.061423
1,0,imagen.jpeg,118,pointwise_conv,1x576x7x7,2.432672
1,0,imagen.jpeg,119,batchnorm,1x160x7x7,0.007434
1,0,imagen.jpeg,120,pointwise_conv,1x160x7x7,4.037677
1,0,imagen.jpeg,121,batchnorm,1x960x7x7,0.066926
1,0,imagen.jpeg,122,activacion,1x960x7x7,0.154827
1,0,imagen.jpeg,123,depthwise_conv,1x960x7x7,0.404161
1,0,imagen.jpeg,124,batchnorm,1x960x7x7,0.040571
1,0,imagen.jpeg,125,activacion,1x960x7x7,0.132084
1,0,imagen.jpeg,126,pointwise_conv,1x960x7x7,3.990186
1,0,imagen.jpeg,127,batchnorm,1x160x7x7,0.006972
1,0,imagen.jpeg,128,layer_add,1x160x7x7,0.003332
1,0,imagen.jpeg,129,pointwise_conv,1x160x7x7,4.589697
1,0,imagen.jpeg,130,batchnorm,1x960x7x7,0.051862
1,0,imagen.jpeg,131,activacion,1x960x7x7,0.154422
1,0,imagen.jpeg,132,depthwise_conv,1x960x7x7,0.449908
1,0,imagen.jpeg,133,batchnorm,1x960x7x7,0.051872
1,0,imagen.jpeg,134,activacion,1x960x7x7,0.138328
1,0,imagen.jpeg,135,pointwise_conv,1x960x7x7,4.0882
1,0,imagen.jpeg,136,batchnorm,1x160x7x7,0.009779
1,0,imagen.jpeg,137,layer_add,1x160x7x7,0.006535
1,0,imagen.jpeg,138,pointwise_conv,1x160x7x7,4.611495
1,0,imagen.jpeg,139,batchnorm,1x960x7x7,0.043694
1,0,imagen.jpeg,140,activacion,1x960x7x7,0.157827
1,0,imagen.jpeg,141,depthwise_conv,1x960x7x7,0.450902
1,0,imagen.jpeg,142,batchnorm,1x960x7x7,0.044496
1,0,imagen.jpeg,143,activacion,1x960x7x7,0.083239
1,0,imagen.jpeg,144,pointwise_conv,1x960x7x7,8.331899
1,0,imagen.jpeg,145,batchnorm,1x320x7x7,0.01549
1,0,imagen.jpeg,146,pointwise_conv,1x320x7x7,10.795781
1,0,imagen.jpeg,147,batchnorm,1x1280x7x7,0.060113
1,0,imagen.jpeg,148,activacion,1x1280x7x7,0.1728
1,0,imagen.jpeg,149,pooling,1x1280x7x7,0.037833
1,0,imagen.jpeg,150,linear,1x1280,1.471
2,0,imagen.jpeg,0,conv2d,1x3x224x224,15.925619
2,0,imagen.jpeg,1,batchnorm,1x32x112x112,0.396416
2,0,imagen.jpeg,2,activacion,1x32x112x112,0.668539
2,0,imagen.jpeg,3,depthwise_conv,1x32x112x112,4.378907
2,0,imagen.jpeg,4,batchnorm,1x32x112x112,2.342158
2,0,imagen.jpeg,5,activacion,1x32x112x112,0.725558
2,0,imagen.jpeg,6,pointwise_conv,1x32x112x112,3.698545
2,0,imagen.jpeg,7,batchnorm,1x16x112x112,0.21486
2,0,imagen.jpeg,8,pointwise_conv,1x16x112x112,11.105881
2,0,imagen.jpeg,9,batchnorm,1x96x112x112,2.324859
2,0,imagen.jpeg,10,activacion,1x96x112x112,3.387942
2,0,imagen.jpeg,11,depthwise_conv,1x96x112x112,3.063538
2,0,imagen.jpeg,12,batchnorm,1x96x56x56,0.26957
2,0,imagen.jpeg,13,activacion,1x96x56x56,1.00483
2,0,imagen.jpeg,14,pointwise_conv,1x96x56x56,3.869774
2,0,imagen.jpeg,15,batchnorm,1x24x56x56,0.062794
2,0,imagen.jpeg,16,pointwise_conv,1x24x56x56,7.028805
2,0,imagen.jpeg,17,batchnorm,1x144x56x56,0.929141
2,0,imagen.jpeg,18,activacion,1x144x56x56,1.293386
2,0,imagen.jpeg,19,depthwise_conv,1x144x56x56,4.838526
2,0,imagen.jpeg,20,batchnorm,1x144x56x56,0.917913
2,0,imagen.jpeg,21,activacion,1x144x56x56,1.641416
2,0,imagen.jpeg,22,pointwise_conv,1x144x56x56,6.242617
2,0,imagen.jpeg,23,batchnorm,1x24x56x56,0.067277
2,0,imagen.jpeg,24,layer_add,1x24x56x56,0.061011
2,0,imagen.jpeg,25,pointwise_conv,1x24x56x56,6.047265
2,0,imagen.jpeg,26,batchnorm,1x144x56x56,0.455695
2,0,imagen.jpeg,27,activacion,1x144x56x56,1.497052
2,0,imagen.jpeg,28,depthwise_conv,1x144x56x56,1.141951
2,0,imagen.jpeg,29,batchnorm,1x144x28x28,0.096319
2,0,imagen.jpeg,30,activacion,1x144x28x28,0.344112
2,0,imagen.jpeg,31,pointwise_conv,1x144x28x28,1.968407
2,0,imagen.jpeg,32,batchnorm,1x32x28x28,0.021187
2,0,imagen.jpeg,33,pointwise_conv,1x32x28x28,2.83366
2,0,imagen.jpeg,34,batchnorm,1x192x28x28,0.139564
2,0,imagen.jpeg,35,activacion,1x192x28x28,0.366625
2,0,imagen.jpeg,36,depthwise_conv,1x192x28x28,1.486411
2,0,imagen.jpeg,37,batchnorm,1x192x28x28,0.142152
2,0,imagen.jpeg,38,activacion,1x192x28x28,0.509192
2,0,imagen.jpeg,39,pointwise_conv,1x192x28x28,2.611545
2,0,imagen.jpeg,40,batchnorm,1x32x28x28,0.021071
2,0,imagen.jpeg,41,layer_add,1x32x28x28,0.012125
2,0,imagen.jpeg,42,pointwise_conv,1x32x28x28,2.614807
2,0,imagen.jpeg,43,batchnorm,1x192x28x28,0.127396
2,0,imagen.jpeg,44,activacion,1x192x28x28,0.415381
2,0,imagen.jpeg,45,depthwise_conv,1x192x28x28,1.521145
2,0,imagen.jpeg,46,batchnorm,1x192x28x28,0.138089
2,0,imagen.jpeg,47,activacion,1x192x28x28,0.517679
2,0,imagen.jpeg,48,pointwise_conv,1x192x28x28,2.577434
2,0,imagen.jpeg,49,batchnorm,1x32x28x28,0.02085
2,0,imagen.jpeg,50,layer_add,1x32x28x28,0.011643
2,0,imagen.jpeg,51,pointwise_conv,1x32x28x28,3.098823
2,0,imagen.jpeg,52,batchnorm,1x192x28x28,0.154706
2,0,imagen.jpeg,53,activacion,1x192x28x28,0.489946
2,0,imagen.jpeg,54,depthwise_conv,1x192x28x28,0.385713
2,0,imagen.jpeg,55,batchnorm,1x192x14x14,0.034586
2,0,imagen.jpeg,56,activacion,1x192x14x14,0.098284
2,0,imagen.jpeg,57,pointwise_conv,1x192x14x14,1.358933
2,0,imagen.jpeg,58,batchnorm,1x64x14x14,0.012096
2,0,imagen.jpeg,59,pointwise_conv,1x64x14x14,2.673201
2,0,imagen.jpeg,60,batchnorm,1x384x14x14,0.065336
2,0,imagen.jpeg,61,activacion,1x384x14x14,0.185168
2,0,imagen.jpeg,62,depthwise_conv,1x384x14x14,0.78357
2,0,imagen.jpeg,63,batchnorm,1x384x14x14,0.065525
2,0,imagen.jpeg,64,activacion,1x384x14x14,0.260048
2,0,imagen.jpeg,65,pointwise_conv,1x384x14x14,3.115484
2,0,imagen.jpeg,66,batchnorm,1x64x14x14,0.011396
2,0,imagen.jpeg,67,layer_add,1x64x14x14,0.006688
2,0,imagen.jpeg,68,pointwise_conv,1x64x14x14,2.815015
2,0,imagen.jpeg,69,batchnorm,1x384x14x14,0.07726
2,0,imagen.jpeg,70,activacion,1x384x14x14,0.235302
2,0,imagen.jpeg,71,depthwise_conv,1x384x14x14,0.811642
2,0,imagen.jpeg,72,batchnorm,1x384x14x14,0.109221
2,0,imagen.jpeg,73,activacion,1x384x14x14,0.246444
2,0,imagen.jpeg,74,pointwise_conv,1x384x14x14,2.865317
2,0,imagen.jpeg,75,batchnorm,1x64x14x14,0.011716
2,0,imagen.jpeg,76,layer_add,1x64x14x14,0.00722
2,0,imagen.jpeg,77,pointwise_conv,1x64x14x14,2.721676
2,0,imagen.jpeg,78,batchnorm,1x384x14x14,0.067033
2,0,imagen.jpeg,79,activacion,1x384x14x14,0.266834
2,0,imagen.jpeg,80,depthwise_conv,1x384x14x14,0.853225
2,0,imagen.jpeg,81,batchnorm,1x384x14x14,0.139365
2,0,imagen.jpeg,82,activacion,1x384x14x14,0.225867
2,0,imagen.jpeg,83,pointwise_conv,1x384x14x14,2.673225
2,0,imagen.jpeg,84,batchnorm,1x64x14x14,0.010977
2,0,imagen.jpeg,85,layer_add,1x64x14x14,0.006555
2,0,imagen.jpeg,86,pointwise_conv,1x64x14x14,2.733047
2,0,imagen.jpeg,87,batchnorm,1x384x14x14,0.064793
2,0,imagen.jpeg,88,activacion,1x384x14x14,0.246804
2,0,imagen.jpeg,89,depthwise_conv,1x384x14x14,0.822054
2,0,imagen.jpeg,90,batchnorm,1x384x14x14,0.065756
2,0,imagen.jpeg,91,activacion,1x384x14x14,0.238681
2,0,imagen.jpeg,92,pointwise_conv,1x384x14x14,4.225519
2,0,imagen.jpeg,93,batchnorm,1x96x14x14,0.018728
2,0,imagen.jpeg,94,pointwise_conv,1x96x14x14,6.000193
2,0,imagen.jpeg,95,batchnorm,1x576x14x14,0.105419
2,0,imagen.jpeg,96,activacion,1x576x14x14,0.365477
2,0,imagen.jpeg,97,depthwise_conv,1x576x14x14,1.15572
2,0,imagen.jpeg,98,batchnorm,1x576x14x14,0.179803
2,0,imagen.jpeg,99,activacion,1x576x14x14,0.3336
2,0,imagen.jpeg,100,pointwise_conv,1x576x14x14,6.088427
2,0,imagen.jpeg,101,batchnorm,1x96x14x14,0.017095
2,0,imagen.jpeg,102,layer_add,1x96x14x14,0.010809
2,0,imagen.jpeg,103,pointwise_conv,1x96x14x14,6.493923
2,0,imagen.jpeg,104,batchnorm,1x576x14x14,0.11469
2,0,imagen.jpeg,105,activacion,1x576x14x14,0.364561
2,0,imagen.jpeg,106,depthwise_conv,1x576x14x14,1.15952
2,0,imagen.jpeg,107,batchnorm,1x576x14x14,0.174159
2,0,imagen.jpeg,108,activacion,1x576x14x14,0.302262
2,0,imagen.jpeg,109,pointwise_conv,1x576x14x14,6.548631
2,0,imagen.jpeg,110,batchnorm,1x96x14x14,0.017994
2,0,imagen.jpeg,111,layer_add,1x96x14x14,0.014103
2,0,imagen.jpeg,112,pointwise_conv,1x96x14x14,6.275448
2,0,imagen.jpeg,113,batchnorm,1x576x14x14,0.11532
2,0,imagen.jpeg,114,activacion,1x576x14x14,0.330756
2,0,imagen.jpeg,115,depthwise_conv,1x576x14x14,0.274629
2,0,imagen.jpeg,116,batchnorm,1x576x7x7,0.031271
2,0,imagen.jpeg,117,activacion,1x576x7x7,0.065874
2,0,imagen.jpeg,118,pointwise_conv,1x576x7x7,2.450071
2,0,imagen.jpeg,119,batchnorm,1x160x7x7,0.008312
2,0,imagen.jpeg,120,pointwise_conv,1x160x7x7,4.096982
2,0,imagen.jpeg,121,batchnorm,1x960x7x7,0.04696
2,0,imagen.jpeg,122,activacion,1x960x7x7,0.152843
2,0,imagen.jpeg,123,depthwise_conv,1x960x7x7,0.437801
2,0,imagen.jpeg,124,batchnorm,1x960x7x7,0.044326
2,0,imagen.jpeg,125,activacion,1x960x7x7,0.141757
2,0,imagen.jpeg,126,pointwise_conv,1x960x7x7,4.262599
2,0,imagen.jpeg,127,batchnorm,1x160x7x7,0.008172
2,0,imagen.jpeg,128,layer_add,1x160x7x7,0.00496
2,0,imagen.jpeg,129,pointwise_conv,1x160x7x7,4.0654
2,0,imagen.jpeg,130,batchnorm,1x960x7x7,0.045805
2,0,imagen.jpeg,131,activacion,1x960x7x7,0.142542
2,0,imagen.jpeg,132,depthwise_conv,1x960x7x7,0.443232
2,0,imagen.jpeg,133,batchnorm,1x960x7x7,0.05559
2,0,imagen.jpeg,134,activacion,1x960x7x7,0.128398
2,0,imagen.jpeg,135,pointwise_conv,1x960x7x7,4.080285
2,0,imagen.jpeg,136,batchnorm,1x160x7x7,0.007715
2,0,imagen.jpeg,137,layer_add,1x160x7x7,0.004799
2,0,imagen.jpeg,138,pointwise_conv,1x160x7x7,4.056997
2,0,imagen.jpeg,139,batchnorm,1x960x7x7,0.044221
2,0,imagen.jpeg,140,activacion,1x960x7x7,0.114439
2,0,imagen.jpeg,141,depthwise_conv,1x960x7x7,0.436298
2,0,imagen.jpeg,142,batchnorm,1x960x7x7,0.048194
2,0,imagen.jpeg,143,activacion,1x960x7x7,0.09296
2,0,imagen.jpeg,144,pointwise_conv,1x960x7x7,8.576939
2,0,imagen.jpeg,145,batchnorm,1x320x7x7,0.017087
2,0,imagen.jpeg,146,pointwise_conv,1x320x7x7,11.572781
2,0,imagen.jpeg,147,batchnorm,1x1280x7x7,0.064353
2,0,imagen.jpeg,148,activacion,1x1280x7x7,0.182315
2,0,imagen.jpeg,149,pooling,1x1280x7x7,0.039632
2,0,imagen.jpeg,150,linear,1x1280,1.421441
3,0,imagen.jpeg,0,conv2d,1x3x224x224,15.681958
3,0,imagen.jpeg,1,batchnorm,1x32x112x112,0.408865
3,0,imagen.jpeg,2,activacion,1x32x112x112,0.657935
3,0,imagen.jpeg,3,depthwise_conv,1x32x112x112,3.949261
3,0,imagen.jpeg,4,batchnorm,1x32x112x112,2.333341
3,0,imagen.jpeg,5,activacion,1x32x112x112,0.816307
3,0,imagen.jpeg,6,pointwise_conv,1x32x112x112,4.446295
3,0,imagen.jpeg,7,batchnorm,1x16x112x112,0.221167
3,0,imagen.jpeg,8,pointwise_conv,1x16x112x112,13.076695
3,0,imagen.jpeg,9,batchnorm,1x96x112x112,2.724558
3,0,imagen.jpeg,10,activacion,1x96x112x112,3.968825
3,0,imagen.jpeg,11,depthwise_conv,1x96x112x112,3.315501
3,0,imagen.jpeg,12,batchnorm,1x96x56x56,0.299063
3,0,imagen.jpeg,13,activacion,1x96x56x56,1.065091
3,0,imagen.jpeg,14,pointwise_conv,1x96x56x56,4.350081
3,0,imagen.jpeg,15,batchnorm,1x24x56x56,0.070401
3,0,imagen.jpeg,16,pointwise_conv,1x24x56x56,6.728895
3,0,imagen.jpeg,17,batchnorm,1x144x56x56,0.934365
3,0,imagen.jpeg,18,activacion,1x144x56x56,1.329005
3,0,imagen.jpeg,19,depthwise_conv,1x144x56x56,4.588251
3,0,imagen.jpeg,20,batchnorm,1x144x56x56,0.942983
3,0,imagen.jpeg,21,activacion,1x144x56x56,1.826763
3,0,imagen.jpeg,22,pointwise_conv,1x144x56x56,6.216786
3,0,imagen.jpeg,23,batchnorm,1x24x56x56,0.07007
3,0,imagen.jpeg,24,layer_add,1x24x56x56,0.044817
3,0,imagen.jpeg,25,pointwise_conv,1x24x56x56,6.68059
3,0,imagen.jpeg,26,batchnorm,1x144x56x56,0.478322
3,0,imagen.jpeg,27,activacion,1x144x56x56,1.651886
3,0,imagen.jpeg,28,depthwise_conv,1x144x56x56,1.191157
3,0,imagen.jpeg,29,batchnorm,1x144x28x28,0.106085
3,0,imagen.jpeg,30,activacion,1x144x28x28,0.357536
3,0,imagen.jpeg,31,pointwise_conv,1x144x28x28,2.018194
3,0,imagen.jpeg,32,batchnorm,1x32x28x28,0.021907
3,0,imagen.jpeg,33,pointwise_conv,1x32x28x28,2.836071
3,0,imagen.jpeg,34,batchnorm,1x192x28x28,0.205112
3,0,imagen.jpeg,35,activacion,1x192x28x28,0.453807
3,0,imagen.jpeg,36,depthwise_conv,1x192x28x28,1.547783
3,0,imagen.jpeg,37,batchnorm,1x192x28x28,0.148874
3,0,imagen.jpeg,38,activacion,1x192x28x28,0.54405
3,0,imagen.jpeg,39,pointwise_conv,1x192x28x28,3.052605
3,0,imagen.jpeg,40,batchnorm,1x32x28x28,0.037471
3,0,imagen.jpeg,41,layer_add,1x32x28x28,0.023065
3,0,imagen.jpeg,42,pointwise_conv,1x32x28x28,3.018175
3,0,imagen.jpeg,43,batchnorm,1x192x28x28,0.159407
3,0,imagen.jpeg,44,activacion,1x192x28x28,0.485002
3,0,imagen.jpeg,45,depthwise_conv,1x192x28x28,1.578867
3,0,imagen.jpeg,46,batchnorm,1x192x28x28,0.155074
3,0,imagen.jpeg,47,activacion,1x192x28x28,0.539722
3,0,imagen.jpeg,48,pointwise_conv,1x192x28x28,2.864891
3,0,imagen.jpeg,49,batchnorm,1x32x28x28,0.025147
3,0,imagen.jpeg,50,layer_add,1x32x28x28,0.015328
3,0,imagen.jpeg,51,pointwise_conv,1x32x28x28,3.537054
3,0,imagen.jpeg,52,batchnorm,1x192x28x28,0.157936
3,0,imagen.jpeg,53,activacion,1x192x28x28,0.52682
3,0,imagen.jpeg,54,depthwise_conv,1x192x28x28,0.42444
3,0,imagen.jpeg,55,batchnorm,1x192x14x14,0.037891
3,0,imagen.jpeg,56,activacion,1x192x14x14,0.104379
3,0,imagen.jpeg,57,pointwise_conv,1x192x14x14,1.438129
3,0,imagen.jpeg,58,batchnorm,1x64x14x14,0.012425
3,0,imagen.jpeg,59,pointwise_conv,1x64x14x14,3.06208
3,0,imagen.jpeg,60,batchnorm,1x384x14x14,0.083841
3,0,imagen.jpeg,61,activacion,1x384x14x14,0.230049
3,0,imagen.jpeg,62,depthwise_conv,1x384x14x14,1.40413
3,0,imagen.jpeg,63,batchnorm,1x384x14x14,0.107493
3,0,imagen.jpeg,64,activacion,1x384x14x14,0.305738
3,0,imagen.jpeg,65,pointwise_conv,1x384x14x14,2.938692
3,0,imagen.jpeg,66,batchnorm,1x64x14x14,0.013019
3,0,imagen.jpeg,67,layer_add,1x64x14x14,0.007898
3,0,imagen.jpeg,68,pointwise_conv,1x64x14x14,2.948689
3,0,imagen.jpeg,69,batchnorm,1x384x14x14,0.075584
3,0,imagen.jpeg,70,activacion,1x384x14x14,0.254084
3,0,imagen.jpeg,71,depthwise_conv,1x384x14x14,0.813281
3,0,imagen.jpeg,72,batchnorm,1x384x14x14,0.110487
3,0,imagen.jpeg,73,activacion,1x384x14x14,0.307359
3,0,imagen.jpeg,74,pointwise_conv,1x384x14x14,3.484835
3,0,imagen.jpeg,75,batchnorm,1x64x14x14,0.016128
3,0,imagen.jpeg,76,layer_add,1x64x14x14,0.00902
3,0,imagen.jpeg,77,pointwise_conv,1x64x14x14,2.895814
3,0,imagen.jpeg,78,batchnorm,1x384x14x14,0.078201
3,0,imagen.jpeg,79,activacion,1x384x14x14,0.274463
3,0,imagen.jpeg,80,depthwise_conv,1x384x14x14,0.814717
3,0,imagen.jpeg,81,batchnorm,1x384x14x14,0.154512
3,0,imagen.jpeg,82,activacion,1x384x14x14,0.248143
3,0,imagen.jpeg,83,pointwise_conv,1x384x14x14,2.868999
3,0,imagen.jpeg,84,batchnorm,1x64x14x14,0.012798
3,0,imagen.jpeg,85,layer_add,1x64x14x14,0.007166
3,0,imagen.jpeg,86,pointwise_conv,1x64x14x14,3.020014
3,0,imagen.jpeg,87,batchnorm,1x384x14x14,0.108719
3,0,imagen.jpeg,88,activacion,1x384x14x14,0.324903
3,0,imagen.jpeg,89,depthwise_conv,1x384x14x14,1.108645
3,0,imagen.jpeg,90,batchnorm,1x384x14x14,0.096181
3,0,imagen.jpeg,91,activacion,1x384x14x14,0.316264
3,0,imagen.jpeg,92,pointwise_conv,1x384x14x14,4.618705
3,0,imagen.jpeg,93,batchnorm,1x96x14x14,0.02017
3,0,imagen.jpeg,94,pointwise_conv,1x96x14x14,7.238094
3,0,imagen.jpeg,95,batchnorm,1x576x14x14,0.121946
3,0,imagen.jpeg,96,activacion,1x576x14x14,0.40945
3,0,imagen.jpeg,97,depthwise_conv,1x576x14x14,1.263251
3,0,imagen.jpeg,98,batchnorm,1x576x14x14,0.192519
3,0,imagen.jpeg,99,activacion,1x576x14x14,0.366087
3,0,imagen.jpeg,100,pointwise_conv,1x576x14x14,6.627099
3,0,imagen.jpeg,101,batchnorm,1x96x14x14,0.018606
3,0,imagen.jpeg,102,layer_add,1x96x14x14,0.011119
3,0,imagen.jpeg,103,pointwise_conv,1x96x14x14,6.877011
3,0,imagen.jpeg,104,batchnorm,1x576x14x14,0.118672
3,0,imagen.jpeg,105,activacion,1x576x14x14,0.405882
3,0,imagen.jpeg,106,depthwise_conv,1x576x14x14,1.217215
3,0,imagen.jpeg,107,batchnorm,1x576x14x14,0.18532
3,0,imagen.jpeg,108,activacion,1x576x14x14,0.328397
3,0,imagen.jpeg,109,pointwise_conv,1x576x14x14,7.078766
3,0,imagen.jpeg,110,batchnorm,1x96x14x14,0.018638
3,0,imagen.jpeg,111,layer_add,1x96x14x14,0.013041
3,0,imagen.jpeg,112,pointwise_conv,1x96x14x14,6.934988
3,0,imagen.jpeg,113,batchnorm,1x576x14x14,0.116669
3,0,imagen.jpeg,114,activacion,1x576x14x14,0.331824
3,0,imagen.jpeg,115,depthwise_conv,1x576x14x14,0.301823
3,0,imagen.jpeg,116,batchnorm,1x576x7x7,0.032497
3,0,imagen.jpeg,117,activacion,1x576x7x7,0.069841
3,0,imagen.jpeg,118,pointwise_conv,1x576x7x7,3.014403
3,0,imagen.jpeg,119,batchnorm,1x160x7x7,0.015368
3,0,imagen.jpeg,120,pointwise_conv,1x160x7x7,4.3709
3,0,imagen.jpeg,121,batchnorm,1x960x7x7,0.049916
3,0,imagen.jpeg,122,activacion,1x960x7x7,0.161943
3,0,imagen.jpeg,123,depthwise_conv,1x960x7x7,0.464216
3,0,imagen.jpeg,124,batchnorm,1x960x7x7,0.046505
3,0,imagen.jpeg,125,activacion,1x960x7x7,0.150325
3,0,imagen.jpeg,126,pointwise_conv,1x960x7x7,4.764191
3,0,imagen.jpeg,127,batchnorm,1x160x7x7,0.008316
3,0,imagen.jpeg,128,layer_add,1x160x7x7,0.004539
3,0,imagen.jpeg,129,pointwise_conv,1x160x7x7,4.30859
3,0,imagen.jpeg,130,batchnorm,1x960x7x7,0.046465
3,0,imagen.jpeg,131,activacion,1x960x7x7,0.14496
3,0,imagen.jpeg,132,depthwise_conv,1x960x7x7,0.486836
3,0,imagen.jpeg,133,batchnorm,1x960x7x7,0.078647
3,0,imagen.jpeg,134,activacion,1x960x7x7,0.154002
3,0,imagen.jpeg,135,pointwise_conv,1x960x7x7,4.480687
3,0,imagen.jpeg,136,batchnorm,1x160x7x7,0.00829
3,0,imagen.jpeg,137,layer_add,1x160x7x7,0.004564
3,0,imagen.jpeg,138,pointwise_conv,1x160x7x7,4.278162
3,0,imagen.jpeg,139,batchnorm,1x960x7x7,0.066944
3,0,imagen.jpeg,140,activacion,1x960x7x7,0.128673
3,0,imagen.jpeg,141,depthwise_conv,1x960x7x7,0.465824
3,0,imagen.jpeg,142,batchnorm,1x960x7x7,0.051222
3,0,imagen.jpeg,143,activacion,1x960x7x7,0.095038
3,0,imagen.jpeg,144,pointwise_conv,1x960x7x7,9.882654
3,0,imagen.jpeg,145,batchnorm,1x320x7x7,0.01888
3,0,imagen.jpeg,146,pointwise_conv,1x320x7x7,14.634633
3,0,imagen.jpeg,147,batchnorm,1x1280x7x7,0.078898
3,0,imagen.jpeg,148,activacion,1x1280x7x7,0.209823
3,0,imagen.jpeg,149,pooling,1x1280x7x7,0.048881
3,0,imagen.jpeg,150,linear,1x1280,1.592293
4,0,imagen.jpeg,0,conv2d,1x3x224x224,18.086425
4,0,imagen.jpeg,1,batchnorm,1x32x112x112,0.473944
4,0,imagen.jpeg,2,activacion,1x32x112x112,0.7361
4,0,imagen.jpeg,3,depthwise_conv,1x32x112x112,5.087458
4,0,imagen.jpeg,4,batchnorm,1x32x112x112,2.632896
4,0,imagen.jpeg,5,activacion,1x32x112x112,0.835944
4,0,imagen.jpeg,6,pointwise_conv,1x32x112x112,4.228931
4,0,imagen.jpeg,7,batchnorm,1x16x112x112,0.222967
4,0,imagen.jpeg,8,pointwise_conv,1x16x112x112,13.463064
4,0,imagen.jpeg,9,batchnorm,1x96x112x112,2.752163
4,0,imagen.jpeg,10,activacion,1x96x112x112,3.78174
4,0,imagen.jpeg,11,depthwise_conv,1x96x112x112,3.454589
4,0,imagen.jpeg,12,batchnorm,1x96x56x56,0.421891
4,0,imagen.jpeg,13,activacion,1x96x56x56,1.205196
4,0,imagen.jpeg,14,pointwise_conv,1x96x56x56,4.548535
4,0,imagen.jpeg,15,batchnorm,1x24x56x56,0.075511
4,0,imagen.jpeg,16,pointwise_conv,1x24x56x56,7.788696
4,0,imagen.jpeg,17,batchnorm,1x144x56x56,1.022309
4,0,imagen.jpeg,18,activacion,1x144x56x56,1.483319
4,0,imagen.jpeg,19,depthwise_conv,1x144x56x56,5.239103
4,0,imagen.jpeg,20,batchnorm,1x144x56x56,1.167933
4,0,imagen.jpeg,21,activacion,1x144x56x56,1.80142
4,0,imagen.jpeg,22,pointwise_conv,1x144x56x56,6.523986
4,0,imagen.jpeg,23,batchnorm,1x24x56x56,0.070221
4,0,imagen.jpeg,24,layer_add,1x24x56x56,0.046725
4,0,imagen.jpeg,25,pointwise_conv,1x24x56x56,6.465539
4,0,imagen.jpeg,26,batchnorm,1x144x56x56,0.480682
4,0,imagen.jpeg,27,activacion,1x144x56x56,1.60492
4,0,imagen.jpeg,28,depthwise_conv,1x144x56x56,1.217732
4,0,imagen.jpeg,29,batchnorm,1x144x28x28,0.1071
4,0,imagen.jpeg,30,activacion,1x144x28x28,0.359321
4,0,imagen.jpeg,31,pointwise_conv,1x144x28x28,2.026561
4,0,imagen.jpeg,32,batchnorm,1x32x28x28,0.022337
4,0,imagen.jpeg,33,pointwise_conv,1x32x28x28,2.770987
4,0,imagen.jpeg,34,batchnorm,1x192x28x28,0.140425
4,0,imagen.jpeg,35,activacion,1x192x28x28,0.388959
4,0,imagen.jpeg,36,depthwise_conv,1x192x28x28,1.531095
4,0,imagen.jpeg,37,batchnorm,1x192x28x28,0.143005
4,0,imagen.jpeg,38,activacion,1x192x28x28,0.550331
4,0,imagen.jpeg,39,pointwise_conv,1x192x28x28,2.666418
4,0,imagen.jpeg,40,batchnorm,1x32x28x28,0.022881
4,0,imagen.jpeg,41,layer_add,1x32x28x28,0.014673
4,0,imagen.jpeg,42,pointwise_conv,1x32x28x28,2.689612
4,0,imagen.jpeg,43,batchnorm,1x192x28x28,0.201269
4,0,imagen.jpeg,44,activacion,1x192x28x28,0.471464
4,0,imagen.jpeg,45,depthwise_conv,1x192x28x28,1.964183
4,0,imagen.jpeg,46,batchnorm,1x192x28x28,0.149827
4,0,imagen.jpeg,47,activacion,1x192x28x28,0.539395
4,0,imagen.jpeg,48,pointwise_conv,1x192x28x28,2.834273
4,0,imagen.jpeg,49,batchnorm,1x32x28x28,0.024191
4,0,imagen.jpeg,50,layer_add,1x32x28x28,0.01443
4,0,imagen.jpeg,51,pointwise_conv,1x32x28x28,2.980214
4,0,imagen.jpeg,52,batchnorm,1x192x28x28,0.161833
4,0,imagen.jpeg,53,activacion,1x192x28x28,0.572043
4,0,imagen.jpeg,54,depthwise_conv,1x192x28x28,0.788542
4,0,imagen.jpeg,55,batchnorm,1x192x14x14,0.058427
4,0,imagen.jpeg,56,activacion,1x192x14x14,0.107999
4,0,imagen.jpeg,57,pointwise_conv,1x192x14x14,1.483806
4,0,imagen.jpeg,58,batchnorm,1x64x14x14,0.011947
4,0,imagen.jpeg,59,pointwise_conv,1x64x14x14,2.923906
4,0,imagen.jpeg,60,batchnorm,1x384x14x14,0.072309
4,0,imagen.jpeg,61,activacion,1x384x14x14,0.201442
4,0,imagen.jpeg,62,depthwise_conv,1x384x14x14,0.78981
4,0,imagen.jpeg,63,batchnorm,1x384x14x14,0.072733
4,0,imagen.jpeg,64,activacion,1x384x14x14,0.273363
4,0,imagen.jpeg,65,pointwise_conv,1x384x14x14,2.827033
4,0,imagen.jpeg,66,batchnorm,1x64x14x14,0.012862
4,0,imagen.jpeg,67,layer_add,1x64x14x14,0.007443
4,0,imagen.jpeg,68,pointwise_conv,1x64x14x14,2.850508
4,0,imagen.jpeg,69,batchnorm,1x384x14x14,0.072862
4,0,imagen.jpeg,70,activacion,1x384x14x14,0.247833
4,0,imagen.jpeg,71,depthwise_conv,1x384x14x14,0.793898
4,0,imagen.jpeg,72,batchnorm,1x384x14x14,0.100222
4,0,imagen.jpeg,73,activacion,1x384x14x14,0.259236
4,0,imagen.jpeg,74,pointwise_conv,1x384x14x14,2.819464
4,0,imagen.jpeg,75,batchnorm,1x64x14x14,0.01492
4,0,imagen.jpeg,76,layer_add,1x64x14x14,0.007289
4,0,imagen.jpeg,77,pointwise_conv,1x64x14x14,2.821765
4,0,imagen.jpeg,78,batchnorm,1x384x14x14,0.067936
4,0,imagen.jpeg,79,activacion,1x384x14x14,0.258686
4,0,imagen.jpeg,80,depthwise_conv,1x384x14x14,0.797517
4,0,imagen.jpeg,81,batchnorm,1x384x14x14,0.146636
4,0,imagen.jpeg,82,activacion,1x384x14x14,0.234563
4,0,imagen.jpeg,83,pointwise_conv,1x384x14x14,2.781158
4,0,imagen.jpeg,84,batchnorm,1x64x14x14,0.012019
4,0,imagen.jpeg,85,layer_add,1x64x14x14,0.007024
4,0,imagen.jpeg,86,pointwise_conv,1x64x14x14,2.806946
4,0,imagen.jpeg,87,batchnorm,1x384x14x14,0.074324
4,0,imagen.jpeg,88,activacion,1x384x14x14,0.273934
4,0,imagen.jpeg,89,depthwise_conv,1x384x14x14,0.821065
4,0,imagen.jpeg,90,batchnorm,1x384x14x14,0.069165
4,0,imagen.jpeg,91,activacion,1x384x14x14,0.25042
4,0,imagen.jpeg,92,pointwise_conv,1x384x14x14,4.126924
4,0,imagen.jpeg,93,batchnorm,1x96x14x14,0.018483
4,0,imagen.jpeg,94,pointwise_conv,1x96x14x14,6.127462
4,0,imagen.jpeg,95,batchnorm,1x576x14x14,0.111867
4,0,imagen.jpeg,96,activacion,1x576x14x14,0.37313
4,0,imagen.jpeg,97,depthwise_conv,1x576x14x14,1.271461
4,0,imagen.jpeg,98,batchnorm,1x576x14x14,0.195505
4,0,imagen.jpeg,99,activacion,1x576x14x14,0.342112
4,0,imagen.jpeg,100,pointwise_conv,1x576x14x14,6.286389
4,0,imagen.jpeg,101,batchnorm,1x96x14x14,0.01863
4,0,imagen.jpeg,102,layer_add,1x96x14x14,0.0108
4,0,imagen.jpeg,103,pointwise_conv,1x96x14x14,6.68964
4,0,imagen.jpeg,104,batchnorm,1x576x14x14,0.118394
4,0,imagen.jpeg,105,activacion,1x576x14x14,0.385326
4,0,imagen.jpeg,106,depthwise_conv,1x576x14x14,1.150178
4,0,imagen.jpeg,107,batchnorm,1x576x14x14,0.164296
4,0,imagen.jpeg,108,activacion,1x576x14x14,0.32576
4,0,imagen.jpeg,109,pointwise_conv,1x576x14x14,6.201337
4,0,imagen.jpeg,110,batchnorm,1x96x14x14,0.017676
4,0,imagen.jpeg,111,layer_add,1x96x14x14,0.013114
4,0,imagen.jpeg,112,pointwise_conv,1x96x14x14,6.131136
4,0,imagen.jpeg,113,batchnorm,1x576x14x14,0.112597
4,0,imagen.jpeg,114,activacion,1x576x14x14,0.347145
4,0,imagen.jpeg,115,depthwise_conv,1x576x14x14,0.275304
4,0,imagen.jpeg,116,batchnorm,1x576x7x7,0.032059
4,0,imagen.jpeg,117,activacion,1x576x7x7,0.064922
4,0,imagen.jpeg,118,pointwise_conv,1x576x7x7,2.469208
4,0,imagen.jpeg,119,batchnorm,1x160x7x7,0.008264
4,0,imagen.jpeg,120,pointwise_conv,1x160x7x7,4.203539
4,0,imagen.jpeg,121,batchnorm,1x960x7x7,0.047412
4,0,imagen.jpeg,122,activacion,1x960x7x7,0.149022
4,0,imagen.jpeg,123,depthwise_conv,1x960x7x7,0.430091
4,0,imagen.jpeg,124,batchnorm,1x960x7x7,0.043368
4,0,imagen.jpeg,125,activacion,1x960x7x7,0.139585
4,0,imagen.jpeg,126,pointwise_conv,1x960x7x7,4.190142
4,0,imagen.jpeg,127,batchnorm,1x160x7x7,0.007782
4,0,imagen.jpeg,128,layer_add,1x160x7x7,0.004475
4,0,imagen.jpeg,129,pointwise_conv,1x160x7x7,4.216143
4,0,imagen.jpeg,130,batchnorm,1x960x7x7,0.046471
4,0,imagen.jpeg,131,activacion,1x960x7x7,0.145307
4,0,imagen.jpeg,132,depthwise_conv,1x960x7x7,0.435521
4,0,imagen.jpeg,133,batchnorm,1x960x7x7,0.055266
4,0,imagen.jpeg,134,activacion,1x960x7x7,0.128731
4,0,imagen.jpeg,135,pointwise_conv,1x960x7x7,4.413198
4,0,imagen.jpeg,136,batchnorm,1x160x7x7,0.008312
4,0,imagen.jpeg,137,layer_add,1x160x7x7,0.00544
4,0,imagen.jpeg,138,pointwise_conv,1x160x7x7,4.306291
4,0,imagen.jpeg,139,batchnorm,1x960x7x7,0.048304
4,0,imagen.jpeg,140,activacion,1x960x7x7,0.117439
4,0,imagen.jpeg,141,depthwise_conv,1x960x7x7,0.450686
4,0,imagen.jpeg,142,batchnorm,1x960x7x7,0.049394
4,0,imagen.jpeg,143,activacion,1x960x7x7,0.092705
4,0,imagen.jpeg,144,pointwise_conv,1x960x7x7,9.714474
4,0,imagen.jpeg,145,batchnorm,1x320x7x7,0.017491
4,0,imagen.jpeg,146,pointwise_conv,1x320x7x7,11.245557
4,0,imagen.jpeg,147,batchnorm,1x1280x7x7,0.066525
4,0,imagen.jpeg,148,activacion,1x1280x7x7,0.19416
4,0,imagen.jpeg,149,pooling,1x1280x7x7,0.041834
4,0,imagen.jpeg,150,linear,1x1280,1.45956
5,0,imagen.jpeg,0,conv2d,1x3x224x224,16.431159
5,0,imagen.jpeg,1,batchnorm,1x32x112x112,0.442756
5,0,imagen.jpeg,2,activacion,1x32x112x112,0.706376
5,0,imagen.jpeg,3,depthwise_conv,1x32x112x112,4.181216
5,0,imagen.jpeg,4,batchnorm,1x32x112x112,2.45873
5,0,imagen.jpeg,5,activacion,1x32x112x112,0.751074
5,0,imagen.jpeg,6,pointwise_conv,1x32x112x112,3.966197
5,0,imagen.jpeg,7,batchnorm,1x16x112x112,0.233425
5,0,imagen.jpeg,8,pointwise_conv,1x16x112x112,17.429959
5,0,imagen.jpeg,9,batchnorm,1x96x112x112,3.662932
5,0,imagen.jpeg,10,activacion,1x96x112x112,4.085717
5,0,imagen.jpeg,11,depthwise_conv,1x96x112x112,3.581588
5,0,imagen.jpeg,12,batchnorm,1x96x56x56,0.318422
5,0,imagen.jpeg,13,activacion,1x96x56x56,1.136049
5,0,imagen.jpeg,14,pointwise_conv,1x96x56x56,4.780203
5,0,imagen.jpeg,15,batchnorm,1x24x56x56,0.077502
5,0,imagen.jpeg,16,pointwise_conv,1x24x56x56,7.422081
5,0,imagen.jpeg,17,batchnorm,1x144x56x56,1.063109
5,0,imagen.jpeg,18,activacion,1x144x56x56,1.436769
5,0,imagen.jpeg,19,depthwise_conv,1x144x56x56,5.085859
5,0,imagen.jpeg,20,batchnorm,1x144x56x56,1.038776
5,0,imagen.jpeg,21,activacion,1x144x56x56,1.8229
5,0,imagen.jpeg,22,pointwise_conv,1x144x56x56,7.441559
5,0,imagen.jpeg,23,batchnorm,1x24x56x56,0.077079
5,0,imagen.jpeg,24,layer_add,1x24x56x56,0.048472
5,0,imagen.jpeg,25,pointwise_conv,1x24x56x56,6.831207
5,0,imagen.jpeg,26,batchnorm,1x144x56x56,0.492198
5,0,imagen.jpeg,27,activacion,1x144x56x56,1.70276
5,0,imagen.jpeg,28,depthwise_conv,1x144x56x56,1.296232
5,0,imagen.jpeg,29,batchnorm,1x144x28x28,0.119187
5,0,imagen.jpeg,30,activacion,1x144x28x28,0.391681
5,0,imagen.jpeg,31,pointwise_conv,1x144x28x28,2.20093
5,0,imagen.jpeg,32,batchnorm,1x32x28x28,0.024711
5,0,imagen.jpeg,33,pointwise_conv,1x32x28x28,2.989762
5,0,imagen.jpeg,34,batchnorm,1x192x28x28,0.150985
5,0,imagen.jpeg,35,activacion,1x192x28x28,0.410454
5,0,imagen.jpeg,36,depthwise_conv,1x192x28x28,1.615246
5,0,imagen.jpeg,37,batchnorm,1x192x28x28,0.143894
5,0,imagen.jpeg,38,activacion,1x192x28x28,0.568355
5,0,imagen.jpeg,39,pointwise_conv,1x192x28x28,2.949342
5,0,imagen.jpeg,40,batchnorm,1x32x28x28,0.028863
5,0,imagen.jpeg,41,layer_add,1x32x28x28,0.018455
5,0,imagen.jpeg,42,pointwise_conv,1x32x28x28,3.171266
5,0,imagen.jpeg,43,batchnorm,1x192x28x28,0.163127
5,0,imagen.jpeg,44,activacion,1x192x28x28,0.492173
5,0,imagen.jpeg,45,depthwise_conv,1x192x28x28,1.679988
5,0,imagen.jpeg,46,batchnorm,1x192x28x28,0.159852
5,0,imagen.jpeg,47,activacion,1x192x28x28,0.583933
5,0,imagen.jpeg,48,pointwise_conv,1x192x28x28,3.103112
5,0,imagen.jpeg,49,batchnorm,1x32x28x28,0.025256
5,0,imagen.jpeg,50,layer_add,1x32x28x28,0.01529
5,0,imagen.jpeg,51,pointwise_conv,1x32x28x28,3.005162
5,0,imagen.jpeg,52,batchnorm,1x192x28x28,0.150697
5,0,imagen.jpeg,53,activacion,1x192x28x28,0.556402
5,0,imagen.jpeg,54,depthwise_conv,1x192x28x28,0.436398
5,0,imagen.jpeg,55,batchnorm,1x192x14x14,0.038549
5,0,imagen.jpeg,56,activacion,1x192x14x14,0.111019
5,0,imagen.jpeg,57,pointwise_conv,1x192x14x14,1.543574
5,0,imagen.jpeg,58,batchnorm,1x64x14x14,0.013443
5,0,imagen.jpeg,59,pointwise_conv,1x64x14x14,3.026055
5,0,imagen.jpeg,60,batchnorm,1x384x14x14,0.08555
5,0,imagen.jpeg,61,activacion,1x384x14x14,0.212057
5,0,imagen.jpeg,62,depthwise_conv,1x384x14x14,0.879836
5,0,imagen.jpeg,63,batchnorm,1x384x14x14,0.073077
5,0,imagen.jpeg,64,activacion,1x384x14x14,0.289928
5,0,imagen.jpeg,65,pointwise_conv,1x384x14x14,2.885219
5,0,imagen.jpeg,66,batchnorm,1x64x14x14,0.0123
5,0,imagen.jpeg,67,layer_add,1x64x14x14,0.007234
5,0,imagen.jpeg,68,pointwise_conv,1x64x14x14,2.897179
5,0,imagen.jpeg,69,batchnorm,1x384x14x14,0.07605
5,0,imagen.jpeg,70,activacion,1x384x14x14,0.254261
5,0,imagen.jpeg,71,depthwise_conv,1x384x14x14,0.819986
5,0,imagen.jpeg,72,batchnorm,1x384x14x14,0.104339
5,0,imagen.jpeg,73,activacion,1x384x14x14,0.269906
5,0,imagen.jpeg,74,pointwise_conv,1x384x14x14,2.902833
5,0,imagen.jpeg,75,batchnorm,1x64x14x14,0.014603
5,0,imagen.jpeg,76,layer_add,1x64x14x14,0.008274
5,0,imagen.jpeg,77,pointwise_conv,1x64x14x14,2.90211
5,0,imagen.jpeg,78,batchnorm,1x384x14x14,0.074334
5,0,imagen.jpeg,79,activacion,1x384x14x14,0.273017
5,0,imagen.jpeg,80,depthwise_conv,1x384x14x14,0.835581
5,0,imagen.jpeg,81,batchnorm,1x384x14x14,0.156662
5,0,imagen.jpeg,82,activacion,1x384x14x14,0.250666
5,0,imagen.jpeg,83,pointwise_conv,1x384x14x14,2.849321
5,0,imagen.jpeg,84,batchnorm,1x64x14x14,0.012414
5,0,imagen.jpeg,85,layer_add,1x64x14x14,0.006978
5,0,imagen.jpeg,86,pointwise_conv,1x64x14x14,2.832435
5,0,imagen.jpeg,87,batchnorm,1x384x14x14,0.069871
5,0,imagen.jpeg,88,activacion,1x384x14x14,0.270534
5,0,imagen.jpeg,89,depthwise_conv,1x384x14x14,0.789877
5,0,imagen.jpeg,90,batchnorm,1x384x14x14,0.072269
5,0,imagen.jpeg,91,activacion,1x384x14x14,0.250042
5,0,imagen.jpeg,92,pointwise_conv,1x384x14x14,4.156189
5,0,imagen.jpeg,93,batchnorm,1x96x14x14,0.018446
5,0,imagen.jpeg,94,pointwise_conv,1x96x14x14,6.394788
5,0,imagen.jpeg,95,batchnorm,1x576x14x14,0.119563
5,0,imagen.jpeg,96,activacion,1x576x14x14,0.372446
5,0,imagen.jpeg,97,depthwise_conv,1x576x14x14,1.142431
5,0,imagen.jpeg,98,batchnorm,1x576x14x14,0.17396
5,0,imagen.jpeg,99,activacion,1x576x14x14,0.327717
5,0,imagen.jpeg,100,pointwise_conv,1x576x14x14,6.748991
5,0,imagen.jpeg,101,batchnorm,1x96x14x14,0.017936
5,0,imagen.jpeg,102,layer_add,1x96x14x14,0.01107
5,0,imagen.jpeg,103,pointwise_conv,1x96x14x14,6.14818
5,0,imagen.jpeg,104,batchnorm,1x576x14x14,0.113965
5,0,imagen.jpeg,105,activacion,1x576x14x14,0.375796
5,0,imagen.jpeg,106,depthwise_conv,1x576x14x14,1.156488
5,0,imagen.jpeg,107,batchnorm,1x576x14x14,0.164521
5,0,imagen.jpeg,108,activacion,1x576x14x14,0.310468
5,0,imagen.jpeg,109,pointwise_conv,1x576x14x14,6.122731
5,0,imagen.jpeg,110,batchnorm,1x96x14x14,0.0182
5,0,imagen.jpeg,111,layer_add,1x96x14x14,0.014047
5,0,imagen.jpeg,112,pointwise_conv,1x96x14x14,6.200285
5,0,imagen.jpeg,113,batchnorm,1x576x14x14,0.120753
5,0,imagen.jpeg,114,activacion,1x576x14x14,0.332367
5,0,imagen.jpeg,115,depthwise_conv,1x576x14x14,0.284881
5,0,imagen.jpeg,116,batchnorm,1x576x7x7,0.044735
5,0,imagen.jpeg,117,activacion,1x576x7x7,0.067983
5,0,imagen.jpeg,118,pointwise_conv,1x576x7x7,2.543599
5,0,imagen.jpeg,119,batchnorm,1x160x7x7,0.007903
5,0,imagen.jpeg,120,pointwise_conv,1x160x7x7,4.232254
5,0,imagen.jpeg,121,batchnorm,1x960x7x7,0.048391
5,0,imagen.jpeg,122,activacion,1x960x7x7,0.156558
5,0,imagen.jpeg,123,depthwise_conv,1x960x7x7,0.447966
5,0,imagen.jpeg,124,batchnorm,1x960x7x7,0.045192
5,0,imagen.jpeg,125,activacion,1x960x7x7,0.149414
5,0,imagen.jpeg,126,pointwise_conv,1x960x7x7,4.441513
5,0,imagen.jpeg,127,batchnorm,1x160x7x7,0.010857
5,0,imagen.jpeg,128,layer_add,1x160x7x7,0.008078
5,0,imagen.jpeg,129,pointwise_conv,1x160x7x7,4.453671
5,0,imagen.jpeg,130,batchnorm,1x960x7x7,0.051281
5,0,imagen.jpeg,131,activacion,1x960x7x7,0.149333
5,0,imagen.jpeg,132,depthwise_conv,1x960x7x7,0.45015
5,0,imagen.jpeg,133,batchnorm,1x960x7x7,0.057645
5,0,imagen.jpeg,134,activacion,1x960x7x7,0.130793
5,0,imagen.jpeg,135,pointwise_conv,1x960x7x7,4.721691
5,0,imagen.jpeg,136,batchnorm,1x160x7x7,0.008974
5,0,imagen.jpeg,137,layer_add,1x160x7x7,0.005195
5,0,imagen.jpeg,138,pointwise_conv,1x160x7x7,4.341627
5,0,imagen.jpeg,139,batchnorm,1x960x7x7,0.050316
5,0,imagen.jpeg,140,activacion,1x960x7x7,0.120182
5,0,imagen.jpeg,141,depthwise_conv,1x960x7x7,0.449491
5,0,imagen.jpeg,142,batchnorm,1x960x7x7,0.049394
5,0,imagen.jpeg,143,activacion,1x960x7x7,0.093205
5,0,imagen.jpeg,144,pointwise_conv,1x960x7x7,9.008818
5,0,imagen.jpeg,145,batchnorm,1x320x7x7,0.017442
5,0,imagen.jpeg,146,pointwise_conv,1x320x7x7,11.911929
5,0,imagen.jpeg,147,batchnorm,1x1280x7x7,0.067566
5,0,imagen.jpeg,148,activacion,1x1280x7x7,0.190758
5,0,imagen.jpeg,149,pooling,1x1280x7x7,0.041834
5,0,imagen.jpeg,150,linear,1x1280,1.491028
6,0,imagen.jpeg,0,conv2d,1x3x224x224,16.70507
6,0,imagen.jpeg,1,batchnorm,1x32x112x112,0.455754
6,0,imagen.jpeg,2,activacion,1x32x112x112,0.698405
6,0,imagen.jpeg,3,depthwise_conv,1x32x112x112,4.18234
6,0,imagen.jpeg,4,batchnorm,1x32x112x112,2.415157
6,0,imagen.jpeg,5,activacion,1x32x112x112,0.770762
6,0,imagen.jpeg,6,pointwise_conv,1x32x112x112,3.714992
6,0,imagen.jpeg,7,batchnorm,1x16x112x112,0.197753
6,0,imagen.jpeg,8,pointwise_conv,1x16x112x112,11.531267
6,0,imagen.jpeg,9,batchnorm,1x96x112x112,2.218374
6,0,imagen.jpeg,10,activacion,1x96x112x112,3.514693
6,0,imagen.jpeg,11,depthwise_conv,1x96x112x112,3.169184
6,0,imagen.jpeg,12,batchnorm,1x96x56x56,0.293616
6,0,imagen.jpeg,13,activacion,1x96x56x56,1.045341
6,0,imagen.jpeg,14,pointwise_conv,1x96x56x56,4.023164
6,0,imagen.jpeg,15,batchnorm,1x24x56x56,0.071404
6,0,imagen.jpeg,16,pointwise_conv,1x24x56x56,6.845661
6,0,imagen.jpeg,17,batchnorm,1x144x56x56,1.195022
6,0,imagen.jpeg,18,activacion,1x144x56x56,1.321179
6,0,imagen.jpeg,19,depthwise_conv,1x144x56x56,4.67259
6,0,imagen.jpeg,20,batchnorm,1x144x56x56,0.97019
6,0,imagen.jpeg,21,activacion,1x144x56x56,1.652344
6,0,imagen.jpeg,22,pointwise_conv,1x144x56x56,6.960597
6,0,imagen.jpeg,23,batchnorm,1x24x56x56,0.078919
6,0,imagen.jpeg,24,layer_add,1x24x56x56,0.054346
6,0,imagen.jpeg,25,pointwise_conv,1x24x56x56,6.484593
6,0,imagen.jpeg,26,batchnorm,1x144x56x56,0.558932
6,0,imagen.jpeg,27,activacion,1x144x56x56,1.713227
6,0,imagen.jpeg,28,depthwise_conv,1x144x56x56,1.335687
6,0,imagen.jpeg,29,batchnorm,1x144x28x28,0.123261
6,0,imagen.jpeg,30,activacion,1x144x28x28,0.401864
6,0,imagen.jpeg,31,pointwise_conv,1x144x28x28,2.205909
6,0,imagen.jpeg,32,batchnorm,1x32x28x28,0.025077
6,0,imagen.jpeg,33,pointwise_conv,1x32x28x28,3.078747
6,0,imagen.jpeg,34,batchnorm,1x192x28x28,0.226514
6,0,imagen.jpeg,35,activacion,1x192x28x28,0.486572
6,0,imagen.jpeg,36,depthwise_conv,1x192x28x28,1.678136
6,0,imagen.jpeg,37,batchnorm,1x192x28x28,0.157216
6,0,imagen.jpeg,38,activacion,1x192x28x28,0.584603
6,0,imagen.jpeg,39,pointwise_conv,1x192x28x28,3.109651
6,0,imagen.jpeg,40,batchnorm,1x32x28x28,0.024922
6,0,imagen.jpeg,41,layer_add,1x32x28x28,0.01549
6,0,imagen.jpeg,42,pointwise_conv,1x32x28x28,3.141234
6,0,imagen.jpeg,43,batchnorm,1x192x28x28,0.167569
6,0,imagen.jpeg,44,activacion,1x192x28x28,0.495454
6,0,imagen.jpeg,45,depthwise_conv,1x192x28x28,1.665951
6,0,imagen.jpeg,46,batchnorm,1x192x28x28,0.149541
6,0,imagen.jpeg,47,activacion,1x192x28x28,0.572319
6,0,imagen.jpeg,48,pointwise_conv,1x192x28x28,2.89088
6,0,imagen.jpeg,49,batchnorm,1x32x28x28,0.023762
6,0,imagen.jpeg,50,layer_add,1x32x28x28,0.014627
6,0,imagen.jpeg,51,pointwise_conv,1x32x28x28,3.487059
6,0,imagen.jpeg,52,batchnorm,1x192x28x28,0.160855
6,0,imagen.jpeg,53,activacion,1x192x28x28,0.541274
6,0,imagen.jpeg,54,depthwise_conv,1x192x28x28,0.459155
6,0,imagen.jpeg,55,batchnorm,1x192x14x14,0.049718
6,0,imagen.jpeg,56,activacion,1x192x14x14,0.107402
6,0,imagen.jpeg,57,pointwise_conv,1x192x14x14,1.644168
6,0,imagen.jpeg,58,batchnorm,1x64x14x14,0.02191
6,0,imagen.jpeg,59,pointwise_conv,1x64x14x14,3.299738
6,0,imagen.jpeg,60,batchnorm,1x384x14x14,0.079203
6,0,imagen.jpeg,61,activacion,1x384x14x14,0.215045
6,0,imagen.jpeg,62,depthwise_conv,1x384x14x14,0.869063
6,0,imagen.jpeg,63,batchnorm,1x384x14x14,0.076085
6,0,imagen.jpeg,64,activacion,1x384x14x14,0.301335
6,0,imagen.jpeg,65,pointwise_conv,1x384x14x14,2.987541
6,0,imagen.jpeg,66,batchnorm,1x64x14x14,0.012754
6,0,imagen.jpeg,67,layer_add,1x64x14x14,0.007126
6,0,imagen.jpeg,68,pointwise_conv,1x64x14x14,2.964605
6,0,imagen.jpeg,69,batchnorm,1x384x14x14,0.076718
6,0,imagen.jpeg,70,activacion,1x384x14x14,0.253143
6,0,imagen.jpeg,71,depthwise_conv,1x384x14x14,0.810463
6,0,imagen.jpeg,72,batchnorm,1x384x14x14,0.103107
6,0,imagen.jpeg,73,activacion,1x384x14x14,0.264762
6,0,imagen.jpeg,74,pointwise_conv,1x384x14x14,2.875342
6,0,imagen.jpeg,75,batchnorm,1x64x14x14,0.012186
6,0,imagen.jpeg,76,layer_add,1x64x14x14,0.008053
6,0,imagen.jpeg,77,pointwise_conv,1x64x14x14,2.911011
6,0,imagen.jpeg,78,batchnorm,1x384x14x14,0.077997
6,0,imagen.jpeg,79,activacion,1x384x14x14,0.275134
6,0,imagen.jpeg,80,depthwise_conv,1x384x14x14,0.817842
6,0,imagen.jpeg,81,batchnorm,1x384x14x14,0.151387
6,0,imagen.jpeg,82,activacion,1x384x14x14,0.244343
6,0,imagen.jpeg,83,pointwise_conv,1x384x14x14,2.859089
6,0,imagen.jpeg,84,batchnorm,1x64x14x14,0.014796
6,0,imagen.jpeg,85,layer_add,1x64x14x14,0.007766
6,0,imagen.jpeg,86,pointwise_conv,1x64x14x14,2.795904
6,0,imagen.jpeg,87,batchnorm,1x384x14x14,0.071829
6,0,imagen.jpeg,88,activacion,1x384x14x14,0.266809
6,0,imagen.jpeg,89,depthwise_conv,1x384x14x14,0.793247
6,0,imagen.jpeg,90,batchnorm,1x384x14x14,0.069571
6,0,imagen.jpeg,91,activacion,1x384x14x14,0.248255
6,0,imagen.jpeg,92,pointwise_conv,1x384x14x14,4.192786
6,0,imagen.jpeg,93,batchnorm,1x96x14x14,0.019074
6,0,imagen.jpeg,94,pointwise_conv,1x96x14x14,6.400763
6,0,imagen.jpeg,95,batchnorm,1x576x14x14,0.121649
6,0,imagen.jpeg,96,activacion,1x576x14x14,0.384234
6,0,imagen.jpeg,97,depthwise_conv,1x576x14x14,1.183544
6,0,imagen.jpeg,98,batchnorm,1x576x14x14,0.202644
6,0,imagen.jpeg,99,activacion,1x576x14x14,0.346198
6,0,imagen.jpeg,100,pointwise_conv,1x576x14x14,6.757141
6,0,imagen.jpeg,101,batchnorm,1x96x14x14,0.02251
6,0,imagen.jpeg,102,layer_add,1x96x14x14,0.015986
6,0,imagen.jpeg,103,pointwise_conv,1x96x14x14,6.297464
6,0,imagen.jpeg,104,batchnorm,1x576x14x14,0.11553
6,0,imagen.jpeg,105,activacion,1x576x14x14,0.381672
6,0,imagen.jpeg,106,depthwise_conv,1x576x14x14,1.186199
6,0,imagen.jpeg,107,batchnorm,1x576x14x14,0.170706
6,0,imagen.jpeg,108,activacion,1x576x14x14,0.316178
6,0,imagen.jpeg,109,pointwise_conv,1x576x14x14,6.227104
6,0,imagen.jpeg,110,batchnorm,1x96x14x14,0.018108
6,0,imagen.jpeg,111,layer_add,1x96x14x14,0.013277
6,0,imagen.jpeg,112,pointwise_conv,1x96x14x14,6.188506
6,0,imagen.jpeg,113,batchnorm,1x576x14x14,0.119023
6,0,imagen.jpeg,114,activacion,1x576x14x14,0.340577
6,0,imagen.jpeg,115,depthwise_conv,1x576x14x14,0.304249
6,0,imagen.jpeg,116,batchnorm,1x576x7x7,0.03368
6,0,imagen.jpeg,117,activacion,1x576x7x7,0.075124
6,0,imagen.jpeg,118,pointwise_conv,1x576x7x7,2.527659
6,0,imagen.jpeg,119,batchnorm,1x160x7x7,0.007957
6,0,imagen.jpeg,120,pointwise_conv,1x160x7x7,4.190363
6,0,imagen.jpeg,121,batchnorm,1x960x7x7,0.047486
6,0,imagen.jpeg,122,activacion,1x960x7x7,0.156646
6,0,imagen.jpeg,123,depthwise_conv,1x960x7x7,0.436295
6,0,imagen.jpeg,124,batchnorm,1x960x7x7,0.045398
6,0,imagen.jpeg,125,activacion,1x960x7x7,0.147791
6,0,imagen.jpeg,126,pointwise_conv,1x960x7x7,4.201783
6,0,imagen.jpeg,127,batchnorm,1x160x7x7,0.008102
6,0,imagen.jpeg,128,layer_add,1x160x7x7,0.004456
6,0,imagen.jpeg,129,pointwise_conv,1x160x7x7,4.30983
6,0,imagen.jpeg,130,batchnorm,1x960x7x7,0.05068
6,0,imagen.jpeg,131,activacion,1x960x7x7,0.15017
6,0,imagen.jpeg,132,depthwise_conv,1x960x7x7,0.452414
6,0,imagen.jpeg,133,batchnorm,1x960x7x7,0.057164
6,0,imagen.jpeg,134,activacion,1x960x7x7,0.131792
6,0,imagen.jpeg,135,pointwise_conv,1x960x7x7,4.196008
6,0,imagen.jpeg,136,batchnorm,1x160x7x7,0.008267
6,0,imagen.jpeg,137,layer_add,1x160x7x7,0.005523
6,0,imagen.jpeg,138,pointwise_conv,1x160x7x7,4.742131
6,0,imagen.jpeg,139,batchnorm,1x960x7x7,0.046766
6,0,imagen.jpeg,140,activacion,1x960x7x7,0.117288
6,0,imagen.jpeg,141,depthwise_conv,1x960x7x7,0.441302
6,0,imagen.jpeg,142,batchnorm,1x960x7x7,0.047596
6,0,imagen.jpeg,143,activacion,1x960x7x7,0.10424
6,0,imagen.jpeg,144,pointwise_conv,1x960x7x7,8.56551
6,0,imagen.jpeg,145,batchnorm,1x320x7x7,0.016666
6,0,imagen.jpeg,146,pointwise_conv,1x320x7x7,10.805285
6,0,imagen.jpeg,147,batchnorm,1x1280x7x7,0.06397
6,0,imagen.jpeg,148,activacion,1x1280x7x7,0.181264
6,0,imagen.jpeg,149,pooling,1x1280x7x7,0.03959
6,0,imagen.jpeg,150,linear,1x1280,1.493548
7,0,imagen.jpeg,0,conv2d,1x3x224x224,15.749572
7,0,imagen.jpeg,1,batchnorm,1x32x112x112,0.409312
7,0,imagen.jpeg,2,activacion,1x32x112x112,0.680204
7,0,imagen.jpeg,3,depthwise_conv,1x32x112x112,4.460929
7,0,imagen.jpeg,4,batchnorm,1x32x112x112,2.435512
7,0,imagen.jpeg,5,activacion,1x32x112x112,0.768896
7,0,imagen.jpeg,6,pointwise_conv,1x32x112x112,3.762797
7,0,imagen.jpeg,7,batchnorm,1x16x112x112,0.192626
7,0,imagen.jpeg,8,pointwise_conv,1x16x112x112,11.531456
7,0,imagen.jpeg,9,batchnorm,1x96x112x112,2.204207
7,0,imagen.jpeg,10,activacion,1x96x112x112,3.514422
7,0,imagen.jpeg,11,depthwise_conv,1x96x112x112,3.186585
7,0,imagen.jpeg,12,batchnorm,1x96x56x56,0.290563
7,0,imagen.jpeg,13,activacion,1x96x56x56,1.02897
7,0,imagen.jpeg,14,pointwise_conv,1x96x56x56,6.118391
7,0,imagen.jpeg,15,batchnorm,1x24x56x56,0.070051
7,0,imagen.jpeg,16,pointwise_conv,1x24x56x56,6.872038
7,0,imagen.jpeg,17,batchnorm,1x144x56x56,0.956641
7,0,imagen.jpeg,18,activacion,1x144x56x56,1.297338
7,0,imagen.jpeg,19,depthwise_conv,1x144x56x56,5.231437
7,0,imagen.jpeg,20,batchnorm,1x144x56x56,0.9963
7,0,imagen.jpeg,21,activacion,1x144x56x56,1.652643
7,0,imagen.jpeg,22,pointwise_conv,1x144x56x56,6.087923
7,0,imagen.jpeg,23,batchnorm,1x24x56x56,0.069244
7,0,imagen.jpeg,24,layer_add,1x24x56x56,0.045317
7,0,imagen.jpeg,25,pointwise_conv,1x24x56x56,6.053206
7,0,imagen.jpeg,26,batchnorm,1x144x56x56,0.432543
7,0,imagen.jpeg,27,activacion,1x144x56x56,1.538055
7,0,imagen.jpeg,28,depthwise_conv,1x144x56x56,1.133795
7,0,imagen.jpeg,29,batchnorm,1x144x28x28,0.101561
7,0,imagen.jpeg,30,activacion,1x144x28x28,0.351199
7,0,imagen.jpeg,31,pointwise_conv,1x144x28x28,1.967742
7,0,imagen.jpeg,32,batchnorm,1x32x28x28,0.022345
7,0,imagen.jpeg,33,pointwise_conv,1x32x28x28,2.729786
7,0,imagen.jpeg,34,batchnorm,1x192x28x28,0.138497
7,0,imagen.jpeg,35,activacion,1x192x28x28,0.383202
7,0,imagen.jpeg,36,depthwise_conv,1x192x28x28,1.491131
7,0,imagen.jpeg,37,batchnorm,1x192x28x28,0.135253
7,0,imagen.jpeg,38,activacion,1x192x28x28,0.523712
7,0,imagen.jpeg,39,pointwise_conv,1x192x28x28,2.676334
7,0,imagen.jpeg,40,batchnorm,1x32x28x28,0.022553
7,0,imagen.jpeg,41,layer_add,1x32x28x28,0.014029
7,0,imagen.jpeg,42,pointwise_conv,1x32x28x28,2.657639
7,0,imagen.jpeg,43,batchnorm,1x192x28x28,0.154415
7,0,imagen.jpeg,44,activacion,1x192x28x28,0.440277
7,0,imagen.jpeg,45,depthwise_conv,1x192x28x28,1.487757
7,0,imagen.jpeg,46,batchnorm,1x192x28x28,0.144445
7,0,imagen.jpeg,47,activacion,1x192x28x28,0.497008
7,0,imagen.jpeg,48,pointwise_conv,1x192x28x28,2.604892
7,0,imagen.jpeg,49,batchnorm,1x32x28x28,0.023397
7,0,imagen.jpeg,50,layer_add,1x32x28x28,0.017073
7,0,imagen.jpeg,51,pointwise_conv,1x32x28x28,2.87997
7,0,imagen.jpeg,52,batchnorm,1x192x28x28,0.148838
7,0,imagen.jpeg,53,activacion,1x192x28x28,0.510082
7,0,imagen.jpeg,54,depthwise_conv,1x192x28x28,0.387702
7,0,imagen.jpeg,55,batchnorm,1x192x14x14,0.034761
7,0,imagen.jpeg,56,activacion,1x192x14x14,0.098443
7,0,imagen.jpeg,57,pointwise_conv,1x192x14x14,1.361841
7,0,imagen.jpeg,58,batchnorm,1x64x14x14,0.011854
7,0,imagen.jpeg,59,pointwise_conv,1x64x14x14,2.954913
7,0,imagen.jpeg,60,batchnorm,1x384x14x14,0.098915
7,0,imagen.jpeg,61,activacion,1x384x14x14,0.227209
7,0,imagen.jpeg,62,depthwise_conv,1x384x14x14,0.880486
7,0,imagen.jpeg,63,batchnorm,1x384x14x14,0.071076
7,0,imagen.jpeg,64,activacion,1x384x14x14,0.26629
7,0,imagen.jpeg,65,pointwise_conv,1x384x14x14,3.005374
7,0,imagen.jpeg,66,batchnorm,1x64x14x14,0.012814
7,0,imagen.jpeg,67,layer_add,1x64x14x14,0.006561
7,0,imagen.jpeg,68,pointwise_conv,1x64x14x14,2.745268
7,0,imagen.jpeg,69,batchnorm,1x384x14x14,0.070315
7,0,imagen.jpeg,70,activacion,1x384x14x14,0.234255
7,0,imagen.jpeg,71,depthwise_conv,1x384x14x14,0.76843
7,0,imagen.jpeg,72,batchnorm,1x384x14x14,0.101278
7,0,imagen.jpeg,73,activacion,1x384x14x14,0.257866
7,0,imagen.jpeg,74,pointwise_conv,1x384x14x14,2.681007
7,0,imagen.jpeg,75,batchnorm,1x64x14x14,0.011274
7,0,imagen.jpeg,76,layer_add,1x64x14x14,0.00716
7,0,imagen.jpeg,77,pointwise_conv,1x64x14x14,2.788676
7,0,imagen.jpeg,78,batchnorm,1x384x14x14,0.078648
7,0,imagen.jpeg,79,activacion,1x384x14x14,0.265279
7,0,imagen.jpeg,80,depthwise_conv,1x384x14x14,0.770496
7,0,imagen.jpeg,81,batchnorm,1x384x14x14,0.148071
7,0,imagen.jpeg,82,activacion,1x384x14x14,0.229009
7,0,imagen.jpeg,83,pointwise_conv,1x384x14x14,2.746402
7,0,imagen.jpeg,84,batchnorm,1x64x14x14,0.011362
7,0,imagen.jpeg,85,layer_add,1x64x14x14,0.006975
7,0,imagen.jpeg,86,pointwise_conv,1x64x14x14,2.708496
7,0,imagen.jpeg,87,batchnorm,1x384x14x14,0.068206
7,0,imagen.jpeg,88,activacion,1x384x14x14,0.256114
7,0,imagen.jpeg,89,depthwise_conv,1x384x14x14,0.78671
7,0,imagen.jpeg,90,batchnorm,1x384x14x14,0.067343
7,0,imagen.jpeg,91,activacion,1x384x14x14,0.2424
7,0,imagen.jpeg,92,pointwise_conv,1x384x14x14,4.058553
7,0,imagen.jpeg,93,batchnorm,1x96x14x14,0.018341
7,0,imagen.jpeg,94,pointwise_conv,1x96x14x14,6.029391
7,0,imagen.jpeg,95,batchnorm,1x576x14x14,0.10798
7,0,imagen.jpeg,96,activacion,1x576x14x14,0.368594
7,0,imagen.jpeg,97,depthwise_conv,1x576x14x14,1.174133
7,0,imagen.jpeg,98,batchnorm,1x576x14x14,0.178447
7,0,imagen.jpeg,99,activacion,1x576x14x14,0.336694
7,0,imagen.jpeg,100,pointwise_conv,1x576x14x14,6.067487
7,0,imagen.jpeg,101,batchnorm,1x96x14x14,0.024632
7,0,imagen.jpeg,102,layer_add,1x96x14x14,0.016466
7,0,imagen.jpeg,103,pointwise_conv,1x96x14x14,6.071737
7,0,imagen.jpeg,104,batchnorm,1x576x14x14,0.113837
7,0,imagen.jpeg,105,activacion,1x576x14x14,0.382445
7,0,imagen.jpeg,106,depthwise_conv,1x576x14x14,1.548516
7,0,imagen.jpeg,107,batchnorm,1x576x14x14,0.175097
7,0,imagen.jpeg,108,activacion,1x576x14x14,0.319578
7,0,imagen.jpeg,109,pointwise_conv,1x576x14x14,6.142018
7,0,imagen.jpeg,110,batchnorm,1x96x14x14,0.017949
7,0,imagen.jpeg,111,layer_add,1x96x14x14,0.013175
7,0,imagen.jpeg,112,pointwise_conv,1x96x14x14,6.151108
7,0,imagen.jpeg,113,batchnorm,1x576x14x14,0.117033
7,0,imagen.jpeg,114,activacion,1x576x14x14,0.324985
7,0,imagen.jpeg,115,depthwise_conv,1x576x14x14,0.286772
7,0,imagen.jpeg,116,batchnorm,1x576x7x7,0.030999
7,0,imagen.jpeg,117,activacion,1x576x7x7,0.066301
7,0,imagen.jpeg,118,pointwise_conv,1x576x7x7,2.468913
7,0,imagen.jpeg,119,batchnorm,1x160x7x7,0.00764
7,0,imagen.jpeg,120,pointwise_conv,1x160x7x7,4.138908
7,0,imagen.jpeg,121,batchnorm,1x960x7x7,0.04678
7,0,imagen.jpeg,122,activacion,1x960x7x7,0.153165
7,0,imagen.jpeg,123,depthwise_conv,1x960x7x7,0.456128
7,0,imagen.jpeg,124,batchnorm,1x960x7x7,0.044962
7,0,imagen.jpeg,125,activacion,1x960x7x7,0.145612
7,0,imagen.jpeg,126,pointwise_conv,1x960x7x7,4.229682
7,0,imagen.jpeg,127,batchnorm,1x160x7x7,0.007962
7,0,imagen.jpeg,128,layer_add,1x160x7x7,0.004556
7,0,imagen.jpeg,129,pointwise_conv,1x160x7x7,4.181405
7,0,imagen.jpeg,130,batchnorm,1x960x7x7,0.046343
7,0,imagen.jpeg,131,activacion,1x960x7x7,0.168094
7,0,imagen.jpeg,132,depthwise_conv,1x960x7x7,0.445659
7,0,imagen.jpeg,133,batchnorm,1x960x7x7,0.056778
7,0,imagen.jpeg,134,activacion,1x960x7x7,0.131147
7,0,imagen.jpeg,135,pointwise_conv,1x960x7x7,4.176696
7,0,imagen.jpeg,136,batchnorm,1x160x7x7,0.007643
7,0,imagen.jpeg,137,layer_add,1x160x7x7,0.004283
7,0,imagen.jpeg,138,pointwise_conv,1x160x7x7,4.183352
7,0,imagen.jpeg,139,batchnorm,1x960x7x7,0.046047
7,0,imagen.jpeg,140,activacion,1x960x7x7,0.120003
7,0,imagen.jpeg,141,depthwise_conv,1x960x7x7,0.46594
7,0,imagen.jpeg,142,batchnorm,1x960x7x7,0.04904
7,0,imagen.jpeg,143,activacion,1x960x7x7,0.091598
7,0,imagen.jpeg,144,pointwise_conv,1x960x7x7,8.826312
7,0,imagen.jpeg,145,batchnorm,1x320x7x7,0.042876
7,0,imagen.jpeg,146,pointwise_conv,1x320x7x7,11.440708
7,0,imagen.jpeg,147,batchnorm,1x1280x7x7,0.066721
7,0,imagen.jpeg,148,activacion,1x1280x7x7,0.190877
7,0,imagen.jpeg,149,pooling,1x1280x7x7,0.059508
7,0,imagen.jpeg,150,linear,1x1280,1.477523
8,0,imagen.jpeg,0,conv2d,1x3x224x224,15.348397
8,0,imagen.jpeg,1,batchnorm,1x32x112x112,0.44854
8,0,imagen.jpeg,2,activacion,1x32x112x112,0.679766
8,0,imagen.jpeg,3,depthwise_conv,1x32x112x112,3.954972
8,0,imagen.jpeg,4,batchnorm,1x32x112x112,2.417961
8,0,imagen.jpeg,5,activacion,1x32x112x112,0.759319
8,0,imagen.jpeg,6,pointwise_conv,1x32x112x112,3.640067
8,0,imagen.jpeg,7,batchnorm,1x16x112x112,0.195253
8,0,imagen.jpeg,8,pointwise_conv,1x16x112x112,11.756875
8,0,imagen.jpeg,9,batchnorm,1x96x112x112,2.113221
8,0,imagen.jpeg,10,activacion,1x96x112x112,3.417217
8,0,imagen.jpeg,11,depthwise_conv,1x96x112x112,3.119499
8,0,imagen.jpeg,12,batchnorm,1x96x56x56,0.278309
8,0,imagen.jpeg,13,activacion,1x96x56x56,1.005034
8,0,imagen.jpeg,14,pointwise_conv,1x96x56x56,3.977314
8,0,imagen.jpeg,15,batchnorm,1x24x56x56,0.065638
8,0,imagen.jpeg,16,pointwise_conv,1x24x56x56,6.626982
8,0,imagen.jpeg,17,batchnorm,1x144x56x56,0.910015
8,0,imagen.jpeg,18,activacion,1x144x56x56,1.2649
8,0,imagen.jpeg,19,depthwise_conv,1x144x56x56,4.466135
8,0,imagen.jpeg,20,batchnorm,1x144x56x56,0.920626
8,0,imagen.jpeg,21,activacion,1x144x56x56,1.633712
8,0,imagen.jpeg,22,pointwise_conv,1x144x56x56,6.424811
8,0,imagen.jpeg,23,batchnorm,1x24x56x56,0.071048
8,0,imagen.jpeg,24,layer_add,1x24x56x56,0.052089
8,0,imagen.jpeg,25,pointwise_conv,1x24x56x56,6.560143
8,0,imagen.jpeg,26,batchnorm,1x144x56x56,0.470935
8,0,imagen.jpeg,27,activacion,1x144x56x56,1.543144
8,0,imagen.jpeg,28,depthwise_conv,1x144x56x56,1.164484
8,0,imagen.jpeg,29,batchnorm,1x144x28x28,0.102264
8,0,imagen.jpeg,30,activacion,1x144x28x28,0.349533
8,0,imagen.jpeg,31,pointwise_conv,1x144x28x28,2.173189
8,0,imagen.jpeg,32,batchnorm,1x32x28x28,0.024213
8,0,imagen.jpeg,33,pointwise_conv,1x32x28x28,2.670688
8,0,imagen.jpeg,34,batchnorm,1x192x28x28,0.137459
8,0,imagen.jpeg,35,activacion,1x192x28x28,0.37241
8,0,imagen.jpeg,36,depthwise_conv,1x192x28x28,1.517471
8,0,imagen.jpeg,37,batchnorm,1x192x28x28,0.129503
8,0,imagen.jpeg,38,activacion,1x192x28x28,0.525574
8,0,imagen.jpeg,39,pointwise_conv,1x192x28x28,3.073651
8,0,imagen.jpeg,40,batchnorm,1x32x28x28,0.022179
8,0,imagen.jpeg,41,layer_add,1x32x28x28,0.013999
8,0,imagen.jpeg,42,pointwise_conv,1x32x28x28,2.760047
8,0,imagen.jpeg,43,batchnorm,1x192x28x28,0.141924
8,0,imagen.jpeg,44,activacion,1x192x28x28,0.44148
8,0,imagen.jpeg,45,depthwise_conv,1x192x28x28,1.494371
8,0,imagen.jpeg,46,batchnorm,1x192x28x28,0.135066
8,0,imagen.jpeg,47,activacion,1x192x28x28,0.51191
8,0,imagen.jpeg,48,pointwise_conv,1x192x28x28,2.696534
8,0,imagen.jpeg,49,batchnorm,1x32x28x28,0.022542
8,0,imagen.jpeg,50,layer_add,1x32x28x28,0.014023
8,0,imagen.jpeg,51,pointwise_conv,1x32x28x28,2.695022
8,0,imagen.jpeg,52,batchnorm,1x192x28x28,0.142145
8,0,imagen.jpeg,53,activacion,1x192x28x28,0.490831
8,0,imagen.jpeg,54,depthwise_conv,1x192x28x28,0.391063
8,0,imagen.jpeg,55,batchnorm,1x192x14x14,0.034246
8,0,imagen.jpeg,56,activacion,1x192x14x14,0.09853
8,0,imagen.jpeg,57,pointwise_conv,1x192x14x14,1.360154
8,0,imagen.jpeg,58,batchnorm,1x64x14x14,0.012238
8,0,imagen.jpeg,59,pointwise_conv,1x64x14x14,2.759769
8,0,imagen.jpeg,60,batchnorm,1x384x14x14,0.069205
8,0,imagen.jpeg,61,activacion,1x384x14x14,0.195655
8,0,imagen.jpeg,62,depthwise_conv,1x384x14x14,0.799898
8,0,imagen.jpeg,63,batchnorm,1x384x14x14,0.069047
8,0,imagen.jpeg,64,activacion,1x384x14x14,0.274371
8,0,imagen.jpeg,65,pointwise_conv,1x384x14x14,2.69555
8,0,imagen.jpeg,66,batchnorm,1x64x14x14,0.011374
8,0,imagen.jpeg,67,layer_add,1x64x14x14,0.0065
8,0,imagen.jpeg,68,pointwise_conv,1x64x14x14,3.297125
8,0,imagen.jpeg,69,batchnorm,1x384x14x14,0.085818
8,0,imagen.jpeg,70,activacion,1x384x14x14,0.289659
8,0,imagen.jpeg,71,depthwise_conv,1x384x14x14,0.843371
8,0,imagen.jpeg,72,batchnorm,1x384x14x14,0.103246
8,0,imagen.jpeg,73,activacion,1x384x14x14,0.267552
8,0,imagen.jpeg,74,pointwise_conv,1x384x14x14,2.852954
8,0,imagen.jpeg,75,batchnorm,1x64x14x14,0.012221
8,0,imagen.jpeg,76,layer_add,1x64x14x14,0.007752
8,0,imagen.jpeg,77,pointwise_conv,1x64x14x14,2.775636
8,0,imagen.jpeg,78,batchnorm,1x384x14x14,0.070088
8,0,imagen.jpeg,79,activacion,1x384x14x14,0.260241
8,0,imagen.jpeg,80,depthwise_conv,1x384x14x14,0.797416
8,0,imagen.jpeg,81,batchnorm,1x384x14x14,0.147959
8,0,imagen.jpeg,82,activacion,1x384x14x14,0.249935
8,0,imagen.jpeg,83,pointwise_conv,1x384x14x14,2.853439
8,0,imagen.jpeg,84,batchnorm,1x64x14x14,0.011958
8,0,imagen.jpeg,85,layer_add,1x64x14x14,0.006654
8,0,imagen.jpeg,86,pointwise_conv,1x64x14x14,2.815937
8,0,imagen.jpeg,87,batchnorm,1x384x14x14,0.075619
8,0,imagen.jpeg,88,activacion,1x384x14x14,0.308219
8,0,imagen.jpeg,89,depthwise_conv,1x384x14x14,0.883411
8,0,imagen.jpeg,90,batchnorm,1x384x14x14,0.071618
8,0,imagen.jpeg,91,activacion,1x384x14x14,0.247126
8,0,imagen.jpeg,92,pointwise_conv,1x384x14x14,4.020272
8,0,imagen.jpeg,93,batchnorm,1x96x14x14,0.017966
8,0,imagen.jpeg,94,pointwise_conv,1x96x14x14,6.034372
8,0,imagen.jpeg,95,batchnorm,1x576x14x14,0.108664
8,0,imagen.jpeg,96,activacion,1x576x14x14,0.399333
8,0,imagen.jpeg,97,depthwise_conv,1x576x14x14,1.155697
8,0,imagen.jpeg,98,batchnorm,1x576x14x14,0.178295
8,0,imagen.jpeg,99,activacion,1x576x14x14,0.3334
8,0,imagen.jpeg,100,pointwise_conv,1x576x14x14,6.124688
8,0,imagen.jpeg,101,batchnorm,1x96x14x14,0.019024
8,0,imagen.jpeg,102,layer_add,1x96x14x14,0.011526
8,0,imagen.jpeg,103,pointwise_conv,1x96x14x14,6.138842
8,0,imagen.jpeg,104,batchnorm,1x576x14x14,0.118948
8,0,imagen.jpeg,105,activacion,1x576x14x14,0.382301
8,0,imagen.jpeg,106,depthwise_conv,1x576x14x14,1.19556
8,0,imagen.jpeg,107,batchnorm,1x576x14x14,0.168181
8,0,imagen.jpeg,108,activacion,1x576x14x14,0.317894
8,0,imagen.jpeg,109,pointwise_conv,1x576x14x14,6.142892
8,0,imagen.jpeg,110,batchnorm,1x96x14x14,0.020183
8,0,imagen.jpeg,111,layer_add,1x96x14x14,0.014704
8,0,imagen.jpeg,112,pointwise_conv,1x96x14x14,6.265103
8,0,imagen.jpeg,113,batchnorm,1x576x14x14,0.121098
8,0,imagen.jpeg,114,activacion,1x576x14x14,0.336311
8,0,imagen.jpeg,115,depthwise_conv,1x576x14x14,0.330867
8,0,imagen.jpeg,116,batchnorm,1x576x7x7,0.052969
8,0,imagen.jpeg,117,activacion,1x576x7x7,0.068505
8,0,imagen.jpeg,118,pointwise_conv,1x576x7x7,2.516199
8,0,imagen.jpeg,119,batchnorm,1x160x7x7,0.007565
8,0,imagen.jpeg,120,pointwise_conv,1x160x7x7,4.229814
8,0,imagen.jpeg,121,batchnorm,1x960x7x7,0.047475
8,0,imagen.jpeg,122,activacion,1x960x7x7,0.156963
8,0,imagen.jpeg,123,depthwise_conv,1x960x7x7,0.447185
8,0,imagen.jpeg,124,batchnorm,1x960x7x7,0.0498
8,0,imagen.jpeg,125,activacion,1x960x7x7,0.148486
8,0,imagen.jpeg,126,pointwise_conv,1x960x7x7,4.22879
8,0,imagen.jpeg,127,batchnorm,1x160x7x7,0.007876
8,0,imagen.jpeg,128,layer_add,1x160x7x7,0.004457
8,0,imagen.jpeg,129,pointwise_conv,1x160x7x7,4.245422
8,0,imagen.jpeg,130,batchnorm,1x960x7x7,0.047237
8,0,imagen.jpeg,131,activacion,1x960x7x7,0.149607
8,0,imagen.jpeg,132,depthwise_conv,1x960x7x7,0.455489
8,0,imagen.jpeg,133,batchnorm,1x960x7x7,0.057016
8,0,imagen.jpeg,134,activacion,1x960x7x7,0.135001
8,0,imagen.jpeg,135,pointwise_conv,1x960x7x7,4.254745
8,0,imagen.jpeg,136,batchnorm,1x160x7x7,0.00778
8,0,imagen.jpeg,137,layer_add,1x160x7x7,0.004782
8,0,imagen.jpeg,138,pointwise_conv,1x160x7x7,4.232997
8,0,imagen.jpeg,139,batchnorm,1x960x7x7,0.048988
8,0,imagen.jpeg,140,activacion,1x960x7x7,0.120171
8,0,imagen.jpeg,141,depthwise_conv,1x960x7x7,0.448013
8,0,imagen.jpeg,142,batchnorm,1x960x7x7,0.056017
8,0,imagen.jpeg,143,activacion,1x960x7x7,0.093844
8,0,imagen.jpeg,144,pointwise_conv,1x960x7x7,8.516397
8,0,imagen.jpeg,145,batchnorm,1x320x7x7,0.016585
8,0,imagen.jpeg,146,pointwise_conv,1x320x7x7,11.360568
8,0,imagen.jpeg,147,batchnorm,1x1280x7x7,0.067049
8,0,imagen.jpeg,148,activacion,1x1280x7x7,0.191837
8,0,imagen.jpeg,149,pooling,1x1280x7x7,0.041835
8,0,imagen.jpeg,150,linear,1x1280,1.498891
9,0,imagen.jpeg,0,conv2d,1x3x224x224,25.50445
9,0,imagen.jpeg,1,batchnorm,1x32x112x112,0.424145
9,0,imagen.jpeg,2,activacion,1x32x112x112,0.711691
9,0,imagen.jpeg,3,depthwise_conv,1x32x112x112,4.274682
9,0,imagen.jpeg,4,batchnorm,1x32x112x112,2.526367
9,0,imagen.jpeg,5,activacion,1x32x112x112,0.769286
9,0,imagen.jpeg,6,pointwise_conv,1x32x112x112,3.969765
9,0,imagen.jpeg,7,batchnorm,1x16x112x112,0.190188
9,0,imagen.jpeg,8,pointwise_conv,1x16x112x112,11.620275
9,0,imagen.jpeg,9,batchnorm,1x96x112x112,2.182444
9,0,imagen.jpeg,10,activacion,1x96x112x112,3.512427
9,0,imagen.jpeg,11,depthwise_conv,1x96x112x112,3.187178
9,0,imagen.jpeg,12,batchnorm,1x96x56x56,0.289833
9,0,imagen.jpeg,13,activacion,1x96x56x56,1.038441
9,0,imagen.jpeg,14,pointwise_conv,1x96x56x56,4.049917
9,0,imagen.jpeg,15,batchnorm,1x24x56x56,0.067088
9,0,imagen.jpeg,16,pointwise_conv,1x24x56x56,6.796538
9,0,imagen.jpeg,17,batchnorm,1x144x56x56,0.941297
9,0,imagen.jpeg,18,activacion,1x144x56x56,1.311145
9,0,imagen.jpeg,19,depthwise_conv,1x144x56x56,4.559638
9,0,imagen.jpeg,20,batchnorm,1x144x56x56,0.963194
9,0,imagen.jpeg,21,activacion,1x144x56x56,1.63143
9,0,imagen.jpeg,22,pointwise_conv,1x144x56x56,6.42003
9,0,imagen.jpeg,23,batchnorm,1x24x56x56,0.068384
9,0,imagen.jpeg,24,layer_add,1x24x56x56,0.044203
9,0,imagen.jpeg,25,pointwise_conv,1x24x56x56,6.146317
9,0,imagen.jpeg,26,batchnorm,1x144x56x56,0.445747
9,0,imagen.jpeg,27,activacion,1x144x56x56,1.568538
9,0,imagen.jpeg,28,depthwise_conv,1x144x56x56,1.199459
9,0,imagen.jpeg,29,batchnorm,1x144x28x28,0.102711
9,0,imagen.jpeg,30,activacion,1x144x28x28,0.350516
9,0,imagen.jpeg,31,pointwise_conv,1x144x28x28,1.9837
9,0,imagen.jpeg,32,batchnorm,1x32x28x28,0.021277
9,0,imagen.jpeg,33,pointwise_conv,1x32x28x28,2.69679
9,0,imagen.jpeg,34,batchnorm,1x192x28x28,0.153327
9,0,imagen.jpeg,35,activacion,1x192x28x28,0.401137
9,0,imagen.jpeg,36,depthwise_conv,1x192x28x28,1.775297
9,0,imagen.jpeg,37,batchnorm,1x192x28x28,0.215106
9,0,imagen.jpeg,38,activacion,1x192x28x28,0.71007
9,0,imagen.jpeg,39,pointwise_conv,1x192x28x28,3.015287
9,0,imagen.jpeg,40,batchnorm,1x32x28x28,0.026835
9,0,imagen.jpeg,41,layer_add,1x32x28x28,0.016279
9,0,imagen.jpeg,42,pointwise_conv,1x32x28x28,2.865733
9,0,imagen.jpeg,43,batchnorm,1x192x28x28,0.151282
9,0,imagen.jpeg,44,activacion,1x192x28x28,0.457661
9,0,imagen.jpeg,45,depthwise_conv,1x192x28x28,1.542532
9,0,imagen.jpeg,46,batchnorm,1x192x28x28,0.135639
9,0,imagen.jpeg,47,activacion,1x192x28x28,0.528271
9,0,imagen.jpeg,48,pointwise_conv,1x192x28x28,2.729733
9,0,imagen.jpeg,49,batchnorm,1x32x28x28,0.023279
9,0,imagen.jpeg,50,layer_add,1x32x28x28,0.014134
9,0,imagen.jpeg,51,pointwise_conv,1x32x28x28,3.310295
9,0,imagen.jpeg,52,batchnorm,1x192x28x28,0.207749
9,0,imagen.jpeg,53,activacion,1x192x28x28,0.515245
9,0,imagen.jpeg,54,depthwise_conv,1x192x28x28,0.393924
9,0,imagen.jpeg,55,batchnorm,1x192x14x14,0.035042
9,0,imagen.jpeg,56,activacion,1x192x14x14,0.105336
9,0,imagen.jpeg,57,pointwise_conv,1x192x14x14,1.381505
9,0,imagen.jpeg,58,batchnorm,1x64x14x14,0.011592
9,0,imagen.jpeg,59,pointwise_conv,1x64x14x14,2.787797
9,0,imagen.jpeg,60,batchnorm,1x384x14x14,0.068495
9,0,imagen.jpeg,61,activacion,1x384x14x14,0.212753
9,0,imagen.jpeg,62,depthwise_conv,1x384x14x14,0.796027
9,0,imagen.jpeg,63,batchnorm,1x384x14x14,0.08681
9,0,imagen.jpeg,64,activacion,1x384x14x14,0.277948
9,0,imagen.jpeg,65,pointwise_conv,1x384x14x14,2.747906
9,0,imagen.jpeg,66,batchnorm,1x64x14x14,0.011366
9,0,imagen.jpeg,67,layer_add,1x64x14x14,0.006502
9,0,imagen.jpeg,68,pointwise_conv,1x64x14x14,2.796336
9,0,imagen.jpeg,69,batchnorm,1x384x14x14,0.094972
9,0,imagen.jpeg,70,activacion,1x384x14x14,0.258622
9,0,imagen.jpeg,71,depthwise_conv,1x384x14x14,0.794238
9,0,imagen.jpeg,72,batchnorm,1x384x14x14,0.138309
9,0,imagen.jpeg,73,activacion,1x384x14x14,0.257488
9,0,imagen.jpeg,74,pointwise_conv,1x384x14x14,2.771833
9,0,imagen.jpeg,75,batchnorm,1x64x14x14,0.014582
9,0,imagen.jpeg,76,layer_add,1x64x14x14,0.007317
9,0,imagen.jpeg,77,pointwise_conv,1x64x14x14,3.489109
9,0,imagen.jpeg,78,batchnorm,1x384x14x14,0.071045
9,0,imagen.jpeg,79,activacion,1x384x14x14,0.264783
9,0,imagen.jpeg,80,depthwise_conv,1x384x14x14,0.809533
9,0,imagen.jpeg,81,batchnorm,1x384x14x14,0.148393
9,0,imagen.jpeg,82,activacion,1x384x14x14,0.236873
9,0,imagen.jpeg,83,pointwise_conv,1x384x14x14,2.800161
9,0,imagen.jpeg,84,batchnorm,1x64x14x14,0.012212
9,0,imagen.jpeg,85,layer_add,1x64x14x14,0.007029
9,0,imagen.jpeg,86,pointwise_conv,1x64x14x14,2.79445
9,0,imagen.jpeg,87,batchnorm,1x384x14x14,0.070456
9,0,imagen.jpeg,88,activacion,1x384x14x14,0.272093
9,0,imagen.jpeg,89,depthwise_conv,1x384x14x14,0.814602
9,0,imagen.jpeg,90,batchnorm,1x384x14x14,0.072987
9,0,imagen.jpeg,91,activacion,1x384x14x14,0.250083
9,0,imagen.jpeg,92,pointwise_conv,1x384x14x14,4.140959
9,0,imagen.jpeg,93,batchnorm,1x96x14x14,0.022072
9,0,imagen.jpeg,94,pointwise_conv,1x96x14x14,6.161801
9,0,imagen.jpeg,95,batchnorm,1x576x14x14,0.110952
9,0,imagen.jpeg,96,activacion,1x576x14x14,0.373908
9,0,imagen.jpeg,97,depthwise_conv,1x576x14x14,1.175637
9,0,imagen.jpeg,98,batchnorm,1x576x14x14,0.178669
9,0,imagen.jpeg,99,activacion,1x576x14x14,0.333361
9,0,imagen.jpeg,100,pointwise_conv,1x576x14x14,6.643738
9,0,imagen.jpeg,101,batchnorm,1x96x14x14,0.018885
9,0,imagen.jpeg,102,layer_add,1x96x14x14,0.01088
9,0,imagen.jpeg,103,pointwise_conv,1x96x14x14,8.023755
9,0,imagen.jpeg,104,batchnorm,1x576x14x14,0.128094
9,0,imagen.jpeg,105,activacion,1x576x14x14,0.431158
9,0,imagen.jpeg,106,depthwise_conv,1x576x14x14,1.408525
9,0,imagen.jpeg,107,batchnorm,1x576x14x14,0.220249
9,0,imagen.jpeg,108,activacion,1x576x14x14,0.36102
9,0,imagen.jpeg,109,pointwise_conv,1x576x14x14,7.704704
9,0,imagen.jpeg,110,batchnorm,1x96x14x14,0.019876
9,0,imagen.jpeg,111,layer_add,1x96x14x14,0.014694
9,0,imagen.jpeg,112,pointwise_conv,1x96x14x14,7.238945
9,0,imagen.jpeg,113,batchnorm,1x576x14x14,0.146921
9,0,imagen.jpeg,114,activacion,1x576x14x14,0.356305
9,0,imagen.jpeg,115,depthwise_conv,1x576x14x14,0.401078
9,0,imagen.jpeg,116,batchnorm,1x576x7x7,0.035532
9,0,imagen.jpeg,117,activacion,1x576x7x7,0.072064
9,0,imagen.jpeg,118,pointwise_conv,1x576x7x7,3.289371
9,0,imagen.jpeg,119,batchnorm,1x160x7x7,0.013223
9,0,imagen.jpeg,120,pointwise_conv,1x160x7x7,5.761643
9,0,imagen.jpeg,121,batchnorm,1x960x7x7,0.057875
9,0,imagen.jpeg,122,activacion,1x960x7x7,0.204448
9,0,imagen.jpeg,123,depthwise_conv,1x960x7x7,0.563589
9,0,imagen.jpeg,124,batchnorm,1x960x7x7,0.053606
9,0,imagen.jpeg,125,activacion,1x960x7x7,0.176738
9,0,imagen.jpeg,126,pointwise_conv,1x960x7x7,5.238421
9,0,imagen.jpeg,127,batchnorm,1x160x7x7,0.014547
9,0,imagen.jpeg,128,layer_add,1x160x7x7,0.00563
9,0,imagen.jpeg,129,pointwise_conv,1x160x7x7,5.101882
9,0,imagen.jpeg,130,batchnorm,1x960x7x7,0.05253
9,0,imagen.jpeg,131,activacion,1x960x7x7,0.162314
9,0,imagen.jpeg,132,depthwise_conv,1x960x7x7,0.583451
9,0,imagen.jpeg,133,batchnorm,1x960x7x7,0.064051
9,0,imagen.jpeg,134,activacion,1x960x7x7,0.16995
9,0,imagen.jpeg,135,pointwise_conv,1x960x7x7,4.98063
9,0,imagen.jpeg,136,batchnorm,1x160x7x7,0.009033
9,0,imagen.jpeg,137,layer_add,1x160x7x7,0.007529
9,0,imagen.jpeg,138,pointwise_conv,1x160x7x7,4.866031
9,0,imagen.jpeg,139,batchnorm,1x960x7x7,0.065815
9,0,imagen.jpeg,140,activacion,1x960x7x7,0.137554
9,0,imagen.jpeg,141,depthwise_conv,1x960x7x7,0.474876
9,0,imagen.jpeg,142,batchnorm,1x960x7x7,0.053014
9,0,imagen.jpeg,143,activacion,1x960x7x7,0.098956
9,0,imagen.jpeg,144,pointwise_conv,1x960x7x7,9.725782
9,0,imagen.jpeg,145,batchnorm,1x320x7x7,0.018046
9,0,imagen.jpeg,146,pointwise_conv,1x320x7x7,12.299308
9,0,imagen.jpeg,147,batchnorm,1x1280x7x7,0.06732
9,0,imagen.jpeg,148,activacion,1x1280x7x7,0.197579
9,0,imagen.jpeg,149,pooling,1x1280x7x7,0.045076
9,0,imagen.jpeg,150,linear,1x1280,1.534977
10,0,imagen.jpeg,0,conv2d,1x3x224x224,19.956233
10,0,imagen.jpeg,1,batchnorm,1x32x112x112,0.61104
10,0,imagen.jpeg,2,activacion,1x32x112x112,1.038741
10,0,imagen.jpeg,3,depthwise_conv,1x32x112x112,6.251045
10,0,imagen.jpeg,4,batchnorm,1x32x112x112,2.898564
10,0,imagen.jpeg,5,activacion,1x32x112x112,1.036138
10,0,imagen.jpeg,6,pointwise_conv,1x32x112x112,6.120671
10,0,imagen.jpeg,7,batchnorm,1x16x112x112,0.270456
10,0,imagen.jpeg,8,pointwise_conv,1x16x112x112,13.90182
10,0,imagen.jpeg,9,batchnorm,1x96x112x112,2.560556
10,0,imagen.jpeg,10,activacion,1x96x112x112,3.798535
10,0,imagen.jpeg,11,depthwise_conv,1x96x112x112,3.481095
10,0,imagen.jpeg,12,batchnorm,1x96x56x56,0.313744
10,0,imagen.jpeg,13,activacion,1x96x56x56,1.123882
10,0,imagen.jpeg,14,pointwise_conv,1x96x56x56,4.401064
10,0,imagen.jpeg,15,batchnorm,1x24x56x56,0.072052
10,0,imagen.jpeg,16,pointwise_conv,1x24x56x56,7.032595
10,0,imagen.jpeg,17,batchnorm,1x144x56x56,0.961084
10,0,imagen.jpeg,18,activacion,1x144x56x56,1.341581
10,0,imagen.jpeg,19,depthwise_conv,1x144x56x56,4.769855
10,0,imagen.jpeg,20,batchnorm,1x144x56x56,0.95229
10,0,imagen.jpeg,21,activacion,1x144x56x56,1.671427
10,0,imagen.jpeg,22,pointwise_conv,1x144x56x56,6.341111
10,0,imagen.jpeg,23,batchnorm,1x24x56x56,0.070974
10,0,imagen.jpeg,24,layer_add,1x24x56x56,0.047914
10,0,imagen.jpeg,25,pointwise_conv,1x24x56x56,7.64785
10,0,imagen.jpeg,26,batchnorm,1x144x56x56,0.462076
10,0,imagen.jpeg,27,activacion,1x144x56x56,1.59031
10,0,imagen.jpeg,28,depthwise_conv,1x144x56x56,1.210875
10,0,imagen.jpeg,29,batchnorm,1x144x28x28,0.106796
10,0,imagen.jpeg,30,activacion,1x144x28x28,0.364518
10,0,imagen.jpeg,31,pointwise_conv,1x144x28x28,2.067835
10,0,imagen.jpeg,32,batchnorm,1x32x28x28,0.023626
10,0,imagen.jpeg,33,pointwise_conv,1x32x28x28,2.789948
10,0,imagen.jpeg,34,batchnorm,1x192x28x28,0.146105
10,0,imagen.jpeg,35,activacion,1x192x28x28,0.38676
10,0,imagen.jpeg,36,depthwise_conv,1x192x28x28,1.532509
10,0,imagen.jpeg,37,batchnorm,1x192x28x28,0.140602
10,0,imagen.jpeg,38,activacion,1x192x28x28,0.537093
10,0,imagen.jpeg,39,pointwise_conv,1x192x28x28,2.705634
10,0,imagen.jpeg,40,batchnorm,1x32x28x28,0.022971
10,0,imagen.jpeg,41,layer_add,1x32x28x28,0.014351
10,0,imagen.jpeg,42,pointwise_conv,1x32x28x28,2.782022
10,0,imagen.jpeg,43,batchnorm,1x192x28x28,0.15564
10,0,imagen.jpeg,44,activacion,1x192x28x28,0.453275
10,0,imagen.jpeg,45,depthwise_conv,1x192x28x28,1.813624
10,0,imagen.jpeg,46,batchnorm,1x192x28x28,0.289867
10,0,imagen.jpeg,47,activacion,1x192x28x28,0.598993
10,0,imagen.jpeg,48,pointwise_conv,1x192x28x28,2.879104
10,0,imagen.jpeg,49,batchnorm,1x32x28x28,0.024642
10,0,imagen.jpeg,50,layer_add,1x32x28x28,0.014777
10,0,imagen.jpeg,51,pointwise_conv,1x32x28x28,2.940362
10,0,imagen.jpeg,52,batchnorm,1x192x28x28,0.154808
10,0,imagen.jpeg,53,activacion,1x192x28x28,0.525063
10,0,imagen.jpeg,54,depthwise_conv,1x192x28x28,0.4036
10,0,imagen.jpeg,55,batchnorm,1x192x14x14,0.036158
10,0,imagen.jpeg,56,activacion,1x192x14x14,0.104242
10,0,imagen.jpeg,57,pointwise_conv,1x192x14x14,1.489086
10,0,imagen.jpeg,58,batchnorm,1x64x14x14,0.01288
10,0,imagen.jpeg,59,pointwise_conv,1x64x14x14,3.000025
10,0,imagen.jpeg,60,batchnorm,1x384x14x14,0.075027
10,0,imagen.jpeg,61,activacion,1x384x14x14,0.207207
10,0,imagen.jpeg,62,depthwise_conv,1x384x14x14,0.815636
10,0,imagen.jpeg,63,batchnorm,1x384x14x14,0.072103
10,0,imagen.jpeg,64,activacion,1x384x14x14,0.292593
10,0,imagen.jpeg,65,pointwise_conv,1x384x14x14,3.043497
10,0,imagen.jpeg,66,batchnorm,1x64x14x14,0.013147
10,0,imagen.jpeg,67,layer_add,1x64x14x14,0.007616
10,0,imagen.jpeg,68,pointwise_conv,1x64x14x14,2.992989
10,0,imagen.jpeg,69,batchnorm,1x384x14x14,0.075373
10,0,imagen.jpeg,70,activacion,1x384x14x14,0.269977
10,0,imagen.jpeg,71,depthwise_conv,1x384x14x14,0.843916
10,0,imagen.jpeg,72,batchnorm,1x384x14x14,0.107203
10,0,imagen.jpeg,73,activacion,1x384x14x14,0.27312
10,0,imagen.jpeg,74,pointwise_conv,1x384x14x14,2.920368
10,0,imagen.jpeg,75,batchnorm,1x64x14x14,0.017333
10,0,imagen.jpeg,76,layer_add,1x64x14x14,0.007955
10,0,imagen.jpeg,77,pointwise_conv,1x64x14x14,2.966445
10,0,imagen.jpeg,78,batchnorm,1x384x14x14,0.074485
10,0,imagen.jpeg,79,activacion,1x384x14x14,0.272997
10,0,imagen.jpeg,80,depthwise_conv,1x384x14x14,0.814959
10,0,imagen.jpeg,81,batchnorm,1x384x14x14,0.164894
10,0,imagen.jpeg,82,activacion,1x384x14x14,0.241906
10,0,imagen.jpeg,83,pointwise_conv,1x384x14x14,3.772848
10,0,imagen.jpeg,84,batchnorm,1x64x14x14,0.023086
10,0,imagen.jpeg,85,layer_add,1x64x14x14,0.028356
10,0,imagen.jpeg,86,pointwise_conv,1x64x14x14,4.052255
10,0,imagen.jpeg,87,batchnorm,1x384x14x14,0.077052
10,0,imagen.jpeg,88,activacion,1x384x14x14,0.268031
10,0,imagen.jpeg,89,depthwise_conv,1x384x14x14,0.825894
10,0,imagen.jpeg,90,batchnorm,1x384x14x14,0.071903
10,0,imagen.jpeg,91,activacion,1x384x14x14,0.256801
10,0,imagen.jpeg,92,pointwise_conv,1x384x14x14,4.232629
10,0,imagen.jpeg,93,batchnorm,1x96x14x14,0.018867
10,0,imagen.jpeg,94,pointwise_conv,1x96x14x14,6.375521
10,0,imagen.jpeg,95,batchnorm,1x576x14x14,0.123302
10,0,imagen.jpeg,96,activacion,1x576x14x14,0.412532
10,0,imagen.jpeg,97,depthwise_conv,1x576x14x14,1.262622
10,0,imagen.jpeg,98,batchnorm,1x576x14x14,0.193523
10,0,imagen.jpeg,99,activacion,1x576x14x14,0.351737
10,0,imagen.jpeg,100,pointwise_conv,1x576x14x14,6.385272
10,0,imagen.jpeg,101,batchnorm,1x96x14x14,0.019037
10,0,imagen.jpeg,102,layer_add,1x96x14x14,0.010612
10,0,imagen.jpeg,103,pointwise_conv,1x96x14x14,6.435203
10,0,imagen.jpeg,104,batchnorm,1x576x14x14,0.152506
10,0,imagen.jpeg,105,activacion,1x576x14x14,0.415589
10,0,imagen.jpeg,106,depthwise_conv,1x576x14x14,1.292476
10,0,imagen.jpeg,107,batchnorm,1x576x14x14,0.184611
10,0,imagen.jpeg,108,activacion,1x576x14x14,0.328289
10,0,imagen.jpeg,109,pointwise_conv,1x576x14x14,6.368505
10,0,imagen.jpeg,110,batchnorm,1x96x14x14,0.019838
10,0,imagen.jpeg,111,layer_add,1x96x14x14,0.01405
10,0,imagen.jpeg,112,pointwise_conv,1x96x14x14,6.344108
10,0,imagen.jpeg,113,batchnorm,1x576x14x14,0.117485
10,0,imagen.jpeg,114,activacion,1x576x14x14,0.346348
10,0,imagen.jpeg,115,depthwise_conv,1x576x14x14,0.285361
10,0,imagen.jpeg,116,batchnorm,1x576x7x7,0.031929
10,0,imagen.jpeg,117,activacion,1x576x7x7,0.068833
10,0,imagen.jpeg,118,pointwise_conv,1x576x7x7,2.605285
10,0,imagen.jpeg,119,batchnorm,1x160x7x7,0.008599
10,0,imagen.jpeg,120,pointwise_conv,1x160x7x7,4.220061
10,0,imagen.jpeg,121,batchnorm,1x960x7x7,0.048666
10,0,imagen.jpeg,122,activacion,1x960x7x7,0.152506
10,0,imagen.jpeg,123,depthwise_conv,1x960x7x7,0.440483
10,0,imagen.jpeg,124,batchnorm,1x960x7x7,0.04369
10,0,imagen.jpeg,125,activacion,1x960x7x7,0.143368
10,0,imagen.jpeg,126,pointwise_conv,1x960x7x7,4.366613
10,0,imagen.jpeg,127,batchnorm,1x160x7x7,0.008211
10,0,imagen.jpeg,128,layer_add,1x160x7x7,0.004315
10,0,imagen.jpeg,129,pointwise_conv,1x160x7x7,4.307037
10,0,imagen.jpeg,130,batchnorm,1x960x7x7,0.052886
10,0,imagen.jpeg,131,activacion,1x960x7x7,0.15318
10,0,imagen.jpeg,132,depthwise_conv,1x960x7x7,0.53938
10,0,imagen.jpeg,133,batchnorm,1x960x7x7,0.072057
10,0,imagen.jpeg,134,activacion,1x960x7x7,0.153176
10,0,imagen.jpeg,135,pointwise_conv,1x960x7x7,4.33822
10,0,imagen.jpeg,136,batchnorm,1x160x7x7,0.008093
10,0,imagen.jpeg,137,layer_add,1x160x7x7,0.00472
10,0,imagen.jpeg,138,pointwise_conv,1x160x7x7,4.223427
10,0,imagen.jpeg,139,batchnorm,1x960x7x7,0.045468
10,0,imagen.jpeg,140,activacion,1x960x7x7,0.114238
10,0,imagen.jpeg,141,depthwise_conv,1x960x7x7,0.450325
10,0,imagen.jpeg,142,batchnorm,1x960x7x7,0.048472
10,0,imagen.jpeg,143,activacion,1x960x7x7,0.090852
10,0,imagen.jpeg,144,pointwise_conv,1x960x7x7,8.270966
10,0,imagen.jpeg,145,batchnorm,1x320x7x7,0.016237
10,0,imagen.jpeg,146,pointwise_conv,1x320x7x7,11.008931
10,0,imagen.jpeg,147,batchnorm,1x1280x7x7,0.064024
10,0,imagen.jpeg,148,activacion,1x1280x7x7,0.180558
10,0,imagen.jpeg,149,pooling,1x1280x7x7,0.039425
10,0,imagen.jpeg,150,linear,1x1280,1.433982
11,0,imagen.jpeg,0,conv2d,1x3x224x224,15.75209
11,0,imagen.jpeg,1,batchnorm,1x32x112x112,0.424034
11,0,imagen.jpeg,2,activacion,1x32x112x112,0.692553
11,0,imagen.jpeg,3,depthwise_conv,1x32x112x112,3.971037
11,0,imagen.jpeg,4,batchnorm,1x32x112x112,2.342756
11,0,imagen.jpeg,5,activacion,1x32x112x112,0.771508
11,0,imagen.jpeg,6,pointwise_conv,1x32x112x112,3.627282
11,0,imagen.jpeg,7,batchnorm,1x16x112x112,0.198596
11,0,imagen.jpeg,8,pointwise_conv,1x16x112x112,11.307124
11,0,imagen.jpeg,9,batchnorm,1x96x112x112,2.205414
11,0,imagen.jpeg,10,activacion,1x96x112x112,3.462402
11,0,imagen.jpeg,11,depthwise_conv,1x96x112x112,3.139757
11,0,imagen.jpeg,12,batchnorm,1x96x56x56,0.281865
11,0,imagen.jpeg,13,activacion,1x96x56x56,1.008609
11,0,imagen.jpeg,14,pointwise_conv,1x96x56x56,3.929117
11,0,imagen.jpeg,15,batchnorm,1x24x56x56,0.080885
11,0,imagen.jpeg,16,pointwise_conv,1x24x56x56,6.608416
11,0,imagen.jpeg,17,batchnorm,1x144x56x56,0.933147
11,0,imagen.jpeg,18,activacion,1x144x56x56,1.359281
11,0,imagen.jpeg,19,depthwise_conv,1x144x56x56,4.581216
11,0,imagen.jpeg,20,batchnorm,1x144x56x56,0.915254
11,0,imagen.jpeg,21,activacion,1x144x56x56,1.612781
11,0,imagen.jpeg,22,pointwise_conv,1x144x56x56,6.270521
11,0,imagen.jpeg,23,batchnorm,1x24x56x56,0.069777
11,0,imagen.jpeg,24,layer_add,1x24x56x56,0.045703
11,0,imagen.jpeg,25,pointwise_conv,1x24x56x56,6.137688
11,0,imagen.jpeg,26,batchnorm,1x144x56x56,0.448445
11,0,imagen.jpeg,27,activacion,1x144x56x56,1.54766
11,0,imagen.jpeg,28,depthwise_conv,1x144x56x56,1.146378
11,0,imagen.jpeg,29,batchnorm,1x144x28x28,0.101009
11,0,imagen.jpeg,30,activacion,1x144x28x28,0.348034
11,0,imagen.jpeg,31,pointwise_conv,1x144x28x28,1.978965
11,0,imagen.jpeg,32,batchnorm,1x32x28x28,0.021849
11,0,imagen.jpeg,33,pointwise_conv,1x32x28x28,2.734387
11,0,imagen.jpeg,34,batchnorm,1x192x28x28,0.140329
11,0,imagen.jpeg,35,activacion,1x192x28x28,0.385852
11,0,imagen.jpeg,36,depthwise_conv,1x192x28x28,1.536426
11,0,imagen.jpeg,37,batchnorm,1x192x28x28,0.199611
11,0,imagen.jpeg,38,activacion,1x192x28x28,0.526304
11,0,imagen.jpeg,39,pointwise_conv,1x192x28x28,2.677655
11,0,imagen.jpeg,40,batchnorm,1x32x28x28,0.022415
11,0,imagen.jpeg,41,layer_add,1x32x28x28,0.015514
11,0,imagen.jpeg,42,pointwise_conv,1x32x28x28,2.692777
11,0,imagen.jpeg,43,batchnorm,1x192x28x28,0.154081
11,0,imagen.jpeg,44,activacion,1x192x28x28,0.440058
11,0,imagen.jpeg,45,depthwise_conv,1x192x28x28,1.513814
11,0,imagen.jpeg,46,batchnorm,1x192x28x28,0.138735
11,0,imagen.jpeg,47,activacion,1x192x28x28,0.514317
11,0,imagen.jpeg,48,pointwise_conv,1x192x28x28,2.632131
11,0,imagen.jpeg,49,batchnorm,1x32x28x28,0.021676
11,0,imagen.jpeg,50,layer_add,1x32x28x28,0.014562
11,0,imagen.jpeg,51,pointwise_conv,1x32x28x28,2.78023
11,0,imagen.jpeg,52,batchnorm,1x192x28x28,0.146531
11,0,imagen.jpeg,53,activacion,1x192x28x28,0.493613
11,0,imagen.jpeg,54,depthwise_conv,1x192x28x28,0.383119
11,0,imagen.jpeg,55,batchnorm,1x192x14x14,0.035128
11,0,imagen.jpeg,56,activacion,1x192x14x14,0.098538
11,0,imagen.jpeg,57,pointwise_conv,1x192x14x14,1.364935
11,0,imagen.jpeg,58,batchnorm,1x64x14x14,0.012428
11,0,imagen.jpeg,59,pointwise_conv,1x64x14x14,3.029546
11,0,imagen.jpeg,60,batchnorm,1x384x14x14,0.072203
11,0,imagen.jpeg,61,activacion,1x384x14x14,0.195472
11,0,imagen.jpeg,62,depthwise_conv,1x384x14x14,0.800614
11,0,imagen.jpeg,63,batchnorm,1x384x14x14,0.069223
11,0,imagen.jpeg,64,activacion,1x384x14x14,0.266405
11,0,imagen.jpeg,65,pointwise_conv,1x384x14x14,2.720547
11,0,imagen.jpeg,66,batchnorm,1x64x14x14,0.011668
11,0,imagen.jpeg,67,layer_add,1x64x14x14,0.007222
11,0,imagen.jpeg,68,pointwise_conv,1x64x14x14,2.925749
11,0,imagen.jpeg,69,batchnorm,1x384x14x14,0.088076
11,0,imagen.jpeg,70,activacion,1x384x14x14,0.272248
11,0,imagen.jpeg,71,depthwise_conv,1x384x14x14,0.827181
11,0,imagen.jpeg,72,batchnorm,1x384x14x14,0.102163
11,0,imagen.jpeg,73,activacion,1x384x14x14,0.260127
11,0,imagen.jpeg,74,pointwise_conv,1x384x14x14,2.800791
11,0,imagen.jpeg,75,batchnorm,1x64x14x14,0.011841
11,0,imagen.jpeg,76,layer_add,1x64x14x14,0.007725
11,0,imagen.jpeg,77,pointwise_conv,1x64x14x14,2.81703
11,0,imagen.jpeg,78,batchnorm,1x384x14x14,0.070651
11,0,imagen.jpeg,79,activacion,1x384x14x14,0.258695
11,0,imagen.jpeg,80,depthwise_conv,1x384x14x14,0.792604
11,0,imagen.jpeg,81,batchnorm,1x384x14x14,0.144585
11,0,imagen.jpeg,82,activacion,1x384x14x14,0.23313
11,0,imagen.jpeg,83,pointwise_conv,1x384x14x14,2.842051
11,0,imagen.jpeg,84,batchnorm,1x64x14x14,0.011975
11,0,imagen.jpeg,85,layer_add,1x64x14x14,0.006851
11,0,imagen.jpeg,86,pointwise_conv,1x64x14x14,2.737527
11,0,imagen.jpeg,87,batchnorm,1x384x14x14,0.069756
11,0,imagen.jpeg,88,activacion,1x384x14x14,0.262347
11,0,imagen.jpeg,89,depthwise_conv,1x384x14x14,0.807927
11,0,imagen.jpeg,90,batchnorm,1x384x14x14,0.068809
11,0,imagen.jpeg,91,activacion,1x384x14x14,0.249774
11,0,imagen.jpeg,92,pointwise_conv,1x384x14x14,4.071511
11,0,imagen.jpeg,93,batchnorm,1x96x14x14,0.019261
11,0,imagen.jpeg,94,pointwise_conv,1x96x14x14,6.21898
11,0,imagen.jpeg,95,batchnorm,1x576x14x14,0.127753
11,0,imagen.jpeg,96,activacion,1x576x14x14,0.391595
11,0,imagen.jpeg,97,depthwise_conv,1x576x14x14,1.15972
11,0,imagen.jpeg,98,batchnorm,1x576x14x14,0.179872
11,0,imagen.jpeg,99,activacion,1x576x14x14,0.339563
11,0,imagen.jpeg,100,pointwise_conv,1x576x14x14,6.136843
11,0,imagen.jpeg,101,batchnorm,1x96x14x14,0.018194
11,0,imagen.jpeg,102,layer_add,1x96x14x14,0.011248
11,0,imagen.jpeg,103,pointwise_conv,1x96x14x14,6.382347
11,0,imagen.jpeg,104,batchnorm,1x576x14x14,0.152407
11,0,imagen.jpeg,105,activacion,1x576x14x14,0.423823
11,0,imagen.jpeg,106,depthwise_conv,1x576x14x14,1.179841
11,0,imagen.jpeg,107,batchnorm,1x576x14x14,0.165921
11,0,imagen.jpeg,108,activacion,1x576x14x14,0.312303
11,0,imagen.jpeg,109,pointwise_conv,1x576x14x14,6.125468
11,0,imagen.jpeg,110,batchnorm,1x96x14x14,0.017852
11,0,imagen.jpeg,111,layer_add,1x96x14x14,0.01294
11,0,imagen.jpeg,112,pointwise_conv,1x96x14x14,6.252434
11,0,imagen.jpeg,113,batchnorm,1x576x14x14,0.118385
11,0,imagen.jpeg,114,activacion,1x576x14x14,0.327757
11,0,imagen.jpeg,115,depthwise_conv,1x576x14x14,0.274341
11,0,imagen.jpeg,116,batchnorm,1x576x7x7,0.031147
11,0,imagen.jpeg,117,activacion,1x576x7x7,0.066996
11,0,imagen.jpeg,118,pointwise_conv,1x576x7x7,2.57434
11,0,imagen.jpeg,119,batchnorm,1x160x7x7,0.008459
11,0,imagen.jpeg,120,pointwise_conv,1x160x7x7,4.233323
11,0,imagen.jpeg,121,batchnorm,1x960x7x7,0.047029
11,0,imagen.jpeg,122,activacion,1x960x7x7,0.157028
11,0,imagen.jpeg,123,depthwise_conv,1x960x7x7,0.447815
11,0,imagen.jpeg,124,batchnorm,1x960x7x7,0.045493
11,0,imagen.jpeg,125,activacion,1x960x7x7,0.147447
11,0,imagen.jpeg,126,pointwise_conv,1x960x7x7,4.170817
11,0,imagen.jpeg,127,batchnorm,1x160x7x7,0.007928
11,0,imagen.jpeg,128,layer_add,1x160x7x7,0.004038
11,0,imagen.jpeg,129,pointwise_conv,1x160x7x7,4.335133
11,0,imagen.jpeg,130,batchnorm,1x960x7x7,0.049423
11,0,imagen.jpeg,131,activacion,1x960x7x7,0.150792
11,0,imagen.jpeg,132,depthwise_conv,1x960x7x7,0.528576
11,0,imagen.jpeg,133,batchnorm,1x960x7x7,0.070341
11,0,imagen.jpeg,134,activacion,1x960x7x7,0.132618
11,0,imagen.jpeg,135,pointwise_conv,1x960x7x7,4.160603
11,0,imagen.jpeg,136,batchnorm,1x160x7x7,0.008112
11,0,imagen.jpeg,137,layer_add,1x160x7x7,0.004922
11,0,imagen.jpeg,138,pointwise_conv,1x160x7x7,4.309184
11,0,imagen.jpeg,139,batchnorm,1x960x7x7,0.047807
11,0,imagen.jpeg,140,activacion,1x960x7x7,0.119513
11,0,imagen.jpeg,141,depthwise_conv,1x960x7x7,0.447902
11,0,imagen.jpeg,142,batchnorm,1x960x7x7,0.049174
11,0,imagen.jpeg,143,activacion,1x960x7x7,0.092201
11,0,imagen.jpeg,144,pointwise_conv,1x960x7x7,8.748428
11,0,imagen.jpeg,145,batchnorm,1x320x7x7,0.017192
11,0,imagen.jpeg,146,pointwise_conv,1x320x7x7,11.432933
11,0,imagen.jpeg,147,batchnorm,1x1280x7x7,0.104587
11,0,imagen.jpeg,148,activacion,1x1280x7x7,0.193852
11,0,imagen.jpeg,149,pooling,1x1280x7x7,0.04285
11,0,imagen.jpeg,150,linear,1x1280,1.461737
12,0,imagen.jpeg,0,conv2d,1x3x224x224,16.0895
12,0,imagen.jpeg,1,batchnorm,1x32x112x112,0.405453
12,0,imagen.jpeg,2,activacion,1x32x112x112,0.665461
12,0,imagen.jpeg,3,depthwise_conv,1x32x112x112,3.982858
12,0,imagen.jpeg,4,batchnorm,1x32x112x112,2.329416
12,0,imagen.jpeg,5,activacion,1x32x112x112,0.75023
12,0,imagen.jpeg,6,pointwise_conv,1x32x112x112,4.026278
12,0,imagen.jpeg,7,batchnorm,1x16x112x112,0.19587
12,0,imagen.jpeg,8,pointwise_conv,1x16x112x112,11.3354
12,0,imagen.jpeg,9,batchnorm,1x96x112x112,2.144593
12,0,imagen.jpeg,10,activacion,1x96x112x112,3.439086
12,0,imagen.jpeg,11,depthwise_conv,1x96x112x112,3.117776
12,0,imagen.jpeg,12,batchnorm,1x96x56x56,0.282683
12,0,imagen.jpeg,13,activacion,1x96x56x56,1.058576
12,0,imagen.jpeg,14,pointwise_conv,1x96x56x56,3.953279
12,0,imagen.jpeg,15,batchnorm,1x24x56x56,0.067559
12,0,imagen.jpeg,16,pointwise_conv,1x24x56x56,6.631435
12,0,imagen.jpeg,17,batchnorm,1x144x56x56,0.922027
12,0,imagen.jpeg,18,activacion,1x144x56x56,1.277493
12,0,imagen.jpeg,19,depthwise_conv,1x144x56x56,4.50402
12,0,imagen.jpeg,20,batchnorm,1x144x56x56,0.916237
12,0,imagen.jpeg,21,activacion,1x144x56x56,1.606818
12,0,imagen.jpeg,22,pointwise_conv,1x144x56x56,6.659018
12,0,imagen.jpeg,23,batchnorm,1x24x56x56,0.068796
12,0,imagen.jpeg,24,layer_add,1x24x56x56,0.045089
12,0,imagen.jpeg,25,pointwise_conv,1x24x56x56,6.076747
12,0,imagen.jpeg,26,batchnorm,1x144x56x56,0.476515
12,0,imagen.jpeg,27,activacion,1x144x56x56,1.55219
12,0,imagen.jpeg,28,depthwise_conv,1x144x56x56,1.171146
12,0,imagen.jpeg,29,batchnorm,1x144x28x28,0.104559
12,0,imagen.jpeg,30,activacion,1x144x28x28,0.348217
12,0,imagen.jpeg,31,pointwise_conv,1x144x28x28,1.979277
12,0,imagen.jpeg,32,batchnorm,1x32x28x28,0.021983
12,0,imagen.jpeg,33,pointwise_conv,1x32x28x28,2.761009
12,0,imagen.jpeg,34,batchnorm,1x192x28x28,0.145018
12,0,imagen.jpeg,35,activacion,1x192x28x28,0.383068
12,0,imagen.jpeg,36,depthwise_conv,1x192x28x28,1.509672
12,0,imagen.jpeg,37,batchnorm,1x192x28x28,0.139776
12,0,imagen.jpeg,38,activacion,1x192x28x28,0.52984
12,0,imagen.jpeg,39,pointwise_conv,1x192x28x28,2.649654
12,0,imagen.jpeg,40,batchnorm,1x32x28x28,0.022335
12,0,imagen.jpeg,41,layer_add,1x32x28x28,0.014121
12,0,imagen.jpeg,42,pointwise_conv,1x32x28x28,2.69632
12,0,imagen.jpeg,43,batchnorm,1x192x28x28,0.152292
12,0,imagen.jpeg,44,activacion,1x192x28x28,0.439828
12,0,imagen.jpeg,45,depthwise_conv,1x192x28x28,1.542501
12,0,imagen.jpeg,46,batchnorm,1x192x28x28,0.137935
12,0,imagen.jpeg,47,activacion,1x192x28x28,0.509302
12,0,imagen.jpeg,48,pointwise_conv,1x192x28x28,2.65674
12,0,imagen.jpeg,49,batchnorm,1x32x28x28,0.02252
12,0,imagen.jpeg,50,layer_add,1x32x28x28,0.016562
12,0,imagen.jpeg,51,pointwise_conv,1x32x28x28,2.795437
12,0,imagen.jpeg,52,batchnorm,1x192x28x28,0.153303
12,0,imagen.jpeg,53,activacion,1x192x28x28,0.495464
12,0,imagen.jpeg,54,depthwise_conv,1x192x28x28,0.382787
12,0,imagen.jpeg,55,batchnorm,1x192x14x14,0.035051
12,0,imagen.jpeg,56,activacion,1x192x14x14,0.098992
12,0,imagen.jpeg,57,pointwise_conv,1x192x14x14,1.360898
12,0,imagen.jpeg,58,batchnorm,1x64x14x14,0.012527
12,0,imagen.jpeg,59,pointwise_conv,1x64x14x14,2.773174
12,0,imagen.jpeg,60,batchnorm,1x384x14x14,0.072254
12,0,imagen.jpeg,61,activacion,1x384x14x14,0.196596
12,0,imagen.jpeg,62,depthwise_conv,1x384x14x14,0.770929
12,0,imagen.jpeg,63,batchnorm,1x384x14x14,0.067355
12,0,imagen.jpeg,64,activacion,1x384x14x14,0.266875
12,0,imagen.jpeg,65,pointwise_conv,1x384x14x14,2.858314
12,0,imagen.jpeg,66,batchnorm,1x64x14x14,0.014619
12,0,imagen.jpeg,67,layer_add,1x64x14x14,0.007944
12,0,imagen.jpeg,68,pointwise_conv,1x64x14x14,2.981592
12,0,imagen.jpeg,69,batchnorm,1x384x14x14,0.07176
12,0,imagen.jpeg,70,activacion,1x384x14x14,0.243757
12,0,imagen.jpeg,71,depthwise_conv,1x384x14x14,0.769789
12,0,imagen.jpeg,72,batchnorm,1x384x14x14,0.117862
12,0,imagen.jpeg,73,activacion,1x384x14x14,0.257026
12,0,imagen.jpeg,74,pointwise_conv,1x384x14x14,2.855608
12,0,imagen.jpeg,75,batchnorm,1x64x14x14,0.011694
12,0,imagen.jpeg,76,layer_add,1x64x14x14,0.007575
12,0,imagen.jpeg,77,pointwise_conv,1x64x14x14,2.728363
12,0,imagen.jpeg,78,batchnorm,1x384x14x14,0.070562
12,0,imagen.jpeg,79,activacion,1x384x14x14,0.258372
12,0,imagen.jpeg,80,depthwise_conv,1x384x14x14,0.775351
12,0,imagen.jpeg,81,batchnorm,1x384x14x14,0.14323
12,0,imagen.jpeg,82,activacion,1x384x14x14,0.230472
12,0,imagen.jpeg,83,pointwise_conv,1x384x14x14,2.717065
12,0,imagen.jpeg,84,batchnorm,1x64x14x14,0.012135
12,0,imagen.jpeg,85,layer_add,1x64x14x14,0.007104
12,0,imagen.jpeg,86,pointwise_conv,1x64x14x14,2.751847
12,0,imagen.jpeg,87,batchnorm,1x384x14x14,0.07075
12,0,imagen.jpeg,88,activacion,1x384x14x14,0.257854
12,0,imagen.jpeg,89,depthwise_conv,1x384x14x14,0.787262
12,0,imagen.jpeg,90,batchnorm,1x384x14x14,0.067783
12,0,imagen.jpeg,91,activacion,1x384x14x14,0.242975
12,0,imagen.jpeg,92,pointwise_conv,1x384x14x14,4.190562
12,0,imagen.jpeg,93,batchnorm,1x96x14x14,0.019265
12,0,imagen.jpeg,94,pointwise_conv,1x96x14x14,6.240866
12,0,imagen.jpeg,95,batchnorm,1x576x14x14,0.109102
12,0,imagen.jpeg,96,activacion,1x576x14x14,0.370723
12,0,imagen.jpeg,97,depthwise_conv,1x576x14x14,1.16598
12,0,imagen.jpeg,98,batchnorm,1x576x14x14,0.178041
12,0,imagen.jpeg,99,activacion,1x576x14x14,0.360945
12,0,imagen.jpeg,100,pointwise_conv,1x576x14x14,6.302832
12,0,imagen.jpeg,101,batchnorm,1x96x14x14,0.019678
12,0,imagen.jpeg,102,layer_add,1x96x14x14,0.01185
12,0,imagen.jpeg,103,pointwise_conv,1x96x14x14,6.294083
12,0,imagen.jpeg,104,batchnorm,1x576x14x14,0.118229
12,0,imagen.jpeg,105,activacion,1x576x14x14,0.384718
12,0,imagen.jpeg,106,depthwise_conv,1x576x14x14,1.160841
12,0,imagen.jpeg,107,batchnorm,1x576x14x14,0.172726
12,0,imagen.jpeg,108,activacion,1x576x14x14,0.316708
12,0,imagen.jpeg,109,pointwise_conv,1x576x14x14,6.211418
12,0,imagen.jpeg,110,batchnorm,1x96x14x14,0.018375
12,0,imagen.jpeg,111,layer_add,1x96x14x14,0.014339
12,0,imagen.jpeg,112,pointwise_conv,1x96x14x14,6.523072
12,0,imagen.jpeg,113,batchnorm,1x576x14x14,0.128086
12,0,imagen.jpeg,114,activacion,1x576x14x14,0.34884
12,0,imagen.jpeg,115,depthwise_conv,1x576x14x14,0.281839
12,0,imagen.jpeg,116,batchnorm,1x576x7x7,0.031978
12,0,imagen.jpeg,117,activacion,1x576x7x7,0.068254
12,0,imagen.jpeg,118,pointwise_conv,1x576x7x7,2.570333
12,0,imagen.jpeg,119,batchnorm,1x160x7x7,0.008167
12,0,imagen.jpeg,120,pointwise_conv,1x160x7x7,4.326176
12,0,imagen.jpeg,121,batchnorm,1x960x7x7,0.050141
12,0,imagen.jpeg,122,activacion,1x960x7x7,0.177759
12,0,imagen.jpeg,123,depthwise_conv,1x960x7x7,0.447888
12,0,imagen.jpeg,124,batchnorm,1x960x7x7,0.045607
12,0,imagen.jpeg,125,activacion,1x960x7x7,0.14519
12,0,imagen.jpeg,126,pointwise_conv,1x960x7x7,4.25308
12,0,imagen.jpeg,127,batchnorm,1x160x7x7,0.008522
12,0,imagen.jpeg,128,layer_add,1x160x7x7,0.004673
12,0,imagen.jpeg,129,pointwise_conv,1x160x7x7,4.281983
12,0,imagen.jpeg,130,batchnorm,1x960x7x7,0.048178
12,0,imagen.jpeg,131,activacion,1x960x7x7,0.149393
12,0,imagen.jpeg,132,depthwise_conv,1x960x7x7,0.449934
12,0,imagen.jpeg,133,batchnorm,1x960x7x7,0.068956
12,0,imagen.jpeg,134,activacion,1x960x7x7,0.130959
12,0,imagen.jpeg,135,pointwise_conv,1x960x7x7,4.23889
12,0,imagen.jpeg,136,batchnorm,1x160x7x7,0.007685
12,0,imagen.jpeg,137,layer_add,1x160x7x7,0.005058
12,0,imagen.jpeg,138,pointwise_conv,1x160x7x7,4.421594
12,0,imagen.jpeg,139,batchnorm,1x960x7x7,0.051971
12,0,imagen.jpeg,140,activacion,1x960x7x7,0.120434
12,0,imagen.jpeg,141,depthwise_conv,1x960x7x7,0.456488
12,0,imagen.jpeg,142,batchnorm,1x960x7x7,0.050457
12,0,imagen.jpeg,143,activacion,1x960x7x7,0.093457
12,0,imagen.jpeg,144,pointwise_conv,1x960x7x7,8.518741
12,0,imagen.jpeg,145,batchnorm,1x320x7x7,0.025263
12,0,imagen.jpeg,146,pointwise_conv,1x320x7x7,11.655119
12,0,imagen.jpeg,147,batchnorm,1x1280x7x7,0.064742
12,0,imagen.jpeg,148,activacion,1x1280x7x7,0.197395
12,0,imagen.jpeg,149,pooling,1x1280x7x7,0.041432
12,0,imagen.jpeg,150,linear,1x1280,1.448225
13,0,imagen.jpeg,0,conv2d,1x3x224x224,17.669561
13,0,imagen.jpeg,1,batchnorm,1x32x112x112,0.484626
13,0,imagen.jpeg,2,activacion,1x32x112x112,0.716618
13,0,imagen.jpeg,3,depthwise_conv,1x32x112x112,4.374808
13,0,imagen.jpeg,4,batchnorm,1x32x112x112,2.398375
13,0,imagen.jpeg,5,activacion,1x32x112x112,0.771286
13,0,imagen.jpeg,6,pointwise_conv,1x32x112x112,3.744341
13,0,imagen.jpeg,7,batchnorm,1x16x112x112,0.298302
13,0,imagen.jpeg,8,pointwise_conv,1x16x112x112,13.175501
13,0,imagen.jpeg,9,batchnorm,1x96x112x112,2.229565
13,0,imagen.jpeg,10,activacion,1x96x112x112,3.517189
13,0,imagen.jpeg,11,depthwise_conv,1x96x112x112,3.325731
13,0,imagen.jpeg,12,batchnorm,1x96x56x56,0.291879
13,0,imagen.jpeg,13,activacion,1x96x56x56,1.048669
13,0,imagen.jpeg,14,pointwise_conv,1x96x56x56,4.486497
13,0,imagen.jpeg,15,batchnorm,1x24x56x56,0.070618
13,0,imagen.jpeg,16,pointwise_conv,1x24x56x56,6.837535
13,0,imagen.jpeg,17,batchnorm,1x144x56x56,0.966943
13,0,imagen.jpeg,18,activacion,1x144x56x56,1.306957
13,0,imagen.jpeg,19,depthwise_conv,1x144x56x56,4.652989
13,0,imagen.jpeg,20,batchnorm,1x144x56x56,0.958128
13,0,imagen.jpeg,21,activacion,1x144x56x56,1.673635
13,0,imagen.jpeg,22,pointwise_conv,1x144x56x56,6.171156
13,0,imagen.jpeg,23,batchnorm,1x24x56x56,0.068769
13,0,imagen.jpeg,24,layer_add,1x24x56x56,0.050159
13,0,imagen.jpeg,25,pointwise_conv,1x24x56x56,6.56986
13,0,imagen.jpeg,26,batchnorm,1x144x56x56,0.507562
13,0,imagen.jpeg,27,activacion,1x144x56x56,1.605676
13,0,imagen.jpeg,28,depthwise_conv,1x144x56x56,1.203071
13,0,imagen.jpeg,29,batchnorm,1x144x28x28,0.104123
13,0,imagen.jpeg,30,activacion,1x144x28x28,0.373806
13,0,imagen.jpeg,31,pointwise_conv,1x144x28x28,2.040905
13,0,imagen.jpeg,32,batchnorm,1x32x28x28,0.022096
13,0,imagen.jpeg,33,pointwise_conv,1x32x28x28,2.80988
13,0,imagen.jpeg,34,batchnorm,1x192x28x28,0.156735
13,0,imagen.jpeg,35,activacion,1x192x28x28,0.386306
13,0,imagen.jpeg,36,depthwise_conv,1x192x28x28,1.577723
13,0,imagen.jpeg,37,batchnorm,1x192x28x28,0.149625
13,0,imagen.jpeg,38,activacion,1x192x28x28,0.538821
13,0,imagen.jpeg,39,pointwise_conv,1x192x28x28,2.761662
13,0,imagen.jpeg,40,batchnorm,1x32x28x28,0.025156
13,0,imagen.jpeg,41,layer_add,1x32x28x28,0.015434
13,0,imagen.jpeg,42,pointwise_conv,1x32x28x28,2.842886
13,0,imagen.jpeg,43,batchnorm,1x192x28x28,0.153878
13,0,imagen.jpeg,44,activacion,1x192x28x28,0.471861
13,0,imagen.jpeg,45,depthwise_conv,1x192x28x28,1.609983
13,0,imagen.jpeg,46,batchnorm,1x192x28x28,0.164919
13,0,imagen.jpeg,47,activacion,1x192x28x28,0.540254
13,0,imagen.jpeg,48,pointwise_conv,1x192x28x28,2.882176
13,0,imagen.jpeg,49,batchnorm,1x32x28x28,0.023125
13,0,imagen.jpeg,50,layer_add,1x32x28x28,0.01427
13,0,imagen.jpeg,51,pointwise_conv,1x32x28x28,2.828633
13,0,imagen.jpeg,52,batchnorm,1x192x28x28,0.155323
13,0,imagen.jpeg,53,activacion,1x192x28x28,0.564803
13,0,imagen.jpeg,54,depthwise_conv,1x192x28x28,0.422451
13,0,imagen.jpeg,55,batchnorm,1x192x14x14,0.03576
13,0,imagen.jpeg,56,activacion,1x192x14x14,0.103869
13,0,imagen.jpeg,57,pointwise_conv,1x192x14x14,1.42258
13,0,imagen.jpeg,58,batchnorm,1x64x14x14,0.012394
13,0,imagen.jpeg,59,pointwise_conv,1x64x14x14,2.99026
13,0,imagen.jpeg,60,batchnorm,1x384x14x14,0.076849
13,0,imagen.jpeg,61,activacion,1x384x14x14,0.208319
13,0,imagen.jpeg,62,depthwise_conv,1x384x14x14,0.836532
13,0,imagen.jpeg,63,batchnorm,1x384x14x14,0.070925
13,0,imagen.jpeg,64,activacion,1x384x14x14,0.28798
13,0,imagen.jpeg,65,pointwise_conv,1x384x14x14,2.851064
13,0,imagen.jpeg,66,batchnorm,1x64x14x14,0.012306
13,0,imagen.jpeg,67,layer_add,1x64x14x14,0.007074
13,0,imagen.jpeg,68,pointwise_conv,1x64x14x14,2.871932
13,0,imagen.jpeg,69,batchnorm,1x384x14x14,0.067491
13,0,imagen.jpeg,70,activacion,1x384x14x14,0.242565
13,0,imagen.jpeg,71,depthwise_conv,1x384x14x14,0.813137
13,0,imagen.jpeg,72,batchnorm,1x384x14x14,0.10027
13,0,imagen.jpeg,73,activacion,1x384x14x14,0.284767
13,0,imagen.jpeg,74,pointwise_conv,1x384x14x14,2.773461
13,0,imagen.jpeg,75,batchnorm,1x64x14x14,0.011556
13,0,imagen.jpeg,76,layer_add,1x64x14x14,0.007452
13,0,imagen.jpeg,77,pointwise_conv,1x64x14x14,3.013007
13,0,imagen.jpeg,78,batchnorm,1x384x14x14,0.080349
13,0,imagen.jpeg,79,activacion,1x384x14x14,0.276911
13,0,imagen.jpeg,80,depthwise_conv,1x384x14x14,0.782841
13,0,imagen.jpeg,81,batchnorm,1x384x14x14,0.151169
13,0,imagen.jpeg,82,activacion,1x384x14x14,0.235936
13,0,imagen.jpeg,83,pointwise_conv,1x384x14x14,2.906831
13,0,imagen.jpeg,84,batchnorm,1x64x14x14,0.01191
13,0,imagen.jpeg,85,layer_add,1x64x14x14,0.00678
13,0,imagen.jpeg,86,pointwise_conv,1x64x14x14,2.810624
13,0,imagen.jpeg,87,batchnorm,1x384x14x14,0.067681
13,0,imagen.jpeg,88,activacion,1x384x14x14,0.260438
13,0,imagen.jpeg,89,depthwise_conv,1x384x14x14,0.80615
13,0,imagen.jpeg,90,batchnorm,1x384x14x14,0.068921
13,0,imagen.jpeg,91,activacion,1x384x14x14,0.24923
13,0,imagen.jpeg,92,pointwise_conv,1x384x14x14,4.196491
13,0,imagen.jpeg,93,batchnorm,1x96x14x14,0.017791
13,0,imagen.jpeg,94,pointwise_conv,1x96x14x14,6.100823
13,0,imagen.jpeg,95,batchnorm,1x576x14x14,0.115534
13,0,imagen.jpeg,96,activacion,1x576x14x14,0.37679
13,0,imagen.jpeg,97,depthwise_conv,1x576x14x14,1.201151
13,0,imagen.jpeg,98,batchnorm,1x576x14x14,0.183906
13,0,imagen.jpeg,99,activacion,1x576x14x14,0.354322
13,0,imagen.jpeg,100,pointwise_conv,1x576x14x14,6.123016
13,0,imagen.jpeg,101,batchnorm,1x96x14x14,0.016296
13,0,imagen.jpeg,102,layer_add,1x96x14x14,0.010202
13,0,imagen.jpeg,103,pointwise_conv,1x96x14x14,6.434334
13,0,imagen.jpeg,104,batchnorm,1x576x14x14,0.113239
13,0,imagen.jpeg,105,activacion,1x576x14x14,0.374219
13,0,imagen.jpeg,106,depthwise_conv,1x576x14x14,1.161065
13,0,imagen.jpeg,107,batchnorm,1x576x14x14,0.161976
13,0,imagen.jpeg,108,activacion,1x576x14x14,0.306988
13,0,imagen.jpeg,109,pointwise_conv,1x576x14x14,6.078128
13,0,imagen.jpeg,110,batchnorm,1x96x14x14,0.016639
13,0,imagen.jpeg,111,layer_add,1x96x14x14,0.011791
13,0,imagen.jpeg,112,pointwise_conv,1x96x14x14,6.200443
13,0,imagen.jpeg,113,batchnorm,1x576x14x14,0.141874
13,0,imagen.jpeg,114,activacion,1x576x14x14,0.335318
13,0,imagen.jpeg,115,depthwise_conv,1x576x14x14,0.301958
13,0,imagen.jpeg,116,batchnorm,1x576x7x7,0.062212
13,0,imagen.jpeg,117,activacion,1x576x7x7,0.073402
13,0,imagen.jpeg,118,pointwise_conv,1x576x7x7,2.607413
13,0,imagen.jpeg,119,batchnorm,1x160x7x7,0.008403
13,0,imagen.jpeg,120,pointwise_conv,1x160x7x7,4.077696
13,0,imagen.jpeg,121,batchnorm,1x960x7x7,0.044183
13,0,imagen.jpeg,122,activacion,1x960x7x7,0.148077
13,0,imagen.jpeg,123,depthwise_conv,1x960x7x7,0.423872
13,0,imagen.jpeg,124,batchnorm,1x960x7x7,0.042114
13,0,imagen.jpeg,125,activacion,1x960x7x7,0.148122
13,0,imagen.jpeg,126,pointwise_conv,1x960x7x7,4.23706
13,0,imagen.jpeg,127,batchnorm,1x160x7x7,0.008016
13,0,imagen.jpeg,128,layer_add,1x160x7x7,0.004274
13,0,imagen.jpeg,129,pointwise_conv,1x160x7x7,4.283723
13,0,imagen.jpeg,130,batchnorm,1x960x7x7,0.047668
13,0,imagen.jpeg,131,activacion,1x960x7x7,0.152975
13,0,imagen.jpeg,132,depthwise_conv,1x960x7x7,0.430912
13,0,imagen.jpeg,133,batchnorm,1x960x7x7,0.053948
13,0,imagen.jpeg,134,activacion,1x960x7x7,0.124596
13,0,imagen.jpeg,135,pointwise_conv,1x960x7x7,4.090498
13,0,imagen.jpeg,136,batchnorm,1x160x7x7,0.007238
13,0,imagen.jpeg,137,layer_add,1x160x7x7,0.004396
13,0,imagen.jpeg,138,pointwise_conv,1x160x7x7,4.309101
13,0,imagen.jpeg,139,batchnorm,1x960x7x7,0.045484
13,0,imagen.jpeg,140,activacion,1x960x7x7,0.113573
13,0,imagen.jpeg,141,depthwise_conv,1x960x7x7,0.438
13,0,imagen.jpeg,142,batchnorm,1x960x7x7,0.047569
13,0,imagen.jpeg,143,activacion,1x960x7x7,0.094441
13,0,imagen.jpeg,144,pointwise_conv,1x960x7x7,8.235557
13,0,imagen.jpeg,145,batchnorm,1x320x7x7,0.015215
13,0,imagen.jpeg,146,pointwise_conv,1x320x7x7,10.759347
13,0,imagen.jpeg,147,batchnorm,1x1280x7x7,0.059528
13,0,imagen.jpeg,148,activacion,1x1280x7x7,0.177027
13,0,imagen.jpeg,149,pooling,1x1280x7x7,0.038467
13,0,imagen.jpeg,150,linear,1x1280,1.394746
14,0,imagen.jpeg,0,conv2d,1x3x224x224,15.805956
14,0,imagen.jpeg,1,batchnorm,1x32x112x112,0.419178
14,0,imagen.jpeg,2,activacion,1x32x112x112,0.666389
14,0,imagen.jpeg,3,depthwise_conv,1x32x112x112,4.006187
14,0,imagen.jpeg,4,batchnorm,1x32x112x112,2.446165
14,0,imagen.jpeg,5,activacion,1x32x112x112,0.780383
14,0,imagen.jpeg,6,pointwise_conv,1x32x112x112,3.676554
14,0,imagen.jpeg,7,batchnorm,1x16x112x112,0.179226
14,0,imagen.jpeg,8,pointwise_conv,1x16x112x112,11.470802
14,0,imagen.jpeg,9,batchnorm,1x96x112x112,2.124635
14,0,imagen.jpeg,10,activacion,1x96x112x112,3.510766
14,0,imagen.jpeg,11,depthwise_conv,1x96x112x112,3.250318
14,0,imagen.jpeg,12,batchnorm,1x96x56x56,0.316239
14,0,imagen.jpeg,13,activacion,1x96x56x56,1.047151
14,0,imagen.jpeg,14,pointwise_conv,1x96x56x56,3.995982
14,0,imagen.jpeg,15,batchnorm,1x24x56x56,0.070137
14,0,imagen.jpeg,16,pointwise_conv,1x24x56x56,6.879073
14,0,imagen.jpeg,17,batchnorm,1x144x56x56,0.929116
14,0,imagen.jpeg,18,activacion,1x144x56x56,1.310752
14,0,imagen.jpeg,19,depthwise_conv,1x144x56x56,4.539948
14,0,imagen.jpeg,20,batchnorm,1x144x56x56,0.948331
14,0,imagen.jpeg,21,activacion,1x144x56x56,1.600223
14,0,imagen.jpeg,22,pointwise_conv,1x144x56x56,5.811904
14,0,imagen.jpeg,23,batchnorm,1x24x56x56,0.063184
14,0,imagen.jpeg,24,layer_add,1x24x56x56,0.046866
14,0,imagen.jpeg,25,pointwise_conv,1x24x56x56,6.131743
14,0,imagen.jpeg,26,batchnorm,1x144x56x56,0.434671
14,0,imagen.jpeg,27,activacion,1x144x56x56,1.531866
14,0,imagen.jpeg,28,depthwise_conv,1x144x56x56,1.105489
14,0,imagen.jpeg,29,batchnorm,1x144x28x28,0.096869
14,0,imagen.jpeg,30,activacion,1x144x28x28,0.340616
14,0,imagen.jpeg,31,pointwise_conv,1x144x28x28,1.984795
14,0,imagen.jpeg,32,batchnorm,1x32x28x28,0.021828
14,0,imagen.jpeg,33,pointwise_conv,1x32x28x28,2.7134
14,0,imagen.jpeg,34,batchnorm,1x192x28x28,0.134064
14,0,imagen.jpeg,35,activacion,1x192x28x28,0.383547
14,0,imagen.jpeg,36,depthwise_conv,1x192x28x28,1.496445
14,0,imagen.jpeg,37,batchnorm,1x192x28x28,0.129211
14,0,imagen.jpeg,38,activacion,1x192x28x28,0.551552
14,0,imagen.jpeg,39,pointwise_conv,1x192x28x28,2.905767
14,0,imagen.jpeg,40,batchnorm,1x32x28x28,0.023739
14,0,imagen.jpeg,41,layer_add,1x32x28x28,0.015551
14,0,imagen.jpeg,42,pointwise_conv,1x32x28x28,2.679864
14,0,imagen.jpeg,43,batchnorm,1x192x28x28,0.187533
14,0,imagen.jpeg,44,activacion,1x192x28x28,0.413034
14,0,imagen.jpeg,45,depthwise_conv,1x192x28x28,1.488046
14,0,imagen.jpeg,46,batchnorm,1x192x28x28,0.132684
14,0,imagen.jpeg,47,activacion,1x192x28x28,0.520115
14,0,imagen.jpeg,48,pointwise_conv,1x192x28x28,2.755229
14,0,imagen.jpeg,49,batchnorm,1x32x28x28,0.023596
14,0,imagen.jpeg,50,layer_add,1x32x28x28,0.014954
14,0,imagen.jpeg,51,pointwise_conv,1x32x28x28,2.688311
14,0,imagen.jpeg,52,batchnorm,1x192x28x28,0.13981
14,0,imagen.jpeg,53,activacion,1x192x28x28,0.505027
14,0,imagen.jpeg,54,depthwise_conv,1x192x28x28,0.382055
14,0,imagen.jpeg,55,batchnorm,1x192x14x14,0.03457
14,0,imagen.jpeg,56,activacion,1x192x14x14,0.09842
14,0,imagen.jpeg,57,pointwise_conv,1x192x14x14,1.355466
14,0,imagen.jpeg,58,batchnorm,1x64x14x14,0.012314
14,0,imagen.jpeg,59,pointwise_conv,1x64x14x14,2.744575
14,0,imagen.jpeg,60,batchnorm,1x384x14x14,0.073124
14,0,imagen.jpeg,61,activacion,1x384x14x14,0.185939
14,0,imagen.jpeg,62,depthwise_conv,1x384x14x14,0.761703
14,0,imagen.jpeg,63,batchnorm,1x384x14x14,0.0654
14,0,imagen.jpeg,64,activacion,1x384x14x14,0.262578
14,0,imagen.jpeg,65,pointwise_conv,1x384x14x14,2.717022
14,0,imagen.jpeg,66,batchnorm,1x64x14x14,0.01124
14,0,imagen.jpeg,67,layer_add,1x64x14x14,0.006232
14,0,imagen.jpeg,68,pointwise_conv,1x64x14x14,2.889062
14,0,imagen.jpeg,69,batchnorm,1x384x14x14,0.074901
14,0,imagen.jpeg,70,activacion,1x384x14x14,0.243271
14,0,imagen.jpeg,71,depthwise_conv,1x384x14x14,0.773006
14,0,imagen.jpeg,72,batchnorm,1x384x14x14,0.097911
14,0,imagen.jpeg,73,activacion,1x384x14x14,0.249191
14,0,imagen.jpeg,74,pointwise_conv,1x384x14x14,2.684051
14,0,imagen.jpeg,75,batchnorm,1x64x14x14,0.01116
14,0,imagen.jpeg,76,layer_add,1x64x14x14,0.007236
14,0,imagen.jpeg,77,pointwise_conv,1x64x14x14,2.763661
14,0,imagen.jpeg,78,batchnorm,1x384x14x14,0.070044
14,0,imagen.jpeg,79,activacion,1x384x14x14,0.261018
14,0,imagen.jpeg,80,depthwise_conv,1x384x14x14,0.796118
14,0,imagen.jpeg,81,batchnorm,1x384x14x14,0.142811
14,0,imagen.jpeg,82,activacion,1x384x14x14,0.228909
14,0,imagen.jpeg,83,pointwise_conv,1x384x14x14,2.702446
14,0,imagen.jpeg,84,batchnorm,1x64x14x14,0.010768
14,0,imagen.jpeg,85,layer_add,1x64x14x14,0.005976
14,0,imagen.jpeg,86,pointwise_conv,1x64x14x14,2.6334
14,0,imagen.jpeg,87,batchnorm,1x384x14x14,0.063687
14,0,imagen.jpeg,88,activacion,1x384x14x14,0.26935
14,0,imagen.jpeg,89,depthwise_conv,1x384x14x14,0.817936
14,0,imagen.jpeg,90,batchnorm,1x384x14x14,0.067781
14,0,imagen.jpeg,91,activacion,1x384x14x14,0.242566
14,0,imagen.jpeg,92,pointwise_conv,1x384x14x14,4.079514
14,0,imagen.jpeg,93,batchnorm,1x96x14x14,0.01752
14,0,imagen.jpeg,94,pointwise_conv,1x96x14x14,6.310746
14,0,imagen.jpeg,95,batchnorm,1x576x14x14,0.114836
14,0,imagen.jpeg,96,activacion,1x576x14x14,0.39069
14,0,imagen.jpeg,97,depthwise_conv,1x576x14x14,1.158102
14,0,imagen.jpeg,98,batchnorm,1x576x14x14,0.177382
14,0,imagen.jpeg,99,activacion,1x576x14x14,0.33452
14,0,imagen.jpeg,100,pointwise_conv,1x576x14x14,6.183139
14,0,imagen.jpeg,101,batchnorm,1x96x14x14,0.017599
14,0,imagen.jpeg,102,layer_add,1x96x14x14,0.010801
14,0,imagen.jpeg,103,pointwise_conv,1x96x14x14,6.178876
14,0,imagen.jpeg,104,batchnorm,1x576x14x14,0.114336
14,0,imagen.jpeg,105,activacion,1x576x14x14,0.379029
14,0,imagen.jpeg,106,depthwise_conv,1x576x14x14,1.16283
14,0,imagen.jpeg,107,batchnorm,1x576x14x14,0.162349
14,0,imagen.jpeg,108,activacion,1x576x14x14,0.308869
14,0,imagen.jpeg,109,pointwise_conv,1x576x14x14,6.482794
14,0,imagen.jpeg,110,batchnorm,1x96x14x14,0.018287
14,0,imagen.jpeg,111,layer_add,1x96x14x14,0.013537
14,0,imagen.jpeg,112,pointwise_conv,1x96x14x14,5.988864
14,0,imagen.jpeg,113,batchnorm,1x576x14x14,0.138978
14,0,imagen.jpeg,114,activacion,1x576x14x14,0.329491
14,0,imagen.jpeg,115,depthwise_conv,1x576x14x14,0.280102
14,0,imagen.jpeg,116,batchnorm,1x576x7x7,0.02998
14,0,imagen.jpeg,117,activacion,1x576x7x7,0.064992
14,0,imagen.jpeg,118,pointwise_conv,1x576x7x7,2.480616
14,0,imagen.jpeg,119,batchnorm,1x160x7x7,0.007689
14,0,imagen.jpeg,120,pointwise_conv,1x160x7x7,4.041958
14,0,imagen.jpeg,121,batchnorm,1x960x7x7,0.042882
14,0,imagen.jpeg,122,activacion,1x960x7x7,0.207035
14,0,imagen.jpeg,123,depthwise_conv,1x960x7x7,0.429725
14,0,imagen.jpeg,124,batchnorm,1x960x7x7,0.04254
14,0,imagen.jpeg,125,activacion,1x960x7x7,0.138224
14,0,imagen.jpeg,126,pointwise_conv,1x960x7x7,4.122468
14,0,imagen.jpeg,127,batchnorm,1x160x7x7,0.007155
14,0,imagen.jpeg,128,layer_add,1x160x7x7,0.00393
14,0,imagen.jpeg,129,pointwise_conv,1x160x7x7,4.060261
14,0,imagen.jpeg,130,batchnorm,1x960x7x7,0.056039
14,0,imagen.jpeg,131,activacion,1x960x7x7,0.177154
14,0,imagen.jpeg,132,depthwise_conv,1x960x7x7,0.535773
14,0,imagen.jpeg,133,batchnorm,1x960x7x7,0.056341
14,0,imagen.jpeg,134,activacion,1x960x7x7,0.125338
14,0,imagen.jpeg,135,pointwise_conv,1x960x7x7,4.146842
14,0,imagen.jpeg,136,batchnorm,1x160x7x7,0.007445
14,0,imagen.jpeg,137,layer_add,1x160x7x7,0.005128
14,0,imagen.jpeg,138,pointwise_conv,1x160x7x7,4.19192
14,0,imagen.jpeg,139,batchnorm,1x960x7x7,0.050439
14,0,imagen.jpeg,140,activacion,1x960x7x7,0.119975
14,0,imagen.jpeg,141,depthwise_conv,1x960x7x7,0.436309
14,0,imagen.jpeg,142,batchnorm,1x960x7x7,0.046951
14,0,imagen.jpeg,143,activacion,1x960x7x7,0.088151
14,0,imagen.jpeg,144,pointwise_conv,1x960x7x7,8.443007
14,0,imagen.jpeg,145,batchnorm,1x320x7x7,0.016612
14,0,imagen.jpeg,146,pointwise_conv,1x320x7x7,11.020356
14,0,imagen.jpeg,147,batchnorm,1x1280x7x7,0.061432
14,0,imagen.jpeg,148,activacion,1x1280x7x7,0.177307
14,0,imagen.jpeg,149,pooling,1x1280x7x7,0.038191
14,0,imagen.jpeg,150,linear,1x1280,1.402651
15,0,imagen.jpeg,0,conv2d,1x3x224x224,15.817669
15,0,imagen.jpeg,1,batchnorm,1x32x112x112,0.403989
15,0,imagen.jpeg,2,activacion,1x32x112x112,0.660381
15,0,imagen.jpeg,3,depthwise_conv,1x32x112x112,4.056655
15,0,imagen.jpeg,4,batchnorm,1x32x112x112,2.338655
15,0,imagen.jpeg,5,activacion,1x32x112x112,0.738197
15,0,imagen.jpeg,6,pointwise_conv,1x32x112x112,3.759804
15,0,imagen.jpeg,7,batchnorm,1x16x112x112,0.192118
15,0,imagen.jpeg,8,pointwise_conv,1x16x112x112,11.130963
15,0,imagen.jpeg,9,batchnorm,1x96x112x112,2.142911
15,0,imagen.jpeg,10,activacion,1x96x112x112,3.470726
15,0,imagen.jpeg,11,depthwise_conv,1x96x112x112,3.11282
15,0,imagen.jpeg,12,batchnorm,1x96x56x56,0.281474
15,0,imagen.jpeg,13,activacion,1x96x56x56,1.014228
15,0,imagen.jpeg,14,pointwise_conv,1x96x56x56,4.095124
15,0,imagen.jpeg,15,batchnorm,1x24x56x56,0.065141
15,0,imagen.jpeg,16,pointwise_conv,1x24x56x56,6.679178
15,0,imagen.jpeg,17,batchnorm,1x144x56x56,0.942429
15,0,imagen.jpeg,18,activacion,1x144x56x56,1.339505
15,0,imagen.jpeg,19,depthwise_conv,1x144x56x56,4.552782
15,0,imagen.jpeg,20,batchnorm,1x144x56x56,0.933017
15,0,imagen.jpeg,21,activacion,1x144x56x56,1.647972
15,0,imagen.jpeg,22,pointwise_conv,1x144x56x56,5.997415
15,0,imagen.jpeg,23,batchnorm,1x24x56x56,0.068254
15,0,imagen.jpeg,24,layer_add,1x24x56x56,0.050037
15,0,imagen.jpeg,25,pointwise_conv,1x24x56x56,6.143449
15,0,imagen.jpeg,26,batchnorm,1x144x56x56,0.442961
15,0,imagen.jpeg,27,activacion,1x144x56x56,1.61491
15,0,imagen.jpeg,28,depthwise_conv,1x144x56x56,1.194143
15,0,imagen.jpeg,29,batchnorm,1x144x28x28,0.105534
15,0,imagen.jpeg,30,activacion,1x144x28x28,0.357536
15,0,imagen.jpeg,31,pointwise_conv,1x144x28x28,2.020048
15,0,imagen.jpeg,32,batchnorm,1x32x28x28,0.021815
15,0,imagen.jpeg,33,pointwise_conv,1x32x28x28,2.663663
15,0,imagen.jpeg,34,batchnorm,1x192x28x28,0.146148
15,0,imagen.jpeg,35,activacion,1x192x28x28,0.383713
15,0,imagen.jpeg,36,depthwise_conv,1x192x28x28,1.492333
15,0,imagen.jpeg,37,batchnorm,1x192x28x28,0.158509
15,0,imagen.jpeg,38,activacion,1x192x28x28,0.525643
15,0,imagen.jpeg,39,pointwise_conv,1x192x28x28,2.668477
15,0,imagen.jpeg,40,batchnorm,1x32x28x28,0.021645
15,0,imagen.jpeg,41,layer_add,1x32x28x28,0.014508
15,0,imagen.jpeg,42,pointwise_conv,1x32x28x28,2.666779
15,0,imagen.jpeg,43,batchnorm,1x192x28x28,0.151431
15,0,imagen.jpeg,44,activacion,1x192x28x28,0.451159
15,0,imagen.jpeg,45,depthwise_conv,1x192x28x28,1.466866
15,0,imagen.jpeg,46,batchnorm,1x192x28x28,0.131173
15,0,imagen.jpeg,47,activacion,1x192x28x28,0.511233
15,0,imagen.jpeg,48,pointwise_conv,1x192x28x28,2.629295
15,0,imagen.jpeg,49,batchnorm,1x32x28x28,0.021969
15,0,imagen.jpeg,50,layer_add,1x32x28x28,0.013727
15,0,imagen.jpeg,51,pointwise_conv,1x32x28x28,2.653843
15,0,imagen.jpeg,52,batchnorm,1x192x28x28,0.164573
15,0,imagen.jpeg,53,activacion,1x192x28x28,0.467057
15,0,imagen.jpeg,54,depthwise_conv,1x192x28x28,0.38568
15,0,imagen.jpeg,55,batchnorm,1x192x14x14,0.033665
15,0,imagen.jpeg,56,activacion,1x192x14x14,0.095905
15,0,imagen.jpeg,57,pointwise_conv,1x192x14x14,1.351828
15,0,imagen.jpeg,58,batchnorm,1x64x14x14,0.012054
15,0,imagen.jpeg,59,pointwise_conv,1x64x14x14,2.788538
15,0,imagen.jpeg,60,batchnorm,1x384x14x14,0.074
15,0,imagen.jpeg,61,activacion,1x384x14x14,0.206599
15,0,imagen.jpeg,62,depthwise_conv,1x384x14x14,0.772573
15,0,imagen.jpeg,63,batchnorm,1x384x14x14,0.067423
15,0,imagen.jpeg,64,activacion,1x384x14x14,0.266308
15,0,imagen.jpeg,65,pointwise_conv,1x384x14x14,2.754877
15,0,imagen.jpeg,66,batchnorm,1x64x14x14,0.011929
15,0,imagen.jpeg,67,layer_add,1x64x14x14,0.007173
15,0,imagen.jpeg,68,pointwise_conv,1x64x14x14,2.793739
15,0,imagen.jpeg,69,batchnorm,1x384x14x14,0.08177
15,0,imagen.jpeg,70,activacion,1x384x14x14,0.286654
15,0,imagen.jpeg,71,depthwise_conv,1x384x14x14,1.070111
15,0,imagen.jpeg,72,batchnorm,1x384x14x14,0.110683
15,0,imagen.jpeg,73,activacion,1x384x14x14,0.259708
15,0,imagen.jpeg,74,pointwise_conv,1x384x14x14,2.776171
15,0,imagen.jpeg,75,batchnorm,1x64x14x14,0.011616
15,0,imagen.jpeg,76,layer_add,1x64x14x14,0.00749
15,0,imagen.jpeg,77,pointwise_conv,1x64x14x14,2.844451
15,0,imagen.jpeg,78,batchnorm,1x384x14x14,0.070447
15,0,imagen.jpeg,79,activacion,1x384x14x14,0.27708
15,0,imagen.jpeg,80,depthwise_conv,1x384x14x14,0.789455
15,0,imagen.jpeg,81,batchnorm,1x384x14x14,0.146335
15,0,imagen.jpeg,82,activacion,1x384x14x14,0.240316
15,0,imagen.jpeg,83,pointwise_conv,1x384x14x14,2.756892
15,0,imagen.jpeg,84,batchnorm,1x64x14x14,0.01506
15,0,imagen.jpeg,85,layer_add,1x64x14x14,0.006006
15,0,imagen.jpeg,86,pointwise_conv,1x64x14x14,2.744103
15,0,imagen.jpeg,87,batchnorm,1x384x14x14,0.065482
15,0,imagen.jpeg,88,activacion,1x384x14x14,0.258752
15,0,imagen.jpeg,89,depthwise_conv,1x384x14x14,0.802618
15,0,imagen.jpeg,90,batchnorm,1x384x14x14,0.070419
15,0,imagen.jpeg,91,activacion,1x384x14x14,0.243964
15,0,imagen.jpeg,92,pointwise_conv,1x384x14x14,4.139253
15,0,imagen.jpeg,93,batchnorm,1x96x14x14,0.017596
15,0,imagen.jpeg,94,pointwise_conv,1x96x14x14,6.119376
15,0,imagen.jpeg,95,batchnorm,1x576x14x14,0.10606
15,0,imagen.jpeg,96,activacion,1x576x14x14,0.360985
15,0,imagen.jpeg,97,depthwise_conv,1x576x14x14,1.162827
15,0,imagen.jpeg,98,batchnorm,1x576x14x14,0.176466
15,0,imagen.jpeg,99,activacion,1x576x14x14,0.351684
15,0,imagen.jpeg,100,pointwise_conv,1x576x14x14,7.389809
15,0,imagen.jpeg,101,batchnorm,1x96x14x14,0.018064
15,0,imagen.jpeg,102,layer_add,1x96x14x14,0.010414
15,0,imagen.jpeg,103,pointwise_conv,1x96x14x14,6.205484
15,0,imagen.jpeg,104,batchnorm,1x576x14x14,0.114818
15,0,imagen.jpeg,105,activacion,1x576x14x14,0.363344
15,0,imagen.jpeg,106,depthwise_conv,1x576x14x14,1.162379
15,0,imagen.jpeg,107,batchnorm,1x576x14x14,0.166625
15,0,imagen.jpeg,108,activacion,1x576x14x14,0.320635
15,0,imagen.jpeg,109,pointwise_conv,1x576x14x14,6.17744
15,0,imagen.jpeg,110,batchnorm,1x96x14x14,0.017117
15,0,imagen.jpeg,111,layer_add,1x96x14x14,0.01239
15,0,imagen.jpeg,112,pointwise_conv,1x96x14x14,6.296318
15,0,imagen.jpeg,113,batchnorm,1x576x14x14,0.139012
15,0,imagen.jpeg,114,activacion,1x576x14x14,0.32259
15,0,imagen.jpeg,115,depthwise_conv,1x576x14x14,0.272712
15,0,imagen.jpeg,116,batchnorm,1x576x7x7,0.030391
15,0,imagen.jpeg,117,activacion,1x576x7x7,0.083603
15,0,imagen.jpeg,118,pointwise_conv,1x576x7x7,2.61089
15,0,imagen.jpeg,119,batchnorm,1x160x7x7,0.007681
15,0,imagen.jpeg,120,pointwise_conv,1x160x7x7,4.184475
15,0,imagen.jpeg,121,batchnorm,1x960x7x7,0.046367
15,0,imagen.jpeg,122,activacion,1x960x7x7,0.151798
15,0,imagen.jpeg,123,depthwise_conv,1x960x7x7,0.436545
15,0,imagen.jpeg,124,batchnorm,1x960x7x7,0.04351
15,0,imagen.jpeg,125,activacion,1x960x7x7,0.157326
15,0,imagen.jpeg,126,pointwise_conv,1x960x7x7,4.160886
15,0,imagen.jpeg,127,batchnorm,1x160x7x7,0.007607
15,0,imagen.jpeg,128,layer_add,1x160x7x7,0.003937
15,0,imagen.jpeg,129,pointwise_conv,1x160x7x7,4.230907
15,0,imagen.jpeg,130,batchnorm,1x960x7x7,0.048521
15,0,imagen.jpeg,131,activacion,1x960x7x7,0.15021
15,0,imagen.jpeg,132,depthwise_conv,1x960x7x7,0.452965
15,0,imagen.jpeg,133,batchnorm,1x960x7x7,0.056887
15,0,imagen.jpeg,134,activacion,1x960x7x7,0.13145
15,0,imagen.jpeg,135,pointwise_conv,1x960x7x7,4.270557
15,0,imagen.jpeg,136,batchnorm,1x160x7x7,0.007635
15,0,imagen.jpeg,137,layer_add,1x160x7x7,0.004814
15,0,imagen.jpeg,138,pointwise_conv,1x160x7x7,4.139295
15,0,imagen.jpeg,139,batchnorm,1x960x7x7,0.043103
15,0,imagen.jpeg,140,activacion,1x960x7x7,0.153398
15,0,imagen.jpeg,141,depthwise_conv,1x960x7x7,0.41269
15,0,imagen.jpeg,142,batchnorm,1x960x7x7,0.045386
15,0,imagen.jpeg,143,activacion,1x960x7x7,0.137521
15,0,imagen.jpeg,144,pointwise_conv,1x960x7x7,8.529654
15,0,imagen.jpeg,145,batchnorm,1x320x7x7,0.053352
15,0,imagen.jpeg,146,pointwise_conv,1x320x7x7,10.953393
15,0,imagen.jpeg,147,batchnorm,1x1280x7x7,0.06265
15,0,imagen.jpeg,148,activacion,1x1280x7x7,0.192168
15,0,imagen.jpeg,149,pooling,1x1280x7x7,0.039464
15,0,imagen.jpeg,150,linear,1x1280,1.45369
16,0,imagen.jpeg,0,conv2d,1x3x224x224,15.547611
16,0,imagen.jpeg,1,batchnorm,1x32x112x112,0.405232
16,0,imagen.jpeg,2,activacion,1x32x112x112,0.653186
16,0,imagen.jpeg,3,depthwise_conv,1x32x112x112,4.035189
16,0,imagen.jpeg,4,batchnorm,1x32x112x112,2.319559
16,0,imagen.jpeg,5,activacion,1x32x112x112,0.757594
16,0,imagen.jpeg,6,pointwise_conv,1x32x112x112,3.884717
16,0,imagen.jpeg,7,batchnorm,1x16x112x112,0.200894
16,0,imagen.jpeg,8,pointwise_conv,1x16x112x112,11.502641
16,0,imagen.jpeg,9,batchnorm,1x96x112x112,2.203666
16,0,imagen.jpeg,10,activacion,1x96x112x112,3.520656
16,0,imagen.jpeg,11,depthwise_conv,1x96x112x112,3.187739
16,0,imagen.jpeg,12,batchnorm,1x96x56x56,0.298747
16,0,imagen.jpeg,13,activacion,1x96x56x56,1.061637
16,0,imagen.jpeg,14,pointwise_conv,1x96x56x56,4.014558
16,0,imagen.jpeg,15,batchnorm,1x24x56x56,0.066567
16,0,imagen.jpeg,16,pointwise_conv,1x24x56x56,6.810829
16,0,imagen.jpeg,17,batchnorm,1x144x56x56,0.937404
16,0,imagen.jpeg,18,activacion,1x144x56x56,1.299115
16,0,imagen.jpeg,19,depthwise_conv,1x144x56x56,4.637004
16,0,imagen.jpeg,20,batchnorm,1x144x56x56,0.976533
16,0,imagen.jpeg,21,activacion,1x144x56x56,1.672137
16,0,imagen.jpeg,22,pointwise_conv,1x144x56x56,5.942779
16,0,imagen.jpeg,23,batchnorm,1x24x56x56,0.081889
16,0,imagen.jpeg,24,layer_add,1x24x56x56,0.065779
16,0,imagen.jpeg,25,pointwise_conv,1x24x56x56,6.121581
16,0,imagen.jpeg,26,batchnorm,1x144x56x56,0.448055
16,0,imagen.jpeg,27,activacion,1x144x56x56,1.526388
16,0,imagen.jpeg,28,depthwise_conv,1x144x56x56,1.223208
16,0,imagen.jpeg,29,batchnorm,1x144x28x28,0.109629
16,0,imagen.jpeg,30,activacion,1x144x28x28,0.363999
16,0,imagen.jpeg,31,pointwise_conv,1x144x28x28,2.038184
16,0,imagen.jpeg,32,batchnorm,1x32x28x28,0.022499
16,0,imagen.jpeg,33,pointwise_conv,1x32x28x28,2.756418
16,0,imagen.jpeg,34,batchnorm,1x192x28x28,0.140482
16,0,imagen.jpeg,35,activacion,1x192x28x28,0.375196
16,0,imagen.jpeg,36,depthwise_conv,1x192x28x28,1.543217
16,0,imagen.jpeg,37,batchnorm,1x192x28x28,0.154439
16,0,imagen.jpeg,38,activacion,1x192x28x28,0.540672
16,0,imagen.jpeg,39,pointwise_conv,1x192x28x28,2.69099
16,0,imagen.jpeg,40,batchnorm,1x32x28x28,0.022219
16,0,imagen.jpeg,41,layer_add,1x32x28x28,0.013461
16,0,imagen.jpeg,42,pointwise_conv,1x32x28x28,2.666625
16,0,imagen.jpeg,43,batchnorm,1x192x28x28,0.151547
16,0,imagen.jpeg,44,activacion,1x192x28x28,0.44093
16,0,imagen.jpeg,45,depthwise_conv,1x192x28x28,1.556457
16,0,imagen.jpeg,46,batchnorm,1x192x28x28,0.154975
16,0,imagen.jpeg,47,activacion,1x192x28x28,0.509171
16,0,imagen.jpeg,48,pointwise_conv,1x192x28x28,2.632617
16,0,imagen.jpeg,49,batchnorm,1x32x28x28,0.021334
16,0,imagen.jpeg,50,layer_add,1x32x28x28,0.01376
16,0,imagen.jpeg,51,pointwise_conv,1x32x28x28,2.699743
16,0,imagen.jpeg,52,batchnorm,1x192x28x28,0.138907
16,0,imagen.jpeg,53,activacion,1x192x28x28,0.497667
16,0,imagen.jpeg,54,depthwise_conv,1x192x28x28,0.393564
16,0,imagen.jpeg,55,batchnorm,1x192x14x14,0.034396
16,0,imagen.jpeg,56,activacion,1x192x14x14,0.0985
16,0,imagen.jpeg,57,pointwise_conv,1x192x14x14,1.351199
16,0,imagen.jpeg,58,batchnorm,1x64x14x14,0.011711
16,0,imagen.jpeg,59,pointwise_conv,1x64x14x14,2.745568
16,0,imagen.jpeg,60,batchnorm,1x384x14x14,0.068184
16,0,imagen.jpeg,61,activacion,1x384x14x14,0.194327
16,0,imagen.jpeg,62,depthwise_conv,1x384x14x14,0.77619
16,0,imagen.jpeg,63,batchnorm,1x384x14x14,0.067065
16,0,imagen.jpeg,64,activacion,1x384x14x14,0.271255
16,0,imagen.jpeg,65,pointwise_conv,1x384x14x14,2.706176
16,0,imagen.jpeg,66,batchnorm,1x64x14x14,0.010982
16,0,imagen.jpeg,67,layer_add,1x64x14x14,0.005716
16,0,imagen.jpeg,68,pointwise_conv,1x64x14x14,2.848078
16,0,imagen.jpeg,69,batchnorm,1x384x14x14,0.07149
16,0,imagen.jpeg,70,activacion,1x384x14x14,0.275185
16,0,imagen.jpeg,71,depthwise_conv,1x384x14x14,0.746595
16,0,imagen.jpeg,72,batchnorm,1x384x14x14,0.11858
16,0,imagen.jpeg,73,activacion,1x384x14x14,0.241776
16,0,imagen.jpeg,74,pointwise_conv,1x384x14x14,2.77898
16,0,imagen.jpeg,75,batchnorm,1x64x14x14,0.011545
16,0,imagen.jpeg,76,layer_add,1x64x14x14,0.007751
16,0,imagen.jpeg,77,pointwise_conv,1x64x14x14,2.789568
16,0,imagen.jpeg,78,batchnorm,1x384x14x14,0.071998
16,0,imagen.jpeg,79,activacion,1x384x14x14,0.25082
16,0,imagen.jpeg,80,depthwise_conv,1x384x14x14,0.780339
16,0,imagen.jpeg,81,batchnorm,1x384x14x14,0.142873
16,0,imagen.jpeg,82,activacion,1x384x14x14,0.244243
16,0,imagen.jpeg,83,pointwise_conv,1x384x14x14,2.711581
16,0,imagen.jpeg,84,batchnorm,1x64x14x14,0.011633
16,0,imagen.jpeg,85,layer_add,1x64x14x14,0.006581
16,0,imagen.jpeg,86,pointwise_conv,1x64x14x14,2.750118
16,0,imagen.jpeg,87,batchnorm,1x384x14x14,0.071201
16,0,imagen.jpeg,88,activacion,1x384x14x14,0.264082
16,0,imagen.jpeg,89,depthwise_conv,1x384x14x14,0.791051
16,0,imagen.jpeg,90,batchnorm,1x384x14x14,0.085099
16,0,imagen.jpeg,91,activacion,1x384x14x14,0.244025
16,0,imagen.jpeg,92,pointwise_conv,1x384x14x14,4.038858
16,0,imagen.jpeg,93,batchnorm,1x96x14x14,0.021071
16,0,imagen.jpeg,94,pointwise_conv,1x96x14x14,6.057914
16,0,imagen.jpeg,95,batchnorm,1x576x14x14,0.104972
16,0,imagen.jpeg,96,activacion,1x576x14x14,0.364648
16,0,imagen.jpeg,97,depthwise_conv,1x576x14x14,1.154619
16,0,imagen.jpeg,98,batchnorm,1x576x14x14,0.181923
16,0,imagen.jpeg,99,activacion,1x576x14x14,0.334827
16,0,imagen.jpeg,100,pointwise_conv,1x576x14x14,6.110322
16,0,imagen.jpeg,101,batchnorm,1x96x14x14,0.016623
16,0,imagen.jpeg,102,layer_add,1x96x14x14,0.010419
16,0,imagen.jpeg,103,pointwise_conv,1x96x14x14,6.17939
16,0,imagen.jpeg,104,batchnorm,1x576x14x14,0.116034
16,0,imagen.jpeg,105,activacion,1x576x14x14,0.390901
16,0,imagen.jpeg,106,depthwise_conv,1x576x14x14,1.133932
16,0,imagen.jpeg,107,batchnorm,1x576x14x14,0.158127
16,0,imagen.jpeg,108,activacion,1x576x14x14,0.329027
16,0,imagen.jpeg,109,pointwise_conv,1x576x14x14,5.993385
16,0,imagen.jpeg,110,batchnorm,1x96x14x14,0.016345
16,0,imagen.jpeg,111,layer_add,1x96x14x14,0.012093
16,0,imagen.jpeg,112,pointwise_conv,1x96x14x14,6.212417
16,0,imagen.jpeg,113,batchnorm,1x576x14x14,0.132452
16,0,imagen.jpeg,114,activacion,1x576x14x14,0.337901
16,0,imagen.jpeg,115,depthwise_conv,1x576x14x14,0.267729
16,0,imagen.jpeg,116,batchnorm,1x576x7x7,0.030339
16,0,imagen.jpeg,117,activacion,1x576x7x7,0.079672
16,0,imagen.jpeg,118,pointwise_conv,1x576x7x7,2.490946
16,0,imagen.jpeg,119,batchnorm,1x160x7x7,0.007422
16,0,imagen.jpeg,120,pointwise_conv,1x160x7x7,4.211866
16,0,imagen.jpeg,121,batchnorm,1x960x7x7,0.045835
16,0,imagen.jpeg,122,activacion,1x960x7x7,0.146093
16,0,imagen.jpeg,123,depthwise_conv,1x960x7x7,0.439097
16,0,imagen.jpeg,124,batchnorm,1x960x7x7,0.043805
16,0,imagen.jpeg,125,activacion,1x960x7x7,0.138568
16,0,imagen.jpeg,126,pointwise_conv,1x960x7x7,4.12921
16,0,imagen.jpeg,127,batchnorm,1x160x7x7,0.007307
16,0,imagen.jpeg,128,layer_add,1x160x7x7,0.015179
16,0,imagen.jpeg,129,pointwise_conv,1x160x7x7,4.181879
16,0,imagen.jpeg,130,batchnorm,1x960x7x7,0.047826
16,0,imagen.jpeg,131,activacion,1x960x7x7,0.155392
16,0,imagen.jpeg,132,depthwise_conv,1x960x7x7,0.425617
16,0,imagen.jpeg,133,batchnorm,1x960x7x7,0.055785
16,0,imagen.jpeg,134,activacion,1x960x7x7,0.125299
16,0,imagen.jpeg,135,pointwise_conv,1x960x7x7,4.122648
16,0,imagen.jpeg,136,batchnorm,1x160x7x7,0.0074
16,0,imagen.jpeg,137,layer_add,1x160x7x7,0.004994
16,0,imagen.jpeg,138,pointwise_conv,1x160x7x7,3.978177
16,0,imagen.jpeg,139,batchnorm,1x960x7x7,0.047466
16,0,imagen.jpeg,140,activacion,1x960x7x7,0.111194
16,0,imagen.jpeg,141,depthwise_conv,1x960x7x7,0.414294
16,0,imagen.jpeg,142,batchnorm,1x960x7x7,0.048915
16,0,imagen.jpeg,143,activacion,1x960x7x7,0.08539
16,0,imagen.jpeg,144,pointwise_conv,1x960x7x7,8.192387
16,0,imagen.jpeg,145,batchnorm,1x320x7x7,0.029754
16,0,imagen.jpeg,146,pointwise_conv,1x320x7x7,10.909115
16,0,imagen.jpeg,147,batchnorm,1x1280x7x7,0.060001
16,0,imagen.jpeg,148,activacion,1x1280x7x7,0.175933
16,0,imagen.jpeg,149,pooling,1x1280x7x7,0.03817
16,0,imagen.jpeg,150,linear,1x1280,1.386314
17,0,imagen.jpeg,0,conv2d,1x3x224x224,15.685954
17,0,imagen.jpeg,1,batchnorm,1x32x112x112,0.420923
17,0,imagen.jpeg,2,activacion,1x32x112x112,0.642154
17,0,imagen.jpeg,3,depthwise_conv,1x32x112x112,4.115608
17,0,imagen.jpeg,4,batchnorm,1x32x112x112,2.362546
17,0,imagen.jpeg,5,activacion,1x32x112x112,0.730361
17,0,imagen.jpeg,6,pointwise_conv,1x32x112x112,3.554669
17,0,imagen.jpeg,7,batchnorm,1x16x112x112,0.2311
17,0,imagen.jpeg,8,pointwise_conv,1x16x112x112,11.062582
17,0,imagen.jpeg,9,batchnorm,1x96x112x112,2.125582
17,0,imagen.jpeg,10,activacion,1x96x112x112,3.46183
17,0,imagen.jpeg,11,depthwise_conv,1x96x112x112,3.292335
17,0,imagen.jpeg,12,batchnorm,1x96x56x56,0.296682
17,0,imagen.jpeg,13,activacion,1x96x56x56,1.085872
17,0,imagen.jpeg,14,pointwise_conv,1x96x56x56,3.991682
17,0,imagen.jpeg,15,batchnorm,1x24x56x56,0.066729
17,0,imagen.jpeg,16,pointwise_conv,1x24x56x56,6.787296
17,0,imagen.jpeg,17,batchnorm,1x144x56x56,0.9557
17,0,imagen.jpeg,18,activacion,1x144x56x56,1.300024
17,0,imagen.jpeg,19,depthwise_conv,1x144x56x56,4.546613
17,0,imagen.jpeg,20,batchnorm,1x144x56x56,0.891109
17,0,imagen.jpeg,21,activacion,1x144x56x56,1.59155
17,0,imagen.jpeg,22,pointwise_conv,1x144x56x56,6.104089
17,0,imagen.jpeg,23,batchnorm,1x24x56x56,0.063516
17,0,imagen.jpeg,24,layer_add,1x24x56x56,0.043369
17,0,imagen.jpeg,25,pointwise_conv,1x24x56x56,6.030148
17,0,imagen.jpeg,26,batchnorm,1x144x56x56,0.416176
17,0,imagen.jpeg,27,activacion,1x144x56x56,1.524625
17,0,imagen.jpeg,28,depthwise_conv,1x144x56x56,1.133664
17,0,imagen.jpeg,29,batchnorm,1x144x28x28,0.097639
17,0,imagen.jpeg,30,activacion,1x144x28x28,0.347889
17,0,imagen.jpeg,31,pointwise_conv,1x144x28x28,1.966918
17,0,imagen.jpeg,32,batchnorm,1x32x28x28,0.021206
17,0,imagen.jpeg,33,pointwise_conv,1x32x28x28,2.659231
17,0,imagen.jpeg,34,batchnorm,1x192x28x28,0.135609
17,0,imagen.jpeg,35,activacion,1x192x28x28,0.375483
17,0,imagen.jpeg,36,depthwise_conv,1x192x28x28,1.48233
17,0,imagen.jpeg,37,batchnorm,1x192x28x28,0.130861
17,0,imagen.jpeg,38,activacion,1x192x28x28,0.530472
17,0,imagen.jpeg,39,pointwise_conv,1x192x28x28,2.774277
17,0,imagen.jpeg,40,batchnorm,1x32x28x28,0.022498
17,0,imagen.jpeg,41,layer_add,1x32x28x28,0.015001
17,0,imagen.jpeg,42,pointwise_conv,1x32x28x28,2.676949
17,0,imagen.jpeg,43,batchnorm,1x192x28x28,0.16789
17,0,imagen.jpeg,44,activacion,1x192x28x28,0.416194
17,0,imagen.jpeg,45,depthwise_conv,1x192x28x28,1.465978
17,0,imagen.jpeg,46,batchnorm,1x192x28x28,0.12508
17,0,imagen.jpeg,47,activacion,1x192x28x28,0.49464
17,0,imagen.jpeg,48,pointwise_conv,1x192x28x28,2.720701
17,0,imagen.jpeg,49,batchnorm,1x32x28x28,0.021927
17,0,imagen.jpeg,50,layer_add,1x32x28x28,0.013594
17,0,imagen.jpeg,51,pointwise_conv,1x32x28x28,2.720311
17,0,imagen.jpeg,52,batchnorm,1x192x28x28,0.156856
17,0,imagen.jpeg,53,activacion,1x192x28x28,0.493565
17,0,imagen.jpeg,54,depthwise_conv,1x192x28x28,0.381663
17,0,imagen.jpeg,55,batchnorm,1x192x14x14,0.035156
17,0,imagen.jpeg,56,activacion,1x192x14x14,0.098203
17,0,imagen.jpeg,57,pointwise_conv,1x192x14x14,1.363403
17,0,imagen.jpeg,58,batchnorm,1x64x14x14,0.012205
17,0,imagen.jpeg,59,pointwise_conv,1x64x14x14,2.757775
17,0,imagen.jpeg,60,batchnorm,1x384x14x14,0.06926
17,0,imagen.jpeg,61,activacion,1x384x14x14,0.196363
17,0,imagen.jpeg,62,depthwise_conv,1x384x14x14,0.782282
17,0,imagen.jpeg,63,batchnorm,1x384x14x14,0.067453
17,0,imagen.jpeg,64,activacion,1x384x14x14,0.265317
17,0,imagen.jpeg,65,pointwise_conv,1x384x14x14,2.712558
17,0,imagen.jpeg,66,batchnorm,1x64x14x14,0.011472
17,0,imagen.jpeg,67,layer_add,1x64x14x14,0.006317
17,0,imagen.jpeg,68,pointwise_conv,1x64x14x14,2.809839
17,0,imagen.jpeg,69,batchnorm,1x384x14x14,0.075898
17,0,imagen.jpeg,70,activacion,1x384x14x14,0.239861
17,0,imagen.jpeg,71,depthwise_conv,1x384x14x14,0.943703
17,0,imagen.jpeg,72,batchnorm,1x384x14x14,0.103321
17,0,imagen.jpeg,73,activacion,1x384x14x14,0.249478
17,0,imagen.jpeg,74,pointwise_conv,1x384x14x14,2.70541
17,0,imagen.jpeg,75,batchnorm,1x64x14x14,0.011124
17,0,imagen.jpeg,76,layer_add,1x64x14x14,0.00751
17,0,imagen.jpeg,77,pointwise_conv,1x64x14x14,2.769813
17,0,imagen.jpeg,78,batchnorm,1x384x14x14,0.069052
17,0,imagen.jpeg,79,activacion,1x384x14x14,0.266853
17,0,imagen.jpeg,80,depthwise_conv,1x384x14x14,0.774356
17,0,imagen.jpeg,81,batchnorm,1x384x14x14,0.14358
17,0,imagen.jpeg,82,activacion,1x384x14x14,0.2332
17,0,imagen.jpeg,83,pointwise_conv,1x384x14x14,2.708489
17,0,imagen.jpeg,84,batchnorm,1x64x14x14,0.010949
17,0,imagen.jpeg,85,layer_add,1x64x14x14,0.00622
17,0,imagen.jpeg,86,pointwise_conv,1x64x14x14,2.649116
17,0,imagen.jpeg,87,batchnorm,1x384x14x14,0.063714
17,0,imagen.jpeg,88,activacion,1x384x14x14,0.262031
17,0,imagen.jpeg,89,depthwise_conv,1x384x14x14,0.764377
17,0,imagen.jpeg,90,batchnorm,1x384x14x14,0.065338
17,0,imagen.jpeg,91,activacion,1x384x14x14,0.260347
17,0,imagen.jpeg,92,pointwise_conv,1x384x14x14,4.148196
17,0,imagen.jpeg,93,batchnorm,1x96x14x14,0.017397
17,0,imagen.jpeg,94,pointwise_conv,1x96x14x14,6.149994
17,0,imagen.jpeg,95,batchnorm,1x576x14x14,0.116589
17,0,imagen.jpeg,96,activacion,1x576x14x14,0.381797
17,0,imagen.jpeg,97,depthwise_conv,1x576x14x14,1.154698
17,0,imagen.jpeg,98,batchnorm,1x576x14x14,0.177857
17,0,imagen.jpeg,99,activacion,1x576x14x14,0.335223
17,0,imagen.jpeg,100,pointwise_conv,1x576x14x14,6.205199
17,0,imagen.jpeg,101,batchnorm,1x96x14x14,0.018092
17,0,imagen.jpeg,102,layer_add,1x96x14x14,0.011605
17,0,imagen.jpeg,103,pointwise_conv,1x96x14x14,6.230427
17,0,imagen.jpeg,104,batchnorm,1x576x14x14,0.113393
17,0,imagen.jpeg,105,activacion,1x576x14x14,0.386875
17,0,imagen.jpeg,106,depthwise_conv,1x576x14x14,1.158098
17,0,imagen.jpeg,107,batchnorm,1x576x14x14,0.165163
17,0,imagen.jpeg,108,activacion,1x576x14x14,0.349663
17,0,imagen.jpeg,109,pointwise_conv,1x576x14x14,6.072376
17,0,imagen.jpeg,110,batchnorm,1x96x14x14,0.016647
17,0,imagen.jpeg,111,layer_add,1x96x14x14,0.014312
17,0,imagen.jpeg,112,pointwise_conv,1x96x14x14,6.070489
17,0,imagen.jpeg,113,batchnorm,1x576x14x14,0.106203
17,0,imagen.jpeg,114,activacion,1x576x14x14,0.323632
17,0,imagen.jpeg,115,depthwise_conv,1x576x14x14,0.289976
17,0,imagen.jpeg,116,batchnorm,1x576x7x7,0.031537
17,0,imagen.jpeg,117,activacion,1x576x7x7,0.064794
17,0,imagen.jpeg,118,pointwise_conv,1x576x7x7,2.468242
17,0,imagen.jpeg,119,batchnorm,1x160x7x7,0.007793
17,0,imagen.jpeg,120,pointwise_conv,1x160x7x7,4.085268
17,0,imagen.jpeg,121,batchnorm,1x960x7x7,0.043898
17,0,imagen.jpeg,122,activacion,1x960x7x7,0.152354
17,0,imagen.jpeg,123,depthwise_conv,1x960x7x7,0.414642
17,0,imagen.jpeg,124,batchnorm,1x960x7x7,0.042114
17,0,imagen.jpeg,125,activacion,1x960x7x7,0.135473
17,0,imagen.jpeg,126,pointwise_conv,1x960x7x7,4.097769
17,0,imagen.jpeg,127,batchnorm,1x160x7x7,0.007558
17,0,imagen.jpeg,128,layer_add,1x160x7x7,0.017683
17,0,imagen.jpeg,129,pointwise_conv,1x160x7x7,4.089001
17,0,imagen.jpeg,130,batchnorm,1x960x7x7,0.077609
17,0,imagen.jpeg,131,activacion,1x960x7x7,0.139106
17,0,imagen.jpeg,132,depthwise_conv,1x960x7x7,0.442401
17,0,imagen.jpeg,133,batchnorm,1x960x7x7,0.06611
17,0,imagen.jpeg,134,activacion,1x960x7x7,0.126394
17,0,imagen.jpeg,135,pointwise_conv,1x960x7x7,4.308735
17,0,imagen.jpeg,136,batchnorm,1x160x7x7,0.008174
17,0,imagen.jpeg,137,layer_add,1x160x7x7,0.004903
17,0,imagen.jpeg,138,pointwise_conv,1x160x7x7,4.121177
17,0,imagen.jpeg,139,batchnorm,1x960x7x7,0.04639
17,0,imagen.jpeg,140,activacion,1x960x7x7,0.110059
17,0,imagen.jpeg,141,depthwise_conv,1x960x7x7,0.439738
17,0,imagen.jpeg,142,batchnorm,1x960x7x7,0.047185
17,0,imagen.jpeg,143,activacion,1x960x7x7,0.088332
17,0,imagen.jpeg,144,pointwise_conv,1x960x7x7,8.260191
17,0,imagen.jpeg,145,batchnorm,1x320x7x7,0.01675
17,0,imagen.jpeg,146,pointwise_conv,1x320x7x7,10.801106
17,0,imagen.jpeg,147,batchnorm,1x1280x7x7,0.060957
17,0,imagen.jpeg,148,activacion,1x1280x7x7,0.193422
17,0,imagen.jpeg,149,pooling,1x1280x7x7,0.039366
17,0,imagen.jpeg,150,linear,1x1280,1.404265
18,0,imagen.jpeg,0,conv2d,1x3x224x224,15.578394
18,0,imagen.jpeg,1,batchnorm,1x32x112x112,0.412727
18,0,imagen.jpeg,2,activacion,1x32x112x112,0.707507
18,0,imagen.jpeg,3,depthwise_conv,1x32x112x112,4.061624
18,0,imagen.jpeg,4,batchnorm,1x32x112x112,2.317111
18,0,imagen.jpeg,5,activacion,1x32x112x112,0.781024
18,0,imagen.jpeg,6,pointwise_conv,1x32x112x112,3.695551
18,0,imagen.jpeg,7,batchnorm,1x16x112x112,0.192425
18,0,imagen.jpeg,8,pointwise_conv,1x16x112x112,11.185174
18,0,imagen.jpeg,9,batchnorm,1x96x112x112,2.212392
18,0,imagen.jpeg,10,activacion,1x96x112x112,3.464649
18,0,imagen.jpeg,11,depthwise_conv,1x96x112x112,3.090186
18,0,imagen.jpeg,12,batchnorm,1x96x56x56,0.277459
18,0,imagen.jpeg,13,activacion,1x96x56x56,1.017359
18,0,imagen.jpeg,14,pointwise_conv,1x96x56x56,4.050967
18,0,imagen.jpeg,15,batchnorm,1x24x56x56,0.065191
18,0,imagen.jpeg,16,pointwise_conv,1x24x56x56,6.888224
18,0,imagen.jpeg,17,batchnorm,1x144x56x56,0.937165
18,0,imagen.jpeg,18,activacion,1x144x56x56,1.312509
18,0,imagen.jpeg,19,depthwise_conv,1x144x56x56,4.713621
18,0,imagen.jpeg,20,batchnorm,1x144x56x56,0.961344
18,0,imagen.jpeg,21,activacion,1x144x56x56,1.653479
18,0,imagen.jpeg,22,pointwise_conv,1x144x56x56,5.985837
18,0,imagen.jpeg,23,batchnorm,1x24x56x56,0.076613
18,0,imagen.jpeg,24,layer_add,1x24x56x56,0.052201
18,0,imagen.jpeg,25,pointwise_conv,1x24x56x56,6.560902
18,0,imagen.jpeg,26,batchnorm,1x144x56x56,0.496113
18,0,imagen.jpeg,27,activacion,1x144x56x56,1.595901
18,0,imagen.jpeg,28,depthwise_conv,1x144x56x56,1.192771
18,0,imagen.jpeg,29,batchnorm,1x144x28x28,0.101035
18,0,imagen.jpeg,30,activacion,1x144x28x28,0.358274
18,0,imagen.jpeg,31,pointwise_conv,1x144x28x28,2.049994
18,0,imagen.jpeg,32,batchnorm,1x32x28x28,0.022414
18,0,imagen.jpeg,33,pointwise_conv,1x32x28x28,2.781254
18,0,imagen.jpeg,34,batchnorm,1x192x28x28,0.159919
18,0,imagen.jpeg,35,activacion,1x192x28x28,0.382316
18,0,imagen.jpeg,36,depthwise_conv,1x192x28x28,1.570261
18,0,imagen.jpeg,37,batchnorm,1x192x28x28,0.140531
18,0,imagen.jpeg,38,activacion,1x192x28x28,0.525491
18,0,imagen.jpeg,39,pointwise_conv,1x192x28x28,2.748974
18,0,imagen.jpeg,40,batchnorm,1x32x28x28,0.022932
18,0,imagen.jpeg,41,layer_add,1x32x28x28,0.015173
18,0,imagen.jpeg,42,pointwise_conv,1x32x28x28,2.775572
18,0,imagen.jpeg,43,batchnorm,1x192x28x28,0.143627
18,0,imagen.jpeg,44,activacion,1x192x28x28,0.451055
18,0,imagen.jpeg,45,depthwise_conv,1x192x28x28,1.534159
18,0,imagen.jpeg,46,batchnorm,1x192x28x28,0.131399
18,0,imagen.jpeg,47,activacion,1x192x28x28,0.537158
18,0,imagen.jpeg,48,pointwise_conv,1x192x28x28,2.720672
18,0,imagen.jpeg,49,batchnorm,1x32x28x28,0.021413
18,0,imagen.jpeg,50,layer_add,1x32x28x28,0.013086
18,0,imagen.jpeg,51,pointwise_conv,1x32x28x28,2.657804
18,0,imagen.jpeg,52,batchnorm,1x192x28x28,0.141681
18,0,imagen.jpeg,53,activacion,1x192x28x28,0.469761
18,0,imagen.jpeg,54,depthwise_conv,1x192x28x28,0.372351
18,0,imagen.jpeg,55,batchnorm,1x192x14x14,0.033283
18,0,imagen.jpeg,56,activacion,1x192x14x14,0.10167
18,0,imagen.jpeg,57,pointwise_conv,1x192x14x14,1.313869
18,0,imagen.jpeg,58,batchnorm,1x64x14x14,0.011672
18,0,imagen.jpeg,59,pointwise_conv,1x64x14x14,2.760002
18,0,imagen.jpeg,60,batchnorm,1x384x14x14,0.072507
18,0,imagen.jpeg,61,activacion,1x384x14x14,0.191196
18,0,imagen.jpeg,62,depthwise_conv,1x384x14x14,0.82469
18,0,imagen.jpeg,63,batchnorm,1x384x14x14,0.069744
18,0,imagen.jpeg,64,activacion,1x384x14x14,0.284645
18,0,imagen.jpeg,65,pointwise_conv,1x384x14x14,3.03608
18,0,imagen.jpeg,66,batchnorm,1x64x14x14,0.016209
18,0,imagen.jpeg,67,layer_add,1x64x14x14,0.007847
18,0,imagen.jpeg,68,pointwise_conv,1x64x14x14,3.121631
18,0,imagen.jpeg,69,batchnorm,1x384x14x14,0.07411
18,0,imagen.jpeg,70,activacion,1x384x14x14,0.247129
18,0,imagen.jpeg,71,depthwise_conv,1x384x14x14,0.792873
18,0,imagen.jpeg,72,batchnorm,1x384x14x14,0.103627
18,0,imagen.jpeg,73,activacion,1x384x14x14,0.255801
18,0,imagen.jpeg,74,pointwise_conv,1x384x14x14,2.7755
18,0,imagen.jpeg,75,batchnorm,1x64x14x14,0.011596
18,0,imagen.jpeg,76,layer_add,1x64x14x14,0.007346
18,0,imagen.jpeg,77,pointwise_conv,1x64x14x14,2.785345
18,0,imagen.jpeg,78,batchnorm,1x384x14x14,0.071042
18,0,imagen.jpeg,79,activacion,1x384x14x14,0.26448
18,0,imagen.jpeg,80,depthwise_conv,1x384x14x14,0.790514
18,0,imagen.jpeg,81,batchnorm,1x384x14x14,0.146545
18,0,imagen.jpeg,82,activacion,1x384x14x14,0.234803
18,0,imagen.jpeg,83,pointwise_conv,1x384x14x14,2.775514
18,0,imagen.jpeg,84,batchnorm,1x64x14x14,0.011057
18,0,imagen.jpeg,85,layer_add,1x64x14x14,0.006091
18,0,imagen.jpeg,86,pointwise_conv,1x64x14x14,2.716541
18,0,imagen.jpeg,87,batchnorm,1x384x14x14,0.06368
18,0,imagen.jpeg,88,activacion,1x384x14x14,0.283817
18,0,imagen.jpeg,89,depthwise_conv,1x384x14x14,0.753617
18,0,imagen.jpeg,90,batchnorm,1x384x14x14,0.065461
18,0,imagen.jpeg,91,activacion,1x384x14x14,0.238661
18,0,imagen.jpeg,92,pointwise_conv,1x384x14x14,4.139403
18,0,imagen.jpeg,93,batchnorm,1x96x14x14,0.017298
18,0,imagen.jpeg,94,pointwise_conv,1x96x14x14,6.023393
18,0,imagen.jpeg,95,batchnorm,1x576x14x14,0.105085
18,0,imagen.jpeg,96,activacion,1x576x14x14,0.377219
18,0,imagen.jpeg,97,depthwise_conv,1x576x14x14,1.157847
18,0,imagen.jpeg,98,batchnorm,1x576x14x14,0.178571
18,0,imagen.jpeg,99,activacion,1x576x14x14,0.33413
18,0,imagen.jpeg,100,pointwise_conv,1x576x14x14,6.193731
18,0,imagen.jpeg,101,batchnorm,1x96x14x14,0.016686
18,0,imagen.jpeg,102,layer_add,1x96x14x14,0.01005
18,0,imagen.jpeg,103,pointwise_conv,1x96x14x14,6.327345
18,0,imagen.jpeg,104,batchnorm,1x576x14x14,0.11606
18,0,imagen.jpeg,105,activacion,1x576x14x14,0.394825
18,0,imagen.jpeg,106,depthwise_conv,1x576x14x14,1.159119
18,0,imagen.jpeg,107,batchnorm,1x576x14x14,0.190613
18,0,imagen.jpeg,108,activacion,1x576x14x14,0.308974
18,0,imagen.jpeg,109,pointwise_conv,1x576x14x14,6.121165
18,0,imagen.jpeg,110,batchnorm,1x96x14x14,0.017486
18,0,imagen.jpeg,111,layer_add,1x96x14x14,0.013168
18,0,imagen.jpeg,112,pointwise_conv,1x96x14x14,6.256299
18,0,imagen.jpeg,113,batchnorm,1x576x14x14,0.112809
18,0,imagen.jpeg,114,activacion,1x576x14x14,0.328553
18,0,imagen.jpeg,115,depthwise_conv,1x576x14x14,0.26691
18,0,imagen.jpeg,116,batchnorm,1x576x7x7,0.030537
18,0,imagen.jpeg,117,activacion,1x576x7x7,0.064867
18,0,imagen.jpeg,118,pointwise_conv,1x576x7x7,2.475874
18,0,imagen.jpeg,119,batchnorm,1x160x7x7,0.007527
18,0,imagen.jpeg,120,pointwise_conv,1x160x7x7,3.965897
18,0,imagen.jpeg,121,batchnorm,1x960x7x7,0.043163
18,0,imagen.jpeg,122,activacion,1x960x7x7,0.145852
18,0,imagen.jpeg,123,depthwise_conv,1x960x7x7,0.414424
18,0,imagen.jpeg,124,batchnorm,1x960x7x7,0.041551
18,0,imagen.jpeg,125,activacion,1x960x7x7,0.15015
18,0,imagen.jpeg,126,pointwise_conv,1x960x7x7,4.137384
18,0,imagen.jpeg,127,batchnorm,1x160x7x7,0.007166
18,0,imagen.jpeg,128,layer_add,1x160x7x7,0.003645
18,0,imagen.jpeg,129,pointwise_conv,1x160x7x7,3.974105
18,0,imagen.jpeg,130,batchnorm,1x960x7x7,0.043158
18,0,imagen.jpeg,131,activacion,1x960x7x7,0.172493
18,0,imagen.jpeg,132,depthwise_conv,1x960x7x7,0.429791
18,0,imagen.jpeg,133,batchnorm,1x960x7x7,0.062922
18,0,imagen.jpeg,134,activacion,1x960x7x7,0.124658
18,0,imagen.jpeg,135,pointwise_conv,1x960x7x7,4.039228
18,0,imagen.jpeg,136,batchnorm,1x160x7x7,0.007103
18,0,imagen.jpeg,137,layer_add,1x160x7x7,0.004189
18,0,imagen.jpeg,138,pointwise_conv,1x160x7x7,4.231104
18,0,imagen.jpeg,139,batchnorm,1x960x7x7,0.042747
18,0,imagen.jpeg,140,activacion,1x960x7x7,0.109763
18,0,imagen.jpeg,141,depthwise_conv,1x960x7x7,0.468759
18,0,imagen.jpeg,142,batchnorm,1x960x7x7,0.047198
18,0,imagen.jpeg,143,activacion,1x960x7x7,0.087874
18,0,imagen.jpeg,144,pointwise_conv,1x960x7x7,8.441075
18,0,imagen.jpeg,145,batchnorm,1x320x7x7,0.025384
18,0,imagen.jpeg,146,pointwise_conv,1x320x7x7,10.924241
18,0,imagen.jpeg,147,batchnorm,1x1280x7x7,0.079428
18,0,imagen.jpeg,148,activacion,1x1280x7x7,0.176431
18,0,imagen.jpeg,149,pooling,1x1280x7x7,0.038632
18,0,imagen.jpeg,150,linear,1x1280,1.39744
19,0,imagen.jpeg,0,conv2d,1x3x224x224,15.748621
19,0,imagen.jpeg,1,batchnorm,1x32x112x112,0.399699
19,0,imagen.jpeg,2,activacion,1x32x112x112,0.654234
19,0,imagen.jpeg,3,depthwise_conv,1x32x112x112,4.016188
19,0,imagen.jpeg,4,batchnorm,1x32x112x112,2.24786
19,0,imagen.jpeg,5,activacion,1x32x112x112,0.737346
19,0,imagen.jpeg,6,pointwise_conv,1x32x112x112,3.551797
19,0,imagen.jpeg,7,batchnorm,1x16x112x112,0.172177
19,0,imagen.jpeg,8,pointwise_conv,1x16x112x112,11.422722
19,0,imagen.jpeg,9,batchnorm,1x96x112x112,2.177597
19,0,imagen.jpeg,10,activacion,1x96x112x112,3.448807
19,0,imagen.jpeg,11,depthwise_conv,1x96x112x112,3.228677
19,0,imagen.jpeg,12,batchnorm,1x96x56x56,0.296296
19,0,imagen.jpeg,13,activacion,1x96x56x56,1.033095
19,0,imagen.jpeg,14,pointwise_conv,1x96x56x56,4.02121
19,0,imagen.jpeg,15,batchnorm,1x24x56x56,0.066519
19,0,imagen.jpeg,16,pointwise_conv,1x24x56x56,6.744604
19,0,imagen.jpeg,17,batchnorm,1x144x56x56,0.926122
19,0,imagen.jpeg,18,activacion,1x144x56x56,1.389009
19,0,imagen.jpeg,19,depthwise_conv,1x144x56x56,4.46482
19,0,imagen.jpeg,20,batchnorm,1x144x56x56,0.938778
19,0,imagen.jpeg,21,activacion,1x144x56x56,1.637555
19,0,imagen.jpeg,22,pointwise_conv,1x144x56x56,5.884531
19,0,imagen.jpeg,23,batchnorm,1x24x56x56,0.062574
19,0,imagen.jpeg,24,layer_add,1x24x56x56,0.047465
19,0,imagen.jpeg,25,pointwise_conv,1x24x56x56,6.333856
19,0,imagen.jpeg,26,batchnorm,1x144x56x56,0.463871
19,0,imagen.jpeg,27,activacion,1x144x56x56,1.576431
19,0,imagen.jpeg,28,depthwise_conv,1x144x56x56,1.151042
19,0,imagen.jpeg,29,batchnorm,1x144x28x28,0.098135
19,0,imagen.jpeg,30,activacion,1x144x28x28,0.352138
19,0,imagen.jpeg,31,pointwise_conv,1x144x28x28,2.004615
19,0,imagen.jpeg,32,batchnorm,1x32x28x28,0.022541
19,0,imagen.jpeg,33,pointwise_conv,1x32x28x28,2.665977
19,0,imagen.jpeg,34,batchnorm,1x192x28x28,0.180916
19,0,imagen.jpeg,35,activacion,1x192x28x28,0.35632
19,0,imagen.jpeg,36,depthwise_conv,1x192x28x28,1.516826
19,0,imagen.jpeg,37,batchnorm,1x192x28x28,0.124886
19,0,imagen.jpeg,38,activacion,1x192x28x28,0.49943
19,0,imagen.jpeg,39,pointwise_conv,1x192x28x28,2.677245
19,0,imagen.jpeg,40,batchnorm,1x32x28x28,0.022297
19,0,imagen.jpeg,41,layer_add,1x32x28x28,0.014799
19,0,imagen.jpeg,42,pointwise_conv,1x32x28x28,2.671675
19,0,imagen.jpeg,43,batchnorm,1x192x28x28,0.137801
19,0,imagen.jpeg,44,activacion,1x192x28x28,0.44066
19,0,imagen.jpeg,45,depthwise_conv,1x192x28x28,1.488511
19,0,imagen.jpeg,46,batchnorm,1x192x28x28,0.12636
19,0,imagen.jpeg,47,activacion,1x192x28x28,0.521294
19,0,imagen.jpeg,48,pointwise_conv,1x192x28x28,2.617961
19,0,imagen.jpeg,49,batchnorm,1x32x28x28,0.021351
19,0,imagen.jpeg,50,layer_add,1x32x28x28,0.012853
19,0,imagen.jpeg,51,pointwise_conv,1x32x28x28,2.668739
19,0,imagen.jpeg,52,batchnorm,1x192x28x28,0.125556
19,0,imagen.jpeg,53,activacion,1x192x28x28,0.489457
19,0,imagen.jpeg,54,depthwise_conv,1x192x28x28,0.372381
19,0,imagen.jpeg,55,batchnorm,1x192x14x14,0.033293
19,0,imagen.jpeg,56,activacion,1x192x14x14,0.09613
19,0,imagen.jpeg,57,pointwise_conv,1x192x14x14,1.366496
19,0,imagen.jpeg,58,batchnorm,1x64x14x14,0.012455
19,0,imagen.jpeg,59,pointwise_conv,1x64x14x14,2.712193
19,0,imagen.jpeg,60,batchnorm,1x384x14x14,0.09132
19,0,imagen.jpeg,61,activacion,1x384x14x14,0.200062
19,0,imagen.jpeg,62,depthwise_conv,1x384x14x14,0.749464
19,0,imagen.jpeg,63,batchnorm,1x384x14x14,0.065327
19,0,imagen.jpeg,64,activacion,1x384x14x14,0.259411
19,0,imagen.jpeg,65,pointwise_conv,1x384x14x14,2.712643
19,0,imagen.jpeg,66,batchnorm,1x64x14x14,0.011372
19,0,imagen.jpeg,67,layer_add,1x64x14x14,0.006355
19,0,imagen.jpeg,68,pointwise_conv,1x64x14x14,2.838752
19,0,imagen.jpeg,69,batchnorm,1x384x14x14,0.106267
19,0,imagen.jpeg,70,activacion,1x384x14x14,0.296224
19,0,imagen.jpeg,71,depthwise_conv,1x384x14x14,0.888798
19,0,imagen.jpeg,72,batchnorm,1x384x14x14,0.103575
19,0,imagen.jpeg,73,activacion,1x384x14x14,0.265294
19,0,imagen.jpeg,74,pointwise_conv,1x384x14x14,2.691344
19,0,imagen.jpeg,75,batchnorm,1x64x14x14,0.011011
19,0,imagen.jpeg,76,layer_add,1x64x14x14,0.007661
19,0,imagen.jpeg,77,pointwise_conv,1x64x14x14,2.691076
19,0,imagen.jpeg,78,batchnorm,1x384x14x14,0.099888
19,0,imagen.jpeg,79,activacion,1x384x14x14,0.260379
19,0,imagen.jpeg,80,depthwise_conv,1x384x14x14,0.844507
19,0,imagen.jpeg,81,batchnorm,1x384x14x14,0.175018
19,0,imagen.jpeg,82,activacion,1x384x14x14,0.231556
19,0,imagen.jpeg,83,pointwise_conv,1x384x14x14,2.753608
19,0,imagen.jpeg,84,batchnorm,1x64x14x14,0.010778
19,0,imagen.jpeg,85,layer_add,1x64x14x14,0.006369
19,0,imagen.jpeg,86,pointwise_conv,1x64x14x14,2.740655
19,0,imagen.jpeg,87,batchnorm,1x384x14x14,0.090021
19,0,imagen.jpeg,88,activacion,1x384x14x14,0.355847
19,0,imagen.jpeg,89,depthwise_conv,1x384x14x14,0.761684
19,0,imagen.jpeg,90,batchnorm,1x384x14x14,0.065924
19,0,imagen.jpeg,91,activacion,1x384x14x14,0.236737
19,0,imagen.jpeg,92,pointwise_conv,1x384x14x14,4.149851
19,0,imagen.jpeg,93,batchnorm,1x96x14x14,0.017597
19,0,imagen.jpeg,94,pointwise_conv,1x96x14x14,6.067623
19,0,imagen.jpeg,95,batchnorm,1x576x14x14,0.108951
19,0,imagen.jpeg,96,activacion,1x576x14x14,0.355978
19,0,imagen.jpeg,97,depthwise_conv,1x576x14x14,1.130409
19,0,imagen.jpeg,98,batchnorm,1x576x14x14,0.172714
19,0,imagen.jpeg,99,activacion,1x576x14x14,0.350444
19,0,imagen.jpeg,100,pointwise_conv,1x576x14x14,5.975986
19,0,imagen.jpeg,101,batchnorm,1x96x14x14,0.016389
19,0,imagen.jpeg,102,layer_add,1x96x14x14,0.010087
19,0,imagen.jpeg,103,pointwise_conv,1x96x14x14,5.99631
19,0,imagen.jpeg,104,batchnorm,1x576x14x14,0.129771
19,0,imagen.jpeg,105,activacion,1x576x14x14,0.353995
19,0,imagen.jpeg,106,depthwise_conv,1x576x14x14,1.151935
19,0,imagen.jpeg,107,batchnorm,1x576x14x14,0.153526
19,0,imagen.jpeg,108,activacion,1x576x14x14,0.293641
19,0,imagen.jpeg,109,pointwise_conv,1x576x14x14,5.95487
19,0,imagen.jpeg,110,batchnorm,1x96x14x14,0.016176
19,0,imagen.jpeg,111,layer_add,1x96x14x14,0.012274
19,0,imagen.jpeg,112,pointwise_conv,1x96x14x14,6.158053
19,0,imagen.jpeg,113,batchnorm,1x576x14x14,0.104235
19,0,imagen.jpeg,114,activacion,1x576x14x14,0.350746
19,0,imagen.jpeg,115,depthwise_conv,1x576x14x14,0.259944
19,0,imagen.jpeg,116,batchnorm,1x576x7x7,0.029537
19,0,imagen.jpeg,117,activacion,1x576x7x7,0.063121
19,0,imagen.jpeg,118,pointwise_conv,1x576x7x7,2.641949
19,0,imagen.jpeg,119,batchnorm,1x160x7x7,0.007702
19,0,imagen.jpeg,120,pointwise_conv,1x160x7x7,4.161043
19,0,imagen.jpeg,121,batchnorm,1x960x7x7,0.04418
19,0,imagen.jpeg,122,activacion,1x960x7x7,0.160611
19,0,imagen.jpeg,123,depthwise_conv,1x960x7x7,0.431701
19,0,imagen.jpeg,124,batchnorm,1x960x7x7,0.042975
19,0,imagen.jpeg,125,activacion,1x960x7x7,0.137806
19,0,imagen.jpeg,126,pointwise_conv,1x960x7x7,4.186867
19,0,imagen.jpeg,127,batchnorm,1x160x7x7,0.008413
19,0,imagen.jpeg,128,layer_add,1x160x7x7,0.004243
19,0,imagen.jpeg,129,pointwise_conv,1x160x7x7,4.035087
19,0,imagen.jpeg,130,batchnorm,1x960x7x7,0.047626
19,0,imagen.jpeg,131,activacion,1x960x7x7,0.138497
19,0,imagen.jpeg,132,depthwise_conv,1x960x7x7,0.424709
19,0,imagen.jpeg,133,batchnorm,1x960x7x7,0.0526
19,0,imagen.jpeg,134,activacion,1x960x7x7,0.136523
19,0,imagen.jpeg,135,pointwise_conv,1x960x7x7,4.150672
19,0,imagen.jpeg,136,batchnorm,1x160x7x7,0.007494
19,0,imagen.jpeg,137,layer_add,1x160x7x7,0.004556
19,0,imagen.jpeg,138,pointwise_conv,1x160x7x7,3.978917
19,0,imagen.jpeg,139,batchnorm,1x960x7x7,0.042848
19,0,imagen.jpeg,140,activacion,1x960x7x7,0.11088
19,0,imagen.jpeg,141,depthwise_conv,1x960x7x7,0.414427
19,0,imagen.jpeg,142,batchnorm,1x960x7x7,0.045393
19,0,imagen.jpeg,143,activacion,1x960x7x7,0.10102
19,0,imagen.jpeg,144,pointwise_conv,1x960x7x7,8.479422
19,0,imagen.jpeg,145,batchnorm,1x320x7x7,0.016731
19,0,imagen.jpeg,146,pointwise_conv,1x320x7x7,10.860977
19,0,imagen.jpeg,147,batchnorm,1x1280x7x7,0.061456
19,0,imagen.jpeg,148,activacion,1x1280x7x7,0.176968
19,0,imagen.jpeg,149,pooling,1x1280x7x7,0.038334
19,0,imagen.jpeg,150,linear,1x1280,1.41309
20,0,imagen.jpeg,0,conv2d,1x3x224x224,15.519091
20,0,imagen.jpeg,1,batchnorm,1x32x112x112,0.396535
20,0,imagen.jpeg,2,activacion,1x32x112x112,0.666213
20,0,imagen.jpeg,3,depthwise_conv,1x32x112x112,4.007804
20,0,imagen.jpeg,4,batchnorm,1x32x112x112,2.249922
20,0,imagen.jpeg,5,activacion,1x32x112x112,0.733775
20,0,imagen.jpeg,6,pointwise_conv,1x32x112x112,3.664455
20,0,imagen.jpeg,7,batchnorm,1x16x112x112,0.223634
20,0,imagen.jpeg,8,pointwise_conv,1x16x112x112,11.291387
20,0,imagen.jpeg,9,batchnorm,1x96x112x112,2.150394
20,0,imagen.jpeg,10,activacion,1x96x112x112,3.310367
20,0,imagen.jpeg,11,depthwise_conv,1x96x112x112,3.243345
20,0,imagen.jpeg,12,batchnorm,1x96x56x56,0.291205
20,0,imagen.jpeg,13,activacion,1x96x56x56,0.99403
20,0,imagen.jpeg,14,pointwise_conv,1x96x56x56,3.960599
20,0,imagen.jpeg,15,batchnorm,1x24x56x56,0.062428
20,0,imagen.jpeg,16,pointwise_conv,1x24x56x56,6.636378
20,0,imagen.jpeg,17,batchnorm,1x144x56x56,0.923197
20,0,imagen.jpeg,18,activacion,1x144x56x56,1.278676
20,0,imagen.jpeg,19,depthwise_conv,1x144x56x56,4.625906
20,0,imagen.jpeg,20,batchnorm,1x144x56x56,0.947036
20,0,imagen.jpeg,21,activacion,1x144x56x56,1.65324
20,0,imagen.jpeg,22,pointwise_conv,1x144x56x56,5.898377
20,0,imagen.jpeg,23,batchnorm,1x24x56x56,0.063025
20,0,imagen.jpeg,24,layer_add,1x24x56x56,0.05944
20,0,imagen.jpeg,25,pointwise_conv,1x24x56x56,5.999089
20,0,imagen.jpeg,26,batchnorm,1x144x56x56,0.470954
20,0,imagen.jpeg,27,activacion,1x144x56x56,1.516011
20,0,imagen.jpeg,28,depthwise_conv,1x144x56x56,1.149412
20,0,imagen.jpeg,29,batchnorm,1x144x28x28,0.095997
20,0,imagen.jpeg,30,activacion,1x144x28x28,0.33319
20,0,imagen.jpeg,31,pointwise_conv,1x144x28x28,1.971154
20,0,imagen.jpeg,32,batchnorm,1x32x28x28,0.022671
20,0,imagen.jpeg,33,pointwise_conv,1x32x28x28,2.635552
20,0,imagen.jpeg,34,batchnorm,1x192x28x28,0.133041
20,0,imagen.jpeg,35,activacion,1x192x28x28,0.370787
20,0,imagen.jpeg,36,depthwise_conv,1x192x28x28,1.452594
20,0,imagen.jpeg,37,batchnorm,1x192x28x28,0.124049
20,0,imagen.jpeg,38,activacion,1x192x28x28,0.552309
20,0,imagen.jpeg,39,pointwise_conv,1x192x28x28,2.641677
20,0,imagen.jpeg,40,batchnorm,1x32x28x28,0.022359
20,0,imagen.jpeg,41,layer_add,1x32x28x28,0.013379
20,0,imagen.jpeg,42,pointwise_conv,1x32x28x28,3.187439
20,0,imagen.jpeg,43,batchnorm,1x192x28x28,0.145772
20,0,imagen.jpeg,44,activacion,1x192x28x28,0.437203
20,0,imagen.jpeg,45,depthwise_conv,1x192x28x28,1.539406
20,0,imagen.jpeg,46,batchnorm,1x192x28x28,0.132661
20,0,imagen.jpeg,47,activacion,1x192x28x28,0.537056
20,0,imagen.jpeg,48,pointwise_conv,1x192x28x28,2.710821
20,0,imagen.jpeg,49,batchnorm,1x32x28x28,0.021238
20,0,imagen.jpeg,50,layer_add,1x32x28x28,0.012977
20,0,imagen.jpeg,51,pointwise_conv,1x32x28x28,2.795067
20,0,imagen.jpeg,52,batchnorm,1x192x28x28,0.147835
20,0,imagen.jpeg,53,activacion,1x192x28x28,0.511413
20,0,imagen.jpeg,54,depthwise_conv,1x192x28x28,0.405161
20,0,imagen.jpeg,55,batchnorm,1x192x14x14,0.033433
20,0,imagen.jpeg,56,activacion,1x192x14x14,0.101858
20,0,imagen.jpeg,57,pointwise_conv,1x192x14x14,1.342486
20,0,imagen.jpeg,58,batchnorm,1x64x14x14,0.011693
20,0,imagen.jpeg,59,pointwise_conv,1x64x14x14,2.804171
20,0,imagen.jpeg,60,batchnorm,1x384x14x14,0.071393
20,0,imagen.jpeg,61,activacion,1x384x14x14,0.226518
20,0,imagen.jpeg,62,depthwise_conv,1x384x14x14,0.75935
20,0,imagen.jpeg,63,batchnorm,1x384x14x14,0.065636
20,0,imagen.jpeg,64,activacion,1x384x14x14,0.259584
20,0,imagen.jpeg,65,pointwise_conv,1x384x14x14,2.7366
20,0,imagen.jpeg,66,batchnorm,1x64x14x14,0.010788
20,0,imagen.jpeg,67,layer_add,1x64x14x14,0.006355
20,0,imagen.jpeg,68,pointwise_conv,1x64x14x14,3.460911
20,0,imagen.jpeg,69,batchnorm,1x384x14x14,0.075462
20,0,imagen.jpeg,70,activacion,1x384x14x14,0.235317
20,0,imagen.jpeg,71,depthwise_conv,1x384x14x14,0.948317
20,0,imagen.jpeg,72,batchnorm,1x384x14x14,0.104259
20,0,imagen.jpeg,73,activacion,1x384x14x14,0.275621
20,0,imagen.jpeg,74,pointwise_conv,1x384x14x14,2.79392
20,0,imagen.jpeg,75,batchnorm,1x64x14x14,0.011256
20,0,imagen.jpeg,76,layer_add,1x64x14x14,0.007069
20,0,imagen.jpeg,77,pointwise_conv,1x64x14x14,2.732645
20,0,imagen.jpeg,78,batchnorm,1x384x14x14,0.06799
20,0,imagen.jpeg,79,activacion,1x384x14x14,0.262515
20,0,imagen.jpeg,80,depthwise_conv,1x384x14x14,0.765177
20,0,imagen.jpeg,81,batchnorm,1x384x14x14,0.146783
20,0,imagen.jpeg,82,activacion,1x384x14x14,0.227708
20,0,imagen.jpeg,83,pointwise_conv,1x384x14x14,2.767068
20,0,imagen.jpeg,84,batchnorm,1x64x14x14,0.01104
20,0,imagen.jpeg,85,layer_add,1x64x14x14,0.006345
20,0,imagen.jpeg,86,pointwise_conv,1x64x14x14,2.688209
20,0,imagen.jpeg,87,batchnorm,1x384x14x14,0.064713
20,0,imagen.jpeg,88,activacion,1x384x14x14,0.279815
20,0,imagen.jpeg,89,depthwise_conv,1x384x14x14,0.75306
20,0,imagen.jpeg,90,batchnorm,1x384x14x14,0.065424
20,0,imagen.jpeg,91,activacion,1x384x14x14,0.236439
20,0,imagen.jpeg,92,pointwise_conv,1x384x14x14,4.098499
20,0,imagen.jpeg,93,batchnorm,1x96x14x14,0.017638
20,0,imagen.jpeg,94,pointwise_conv,1x96x14x14,5.962258
20,0,imagen.jpeg,95,batchnorm,1x576x14x14,0.155967
20,0,imagen.jpeg,96,activacion,1x576x14x14,0.404463
20,0,imagen.jpeg,97,depthwise_conv,1x576x14x14,1.161251
20,0,imagen.jpeg,98,batchnorm,1x576x14x14,0.178499
20,0,imagen.jpeg,99,activacion,1x576x14x14,0.339009
20,0,imagen.jpeg,100,pointwise_conv,1x576x14x14,5.951248
20,0,imagen.jpeg,101,batchnorm,1x96x14x14,0.018931
20,0,imagen.jpeg,102,layer_add,1x96x14x14,0.029703
20,0,imagen.jpeg,103,pointwise_conv,1x96x14x14,6.237846
20,0,imagen.jpeg,104,batchnorm,1x576x14x14,0.109382
20,0,imagen.jpeg,105,activacion,1x576x14x14,0.367106
20,0,imagen.jpeg,106,depthwise_conv,1x576x14x14,1.206786
20,0,imagen.jpeg,107,batchnorm,1x576x14x14,0.174244
20,0,imagen.jpeg,108,activacion,1x576x14x14,0.30808
20,0,imagen.jpeg,109,pointwise_conv,1x576x14x14,6.005405
20,0,imagen.jpeg,110,batchnorm,1x96x14x14,0.01618
20,0,imagen.jpeg,111,layer_add,1x96x14x14,0.012834
20,0,imagen.jpeg,112,pointwise_conv,1x96x14x14,6.024243
20,0,imagen.jpeg,113,batchnorm,1x576x14x14,0.106131
20,0,imagen.jpeg,114,activacion,1x576x14x14,0.304794
20,0,imagen.jpeg,115,depthwise_conv,1x576x14x14,0.287161
20,0,imagen.jpeg,116,batchnorm,1x576x7x7,0.029753
20,0,imagen.jpeg,117,activacion,1x576x7x7,0.07715
20,0,imagen.jpeg,118,pointwise_conv,1x576x7x7,2.384712
20,0,imagen.jpeg,119,batchnorm,1x160x7x7,0.007699
20,0,imagen.jpeg,120,pointwise_conv,1x160x7x7,4.128461
20,0,imagen.jpeg,121,batchnorm,1x960x7x7,0.042899
20,0,imagen.jpeg,122,activacion,1x960x7x7,0.144663
20,0,imagen.jpeg,123,depthwise_conv,1x960x7x7,0.437868
20,0,imagen.jpeg,124,batchnorm,1x960x7x7,0.042862
20,0,imagen.jpeg,125,activacion,1x960x7x7,0.138814
20,0,imagen.jpeg,126,pointwise_conv,1x960x7x7,4.032697
20,0,imagen.jpeg,127,batchnorm,1x160x7x7,0.007164
20,0,imagen.jpeg,128,layer_add,1x160x7x7,0.003846
20,0,imagen.jpeg,129,pointwise_conv,1x160x7x7,4.105057
20,0,imagen.jpeg,130,batchnorm,1x960x7x7,0.041648
20,0,imagen.jpeg,131,activacion,1x960x7x7,0.153977
20,0,imagen.jpeg,132,depthwise_conv,1x960x7x7,0.433726
20,0,imagen.jpeg,133,batchnorm,1x960x7x7,0.05364
20,0,imagen.jpeg,134,activacion,1x960x7x7,0.133948
20,0,imagen.jpeg,135,pointwise_conv,1x960x7x7,4.311227
20,0,imagen.jpeg,136,batchnorm,1x160x7x7,0.007952
20,0,imagen.jpeg,137,layer_add,1x160x7x7,0.004581
20,0,imagen.jpeg,138,pointwise_conv,1x160x7x7,4.212899
20,0,imagen.jpeg,139,batchnorm,1x960x7x7,0.04388
20,0,imagen.jpeg,140,activacion,1x960x7x7,0.110523
20,0,imagen.jpeg,141,depthwise_conv,1x960x7x7,0.429087
20,0,imagen.jpeg,142,batchnorm,1x960x7x7,0.046696
20,0,imagen.jpeg,143,activacion,1x960x7x7,0.089107
20,0,imagen.jpeg,144,pointwise_conv,1x960x7x7,8.25008
20,0,imagen.jpeg,145,batchnorm,1x320x7x7,0.015946
20,0,imagen.jpeg,146,pointwise_conv,1x320x7x7,11.730206
20,0,imagen.jpeg,147,batchnorm,1x1280x7x7,0.073444
20,0,imagen.jpeg,148,activacion,1x1280x7x7,0.209066
20,0,imagen.jpeg,149,pooling,1x1280x7x7,0.041753
20,0,imagen.jpeg,150,linear,1x1280,1.428899
21,0,imagen.jpeg,0,conv2d,1x3x224x224,16.221348
21,0,imagen.jpeg,1,batchnorm,1x32x112x112,0.4388
21,0,imagen.jpeg,2,activacion,1x32x112x112,0.681695
21,0,imagen.jpeg,3,depthwise_conv,1x32x112x112,4.64045
21,0,imagen.jpeg,4,batchnorm,1x32x112x112,2.598748
21,0,imagen.jpeg,5,activacion,1x32x112x112,0.810058
21,0,imagen.jpeg,6,pointwise_conv,1x32x112x112,3.958663
21,0,imagen.jpeg,7,batchnorm,1x16x112x112,0.202823
21,0,imagen.jpeg,8,pointwise_conv,1x16x112x112,12.767836
21,0,imagen.jpeg,9,batchnorm,1x96x112x112,2.281767
21,0,imagen.jpeg,10,activacion,1x96x112x112,3.696792
21,0,imagen.jpeg,11,depthwise_conv,1x96x112x112,3.438127
21,0,imagen.jpeg,12,batchnorm,1x96x56x56,0.30485
21,0,imagen.jpeg,13,activacion,1x96x56x56,1.155291
21,0,imagen.jpeg,14,pointwise_conv,1x96x56x56,4.347452
21,0,imagen.jpeg,15,batchnorm,1x24x56x56,0.06996
21,0,imagen.jpeg,16,pointwise_conv,1x24x56x56,7.395129
21,0,imagen.jpeg,17,batchnorm,1x144x56x56,1.029868
21,0,imagen.jpeg,18,activacion,1x144x56x56,1.439391
21,0,imagen.jpeg,19,depthwise_conv,1x144x56x56,4.905338
21,0,imagen.jpeg,20,batchnorm,1x144x56x56,0.972973
21,0,imagen.jpeg,21,activacion,1x144x56x56,1.704367
21,0,imagen.jpeg,22,pointwise_conv,1x144x56x56,6.68021
21,0,imagen.jpeg,23,batchnorm,1x24x56x56,0.072169
21,0,imagen.jpeg,24,layer_add,1x24x56x56,0.050134
21,0,imagen.jpeg,25,pointwise_conv,1x24x56x56,6.11306
21,0,imagen.jpeg,26,batchnorm,1x144x56x56,0.440391
21,0,imagen.jpeg,27,activacion,1x144x56x56,1.632754
21,0,imagen.jpeg,28,depthwise_conv,1x144x56x56,1.21913
21,0,imagen.jpeg,29,batchnorm,1x144x28x28,0.108212
21,0,imagen.jpeg,30,activacion,1x144x28x28,0.363435
21,0,imagen.jpeg,31,pointwise_conv,1x144x28x28,2.025477
21,0,imagen.jpeg,32,batchnorm,1x32x28x28,0.022164
21,0,imagen.jpeg,33,pointwise_conv,1x32x28x28,3.079867
21,0,imagen.jpeg,34,batchnorm,1x192x28x28,0.161677
21,0,imagen.jpeg,35,activacion,1x192x28x28,0.391378
21,0,imagen.jpeg,36,depthwise_conv,1x192x28x28,1.600283
21,0,imagen.jpeg,37,batchnorm,1x192x28x28,0.138573
21,0,imagen.jpeg,38,activacion,1x192x28x28,0.53754
21,0,imagen.jpeg,39,pointwise_conv,1x192x28x28,2.649783
21,0,imagen.jpeg,40,batchnorm,1x32x28x28,0.021113
21,0,imagen.jpeg,41,layer_add,1x32x28x28,0.013547
21,0,imagen.jpeg,42,pointwise_conv,1x32x28x28,2.81345
21,0,imagen.jpeg,43,batchnorm,1x192x28x28,0.142201
21,0,imagen.jpeg,44,activacion,1x192x28x28,0.45105
21,0,imagen.jpeg,45,depthwise_conv,1x192x28x28,1.527425
21,0,imagen.jpeg,46,batchnorm,1x192x28x28,0.163128
21,0,imagen.jpeg,47,activacion,1x192x28x28,0.521483
21,0,imagen.jpeg,48,pointwise_conv,1x192x28x28,2.705107
21,0,imagen.jpeg,49,batchnorm,1x32x28x28,0.021947
21,0,imagen.jpeg,50,layer_add,1x32x28x28,0.014159
21,0,imagen.jpeg,51,pointwise_conv,1x32x28x28,2.985642
21,0,imagen.jpeg,52,batchnorm,1x192x28x28,0.152279
21,0,imagen.jpeg,53,activacion,1x192x28x28,0.548975
21,0,imagen.jpeg,54,depthwise_conv,1x192x28x28,0.394382
21,0,imagen.jpeg,55,batchnorm,1x192x14x14,0.035336
21,0,imagen.jpeg,56,activacion,1x192x14x14,0.101545
21,0,imagen.jpeg,57,pointwise_conv,1x192x14x14,1.621014
21,0,imagen.jpeg,58,batchnorm,1x64x14x14,0.018976
21,0,imagen.jpeg,59,pointwise_conv,1x64x14x14,3.338642
21,0,imagen.jpeg,60,batchnorm,1x384x14x14,0.077896
21,0,imagen.jpeg,61,activacion,1x384x14x14,0.210188
21,0,imagen.jpeg,62,depthwise_conv,1x384x14x14,0.83073
21,0,imagen.jpeg,63,batchnorm,1x384x14x14,0.073886
21,0,imagen.jpeg,64,activacion,1x384x14x14,0.28113
21,0,imagen.jpeg,65,pointwise_conv,1x384x14x14,2.856402
21,0,imagen.jpeg,66,batchnorm,1x64x14x14,0.012813
21,0,imagen.jpeg,67,layer_add,1x64x14x14,0.007262
21,0,imagen.jpeg,68,pointwise_conv,1x64x14x14,2.947781
21,0,imagen.jpeg,69,batchnorm,1x384x14x14,0.083857
21,0,imagen.jpeg,70,activacion,1x384x14x14,0.270059
21,0,imagen.jpeg,71,depthwise_conv,1x384x14x14,0.872353
21,0,imagen.jpeg,72,batchnorm,1x384x14x14,0.128144
21,0,imagen.jpeg,73,activacion,1x384x14x14,0.281215
21,0,imagen.jpeg,74,pointwise_conv,1x384x14x14,3.721752
21,0,imagen.jpeg,75,batchnorm,1x64x14x14,0.014613
21,0,imagen.jpeg,76,layer_add,1x64x14x14,0.008788
21,0,imagen.jpeg,77,pointwise_conv,1x64x14x14,3.144574
21,0,imagen.jpeg,78,batchnorm,1x384x14x14,0.079978
21,0,imagen.jpeg,79,activacion,1x384x14x14,0.293289
21,0,imagen.jpeg,80,depthwise_conv,1x384x14x14,0.865445
21,0,imagen.jpeg,81,batchnorm,1x384x14x14,0.159469
21,0,imagen.jpeg,82,activacion,1x384x14x14,0.255416
21,0,imagen.jpeg,83,pointwise_conv,1x384x14x14,3.030238
21,0,imagen.jpeg,84,batchnorm,1x64x14x14,0.013091
21,0,imagen.jpeg,85,layer_add,1x64x14x14,0.007359
21,0,imagen.jpeg,86,pointwise_conv,1x64x14x14,3.213814
21,0,imagen.jpeg,87,batchnorm,1x384x14x14,0.08912
21,0,imagen.jpeg,88,activacion,1x384x14x14,0.303396
21,0,imagen.jpeg,89,depthwise_conv,1x384x14x14,1.109126
21,0,imagen.jpeg,90,batchnorm,1x384x14x14,0.081096
21,0,imagen.jpeg,91,activacion,1x384x14x14,0.279816
21,0,imagen.jpeg,92,pointwise_conv,1x384x14x14,4.582313
21,0,imagen.jpeg,93,batchnorm,1x96x14x14,0.020393
21,0,imagen.jpeg,94,pointwise_conv,1x96x14x14,6.859243
21,0,imagen.jpeg,95,batchnorm,1x576x14x14,0.123534
21,0,imagen.jpeg,96,activacion,1x576x14x14,0.411445
21,0,imagen.jpeg,97,depthwise_conv,1x576x14x14,1.261958
21,0,imagen.jpeg,98,batchnorm,1x576x14x14,0.211971
21,0,imagen.jpeg,99,activacion,1x576x14x14,0.373038
21,0,imagen.jpeg,100,pointwise_conv,1x576x14x14,7.235764
21,0,imagen.jpeg,101,batchnorm,1x96x14x14,0.029837
21,0,imagen.jpeg,102,layer_add,1x96x14x14,0.011273
21,0,imagen.jpeg,103,pointwise_conv,1x96x14x14,6.620068
21,0,imagen.jpeg,104,batchnorm,1x576x14x14,0.120951
21,0,imagen.jpeg,105,activacion,1x576x14x14,0.391042
21,0,imagen.jpeg,106,depthwise_conv,1x576x14x14,1.227753
21,0,imagen.jpeg,107,batchnorm,1x576x14x14,0.187204
21,0,imagen.jpeg,108,activacion,1x576x14x14,0.323401
21,0,imagen.jpeg,109,pointwise_conv,1x576x14x14,7.011109
21,0,imagen.jpeg,110,batchnorm,1x96x14x14,0.017905
21,0,imagen.jpeg,111,layer_add,1x96x14x14,0.013292
21,0,imagen.jpeg,112,pointwise_conv,1x96x14x14,6.484703
21,0,imagen.jpeg,113,batchnorm,1x576x14x14,0.119826
21,0,imagen.jpeg,114,activacion,1x576x14x14,0.351759
21,0,imagen.jpeg,115,depthwise_conv,1x576x14x14,0.281544
21,0,imagen.jpeg,116,batchnorm,1x576x7x7,0.031648
21,0,imagen.jpeg,117,activacion,1x576x7x7,0.068048
21,0,imagen.jpeg,118,pointwise_conv,1x576x7x7,2.967032
21,0,imagen.jpeg,119,batchnorm,1x160x7x7,0.009008
21,0,imagen.jpeg,120,pointwise_conv,1x160x7x7,4.472582
21,0,imagen.jpeg,121,batchnorm,1x960x7x7,0.047199
21,0,imagen.jpeg,122,activacion,1x960x7x7,0.157294
21,0,imagen.jpeg,123,depthwise_conv,1x960x7x7,0.462434
21,0,imagen.jpeg,124,batchnorm,1x960x7x7,0.049714
21,0,imagen.jpeg,125,activacion,1x960x7x7,0.150905
21,0,imagen.jpeg,126,pointwise_conv,1x960x7x7,4.279902
21,0,imagen.jpeg,127,batchnorm,1x160x7x7,0.007558
21,0,imagen.jpeg,128,layer_add,1x160x7x7,0.004134
21,0,imagen.jpeg,129,pointwise_conv,1x160x7x7,4.055352
21,0,imagen.jpeg,130,batchnorm,1x960x7x7,0.043875
21,0,imagen.jpeg,131,activacion,1x960x7x7,0.156635
21,0,imagen.jpeg,132,depthwise_conv,1x960x7x7,0.438966
21,0,imagen.jpeg,133,batchnorm,1x960x7x7,0.055545
21,0,imagen.jpeg,134,activacion,1x960x7x7,0.126971
21,0,imagen.jpeg,135,pointwise_conv,1x960x7x7,4.702045
21,0,imagen.jpeg,136,batchnorm,1x160x7x7,0.008542
21,0,imagen.jpeg,137,layer_add,1x160x7x7,0.004576
21,0,imagen.jpeg,138,pointwise_conv,1x160x7x7,4.207414
21,0,imagen.jpeg,139,batchnorm,1x960x7x7,0.045249
21,0,imagen.jpeg,140,activacion,1x960x7x7,0.126424
21,0,imagen.jpeg,141,depthwise_conv,1x960x7x7,0.437463
21,0,imagen.jpeg,142,batchnorm,1x960x7x7,0.047612
21,0,imagen.jpeg,143,activacion,1x960x7x7,0.089903
21,0,imagen.jpeg,144,pointwise_conv,1x960x7x7,8.636746
21,0,imagen.jpeg,145,batchnorm,1x320x7x7,0.018044
21,0,imagen.jpeg,146,pointwise_conv,1x320x7x7,10.975804
21,0,imagen.jpeg,147,batchnorm,1x1280x7x7,0.062529
21,0,imagen.jpeg,148,activacion,1x1280x7x7,0.176694
21,0,imagen.jpeg,149,pooling,1x1280x7x7,0.038363
21,0,imagen.jpeg,150,linear,1x1280,1.434443
22,0,imagen.jpeg,0,conv2d,1x3x224x224,16.198653
22,0,imagen.jpeg,1,batchnorm,1x32x112x112,0.399106
22,0,imagen.jpeg,2,activacion,1x32x112x112,0.66332
22,0,imagen.jpeg,3,depthwise_conv,1x32x112x112,4.108735
22,0,imagen.jpeg,4,batchnorm,1x32x112x112,2.400599
22,0,imagen.jpeg,5,activacion,1x32x112x112,0.784052
22,0,imagen.jpeg,6,pointwise_conv,1x32x112x112,3.607342
22,0,imagen.jpeg,7,batchnorm,1x16x112x112,0.179687
22,0,imagen.jpeg,8,pointwise_conv,1x16x112x112,11.819058
22,0,imagen.jpeg,9,batchnorm,1x96x112x112,2.104639
22,0,imagen.jpeg,10,activacion,1x96x112x112,3.639309
22,0,imagen.jpeg,11,depthwise_conv,1x96x112x112,3.187088
22,0,imagen.jpeg,12,batchnorm,1x96x56x56,0.293904
22,0,imagen.jpeg,13,activacion,1x96x56x56,1.010805
22,0,imagen.jpeg,14,pointwise_conv,1x96x56x56,3.915071
22,0,imagen.jpeg,15,batchnorm,1x24x56x56,0.066572
22,0,imagen.jpeg,16,pointwise_conv,1x24x56x56,6.730938
22,0,imagen.jpeg,17,batchnorm,1x144x56x56,1.233619
22,0,imagen.jpeg,18,activacion,1x144x56x56,1.351322
22,0,imagen.jpeg,19,depthwise_conv,1x144x56x56,4.505959
22,0,imagen.jpeg,20,batchnorm,1x144x56x56,0.934401
22,0,imagen.jpeg,21,activacion,1x144x56x56,1.669411
22,0,imagen.jpeg,22,pointwise_conv,1x144x56x56,6.110482
22,0,imagen.jpeg,23,batchnorm,1x24x56x56,0.063942
22,0,imagen.jpeg,24,layer_add,1x24x56x56,0.056291
22,0,imagen.jpeg,25,pointwise_conv,1x24x56x56,6.526137
22,0,imagen.jpeg,26,batchnorm,1x144x56x56,0.424061
22,0,imagen.jpeg,27,activacion,1x144x56x56,1.543887
22,0,imagen.jpeg,28,depthwise_conv,1x144x56x56,1.160914
22,0,imagen.jpeg,29,batchnorm,1x144x28x28,0.141526
22,0,imagen.jpeg,30,activacion,1x144x28x28,0.372536
22,0,imagen.jpeg,31,pointwise_conv,1x144x28x28,2.030031
22,0,imagen.jpeg,32,batchnorm,1x32x28x28,0.021653
22,0,imagen.jpeg,33,pointwise_conv,1x32x28x28,2.663735
22,0,imagen.jpeg,34,batchnorm,1x192x28x28,0.152531
22,0,imagen.jpeg,35,activacion,1x192x28x28,0.376777
22,0,imagen.jpeg,36,depthwise_conv,1x192x28x28,1.733481
22,0,imagen.jpeg,37,batchnorm,1x192x28x28,0.231722
22,0,imagen.jpeg,38,activacion,1x192x28x28,0.560898
22,0,imagen.jpeg,39,pointwise_conv,1x192x28x28,2.719317
22,0,imagen.jpeg,40,batchnorm,1x32x28x28,0.021297
22,0,imagen.jpeg,41,layer_add,1x32x28x28,0.013872
22,0,imagen.jpeg,42,pointwise_conv,1x32x28x28,2.596439
22,0,imagen.jpeg,43,batchnorm,1x192x28x28,0.136994
22,0,imagen.jpeg,44,activacion,1x192x28x28,0.451031
22,0,imagen.jpeg,45,depthwise_conv,1x192x28x28,1.586591
22,0,imagen.jpeg,46,batchnorm,1x192x28x28,0.155293
22,0,imagen.jpeg,47,activacion,1x192x28x28,0.53714
22,0,imagen.jpeg,48,pointwise_conv,1x192x28x28,2.795746
22,0,imagen.jpeg,49,batchnorm,1x32x28x28,0.023766
22,0,imagen.jpeg,50,layer_add,1x32x28x28,0.01419
22,0,imagen.jpeg,51,pointwise_conv,1x32x28x28,2.725642
22,0,imagen.jpeg,52,batchnorm,1x192x28x28,0.138959
22,0,imagen.jpeg,53,activacion,1x192x28x28,0.525974
22,0,imagen.jpeg,54,depthwise_conv,1x192x28x28,0.463531
22,0,imagen.jpeg,55,batchnorm,1x192x14x14,0.038246
22,0,imagen.jpeg,56,activacion,1x192x14x14,0.111966
22,0,imagen.jpeg,57,pointwise_conv,1x192x14x14,1.430964
22,0,imagen.jpeg,58,batchnorm,1x64x14x14,0.011722
22,0,imagen.jpeg,59,pointwise_conv,1x64x14x14,2.78306
22,0,imagen.jpeg,60,batchnorm,1x384x14x14,0.067778
22,0,imagen.jpeg,61,activacion,1x384x14x14,0.191467
22,0,imagen.jpeg,62,depthwise_conv,1x384x14x14,0.793006
22,0,imagen.jpeg,63,batchnorm,1x384x14x14,0.067328
22,0,imagen.jpeg,64,activacion,1x384x14x14,0.299934
22,0,imagen.jpeg,65,pointwise_conv,1x384x14x14,3.342092
22,0,imagen.jpeg,66,batchnorm,1x64x14x14,0.013489
22,0,imagen.jpeg,67,layer_add,1x64x14x14,0.008061
22,0,imagen.jpeg,68,pointwise_conv,1x64x14x14,2.953125
22,0,imagen.jpeg,69,batchnorm,1x384x14x14,0.073173
22,0,imagen.jpeg,70,activacion,1x384x14x14,0.247692
22,0,imagen.jpeg,71,depthwise_conv,1x384x14x14,0.836969
22,0,imagen.jpeg,72,batchnorm,1x384x14x14,0.106819
22,0,imagen.jpeg,73,activacion,1x384x14x14,0.263901
22,0,imagen.jpeg,74,pointwise_conv,1x384x14x14,2.878091
22,0,imagen.jpeg,75,batchnorm,1x64x14x14,0.012319
22,0,imagen.jpeg,76,layer_add,1x64x14x14,0.007837
22,0,imagen.jpeg,77,pointwise_conv,1x64x14x14,2.747376
22,0,imagen.jpeg,78,batchnorm,1x384x14x14,0.067607
22,0,imagen.jpeg,79,activacion,1x384x14x14,0.257234
22,0,imagen.jpeg,80,depthwise_conv,1x384x14x14,0.762335
22,0,imagen.jpeg,81,batchnorm,1x384x14x14,0.150087
22,0,imagen.jpeg,82,activacion,1x384x14x14,0.22965
22,0,imagen.jpeg,83,pointwise_conv,1x384x14x14,2.83843
22,0,imagen.jpeg,84,batchnorm,1x64x14x14,0.012111
22,0,imagen.jpeg,85,layer_add,1x64x14x14,0.006857
22,0,imagen.jpeg,86,pointwise_conv,1x64x14x14,2.893249
22,0,imagen.jpeg,87,batchnorm,1x384x14x14,0.074208
22,0,imagen.jpeg,88,activacion,1x384x14x14,0.260379
22,0,imagen.jpeg,89,depthwise_conv,1x384x14x14,0.803779
22,0,imagen.jpeg,90,batchnorm,1x384x14x14,0.069138
22,0,imagen.jpeg,91,activacion,1x384x14x14,0.263306
22,0,imagen.jpeg,92,pointwise_conv,1x384x14x14,4.087425
22,0,imagen.jpeg,93,batchnorm,1x96x14x14,0.027998
22,0,imagen.jpeg,94,pointwise_conv,1x96x14x14,5.99069
22,0,imagen.jpeg,95,batchnorm,1x576x14x14,0.113761
22,0,imagen.jpeg,96,activacion,1x576x14x14,0.365789
22,0,imagen.jpeg,97,depthwise_conv,1x576x14x14,1.222514
22,0,imagen.jpeg,98,batchnorm,1x576x14x14,0.202952
22,0,imagen.jpeg,99,activacion,1x576x14x14,0.346819
22,0,imagen.jpeg,100,pointwise_conv,1x576x14x14,6.083468
22,0,imagen.jpeg,101,batchnorm,1x96x14x14,0.016357
22,0,imagen.jpeg,102,layer_add,1x96x14x14,0.010235
22,0,imagen.jpeg,103,pointwise_conv,1x96x14x14,6.210197
22,0,imagen.jpeg,104,batchnorm,1x576x14x14,0.111406
22,0,imagen.jpeg,105,activacion,1x576x14x14,0.362842
22,0,imagen.jpeg,106,depthwise_conv,1x576x14x14,1.170315
22,0,imagen.jpeg,107,batchnorm,1x576x14x14,0.174121
22,0,imagen.jpeg,108,activacion,1x576x14x14,0.30395
22,0,imagen.jpeg,109,pointwise_conv,1x576x14x14,6.389785
22,0,imagen.jpeg,110,batchnorm,1x96x14x14,0.018058
22,0,imagen.jpeg,111,layer_add,1x96x14x14,0.012952
22,0,imagen.jpeg,112,pointwise_conv,1x96x14x14,6.294117
22,0,imagen.jpeg,113,batchnorm,1x576x14x14,0.107731
22,0,imagen.jpeg,114,activacion,1x576x14x14,0.305483
22,0,imagen.jpeg,115,depthwise_conv,1x576x14x14,0.276444
22,0,imagen.jpeg,116,batchnorm,1x576x7x7,0.030306
22,0,imagen.jpeg,117,activacion,1x576x7x7,0.065375
22,0,imagen.jpeg,118,pointwise_conv,1x576x7x7,2.46277
22,0,imagen.jpeg,119,batchnorm,1x160x7x7,0.007888
22,0,imagen.jpeg,120,pointwise_conv,1x160x7x7,4.276783
22,0,imagen.jpeg,121,batchnorm,1x960x7x7,0.047295
22,0,imagen.jpeg,122,activacion,1x960x7x7,0.153979
22,0,imagen.jpeg,123,depthwise_conv,1x960x7x7,0.434144
22,0,imagen.jpeg,124,batchnorm,1x960x7x7,0.044281
22,0,imagen.jpeg,125,activacion,1x960x7x7,0.159895
22,0,imagen.jpeg,126,pointwise_conv,1x960x7x7,4.127706
22,0,imagen.jpeg,127,batchnorm,1x160x7x7,0.007249
22,0,imagen.jpeg,128,layer_add,1x160x7x7,0.003792
22,0,imagen.jpeg,129,pointwise_conv,1x160x7x7,4.142558
22,0,imagen.jpeg,130,batchnorm,1x960x7x7,0.043759
22,0,imagen.jpeg,131,activacion,1x960x7x7,0.138765
22,0,imagen.jpeg,132,depthwise_conv,1x960x7x7,0.440181
22,0,imagen.jpeg,133,batchnorm,1x960x7x7,0.054188
22,0,imagen.jpeg,134,activacion,1x960x7x7,0.124799
22,0,imagen.jpeg,135,pointwise_conv,1x960x7x7,4.290881
22,0,imagen.jpeg,136,batchnorm,1x160x7x7,0.007939
22,0,imagen.jpeg,137,layer_add,1x160x7x7,0.00447
22,0,imagen.jpeg,138,pointwise_conv,1x160x7x7,4.186879
22,0,imagen.jpeg,139,batchnorm,1x960x7x7,0.04485
22,0,imagen.jpeg,140,activacion,1x960x7x7,0.152765
22,0,imagen.jpeg,141,depthwise_conv,1x960x7x7,0.414292
22,0,imagen.jpeg,142,batchnorm,1x960x7x7,0.045679
22,0,imagen.jpeg,143,activacion,1x960x7x7,0.085766
22,0,imagen.jpeg,144,pointwise_conv,1x960x7x7,8.426592
22,0,imagen.jpeg,145,batchnorm,1x320x7x7,0.016033
22,0,imagen.jpeg,146,pointwise_conv,1x320x7x7,11.134969
22,0,imagen.jpeg,147,batchnorm,1x1280x7x7,0.080174
22,0,imagen.jpeg,148,activacion,1x1280x7x7,0.240339
22,0,imagen.jpeg,149,pooling,1x1280x7x7,0.040466
22,0,imagen.jpeg,150,linear,1x1280,1.382499
23,0,imagen.jpeg,0,conv2d,1x3x224x224,15.770012
23,0,imagen.jpeg,1,batchnorm,1x32x112x112,0.403508
23,0,imagen.jpeg,2,activacion,1x32x112x112,0.648206
23,0,imagen.jpeg,3,depthwise_conv,1x32x112x112,4.128752
23,0,imagen.jpeg,4,batchnorm,1x32x112x112,2.384234
23,0,imagen.jpeg,5,activacion,1x32x112x112,0.747768
23,0,imagen.jpeg,6,pointwise_conv,1x32x112x112,3.795871
23,0,imagen.jpeg,7,batchnorm,1x16x112x112,0.206527
23,0,imagen.jpeg,8,pointwise_conv,1x16x112x112,11.467787
23,0,imagen.jpeg,9,batchnorm,1x96x112x112,2.244581
23,0,imagen.jpeg,10,activacion,1x96x112x112,3.444183
23,0,imagen.jpeg,11,depthwise_conv,1x96x112x112,3.196636
23,0,imagen.jpeg,12,batchnorm,1x96x56x56,0.287248
23,0,imagen.jpeg,13,activacion,1x96x56x56,1.017847
23,0,imagen.jpeg,14,pointwise_conv,1x96x56x56,4.0627
23,0,imagen.jpeg,15,batchnorm,1x24x56x56,0.070558
23,0,imagen.jpeg,16,pointwise_conv,1x24x56x56,6.896849
23,0,imagen.jpeg,17,batchnorm,1x144x56x56,0.950876
23,0,imagen.jpeg,18,activacion,1x144x56x56,1.306748
23,0,imagen.jpeg,19,depthwise_conv,1x144x56x56,4.669698
23,0,imagen.jpeg,20,batchnorm,1x144x56x56,0.958722
23,0,imagen.jpeg,21,activacion,1x144x56x56,1.675512
23,0,imagen.jpeg,22,pointwise_conv,1x144x56x56,6.406018
23,0,imagen.jpeg,23,batchnorm,1x24x56x56,0.070607
23,0,imagen.jpeg,24,layer_add,1x24x56x56,0.046925
23,0,imagen.jpeg,25,pointwise_conv,1x24x56x56,6.279947
23,0,imagen.jpeg,26,batchnorm,1x144x56x56,0.499191
23,0,imagen.jpeg,27,activacion,1x144x56x56,1.571161
23,0,imagen.jpeg,28,depthwise_conv,1x144x56x56,1.18854
23,0,imagen.jpeg,29,batchnorm,1x144x28x28,0.111998
23,0,imagen.jpeg,30,activacion,1x144x28x28,0.357085
23,0,imagen.jpeg,31,pointwise_conv,1x144x28x28,2.055205
23,0,imagen.jpeg,32,batchnorm,1x32x28x28,0.023034
23,0,imagen.jpeg,33,pointwise_conv,1x32x28x28,2.903696
23,0,imagen.jpeg,34,batchnorm,1x192x28x28,0.15597
23,0,imagen.jpeg,35,activacion,1x192x28x28,0.391135
23,0,imagen.jpeg,36,depthwise_conv,1x192x28x28,1.560029
23,0,imagen.jpeg,37,batchnorm,1x192x28x28,0.141786
23,0,imagen.jpeg,38,activacion,1x192x28x28,0.545431
23,0,imagen.jpeg,39,pointwise_conv,1x192x28x28,2.824424
23,0,imagen.jpeg,40,batchnorm,1x32x28x28,0.026008
23,0,imagen.jpeg,41,layer_add,1x32x28x28,0.015817
23,0,imagen.jpeg,42,pointwise_conv,1x32x28x28,2.782459
23,0,imagen.jpeg,43,batchnorm,1x192x28x28,0.176835
23,0,imagen.jpeg,44,activacion,1x192x28x28,0.473218
23,0,imagen.jpeg,45,depthwise_conv,1x192x28x28,1.583353
23,0,imagen.jpeg,46,batchnorm,1x192x28x28,0.145383
23,0,imagen.jpeg,47,activacion,1x192x28x28,0.530053
23,0,imagen.jpeg,48,pointwise_conv,1x192x28x28,3.188016
23,0,imagen.jpeg,49,batchnorm,1x32x28x28,0.025378
23,0,imagen.jpeg,50,layer_add,1x32x28x28,0.01528
23,0,imagen.jpeg,51,pointwise_conv,1x32x28x28,2.832757
23,0,imagen.jpeg,52,batchnorm,1x192x28x28,0.149222
23,0,imagen.jpeg,53,activacion,1x192x28x28,0.504907
23,0,imagen.jpeg,54,depthwise_conv,1x192x28x28,0.657977
23,0,imagen.jpeg,55,batchnorm,1x192x14x14,0.084949
23,0,imagen.jpeg,56,activacion,1x192x14x14,0.121743
23,0,imagen.jpeg,57,pointwise_conv,1x192x14x14,1.553478
23,0,imagen.jpeg,58,batchnorm,1x64x14x14,0.013563
23,0,imagen.jpeg,59,pointwise_conv,1x64x14x14,2.912213
23,0,imagen.jpeg,60,batchnorm,1x384x14x14,0.079397
23,0,imagen.jpeg,61,activacion,1x384x14x14,0.207059
23,0,imagen.jpeg,62,depthwise_conv,1x384x14x14,0.876685
23,0,imagen.jpeg,63,batchnorm,1x384x14x14,0.092668
23,0,imagen.jpeg,64,activacion,1x384x14x14,0.294635
23,0,imagen.jpeg,65,pointwise_conv,1x384x14x14,2.938659
23,0,imagen.jpeg,66,batchnorm,1x64x14x14,0.013539
23,0,imagen.jpeg,67,layer_add,1x64x14x14,0.007117
23,0,imagen.jpeg,68,pointwise_conv,1x64x14x14,3.309925
23,0,imagen.jpeg,69,batchnorm,1x384x14x14,0.07792
23,0,imagen.jpeg,70,activacion,1x384x14x14,0.258802
23,0,imagen.jpeg,71,depthwise_conv,1x384x14x14,0.805858
23,0,imagen.jpeg,72,batchnorm,1x384x14x14,0.103216
23,0,imagen.jpeg,73,activacion,1x384x14x14,0.262487
23,0,imagen.jpeg,74,pointwise_conv,1x384x14x14,2.849529
23,0,imagen.jpeg,75,batchnorm,1x64x14x14,0.012487
23,0,imagen.jpeg,76,layer_add,1x64x14x14,0.008771
23,0,imagen.jpeg,77,pointwise_conv,1x64x14x14,2.887946
23,0,imagen.jpeg,78,batchnorm,1x384x14x14,0.074064
23,0,imagen.jpeg,79,activacion,1x384x14x14,0.265438
23,0,imagen.jpeg,80,depthwise_conv,1x384x14x14,0.790644
23,0,imagen.jpeg,81,batchnorm,1x384x14x14,0.147038
23,0,imagen.jpeg,82,activacion,1x384x14x14,0.233878
23,0,imagen.jpeg,83,pointwise_conv,1x384x14x14,2.734833
23,0,imagen.jpeg,84,batchnorm,1x64x14x14,0.011275
23,0,imagen.jpeg,85,layer_add,1x64x14x14,0.00725
23,0,imagen.jpeg,86,pointwise_conv,1x64x14x14,3.124233
23,0,imagen.jpeg,87,batchnorm,1x384x14x14,0.094368
23,0,imagen.jpeg,88,activacion,1x384x14x14,0.268125
23,0,imagen.jpeg,89,depthwise_conv,1x384x14x14,0.79421
23,0,imagen.jpeg,90,batchnorm,1x384x14x14,0.0704
23,0,imagen.jpeg,91,activacion,1x384x14x14,0.250677
23,0,imagen.jpeg,92,pointwise_conv,1x384x14x14,4.061364
23,0,imagen.jpeg,93,batchnorm,1x96x14x14,0.019158
23,0,imagen.jpeg,94,pointwise_conv,1x96x14x14,6.421341
23,0,imagen.jpeg,95,batchnorm,1x576x14x14,0.118037
23,0,imagen.jpeg,96,activacion,1x576x14x14,0.403954
23,0,imagen.jpeg,97,depthwise_conv,1x576x14x14,1.192895
23,0,imagen.jpeg,98,batchnorm,1x576x14x14,0.182854
23,0,imagen.jpeg,99,activacion,1x576x14x14,0.346693
23,0,imagen.jpeg,100,pointwise_conv,1x576x14x14,6.665884
23,0,imagen.jpeg,101,batchnorm,1x96x14x14,0.020247
23,0,imagen.jpeg,102,layer_add,1x96x14x14,0.011424
23,0,imagen.jpeg,103,pointwise_conv,1x96x14x14,8.017894
23,0,imagen.jpeg,104,batchnorm,1x576x14x14,0.127947
23,0,imagen.jpeg,105,activacion,1x576x14x14,0.454123
23,0,imagen.jpeg,106,depthwise_conv,1x576x14x14,1.603933
23,0,imagen.jpeg,107,batchnorm,1x576x14x14,0.193213
23,0,imagen.jpeg,108,activacion,1x576x14x14,0.350383
23,0,imagen.jpeg,109,pointwise_conv,1x576x14x14,12.889397
23,0,imagen.jpeg,110,batchnorm,1x96x14x14,0.034936
23,0,imagen.jpeg,111,layer_add,1x96x14x14,0.030839
23,0,imagen.jpeg,112,pointwise_conv,1x96x14x14,14.254811
23,0,imagen.jpeg,113,batchnorm,1x576x14x14,0.188242
23,0,imagen.jpeg,114,activacion,1x576x14x14,0.434848
23,0,imagen.jpeg,115,depthwise_conv,1x576x14x14,0.537196
23,0,imagen.jpeg,116,batchnorm,1x576x7x7,0.06454
23,0,imagen.jpeg,117,activacion,1x576x7x7,0.096336
23,0,imagen.jpeg,118,pointwise_conv,1x576x7x7,5.538097
23,0,imagen.jpeg,119,batchnorm,1x160x7x7,0.018118
23,0,imagen.jpeg,120,pointwise_conv,1x160x7x7,9.292122
23,0,imagen.jpeg,121,batchnorm,1x960x7x7,0.093018
23,0,imagen.jpeg,122,activacion,1x960x7x7,0.237264
23,0,imagen.jpeg,123,depthwise_conv,1x960x7x7,0.897661
23,0,imagen.jpeg,124,batchnorm,1x960x7x7,0.079428
23,0,imagen.jpeg,125,activacion,1x960x7x7,0.179148
23,0,imagen.jpeg,126,pointwise_conv,1x960x7x7,8.383953
23,0,imagen.jpeg,127,batchnorm,1x160x7x7,0.014784
23,0,imagen.jpeg,128,layer_add,1x160x7x7,0.007976
23,0,imagen.jpeg,129,pointwise_conv,1x160x7x7,8.461516
23,0,imagen.jpeg,130,batchnorm,1x960x7x7,0.081765
23,0,imagen.jpeg,131,activacion,1x960x7x7,0.193726
23,0,imagen.jpeg,132,depthwise_conv,1x960x7x7,0.816573
23,0,imagen.jpeg,133,batchnorm,1x960x7x7,0.09001
23,0,imagen.jpeg,134,activacion,1x960x7x7,0.175604
23,0,imagen.jpeg,135,pointwise_conv,1x960x7x7,8.273252
23,0,imagen.jpeg,136,batchnorm,1x160x7x7,0.016292
23,0,imagen.jpeg,137,layer_add,1x160x7x7,0.016936
23,0,imagen.jpeg,138,pointwise_conv,1x160x7x7,8.441821
23,0,imagen.jpeg,139,batchnorm,1x960x7x7,0.08918
23,0,imagen.jpeg,140,activacion,1x960x7x7,0.180689
23,0,imagen.jpeg,141,depthwise_conv,1x960x7x7,0.839874
23,0,imagen.jpeg,142,batchnorm,1x960x7x7,0.095825
23,0,imagen.jpeg,143,activacion,1x960x7x7,0.139383
23,0,imagen.jpeg,144,pointwise_conv,1x960x7x7,16.624193
23,0,imagen.jpeg,145,batchnorm,1x320x7x7,0.028581
23,0,imagen.jpeg,146,pointwise_conv,1x320x7x7,22.524367
23,0,imagen.jpeg,147,batchnorm,1x1280x7x7,0.104173
23,0,imagen.jpeg,148,activacion,1x1280x7x7,0.264586
23,0,imagen.jpeg,149,pooling,1x1280x7x7,0.068562
23,0,imagen.jpeg,150,linear,1x1280,1.677092
24,0,imagen.jpeg,0,conv2d,1x3x224x224,26.396309
24,0,imagen.jpeg,1,batchnorm,1x32x112x112,0.467539
24,0,imagen.jpeg,2,activacion,1x32x112x112,0.745943
24,0,imagen.jpeg,3,depthwise_conv,1x32x112x112,5.037056
24,0,imagen.jpeg,4,batchnorm,1x32x112x112,3.080389
24,0,imagen.jpeg,5,activacion,1x32x112x112,0.996758
24,0,imagen.jpeg,6,pointwise_conv,1x32x112x112,4.813252
24,0,imagen.jpeg,7,batchnorm,1x16x112x112,0.216288
24,0,imagen.jpeg,8,pointwise_conv,1x16x112x112,19.347092
24,0,imagen.jpeg,9,batchnorm,1x96x112x112,2.405998
24,0,imagen.jpeg,10,activacion,1x96x112x112,4.039978
24,0,imagen.jpeg,11,depthwise_conv,1x96x112x112,6.572525
24,0,imagen.jpeg,12,batchnorm,1x96x56x56,0.522068
24,0,imagen.jpeg,13,activacion,1x96x56x56,1.296169
24,0,imagen.jpeg,14,pointwise_conv,1x96x56x56,5.831893
24,0,imagen.jpeg,15,batchnorm,1x24x56x56,0.127832
24,0,imagen.jpeg,16,pointwise_conv,1x24x56x56,8.798361
24,0,imagen.jpeg,17,batchnorm,1x144x56x56,0.995681
24,0,imagen.jpeg,18,activacion,1x144x56x56,1.408019
24,0,imagen.jpeg,19,depthwise_conv,1x144x56x56,5.042758
24,0,imagen.jpeg,20,batchnorm,1x144x56x56,1.080191
24,0,imagen.jpeg,21,activacion,1x144x56x56,1.799959
24,0,imagen.jpeg,22,pointwise_conv,1x144x56x56,6.895436
24,0,imagen.jpeg,23,batchnorm,1x24x56x56,0.074433
24,0,imagen.jpeg,24,layer_add,1x24x56x56,0.04806
24,0,imagen.jpeg,25,pointwise_conv,1x24x56x56,7.402241
24,0,imagen.jpeg,26,batchnorm,1x144x56x56,1.018141
24,0,imagen.jpeg,27,activacion,1x144x56x56,1.8076
24,0,imagen.jpeg,28,depthwise_conv,1x144x56x56,1.378847
24,0,imagen.jpeg,29,batchnorm,1x144x28x28,0.119268
24,0,imagen.jpeg,30,activacion,1x144x28x28,0.395947
24,0,imagen.jpeg,31,pointwise_conv,1x144x28x28,2.234551
24,0,imagen.jpeg,32,batchnorm,1x32x28x28,0.02491
24,0,imagen.jpeg,33,pointwise_conv,1x32x28x28,3.247092
24,0,imagen.jpeg,34,batchnorm,1x192x28x28,0.161437
24,0,imagen.jpeg,35,activacion,1x192x28x28,0.422775
24,0,imagen.jpeg,36,depthwise_conv,1x192x28x28,1.7305
24,0,imagen.jpeg,37,batchnorm,1x192x28x28,0.157555
24,0,imagen.jpeg,38,activacion,1x192x28x28,0.588201
24,0,imagen.jpeg,39,pointwise_conv,1x192x28x28,3.188913
24,0,imagen.jpeg,40,batchnorm,1x32x28x28,0.026716
24,0,imagen.jpeg,41,layer_add,1x32x28x28,0.016808
24,0,imagen.jpeg,42,pointwise_conv,1x32x28x28,3.216126
24,0,imagen.jpeg,43,batchnorm,1x192x28x28,0.163971
24,0,imagen.jpeg,44,activacion,1x192x28x28,0.492717
24,0,imagen.jpeg,45,depthwise_conv,1x192x28x28,1.688492
24,0,imagen.jpeg,46,batchnorm,1x192x28x28,0.149707
24,0,imagen.jpeg,47,activacion,1x192x28x28,0.567872
24,0,imagen.jpeg,48,pointwise_conv,1x192x28x28,3.16193
24,0,imagen.jpeg,49,batchnorm,1x32x28x28,0.02642
24,0,imagen.jpeg,50,layer_add,1x32x28x28,0.015195
24,0,imagen.jpeg,51,pointwise_conv,1x32x28x28,2.983583
24,0,imagen.jpeg,52,batchnorm,1x192x28x28,0.154868
24,0,imagen.jpeg,53,activacion,1x192x28x28,0.551258
24,0,imagen.jpeg,54,depthwise_conv,1x192x28x28,0.42684
24,0,imagen.jpeg,55,batchnorm,1x192x14x14,0.037959
24,0,imagen.jpeg,56,activacion,1x192x14x14,0.113145
24,0,imagen.jpeg,57,pointwise_conv,1x192x14x14,1.579532
24,0,imagen.jpeg,58,batchnorm,1x64x14x14,0.020282
24,0,imagen.jpeg,59,pointwise_conv,1x64x14x14,3.209958
24,0,imagen.jpeg,60,batchnorm,1x384x14x14,0.082186
24,0,imagen.jpeg,61,activacion,1x384x14x14,0.223809
24,0,imagen.jpeg,62,depthwise_conv,1x384x14x14,0.879935
24,0,imagen.jpeg,63,batchnorm,1x384x14x14,0.075624
24,0,imagen.jpeg,64,activacion,1x384x14x14,0.299037
24,0,imagen.jpeg,65,pointwise_conv,1x384x14x14,3.018962
24,0,imagen.jpeg,66,batchnorm,1x64x14x14,0.012774
24,0,imagen.jpeg,67,layer_add,1x64x14x14,0.007414
24,0,imagen.jpeg,68,pointwise_conv,1x64x14x14,3.391681
24,0,imagen.jpeg,69,batchnorm,1x384x14x14,0.08059
24,0,imagen.jpeg,70,activacion,1x384x14x14,0.267436
24,0,imagen.jpeg,71,depthwise_conv,1x384x14x14,0.864219
24,0,imagen.jpeg,72,batchnorm,1x384x14x14,0.108873
24,0,imagen.jpeg,73,activacion,1x384x14x14,0.28159
24,0,imagen.jpeg,74,pointwise_conv,1x384x14x14,3.027605
24,0,imagen.jpeg,75,batchnorm,1x64x14x14,0.013818
24,0,imagen.jpeg,76,layer_add,1x64x14x14,0.008797
24,0,imagen.jpeg,77,pointwise_conv,1x64x14x14,3.207495
24,0,imagen.jpeg,78,batchnorm,1x384x14x14,0.080193
24,0,imagen.jpeg,79,activacion,1x384x14x14,0.291876
24,0,imagen.jpeg,80,depthwise_conv,1x384x14x14,0.85349
24,0,imagen.jpeg,81,batchnorm,1x384x14x14,0.162291
24,0,imagen.jpeg,82,activacion,1x384x14x14,0.256012
24,0,imagen.jpeg,83,pointwise_conv,1x384x14x14,2.99608
24,0,imagen.jpeg,84,batchnorm,1x64x14x14,0.013103
24,0,imagen.jpeg,85,layer_add,1x64x14x14,0.007556
24,0,imagen.jpeg,86,pointwise_conv,1x64x14x14,3.134268
24,0,imagen.jpeg,87,batchnorm,1x384x14x14,0.096728
24,0,imagen.jpeg,88,activacion,1x384x14x14,0.284177
24,0,imagen.jpeg,89,depthwise_conv,1x384x14x14,0.838528
24,0,imagen.jpeg,90,batchnorm,1x384x14x14,0.072839
24,0,imagen.jpeg,91,activacion,1x384x14x14,0.264723
24,0,imagen.jpeg,92,pointwise_conv,1x384x14x14,4.351597
24,0,imagen.jpeg,93,batchnorm,1x96x14x14,0.023157
24,0,imagen.jpeg,94,pointwise_conv,1x96x14x14,6.532815
24,0,imagen.jpeg,95,batchnorm,1x576x14x14,0.119109
24,0,imagen.jpeg,96,activacion,1x576x14x14,0.423492
24,0,imagen.jpeg,97,depthwise_conv,1x576x14x14,1.313343
24,0,imagen.jpeg,98,batchnorm,1x576x14x14,0.230543
24,0,imagen.jpeg,99,activacion,1x576x14x14,0.370872
24,0,imagen.jpeg,100,pointwise_conv,1x576x14x14,6.488542
24,0,imagen.jpeg,101,batchnorm,1x96x14x14,0.018177
24,0,imagen.jpeg,102,layer_add,1x96x14x14,0.011698
24,0,imagen.jpeg,103,pointwise_conv,1x96x14x14,7.02933
24,0,imagen.jpeg,104,batchnorm,1x576x14x14,0.116678
24,0,imagen.jpeg,105,activacion,1x576x14x14,0.38162
24,0,imagen.jpeg,106,depthwise_conv,1x576x14x14,1.226735
24,0,imagen.jpeg,107,batchnorm,1x576x14x14,0.182525
24,0,imagen.jpeg,108,activacion,1x576x14x14,0.316782
24,0,imagen.jpeg,109,pointwise_conv,1x576x14x14,6.662893
24,0,imagen.jpeg,110,batchnorm,1x96x14x14,0.020439
24,0,imagen.jpeg,111,layer_add,1x96x14x14,0.013539
24,0,imagen.jpeg,112,pointwise_conv,1x96x14x14,8.948648
24,0,imagen.jpeg,113,batchnorm,1x576x14x14,0.117524
24,0,imagen.jpeg,114,activacion,1x576x14x14,0.339595
24,0,imagen.jpeg,115,depthwise_conv,1x576x14x14,0.315966
24,0,imagen.jpeg,116,batchnorm,1x576x7x7,0.03991
24,0,imagen.jpeg,117,activacion,1x576x7x7,0.072854
24,0,imagen.jpeg,118,pointwise_conv,1x576x7x7,2.63255
24,0,imagen.jpeg,119,batchnorm,1x160x7x7,0.008449
24,0,imagen.jpeg,120,pointwise_conv,1x160x7x7,4.30476
24,0,imagen.jpeg,121,batchnorm,1x960x7x7,0.056285
24,0,imagen.jpeg,122,activacion,1x960x7x7,0.155358
24,0,imagen.jpeg,123,depthwise_conv,1x960x7x7,0.49098
24,0,imagen.jpeg,124,batchnorm,1x960x7x7,0.047299
24,0,imagen.jpeg,125,activacion,1x960x7x7,0.146741
24,0,imagen.jpeg,126,pointwise_conv,1x960x7x7,4.402815
24,0,imagen.jpeg,127,batchnorm,1x160x7x7,0.008139
24,0,imagen.jpeg,128,layer_add,1x160x7x7,0.004356
24,0,imagen.jpeg,129,pointwise_conv,1x160x7x7,4.139787
24,0,imagen.jpeg,130,batchnorm,1x960x7x7,0.045279
24,0,imagen.jpeg,131,activacion,1x960x7x7,0.142043
24,0,imagen.jpeg,132,depthwise_conv,1x960x7x7,0.423098
24,0,imagen.jpeg,133,batchnorm,1x960x7x7,0.074186
24,0,imagen.jpeg,134,activacion,1x960x7x7,0.129416
24,0,imagen.jpeg,135,pointwise_conv,1x960x7x7,4.152609
24,0,imagen.jpeg,136,batchnorm,1x160x7x7,0.007736
24,0,imagen.jpeg,137,layer_add,1x160x7x7,0.004915
24,0,imagen.jpeg,138,pointwise_conv,1x160x7x7,4.502171
24,0,imagen.jpeg,139,batchnorm,1x960x7x7,0.063509
24,0,imagen.jpeg,140,activacion,1x960x7x7,0.124331
24,0,imagen.jpeg,141,depthwise_conv,1x960x7x7,0.564675
24,0,imagen.jpeg,142,batchnorm,1x960x7x7,0.070641
24,0,imagen.jpeg,143,activacion,1x960x7x7,0.098446
24,0,imagen.jpeg,144,pointwise_conv,1x960x7x7,10.437977
24,0,imagen.jpeg,145,batchnorm,1x320x7x7,0.018836
24,0,imagen.jpeg,146,pointwise_conv,1x320x7x7,15.340988
24,0,imagen.jpeg,147,batchnorm,1x1280x7x7,0.071042
24,0,imagen.jpeg,148,activacion,1x1280x7x7,0.209167
24,0,imagen.jpeg,149,pooling,1x1280x7x7,0.046239
24,0,imagen.jpeg,150,linear,1x1280,1.596315
25,0,imagen.jpeg,0,conv2d,1x3x224x224,18.706161
25,0,imagen.jpeg,1,batchnorm,1x32x112x112,0.443645
25,0,imagen.jpeg,2,activacion,1x32x112x112,0.733966
25,0,imagen.jpeg,3,depthwise_conv,1x32x112x112,4.948012
25,0,imagen.jpeg,4,batchnorm,1x32x112x112,2.677466
25,0,imagen.jpeg,5,activacion,1x32x112x112,0.96272
25,0,imagen.jpeg,6,pointwise_conv,1x32x112x112,5.127407
25,0,imagen.jpeg,7,batchnorm,1x16x112x112,0.230849
25,0,imagen.jpeg,8,pointwise_conv,1x16x112x112,13.752339
25,0,imagen.jpeg,9,batchnorm,1x96x112x112,2.327462
25,0,imagen.jpeg,10,activacion,1x96x112x112,3.793073
25,0,imagen.jpeg,11,depthwise_conv,1x96x112x112,3.496084
25,0,imagen.jpeg,12,batchnorm,1x96x56x56,0.328902
25,0,imagen.jpeg,13,activacion,1x96x56x56,1.145433
25,0,imagen.jpeg,14,pointwise_conv,1x96x56x56,4.990411
25,0,imagen.jpeg,15,batchnorm,1x24x56x56,0.09155
25,0,imagen.jpeg,16,pointwise_conv,1x24x56x56,7.549341
25,0,imagen.jpeg,17,batchnorm,1x144x56x56,1.003983
25,0,imagen.jpeg,18,activacion,1x144x56x56,1.409556
25,0,imagen.jpeg,19,depthwise_conv,1x144x56x56,5.576612
25,0,imagen.jpeg,20,batchnorm,1x144x56x56,1.039223
25,0,imagen.jpeg,21,activacion,1x144x56x56,1.851965
25,0,imagen.jpeg,22,pointwise_conv,1x144x56x56,6.858294
25,0,imagen.jpeg,23,batchnorm,1x24x56x56,0.072806
25,0,imagen.jpeg,24,layer_add,1x24x56x56,0.047164
25,0,imagen.jpeg,25,pointwise_conv,1x24x56x56,7.626024
25,0,imagen.jpeg,26,batchnorm,1x144x56x56,0.670309
25,0,imagen.jpeg,27,activacion,1x144x56x56,1.89509
25,0,imagen.jpeg,28,depthwise_conv,1x144x56x56,1.313583
25,0,imagen.jpeg,29,batchnorm,1x144x28x28,0.153407
25,0,imagen.jpeg,30,activacion,1x144x28x28,0.396965
25,0,imagen.jpeg,31,pointwise_conv,1x144x28x28,2.291648
25,0,imagen.jpeg,32,batchnorm,1x32x28x28,0.028106
25,0,imagen.jpeg,33,pointwise_conv,1x32x28x28,3.200124
25,0,imagen.jpeg,34,batchnorm,1x192x28x28,0.165826
25,0,imagen.jpeg,35,activacion,1x192x28x28,0.433659
25,0,imagen.jpeg,36,depthwise_conv,1x192x28x28,2.035387
25,0,imagen.jpeg,37,batchnorm,1x192x28x28,0.17546
25,0,imagen.jpeg,38,activacion,1x192x28x28,0.593605
25,0,imagen.jpeg,39,pointwise_conv,1x192x28x28,2.975642
25,0,imagen.jpeg,40,batchnorm,1x32x28x28,0.024467
25,0,imagen.jpeg,41,layer_add,1x32x28x28,0.015935
25,0,imagen.jpeg,42,pointwise_conv,1x32x28x28,3.06246
25,0,imagen.jpeg,43,batchnorm,1x192x28x28,0.212253
25,0,imagen.jpeg,44,activacion,1x192x28x28,0.532915
25,0,imagen.jpeg,45,depthwise_conv,1x192x28x28,1.751325
25,0,imagen.jpeg,46,batchnorm,1x192x28x28,0.16038
25,0,imagen.jpeg,47,activacion,1x192x28x28,0.575046
25,0,imagen.jpeg,48,pointwise_conv,1x192x28x28,3.026534
25,0,imagen.jpeg,49,batchnorm,1x32x28x28,0.025074
25,0,imagen.jpeg,50,layer_add,1x32x28x28,0.015384
25,0,imagen.jpeg,51,pointwise_conv,1x32x28x28,3.407977
25,0,imagen.jpeg,52,batchnorm,1x192x28x28,0.178174
25,0,imagen.jpeg,53,activacion,1x192x28x28,0.580524
25,0,imagen.jpeg,54,depthwise_conv,1x192x28x28,0.474692
25,0,imagen.jpeg,55,batchnorm,1x192x14x14,0.039509
25,0,imagen.jpeg,56,activacion,1x192x14x14,0.116575
25,0,imagen.jpeg,57,pointwise_conv,1x192x14x14,1.593914
25,0,imagen.jpeg,58,batchnorm,1x64x14x14,0.012984
25,0,imagen.jpeg,59,pointwise_conv,1x64x14x14,3.0545
25,0,imagen.jpeg,60,batchnorm,1x384x14x14,0.078303
25,0,imagen.jpeg,61,activacion,1x384x14x14,0.219061
25,0,imagen.jpeg,62,depthwise_conv,1x384x14x14,0.887816
25,0,imagen.jpeg,63,batchnorm,1x384x14x14,0.077229
25,0,imagen.jpeg,64,activacion,1x384x14x14,0.297648
25,0,imagen.jpeg,65,pointwise_conv,1x384x14x14,3.130706
25,0,imagen.jpeg,66,batchnorm,1x64x14x14,0.013461
25,0,imagen.jpeg,67,layer_add,1x64x14x14,0.007381
25,0,imagen.jpeg,68,pointwise_conv,1x64x14x14,3.180157
25,0,imagen.jpeg,69,batchnorm,1x384x14x14,0.142449
25,0,imagen.jpeg,70,activacion,1x384x14x14,0.332779
25,0,imagen.jpeg,71,depthwise_conv,1x384x14x14,0.875414
25,0,imagen.jpeg,72,batchnorm,1x384x14x14,0.11417
25,0,imagen.jpeg,73,activacion,1x384x14x14,0.279212
25,0,imagen.jpeg,74,pointwise_conv,1x384x14x14,3.214361
25,0,imagen.jpeg,75,batchnorm,1x64x14x14,0.013374
25,0,imagen.jpeg,76,layer_add,1x64x14x14,0.008276
25,0,imagen.jpeg,77,pointwise_conv,1x64x14x14,3.052652
25,0,imagen.jpeg,78,batchnorm,1x384x14x14,0.0801
25,0,imagen.jpeg,79,activacion,1x384x14x14,0.294422
25,0,imagen.jpeg,80,depthwise_conv,1x384x14x14,0.866747
25,0,imagen.jpeg,81,batchnorm,1x384x14x14,0.159919
25,0,imagen.jpeg,82,activacion,1x384x14x14,0.268732
25,0,imagen.jpeg,83,pointwise_conv,1x384x14x14,3.073175
25,0,imagen.jpeg,84,batchnorm,1x64x14x14,0.013652
25,0,imagen.jpeg,85,layer_add,1x64x14x14,0.00756
25,0,imagen.jpeg,86,pointwise_conv,1x64x14x14,2.925011
25,0,imagen.jpeg,87,batchnorm,1x384x14x14,0.137617
25,0,imagen.jpeg,88,activacion,1x384x14x14,0.343286
25,0,imagen.jpeg,89,depthwise_conv,1x384x14x14,0.868233
25,0,imagen.jpeg,90,batchnorm,1x384x14x14,0.082693
25,0,imagen.jpeg,91,activacion,1x384x14x14,0.288083
25,0,imagen.jpeg,92,pointwise_conv,1x384x14x14,4.733879
25,0,imagen.jpeg,93,batchnorm,1x96x14x14,0.020454
25,0,imagen.jpeg,94,pointwise_conv,1x96x14x14,6.924838
25,0,imagen.jpeg,95,batchnorm,1x576x14x14,0.121771
25,0,imagen.jpeg,96,activacion,1x576x14x14,0.392887
25,0,imagen.jpeg,97,depthwise_conv,1x576x14x14,1.223816
25,0,imagen.jpeg,98,batchnorm,1x576x14x14,0.187073
25,0,imagen.jpeg,99,activacion,1x576x14x14,0.35367
25,0,imagen.jpeg,100,pointwise_conv,1x576x14x14,6.782197
25,0,imagen.jpeg,101,batchnorm,1x96x14x14,0.018345
25,0,imagen.jpeg,102,layer_add,1x96x14x14,0.010469
25,0,imagen.jpeg,103,pointwise_conv,1x96x14x14,6.251534
25,0,imagen.jpeg,104,batchnorm,1x576x14x14,0.118606
25,0,imagen.jpeg,105,activacion,1x576x14x14,0.38246
25,0,imagen.jpeg,106,depthwise_conv,1x576x14x14,1.182518
25,0,imagen.jpeg,107,batchnorm,1x576x14x14,0.166166
25,0,imagen.jpeg,108,activacion,1x576x14x14,0.317216
25,0,imagen.jpeg,109,pointwise_conv,1x576x14x14,6.184484
25,0,imagen.jpeg,110,batchnorm,1x96x14x14,0.016946
25,0,imagen.jpeg,111,layer_add,1x96x14x14,0.012481
25,0,imagen.jpeg,112,pointwise_conv,1x96x14x14,6.131604
25,0,imagen.jpeg,113,batchnorm,1x576x14x14,0.109688
25,0,imagen.jpeg,114,activacion,1x576x14x14,0.314208
25,0,imagen.jpeg,115,depthwise_conv,1x576x14x14,0.27704
25,0,imagen.jpeg,116,batchnorm,1x576x7x7,0.030804
25,0,imagen.jpeg,117,activacion,1x576x7x7,0.066905
25,0,imagen.jpeg,118,pointwise_conv,1x576x7x7,2.44878
25,0,imagen.jpeg,119,batchnorm,1x160x7x7,0.007981
25,0,imagen.jpeg,120,pointwise_conv,1x160x7x7,5.336422
25,0,imagen.jpeg,121,batchnorm,1x960x7x7,0.090223
25,0,imagen.jpeg,122,activacion,1x960x7x7,0.258965
25,0,imagen.jpeg,123,depthwise_conv,1x960x7x7,0.566042
25,0,imagen.jpeg,124,batchnorm,1x960x7x7,0.068837
25,0,imagen.jpeg,125,activacion,1x960x7x7,0.181015
25,0,imagen.jpeg,126,pointwise_conv,1x960x7x7,5.401951
25,0,imagen.jpeg,127,batchnorm,1x160x7x7,0.009512
25,0,imagen.jpeg,128,layer_add,1x160x7x7,0.004949
25,0,imagen.jpeg,129,pointwise_conv,1x160x7x7,4.677197
25,0,imagen.jpeg,130,batchnorm,1x960x7x7,0.050238
25,0,imagen.jpeg,131,activacion,1x960x7x7,0.154967
25,0,imagen.jpeg,132,depthwise_conv,1x960x7x7,0.482571
25,0,imagen.jpeg,133,batchnorm,1x960x7x7,0.060053
25,0,imagen.jpeg,134,activacion,1x960x7x7,0.137092
25,0,imagen.jpeg,135,pointwise_conv,1x960x7x7,7.023679
25,0,imagen.jpeg,136,batchnorm,1x160x7x7,0.015055
25,0,imagen.jpeg,137,layer_add,1x160x7x7,0.008005
25,0,imagen.jpeg,138,pointwise_conv,1x160x7x7,5.975306
25,0,imagen.jpeg,139,batchnorm,1x960x7x7,0.057893
25,0,imagen.jpeg,140,activacion,1x960x7x7,0.138221
25,0,imagen.jpeg,141,depthwise_conv,1x960x7x7,0.509234
25,0,imagen.jpeg,142,batchnorm,1x960x7x7,0.055018
25,0,imagen.jpeg,143,activacion,1x960x7x7,0.149647
25,0,imagen.jpeg,144,pointwise_conv,1x960x7x7,10.739957
25,0,imagen.jpeg,145,batchnorm,1x320x7x7,0.019261
25,0,imagen.jpeg,146,pointwise_conv,1x320x7x7,13.646409
25,0,imagen.jpeg,147,batchnorm,1x1280x7x7,0.076213
25,0,imagen.jpeg,148,activacion,1x1280x7x7,0.239647
25,0,imagen.jpeg,149,pooling,1x1280x7x7,0.066232
25,0,imagen.jpeg,150,linear,1x1280,1.613857
26,0,imagen.jpeg,0,conv2d,1x3x224x224,19.952919
26,0,imagen.jpeg,1,batchnorm,1x32x112x112,0.568127
26,0,imagen.jpeg,2,activacion,1x32x112x112,0.867883
26,0,imagen.jpeg,3,depthwise_conv,1x32x112x112,4.49189
26,0,imagen.jpeg,4,batchnorm,1x32x112x112,2.800324
26,0,imagen.jpeg,5,activacion,1x32x112x112,0.952743
26,0,imagen.jpeg,6,pointwise_conv,1x32x112x112,5.40052
26,0,imagen.jpeg,7,batchnorm,1x16x112x112,0.34248
26,0,imagen.jpeg,8,pointwise_conv,1x16x112x112,13.783442
26,0,imagen.jpeg,9,batchnorm,1x96x112x112,2.348722
26,0,imagen.jpeg,10,activacion,1x96x112x112,3.643225
26,0,imagen.jpeg,11,depthwise_conv,1x96x112x112,3.652571
26,0,imagen.jpeg,12,batchnorm,1x96x56x56,0.386477
26,0,imagen.jpeg,13,activacion,1x96x56x56,1.220526
26,0,imagen.jpeg,14,pointwise_conv,1x96x56x56,4.765977
26,0,imagen.jpeg,15,batchnorm,1x24x56x56,0.074829
26,0,imagen.jpeg,16,pointwise_conv,1x24x56x56,7.507559
26,0,imagen.jpeg,17,batchnorm,1x144x56x56,1.419284
26,0,imagen.jpeg,18,activacion,1x144x56x56,1.498915
26,0,imagen.jpeg,19,depthwise_conv,1x144x56x56,5.296065
26,0,imagen.jpeg,20,batchnorm,1x144x56x56,0.99973
26,0,imagen.jpeg,21,activacion,1x144x56x56,1.744021
26,0,imagen.jpeg,22,pointwise_conv,1x144x56x56,9.261163
26,0,imagen.jpeg,23,batchnorm,1x24x56x56,0.105329
26,0,imagen.jpeg,24,layer_add,1x24x56x56,0.118542
26,0,imagen.jpeg,25,pointwise_conv,1x24x56x56,6.99671
26,0,imagen.jpeg,26,batchnorm,1x144x56x56,0.517348
26,0,imagen.jpeg,27,activacion,1x144x56x56,1.706362
26,0,imagen.jpeg,28,depthwise_conv,1x144x56x56,1.288957
26,0,imagen.jpeg,29,batchnorm,1x144x28x28,0.109798
26,0,imagen.jpeg,30,activacion,1x144x28x28,0.400398
26,0,imagen.jpeg,31,pointwise_conv,1x144x28x28,2.199462
26,0,imagen.jpeg,32,batchnorm,1x32x28x28,0.024125
26,0,imagen.jpeg,33,pointwise_conv,1x32x28x28,3.031483
26,0,imagen.jpeg,34,batchnorm,1x192x28x28,0.191363
26,0,imagen.jpeg,35,activacion,1x192x28x28,0.427295
26,0,imagen.jpeg,36,depthwise_conv,1x192x28x28,1.66607
26,0,imagen.jpeg,37,batchnorm,1x192x28x28,0.155361
26,0,imagen.jpeg,38,activacion,1x192x28x28,0.581015
26,0,imagen.jpeg,39,pointwise_conv,1x192x28x28,3.413732
26,0,imagen.jpeg,40,batchnorm,1x32x28x28,0.038444
26,0,imagen.jpeg,41,layer_add,1x32x28x28,0.017931
26,0,imagen.jpeg,42,pointwise_conv,1x32x28x28,3.187099
26,0,imagen.jpeg,43,batchnorm,1x192x28x28,0.159645
26,0,imagen.jpeg,44,activacion,1x192x28x28,0.496263
26,0,imagen.jpeg,45,depthwise_conv,1x192x28x28,1.689535
26,0,imagen.jpeg,46,batchnorm,1x192x28x28,0.14518
26,0,imagen.jpeg,47,activacion,1x192x28x28,0.567934
26,0,imagen.jpeg,48,pointwise_conv,1x192x28x28,2.996484
26,0,imagen.jpeg,49,batchnorm,1x32x28x28,0.025048
26,0,imagen.jpeg,50,layer_add,1x32x28x28,0.015014
26,0,imagen.jpeg,51,pointwise_conv,1x32x28x28,2.994876
26,0,imagen.jpeg,52,batchnorm,1x192x28x28,0.14667
26,0,imagen.jpeg,53,activacion,1x192x28x28,0.518421
26,0,imagen.jpeg,54,depthwise_conv,1x192x28x28,0.447825
26,0,imagen.jpeg,55,batchnorm,1x192x14x14,0.03938
26,0,imagen.jpeg,56,activacion,1x192x14x14,0.106805
26,0,imagen.jpeg,57,pointwise_conv,1x192x14x14,1.51578
26,0,imagen.jpeg,58,batchnorm,1x64x14x14,0.013053
26,0,imagen.jpeg,59,pointwise_conv,1x64x14x14,2.960003
26,0,imagen.jpeg,60,batchnorm,1x384x14x14,0.074072
26,0,imagen.jpeg,61,activacion,1x384x14x14,0.205991
26,0,imagen.jpeg,62,depthwise_conv,1x384x14x14,0.841732
26,0,imagen.jpeg,63,batchnorm,1x384x14x14,0.072967
26,0,imagen.jpeg,64,activacion,1x384x14x14,0.291635
26,0,imagen.jpeg,65,pointwise_conv,1x384x14x14,2.854094
26,0,imagen.jpeg,66,batchnorm,1x64x14x14,0.018504
26,0,imagen.jpeg,67,layer_add,1x64x14x14,0.01816
26,0,imagen.jpeg,68,pointwise_conv,1x64x14x14,3.029702
26,0,imagen.jpeg,69,batchnorm,1x384x14x14,0.086553
26,0,imagen.jpeg,70,activacion,1x384x14x14,0.256197
26,0,imagen.jpeg,71,depthwise_conv,1x384x14x14,0.815755
26,0,imagen.jpeg,72,batchnorm,1x384x14x14,0.10284
26,0,imagen.jpeg,73,activacion,1x384x14x14,0.265398
26,0,imagen.jpeg,74,pointwise_conv,1x384x14x14,2.877907
26,0,imagen.jpeg,75,batchnorm,1x64x14x14,0.012362
26,0,imagen.jpeg,76,layer_add,1x64x14x14,0.007516
26,0,imagen.jpeg,77,pointwise_conv,1x64x14x14,2.883038
26,0,imagen.jpeg,78,batchnorm,1x384x14x14,0.069732
26,0,imagen.jpeg,79,activacion,1x384x14x14,0.269484
26,0,imagen.jpeg,80,depthwise_conv,1x384x14x14,0.828755
26,0,imagen.jpeg,81,batchnorm,1x384x14x14,0.146657
26,0,imagen.jpeg,82,activacion,1x384x14x14,0.23766
26,0,imagen.jpeg,83,pointwise_conv,1x384x14x14,2.989876
26,0,imagen.jpeg,84,batchnorm,1x64x14x14,0.017521
26,0,imagen.jpeg,85,layer_add,1x64x14x14,0.010875
26,0,imagen.jpeg,86,pointwise_conv,1x64x14x14,3.973914
26,0,imagen.jpeg,87,batchnorm,1x384x14x14,0.076211
26,0,imagen.jpeg,88,activacion,1x384x14x14,0.26764
26,0,imagen.jpeg,89,depthwise_conv,1x384x14x14,0.826009
26,0,imagen.jpeg,90,batchnorm,1x384x14x14,0.072079
26,0,imagen.jpeg,91,activacion,1x384x14x14,0.260049
26,0,imagen.jpeg,92,pointwise_conv,1x384x14x14,4.370494
26,0,imagen.jpeg,93,batchnorm,1x96x14x14,0.02029
26,0,imagen.jpeg,94,pointwise_conv,1x96x14x14,6.669259
26,0,imagen.jpeg,95,batchnorm,1x576x14x14,0.121201
26,0,imagen.jpeg,96,activacion,1x576x14x14,0.407101
26,0,imagen.jpeg,97,depthwise_conv,1x576x14x14,1.259061
26,0,imagen.jpeg,98,batchnorm,1x576x14x14,0.223375
26,0,imagen.jpeg,99,activacion,1x576x14x14,0.377771
26,0,imagen.jpeg,100,pointwise_conv,1x576x14x14,6.59032
26,0,imagen.jpeg,101,batchnorm,1x96x14x14,0.023492
26,0,imagen.jpeg,102,layer_add,1x96x14x14,0.011255
26,0,imagen.jpeg,103,pointwise_conv,1x96x14x14,6.298768
26,0,imagen.jpeg,104,batchnorm,1x576x14x14,0.167596
26,0,imagen.jpeg,105,activacion,1x576x14x14,0.37972
26,0,imagen.jpeg,106,depthwise_conv,1x576x14x14,1.214203
26,0,imagen.jpeg,107,batchnorm,1x576x14x14,0.168638
26,0,imagen.jpeg,108,activacion,1x576x14x14,0.322757
26,0,imagen.jpeg,109,pointwise_conv,1x576x14x14,6.415255
26,0,imagen.jpeg,110,batchnorm,1x96x14x14,0.021654
26,0,imagen.jpeg,111,layer_add,1x96x14x14,0.01464
26,0,imagen.jpeg,112,pointwise_conv,1x96x14x14,6.332465
26,0,imagen.jpeg,113,batchnorm,1x576x14x14,0.113421
26,0,imagen.jpeg,114,activacion,1x576x14x14,0.320192
26,0,imagen.jpeg,115,depthwise_conv,1x576x14x14,0.285604
26,0,imagen.jpeg,116,batchnorm,1x576x7x7,0.030443
26,0,imagen.jpeg,117,activacion,1x576x7x7,0.066511
26,0,imagen.jpeg,118,pointwise_conv,1x576x7x7,2.558282
26,0,imagen.jpeg,119,batchnorm,1x160x7x7,0.00847
26,0,imagen.jpeg,120,pointwise_conv,1x160x7x7,4.105331
26,0,imagen.jpeg,121,batchnorm,1x960x7x7,0.043538
26,0,imagen.jpeg,122,activacion,1x960x7x7,0.148685
26,0,imagen.jpeg,123,depthwise_conv,1x960x7x7,0.421587
26,0,imagen.jpeg,124,batchnorm,1x960x7x7,0.043245
26,0,imagen.jpeg,125,activacion,1x960x7x7,0.157538
26,0,imagen.jpeg,126,pointwise_conv,1x960x7x7,4.010205
26,0,imagen.jpeg,127,batchnorm,1x160x7x7,0.007375
26,0,imagen.jpeg,128,layer_add,1x160x7x7,0.003773
26,0,imagen.jpeg,129,pointwise_conv,1x160x7x7,4.46139
26,0,imagen.jpeg,130,batchnorm,1x960x7x7,0.049441
26,0,imagen.jpeg,131,activacion,1x960x7x7,0.173231
26,0,imagen.jpeg,132,depthwise_conv,1x960x7x7,0.465867
26,0,imagen.jpeg,133,batchnorm,1x960x7x7,0.063429
26,0,imagen.jpeg,134,activacion,1x960x7x7,0.134934
26,0,imagen.jpeg,135,pointwise_conv,1x960x7x7,5.43173
26,0,imagen.jpeg,136,batchnorm,1x160x7x7,0.010912
26,0,imagen.jpeg,137,layer_add,1x160x7x7,0.008688
26,0,imagen.jpeg,138,pointwise_conv,1x160x7x7,5.074253
26,0,imagen.jpeg,139,batchnorm,1x960x7x7,0.055122
26,0,imagen.jpeg,140,activacion,1x960x7x7,0.131431
26,0,imagen.jpeg,141,depthwise_conv,1x960x7x7,0.495977
26,0,imagen.jpeg,142,batchnorm,1x960x7x7,0.063116
26,0,imagen.jpeg,143,activacion,1x960x7x7,0.10379
26,0,imagen.jpeg,144,pointwise_conv,1x960x7x7,11.905208
26,0,imagen.jpeg,145,batchnorm,1x320x7x7,0.020846
26,0,imagen.jpeg,146,pointwise_conv,1x320x7x7,18.642036
26,0,imagen.jpeg,147,batchnorm,1x1280x7x7,0.093705
26,0,imagen.jpeg,148,activacion,1x1280x7x7,0.232278
26,0,imagen.jpeg,149,pooling,1x1280x7x7,0.059831
26,0,imagen.jpeg,150,linear,1x1280,1.744412
27,0,imagen.jpeg,0,conv2d,1x3x224x224,18.450545
27,0,imagen.jpeg,1,batchnorm,1x32x112x112,0.445288
27,0,imagen.jpeg,2,activacion,1x32x112x112,0.745045
27,0,imagen.jpeg,3,depthwise_conv,1x32x112x112,4.451896
27,0,imagen.jpeg,4,batchnorm,1x32x112x112,2.615337
27,0,imagen.jpeg,5,activacion,1x32x112x112,0.835668
27,0,imagen.jpeg,6,pointwise_conv,1x32x112x112,4.079183
27,0,imagen.jpeg,7,batchnorm,1x16x112x112,0.266892
27,0,imagen.jpeg,8,pointwise_conv,1x16x112x112,13.322193
27,0,imagen.jpeg,9,batchnorm,1x96x112x112,2.293947
27,0,imagen.jpeg,10,activacion,1x96x112x112,3.717366
27,0,imagen.jpeg,11,depthwise_conv,1x96x112x112,3.341536
27,0,imagen.jpeg,12,batchnorm,1x96x56x56,0.298543
27,0,imagen.jpeg,13,activacion,1x96x56x56,1.121315
27,0,imagen.jpeg,14,pointwise_conv,1x96x56x56,4.307251
27,0,imagen.jpeg,15,batchnorm,1x24x56x56,0.070989
27,0,imagen.jpeg,16,pointwise_conv,1x24x56x56,7.375723
27,0,imagen.jpeg,17,batchnorm,1x144x56x56,0.935557
27,0,imagen.jpeg,18,activacion,1x144x56x56,1.374272
27,0,imagen.jpeg,19,depthwise_conv,1x144x56x56,5.052169
27,0,imagen.jpeg,20,batchnorm,1x144x56x56,1.02941
27,0,imagen.jpeg,21,activacion,1x144x56x56,1.829982
27,0,imagen.jpeg,22,pointwise_conv,1x144x56x56,7.145745
27,0,imagen.jpeg,23,batchnorm,1x24x56x56,0.076492
27,0,imagen.jpeg,24,layer_add,1x24x56x56,0.052687
27,0,imagen.jpeg,25,pointwise_conv,1x24x56x56,7.497832
27,0,imagen.jpeg,26,batchnorm,1x144x56x56,0.553291
27,0,imagen.jpeg,27,activacion,1x144x56x56,1.728383
27,0,imagen.jpeg,28,depthwise_conv,1x144x56x56,1.361342
27,0,imagen.jpeg,29,batchnorm,1x144x28x28,0.114863
27,0,imagen.jpeg,30,activacion,1x144x28x28,0.389488
27,0,imagen.jpeg,31,pointwise_conv,1x144x28x28,2.211328
27,0,imagen.jpeg,32,batchnorm,1x32x28x28,0.024422
27,0,imagen.jpeg,33,pointwise_conv,1x32x28x28,3.004204
27,0,imagen.jpeg,34,batchnorm,1x192x28x28,0.168194
27,0,imagen.jpeg,35,activacion,1x192x28x28,0.39472
27,0,imagen.jpeg,36,depthwise_conv,1x192x28x28,1.581522
27,0,imagen.jpeg,37,batchnorm,1x192x28x28,0.136896
27,0,imagen.jpeg,38,activacion,1x192x28x28,0.554018
27,0,imagen.jpeg,39,pointwise_conv,1x192x28x28,2.815696
27,0,imagen.jpeg,40,batchnorm,1x32x28x28,0.023429
27,0,imagen.jpeg,41,layer_add,1x32x28x28,0.014765
27,0,imagen.jpeg,42,pointwise_conv,1x32x28x28,2.738087
27,0,imagen.jpeg,43,batchnorm,1x192x28x28,0.13865
27,0,imagen.jpeg,44,activacion,1x192x28x28,0.450081
27,0,imagen.jpeg,45,depthwise_conv,1x192x28x28,1.596865
27,0,imagen.jpeg,46,batchnorm,1x192x28x28,0.209803
27,0,imagen.jpeg,47,activacion,1x192x28x28,0.519842
27,0,imagen.jpeg,48,pointwise_conv,1x192x28x28,2.890466
27,0,imagen.jpeg,49,batchnorm,1x32x28x28,0.034556
27,0,imagen.jpeg,50,layer_add,1x32x28x28,0.024679
27,0,imagen.jpeg,51,pointwise_conv,1x32x28x28,2.980349
27,0,imagen.jpeg,52,batchnorm,1x192x28x28,0.164267
27,0,imagen.jpeg,53,activacion,1x192x28x28,0.483023
27,0,imagen.jpeg,54,depthwise_conv,1x192x28x28,0.391287
27,0,imagen.jpeg,55,batchnorm,1x192x14x14,0.034387
27,0,imagen.jpeg,56,activacion,1x192x14x14,0.098147
27,0,imagen.jpeg,57,pointwise_conv,1x192x14x14,1.45469
27,0,imagen.jpeg,58,batchnorm,1x64x14x14,0.013094
27,0,imagen.jpeg,59,pointwise_conv,1x64x14x14,2.895602
27,0,imagen.jpeg,60,batchnorm,1x384x14x14,0.071008
27,0,imagen.jpeg,61,activacion,1x384x14x14,0.223537
27,0,imagen.jpeg,62,depthwise_conv,1x384x14x14,0.790181
27,0,imagen.jpeg,63,batchnorm,1x384x14x14,0.067346
27,0,imagen.jpeg,64,activacion,1x384x14x14,0.266708
27,0,imagen.jpeg,65,pointwise_conv,1x384x14x14,2.850358
27,0,imagen.jpeg,66,batchnorm,1x64x14x14,0.011988
27,0,imagen.jpeg,67,layer_add,1x64x14x14,0.006631
27,0,imagen.jpeg,68,pointwise_conv,1x64x14x14,2.800823
27,0,imagen.jpeg,69,batchnorm,1x384x14x14,0.067082
27,0,imagen.jpeg,70,activacion,1x384x14x14,0.231871
27,0,imagen.jpeg,71,depthwise_conv,1x384x14x14,0.771732
27,0,imagen.jpeg,72,batchnorm,1x384x14x14,0.097282
27,0,imagen.jpeg,73,activacion,1x384x14x14,0.249281
27,0,imagen.jpeg,74,pointwise_conv,1x384x14x14,2.78056
27,0,imagen.jpeg,75,batchnorm,1x64x14x14,0.011424
27,0,imagen.jpeg,76,layer_add,1x64x14x14,0.007043
27,0,imagen.jpeg,77,pointwise_conv,1x64x14x14,2.706578
27,0,imagen.jpeg,78,batchnorm,1x384x14x14,0.078781
27,0,imagen.jpeg,79,activacion,1x384x14x14,0.25139
27,0,imagen.jpeg,80,depthwise_conv,1x384x14x14,0.787049
27,0,imagen.jpeg,81,batchnorm,1x384x14x14,0.143497
27,0,imagen.jpeg,82,activacion,1x384x14x14,0.227933
27,0,imagen.jpeg,83,pointwise_conv,1x384x14x14,2.773459
27,0,imagen.jpeg,84,batchnorm,1x64x14x14,0.011111
27,0,imagen.jpeg,85,layer_add,1x64x14x14,0.00617
27,0,imagen.jpeg,86,pointwise_conv,1x64x14x14,2.795348
27,0,imagen.jpeg,87,batchnorm,1x384x14x14,0.067065
27,0,imagen.jpeg,88,activacion,1x384x14x14,0.248176
27,0,imagen.jpeg,89,depthwise_conv,1x384x14x14,0.779373
27,0,imagen.jpeg,90,batchnorm,1x384x14x14,0.06551
27,0,imagen.jpeg,91,activacion,1x384x14x14,0.252975
27,0,imagen.jpeg,92,pointwise_conv,1x384x14x14,4.06439
27,0,imagen.jpeg,93,batchnorm,1x96x14x14,0.017989
27,0,imagen.jpeg,94,pointwise_conv,1x96x14x14,6.037276
27,0,imagen.jpeg,95,batchnorm,1x576x14x14,0.099541
27,0,imagen.jpeg,96,activacion,1x576x14x14,0.353264
27,0,imagen.jpeg,97,depthwise_conv,1x576x14x14,1.17095
27,0,imagen.jpeg,98,batchnorm,1x576x14x14,0.182928
27,0,imagen.jpeg,99,activacion,1x576x14x14,0.316977
27,0,imagen.jpeg,100,pointwise_conv,1x576x14x14,6.322519
27,0,imagen.jpeg,101,batchnorm,1x96x14x14,0.017185
27,0,imagen.jpeg,102,layer_add,1x96x14x14,0.010261
27,0,imagen.jpeg,103,pointwise_conv,1x96x14x14,6.381687
27,0,imagen.jpeg,104,batchnorm,1x576x14x14,0.109002
27,0,imagen.jpeg,105,activacion,1x576x14x14,0.375963
27,0,imagen.jpeg,106,depthwise_conv,1x576x14x14,1.161225
27,0,imagen.jpeg,107,batchnorm,1x576x14x14,0.154741
27,0,imagen.jpeg,108,activacion,1x576x14x14,0.305094
27,0,imagen.jpeg,109,pointwise_conv,1x576x14x14,6.035642
27,0,imagen.jpeg,110,batchnorm,1x96x14x14,0.017015
27,0,imagen.jpeg,111,layer_add,1x96x14x14,0.012391
27,0,imagen.jpeg,112,pointwise_conv,1x96x14x14,5.867723
27,0,imagen.jpeg,113,batchnorm,1x576x14x14,0.108154
27,0,imagen.jpeg,114,activacion,1x576x14x14,0.304267
27,0,imagen.jpeg,115,depthwise_conv,1x576x14x14,0.260436
27,0,imagen.jpeg,116,batchnorm,1x576x7x7,0.029463
27,0,imagen.jpeg,117,activacion,1x576x7x7,0.063159
27,0,imagen.jpeg,118,pointwise_conv,1x576x7x7,2.397928
27,0,imagen.jpeg,119,batchnorm,1x160x7x7,0.007696
27,0,imagen.jpeg,120,pointwise_conv,1x160x7x7,4.156696
27,0,imagen.jpeg,121,batchnorm,1x960x7x7,0.048375
27,0,imagen.jpeg,122,activacion,1x960x7x7,0.149474
27,0,imagen.jpeg,123,depthwise_conv,1x960x7x7,0.453478
27,0,imagen.jpeg,124,batchnorm,1x960x7x7,0.043922
27,0,imagen.jpeg,125,activacion,1x960x7x7,0.141551
27,0,imagen.jpeg,126,pointwise_conv,1x960x7x7,4.040878
27,0,imagen.jpeg,127,batchnorm,1x160x7x7,0.007222
27,0,imagen.jpeg,128,layer_add,1x160x7x7,0.004088
27,0,imagen.jpeg,129,pointwise_conv,1x160x7x7,4.262772
27,0,imagen.jpeg,130,batchnorm,1x960x7x7,0.061812
27,0,imagen.jpeg,131,activacion,1x960x7x7,0.138469
27,0,imagen.jpeg,132,depthwise_conv,1x960x7x7,0.414307
27,0,imagen.jpeg,133,batchnorm,1x960x7x7,0.064641
27,0,imagen.jpeg,134,activacion,1x960x7x7,0.122411
27,0,imagen.jpeg,135,pointwise_conv,1x960x7x7,4.096453
27,0,imagen.jpeg,136,batchnorm,1x160x7x7,0.007339
27,0,imagen.jpeg,137,layer_add,1x160x7x7,0.004487
27,0,imagen.jpeg,138,pointwise_conv,1x160x7x7,4.312524
27,0,imagen.jpeg,139,batchnorm,1x960x7x7,0.047334
27,0,imagen.jpeg,140,activacion,1x960x7x7,0.111433
27,0,imagen.jpeg,141,depthwise_conv,1x960x7x7,0.453913
27,0,imagen.jpeg,142,batchnorm,1x960x7x7,0.047282
27,0,imagen.jpeg,143,activacion,1x960x7x7,0.087676
27,0,imagen.jpeg,144,pointwise_conv,1x960x7x7,8.296356
27,0,imagen.jpeg,145,batchnorm,1x320x7x7,0.015953
27,0,imagen.jpeg,146,pointwise_conv,1x320x7x7,11.105687
27,0,imagen.jpeg,147,batchnorm,1x1280x7x7,0.074146
27,0,imagen.jpeg,148,activacion,1x1280x7x7,0.193229
27,0,imagen.jpeg,149,pooling,1x1280x7x7,0.045631
27,0,imagen.jpeg,150,linear,1x1280,1.527595
28,0,imagen.jpeg,0,conv2d,1x3x224x224,17.423193
28,0,imagen.jpeg,1,batchnorm,1x32x112x112,0.462032
28,0,imagen.jpeg,2,activacion,1x32x112x112,0.708572
28,0,imagen.jpeg,3,depthwise_conv,1x32x112x112,4.411369
28,0,imagen.jpeg,4,batchnorm,1x32x112x112,2.47974
28,0,imagen.jpeg,5,activacion,1x32x112x112,0.796704
28,0,imagen.jpeg,6,pointwise_conv,1x32x112x112,4.057573
28,0,imagen.jpeg,7,batchnorm,1x16x112x112,0.297975
28,0,imagen.jpeg,8,pointwise_conv,1x16x112x112,12.78508
28,0,imagen.jpeg,9,batchnorm,1x96x112x112,2.341005
28,0,imagen.jpeg,10,activacion,1x96x112x112,3.685811
28,0,imagen.jpeg,11,depthwise_conv,1x96x112x112,3.399037
28,0,imagen.jpeg,12,batchnorm,1x96x56x56,0.308322
28,0,imagen.jpeg,13,activacion,1x96x56x56,1.088688
28,0,imagen.jpeg,14,pointwise_conv,1x96x56x56,5.130932
28,0,imagen.jpeg,15,batchnorm,1x24x56x56,0.118823
28,0,imagen.jpeg,16,pointwise_conv,1x24x56x56,7.496687
28,0,imagen.jpeg,17,batchnorm,1x144x56x56,1.034289
28,0,imagen.jpeg,18,activacion,1x144x56x56,1.408874
28,0,imagen.jpeg,19,depthwise_conv,1x144x56x56,5.237655
28,0,imagen.jpeg,20,batchnorm,1x144x56x56,1.083437
28,0,imagen.jpeg,21,activacion,1x144x56x56,1.799514
28,0,imagen.jpeg,22,pointwise_conv,1x144x56x56,7.108365
28,0,imagen.jpeg,23,batchnorm,1x24x56x56,0.077557
28,0,imagen.jpeg,24,layer_add,1x24x56x56,0.04873
28,0,imagen.jpeg,25,pointwise_conv,1x24x56x56,6.852853
28,0,imagen.jpeg,26,batchnorm,1x144x56x56,0.484256
28,0,imagen.jpeg,27,activacion,1x144x56x56,1.669742
28,0,imagen.jpeg,28,depthwise_conv,1x144x56x56,1.209966
28,0,imagen.jpeg,29,batchnorm,1x144x28x28,0.108523
28,0,imagen.jpeg,30,activacion,1x144x28x28,0.368645
28,0,imagen.jpeg,31,pointwise_conv,1x144x28x28,2.162279
28,0,imagen.jpeg,32,batchnorm,1x32x28x28,0.02454
28,0,imagen.jpeg,33,pointwise_conv,1x32x28x28,2.847676
28,0,imagen.jpeg,34,batchnorm,1x192x28x28,0.142389
28,0,imagen.jpeg,35,activacion,1x192x28x28,0.414542
28,0,imagen.jpeg,36,depthwise_conv,1x192x28x28,1.582713
28,0,imagen.jpeg,37,batchnorm,1x192x28x28,0.137632
28,0,imagen.jpeg,38,activacion,1x192x28x28,0.58534
28,0,imagen.jpeg,39,pointwise_conv,1x192x28x28,2.848627
28,0,imagen.jpeg,40,batchnorm,1x32x28x28,0.023385
28,0,imagen.jpeg,41,layer_add,1x32x28x28,0.014253
28,0,imagen.jpeg,42,pointwise_conv,1x32x28x28,2.828665
28,0,imagen.jpeg,43,batchnorm,1x192x28x28,0.140646
28,0,imagen.jpeg,44,activacion,1x192x28x28,0.458355
28,0,imagen.jpeg,45,depthwise_conv,1x192x28x28,1.526947
28,0,imagen.jpeg,46,batchnorm,1x192x28x28,0.135688
28,0,imagen.jpeg,47,activacion,1x192x28x28,0.551245
28,0,imagen.jpeg,48,pointwise_conv,1x192x28x28,2.79475
28,0,imagen.jpeg,49,batchnorm,1x32x28x28,0.026887
28,0,imagen.jpeg,50,layer_add,1x32x28x28,0.01881
28,0,imagen.jpeg,51,pointwise_conv,1x32x28x28,3.027829
28,0,imagen.jpeg,52,batchnorm,1x192x28x28,0.21914
28,0,imagen.jpeg,53,activacion,1x192x28x28,0.528169
28,0,imagen.jpeg,54,depthwise_conv,1x192x28x28,0.463696
28,0,imagen.jpeg,55,batchnorm,1x192x14x14,0.045901
28,0,imagen.jpeg,56,activacion,1x192x14x14,0.108119
28,0,imagen.jpeg,57,pointwise_conv,1x192x14x14,1.467286
28,0,imagen.jpeg,58,batchnorm,1x64x14x14,0.012765
28,0,imagen.jpeg,59,pointwise_conv,1x64x14x14,2.854272
28,0,imagen.jpeg,60,batchnorm,1x384x14x14,0.070773
28,0,imagen.jpeg,61,activacion,1x384x14x14,0.195678
28,0,imagen.jpeg,62,depthwise_conv,1x384x14x14,0.799004
28,0,imagen.jpeg,63,batchnorm,1x384x14x14,0.068822
28,0,imagen.jpeg,64,activacion,1x384x14x14,0.27885
28,0,imagen.jpeg,65,pointwise_conv,1x384x14x14,2.949845
28,0,imagen.jpeg,66,batchnorm,1x64x14x14,0.012214
28,0,imagen.jpeg,67,layer_add,1x64x14x14,0.006493
28,0,imagen.jpeg,68,pointwise_conv,1x64x14x14,2.833569
28,0,imagen.jpeg,69,batchnorm,1x384x14x14,0.071188
28,0,imagen.jpeg,70,activacion,1x384x14x14,0.239367
28,0,imagen.jpeg,71,depthwise_conv,1x384x14x14,0.814769
28,0,imagen.jpeg,72,batchnorm,1x384x14x14,0.100713
28,0,imagen.jpeg,73,activacion,1x384x14x14,0.255158
28,0,imagen.jpeg,74,pointwise_conv,1x384x14x14,2.811563
28,0,imagen.jpeg,75,batchnorm,1x64x14x14,0.011626
28,0,imagen.jpeg,76,layer_add,1x64x14x14,0.007041
28,0,imagen.jpeg,77,pointwise_conv,1x64x14x14,2.721062
28,0,imagen.jpeg,78,batchnorm,1x384x14x14,0.066926
28,0,imagen.jpeg,79,activacion,1x384x14x14,0.2526
28,0,imagen.jpeg,80,depthwise_conv,1x384x14x14,0.781185
28,0,imagen.jpeg,81,batchnorm,1x384x14x14,0.142582
28,0,imagen.jpeg,82,activacion,1x384x14x14,0.230026
28,0,imagen.jpeg,83,pointwise_conv,1x384x14x14,2.817477
28,0,imagen.jpeg,84,batchnorm,1x64x14x14,0.011169
28,0,imagen.jpeg,85,layer_add,1x64x14x14,0.009566
28,0,imagen.jpeg,86,pointwise_conv,1x64x14x14,2.850137
28,0,imagen.jpeg,87,batchnorm,1x384x14x14,0.073299
28,0,imagen.jpeg,88,activacion,1x384x14x14,0.266145
28,0,imagen.jpeg,89,depthwise_conv,1x384x14x14,0.795861
28,0,imagen.jpeg,90,batchnorm,1x384x14x14,0.077708
28,0,imagen.jpeg,91,activacion,1x384x14x14,0.28648
28,0,imagen.jpeg,92,pointwise_conv,1x384x14x14,7.942056
28,0,imagen.jpeg,93,batchnorm,1x96x14x14,0.029928
28,0,imagen.jpeg,94,pointwise_conv,1x96x14x14,8.886787
28,0,imagen.jpeg,95,batchnorm,1x576x14x14,0.124386
28,0,imagen.jpeg,96,activacion,1x576x14x14,0.416018
28,0,imagen.jpeg,97,depthwise_conv,1x576x14x14,1.20204
28,0,imagen.jpeg,98,batchnorm,1x576x14x14,0.183065
28,0,imagen.jpeg,99,activacion,1x576x14x14,0.348762
28,0,imagen.jpeg,100,pointwise_conv,1x576x14x14,6.231876
28,0,imagen.jpeg,101,batchnorm,1x96x14x14,0.017872
28,0,imagen.jpeg,102,layer_add,1x96x14x14,0.010353
28,0,imagen.jpeg,103,pointwise_conv,1x96x14x14,6.455802
28,0,imagen.jpeg,104,batchnorm,1x576x14x14,0.118716
28,0,imagen.jpeg,105,activacion,1x576x14x14,0.380968
28,0,imagen.jpeg,106,depthwise_conv,1x576x14x14,1.253102
28,0,imagen.jpeg,107,batchnorm,1x576x14x14,0.168958
28,0,imagen.jpeg,108,activacion,1x576x14x14,0.31
28,0,imagen.jpeg,109,pointwise_conv,1x576x14x14,6.084645
28,0,imagen.jpeg,110,batchnorm,1x96x14x14,0.017344
28,0,imagen.jpeg,111,layer_add,1x96x14x14,0.012883
28,0,imagen.jpeg,112,pointwise_conv,1x96x14x14,6.39895
28,0,imagen.jpeg,113,batchnorm,1x576x14x14,0.108609
28,0,imagen.jpeg,114,activacion,1x576x14x14,0.305405
28,0,imagen.jpeg,115,depthwise_conv,1x576x14x14,0.280652
28,0,imagen.jpeg,116,batchnorm,1x576x7x7,0.03001
28,0,imagen.jpeg,117,activacion,1x576x7x7,0.065416
28,0,imagen.jpeg,118,pointwise_conv,1x576x7x7,2.570428
28,0,imagen.jpeg,119,batchnorm,1x160x7x7,0.008067
28,0,imagen.jpeg,120,pointwise_conv,1x160x7x7,4.137972
28,0,imagen.jpeg,121,batchnorm,1x960x7x7,0.043016
28,0,imagen.jpeg,122,activacion,1x960x7x7,0.145673
28,0,imagen.jpeg,123,depthwise_conv,1x960x7x7,0.413795
28,0,imagen.jpeg,124,batchnorm,1x960x7x7,0.042153
28,0,imagen.jpeg,125,activacion,1x960x7x7,0.136566
28,0,imagen.jpeg,126,pointwise_conv,1x960x7x7,4.155284
28,0,imagen.jpeg,127,batchnorm,1x160x7x7,0.00785
28,0,imagen.jpeg,128,layer_add,1x160x7x7,0.004332
28,0,imagen.jpeg,129,pointwise_conv,1x160x7x7,4.235201
28,0,imagen.jpeg,130,batchnorm,1x960x7x7,0.046111
28,0,imagen.jpeg,131,activacion,1x960x7x7,0.208571
28,0,imagen.jpeg,132,depthwise_conv,1x960x7x7,0.51879
28,0,imagen.jpeg,133,batchnorm,1x960x7x7,0.059877
28,0,imagen.jpeg,134,activacion,1x960x7x7,0.12944
28,0,imagen.jpeg,135,pointwise_conv,1x960x7x7,4.462249
28,0,imagen.jpeg,136,batchnorm,1x160x7x7,0.007871
28,0,imagen.jpeg,137,layer_add,1x160x7x7,0.005349
28,0,imagen.jpeg,138,pointwise_conv,1x160x7x7,4.165427
28,0,imagen.jpeg,139,batchnorm,1x960x7x7,0.047057
28,0,imagen.jpeg,140,activacion,1x960x7x7,0.113765
28,0,imagen.jpeg,141,depthwise_conv,1x960x7x7,0.458245
28,0,imagen.jpeg,142,batchnorm,1x960x7x7,0.048487
28,0,imagen.jpeg,143,activacion,1x960x7x7,0.091188
28,0,imagen.jpeg,144,pointwise_conv,1x960x7x7,8.479839
28,0,imagen.jpeg,145,batchnorm,1x320x7x7,0.017191
28,0,imagen.jpeg,146,pointwise_conv,1x320x7x7,11.004012
28,0,imagen.jpeg,147,batchnorm,1x1280x7x7,0.074345
28,0,imagen.jpeg,148,activacion,1x1280x7x7,0.182434
28,0,imagen.jpeg,149,pooling,1x1280x7x7,0.042481
28,0,imagen.jpeg,150,linear,1x1280,1.43117
29,0,imagen.jpeg,0,conv2d,1x3x224x224,15.768196
29,0,imagen.jpeg,1,batchnorm,1x32x112x112,0.480622
29,0,imagen.jpeg,2,activacion,1x32x112x112,0.722263
29,0,imagen.jpeg,3,depthwise_conv,1x32x112x112,3.969197
29,0,imagen.jpeg,4,batchnorm,1x32x112x112,2.259404
29,0,imagen.jpeg,5,activacion,1x32x112x112,0.762734
29,0,imagen.jpeg,6,pointwise_conv,1x32x112x112,3.724535
29,0,imagen.jpeg,7,batchnorm,1x16x112x112,0.18488
29,0,imagen.jpeg,8,pointwise_conv,1x16x112x112,11.097261
29,0,imagen.jpeg,9,batchnorm,1x96x112x112,2.176053
29,0,imagen.jpeg,10,activacion,1x96x112x112,3.507846
29,0,imagen.jpeg,11,depthwise_conv,1x96x112x112,3.159302
29,0,imagen.jpeg,12,batchnorm,1x96x56x56,0.277856
29,0,imagen.jpeg,13,activacion,1x96x56x56,1.032593
29,0,imagen.jpeg,14,pointwise_conv,1x96x56x56,3.892802
29,0,imagen.jpeg,15,batchnorm,1x24x56x56,0.081816
29,0,imagen.jpeg,16,pointwise_conv,1x24x56x56,6.762818
29,0,imagen.jpeg,17,batchnorm,1x144x56x56,0.947065
29,0,imagen.jpeg,18,activacion,1x144x56x56,1.384956
29,0,imagen.jpeg,19,depthwise_conv,1x144x56x56,4.482679
29,0,imagen.jpeg,20,batchnorm,1x144x56x56,0.896425
29,0,imagen.jpeg,21,activacion,1x144x56x56,1.65673
29,0,imagen.jpeg,22,pointwise_conv,1x144x56x56,6.318011
29,0,imagen.jpeg,23,batchnorm,1x24x56x56,0.071956
29,0,imagen.jpeg,24,layer_add,1x24x56x56,0.060291
29,0,imagen.jpeg,25,pointwise_conv,1x24x56x56,6.084388
29,0,imagen.jpeg,26,batchnorm,1x144x56x56,0.446752
29,0,imagen.jpeg,27,activacion,1x144x56x56,1.560101
29,0,imagen.jpeg,28,depthwise_conv,1x144x56x56,1.17835
29,0,imagen.jpeg,29,batchnorm,1x144x28x28,0.102749
29,0,imagen.jpeg,30,activacion,1x144x28x28,0.341454
29,0,imagen.jpeg,31,pointwise_conv,1x144x28x28,1.978633
29,0,imagen.jpeg,32,batchnorm,1x32x28x28,0.021447
29,0,imagen.jpeg,33,pointwise_conv,1x32x28x28,2.7009
29,0,imagen.jpeg,34,batchnorm,1x192x28x28,0.144628
29,0,imagen.jpeg,35,activacion,1x192x28x28,0.39128
29,0,imagen.jpeg,36,depthwise_conv,1x192x28x28,1.512838
29,0,imagen.jpeg,37,batchnorm,1x192x28x28,0.141039
29,0,imagen.jpeg,38,activacion,1x192x28x28,0.546313
29,0,imagen.jpeg,39,pointwise_conv,1x192x28x28,2.863937
29,0,imagen.jpeg,40,batchnorm,1x32x28x28,0.02348
29,0,imagen.jpeg,41,layer_add,1x32x28x28,0.014108
29,0,imagen.jpeg,42,pointwise_conv,1x32x28x28,2.726755
29,0,imagen.jpeg,43,batchnorm,1x192x28x28,0.138002
29,0,imagen.jpeg,44,activacion,1x192x28x28,0.425356
29,0,imagen.jpeg,45,depthwise_conv,1x192x28x28,1.532927
29,0,imagen.jpeg,46,batchnorm,1x192x28x28,0.138586
29,0,imagen.jpeg,47,activacion,1x192x28x28,0.529941
29,0,imagen.jpeg,48,pointwise_conv,1x192x28x28,2.619509
29,0,imagen.jpeg,49,batchnorm,1x32x28x28,0.021439
29,0,imagen.jpeg,50,layer_add,1x32x28x28,0.01501
29,0,imagen.jpeg,51,pointwise_conv,1x32x28x28,2.654562
29,0,imagen.jpeg,52,batchnorm,1x192x28x28,0.138552
29,0,imagen.jpeg,53,activacion,1x192x28x28,0.490843
29,0,imagen.jpeg,54,depthwise_conv,1x192x28x28,0.386872
29,0,imagen.jpeg,55,batchnorm,1x192x14x14,0.034265
29,0,imagen.jpeg,56,activacion,1x192x14x14,0.098302
29,0,imagen.jpeg,57,pointwise_conv,1x192x14x14,1.447671
29,0,imagen.jpeg,58,batchnorm,1x64x14x14,0.029307
29,0,imagen.jpeg,59,pointwise_conv,1x64x14x14,2.932365
29,0,imagen.jpeg,60,batchnorm,1x384x14x14,0.072389
29,0,imagen.jpeg,61,activacion,1x384x14x14,0.191327
29,0,imagen.jpeg,62,depthwise_conv,1x384x14x14,0.77921
29,0,imagen.jpeg,63,batchnorm,1x384x14x14,0.076346
29,0,imagen.jpeg,64,activacion,1x384x14x14,0.290976
29,0,imagen.jpeg,65,pointwise_conv,1x384x14x14,2.909772
29,0,imagen.jpeg,66,batchnorm,1x64x14x14,0.026093
29,0,imagen.jpeg,67,layer_add,1x64x14x14,0.006765
29,0,imagen.jpeg,68,pointwise_conv,1x64x14x14,3.459142
29,0,imagen.jpeg,69,batchnorm,1x384x14x14,0.07664
29,0,imagen.jpeg,70,activacion,1x384x14x14,0.263218
29,0,imagen.jpeg,71,depthwise_conv,1x384x14x14,0.785947
29,0,imagen.jpeg,72,batchnorm,1x384x14x14,0.108361
29,0,imagen.jpeg,73,activacion,1x384x14x14,0.262542
29,0,imagen.jpeg,74,pointwise_conv,1x384x14x14,2.790737
29,0,imagen.jpeg,75,batchnorm,1x64x14x14,0.011127
29,0,imagen.jpeg,76,layer_add,1x64x14x14,0.007193
29,0,imagen.jpeg,77,pointwise_conv,1x64x14x14,2.766447
29,0,imagen.jpeg,78,batchnorm,1x384x14x14,0.069956
29,0,imagen.jpeg,79,activacion,1x384x14x14,0.250938
29,0,imagen.jpeg,80,depthwise_conv,1x384x14x14,0.789401
29,0,imagen.jpeg,81,batchnorm,1x384x14x14,0.14746
29,0,imagen.jpeg,82,activacion,1x384x14x14,0.229477
29,0,imagen.jpeg,83,pointwise_conv,1x384x14x14,2.762067
29,0,imagen.jpeg,84,batchnorm,1x64x14x14,0.011108
29,0,imagen.jpeg,85,layer_add,1x64x14x14,0.006637
29,0,imagen.jpeg,86,pointwise_conv,1x64x14x14,2.702937
29,0,imagen.jpeg,87,batchnorm,1x384x14x14,0.066165
29,0,imagen.jpeg,88,activacion,1x384x14x14,0.252827
29,0,imagen.jpeg,89,depthwise_conv,1x384x14x14,0.774139
29,0,imagen.jpeg,90,batchnorm,1x384x14x14,0.067076
29,0,imagen.jpeg,91,activacion,1x384x14x14,0.243101
29,0,imagen.jpeg,92,pointwise_conv,1x384x14x14,4.185505
29,0,imagen.jpeg,93,batchnorm,1x96x14x14,0.018997
29,0,imagen.jpeg,94,pointwise_conv,1x96x14x14,6.254524
29,0,imagen.jpeg,95,batchnorm,1x576x14x14,0.113165
29,0,imagen.jpeg,96,activacion,1x576x14x14,0.360634
29,0,imagen.jpeg,97,depthwise_conv,1x576x14x14,1.160599
29,0,imagen.jpeg,98,batchnorm,1x576x14x14,0.187329
29,0,imagen.jpeg,99,activacion,1x576x14x14,0.326684
29,0,imagen.jpeg,100,pointwise_conv,1x576x14x14,6.144467
29,0,imagen.jpeg,101,batchnorm,1x96x14x14,0.017392
29,0,imagen.jpeg,102,layer_add,1x96x14x14,0.012006
29,0,imagen.jpeg,103,pointwise_conv,1x96x14x14,6.647465
29,0,imagen.jpeg,104,batchnorm,1x576x14x14,0.129655
29,0,imagen.jpeg,105,activacion,1x576x14x14,0.446052
29,0,imagen.jpeg,106,depthwise_conv,1x576x14x14,1.414563
29,0,imagen.jpeg,107,batchnorm,1x576x14x14,0.173177
29,0,imagen.jpeg,108,activacion,1x576x14x14,0.316525
29,0,imagen.jpeg,109,pointwise_conv,1x576x14x14,6.201254
29,0,imagen.jpeg,110,batchnorm,1x96x14x14,0.017354
29,0,imagen.jpeg,111,layer_add,1x96x14x14,0.013384
29,0,imagen.jpeg,112,pointwise_conv,1x96x14x14,6.294694
29,0,imagen.jpeg,113,batchnorm,1x576x14x14,0.116108
29,0,imagen.jpeg,114,activacion,1x576x14x14,0.314726
29,0,imagen.jpeg,115,depthwise_conv,1x576x14x14,0.267099
29,0,imagen.jpeg,116,batchnorm,1x576x7x7,0.030517
29,0,imagen.jpeg,117,activacion,1x576x7x7,0.068944
29,0,imagen.jpeg,118,pointwise_conv,1x576x7x7,2.442291
29,0,imagen.jpeg,119,batchnorm,1x160x7x7,0.007772
29,0,imagen.jpeg,120,pointwise_conv,1x160x7x7,4.112571
29,0,imagen.jpeg,121,batchnorm,1x960x7x7,0.047619
29,0,imagen.jpeg,122,activacion,1x960x7x7,0.156917
29,0,imagen.jpeg,123,depthwise_conv,1x960x7x7,0.460946
29,0,imagen.jpeg,124,batchnorm,1x960x7x7,0.045027
29,0,imagen.jpeg,125,activacion,1x960x7x7,0.147179
29,0,imagen.jpeg,126,pointwise_conv,1x960x7x7,4.199491
29,0,imagen.jpeg,127,batchnorm,1x160x7x7,0.011118
29,0,imagen.jpeg,128,layer_add,1x160x7x7,0.005931
29,0,imagen.jpeg,129,pointwise_conv,1x160x7x7,4.297262
29,0,imagen.jpeg,130,batchnorm,1x960x7x7,0.046143
29,0,imagen.jpeg,131,activacion,1x960x7x7,0.142693
29,0,imagen.jpeg,132,depthwise_conv,1x960x7x7,0.427581
29,0,imagen.jpeg,133,batchnorm,1x960x7x7,0.055574
29,0,imagen.jpeg,134,activacion,1x960x7x7,0.128171
29,0,imagen.jpeg,135,pointwise_conv,1x960x7x7,4.198769
29,0,imagen.jpeg,136,batchnorm,1x160x7x7,0.007876
29,0,imagen.jpeg,137,layer_add,1x160x7x7,0.004964
29,0,imagen.jpeg,138,pointwise_conv,1x160x7x7,4.315281
29,0,imagen.jpeg,139,batchnorm,1x960x7x7,0.051035
29,0,imagen.jpeg,140,activacion,1x960x7x7,0.132373
29,0,imagen.jpeg,141,depthwise_conv,1x960x7x7,0.473171
29,0,imagen.jpeg,142,batchnorm,1x960x7x7,0.054674
29,0,imagen.jpeg,143,activacion,1x960x7x7,0.103748
29,0,imagen.jpeg,144,pointwise_conv,1x960x7x7,10.00463
29,0,imagen.jpeg,145,batchnorm,1x320x7x7,0.019162
29,0,imagen.jpeg,146,pointwise_conv,1x320x7x7,12.495495
29,0,imagen.jpeg,147,batchnorm,1x1280x7x7,0.06656
29,0,imagen.jpeg,148,activacion,1x1280x7x7,0.198836
29,0,imagen.jpeg,149,pooling,1x1280x7x7,0.042813
29,0,imagen.jpeg,150,linear,1x1280,1.496468
30,0,imagen.jpeg,0,conv2d,1x3x224x224,17.031098
30,0,imagen.jpeg,1,batchnorm,1x32x112x112,0.433948
30,0,imagen.jpeg,2,activacion,1x32x112x112,0.716021
30,0,imagen.jpeg,3,depthwise_conv,1x32x112x112,4.488936
30,0,imagen.jpeg,4,batchnorm,1x32x112x112,2.671589
30,0,imagen.jpeg,5,activacion,1x32x112x112,0.797768
30,0,imagen.jpeg,6,pointwise_conv,1x32x112x112,3.773693
30,0,imagen.jpeg,7,batchnorm,1x16x112x112,0.181003
30,0,imagen.jpeg,8,pointwise_conv,1x16x112x112,12.533167
30,0,imagen.jpeg,9,batchnorm,1x96x112x112,2.172315
30,0,imagen.jpeg,10,activacion,1x96x112x112,3.54973
30,0,imagen.jpeg,11,depthwise_conv,1x96x112x112,2.99601
30,0,imagen.jpeg,12,batchnorm,1x96x56x56,0.311206
30,0,imagen.jpeg,13,activacion,1x96x56x56,1.01575
30,0,imagen.jpeg,14,pointwise_conv,1x96x56x56,4.119081
30,0,imagen.jpeg,15,batchnorm,1x24x56x56,0.066626
30,0,imagen.jpeg,16,pointwise_conv,1x24x56x56,6.664333
30,0,imagen.jpeg,17,batchnorm,1x144x56x56,0.938173
30,0,imagen.jpeg,18,activacion,1x144x56x56,1.279196
30,0,imagen.jpeg,19,depthwise_conv,1x144x56x56,4.436738
30,0,imagen.jpeg,20,batchnorm,1x144x56x56,0.941828
30,0,imagen.jpeg,21,activacion,1x144x56x56,1.727111
30,0,imagen.jpeg,22,pointwise_conv,1x144x56x56,5.933503
30,0,imagen.jpeg,23,batchnorm,1x24x56x56,0.065304
30,0,imagen.jpeg,24,layer_add,1x24x56x56,0.049147
30,0,imagen.jpeg,25,pointwise_conv,1x24x56x56,5.980512
30,0,imagen.jpeg,26,batchnorm,1x144x56x56,0.468821
30,0,imagen.jpeg,27,activacion,1x144x56x56,1.518047
30,0,imagen.jpeg,28,depthwise_conv,1x144x56x56,1.182384
30,0,imagen.jpeg,29,batchnorm,1x144x28x28,0.110042
30,0,imagen.jpeg,30,activacion,1x144x28x28,0.33922
30,0,imagen.jpeg,31,pointwise_conv,1x144x28x28,1.970353
30,0,imagen.jpeg,32,batchnorm,1x32x28x28,0.021389
30,0,imagen.jpeg,33,pointwise_conv,1x32x28x28,2.655724
30,0,imagen.jpeg,34,batchnorm,1x192x28x28,0.134286
30,0,imagen.jpeg,35,activacion,1x192x28x28,0.394068
30,0,imagen.jpeg,36,depthwise_conv,1x192x28x28,1.466524
30,0,imagen.jpeg,37,batchnorm,1x192x28x28,0.122905
30,0,imagen.jpeg,38,activacion,1x192x28x28,0.549398
30,0,imagen.jpeg,39,pointwise_conv,1x192x28x28,2.558826
30,0,imagen.jpeg,40,batchnorm,1x32x28x28,0.020869
30,0,imagen.jpeg,41,layer_add,1x32x28x28,0.012885
30,0,imagen.jpeg,42,pointwise_conv,1x32x28x28,2.649787
30,0,imagen.jpeg,43,batchnorm,1x192x28x28,0.123322
30,0,imagen.jpeg,44,activacion,1x192x28x28,0.466382
30,0,imagen.jpeg,45,depthwise_conv,1x192x28x28,1.518977
30,0,imagen.jpeg,46,batchnorm,1x192x28x28,0.13702
30,0,imagen.jpeg,47,activacion,1x192x28x28,0.539322
30,0,imagen.jpeg,48,pointwise_conv,1x192x28x28,2.607272
30,0,imagen.jpeg,49,batchnorm,1x32x28x28,0.020987
30,0,imagen.jpeg,50,layer_add,1x32x28x28,0.013572
30,0,imagen.jpeg,51,pointwise_conv,1x32x28x28,2.623322
30,0,imagen.jpeg,52,batchnorm,1x192x28x28,0.167463
30,0,imagen.jpeg,53,activacion,1x192x28x28,0.484939
30,0,imagen.jpeg,54,depthwise_conv,1x192x28x28,0.375207
30,0,imagen.jpeg,55,batchnorm,1x192x14x14,0.03325
30,0,imagen.jpeg,56,activacion,1x192x14x14,0.096296
30,0,imagen.jpeg,57,pointwise_conv,1x192x14x14,1.733208
30,0,imagen.jpeg,58,batchnorm,1x64x14x14,0.013504
30,0,imagen.jpeg,59,pointwise_conv,1x64x14x14,2.739409
30,0,imagen.jpeg,60,batchnorm,1x384x14x14,0.074289
30,0,imagen.jpeg,61,activacion,1x384x14x14,0.189916
30,0,imagen.jpeg,62,depthwise_conv,1x384x14x14,0.753829
30,0,imagen.jpeg,63,batchnorm,1x384x14x14,0.079424
30,0,imagen.jpeg,64,activacion,1x384x14x14,0.251728
30,0,imagen.jpeg,65,pointwise_conv,1x384x14x14,2.79564
30,0,imagen.jpeg,66,batchnorm,1x64x14x14,0.011971
30,0,imagen.jpeg,67,layer_add,1x64x14x14,0.006349
30,0,imagen.jpeg,68,pointwise_conv,1x64x14x14,3.015141
30,0,imagen.jpeg,69,batchnorm,1x384x14x14,0.069362
30,0,imagen.jpeg,70,activacion,1x384x14x14,0.23369
30,0,imagen.jpeg,71,depthwise_conv,1x384x14x14,0.776349
30,0,imagen.jpeg,72,batchnorm,1x384x14x14,0.097751
30,0,imagen.jpeg,73,activacion,1x384x14x14,0.264538
30,0,imagen.jpeg,74,pointwise_conv,1x384x14x14,2.678815
30,0,imagen.jpeg,75,batchnorm,1x64x14x14,0.010947
30,0,imagen.jpeg,76,layer_add,1x64x14x14,0.007037
30,0,imagen.jpeg,77,pointwise_conv,1x64x14x14,2.753251
30,0,imagen.jpeg,78,batchnorm,1x384x14x14,0.064449
30,0,imagen.jpeg,79,activacion,1x384x14x14,0.244489
30,0,imagen.jpeg,80,depthwise_conv,1x384x14x14,0.798347
30,0,imagen.jpeg,81,batchnorm,1x384x14x14,0.138876
30,0,imagen.jpeg,82,activacion,1x384x14x14,0.241226
30,0,imagen.jpeg,83,pointwise_conv,1x384x14x14,2.657566
30,0,imagen.jpeg,84,batchnorm,1x64x14x14,0.010836
30,0,imagen.jpeg,85,layer_add,1x64x14x14,0.006153
30,0,imagen.jpeg,86,pointwise_conv,1x64x14x14,2.869316
30,0,imagen.jpeg,87,batchnorm,1x384x14x14,0.067646
30,0,imagen.jpeg,88,activacion,1x384x14x14,0.256715
30,0,imagen.jpeg,89,depthwise_conv,1x384x14x14,0.772643
30,0,imagen.jpeg,90,batchnorm,1x384x14x14,0.067827
30,0,imagen.jpeg,91,activacion,1x384x14x14,0.241282
30,0,imagen.jpeg,92,pointwise_conv,1x384x14x14,4.011641
30,0,imagen.jpeg,93,batchnorm,1x96x14x14,0.017424
30,0,imagen.jpeg,94,pointwise_conv,1x96x14x14,6.007188
30,0,imagen.jpeg,95,batchnorm,1x576x14x14,0.096682
30,0,imagen.jpeg,96,activacion,1x576x14x14,0.358151
30,0,imagen.jpeg,97,depthwise_conv,1x576x14x14,1.154056
30,0,imagen.jpeg,98,batchnorm,1x576x14x14,0.16843
30,0,imagen.jpeg,99,activacion,1x576x14x14,0.318238
30,0,imagen.jpeg,100,pointwise_conv,1x576x14x14,6.626011
30,0,imagen.jpeg,101,batchnorm,1x96x14x14,0.022994
30,0,imagen.jpeg,102,layer_add,1x96x14x14,0.011421
30,0,imagen.jpeg,103,pointwise_conv,1x96x14x14,6.067107
30,0,imagen.jpeg,104,batchnorm,1x576x14x14,0.106136
30,0,imagen.jpeg,105,activacion,1x576x14x14,0.389261
30,0,imagen.jpeg,106,depthwise_conv,1x576x14x14,1.128471
30,0,imagen.jpeg,107,batchnorm,1x576x14x14,0.153631
30,0,imagen.jpeg,108,activacion,1x576x14x14,0.292799
30,0,imagen.jpeg,109,pointwise_conv,1x576x14x14,6.498741
30,0,imagen.jpeg,110,batchnorm,1x96x14x14,0.018605
30,0,imagen.jpeg,111,layer_add,1x96x14x14,0.013193
30,0,imagen.jpeg,112,pointwise_conv,1x96x14x14,5.918545
30,0,imagen.jpeg,113,batchnorm,1x576x14x14,0.105678
30,0,imagen.jpeg,114,activacion,1x576x14x14,0.404912
30,0,imagen.jpeg,115,depthwise_conv,1x576x14x14,0.308134
30,0,imagen.jpeg,116,batchnorm,1x576x7x7,0.032969
30,0,imagen.jpeg,117,activacion,1x576x7x7,0.065659
30,0,imagen.jpeg,118,pointwise_conv,1x576x7x7,2.45526
30,0,imagen.jpeg,119,batchnorm,1x160x7x7,0.007875
30,0,imagen.jpeg,120,pointwise_conv,1x160x7x7,4.267927
30,0,imagen.jpeg,121,batchnorm,1x960x7x7,0.049032
30,0,imagen.jpeg,122,activacion,1x960x7x7,0.15339
30,0,imagen.jpeg,123,depthwise_conv,1x960x7x7,0.454242
30,0,imagen.jpeg,124,batchnorm,1x960x7x7,0.045554
30,0,imagen.jpeg,125,activacion,1x960x7x7,0.147454
30,0,imagen.jpeg,126,pointwise_conv,1x960x7x7,4.093628
30,0,imagen.jpeg,127,batchnorm,1x160x7x7,0.007185
30,0,imagen.jpeg,128,layer_add,1x160x7x7,0.004072
30,0,imagen.jpeg,129,pointwise_conv,1x160x7x7,4.128067
30,0,imagen.jpeg,130,batchnorm,1x960x7x7,0.044061
30,0,imagen.jpeg,131,activacion,1x960x7x7,0.163691
30,0,imagen.jpeg,132,depthwise_conv,1x960x7x7,0.447252
30,0,imagen.jpeg,133,batchnorm,1x960x7x7,0.054625
30,0,imagen.jpeg,134,activacion,1x960x7x7,0.124681
30,0,imagen.jpeg,135,pointwise_conv,1x960x7x7,4.236504
30,0,imagen.jpeg,136,batchnorm,1x160x7x7,0.008304
30,0,imagen.jpeg,137,layer_add,1x160x7x7,0.005347
30,0,imagen.jpeg,138,pointwise_conv,1x160x7x7,4.196933
30,0,imagen.jpeg,139,batchnorm,1x960x7x7,0.046044
30,0,imagen.jpeg,140,activacion,1x960x7x7,0.111549
30,0,imagen.jpeg,141,depthwise_conv,1x960x7x7,0.456221
30,0,imagen.jpeg,142,batchnorm,1x960x7x7,0.048532
30,0,imagen.jpeg,143,activacion,1x960x7x7,0.102405
30,0,imagen.jpeg,144,pointwise_conv,1x960x7x7,8.403357
30,0,imagen.jpeg,145,batchnorm,1x320x7x7,0.016691
30,0,imagen.jpeg,146,pointwise_conv,1x320x7x7,12.021523
30,0,imagen.jpeg,147,batchnorm,1x1280x7x7,0.07273
30,0,imagen.jpeg,148,activacion,1x1280x7x7,0.190118
30,0,imagen.jpeg,149,pooling,1x1280x7x7,0.042056
30,0,imagen.jpeg,150,linear,1x1280,1.437987
31,0,imagen.jpeg,0,conv2d,1x3x224x224,15.801254
31,0,imagen.jpeg,1,batchnorm,1x32x112x112,0.441279
31,0,imagen.jpeg,2,activacion,1x32x112x112,0.681292
31,0,imagen.jpeg,3,depthwise_conv,1x32x112x112,3.967984
31,0,imagen.jpeg,4,batchnorm,1x32x112x112,2.329405
31,0,imagen.jpeg,5,activacion,1x32x112x112,0.726661
31,0,imagen.jpeg,6,pointwise_conv,1x32x112x112,3.507969
31,0,imagen.jpeg,7,batchnorm,1x16x112x112,0.181967
31,0,imagen.jpeg,8,pointwise_conv,1x16x112x112,11.500691
31,0,imagen.jpeg,9,batchnorm,1x96x112x112,2.18588
31,0,imagen.jpeg,10,activacion,1x96x112x112,3.39883
31,0,imagen.jpeg,11,depthwise_conv,1x96x112x112,3.08261
31,0,imagen.jpeg,12,batchnorm,1x96x56x56,0.282287
31,0,imagen.jpeg,13,activacion,1x96x56x56,1.037117
31,0,imagen.jpeg,14,pointwise_conv,1x96x56x56,4.120461
31,0,imagen.jpeg,15,batchnorm,1x24x56x56,0.068959
31,0,imagen.jpeg,16,pointwise_conv,1x24x56x56,6.666521
31,0,imagen.jpeg,17,batchnorm,1x144x56x56,0.915158
31,0,imagen.jpeg,18,activacion,1x144x56x56,1.270827
31,0,imagen.jpeg,19,depthwise_conv,1x144x56x56,4.546792
31,0,imagen.jpeg,20,batchnorm,1x144x56x56,0.962055
31,0,imagen.jpeg,21,activacion,1x144x56x56,1.686378
31,0,imagen.jpeg,22,pointwise_conv,1x144x56x56,5.789375
31,0,imagen.jpeg,23,batchnorm,1x24x56x56,0.061938
31,0,imagen.jpeg,24,layer_add,1x24x56x56,0.068962
31,0,imagen.jpeg,25,pointwise_conv,1x24x56x56,5.974904
31,0,imagen.jpeg,26,batchnorm,1x144x56x56,0.459148
31,0,imagen.jpeg,27,activacion,1x144x56x56,1.625112
31,0,imagen.jpeg,28,depthwise_conv,1x144x56x56,1.189449
31,0,imagen.jpeg,29,batchnorm,1x144x28x28,0.106062
31,0,imagen.jpeg,30,activacion,1x144x28x28,0.352883
31,0,imagen.jpeg,31,pointwise_conv,1x144x28x28,1.959516
31,0,imagen.jpeg,32,batchnorm,1x32x28x28,0.021549
31,0,imagen.jpeg,33,pointwise_conv,1x32x28x28,2.765367
31,0,imagen.jpeg,34,batchnorm,1x192x28x28,0.157039
31,0,imagen.jpeg,35,activacion,1x192x28x28,0.374826
31,0,imagen.jpeg,36,depthwise_conv,1x192x28x28,1.500502
31,0,imagen.jpeg,37,batchnorm,1x192x28x28,0.13306
31,0,imagen.jpeg,38,activacion,1x192x28x28,0.52707
31,0,imagen.jpeg,39,pointwise_conv,1x192x28x28,2.639268
31,0,imagen.jpeg,40,batchnorm,1x32x28x28,0.021056
31,0,imagen.jpeg,41,layer_add,1x32x28x28,0.012988
31,0,imagen.jpeg,42,pointwise_conv,1x32x28x28,2.663811
31,0,imagen.jpeg,43,batchnorm,1x192x28x28,0.125231
31,0,imagen.jpeg,44,activacion,1x192x28x28,0.415413
31,0,imagen.jpeg,45,depthwise_conv,1x192x28x28,1.51163
31,0,imagen.jpeg,46,batchnorm,1x192x28x28,0.137327
31,0,imagen.jpeg,47,activacion,1x192x28x28,0.485064
31,0,imagen.jpeg,48,pointwise_conv,1x192x28x28,2.543137
31,0,imagen.jpeg,49,batchnorm,1x32x28x28,0.020614
31,0,imagen.jpeg,50,layer_add,1x32x28x28,0.014449
31,0,imagen.jpeg,51,pointwise_conv,1x32x28x28,2.903606
31,0,imagen.jpeg,52,batchnorm,1x192x28x28,0.14317
31,0,imagen.jpeg,53,activacion,1x192x28x28,0.493863
31,0,imagen.jpeg,54,depthwise_conv,1x192x28x28,0.381576
31,0,imagen.jpeg,55,batchnorm,1x192x14x14,0.035484
31,0,imagen.jpeg,56,activacion,1x192x14x14,0.098872
31,0,imagen.jpeg,57,pointwise_conv,1x192x14x14,1.359092
31,0,imagen.jpeg,58,batchnorm,1x64x14x14,0.01234
31,0,imagen.jpeg,59,pointwise_conv,1x64x14x14,2.617929
31,0,imagen.jpeg,60,batchnorm,1x384x14x14,0.067015
31,0,imagen.jpeg,61,activacion,1x384x14x14,0.186491
31,0,imagen.jpeg,62,depthwise_conv,1x384x14x14,0.747149
31,0,imagen.jpeg,63,batchnorm,1x384x14x14,0.065339
31,0,imagen.jpeg,64,activacion,1x384x14x14,0.261956
31,0,imagen.jpeg,65,pointwise_conv,1x384x14x14,2.701971
31,0,imagen.jpeg,66,batchnorm,1x64x14x14,0.011369
31,0,imagen.jpeg,67,layer_add,1x64x14x14,0.006361
31,0,imagen.jpeg,68,pointwise_conv,1x64x14x14,2.725832
31,0,imagen.jpeg,69,batchnorm,1x384x14x14,0.096201
31,0,imagen.jpeg,70,activacion,1x384x14x14,0.259098
31,0,imagen.jpeg,71,depthwise_conv,1x384x14x14,1.154979
31,0,imagen.jpeg,72,batchnorm,1x384x14x14,0.140524
31,0,imagen.jpeg,73,activacion,1x384x14x14,0.270303
31,0,imagen.jpeg,74,pointwise_conv,1x384x14x14,3.129588
31,0,imagen.jpeg,75,batchnorm,1x64x14x14,0.011396
31,0,imagen.jpeg,76,layer_add,1x64x14x14,0.007319
31,0,imagen.jpeg,77,pointwise_conv,1x64x14x14,2.719951
31,0,imagen.jpeg,78,batchnorm,1x384x14x14,0.065838
31,0,imagen.jpeg,79,activacion,1x384x14x14,0.245944
31,0,imagen.jpeg,80,depthwise_conv,1x384x14x14,0.787809
31,0,imagen.jpeg,81,batchnorm,1x384x14x14,0.139014
31,0,imagen.jpeg,82,activacion,1x384x14x14,0.223661
31,0,imagen.jpeg,83,pointwise_conv,1x384x14x14,2.689881
31,0,imagen.jpeg,84,batchnorm,1x64x14x14,0.010721
31,0,imagen.jpeg,85,layer_add,1x64x14x14,0.005909
31,0,imagen.jpeg,86,pointwise_conv,1x64x14x14,2.78492
31,0,imagen.jpeg,87,batchnorm,1x384x14x14,0.071283
31,0,imagen.jpeg,88,activacion,1x384x14x14,0.248105
31,0,imagen.jpeg,89,depthwise_conv,1x384x14x14,0.795977
31,0,imagen.jpeg,90,batchnorm,1x384x14x14,0.065707
31,0,imagen.jpeg,91,activacion,1x384x14x14,0.236255
31,0,imagen.jpeg,92,pointwise_conv,1x384x14x14,4.112202
31,0,imagen.jpeg,93,batchnorm,1x96x14x14,0.030897
31,0,imagen.jpeg,94,pointwise_conv,1x96x14x14,5.993384
31,0,imagen.jpeg,95,batchnorm,1x576x14x14,0.106201
31,0,imagen.jpeg,96,activacion,1x576x14x14,0.36383
31,0,imagen.jpeg,97,depthwise_conv,1x576x14x14,1.155013
31,0,imagen.jpeg,98,batchnorm,1x576x14x14,0.192187
31,0,imagen.jpeg,99,activacion,1x576x14x14,0.341018
31,0,imagen.jpeg,100,pointwise_conv,1x576x14x14,6.131958
31,0,imagen.jpeg,101,batchnorm,1x96x14x14,0.016771
31,0,imagen.jpeg,102,layer_add,1x96x14x14,0.010138
31,0,imagen.jpeg,103,pointwise_conv,1x96x14x14,6.070285
31,0,imagen.jpeg,104,batchnorm,1x576x14x14,0.10369
31,0,imagen.jpeg,105,activacion,1x576x14x14,0.408585
31,0,imagen.jpeg,106,depthwise_conv,1x576x14x14,1.144114
31,0,imagen.jpeg,107,batchnorm,1x576x14x14,0.16265
31,0,imagen.jpeg,108,activacion,1x576x14x14,0.312534
31,0,imagen.jpeg,109,pointwise_conv,1x576x14x14,6.100083
31,0,imagen.jpeg,110,batchnorm,1x96x14x14,0.016632
31,0,imagen.jpeg,111,layer_add,1x96x14x14,0.012953
31,0,imagen.jpeg,112,pointwise_conv,1x96x14x14,6.005488
31,0,imagen.jpeg,113,batchnorm,1x576x14x14,0.101693
31,0,imagen.jpeg,114,activacion,1x576x14x14,0.304964
31,0,imagen.jpeg,115,depthwise_conv,1x576x14x14,0.285115
31,0,imagen.jpeg,116,batchnorm,1x576x7x7,0.029764
31,0,imagen.jpeg,117,activacion,1x576x7x7,0.076182
31,0,imagen.jpeg,118,pointwise_conv,1x576x7x7,2.403283
31,0,imagen.jpeg,119,batchnorm,1x160x7x7,0.00779
31,0,imagen.jpeg,120,pointwise_conv,1x160x7x7,4.085933
31,0,imagen.jpeg,121,batchnorm,1x960x7x7,0.04302
31,0,imagen.jpeg,122,activacion,1x960x7x7,0.179913
31,0,imagen.jpeg,123,depthwise_conv,1x960x7x7,0.439532
31,0,imagen.jpeg,124,batchnorm,1x960x7x7,0.057568
31,0,imagen.jpeg,125,activacion,1x960x7x7,0.182523
31,0,imagen.jpeg,126,pointwise_conv,1x960x7x7,4.09851
31,0,imagen.jpeg,127,batchnorm,1x160x7x7,0.007725
31,0,imagen.jpeg,128,layer_add,1x160x7x7,0.004364
31,0,imagen.jpeg,129,pointwise_conv,1x160x7x7,4.045767
31,0,imagen.jpeg,130,batchnorm,1x960x7x7,0.043375
31,0,imagen.jpeg,131,activacion,1x960x7x7,0.149725
31,0,imagen.jpeg,132,depthwise_conv,1x960x7x7,0.404057
31,0,imagen.jpeg,133,batchnorm,1x960x7x7,0.051326
31,0,imagen.jpeg,134,activacion,1x960x7x7,0.118027
31,0,imagen.jpeg,135,pointwise_conv,1x960x7x7,3.922493
31,0,imagen.jpeg,136,batchnorm,1x160x7x7,0.007008
31,0,imagen.jpeg,137,layer_add,1x160x7x7,0.003969
31,0,imagen.jpeg,138,pointwise_conv,1x160x7x7,4.235666
31,0,imagen.jpeg,139,batchnorm,1x960x7x7,0.04361
31,0,imagen.jpeg,140,activacion,1x960x7x7,0.10839
31,0,imagen.jpeg,141,depthwise_conv,1x960x7x7,0.440964
31,0,imagen.jpeg,142,batchnorm,1x960x7x7,0.062189
31,0,imagen.jpeg,143,activacion,1x960x7x7,0.143046
31,0,imagen.jpeg,144,pointwise_conv,1x960x7x7,8.169123
31,0,imagen.jpeg,145,batchnorm,1x320x7x7,0.028931
31,0,imagen.jpeg,146,pointwise_conv,1x320x7x7,11.255608
31,0,imagen.jpeg,147,batchnorm,1x1280x7x7,0.066012
31,0,imagen.jpeg,148,activacion,1x1280x7x7,0.181007
31,0,imagen.jpeg,149,pooling,1x1280x7x7,0.039934
31,0,imagen.jpeg,150,linear,1x1280,1.368682
32,0,imagen.jpeg,0,conv2d,1x3x224x224,15.629365
32,0,imagen.jpeg,1,batchnorm,1x32x112x112,0.469037
32,0,imagen.jpeg,2,activacion,1x32x112x112,0.709469
32,0,imagen.jpeg,3,depthwise_conv,1x32x112x112,4.237874
32,0,imagen.jpeg,4,batchnorm,1x32x112x112,2.424898
32,0,imagen.jpeg,5,activacion,1x32x112x112,0.801757
32,0,imagen.jpeg,6,pointwise_conv,1x32x112x112,3.755746
32,0,imagen.jpeg,7,batchnorm,1x16x112x112,0.20716
32,0,imagen.jpeg,8,pointwise_conv,1x16x112x112,12.109953
32,0,imagen.jpeg,9,batchnorm,1x96x112x112,2.293912
32,0,imagen.jpeg,10,activacion,1x96x112x112,3.565541
32,0,imagen.jpeg,11,depthwise_conv,1x96x112x112,3.263071
32,0,imagen.jpeg,12,batchnorm,1x96x56x56,0.317638
32,0,imagen.jpeg,13,activacion,1x96x56x56,1.150631
32,0,imagen.jpeg,14,pointwise_conv,1x96x56x56,4.767758
32,0,imagen.jpeg,15,batchnorm,1x24x56x56,0.073816
32,0,imagen.jpeg,16,pointwise_conv,1x24x56x56,7.162236
32,0,imagen.jpeg,17,batchnorm,1x144x56x56,0.929094
32,0,imagen.jpeg,18,activacion,1x144x56x56,1.33615
32,0,imagen.jpeg,19,depthwise_conv,1x144x56x56,4.905522
32,0,imagen.jpeg,20,batchnorm,1x144x56x56,0.946811
32,0,imagen.jpeg,21,activacion,1x144x56x56,1.705717
32,0,imagen.jpeg,22,pointwise_conv,1x144x56x56,6.428759
32,0,imagen.jpeg,23,batchnorm,1x24x56x56,0.073748
32,0,imagen.jpeg,24,layer_add,1x24x56x56,0.045243
32,0,imagen.jpeg,25,pointwise_conv,1x24x56x56,6.290681
32,0,imagen.jpeg,26,batchnorm,1x144x56x56,0.458424
32,0,imagen.jpeg,27,activacion,1x144x56x56,1.612803
32,0,imagen.jpeg,28,depthwise_conv,1x144x56x56,1.167571
32,0,imagen.jpeg,29,batchnorm,1x144x28x28,0.101295
32,0,imagen.jpeg,30,activacion,1x144x28x28,0.36365
32,0,imagen.jpeg,31,pointwise_conv,1x144x28x28,2.09337
32,0,imagen.jpeg,32,batchnorm,1x32x28x28,0.023745
32,0,imagen.jpeg,33,pointwise_conv,1x32x28x28,2.80269
32,0,imagen.jpeg,34,batchnorm,1x192x28x28,0.139876
32,0,imagen.jpeg,35,activacion,1x192x28x28,0.375886
32,0,imagen.jpeg,36,depthwise_conv,1x192x28x28,1.54146
32,0,imagen.jpeg,37,batchnorm,1x192x28x28,0.135436
32,0,imagen.jpeg,38,activacion,1x192x28x28,0.552525
32,0,imagen.jpeg,39,pointwise_conv,1x192x28x28,2.727267
32,0,imagen.jpeg,40,batchnorm,1x32x28x28,0.022847
32,0,imagen.jpeg,41,layer_add,1x32x28x28,0.026971
32,0,imagen.jpeg,42,pointwise_conv,1x32x28x28,2.999719
32,0,imagen.jpeg,43,batchnorm,1x192x28x28,0.146529
32,0,imagen.jpeg,44,activacion,1x192x28x28,0.435912
32,0,imagen.jpeg,45,depthwise_conv,1x192x28x28,1.546879
32,0,imagen.jpeg,46,batchnorm,1x192x28x28,0.13067
32,0,imagen.jpeg,47,activacion,1x192x28x28,0.531143
32,0,imagen.jpeg,48,pointwise_conv,1x192x28x28,2.649471
32,0,imagen.jpeg,49,batchnorm,1x32x28x28,0.021434
32,0,imagen.jpeg,50,layer_add,1x32x28x28,0.012996
32,0,imagen.jpeg,51,pointwise_conv,1x32x28x28,2.648911
32,0,imagen.jpeg,52,batchnorm,1x192x28x28,0.126953
32,0,imagen.jpeg,53,activacion,1x192x28x28,0.506224
32,0,imagen.jpeg,54,depthwise_conv,1x192x28x28,0.372215
32,0,imagen.jpeg,55,batchnorm,1x192x14x14,0.033126
32,0,imagen.jpeg,56,activacion,1x192x14x14,0.095886
32,0,imagen.jpeg,57,pointwise_conv,1x192x14x14,1.37302
32,0,imagen.jpeg,58,batchnorm,1x64x14x14,0.017394
32,0,imagen.jpeg,59,pointwise_conv,1x64x14x14,2.80393
32,0,imagen.jpeg,60,batchnorm,1x384x14x14,0.071099
32,0,imagen.jpeg,61,activacion,1x384x14x14,0.207604
32,0,imagen.jpeg,62,depthwise_conv,1x384x14x14,0.897627
32,0,imagen.jpeg,63,batchnorm,1x384x14x14,0.139888
32,0,imagen.jpeg,64,activacion,1x384x14x14,0.285357
32,0,imagen.jpeg,65,pointwise_conv,1x384x14x14,2.87124
32,0,imagen.jpeg,66,batchnorm,1x64x14x14,0.01319
32,0,imagen.jpeg,67,layer_add,1x64x14x14,0.007162
32,0,imagen.jpeg,68,pointwise_conv,1x64x14x14,2.877959
32,0,imagen.jpeg,69,batchnorm,1x384x14x14,0.07957
32,0,imagen.jpeg,70,activacion,1x384x14x14,0.261288
32,0,imagen.jpeg,71,depthwise_conv,1x384x14x14,0.806015
32,0,imagen.jpeg,72,batchnorm,1x384x14x14,0.107753
32,0,imagen.jpeg,73,activacion,1x384x14x14,0.264158
32,0,imagen.jpeg,74,pointwise_conv,1x384x14x14,2.880386
32,0,imagen.jpeg,75,batchnorm,1x64x14x14,0.012553
32,0,imagen.jpeg,76,layer_add,1x64x14x14,0.008198
32,0,imagen.jpeg,77,pointwise_conv,1x64x14x14,3.525937
32,0,imagen.jpeg,78,batchnorm,1x384x14x14,0.078979
32,0,imagen.jpeg,79,activacion,1x384x14x14,0.277884
32,0,imagen.jpeg,80,depthwise_conv,1x384x14x14,0.978435
32,0,imagen.jpeg,81,batchnorm,1x384x14x14,0.196108
32,0,imagen.jpeg,82,activacion,1x384x14x14,0.268651
32,0,imagen.jpeg,83,pointwise_conv,1x384x14x14,3.022081
32,0,imagen.jpeg,84,batchnorm,1x64x14x14,0.01322
32,0,imagen.jpeg,85,layer_add,1x64x14x14,0.00786
32,0,imagen.jpeg,86,pointwise_conv,1x64x14x14,3.41398
32,0,imagen.jpeg,87,batchnorm,1x384x14x14,0.099401
32,0,imagen.jpeg,88,activacion,1x384x14x14,0.302414
32,0,imagen.jpeg,89,depthwise_conv,1x384x14x14,0.8934
32,0,imagen.jpeg,90,batchnorm,1x384x14x14,0.07874
32,0,imagen.jpeg,91,activacion,1x384x14x14,0.272202
32,0,imagen.jpeg,92,pointwise_conv,1x384x14x14,4.989751
32,0,imagen.jpeg,93,batchnorm,1x96x14x14,0.035025
32,0,imagen.jpeg,94,pointwise_conv,1x96x14x14,7.624409
32,0,imagen.jpeg,95,batchnorm,1x576x14x14,0.178341
32,0,imagen.jpeg,96,activacion,1x576x14x14,0.426526
32,0,imagen.jpeg,97,depthwise_conv,1x576x14x14,1.321884
32,0,imagen.jpeg,98,batchnorm,1x576x14x14,0.214262
32,0,imagen.jpeg,99,activacion,1x576x14x14,0.391188
32,0,imagen.jpeg,100,pointwise_conv,1x576x14x14,7.881782
32,0,imagen.jpeg,101,batchnorm,1x96x14x14,0.022292
32,0,imagen.jpeg,102,layer_add,1x96x14x14,0.016463
32,0,imagen.jpeg,103,pointwise_conv,1x96x14x14,7.81488
32,0,imagen.jpeg,104,batchnorm,1x576x14x14,0.125713
32,0,imagen.jpeg,105,activacion,1x576x14x14,0.418247
32,0,imagen.jpeg,106,depthwise_conv,1x576x14x14,1.286805
32,0,imagen.jpeg,107,batchnorm,1x576x14x14,0.182601
32,0,imagen.jpeg,108,activacion,1x576x14x14,0.348039
32,0,imagen.jpeg,109,pointwise_conv,1x576x14x14,7.545426
32,0,imagen.jpeg,110,batchnorm,1x96x14x14,0.022606
32,0,imagen.jpeg,111,layer_add,1x96x14x14,0.018766
32,0,imagen.jpeg,112,pointwise_conv,1x96x14x14,7.618819
32,0,imagen.jpeg,113,batchnorm,1x576x14x14,0.127131
32,0,imagen.jpeg,114,activacion,1x576x14x14,0.369922
32,0,imagen.jpeg,115,depthwise_conv,1x576x14x14,0.306451
32,0,imagen.jpeg,116,batchnorm,1x576x7x7,0.034555
32,0,imagen.jpeg,117,activacion,1x576x7x7,0.074617
32,0,imagen.jpeg,118,pointwise_conv,1x576x7x7,2.757412
32,0,imagen.jpeg,119,batchnorm,1x160x7x7,0.008811
32,0,imagen.jpeg,120,pointwise_conv,1x160x7x7,4.697914
32,0,imagen.jpeg,121,batchnorm,1x960x7x7,0.052308
32,0,imagen.jpeg,122,activacion,1x960x7x7,0.171595
32,0,imagen.jpeg,123,depthwise_conv,1x960x7x7,0.490911
32,0,imagen.jpeg,124,batchnorm,1x960x7x7,0.049969
32,0,imagen.jpeg,125,activacion,1x960x7x7,0.158314
32,0,imagen.jpeg,126,pointwise_conv,1x960x7x7,5.181706
32,0,imagen.jpeg,127,batchnorm,1x160x7x7,0.009696
32,0,imagen.jpeg,128,layer_add,1x160x7x7,0.00727
32,0,imagen.jpeg,129,pointwise_conv,1x160x7x7,4.91514
32,0,imagen.jpeg,130,batchnorm,1x960x7x7,0.095165
32,0,imagen.jpeg,131,activacion,1x960x7x7,0.207472
32,0,imagen.jpeg,132,depthwise_conv,1x960x7x7,0.56621
32,0,imagen.jpeg,133,batchnorm,1x960x7x7,0.065952
32,0,imagen.jpeg,134,activacion,1x960x7x7,0.145169
32,0,imagen.jpeg,135,pointwise_conv,1x960x7x7,5.118835
32,0,imagen.jpeg,136,batchnorm,1x160x7x7,0.009363
32,0,imagen.jpeg,137,layer_add,1x160x7x7,0.005008
32,0,imagen.jpeg,138,pointwise_conv,1x160x7x7,6.085201
32,0,imagen.jpeg,139,batchnorm,1x960x7x7,0.088838
32,0,imagen.jpeg,140,activacion,1x960x7x7,0.134643
32,0,imagen.jpeg,141,depthwise_conv,1x960x7x7,0.489967
32,0,imagen.jpeg,142,batchnorm,1x960x7x7,0.055966
32,0,imagen.jpeg,143,activacion,1x960x7x7,0.113396
32,0,imagen.jpeg,144,pointwise_conv,1x960x7x7,10.625435
32,0,imagen.jpeg,145,batchnorm,1x320x7x7,0.018846
32,0,imagen.jpeg,146,pointwise_conv,1x320x7x7,16.459065
32,0,imagen.jpeg,147,batchnorm,1x1280x7x7,0.06976
32,0,imagen.jpeg,148,activacion,1x1280x7x7,0.208207
32,0,imagen.jpeg,149,pooling,1x1280x7x7,0.045862
32,0,imagen.jpeg,150,linear,1x1280,1.632799
33,0,imagen.jpeg,0,conv2d,1x3x224x224,19.246078
33,0,imagen.jpeg,1,batchnorm,1x32x112x112,0.614885
33,0,imagen.jpeg,2,activacion,1x32x112x112,0.740686
33,0,imagen.jpeg,3,depthwise_conv,1x32x112x112,4.623335
33,0,imagen.jpeg,4,batchnorm,1x32x112x112,2.887187
33,0,imagen.jpeg,5,activacion,1x32x112x112,0.850468
33,0,imagen.jpeg,6,pointwise_conv,1x32x112x112,6.483907
33,0,imagen.jpeg,7,batchnorm,1x16x112x112,0.270832
33,0,imagen.jpeg,8,pointwise_conv,1x16x112x112,15.501242
33,0,imagen.jpeg,9,batchnorm,1x96x112x112,2.547014
33,0,imagen.jpeg,10,activacion,1x96x112x112,3.807436
33,0,imagen.jpeg,11,depthwise_conv,1x96x112x112,3.725547
33,0,imagen.jpeg,12,batchnorm,1x96x56x56,0.326444
33,0,imagen.jpeg,13,activacion,1x96x56x56,1.169265
33,0,imagen.jpeg,14,pointwise_conv,1x96x56x56,6.211791
33,0,imagen.jpeg,15,batchnorm,1x24x56x56,0.077012
33,0,imagen.jpeg,16,pointwise_conv,1x24x56x56,8.338297
33,0,imagen.jpeg,17,batchnorm,1x144x56x56,1.068965
33,0,imagen.jpeg,18,activacion,1x144x56x56,1.49207
33,0,imagen.jpeg,19,depthwise_conv,1x144x56x56,5.32912
33,0,imagen.jpeg,20,batchnorm,1x144x56x56,1.101008
33,0,imagen.jpeg,21,activacion,1x144x56x56,1.798025
33,0,imagen.jpeg,22,pointwise_conv,1x144x56x56,8.75628
33,0,imagen.jpeg,23,batchnorm,1x24x56x56,0.097442
33,0,imagen.jpeg,24,layer_add,1x24x56x56,0.10051
33,0,imagen.jpeg,25,pointwise_conv,1x24x56x56,7.919212
33,0,imagen.jpeg,26,batchnorm,1x144x56x56,0.510994
33,0,imagen.jpeg,27,activacion,1x144x56x56,1.970443
33,0,imagen.jpeg,28,depthwise_conv,1x144x56x56,2.02941
33,0,imagen.jpeg,29,batchnorm,1x144x28x28,0.198203
33,0,imagen.jpeg,30,activacion,1x144x28x28,0.531186
33,0,imagen.jpeg,31,pointwise_conv,1x144x28x28,4.651805
33,0,imagen.jpeg,32,batchnorm,1x32x28x28,0.052908
33,0,imagen.jpeg,33,pointwise_conv,1x32x28x28,5.25281
33,0,imagen.jpeg,34,batchnorm,1x192x28x28,0.161783
33,0,imagen.jpeg,35,activacion,1x192x28x28,0.4254
33,0,imagen.jpeg,36,depthwise_conv,1x192x28x28,2.057913
33,0,imagen.jpeg,37,batchnorm,1x192x28x28,0.228836
33,0,imagen.jpeg,38,activacion,1x192x28x28,0.69953
33,0,imagen.jpeg,39,pointwise_conv,1x192x28x28,3.788198
33,0,imagen.jpeg,40,batchnorm,1x32x28x28,0.030979
33,0,imagen.jpeg,41,layer_add,1x32x28x28,0.022538
33,0,imagen.jpeg,42,pointwise_conv,1x32x28x28,3.321857
33,0,imagen.jpeg,43,batchnorm,1x192x28x28,0.160582
33,0,imagen.jpeg,44,activacion,1x192x28x28,0.496959
33,0,imagen.jpeg,45,depthwise_conv,1x192x28x28,1.66336
33,0,imagen.jpeg,46,batchnorm,1x192x28x28,0.145847
33,0,imagen.jpeg,47,activacion,1x192x28x28,0.570289
33,0,imagen.jpeg,48,pointwise_conv,1x192x28x28,2.966229
33,0,imagen.jpeg,49,batchnorm,1x32x28x28,0.038175
33,0,imagen.jpeg,50,layer_add,1x32x28x28,0.038151
33,0,imagen.jpeg,51,pointwise_conv,1x32x28x28,3.6422
33,0,imagen.jpeg,52,batchnorm,1x192x28x28,0.165272
33,0,imagen.jpeg,53,activacion,1x192x28x28,0.560058
33,0,imagen.jpeg,54,depthwise_conv,1x192x28x28,0.429643
33,0,imagen.jpeg,55,batchnorm,1x192x14x14,0.038163
33,0,imagen.jpeg,56,activacion,1x192x14x14,0.110179
33,0,imagen.jpeg,57,pointwise_conv,1x192x14x14,1.633455
33,0,imagen.jpeg,58,batchnorm,1x64x14x14,0.013597
33,0,imagen.jpeg,59,pointwise_conv,1x64x14x14,3.054145
33,0,imagen.jpeg,60,batchnorm,1x384x14x14,0.107632
33,0,imagen.jpeg,61,activacion,1x384x14x14,0.228188
33,0,imagen.jpeg,62,depthwise_conv,1x384x14x14,0.864694
33,0,imagen.jpeg,63,batchnorm,1x384x14x14,0.076707
33,0,imagen.jpeg,64,activacion,1x384x14x14,0.297121
33,0,imagen.jpeg,65,pointwise_conv,1x384x14x14,3.014519
33,0,imagen.jpeg,66,batchnorm,1x64x14x14,0.013114
33,0,imagen.jpeg,67,layer_add,1x64x14x14,0.007607
33,0,imagen.jpeg,68,pointwise_conv,1x64x14x14,4.087609
33,0,imagen.jpeg,69,batchnorm,1x384x14x14,0.121554
33,0,imagen.jpeg,70,activacion,1x384x14x14,0.272687
33,0,imagen.jpeg,71,depthwise_conv,1x384x14x14,1.07163
33,0,imagen.jpeg,72,batchnorm,1x384x14x14,0.118028
33,0,imagen.jpeg,73,activacion,1x384x14x14,0.286893
33,0,imagen.jpeg,74,pointwise_conv,1x384x14x14,3.070523
33,0,imagen.jpeg,75,batchnorm,1x64x14x14,0.014624
33,0,imagen.jpeg,76,layer_add,1x64x14x14,0.009254
33,0,imagen.jpeg,77,pointwise_conv,1x64x14x14,3.429022
33,0,imagen.jpeg,78,batchnorm,1x384x14x14,0.083866
33,0,imagen.jpeg,79,activacion,1x384x14x14,0.318718
33,0,imagen.jpeg,80,depthwise_conv,1x384x14x14,0.864142
33,0,imagen.jpeg,81,batchnorm,1x384x14x14,0.163446
33,0,imagen.jpeg,82,activacion,1x384x14x14,0.2591
33,0,imagen.jpeg,83,pointwise_conv,1x384x14x14,3.157735
33,0,imagen.jpeg,84,batchnorm,1x64x14x14,0.030003
33,0,imagen.jpeg,85,layer_add,1x64x14x14,0.011521
33,0,imagen.jpeg,86,pointwise_conv,1x64x14x14,3.274778
33,0,imagen.jpeg,87,batchnorm,1x384x14x14,0.082251
33,0,imagen.jpeg,88,activacion,1x384x14x14,0.295162
33,0,imagen.jpeg,89,depthwise_conv,1x384x14x14,0.875394
33,0,imagen.jpeg,90,batchnorm,1x384x14x14,0.082009
33,0,imagen.jpeg,91,activacion,1x384x14x14,0.272842
33,0,imagen.jpeg,92,pointwise_conv,1x384x14x14,4.759284
33,0,imagen.jpeg,93,batchnorm,1x96x14x14,0.032495
33,0,imagen.jpeg,94,pointwise_conv,1x96x14x14,7.507537
33,0,imagen.jpeg,95,batchnorm,1x576x14x14,0.130708
33,0,imagen.jpeg,96,activacion,1x576x14x14,0.439801
33,0,imagen.jpeg,97,depthwise_conv,1x576x14x14,1.994487
33,0,imagen.jpeg,98,batchnorm,1x576x14x14,0.223887
33,0,imagen.jpeg,99,activacion,1x576x14x14,0.381908
33,0,imagen.jpeg,100,pointwise_conv,1x576x14x14,7.332544
33,0,imagen.jpeg,101,batchnorm,1x96x14x14,0.025211
33,0,imagen.jpeg,102,layer_add,1x96x14x14,0.011329
33,0,imagen.jpeg,103,pointwise_conv,1x96x14x14,7.764824
33,0,imagen.jpeg,104,batchnorm,1x576x14x14,0.132191
33,0,imagen.jpeg,105,activacion,1x576x14x14,0.422278
33,0,imagen.jpeg,106,depthwise_conv,1x576x14x14,1.304604
33,0,imagen.jpeg,107,batchnorm,1x576x14x14,0.190591
33,0,imagen.jpeg,108,activacion,1x576x14x14,0.342
33,0,imagen.jpeg,109,pointwise_conv,1x576x14x14,7.116896
33,0,imagen.jpeg,110,batchnorm,1x96x14x14,0.019695
33,0,imagen.jpeg,111,layer_add,1x96x14x14,0.014146
33,0,imagen.jpeg,112,pointwise_conv,1x96x14x14,7.951477
33,0,imagen.jpeg,113,batchnorm,1x576x14x14,0.126575
33,0,imagen.jpeg,114,activacion,1x576x14x14,0.360684
33,0,imagen.jpeg,115,depthwise_conv,1x576x14x14,0.306411
33,0,imagen.jpeg,116,batchnorm,1x576x7x7,0.034597
33,0,imagen.jpeg,117,activacion,1x576x7x7,0.082007
33,0,imagen.jpeg,118,pointwise_conv,1x576x7x7,2.745763
33,0,imagen.jpeg,119,batchnorm,1x160x7x7,0.008426
33,0,imagen.jpeg,120,pointwise_conv,1x160x7x7,4.88424
33,0,imagen.jpeg,121,batchnorm,1x960x7x7,0.051872
33,0,imagen.jpeg,122,activacion,1x960x7x7,0.173102
33,0,imagen.jpeg,123,depthwise_conv,1x960x7x7,0.487712
33,0,imagen.jpeg,124,batchnorm,1x960x7x7,0.049253
33,0,imagen.jpeg,125,activacion,1x960x7x7,0.161109
33,0,imagen.jpeg,126,pointwise_conv,1x960x7x7,4.907802
33,0,imagen.jpeg,127,batchnorm,1x160x7x7,0.009091
33,0,imagen.jpeg,128,layer_add,1x160x7x7,0.004728
33,0,imagen.jpeg,129,pointwise_conv,1x160x7x7,4.595436
33,0,imagen.jpeg,130,batchnorm,1x960x7x7,0.0502
33,0,imagen.jpeg,131,activacion,1x960x7x7,0.162988
33,0,imagen.jpeg,132,depthwise_conv,1x960x7x7,0.490773
33,0,imagen.jpeg,133,batchnorm,1x960x7x7,0.062354
33,0,imagen.jpeg,134,activacion,1x960x7x7,0.142696
33,0,imagen.jpeg,135,pointwise_conv,1x960x7x7,5.294449
33,0,imagen.jpeg,136,batchnorm,1x160x7x7,0.008879
33,0,imagen.jpeg,137,layer_add,1x160x7x7,0.007747
33,0,imagen.jpeg,138,pointwise_conv,1x160x7x7,5.457833
33,0,imagen.jpeg,139,batchnorm,1x960x7x7,0.054732
33,0,imagen.jpeg,140,activacion,1x960x7x7,0.14347
33,0,imagen.jpeg,141,depthwise_conv,1x960x7x7,0.546613
33,0,imagen.jpeg,142,batchnorm,1x960x7x7,0.056391
33,0,imagen.jpeg,143,activacion,1x960x7x7,0.101371
33,0,imagen.jpeg,144,pointwise_conv,1x960x7x7,9.892682
33,0,imagen.jpeg,145,batchnorm,1x320x7x7,0.019879
33,0,imagen.jpeg,146,pointwise_conv,1x320x7x7,13.081332
33,0,imagen.jpeg,147,batchnorm,1x1280x7x7,0.084429
33,0,imagen.jpeg,148,activacion,1x1280x7x7,0.214464
33,0,imagen.jpeg,149,pooling,1x1280x7x7,0.047267
33,0,imagen.jpeg,150,linear,1x1280,1.596209
34,0,imagen.jpeg,0,conv2d,1x3x224x224,18.570308
34,0,imagen.jpeg,1,batchnorm,1x32x112x112,0.467765
34,0,imagen.jpeg,2,activacion,1x32x112x112,0.755487
34,0,imagen.jpeg,3,depthwise_conv,1x32x112x112,4.676438
34,0,imagen.jpeg,4,batchnorm,1x32x112x112,2.739021
34,0,imagen.jpeg,5,activacion,1x32x112x112,1.048489
34,0,imagen.jpeg,6,pointwise_conv,1x32x112x112,4.694686
34,0,imagen.jpeg,7,batchnorm,1x16x112x112,0.217966
34,0,imagen.jpeg,8,pointwise_conv,1x16x112x112,13.729825
34,0,imagen.jpeg,9,batchnorm,1x96x112x112,2.538762
34,0,imagen.jpeg,10,activacion,1x96x112x112,3.875835
34,0,imagen.jpeg,11,depthwise_conv,1x96x112x112,3.507718
34,0,imagen.jpeg,12,batchnorm,1x96x56x56,0.322145
34,0,imagen.jpeg,13,activacion,1x96x56x56,1.151331
34,0,imagen.jpeg,14,pointwise_conv,1x96x56x56,5.729695
34,0,imagen.jpeg,15,batchnorm,1x24x56x56,0.116176
34,0,imagen.jpeg,16,pointwise_conv,1x24x56x56,7.641088
34,0,imagen.jpeg,17,batchnorm,1x144x56x56,1.018376
34,0,imagen.jpeg,18,activacion,1x144x56x56,1.415473
34,0,imagen.jpeg,19,depthwise_conv,1x144x56x56,5.749659
34,0,imagen.jpeg,20,batchnorm,1x144x56x56,1.13894
34,0,imagen.jpeg,21,activacion,1x144x56x56,1.862801
34,0,imagen.jpeg,22,pointwise_conv,1x144x56x56,7.596751
34,0,imagen.jpeg,23,batchnorm,1x24x56x56,0.078038
34,0,imagen.jpeg,24,layer_add,1x24x56x56,0.049971
34,0,imagen.jpeg,25,pointwise_conv,1x24x56x56,7.367048
34,0,imagen.jpeg,26,batchnorm,1x144x56x56,0.56707
34,0,imagen.jpeg,27,activacion,1x144x56x56,1.715775
34,0,imagen.jpeg,28,depthwise_conv,1x144x56x56,1.483733
34,0,imagen.jpeg,29,batchnorm,1x144x28x28,0.118614
34,0,imagen.jpeg,30,activacion,1x144x28x28,0.408247
34,0,imagen.jpeg,31,pointwise_conv,1x144x28x28,2.4492
34,0,imagen.jpeg,32,batchnorm,1x32x28x28,0.025393
34,0,imagen.jpeg,33,pointwise_conv,1x32x28x28,3.005163
34,0,imagen.jpeg,34,batchnorm,1x192x28x28,0.199441
34,0,imagen.jpeg,35,activacion,1x192x28x28,0.445792
34,0,imagen.jpeg,36,depthwise_conv,1x192x28x28,1.92551
34,0,imagen.jpeg,37,batchnorm,1x192x28x28,0.182318
34,0,imagen.jpeg,38,activacion,1x192x28x28,0.597713
34,0,imagen.jpeg,39,pointwise_conv,1x192x28x28,3.246072
34,0,imagen.jpeg,40,batchnorm,1x32x28x28,0.027335
34,0,imagen.jpeg,41,layer_add,1x32x28x28,0.020621
34,0,imagen.jpeg,42,pointwise_conv,1x32x28x28,3.633222
34,0,imagen.jpeg,43,batchnorm,1x192x28x28,0.167618
34,0,imagen.jpeg,44,activacion,1x192x28x28,0.50385
34,0,imagen.jpeg,45,depthwise_conv,1x192x28x28,1.690722
34,0,imagen.jpeg,46,batchnorm,1x192x28x28,0.160752
34,0,imagen.jpeg,47,activacion,1x192x28x28,0.568501
34,0,imagen.jpeg,48,pointwise_conv,1x192x28x28,4.498668
34,0,imagen.jpeg,49,batchnorm,1x32x28x28,0.038051
34,0,imagen.jpeg,50,layer_add,1x32x28x28,0.028179
34,0,imagen.jpeg,51,pointwise_conv,1x32x28x28,4.949444
34,0,imagen.jpeg,52,batchnorm,1x192x28x28,0.161715
34,0,imagen.jpeg,53,activacion,1x192x28x28,0.553443
34,0,imagen.jpeg,54,depthwise_conv,1x192x28x28,0.433753
34,0,imagen.jpeg,55,batchnorm,1x192x14x14,0.038335
34,0,imagen.jpeg,56,activacion,1x192x14x14,0.110674
34,0,imagen.jpeg,57,pointwise_conv,1x192x14x14,1.518026
34,0,imagen.jpeg,58,batchnorm,1x64x14x14,0.013099
34,0,imagen.jpeg,59,pointwise_conv,1x64x14x14,3.085527
34,0,imagen.jpeg,60,batchnorm,1x384x14x14,0.080049
34,0,imagen.jpeg,61,activacion,1x384x14x14,0.219314
34,0,imagen.jpeg,62,depthwise_conv,1x384x14x14,0.859752
34,0,imagen.jpeg,63,batchnorm,1x384x14x14,0.075181
34,0,imagen.jpeg,64,activacion,1x384x14x14,0.303661
34,0,imagen.jpeg,65,pointwise_conv,1x384x14x14,4.642921
34,0,imagen.jpeg,66,batchnorm,1x64x14x14,0.022201
34,0,imagen.jpeg,67,layer_add,1x64x14x14,0.011878
34,0,imagen.jpeg,68,pointwise_conv,1x64x14x14,5.293782
34,0,imagen.jpeg,69,batchnorm,1x384x14x14,0.081311
34,0,imagen.jpeg,70,activacion,1x384x14x14,0.267123
34,0,imagen.jpeg,71,depthwise_conv,1x384x14x14,0.864686
34,0,imagen.jpeg,72,batchnorm,1x384x14x14,0.109033
34,0,imagen.jpeg,73,activacion,1x384x14x14,0.283425
34,0,imagen.jpeg,74,pointwise_conv,1x384x14x14,3.065515
34,0,imagen.jpeg,75,batchnorm,1x64x14x14,0.013045
34,0,imagen.jpeg,76,layer_add,1x64x14x14,0.008302
34,0,imagen.jpeg,77,pointwise_conv,1x64x14x14,3.227827
34,0,imagen.jpeg,78,batchnorm,1x384x14x14,0.130149
34,0,imagen.jpeg,79,activacion,1x384x14x14,0.363228
34,0,imagen.jpeg,80,depthwise_conv,1x384x14x14,1.397525
34,0,imagen.jpeg,81,batchnorm,1x384x14x14,0.217894
34,0,imagen.jpeg,82,activacion,1x384x14x14,0.327427
34,0,imagen.jpeg,83,pointwise_conv,1x384x14x14,5.413022
34,0,imagen.jpeg,84,batchnorm,1x64x14x14,0.018882
34,0,imagen.jpeg,85,layer_add,1x64x14x14,0.011631
34,0,imagen.jpeg,86,pointwise_conv,1x64x14x14,3.093754
34,0,imagen.jpeg,87,batchnorm,1x384x14x14,0.080536
34,0,imagen.jpeg,88,activacion,1x384x14x14,0.290551
34,0,imagen.jpeg,89,depthwise_conv,1x384x14x14,0.85467
34,0,imagen.jpeg,90,batchnorm,1x384x14x14,0.075441
34,0,imagen.jpeg,91,activacion,1x384x14x14,0.272339
34,0,imagen.jpeg,92,pointwise_conv,1x384x14x14,4.755353
34,0,imagen.jpeg,93,batchnorm,1x96x14x14,0.021987
34,0,imagen.jpeg,94,pointwise_conv,1x96x14x14,6.676048
34,0,imagen.jpeg,95,batchnorm,1x576x14x14,0.121989
34,0,imagen.jpeg,96,activacion,1x576x14x14,0.393985
34,0,imagen.jpeg,97,depthwise_conv,1x576x14x14,1.219464
34,0,imagen.jpeg,98,batchnorm,1x576x14x14,0.205524
34,0,imagen.jpeg,99,activacion,1x576x14x14,0.360921
34,0,imagen.jpeg,100,pointwise_conv,1x576x14x14,6.542397
34,0,imagen.jpeg,101,batchnorm,1x96x14x14,0.019808
34,0,imagen.jpeg,102,layer_add,1x96x14x14,0.011789
34,0,imagen.jpeg,103,pointwise_conv,1x96x14x14,6.477257
34,0,imagen.jpeg,104,batchnorm,1x576x14x14,0.111597
34,0,imagen.jpeg,105,activacion,1x576x14x14,0.391241
34,0,imagen.jpeg,106,depthwise_conv,1x576x14x14,1.189802
34,0,imagen.jpeg,107,batchnorm,1x576x14x14,0.161241
34,0,imagen.jpeg,108,activacion,1x576x14x14,0.37176
34,0,imagen.jpeg,109,pointwise_conv,1x576x14x14,6.250189
34,0,imagen.jpeg,110,batchnorm,1x96x14x14,0.030414
34,0,imagen.jpeg,111,layer_add,1x96x14x14,0.017197
34,0,imagen.jpeg,112,pointwise_conv,1x96x14x14,6.112874
34,0,imagen.jpeg,113,batchnorm,1x576x14x14,0.111461
34,0,imagen.jpeg,114,activacion,1x576x14x14,0.332937
34,0,imagen.jpeg,115,depthwise_conv,1x576x14x14,0.27408
34,0,imagen.jpeg,116,batchnorm,1x576x7x7,0.031338
34,0,imagen.jpeg,117,activacion,1x576x7x7,0.066581
34,0,imagen.jpeg,118,pointwise_conv,1x576x7x7,2.519061
34,0,imagen.jpeg,119,batchnorm,1x160x7x7,0.007518
34,0,imagen.jpeg,120,pointwise_conv,1x160x7x7,4.213473
34,0,imagen.jpeg,121,batchnorm,1x960x7x7,0.04589
34,0,imagen.jpeg,122,activacion,1x960x7x7,0.148551
34,0,imagen.jpeg,123,depthwise_conv,1x960x7x7,0.44504
34,0,imagen.jpeg,124,batchnorm,1x960x7x7,0.043889
34,0,imagen.jpeg,125,activacion,1x960x7x7,0.142237
34,0,imagen.jpeg,126,pointwise_conv,1x960x7x7,4.590105
34,0,imagen.jpeg,127,batchnorm,1x160x7x7,0.009195
34,0,imagen.jpeg,128,layer_add,1x160x7x7,0.005029
34,0,imagen.jpeg,129,pointwise_conv,1x160x7x7,4.161593
34,0,imagen.jpeg,130,batchnorm,1x960x7x7,0.045497
34,0,imagen.jpeg,131,activacion,1x960x7x7,0.143167
34,0,imagen.jpeg,132,depthwise_conv,1x960x7x7,0.44376
34,0,imagen.jpeg,133,batchnorm,1x960x7x7,0.055813
34,0,imagen.jpeg,134,activacion,1x960x7x7,0.1273
34,0,imagen.jpeg,135,pointwise_conv,1x960x7x7,4.719337
34,0,imagen.jpeg,136,batchnorm,1x160x7x7,0.012107
34,0,imagen.jpeg,137,layer_add,1x160x7x7,0.006954
34,0,imagen.jpeg,138,pointwise_conv,1x160x7x7,6.20581
34,0,imagen.jpeg,139,batchnorm,1x960x7x7,0.078044
34,0,imagen.jpeg,140,activacion,1x960x7x7,0.162566
34,0,imagen.jpeg,141,depthwise_conv,1x960x7x7,0.782276
34,0,imagen.jpeg,142,batchnorm,1x960x7x7,0.098161
34,0,imagen.jpeg,143,activacion,1x960x7x7,0.118968
34,0,imagen.jpeg,144,pointwise_conv,1x960x7x7,8.955644
34,0,imagen.jpeg,145,batchnorm,1x320x7x7,0.016371
34,0,imagen.jpeg,146,pointwise_conv,1x320x7x7,11.448893
34,0,imagen.jpeg,147,batchnorm,1x1280x7x7,0.061309
34,0,imagen.jpeg,148,activacion,1x1280x7x7,0.208007
34,0,imagen.jpeg,149,pooling,1x1280x7x7,0.040479
34,0,imagen.jpeg,150,linear,1x1280,1.4406
35,0,imagen.jpeg,0,conv2d,1x3x224x224,19.78507
35,0,imagen.jpeg,1,batchnorm,1x32x112x112,0.460521
35,0,imagen.jpeg,2,activacion,1x32x112x112,0.721044
35,0,imagen.jpeg,3,depthwise_conv,1x32x112x112,4.343766
35,0,imagen.jpeg,4,batchnorm,1x32x112x112,2.557335
35,0,imagen.jpeg,5,activacion,1x32x112x112,0.803268
35,0,imagen.jpeg,6,pointwise_conv,1x32x112x112,5.263856
35,0,imagen.jpeg,7,batchnorm,1x16x112x112,0.307149
35,0,imagen.jpeg,8,pointwise_conv,1x16x112x112,15.795901
35,0,imagen.jpeg,9,batchnorm,1x96x112x112,2.274603
35,0,imagen.jpeg,10,activacion,1x96x112x112,3.758769
35,0,imagen.jpeg,11,depthwise_conv,1x96x112x112,3.43962
35,0,imagen.jpeg,12,batchnorm,1x96x56x56,0.310183
35,0,imagen.jpeg,13,activacion,1x96x56x56,1.108266
35,0,imagen.jpeg,14,pointwise_conv,1x96x56x56,4.843606
35,0,imagen.jpeg,15,batchnorm,1x24x56x56,0.079124
35,0,imagen.jpeg,16,pointwise_conv,1x24x56x56,7.473985
35,0,imagen.jpeg,17,batchnorm,1x144x56x56,1.010435
35,0,imagen.jpeg,18,activacion,1x144x56x56,1.410864
35,0,imagen.jpeg,19,depthwise_conv,1x144x56x56,5.543094
35,0,imagen.jpeg,20,batchnorm,1x144x56x56,1.072988
35,0,imagen.jpeg,21,activacion,1x144x56x56,1.803562
35,0,imagen.jpeg,22,pointwise_conv,1x144x56x56,6.822648
35,0,imagen.jpeg,23,batchnorm,1x24x56x56,0.076401
35,0,imagen.jpeg,24,layer_add,1x24x56x56,0.047449
35,0,imagen.jpeg,25,pointwise_conv,1x24x56x56,6.886469
35,0,imagen.jpeg,26,batchnorm,1x144x56x56,0.562811
35,0,imagen.jpeg,27,activacion,1x144x56x56,1.710388
35,0,imagen.jpeg,28,depthwise_conv,1x144x56x56,1.325459
35,0,imagen.jpeg,29,batchnorm,1x144x28x28,0.123509
35,0,imagen.jpeg,30,activacion,1x144x28x28,0.396143
35,0,imagen.jpeg,31,pointwise_conv,1x144x28x28,2.242908
35,0,imagen.jpeg,32,batchnorm,1x32x28x28,0.025264
35,0,imagen.jpeg,33,pointwise_conv,1x32x28x28,2.993605
35,0,imagen.jpeg,34,batchnorm,1x192x28x28,0.1587
35,0,imagen.jpeg,35,activacion,1x192x28x28,0.41854
35,0,imagen.jpeg,36,depthwise_conv,1x192x28x28,1.701972
35,0,imagen.jpeg,37,batchnorm,1x192x28x28,0.15467
35,0,imagen.jpeg,38,activacion,1x192x28x28,0.585987
35,0,imagen.jpeg,39,pointwise_conv,1x192x28x28,3.11624
35,0,imagen.jpeg,40,batchnorm,1x32x28x28,0.026505
35,0,imagen.jpeg,41,layer_add,1x32x28x28,0.016114
35,0,imagen.jpeg,42,pointwise_conv,1x32x28x28,3.14731
35,0,imagen.jpeg,43,batchnorm,1x192x28x28,0.162814
35,0,imagen.jpeg,44,activacion,1x192x28x28,0.494319
35,0,imagen.jpeg,45,depthwise_conv,1x192x28x28,1.677196
35,0,imagen.jpeg,46,batchnorm,1x192x28x28,0.148161
35,0,imagen.jpeg,47,activacion,1x192x28x28,0.572154
35,0,imagen.jpeg,48,pointwise_conv,1x192x28x28,3.043245
35,0,imagen.jpeg,49,batchnorm,1x32x28x28,0.02553
35,0,imagen.jpeg,50,layer_add,1x32x28x28,0.015247
35,0,imagen.jpeg,51,pointwise_conv,1x32x28x28,2.995958
35,0,imagen.jpeg,52,batchnorm,1x192x28x28,0.155686
35,0,imagen.jpeg,53,activacion,1x192x28x28,0.573983
35,0,imagen.jpeg,54,depthwise_conv,1x192x28x28,0.427207
35,0,imagen.jpeg,55,batchnorm,1x192x14x14,0.040265
35,0,imagen.jpeg,56,activacion,1x192x14x14,0.110247
35,0,imagen.jpeg,57,pointwise_conv,1x192x14x14,1.626936
35,0,imagen.jpeg,58,batchnorm,1x64x14x14,0.015544
35,0,imagen.jpeg,59,pointwise_conv,1x64x14x14,3.215214
35,0,imagen.jpeg,60,batchnorm,1x384x14x14,0.082041
35,0,imagen.jpeg,61,activacion,1x384x14x14,0.221199
35,0,imagen.jpeg,62,depthwise_conv,1x384x14x14,0.876642
35,0,imagen.jpeg,63,batchnorm,1x384x14x14,0.079598
35,0,imagen.jpeg,64,activacion,1x384x14x14,0.298647
35,0,imagen.jpeg,65,pointwise_conv,1x384x14x14,3.025136
35,0,imagen.jpeg,66,batchnorm,1x64x14x14,0.01295
35,0,imagen.jpeg,67,layer_add,1x64x14x14,0.007332
35,0,imagen.jpeg,68,pointwise_conv,1x64x14x14,3.052684
35,0,imagen.jpeg,69,batchnorm,1x384x14x14,0.08067
35,0,imagen.jpeg,70,activacion,1x384x14x14,0.267988
35,0,imagen.jpeg,71,depthwise_conv,1x384x14x14,0.870176
35,0,imagen.jpeg,72,batchnorm,1x384x14x14,0.109673
35,0,imagen.jpeg,73,activacion,1x384x14x14,0.280757
35,0,imagen.jpeg,74,pointwise_conv,1x384x14x14,3.118297
35,0,imagen.jpeg,75,batchnorm,1x64x14x14,0.016979
35,0,imagen.jpeg,76,layer_add,1x64x14x14,0.009872
35,0,imagen.jpeg,77,pointwise_conv,1x64x14x14,3.291123
35,0,imagen.jpeg,78,batchnorm,1x384x14x14,0.08287
35,0,imagen.jpeg,79,activacion,1x384x14x14,0.290753
35,0,imagen.jpeg,80,depthwise_conv,1x384x14x14,0.873224
35,0,imagen.jpeg,81,batchnorm,1x384x14x14,0.164697
35,0,imagen.jpeg,82,activacion,1x384x14x14,0.265482
35,0,imagen.jpeg,83,pointwise_conv,1x384x14x14,3.032465
35,0,imagen.jpeg,84,batchnorm,1x64x14x14,0.012881
35,0,imagen.jpeg,85,layer_add,1x64x14x14,0.007513
35,0,imagen.jpeg,86,pointwise_conv,1x64x14x14,3.050584
35,0,imagen.jpeg,87,batchnorm,1x384x14x14,0.076082
35,0,imagen.jpeg,88,activacion,1x384x14x14,0.290341
35,0,imagen.jpeg,89,depthwise_conv,1x384x14x14,0.863782
35,0,imagen.jpeg,90,batchnorm,1x384x14x14,0.074872
35,0,imagen.jpeg,91,activacion,1x384x14x14,0.274759
35,0,imagen.jpeg,92,pointwise_conv,1x384x14x14,5.101012
35,0,imagen.jpeg,93,batchnorm,1x96x14x14,0.032141
35,0,imagen.jpeg,94,pointwise_conv,1x96x14x14,6.963205
35,0,imagen.jpeg,95,batchnorm,1x576x14x14,0.124244
35,0,imagen.jpeg,96,activacion,1x576x14x14,0.422849
35,0,imagen.jpeg,97,depthwise_conv,1x576x14x14,1.295839
35,0,imagen.jpeg,98,batchnorm,1x576x14x14,0.197443
35,0,imagen.jpeg,99,activacion,1x576x14x14,0.37631
35,0,imagen.jpeg,100,pointwise_conv,1x576x14x14,7.342284
35,0,imagen.jpeg,101,batchnorm,1x96x14x14,0.022013
35,0,imagen.jpeg,102,layer_add,1x96x14x14,0.01537
35,0,imagen.jpeg,103,pointwise_conv,1x96x14x14,7.319124
35,0,imagen.jpeg,104,batchnorm,1x576x14x14,0.124025
35,0,imagen.jpeg,105,activacion,1x576x14x14,0.41736
35,0,imagen.jpeg,106,depthwise_conv,1x576x14x14,1.297006
35,0,imagen.jpeg,107,batchnorm,1x576x14x14,0.181206
35,0,imagen.jpeg,108,activacion,1x576x14x14,0.344545
35,0,imagen.jpeg,109,pointwise_conv,1x576x14x14,7.075429
35,0,imagen.jpeg,110,batchnorm,1x96x14x14,0.020907
35,0,imagen.jpeg,111,layer_add,1x96x14x14,0.014358
35,0,imagen.jpeg,112,pointwise_conv,1x96x14x14,7.218036
35,0,imagen.jpeg,113,batchnorm,1x576x14x14,0.117863
35,0,imagen.jpeg,114,activacion,1x576x14x14,0.33875
35,0,imagen.jpeg,115,depthwise_conv,1x576x14x14,0.30044
35,0,imagen.jpeg,116,batchnorm,1x576x7x7,0.033731
35,0,imagen.jpeg,117,activacion,1x576x7x7,0.070636
35,0,imagen.jpeg,118,pointwise_conv,1x576x7x7,2.645962
35,0,imagen.jpeg,119,batchnorm,1x160x7x7,0.008122
35,0,imagen.jpeg,120,pointwise_conv,1x160x7x7,4.68087
35,0,imagen.jpeg,121,batchnorm,1x960x7x7,0.048963
35,0,imagen.jpeg,122,activacion,1x960x7x7,0.164674
35,0,imagen.jpeg,123,depthwise_conv,1x960x7x7,0.471646
35,0,imagen.jpeg,124,batchnorm,1x960x7x7,0.046311
35,0,imagen.jpeg,125,activacion,1x960x7x7,0.151539
35,0,imagen.jpeg,126,pointwise_conv,1x960x7x7,4.251654
35,0,imagen.jpeg,127,batchnorm,1x160x7x7,0.00772
35,0,imagen.jpeg,128,layer_add,1x160x7x7,0.004379
35,0,imagen.jpeg,129,pointwise_conv,1x160x7x7,4.128909
35,0,imagen.jpeg,130,batchnorm,1x960x7x7,0.042907
35,0,imagen.jpeg,131,activacion,1x960x7x7,0.143185
35,0,imagen.jpeg,132,depthwise_conv,1x960x7x7,0.473979
35,0,imagen.jpeg,133,batchnorm,1x960x7x7,0.053596
35,0,imagen.jpeg,134,activacion,1x960x7x7,0.138158
35,0,imagen.jpeg,135,pointwise_conv,1x960x7x7,4.122767
35,0,imagen.jpeg,136,batchnorm,1x160x7x7,0.008333
35,0,imagen.jpeg,137,layer_add,1x160x7x7,0.004827
35,0,imagen.jpeg,138,pointwise_conv,1x160x7x7,4.127243
35,0,imagen.jpeg,139,batchnorm,1x960x7x7,0.04333
35,0,imagen.jpeg,140,activacion,1x960x7x7,0.111108
35,0,imagen.jpeg,141,depthwise_conv,1x960x7x7,0.459017
35,0,imagen.jpeg,142,batchnorm,1x960x7x7,0.046608
35,0,imagen.jpeg,143,activacion,1x960x7x7,0.088214
35,0,imagen.jpeg,144,pointwise_conv,1x960x7x7,7.926182
35,0,imagen.jpeg,145,batchnorm,1x320x7x7,0.015512
35,0,imagen.jpeg,146,pointwise_conv,1x320x7x7,10.623205
35,0,imagen.jpeg,147,batchnorm,1x1280x7x7,0.058029
35,0,imagen.jpeg,148,activacion,1x1280x7x7,0.1754
35,0,imagen.jpeg,149,pooling,1x1280x7x7,0.038341
35,0,imagen.jpeg,150,linear,1x1280,1.377438
36,0,imagen.jpeg,0,conv2d,1x3x224x224,15.357002
36,0,imagen.jpeg,1,batchnorm,1x32x112x112,0.421039
36,0,imagen.jpeg,2,activacion,1x32x112x112,0.663371
36,0,imagen.jpeg,3,depthwise_conv,1x32x112x112,4.103473
36,0,imagen.jpeg,4,batchnorm,1x32x112x112,2.298209
36,0,imagen.jpeg,5,activacion,1x32x112x112,0.767602
36,0,imagen.jpeg,6,pointwise_conv,1x32x112x112,3.733742
36,0,imagen.jpeg,7,batchnorm,1x16x112x112,0.185369
36,0,imagen.jpeg,8,pointwise_conv,1x16x112x112,12.119203
36,0,imagen.jpeg,9,batchnorm,1x96x112x112,2.408133
36,0,imagen.jpeg,10,activacion,1x96x112x112,3.956467
36,0,imagen.jpeg,11,depthwise_conv,1x96x112x112,3.543162
36,0,imagen.jpeg,12,batchnorm,1x96x56x56,0.313092
36,0,imagen.jpeg,13,activacion,1x96x56x56,1.119915
36,0,imagen.jpeg,14,pointwise_conv,1x96x56x56,4.348557
36,0,imagen.jpeg,15,batchnorm,1x24x56x56,0.069791
36,0,imagen.jpeg,16,pointwise_conv,1x24x56x56,8.042004
36,0,imagen.jpeg,17,batchnorm,1x144x56x56,0.995383
36,0,imagen.jpeg,18,activacion,1x144x56x56,1.414846
36,0,imagen.jpeg,19,depthwise_conv,1x144x56x56,5.03849
36,0,imagen.jpeg,20,batchnorm,1x144x56x56,0.989505
36,0,imagen.jpeg,21,activacion,1x144x56x56,1.846465
36,0,imagen.jpeg,22,pointwise_conv,1x144x56x56,7.523811
36,0,imagen.jpeg,23,batchnorm,1x24x56x56,0.076509
36,0,imagen.jpeg,24,layer_add,1x24x56x56,0.047966
36,0,imagen.jpeg,25,pointwise_conv,1x24x56x56,6.835834
36,0,imagen.jpeg,26,batchnorm,1x144x56x56,0.48329
36,0,imagen.jpeg,27,activacion,1x144x56x56,1.707556
36,0,imagen.jpeg,28,depthwise_conv,1x144x56x56,1.236746
36,0,imagen.jpeg,29,batchnorm,1x144x28x28,0.105204
36,0,imagen.jpeg,30,activacion,1x144x28x28,0.380651
36,0,imagen.jpeg,31,pointwise_conv,1x144x28x28,2.135245
36,0,imagen.jpeg,32,batchnorm,1x32x28x28,0.023541
36,0,imagen.jpeg,33,pointwise_conv,1x32x28x28,2.831943
36,0,imagen.jpeg,34,batchnorm,1x192x28x28,0.139405
36,0,imagen.jpeg,35,activacion,1x192x28x28,0.377421
36,0,imagen.jpeg,36,depthwise_conv,1x192x28x28,1.627727
36,0,imagen.jpeg,37,batchnorm,1x192x28x28,0.159928
36,0,imagen.jpeg,38,activacion,1x192x28x28,0.65382
36,0,imagen.jpeg,39,pointwise_conv,1x192x28x28,3.087248
36,0,imagen.jpeg,40,batchnorm,1x32x28x28,0.040122
36,0,imagen.jpeg,41,layer_add,1x32x28x28,0.024713
36,0,imagen.jpeg,42,pointwise_conv,1x32x28x28,3.444817
36,0,imagen.jpeg,43,batchnorm,1x192x28x28,0.159055
36,0,imagen.jpeg,44,activacion,1x192x28x28,0.492077
36,0,imagen.jpeg,45,depthwise_conv,1x192x28x28,1.658238
36,0,imagen.jpeg,46,batchnorm,1x192x28x28,0.145991
36,0,imagen.jpeg,47,activacion,1x192x28x28,0.553016
36,0,imagen.jpeg,48,pointwise_conv,1x192x28x28,2.823852
36,0,imagen.jpeg,49,batchnorm,1x32x28x28,0.022589
36,0,imagen.jpeg,50,layer_add,1x32x28x28,0.013081
36,0,imagen.jpeg,51,pointwise_conv,1x32x28x28,2.970799
36,0,imagen.jpeg,52,batchnorm,1x192x28x28,0.165328
36,0,imagen.jpeg,53,activacion,1x192x28x28,0.538898
36,0,imagen.jpeg,54,depthwise_conv,1x192x28x28,0.41271
36,0,imagen.jpeg,55,batchnorm,1x192x14x14,0.04734
36,0,imagen.jpeg,56,activacion,1x192x14x14,0.114655
36,0,imagen.jpeg,57,pointwise_conv,1x192x14x14,1.547009
36,0,imagen.jpeg,58,batchnorm,1x64x14x14,0.013118
36,0,imagen.jpeg,59,pointwise_conv,1x64x14x14,2.997247
36,0,imagen.jpeg,60,batchnorm,1x384x14x14,0.074819
36,0,imagen.jpeg,61,activacion,1x384x14x14,0.210197
36,0,imagen.jpeg,62,depthwise_conv,1x384x14x14,0.814075
36,0,imagen.jpeg,63,batchnorm,1x384x14x14,0.070871
36,0,imagen.jpeg,64,activacion,1x384x14x14,0.301491
36,0,imagen.jpeg,65,pointwise_conv,1x384x14x14,2.911731
36,0,imagen.jpeg,66,batchnorm,1x64x14x14,0.011795
36,0,imagen.jpeg,67,layer_add,1x64x14x14,0.006506
36,0,imagen.jpeg,68,pointwise_conv,1x64x14x14,2.871708
36,0,imagen.jpeg,69,batchnorm,1x384x14x14,0.06912
36,0,imagen.jpeg,70,activacion,1x384x14x14,0.246065
36,0,imagen.jpeg,71,depthwise_conv,1x384x14x14,0.793375
36,0,imagen.jpeg,72,batchnorm,1x384x14x14,0.101246
36,0,imagen.jpeg,73,activacion,1x384x14x14,0.256705
36,0,imagen.jpeg,74,pointwise_conv,1x384x14x14,2.925461
36,0,imagen.jpeg,75,batchnorm,1x64x14x14,0.011906
36,0,imagen.jpeg,76,layer_add,1x64x14x14,0.011087
36,0,imagen.jpeg,77,pointwise_conv,1x64x14x14,2.773225
36,0,imagen.jpeg,78,batchnorm,1x384x14x14,0.066944
36,0,imagen.jpeg,79,activacion,1x384x14x14,0.253066
36,0,imagen.jpeg,80,depthwise_conv,1x384x14x14,0.779117
36,0,imagen.jpeg,81,batchnorm,1x384x14x14,0.142897
36,0,imagen.jpeg,82,activacion,1x384x14x14,0.24512
36,0,imagen.jpeg,83,pointwise_conv,1x384x14x14,2.755154
36,0,imagen.jpeg,84,batchnorm,1x64x14x14,0.011334
36,0,imagen.jpeg,85,layer_add,1x64x14x14,0.00602
36,0,imagen.jpeg,86,pointwise_conv,1x64x14x14,2.720293
36,0,imagen.jpeg,87,batchnorm,1x384x14x14,0.105303
36,0,imagen.jpeg,88,activacion,1x384x14x14,0.262796
36,0,imagen.jpeg,89,depthwise_conv,1x384x14x14,0.749354
36,0,imagen.jpeg,90,batchnorm,1x384x14x14,0.06533
36,0,imagen.jpeg,91,activacion,1x384x14x14,0.254976
36,0,imagen.jpeg,92,pointwise_conv,1x384x14x14,4.017964
36,0,imagen.jpeg,93,batchnorm,1x96x14x14,0.017235
36,0,imagen.jpeg,94,pointwise_conv,1x96x14x14,5.989123
36,0,imagen.jpeg,95,batchnorm,1x576x14x14,0.097952
36,0,imagen.jpeg,96,activacion,1x576x14x14,0.396193
36,0,imagen.jpeg,97,depthwise_conv,1x576x14x14,1.226904
36,0,imagen.jpeg,98,batchnorm,1x576x14x14,0.182354
36,0,imagen.jpeg,99,activacion,1x576x14x14,0.336387
36,0,imagen.jpeg,100,pointwise_conv,1x576x14x14,6.151778
36,0,imagen.jpeg,101,batchnorm,1x96x14x14,0.016648
36,0,imagen.jpeg,102,layer_add,1x96x14x14,0.010438
36,0,imagen.jpeg,103,pointwise_conv,1x96x14x14,5.898336
36,0,imagen.jpeg,104,batchnorm,1x576x14x14,0.096217
36,0,imagen.jpeg,105,activacion,1x576x14x14,0.342773
36,0,imagen.jpeg,106,depthwise_conv,1x576x14x14,1.106627
36,0,imagen.jpeg,107,batchnorm,1x576x14x14,0.149204
36,0,imagen.jpeg,108,activacion,1x576x14x14,0.284608
36,0,imagen.jpeg,109,pointwise_conv,1x576x14x14,5.844311
36,0,imagen.jpeg,110,batchnorm,1x96x14x14,0.015671
36,0,imagen.jpeg,111,layer_add,1x96x14x14,0.011106
36,0,imagen.jpeg,112,pointwise_conv,1x96x14x14,5.788785
36,0,imagen.jpeg,113,batchnorm,1x576x14x14,0.095357
36,0,imagen.jpeg,114,activacion,1x576x14x14,0.299377
36,0,imagen.jpeg,115,depthwise_conv,1x576x14x14,0.253716
36,0,imagen.jpeg,116,batchnorm,1x576x7x7,0.029008
36,0,imagen.jpeg,117,activacion,1x576x7x7,0.061815
36,0,imagen.jpeg,118,pointwise_conv,1x576x7x7,2.326226
36,0,imagen.jpeg,119,batchnorm,1x160x7x7,0.007495
36,0,imagen.jpeg,120,pointwise_conv,1x160x7x7,3.806822
36,0,imagen.jpeg,121,batchnorm,1x960x7x7,0.041859
36,0,imagen.jpeg,122,activacion,1x960x7x7,0.141362
36,0,imagen.jpeg,123,depthwise_conv,1x960x7x7,0.400503
36,0,imagen.jpeg,124,batchnorm,1x960x7x7,0.040785
36,0,imagen.jpeg,125,activacion,1x960x7x7,0.131777
36,0,imagen.jpeg,126,pointwise_conv,1x960x7x7,4.102129
36,0,imagen.jpeg,127,batchnorm,1x160x7x7,0.007146
36,0,imagen.jpeg,128,layer_add,1x160x7x7,0.004128
36,0,imagen.jpeg,129,pointwise_conv,1x160x7x7,4.029516
36,0,imagen.jpeg,130,batchnorm,1x960x7x7,0.042612
36,0,imagen.jpeg,131,activacion,1x960x7x7,0.137807
36,0,imagen.jpeg,132,depthwise_conv,1x960x7x7,0.414832
36,0,imagen.jpeg,133,batchnorm,1x960x7x7,0.053111
36,0,imagen.jpeg,134,activacion,1x960x7x7,0.159214
36,0,imagen.jpeg,135,pointwise_conv,1x960x7x7,3.879543
36,0,imagen.jpeg,136,batchnorm,1x160x7x7,0.007449
36,0,imagen.jpeg,137,layer_add,1x160x7x7,0.003905
36,0,imagen.jpeg,138,pointwise_conv,1x160x7x7,3.948643
36,0,imagen.jpeg,139,batchnorm,1x960x7x7,0.043005
36,0,imagen.jpeg,140,activacion,1x960x7x7,0.114114
36,0,imagen.jpeg,141,depthwise_conv,1x960x7x7,0.421347
36,0,imagen.jpeg,142,batchnorm,1x960x7x7,0.046392
36,0,imagen.jpeg,143,activacion,1x960x7x7,0.087549
36,0,imagen.jpeg,144,pointwise_conv,1x960x7x7,8.252723
36,0,imagen.jpeg,145,batchnorm,1x320x7x7,0.014915
36,0,imagen.jpeg,146,pointwise_conv,1x320x7x7,11.26566
36,0,imagen.jpeg,147,batchnorm,1x1280x7x7,0.068448
36,0,imagen.jpeg,148,activacion,1x1280x7x7,0.204226
36,0,imagen.jpeg,149,pooling,1x1280x7x7,0.046499
36,0,imagen.jpeg,150,linear,1x1280,1.454443
37,0,imagen.jpeg,0,conv2d,1x3x224x224,17.154567
37,0,imagen.jpeg,1,batchnorm,1x32x112x112,0.462484
37,0,imagen.jpeg,2,activacion,1x32x112x112,0.720468
37,0,imagen.jpeg,3,depthwise_conv,1x32x112x112,4.526631
37,0,imagen.jpeg,4,batchnorm,1x32x112x112,2.634145
37,0,imagen.jpeg,5,activacion,1x32x112x112,0.858736
37,0,imagen.jpeg,6,pointwise_conv,1x32x112x112,4.333847
37,0,imagen.jpeg,7,batchnorm,1x16x112x112,0.228814
37,0,imagen.jpeg,8,pointwise_conv,1x16x112x112,12.926516
37,0,imagen.jpeg,9,batchnorm,1x96x112x112,2.327253
37,0,imagen.jpeg,10,activacion,1x96x112x112,3.807918
37,0,imagen.jpeg,11,depthwise_conv,1x96x112x112,3.463226
37,0,imagen.jpeg,12,batchnorm,1x96x56x56,0.318075
37,0,imagen.jpeg,13,activacion,1x96x56x56,1.13183
37,0,imagen.jpeg,14,pointwise_conv,1x96x56x56,4.780829
37,0,imagen.jpeg,15,batchnorm,1x24x56x56,0.080516
37,0,imagen.jpeg,16,pointwise_conv,1x24x56x56,7.320298
37,0,imagen.jpeg,17,batchnorm,1x144x56x56,0.980986
37,0,imagen.jpeg,18,activacion,1x144x56x56,1.425483
37,0,imagen.jpeg,19,depthwise_conv,1x144x56x56,5.047368
37,0,imagen.jpeg,20,batchnorm,1x144x56x56,1.003756
37,0,imagen.jpeg,21,activacion,1x144x56x56,1.803629
37,0,imagen.jpeg,22,pointwise_conv,1x144x56x56,6.966539
37,0,imagen.jpeg,23,batchnorm,1x24x56x56,0.078238
37,0,imagen.jpeg,24,layer_add,1x24x56x56,0.049867
37,0,imagen.jpeg,25,pointwise_conv,1x24x56x56,6.861494
37,0,imagen.jpeg,26,batchnorm,1x144x56x56,0.52356
37,0,imagen.jpeg,27,activacion,1x144x56x56,1.708686
37,0,imagen.jpeg,28,depthwise_conv,1x144x56x56,1.317215
37,0,imagen.jpeg,29,batchnorm,1x144x28x28,0.121512
37,0,imagen.jpeg,30,activacion,1x144x28x28,0.392642
37,0,imagen.jpeg,31,pointwise_conv,1x144x28x28,2.244491
37,0,imagen.jpeg,32,batchnorm,1x32x28x28,0.026486
37,0,imagen.jpeg,33,pointwise_conv,1x32x28x28,3.0578
37,0,imagen.jpeg,34,batchnorm,1x192x28x28,0.163699
37,0,imagen.jpeg,35,activacion,1x192x28x28,0.435621
37,0,imagen.jpeg,36,depthwise_conv,1x192x28x28,1.68049
37,0,imagen.jpeg,37,batchnorm,1x192x28x28,0.169215
37,0,imagen.jpeg,38,activacion,1x192x28x28,0.587567
37,0,imagen.jpeg,39,pointwise_conv,1x192x28x28,3.010353
37,0,imagen.jpeg,40,batchnorm,1x32x28x28,0.025853
37,0,imagen.jpeg,41,layer_add,1x32x28x28,0.015991
37,0,imagen.jpeg,42,pointwise_conv,1x32x28x28,3.065714
37,0,imagen.jpeg,43,batchnorm,1x192x28x28,0.163861
37,0,imagen.jpeg,44,activacion,1x192x28x28,0.494298
37,0,imagen.jpeg,45,depthwise_conv,1x192x28x28,1.690706
37,0,imagen.jpeg,46,batchnorm,1x192x28x28,0.160045
37,0,imagen.jpeg,47,activacion,1x192x28x28,0.575933
37,0,imagen.jpeg,48,pointwise_conv,1x192x28x28,2.97333
37,0,imagen.jpeg,49,batchnorm,1x32x28x28,0.02619
37,0,imagen.jpeg,50,layer_add,1x32x28x28,0.015714
37,0,imagen.jpeg,51,pointwise_conv,1x32x28x28,3.170202
37,0,imagen.jpeg,52,batchnorm,1x192x28x28,0.164167
37,0,imagen.jpeg,53,activacion,1x192x28x28,0.561215
37,0,imagen.jpeg,54,depthwise_conv,1x192x28x28,0.433564
37,0,imagen.jpeg,55,batchnorm,1x192x14x14,0.052657
37,0,imagen.jpeg,56,activacion,1x192x14x14,0.110355
37,0,imagen.jpeg,57,pointwise_conv,1x192x14x14,1.555331
37,0,imagen.jpeg,58,batchnorm,1x64x14x14,0.013749
37,0,imagen.jpeg,59,pointwise_conv,1x64x14x14,3.075707
37,0,imagen.jpeg,60,batchnorm,1x384x14x14,0.101597
37,0,imagen.jpeg,61,activacion,1x384x14x14,0.220505
37,0,imagen.jpeg,62,depthwise_conv,1x384x14x14,0.873048
37,0,imagen.jpeg,63,batchnorm,1x384x14x14,0.080219
37,0,imagen.jpeg,64,activacion,1x384x14x14,0.298763
37,0,imagen.jpeg,65,pointwise_conv,1x384x14x14,3.051274
37,0,imagen.jpeg,66,batchnorm,1x64x14x14,0.013684
37,0,imagen.jpeg,67,layer_add,1x64x14x14,0.007475
37,0,imagen.jpeg,68,pointwise_conv,1x64x14x14,3.093432
37,0,imagen.jpeg,69,batchnorm,1x384x14x14,0.081363
37,0,imagen.jpeg,70,activacion,1x384x14x14,0.269437
37,0,imagen.jpeg,71,depthwise_conv,1x384x14x14,0.882178
37,0,imagen.jpeg,72,batchnorm,1x384x14x14,0.114572
37,0,imagen.jpeg,73,activacion,1x384x14x14,0.277939
37,0,imagen.jpeg,74,pointwise_conv,1x384x14x14,3.141538
37,0,imagen.jpeg,75,batchnorm,1x64x14x14,0.014883
37,0,imagen.jpeg,76,layer_add,1x64x14x14,0.009095
37,0,imagen.jpeg,77,pointwise_conv,1x64x14x14,3.86366
37,0,imagen.jpeg,78,batchnorm,1x384x14x14,0.096268
37,0,imagen.jpeg,79,activacion,1x384x14x14,0.301496
37,0,imagen.jpeg,80,depthwise_conv,1x384x14x14,0.92381
37,0,imagen.jpeg,81,batchnorm,1x384x14x14,0.169608
37,0,imagen.jpeg,82,activacion,1x384x14x14,0.270185
37,0,imagen.jpeg,83,pointwise_conv,1x384x14x14,3.157801
37,0,imagen.jpeg,84,batchnorm,1x64x14x14,0.013862
37,0,imagen.jpeg,85,layer_add,1x64x14x14,0.007725
37,0,imagen.jpeg,86,pointwise_conv,1x64x14x14,3.129376
37,0,imagen.jpeg,87,batchnorm,1x384x14x14,0.081137
37,0,imagen.jpeg,88,activacion,1x384x14x14,0.299926
37,0,imagen.jpeg,89,depthwise_conv,1x384x14x14,0.871235
37,0,imagen.jpeg,90,batchnorm,1x384x14x14,0.081294
37,0,imagen.jpeg,91,activacion,1x384x14x14,0.270667
37,0,imagen.jpeg,92,pointwise_conv,1x384x14x14,4.713283
37,0,imagen.jpeg,93,batchnorm,1x96x14x14,0.021731
37,0,imagen.jpeg,94,pointwise_conv,1x96x14x14,7.024337
37,0,imagen.jpeg,95,batchnorm,1x576x14x14,0.133234
37,0,imagen.jpeg,96,activacion,1x576x14x14,0.436694
37,0,imagen.jpeg,97,depthwise_conv,1x576x14x14,1.314636
37,0,imagen.jpeg,98,batchnorm,1x576x14x14,0.208528
37,0,imagen.jpeg,99,activacion,1x576x14x14,0.379254
37,0,imagen.jpeg,100,pointwise_conv,1x576x14x14,7.086829
37,0,imagen.jpeg,101,batchnorm,1x96x14x14,0.02049
37,0,imagen.jpeg,102,layer_add,1x96x14x14,0.011491
37,0,imagen.jpeg,103,pointwise_conv,1x96x14x14,7.250206
37,0,imagen.jpeg,104,batchnorm,1x576x14x14,0.125267
37,0,imagen.jpeg,105,activacion,1x576x14x14,0.425652
37,0,imagen.jpeg,106,depthwise_conv,1x576x14x14,1.318879
37,0,imagen.jpeg,107,batchnorm,1x576x14x14,0.202362
37,0,imagen.jpeg,108,activacion,1x576x14x14,0.345498
37,0,imagen.jpeg,109,pointwise_conv,1x576x14x14,6.938937
37,0,imagen.jpeg,110,batchnorm,1x96x14x14,0.02069
37,0,imagen.jpeg,111,layer_add,1x96x14x14,0.014162
37,0,imagen.jpeg,112,pointwise_conv,1x96x14x14,6.933007
37,0,imagen.jpeg,113,batchnorm,1x576x14x14,0.127496
37,0,imagen.jpeg,114,activacion,1x576x14x14,0.369432
37,0,imagen.jpeg,115,depthwise_conv,1x576x14x14,0.309094
37,0,imagen.jpeg,116,batchnorm,1x576x7x7,0.034873
37,0,imagen.jpeg,117,activacion,1x576x7x7,0.074597
37,0,imagen.jpeg,118,pointwise_conv,1x576x7x7,2.835831
37,0,imagen.jpeg,119,batchnorm,1x160x7x7,0.009067
37,0,imagen.jpeg,120,pointwise_conv,1x160x7x7,4.764361
37,0,imagen.jpeg,121,batchnorm,1x960x7x7,0.052499
37,0,imagen.jpeg,122,activacion,1x960x7x7,0.171892
37,0,imagen.jpeg,123,depthwise_conv,1x960x7x7,0.50554
37,0,imagen.jpeg,124,batchnorm,1x960x7x7,0.049647
37,0,imagen.jpeg,125,activacion,1x960x7x7,0.160497
37,0,imagen.jpeg,126,pointwise_conv,1x960x7x7,4.97075
37,0,imagen.jpeg,127,batchnorm,1x160x7x7,0.013999
37,0,imagen.jpeg,128,layer_add,1x160x7x7,0.014739
37,0,imagen.jpeg,129,pointwise_conv,1x160x7x7,5.711749
37,0,imagen.jpeg,130,batchnorm,1x960x7x7,0.052807
37,0,imagen.jpeg,131,activacion,1x960x7x7,0.163778
37,0,imagen.jpeg,132,depthwise_conv,1x960x7x7,0.497815
37,0,imagen.jpeg,133,batchnorm,1x960x7x7,0.063025
37,0,imagen.jpeg,134,activacion,1x960x7x7,0.143334
37,0,imagen.jpeg,135,pointwise_conv,1x960x7x7,6.560677
37,0,imagen.jpeg,136,batchnorm,1x160x7x7,0.016966
37,0,imagen.jpeg,137,layer_add,1x160x7x7,0.008782
37,0,imagen.jpeg,138,pointwise_conv,1x160x7x7,9.644862
37,0,imagen.jpeg,139,batchnorm,1x960x7x7,0.101138
37,0,imagen.jpeg,140,activacion,1x960x7x7,0.188454
37,0,imagen.jpeg,141,depthwise_conv,1x960x7x7,1.038287
37,0,imagen.jpeg,142,batchnorm,1x960x7x7,0.113863
37,0,imagen.jpeg,143,activacion,1x960x7x7,0.157579
37,0,imagen.jpeg,144,pointwise_conv,1x960x7x7,19.699822
37,0,imagen.jpeg,145,batchnorm,1x320x7x7,0.03618
37,0,imagen.jpeg,146,pointwise_conv,1x320x7x7,17.855251
37,0,imagen.jpeg,147,batchnorm,1x1280x7x7,0.072644
37,0,imagen.jpeg,148,activacion,1x1280x7x7,0.215695
37,0,imagen.jpeg,149,pooling,1x1280x7x7,0.048454
37,0,imagen.jpeg,150,linear,1x1280,1.576276
38,0,imagen.jpeg,0,conv2d,1x3x224x224,19.656039
38,0,imagen.jpeg,1,batchnorm,1x32x112x112,0.656494
38,0,imagen.jpeg,2,activacion,1x32x112x112,0.814246
38,0,imagen.jpeg,3,depthwise_conv,1x32x112x112,4.57371
38,0,imagen.jpeg,4,batchnorm,1x32x112x112,2.678428
38,0,imagen.jpeg,5,activacion,1x32x112x112,0.862346
38,0,imagen.jpeg,6,pointwise_conv,1x32x112x112,5.017388
38,0,imagen.jpeg,7,batchnorm,1x16x112x112,0.234521
38,0,imagen.jpeg,8,pointwise_conv,1x16x112x112,14.699316
38,0,imagen.jpeg,9,batchnorm,1x96x112x112,2.648742
38,0,imagen.jpeg,10,activacion,1x96x112x112,3.972223
38,0,imagen.jpeg,11,depthwise_conv,1x96x112x112,4.210092
38,0,imagen.jpeg,12,batchnorm,1x96x56x56,0.328794
38,0,imagen.jpeg,13,activacion,1x96x56x56,1.270043
38,0,imagen.jpeg,14,pointwise_conv,1x96x56x56,5.906648
38,0,imagen.jpeg,15,batchnorm,1x24x56x56,0.136739
38,0,imagen.jpeg,16,pointwise_conv,1x24x56x56,8.391514
38,0,imagen.jpeg,17,batchnorm,1x144x56x56,1.254696
38,0,imagen.jpeg,18,activacion,1x144x56x56,1.799055
38,0,imagen.jpeg,19,depthwise_conv,1x144x56x56,6.044996
38,0,imagen.jpeg,20,batchnorm,1x144x56x56,1.060597
38,0,imagen.jpeg,21,activacion,1x144x56x56,1.9482
38,0,imagen.jpeg,22,pointwise_conv,1x144x56x56,9.630778
38,0,imagen.jpeg,23,batchnorm,1x24x56x56,0.124644
38,0,imagen.jpeg,24,layer_add,1x24x56x56,0.078046
38,0,imagen.jpeg,25,pointwise_conv,1x24x56x56,7.979655
38,0,imagen.jpeg,26,batchnorm,1x144x56x56,0.525769
38,0,imagen.jpeg,27,activacion,1x144x56x56,1.743694
38,0,imagen.jpeg,28,depthwise_conv,1x144x56x56,1.346702
38,0,imagen.jpeg,29,batchnorm,1x144x28x28,0.124112
38,0,imagen.jpeg,30,activacion,1x144x28x28,0.400691
38,0,imagen.jpeg,31,pointwise_conv,1x144x28x28,3.430438
38,0,imagen.jpeg,32,batchnorm,1x32x28x28,0.028654
38,0,imagen.jpeg,33,pointwise_conv,1x32x28x28,4.0534
38,0,imagen.jpeg,34,batchnorm,1x192x28x28,0.164084
38,0,imagen.jpeg,35,activacion,1x192x28x28,0.455768
38,0,imagen.jpeg,36,depthwise_conv,1x192x28x28,1.782403
38,0,imagen.jpeg,37,batchnorm,1x192x28x28,0.176622
38,0,imagen.jpeg,38,activacion,1x192x28x28,0.599289
38,0,imagen.jpeg,39,pointwise_conv,1x192x28x28,2.984859
38,0,imagen.jpeg,40,batchnorm,1x32x28x28,0.027644
38,0,imagen.jpeg,41,layer_add,1x32x28x28,0.016368
38,0,imagen.jpeg,42,pointwise_conv,1x32x28x28,3.197994
38,0,imagen.jpeg,43,batchnorm,1x192x28x28,0.166255
38,0,imagen.jpeg,44,activacion,1x192x28x28,0.508482
38,0,imagen.jpeg,45,depthwise_conv,1x192x28x28,1.825539
38,0,imagen.jpeg,46,batchnorm,1x192x28x28,0.163603
38,0,imagen.jpeg,47,activacion,1x192x28x28,0.592569
38,0,imagen.jpeg,48,pointwise_conv,1x192x28x28,3.239072
38,0,imagen.jpeg,49,batchnorm,1x32x28x28,0.028806
38,0,imagen.jpeg,50,layer_add,1x32x28x28,0.017119
38,0,imagen.jpeg,51,pointwise_conv,1x32x28x28,3.172852
38,0,imagen.jpeg,52,batchnorm,1x192x28x28,0.175503
38,0,imagen.jpeg,53,activacion,1x192x28x28,0.55295
38,0,imagen.jpeg,54,depthwise_conv,1x192x28x28,0.444506
38,0,imagen.jpeg,55,batchnorm,1x192x14x14,0.038868
38,0,imagen.jpeg,56,activacion,1x192x14x14,0.110162
38,0,imagen.jpeg,57,pointwise_conv,1x192x14x14,1.535179
38,0,imagen.jpeg,58,batchnorm,1x64x14x14,0.013196
38,0,imagen.jpeg,59,pointwise_conv,1x64x14x14,3.103029
38,0,imagen.jpeg,60,batchnorm,1x384x14x14,0.081593
38,0,imagen.jpeg,61,activacion,1x384x14x14,0.226961
38,0,imagen.jpeg,62,depthwise_conv,1x384x14x14,1.457585
38,0,imagen.jpeg,63,batchnorm,1x384x14x14,0.089577
38,0,imagen.jpeg,64,activacion,1x384x14x14,0.300758
38,0,imagen.jpeg,65,pointwise_conv,1x384x14x14,3.180161
38,0,imagen.jpeg,66,batchnorm,1x64x14x14,0.022567
38,0,imagen.jpeg,67,layer_add,1x64x14x14,0.010211
38,0,imagen.jpeg,68,pointwise_conv,1x64x14x14,3.254198
38,0,imagen.jpeg,69,batchnorm,1x384x14x14,0.081257
38,0,imagen.jpeg,70,activacion,1x384x14x14,0.269604
38,0,imagen.jpeg,71,depthwise_conv,1x384x14x14,0.867467
38,0,imagen.jpeg,72,batchnorm,1x384x14x14,0.112908
38,0,imagen.jpeg,73,activacion,1x384x14x14,0.283813
38,0,imagen.jpeg,74,pointwise_conv,1x384x14x14,3.05097
38,0,imagen.jpeg,75,batchnorm,1x64x14x14,0.014066
38,0,imagen.jpeg,76,layer_add,1x64x14x14,0.008812
38,0,imagen.jpeg,77,pointwise_conv,1x64x14x14,3.175579
38,0,imagen.jpeg,78,batchnorm,1x384x14x14,0.144765
38,0,imagen.jpeg,79,activacion,1x384x14x14,0.36759
38,0,imagen.jpeg,80,depthwise_conv,1x384x14x14,1.108076
38,0,imagen.jpeg,81,batchnorm,1x384x14x14,0.169573
38,0,imagen.jpeg,82,activacion,1x384x14x14,0.267711
38,0,imagen.jpeg,83,pointwise_conv,1x384x14x14,3.331774
38,0,imagen.jpeg,84,batchnorm,1x64x14x14,0.014262
38,0,imagen.jpeg,85,layer_add,1x64x14x14,0.009212
38,0,imagen.jpeg,86,pointwise_conv,1x64x14x14,3.079922
38,0,imagen.jpeg,87,batchnorm,1x384x14x14,0.078094
38,0,imagen.jpeg,88,activacion,1x384x14x14,0.293001
38,0,imagen.jpeg,89,depthwise_conv,1x384x14x14,0.885062
38,0,imagen.jpeg,90,batchnorm,1x384x14x14,0.078283
38,0,imagen.jpeg,91,activacion,1x384x14x14,0.277879
38,0,imagen.jpeg,92,pointwise_conv,1x384x14x14,4.533866
38,0,imagen.jpeg,93,batchnorm,1x96x14x14,0.020195
38,0,imagen.jpeg,94,pointwise_conv,1x96x14x14,7.959537
38,0,imagen.jpeg,95,batchnorm,1x576x14x14,0.127769
38,0,imagen.jpeg,96,activacion,1x576x14x14,0.422369
38,0,imagen.jpeg,97,depthwise_conv,1x576x14x14,1.300381
38,0,imagen.jpeg,98,batchnorm,1x576x14x14,0.198655
38,0,imagen.jpeg,99,activacion,1x576x14x14,0.372314
38,0,imagen.jpeg,100,pointwise_conv,1x576x14x14,7.241709
38,0,imagen.jpeg,101,batchnorm,1x96x14x14,0.03701
38,0,imagen.jpeg,102,layer_add,1x96x14x14,0.025865
38,0,imagen.jpeg,103,pointwise_conv,1x96x14x14,7.670635
38,0,imagen.jpeg,104,batchnorm,1x576x14x14,0.128814
38,0,imagen.jpeg,105,activacion,1x576x14x14,0.420269
38,0,imagen.jpeg,106,depthwise_conv,1x576x14x14,1.380348
38,0,imagen.jpeg,107,batchnorm,1x576x14x14,0.21619
38,0,imagen.jpeg,108,activacion,1x576x14x14,0.345632
38,0,imagen.jpeg,109,pointwise_conv,1x576x14x14,7.94135
38,0,imagen.jpeg,110,batchnorm,1x96x14x14,0.021723
38,0,imagen.jpeg,111,layer_add,1x96x14x14,0.015554
38,0,imagen.jpeg,112,pointwise_conv,1x96x14x14,7.40963
38,0,imagen.jpeg,113,batchnorm,1x576x14x14,0.127081
38,0,imagen.jpeg,114,activacion,1x576x14x14,0.373195
38,0,imagen.jpeg,115,depthwise_conv,1x576x14x14,0.309998
38,0,imagen.jpeg,116,batchnorm,1x576x7x7,0.035057
38,0,imagen.jpeg,117,activacion,1x576x7x7,0.074069
38,0,imagen.jpeg,118,pointwise_conv,1x576x7x7,2.764312
38,0,imagen.jpeg,119,batchnorm,1x160x7x7,0.008823
38,0,imagen.jpeg,120,pointwise_conv,1x160x7x7,5.477941
38,0,imagen.jpeg,121,batchnorm,1x960x7x7,0.053409
38,0,imagen.jpeg,122,activacion,1x960x7x7,0.171204
38,0,imagen.jpeg,123,depthwise_conv,1x960x7x7,0.50844
38,0,imagen.jpeg,124,batchnorm,1x960x7x7,0.057381
38,0,imagen.jpeg,125,activacion,1x960x7x7,0.160024
38,0,imagen.jpeg,126,pointwise_conv,1x960x7x7,4.943468
38,0,imagen.jpeg,127,batchnorm,1x160x7x7,0.009133
38,0,imagen.jpeg,128,layer_add,1x160x7x7,0.004787
38,0,imagen.jpeg,129,pointwise_conv,1x160x7x7,4.617861
38,0,imagen.jpeg,130,batchnorm,1x960x7x7,0.051185
38,0,imagen.jpeg,131,activacion,1x960x7x7,0.16313
38,0,imagen.jpeg,132,depthwise_conv,1x960x7x7,0.507473
38,0,imagen.jpeg,133,batchnorm,1x960x7x7,0.069363
38,0,imagen.jpeg,134,activacion,1x960x7x7,0.143479
38,0,imagen.jpeg,135,pointwise_conv,1x960x7x7,5.057083
38,0,imagen.jpeg,136,batchnorm,1x160x7x7,0.009793
38,0,imagen.jpeg,137,layer_add,1x160x7x7,0.006248
38,0,imagen.jpeg,138,pointwise_conv,1x160x7x7,4.91154
38,0,imagen.jpeg,139,batchnorm,1x960x7x7,0.053819
38,0,imagen.jpeg,140,activacion,1x960x7x7,0.131523
38,0,imagen.jpeg,141,depthwise_conv,1x960x7x7,0.497485
38,0,imagen.jpeg,142,batchnorm,1x960x7x7,0.054901
38,0,imagen.jpeg,143,activacion,1x960x7x7,0.101289
38,0,imagen.jpeg,144,pointwise_conv,1x960x7x7,9.686787
38,0,imagen.jpeg,145,batchnorm,1x320x7x7,0.019508
38,0,imagen.jpeg,146,pointwise_conv,1x320x7x7,12.693932
38,0,imagen.jpeg,147,batchnorm,1x1280x7x7,0.069494
38,0,imagen.jpeg,148,activacion,1x1280x7x7,0.208799
38,0,imagen.jpeg,149,pooling,1x1280x7x7,0.045868
38,0,imagen.jpeg,150,linear,1x1280,1.648619
39,0,imagen.jpeg,0,conv2d,1x3x224x224,18.376287
39,0,imagen.jpeg,1,batchnorm,1x32x112x112,0.451467
39,0,imagen.jpeg,2,activacion,1x32x112x112,0.744141
39,0,imagen.jpeg,3,depthwise_conv,1x32x112x112,4.471827
39,0,imagen.jpeg,4,batchnorm,1x32x112x112,2.788406
39,0,imagen.jpeg,5,activacion,1x32x112x112,0.866098
39,0,imagen.jpeg,6,pointwise_conv,1x32x112x112,4.495964
39,0,imagen.jpeg,7,batchnorm,1x16x112x112,0.218455
39,0,imagen.jpeg,8,pointwise_conv,1x16x112x112,13.294829
39,0,imagen.jpeg,9,batchnorm,1x96x112x112,2.473206
39,0,imagen.jpeg,10,activacion,1x96x112x112,3.946079
39,0,imagen.jpeg,11,depthwise_conv,1x96x112x112,3.460868
39,0,imagen.jpeg,12,batchnorm,1x96x56x56,0.310043
39,0,imagen.jpeg,13,activacion,1x96x56x56,1.11991
39,0,imagen.jpeg,14,pointwise_conv,1x96x56x56,4.793333
39,0,imagen.jpeg,15,batchnorm,1x24x56x56,0.083127
39,0,imagen.jpeg,16,pointwise_conv,1x24x56x56,7.443072
39,0,imagen.jpeg,17,batchnorm,1x144x56x56,0.971648
39,0,imagen.jpeg,18,activacion,1x144x56x56,1.429146
39,0,imagen.jpeg,19,depthwise_conv,1x144x56x56,5.738213
39,0,imagen.jpeg,20,batchnorm,1x144x56x56,1.027375
39,0,imagen.jpeg,21,activacion,1x144x56x56,1.813828
39,0,imagen.jpeg,22,pointwise_conv,1x144x56x56,6.614273
39,0,imagen.jpeg,23,batchnorm,1x24x56x56,0.074048
39,0,imagen.jpeg,24,layer_add,1x24x56x56,0.046657
39,0,imagen.jpeg,25,pointwise_conv,1x24x56x56,6.779781
39,0,imagen.jpeg,26,batchnorm,1x144x56x56,0.595789
39,0,imagen.jpeg,27,activacion,1x144x56x56,1.813563
39,0,imagen.jpeg,28,depthwise_conv,1x144x56x56,1.686735
39,0,imagen.jpeg,29,batchnorm,1x144x28x28,0.111046
39,0,imagen.jpeg,30,activacion,1x144x28x28,0.377402
39,0,imagen.jpeg,31,pointwise_conv,1x144x28x28,2.103243
39,0,imagen.jpeg,32,batchnorm,1x32x28x28,0.022625
39,0,imagen.jpeg,33,pointwise_conv,1x32x28x28,2.795806
39,0,imagen.jpeg,34,batchnorm,1x192x28x28,0.142865
39,0,imagen.jpeg,35,activacion,1x192x28x28,0.390563
39,0,imagen.jpeg,36,depthwise_conv,1x192x28x28,1.561042
39,0,imagen.jpeg,37,batchnorm,1x192x28x28,0.133672
39,0,imagen.jpeg,38,activacion,1x192x28x28,0.539441
39,0,imagen.jpeg,39,pointwise_conv,1x192x28x28,2.830712
39,0,imagen.jpeg,40,batchnorm,1x32x28x28,0.024185
39,0,imagen.jpeg,41,layer_add,1x32x28x28,0.015647
39,0,imagen.jpeg,42,pointwise_conv,1x32x28x28,2.790194
39,0,imagen.jpeg,43,batchnorm,1x192x28x28,0.153349
39,0,imagen.jpeg,44,activacion,1x192x28x28,0.452521
39,0,imagen.jpeg,45,depthwise_conv,1x192x28x28,1.561693
39,0,imagen.jpeg,46,batchnorm,1x192x28x28,0.156641
39,0,imagen.jpeg,47,activacion,1x192x28x28,0.524402
39,0,imagen.jpeg,48,pointwise_conv,1x192x28x28,3.533237
39,0,imagen.jpeg,49,batchnorm,1x32x28x28,0.023861
39,0,imagen.jpeg,50,layer_add,1x32x28x28,0.013686
39,0,imagen.jpeg,51,pointwise_conv,1x32x28x28,2.733499
39,0,imagen.jpeg,52,batchnorm,1x192x28x28,0.153551
39,0,imagen.jpeg,53,activacion,1x192x28x28,0.503813
39,0,imagen.jpeg,54,depthwise_conv,1x192x28x28,0.39599
39,0,imagen.jpeg,55,batchnorm,1x192x14x14,0.034889
39,0,imagen.jpeg,56,activacion,1x192x14x14,0.101068
39,0,imagen.jpeg,57,pointwise_conv,1x192x14x14,1.413621
39,0,imagen.jpeg,58,batchnorm,1x64x14x14,0.012293
39,0,imagen.jpeg,59,pointwise_conv,1x64x14x14,2.805089
39,0,imagen.jpeg,60,batchnorm,1x384x14x14,0.06854
39,0,imagen.jpeg,61,activacion,1x384x14x14,0.19384
39,0,imagen.jpeg,62,depthwise_conv,1x384x14x14,0.77737
39,0,imagen.jpeg,63,batchnorm,1x384x14x14,0.067075
39,0,imagen.jpeg,64,activacion,1x384x14x14,0.270083
39,0,imagen.jpeg,65,pointwise_conv,1x384x14x14,2.739068
39,0,imagen.jpeg,66,batchnorm,1x64x14x14,0.011584
39,0,imagen.jpeg,67,layer_add,1x64x14x14,0.006545
39,0,imagen.jpeg,68,pointwise_conv,1x64x14x14,2.731386
39,0,imagen.jpeg,69,batchnorm,1x384x14x14,0.068831
39,0,imagen.jpeg,70,activacion,1x384x14x14,0.236348
39,0,imagen.jpeg,71,depthwise_conv,1x384x14x14,0.776325
39,0,imagen.jpeg,72,batchnorm,1x384x14x14,0.097386
39,0,imagen.jpeg,73,activacion,1x384x14x14,0.249049
39,0,imagen.jpeg,74,pointwise_conv,1x384x14x14,2.73772
39,0,imagen.jpeg,75,batchnorm,1x64x14x14,0.011239
39,0,imagen.jpeg,76,layer_add,1x64x14x14,0.007107
39,0,imagen.jpeg,77,pointwise_conv,1x64x14x14,2.701532
39,0,imagen.jpeg,78,batchnorm,1x384x14x14,0.101337
39,0,imagen.jpeg,79,activacion,1x384x14x14,0.243586
39,0,imagen.jpeg,80,depthwise_conv,1x384x14x14,0.763426
39,0,imagen.jpeg,81,batchnorm,1x384x14x14,0.138817
39,0,imagen.jpeg,82,activacion,1x384x14x14,0.241261
39,0,imagen.jpeg,83,pointwise_conv,1x384x14x14,2.686695
39,0,imagen.jpeg,84,batchnorm,1x64x14x14,0.011344
39,0,imagen.jpeg,85,layer_add,1x64x14x14,0.005331
39,0,imagen.jpeg,86,pointwise_conv,1x64x14x14,2.670015
39,0,imagen.jpeg,87,batchnorm,1x384x14x14,0.084064
39,0,imagen.jpeg,88,activacion,1x384x14x14,0.26161
39,0,imagen.jpeg,89,depthwise_conv,1x384x14x14,0.749095
39,0,imagen.jpeg,90,batchnorm,1x384x14x14,0.065407
39,0,imagen.jpeg,91,activacion,1x384x14x14,0.251842
39,0,imagen.jpeg,92,pointwise_conv,1x384x14x14,4.015866
39,0,imagen.jpeg,93,batchnorm,1x96x14x14,0.017529
39,0,imagen.jpeg,94,pointwise_conv,1x96x14x14,6.0148
39,0,imagen.jpeg,95,batchnorm,1x576x14x14,0.09708
39,0,imagen.jpeg,96,activacion,1x576x14x14,0.413737
39,0,imagen.jpeg,97,depthwise_conv,1x576x14x14,1.131946
39,0,imagen.jpeg,98,batchnorm,1x576x14x14,0.182939
39,0,imagen.jpeg,99,activacion,1x576x14x14,0.316464
39,0,imagen.jpeg,100,pointwise_conv,1x576x14x14,6.050056
39,0,imagen.jpeg,101,batchnorm,1x96x14x14,0.030168
39,0,imagen.jpeg,102,layer_add,1x96x14x14,0.010077
39,0,imagen.jpeg,103,pointwise_conv,1x96x14x14,5.821215
39,0,imagen.jpeg,104,batchnorm,1x576x14x14,0.146828
39,0,imagen.jpeg,105,activacion,1x576x14x14,0.34279
39,0,imagen.jpeg,106,depthwise_conv,1x576x14x14,1.160203
39,0,imagen.jpeg,107,batchnorm,1x576x14x14,0.153088
39,0,imagen.jpeg,108,activacion,1x576x14x14,0.330834
39,0,imagen.jpeg,109,pointwise_conv,1x576x14x14,5.982998
39,0,imagen.jpeg,110,batchnorm,1x96x14x14,0.015913
39,0,imagen.jpeg,111,layer_add,1x96x14x14,0.011691
39,0,imagen.jpeg,112,pointwise_conv,1x96x14x14,5.795091
39,0,imagen.jpeg,113,batchnorm,1x576x14x14,0.096418
39,0,imagen.jpeg,114,activacion,1x576x14x14,0.29747
39,0,imagen.jpeg,115,depthwise_conv,1x576x14x14,0.253836
39,0,imagen.jpeg,116,batchnorm,1x576x7x7,0.029009
39,0,imagen.jpeg,117,activacion,1x576x7x7,0.062067
39,0,imagen.jpeg,118,pointwise_conv,1x576x7x7,2.322577
39,0,imagen.jpeg,119,batchnorm,1x160x7x7,0.007399
39,0,imagen.jpeg,120,pointwise_conv,1x160x7x7,3.854764
39,0,imagen.jpeg,121,batchnorm,1x960x7x7,0.042472
39,0,imagen.jpeg,122,activacion,1x960x7x7,0.145694
39,0,imagen.jpeg,123,depthwise_conv,1x960x7x7,0.413245
39,0,imagen.jpeg,124,batchnorm,1x960x7x7,0.041433
39,0,imagen.jpeg,125,activacion,1x960x7x7,0.170929
39,0,imagen.jpeg,126,pointwise_conv,1x960x7x7,4.135478
39,0,imagen.jpeg,127,batchnorm,1x160x7x7,0.007478
39,0,imagen.jpeg,128,layer_add,1x160x7x7,0.003842
39,0,imagen.jpeg,129,pointwise_conv,1x160x7x7,4.297781
39,0,imagen.jpeg,130,batchnorm,1x960x7x7,0.044547
39,0,imagen.jpeg,131,activacion,1x960x7x7,0.139228
39,0,imagen.jpeg,132,depthwise_conv,1x960x7x7,0.451609
39,0,imagen.jpeg,133,batchnorm,1x960x7x7,0.05271
39,0,imagen.jpeg,134,activacion,1x960x7x7,0.120995
39,0,imagen.jpeg,135,pointwise_conv,1x960x7x7,4.034417
39,0,imagen.jpeg,136,batchnorm,1x160x7x7,0.007185
39,0,imagen.jpeg,137,layer_add,1x160x7x7,0.004768
39,0,imagen.jpeg,138,pointwise_conv,1x160x7x7,4.40239
39,0,imagen.jpeg,139,batchnorm,1x960x7x7,0.046028
39,0,imagen.jpeg,140,activacion,1x960x7x7,0.110625
39,0,imagen.jpeg,141,depthwise_conv,1x960x7x7,0.448714
39,0,imagen.jpeg,142,batchnorm,1x960x7x7,0.046016
39,0,imagen.jpeg,143,activacion,1x960x7x7,0.124516
39,0,imagen.jpeg,144,pointwise_conv,1x960x7x7,8.247369
39,0,imagen.jpeg,145,batchnorm,1x320x7x7,0.037075
39,0,imagen.jpeg,146,pointwise_conv,1x320x7x7,11.508534
39,0,imagen.jpeg,147,batchnorm,1x1280x7x7,0.068401
39,0,imagen.jpeg,148,activacion,1x1280x7x7,0.200904
39,0,imagen.jpeg,149,pooling,1x1280x7x7,0.118316
39,0,imagen.jpeg,150,linear,1x1280,1.444669
40,0,imagen.jpeg,0,conv2d,1x3x224x224,15.642892
40,0,imagen.jpeg,1,batchnorm,1x32x112x112,0.399917
40,0,imagen.jpeg,2,activacion,1x32x112x112,0.661284
40,0,imagen.jpeg,3,depthwise_conv,1x32x112x112,4.02405
40,0,imagen.jpeg,4,batchnorm,1x32x112x112,2.573982
40,0,imagen.jpeg,5,activacion,1x32x112x112,0.7737
40,0,imagen.jpeg,6,pointwise_conv,1x32x112x112,3.872591
40,0,imagen.jpeg,7,batchnorm,1x16x112x112,0.185268
40,0,imagen.jpeg,8,pointwise_conv,1x16x112x112,12.487165
40,0,imagen.jpeg,9,batchnorm,1x96x112x112,2.231677
40,0,imagen.jpeg,10,activacion,1x96x112x112,3.7034
40,0,imagen.jpeg,11,depthwise_conv,1x96x112x112,3.384842
40,0,imagen.jpeg,12,batchnorm,1x96x56x56,0.299621
40,0,imagen.jpeg,13,activacion,1x96x56x56,1.072451
40,0,imagen.jpeg,14,pointwise_conv,1x96x56x56,5.163977
40,0,imagen.jpeg,15,batchnorm,1x24x56x56,0.074065
40,0,imagen.jpeg,16,pointwise_conv,1x24x56x56,7.633678
40,0,imagen.jpeg,17,batchnorm,1x144x56x56,0.958172
40,0,imagen.jpeg,18,activacion,1x144x56x56,1.390631
40,0,imagen.jpeg,19,depthwise_conv,1x144x56x56,5.438406
40,0,imagen.jpeg,20,batchnorm,1x144x56x56,0.941303
40,0,imagen.jpeg,21,activacion,1x144x56x56,1.774803
40,0,imagen.jpeg,22,pointwise_conv,1x144x56x56,7.746704
40,0,imagen.jpeg,23,batchnorm,1x24x56x56,0.080244
40,0,imagen.jpeg,24,layer_add,1x24x56x56,0.051005
40,0,imagen.jpeg,25,pointwise_conv,1x24x56x56,7.218294
40,0,imagen.jpeg,26,batchnorm,1x144x56x56,0.479731
40,0,imagen.jpeg,27,activacion,1x144x56x56,1.701947
40,0,imagen.jpeg,28,depthwise_conv,1x144x56x56,1.279993
40,0,imagen.jpeg,29,batchnorm,1x144x28x28,0.110496
40,0,imagen.jpeg,30,activacion,1x144x28x28,0.404646
40,0,imagen.jpeg,31,pointwise_conv,1x144x28x28,2.861125
40,0,imagen.jpeg,32,batchnorm,1x32x28x28,0.026731
40,0,imagen.jpeg,33,pointwise_conv,1x32x28x28,3.081165
40,0,imagen.jpeg,34,batchnorm,1x192x28x28,0.157112
40,0,imagen.jpeg,35,activacion,1x192x28x28,0.405219
40,0,imagen.jpeg,36,depthwise_conv,1x192x28x28,1.571772
40,0,imagen.jpeg,37,batchnorm,1x192x28x28,0.14082
40,0,imagen.jpeg,38,activacion,1x192x28x28,0.558237
40,0,imagen.jpeg,39,pointwise_conv,1x192x28x28,2.799928
40,0,imagen.jpeg,40,batchnorm,1x32x28x28,0.023447
40,0,imagen.jpeg,41,layer_add,1x32x28x28,0.014748
40,0,imagen.jpeg,42,pointwise_conv,1x32x28x28,2.813092
40,0,imagen.jpeg,43,batchnorm,1x192x28x28,0.138079
40,0,imagen.jpeg,44,activacion,1x192x28x28,0.439592
40,0,imagen.jpeg,45,depthwise_conv,1x192x28x28,1.570893
40,0,imagen.jpeg,46,batchnorm,1x192x28x28,0.154907
40,0,imagen.jpeg,47,activacion,1x192x28x28,0.533886
40,0,imagen.jpeg,48,pointwise_conv,1x192x28x28,2.851838
40,0,imagen.jpeg,49,batchnorm,1x32x28x28,0.023735
40,0,imagen.jpeg,50,layer_add,1x32x28x28,0.015497
40,0,imagen.jpeg,51,pointwise_conv,1x32x28x28,2.806091
40,0,imagen.jpeg,52,batchnorm,1x192x28x28,0.146578
40,0,imagen.jpeg,53,activacion,1x192x28x28,0.504638
40,0,imagen.jpeg,54,depthwise_conv,1x192x28x28,0.400815
40,0,imagen.jpeg,55,batchnorm,1x192x14x14,0.037453
40,0,imagen.jpeg,56,activacion,1x192x14x14,0.101087
40,0,imagen.jpeg,57,pointwise_conv,1x192x14x14,1.466276
40,0,imagen.jpeg,58,batchnorm,1x64x14x14,0.013654
40,0,imagen.jpeg,59,pointwise_conv,1x64x14x14,2.86566
40,0,imagen.jpeg,60,batchnorm,1x384x14x14,0.070322
40,0,imagen.jpeg,61,activacion,1x384x14x14,0.208397
40,0,imagen.jpeg,62,depthwise_conv,1x384x14x14,0.786945
40,0,imagen.jpeg,63,batchnorm,1x384x14x14,0.068928
40,0,imagen.jpeg,64,activacion,1x384x14x14,0.282168
40,0,imagen.jpeg,65,pointwise_conv,1x384x14x14,2.821949
40,0,imagen.jpeg,66,batchnorm,1x64x14x14,0.012655
40,0,imagen.jpeg,67,layer_add,1x64x14x14,0.007118
40,0,imagen.jpeg,68,pointwise_conv,1x64x14x14,2.85098
40,0,imagen.jpeg,69,batchnorm,1x384x14x14,0.071012
40,0,imagen.jpeg,70,activacion,1x384x14x14,0.244979
40,0,imagen.jpeg,71,depthwise_conv,1x384x14x14,0.787763
40,0,imagen.jpeg,72,batchnorm,1x384x14x14,0.100828
40,0,imagen.jpeg,73,activacion,1x384x14x14,0.260891
40,0,imagen.jpeg,74,pointwise_conv,1x384x14x14,2.772937
40,0,imagen.jpeg,75,batchnorm,1x64x14x14,0.011777
40,0,imagen.jpeg,76,layer_add,1x64x14x14,0.007165
40,0,imagen.jpeg,77,pointwise_conv,1x64x14x14,2.706701
40,0,imagen.jpeg,78,batchnorm,1x384x14x14,0.066951
40,0,imagen.jpeg,79,activacion,1x384x14x14,0.255735
40,0,imagen.jpeg,80,depthwise_conv,1x384x14x14,0.768875
40,0,imagen.jpeg,81,batchnorm,1x384x14x14,0.142562
40,0,imagen.jpeg,82,activacion,1x384x14x14,0.230609
40,0,imagen.jpeg,83,pointwise_conv,1x384x14x14,2.744397
40,0,imagen.jpeg,84,batchnorm,1x64x14x14,0.011053
40,0,imagen.jpeg,85,layer_add,1x64x14x14,0.006864
40,0,imagen.jpeg,86,pointwise_conv,1x64x14x14,2.757555
40,0,imagen.jpeg,87,batchnorm,1x384x14x14,0.072741
40,0,imagen.jpeg,88,activacion,1x384x14x14,0.26285
40,0,imagen.jpeg,89,depthwise_conv,1x384x14x14,0.76669
40,0,imagen.jpeg,90,batchnorm,1x384x14x14,0.067117
40,0,imagen.jpeg,91,activacion,1x384x14x14,0.242374
40,0,imagen.jpeg,92,pointwise_conv,1x384x14x14,4.20566
40,0,imagen.jpeg,93,batchnorm,1x96x14x14,0.045529
40,0,imagen.jpeg,94,pointwise_conv,1x96x14x14,6.015523
40,0,imagen.jpeg,95,batchnorm,1x576x14x14,0.104921
40,0,imagen.jpeg,96,activacion,1x576x14x14,0.42678
40,0,imagen.jpeg,97,depthwise_conv,1x576x14x14,1.144189
40,0,imagen.jpeg,98,batchnorm,1x576x14x14,0.193466
40,0,imagen.jpeg,99,activacion,1x576x14x14,0.339868
40,0,imagen.jpeg,100,pointwise_conv,1x576x14x14,6.033128
40,0,imagen.jpeg,101,batchnorm,1x96x14x14,0.016511
40,0,imagen.jpeg,102,layer_add,1x96x14x14,0.010402
40,0,imagen.jpeg,103,pointwise_conv,1x96x14x14,6.092204
40,0,imagen.jpeg,104,batchnorm,1x576x14x14,0.10933
40,0,imagen.jpeg,105,activacion,1x576x14x14,0.377232
40,0,imagen.jpeg,106,depthwise_conv,1x576x14x14,1.128545
40,0,imagen.jpeg,107,batchnorm,1x576x14x14,0.157724
40,0,imagen.jpeg,108,activacion,1x576x14x14,0.302036
40,0,imagen.jpeg,109,pointwise_conv,1x576x14x14,6.294913
40,0,imagen.jpeg,110,batchnorm,1x96x14x14,0.017608
40,0,imagen.jpeg,111,layer_add,1x96x14x14,0.012624
40,0,imagen.jpeg,112,pointwise_conv,1x96x14x14,6.181433
40,0,imagen.jpeg,113,batchnorm,1x576x14x14,0.110236
40,0,imagen.jpeg,114,activacion,1x576x14x14,0.312643
40,0,imagen.jpeg,115,depthwise_conv,1x576x14x14,0.270601
40,0,imagen.jpeg,116,batchnorm,1x576x7x7,0.03065
40,0,imagen.jpeg,117,activacion,1x576x7x7,0.077736
40,0,imagen.jpeg,118,pointwise_conv,1x576x7x7,2.527255
40,0,imagen.jpeg,119,batchnorm,1x160x7x7,0.077673
40,0,imagen.jpeg,120,pointwise_conv,1x160x7x7,4.249439
40,0,imagen.jpeg,121,batchnorm,1x960x7x7,0.046641
40,0,imagen.jpeg,122,activacion,1x960x7x7,0.149772
40,0,imagen.jpeg,123,depthwise_conv,1x960x7x7,0.428524
40,0,imagen.jpeg,124,batchnorm,1x960x7x7,0.042953
40,0,imagen.jpeg,125,activacion,1x960x7x7,0.137932
40,0,imagen.jpeg,126,pointwise_conv,1x960x7x7,4.082246
40,0,imagen.jpeg,127,batchnorm,1x160x7x7,0.022081
40,0,imagen.jpeg,128,layer_add,1x160x7x7,0.004457
40,0,imagen.jpeg,129,pointwise_conv,1x160x7x7,4.219325
40,0,imagen.jpeg,130,batchnorm,1x960x7x7,0.045851
40,0,imagen.jpeg,131,activacion,1x960x7x7,0.141205
40,0,imagen.jpeg,132,depthwise_conv,1x960x7x7,0.429152
40,0,imagen.jpeg,133,batchnorm,1x960x7x7,0.055923
40,0,imagen.jpeg,134,activacion,1x960x7x7,0.144753
40,0,imagen.jpeg,135,pointwise_conv,1x960x7x7,4.149906
40,0,imagen.jpeg,136,batchnorm,1x160x7x7,0.007744
40,0,imagen.jpeg,137,layer_add,1x160x7x7,0.004664
40,0,imagen.jpeg,138,pointwise_conv,1x160x7x7,4.299826
40,0,imagen.jpeg,139,batchnorm,1x960x7x7,0.044635
40,0,imagen.jpeg,140,activacion,1x960x7x7,0.112251
40,0,imagen.jpeg,141,depthwise_conv,1x960x7x7,0.438551
40,0,imagen.jpeg,142,batchnorm,1x960x7x7,0.047066
40,0,imagen.jpeg,143,activacion,1x960x7x7,0.089168
40,0,imagen.jpeg,144,pointwise_conv,1x960x7x7,8.521049
40,0,imagen.jpeg,145,batchnorm,1x320x7x7,0.015765
40,0,imagen.jpeg,146,pointwise_conv,1x320x7x7,11.383462
40,0,imagen.jpeg,147,batchnorm,1x1280x7x7,0.080196
40,0,imagen.jpeg,148,activacion,1x1280x7x7,0.195173
40,0,imagen.jpeg,149,pooling,1x1280x7x7,0.042833
40,0,imagen.jpeg,150,linear,1x1280,1.424086
41,0,imagen.jpeg,0,conv2d,1x3x224x224,16.227842
41,0,imagen.jpeg,1,batchnorm,1x32x112x112,0.422061
41,0,imagen.jpeg,2,activacion,1x32x112x112,0.696247
41,0,imagen.jpeg,3,depthwise_conv,1x32x112x112,4.416516
41,0,imagen.jpeg,4,batchnorm,1x32x112x112,2.593786
41,0,imagen.jpeg,5,activacion,1x32x112x112,0.929352
41,0,imagen.jpeg,6,pointwise_conv,1x32x112x112,4.158087
41,0,imagen.jpeg,7,batchnorm,1x16x112x112,0.226952
41,0,imagen.jpeg,8,pointwise_conv,1x16x112x112,13.029728
41,0,imagen.jpeg,9,batchnorm,1x96x112x112,2.153977
41,0,imagen.jpeg,10,activacion,1x96x112x112,3.632411
41,0,imagen.jpeg,11,depthwise_conv,1x96x112x112,3.349518
41,0,imagen.jpeg,12,batchnorm,1x96x56x56,0.303435
41,0,imagen.jpeg,13,activacion,1x96x56x56,1.062009
41,0,imagen.jpeg,14,pointwise_conv,1x96x56x56,4.386779
41,0,imagen.jpeg,15,batchnorm,1x24x56x56,0.089907
41,0,imagen.jpeg,16,pointwise_conv,1x24x56x56,7.062547
41,0,imagen.jpeg,17,batchnorm,1x144x56x56,0.923715
41,0,imagen.jpeg,18,activacion,1x144x56x56,1.331596
41,0,imagen.jpeg,19,depthwise_conv,1x144x56x56,4.75391
41,0,imagen.jpeg,20,batchnorm,1x144x56x56,1.049769
41,0,imagen.jpeg,21,activacion,1x144x56x56,1.679201
41,0,imagen.jpeg,22,pointwise_conv,1x144x56x56,6.657145
41,0,imagen.jpeg,23,batchnorm,1x24x56x56,0.069908
41,0,imagen.jpeg,24,layer_add,1x24x56x56,0.045064
41,0,imagen.jpeg,25,pointwise_conv,1x24x56x56,6.358695
41,0,imagen.jpeg,26,batchnorm,1x144x56x56,0.450344
41,0,imagen.jpeg,27,activacion,1x144x56x56,1.606112
41,0,imagen.jpeg,28,depthwise_conv,1x144x56x56,1.468386
41,0,imagen.jpeg,29,batchnorm,1x144x28x28,0.112411
41,0,imagen.jpeg,30,activacion,1x144x28x28,0.38767
41,0,imagen.jpeg,31,pointwise_conv,1x144x28x28,2.128973
41,0,imagen.jpeg,32,batchnorm,1x32x28x28,0.024923
41,0,imagen.jpeg,33,pointwise_conv,1x32x28x28,2.914534
41,0,imagen.jpeg,34,batchnorm,1x192x28x28,0.151279
41,0,imagen.jpeg,35,activacion,1x192x28x28,0.399257
41,0,imagen.jpeg,36,depthwise_conv,1x192x28x28,1.575518
41,0,imagen.jpeg,37,batchnorm,1x192x28x28,0.142775
41,0,imagen.jpeg,38,activacion,1x192x28x28,0.592371
41,0,imagen.jpeg,39,pointwise_conv,1x192x28x28,2.812705
41,0,imagen.jpeg,40,batchnorm,1x32x28x28,0.022215
41,0,imagen.jpeg,41,layer_add,1x32x28x28,0.013844
41,0,imagen.jpeg,42,pointwise_conv,1x32x28x28,2.768102
41,0,imagen.jpeg,43,batchnorm,1x192x28x28,0.188396
41,0,imagen.jpeg,44,activacion,1x192x28x28,0.443387
41,0,imagen.jpeg,45,depthwise_conv,1x192x28x28,1.601187
41,0,imagen.jpeg,46,batchnorm,1x192x28x28,0.160852
41,0,imagen.jpeg,47,activacion,1x192x28x28,0.542855
41,0,imagen.jpeg,48,pointwise_conv,1x192x28x28,2.992802
41,0,imagen.jpeg,49,batchnorm,1x32x28x28,0.034677
41,0,imagen.jpeg,50,layer_add,1x32x28x28,0.022741
41,0,imagen.jpeg,51,pointwise_conv,1x32x28x28,3.904102
41,0,imagen.jpeg,52,batchnorm,1x192x28x28,0.179148
41,0,imagen.jpeg,53,activacion,1x192x28x28,0.557633
41,0,imagen.jpeg,54,depthwise_conv,1x192x28x28,0.441306
41,0,imagen.jpeg,55,batchnorm,1x192x14x14,0.039365
41,0,imagen.jpeg,56,activacion,1x192x14x14,0.110399
41,0,imagen.jpeg,57,pointwise_conv,1x192x14x14,1.551686
41,0,imagen.jpeg,58,batchnorm,1x64x14x14,0.013966
41,0,imagen.jpeg,59,pointwise_conv,1x64x14x14,3.060976
41,0,imagen.jpeg,60,batchnorm,1x384x14x14,0.083478
41,0,imagen.jpeg,61,activacion,1x384x14x14,0.222399
41,0,imagen.jpeg,62,depthwise_conv,1x384x14x14,0.955809
41,0,imagen.jpeg,63,batchnorm,1x384x14x14,0.090452
41,0,imagen.jpeg,64,activacion,1x384x14x14,0.355537
41,0,imagen.jpeg,65,pointwise_conv,1x384x14x14,3.168107
41,0,imagen.jpeg,66,batchnorm,1x64x14x14,0.013724
41,0,imagen.jpeg,67,layer_add,1x64x14x14,0.007621
41,0,imagen.jpeg,68,pointwise_conv,1x64x14x14,3.064707
41,0,imagen.jpeg,69,batchnorm,1x384x14x14,0.079679
41,0,imagen.jpeg,70,activacion,1x384x14x14,0.272985
41,0,imagen.jpeg,71,depthwise_conv,1x384x14x14,0.945912
41,0,imagen.jpeg,72,batchnorm,1x384x14x14,0.1116
41,0,imagen.jpeg,73,activacion,1x384x14x14,0.278978
41,0,imagen.jpeg,74,pointwise_conv,1x384x14x14,3.072229
41,0,imagen.jpeg,75,batchnorm,1x64x14x14,0.013053
41,0,imagen.jpeg,76,layer_add,1x64x14x14,0.008306
41,0,imagen.jpeg,77,pointwise_conv,1x64x14x14,3.074936
41,0,imagen.jpeg,78,batchnorm,1x384x14x14,0.110515
41,0,imagen.jpeg,79,activacion,1x384x14x14,0.306155
41,0,imagen.jpeg,80,depthwise_conv,1x384x14x14,1.052229
41,0,imagen.jpeg,81,batchnorm,1x384x14x14,0.190798
41,0,imagen.jpeg,82,activacion,1x384x14x14,0.307312
41,0,imagen.jpeg,83,pointwise_conv,1x384x14x14,3.421109
41,0,imagen.jpeg,84,batchnorm,1x64x14x14,0.014786
41,0,imagen.jpeg,85,layer_add,1x64x14x14,0.008037
41,0,imagen.jpeg,86,pointwise_conv,1x64x14x14,3.232338
41,0,imagen.jpeg,87,batchnorm,1x384x14x14,0.07993
41,0,imagen.jpeg,88,activacion,1x384x14x14,0.29046
41,0,imagen.jpeg,89,depthwise_conv,1x384x14x14,0.859633
41,0,imagen.jpeg,90,batchnorm,1x384x14x14,0.075716
41,0,imagen.jpeg,91,activacion,1x384x14x14,0.270982
41,0,imagen.jpeg,92,pointwise_conv,1x384x14x14,4.558912
41,0,imagen.jpeg,93,batchnorm,1x96x14x14,0.019173
41,0,imagen.jpeg,94,pointwise_conv,1x96x14x14,6.590594
41,0,imagen.jpeg,95,batchnorm,1x576x14x14,0.116803
41,0,imagen.jpeg,96,activacion,1x576x14x14,0.405335
41,0,imagen.jpeg,97,depthwise_conv,1x576x14x14,1.253665
41,0,imagen.jpeg,98,batchnorm,1x576x14x14,0.186421
41,0,imagen.jpeg,99,activacion,1x576x14x14,0.357649
41,0,imagen.jpeg,100,pointwise_conv,1x576x14x14,7.720327
41,0,imagen.jpeg,101,batchnorm,1x96x14x14,0.024822
41,0,imagen.jpeg,102,layer_add,1x96x14x14,0.011854
41,0,imagen.jpeg,103,pointwise_conv,1x96x14x14,6.798348
41,0,imagen.jpeg,104,batchnorm,1x576x14x14,0.120821
41,0,imagen.jpeg,105,activacion,1x576x14x14,0.412163
41,0,imagen.jpeg,106,depthwise_conv,1x576x14x14,1.259706
41,0,imagen.jpeg,107,batchnorm,1x576x14x14,0.199434
41,0,imagen.jpeg,108,activacion,1x576x14x14,0.328521
41,0,imagen.jpeg,109,pointwise_conv,1x576x14x14,7.965206
41,0,imagen.jpeg,110,batchnorm,1x96x14x14,0.026098
41,0,imagen.jpeg,111,layer_add,1x96x14x14,0.017709
41,0,imagen.jpeg,112,pointwise_conv,1x96x14x14,7.020795
41,0,imagen.jpeg,113,batchnorm,1x576x14x14,0.124406
41,0,imagen.jpeg,114,activacion,1x576x14x14,0.360539
41,0,imagen.jpeg,115,depthwise_conv,1x576x14x14,0.312289
41,0,imagen.jpeg,116,batchnorm,1x576x7x7,0.034524
41,0,imagen.jpeg,117,activacion,1x576x7x7,0.074521
41,0,imagen.jpeg,118,pointwise_conv,1x576x7x7,3.405961
41,0,imagen.jpeg,119,batchnorm,1x160x7x7,0.018399
41,0,imagen.jpeg,120,pointwise_conv,1x160x7x7,4.874148
41,0,imagen.jpeg,121,batchnorm,1x960x7x7,0.063781
41,0,imagen.jpeg,122,activacion,1x960x7x7,0.172208
41,0,imagen.jpeg,123,depthwise_conv,1x960x7x7,0.6779
41,0,imagen.jpeg,124,batchnorm,1x960x7x7,0.051215
41,0,imagen.jpeg,125,activacion,1x960x7x7,0.158515
41,0,imagen.jpeg,126,pointwise_conv,1x960x7x7,4.62087
41,0,imagen.jpeg,127,batchnorm,1x160x7x7,0.008744
41,0,imagen.jpeg,128,layer_add,1x160x7x7,0.004777
41,0,imagen.jpeg,129,pointwise_conv,1x160x7x7,4.779936
41,0,imagen.jpeg,130,batchnorm,1x960x7x7,0.05898
41,0,imagen.jpeg,131,activacion,1x960x7x7,0.189867
41,0,imagen.jpeg,132,depthwise_conv,1x960x7x7,0.495517
41,0,imagen.jpeg,133,batchnorm,1x960x7x7,0.066032
41,0,imagen.jpeg,134,activacion,1x960x7x7,0.143156
41,0,imagen.jpeg,135,pointwise_conv,1x960x7x7,4.822883
41,0,imagen.jpeg,136,batchnorm,1x160x7x7,0.009157
41,0,imagen.jpeg,137,layer_add,1x160x7x7,0.00509
41,0,imagen.jpeg,138,pointwise_conv,1x160x7x7,4.694036
41,0,imagen.jpeg,139,batchnorm,1x960x7x7,0.057406
41,0,imagen.jpeg,140,activacion,1x960x7x7,0.13039
41,0,imagen.jpeg,141,depthwise_conv,1x960x7x7,0.487759
41,0,imagen.jpeg,142,batchnorm,1x960x7x7,0.053986
41,0,imagen.jpeg,143,activacion,1x960x7x7,0.100725
41,0,imagen.jpeg,144,pointwise_conv,1x960x7x7,10.588953
41,0,imagen.jpeg,145,batchnorm,1x320x7x7,0.018858
41,0,imagen.jpeg,146,pointwise_conv,1x320x7x7,12.787351
41,0,imagen.jpeg,147,batchnorm,1x1280x7x7,0.073532
41,0,imagen.jpeg,148,activacion,1x1280x7x7,0.235272
41,0,imagen.jpeg,149,pooling,1x1280x7x7,0.052379
41,0,imagen.jpeg,150,linear,1x1280,1.597489
42,0,imagen.jpeg,0,conv2d,1x3x224x224,18.914619
42,0,imagen.jpeg,1,batchnorm,1x32x112x112,0.450277
42,0,imagen.jpeg,2,activacion,1x32x112x112,0.736077
42,0,imagen.jpeg,3,depthwise_conv,1x32x112x112,4.45954
42,0,imagen.jpeg,4,batchnorm,1x32x112x112,2.621942
42,0,imagen.jpeg,5,activacion,1x32x112x112,0.841568
42,0,imagen.jpeg,6,pointwise_conv,1x32x112x112,4.632169
42,0,imagen.jpeg,7,batchnorm,1x16x112x112,0.213076
42,0,imagen.jpeg,8,pointwise_conv,1x16x112x112,12.593885
42,0,imagen.jpeg,9,batchnorm,1x96x112x112,2.272199
42,0,imagen.jpeg,10,activacion,1x96x112x112,3.827462
42,0,imagen.jpeg,11,depthwise_conv,1x96x112x112,3.426272
42,0,imagen.jpeg,12,batchnorm,1x96x56x56,0.42439
42,0,imagen.jpeg,13,activacion,1x96x56x56,1.144003
42,0,imagen.jpeg,14,pointwise_conv,1x96x56x56,5.141311
42,0,imagen.jpeg,15,batchnorm,1x24x56x56,0.08039
42,0,imagen.jpeg,16,pointwise_conv,1x24x56x56,7.724423
42,0,imagen.jpeg,17,batchnorm,1x144x56x56,1.144428
42,0,imagen.jpeg,18,activacion,1x144x56x56,1.511833
42,0,imagen.jpeg,19,depthwise_conv,1x144x56x56,5.153752
42,0,imagen.jpeg,20,batchnorm,1x144x56x56,1.014879
42,0,imagen.jpeg,21,activacion,1x144x56x56,1.794259
42,0,imagen.jpeg,22,pointwise_conv,1x144x56x56,7.491889
42,0,imagen.jpeg,23,batchnorm,1x24x56x56,0.079422
42,0,imagen.jpeg,24,layer_add,1x24x56x56,0.050671
42,0,imagen.jpeg,25,pointwise_conv,1x24x56x56,6.827029
42,0,imagen.jpeg,26,batchnorm,1x144x56x56,0.483533
42,0,imagen.jpeg,27,activacion,1x144x56x56,1.668279
42,0,imagen.jpeg,28,depthwise_conv,1x144x56x56,1.254705
42,0,imagen.jpeg,29,batchnorm,1x144x28x28,0.110909
42,0,imagen.jpeg,30,activacion,1x144x28x28,0.404183
42,0,imagen.jpeg,31,pointwise_conv,1x144x28x28,2.142742
42,0,imagen.jpeg,32,batchnorm,1x32x28x28,0.032792
42,0,imagen.jpeg,33,pointwise_conv,1x32x28x28,3.326218
42,0,imagen.jpeg,34,batchnorm,1x192x28x28,0.159387
42,0,imagen.jpeg,35,activacion,1x192x28x28,0.405351
42,0,imagen.jpeg,36,depthwise_conv,1x192x28x28,1.803922
42,0,imagen.jpeg,37,batchnorm,1x192x28x28,0.161737
42,0,imagen.jpeg,38,activacion,1x192x28x28,0.580938
42,0,imagen.jpeg,39,pointwise_conv,1x192x28x28,2.900297
42,0,imagen.jpeg,40,batchnorm,1x32x28x28,0.025567
42,0,imagen.jpeg,41,layer_add,1x32x28x28,0.015874
42,0,imagen.jpeg,42,pointwise_conv,1x32x28x28,2.953812
42,0,imagen.jpeg,43,batchnorm,1x192x28x28,0.162349
42,0,imagen.jpeg,44,activacion,1x192x28x28,0.494257
42,0,imagen.jpeg,45,depthwise_conv,1x192x28x28,1.660842
42,0,imagen.jpeg,46,batchnorm,1x192x28x28,0.144697
42,0,imagen.jpeg,47,activacion,1x192x28x28,0.547661
42,0,imagen.jpeg,48,pointwise_conv,1x192x28x28,3.613267
42,0,imagen.jpeg,49,batchnorm,1x32x28x28,0.025918
42,0,imagen.jpeg,50,layer_add,1x32x28x28,0.01496
42,0,imagen.jpeg,51,pointwise_conv,1x32x28x28,3.054331
42,0,imagen.jpeg,52,batchnorm,1x192x28x28,0.157134
42,0,imagen.jpeg,53,activacion,1x192x28x28,0.534512
42,0,imagen.jpeg,54,depthwise_conv,1x192x28x28,0.418438
42,0,imagen.jpeg,55,batchnorm,1x192x14x14,0.037694
42,0,imagen.jpeg,56,activacion,1x192x14x14,0.111499
42,0,imagen.jpeg,57,pointwise_conv,1x192x14x14,1.483254
42,0,imagen.jpeg,58,batchnorm,1x64x14x14,0.013029
42,0,imagen.jpeg,59,pointwise_conv,1x64x14x14,3.155874
42,0,imagen.jpeg,60,batchnorm,1x384x14x14,0.088035
42,0,imagen.jpeg,61,activacion,1x384x14x14,0.221203
42,0,imagen.jpeg,62,depthwise_conv,1x384x14x14,0.866764
42,0,imagen.jpeg,63,batchnorm,1x384x14x14,0.076369
42,0,imagen.jpeg,64,activacion,1x384x14x14,0.296838
42,0,imagen.jpeg,65,pointwise_conv,1x384x14x14,3.127399
42,0,imagen.jpeg,66,batchnorm,1x64x14x14,0.013162
42,0,imagen.jpeg,67,layer_add,1x64x14x14,0.007272
42,0,imagen.jpeg,68,pointwise_conv,1x64x14x14,2.929757
42,0,imagen.jpeg,69,batchnorm,1x384x14x14,0.069946
42,0,imagen.jpeg,70,activacion,1x384x14x14,0.249315
42,0,imagen.jpeg,71,depthwise_conv,1x384x14x14,0.824446
42,0,imagen.jpeg,72,batchnorm,1x384x14x14,0.102711
42,0,imagen.jpeg,73,activacion,1x384x14x14,0.262284
42,0,imagen.jpeg,74,pointwise_conv,1x384x14x14,2.858151
42,0,imagen.jpeg,75,batchnorm,1x64x14x14,0.011996
42,0,imagen.jpeg,76,layer_add,1x64x14x14,0.006966
42,0,imagen.jpeg,77,pointwise_conv,1x64x14x14,2.774858
42,0,imagen.jpeg,78,batchnorm,1x384x14x14,0.067088
42,0,imagen.jpeg,79,activacion,1x384x14x14,0.274762
42,0,imagen.jpeg,80,depthwise_conv,1x384x14x14,0.794194
42,0,imagen.jpeg,81,batchnorm,1x384x14x14,0.146399
42,0,imagen.jpeg,82,activacion,1x384x14x14,0.235853
42,0,imagen.jpeg,83,pointwise_conv,1x384x14x14,2.756971
42,0,imagen.jpeg,84,batchnorm,1x64x14x14,0.011039
42,0,imagen.jpeg,85,layer_add,1x64x14x14,0.005419
42,0,imagen.jpeg,86,pointwise_conv,1x64x14x14,2.914145
42,0,imagen.jpeg,87,batchnorm,1x384x14x14,0.070029
42,0,imagen.jpeg,88,activacion,1x384x14x14,0.262205
42,0,imagen.jpeg,89,depthwise_conv,1x384x14x14,0.792011
42,0,imagen.jpeg,90,batchnorm,1x384x14x14,0.068859
42,0,imagen.jpeg,91,activacion,1x384x14x14,0.253556
42,0,imagen.jpeg,92,pointwise_conv,1x384x14x14,4.088104
42,0,imagen.jpeg,93,batchnorm,1x96x14x14,0.017062
42,0,imagen.jpeg,94,pointwise_conv,1x96x14x14,6.063631
42,0,imagen.jpeg,95,batchnorm,1x576x14x14,0.098419
42,0,imagen.jpeg,96,activacion,1x576x14x14,0.359044
42,0,imagen.jpeg,97,depthwise_conv,1x576x14x14,1.171766
42,0,imagen.jpeg,98,batchnorm,1x576x14x14,0.173074
42,0,imagen.jpeg,99,activacion,1x576x14x14,0.324587
42,0,imagen.jpeg,100,pointwise_conv,1x576x14x14,6.184598
42,0,imagen.jpeg,101,batchnorm,1x96x14x14,0.021182
42,0,imagen.jpeg,102,layer_add,1x96x14x14,0.009883
42,0,imagen.jpeg,103,pointwise_conv,1x96x14x14,6.125267
42,0,imagen.jpeg,104,batchnorm,1x576x14x14,0.102882
42,0,imagen.jpeg,105,activacion,1x576x14x14,0.371051
42,0,imagen.jpeg,106,depthwise_conv,1x576x14x14,1.129129
42,0,imagen.jpeg,107,batchnorm,1x576x14x14,0.160574
42,0,imagen.jpeg,108,activacion,1x576x14x14,0.301087
42,0,imagen.jpeg,109,pointwise_conv,1x576x14x14,6.308851
42,0,imagen.jpeg,110,batchnorm,1x96x14x14,0.020384
42,0,imagen.jpeg,111,layer_add,1x96x14x14,0.014108
42,0,imagen.jpeg,112,pointwise_conv,1x96x14x14,6.227535
42,0,imagen.jpeg,113,batchnorm,1x576x14x14,0.105148
42,0,imagen.jpeg,114,activacion,1x576x14x14,0.312044
42,0,imagen.jpeg,115,depthwise_conv,1x576x14x14,0.266648
42,0,imagen.jpeg,116,batchnorm,1x576x7x7,0.030396
42,0,imagen.jpeg,117,activacion,1x576x7x7,0.0683
42,0,imagen.jpeg,118,pointwise_conv,1x576x7x7,2.431214
42,0,imagen.jpeg,119,batchnorm,1x160x7x7,0.00732
42,0,imagen.jpeg,120,pointwise_conv,1x160x7x7,4.414766
42,0,imagen.jpeg,121,batchnorm,1x960x7x7,0.075133
42,0,imagen.jpeg,122,activacion,1x960x7x7,0.165295
42,0,imagen.jpeg,123,depthwise_conv,1x960x7x7,0.495323
42,0,imagen.jpeg,124,batchnorm,1x960x7x7,0.048342
42,0,imagen.jpeg,125,activacion,1x960x7x7,0.139966
42,0,imagen.jpeg,126,pointwise_conv,1x960x7x7,4.517794
42,0,imagen.jpeg,127,batchnorm,1x160x7x7,0.008088
42,0,imagen.jpeg,128,layer_add,1x160x7x7,0.004096
42,0,imagen.jpeg,129,pointwise_conv,1x160x7x7,4.099448
42,0,imagen.jpeg,130,batchnorm,1x960x7x7,0.05978
42,0,imagen.jpeg,131,activacion,1x960x7x7,0.138939
42,0,imagen.jpeg,132,depthwise_conv,1x960x7x7,0.438557
42,0,imagen.jpeg,133,batchnorm,1x960x7x7,0.053904
42,0,imagen.jpeg,134,activacion,1x960x7x7,0.124329
42,0,imagen.jpeg,135,pointwise_conv,1x960x7x7,4.164659
42,0,imagen.jpeg,136,batchnorm,1x160x7x7,0.010588
42,0,imagen.jpeg,137,layer_add,1x160x7x7,0.00615
42,0,imagen.jpeg,138,pointwise_conv,1x160x7x7,4.833827
42,0,imagen.jpeg,139,batchnorm,1x960x7x7,0.047606
42,0,imagen.jpeg,140,activacion,1x960x7x7,0.135772
42,0,imagen.jpeg,141,depthwise_conv,1x960x7x7,0.44676
42,0,imagen.jpeg,142,batchnorm,1x960x7x7,0.054962
42,0,imagen.jpeg,143,activacion,1x960x7x7,0.0933
42,0,imagen.jpeg,144,pointwise_conv,1x960x7x7,8.196597
42,0,imagen.jpeg,145,batchnorm,1x320x7x7,0.014822
42,0,imagen.jpeg,146,pointwise_conv,1x320x7x7,14.692689
42,0,imagen.jpeg,147,batchnorm,1x1280x7x7,0.101484
42,0,imagen.jpeg,148,activacion,1x1280x7x7,0.230985
42,0,imagen.jpeg,149,pooling,1x1280x7x7,0.058864
42,0,imagen.jpeg,150,linear,1x1280,1.598573
43,0,imagen.jpeg,0,conv2d,1x3x224x224,17.051666
43,0,imagen.jpeg,1,batchnorm,1x32x112x112,0.408115
43,0,imagen.jpeg,2,activacion,1x32x112x112,0.677277
43,0,imagen.jpeg,3,depthwise_conv,1x32x112x112,4.089581
43,0,imagen.jpeg,4,batchnorm,1x32x112x112,2.482997
43,0,imagen.jpeg,5,activacion,1x32x112x112,0.773396
43,0,imagen.jpeg,6,pointwise_conv,1x32x112x112,4.074082
43,0,imagen.jpeg,7,batchnorm,1x16x112x112,0.195184
43,0,imagen.jpeg,8,pointwise_conv,1x16x112x112,11.491301
43,0,imagen.jpeg,9,batchnorm,1x96x112x112,2.290764
43,0,imagen.jpeg,10,activacion,1x96x112x112,3.442293
43,0,imagen.jpeg,11,depthwise_conv,1x96x112x112,3.048882
43,0,imagen.jpeg,12,batchnorm,1x96x56x56,0.281539
43,0,imagen.jpeg,13,activacion,1x96x56x56,0.996528
43,0,imagen.jpeg,14,pointwise_conv,1x96x56x56,4.228994
43,0,imagen.jpeg,15,batchnorm,1x24x56x56,0.072634
43,0,imagen.jpeg,16,pointwise_conv,1x24x56x56,6.88929
43,0,imagen.jpeg,17,batchnorm,1x144x56x56,0.911296
43,0,imagen.jpeg,18,activacion,1x144x56x56,1.293621
43,0,imagen.jpeg,19,depthwise_conv,1x144x56x56,4.723873
43,0,imagen.jpeg,20,batchnorm,1x144x56x56,0.961097
43,0,imagen.jpeg,21,activacion,1x144x56x56,1.703834
43,0,imagen.jpeg,22,pointwise_conv,1x144x56x56,6.25019
43,0,imagen.jpeg,23,batchnorm,1x24x56x56,0.104407
43,0,imagen.jpeg,24,layer_add,1x24x56x56,0.055291
43,0,imagen.jpeg,25,pointwise_conv,1x24x56x56,6.998585
43,0,imagen.jpeg,26,batchnorm,1x144x56x56,0.454476
43,0,imagen.jpeg,27,activacion,1x144x56x56,1.621555
43,0,imagen.jpeg,28,depthwise_conv,1x144x56x56,1.210039
43,0,imagen.jpeg,29,batchnorm,1x144x28x28,0.103401
43,0,imagen.jpeg,30,activacion,1x144x28x28,0.359562
43,0,imagen.jpeg,31,pointwise_conv,1x144x28x28,2.067702
43,0,imagen.jpeg,32,batchnorm,1x32x28x28,0.023596
43,0,imagen.jpeg,33,pointwise_conv,1x32x28x28,2.908391
43,0,imagen.jpeg,34,batchnorm,1x192x28x28,0.201985
43,0,imagen.jpeg,35,activacion,1x192x28x28,0.403553
43,0,imagen.jpeg,36,depthwise_conv,1x192x28x28,1.577421
43,0,imagen.jpeg,37,batchnorm,1x192x28x28,0.139987
43,0,imagen.jpeg,38,activacion,1x192x28x28,0.549552
43,0,imagen.jpeg,39,pointwise_conv,1x192x28x28,2.77892
43,0,imagen.jpeg,40,batchnorm,1x32x28x28,0.021969
43,0,imagen.jpeg,41,layer_add,1x32x28x28,0.013919
43,0,imagen.jpeg,42,pointwise_conv,1x32x28x28,2.965519
43,0,imagen.jpeg,43,batchnorm,1x192x28x28,0.159795
43,0,imagen.jpeg,44,activacion,1x192x28x28,0.473522
43,0,imagen.jpeg,45,depthwise_conv,1x192x28x28,1.576934
43,0,imagen.jpeg,46,batchnorm,1x192x28x28,0.139253
43,0,imagen.jpeg,47,activacion,1x192x28x28,0.535617
43,0,imagen.jpeg,48,pointwise_conv,1x192x28x28,2.942928
43,0,imagen.jpeg,49,batchnorm,1x32x28x28,0.024722
43,0,imagen.jpeg,50,layer_add,1x32x28x28,0.024136
43,0,imagen.jpeg,51,pointwise_conv,1x32x28x28,2.816474
43,0,imagen.jpeg,52,batchnorm,1x192x28x28,0.148409
43,0,imagen.jpeg,53,activacion,1x192x28x28,0.508456
43,0,imagen.jpeg,54,depthwise_conv,1x192x28x28,0.397641
43,0,imagen.jpeg,55,batchnorm,1x192x14x14,0.035293
43,0,imagen.jpeg,56,activacion,1x192x14x14,0.100454
43,0,imagen.jpeg,57,pointwise_conv,1x192x14x14,1.390803
43,0,imagen.jpeg,58,batchnorm,1x64x14x14,0.011707
43,0,imagen.jpeg,59,pointwise_conv,1x64x14x14,2.861126
43,0,imagen.jpeg,60,batchnorm,1x384x14x14,0.074175
43,0,imagen.jpeg,61,activacion,1x384x14x14,0.20155
43,0,imagen.jpeg,62,depthwise_conv,1x384x14x14,0.791003
43,0,imagen.jpeg,63,batchnorm,1x384x14x14,0.069096
43,0,imagen.jpeg,64,activacion,1x384x14x14,0.287575
43,0,imagen.jpeg,65,pointwise_conv,1x384x14x14,3.008344
43,0,imagen.jpeg,66,batchnorm,1x64x14x14,0.011774
43,0,imagen.jpeg,67,layer_add,1x64x14x14,0.007134
43,0,imagen.jpeg,68,pointwise_conv,1x64x14x14,2.909887
43,0,imagen.jpeg,69,batchnorm,1x384x14x14,0.076496
43,0,imagen.jpeg,70,activacion,1x384x14x14,0.247214
43,0,imagen.jpeg,71,depthwise_conv,1x384x14x14,0.79328
43,0,imagen.jpeg,72,batchnorm,1x384x14x14,0.101112
43,0,imagen.jpeg,73,activacion,1x384x14x14,0.255345
43,0,imagen.jpeg,74,pointwise_conv,1x384x14x14,2.757924
43,0,imagen.jpeg,75,batchnorm,1x64x14x14,0.011141
43,0,imagen.jpeg,76,layer_add,1x64x14x14,0.008004
43,0,imagen.jpeg,77,pointwise_conv,1x64x14x14,2.714994
43,0,imagen.jpeg,78,batchnorm,1x384x14x14,0.063971
43,0,imagen.jpeg,79,activacion,1x384x14x14,0.246589
43,0,imagen.jpeg,80,depthwise_conv,1x384x14x14,0.751581
43,0,imagen.jpeg,81,batchnorm,1x384x14x14,0.138879
43,0,imagen.jpeg,82,activacion,1x384x14x14,0.227388
43,0,imagen.jpeg,83,pointwise_conv,1x384x14x14,2.966502
43,0,imagen.jpeg,84,batchnorm,1x64x14x14,0.013016
43,0,imagen.jpeg,85,layer_add,1x64x14x14,0.007292
43,0,imagen.jpeg,86,pointwise_conv,1x64x14x14,2.779471
43,0,imagen.jpeg,87,batchnorm,1x384x14x14,0.087959
43,0,imagen.jpeg,88,activacion,1x384x14x14,0.254052
43,0,imagen.jpeg,89,depthwise_conv,1x384x14x14,0.872173
43,0,imagen.jpeg,90,batchnorm,1x384x14x14,0.073851
43,0,imagen.jpeg,91,activacion,1x384x14x14,0.25583
43,0,imagen.jpeg,92,pointwise_conv,1x384x14x14,4.110751
43,0,imagen.jpeg,93,batchnorm,1x96x14x14,0.018583
43,0,imagen.jpeg,94,pointwise_conv,1x96x14x14,6.060782
43,0,imagen.jpeg,95,batchnorm,1x576x14x14,0.103572
43,0,imagen.jpeg,96,activacion,1x576x14x14,0.450823
43,0,imagen.jpeg,97,depthwise_conv,1x576x14x14,1.171578
43,0,imagen.jpeg,98,batchnorm,1x576x14x14,0.18785
43,0,imagen.jpeg,99,activacion,1x576x14x14,0.330792
43,0,imagen.jpeg,100,pointwise_conv,1x576x14x14,6.276684
43,0,imagen.jpeg,101,batchnorm,1x96x14x14,0.017672
43,0,imagen.jpeg,102,layer_add,1x96x14x14,0.010404
43,0,imagen.jpeg,103,pointwise_conv,1x96x14x14,6.13086
43,0,imagen.jpeg,104,batchnorm,1x576x14x14,0.10412
43,0,imagen.jpeg,105,activacion,1x576x14x14,0.368682
43,0,imagen.jpeg,106,depthwise_conv,1x576x14x14,1.172957
43,0,imagen.jpeg,107,batchnorm,1x576x14x14,0.186635
43,0,imagen.jpeg,108,activacion,1x576x14x14,0.314847
43,0,imagen.jpeg,109,pointwise_conv,1x576x14x14,6.621679
43,0,imagen.jpeg,110,batchnorm,1x96x14x14,0.019873
43,0,imagen.jpeg,111,layer_add,1x96x14x14,0.013412
43,0,imagen.jpeg,112,pointwise_conv,1x96x14x14,6.150597
43,0,imagen.jpeg,113,batchnorm,1x576x14x14,0.108328
43,0,imagen.jpeg,114,activacion,1x576x14x14,0.305397
43,0,imagen.jpeg,115,depthwise_conv,1x576x14x14,0.304128
43,0,imagen.jpeg,116,batchnorm,1x576x7x7,0.02997
43,0,imagen.jpeg,117,activacion,1x576x7x7,0.063229
43,0,imagen.jpeg,118,pointwise_conv,1x576x7x7,2.70527
43,0,imagen.jpeg,119,batchnorm,1x160x7x7,0.008381
43,0,imagen.jpeg,120,pointwise_conv,1x160x7x7,4.376347
43,0,imagen.jpeg,121,batchnorm,1x960x7x7,0.049554
43,0,imagen.jpeg,122,activacion,1x960x7x7,0.146484
43,0,imagen.jpeg,123,depthwise_conv,1x960x7x7,0.612797
43,0,imagen.jpeg,124,batchnorm,1x960x7x7,0.051919
43,0,imagen.jpeg,125,activacion,1x960x7x7,0.140217
43,0,imagen.jpeg,126,pointwise_conv,1x960x7x7,4.101868
43,0,imagen.jpeg,127,batchnorm,1x160x7x7,0.007753
43,0,imagen.jpeg,128,layer_add,1x160x7x7,0.004257
43,0,imagen.jpeg,129,pointwise_conv,1x160x7x7,4.075584
43,0,imagen.jpeg,130,batchnorm,1x960x7x7,0.044169
43,0,imagen.jpeg,131,activacion,1x960x7x7,0.152169
43,0,imagen.jpeg,132,depthwise_conv,1x960x7x7,0.425106
43,0,imagen.jpeg,133,batchnorm,1x960x7x7,0.054007
43,0,imagen.jpeg,134,activacion,1x960x7x7,0.128071
43,0,imagen.jpeg,135,pointwise_conv,1x960x7x7,4.438885
43,0,imagen.jpeg,136,batchnorm,1x160x7x7,0.008028
43,0,imagen.jpeg,137,layer_add,1x160x7x7,0.005065
43,0,imagen.jpeg,138,pointwise_conv,1x160x7x7,4.332676
43,0,imagen.jpeg,139,batchnorm,1x960x7x7,0.046902
43,0,imagen.jpeg,140,activacion,1x960x7x7,0.116589
43,0,imagen.jpeg,141,depthwise_conv,1x960x7x7,0.463281
43,0,imagen.jpeg,142,batchnorm,1x960x7x7,0.049462
43,0,imagen.jpeg,143,activacion,1x960x7x7,0.097635
43,0,imagen.jpeg,144,pointwise_conv,1x960x7x7,8.239607
43,0,imagen.jpeg,145,batchnorm,1x320x7x7,0.016889
43,0,imagen.jpeg,146,pointwise_conv,1x320x7x7,11.631747
43,0,imagen.jpeg,147,batchnorm,1x1280x7x7,0.060888
43,0,imagen.jpeg,148,activacion,1x1280x7x7,0.193777
43,0,imagen.jpeg,149,pooling,1x1280x7x7,0.038943
43,0,imagen.jpeg,150,linear,1x1280,1.397067
44,0,imagen.jpeg,0,conv2d,1x3x224x224,15.729445
44,0,imagen.jpeg,1,batchnorm,1x32x112x112,0.417761
44,0,imagen.jpeg,2,activacion,1x32x112x112,0.665562
44,0,imagen.jpeg,3,depthwise_conv,1x32x112x112,4.125783
44,0,imagen.jpeg,4,batchnorm,1x32x112x112,2.336017
44,0,imagen.jpeg,5,activacion,1x32x112x112,0.731798
44,0,imagen.jpeg,6,pointwise_conv,1x32x112x112,3.538229
44,0,imagen.jpeg,7,batchnorm,1x16x112x112,0.271541
44,0,imagen.jpeg,8,pointwise_conv,1x16x112x112,11.885496
44,0,imagen.jpeg,9,batchnorm,1x96x112x112,2.134619
44,0,imagen.jpeg,10,activacion,1x96x112x112,3.40264
44,0,imagen.jpeg,11,depthwise_conv,1x96x112x112,3.296704
44,0,imagen.jpeg,12,batchnorm,1x96x56x56,0.292262
44,0,imagen.jpeg,13,activacion,1x96x56x56,1.026127
44,0,imagen.jpeg,14,pointwise_conv,1x96x56x56,4.059383
44,0,imagen.jpeg,15,batchnorm,1x24x56x56,0.068605
44,0,imagen.jpeg,16,pointwise_conv,1x24x56x56,6.723662
44,0,imagen.jpeg,17,batchnorm,1x144x56x56,0.952167
44,0,imagen.jpeg,18,activacion,1x144x56x56,1.370384
44,0,imagen.jpeg,19,depthwise_conv,1x144x56x56,4.538821
44,0,imagen.jpeg,20,batchnorm,1x144x56x56,0.995526
44,0,imagen.jpeg,21,activacion,1x144x56x56,1.622228
44,0,imagen.jpeg,22,pointwise_conv,1x144x56x56,6.185684
44,0,imagen.jpeg,23,batchnorm,1x24x56x56,0.068456
44,0,imagen.jpeg,24,layer_add,1x24x56x56,0.043966
44,0,imagen.jpeg,25,pointwise_conv,1x24x56x56,6.435071
44,0,imagen.jpeg,26,batchnorm,1x144x56x56,0.451307
44,0,imagen.jpeg,27,activacion,1x144x56x56,1.612563
44,0,imagen.jpeg,28,depthwise_conv,1x144x56x56,1.259827
44,0,imagen.jpeg,29,batchnorm,1x144x28x28,0.115945
44,0,imagen.jpeg,30,activacion,1x144x28x28,0.378954
44,0,imagen.jpeg,31,pointwise_conv,1x144x28x28,2.185356
44,0,imagen.jpeg,32,batchnorm,1x32x28x28,0.023667
44,0,imagen.jpeg,33,pointwise_conv,1x32x28x28,2.802257
44,0,imagen.jpeg,34,batchnorm,1x192x28x28,0.140048
44,0,imagen.jpeg,35,activacion,1x192x28x28,0.379406
44,0,imagen.jpeg,36,depthwise_conv,1x192x28x28,1.54057
44,0,imagen.jpeg,37,batchnorm,1x192x28x28,0.130805
44,0,imagen.jpeg,38,activacion,1x192x28x28,0.535641
44,0,imagen.jpeg,39,pointwise_conv,1x192x28x28,2.965878
44,0,imagen.jpeg,40,batchnorm,1x32x28x28,0.035916
44,0,imagen.jpeg,41,layer_add,1x32x28x28,0.014114
44,0,imagen.jpeg,42,pointwise_conv,1x32x28x28,2.758672
44,0,imagen.jpeg,43,batchnorm,1x192x28x28,0.183683
44,0,imagen.jpeg,44,activacion,1x192x28x28,0.458876
44,0,imagen.jpeg,45,depthwise_conv,1x192x28x28,1.639202
44,0,imagen.jpeg,46,batchnorm,1x192x28x28,0.154437
44,0,imagen.jpeg,47,activacion,1x192x28x28,0.560556
44,0,imagen.jpeg,48,pointwise_conv,1x192x28x28,2.774549
44,0,imagen.jpeg,49,batchnorm,1x32x28x28,0.022252
44,0,imagen.jpeg,50,layer_add,1x32x28x28,0.026077
44,0,imagen.jpeg,51,pointwise_conv,1x32x28x28,2.798175
44,0,imagen.jpeg,52,batchnorm,1x192x28x28,0.140471
44,0,imagen.jpeg,53,activacion,1x192x28x28,0.500159
44,0,imagen.jpeg,54,depthwise_conv,1x192x28x28,0.426516
44,0,imagen.jpeg,55,batchnorm,1x192x14x14,0.040108
44,0,imagen.jpeg,56,activacion,1x192x14x14,0.12533
44,0,imagen.jpeg,57,pointwise_conv,1x192x14x14,1.485809
44,0,imagen.jpeg,58,batchnorm,1x64x14x14,0.012079
44,0,imagen.jpeg,59,pointwise_conv,1x64x14x14,2.768781
44,0,imagen.jpeg,60,batchnorm,1x384x14x14,0.069636
44,0,imagen.jpeg,61,activacion,1x384x14x14,0.192229
44,0,imagen.jpeg,62,depthwise_conv,1x384x14x14,0.791485
44,0,imagen.jpeg,63,batchnorm,1x384x14x14,0.06789
44,0,imagen.jpeg,64,activacion,1x384x14x14,0.283437
44,0,imagen.jpeg,65,pointwise_conv,1x384x14x14,3.093105
44,0,imagen.jpeg,66,batchnorm,1x64x14x14,0.013326
44,0,imagen.jpeg,67,layer_add,1x64x14x14,0.007578
44,0,imagen.jpeg,68,pointwise_conv,1x64x14x14,2.881619
44,0,imagen.jpeg,69,batchnorm,1x384x14x14,0.074769
44,0,imagen.jpeg,70,activacion,1x384x14x14,0.251781
44,0,imagen.jpeg,71,depthwise_conv,1x384x14x14,0.850111
44,0,imagen.jpeg,72,batchnorm,1x384x14x14,0.104872
44,0,imagen.jpeg,73,activacion,1x384x14x14,0.263049
44,0,imagen.jpeg,74,pointwise_conv,1x384x14x14,2.975837
44,0,imagen.jpeg,75,batchnorm,1x64x14x14,0.018909
44,0,imagen.jpeg,76,layer_add,1x64x14x14,0.014882
44,0,imagen.jpeg,77,pointwise_conv,1x64x14x14,3.584364
44,0,imagen.jpeg,78,batchnorm,1x384x14x14,0.081204
44,0,imagen.jpeg,79,activacion,1x384x14x14,0.287419
44,0,imagen.jpeg,80,depthwise_conv,1x384x14x14,0.871286
44,0,imagen.jpeg,81,batchnorm,1x384x14x14,0.155145
44,0,imagen.jpeg,82,activacion,1x384x14x14,0.25387
44,0,imagen.jpeg,83,pointwise_conv,1x384x14x14,3.040557
44,0,imagen.jpeg,84,batchnorm,1x64x14x14,0.012867
44,0,imagen.jpeg,85,layer_add,1x64x14x14,0.007498
44,0,imagen.jpeg,86,pointwise_conv,1x64x14x14,3.077694
44,0,imagen.jpeg,87,batchnorm,1x384x14x14,0.074194
44,0,imagen.jpeg,88,activacion,1x384x14x14,0.274752
44,0,imagen.jpeg,89,depthwise_conv,1x384x14x14,0.817348
44,0,imagen.jpeg,90,batchnorm,1x384x14x14,0.07082
44,0,imagen.jpeg,91,activacion,1x384x14x14,0.260157
44,0,imagen.jpeg,92,pointwise_conv,1x384x14x14,4.560258
44,0,imagen.jpeg,93,batchnorm,1x96x14x14,0.020851
44,0,imagen.jpeg,94,pointwise_conv,1x96x14x14,6.441397
44,0,imagen.jpeg,95,batchnorm,1x576x14x14,0.128445
44,0,imagen.jpeg,96,activacion,1x576x14x14,0.395516
44,0,imagen.jpeg,97,depthwise_conv,1x576x14x14,1.225619
44,0,imagen.jpeg,98,batchnorm,1x576x14x14,0.181752
44,0,imagen.jpeg,99,activacion,1x576x14x14,0.342881
44,0,imagen.jpeg,100,pointwise_conv,1x576x14x14,6.301364
44,0,imagen.jpeg,101,batchnorm,1x96x14x14,0.017936
44,0,imagen.jpeg,102,layer_add,1x96x14x14,0.010331
44,0,imagen.jpeg,103,pointwise_conv,1x96x14x14,6.300979
44,0,imagen.jpeg,104,batchnorm,1x576x14x14,0.105245
44,0,imagen.jpeg,105,activacion,1x576x14x14,0.38997
44,0,imagen.jpeg,106,depthwise_conv,1x576x14x14,1.129231
44,0,imagen.jpeg,107,batchnorm,1x576x14x14,0.170986
44,0,imagen.jpeg,108,activacion,1x576x14x14,0.308521
44,0,imagen.jpeg,109,pointwise_conv,1x576x14x14,6.391052
44,0,imagen.jpeg,110,batchnorm,1x96x14x14,0.019021
44,0,imagen.jpeg,111,layer_add,1x96x14x14,0.013699
44,0,imagen.jpeg,112,pointwise_conv,1x96x14x14,6.520003
44,0,imagen.jpeg,113,batchnorm,1x576x14x14,0.113618
44,0,imagen.jpeg,114,activacion,1x576x14x14,0.335433
44,0,imagen.jpeg,115,depthwise_conv,1x576x14x14,0.281662
44,0,imagen.jpeg,116,batchnorm,1x576x7x7,0.031504
44,0,imagen.jpeg,117,activacion,1x576x7x7,0.068919
44,0,imagen.jpeg,118,pointwise_conv,1x576x7x7,2.517175
44,0,imagen.jpeg,119,batchnorm,1x160x7x7,0.007612
44,0,imagen.jpeg,120,pointwise_conv,1x160x7x7,4.061257
44,0,imagen.jpeg,121,batchnorm,1x960x7x7,0.04262
44,0,imagen.jpeg,122,activacion,1x960x7x7,0.145809
44,0,imagen.jpeg,123,depthwise_conv,1x960x7x7,0.416566
44,0,imagen.jpeg,124,batchnorm,1x960x7x7,0.04153
44,0,imagen.jpeg,125,activacion,1x960x7x7,0.149418
44,0,imagen.jpeg,126,pointwise_conv,1x960x7x7,4.361692
44,0,imagen.jpeg,127,batchnorm,1x160x7x7,0.008865
44,0,imagen.jpeg,128,layer_add,1x160x7x7,0.004822
44,0,imagen.jpeg,129,pointwise_conv,1x160x7x7,4.216171
44,0,imagen.jpeg,130,batchnorm,1x960x7x7,0.04578
44,0,imagen.jpeg,131,activacion,1x960x7x7,0.156884
44,0,imagen.jpeg,132,depthwise_conv,1x960x7x7,0.442814
44,0,imagen.jpeg,133,batchnorm,1x960x7x7,0.055419
44,0,imagen.jpeg,134,activacion,1x960x7x7,0.127981
44,0,imagen.jpeg,135,pointwise_conv,1x960x7x7,3.996291
44,0,imagen.jpeg,136,batchnorm,1x160x7x7,0.007394
44,0,imagen.jpeg,137,layer_add,1x160x7x7,0.004415
44,0,imagen.jpeg,138,pointwise_conv,1x160x7x7,4.053323
44,0,imagen.jpeg,139,batchnorm,1x960x7x7,0.041483
44,0,imagen.jpeg,140,activacion,1x960x7x7,0.110776
44,0,imagen.jpeg,141,depthwise_conv,1x960x7x7,0.413897
44,0,imagen.jpeg,142,batchnorm,1x960x7x7,0.045147
44,0,imagen.jpeg,143,activacion,1x960x7x7,0.088825
44,0,imagen.jpeg,144,pointwise_conv,1x960x7x7,8.559287
44,0,imagen.jpeg,145,batchnorm,1x320x7x7,0.016849
44,0,imagen.jpeg,146,pointwise_conv,1x320x7x7,10.980288
44,0,imagen.jpeg,147,batchnorm,1x1280x7x7,0.0605
44,0,imagen.jpeg,148,activacion,1x1280x7x7,0.17624
44,0,imagen.jpeg,149,pooling,1x1280x7x7,0.038384
44,0,imagen.jpeg,150,linear,1x1280,1.393681
45,0,imagen.jpeg,0,conv2d,1x3x224x224,15.845318
45,0,imagen.jpeg,1,batchnorm,1x32x112x112,0.404083
45,0,imagen.jpeg,2,activacion,1x32x112x112,0.643536
45,0,imagen.jpeg,3,depthwise_conv,1x32x112x112,3.95254
45,0,imagen.jpeg,4,batchnorm,1x32x112x112,2.402627
45,0,imagen.jpeg,5,activacion,1x32x112x112,0.790898
45,0,imagen.jpeg,6,pointwise_conv,1x32x112x112,3.738394
45,0,imagen.jpeg,7,batchnorm,1x16x112x112,0.18427
45,0,imagen.jpeg,8,pointwise_conv,1x16x112x112,11.149226
45,0,imagen.jpeg,9,batchnorm,1x96x112x112,2.50236
45,0,imagen.jpeg,10,activacion,1x96x112x112,3.397625
45,0,imagen.jpeg,11,depthwise_conv,1x96x112x112,3.102644
45,0,imagen.jpeg,12,batchnorm,1x96x56x56,0.286025
45,0,imagen.jpeg,13,activacion,1x96x56x56,0.985091
45,0,imagen.jpeg,14,pointwise_conv,1x96x56x56,3.894136
45,0,imagen.jpeg,15,batchnorm,1x24x56x56,0.061854
45,0,imagen.jpeg,16,pointwise_conv,1x24x56x56,6.842922
45,0,imagen.jpeg,17,batchnorm,1x144x56x56,0.896682
45,0,imagen.jpeg,18,activacion,1x144x56x56,1.277004
45,0,imagen.jpeg,19,depthwise_conv,1x144x56x56,4.446178
45,0,imagen.jpeg,20,batchnorm,1x144x56x56,0.917284
45,0,imagen.jpeg,21,activacion,1x144x56x56,1.605494
45,0,imagen.jpeg,22,pointwise_conv,1x144x56x56,6.316768
45,0,imagen.jpeg,23,batchnorm,1x24x56x56,0.083401
45,0,imagen.jpeg,24,layer_add,1x24x56x56,0.069445
45,0,imagen.jpeg,25,pointwise_conv,1x24x56x56,6.011239
45,0,imagen.jpeg,26,batchnorm,1x144x56x56,0.427949
45,0,imagen.jpeg,27,activacion,1x144x56x56,1.511459
45,0,imagen.jpeg,28,depthwise_conv,1x144x56x56,1.144607
45,0,imagen.jpeg,29,batchnorm,1x144x28x28,0.095934
45,0,imagen.jpeg,30,activacion,1x144x28x28,0.341312
45,0,imagen.jpeg,31,pointwise_conv,1x144x28x28,2.039107
45,0,imagen.jpeg,32,batchnorm,1x32x28x28,0.022326
45,0,imagen.jpeg,33,pointwise_conv,1x32x28x28,2.906516
45,0,imagen.jpeg,34,batchnorm,1x192x28x28,0.146869
45,0,imagen.jpeg,35,activacion,1x192x28x28,0.381259
45,0,imagen.jpeg,36,depthwise_conv,1x192x28x28,1.506319
45,0,imagen.jpeg,37,batchnorm,1x192x28x28,0.143302
45,0,imagen.jpeg,38,activacion,1x192x28x28,0.522318
45,0,imagen.jpeg,39,pointwise_conv,1x192x28x28,2.6698
45,0,imagen.jpeg,40,batchnorm,1x32x28x28,0.022021
45,0,imagen.jpeg,41,layer_add,1x32x28x28,0.014956
45,0,imagen.jpeg,42,pointwise_conv,1x32x28x28,2.652878
45,0,imagen.jpeg,43,batchnorm,1x192x28x28,0.153171
45,0,imagen.jpeg,44,activacion,1x192x28x28,0.417283
45,0,imagen.jpeg,45,depthwise_conv,1x192x28x28,1.449455
45,0,imagen.jpeg,46,batchnorm,1x192x28x28,0.138576
45,0,imagen.jpeg,47,activacion,1x192x28x28,0.485227
45,0,imagen.jpeg,48,pointwise_conv,1x192x28x28,2.581816
45,0,imagen.jpeg,49,batchnorm,1x32x28x28,0.020039
45,0,imagen.jpeg,50,layer_add,1x32x28x28,0.016224
45,0,imagen.jpeg,51,pointwise_conv,1x32x28x28,2.938556
45,0,imagen.jpeg,52,batchnorm,1x192x28x28,0.182856
45,0,imagen.jpeg,53,activacion,1x192x28x28,0.484282
45,0,imagen.jpeg,54,depthwise_conv,1x192x28x28,0.415197
45,0,imagen.jpeg,55,batchnorm,1x192x14x14,0.036374
45,0,imagen.jpeg,56,activacion,1x192x14x14,0.096138
45,0,imagen.jpeg,57,pointwise_conv,1x192x14x14,1.385427
45,0,imagen.jpeg,58,batchnorm,1x64x14x14,0.012059
45,0,imagen.jpeg,59,pointwise_conv,1x64x14x14,2.723829
45,0,imagen.jpeg,60,batchnorm,1x384x14x14,0.067528
45,0,imagen.jpeg,61,activacion,1x384x14x14,0.185834
45,0,imagen.jpeg,62,depthwise_conv,1x384x14x14,0.78573
45,0,imagen.jpeg,63,batchnorm,1x384x14x14,0.065385
45,0,imagen.jpeg,64,activacion,1x384x14x14,0.262567
45,0,imagen.jpeg,65,pointwise_conv,1x384x14x14,2.70034
45,0,imagen.jpeg,66,batchnorm,1x64x14x14,0.010961
45,0,imagen.jpeg,67,layer_add,1x64x14x14,0.006176
45,0,imagen.jpeg,68,pointwise_conv,1x64x14x14,2.755485
45,0,imagen.jpeg,69,batchnorm,1x384x14x14,0.078815
45,0,imagen.jpeg,70,activacion,1x384x14x14,0.245463
45,0,imagen.jpeg,71,depthwise_conv,1x384x14x14,0.947349
45,0,imagen.jpeg,72,batchnorm,1x384x14x14,0.107623
45,0,imagen.jpeg,73,activacion,1x384x14x14,0.248887
45,0,imagen.jpeg,74,pointwise_conv,1x384x14x14,2.719034
45,0,imagen.jpeg,75,batchnorm,1x64x14x14,0.011151
45,0,imagen.jpeg,76,layer_add,1x64x14x14,0.007191
45,0,imagen.jpeg,77,pointwise_conv,1x64x14x14,2.73864
45,0,imagen.jpeg,78,batchnorm,1x384x14x14,0.066014
45,0,imagen.jpeg,79,activacion,1x384x14x14,0.264171
45,0,imagen.jpeg,80,depthwise_conv,1x384x14x14,0.768602
45,0,imagen.jpeg,81,batchnorm,1x384x14x14,0.147884
45,0,imagen.jpeg,82,activacion,1x384x14x14,0.227875
45,0,imagen.jpeg,83,pointwise_conv,1x384x14x14,2.70843
45,0,imagen.jpeg,84,batchnorm,1x64x14x14,0.011087
45,0,imagen.jpeg,85,layer_add,1x64x14x14,0.006252
45,0,imagen.jpeg,86,pointwise_conv,1x64x14x14,2.648704
45,0,imagen.jpeg,87,batchnorm,1x384x14x14,0.063791
45,0,imagen.jpeg,88,activacion,1x384x14x14,0.291532
45,0,imagen.jpeg,89,depthwise_conv,1x384x14x14,0.749539
45,0,imagen.jpeg,90,batchnorm,1x384x14x14,0.065326
45,0,imagen.jpeg,91,activacion,1x384x14x14,0.251608
45,0,imagen.jpeg,92,pointwise_conv,1x384x14x14,4.283211
45,0,imagen.jpeg,93,batchnorm,1x96x14x14,0.019078
45,0,imagen.jpeg,94,pointwise_conv,1x96x14x14,6.169323
45,0,imagen.jpeg,95,batchnorm,1x576x14x14,0.104705
45,0,imagen.jpeg,96,activacion,1x576x14x14,0.370582
45,0,imagen.jpeg,97,depthwise_conv,1x576x14x14,1.151107
45,0,imagen.jpeg,98,batchnorm,1x576x14x14,0.176911
45,0,imagen.jpeg,99,activacion,1x576x14x14,0.332071
45,0,imagen.jpeg,100,pointwise_conv,1x576x14x14,6.211347
45,0,imagen.jpeg,101,batchnorm,1x96x14x14,0.019281
45,0,imagen.jpeg,102,layer_add,1x96x14x14,0.014446
45,0,imagen.jpeg,103,pointwise_conv,1x96x14x14,6.154483
45,0,imagen.jpeg,104,batchnorm,1x576x14x14,0.110217
45,0,imagen.jpeg,105,activacion,1x576x14x14,0.371508
45,0,imagen.jpeg,106,depthwise_conv,1x576x14x14,1.127613
45,0,imagen.jpeg,107,batchnorm,1x576x14x14,0.161004
45,0,imagen.jpeg,108,activacion,1x576x14x14,0.30095
45,0,imagen.jpeg,109,pointwise_conv,1x576x14x14,5.866224
45,0,imagen.jpeg,110,batchnorm,1x96x14x14,0.016163
45,0,imagen.jpeg,111,layer_add,1x96x14x14,0.012261
45,0,imagen.jpeg,112,pointwise_conv,1x96x14x14,6.266925
45,0,imagen.jpeg,113,batchnorm,1x576x14x14,0.310281
45,0,imagen.jpeg,114,activacion,1x576x14x14,0.45127
45,0,imagen.jpeg,115,depthwise_conv,1x576x14x14,0.313513
45,0,imagen.jpeg,116,batchnorm,1x576x7x7,0.055987
45,0,imagen.jpeg,117,activacion,1x576x7x7,0.094957
45,0,imagen.jpeg,118,pointwise_conv,1x576x7x7,3.105421
45,0,imagen.jpeg,119,batchnorm,1x160x7x7,0.0078
45,0,imagen.jpeg,120,pointwise_conv,1x160x7x7,4.074754
45,0,imagen.jpeg,121,batchnorm,1x960x7x7,0.043221
45,0,imagen.jpeg,122,activacion,1x960x7x7,0.145236
45,0,imagen.jpeg,123,depthwise_conv,1x960x7x7,0.448786
45,0,imagen.jpeg,124,batchnorm,1x960x7x7,0.054497
45,0,imagen.jpeg,125,activacion,1x960x7x7,0.139841
45,0,imagen.jpeg,126,pointwise_conv,1x960x7x7,4.501835
45,0,imagen.jpeg,127,batchnorm,1x160x7x7,0.010555
45,0,imagen.jpeg,128,layer_add,1x160x7x7,0.004799
45,0,imagen.jpeg,129,pointwise_conv,1x160x7x7,4.15523
45,0,imagen.jpeg,130,batchnorm,1x960x7x7,0.043174
45,0,imagen.jpeg,131,activacion,1x960x7x7,0.137818
45,0,imagen.jpeg,132,depthwise_conv,1x960x7x7,0.45712
45,0,imagen.jpeg,133,batchnorm,1x960x7x7,0.0531
45,0,imagen.jpeg,134,activacion,1x960x7x7,0.135276
45,0,imagen.jpeg,135,pointwise_conv,1x960x7x7,4.064261
45,0,imagen.jpeg,136,batchnorm,1x160x7x7,0.007198
45,0,imagen.jpeg,137,layer_add,1x160x7x7,0.00415
45,0,imagen.jpeg,138,pointwise_conv,1x160x7x7,4.094994
45,0,imagen.jpeg,139,batchnorm,1x960x7x7,0.042206
45,0,imagen.jpeg,140,activacion,1x960x7x7,0.111046
45,0,imagen.jpeg,141,depthwise_conv,1x960x7x7,0.478246
45,0,imagen.jpeg,142,batchnorm,1x960x7x7,0.046097
45,0,imagen.jpeg,143,activacion,1x960x7x7,0.089188
45,0,imagen.jpeg,144,pointwise_conv,1x960x7x7,8.404947
45,0,imagen.jpeg,145,batchnorm,1x320x7x7,0.016334
45,0,imagen.jpeg,146,pointwise_conv,1x320x7x7,10.982871
45,0,imagen.jpeg,147,batchnorm,1x1280x7x7,0.064112
45,0,imagen.jpeg,148,activacion,1x1280x7x7,0.178948
45,0,imagen.jpeg,149,pooling,1x1280x7x7,0.038685
45,0,imagen.jpeg,150,linear,1x1280,1.564522
46,0,imagen.jpeg,0,conv2d,1x3x224x224,15.618702
46,0,imagen.jpeg,1,batchnorm,1x32x112x112,0.378825
46,0,imagen.jpeg,2,activacion,1x32x112x112,0.660109
46,0,imagen.jpeg,3,depthwise_conv,1x32x112x112,3.894082
46,0,imagen.jpeg,4,batchnorm,1x32x112x112,2.441916
46,0,imagen.jpeg,5,activacion,1x32x112x112,0.756646
46,0,imagen.jpeg,6,pointwise_conv,1x32x112x112,3.706056
46,0,imagen.jpeg,7,batchnorm,1x16x112x112,0.183243
46,0,imagen.jpeg,8,pointwise_conv,1x16x112x112,11.125624
46,0,imagen.jpeg,9,batchnorm,1x96x112x112,2.390813
46,0,imagen.jpeg,10,activacion,1x96x112x112,3.365941
46,0,imagen.jpeg,11,depthwise_conv,1x96x112x112,3.472432
46,0,imagen.jpeg,12,batchnorm,1x96x56x56,0.300391
46,0,imagen.jpeg,13,activacion,1x96x56x56,1.071467
46,0,imagen.jpeg,14,pointwise_conv,1x96x56x56,4.486905
46,0,imagen.jpeg,15,batchnorm,1x24x56x56,0.062777
46,0,imagen.jpeg,16,pointwise_conv,1x24x56x56,6.98459
46,0,imagen.jpeg,17,batchnorm,1x144x56x56,0.947059
46,0,imagen.jpeg,18,activacion,1x144x56x56,1.296407
46,0,imagen.jpeg,19,depthwise_conv,1x144x56x56,4.497675
46,0,imagen.jpeg,20,batchnorm,1x144x56x56,0.9031
46,0,imagen.jpeg,21,activacion,1x144x56x56,1.63641
46,0,imagen.jpeg,22,pointwise_conv,1x144x56x56,6.664183
46,0,imagen.jpeg,23,batchnorm,1x24x56x56,0.070804
46,0,imagen.jpeg,24,layer_add,1x24x56x56,0.056526
46,0,imagen.jpeg,25,pointwise_conv,1x24x56x56,7.651276
46,0,imagen.jpeg,26,batchnorm,1x144x56x56,0.489192
46,0,imagen.jpeg,27,activacion,1x144x56x56,1.717485
46,0,imagen.jpeg,28,depthwise_conv,1x144x56x56,1.272828
46,0,imagen.jpeg,29,batchnorm,1x144x28x28,0.120245
46,0,imagen.jpeg,30,activacion,1x144x28x28,0.391691
46,0,imagen.jpeg,31,pointwise_conv,1x144x28x28,2.21498
46,0,imagen.jpeg,32,batchnorm,1x32x28x28,0.027901
46,0,imagen.jpeg,33,pointwise_conv,1x32x28x28,3.361556
46,0,imagen.jpeg,34,batchnorm,1x192x28x28,0.157428
46,0,imagen.jpeg,35,activacion,1x192x28x28,0.409612
46,0,imagen.jpeg,36,depthwise_conv,1x192x28x28,1.663691
46,0,imagen.jpeg,37,batchnorm,1x192x28x28,0.176066
46,0,imagen.jpeg,38,activacion,1x192x28x28,0.580489
46,0,imagen.jpeg,39,pointwise_conv,1x192x28x28,3.476259
46,0,imagen.jpeg,40,batchnorm,1x32x28x28,0.029304
46,0,imagen.jpeg,41,layer_add,1x32x28x28,0.017908
46,0,imagen.jpeg,42,pointwise_conv,1x32x28x28,3.735141
46,0,imagen.jpeg,43,batchnorm,1x192x28x28,0.161719
46,0,imagen.jpeg,44,activacion,1x192x28x28,0.497011
46,0,imagen.jpeg,45,depthwise_conv,1x192x28x28,1.73285
46,0,imagen.jpeg,46,batchnorm,1x192x28x28,0.145429
46,0,imagen.jpeg,47,activacion,1x192x28x28,0.571099
46,0,imagen.jpeg,48,pointwise_conv,1x192x28x28,2.880064
46,0,imagen.jpeg,49,batchnorm,1x32x28x28,0.028341
46,0,imagen.jpeg,50,layer_add,1x32x28x28,0.013854
46,0,imagen.jpeg,51,pointwise_conv,1x32x28x28,3.19805
46,0,imagen.jpeg,52,batchnorm,1x192x28x28,0.159523
46,0,imagen.jpeg,53,activacion,1x192x28x28,0.527891
46,0,imagen.jpeg,54,depthwise_conv,1x192x28x28,0.405278
46,0,imagen.jpeg,55,batchnorm,1x192x14x14,0.036212
46,0,imagen.jpeg,56,activacion,1x192x14x14,0.104687
46,0,imagen.jpeg,57,pointwise_conv,1x192x14x14,1.425203
46,0,imagen.jpeg,58,batchnorm,1x64x14x14,0.012112
46,0,imagen.jpeg,59,pointwise_conv,1x64x14x14,3.165561
46,0,imagen.jpeg,60,batchnorm,1x384x14x14,0.079925
46,0,imagen.jpeg,61,activacion,1x384x14x14,0.209589
46,0,imagen.jpeg,62,depthwise_conv,1x384x14x14,0.816262
46,0,imagen.jpeg,63,batchnorm,1x384x14x14,0.070922
46,0,imagen.jpeg,64,activacion,1x384x14x14,0.285587
46,0,imagen.jpeg,65,pointwise_conv,1x384x14x14,3.362324
46,0,imagen.jpeg,66,batchnorm,1x64x14x14,0.013465
46,0,imagen.jpeg,67,layer_add,1x64x14x14,0.007572
46,0,imagen.jpeg,68,pointwise_conv,1x64x14x14,2.91252
46,0,imagen.jpeg,69,batchnorm,1x384x14x14,0.074387
46,0,imagen.jpeg,70,activacion,1x384x14x14,0.258114
46,0,imagen.jpeg,71,depthwise_conv,1x384x14x14,0.982376
46,0,imagen.jpeg,72,batchnorm,1x384x14x14,0.107189
46,0,imagen.jpeg,73,activacion,1x384x14x14,0.266344
46,0,imagen.jpeg,74,pointwise_conv,1x384x14x14,2.838909
46,0,imagen.jpeg,75,batchnorm,1x64x14x14,0.011883
46,0,imagen.jpeg,76,layer_add,1x64x14x14,0.007438
46,0,imagen.jpeg,77,pointwise_conv,1x64x14x14,2.819243
46,0,imagen.jpeg,78,batchnorm,1x384x14x14,0.067764
46,0,imagen.jpeg,79,activacion,1x384x14x14,0.276516
46,0,imagen.jpeg,80,depthwise_conv,1x384x14x14,0.789703
46,0,imagen.jpeg,81,batchnorm,1x384x14x14,0.146498
46,0,imagen.jpeg,82,activacion,1x384x14x14,0.23488
46,0,imagen.jpeg,83,pointwise_conv,1x384x14x14,2.812195
46,0,imagen.jpeg,84,batchnorm,1x64x14x14,0.019932
46,0,imagen.jpeg,85,layer_add,1x64x14x14,0.012042
46,0,imagen.jpeg,86,pointwise_conv,1x64x14x14,3.330188
46,0,imagen.jpeg,87,batchnorm,1x384x14x14,0.082396
46,0,imagen.jpeg,88,activacion,1x384x14x14,0.290312
46,0,imagen.jpeg,89,depthwise_conv,1x384x14x14,0.872864
46,0,imagen.jpeg,90,batchnorm,1x384x14x14,0.073407
46,0,imagen.jpeg,91,activacion,1x384x14x14,0.273126
46,0,imagen.jpeg,92,pointwise_conv,1x384x14x14,4.219506
46,0,imagen.jpeg,93,batchnorm,1x96x14x14,0.018915
46,0,imagen.jpeg,94,pointwise_conv,1x96x14x14,6.372186
46,0,imagen.jpeg,95,batchnorm,1x576x14x14,0.19628
46,0,imagen.jpeg,96,activacion,1x576x14x14,0.47012
46,0,imagen.jpeg,97,depthwise_conv,1x576x14x14,1.302676
46,0,imagen.jpeg,98,batchnorm,1x576x14x14,0.196418
46,0,imagen.jpeg,99,activacion,1x576x14x14,0.351013
46,0,imagen.jpeg,100,pointwise_conv,1x576x14x14,6.305917
46,0,imagen.jpeg,101,batchnorm,1x96x14x14,0.016662
46,0,imagen.jpeg,102,layer_add,1x96x14x14,0.010391
46,0,imagen.jpeg,103,pointwise_conv,1x96x14x14,6.05751
46,0,imagen.jpeg,104,batchnorm,1x576x14x14,0.103599
46,0,imagen.jpeg,105,activacion,1x576x14x14,0.406637
46,0,imagen.jpeg,106,depthwise_conv,1x576x14x14,1.702183
46,0,imagen.jpeg,107,batchnorm,1x576x14x14,0.194038
46,0,imagen.jpeg,108,activacion,1x576x14x14,0.378136
46,0,imagen.jpeg,109,pointwise_conv,1x576x14x14,6.171795
46,0,imagen.jpeg,110,batchnorm,1x96x14x14,0.016479
46,0,imagen.jpeg,111,layer_add,1x96x14x14,0.012362
46,0,imagen.jpeg,112,pointwise_conv,1x96x14x14,6.04413
46,0,imagen.jpeg,113,batchnorm,1x576x14x14,0.10429
46,0,imagen.jpeg,114,activacion,1x576x14x14,0.34821
46,0,imagen.jpeg,115,depthwise_conv,1x576x14x14,0.274315
46,0,imagen.jpeg,116,batchnorm,1x576x7x7,0.030412
46,0,imagen.jpeg,117,activacion,1x576x7x7,0.064455
46,0,imagen.jpeg,118,pointwise_conv,1x576x7x7,2.840345
46,0,imagen.jpeg,119,batchnorm,1x160x7x7,0.008566
46,0,imagen.jpeg,120,pointwise_conv,1x160x7x7,4.288755
46,0,imagen.jpeg,121,batchnorm,1x960x7x7,0.047501
46,0,imagen.jpeg,122,activacion,1x960x7x7,0.148419
46,0,imagen.jpeg,123,depthwise_conv,1x960x7x7,0.445396
46,0,imagen.jpeg,124,batchnorm,1x960x7x7,0.044129
46,0,imagen.jpeg,125,activacion,1x960x7x7,0.146972
46,0,imagen.jpeg,126,pointwise_conv,1x960x7x7,4.151158
46,0,imagen.jpeg,127,batchnorm,1x160x7x7,0.007463
46,0,imagen.jpeg,128,layer_add,1x160x7x7,0.004095
46,0,imagen.jpeg,129,pointwise_conv,1x160x7x7,4.100092
46,0,imagen.jpeg,130,batchnorm,1x960x7x7,0.042844
46,0,imagen.jpeg,131,activacion,1x960x7x7,0.152421
46,0,imagen.jpeg,132,depthwise_conv,1x960x7x7,0.427639
46,0,imagen.jpeg,133,batchnorm,1x960x7x7,0.054658
46,0,imagen.jpeg,134,activacion,1x960x7x7,0.126475
46,0,imagen.jpeg,135,pointwise_conv,1x960x7x7,4.369593
46,0,imagen.jpeg,136,batchnorm,1x160x7x7,0.008228
46,0,imagen.jpeg,137,layer_add,1x160x7x7,0.004882
46,0,imagen.jpeg,138,pointwise_conv,1x160x7x7,4.761882
46,0,imagen.jpeg,139,batchnorm,1x960x7x7,0.045318
46,0,imagen.jpeg,140,activacion,1x960x7x7,0.11363
46,0,imagen.jpeg,141,depthwise_conv,1x960x7x7,0.428367
46,0,imagen.jpeg,142,batchnorm,1x960x7x7,0.06
46,0,imagen.jpeg,143,activacion,1x960x7x7,0.090259
46,0,imagen.jpeg,144,pointwise_conv,1x960x7x7,8.769513
46,0,imagen.jpeg,145,batchnorm,1x320x7x7,0.016837
46,0,imagen.jpeg,146,pointwise_conv,1x320x7x7,11.327829
46,0,imagen.jpeg,147,batchnorm,1x1280x7x7,0.101116
46,0,imagen.jpeg,148,activacion,1x1280x7x7,0.176458
46,0,imagen.jpeg,149,pooling,1x1280x7x7,0.037945
46,0,imagen.jpeg,150,linear,1x1280,1.43074
47,0,imagen.jpeg,0,conv2d,1x3x224x224,16.284464
47,0,imagen.jpeg,1,batchnorm,1x32x112x112,0.431867
47,0,imagen.jpeg,2,activacion,1x32x112x112,0.654501
47,0,imagen.jpeg,3,depthwise_conv,1x32x112x112,3.913529
47,0,imagen.jpeg,4,batchnorm,1x32x112x112,2.320946
47,0,imagen.jpeg,5,activacion,1x32x112x112,0.735673
47,0,imagen.jpeg,6,pointwise_conv,1x32x112x112,3.775711
47,0,imagen.jpeg,7,batchnorm,1x16x112x112,0.513806
47,0,imagen.jpeg,8,pointwise_conv,1x16x112x112,11.419083
47,0,imagen.jpeg,9,batchnorm,1x96x112x112,2.164499
47,0,imagen.jpeg,10,activacion,1x96x112x112,3.614607
47,0,imagen.jpeg,11,depthwise_conv,1x96x112x112,3.140015
47,0,imagen.jpeg,12,batchnorm,1x96x56x56,0.292807
47,0,imagen.jpeg,13,activacion,1x96x56x56,0.998883
47,0,imagen.jpeg,14,pointwise_conv,1x96x56x56,5.504356
47,0,imagen.jpeg,15,batchnorm,1x24x56x56,0.121927
47,0,imagen.jpeg,16,pointwise_conv,1x24x56x56,7.840902
47,0,imagen.jpeg,17,batchnorm,1x144x56x56,0.926694
47,0,imagen.jpeg,18,activacion,1x144x56x56,1.335847
47,0,imagen.jpeg,19,depthwise_conv,1x144x56x56,4.764071
47,0,imagen.jpeg,20,batchnorm,1x144x56x56,0.870991
47,0,imagen.jpeg,21,activacion,1x144x56x56,1.656865
47,0,imagen.jpeg,22,pointwise_conv,1x144x56x56,6.730284
47,0,imagen.jpeg,23,batchnorm,1x24x56x56,0.072852
47,0,imagen.jpeg,24,layer_add,1x24x56x56,0.045673
47,0,imagen.jpeg,25,pointwise_conv,1x24x56x56,5.930577
47,0,imagen.jpeg,26,batchnorm,1x144x56x56,0.424191
47,0,imagen.jpeg,27,activacion,1x144x56x56,1.526177
47,0,imagen.jpeg,28,depthwise_conv,1x144x56x56,1.167663
47,0,imagen.jpeg,29,batchnorm,1x144x28x28,0.104797
47,0,imagen.jpeg,30,activacion,1x144x28x28,0.365997
47,0,imagen.jpeg,31,pointwise_conv,1x144x28x28,1.976945
47,0,imagen.jpeg,32,batchnorm,1x32x28x28,0.021808
47,0,imagen.jpeg,33,pointwise_conv,1x32x28x28,3.273638
47,0,imagen.jpeg,34,batchnorm,1x192x28x28,0.154852
47,0,imagen.jpeg,35,activacion,1x192x28x28,0.391457
47,0,imagen.jpeg,36,depthwise_conv,1x192x28x28,1.510806
47,0,imagen.jpeg,37,batchnorm,1x192x28x28,0.138015
47,0,imagen.jpeg,38,activacion,1x192x28x28,0.523844
47,0,imagen.jpeg,39,pointwise_conv,1x192x28x28,2.614319
47,0,imagen.jpeg,40,batchnorm,1x32x28x28,0.020881
47,0,imagen.jpeg,41,layer_add,1x32x28x28,0.014529
47,0,imagen.jpeg,42,pointwise_conv,1x32x28x28,2.667169
47,0,imagen.jpeg,43,batchnorm,1x192x28x28,0.129059
47,0,imagen.jpeg,44,activacion,1x192x28x28,0.457032
47,0,imagen.jpeg,45,depthwise_conv,1x192x28x28,1.498043
47,0,imagen.jpeg,46,batchnorm,1x192x28x28,0.123301
47,0,imagen.jpeg,47,activacion,1x192x28x28,0.518182
47,0,imagen.jpeg,48,pointwise_conv,1x192x28x28,3.043355
47,0,imagen.jpeg,49,batchnorm,1x32x28x28,0.036671
47,0,imagen.jpeg,50,layer_add,1x32x28x28,0.019337
47,0,imagen.jpeg,51,pointwise_conv,1x32x28x28,2.768186
47,0,imagen.jpeg,52,batchnorm,1x192x28x28,0.141339
47,0,imagen.jpeg,53,activacion,1x192x28x28,0.558141
47,0,imagen.jpeg,54,depthwise_conv,1x192x28x28,0.454634
47,0,imagen.jpeg,55,batchnorm,1x192x14x14,0.034313
47,0,imagen.jpeg,56,activacion,1x192x14x14,0.106366
47,0,imagen.jpeg,57,pointwise_conv,1x192x14x14,1.610751
47,0,imagen.jpeg,58,batchnorm,1x64x14x14,0.016462
47,0,imagen.jpeg,59,pointwise_conv,1x64x14x14,3.171984
47,0,imagen.jpeg,60,batchnorm,1x384x14x14,0.072628
47,0,imagen.jpeg,61,activacion,1x384x14x14,0.196042
47,0,imagen.jpeg,62,depthwise_conv,1x384x14x14,0.819809
47,0,imagen.jpeg,63,batchnorm,1x384x14x14,0.069211
47,0,imagen.jpeg,64,activacion,1x384x14x14,0.283583
47,0,imagen.jpeg,65,pointwise_conv,1x384x14x14,2.697227
47,0,imagen.jpeg,66,batchnorm,1x64x14x14,0.011131
47,0,imagen.jpeg,67,layer_add,1x64x14x14,0.006391
47,0,imagen.jpeg,68,pointwise_conv,1x64x14x14,2.807152
47,0,imagen.jpeg,69,batchnorm,1x384x14x14,0.084944
47,0,imagen.jpeg,70,activacion,1x384x14x14,0.245503
47,0,imagen.jpeg,71,depthwise_conv,1x384x14x14,0.780516
47,0,imagen.jpeg,72,batchnorm,1x384x14x14,0.098133
47,0,imagen.jpeg,73,activacion,1x384x14x14,0.248161
47,0,imagen.jpeg,74,pointwise_conv,1x384x14x14,2.725055
47,0,imagen.jpeg,75,batchnorm,1x64x14x14,0.013789
47,0,imagen.jpeg,76,layer_add,1x64x14x14,0.007045
47,0,imagen.jpeg,77,pointwise_conv,1x64x14x14,2.750253
47,0,imagen.jpeg,78,batchnorm,1x384x14x14,0.076125
47,0,imagen.jpeg,79,activacion,1x384x14x14,0.238381
47,0,imagen.jpeg,80,depthwise_conv,1x384x14x14,0.769974
47,0,imagen.jpeg,81,batchnorm,1x384x14x14,0.135722
47,0,imagen.jpeg,82,activacion,1x384x14x14,0.25349
47,0,imagen.jpeg,83,pointwise_conv,1x384x14x14,2.680563
47,0,imagen.jpeg,84,batchnorm,1x64x14x14,0.010502
47,0,imagen.jpeg,85,layer_add,1x64x14x14,0.005496
47,0,imagen.jpeg,86,pointwise_conv,1x64x14x14,2.682461
47,0,imagen.jpeg,87,batchnorm,1x384x14x14,0.062122
47,0,imagen.jpeg,88,activacion,1x384x14x14,0.241982
47,0,imagen.jpeg,89,depthwise_conv,1x384x14x14,0.752211
47,0,imagen.jpeg,90,batchnorm,1x384x14x14,0.06312
47,0,imagen.jpeg,91,activacion,1x384x14x14,0.259332
47,0,imagen.jpeg,92,pointwise_conv,1x384x14x14,4.419026
47,0,imagen.jpeg,93,batchnorm,1x96x14x14,0.017664
47,0,imagen.jpeg,94,pointwise_conv,1x96x14x14,6.124139
47,0,imagen.jpeg,95,batchnorm,1x576x14x14,0.10328
47,0,imagen.jpeg,96,activacion,1x576x14x14,0.385678
47,0,imagen.jpeg,97,depthwise_conv,1x576x14x14,1.322959
47,0,imagen.jpeg,98,batchnorm,1x576x14x14,0.177255
47,0,imagen.jpeg,99,activacion,1x576x14x14,0.327933
47,0,imagen.jpeg,100,pointwise_conv,1x576x14x14,6.258842
47,0,imagen.jpeg,101,batchnorm,1x96x14x14,0.021666
47,0,imagen.jpeg,102,layer_add,1x96x14x14,0.010155
47,0,imagen.jpeg,103,pointwise_conv,1x96x14x14,5.998861
47,0,imagen.jpeg,104,batchnorm,1x576x14x14,0.103291
47,0,imagen.jpeg,105,activacion,1x576x14x14,0.38146
47,0,imagen.jpeg,106,depthwise_conv,1x576x14x14,1.187421
47,0,imagen.jpeg,107,batchnorm,1x576x14x14,0.192513
47,0,imagen.jpeg,108,activacion,1x576x14x14,0.312004
47,0,imagen.jpeg,109,pointwise_conv,1x576x14x14,6.108409
47,0,imagen.jpeg,110,batchnorm,1x96x14x14,0.017458
47,0,imagen.jpeg,111,layer_add,1x96x14x14,0.034027
47,0,imagen.jpeg,112,pointwise_conv,1x96x14x14,6.217684
47,0,imagen.jpeg,113,batchnorm,1x576x14x14,0.108249
47,0,imagen.jpeg,114,activacion,1x576x14x14,0.342788
47,0,imagen.jpeg,115,depthwise_conv,1x576x14x14,0.260606
47,0,imagen.jpeg,116,batchnorm,1x576x7x7,0.029306
47,0,imagen.jpeg,117,activacion,1x576x7x7,0.064523
47,0,imagen.jpeg,118,pointwise_conv,1x576x7x7,2.44955
47,0,imagen.jpeg,119,batchnorm,1x160x7x7,0.007522
47,0,imagen.jpeg,120,pointwise_conv,1x160x7x7,4.188859
47,0,imagen.jpeg,121,batchnorm,1x960x7x7,0.044336
47,0,imagen.jpeg,122,activacion,1x960x7x7,0.144989
47,0,imagen.jpeg,123,depthwise_conv,1x960x7x7,0.437589
47,0,imagen.jpeg,124,batchnorm,1x960x7x7,0.042565
47,0,imagen.jpeg,125,activacion,1x960x7x7,0.137872
47,0,imagen.jpeg,126,pointwise_conv,1x960x7x7,4.458539
47,0,imagen.jpeg,127,batchnorm,1x160x7x7,0.008621
47,0,imagen.jpeg,128,layer_add,1x160x7x7,0.004749
47,0,imagen.jpeg,129,pointwise_conv,1x160x7x7,4.276694
47,0,imagen.jpeg,130,batchnorm,1x960x7x7,0.045179
47,0,imagen.jpeg,131,activacion,1x960x7x7,0.142252
47,0,imagen.jpeg,132,depthwise_conv,1x960x7x7,0.433667
47,0,imagen.jpeg,133,batchnorm,1x960x7x7,0.059682
47,0,imagen.jpeg,134,activacion,1x960x7x7,0.127874
47,0,imagen.jpeg,135,pointwise_conv,1x960x7x7,4.100638
47,0,imagen.jpeg,136,batchnorm,1x160x7x7,0.007222
47,0,imagen.jpeg,137,layer_add,1x160x7x7,0.004425
47,0,imagen.jpeg,138,pointwise_conv,1x160x7x7,4.344378
47,0,imagen.jpeg,139,batchnorm,1x960x7x7,0.075001
47,0,imagen.jpeg,140,activacion,1x960x7x7,0.13302
47,0,imagen.jpeg,141,depthwise_conv,1x960x7x7,0.434128
47,0,imagen.jpeg,142,batchnorm,1x960x7x7,0.051655
47,0,imagen.jpeg,143,activacion,1x960x7x7,0.11604
47,0,imagen.jpeg,144,pointwise_conv,1x960x7x7,8.245201
47,0,imagen.jpeg,145,batchnorm,1x320x7x7,0.01592
47,0,imagen.jpeg,146,pointwise_conv,1x320x7x7,11.267967
47,0,imagen.jpeg,147,batchnorm,1x1280x7x7,0.059214
47,0,imagen.jpeg,148,activacion,1x1280x7x7,0.176387
47,0,imagen.jpeg,149,pooling,1x1280x7x7,0.038295
47,0,imagen.jpeg,150,linear,1x1280,1.418207
48,0,imagen.jpeg,0,conv2d,1x3x224x224,15.556006
48,0,imagen.jpeg,1,batchnorm,1x32x112x112,0.401915
48,0,imagen.jpeg,2,activacion,1x32x112x112,0.706613
48,0,imagen.jpeg,3,depthwise_conv,1x32x112x112,4.124855
48,0,imagen.jpeg,4,batchnorm,1x32x112x112,2.320562
48,0,imagen.jpeg,5,activacion,1x32x112x112,0.727006
48,0,imagen.jpeg,6,pointwise_conv,1x32x112x112,3.535209
48,0,imagen.jpeg,7,batchnorm,1x16x112x112,0.188792
48,0,imagen.jpeg,8,pointwise_conv,1x16x112x112,10.950568
48,0,imagen.jpeg,9,batchnorm,1x96x112x112,2.116082
48,0,imagen.jpeg,10,activacion,1x96x112x112,3.387037
48,0,imagen.jpeg,11,depthwise_conv,1x96x112x112,3.118894
48,0,imagen.jpeg,12,batchnorm,1x96x56x56,0.269394
48,0,imagen.jpeg,13,activacion,1x96x56x56,0.999306
48,0,imagen.jpeg,14,pointwise_conv,1x96x56x56,3.821077
48,0,imagen.jpeg,15,batchnorm,1x24x56x56,0.074287
48,0,imagen.jpeg,16,pointwise_conv,1x24x56x56,6.566746
48,0,imagen.jpeg,17,batchnorm,1x144x56x56,0.87342
48,0,imagen.jpeg,18,activacion,1x144x56x56,1.237455
48,0,imagen.jpeg,19,depthwise_conv,1x144x56x56,4.389398
48,0,imagen.jpeg,20,batchnorm,1x144x56x56,0.973466
48,0,imagen.jpeg,21,activacion,1x144x56x56,1.588659
48,0,imagen.jpeg,22,pointwise_conv,1x144x56x56,6.41342
48,0,imagen.jpeg,23,batchnorm,1x24x56x56,0.083072
48,0,imagen.jpeg,24,layer_add,1x24x56x56,0.049124
48,0,imagen.jpeg,25,pointwise_conv,1x24x56x56,6.061986
48,0,imagen.jpeg,26,batchnorm,1x144x56x56,0.451328
48,0,imagen.jpeg,27,activacion,1x144x56x56,1.521756
48,0,imagen.jpeg,28,depthwise_conv,1x144x56x56,1.136498
48,0,imagen.jpeg,29,batchnorm,1x144x28x28,0.101624
48,0,imagen.jpeg,30,activacion,1x144x28x28,0.350537
48,0,imagen.jpeg,31,pointwise_conv,1x144x28x28,2.087916
48,0,imagen.jpeg,32,batchnorm,1x32x28x28,0.027804
48,0,imagen.jpeg,33,pointwise_conv,1x32x28x28,2.710005
48,0,imagen.jpeg,34,batchnorm,1x192x28x28,0.139211
48,0,imagen.jpeg,35,activacion,1x192x28x28,0.381253
48,0,imagen.jpeg,36,depthwise_conv,1x192x28x28,1.498301
48,0,imagen.jpeg,37,batchnorm,1x192x28x28,0.129887
48,0,imagen.jpeg,38,activacion,1x192x28x28,0.531706
48,0,imagen.jpeg,39,pointwise_conv,1x192x28x28,2.694082
48,0,imagen.jpeg,40,batchnorm,1x32x28x28,0.022587
48,0,imagen.jpeg,41,layer_add,1x32x28x28,0.014871
48,0,imagen.jpeg,42,pointwise_conv,1x32x28x28,2.766434
48,0,imagen.jpeg,43,batchnorm,1x192x28x28,0.145154
48,0,imagen.jpeg,44,activacion,1x192x28x28,0.444648
48,0,imagen.jpeg,45,depthwise_conv,1x192x28x28,1.495404
48,0,imagen.jpeg,46,batchnorm,1x192x28x28,0.126055
48,0,imagen.jpeg,47,activacion,1x192x28x28,0.500387
48,0,imagen.jpeg,48,pointwise_conv,1x192x28x28,2.628172
48,0,imagen.jpeg,49,batchnorm,1x32x28x28,0.021407
48,0,imagen.jpeg,50,layer_add,1x32x28x28,0.013011
48,0,imagen.jpeg,51,pointwise_conv,1x32x28x28,2.660648
48,0,imagen.jpeg,52,batchnorm,1x192x28x28,0.152886
48,0,imagen.jpeg,53,activacion,1x192x28x28,0.477381
48,0,imagen.jpeg,54,depthwise_conv,1x192x28x28,0.371715
48,0,imagen.jpeg,55,batchnorm,1x192x14x14,0.036664
48,0,imagen.jpeg,56,activacion,1x192x14x14,0.096232
48,0,imagen.jpeg,57,pointwise_conv,1x192x14x14,1.384387
48,0,imagen.jpeg,58,batchnorm,1x64x14x14,0.012097
48,0,imagen.jpeg,59,pointwise_conv,1x64x14x14,2.800299
48,0,imagen.jpeg,60,batchnorm,1x384x14x14,0.074646
48,0,imagen.jpeg,61,activacion,1x384x14x14,0.200635
48,0,imagen.jpeg,62,depthwise_conv,1x384x14x14,0.772987
48,0,imagen.jpeg,63,batchnorm,1x384x14x14,0.067858
48,0,imagen.jpeg,64,activacion,1x384x14x14,0.265028
48,0,imagen.jpeg,65,pointwise_conv,1x384x14x14,2.734587
48,0,imagen.jpeg,66,batchnorm,1x64x14x14,0.011651
48,0,imagen.jpeg,67,layer_add,1x64x14x14,0.006467
48,0,imagen.jpeg,68,pointwise_conv,1x64x14x14,2.730845
48,0,imagen.jpeg,69,batchnorm,1x384x14x14,0.06981
48,0,imagen.jpeg,70,activacion,1x384x14x14,0.246199
48,0,imagen.jpeg,71,depthwise_conv,1x384x14x14,0.779101
48,0,imagen.jpeg,72,batchnorm,1x384x14x14,0.102559
48,0,imagen.jpeg,73,activacion,1x384x14x14,0.25735
48,0,imagen.jpeg,74,pointwise_conv,1x384x14x14,2.815051
48,0,imagen.jpeg,75,batchnorm,1x64x14x14,0.012495
48,0,imagen.jpeg,76,layer_add,1x64x14x14,0.007495
48,0,imagen.jpeg,77,pointwise_conv,1x64x14x14,2.725491
48,0,imagen.jpeg,78,batchnorm,1x384x14x14,0.093372
48,0,imagen.jpeg,79,activacion,1x384x14x14,0.25764
48,0,imagen.jpeg,80,depthwise_conv,1x384x14x14,0.825793
48,0,imagen.jpeg,81,batchnorm,1x384x14x14,0.166515
48,0,imagen.jpeg,82,activacion,1x384x14x14,0.247254
48,0,imagen.jpeg,83,pointwise_conv,1x384x14x14,2.844684
48,0,imagen.jpeg,84,batchnorm,1x64x14x14,0.012305
48,0,imagen.jpeg,85,layer_add,1x64x14x14,0.007001
48,0,imagen.jpeg,86,pointwise_conv,1x64x14x14,2.7896
48,0,imagen.jpeg,87,batchnorm,1x384x14x14,0.0675
48,0,imagen.jpeg,88,activacion,1x384x14x14,0.254381
48,0,imagen.jpeg,89,depthwise_conv,1x384x14x14,0.769208
48,0,imagen.jpeg,90,batchnorm,1x384x14x14,0.06721
48,0,imagen.jpeg,91,activacion,1x384x14x14,0.246808
48,0,imagen.jpeg,92,pointwise_conv,1x384x14x14,4.122087
48,0,imagen.jpeg,93,batchnorm,1x96x14x14,0.017825
48,0,imagen.jpeg,94,pointwise_conv,1x96x14x14,6.182531
48,0,imagen.jpeg,95,batchnorm,1x576x14x14,0.114949
48,0,imagen.jpeg,96,activacion,1x576x14x14,0.384434
48,0,imagen.jpeg,97,depthwise_conv,1x576x14x14,1.157692
48,0,imagen.jpeg,98,batchnorm,1x576x14x14,0.178137
48,0,imagen.jpeg,99,activacion,1x576x14x14,0.33604
48,0,imagen.jpeg,100,pointwise_conv,1x576x14x14,6.270668
48,0,imagen.jpeg,101,batchnorm,1x96x14x14,0.017748
48,0,imagen.jpeg,102,layer_add,1x96x14x14,0.010974
48,0,imagen.jpeg,103,pointwise_conv,1x96x14x14,6.286239
48,0,imagen.jpeg,104,batchnorm,1x576x14x14,0.125056
48,0,imagen.jpeg,105,activacion,1x576x14x14,0.364221
48,0,imagen.jpeg,106,depthwise_conv,1x576x14x14,1.155035
48,0,imagen.jpeg,107,batchnorm,1x576x14x14,0.161922
48,0,imagen.jpeg,108,activacion,1x576x14x14,0.319171
48,0,imagen.jpeg,109,pointwise_conv,1x576x14x14,6.126729
48,0,imagen.jpeg,110,batchnorm,1x96x14x14,0.020231
48,0,imagen.jpeg,111,layer_add,1x96x14x14,0.013926
48,0,imagen.jpeg,112,pointwise_conv,1x96x14x14,6.367119
48,0,imagen.jpeg,113,batchnorm,1x576x14x14,0.123068
48,0,imagen.jpeg,114,activacion,1x576x14x14,0.332744
48,0,imagen.jpeg,115,depthwise_conv,1x576x14x14,0.29402
48,0,imagen.jpeg,116,batchnorm,1x576x7x7,0.03552
48,0,imagen.jpeg,117,activacion,1x576x7x7,0.06691
48,0,imagen.jpeg,118,pointwise_conv,1x576x7x7,2.565951
48,0,imagen.jpeg,119,batchnorm,1x160x7x7,0.008205
48,0,imagen.jpeg,120,pointwise_conv,1x160x7x7,4.19636
48,0,imagen.jpeg,121,batchnorm,1x960x7x7,0.047504
48,0,imagen.jpeg,122,activacion,1x960x7x7,0.149049
48,0,imagen.jpeg,123,depthwise_conv,1x960x7x7,0.440374
48,0,imagen.jpeg,124,batchnorm,1x960x7x7,0.042146
48,0,imagen.jpeg,125,activacion,1x960x7x7,0.178973
48,0,imagen.jpeg,126,pointwise_conv,1x960x7x7,4.065157
48,0,imagen.jpeg,127,batchnorm,1x160x7x7,0.007116
48,0,imagen.jpeg,128,layer_add,1x160x7x7,0.004085
48,0,imagen.jpeg,129,pointwise_conv,1x160x7x7,4.532136
48,0,imagen.jpeg,130,batchnorm,1x960x7x7,0.050504
48,0,imagen.jpeg,131,activacion,1x960x7x7,0.16032
48,0,imagen.jpeg,132,depthwise_conv,1x960x7x7,0.442947
48,0,imagen.jpeg,133,batchnorm,1x960x7x7,0.056069
48,0,imagen.jpeg,134,activacion,1x960x7x7,0.12482
48,0,imagen.jpeg,135,pointwise_conv,1x960x7x7,4.412301
48,0,imagen.jpeg,136,batchnorm,1x160x7x7,0.008514
48,0,imagen.jpeg,137,layer_add,1x160x7x7,0.004958
48,0,imagen.jpeg,138,pointwise_conv,1x160x7x7,4.195326
48,0,imagen.jpeg,139,batchnorm,1x960x7x7,0.044724
48,0,imagen.jpeg,140,activacion,1x960x7x7,0.114763
48,0,imagen.jpeg,141,depthwise_conv,1x960x7x7,0.44582
48,0,imagen.jpeg,142,batchnorm,1x960x7x7,0.047862
48,0,imagen.jpeg,143,activacion,1x960x7x7,0.090203
48,0,imagen.jpeg,144,pointwise_conv,1x960x7x7,8.701677
48,0,imagen.jpeg,145,batchnorm,1x320x7x7,0.018417
48,0,imagen.jpeg,146,pointwise_conv,1x320x7x7,13.582672
48,0,imagen.jpeg,147,batchnorm,1x1280x7x7,0.063191
48,0,imagen.jpeg,148,activacion,1x1280x7x7,0.184804
48,0,imagen.jpeg,149,pooling,1x1280x7x7,0.043911
48,0,imagen.jpeg,150,linear,1x1280,1.439798
49,0,imagen.jpeg,0,conv2d,1x3x224x224,18.961017
49,0,imagen.jpeg,1,batchnorm,1x32x112x112,0.463728
49,0,imagen.jpeg,2,activacion,1x32x112x112,0.793922
49,0,imagen.jpeg,3,depthwise_conv,1x32x112x112,4.505317
49,0,imagen.jpeg,4,batchnorm,1x32x112x112,2.544065
49,0,imagen.jpeg,5,activacion,1x32x112x112,0.838301
49,0,imagen.jpeg,6,pointwise_conv,1x32x112x112,3.941458
49,0,imagen.jpeg,7,batchnorm,1x16x112x112,0.200563
49,0,imagen.jpeg,8,pointwise_conv,1x16x112x112,13.504856
49,0,imagen.jpeg,9,batchnorm,1x96x112x112,2.28784
49,0,imagen.jpeg,10,activacion,1x96x112x112,3.943951
49,0,imagen.jpeg,11,depthwise_conv,1x96x112x112,3.878761
49,0,imagen.jpeg,12,batchnorm,1x96x56x56,0.311785
49,0,imagen.jpeg,13,activacion,1x96x56x56,1.120586
49,0,imagen.jpeg,14,pointwise_conv,1x96x56x56,4.463651
49,0,imagen.jpeg,15,batchnorm,1x24x56x56,0.075209
49,0,imagen.jpeg,16,pointwise_conv,1x24x56x56,7.670346
49,0,imagen.jpeg,17,batchnorm,1x144x56x56,1.033582
49,0,imagen.jpeg,18,activacion,1x144x56x56,1.42942
49,0,imagen.jpeg,19,depthwise_conv,1x144x56x56,4.926307
49,0,imagen.jpeg,20,batchnorm,1x144x56x56,1.027001
49,0,imagen.jpeg,21,activacion,1x144x56x56,1.747544
49,0,imagen.jpeg,22,pointwise_conv,1x144x56x56,7.756768
49,0,imagen.jpeg,23,batchnorm,1x24x56x56,0.07946
49,0,imagen.jpeg,24,layer_add,1x24x56x56,0.051145
49,0,imagen.jpeg,25,pointwise_conv,1x24x56x56,6.827437
49,0,imagen.jpeg,26,batchnorm,1x144x56x56,0.531969
49,0,imagen.jpeg,27,activacion,1x144x56x56,1.712161
49,0,imagen.jpeg,28,depthwise_conv,1x144x56x56,1.348952
49,0,imagen.jpeg,29,batchnorm,1x144x28x28,0.123999
49,0,imagen.jpeg,30,activacion,1x144x28x28,0.410784
49,0,imagen.jpeg,31,pointwise_conv,1x144x28x28,2.400103
49,0,imagen.jpeg,32,batchnorm,1x32x28x28,0.027518
49,0,imagen.jpeg,33,pointwise_conv,1x32x28x28,3.148533
49,0,imagen.jpeg,34,batchnorm,1x192x28x28,0.160354
49,0,imagen.jpeg,35,activacion,1x192x28x28,0.429598
49,0,imagen.jpeg,36,depthwise_conv,1x192x28x28,1.672353
49,0,imagen.jpeg,37,batchnorm,1x192x28x28,0.146705
49,0,imagen.jpeg,38,activacion,1x192x28x28,0.58856
49,0,imagen.jpeg,39,pointwise_conv,1x192x28x28,2.991283
49,0,imagen.jpeg,40,batchnorm,1x32x28x28,0.024151
49,0,imagen.jpeg,41,layer_add,1x32x28x28,0.014826
49,0,imagen.jpeg,42,pointwise_conv,1x32x28x28,2.949176
49,0,imagen.jpeg,43,batchnorm,1x192x28x28,0.323949
49,0,imagen.jpeg,44,activacion,1x192x28x28,0.5545
49,0,imagen.jpeg,45,depthwise_conv,1x192x28x28,1.824869
49,0,imagen.jpeg,46,batchnorm,1x192x28x28,0.203753
49,0,imagen.jpeg,47,activacion,1x192x28x28,0.580005
49,0,imagen.jpeg,48,pointwise_conv,1x192x28x28,3.575791
49,0,imagen.jpeg,49,batchnorm,1x32x28x28,0.02594
49,0,imagen.jpeg,50,layer_add,1x32x28x28,0.015276
49,0,imagen.jpeg,51,pointwise_conv,1x32x28x28,3.085684
49,0,imagen.jpeg,52,batchnorm,1x192x28x28,0.178195
49,0,imagen.jpeg,53,activacion,1x192x28x28,0.557099
49,0,imagen.jpeg,54,depthwise_conv,1x192x28x28,0.437881
49,0,imagen.jpeg,55,batchnorm,1x192x14x14,0.037999
49,0,imagen.jpeg,56,activacion,1x192x14x14,0.110035
49,0,imagen.jpeg,57,pointwise_conv,1x192x14x14,1.52003
49,0,imagen.jpeg,58,batchnorm,1x64x14x14,0.012907
49,0,imagen.jpeg,59,pointwise_conv,1x64x14x14,3.447392
49,0,imagen.jpeg,60,batchnorm,1x384x14x14,0.148006
49,0,imagen.jpeg,61,activacion,1x384x14x14,0.235584
49,0,imagen.jpeg,62,depthwise_conv,1x384x14x14,0.979494
49,0,imagen.jpeg,63,batchnorm,1x384x14x14,0.086013
49,0,imagen.jpeg,64,activacion,1x384x14x14,0.302864
49,0,imagen.jpeg,65,pointwise_conv,1x384x14x14,3.165477
49,0,imagen.jpeg,66,batchnorm,1x64x14x14,0.014174
49,0,imagen.jpeg,67,layer_add,1x64x14x14,0.007867
49,0,imagen.jpeg,68,pointwise_conv,1x64x14x14,3.086565
49,0,imagen.jpeg,69,batchnorm,1x384x14x14,0.08294
49,0,imagen.jpeg,70,activacion,1x384x14x14,0.28149
49,0,imagen.jpeg,71,depthwise_conv,1x384x14x14,0.894764
49,0,imagen.jpeg,72,batchnorm,1x384x14x14,0.112051
49,0,imagen.jpeg,73,activacion,1x384x14x14,0.279802
49,0,imagen.jpeg,74,pointwise_conv,1x384x14x14,3.02076
49,0,imagen.jpeg,75,batchnorm,1x64x14x14,0.012705
49,0,imagen.jpeg,76,layer_add,1x64x14x14,0.008181
49,0,imagen.jpeg,77,pointwise_conv,1x64x14x14,3.479708
49,0,imagen.jpeg,78,batchnorm,1x384x14x14,0.099855
49,0,imagen.jpeg,79,activacion,1x384x14x14,0.322003
49,0,imagen.jpeg,80,depthwise_conv,1x384x14x14,0.882461
49,0,imagen.jpeg,81,batchnorm,1x384x14x14,0.166381
49,0,imagen.jpeg,82,activacion,1x384x14x14,0.255866
49,0,imagen.jpeg,83,pointwise_conv,1x384x14x14,3.491357
49,0,imagen.jpeg,84,batchnorm,1x64x14x14,0.013329
49,0,imagen.jpeg,85,layer_add,1x64x14x14,0.007605
49,0,imagen.jpeg,86,pointwise_conv,1x64x14x14,3.08346
49,0,imagen.jpeg,87,batchnorm,1x384x14x14,0.07998
49,0,imagen.jpeg,88,activacion,1x384x14x14,0.290441
49,0,imagen.jpeg,89,depthwise_conv,1x384x14x14,0.860794
49,0,imagen.jpeg,90,batchnorm,1x384x14x14,0.075527
49,0,imagen.jpeg,91,activacion,1x384x14x14,0.274233
49,0,imagen.jpeg,92,pointwise_conv,1x384x14x14,4.545676
49,0,imagen.jpeg,93,batchnorm,1x96x14x14,0.024575
49,0,imagen.jpeg,94,pointwise_conv,1x96x14x14,8.236146
49,0,imagen.jpeg,95,batchnorm,1x576x14x14,0.130021
49,0,imagen.jpeg,96,activacion,1x576x14x14,0.423497
49,0,imagen.jpeg,97,depthwise_conv,1x576x14x14,1.298221
49,0,imagen.jpeg,98,batchnorm,1x576x14x14,0.200322
49,0,imagen.jpeg,99,activacion,1x576x14x14,0.370555
49,0,imagen.jpeg,100,pointwise_conv,1x576x14x14,6.966524
49,0,imagen.jpeg,101,batchnorm,1x96x14x14,0.022181
49,0,imagen.jpeg,102,layer_add,1x96x14x14,0.021157
49,0,imagen.jpeg,103,pointwise_conv,1x96x14x14,7.139935
49,0,imagen.jpeg,104,batchnorm,1x576x14x14,0.124785
49,0,imagen.jpeg,105,activacion,1x576x14x14,0.412248
49,0,imagen.jpeg,106,depthwise_conv,1x576x14x14,1.314948
49,0,imagen.jpeg,107,batchnorm,1x576x14x14,0.18048
49,0,imagen.jpeg,108,activacion,1x576x14x14,0.345347
49,0,imagen.jpeg,109,pointwise_conv,1x576x14x14,6.922204
49,0,imagen.jpeg,110,batchnorm,1x96x14x14,0.02433
49,0,imagen.jpeg,111,layer_add,1x96x14x14,0.017003
49,0,imagen.jpeg,112,pointwise_conv,1x96x14x14,7.08982
49,0,imagen.jpeg,113,batchnorm,1x576x14x14,0.120269
49,0,imagen.jpeg,114,activacion,1x576x14x14,0.367081
49,0,imagen.jpeg,115,depthwise_conv,1x576x14x14,0.311937
49,0,imagen.jpeg,116,batchnorm,1x576x7x7,0.034828
49,0,imagen.jpeg,117,activacion,1x576x7x7,0.073768
49,0,imagen.jpeg,118,pointwise_conv,1x576x7x7,2.757988
49,0,imagen.jpeg,119,batchnorm,1x160x7x7,0.008276
49,0,imagen.jpeg,120,pointwise_conv,1x160x7x7,4.658729
49,0,imagen.jpeg,121,batchnorm,1x960x7x7,0.060206
49,0,imagen.jpeg,122,activacion,1x960x7x7,0.174733
49,0,imagen.jpeg,123,depthwise_conv,1x960x7x7,0.485487
49,0,imagen.jpeg,124,batchnorm,1x960x7x7,0.051813
49,0,imagen.jpeg,125,activacion,1x960x7x7,0.163301
49,0,imagen.jpeg,126,pointwise_conv,1x960x7x7,4.937992
49,0,imagen.jpeg,127,batchnorm,1x160x7x7,0.008746
49,0,imagen.jpeg,128,layer_add,1x160x7x7,0.00461
49,0,imagen.jpeg,129,pointwise_conv,1x160x7x7,4.526039
49,0,imagen.jpeg,130,batchnorm,1x960x7x7,0.048268
49,0,imagen.jpeg,131,activacion,1x960x7x7,0.153983
49,0,imagen.jpeg,132,depthwise_conv,1x960x7x7,0.465205
49,0,imagen.jpeg,133,batchnorm,1x960x7x7,0.071401
49,0,imagen.jpeg,134,activacion,1x960x7x7,0.137743
49,0,imagen.jpeg,135,pointwise_conv,1x960x7x7,4.437002
49,0,imagen.jpeg,136,batchnorm,1x160x7x7,0.008991
49,0,imagen.jpeg,137,layer_add,1x160x7x7,0.011846
49,0,imagen.jpeg,138,pointwise_conv,1x160x7x7,4.91155
49,0,imagen.jpeg,139,batchnorm,1x960x7x7,0.06227
49,0,imagen.jpeg,140,activacion,1x960x7x7,0.132501
49,0,imagen.jpeg,141,depthwise_conv,1x960x7x7,0.516213
49,0,imagen.jpeg,142,batchnorm,1x960x7x7,0.053532
49,0,imagen.jpeg,143,activacion,1x960x7x7,0.101274
49,0,imagen.jpeg,144,pointwise_conv,1x960x7x7,9.205111
49,0,imagen.jpeg,145,batchnorm,1x320x7x7,0.018924
49,0,imagen.jpeg,146,pointwise_conv,1x320x7x7,12.458903
49,0,imagen.jpeg,147,batchnorm,1x1280x7x7,0.066009
49,0,imagen.jpeg,148,activacion,1x1280x7x7,0.195467
49,0,imagen.jpeg,149,pooling,1x1280x7x7,0.04255
49,0,imagen.jpeg,150,linear,1x1280,1.506058
50,0,imagen.jpeg,0,conv2d,1x3x224x224,17.710582
50,0,imagen.jpeg,1,batchnorm,1x32x112x112,0.442567
50,0,imagen.jpeg,2,activacion,1x32x112x112,0.735925
50,0,imagen.jpeg,3,depthwise_conv,1x32x112x112,4.446769
50,0,imagen.jpeg,4,batchnorm,1x32x112x112,2.512557
50,0,imagen.jpeg,5,activacion,1x32x112x112,0.821195
50,0,imagen.jpeg,6,pointwise_conv,1x32x112x112,4.574591
50,0,imagen.jpeg,7,batchnorm,1x16x112x112,0.343569
50,0,imagen.jpeg,8,pointwise_conv,1x16x112x112,12.77869
50,0,imagen.jpeg,9,batchnorm,1x96x112x112,2.380315
50,0,imagen.jpeg,10,activacion,1x96x112x112,3.878983
50,0,imagen.jpeg,11,depthwise_conv,1x96x112x112,3.411246
50,0,imagen.jpeg,12,batchnorm,1x96x56x56,0.310455
50,0,imagen.jpeg,13,activacion,1x96x56x56,1.09158
50,0,imagen.jpeg,14,pointwise_conv,1x96x56x56,4.186995
50,0,imagen.jpeg,15,batchnorm,1x24x56x56,0.068436
50,0,imagen.jpeg,16,pointwise_conv,1x24x56x56,7.515775
50,0,imagen.jpeg,17,batchnorm,1x144x56x56,0.978761
50,0,imagen.jpeg,18,activacion,1x144x56x56,1.405608
50,0,imagen.jpeg,19,depthwise_conv,1x144x56x56,4.836422
50,0,imagen.jpeg,20,batchnorm,1x144x56x56,0.964866
50,0,imagen.jpeg,21,activacion,1x144x56x56,1.686178
50,0,imagen.jpeg,22,pointwise_conv,1x144x56x56,6.673942
50,0,imagen.jpeg,23,batchnorm,1x24x56x56,0.071725
50,0,imagen.jpeg,24,layer_add,1x24x56x56,0.046376
50,0,imagen.jpeg,25,pointwise_conv,1x24x56x56,6.262784
50,0,imagen.jpeg,26,batchnorm,1x144x56x56,0.455024
50,0,imagen.jpeg,27,activacion,1x144x56x56,1.544582
50,0,imagen.jpeg,28,depthwise_conv,1x144x56x56,1.130895
50,0,imagen.jpeg,29,batchnorm,1x144x28x28,0.10389
50,0,imagen.jpeg,30,activacion,1x144x28x28,0.349587
50,0,imagen.jpeg,31,pointwise_conv,1x144x28x28,2.503938
50,0,imagen.jpeg,32,batchnorm,1x32x28x28,0.032376
50,0,imagen.jpeg,33,pointwise_conv,1x32x28x28,2.982896
50,0,imagen.jpeg,34,batchnorm,1x192x28x28,0.168806
50,0,imagen.jpeg,35,activacion,1x192x28x28,0.405655
50,0,imagen.jpeg,36,depthwise_conv,1x192x28x28,1.573371
50,0,imagen.jpeg,37,batchnorm,1x192x28x28,0.151969
50,0,imagen.jpeg,38,activacion,1x192x28x28,0.541752
50,0,imagen.jpeg,39,pointwise_conv,1x192x28x28,2.896484
50,0,imagen.jpeg,40,batchnorm,1x32x28x28,0.02433
50,0,imagen.jpeg,41,layer_add,1x32x28x28,0.01443
50,0,imagen.jpeg,42,pointwise_conv,1x32x28x28,2.787368
50,0,imagen.jpeg,43,batchnorm,1x192x28x28,0.13964
50,0,imagen.jpeg,44,activacion,1x192x28x28,0.454427
50,0,imagen.jpeg,45,depthwise_conv,1x192x28x28,1.907229
50,0,imagen.jpeg,46,batchnorm,1x192x28x28,0.191189
50,0,imagen.jpeg,47,activacion,1x192x28x28,0.620852
50,0,imagen.jpeg,48,pointwise_conv,1x192x28x28,2.724747
50,0,imagen.jpeg,49,batchnorm,1x32x28x28,0.043446
50,0,imagen.jpeg,50,layer_add,1x32x28x28,0.019917
50,0,imagen.jpeg,51,pointwise_conv,1x32x28x28,2.764947
50,0,imagen.jpeg,52,batchnorm,1x192x28x28,0.151779
50,0,imagen.jpeg,53,activacion,1x192x28x28,0.514575
50,0,imagen.jpeg,54,depthwise_conv,1x192x28x28,0.404151
50,0,imagen.jpeg,55,batchnorm,1x192x14x14,0.04052
50,0,imagen.jpeg,56,activacion,1x192x14x14,0.103212
50,0,imagen.jpeg,57,pointwise_conv,1x192x14x14,1.501809
50,0,imagen.jpeg,58,batchnorm,1x64x14x14,0.012464
50,0,imagen.jpeg,59,pointwise_conv,1x64x14x14,2.794423
50,0,imagen.jpeg,60,batchnorm,1x384x14x14,0.068958
50,0,imagen.jpeg,61,activacion,1x384x14x14,0.209322
50,0,imagen.jpeg,62,depthwise_conv,1x384x14x14,0.793131
50,0,imagen.jpeg,63,batchnorm,1x384x14x14,0.068917
50,0,imagen.jpeg,64,activacion,1x384x14x14,0.28064
50,0,imagen.jpeg,65,pointwise_conv,1x384x14x14,2.939347
50,0,imagen.jpeg,66,batchnorm,1x64x14x14,0.011806
50,0,imagen.jpeg,67,layer_add,1x64x14x14,0.006829
50,0,imagen.jpeg,68,pointwise_conv,1x64x14x14,2.754563
50,0,imagen.jpeg,69,batchnorm,1x384x14x14,0.066143
50,0,imagen.jpeg,70,activacion,1x384x14x14,0.231253
50,0,imagen.jpeg,71,depthwise_conv,1x384x14x14,0.827695
50,0,imagen.jpeg,72,batchnorm,1x384x14x14,0.100548
50,0,imagen.jpeg,73,activacion,1x384x14x14,0.244083
50,0,imagen.jpeg,74,pointwise_conv,1x384x14x14,2.789054
50,0,imagen.jpeg,75,batchnorm,1x64x14x14,0.011936
50,0,imagen.jpeg,76,layer_add,1x64x14x14,0.007278
50,0,imagen.jpeg,77,pointwise_conv,1x64x14x14,2.745584
50,0,imagen.jpeg,78,batchnorm,1x384x14x14,0.067875
50,0,imagen.jpeg,79,activacion,1x384x14x14,0.250572
50,0,imagen.jpeg,80,depthwise_conv,1x384x14x14,0.776902
50,0,imagen.jpeg,81,batchnorm,1x384x14x14,0.142563
50,0,imagen.jpeg,82,activacion,1x384x14x14,0.227165
50,0,imagen.jpeg,83,pointwise_conv,1x384x14x14,2.725019
50,0,imagen.jpeg,84,batchnorm,1x64x14x14,0.012264
50,0,imagen.jpeg,85,layer_add,1x64x14x14,0.007022
50,0,imagen.jpeg,86,pointwise_conv,1x64x14x14,2.94404
50,0,imagen.jpeg,87,batchnorm,1x384x14x14,0.080155
50,0,imagen.jpeg,88,activacion,1x384x14x14,0.288556
50,0,imagen.jpeg,89,depthwise_conv,1x384x14x14,0.832913
50,0,imagen.jpeg,90,batchnorm,1x384x14x14,0.070778
50,0,imagen.jpeg,91,activacion,1x384x14x14,0.249099
50,0,imagen.jpeg,92,pointwise_conv,1x384x14x14,4.50466
50,0,imagen.jpeg,93,batchnorm,1x96x14x14,0.02688
50,0,imagen.jpeg,94,pointwise_conv,1x96x14x14,6.437257
50,0,imagen.jpeg,95,batchnorm,1x576x14x14,0.110006
50,0,imagen.jpeg,96,activacion,1x576x14x14,0.385555
50,0,imagen.jpeg,97,depthwise_conv,1x576x14x14,1.1838
50,0,imagen.jpeg,98,batchnorm,1x576x14x14,0.181296
50,0,imagen.jpeg,99,activacion,1x576x14x14,0.342651
50,0,imagen.jpeg,100,pointwise_conv,1x576x14x14,6.275767
50,0,imagen.jpeg,101,batchnorm,1x96x14x14,0.018792
50,0,imagen.jpeg,102,layer_add,1x96x14x14,0.010983
50,0,imagen.jpeg,103,pointwise_conv,1x96x14x14,6.71689
50,0,imagen.jpeg,104,batchnorm,1x576x14x14,0.122667
50,0,imagen.jpeg,105,activacion,1x576x14x14,0.386354
50,0,imagen.jpeg,106,depthwise_conv,1x576x14x14,1.182393
50,0,imagen.jpeg,107,batchnorm,1x576x14x14,0.166189
50,0,imagen.jpeg,108,activacion,1x576x14x14,0.319551
50,0,imagen.jpeg,109,pointwise_conv,1x576x14x14,6.0875
50,0,imagen.jpeg,110,batchnorm,1x96x14x14,0.017839
50,0,imagen.jpeg,111,layer_add,1x96x14x14,0.012544
50,0,imagen.jpeg,112,pointwise_conv,1x96x14x14,6.702946
50,0,imagen.jpeg,113,batchnorm,1x576x14x14,0.117608
50,0,imagen.jpeg,114,activacion,1x576x14x14,0.334764
50,0,imagen.jpeg,115,depthwise_conv,1x576x14x14,0.291547
50,0,imagen.jpeg,116,batchnorm,1x576x7x7,0.031091
50,0,imagen.jpeg,117,activacion,1x576x7x7,0.06843
50,0,imagen.jpeg,118,pointwise_conv,1x576x7x7,2.57642
50,0,imagen.jpeg,119,batchnorm,1x160x7x7,0.007544
50,0,imagen.jpeg,120,pointwise_conv,1x160x7x7,4.212334
50,0,imagen.jpeg,121,batchnorm,1x960x7x7,0.047139
50,0,imagen.jpeg,122,activacion,1x960x7x7,0.152417
50,0,imagen.jpeg,123,depthwise_conv,1x960x7x7,0.455545
50,0,imagen.jpeg,124,batchnorm,1x960x7x7,0.045629
50,0,imagen.jpeg,125,activacion,1x960x7x7,0.14861
50,0,imagen.jpeg,126,pointwise_conv,1x960x7x7,4.131127
50,0,imagen.jpeg,127,batchnorm,1x160x7x7,0.007496
50,0,imagen.jpeg,128,layer_add,1x160x7x7,0.003959
50,0,imagen.jpeg,129,pointwise_conv,1x160x7x7,4.074234
50,0,imagen.jpeg,130,batchnorm,1x960x7x7,0.042533
50,0,imagen.jpeg,131,activacion,1x960x7x7,0.138372
50,0,imagen.jpeg,132,depthwise_conv,1x960x7x7,0.442693
50,0,imagen.jpeg,133,batchnorm,1x960x7x7,0.053873
50,0,imagen.jpeg,134,activacion,1x960x7x7,0.124023
50,0,imagen.jpeg,135,pointwise_conv,1x960x7x7,4.404049
50,0,imagen.jpeg,136,batchnorm,1x160x7x7,0.027906
50,0,imagen.jpeg,137,layer_add,1x160x7x7,0.01564
50,0,imagen.jpeg,138,pointwise_conv,1x160x7x7,4.590514
50,0,imagen.jpeg,139,batchnorm,1x960x7x7,0.048856
50,0,imagen.jpeg,140,activacion,1x960x7x7,0.118908
50,0,imagen.jpeg,141,depthwise_conv,1x960x7x7,0.454113
50,0,imagen.jpeg,142,batchnorm,1x960x7x7,0.049126
50,0,imagen.jpeg,143,activacion,1x960x7x7,0.092536
50,0,imagen.jpeg,144,pointwise_conv,1x960x7x7,8.186033
50,0,imagen.jpeg,145,batchnorm,1x320x7x7,0.016016
50,0,imagen.jpeg,146,pointwise_conv,1x320x7x7,12.039218
50,0,imagen.jpeg,147,batchnorm,1x1280x7x7,0.066487
50,0,imagen.jpeg,148,activacion,1x1280x7x7,0.195207
50,0,imagen.jpeg,149,pooling,1x1280x7x7,0.042476
50,0,imagen.jpeg,150,linear,1x1280,1.489316
51,0,imagen.jpeg,0,conv2d,1x3x224x224,17.456654
51,0,imagen.jpeg,1,batchnorm,1x32x112x112,0.452089
51,0,imagen.jpeg,2,activacion,1x32x112x112,0.762037
51,0,imagen.jpeg,3,depthwise_conv,1x32x112x112,4.482603
51,0,imagen.jpeg,4,batchnorm,1x32x112x112,2.528059
51,0,imagen.jpeg,5,activacion,1x32x112x112,0.789102
51,0,imagen.jpeg,6,pointwise_conv,1x32x112x112,3.95364
51,0,imagen.jpeg,7,batchnorm,1x16x112x112,0.204942
51,0,imagen.jpeg,8,pointwise_conv,1x16x112x112,12.614481
51,0,imagen.jpeg,9,batchnorm,1x96x112x112,2.234393
51,0,imagen.jpeg,10,activacion,1x96x112x112,3.621406
51,0,imagen.jpeg,11,depthwise_conv,1x96x112x112,3.489282
51,0,imagen.jpeg,12,batchnorm,1x96x56x56,0.314147
51,0,imagen.jpeg,13,activacion,1x96x56x56,1.126528
51,0,imagen.jpeg,14,pointwise_conv,1x96x56x56,4.27375
51,0,imagen.jpeg,15,batchnorm,1x24x56x56,0.085403
51,0,imagen.jpeg,16,pointwise_conv,1x24x56x56,7.290576
51,0,imagen.jpeg,17,batchnorm,1x144x56x56,1.112747
51,0,imagen.jpeg,18,activacion,1x144x56x56,1.438296
51,0,imagen.jpeg,19,depthwise_conv,1x144x56x56,4.81361
51,0,imagen.jpeg,20,batchnorm,1x144x56x56,0.99503
51,0,imagen.jpeg,21,activacion,1x144x56x56,1.666562
51,0,imagen.jpeg,22,pointwise_conv,1x144x56x56,7.092424
51,0,imagen.jpeg,23,batchnorm,1x24x56x56,0.074695
51,0,imagen.jpeg,24,layer_add,1x24x56x56,0.065558
51,0,imagen.jpeg,25,pointwise_conv,1x24x56x56,6.764302
51,0,imagen.jpeg,26,batchnorm,1x144x56x56,0.46224
51,0,imagen.jpeg,27,activacion,1x144x56x56,1.614058
51,0,imagen.jpeg,28,depthwise_conv,1x144x56x56,1.198642
51,0,imagen.jpeg,29,batchnorm,1x144x28x28,0.108214
51,0,imagen.jpeg,30,activacion,1x144x28x28,0.368786
51,0,imagen.jpeg,31,pointwise_conv,1x144x28x28,2.080737
51,0,imagen.jpeg,32,batchnorm,1x32x28x28,0.04248
51,0,imagen.jpeg,33,pointwise_conv,1x32x28x28,3.114334
51,0,imagen.jpeg,34,batchnorm,1x192x28x28,0.167495
51,0,imagen.jpeg,35,activacion,1x192x28x28,0.424901
51,0,imagen.jpeg,36,depthwise_conv,1x192x28x28,1.67302
51,0,imagen.jpeg,37,batchnorm,1x192x28x28,0.154106
51,0,imagen.jpeg,38,activacion,1x192x28x28,0.575821
51,0,imagen.jpeg,39,pointwise_conv,1x192x28x28,2.768976
51,0,imagen.jpeg,40,batchnorm,1x32x28x28,0.023078
51,0,imagen.jpeg,41,layer_add,1x32x28x28,0.014723
51,0,imagen.jpeg,42,pointwise_conv,1x32x28x28,2.807454
51,0,imagen.jpeg,43,batchnorm,1x192x28x28,0.139181
51,0,imagen.jpeg,44,activacion,1x192x28x28,0.438622
51,0,imagen.jpeg,45,depthwise_conv,1x192x28x28,1.564303
51,0,imagen.jpeg,46,batchnorm,1x192x28x28,0.134292
51,0,imagen.jpeg,47,activacion,1x192x28x28,0.518974
51,0,imagen.jpeg,48,pointwise_conv,1x192x28x28,2.922726
51,0,imagen.jpeg,49,batchnorm,1x32x28x28,0.045121
51,0,imagen.jpeg,50,layer_add,1x32x28x28,0.017438
51,0,imagen.jpeg,51,pointwise_conv,1x32x28x28,3.02295
51,0,imagen.jpeg,52,batchnorm,1x192x28x28,0.15567
51,0,imagen.jpeg,53,activacion,1x192x28x28,0.564025
51,0,imagen.jpeg,54,depthwise_conv,1x192x28x28,0.561207
51,0,imagen.jpeg,55,batchnorm,1x192x14x14,0.0463
51,0,imagen.jpeg,56,activacion,1x192x14x14,0.123621
51,0,imagen.jpeg,57,pointwise_conv,1x192x14x14,1.91896
51,0,imagen.jpeg,58,batchnorm,1x64x14x14,0.012676
51,0,imagen.jpeg,59,pointwise_conv,1x64x14x14,3.032724
51,0,imagen.jpeg,60,batchnorm,1x384x14x14,0.07263
51,0,imagen.jpeg,61,activacion,1x384x14x14,0.2005
51,0,imagen.jpeg,62,depthwise_conv,1x384x14x14,0.787188
51,0,imagen.jpeg,63,batchnorm,1x384x14x14,0.06881
51,0,imagen.jpeg,64,activacion,1x384x14x14,0.274847
51,0,imagen.jpeg,65,pointwise_conv,1x384x14x14,2.767659
51,0,imagen.jpeg,66,batchnorm,1x64x14x14,0.011903
51,0,imagen.jpeg,67,layer_add,1x64x14x14,0.006297
51,0,imagen.jpeg,68,pointwise_conv,1x64x14x14,3.053604
51,0,imagen.jpeg,69,batchnorm,1x384x14x14,0.077331
51,0,imagen.jpeg,70,activacion,1x384x14x14,0.255419
51,0,imagen.jpeg,71,depthwise_conv,1x384x14x14,0.875231
51,0,imagen.jpeg,72,batchnorm,1x384x14x14,0.106204
51,0,imagen.jpeg,73,activacion,1x384x14x14,0.270734
51,0,imagen.jpeg,74,pointwise_conv,1x384x14x14,2.853455
51,0,imagen.jpeg,75,batchnorm,1x64x14x14,0.011674
51,0,imagen.jpeg,76,layer_add,1x64x14x14,0.007658
51,0,imagen.jpeg,77,pointwise_conv,1x64x14x14,2.846811
51,0,imagen.jpeg,78,batchnorm,1x384x14x14,0.067386
51,0,imagen.jpeg,79,activacion,1x384x14x14,0.258622
51,0,imagen.jpeg,80,depthwise_conv,1x384x14x14,0.80183
51,0,imagen.jpeg,81,batchnorm,1x384x14x14,0.146332
51,0,imagen.jpeg,82,activacion,1x384x14x14,0.235398
51,0,imagen.jpeg,83,pointwise_conv,1x384x14x14,2.783048
51,0,imagen.jpeg,84,batchnorm,1x64x14x14,0.011511
51,0,imagen.jpeg,85,layer_add,1x64x14x14,0.005504
51,0,imagen.jpeg,86,pointwise_conv,1x64x14x14,2.97505
51,0,imagen.jpeg,87,batchnorm,1x384x14x14,0.097493
51,0,imagen.jpeg,88,activacion,1x384x14x14,0.31338
51,0,imagen.jpeg,89,depthwise_conv,1x384x14x14,0.822788
51,0,imagen.jpeg,90,batchnorm,1x384x14x14,0.080566
51,0,imagen.jpeg,91,activacion,1x384x14x14,0.257654
51,0,imagen.jpeg,92,pointwise_conv,1x384x14x14,4.335687
51,0,imagen.jpeg,93,batchnorm,1x96x14x14,0.01852
51,0,imagen.jpeg,94,pointwise_conv,1x96x14x14,6.070061
51,0,imagen.jpeg,95,batchnorm,1x576x14x14,0.099879
51,0,imagen.jpeg,96,activacion,1x576x14x14,0.362323
51,0,imagen.jpeg,97,depthwise_conv,1x576x14x14,1.186868
51,0,imagen.jpeg,98,batchnorm,1x576x14x14,0.194336
51,0,imagen.jpeg,99,activacion,1x576x14x14,0.348781
51,0,imagen.jpeg,100,pointwise_conv,1x576x14x14,6.650749
51,0,imagen.jpeg,101,batchnorm,1x96x14x14,0.017969
51,0,imagen.jpeg,102,layer_add,1x96x14x14,0.010137
51,0,imagen.jpeg,103,pointwise_conv,1x96x14x14,6.072993
51,0,imagen.jpeg,104,batchnorm,1x576x14x14,0.10405
51,0,imagen.jpeg,105,activacion,1x576x14x14,0.376399
51,0,imagen.jpeg,106,depthwise_conv,1x576x14x14,1.179997
51,0,imagen.jpeg,107,batchnorm,1x576x14x14,0.16981
51,0,imagen.jpeg,108,activacion,1x576x14x14,0.316053
51,0,imagen.jpeg,109,pointwise_conv,1x576x14x14,6.637055
51,0,imagen.jpeg,110,batchnorm,1x96x14x14,0.01877
51,0,imagen.jpeg,111,layer_add,1x96x14x14,0.012884
51,0,imagen.jpeg,112,pointwise_conv,1x96x14x14,6.110101
51,0,imagen.jpeg,113,batchnorm,1x576x14x14,0.11801
51,0,imagen.jpeg,114,activacion,1x576x14x14,0.320955
51,0,imagen.jpeg,115,depthwise_conv,1x576x14x14,0.278438
51,0,imagen.jpeg,116,batchnorm,1x576x7x7,0.030605
51,0,imagen.jpeg,117,activacion,1x576x7x7,0.066309
51,0,imagen.jpeg,118,pointwise_conv,1x576x7x7,2.528572
51,0,imagen.jpeg,119,batchnorm,1x160x7x7,0.010261
51,0,imagen.jpeg,120,pointwise_conv,1x160x7x7,4.565478
51,0,imagen.jpeg,121,batchnorm,1x960x7x7,0.051462
51,0,imagen.jpeg,122,activacion,1x960x7x7,0.159165
51,0,imagen.jpeg,123,depthwise_conv,1x960x7x7,0.4539
51,0,imagen.jpeg,124,batchnorm,1x960x7x7,0.046073
51,0,imagen.jpeg,125,activacion,1x960x7x7,0.145971
51,0,imagen.jpeg,126,pointwise_conv,1x960x7x7,4.360275
51,0,imagen.jpeg,127,batchnorm,1x160x7x7,0.008192
51,0,imagen.jpeg,128,layer_add,1x160x7x7,0.00422
51,0,imagen.jpeg,129,pointwise_conv,1x160x7x7,4.136411
51,0,imagen.jpeg,130,batchnorm,1x960x7x7,0.045079
51,0,imagen.jpeg,131,activacion,1x960x7x7,0.143304
51,0,imagen.jpeg,132,depthwise_conv,1x960x7x7,0.436475
51,0,imagen.jpeg,133,batchnorm,1x960x7x7,0.055728
51,0,imagen.jpeg,134,activacion,1x960x7x7,0.127688
51,0,imagen.jpeg,135,pointwise_conv,1x960x7x7,4.265328
51,0,imagen.jpeg,136,batchnorm,1x160x7x7,0.010907
51,0,imagen.jpeg,137,layer_add,1x160x7x7,0.005618
51,0,imagen.jpeg,138,pointwise_conv,1x160x7x7,4.279389
51,0,imagen.jpeg,139,batchnorm,1x960x7x7,0.045034
51,0,imagen.jpeg,140,activacion,1x960x7x7,0.11261
51,0,imagen.jpeg,141,depthwise_conv,1x960x7x7,0.442375
51,0,imagen.jpeg,142,batchnorm,1x960x7x7,0.048021
51,0,imagen.jpeg,143,activacion,1x960x7x7,0.090698
51,0,imagen.jpeg,144,pointwise_conv,1x960x7x7,8.201329
51,0,imagen.jpeg,145,batchnorm,1x320x7x7,0.015009
51,0,imagen.jpeg,146,pointwise_conv,1x320x7x7,11.060232
51,0,imagen.jpeg,147,batchnorm,1x1280x7x7,0.061377
51,0,imagen.jpeg,148,activacion,1x1280x7x7,0.175804
51,0,imagen.jpeg,149,pooling,1x1280x7x7,0.038188
51,0,imagen.jpeg,150,linear,1x1280,1.412888
52,0,imagen.jpeg,0,conv2d,1x3x224x224,15.532243
52,0,imagen.jpeg,1,batchnorm,1x32x112x112,0.406937
52,0,imagen.jpeg,2,activacion,1x32x112x112,0.680384
52,0,imagen.jpeg,3,depthwise_conv,1x32x112x112,4.122369
52,0,imagen.jpeg,4,batchnorm,1x32x112x112,2.314103
52,0,imagen.jpeg,5,activacion,1x32x112x112,0.734346
52,0,imagen.jpeg,6,pointwise_conv,1x32x112x112,3.524901
52,0,imagen.jpeg,7,batchnorm,1x16x112x112,0.172859
52,0,imagen.jpeg,8,pointwise_conv,1x16x112x112,11.306247
52,0,imagen.jpeg,9,batchnorm,1x96x112x112,2.021069
52,0,imagen.jpeg,10,activacion,1x96x112x112,3.3257
52,0,imagen.jpeg,11,depthwise_conv,1x96x112x112,3.129263
52,0,imagen.jpeg,12,batchnorm,1x96x56x56,0.276358
52,0,imagen.jpeg,13,activacion,1x96x56x56,0.976017
52,0,imagen.jpeg,14,pointwise_conv,1x96x56x56,3.926347
52,0,imagen.jpeg,15,batchnorm,1x24x56x56,0.061177
52,0,imagen.jpeg,16,pointwise_conv,1x24x56x56,6.446328
52,0,imagen.jpeg,17,batchnorm,1x144x56x56,0.87554
52,0,imagen.jpeg,18,activacion,1x144x56x56,1.237006
52,0,imagen.jpeg,19,depthwise_conv,1x144x56x56,4.436535
52,0,imagen.jpeg,20,batchnorm,1x144x56x56,0.949575
52,0,imagen.jpeg,21,activacion,1x144x56x56,1.592028
52,0,imagen.jpeg,22,pointwise_conv,1x144x56x56,6.116737
52,0,imagen.jpeg,23,batchnorm,1x24x56x56,0.068251
52,0,imagen.jpeg,24,layer_add,1x24x56x56,0.049417
52,0,imagen.jpeg,25,pointwise_conv,1x24x56x56,5.959361
52,0,imagen.jpeg,26,batchnorm,1x144x56x56,0.456554
52,0,imagen.jpeg,27,activacion,1x144x56x56,1.576781
52,0,imagen.jpeg,28,depthwise_conv,1x144x56x56,1.116918
52,0,imagen.jpeg,29,batchnorm,1x144x28x28,0.100092
52,0,imagen.jpeg,30,activacion,1x144x28x28,0.342319
52,0,imagen.jpeg,31,pointwise_conv,1x144x28x28,1.925081
52,0,imagen.jpeg,32,batchnorm,1x32x28x28,0.021192
52,0,imagen.jpeg,33,pointwise_conv,1x32x28x28,2.609445
52,0,imagen.jpeg,34,batchnorm,1x192x28x28,0.132225
52,0,imagen.jpeg,35,activacion,1x192x28x28,0.37253
52,0,imagen.jpeg,36,depthwise_conv,1x192x28x28,1.464308
52,0,imagen.jpeg,37,batchnorm,1x192x28x28,0.12642
52,0,imagen.jpeg,38,activacion,1x192x28x28,0.514974
52,0,imagen.jpeg,39,pointwise_conv,1x192x28x28,2.635955
52,0,imagen.jpeg,40,batchnorm,1x32x28x28,0.022469
52,0,imagen.jpeg,41,layer_add,1x32x28x28,0.014393
52,0,imagen.jpeg,42,pointwise_conv,1x32x28x28,2.685398
52,0,imagen.jpeg,43,batchnorm,1x192x28x28,0.138591
52,0,imagen.jpeg,44,activacion,1x192x28x28,0.463834
52,0,imagen.jpeg,45,depthwise_conv,1x192x28x28,1.542035
52,0,imagen.jpeg,46,batchnorm,1x192x28x28,0.131752
52,0,imagen.jpeg,47,activacion,1x192x28x28,0.488249
52,0,imagen.jpeg,48,pointwise_conv,1x192x28x28,2.625183
52,0,imagen.jpeg,49,batchnorm,1x32x28x28,0.021046
52,0,imagen.jpeg,50,layer_add,1x32x28x28,0.014787
52,0,imagen.jpeg,51,pointwise_conv,1x32x28x28,2.662576
52,0,imagen.jpeg,52,batchnorm,1x192x28x28,0.162973
52,0,imagen.jpeg,53,activacion,1x192x28x28,0.452182
52,0,imagen.jpeg,54,depthwise_conv,1x192x28x28,0.39964
52,0,imagen.jpeg,55,batchnorm,1x192x14x14,0.033535
52,0,imagen.jpeg,56,activacion,1x192x14x14,0.093147
52,0,imagen.jpeg,57,pointwise_conv,1x192x14x14,1.33145
52,0,imagen.jpeg,58,batchnorm,1x64x14x14,0.011974
52,0,imagen.jpeg,59,pointwise_conv,1x64x14x14,2.740133
52,0,imagen.jpeg,60,batchnorm,1x384x14x14,0.070194
52,0,imagen.jpeg,61,activacion,1x384x14x14,0.200863
52,0,imagen.jpeg,62,depthwise_conv,1x384x14x14,0.759972
52,0,imagen.jpeg,63,batchnorm,1x384x14x14,0.067031
52,0,imagen.jpeg,64,activacion,1x384x14x14,0.263435
52,0,imagen.jpeg,65,pointwise_conv,1x384x14x14,2.678748
52,0,imagen.jpeg,66,batchnorm,1x64x14x14,0.011223
52,0,imagen.jpeg,67,layer_add,1x64x14x14,0.006519
52,0,imagen.jpeg,68,pointwise_conv,1x64x14x14,2.719906
52,0,imagen.jpeg,69,batchnorm,1x384x14x14,0.066758
52,0,imagen.jpeg,70,activacion,1x384x14x14,0.242685
52,0,imagen.jpeg,71,depthwise_conv,1x384x14x14,0.756746
52,0,imagen.jpeg,72,batchnorm,1x384x14x14,0.09496
52,0,imagen.jpeg,73,activacion,1x384x14x14,0.243336
52,0,imagen.jpeg,74,pointwise_conv,1x384x14x14,2.774184
52,0,imagen.jpeg,75,batchnorm,1x64x14x14,0.011975
52,0,imagen.jpeg,76,layer_add,1x64x14x14,0.007452
52,0,imagen.jpeg,77,pointwise_conv,1x64x14x14,2.721902
52,0,imagen.jpeg,78,batchnorm,1x384x14x14,0.068586
52,0,imagen.jpeg,79,activacion,1x384x14x14,0.244178
52,0,imagen.jpeg,80,depthwise_conv,1x384x14x14,0.750257
52,0,imagen.jpeg,81,batchnorm,1x384x14x14,0.138984
52,0,imagen.jpeg,82,activacion,1x384x14x14,0.226902
52,0,imagen.jpeg,83,pointwise_conv,1x384x14x14,2.827383
52,0,imagen.jpeg,84,batchnorm,1x64x14x14,0.011256
52,0,imagen.jpeg,85,layer_add,1x64x14x14,0.00592
52,0,imagen.jpeg,86,pointwise_conv,1x64x14x14,2.787976
52,0,imagen.jpeg,87,batchnorm,1x384x14x14,0.099938
52,0,imagen.jpeg,88,activacion,1x384x14x14,0.238655
52,0,imagen.jpeg,89,depthwise_conv,1x384x14x14,0.783279
52,0,imagen.jpeg,90,batchnorm,1x384x14x14,0.063761
52,0,imagen.jpeg,91,activacion,1x384x14x14,0.230768
52,0,imagen.jpeg,92,pointwise_conv,1x384x14x14,3.931248
52,0,imagen.jpeg,93,batchnorm,1x96x14x14,0.016738
52,0,imagen.jpeg,94,pointwise_conv,1x96x14x14,5.814378
52,0,imagen.jpeg,95,batchnorm,1x576x14x14,0.095134
52,0,imagen.jpeg,96,activacion,1x576x14x14,0.348063
52,0,imagen.jpeg,97,depthwise_conv,1x576x14x14,1.272265
52,0,imagen.jpeg,98,batchnorm,1x576x14x14,0.171188
52,0,imagen.jpeg,99,activacion,1x576x14x14,0.317066
52,0,imagen.jpeg,100,pointwise_conv,1x576x14x14,5.985765
52,0,imagen.jpeg,101,batchnorm,1x96x14x14,0.016621
52,0,imagen.jpeg,102,layer_add,1x96x14x14,0.009236
52,0,imagen.jpeg,103,pointwise_conv,1x96x14x14,5.9751
52,0,imagen.jpeg,104,batchnorm,1x576x14x14,0.098768
52,0,imagen.jpeg,105,activacion,1x576x14x14,0.353502
52,0,imagen.jpeg,106,depthwise_conv,1x576x14x14,1.124371
52,0,imagen.jpeg,107,batchnorm,1x576x14x14,0.15703
52,0,imagen.jpeg,108,activacion,1x576x14x14,0.299799
52,0,imagen.jpeg,109,pointwise_conv,1x576x14x14,5.956052
52,0,imagen.jpeg,110,batchnorm,1x96x14x14,0.017043
52,0,imagen.jpeg,111,layer_add,1x96x14x14,0.011992
52,0,imagen.jpeg,112,pointwise_conv,1x96x14x14,5.902736
52,0,imagen.jpeg,113,batchnorm,1x576x14x14,0.100544
52,0,imagen.jpeg,114,activacion,1x576x14x14,0.399371
52,0,imagen.jpeg,115,depthwise_conv,1x576x14x14,0.260298
52,0,imagen.jpeg,116,batchnorm,1x576x7x7,0.030003
52,0,imagen.jpeg,117,activacion,1x576x7x7,0.063336
52,0,imagen.jpeg,118,pointwise_conv,1x576x7x7,2.345056
52,0,imagen.jpeg,119,batchnorm,1x160x7x7,0.007452
52,0,imagen.jpeg,120,pointwise_conv,1x160x7x7,4.017948
52,0,imagen.jpeg,121,batchnorm,1x960x7x7,0.044239
52,0,imagen.jpeg,122,activacion,1x960x7x7,0.148946
52,0,imagen.jpeg,123,depthwise_conv,1x960x7x7,0.424339
52,0,imagen.jpeg,124,batchnorm,1x960x7x7,0.046588
52,0,imagen.jpeg,125,activacion,1x960x7x7,0.138039
52,0,imagen.jpeg,126,pointwise_conv,1x960x7x7,4.032354
52,0,imagen.jpeg,127,batchnorm,1x160x7x7,0.007808
52,0,imagen.jpeg,128,layer_add,1x160x7x7,0.004233
52,0,imagen.jpeg,129,pointwise_conv,1x160x7x7,4.083554
52,0,imagen.jpeg,130,batchnorm,1x960x7x7,0.044104
52,0,imagen.jpeg,131,activacion,1x960x7x7,0.141603
52,0,imagen.jpeg,132,depthwise_conv,1x960x7x7,0.432074
52,0,imagen.jpeg,133,batchnorm,1x960x7x7,0.054093
52,0,imagen.jpeg,134,activacion,1x960x7x7,0.124215
52,0,imagen.jpeg,135,pointwise_conv,1x960x7x7,4.006607
52,0,imagen.jpeg,136,batchnorm,1x160x7x7,0.007682
52,0,imagen.jpeg,137,layer_add,1x160x7x7,0.004113
52,0,imagen.jpeg,138,pointwise_conv,1x160x7x7,4.013977
52,0,imagen.jpeg,139,batchnorm,1x960x7x7,0.042596
52,0,imagen.jpeg,140,activacion,1x960x7x7,0.113969
52,0,imagen.jpeg,141,depthwise_conv,1x960x7x7,0.428224
52,0,imagen.jpeg,142,batchnorm,1x960x7x7,0.046685
52,0,imagen.jpeg,143,activacion,1x960x7x7,0.088026
52,0,imagen.jpeg,144,pointwise_conv,1x960x7x7,8.012054
52,0,imagen.jpeg,145,batchnorm,1x320x7x7,0.015682
52,0,imagen.jpeg,146,pointwise_conv,1x320x7x7,10.803919
52,0,imagen.jpeg,147,batchnorm,1x1280x7x7,0.062285
52,0,imagen.jpeg,148,activacion,1x1280x7x7,0.180914
52,0,imagen.jpeg,149,pooling,1x1280x7x7,0.039263
52,0,imagen.jpeg,150,linear,1x1280,1.404124
53,0,imagen.jpeg,0,conv2d,1x3x224x224,14.737899
53,0,imagen.jpeg,1,batchnorm,1x32x112x112,0.395088
53,0,imagen.jpeg,2,activacion,1x32x112x112,0.614584
53,0,imagen.jpeg,3,depthwise_conv,1x32x112x112,3.820428
53,0,imagen.jpeg,4,batchnorm,1x32x112x112,2.25278
53,0,imagen.jpeg,5,activacion,1x32x112x112,0.715682
53,0,imagen.jpeg,6,pointwise_conv,1x32x112x112,3.548627
53,0,imagen.jpeg,7,batchnorm,1x16x112x112,0.171431
53,0,imagen.jpeg,8,pointwise_conv,1x16x112x112,10.537601
53,0,imagen.jpeg,9,batchnorm,1x96x112x112,2.12409
53,0,imagen.jpeg,10,activacion,1x96x112x112,3.280456
53,0,imagen.jpeg,11,depthwise_conv,1x96x112x112,3.156119
53,0,imagen.jpeg,12,batchnorm,1x96x56x56,0.331258
53,0,imagen.jpeg,13,activacion,1x96x56x56,1.053823
53,0,imagen.jpeg,14,pointwise_conv,1x96x56x56,4.015649
53,0,imagen.jpeg,15,batchnorm,1x24x56x56,0.060333
53,0,imagen.jpeg,16,pointwise_conv,1x24x56x56,6.489448
53,0,imagen.jpeg,17,batchnorm,1x144x56x56,0.864384
53,0,imagen.jpeg,18,activacion,1x144x56x56,1.245257
53,0,imagen.jpeg,19,depthwise_conv,1x144x56x56,4.293728
53,0,imagen.jpeg,20,batchnorm,1x144x56x56,0.875925
53,0,imagen.jpeg,21,activacion,1x144x56x56,1.558553
53,0,imagen.jpeg,22,pointwise_conv,1x144x56x56,5.673004
53,0,imagen.jpeg,23,batchnorm,1x24x56x56,0.061223
53,0,imagen.jpeg,24,layer_add,1x24x56x56,0.046908
53,0,imagen.jpeg,25,pointwise_conv,1x24x56x56,5.70371
53,0,imagen.jpeg,26,batchnorm,1x144x56x56,0.421801
53,0,imagen.jpeg,27,activacion,1x144x56x56,1.444819
53,0,imagen.jpeg,28,depthwise_conv,1x144x56x56,1.105749
53,0,imagen.jpeg,29,batchnorm,1x144x28x28,0.099127
53,0,imagen.jpeg,30,activacion,1x144x28x28,0.339585
53,0,imagen.jpeg,31,pointwise_conv,1x144x28x28,1.93447
53,0,imagen.jpeg,32,batchnorm,1x32x28x28,0.02154
53,0,imagen.jpeg,33,pointwise_conv,1x32x28x28,2.609705
53,0,imagen.jpeg,34,batchnorm,1x192x28x28,0.129869
53,0,imagen.jpeg,35,activacion,1x192x28x28,0.357664
53,0,imagen.jpeg,36,depthwise_conv,1x192x28x28,1.581817
53,0,imagen.jpeg,37,batchnorm,1x192x28x28,0.128393
53,0,imagen.jpeg,38,activacion,1x192x28x28,0.518159
53,0,imagen.jpeg,39,pointwise_conv,1x192x28x28,2.561405
53,0,imagen.jpeg,40,batchnorm,1x32x28x28,0.020715
53,0,imagen.jpeg,41,layer_add,1x32x28x28,0.012822
53,0,imagen.jpeg,42,pointwise_conv,1x32x28x28,2.628204
53,0,imagen.jpeg,43,batchnorm,1x192x28x28,0.128636
53,0,imagen.jpeg,44,activacion,1x192x28x28,0.416169
53,0,imagen.jpeg,45,depthwise_conv,1x192x28x28,1.497723
53,0,imagen.jpeg,46,batchnorm,1x192x28x28,0.124909
53,0,imagen.jpeg,47,activacion,1x192x28x28,0.485948
53,0,imagen.jpeg,48,pointwise_conv,1x192x28x28,2.486171
53,0,imagen.jpeg,49,batchnorm,1x32x28x28,0.02046
53,0,imagen.jpeg,50,layer_add,1x32x28x28,0.011994
53,0,imagen.jpeg,51,pointwise_conv,1x32x28x28,2.544615
53,0,imagen.jpeg,52,batchnorm,1x192x28x28,0.12514
53,0,imagen.jpeg,53,activacion,1x192x28x28,0.466815
53,0,imagen.jpeg,54,depthwise_conv,1x192x28x28,0.371595
53,0,imagen.jpeg,55,batchnorm,1x192x14x14,0.032808
53,0,imagen.jpeg,56,activacion,1x192x14x14,0.093687
53,0,imagen.jpeg,57,pointwise_conv,1x192x14x14,1.279357
53,0,imagen.jpeg,58,batchnorm,1x64x14x14,0.011109
53,0,imagen.jpeg,59,pointwise_conv,1x64x14x14,2.682882
53,0,imagen.jpeg,60,batchnorm,1x384x14x14,0.082683
53,0,imagen.jpeg,61,activacion,1x384x14x14,0.191618
53,0,imagen.jpeg,62,depthwise_conv,1x384x14x14,0.803488
53,0,imagen.jpeg,63,batchnorm,1x384x14x14,0.065633
53,0,imagen.jpeg,64,activacion,1x384x14x14,0.265553
53,0,imagen.jpeg,65,pointwise_conv,1x384x14x14,2.656849
53,0,imagen.jpeg,66,batchnorm,1x64x14x14,0.011176
53,0,imagen.jpeg,67,layer_add,1x64x14x14,0.006201
53,0,imagen.jpeg,68,pointwise_conv,1x64x14x14,2.745709
53,0,imagen.jpeg,69,batchnorm,1x384x14x14,0.064565
53,0,imagen.jpeg,70,activacion,1x384x14x14,0.229395
53,0,imagen.jpeg,71,depthwise_conv,1x384x14x14,0.771838
53,0,imagen.jpeg,72,batchnorm,1x384x14x14,0.092482
53,0,imagen.jpeg,73,activacion,1x384x14x14,0.273828
53,0,imagen.jpeg,74,pointwise_conv,1x384x14x14,2.62078
53,0,imagen.jpeg,75,batchnorm,1x64x14x14,0.011106
53,0,imagen.jpeg,76,layer_add,1x64x14x14,0.006544
53,0,imagen.jpeg,77,pointwise_conv,1x64x14x14,2.754064
53,0,imagen.jpeg,78,batchnorm,1x384x14x14,0.074611
53,0,imagen.jpeg,79,activacion,1x384x14x14,0.259815
53,0,imagen.jpeg,80,depthwise_conv,1x384x14x14,0.744884
53,0,imagen.jpeg,81,batchnorm,1x384x14x14,0.147527
53,0,imagen.jpeg,82,activacion,1x384x14x14,0.223195
53,0,imagen.jpeg,83,pointwise_conv,1x384x14x14,2.6611
53,0,imagen.jpeg,84,batchnorm,1x64x14x14,0.016991
53,0,imagen.jpeg,85,layer_add,1x64x14x14,0.007062
53,0,imagen.jpeg,86,pointwise_conv,1x64x14x14,2.655017
53,0,imagen.jpeg,87,batchnorm,1x384x14x14,0.065502
53,0,imagen.jpeg,88,activacion,1x384x14x14,0.256287
53,0,imagen.jpeg,89,depthwise_conv,1x384x14x14,0.743966
53,0,imagen.jpeg,90,batchnorm,1x384x14x14,0.065338
53,0,imagen.jpeg,91,activacion,1x384x14x14,0.239666
53,0,imagen.jpeg,92,pointwise_conv,1x384x14x14,3.949515
53,0,imagen.jpeg,93,batchnorm,1x96x14x14,0.01757
53,0,imagen.jpeg,94,pointwise_conv,1x96x14x14,6.000784
53,0,imagen.jpeg,95,batchnorm,1x576x14x14,0.122041
53,0,imagen.jpeg,96,activacion,1x576x14x14,0.369867
53,0,imagen.jpeg,97,depthwise_conv,1x576x14x14,1.126821
53,0,imagen.jpeg,98,batchnorm,1x576x14x14,0.173751
53,0,imagen.jpeg,99,activacion,1x576x14x14,0.33457
53,0,imagen.jpeg,100,pointwise_conv,1x576x14x14,6.066247
53,0,imagen.jpeg,101,batchnorm,1x96x14x14,0.01659
53,0,imagen.jpeg,102,layer_add,1x96x14x14,0.011004
53,0,imagen.jpeg,103,pointwise_conv,1x96x14x14,5.957442
53,0,imagen.jpeg,104,batchnorm,1x576x14x14,0.102191
53,0,imagen.jpeg,105,activacion,1x576x14x14,0.365731
53,0,imagen.jpeg,106,depthwise_conv,1x576x14x14,1.131307
53,0,imagen.jpeg,107,batchnorm,1x576x14x14,0.163268
53,0,imagen.jpeg,108,activacion,1x576x14x14,0.300344
53,0,imagen.jpeg,109,pointwise_conv,1x576x14x14,5.946518
53,0,imagen.jpeg,110,batchnorm,1x96x14x14,0.016693
53,0,imagen.jpeg,111,layer_add,1x96x14x14,0.012295
53,0,imagen.jpeg,112,pointwise_conv,1x96x14x14,5.963492
53,0,imagen.jpeg,113,batchnorm,1x576x14x14,0.109544
53,0,imagen.jpeg,114,activacion,1x576x14x14,0.311087
53,0,imagen.jpeg,115,depthwise_conv,1x576x14x14,0.267044
53,0,imagen.jpeg,116,batchnorm,1x576x7x7,0.030253
53,0,imagen.jpeg,117,activacion,1x576x7x7,0.06481
53,0,imagen.jpeg,118,pointwise_conv,1x576x7x7,2.446876
53,0,imagen.jpeg,119,batchnorm,1x160x7x7,0.00751
53,0,imagen.jpeg,120,pointwise_conv,1x160x7x7,3.993058
53,0,imagen.jpeg,121,batchnorm,1x960x7x7,0.044189
53,0,imagen.jpeg,122,activacion,1x960x7x7,0.149085
53,0,imagen.jpeg,123,depthwise_conv,1x960x7x7,0.432714
53,0,imagen.jpeg,124,batchnorm,1x960x7x7,0.042521
53,0,imagen.jpeg,125,activacion,1x960x7x7,0.137851
53,0,imagen.jpeg,126,pointwise_conv,1x960x7x7,4.001916
53,0,imagen.jpeg,127,batchnorm,1x160x7x7,0.007448
53,0,imagen.jpeg,128,layer_add,1x160x7x7,0.003778
53,0,imagen.jpeg,129,pointwise_conv,1x160x7x7,4.091316
53,0,imagen.jpeg,130,batchnorm,1x960x7x7,0.052935
53,0,imagen.jpeg,131,activacion,1x960x7x7,0.142889
53,0,imagen.jpeg,132,depthwise_conv,1x960x7x7,0.44955
53,0,imagen.jpeg,133,batchnorm,1x960x7x7,0.061722
53,0,imagen.jpeg,134,activacion,1x960x7x7,0.128091
53,0,imagen.jpeg,135,pointwise_conv,1x960x7x7,4.341549
53,0,imagen.jpeg,136,batchnorm,1x160x7x7,0.008411
53,0,imagen.jpeg,137,layer_add,1x160x7x7,0.004591
53,0,imagen.jpeg,138,pointwise_conv,1x160x7x7,4.285124
53,0,imagen.jpeg,139,batchnorm,1x960x7x7,0.045017
53,0,imagen.jpeg,140,activacion,1x960x7x7,0.131946
53,0,imagen.jpeg,141,depthwise_conv,1x960x7x7,0.445414
53,0,imagen.jpeg,142,batchnorm,1x960x7x7,0.048164
53,0,imagen.jpeg,143,activacion,1x960x7x7,0.0902
53,0,imagen.jpeg,144,pointwise_conv,1x960x7x7,8.084685
53,0,imagen.jpeg,145,batchnorm,1x320x7x7,0.015622
53,0,imagen.jpeg,146,pointwise_conv,1x320x7x7,10.997789
53,0,imagen.jpeg,147,batchnorm,1x1280x7x7,0.063894
53,0,imagen.jpeg,148,activacion,1x1280x7x7,0.180594
53,0,imagen.jpeg,149,pooling,1x1280x7x7,0.045649
53,0,imagen.jpeg,150,linear,1x1280,1.386495
54,0,imagen.jpeg,0,conv2d,1x3x224x224,15.852119
54,0,imagen.jpeg,1,batchnorm,1x32x112x112,0.603202
54,0,imagen.jpeg,2,activacion,1x32x112x112,1.17322
54,0,imagen.jpeg,3,depthwise_conv,1x32x112x112,4.219962
54,0,imagen.jpeg,4,batchnorm,1x32x112x112,2.325923
54,0,imagen.jpeg,5,activacion,1x32x112x112,0.748252
54,0,imagen.jpeg,6,pointwise_conv,1x32x112x112,3.684859
54,0,imagen.jpeg,7,batchnorm,1x16x112x112,0.177853
54,0,imagen.jpeg,8,pointwise_conv,1x16x112x112,11.743082
54,0,imagen.jpeg,9,batchnorm,1x96x112x112,2.081218
54,0,imagen.jpeg,10,activacion,1x96x112x112,3.388673
54,0,imagen.jpeg,11,depthwise_conv,1x96x112x112,3.541543
54,0,imagen.jpeg,12,batchnorm,1x96x56x56,0.281477
54,0,imagen.jpeg,13,activacion,1x96x56x56,1.007145
54,0,imagen.jpeg,14,pointwise_conv,1x96x56x56,3.974951
54,0,imagen.jpeg,15,batchnorm,1x24x56x56,0.075012
54,0,imagen.jpeg,16,pointwise_conv,1x24x56x56,6.572665
54,0,imagen.jpeg,17,batchnorm,1x144x56x56,0.909314
54,0,imagen.jpeg,18,activacion,1x144x56x56,1.391224
54,0,imagen.jpeg,19,depthwise_conv,1x144x56x56,4.639509
54,0,imagen.jpeg,20,batchnorm,1x144x56x56,0.905937
54,0,imagen.jpeg,21,activacion,1x144x56x56,1.593761
54,0,imagen.jpeg,22,pointwise_conv,1x144x56x56,5.893388
54,0,imagen.jpeg,23,batchnorm,1x24x56x56,0.06191
54,0,imagen.jpeg,24,layer_add,1x24x56x56,0.051083
54,0,imagen.jpeg,25,pointwise_conv,1x24x56x56,6.596235
54,0,imagen.jpeg,26,batchnorm,1x144x56x56,0.477993
54,0,imagen.jpeg,27,activacion,1x144x56x56,1.544104
54,0,imagen.jpeg,28,depthwise_conv,1x144x56x56,1.139967
54,0,imagen.jpeg,29,batchnorm,1x144x28x28,0.098699
54,0,imagen.jpeg,30,activacion,1x144x28x28,0.344699
54,0,imagen.jpeg,31,pointwise_conv,1x144x28x28,1.955578
54,0,imagen.jpeg,32,batchnorm,1x32x28x28,0.021085
54,0,imagen.jpeg,33,pointwise_conv,1x32x28x28,2.636001
54,0,imagen.jpeg,34,batchnorm,1x192x28x28,0.166826
54,0,imagen.jpeg,35,activacion,1x192x28x28,0.348376
54,0,imagen.jpeg,36,depthwise_conv,1x192x28x28,1.475588
54,0,imagen.jpeg,37,batchnorm,1x192x28x28,0.130373
54,0,imagen.jpeg,38,activacion,1x192x28x28,0.511246
54,0,imagen.jpeg,39,pointwise_conv,1x192x28x28,3.080187
54,0,imagen.jpeg,40,batchnorm,1x32x28x28,0.026235
54,0,imagen.jpeg,41,layer_add,1x32x28x28,0.018056
54,0,imagen.jpeg,42,pointwise_conv,1x32x28x28,2.719986
54,0,imagen.jpeg,43,batchnorm,1x192x28x28,0.163672
54,0,imagen.jpeg,44,activacion,1x192x28x28,0.429917
54,0,imagen.jpeg,45,depthwise_conv,1x192x28x28,1.454293
54,0,imagen.jpeg,46,batchnorm,1x192x28x28,0.13071
54,0,imagen.jpeg,47,activacion,1x192x28x28,0.496781
54,0,imagen.jpeg,48,pointwise_conv,1x192x28x28,2.591975
54,0,imagen.jpeg,49,batchnorm,1x32x28x28,0.021301
54,0,imagen.jpeg,50,layer_add,1x32x28x28,0.012973
54,0,imagen.jpeg,51,pointwise_conv,1x32x28x28,2.634194
54,0,imagen.jpeg,52,batchnorm,1x192x28x28,0.125987
54,0,imagen.jpeg,53,activacion,1x192x28x28,0.44977
54,0,imagen.jpeg,54,depthwise_conv,1x192x28x28,0.375479
54,0,imagen.jpeg,55,batchnorm,1x192x14x14,0.032472
54,0,imagen.jpeg,56,activacion,1x192x14x14,0.095885
54,0,imagen.jpeg,57,pointwise_conv,1x192x14x14,1.307351
54,0,imagen.jpeg,58,batchnorm,1x64x14x14,0.011489
54,0,imagen.jpeg,59,pointwise_conv,1x64x14x14,3.138919
54,0,imagen.jpeg,60,batchnorm,1x384x14x14,0.07463
54,0,imagen.jpeg,61,activacion,1x384x14x14,0.192057
54,0,imagen.jpeg,62,depthwise_conv,1x384x14x14,0.777187
54,0,imagen.jpeg,63,batchnorm,1x384x14x14,0.065459
54,0,imagen.jpeg,64,activacion,1x384x14x14,0.267054
54,0,imagen.jpeg,65,pointwise_conv,1x384x14x14,2.787985
54,0,imagen.jpeg,66,batchnorm,1x64x14x14,0.011929
54,0,imagen.jpeg,67,layer_add,1x64x14x14,0.007338
54,0,imagen.jpeg,68,pointwise_conv,1x64x14x14,2.792457
54,0,imagen.jpeg,69,batchnorm,1x384x14x14,0.082595
54,0,imagen.jpeg,70,activacion,1x384x14x14,0.227338
54,0,imagen.jpeg,71,depthwise_conv,1x384x14x14,0.758654
54,0,imagen.jpeg,72,batchnorm,1x384x14x14,0.095091
54,0,imagen.jpeg,73,activacion,1x384x14x14,0.242524
54,0,imagen.jpeg,74,pointwise_conv,1x384x14x14,2.682825
54,0,imagen.jpeg,75,batchnorm,1x64x14x14,0.010839
54,0,imagen.jpeg,76,layer_add,1x64x14x14,0.006756
54,0,imagen.jpeg,77,pointwise_conv,1x64x14x14,2.913634
54,0,imagen.jpeg,78,batchnorm,1x384x14x14,0.104017
54,0,imagen.jpeg,79,activacion,1x384x14x14,0.292201
54,0,imagen.jpeg,80,depthwise_conv,1x384x14x14,0.783685
54,0,imagen.jpeg,81,batchnorm,1x384x14x14,0.153907
54,0,imagen.jpeg,82,activacion,1x384x14x14,0.24681
54,0,imagen.jpeg,83,pointwise_conv,1x384x14x14,2.741601
54,0,imagen.jpeg,84,batchnorm,1x64x14x14,0.01159
54,0,imagen.jpeg,85,layer_add,1x64x14x14,0.006437
54,0,imagen.jpeg,86,pointwise_conv,1x64x14x14,2.696939
54,0,imagen.jpeg,87,batchnorm,1x384x14x14,0.063271
54,0,imagen.jpeg,88,activacion,1x384x14x14,0.26773
54,0,imagen.jpeg,89,depthwise_conv,1x384x14x14,0.730338
54,0,imagen.jpeg,90,batchnorm,1x384x14x14,0.063644
54,0,imagen.jpeg,91,activacion,1x384x14x14,0.269395
54,0,imagen.jpeg,92,pointwise_conv,1x384x14x14,4.021825
54,0,imagen.jpeg,93,batchnorm,1x96x14x14,0.016814
54,0,imagen.jpeg,94,pointwise_conv,1x96x14x14,6.725522
54,0,imagen.jpeg,95,batchnorm,1x576x14x14,0.117017
54,0,imagen.jpeg,96,activacion,1x576x14x14,0.367507
54,0,imagen.jpeg,97,depthwise_conv,1x576x14x14,1.16898
54,0,imagen.jpeg,98,batchnorm,1x576x14x14,0.179927
54,0,imagen.jpeg,99,activacion,1x576x14x14,0.324867
54,0,imagen.jpeg,100,pointwise_conv,1x576x14x14,5.97659
54,0,imagen.jpeg,101,batchnorm,1x96x14x14,0.016358
54,0,imagen.jpeg,102,layer_add,1x96x14x14,0.010885
54,0,imagen.jpeg,103,pointwise_conv,1x96x14x14,9.042158
54,0,imagen.jpeg,104,batchnorm,1x576x14x14,0.231084
54,0,imagen.jpeg,105,activacion,1x576x14x14,0.473391
54,0,imagen.jpeg,106,depthwise_conv,1x576x14x14,1.382322
54,0,imagen.jpeg,107,batchnorm,1x576x14x14,0.178382
54,0,imagen.jpeg,108,activacion,1x576x14x14,0.353286
54,0,imagen.jpeg,109,pointwise_conv,1x576x14x14,6.257132
54,0,imagen.jpeg,110,batchnorm,1x96x14x14,0.018337
54,0,imagen.jpeg,111,layer_add,1x96x14x14,0.013391
54,0,imagen.jpeg,112,pointwise_conv,1x96x14x14,7.603007
54,0,imagen.jpeg,113,batchnorm,1x576x14x14,0.123961
54,0,imagen.jpeg,114,activacion,1x576x14x14,0.346859
54,0,imagen.jpeg,115,depthwise_conv,1x576x14x14,0.321498
54,0,imagen.jpeg,116,batchnorm,1x576x7x7,0.040952
54,0,imagen.jpeg,117,activacion,1x576x7x7,0.073514
54,0,imagen.jpeg,118,pointwise_conv,1x576x7x7,2.934479
54,0,imagen.jpeg,119,batchnorm,1x160x7x7,0.008755
54,0,imagen.jpeg,120,pointwise_conv,1x160x7x7,4.542346
54,0,imagen.jpeg,121,batchnorm,1x960x7x7,0.048683
54,0,imagen.jpeg,122,activacion,1x960x7x7,0.173359
54,0,imagen.jpeg,123,depthwise_conv,1x960x7x7,0.474066
54,0,imagen.jpeg,124,batchnorm,1x960x7x7,0.046465
54,0,imagen.jpeg,125,activacion,1x960x7x7,0.15087
54,0,imagen.jpeg,126,pointwise_conv,1x960x7x7,4.983066
54,0,imagen.jpeg,127,batchnorm,1x160x7x7,0.009113
54,0,imagen.jpeg,128,layer_add,1x160x7x7,0.005804
54,0,imagen.jpeg,129,pointwise_conv,1x160x7x7,4.378418
54,0,imagen.jpeg,130,batchnorm,1x960x7x7,0.045934
54,0,imagen.jpeg,131,activacion,1x960x7x7,0.158087
54,0,imagen.jpeg,132,depthwise_conv,1x960x7x7,0.441278
54,0,imagen.jpeg,133,batchnorm,1x960x7x7,0.055298
54,0,imagen.jpeg,134,activacion,1x960x7x7,0.127493
54,0,imagen.jpeg,135,pointwise_conv,1x960x7x7,4.176135
54,0,imagen.jpeg,136,batchnorm,1x160x7x7,0.007593
54,0,imagen.jpeg,137,layer_add,1x160x7x7,0.004113
54,0,imagen.jpeg,138,pointwise_conv,1x160x7x7,4.58133
54,0,imagen.jpeg,139,batchnorm,1x960x7x7,0.063302
54,0,imagen.jpeg,140,activacion,1x960x7x7,0.130742
54,0,imagen.jpeg,141,depthwise_conv,1x960x7x7,0.501785
54,0,imagen.jpeg,142,batchnorm,1x960x7x7,0.05111
54,0,imagen.jpeg,143,activacion,1x960x7x7,0.09352
54,0,imagen.jpeg,144,pointwise_conv,1x960x7x7,8.465794
54,0,imagen.jpeg,145,batchnorm,1x320x7x7,0.015389
54,0,imagen.jpeg,146,pointwise_conv,1x320x7x7,11.500057
54,0,imagen.jpeg,147,batchnorm,1x1280x7x7,0.059888
54,0,imagen.jpeg,148,activacion,1x1280x7x7,0.203849
54,0,imagen.jpeg,149,pooling,1x1280x7x7,0.038067
54,0,imagen.jpeg,150,linear,1x1280,1.380336
55,0,imagen.jpeg,0,conv2d,1x3x224x224,15.954695
55,0,imagen.jpeg,1,batchnorm,1x32x112x112,0.401808
55,0,imagen.jpeg,2,activacion,1x32x112x112,0.645066
55,0,imagen.jpeg,3,depthwise_conv,1x32x112x112,4.088363
55,0,imagen.jpeg,4,batchnorm,1x32x112x112,2.411228
55,0,imagen.jpeg,5,activacion,1x32x112x112,0.790976
55,0,imagen.jpeg,6,pointwise_conv,1x32x112x112,3.612591
55,0,imagen.jpeg,7,batchnorm,1x16x112x112,0.177375
55,0,imagen.jpeg,8,pointwise_conv,1x16x112x112,12.093659
55,0,imagen.jpeg,9,batchnorm,1x96x112x112,2.165664
55,0,imagen.jpeg,10,activacion,1x96x112x112,3.476183
55,0,imagen.jpeg,11,depthwise_conv,1x96x112x112,3.146173
55,0,imagen.jpeg,12,batchnorm,1x96x56x56,0.290193
55,0,imagen.jpeg,13,activacion,1x96x56x56,1.031307
55,0,imagen.jpeg,14,pointwise_conv,1x96x56x56,4.93648
55,0,imagen.jpeg,15,batchnorm,1x24x56x56,0.074834
55,0,imagen.jpeg,16,pointwise_conv,1x24x56x56,7.197492
55,0,imagen.jpeg,17,batchnorm,1x144x56x56,0.927639
55,0,imagen.jpeg,18,activacion,1x144x56x56,1.339322
55,0,imagen.jpeg,19,depthwise_conv,1x144x56x56,4.80055
55,0,imagen.jpeg,20,batchnorm,1x144x56x56,0.957079
55,0,imagen.jpeg,21,activacion,1x144x56x56,1.712986
55,0,imagen.jpeg,22,pointwise_conv,1x144x56x56,6.362942
55,0,imagen.jpeg,23,batchnorm,1x24x56x56,0.071244
55,0,imagen.jpeg,24,layer_add,1x24x56x56,0.045887
55,0,imagen.jpeg,25,pointwise_conv,1x24x56x56,6.373771
55,0,imagen.jpeg,26,batchnorm,1x144x56x56,0.564972
55,0,imagen.jpeg,27,activacion,1x144x56x56,1.709308
55,0,imagen.jpeg,28,depthwise_conv,1x144x56x56,1.234032
55,0,imagen.jpeg,29,batchnorm,1x144x28x28,0.124941
55,0,imagen.jpeg,30,activacion,1x144x28x28,0.364237
55,0,imagen.jpeg,31,pointwise_conv,1x144x28x28,2.024595
55,0,imagen.jpeg,32,batchnorm,1x32x28x28,0.022085
55,0,imagen.jpeg,33,pointwise_conv,1x32x28x28,2.724414
55,0,imagen.jpeg,34,batchnorm,1x192x28x28,0.138008
55,0,imagen.jpeg,35,activacion,1x192x28x28,0.365518
55,0,imagen.jpeg,36,depthwise_conv,1x192x28x28,1.555077
55,0,imagen.jpeg,37,batchnorm,1x192x28x28,0.135664
55,0,imagen.jpeg,38,activacion,1x192x28x28,0.561062
55,0,imagen.jpeg,39,pointwise_conv,1x192x28x28,2.663333
55,0,imagen.jpeg,40,batchnorm,1x32x28x28,0.021693
55,0,imagen.jpeg,41,layer_add,1x32x28x28,0.016379
55,0,imagen.jpeg,42,pointwise_conv,1x32x28x28,2.893968
55,0,imagen.jpeg,43,batchnorm,1x192x28x28,0.152636
55,0,imagen.jpeg,44,activacion,1x192x28x28,0.453923
55,0,imagen.jpeg,45,depthwise_conv,1x192x28x28,1.52961
55,0,imagen.jpeg,46,batchnorm,1x192x28x28,0.143779
55,0,imagen.jpeg,47,activacion,1x192x28x28,0.499877
55,0,imagen.jpeg,48,pointwise_conv,1x192x28x28,2.629653
55,0,imagen.jpeg,49,batchnorm,1x32x28x28,0.021384
55,0,imagen.jpeg,50,layer_add,1x32x28x28,0.01336
55,0,imagen.jpeg,51,pointwise_conv,1x32x28x28,2.652242
55,0,imagen.jpeg,52,batchnorm,1x192x28x28,0.161671
55,0,imagen.jpeg,53,activacion,1x192x28x28,0.466972
55,0,imagen.jpeg,54,depthwise_conv,1x192x28x28,0.414166
55,0,imagen.jpeg,55,batchnorm,1x192x14x14,0.033582
55,0,imagen.jpeg,56,activacion,1x192x14x14,0.095896
55,0,imagen.jpeg,57,pointwise_conv,1x192x14x14,1.347609
55,0,imagen.jpeg,58,batchnorm,1x64x14x14,0.011928
55,0,imagen.jpeg,59,pointwise_conv,1x64x14x14,2.720655
55,0,imagen.jpeg,60,batchnorm,1x384x14x14,0.07166
55,0,imagen.jpeg,61,activacion,1x384x14x14,0.19127
55,0,imagen.jpeg,62,depthwise_conv,1x384x14x14,0.851522
55,0,imagen.jpeg,63,batchnorm,1x384x14x14,0.093658
55,0,imagen.jpeg,64,activacion,1x384x14x14,0.326518
55,0,imagen.jpeg,65,pointwise_conv,1x384x14x14,3.153464
55,0,imagen.jpeg,66,batchnorm,1x64x14x14,0.012812
55,0,imagen.jpeg,67,layer_add,1x64x14x14,0.007251
55,0,imagen.jpeg,68,pointwise_conv,1x64x14x14,2.794629
55,0,imagen.jpeg,69,batchnorm,1x384x14x14,0.069622
55,0,imagen.jpeg,70,activacion,1x384x14x14,0.238386
55,0,imagen.jpeg,71,depthwise_conv,1x384x14x14,0.804464
55,0,imagen.jpeg,72,batchnorm,1x384x14x14,0.099991
55,0,imagen.jpeg,73,activacion,1x384x14x14,0.257619
55,0,imagen.jpeg,74,pointwise_conv,1x384x14x14,2.755416
55,0,imagen.jpeg,75,batchnorm,1x64x14x14,0.011558
55,0,imagen.jpeg,76,layer_add,1x64x14x14,0.006849
55,0,imagen.jpeg,77,pointwise_conv,1x64x14x14,2.737012
55,0,imagen.jpeg,78,batchnorm,1x384x14x14,0.06802
55,0,imagen.jpeg,79,activacion,1x384x14x14,0.302545
55,0,imagen.jpeg,80,depthwise_conv,1x384x14x14,0.792606
55,0,imagen.jpeg,81,batchnorm,1x384x14x14,0.218941
55,0,imagen.jpeg,82,activacion,1x384x14x14,0.257223
55,0,imagen.jpeg,83,pointwise_conv,1x384x14x14,3.082807
55,0,imagen.jpeg,84,batchnorm,1x64x14x14,0.012848
55,0,imagen.jpeg,85,layer_add,1x64x14x14,0.007142
55,0,imagen.jpeg,86,pointwise_conv,1x64x14x14,2.850288
55,0,imagen.jpeg,87,batchnorm,1x384x14x14,0.072203
55,0,imagen.jpeg,88,activacion,1x384x14x14,0.282415
55,0,imagen.jpeg,89,depthwise_conv,1x384x14x14,0.795573
55,0,imagen.jpeg,90,batchnorm,1x384x14x14,0.06935
55,0,imagen.jpeg,91,activacion,1x384x14x14,0.252551
55,0,imagen.jpeg,92,pointwise_conv,1x384x14x14,4.073896
55,0,imagen.jpeg,93,batchnorm,1x96x14x14,0.017583
55,0,imagen.jpeg,94,pointwise_conv,1x96x14x14,6.21455
55,0,imagen.jpeg,95,batchnorm,1x576x14x14,0.147168
55,0,imagen.jpeg,96,activacion,1x576x14x14,0.407596
55,0,imagen.jpeg,97,depthwise_conv,1x576x14x14,1.289202
55,0,imagen.jpeg,98,batchnorm,1x576x14x14,0.207177
55,0,imagen.jpeg,99,activacion,1x576x14x14,0.341578
55,0,imagen.jpeg,100,pointwise_conv,1x576x14x14,6.13667
55,0,imagen.jpeg,101,batchnorm,1x96x14x14,0.016692
55,0,imagen.jpeg,102,layer_add,1x96x14x14,0.009796
55,0,imagen.jpeg,103,pointwise_conv,1x96x14x14,6.168092
55,0,imagen.jpeg,104,batchnorm,1x576x14x14,0.115386
55,0,imagen.jpeg,105,activacion,1x576x14x14,0.413697
55,0,imagen.jpeg,106,depthwise_conv,1x576x14x14,1.133623
55,0,imagen.jpeg,107,batchnorm,1x576x14x14,0.160816
55,0,imagen.jpeg,108,activacion,1x576x14x14,0.328698
55,0,imagen.jpeg,109,pointwise_conv,1x576x14x14,6.560779
55,0,imagen.jpeg,110,batchnorm,1x96x14x14,0.021585
55,0,imagen.jpeg,111,layer_add,1x96x14x14,0.012913
55,0,imagen.jpeg,112,pointwise_conv,1x96x14x14,6.776761
55,0,imagen.jpeg,113,batchnorm,1x576x14x14,0.122701
55,0,imagen.jpeg,114,activacion,1x576x14x14,0.342039
55,0,imagen.jpeg,115,depthwise_conv,1x576x14x14,0.274384
55,0,imagen.jpeg,116,batchnorm,1x576x7x7,0.030808
55,0,imagen.jpeg,117,activacion,1x576x7x7,0.066323
55,0,imagen.jpeg,118,pointwise_conv,1x576x7x7,2.516234
55,0,imagen.jpeg,119,batchnorm,1x160x7x7,0.012319
55,0,imagen.jpeg,120,pointwise_conv,1x160x7x7,4.121957
55,0,imagen.jpeg,121,batchnorm,1x960x7x7,0.044869
55,0,imagen.jpeg,122,activacion,1x960x7x7,0.148486
55,0,imagen.jpeg,123,depthwise_conv,1x960x7x7,0.429447
55,0,imagen.jpeg,124,batchnorm,1x960x7x7,0.044044
55,0,imagen.jpeg,125,activacion,1x960x7x7,0.139949
55,0,imagen.jpeg,126,pointwise_conv,1x960x7x7,4.077029
55,0,imagen.jpeg,127,batchnorm,1x160x7x7,0.007389
55,0,imagen.jpeg,128,layer_add,1x160x7x7,0.004119
55,0,imagen.jpeg,129,pointwise_conv,1x160x7x7,4.053544
55,0,imagen.jpeg,130,batchnorm,1x960x7x7,0.044329
55,0,imagen.jpeg,131,activacion,1x960x7x7,0.145346
55,0,imagen.jpeg,132,depthwise_conv,1x960x7x7,0.452519
55,0,imagen.jpeg,133,batchnorm,1x960x7x7,0.054165
55,0,imagen.jpeg,134,activacion,1x960x7x7,0.129268
55,0,imagen.jpeg,135,pointwise_conv,1x960x7x7,4.012334
55,0,imagen.jpeg,136,batchnorm,1x160x7x7,0.007685
55,0,imagen.jpeg,137,layer_add,1x160x7x7,0.00429
55,0,imagen.jpeg,138,pointwise_conv,1x160x7x7,4.115683
55,0,imagen.jpeg,139,batchnorm,1x960x7x7,0.044599
55,0,imagen.jpeg,140,activacion,1x960x7x7,0.121805
55,0,imagen.jpeg,141,depthwise_conv,1x960x7x7,0.484088
55,0,imagen.jpeg,142,batchnorm,1x960x7x7,0.047552
55,0,imagen.jpeg,143,activacion,1x960x7x7,0.090387
55,0,imagen.jpeg,144,pointwise_conv,1x960x7x7,8.20826
55,0,imagen.jpeg,145,batchnorm,1x320x7x7,0.016507
55,0,imagen.jpeg,146,pointwise_conv,1x320x7x7,11.030599
55,0,imagen.jpeg,147,batchnorm,1x1280x7x7,0.059431
55,0,imagen.jpeg,148,activacion,1x1280x7x7,0.185353
55,0,imagen.jpeg,149,pooling,1x1280x7x7,0.039853
55,0,imagen.jpeg,150,linear,1x1280,1.421605
56,0,imagen.jpeg,0,conv2d,1x3x224x224,15.289168
56,0,imagen.jpeg,1,batchnorm,1x32x112x112,0.433791
56,0,imagen.jpeg,2,activacion,1x32x112x112,0.662364
56,0,imagen.jpeg,3,depthwise_conv,1x32x112x112,4.096147
56,0,imagen.jpeg,4,batchnorm,1x32x112x112,2.421547
56,0,imagen.jpeg,5,activacion,1x32x112x112,0.774962
56,0,imagen.jpeg,6,pointwise_conv,1x32x112x112,3.64733
56,0,imagen.jpeg,7,batchnorm,1x16x112x112,0.177013
56,0,imagen.jpeg,8,pointwise_conv,1x16x112x112,12.082185
56,0,imagen.jpeg,9,batchnorm,1x96x112x112,2.1589
56,0,imagen.jpeg,10,activacion,1x96x112x112,3.476407
56,0,imagen.jpeg,11,depthwise_conv,1x96x112x112,3.411507
56,0,imagen.jpeg,12,batchnorm,1x96x56x56,0.32224
56,0,imagen.jpeg,13,activacion,1x96x56x56,1.045304
56,0,imagen.jpeg,14,pointwise_conv,1x96x56x56,4.278993
56,0,imagen.jpeg,15,batchnorm,1x24x56x56,0.068357
56,0,imagen.jpeg,16,pointwise_conv,1x24x56x56,6.773347
56,0,imagen.jpeg,17,batchnorm,1x144x56x56,0.982035
56,0,imagen.jpeg,18,activacion,1x144x56x56,1.548018
56,0,imagen.jpeg,19,depthwise_conv,1x144x56x56,4.619557
56,0,imagen.jpeg,20,batchnorm,1x144x56x56,0.924456
56,0,imagen.jpeg,21,activacion,1x144x56x56,1.636963
56,0,imagen.jpeg,22,pointwise_conv,1x144x56x56,5.930279
56,0,imagen.jpeg,23,batchnorm,1x24x56x56,0.066939
56,0,imagen.jpeg,24,layer_add,1x24x56x56,0.061653
56,0,imagen.jpeg,25,pointwise_conv,1x24x56x56,6.261479
56,0,imagen.jpeg,26,batchnorm,1x144x56x56,0.485183
56,0,imagen.jpeg,27,activacion,1x144x56x56,1.561731
56,0,imagen.jpeg,28,depthwise_conv,1x144x56x56,1.114552
56,0,imagen.jpeg,29,batchnorm,1x144x28x28,0.095413
56,0,imagen.jpeg,30,activacion,1x144x28x28,0.363354
56,0,imagen.jpeg,31,pointwise_conv,1x144x28x28,1.981592
56,0,imagen.jpeg,32,batchnorm,1x32x28x28,0.021345
56,0,imagen.jpeg,33,pointwise_conv,1x32x28x28,2.659042
56,0,imagen.jpeg,34,batchnorm,1x192x28x28,0.130604
56,0,imagen.jpeg,35,activacion,1x192x28x28,0.422556
56,0,imagen.jpeg,36,depthwise_conv,1x192x28x28,1.573011
56,0,imagen.jpeg,37,batchnorm,1x192x28x28,0.175735
56,0,imagen.jpeg,38,activacion,1x192x28x28,0.579565
56,0,imagen.jpeg,39,pointwise_conv,1x192x28x28,3.221888
56,0,imagen.jpeg,40,batchnorm,1x32x28x28,0.025331
56,0,imagen.jpeg,41,layer_add,1x32x28x28,0.015099
56,0,imagen.jpeg,42,pointwise_conv,1x32x28x28,2.957404
56,0,imagen.jpeg,43,batchnorm,1x192x28x28,0.154084
56,0,imagen.jpeg,44,activacion,1x192x28x28,0.490491
56,0,imagen.jpeg,45,depthwise_conv,1x192x28x28,1.747071
56,0,imagen.jpeg,46,batchnorm,1x192x28x28,0.165218
56,0,imagen.jpeg,47,activacion,1x192x28x28,0.542254
56,0,imagen.jpeg,48,pointwise_conv,1x192x28x28,2.985347
56,0,imagen.jpeg,49,batchnorm,1x32x28x28,0.025908
56,0,imagen.jpeg,50,layer_add,1x32x28x28,0.014809
56,0,imagen.jpeg,51,pointwise_conv,1x32x28x28,2.91939
56,0,imagen.jpeg,52,batchnorm,1x192x28x28,0.156342
56,0,imagen.jpeg,53,activacion,1x192x28x28,0.518316
56,0,imagen.jpeg,54,depthwise_conv,1x192x28x28,0.412743
56,0,imagen.jpeg,55,batchnorm,1x192x14x14,0.036445
56,0,imagen.jpeg,56,activacion,1x192x14x14,0.104089
56,0,imagen.jpeg,57,pointwise_conv,1x192x14x14,1.58028
56,0,imagen.jpeg,58,batchnorm,1x64x14x14,0.012884
56,0,imagen.jpeg,59,pointwise_conv,1x64x14x14,3.19001
56,0,imagen.jpeg,60,batchnorm,1x384x14x14,0.098125
56,0,imagen.jpeg,61,activacion,1x384x14x14,0.234146
56,0,imagen.jpeg,62,depthwise_conv,1x384x14x14,0.85702
56,0,imagen.jpeg,63,batchnorm,1x384x14x14,0.079212
56,0,imagen.jpeg,64,activacion,1x384x14x14,0.313481
56,0,imagen.jpeg,65,pointwise_conv,1x384x14x14,3.099929
56,0,imagen.jpeg,66,batchnorm,1x64x14x14,0.013695
56,0,imagen.jpeg,67,layer_add,1x64x14x14,0.007652
56,0,imagen.jpeg,68,pointwise_conv,1x64x14x14,2.9462
56,0,imagen.jpeg,69,batchnorm,1x384x14x14,0.070131
56,0,imagen.jpeg,70,activacion,1x384x14x14,0.245328
56,0,imagen.jpeg,71,depthwise_conv,1x384x14x14,0.8228
56,0,imagen.jpeg,72,batchnorm,1x384x14x14,0.102969
56,0,imagen.jpeg,73,activacion,1x384x14x14,0.262926
56,0,imagen.jpeg,74,pointwise_conv,1x384x14x14,2.965196
56,0,imagen.jpeg,75,batchnorm,1x64x14x14,0.028677
56,0,imagen.jpeg,76,layer_add,1x64x14x14,0.011295
56,0,imagen.jpeg,77,pointwise_conv,1x64x14x14,2.915355
56,0,imagen.jpeg,78,batchnorm,1x384x14x14,0.078763
56,0,imagen.jpeg,79,activacion,1x384x14x14,0.27451
56,0,imagen.jpeg,80,depthwise_conv,1x384x14x14,0.816599
56,0,imagen.jpeg,81,batchnorm,1x384x14x14,0.158747
56,0,imagen.jpeg,82,activacion,1x384x14x14,0.245381
56,0,imagen.jpeg,83,pointwise_conv,1x384x14x14,2.834731
56,0,imagen.jpeg,84,batchnorm,1x64x14x14,0.011725
56,0,imagen.jpeg,85,layer_add,1x64x14x14,0.007074
56,0,imagen.jpeg,86,pointwise_conv,1x64x14x14,2.777694
56,0,imagen.jpeg,87,batchnorm,1x384x14x14,0.068019
56,0,imagen.jpeg,88,activacion,1x384x14x14,0.265317
56,0,imagen.jpeg,89,depthwise_conv,1x384x14x14,0.793141
56,0,imagen.jpeg,90,batchnorm,1x384x14x14,0.068815
56,0,imagen.jpeg,91,activacion,1x384x14x14,0.252737
56,0,imagen.jpeg,92,pointwise_conv,1x384x14x14,4.147615
56,0,imagen.jpeg,93,batchnorm,1x96x14x14,0.021394
56,0,imagen.jpeg,94,pointwise_conv,1x96x14x14,6.228702
56,0,imagen.jpeg,95,batchnorm,1x576x14x14,0.137886
56,0,imagen.jpeg,96,activacion,1x576x14x14,0.377558
56,0,imagen.jpeg,97,depthwise_conv,1x576x14x14,1.150554
56,0,imagen.jpeg,98,batchnorm,1x576x14x14,0.177011
56,0,imagen.jpeg,99,activacion,1x576x14x14,0.336996
56,0,imagen.jpeg,100,pointwise_conv,1x576x14x14,6.281876
56,0,imagen.jpeg,101,batchnorm,1x96x14x14,0.017775
56,0,imagen.jpeg,102,layer_add,1x96x14x14,0.010704
56,0,imagen.jpeg,103,pointwise_conv,1x96x14x14,6.213822
56,0,imagen.jpeg,104,batchnorm,1x576x14x14,0.10557
56,0,imagen.jpeg,105,activacion,1x576x14x14,0.380263
56,0,imagen.jpeg,106,depthwise_conv,1x576x14x14,1.152414
56,0,imagen.jpeg,107,batchnorm,1x576x14x14,0.162316
56,0,imagen.jpeg,108,activacion,1x576x14x14,0.321895
56,0,imagen.jpeg,109,pointwise_conv,1x576x14x14,6.097225
56,0,imagen.jpeg,110,batchnorm,1x96x14x14,0.016017
56,0,imagen.jpeg,111,layer_add,1x96x14x14,0.011853
56,0,imagen.jpeg,112,pointwise_conv,1x96x14x14,5.9712
56,0,imagen.jpeg,113,batchnorm,1x576x14x14,0.100481
56,0,imagen.jpeg,114,activacion,1x576x14x14,0.345406
56,0,imagen.jpeg,115,depthwise_conv,1x576x14x14,0.293591
56,0,imagen.jpeg,116,batchnorm,1x576x7x7,0.032689
56,0,imagen.jpeg,117,activacion,1x576x7x7,0.063121
56,0,imagen.jpeg,118,pointwise_conv,1x576x7x7,2.327962
56,0,imagen.jpeg,119,batchnorm,1x160x7x7,0.007466
56,0,imagen.jpeg,120,pointwise_conv,1x160x7x7,3.992311
56,0,imagen.jpeg,121,batchnorm,1x960x7x7,0.045155
56,0,imagen.jpeg,122,activacion,1x960x7x7,0.153812
56,0,imagen.jpeg,123,depthwise_conv,1x960x7x7,0.438871
56,0,imagen.jpeg,124,batchnorm,1x960x7x7,0.043619
56,0,imagen.jpeg,125,activacion,1x960x7x7,0.142728
56,0,imagen.jpeg,126,pointwise_conv,1x960x7x7,4.0468
56,0,imagen.jpeg,127,batchnorm,1x160x7x7,0.007649
56,0,imagen.jpeg,128,layer_add,1x160x7x7,0.004086
56,0,imagen.jpeg,129,pointwise_conv,1x160x7x7,4.057243
56,0,imagen.jpeg,130,batchnorm,1x960x7x7,0.044068
56,0,imagen.jpeg,131,activacion,1x960x7x7,0.146002
56,0,imagen.jpeg,132,depthwise_conv,1x960x7x7,0.439105
56,0,imagen.jpeg,133,batchnorm,1x960x7x7,0.055033
56,0,imagen.jpeg,134,activacion,1x960x7x7,0.127954
56,0,imagen.jpeg,135,pointwise_conv,1x960x7x7,4.043411
56,0,imagen.jpeg,136,batchnorm,1x160x7x7,0.007838
56,0,imagen.jpeg,137,layer_add,1x160x7x7,0.003878
56,0,imagen.jpeg,138,pointwise_conv,1x160x7x7,4.082951
56,0,imagen.jpeg,139,batchnorm,1x960x7x7,0.04362
56,0,imagen.jpeg,140,activacion,1x960x7x7,0.119073
56,0,imagen.jpeg,141,depthwise_conv,1x960x7x7,0.438997
56,0,imagen.jpeg,142,batchnorm,1x960x7x7,0.053566
56,0,imagen.jpeg,143,activacion,1x960x7x7,0.093537
56,0,imagen.jpeg,144,pointwise_conv,1x960x7x7,8.275874
56,0,imagen.jpeg,145,batchnorm,1x320x7x7,0.016483
56,0,imagen.jpeg,146,pointwise_conv,1x320x7x7,10.972971
56,0,imagen.jpeg,147,batchnorm,1x1280x7x7,0.064708
56,0,imagen.jpeg,148,activacion,1x1280x7x7,0.186917
56,0,imagen.jpeg,149,pooling,1x1280x7x7,0.040393
56,0,imagen.jpeg,150,linear,1x1280,1.425117
57,0,imagen.jpeg,0,conv2d,1x3x224x224,15.630566
57,0,imagen.jpeg,1,batchnorm,1x32x112x112,0.395414
57,0,imagen.jpeg,2,activacion,1x32x112x112,0.662608
57,0,imagen.jpeg,3,depthwise_conv,1x32x112x112,3.996851
57,0,imagen.jpeg,4,batchnorm,1x32x112x112,2.312873
57,0,imagen.jpeg,5,activacion,1x32x112x112,0.796259
57,0,imagen.jpeg,6,pointwise_conv,1x32x112x112,4.854453
57,0,imagen.jpeg,7,batchnorm,1x16x112x112,0.200098
57,0,imagen.jpeg,8,pointwise_conv,1x16x112x112,11.680137
57,0,imagen.jpeg,9,batchnorm,1x96x112x112,2.274516
57,0,imagen.jpeg,10,activacion,1x96x112x112,3.601625
57,0,imagen.jpeg,11,depthwise_conv,1x96x112x112,3.176824
57,0,imagen.jpeg,12,batchnorm,1x96x56x56,0.278502
57,0,imagen.jpeg,13,activacion,1x96x56x56,1.02437
57,0,imagen.jpeg,14,pointwise_conv,1x96x56x56,4.051037
57,0,imagen.jpeg,15,batchnorm,1x24x56x56,0.062521
57,0,imagen.jpeg,16,pointwise_conv,1x24x56x56,6.653502
57,0,imagen.jpeg,17,batchnorm,1x144x56x56,0.894706
57,0,imagen.jpeg,18,activacion,1x144x56x56,1.27428
57,0,imagen.jpeg,19,depthwise_conv,1x144x56x56,4.437925
57,0,imagen.jpeg,20,batchnorm,1x144x56x56,0.908666
57,0,imagen.jpeg,21,activacion,1x144x56x56,1.608716
57,0,imagen.jpeg,22,pointwise_conv,1x144x56x56,5.86162
57,0,imagen.jpeg,23,batchnorm,1x24x56x56,0.06494
57,0,imagen.jpeg,24,layer_add,1x24x56x56,0.048171
57,0,imagen.jpeg,25,pointwise_conv,1x24x56x56,6.043644
57,0,imagen.jpeg,26,batchnorm,1x144x56x56,0.408246
57,0,imagen.jpeg,27,activacion,1x144x56x56,1.525412
57,0,imagen.jpeg,28,depthwise_conv,1x144x56x56,1.118584
57,0,imagen.jpeg,29,batchnorm,1x144x28x28,0.095823
57,0,imagen.jpeg,30,activacion,1x144x28x28,0.352484
57,0,imagen.jpeg,31,pointwise_conv,1x144x28x28,1.926827
57,0,imagen.jpeg,32,batchnorm,1x32x28x28,0.034915
57,0,imagen.jpeg,33,pointwise_conv,1x32x28x28,2.624112
57,0,imagen.jpeg,34,batchnorm,1x192x28x28,0.150259
57,0,imagen.jpeg,35,activacion,1x192x28x28,0.39414
57,0,imagen.jpeg,36,depthwise_conv,1x192x28x28,1.452704
57,0,imagen.jpeg,37,batchnorm,1x192x28x28,0.129581
57,0,imagen.jpeg,38,activacion,1x192x28x28,0.511546
57,0,imagen.jpeg,39,pointwise_conv,1x192x28x28,2.603512
57,0,imagen.jpeg,40,batchnorm,1x32x28x28,0.021123
57,0,imagen.jpeg,41,layer_add,1x32x28x28,0.012765
57,0,imagen.jpeg,42,pointwise_conv,1x32x28x28,2.761453
57,0,imagen.jpeg,43,batchnorm,1x192x28x28,0.303465
57,0,imagen.jpeg,44,activacion,1x192x28x28,0.516042
57,0,imagen.jpeg,45,depthwise_conv,1x192x28x28,1.544103
57,0,imagen.jpeg,46,batchnorm,1x192x28x28,0.132855
57,0,imagen.jpeg,47,activacion,1x192x28x28,0.506618
57,0,imagen.jpeg,48,pointwise_conv,1x192x28x28,2.606355
57,0,imagen.jpeg,49,batchnorm,1x32x28x28,0.020779
57,0,imagen.jpeg,50,layer_add,1x32x28x28,0.01584
57,0,imagen.jpeg,51,pointwise_conv,1x32x28x28,2.742743
57,0,imagen.jpeg,52,batchnorm,1x192x28x28,0.157724
57,0,imagen.jpeg,53,activacion,1x192x28x28,0.496013
57,0,imagen.jpeg,54,depthwise_conv,1x192x28x28,0.388655
57,0,imagen.jpeg,55,batchnorm,1x192x14x14,0.03628
57,0,imagen.jpeg,56,activacion,1x192x14x14,0.099565
57,0,imagen.jpeg,57,pointwise_conv,1x192x14x14,1.396495
57,0,imagen.jpeg,58,batchnorm,1x64x14x14,0.015504
57,0,imagen.jpeg,59,pointwise_conv,1x64x14x14,2.729671
57,0,imagen.jpeg,60,batchnorm,1x384x14x14,0.087804
57,0,imagen.jpeg,61,activacion,1x384x14x14,0.207531
57,0,imagen.jpeg,62,depthwise_conv,1x384x14x14,0.775064
57,0,imagen.jpeg,63,batchnorm,1x384x14x14,0.067318
57,0,imagen.jpeg,64,activacion,1x384x14x14,0.266706
57,0,imagen.jpeg,65,pointwise_conv,1x384x14x14,2.802405
57,0,imagen.jpeg,66,batchnorm,1x64x14x14,0.011626
57,0,imagen.jpeg,67,layer_add,1x64x14x14,0.006642
57,0,imagen.jpeg,68,pointwise_conv,1x64x14x14,2.774686
57,0,imagen.jpeg,69,batchnorm,1x384x14x14,0.071843
57,0,imagen.jpeg,70,activacion,1x384x14x14,0.247839
57,0,imagen.jpeg,71,depthwise_conv,1x384x14x14,0.764729
57,0,imagen.jpeg,72,batchnorm,1x384x14x14,0.107905
57,0,imagen.jpeg,73,activacion,1x384x14x14,0.247902
57,0,imagen.jpeg,74,pointwise_conv,1x384x14x14,2.838434
57,0,imagen.jpeg,75,batchnorm,1x64x14x14,0.01219
57,0,imagen.jpeg,76,layer_add,1x64x14x14,0.00825
57,0,imagen.jpeg,77,pointwise_conv,1x64x14x14,2.748574
57,0,imagen.jpeg,78,batchnorm,1x384x14x14,0.068799
57,0,imagen.jpeg,79,activacion,1x384x14x14,0.24439
57,0,imagen.jpeg,80,depthwise_conv,1x384x14x14,0.766932
57,0,imagen.jpeg,81,batchnorm,1x384x14x14,0.138893
57,0,imagen.jpeg,82,activacion,1x384x14x14,0.223518
57,0,imagen.jpeg,83,pointwise_conv,1x384x14x14,2.739682
57,0,imagen.jpeg,84,batchnorm,1x64x14x14,0.010865
57,0,imagen.jpeg,85,layer_add,1x64x14x14,0.006053
57,0,imagen.jpeg,86,pointwise_conv,1x64x14x14,2.706374
57,0,imagen.jpeg,87,batchnorm,1x384x14x14,0.062256
57,0,imagen.jpeg,88,activacion,1x384x14x14,0.241201
57,0,imagen.jpeg,89,depthwise_conv,1x384x14x14,0.801959
57,0,imagen.jpeg,90,batchnorm,1x384x14x14,0.063711
57,0,imagen.jpeg,91,activacion,1x384x14x14,0.229713
57,0,imagen.jpeg,92,pointwise_conv,1x384x14x14,4.076594
57,0,imagen.jpeg,93,batchnorm,1x96x14x14,0.030764
57,0,imagen.jpeg,94,pointwise_conv,1x96x14x14,6.10802
57,0,imagen.jpeg,95,batchnorm,1x576x14x14,0.114093
57,0,imagen.jpeg,96,activacion,1x576x14x14,0.373555
57,0,imagen.jpeg,97,depthwise_conv,1x576x14x14,1.127149
57,0,imagen.jpeg,98,batchnorm,1x576x14x14,0.185612
57,0,imagen.jpeg,99,activacion,1x576x14x14,0.328089
57,0,imagen.jpeg,100,pointwise_conv,1x576x14x14,6.013163
57,0,imagen.jpeg,101,batchnorm,1x96x14x14,0.016053
57,0,imagen.jpeg,102,layer_add,1x96x14x14,0.009799
57,0,imagen.jpeg,103,pointwise_conv,1x96x14x14,5.982088
57,0,imagen.jpeg,104,batchnorm,1x576x14x14,0.101209
57,0,imagen.jpeg,105,activacion,1x576x14x14,0.363317
57,0,imagen.jpeg,106,depthwise_conv,1x576x14x14,1.128175
57,0,imagen.jpeg,107,batchnorm,1x576x14x14,0.157074
57,0,imagen.jpeg,108,activacion,1x576x14x14,0.306089
57,0,imagen.jpeg,109,pointwise_conv,1x576x14x14,5.991736
57,0,imagen.jpeg,110,batchnorm,1x96x14x14,0.016554
57,0,imagen.jpeg,111,layer_add,1x96x14x14,0.011915
57,0,imagen.jpeg,112,pointwise_conv,1x96x14x14,6.032016
57,0,imagen.jpeg,113,batchnorm,1x576x14x14,0.104949
57,0,imagen.jpeg,114,activacion,1x576x14x14,0.322066
57,0,imagen.jpeg,115,depthwise_conv,1x576x14x14,0.274517
57,0,imagen.jpeg,116,batchnorm,1x576x7x7,0.031099
57,0,imagen.jpeg,117,activacion,1x576x7x7,0.066397
57,0,imagen.jpeg,118,pointwise_conv,1x576x7x7,2.422412
57,0,imagen.jpeg,119,batchnorm,1x160x7x7,0.00734
57,0,imagen.jpeg,120,pointwise_conv,1x160x7x7,3.99975
57,0,imagen.jpeg,121,batchnorm,1x960x7x7,0.043708
57,0,imagen.jpeg,122,activacion,1x960x7x7,0.149196
57,0,imagen.jpeg,123,depthwise_conv,1x960x7x7,0.4241
57,0,imagen.jpeg,124,batchnorm,1x960x7x7,0.042564
57,0,imagen.jpeg,125,activacion,1x960x7x7,0.141598
57,0,imagen.jpeg,126,pointwise_conv,1x960x7x7,3.983178
57,0,imagen.jpeg,127,batchnorm,1x160x7x7,0.007338
57,0,imagen.jpeg,128,layer_add,1x160x7x7,0.003811
57,0,imagen.jpeg,129,pointwise_conv,1x160x7x7,4.098531
57,0,imagen.jpeg,130,batchnorm,1x960x7x7,0.043149
57,0,imagen.jpeg,131,activacion,1x960x7x7,0.142087
57,0,imagen.jpeg,132,depthwise_conv,1x960x7x7,0.423537
57,0,imagen.jpeg,133,batchnorm,1x960x7x7,0.056292
57,0,imagen.jpeg,134,activacion,1x960x7x7,0.124579
57,0,imagen.jpeg,135,pointwise_conv,1x960x7x7,3.986345
57,0,imagen.jpeg,136,batchnorm,1x160x7x7,0.0073
57,0,imagen.jpeg,137,layer_add,1x160x7x7,0.003796
57,0,imagen.jpeg,138,pointwise_conv,1x160x7x7,4.332477
57,0,imagen.jpeg,139,batchnorm,1x960x7x7,0.052914
57,0,imagen.jpeg,140,activacion,1x960x7x7,0.115147
57,0,imagen.jpeg,141,depthwise_conv,1x960x7x7,0.461961
57,0,imagen.jpeg,142,batchnorm,1x960x7x7,0.048088
57,0,imagen.jpeg,143,activacion,1x960x7x7,0.088321
57,0,imagen.jpeg,144,pointwise_conv,1x960x7x7,8.922973
57,0,imagen.jpeg,145,batchnorm,1x320x7x7,0.017678
57,0,imagen.jpeg,146,pointwise_conv,1x320x7x7,10.969889
57,0,imagen.jpeg,147,batchnorm,1x1280x7x7,0.069805
57,0,imagen.jpeg,148,activacion,1x1280x7x7,0.191023
57,0,imagen.jpeg,149,pooling,1x1280x7x7,0.041546
57,0,imagen.jpeg,150,linear,1x1280,1.553688
58,0,imagen.jpeg,0,conv2d,1x3x224x224,15.521089
58,0,imagen.jpeg,1,batchnorm,1x32x112x112,0.404176
58,0,imagen.jpeg,2,activacion,1x32x112x112,0.648736
58,0,imagen.jpeg,3,depthwise_conv,1x32x112x112,3.880255
58,0,imagen.jpeg,4,batchnorm,1x32x112x112,2.2012
58,0,imagen.jpeg,5,activacion,1x32x112x112,0.717725
58,0,imagen.jpeg,6,pointwise_conv,1x32x112x112,3.618909
58,0,imagen.jpeg,7,batchnorm,1x16x112x112,0.191443
58,0,imagen.jpeg,8,pointwise_conv,1x16x112x112,12.920082
58,0,imagen.jpeg,9,batchnorm,1x96x112x112,2.289658
58,0,imagen.jpeg,10,activacion,1x96x112x112,4.128168
58,0,imagen.jpeg,11,depthwise_conv,1x96x112x112,3.582111
58,0,imagen.jpeg,12,batchnorm,1x96x56x56,0.311873
58,0,imagen.jpeg,13,activacion,1x96x56x56,1.135827
58,0,imagen.jpeg,14,pointwise_conv,1x96x56x56,4.338326
58,0,imagen.jpeg,15,batchnorm,1x24x56x56,0.069927
58,0,imagen.jpeg,16,pointwise_conv,1x24x56x56,7.835349
58,0,imagen.jpeg,17,batchnorm,1x144x56x56,1.036755
58,0,imagen.jpeg,18,activacion,1x144x56x56,1.405454
58,0,imagen.jpeg,19,depthwise_conv,1x144x56x56,4.827415
58,0,imagen.jpeg,20,batchnorm,1x144x56x56,0.957296
58,0,imagen.jpeg,21,activacion,1x144x56x56,1.69199
58,0,imagen.jpeg,22,pointwise_conv,1x144x56x56,6.148304
58,0,imagen.jpeg,23,batchnorm,1x24x56x56,0.06601
58,0,imagen.jpeg,24,layer_add,1x24x56x56,0.044139
58,0,imagen.jpeg,25,pointwise_conv,1x24x56x56,5.982443
58,0,imagen.jpeg,26,batchnorm,1x144x56x56,0.455974
58,0,imagen.jpeg,27,activacion,1x144x56x56,1.606459
58,0,imagen.jpeg,28,depthwise_conv,1x144x56x56,1.204546
58,0,imagen.jpeg,29,batchnorm,1x144x28x28,0.106702
58,0,imagen.jpeg,30,activacion,1x144x28x28,0.346794
58,0,imagen.jpeg,31,pointwise_conv,1x144x28x28,2.047274
58,0,imagen.jpeg,32,batchnorm,1x32x28x28,0.022004
58,0,imagen.jpeg,33,pointwise_conv,1x32x28x28,2.718465
58,0,imagen.jpeg,34,batchnorm,1x192x28x28,0.139209
58,0,imagen.jpeg,35,activacion,1x192x28x28,0.389183
58,0,imagen.jpeg,36,depthwise_conv,1x192x28x28,1.487232
58,0,imagen.jpeg,37,batchnorm,1x192x28x28,0.129737
58,0,imagen.jpeg,38,activacion,1x192x28x28,0.525177
58,0,imagen.jpeg,39,pointwise_conv,1x192x28x28,2.605907
58,0,imagen.jpeg,40,batchnorm,1x32x28x28,0.021375
58,0,imagen.jpeg,41,layer_add,1x32x28x28,0.013962
58,0,imagen.jpeg,42,pointwise_conv,1x32x28x28,2.674419
58,0,imagen.jpeg,43,batchnorm,1x192x28x28,0.127999
58,0,imagen.jpeg,44,activacion,1x192x28x28,0.449442
58,0,imagen.jpeg,45,depthwise_conv,1x192x28x28,1.593904
58,0,imagen.jpeg,46,batchnorm,1x192x28x28,0.156002
58,0,imagen.jpeg,47,activacion,1x192x28x28,0.512028
58,0,imagen.jpeg,48,pointwise_conv,1x192x28x28,2.658801
58,0,imagen.jpeg,49,batchnorm,1x32x28x28,0.022003
58,0,imagen.jpeg,50,layer_add,1x32x28x28,0.014704
58,0,imagen.jpeg,51,pointwise_conv,1x32x28x28,2.665345
58,0,imagen.jpeg,52,batchnorm,1x192x28x28,0.138996
58,0,imagen.jpeg,53,activacion,1x192x28x28,0.468754
58,0,imagen.jpeg,54,depthwise_conv,1x192x28x28,0.374721
58,0,imagen.jpeg,55,batchnorm,1x192x14x14,0.033759
58,0,imagen.jpeg,56,activacion,1x192x14x14,0.09601
58,0,imagen.jpeg,57,pointwise_conv,1x192x14x14,1.34667
58,0,imagen.jpeg,58,batchnorm,1x64x14x14,0.012193
58,0,imagen.jpeg,59,pointwise_conv,1x64x14x14,2.637341
58,0,imagen.jpeg,60,batchnorm,1x384x14x14,0.064739
58,0,imagen.jpeg,61,activacion,1x384x14x14,0.18565
58,0,imagen.jpeg,62,depthwise_conv,1x384x14x14,0.761649
58,0,imagen.jpeg,63,batchnorm,1x384x14x14,0.065471
58,0,imagen.jpeg,64,activacion,1x384x14x14,0.263062
58,0,imagen.jpeg,65,pointwise_conv,1x384x14x14,2.7966
58,0,imagen.jpeg,66,batchnorm,1x64x14x14,0.011847
58,0,imagen.jpeg,67,layer_add,1x64x14x14,0.007023
58,0,imagen.jpeg,68,pointwise_conv,1x64x14x14,2.822851
58,0,imagen.jpeg,69,batchnorm,1x384x14x14,0.070103
58,0,imagen.jpeg,70,activacion,1x384x14x14,0.268041
58,0,imagen.jpeg,71,depthwise_conv,1x384x14x14,0.746324
58,0,imagen.jpeg,72,batchnorm,1x384x14x14,0.099409
58,0,imagen.jpeg,73,activacion,1x384x14x14,0.245403
58,0,imagen.jpeg,74,pointwise_conv,1x384x14x14,2.747066
58,0,imagen.jpeg,75,batchnorm,1x64x14x14,0.014919
58,0,imagen.jpeg,76,layer_add,1x64x14x14,0.007651
58,0,imagen.jpeg,77,pointwise_conv,1x64x14x14,2.727828
58,0,imagen.jpeg,78,batchnorm,1x384x14x14,0.111006
58,0,imagen.jpeg,79,activacion,1x384x14x14,0.245762
58,0,imagen.jpeg,80,depthwise_conv,1x384x14x14,0.800807
58,0,imagen.jpeg,81,batchnorm,1x384x14x14,0.141996
58,0,imagen.jpeg,82,activacion,1x384x14x14,0.223843
58,0,imagen.jpeg,83,pointwise_conv,1x384x14x14,2.804009
58,0,imagen.jpeg,84,batchnorm,1x64x14x14,0.011197
58,0,imagen.jpeg,85,layer_add,1x64x14x14,0.006729
58,0,imagen.jpeg,86,pointwise_conv,1x64x14x14,2.721544
58,0,imagen.jpeg,87,batchnorm,1x384x14x14,0.066685
58,0,imagen.jpeg,88,activacion,1x384x14x14,0.24713
58,0,imagen.jpeg,89,depthwise_conv,1x384x14x14,0.770371
58,0,imagen.jpeg,90,batchnorm,1x384x14x14,0.065386
58,0,imagen.jpeg,91,activacion,1x384x14x14,0.250317
58,0,imagen.jpeg,92,pointwise_conv,1x384x14x14,4.07463
58,0,imagen.jpeg,93,batchnorm,1x96x14x14,0.017183
58,0,imagen.jpeg,94,pointwise_conv,1x96x14x14,6.125661
58,0,imagen.jpeg,95,batchnorm,1x576x14x14,0.099979
58,0,imagen.jpeg,96,activacion,1x576x14x14,0.354748
58,0,imagen.jpeg,97,depthwise_conv,1x576x14x14,1.133945
58,0,imagen.jpeg,98,batchnorm,1x576x14x14,0.185354
58,0,imagen.jpeg,99,activacion,1x576x14x14,0.316777
58,0,imagen.jpeg,100,pointwise_conv,1x576x14x14,6.072769
58,0,imagen.jpeg,101,batchnorm,1x96x14x14,0.0163
58,0,imagen.jpeg,102,layer_add,1x96x14x14,0.009637
58,0,imagen.jpeg,103,pointwise_conv,1x96x14x14,5.728188
58,0,imagen.jpeg,104,batchnorm,1x576x14x14,0.112251
58,0,imagen.jpeg,105,activacion,1x576x14x14,0.359583
58,0,imagen.jpeg,106,depthwise_conv,1x576x14x14,1.12102
58,0,imagen.jpeg,107,batchnorm,1x576x14x14,0.159934
58,0,imagen.jpeg,108,activacion,1x576x14x14,0.311466
58,0,imagen.jpeg,109,pointwise_conv,1x576x14x14,6.007148
58,0,imagen.jpeg,110,batchnorm,1x96x14x14,0.016408
58,0,imagen.jpeg,111,layer_add,1x96x14x14,0.011711
58,0,imagen.jpeg,112,pointwise_conv,1x96x14x14,6.017462
58,0,imagen.jpeg,113,batchnorm,1x576x14x14,0.104119
58,0,imagen.jpeg,114,activacion,1x576x14x14,0.315046
58,0,imagen.jpeg,115,depthwise_conv,1x576x14x14,0.267337
58,0,imagen.jpeg,116,batchnorm,1x576x7x7,0.030327
58,0,imagen.jpeg,117,activacion,1x576x7x7,0.065129
58,0,imagen.jpeg,118,pointwise_conv,1x576x7x7,2.392919
58,0,imagen.jpeg,119,batchnorm,1x160x7x7,0.007558
58,0,imagen.jpeg,120,pointwise_conv,1x160x7x7,4.075938
58,0,imagen.jpeg,121,batchnorm,1x960x7x7,0.04582
58,0,imagen.jpeg,122,activacion,1x960x7x7,0.154085
58,0,imagen.jpeg,123,depthwise_conv,1x960x7x7,0.480766
58,0,imagen.jpeg,124,batchnorm,1x960x7x7,0.044009
58,0,imagen.jpeg,125,activacion,1x960x7x7,0.146366
58,0,imagen.jpeg,126,pointwise_conv,1x960x7x7,4.258704
58,0,imagen.jpeg,127,batchnorm,1x160x7x7,0.011732
58,0,imagen.jpeg,128,layer_add,1x160x7x7,0.006449
58,0,imagen.jpeg,129,pointwise_conv,1x160x7x7,4.425608
58,0,imagen.jpeg,130,batchnorm,1x960x7x7,0.048019
58,0,imagen.jpeg,131,activacion,1x960x7x7,0.145113
58,0,imagen.jpeg,132,depthwise_conv,1x960x7x7,0.422931
58,0,imagen.jpeg,133,batchnorm,1x960x7x7,0.054621
58,0,imagen.jpeg,134,activacion,1x960x7x7,0.124291
58,0,imagen.jpeg,135,pointwise_conv,1x960x7x7,3.991021
58,0,imagen.jpeg,136,batchnorm,1x160x7x7,0.007483
58,0,imagen.jpeg,137,layer_add,1x160x7x7,0.00428
58,0,imagen.jpeg,138,pointwise_conv,1x160x7x7,3.998473
58,0,imagen.jpeg,139,batchnorm,1x960x7x7,0.043824
58,0,imagen.jpeg,140,activacion,1x960x7x7,0.114113
58,0,imagen.jpeg,141,depthwise_conv,1x960x7x7,0.423694
58,0,imagen.jpeg,142,batchnorm,1x960x7x7,0.046576
58,0,imagen.jpeg,143,activacion,1x960x7x7,0.087383
58,0,imagen.jpeg,144,pointwise_conv,1x960x7x7,8.145127
58,0,imagen.jpeg,145,batchnorm,1x320x7x7,0.01565
58,0,imagen.jpeg,146,pointwise_conv,1x320x7x7,10.973644
58,0,imagen.jpeg,147,batchnorm,1x1280x7x7,0.064597
58,0,imagen.jpeg,148,activacion,1x1280x7x7,0.200961
58,0,imagen.jpeg,149,pooling,1x1280x7x7,0.041748
58,0,imagen.jpeg,150,linear,1x1280,1.575651
59,0,imagen.jpeg,0,conv2d,1x3x224x224,17.362726
59,0,imagen.jpeg,1,batchnorm,1x32x112x112,0.395705
59,0,imagen.jpeg,2,activacion,1x32x112x112,0.712753
59,0,imagen.jpeg,3,depthwise_conv,1x32x112x112,4.233212
59,0,imagen.jpeg,4,batchnorm,1x32x112x112,2.349022
59,0,imagen.jpeg,5,activacion,1x32x112x112,0.763496
59,0,imagen.jpeg,6,pointwise_conv,1x32x112x112,3.663914
59,0,imagen.jpeg,7,batchnorm,1x16x112x112,0.189605
59,0,imagen.jpeg,8,pointwise_conv,1x16x112x112,11.152455
59,0,imagen.jpeg,9,batchnorm,1x96x112x112,2.327234
59,0,imagen.jpeg,10,activacion,1x96x112x112,3.385506
59,0,imagen.jpeg,11,depthwise_conv,1x96x112x112,3.064649
59,0,imagen.jpeg,12,batchnorm,1x96x56x56,0.301305
59,0,imagen.jpeg,13,activacion,1x96x56x56,1.081336
59,0,imagen.jpeg,14,pointwise_conv,1x96x56x56,8.234056
59,0,imagen.jpeg,15,batchnorm,1x24x56x56,0.105648
59,0,imagen.jpeg,16,pointwise_conv,1x24x56x56,7.823017
59,0,imagen.jpeg,17,batchnorm,1x144x56x56,0.905781
59,0,imagen.jpeg,18,activacion,1x144x56x56,1.301802
59,0,imagen.jpeg,19,depthwise_conv,1x144x56x56,4.705911
59,0,imagen.jpeg,20,batchnorm,1x144x56x56,0.91875
59,0,imagen.jpeg,21,activacion,1x144x56x56,1.652592
59,0,imagen.jpeg,22,pointwise_conv,1x144x56x56,5.862698
59,0,imagen.jpeg,23,batchnorm,1x24x56x56,0.076188
59,0,imagen.jpeg,24,layer_add,1x24x56x56,0.042512
59,0,imagen.jpeg,25,pointwise_conv,1x24x56x56,6.232493
59,0,imagen.jpeg,26,batchnorm,1x144x56x56,0.439697
59,0,imagen.jpeg,27,activacion,1x144x56x56,1.574398
59,0,imagen.jpeg,28,depthwise_conv,1x144x56x56,1.146261
59,0,imagen.jpeg,29,batchnorm,1x144x28x28,0.100215
59,0,imagen.jpeg,30,activacion,1x144x28x28,0.348847
59,0,imagen.jpeg,31,pointwise_conv,1x144x28x28,1.966316
59,0,imagen.jpeg,32,batchnorm,1x32x28x28,0.041244
59,0,imagen.jpeg,33,pointwise_conv,1x32x28x28,2.654356
59,0,imagen.jpeg,34,batchnorm,1x192x28x28,0.132128
59,0,imagen.jpeg,35,activacion,1x192x28x28,0.391864
59,0,imagen.jpeg,36,depthwise_conv,1x192x28x28,1.495878
59,0,imagen.jpeg,37,batchnorm,1x192x28x28,0.149316
59,0,imagen.jpeg,38,activacion,1x192x28x28,0.577206
59,0,imagen.jpeg,39,pointwise_conv,1x192x28x28,2.63375
59,0,imagen.jpeg,40,batchnorm,1x32x28x28,0.021441
59,0,imagen.jpeg,41,layer_add,1x32x28x28,0.015485
59,0,imagen.jpeg,42,pointwise_conv,1x32x28x28,2.890922
59,0,imagen.jpeg,43,batchnorm,1x192x28x28,0.153714
59,0,imagen.jpeg,44,activacion,1x192x28x28,0.465988
59,0,imagen.jpeg,45,depthwise_conv,1x192x28x28,1.52612
59,0,imagen.jpeg,46,batchnorm,1x192x28x28,0.130811
59,0,imagen.jpeg,47,activacion,1x192x28x28,0.513312
59,0,imagen.jpeg,48,pointwise_conv,1x192x28x28,2.608545
59,0,imagen.jpeg,49,batchnorm,1x32x28x28,0.043394
59,0,imagen.jpeg,50,layer_add,1x32x28x28,0.025354
59,0,imagen.jpeg,51,pointwise_conv,1x32x28x28,2.617644
59,0,imagen.jpeg,52,batchnorm,1x192x28x28,0.126681
59,0,imagen.jpeg,53,activacion,1x192x28x28,0.498002
59,0,imagen.jpeg,54,depthwise_conv,1x192x28x28,0.384016
59,0,imagen.jpeg,55,batchnorm,1x192x14x14,0.033415
59,0,imagen.jpeg,56,activacion,1x192x14x14,0.096492
59,0,imagen.jpeg,57,pointwise_conv,1x192x14x14,1.436623
59,0,imagen.jpeg,58,batchnorm,1x64x14x14,0.012644
59,0,imagen.jpeg,59,pointwise_conv,1x64x14x14,2.818382
59,0,imagen.jpeg,60,batchnorm,1x384x14x14,0.08988
59,0,imagen.jpeg,61,activacion,1x384x14x14,0.195405
59,0,imagen.jpeg,62,depthwise_conv,1x384x14x14,0.831377
59,0,imagen.jpeg,63,batchnorm,1x384x14x14,0.076274
59,0,imagen.jpeg,64,activacion,1x384x14x14,0.273013
59,0,imagen.jpeg,65,pointwise_conv,1x384x14x14,2.72541
59,0,imagen.jpeg,66,batchnorm,1x64x14x14,0.01169
59,0,imagen.jpeg,67,layer_add,1x64x14x14,0.006679
59,0,imagen.jpeg,68,pointwise_conv,1x64x14x14,2.723164
59,0,imagen.jpeg,69,batchnorm,1x384x14x14,0.065162
59,0,imagen.jpeg,70,activacion,1x384x14x14,0.251543
59,0,imagen.jpeg,71,depthwise_conv,1x384x14x14,0.749742
59,0,imagen.jpeg,72,batchnorm,1x384x14x14,0.092533
59,0,imagen.jpeg,73,activacion,1x384x14x14,0.280616
59,0,imagen.jpeg,74,pointwise_conv,1x384x14x14,2.718757
59,0,imagen.jpeg,75,batchnorm,1x64x14x14,0.013144
59,0,imagen.jpeg,76,layer_add,1x64x14x14,0.029829
59,0,imagen.jpeg,77,pointwise_conv,1x64x14x14,2.701423
59,0,imagen.jpeg,78,batchnorm,1x384x14x14,0.064839
59,0,imagen.jpeg,79,activacion,1x384x14x14,0.285364
59,0,imagen.jpeg,80,depthwise_conv,1x384x14x14,0.726994
59,0,imagen.jpeg,81,batchnorm,1x384x14x14,0.18413
59,0,imagen.jpeg,82,activacion,1x384x14x14,0.232844
59,0,imagen.jpeg,83,pointwise_conv,1x384x14x14,2.832227
59,0,imagen.jpeg,84,batchnorm,1x64x14x14,0.011471
59,0,imagen.jpeg,85,layer_add,1x64x14x14,0.006745
59,0,imagen.jpeg,86,pointwise_conv,1x64x14x14,2.752345
59,0,imagen.jpeg,87,batchnorm,1x384x14x14,0.066765
59,0,imagen.jpeg,88,activacion,1x384x14x14,0.24844
59,0,imagen.jpeg,89,depthwise_conv,1x384x14x14,0.762731
59,0,imagen.jpeg,90,batchnorm,1x384x14x14,0.065432
59,0,imagen.jpeg,91,activacion,1x384x14x14,0.23525
59,0,imagen.jpeg,92,pointwise_conv,1x384x14x14,4.130261
59,0,imagen.jpeg,93,batchnorm,1x96x14x14,0.018227
59,0,imagen.jpeg,94,pointwise_conv,1x96x14x14,6.027578
59,0,imagen.jpeg,95,batchnorm,1x576x14x14,0.172144
59,0,imagen.jpeg,96,activacion,1x576x14x14,0.576181
59,0,imagen.jpeg,97,depthwise_conv,1x576x14x14,1.292867
59,0,imagen.jpeg,98,batchnorm,1x576x14x14,0.188489
59,0,imagen.jpeg,99,activacion,1x576x14x14,0.333086
59,0,imagen.jpeg,100,pointwise_conv,1x576x14x14,5.946727
59,0,imagen.jpeg,101,batchnorm,1x96x14x14,0.016288
59,0,imagen.jpeg,102,layer_add,1x96x14x14,0.010619
59,0,imagen.jpeg,103,pointwise_conv,1x96x14x14,5.849928
59,0,imagen.jpeg,104,batchnorm,1x576x14x14,0.1059
59,0,imagen.jpeg,105,activacion,1x576x14x14,0.3546
59,0,imagen.jpeg,106,depthwise_conv,1x576x14x14,1.12516
59,0,imagen.jpeg,107,batchnorm,1x576x14x14,0.159239
59,0,imagen.jpeg,108,activacion,1x576x14x14,0.2999
59,0,imagen.jpeg,109,pointwise_conv,1x576x14x14,5.880088
59,0,imagen.jpeg,110,batchnorm,1x96x14x14,0.016415
59,0,imagen.jpeg,111,layer_add,1x96x14x14,0.012305
59,0,imagen.jpeg,112,pointwise_conv,1x96x14x14,5.904117
59,0,imagen.jpeg,113,batchnorm,1x576x14x14,0.100629
59,0,imagen.jpeg,114,activacion,1x576x14x14,0.314522
59,0,imagen.jpeg,115,depthwise_conv,1x576x14x14,0.266688
59,0,imagen.jpeg,116,batchnorm,1x576x7x7,0.030129
59,0,imagen.jpeg,117,activacion,1x576x7x7,0.065103
59,0,imagen.jpeg,118,pointwise_conv,1x576x7x7,2.394111
59,0,imagen.jpeg,119,batchnorm,1x160x7x7,0.007879
59,0,imagen.jpeg,120,pointwise_conv,1x160x7x7,4.066416
59,0,imagen.jpeg,121,batchnorm,1x960x7x7,0.044514
59,0,imagen.jpeg,122,activacion,1x960x7x7,0.153096
59,0,imagen.jpeg,123,depthwise_conv,1x960x7x7,0.435948
59,0,imagen.jpeg,124,batchnorm,1x960x7x7,0.043595
59,0,imagen.jpeg,125,activacion,1x960x7x7,0.143488
59,0,imagen.jpeg,126,pointwise_conv,1x960x7x7,4.394349
59,0,imagen.jpeg,127,batchnorm,1x160x7x7,0.012118
59,0,imagen.jpeg,128,layer_add,1x160x7x7,0.006047
59,0,imagen.jpeg,129,pointwise_conv,1x160x7x7,7.374135
59,0,imagen.jpeg,130,batchnorm,1x960x7x7,0.118115
59,0,imagen.jpeg,131,activacion,1x960x7x7,0.167676
59,0,imagen.jpeg,132,depthwise_conv,1x960x7x7,0.635175
59,0,imagen.jpeg,133,batchnorm,1x960x7x7,0.099076
59,0,imagen.jpeg,134,activacion,1x960x7x7,0.167816
59,0,imagen.jpeg,135,pointwise_conv,1x960x7x7,5.414012
59,0,imagen.jpeg,136,batchnorm,1x160x7x7,0.00834
59,0,imagen.jpeg,137,layer_add,1x160x7x7,0.004689
59,0,imagen.jpeg,138,pointwise_conv,1x160x7x7,4.236656
59,0,imagen.jpeg,139,batchnorm,1x960x7x7,0.045381
59,0,imagen.jpeg,140,activacion,1x960x7x7,0.117283
59,0,imagen.jpeg,141,depthwise_conv,1x960x7x7,0.435088
59,0,imagen.jpeg,142,batchnorm,1x960x7x7,0.047792
59,0,imagen.jpeg,143,activacion,1x960x7x7,0.090643
59,0,imagen.jpeg,144,pointwise_conv,1x960x7x7,8.553236
59,0,imagen.jpeg,145,batchnorm,1x320x7x7,0.015254
59,0,imagen.jpeg,146,pointwise_conv,1x320x7x7,11.713949
59,0,imagen.jpeg,147,batchnorm,1x1280x7x7,0.06418
59,0,imagen.jpeg,148,activacion,1x1280x7x7,0.184644
59,0,imagen.jpeg,149,pooling,1x1280x7x7,0.041308
59,0,imagen.jpeg,150,linear,1x1280,1.416717
60,0,imagen.jpeg,0,conv2d,1x3x224x224,14.998666
60,0,imagen.jpeg,1,batchnorm,1x32x112x112,0.417006
60,0,imagen.jpeg,2,activacion,1x32x112x112,0.625653
60,0,imagen.jpeg,3,depthwise_conv,1x32x112x112,4.342605
60,0,imagen.jpeg,4,batchnorm,1x32x112x112,2.35402
60,0,imagen.jpeg,5,activacion,1x32x112x112,0.7539
60,0,imagen.jpeg,6,pointwise_conv,1x32x112x112,3.980944
60,0,imagen.jpeg,7,batchnorm,1x16x112x112,0.191926
60,0,imagen.jpeg,8,pointwise_conv,1x16x112x112,11.17292
60,0,imagen.jpeg,9,batchnorm,1x96x112x112,2.157226
60,0,imagen.jpeg,10,activacion,1x96x112x112,3.746949
60,0,imagen.jpeg,11,depthwise_conv,1x96x112x112,3.143591
60,0,imagen.jpeg,12,batchnorm,1x96x56x56,0.270272
60,0,imagen.jpeg,13,activacion,1x96x56x56,0.982061
60,0,imagen.jpeg,14,pointwise_conv,1x96x56x56,3.85461
60,0,imagen.jpeg,15,batchnorm,1x24x56x56,0.095027
60,0,imagen.jpeg,16,pointwise_conv,1x24x56x56,6.892816
60,0,imagen.jpeg,17,batchnorm,1x144x56x56,0.948855
60,0,imagen.jpeg,18,activacion,1x144x56x56,1.391866
60,0,imagen.jpeg,19,depthwise_conv,1x144x56x56,4.559529
60,0,imagen.jpeg,20,batchnorm,1x144x56x56,0.949517
60,0,imagen.jpeg,21,activacion,1x144x56x56,1.642357
60,0,imagen.jpeg,22,pointwise_conv,1x144x56x56,6.776013
60,0,imagen.jpeg,23,batchnorm,1x24x56x56,0.073863
60,0,imagen.jpeg,24,layer_add,1x24x56x56,0.05417
60,0,imagen.jpeg,25,pointwise_conv,1x24x56x56,6.083948
60,0,imagen.jpeg,26,batchnorm,1x144x56x56,0.439561
60,0,imagen.jpeg,27,activacion,1x144x56x56,1.521797
60,0,imagen.jpeg,28,depthwise_conv,1x144x56x56,1.141756
60,0,imagen.jpeg,29,batchnorm,1x144x28x28,0.099653
60,0,imagen.jpeg,30,activacion,1x144x28x28,0.352552
60,0,imagen.jpeg,31,pointwise_conv,1x144x28x28,1.971698
60,0,imagen.jpeg,32,batchnorm,1x32x28x28,0.021692
60,0,imagen.jpeg,33,pointwise_conv,1x32x28x28,2.728241
60,0,imagen.jpeg,34,batchnorm,1x192x28x28,0.141438
60,0,imagen.jpeg,35,activacion,1x192x28x28,0.36738
60,0,imagen.jpeg,36,depthwise_conv,1x192x28x28,1.504195
60,0,imagen.jpeg,37,batchnorm,1x192x28x28,0.128947
60,0,imagen.jpeg,38,activacion,1x192x28x28,0.515009
60,0,imagen.jpeg,39,pointwise_conv,1x192x28x28,2.652237
60,0,imagen.jpeg,40,batchnorm,1x32x28x28,0.020635
60,0,imagen.jpeg,41,layer_add,1x32x28x28,0.013293
60,0,imagen.jpeg,42,pointwise_conv,1x32x28x28,2.628601
60,0,imagen.jpeg,43,batchnorm,1x192x28x28,0.127395
60,0,imagen.jpeg,44,activacion,1x192x28x28,0.415131
60,0,imagen.jpeg,45,depthwise_conv,1x192x28x28,1.522191
60,0,imagen.jpeg,46,batchnorm,1x192x28x28,0.129849
60,0,imagen.jpeg,47,activacion,1x192x28x28,0.516893
60,0,imagen.jpeg,48,pointwise_conv,1x192x28x28,2.634408
60,0,imagen.jpeg,49,batchnorm,1x32x28x28,0.021384
60,0,imagen.jpeg,50,layer_add,1x32x28x28,0.013874
60,0,imagen.jpeg,51,pointwise_conv,1x32x28x28,2.676514
60,0,imagen.jpeg,52,batchnorm,1x192x28x28,0.132807
60,0,imagen.jpeg,53,activacion,1x192x28x28,0.489391
60,0,imagen.jpeg,54,depthwise_conv,1x192x28x28,0.398538
60,0,imagen.jpeg,55,batchnorm,1x192x14x14,0.03357
60,0,imagen.jpeg,56,activacion,1x192x14x14,0.095438
60,0,imagen.jpeg,57,pointwise_conv,1x192x14x14,1.326846
60,0,imagen.jpeg,58,batchnorm,1x64x14x14,0.012019
60,0,imagen.jpeg,59,pointwise_conv,1x64x14x14,2.632247
60,0,imagen.jpeg,60,batchnorm,1x384x14x14,0.07656
60,0,imagen.jpeg,61,activacion,1x384x14x14,0.182429
60,0,imagen.jpeg,62,depthwise_conv,1x384x14x14,0.71261
60,0,imagen.jpeg,63,batchnorm,1x384x14x14,0.076111
60,0,imagen.jpeg,64,activacion,1x384x14x14,0.25485
60,0,imagen.jpeg,65,pointwise_conv,1x384x14x14,2.604456
60,0,imagen.jpeg,66,batchnorm,1x64x14x14,0.010703
60,0,imagen.jpeg,67,layer_add,1x64x14x14,0.005822
60,0,imagen.jpeg,68,pointwise_conv,1x64x14x14,2.710958
60,0,imagen.jpeg,69,batchnorm,1x384x14x14,0.083191
60,0,imagen.jpeg,70,activacion,1x384x14x14,0.241657
60,0,imagen.jpeg,71,depthwise_conv,1x384x14x14,0.837866
60,0,imagen.jpeg,72,batchnorm,1x384x14x14,0.144273
60,0,imagen.jpeg,73,activacion,1x384x14x14,0.264702
60,0,imagen.jpeg,74,pointwise_conv,1x384x14x14,2.729055
60,0,imagen.jpeg,75,batchnorm,1x64x14x14,0.011184
60,0,imagen.jpeg,76,layer_add,1x64x14x14,0.007381
60,0,imagen.jpeg,77,pointwise_conv,1x64x14x14,2.633512
60,0,imagen.jpeg,78,batchnorm,1x384x14x14,0.067614
60,0,imagen.jpeg,79,activacion,1x384x14x14,0.246497
60,0,imagen.jpeg,80,depthwise_conv,1x384x14x14,0.733301
60,0,imagen.jpeg,81,batchnorm,1x384x14x14,0.135398
60,0,imagen.jpeg,82,activacion,1x384x14x14,0.216475
60,0,imagen.jpeg,83,pointwise_conv,1x384x14x14,2.700241
60,0,imagen.jpeg,84,batchnorm,1x64x14x14,0.011103
60,0,imagen.jpeg,85,layer_add,1x64x14x14,0.006071
60,0,imagen.jpeg,86,pointwise_conv,1x64x14x14,2.581181
60,0,imagen.jpeg,87,batchnorm,1x384x14x14,0.063783
60,0,imagen.jpeg,88,activacion,1x384x14x14,0.247863
60,0,imagen.jpeg,89,depthwise_conv,1x384x14x14,0.800688
60,0,imagen.jpeg,90,batchnorm,1x384x14x14,0.063718
60,0,imagen.jpeg,91,activacion,1x384x14x14,0.243178
60,0,imagen.jpeg,92,pointwise_conv,1x384x14x14,3.959043
60,0,imagen.jpeg,93,batchnorm,1x96x14x14,0.017601
60,0,imagen.jpeg,94,pointwise_conv,1x96x14x14,5.943277
60,0,imagen.jpeg,95,batchnorm,1x576x14x14,0.103213
60,0,imagen.jpeg,96,activacion,1x576x14x14,0.374999
60,0,imagen.jpeg,97,depthwise_conv,1x576x14x14,1.158593
60,0,imagen.jpeg,98,batchnorm,1x576x14x14,0.177618
60,0,imagen.jpeg,99,activacion,1x576x14x14,0.338093
60,0,imagen.jpeg,100,pointwise_conv,1x576x14x14,5.925732
60,0,imagen.jpeg,101,batchnorm,1x96x14x14,0.017419
60,0,imagen.jpeg,102,layer_add,1x96x14x14,0.009613
60,0,imagen.jpeg,103,pointwise_conv,1x96x14x14,6.079118
60,0,imagen.jpeg,104,batchnorm,1x576x14x14,0.102347
60,0,imagen.jpeg,105,activacion,1x576x14x14,0.363085
60,0,imagen.jpeg,106,depthwise_conv,1x576x14x14,1.124326
60,0,imagen.jpeg,107,batchnorm,1x576x14x14,0.157591
60,0,imagen.jpeg,108,activacion,1x576x14x14,0.300903
60,0,imagen.jpeg,109,pointwise_conv,1x576x14x14,6.040004
60,0,imagen.jpeg,110,batchnorm,1x96x14x14,0.018764
60,0,imagen.jpeg,111,layer_add,1x96x14x14,0.013306
60,0,imagen.jpeg,112,pointwise_conv,1x96x14x14,6.173678
60,0,imagen.jpeg,113,batchnorm,1x576x14x14,0.163774
60,0,imagen.jpeg,114,activacion,1x576x14x14,0.388065
60,0,imagen.jpeg,115,depthwise_conv,1x576x14x14,0.42209
60,0,imagen.jpeg,116,batchnorm,1x576x7x7,0.073583
60,0,imagen.jpeg,117,activacion,1x576x7x7,0.07529
60,0,imagen.jpeg,118,pointwise_conv,1x576x7x7,2.809668
60,0,imagen.jpeg,119,batchnorm,1x160x7x7,0.008829
60,0,imagen.jpeg,120,pointwise_conv,1x160x7x7,4.741893
60,0,imagen.jpeg,121,batchnorm,1x960x7x7,0.049966
60,0,imagen.jpeg,122,activacion,1x960x7x7,0.161909
60,0,imagen.jpeg,123,depthwise_conv,1x960x7x7,0.458459
60,0,imagen.jpeg,124,batchnorm,1x960x7x7,0.046429
60,0,imagen.jpeg,125,activacion,1x960x7x7,0.15044
60,0,imagen.jpeg,126,pointwise_conv,1x960x7x7,4.353878
60,0,imagen.jpeg,127,batchnorm,1x160x7x7,0.008202
60,0,imagen.jpeg,128,layer_add,1x160x7x7,0.004815
60,0,imagen.jpeg,129,pointwise_conv,1x160x7x7,4.651506
60,0,imagen.jpeg,130,batchnorm,1x960x7x7,0.063411
60,0,imagen.jpeg,131,activacion,1x960x7x7,0.150116
60,0,imagen.jpeg,132,depthwise_conv,1x960x7x7,0.451321
60,0,imagen.jpeg,133,batchnorm,1x960x7x7,0.05963
60,0,imagen.jpeg,134,activacion,1x960x7x7,0.135056
60,0,imagen.jpeg,135,pointwise_conv,1x960x7x7,4.310949
60,0,imagen.jpeg,136,batchnorm,1x160x7x7,0.008401
60,0,imagen.jpeg,137,layer_add,1x160x7x7,0.004991
60,0,imagen.jpeg,138,pointwise_conv,1x160x7x7,4.266289
60,0,imagen.jpeg,139,batchnorm,1x960x7x7,0.04522
60,0,imagen.jpeg,140,activacion,1x960x7x7,0.129254
60,0,imagen.jpeg,141,depthwise_conv,1x960x7x7,0.43959
60,0,imagen.jpeg,142,batchnorm,1x960x7x7,0.048081
60,0,imagen.jpeg,143,activacion,1x960x7x7,0.090081
60,0,imagen.jpeg,144,pointwise_conv,1x960x7x7,8.637296
60,0,imagen.jpeg,145,batchnorm,1x320x7x7,0.016875
60,0,imagen.jpeg,146,pointwise_conv,1x320x7x7,11.277206
60,0,imagen.jpeg,147,batchnorm,1x1280x7x7,0.076835
60,0,imagen.jpeg,148,activacion,1x1280x7x7,0.219343
60,0,imagen.jpeg,149,pooling,1x1280x7x7,0.044896
60,0,imagen.jpeg,150,linear,1x1280,1.529667
61,0,imagen.jpeg,0,conv2d,1x3x224x224,17.202557
61,0,imagen.jpeg,1,batchnorm,1x32x112x112,0.395795
61,0,imagen.jpeg,2,activacion,1x32x112x112,0.664383
61,0,imagen.jpeg,3,depthwise_conv,1x32x112x112,4.579761
61,0,imagen.jpeg,4,batchnorm,1x32x112x112,2.480978
61,0,imagen.jpeg,5,activacion,1x32x112x112,0.784728
61,0,imagen.jpeg,6,pointwise_conv,1x32x112x112,3.814294
61,0,imagen.jpeg,7,batchnorm,1x16x112x112,0.195465
61,0,imagen.jpeg,8,pointwise_conv,1x16x112x112,12.562819
61,0,imagen.jpeg,9,batchnorm,1x96x112x112,2.15731
61,0,imagen.jpeg,10,activacion,1x96x112x112,3.442886
61,0,imagen.jpeg,11,depthwise_conv,1x96x112x112,3.14142
61,0,imagen.jpeg,12,batchnorm,1x96x56x56,0.279212
61,0,imagen.jpeg,13,activacion,1x96x56x56,1.013023
61,0,imagen.jpeg,14,pointwise_conv,1x96x56x56,4.40338
61,0,imagen.jpeg,15,batchnorm,1x24x56x56,0.069832
61,0,imagen.jpeg,16,pointwise_conv,1x24x56x56,6.65418
61,0,imagen.jpeg,17,batchnorm,1x144x56x56,0.86935
61,0,imagen.jpeg,18,activacion,1x144x56x56,1.264303
61,0,imagen.jpeg,19,depthwise_conv,1x144x56x56,4.511339
61,0,imagen.jpeg,20,batchnorm,1x144x56x56,1.319343
61,0,imagen.jpeg,21,activacion,1x144x56x56,1.65718
61,0,imagen.jpeg,22,pointwise_conv,1x144x56x56,5.925233
61,0,imagen.jpeg,23,batchnorm,1x24x56x56,0.061722
61,0,imagen.jpeg,24,layer_add,1x24x56x56,0.04207
61,0,imagen.jpeg,25,pointwise_conv,1x24x56x56,6.073664
61,0,imagen.jpeg,26,batchnorm,1x144x56x56,0.470156
61,0,imagen.jpeg,27,activacion,1x144x56x56,1.684637
61,0,imagen.jpeg,28,depthwise_conv,1x144x56x56,1.223047
61,0,imagen.jpeg,29,batchnorm,1x144x28x28,0.10933
61,0,imagen.jpeg,30,activacion,1x144x28x28,0.349316
61,0,imagen.jpeg,31,pointwise_conv,1x144x28x28,2.02105
61,0,imagen.jpeg,32,batchnorm,1x32x28x28,0.021749
61,0,imagen.jpeg,33,pointwise_conv,1x32x28x28,2.744542
61,0,imagen.jpeg,34,batchnorm,1x192x28x28,0.133407
61,0,imagen.jpeg,35,activacion,1x192x28x28,0.371445
61,0,imagen.jpeg,36,depthwise_conv,1x192x28x28,1.483306
61,0,imagen.jpeg,37,batchnorm,1x192x28x28,0.124237
61,0,imagen.jpeg,38,activacion,1x192x28x28,0.519009
61,0,imagen.jpeg,39,pointwise_conv,1x192x28x28,2.632987
61,0,imagen.jpeg,40,batchnorm,1x32x28x28,0.021784
61,0,imagen.jpeg,41,layer_add,1x32x28x28,0.013741
61,0,imagen.jpeg,42,pointwise_conv,1x32x28x28,2.687552
61,0,imagen.jpeg,43,batchnorm,1x192x28x28,0.126276
61,0,imagen.jpeg,44,activacion,1x192x28x28,0.458397
61,0,imagen.jpeg,45,depthwise_conv,1x192x28x28,1.781117
61,0,imagen.jpeg,46,batchnorm,1x192x28x28,0.146608
61,0,imagen.jpeg,47,activacion,1x192x28x28,0.512077
61,0,imagen.jpeg,48,pointwise_conv,1x192x28x28,2.638783
61,0,imagen.jpeg,49,batchnorm,1x32x28x28,0.021003
61,0,imagen.jpeg,50,layer_add,1x32x28x28,0.013744
61,0,imagen.jpeg,51,pointwise_conv,1x32x28x28,2.697246
61,0,imagen.jpeg,52,batchnorm,1x192x28x28,0.136073
61,0,imagen.jpeg,53,activacion,1x192x28x28,0.480626
61,0,imagen.jpeg,54,depthwise_conv,1x192x28x28,0.376531
61,0,imagen.jpeg,55,batchnorm,1x192x14x14,0.033013
61,0,imagen.jpeg,56,activacion,1x192x14x14,0.095914
61,0,imagen.jpeg,57,pointwise_conv,1x192x14x14,1.362539
61,0,imagen.jpeg,58,batchnorm,1x64x14x14,0.011345
61,0,imagen.jpeg,59,pointwise_conv,1x64x14x14,2.669737
61,0,imagen.jpeg,60,batchnorm,1x384x14x14,0.063782
61,0,imagen.jpeg,61,activacion,1x384x14x14,0.195478
61,0,imagen.jpeg,62,depthwise_conv,1x384x14x14,0.776082
61,0,imagen.jpeg,63,batchnorm,1x384x14x14,0.063896
61,0,imagen.jpeg,64,activacion,1x384x14x14,0.274869
61,0,imagen.jpeg,65,pointwise_conv,1x384x14x14,2.787762
61,0,imagen.jpeg,66,batchnorm,1x64x14x14,0.026005
61,0,imagen.jpeg,67,layer_add,1x64x14x14,0.006892
61,0,imagen.jpeg,68,pointwise_conv,1x64x14x14,3.036421
61,0,imagen.jpeg,69,batchnorm,1x384x14x14,0.071161
61,0,imagen.jpeg,70,activacion,1x384x14x14,0.289831
61,0,imagen.jpeg,71,depthwise_conv,1x384x14x14,0.785205
61,0,imagen.jpeg,72,batchnorm,1x384x14x14,0.098486
61,0,imagen.jpeg,73,activacion,1x384x14x14,0.248844
61,0,imagen.jpeg,74,pointwise_conv,1x384x14x14,2.721275
61,0,imagen.jpeg,75,batchnorm,1x64x14x14,0.011319
61,0,imagen.jpeg,76,layer_add,1x64x14x14,0.007336
61,0,imagen.jpeg,77,pointwise_conv,1x64x14x14,2.744894
61,0,imagen.jpeg,78,batchnorm,1x384x14x14,0.064314
61,0,imagen.jpeg,79,activacion,1x384x14x14,0.259277
61,0,imagen.jpeg,80,depthwise_conv,1x384x14x14,0.752411
61,0,imagen.jpeg,81,batchnorm,1x384x14x14,0.152689
61,0,imagen.jpeg,82,activacion,1x384x14x14,0.233786
61,0,imagen.jpeg,83,pointwise_conv,1x384x14x14,2.713684
61,0,imagen.jpeg,84,batchnorm,1x64x14x14,0.011311
61,0,imagen.jpeg,85,layer_add,1x64x14x14,0.00572
61,0,imagen.jpeg,86,pointwise_conv,1x64x14x14,2.84736
61,0,imagen.jpeg,87,batchnorm,1x384x14x14,0.068012
61,0,imagen.jpeg,88,activacion,1x384x14x14,0.267314
61,0,imagen.jpeg,89,depthwise_conv,1x384x14x14,0.75869
61,0,imagen.jpeg,90,batchnorm,1x384x14x14,0.076908
61,0,imagen.jpeg,91,activacion,1x384x14x14,0.244619
61,0,imagen.jpeg,92,pointwise_conv,1x384x14x14,4.056287
61,0,imagen.jpeg,93,batchnorm,1x96x14x14,0.017496
61,0,imagen.jpeg,94,pointwise_conv,1x96x14x14,6.386117
61,0,imagen.jpeg,95,batchnorm,1x576x14x14,0.124644
61,0,imagen.jpeg,96,activacion,1x576x14x14,0.376208
61,0,imagen.jpeg,97,depthwise_conv,1x576x14x14,1.155206
61,0,imagen.jpeg,98,batchnorm,1x576x14x14,0.178195
61,0,imagen.jpeg,99,activacion,1x576x14x14,0.33843
61,0,imagen.jpeg,100,pointwise_conv,1x576x14x14,6.101135
61,0,imagen.jpeg,101,batchnorm,1x96x14x14,0.016882
61,0,imagen.jpeg,102,layer_add,1x96x14x14,0.010126
61,0,imagen.jpeg,103,pointwise_conv,1x96x14x14,5.92529
61,0,imagen.jpeg,104,batchnorm,1x576x14x14,0.102555
61,0,imagen.jpeg,105,activacion,1x576x14x14,0.364376
61,0,imagen.jpeg,106,depthwise_conv,1x576x14x14,1.146099
61,0,imagen.jpeg,107,batchnorm,1x576x14x14,0.153679
61,0,imagen.jpeg,108,activacion,1x576x14x14,0.291646
61,0,imagen.jpeg,109,pointwise_conv,1x576x14x14,6.10834
61,0,imagen.jpeg,110,batchnorm,1x96x14x14,0.016543
61,0,imagen.jpeg,111,layer_add,1x96x14x14,0.012679
61,0,imagen.jpeg,112,pointwise_conv,1x96x14x14,5.802919
61,0,imagen.jpeg,113,batchnorm,1x576x14x14,0.102517
61,0,imagen.jpeg,114,activacion,1x576x14x14,0.313621
61,0,imagen.jpeg,115,depthwise_conv,1x576x14x14,0.266825
61,0,imagen.jpeg,116,batchnorm,1x576x7x7,0.029914
61,0,imagen.jpeg,117,activacion,1x576x7x7,0.064338
61,0,imagen.jpeg,118,pointwise_conv,1x576x7x7,2.394942
61,0,imagen.jpeg,119,batchnorm,1x160x7x7,0.007668
61,0,imagen.jpeg,120,pointwise_conv,1x160x7x7,4.007849
61,0,imagen.jpeg,121,batchnorm,1x960x7x7,0.049035
61,0,imagen.jpeg,122,activacion,1x960x7x7,0.151172
61,0,imagen.jpeg,123,depthwise_conv,1x960x7x7,0.470247
61,0,imagen.jpeg,124,batchnorm,1x960x7x7,0.044918
61,0,imagen.jpeg,125,activacion,1x960x7x7,0.144663
61,0,imagen.jpeg,126,pointwise_conv,1x960x7x7,4.082982
61,0,imagen.jpeg,127,batchnorm,1x160x7x7,0.007917
61,0,imagen.jpeg,128,layer_add,1x160x7x7,0.00449
61,0,imagen.jpeg,129,pointwise_conv,1x160x7x7,4.278963
61,0,imagen.jpeg,130,batchnorm,1x960x7x7,0.046168
61,0,imagen.jpeg,131,activacion,1x960x7x7,0.146143
61,0,imagen.jpeg,132,depthwise_conv,1x960x7x7,0.445553
61,0,imagen.jpeg,133,batchnorm,1x960x7x7,0.055167
61,0,imagen.jpeg,134,activacion,1x960x7x7,0.127562
61,0,imagen.jpeg,135,pointwise_conv,1x960x7x7,4.104946
61,0,imagen.jpeg,136,batchnorm,1x160x7x7,0.007582
61,0,imagen.jpeg,137,layer_add,1x160x7x7,0.004315
61,0,imagen.jpeg,138,pointwise_conv,1x160x7x7,4.144531
61,0,imagen.jpeg,139,batchnorm,1x960x7x7,0.044311
61,0,imagen.jpeg,140,activacion,1x960x7x7,0.117667
61,0,imagen.jpeg,141,depthwise_conv,1x960x7x7,0.437013
61,0,imagen.jpeg,142,batchnorm,1x960x7x7,0.04763
61,0,imagen.jpeg,143,activacion,1x960x7x7,0.089826
61,0,imagen.jpeg,144,pointwise_conv,1x960x7x7,8.147076
61,0,imagen.jpeg,145,batchnorm,1x320x7x7,0.016215
61,0,imagen.jpeg,146,pointwise_conv,1x320x7x7,10.696524
61,0,imagen.jpeg,147,batchnorm,1x1280x7x7,0.05819
61,0,imagen.jpeg,148,activacion,1x1280x7x7,0.183815
61,0,imagen.jpeg,149,pooling,1x1280x7x7,0.040147
61,0,imagen.jpeg,150,linear,1x1280,1.382727
62,0,imagen.jpeg,0,conv2d,1x3x224x224,15.100696
62,0,imagen.jpeg,1,batchnorm,1x32x112x112,0.396209
62,0,imagen.jpeg,2,activacion,1x32x112x112,0.65338
62,0,imagen.jpeg,3,depthwise_conv,1x32x112x112,3.907937
62,0,imagen.jpeg,4,batchnorm,1x32x112x112,2.477789
62,0,imagen.jpeg,5,activacion,1x32x112x112,0.713646
62,0,imagen.jpeg,6,pointwise_conv,1x32x112x112,3.655203
62,0,imagen.jpeg,7,batchnorm,1x16x112x112,0.178625
62,0,imagen.jpeg,8,pointwise_conv,1x16x112x112,10.9521
62,0,imagen.jpeg,9,batchnorm,1x96x112x112,2.126453
62,0,imagen.jpeg,10,activacion,1x96x112x112,3.372486
62,0,imagen.jpeg,11,depthwise_conv,1x96x112x112,3.126359
62,0,imagen.jpeg,12,batchnorm,1x96x56x56,0.279876
62,0,imagen.jpeg,13,activacion,1x96x56x56,0.967308
62,0,imagen.jpeg,14,pointwise_conv,1x96x56x56,3.819763
62,0,imagen.jpeg,15,batchnorm,1x24x56x56,0.06235
62,0,imagen.jpeg,16,pointwise_conv,1x24x56x56,6.354837
62,0,imagen.jpeg,17,batchnorm,1x144x56x56,0.855846
62,0,imagen.jpeg,18,activacion,1x144x56x56,1.246251
62,0,imagen.jpeg,19,depthwise_conv,1x144x56x56,4.425012
62,0,imagen.jpeg,20,batchnorm,1x144x56x56,0.871673
62,0,imagen.jpeg,21,activacion,1x144x56x56,1.602683
62,0,imagen.jpeg,22,pointwise_conv,1x144x56x56,5.73255
62,0,imagen.jpeg,23,batchnorm,1x24x56x56,0.061561
62,0,imagen.jpeg,24,layer_add,1x24x56x56,0.045304
62,0,imagen.jpeg,25,pointwise_conv,1x24x56x56,5.779696
62,0,imagen.jpeg,26,batchnorm,1x144x56x56,0.417688
62,0,imagen.jpeg,27,activacion,1x144x56x56,1.486674
62,0,imagen.jpeg,28,depthwise_conv,1x144x56x56,1.113622
62,0,imagen.jpeg,29,batchnorm,1x144x28x28,0.097457
62,0,imagen.jpeg,30,activacion,1x144x28x28,0.36945
62,0,imagen.jpeg,31,pointwise_conv,1x144x28x28,1.946789
62,0,imagen.jpeg,32,batchnorm,1x32x28x28,0.020459
62,0,imagen.jpeg,33,pointwise_conv,1x32x28x28,2.624223
62,0,imagen.jpeg,34,batchnorm,1x192x28x28,0.166185
62,0,imagen.jpeg,35,activacion,1x192x28x28,0.35573
62,0,imagen.jpeg,36,depthwise_conv,1x192x28x28,1.502479
62,0,imagen.jpeg,37,batchnorm,1x192x28x28,0.138968
62,0,imagen.jpeg,38,activacion,1x192x28x28,0.501833
62,0,imagen.jpeg,39,pointwise_conv,1x192x28x28,2.564083
62,0,imagen.jpeg,40,batchnorm,1x32x28x28,0.0212
62,0,imagen.jpeg,41,layer_add,1x32x28x28,0.01326
62,0,imagen.jpeg,42,pointwise_conv,1x32x28x28,2.621556
62,0,imagen.jpeg,43,batchnorm,1x192x28x28,0.127523
62,0,imagen.jpeg,44,activacion,1x192x28x28,0.425203
62,0,imagen.jpeg,45,depthwise_conv,1x192x28x28,1.450156
62,0,imagen.jpeg,46,batchnorm,1x192x28x28,0.125679
62,0,imagen.jpeg,47,activacion,1x192x28x28,0.491435
62,0,imagen.jpeg,48,pointwise_conv,1x192x28x28,2.586153
62,0,imagen.jpeg,49,batchnorm,1x32x28x28,0.021065
62,0,imagen.jpeg,50,layer_add,1x32x28x28,0.011833
62,0,imagen.jpeg,51,pointwise_conv,1x32x28x28,2.622708
62,0,imagen.jpeg,52,batchnorm,1x192x28x28,0.128364
62,0,imagen.jpeg,53,activacion,1x192x28x28,0.474948
62,0,imagen.jpeg,54,depthwise_conv,1x192x28x28,0.374332
62,0,imagen.jpeg,55,batchnorm,1x192x14x14,0.033424
62,0,imagen.jpeg,56,activacion,1x192x14x14,0.107672
62,0,imagen.jpeg,57,pointwise_conv,1x192x14x14,1.384497
62,0,imagen.jpeg,58,batchnorm,1x64x14x14,0.011409
62,0,imagen.jpeg,59,pointwise_conv,1x64x14x14,2.667573
62,0,imagen.jpeg,60,batchnorm,1x384x14x14,0.06802
62,0,imagen.jpeg,61,activacion,1x384x14x14,0.194913
62,0,imagen.jpeg,62,depthwise_conv,1x384x14x14,0.770831
62,0,imagen.jpeg,63,batchnorm,1x384x14x14,0.067117
62,0,imagen.jpeg,64,activacion,1x384x14x14,0.265837
62,0,imagen.jpeg,65,pointwise_conv,1x384x14x14,2.647174
62,0,imagen.jpeg,66,batchnorm,1x64x14x14,0.011301
62,0,imagen.jpeg,67,layer_add,1x64x14x14,0.005769
62,0,imagen.jpeg,68,pointwise_conv,1x64x14x14,2.652913
62,0,imagen.jpeg,69,batchnorm,1x384x14x14,0.065519
62,0,imagen.jpeg,70,activacion,1x384x14x14,0.234759
62,0,imagen.jpeg,71,depthwise_conv,1x384x14x14,0.750374
62,0,imagen.jpeg,72,batchnorm,1x384x14x14,0.094835
62,0,imagen.jpeg,73,activacion,1x384x14x14,0.244354
62,0,imagen.jpeg,74,pointwise_conv,1x384x14x14,2.655342
62,0,imagen.jpeg,75,batchnorm,1x64x14x14,0.012645
62,0,imagen.jpeg,76,layer_add,1x64x14x14,0.008625
62,0,imagen.jpeg,77,pointwise_conv,1x64x14x14,2.682952
62,0,imagen.jpeg,78,batchnorm,1x384x14x14,0.072984
62,0,imagen.jpeg,79,activacion,1x384x14x14,0.257216
62,0,imagen.jpeg,80,depthwise_conv,1x384x14x14,0.784989
62,0,imagen.jpeg,81,batchnorm,1x384x14x14,0.139341
62,0,imagen.jpeg,82,activacion,1x384x14x14,0.22486
62,0,imagen.jpeg,83,pointwise_conv,1x384x14x14,2.633696
62,0,imagen.jpeg,84,batchnorm,1x64x14x14,0.011068
62,0,imagen.jpeg,85,layer_add,1x64x14x14,0.006778
62,0,imagen.jpeg,86,pointwise_conv,1x64x14x14,2.661976
62,0,imagen.jpeg,87,batchnorm,1x384x14x14,0.065343
62,0,imagen.jpeg,88,activacion,1x384x14x14,0.252717
62,0,imagen.jpeg,89,depthwise_conv,1x384x14x14,0.749303
62,0,imagen.jpeg,90,batchnorm,1x384x14x14,0.065291
62,0,imagen.jpeg,91,activacion,1x384x14x14,0.235217
62,0,imagen.jpeg,92,pointwise_conv,1x384x14x14,3.950497
62,0,imagen.jpeg,93,batchnorm,1x96x14x14,0.017754
62,0,imagen.jpeg,94,pointwise_conv,1x96x14x14,5.948841
62,0,imagen.jpeg,95,batchnorm,1x576x14x14,0.107349
62,0,imagen.jpeg,96,activacion,1x576x14x14,0.378411
62,0,imagen.jpeg,97,depthwise_conv,1x576x14x14,1.124553
62,0,imagen.jpeg,98,batchnorm,1x576x14x14,0.173825
62,0,imagen.jpeg,99,activacion,1x576x14x14,0.331429
62,0,imagen.jpeg,100,pointwise_conv,1x576x14x14,6.028564
62,0,imagen.jpeg,101,batchnorm,1x96x14x14,0.017081
62,0,imagen.jpeg,102,layer_add,1x96x14x14,0.010105
62,0,imagen.jpeg,103,pointwise_conv,1x96x14x14,5.948185
62,0,imagen.jpeg,104,batchnorm,1x576x14x14,0.102114
62,0,imagen.jpeg,105,activacion,1x576x14x14,0.362789
62,0,imagen.jpeg,106,depthwise_conv,1x576x14x14,1.129187
62,0,imagen.jpeg,107,batchnorm,1x576x14x14,0.176186
62,0,imagen.jpeg,108,activacion,1x576x14x14,0.302978
62,0,imagen.jpeg,109,pointwise_conv,1x576x14x14,5.945176
62,0,imagen.jpeg,110,batchnorm,1x96x14x14,0.016765
62,0,imagen.jpeg,111,layer_add,1x96x14x14,0.012522
62,0,imagen.jpeg,112,pointwise_conv,1x96x14x14,5.949782
62,0,imagen.jpeg,113,batchnorm,1x576x14x14,0.10452
62,0,imagen.jpeg,114,activacion,1x576x14x14,0.311312
62,0,imagen.jpeg,115,depthwise_conv,1x576x14x14,0.271701
62,0,imagen.jpeg,116,batchnorm,1x576x7x7,0.029919
62,0,imagen.jpeg,117,activacion,1x576x7x7,0.064529
62,0,imagen.jpeg,118,pointwise_conv,1x576x7x7,2.400701
62,0,imagen.jpeg,119,batchnorm,1x160x7x7,0.007526
62,0,imagen.jpeg,120,pointwise_conv,1x160x7x7,4.015203
62,0,imagen.jpeg,121,batchnorm,1x960x7x7,0.043895
62,0,imagen.jpeg,122,activacion,1x960x7x7,0.157395
62,0,imagen.jpeg,123,depthwise_conv,1x960x7x7,0.425232
62,0,imagen.jpeg,124,batchnorm,1x960x7x7,0.042629
62,0,imagen.jpeg,125,activacion,1x960x7x7,0.138376
62,0,imagen.jpeg,126,pointwise_conv,1x960x7x7,4.002481
62,0,imagen.jpeg,127,batchnorm,1x160x7x7,0.007526
62,0,imagen.jpeg,128,layer_add,1x160x7x7,0.00341
62,0,imagen.jpeg,129,pointwise_conv,1x160x7x7,4.016605
62,0,imagen.jpeg,130,batchnorm,1x960x7x7,0.042746
62,0,imagen.jpeg,131,activacion,1x960x7x7,0.144973
62,0,imagen.jpeg,132,depthwise_conv,1x960x7x7,0.424308
62,0,imagen.jpeg,133,batchnorm,1x960x7x7,0.05417
62,0,imagen.jpeg,134,activacion,1x960x7x7,0.123833
62,0,imagen.jpeg,135,pointwise_conv,1x960x7x7,3.999901
62,0,imagen.jpeg,136,batchnorm,1x160x7x7,0.007407
62,0,imagen.jpeg,137,layer_add,1x160x7x7,0.003723
62,0,imagen.jpeg,138,pointwise_conv,1x160x7x7,4.013263
62,0,imagen.jpeg,139,batchnorm,1x960x7x7,0.049639
62,0,imagen.jpeg,140,activacion,1x960x7x7,0.113978
62,0,imagen.jpeg,141,depthwise_conv,1x960x7x7,0.424477
62,0,imagen.jpeg,142,batchnorm,1x960x7x7,0.046353
62,0,imagen.jpeg,143,activacion,1x960x7x7,0.087994
62,0,imagen.jpeg,144,pointwise_conv,1x960x7x7,8.006542
62,0,imagen.jpeg,145,batchnorm,1x320x7x7,0.015514
62,0,imagen.jpeg,146,pointwise_conv,1x320x7x7,10.679449
62,0,imagen.jpeg,147,batchnorm,1x1280x7x7,0.058396
62,0,imagen.jpeg,148,activacion,1x1280x7x7,0.179702
62,0,imagen.jpeg,149,pooling,1x1280x7x7,0.039301
62,0,imagen.jpeg,150,linear,1x1280,1.383784
63,0,imagen.jpeg,0,conv2d,1x3x224x224,14.679989
63,0,imagen.jpeg,1,batchnorm,1x32x112x112,0.400591
63,0,imagen.jpeg,2,activacion,1x32x112x112,0.626787
63,0,imagen.jpeg,3,depthwise_conv,1x32x112x112,3.854001
63,0,imagen.jpeg,4,batchnorm,1x32x112x112,2.225945
63,0,imagen.jpeg,5,activacion,1x32x112x112,0.699262
63,0,imagen.jpeg,6,pointwise_conv,1x32x112x112,3.356923
63,0,imagen.jpeg,7,batchnorm,1x16x112x112,0.169543
63,0,imagen.jpeg,8,pointwise_conv,1x16x112x112,10.631871
63,0,imagen.jpeg,9,batchnorm,1x96x112x112,2.031692
63,0,imagen.jpeg,10,activacion,1x96x112x112,3.30931
63,0,imagen.jpeg,11,depthwise_conv,1x96x112x112,3.128536
63,0,imagen.jpeg,12,batchnorm,1x96x56x56,0.34133
63,0,imagen.jpeg,13,activacion,1x96x56x56,1.066078
63,0,imagen.jpeg,14,pointwise_conv,1x96x56x56,4.065952
63,0,imagen.jpeg,15,batchnorm,1x24x56x56,0.068852
63,0,imagen.jpeg,16,pointwise_conv,1x24x56x56,6.973469
63,0,imagen.jpeg,17,batchnorm,1x144x56x56,1.029821
63,0,imagen.jpeg,18,activacion,1x144x56x56,1.338979
63,0,imagen.jpeg,19,depthwise_conv,1x144x56x56,4.868375
63,0,imagen.jpeg,20,batchnorm,1x144x56x56,0.93651
63,0,imagen.jpeg,21,activacion,1x144x56x56,1.723531
63,0,imagen.jpeg,22,pointwise_conv,1x144x56x56,6.698258
63,0,imagen.jpeg,23,batchnorm,1x24x56x56,0.07639
63,0,imagen.jpeg,24,layer_add,1x24x56x56,0.049957
63,0,imagen.jpeg,25,pointwise_conv,1x24x56x56,6.805385
63,0,imagen.jpeg,26,batchnorm,1x144x56x56,0.45335
63,0,imagen.jpeg,27,activacion,1x144x56x56,1.623661
63,0,imagen.jpeg,28,depthwise_conv,1x144x56x56,1.21045
63,0,imagen.jpeg,29,batchnorm,1x144x28x28,0.105007
63,0,imagen.jpeg,30,activacion,1x144x28x28,0.37336
63,0,imagen.jpeg,31,pointwise_conv,1x144x28x28,2.064994
63,0,imagen.jpeg,32,batchnorm,1x32x28x28,0.021773
63,0,imagen.jpeg,33,pointwise_conv,1x32x28x28,2.736633
63,0,imagen.jpeg,34,batchnorm,1x192x28x28,0.132457
63,0,imagen.jpeg,35,activacion,1x192x28x28,0.364368
63,0,imagen.jpeg,36,depthwise_conv,1x192x28x28,1.537768
63,0,imagen.jpeg,37,batchnorm,1x192x28x28,0.127621
63,0,imagen.jpeg,38,activacion,1x192x28x28,0.505232
63,0,imagen.jpeg,39,pointwise_conv,1x192x28x28,3.058098
63,0,imagen.jpeg,40,batchnorm,1x32x28x28,0.02502
63,0,imagen.jpeg,41,layer_add,1x32x28x28,0.01482
63,0,imagen.jpeg,42,pointwise_conv,1x32x28x28,2.658714
63,0,imagen.jpeg,43,batchnorm,1x192x28x28,0.139205
63,0,imagen.jpeg,44,activacion,1x192x28x28,0.45938
63,0,imagen.jpeg,45,depthwise_conv,1x192x28x28,1.508717
63,0,imagen.jpeg,46,batchnorm,1x192x28x28,0.127329
63,0,imagen.jpeg,47,activacion,1x192x28x28,0.495388
63,0,imagen.jpeg,48,pointwise_conv,1x192x28x28,2.619028
63,0,imagen.jpeg,49,batchnorm,1x32x28x28,0.020932
63,0,imagen.jpeg,50,layer_add,1x32x28x28,0.01228
63,0,imagen.jpeg,51,pointwise_conv,1x32x28x28,2.593967
63,0,imagen.jpeg,52,batchnorm,1x192x28x28,0.12595
63,0,imagen.jpeg,53,activacion,1x192x28x28,0.466435
63,0,imagen.jpeg,54,depthwise_conv,1x192x28x28,0.382424
63,0,imagen.jpeg,55,batchnorm,1x192x14x14,0.033728
63,0,imagen.jpeg,56,activacion,1x192x14x14,0.095996
63,0,imagen.jpeg,57,pointwise_conv,1x192x14x14,1.347802
63,0,imagen.jpeg,58,batchnorm,1x64x14x14,0.011857
63,0,imagen.jpeg,59,pointwise_conv,1x64x14x14,3.079137
63,0,imagen.jpeg,60,batchnorm,1x384x14x14,0.075671
63,0,imagen.jpeg,61,activacion,1x384x14x14,0.201988
63,0,imagen.jpeg,62,depthwise_conv,1x384x14x14,0.768575
63,0,imagen.jpeg,63,batchnorm,1x384x14x14,0.071861
63,0,imagen.jpeg,64,activacion,1x384x14x14,0.26529
63,0,imagen.jpeg,65,pointwise_conv,1x384x14x14,2.699804
63,0,imagen.jpeg,66,batchnorm,1x64x14x14,0.011616
63,0,imagen.jpeg,67,layer_add,1x64x14x14,0.006112
63,0,imagen.jpeg,68,pointwise_conv,1x64x14x14,2.696604
63,0,imagen.jpeg,69,batchnorm,1x384x14x14,0.123922
63,0,imagen.jpeg,70,activacion,1x384x14x14,0.262797
63,0,imagen.jpeg,71,depthwise_conv,1x384x14x14,0.904966
63,0,imagen.jpeg,72,batchnorm,1x384x14x14,0.097342
63,0,imagen.jpeg,73,activacion,1x384x14x14,0.242688
63,0,imagen.jpeg,74,pointwise_conv,1x384x14x14,2.684231
63,0,imagen.jpeg,75,batchnorm,1x64x14x14,0.010814
63,0,imagen.jpeg,76,layer_add,1x64x14x14,0.006965
63,0,imagen.jpeg,77,pointwise_conv,1x64x14x14,2.679819
63,0,imagen.jpeg,78,batchnorm,1x384x14x14,0.094203
63,0,imagen.jpeg,79,activacion,1x384x14x14,0.303468
63,0,imagen.jpeg,80,depthwise_conv,1x384x14x14,0.943209
63,0,imagen.jpeg,81,batchnorm,1x384x14x14,0.155449
63,0,imagen.jpeg,82,activacion,1x384x14x14,0.228964
63,0,imagen.jpeg,83,pointwise_conv,1x384x14x14,2.68781
63,0,imagen.jpeg,84,batchnorm,1x64x14x14,0.011719
63,0,imagen.jpeg,85,layer_add,1x64x14x14,0.006429
63,0,imagen.jpeg,86,pointwise_conv,1x64x14x14,2.755786
63,0,imagen.jpeg,87,batchnorm,1x384x14x14,0.064957
63,0,imagen.jpeg,88,activacion,1x384x14x14,0.297895
63,0,imagen.jpeg,89,depthwise_conv,1x384x14x14,0.739108
63,0,imagen.jpeg,90,batchnorm,1x384x14x14,0.070311
63,0,imagen.jpeg,91,activacion,1x384x14x14,0.238569
63,0,imagen.jpeg,92,pointwise_conv,1x384x14x14,4.07971
63,0,imagen.jpeg,93,batchnorm,1x96x14x14,0.016742
63,0,imagen.jpeg,94,pointwise_conv,1x96x14x14,6.496656
63,0,imagen.jpeg,95,batchnorm,1x576x14x14,0.175833
63,0,imagen.jpeg,96,activacion,1x576x14x14,0.35702
63,0,imagen.jpeg,97,depthwise_conv,1x576x14x14,1.135688
63,0,imagen.jpeg,98,batchnorm,1x576x14x14,0.228494
63,0,imagen.jpeg,99,activacion,1x576x14x14,0.364181
63,0,imagen.jpeg,100,pointwise_conv,1x576x14x14,6.214823
63,0,imagen.jpeg,101,batchnorm,1x96x14x14,0.016443
63,0,imagen.jpeg,102,layer_add,1x96x14x14,0.010454
63,0,imagen.jpeg,103,pointwise_conv,1x96x14x14,6.398061
63,0,imagen.jpeg,104,batchnorm,1x576x14x14,0.120626
63,0,imagen.jpeg,105,activacion,1x576x14x14,0.361719
63,0,imagen.jpeg,106,depthwise_conv,1x576x14x14,1.19116
63,0,imagen.jpeg,107,batchnorm,1x576x14x14,0.163312
63,0,imagen.jpeg,108,activacion,1x576x14x14,0.300386
63,0,imagen.jpeg,109,pointwise_conv,1x576x14x14,6.031647
63,0,imagen.jpeg,110,batchnorm,1x96x14x14,0.019988
63,0,imagen.jpeg,111,layer_add,1x96x14x14,0.011743
63,0,imagen.jpeg,112,pointwise_conv,1x96x14x14,5.951907
63,0,imagen.jpeg,113,batchnorm,1x576x14x14,0.099471
63,0,imagen.jpeg,114,activacion,1x576x14x14,0.335041
63,0,imagen.jpeg,115,depthwise_conv,1x576x14x14,0.253789
63,0,imagen.jpeg,116,batchnorm,1x576x7x7,0.02961
63,0,imagen.jpeg,117,activacion,1x576x7x7,0.067518
63,0,imagen.jpeg,118,pointwise_conv,1x576x7x7,2.869888
63,0,imagen.jpeg,119,batchnorm,1x160x7x7,0.00804
63,0,imagen.jpeg,120,pointwise_conv,1x160x7x7,4.048596
63,0,imagen.jpeg,121,batchnorm,1x960x7x7,0.044346
63,0,imagen.jpeg,122,activacion,1x960x7x7,0.144316
63,0,imagen.jpeg,123,depthwise_conv,1x960x7x7,0.449361
63,0,imagen.jpeg,124,batchnorm,1x960x7x7,0.041621
63,0,imagen.jpeg,125,activacion,1x960x7x7,0.134833
63,0,imagen.jpeg,126,pointwise_conv,1x960x7x7,4.028939
63,0,imagen.jpeg,127,batchnorm,1x160x7x7,0.007285
63,0,imagen.jpeg,128,layer_add,1x160x7x7,0.003837
63,0,imagen.jpeg,129,pointwise_conv,1x160x7x7,4.036758
63,0,imagen.jpeg,130,batchnorm,1x960x7x7,0.042944
63,0,imagen.jpeg,131,activacion,1x960x7x7,0.141868
63,0,imagen.jpeg,132,depthwise_conv,1x960x7x7,0.425669
63,0,imagen.jpeg,133,batchnorm,1x960x7x7,0.053658
63,0,imagen.jpeg,134,activacion,1x960x7x7,0.128578
63,0,imagen.jpeg,135,pointwise_conv,1x960x7x7,4.275672
63,0,imagen.jpeg,136,batchnorm,1x160x7x7,0.007752
63,0,imagen.jpeg,137,layer_add,1x160x7x7,0.004974
63,0,imagen.jpeg,138,pointwise_conv,1x160x7x7,4.085484
63,0,imagen.jpeg,139,batchnorm,1x960x7x7,0.04449
63,0,imagen.jpeg,140,activacion,1x960x7x7,0.113547
63,0,imagen.jpeg,141,depthwise_conv,1x960x7x7,0.423931
63,0,imagen.jpeg,142,batchnorm,1x960x7x7,0.046605
63,0,imagen.jpeg,143,activacion,1x960x7x7,0.090419
63,0,imagen.jpeg,144,pointwise_conv,1x960x7x7,8.317275
63,0,imagen.jpeg,145,batchnorm,1x320x7x7,0.017712
63,0,imagen.jpeg,146,pointwise_conv,1x320x7x7,10.712053
63,0,imagen.jpeg,147,batchnorm,1x1280x7x7,0.063585
63,0,imagen.jpeg,148,activacion,1x1280x7x7,0.18644
63,0,imagen.jpeg,149,pooling,1x1280x7x7,0.040895
63,0,imagen.jpeg,150,linear,1x1280,1.40891
64,0,imagen.jpeg,0,conv2d,1x3x224x224,15.732734
64,0,imagen.jpeg,1,batchnorm,1x32x112x112,0.52505
64,0,imagen.jpeg,2,activacion,1x32x112x112,0.734595
64,0,imagen.jpeg,3,depthwise_conv,1x32x112x112,4.232762
64,0,imagen.jpeg,4,batchnorm,1x32x112x112,2.392348
64,0,imagen.jpeg,5,activacion,1x32x112x112,0.770839
64,0,imagen.jpeg,6,pointwise_conv,1x32x112x112,4.315856
64,0,imagen.jpeg,7,batchnorm,1x16x112x112,0.206954
64,0,imagen.jpeg,8,pointwise_conv,1x16x112x112,12.878738
64,0,imagen.jpeg,9,batchnorm,1x96x112x112,2.131261
64,0,imagen.jpeg,10,activacion,1x96x112x112,3.711693
64,0,imagen.jpeg,11,depthwise_conv,1x96x112x112,3.300146
64,0,imagen.jpeg,12,batchnorm,1x96x56x56,0.292291
64,0,imagen.jpeg,13,activacion,1x96x56x56,1.055018
64,0,imagen.jpeg,14,pointwise_conv,1x96x56x56,4.033829
64,0,imagen.jpeg,15,batchnorm,1x24x56x56,0.064212
64,0,imagen.jpeg,16,pointwise_conv,1x24x56x56,7.474343
64,0,imagen.jpeg,17,batchnorm,1x144x56x56,0.970925
64,0,imagen.jpeg,18,activacion,1x144x56x56,1.332695
64,0,imagen.jpeg,19,depthwise_conv,1x144x56x56,4.587344
64,0,imagen.jpeg,20,batchnorm,1x144x56x56,0.866331
64,0,imagen.jpeg,21,activacion,1x144x56x56,1.586157
64,0,imagen.jpeg,22,pointwise_conv,1x144x56x56,6.528885
64,0,imagen.jpeg,23,batchnorm,1x24x56x56,0.074299
64,0,imagen.jpeg,24,layer_add,1x24x56x56,0.050552
64,0,imagen.jpeg,25,pointwise_conv,1x24x56x56,6.032931
64,0,imagen.jpeg,26,batchnorm,1x144x56x56,0.425087
64,0,imagen.jpeg,27,activacion,1x144x56x56,1.519147
64,0,imagen.jpeg,28,depthwise_conv,1x144x56x56,1.105985
64,0,imagen.jpeg,29,batchnorm,1x144x28x28,0.098939
64,0,imagen.jpeg,30,activacion,1x144x28x28,0.390573
64,0,imagen.jpeg,31,pointwise_conv,1x144x28x28,2.162669
64,0,imagen.jpeg,32,batchnorm,1x32x28x28,0.039708
64,0,imagen.jpeg,33,pointwise_conv,1x32x28x28,3.126691
64,0,imagen.jpeg,34,batchnorm,1x192x28x28,0.153873
64,0,imagen.jpeg,35,activacion,1x192x28x28,0.405433
64,0,imagen.jpeg,36,depthwise_conv,1x192x28x28,1.560635
64,0,imagen.jpeg,37,batchnorm,1x192x28x28,0.151736
64,0,imagen.jpeg,38,activacion,1x192x28x28,0.532349
64,0,imagen.jpeg,39,pointwise_conv,1x192x28x28,2.716445
64,0,imagen.jpeg,40,batchnorm,1x32x28x28,0.022106
64,0,imagen.jpeg,41,layer_add,1x32x28x28,0.013825
64,0,imagen.jpeg,42,pointwise_conv,1x32x28x28,2.666695
64,0,imagen.jpeg,43,batchnorm,1x192x28x28,0.139807
64,0,imagen.jpeg,44,activacion,1x192x28x28,0.438416
64,0,imagen.jpeg,45,depthwise_conv,1x192x28x28,1.496141
64,0,imagen.jpeg,46,batchnorm,1x192x28x28,0.127922
64,0,imagen.jpeg,47,activacion,1x192x28x28,0.520255
64,0,imagen.jpeg,48,pointwise_conv,1x192x28x28,2.70316
64,0,imagen.jpeg,49,batchnorm,1x32x28x28,0.022034
64,0,imagen.jpeg,50,layer_add,1x32x28x28,0.012991
64,0,imagen.jpeg,51,pointwise_conv,1x32x28x28,3.042461
64,0,imagen.jpeg,52,batchnorm,1x192x28x28,0.290801
64,0,imagen.jpeg,53,activacion,1x192x28x28,0.565366
64,0,imagen.jpeg,54,depthwise_conv,1x192x28x28,0.437262
64,0,imagen.jpeg,55,batchnorm,1x192x14x14,0.046638
64,0,imagen.jpeg,56,activacion,1x192x14x14,0.100435
64,0,imagen.jpeg,57,pointwise_conv,1x192x14x14,1.397824
64,0,imagen.jpeg,58,batchnorm,1x64x14x14,0.01161
64,0,imagen.jpeg,59,pointwise_conv,1x64x14x14,2.800399
64,0,imagen.jpeg,60,batchnorm,1x384x14x14,0.074064
64,0,imagen.jpeg,61,activacion,1x384x14x14,0.192971
64,0,imagen.jpeg,62,depthwise_conv,1x384x14x14,0.784121
64,0,imagen.jpeg,63,batchnorm,1x384x14x14,0.072073
64,0,imagen.jpeg,64,activacion,1x384x14x14,0.265986
64,0,imagen.jpeg,65,pointwise_conv,1x384x14x14,2.754612
64,0,imagen.jpeg,66,batchnorm,1x64x14x14,0.011768
64,0,imagen.jpeg,67,layer_add,1x64x14x14,0.0072
64,0,imagen.jpeg,68,pointwise_conv,1x64x14x14,2.70057
64,0,imagen.jpeg,69,batchnorm,1x384x14x14,0.066558
64,0,imagen.jpeg,70,activacion,1x384x14x14,0.234581
64,0,imagen.jpeg,71,depthwise_conv,1x384x14x14,0.781203
64,0,imagen.jpeg,72,batchnorm,1x384x14x14,0.097403
64,0,imagen.jpeg,73,activacion,1x384x14x14,0.265698
64,0,imagen.jpeg,74,pointwise_conv,1x384x14x14,3.059373
64,0,imagen.jpeg,75,batchnorm,1x64x14x14,0.011613
64,0,imagen.jpeg,76,layer_add,1x64x14x14,0.007366
64,0,imagen.jpeg,77,pointwise_conv,1x64x14x14,2.70579
64,0,imagen.jpeg,78,batchnorm,1x384x14x14,0.084167
64,0,imagen.jpeg,79,activacion,1x384x14x14,0.291178
64,0,imagen.jpeg,80,depthwise_conv,1x384x14x14,0.74963
64,0,imagen.jpeg,81,batchnorm,1x384x14x14,0.138847
64,0,imagen.jpeg,82,activacion,1x384x14x14,0.222042
64,0,imagen.jpeg,83,pointwise_conv,1x384x14x14,2.710517
64,0,imagen.jpeg,84,batchnorm,1x64x14x14,0.010848
64,0,imagen.jpeg,85,layer_add,1x64x14x14,0.006015
64,0,imagen.jpeg,86,pointwise_conv,1x64x14x14,2.677491
64,0,imagen.jpeg,87,batchnorm,1x384x14x14,0.099515
64,0,imagen.jpeg,88,activacion,1x384x14x14,0.24834
64,0,imagen.jpeg,89,depthwise_conv,1x384x14x14,0.758091
64,0,imagen.jpeg,90,batchnorm,1x384x14x14,0.065135
64,0,imagen.jpeg,91,activacion,1x384x14x14,0.234926
64,0,imagen.jpeg,92,pointwise_conv,1x384x14x14,4.464447
64,0,imagen.jpeg,93,batchnorm,1x96x14x14,0.019728
64,0,imagen.jpeg,94,pointwise_conv,1x96x14x14,6.123652
64,0,imagen.jpeg,95,batchnorm,1x576x14x14,0.097391
64,0,imagen.jpeg,96,activacion,1x576x14x14,0.345881
64,0,imagen.jpeg,97,depthwise_conv,1x576x14x14,1.188735
64,0,imagen.jpeg,98,batchnorm,1x576x14x14,0.173041
64,0,imagen.jpeg,99,activacion,1x576x14x14,0.325819
64,0,imagen.jpeg,100,pointwise_conv,1x576x14x14,6.36192
64,0,imagen.jpeg,101,batchnorm,1x96x14x14,0.031957
64,0,imagen.jpeg,102,layer_add,1x96x14x14,0.019795
64,0,imagen.jpeg,103,pointwise_conv,1x96x14x14,6.290542
64,0,imagen.jpeg,104,batchnorm,1x576x14x14,0.105097
64,0,imagen.jpeg,105,activacion,1x576x14x14,0.369383
64,0,imagen.jpeg,106,depthwise_conv,1x576x14x14,1.162
64,0,imagen.jpeg,107,batchnorm,1x576x14x14,0.1535
64,0,imagen.jpeg,108,activacion,1x576x14x14,0.292091
64,0,imagen.jpeg,109,pointwise_conv,1x576x14x14,6.183824
64,0,imagen.jpeg,110,batchnorm,1x96x14x14,0.017292
64,0,imagen.jpeg,111,layer_add,1x96x14x14,0.012982
64,0,imagen.jpeg,112,pointwise_conv,1x96x14x14,6.453681
64,0,imagen.jpeg,113,batchnorm,1x576x14x14,0.112465
64,0,imagen.jpeg,114,activacion,1x576x14x14,0.336591
64,0,imagen.jpeg,115,depthwise_conv,1x576x14x14,0.267222
64,0,imagen.jpeg,116,batchnorm,1x576x7x7,0.030349
64,0,imagen.jpeg,117,activacion,1x576x7x7,0.064805
64,0,imagen.jpeg,118,pointwise_conv,1x576x7x7,2.387602
64,0,imagen.jpeg,119,batchnorm,1x160x7x7,0.007342
64,0,imagen.jpeg,120,pointwise_conv,1x160x7x7,3.904131
64,0,imagen.jpeg,121,batchnorm,1x960x7x7,0.042611
64,0,imagen.jpeg,122,activacion,1x960x7x7,0.141597
64,0,imagen.jpeg,123,depthwise_conv,1x960x7x7,0.404514
64,0,imagen.jpeg,124,batchnorm,1x960x7x7,0.040509
64,0,imagen.jpeg,125,activacion,1x960x7x7,0.187046
64,0,imagen.jpeg,126,pointwise_conv,1x960x7x7,4.64644
64,0,imagen.jpeg,127,batchnorm,1x160x7x7,0.008219
64,0,imagen.jpeg,128,layer_add,1x160x7x7,0.00461
64,0,imagen.jpeg,129,pointwise_conv,1x160x7x7,4.043302
64,0,imagen.jpeg,130,batchnorm,1x960x7x7,0.044013
64,0,imagen.jpeg,131,activacion,1x960x7x7,0.142098
64,0,imagen.jpeg,132,depthwise_conv,1x960x7x7,0.413025
64,0,imagen.jpeg,133,batchnorm,1x960x7x7,0.052865
64,0,imagen.jpeg,134,activacion,1x960x7x7,0.121136
64,0,imagen.jpeg,135,pointwise_conv,1x960x7x7,4.003119
64,0,imagen.jpeg,136,batchnorm,1x160x7x7,0.007589
64,0,imagen.jpeg,137,layer_add,1x160x7x7,0.003942
64,0,imagen.jpeg,138,pointwise_conv,1x160x7x7,4.012824
64,0,imagen.jpeg,139,batchnorm,1x960x7x7,0.042816
64,0,imagen.jpeg,140,activacion,1x960x7x7,0.118846
64,0,imagen.jpeg,141,depthwise_conv,1x960x7x7,0.424871
64,0,imagen.jpeg,142,batchnorm,1x960x7x7,0.046261
64,0,imagen.jpeg,143,activacion,1x960x7x7,0.087904
64,0,imagen.jpeg,144,pointwise_conv,1x960x7x7,8.418052
64,0,imagen.jpeg,145,batchnorm,1x320x7x7,0.016036
64,0,imagen.jpeg,146,pointwise_conv,1x320x7x7,11.32342
64,0,imagen.jpeg,147,batchnorm,1x1280x7x7,0.06257
64,0,imagen.jpeg,148,activacion,1x1280x7x7,0.186094
64,0,imagen.jpeg,149,pooling,1x1280x7x7,0.03992
64,0,imagen.jpeg,150,linear,1x1280,1.407359
65,0,imagen.jpeg,0,conv2d,1x3x224x224,17.952238
65,0,imagen.jpeg,1,batchnorm,1x32x112x112,0.554352
65,0,imagen.jpeg,2,activacion,1x32x112x112,0.838333
65,0,imagen.jpeg,3,depthwise_conv,1x32x112x112,7.247064
65,0,imagen.jpeg,4,batchnorm,1x32x112x112,2.6028
65,0,imagen.jpeg,5,activacion,1x32x112x112,0.781492
65,0,imagen.jpeg,6,pointwise_conv,1x32x112x112,3.683617
65,0,imagen.jpeg,7,batchnorm,1x16x112x112,0.182604
65,0,imagen.jpeg,8,pointwise_conv,1x16x112x112,11.425157
65,0,imagen.jpeg,9,batchnorm,1x96x112x112,2.050156
65,0,imagen.jpeg,10,activacion,1x96x112x112,3.426125
65,0,imagen.jpeg,11,depthwise_conv,1x96x112x112,3.003198
65,0,imagen.jpeg,12,batchnorm,1x96x56x56,0.276583
65,0,imagen.jpeg,13,activacion,1x96x56x56,0.995779
65,0,imagen.jpeg,14,pointwise_conv,1x96x56x56,4.363415
65,0,imagen.jpeg,15,batchnorm,1x24x56x56,0.071386
65,0,imagen.jpeg,16,pointwise_conv,1x24x56x56,6.718127
65,0,imagen.jpeg,17,batchnorm,1x144x56x56,0.890472
65,0,imagen.jpeg,18,activacion,1x144x56x56,1.302251
65,0,imagen.jpeg,19,depthwise_conv,1x144x56x56,4.564643
65,0,imagen.jpeg,20,batchnorm,1x144x56x56,1.295369
65,0,imagen.jpeg,21,activacion,1x144x56x56,1.690845
65,0,imagen.jpeg,22,pointwise_conv,1x144x56x56,6.076674
65,0,imagen.jpeg,23,batchnorm,1x24x56x56,0.066037
65,0,imagen.jpeg,24,layer_add,1x24x56x56,0.043847
65,0,imagen.jpeg,25,pointwise_conv,1x24x56x56,6.008723
65,0,imagen.jpeg,26,batchnorm,1x144x56x56,0.575944
65,0,imagen.jpeg,27,activacion,1x144x56x56,1.824966
65,0,imagen.jpeg,28,depthwise_conv,1x144x56x56,1.246138
65,0,imagen.jpeg,29,batchnorm,1x144x28x28,0.115689
65,0,imagen.jpeg,30,activacion,1x144x28x28,0.381302
65,0,imagen.jpeg,31,pointwise_conv,1x144x28x28,2.083798
65,0,imagen.jpeg,32,batchnorm,1x32x28x28,0.023369
65,0,imagen.jpeg,33,pointwise_conv,1x32x28x28,2.81027
65,0,imagen.jpeg,34,batchnorm,1x192x28x28,0.139601
65,0,imagen.jpeg,35,activacion,1x192x28x28,0.375273
65,0,imagen.jpeg,36,depthwise_conv,1x192x28x28,1.540855
65,0,imagen.jpeg,37,batchnorm,1x192x28x28,0.129642
65,0,imagen.jpeg,38,activacion,1x192x28x28,0.539149
65,0,imagen.jpeg,39,pointwise_conv,1x192x28x28,2.671593
65,0,imagen.jpeg,40,batchnorm,1x32x28x28,0.021839
65,0,imagen.jpeg,41,layer_add,1x32x28x28,0.014714
65,0,imagen.jpeg,42,pointwise_conv,1x32x28x28,2.834915
65,0,imagen.jpeg,43,batchnorm,1x192x28x28,0.456664
65,0,imagen.jpeg,44,activacion,1x192x28x28,0.49771
65,0,imagen.jpeg,45,depthwise_conv,1x192x28x28,1.655124
65,0,imagen.jpeg,46,batchnorm,1x192x28x28,0.155803
65,0,imagen.jpeg,47,activacion,1x192x28x28,0.580568
65,0,imagen.jpeg,48,pointwise_conv,1x192x28x28,2.833694
65,0,imagen.jpeg,49,batchnorm,1x32x28x28,0.022942
65,0,imagen.jpeg,50,layer_add,1x32x28x28,0.014237
65,0,imagen.jpeg,51,pointwise_conv,1x32x28x28,2.855775
65,0,imagen.jpeg,52,batchnorm,1x192x28x28,0.142378
65,0,imagen.jpeg,53,activacion,1x192x28x28,0.519544
65,0,imagen.jpeg,54,depthwise_conv,1x192x28x28,0.402703
65,0,imagen.jpeg,55,batchnorm,1x192x14x14,0.036396
65,0,imagen.jpeg,56,activacion,1x192x14x14,0.103975
65,0,imagen.jpeg,57,pointwise_conv,1x192x14x14,1.428921
65,0,imagen.jpeg,58,batchnorm,1x64x14x14,0.012184
65,0,imagen.jpeg,59,pointwise_conv,1x64x14x14,2.778916
65,0,imagen.jpeg,60,batchnorm,1x384x14x14,0.073273
65,0,imagen.jpeg,61,activacion,1x384x14x14,0.195668
65,0,imagen.jpeg,62,depthwise_conv,1x384x14x14,0.811672
65,0,imagen.jpeg,63,batchnorm,1x384x14x14,0.10971
65,0,imagen.jpeg,64,activacion,1x384x14x14,0.27917
65,0,imagen.jpeg,65,pointwise_conv,1x384x14x14,2.947517
65,0,imagen.jpeg,66,batchnorm,1x64x14x14,0.013729
65,0,imagen.jpeg,67,layer_add,1x64x14x14,0.007108
65,0,imagen.jpeg,68,pointwise_conv,1x64x14x14,2.907817
65,0,imagen.jpeg,69,batchnorm,1x384x14x14,0.075087
65,0,imagen.jpeg,70,activacion,1x384x14x14,0.258789
65,0,imagen.jpeg,71,depthwise_conv,1x384x14x14,0.8149
65,0,imagen.jpeg,72,batchnorm,1x384x14x14,0.10271
65,0,imagen.jpeg,73,activacion,1x384x14x14,0.265565
65,0,imagen.jpeg,74,pointwise_conv,1x384x14x14,2.819019
65,0,imagen.jpeg,75,batchnorm,1x64x14x14,0.011608
65,0,imagen.jpeg,76,layer_add,1x64x14x14,0.007386
65,0,imagen.jpeg,77,pointwise_conv,1x64x14x14,2.777927
65,0,imagen.jpeg,78,batchnorm,1x384x14x14,0.065458
65,0,imagen.jpeg,79,activacion,1x384x14x14,0.251313
65,0,imagen.jpeg,80,depthwise_conv,1x384x14x14,0.800859
65,0,imagen.jpeg,81,batchnorm,1x384x14x14,0.165022
65,0,imagen.jpeg,82,activacion,1x384x14x14,0.233535
65,0,imagen.jpeg,83,pointwise_conv,1x384x14x14,3.11911
65,0,imagen.jpeg,84,batchnorm,1x64x14x14,0.013001
65,0,imagen.jpeg,85,layer_add,1x64x14x14,0.008307
65,0,imagen.jpeg,86,pointwise_conv,1x64x14x14,2.819049
65,0,imagen.jpeg,87,batchnorm,1x384x14x14,0.070678
65,0,imagen.jpeg,88,activacion,1x384x14x14,0.251742
65,0,imagen.jpeg,89,depthwise_conv,1x384x14x14,0.776153
65,0,imagen.jpeg,90,batchnorm,1x384x14x14,0.067366
65,0,imagen.jpeg,91,activacion,1x384x14x14,0.242204
65,0,imagen.jpeg,92,pointwise_conv,1x384x14x14,4.113564
65,0,imagen.jpeg,93,batchnorm,1x96x14x14,0.018327
65,0,imagen.jpeg,94,pointwise_conv,1x96x14x14,6.195132
65,0,imagen.jpeg,95,batchnorm,1x576x14x14,0.12995
65,0,imagen.jpeg,96,activacion,1x576x14x14,0.385802
65,0,imagen.jpeg,97,depthwise_conv,1x576x14x14,1.220057
65,0,imagen.jpeg,98,batchnorm,1x576x14x14,0.189878
65,0,imagen.jpeg,99,activacion,1x576x14x14,0.335179
65,0,imagen.jpeg,100,pointwise_conv,1x576x14x14,6.127564
65,0,imagen.jpeg,101,batchnorm,1x96x14x14,0.017163
65,0,imagen.jpeg,102,layer_add,1x96x14x14,0.010146
65,0,imagen.jpeg,103,pointwise_conv,1x96x14x14,6.106108
65,0,imagen.jpeg,104,batchnorm,1x576x14x14,0.122056
65,0,imagen.jpeg,105,activacion,1x576x14x14,0.371056
65,0,imagen.jpeg,106,depthwise_conv,1x576x14x14,1.237054
65,0,imagen.jpeg,107,batchnorm,1x576x14x14,0.332558
65,0,imagen.jpeg,108,activacion,1x576x14x14,0.327909
65,0,imagen.jpeg,109,pointwise_conv,1x576x14x14,6.162309
65,0,imagen.jpeg,110,batchnorm,1x96x14x14,0.024358
65,0,imagen.jpeg,111,layer_add,1x96x14x14,0.012778
65,0,imagen.jpeg,112,pointwise_conv,1x96x14x14,5.955115
65,0,imagen.jpeg,113,batchnorm,1x576x14x14,0.105626
65,0,imagen.jpeg,114,activacion,1x576x14x14,0.304131
65,0,imagen.jpeg,115,depthwise_conv,1x576x14x14,0.260055
65,0,imagen.jpeg,116,batchnorm,1x576x7x7,0.029975
65,0,imagen.jpeg,117,activacion,1x576x7x7,0.063499
65,0,imagen.jpeg,118,pointwise_conv,1x576x7x7,2.752826
65,0,imagen.jpeg,119,batchnorm,1x160x7x7,0.00939
65,0,imagen.jpeg,120,pointwise_conv,1x160x7x7,4.309592
65,0,imagen.jpeg,121,batchnorm,1x960x7x7,0.045284
65,0,imagen.jpeg,122,activacion,1x960x7x7,0.148901
65,0,imagen.jpeg,123,depthwise_conv,1x960x7x7,0.438005
65,0,imagen.jpeg,124,batchnorm,1x960x7x7,0.0501
65,0,imagen.jpeg,125,activacion,1x960x7x7,0.142348
65,0,imagen.jpeg,126,pointwise_conv,1x960x7x7,4.169107
65,0,imagen.jpeg,127,batchnorm,1x160x7x7,0.007314
65,0,imagen.jpeg,128,layer_add,1x160x7x7,0.003859
65,0,imagen.jpeg,129,pointwise_conv,1x160x7x7,4.109822
65,0,imagen.jpeg,130,batchnorm,1x960x7x7,0.045102
65,0,imagen.jpeg,131,activacion,1x960x7x7,0.158357
65,0,imagen.jpeg,132,depthwise_conv,1x960x7x7,0.438241
65,0,imagen.jpeg,133,batchnorm,1x960x7x7,0.059569
65,0,imagen.jpeg,134,activacion,1x960x7x7,0.125361
65,0,imagen.jpeg,135,pointwise_conv,1x960x7x7,4.50041
65,0,imagen.jpeg,136,batchnorm,1x160x7x7,0.008074
65,0,imagen.jpeg,137,layer_add,1x160x7x7,0.00462
65,0,imagen.jpeg,138,pointwise_conv,1x160x7x7,4.138723
65,0,imagen.jpeg,139,batchnorm,1x960x7x7,0.044556
65,0,imagen.jpeg,140,activacion,1x960x7x7,0.110868
65,0,imagen.jpeg,141,depthwise_conv,1x960x7x7,0.493169
65,0,imagen.jpeg,142,batchnorm,1x960x7x7,0.04703
65,0,imagen.jpeg,143,activacion,1x960x7x7,0.087904
65,0,imagen.jpeg,144,pointwise_conv,1x960x7x7,8.854771
65,0,imagen.jpeg,145,batchnorm,1x320x7x7,0.019748
65,0,imagen.jpeg,146,pointwise_conv,1x320x7x7,11.008413
65,0,imagen.jpeg,147,batchnorm,1x1280x7x7,0.059329
65,0,imagen.jpeg,148,activacion,1x1280x7x7,0.176155
65,0,imagen.jpeg,149,pooling,1x1280x7x7,0.038105
65,0,imagen.jpeg,150,linear,1x1280,1.46378
66,0,imagen.jpeg,0,conv2d,1x3x224x224,16.307881
66,0,imagen.jpeg,1,batchnorm,1x32x112x112,0.442556
66,0,imagen.jpeg,2,activacion,1x32x112x112,0.681967
66,0,imagen.jpeg,3,depthwise_conv,1x32x112x112,3.95681
66,0,imagen.jpeg,4,batchnorm,1x32x112x112,2.255258
66,0,imagen.jpeg,5,activacion,1x32x112x112,0.745518
66,0,imagen.jpeg,6,pointwise_conv,1x32x112x112,3.783131
66,0,imagen.jpeg,7,batchnorm,1x16x112x112,0.213873
66,0,imagen.jpeg,8,pointwise_conv,1x16x112x112,11.347659
66,0,imagen.jpeg,9,batchnorm,1x96x112x112,2.076014
66,0,imagen.jpeg,10,activacion,1x96x112x112,3.594459
66,0,imagen.jpeg,11,depthwise_conv,1x96x112x112,3.182973
66,0,imagen.jpeg,12,batchnorm,1x96x56x56,0.331669
66,0,imagen.jpeg,13,activacion,1x96x56x56,1.033481
66,0,imagen.jpeg,14,pointwise_conv,1x96x56x56,4.073585
66,0,imagen.jpeg,15,batchnorm,1x24x56x56,0.063467
66,0,imagen.jpeg,16,pointwise_conv,1x24x56x56,6.727136
66,0,imagen.jpeg,17,batchnorm,1x144x56x56,1.25143
66,0,imagen.jpeg,18,activacion,1x144x56x56,1.340115
66,0,imagen.jpeg,19,depthwise_conv,1x144x56x56,4.527585
66,0,imagen.jpeg,20,batchnorm,1x144x56x56,0.887923
66,0,imagen.jpeg,21,activacion,1x144x56x56,1.636156
66,0,imagen.jpeg,22,pointwise_conv,1x144x56x56,6.044571
66,0,imagen.jpeg,23,batchnorm,1x24x56x56,0.071782
66,0,imagen.jpeg,24,layer_add,1x24x56x56,0.046568
66,0,imagen.jpeg,25,pointwise_conv,1x24x56x56,6.232509
66,0,imagen.jpeg,26,batchnorm,1x144x56x56,0.454274
66,0,imagen.jpeg,27,activacion,1x144x56x56,1.543601
66,0,imagen.jpeg,28,depthwise_conv,1x144x56x56,1.146667
66,0,imagen.jpeg,29,batchnorm,1x144x28x28,0.09821
66,0,imagen.jpeg,30,activacion,1x144x28x28,0.375664
66,0,imagen.jpeg,31,pointwise_conv,1x144x28x28,2.007789
66,0,imagen.jpeg,32,batchnorm,1x32x28x28,0.021819
66,0,imagen.jpeg,33,pointwise_conv,1x32x28x28,2.711821
66,0,imagen.jpeg,34,batchnorm,1x192x28x28,0.179508
66,0,imagen.jpeg,35,activacion,1x192x28x28,0.422675
66,0,imagen.jpeg,36,depthwise_conv,1x192x28x28,1.588802
66,0,imagen.jpeg,37,batchnorm,1x192x28x28,0.180499
66,0,imagen.jpeg,38,activacion,1x192x28x28,0.584844
66,0,imagen.jpeg,39,pointwise_conv,1x192x28x28,2.77468
66,0,imagen.jpeg,40,batchnorm,1x32x28x28,0.023118
66,0,imagen.jpeg,41,layer_add,1x32x28x28,0.015179
66,0,imagen.jpeg,42,pointwise_conv,1x32x28x28,2.723964
66,0,imagen.jpeg,43,batchnorm,1x192x28x28,0.137176
66,0,imagen.jpeg,44,activacion,1x192x28x28,0.414751
66,0,imagen.jpeg,45,depthwise_conv,1x192x28x28,1.512862
66,0,imagen.jpeg,46,batchnorm,1x192x28x28,0.124101
66,0,imagen.jpeg,47,activacion,1x192x28x28,0.481081
66,0,imagen.jpeg,48,pointwise_conv,1x192x28x28,2.620531
66,0,imagen.jpeg,49,batchnorm,1x32x28x28,0.020778
66,0,imagen.jpeg,50,layer_add,1x32x28x28,0.011718
66,0,imagen.jpeg,51,pointwise_conv,1x32x28x28,2.823207
66,0,imagen.jpeg,52,batchnorm,1x192x28x28,0.175873
66,0,imagen.jpeg,53,activacion,1x192x28x28,0.556549
66,0,imagen.jpeg,54,depthwise_conv,1x192x28x28,0.385202
66,0,imagen.jpeg,55,batchnorm,1x192x14x14,0.051632
66,0,imagen.jpeg,56,activacion,1x192x14x14,0.120988
66,0,imagen.jpeg,57,pointwise_conv,1x192x14x14,1.908813
66,0,imagen.jpeg,58,batchnorm,1x64x14x14,0.01521
66,0,imagen.jpeg,59,pointwise_conv,1x64x14x14,2.774157
66,0,imagen.jpeg,60,batchnorm,1x384x14x14,0.092304
66,0,imagen.jpeg,61,activacion,1x384x14x14,0.190585
66,0,imagen.jpeg,62,depthwise_conv,1x384x14x14,0.769102
66,0,imagen.jpeg,63,batchnorm,1x384x14x14,0.06748
66,0,imagen.jpeg,64,activacion,1x384x14x14,0.267561
66,0,imagen.jpeg,65,pointwise_conv,1x384x14x14,3.238055
66,0,imagen.jpeg,66,batchnorm,1x64x14x14,0.012697
66,0,imagen.jpeg,67,layer_add,1x64x14x14,0.007015
66,0,imagen.jpeg,68,pointwise_conv,1x64x14x14,2.75487
66,0,imagen.jpeg,69,batchnorm,1x384x14x14,0.067543
66,0,imagen.jpeg,70,activacion,1x384x14x14,0.252297
66,0,imagen.jpeg,71,depthwise_conv,1x384x14x14,0.762683
66,0,imagen.jpeg,72,batchnorm,1x384x14x14,0.097378
66,0,imagen.jpeg,73,activacion,1x384x14x14,0.258924
66,0,imagen.jpeg,74,pointwise_conv,1x384x14x14,4.903383
66,0,imagen.jpeg,75,batchnorm,1x64x14x14,0.013403
66,0,imagen.jpeg,76,layer_add,1x64x14x14,0.008719
66,0,imagen.jpeg,77,pointwise_conv,1x64x14x14,2.854133
66,0,imagen.jpeg,78,batchnorm,1x384x14x14,0.069818
66,0,imagen.jpeg,79,activacion,1x384x14x14,0.25234
66,0,imagen.jpeg,80,depthwise_conv,1x384x14x14,0.781015
66,0,imagen.jpeg,81,batchnorm,1x384x14x14,0.142883
66,0,imagen.jpeg,82,activacion,1x384x14x14,0.230615
66,0,imagen.jpeg,83,pointwise_conv,1x384x14x14,2.746806
66,0,imagen.jpeg,84,batchnorm,1x64x14x14,0.011097
66,0,imagen.jpeg,85,layer_add,1x64x14x14,0.006121
66,0,imagen.jpeg,86,pointwise_conv,1x64x14x14,2.746181
66,0,imagen.jpeg,87,batchnorm,1x384x14x14,0.064635
66,0,imagen.jpeg,88,activacion,1x384x14x14,0.246488
66,0,imagen.jpeg,89,depthwise_conv,1x384x14x14,0.786816
66,0,imagen.jpeg,90,batchnorm,1x384x14x14,0.065247
66,0,imagen.jpeg,91,activacion,1x384x14x14,0.240164
66,0,imagen.jpeg,92,pointwise_conv,1x384x14x14,4.432512
66,0,imagen.jpeg,93,batchnorm,1x96x14x14,0.020808
66,0,imagen.jpeg,94,pointwise_conv,1x96x14x14,6.165795
66,0,imagen.jpeg,95,batchnorm,1x576x14x14,0.122184
66,0,imagen.jpeg,96,activacion,1x576x14x14,0.362012
66,0,imagen.jpeg,97,depthwise_conv,1x576x14x14,1.159382
66,0,imagen.jpeg,98,batchnorm,1x576x14x14,0.177161
66,0,imagen.jpeg,99,activacion,1x576x14x14,0.353924
66,0,imagen.jpeg,100,pointwise_conv,1x576x14x14,6.151025
66,0,imagen.jpeg,101,batchnorm,1x96x14x14,0.028055
66,0,imagen.jpeg,102,layer_add,1x96x14x14,0.043039
66,0,imagen.jpeg,103,pointwise_conv,1x96x14x14,6.279796
66,0,imagen.jpeg,104,batchnorm,1x576x14x14,0.120813
66,0,imagen.jpeg,105,activacion,1x576x14x14,0.390562
66,0,imagen.jpeg,106,depthwise_conv,1x576x14x14,1.132792
66,0,imagen.jpeg,107,batchnorm,1x576x14x14,0.172024
66,0,imagen.jpeg,108,activacion,1x576x14x14,0.31085
66,0,imagen.jpeg,109,pointwise_conv,1x576x14x14,6.166013
66,0,imagen.jpeg,110,batchnorm,1x96x14x14,0.017197
66,0,imagen.jpeg,111,layer_add,1x96x14x14,0.013765
66,0,imagen.jpeg,112,pointwise_conv,1x96x14x14,7.133094
66,0,imagen.jpeg,113,batchnorm,1x576x14x14,0.116595
66,0,imagen.jpeg,114,activacion,1x576x14x14,0.340018
66,0,imagen.jpeg,115,depthwise_conv,1x576x14x14,0.281443
66,0,imagen.jpeg,116,batchnorm,1x576x7x7,0.031882
66,0,imagen.jpeg,117,activacion,1x576x7x7,0.068626
66,0,imagen.jpeg,118,pointwise_conv,1x576x7x7,2.50356
66,0,imagen.jpeg,119,batchnorm,1x160x7x7,0.007829
66,0,imagen.jpeg,120,pointwise_conv,1x160x7x7,4.142125
66,0,imagen.jpeg,121,batchnorm,1x960x7x7,0.042944
66,0,imagen.jpeg,122,activacion,1x960x7x7,0.145185
66,0,imagen.jpeg,123,depthwise_conv,1x960x7x7,0.461486
66,0,imagen.jpeg,124,batchnorm,1x960x7x7,0.042714
66,0,imagen.jpeg,125,activacion,1x960x7x7,0.138304
66,0,imagen.jpeg,126,pointwise_conv,1x960x7x7,4.442382
66,0,imagen.jpeg,127,batchnorm,1x160x7x7,0.008822
66,0,imagen.jpeg,128,layer_add,1x160x7x7,0.004929
66,0,imagen.jpeg,129,pointwise_conv,1x160x7x7,4.304741
66,0,imagen.jpeg,130,batchnorm,1x960x7x7,0.048725
66,0,imagen.jpeg,131,activacion,1x960x7x7,0.179604
66,0,imagen.jpeg,132,depthwise_conv,1x960x7x7,0.445786
66,0,imagen.jpeg,133,batchnorm,1x960x7x7,0.054079
66,0,imagen.jpeg,134,activacion,1x960x7x7,0.125217
66,0,imagen.jpeg,135,pointwise_conv,1x960x7x7,4.119078
66,0,imagen.jpeg,136,batchnorm,1x160x7x7,0.007107
66,0,imagen.jpeg,137,layer_add,1x160x7x7,0.004784
66,0,imagen.jpeg,138,pointwise_conv,1x160x7x7,4.088147
66,0,imagen.jpeg,139,batchnorm,1x960x7x7,0.04331
66,0,imagen.jpeg,140,activacion,1x960x7x7,0.116669
66,0,imagen.jpeg,141,depthwise_conv,1x960x7x7,0.435638
66,0,imagen.jpeg,142,batchnorm,1x960x7x7,0.057184
66,0,imagen.jpeg,143,activacion,1x960x7x7,0.089119
66,0,imagen.jpeg,144,pointwise_conv,1x960x7x7,8.361426
66,0,imagen.jpeg,145,batchnorm,1x320x7x7,0.015585
66,0,imagen.jpeg,146,pointwise_conv,1x320x7x7,10.940859
66,0,imagen.jpeg,147,batchnorm,1x1280x7x7,0.062276
66,0,imagen.jpeg,148,activacion,1x1280x7x7,0.175821
66,0,imagen.jpeg,149,pooling,1x1280x7x7,0.071035
66,0,imagen.jpeg,150,linear,1x1280,1.428105
67,0,imagen.jpeg,0,conv2d,1x3x224x224,15.340187
67,0,imagen.jpeg,1,batchnorm,1x32x112x112,0.394633
67,0,imagen.jpeg,2,activacion,1x32x112x112,0.713965
67,0,imagen.jpeg,3,depthwise_conv,1x32x112x112,3.922646
67,0,imagen.jpeg,4,batchnorm,1x32x112x112,2.301449
67,0,imagen.jpeg,5,activacion,1x32x112x112,0.755257
67,0,imagen.jpeg,6,pointwise_conv,1x32x112x112,3.516883
67,0,imagen.jpeg,7,batchnorm,1x16x112x112,0.170722
67,0,imagen.jpeg,8,pointwise_conv,1x16x112x112,11.470726
67,0,imagen.jpeg,9,batchnorm,1x96x112x112,2.222107
67,0,imagen.jpeg,10,activacion,1x96x112x112,3.321819
67,0,imagen.jpeg,11,depthwise_conv,1x96x112x112,3.158774
67,0,imagen.jpeg,12,batchnorm,1x96x56x56,0.272191
67,0,imagen.jpeg,13,activacion,1x96x56x56,1.025189
67,0,imagen.jpeg,14,pointwise_conv,1x96x56x56,3.999254
67,0,imagen.jpeg,15,batchnorm,1x24x56x56,0.062486
67,0,imagen.jpeg,16,pointwise_conv,1x24x56x56,6.495388
67,0,imagen.jpeg,17,batchnorm,1x144x56x56,0.865012
67,0,imagen.jpeg,18,activacion,1x144x56x56,1.233949
67,0,imagen.jpeg,19,depthwise_conv,1x144x56x56,4.319088
67,0,imagen.jpeg,20,batchnorm,1x144x56x56,0.882689
67,0,imagen.jpeg,21,activacion,1x144x56x56,1.654916
67,0,imagen.jpeg,22,pointwise_conv,1x144x56x56,5.967033
67,0,imagen.jpeg,23,batchnorm,1x24x56x56,0.064793
67,0,imagen.jpeg,24,layer_add,1x24x56x56,0.050676
67,0,imagen.jpeg,25,pointwise_conv,1x24x56x56,6.04102
67,0,imagen.jpeg,26,batchnorm,1x144x56x56,0.435961
67,0,imagen.jpeg,27,activacion,1x144x56x56,1.478968
67,0,imagen.jpeg,28,depthwise_conv,1x144x56x56,1.11259
67,0,imagen.jpeg,29,batchnorm,1x144x28x28,0.108341
67,0,imagen.jpeg,30,activacion,1x144x28x28,0.325289
67,0,imagen.jpeg,31,pointwise_conv,1x144x28x28,2.049942
67,0,imagen.jpeg,32,batchnorm,1x32x28x28,0.021124
67,0,imagen.jpeg,33,pointwise_conv,1x32x28x28,2.655525
67,0,imagen.jpeg,34,batchnorm,1x192x28x28,0.136145
67,0,imagen.jpeg,35,activacion,1x192x28x28,0.356438
67,0,imagen.jpeg,36,depthwise_conv,1x192x28x28,1.51792
67,0,imagen.jpeg,37,batchnorm,1x192x28x28,0.14033
67,0,imagen.jpeg,38,activacion,1x192x28x28,0.530347
67,0,imagen.jpeg,39,pointwise_conv,1x192x28x28,2.555568
67,0,imagen.jpeg,40,batchnorm,1x32x28x28,0.021524
67,0,imagen.jpeg,41,layer_add,1x32x28x28,0.013837
67,0,imagen.jpeg,42,pointwise_conv,1x32x28x28,2.598114
67,0,imagen.jpeg,43,batchnorm,1x192x28x28,0.129058
67,0,imagen.jpeg,44,activacion,1x192x28x28,0.426304
67,0,imagen.jpeg,45,depthwise_conv,1x192x28x28,1.449281
67,0,imagen.jpeg,46,batchnorm,1x192x28x28,0.125632
67,0,imagen.jpeg,47,activacion,1x192x28x28,0.497899
67,0,imagen.jpeg,48,pointwise_conv,1x192x28x28,2.574263
67,0,imagen.jpeg,49,batchnorm,1x32x28x28,0.021817
67,0,imagen.jpeg,50,layer_add,1x32x28x28,0.011925
67,0,imagen.jpeg,51,pointwise_conv,1x32x28x28,2.656086
67,0,imagen.jpeg,52,batchnorm,1x192x28x28,0.131445
67,0,imagen.jpeg,53,activacion,1x192x28x28,0.47955
67,0,imagen.jpeg,54,depthwise_conv,1x192x28x28,0.371446
67,0,imagen.jpeg,55,batchnorm,1x192x14x14,0.033481
67,0,imagen.jpeg,56,activacion,1x192x14x14,0.095668
67,0,imagen.jpeg,57,pointwise_conv,1x192x14x14,1.340704
67,0,imagen.jpeg,58,batchnorm,1x64x14x14,0.012179
67,0,imagen.jpeg,59,pointwise_conv,1x64x14x14,2.64901
67,0,imagen.jpeg,60,batchnorm,1x384x14x14,0.067536
67,0,imagen.jpeg,61,activacion,1x384x14x14,0.191864
67,0,imagen.jpeg,62,depthwise_conv,1x384x14x14,0.749285
67,0,imagen.jpeg,63,batchnorm,1x384x14x14,0.067997
67,0,imagen.jpeg,64,activacion,1x384x14x14,0.258751
67,0,imagen.jpeg,65,pointwise_conv,1x384x14x14,2.621664
67,0,imagen.jpeg,66,batchnorm,1x64x14x14,0.011245
67,0,imagen.jpeg,67,layer_add,1x64x14x14,0.005813
67,0,imagen.jpeg,68,pointwise_conv,1x64x14x14,2.649102
67,0,imagen.jpeg,69,batchnorm,1x384x14x14,0.069205
67,0,imagen.jpeg,70,activacion,1x384x14x14,0.236208
67,0,imagen.jpeg,71,depthwise_conv,1x384x14x14,0.749908
67,0,imagen.jpeg,72,batchnorm,1x384x14x14,0.097169
67,0,imagen.jpeg,73,activacion,1x384x14x14,0.246072
67,0,imagen.jpeg,74,pointwise_conv,1x384x14x14,3.164451
67,0,imagen.jpeg,75,batchnorm,1x64x14x14,0.012255
67,0,imagen.jpeg,76,layer_add,1x64x14x14,0.007516
67,0,imagen.jpeg,77,pointwise_conv,1x64x14x14,2.753249
67,0,imagen.jpeg,78,batchnorm,1x384x14x14,0.070571
67,0,imagen.jpeg,79,activacion,1x384x14x14,0.256354
67,0,imagen.jpeg,80,depthwise_conv,1x384x14x14,0.777418
67,0,imagen.jpeg,81,batchnorm,1x384x14x14,0.138841
67,0,imagen.jpeg,82,activacion,1x384x14x14,0.22172
67,0,imagen.jpeg,83,pointwise_conv,1x384x14x14,2.728671
67,0,imagen.jpeg,84,batchnorm,1x64x14x14,0.011105
67,0,imagen.jpeg,85,layer_add,1x64x14x14,0.005989
67,0,imagen.jpeg,86,pointwise_conv,1x64x14x14,2.675881
67,0,imagen.jpeg,87,batchnorm,1x384x14x14,0.065715
67,0,imagen.jpeg,88,activacion,1x384x14x14,0.252171
67,0,imagen.jpeg,89,depthwise_conv,1x384x14x14,0.766332
67,0,imagen.jpeg,90,batchnorm,1x384x14x14,0.108027
67,0,imagen.jpeg,91,activacion,1x384x14x14,0.257173
67,0,imagen.jpeg,92,pointwise_conv,1x384x14x14,3.953185
67,0,imagen.jpeg,93,batchnorm,1x96x14x14,0.01823
67,0,imagen.jpeg,94,pointwise_conv,1x96x14x14,6.007321
67,0,imagen.jpeg,95,batchnorm,1x576x14x14,0.101539
67,0,imagen.jpeg,96,activacion,1x576x14x14,0.365002
67,0,imagen.jpeg,97,depthwise_conv,1x576x14x14,1.129986
67,0,imagen.jpeg,98,batchnorm,1x576x14x14,0.186223
67,0,imagen.jpeg,99,activacion,1x576x14x14,0.32275
67,0,imagen.jpeg,100,pointwise_conv,1x576x14x14,6.164875
67,0,imagen.jpeg,101,batchnorm,1x96x14x14,0.01733
67,0,imagen.jpeg,102,layer_add,1x96x14x14,0.011372
67,0,imagen.jpeg,103,pointwise_conv,1x96x14x14,6.054209
67,0,imagen.jpeg,104,batchnorm,1x576x14x14,0.117711
67,0,imagen.jpeg,105,activacion,1x576x14x14,0.406634
67,0,imagen.jpeg,106,depthwise_conv,1x576x14x14,1.162217
67,0,imagen.jpeg,107,batchnorm,1x576x14x14,0.161799
67,0,imagen.jpeg,108,activacion,1x576x14x14,0.311769
67,0,imagen.jpeg,109,pointwise_conv,1x576x14x14,6.129657
67,0,imagen.jpeg,110,batchnorm,1x96x14x14,0.016888
67,0,imagen.jpeg,111,layer_add,1x96x14x14,0.01258
67,0,imagen.jpeg,112,pointwise_conv,1x96x14x14,5.972719
67,0,imagen.jpeg,113,batchnorm,1x576x14x14,0.104983
67,0,imagen.jpeg,114,activacion,1x576x14x14,0.317106
67,0,imagen.jpeg,115,depthwise_conv,1x576x14x14,0.270454
67,0,imagen.jpeg,116,batchnorm,1x576x7x7,0.030529
67,0,imagen.jpeg,117,activacion,1x576x7x7,0.065075
67,0,imagen.jpeg,118,pointwise_conv,1x576x7x7,2.393684
67,0,imagen.jpeg,119,batchnorm,1x160x7x7,0.007894
67,0,imagen.jpeg,120,pointwise_conv,1x160x7x7,4.018365
67,0,imagen.jpeg,121,batchnorm,1x960x7x7,0.045204
67,0,imagen.jpeg,122,activacion,1x960x7x7,0.152468
67,0,imagen.jpeg,123,depthwise_conv,1x960x7x7,0.435591
67,0,imagen.jpeg,124,batchnorm,1x960x7x7,0.043645
67,0,imagen.jpeg,125,activacion,1x960x7x7,0.151985
67,0,imagen.jpeg,126,pointwise_conv,1x960x7x7,3.985089
67,0,imagen.jpeg,127,batchnorm,1x160x7x7,0.007338
67,0,imagen.jpeg,128,layer_add,1x160x7x7,0.003832
67,0,imagen.jpeg,129,pointwise_conv,1x160x7x7,4.095965
67,0,imagen.jpeg,130,batchnorm,1x960x7x7,0.043653
67,0,imagen.jpeg,131,activacion,1x960x7x7,0.144158
67,0,imagen.jpeg,132,depthwise_conv,1x960x7x7,0.422414
67,0,imagen.jpeg,133,batchnorm,1x960x7x7,0.053704
67,0,imagen.jpeg,134,activacion,1x960x7x7,0.124327
67,0,imagen.jpeg,135,pointwise_conv,1x960x7x7,3.990463
67,0,imagen.jpeg,136,batchnorm,1x160x7x7,0.007372
67,0,imagen.jpeg,137,layer_add,1x160x7x7,0.004086
67,0,imagen.jpeg,138,pointwise_conv,1x160x7x7,4.021736
67,0,imagen.jpeg,139,batchnorm,1x960x7x7,0.044078
67,0,imagen.jpeg,140,activacion,1x960x7x7,0.118699
67,0,imagen.jpeg,141,depthwise_conv,1x960x7x7,0.436054
67,0,imagen.jpeg,142,batchnorm,1x960x7x7,0.050758
67,0,imagen.jpeg,143,activacion,1x960x7x7,0.103274
67,0,imagen.jpeg,144,pointwise_conv,1x960x7x7,8.083783
67,0,imagen.jpeg,145,batchnorm,1x320x7x7,0.016059
67,0,imagen.jpeg,146,pointwise_conv,1x320x7x7,11.520401
67,0,imagen.jpeg,147,batchnorm,1x1280x7x7,0.06558
67,0,imagen.jpeg,148,activacion,1x1280x7x7,0.188226
67,0,imagen.jpeg,149,pooling,1x1280x7x7,0.042311
67,0,imagen.jpeg,150,linear,1x1280,1.436249
68,0,imagen.jpeg,0,conv2d,1x3x224x224,16.902087
68,0,imagen.jpeg,1,batchnorm,1x32x112x112,0.39425
68,0,imagen.jpeg,2,activacion,1x32x112x112,0.660248
68,0,imagen.jpeg,3,depthwise_conv,1x32x112x112,4.072574
68,0,imagen.jpeg,4,batchnorm,1x32x112x112,2.325571
68,0,imagen.jpeg,5,activacion,1x32x112x112,0.733206
68,0,imagen.jpeg,6,pointwise_conv,1x32x112x112,4.128202
68,0,imagen.jpeg,7,batchnorm,1x16x112x112,0.183544
68,0,imagen.jpeg,8,pointwise_conv,1x16x112x112,11.340197
68,0,imagen.jpeg,9,batchnorm,1x96x112x112,2.049998
68,0,imagen.jpeg,10,activacion,1x96x112x112,3.443241
68,0,imagen.jpeg,11,depthwise_conv,1x96x112x112,3.078423
68,0,imagen.jpeg,12,batchnorm,1x96x56x56,0.470033
68,0,imagen.jpeg,13,activacion,1x96x56x56,0.987499
68,0,imagen.jpeg,14,pointwise_conv,1x96x56x56,3.922899
68,0,imagen.jpeg,15,batchnorm,1x24x56x56,0.062478
68,0,imagen.jpeg,16,pointwise_conv,1x24x56x56,7.344617
68,0,imagen.jpeg,17,batchnorm,1x144x56x56,0.881867
68,0,imagen.jpeg,18,activacion,1x144x56x56,1.26731
68,0,imagen.jpeg,19,depthwise_conv,1x144x56x56,4.942424
68,0,imagen.jpeg,20,batchnorm,1x144x56x56,0.91889
68,0,imagen.jpeg,21,activacion,1x144x56x56,1.737495
68,0,imagen.jpeg,22,pointwise_conv,1x144x56x56,7.618197
68,0,imagen.jpeg,23,batchnorm,1x24x56x56,0.075202
68,0,imagen.jpeg,24,layer_add,1x24x56x56,0.054581
68,0,imagen.jpeg,25,pointwise_conv,1x24x56x56,6.205447
68,0,imagen.jpeg,26,batchnorm,1x144x56x56,0.428381
68,0,imagen.jpeg,27,activacion,1x144x56x56,1.543196
68,0,imagen.jpeg,28,depthwise_conv,1x144x56x56,1.116185
68,0,imagen.jpeg,29,batchnorm,1x144x28x28,0.097506
68,0,imagen.jpeg,30,activacion,1x144x28x28,0.339072
68,0,imagen.jpeg,31,pointwise_conv,1x144x28x28,2.482169
68,0,imagen.jpeg,32,batchnorm,1x32x28x28,0.023917
68,0,imagen.jpeg,33,pointwise_conv,1x32x28x28,2.772583
68,0,imagen.jpeg,34,batchnorm,1x192x28x28,0.153672
68,0,imagen.jpeg,35,activacion,1x192x28x28,0.356719
68,0,imagen.jpeg,36,depthwise_conv,1x192x28x28,1.493398
68,0,imagen.jpeg,37,batchnorm,1x192x28x28,0.125591
68,0,imagen.jpeg,38,activacion,1x192x28x28,0.501921
68,0,imagen.jpeg,39,pointwise_conv,1x192x28x28,2.741145
68,0,imagen.jpeg,40,batchnorm,1x32x28x28,0.034054
68,0,imagen.jpeg,41,layer_add,1x32x28x28,0.026059
68,0,imagen.jpeg,42,pointwise_conv,1x32x28x28,2.718299
68,0,imagen.jpeg,43,batchnorm,1x192x28x28,0.135424
68,0,imagen.jpeg,44,activacion,1x192x28x28,0.453408
68,0,imagen.jpeg,45,depthwise_conv,1x192x28x28,1.493019
68,0,imagen.jpeg,46,batchnorm,1x192x28x28,0.131661
68,0,imagen.jpeg,47,activacion,1x192x28x28,0.538955
68,0,imagen.jpeg,48,pointwise_conv,1x192x28x28,2.661686
68,0,imagen.jpeg,49,batchnorm,1x32x28x28,0.021474
68,0,imagen.jpeg,50,layer_add,1x32x28x28,0.013465
68,0,imagen.jpeg,51,pointwise_conv,1x32x28x28,2.670065
68,0,imagen.jpeg,52,batchnorm,1x192x28x28,0.160144
68,0,imagen.jpeg,53,activacion,1x192x28x28,0.474255
68,0,imagen.jpeg,54,depthwise_conv,1x192x28x28,0.374392
68,0,imagen.jpeg,55,batchnorm,1x192x14x14,0.033274
68,0,imagen.jpeg,56,activacion,1x192x14x14,0.095521
68,0,imagen.jpeg,57,pointwise_conv,1x192x14x14,1.314155
68,0,imagen.jpeg,58,batchnorm,1x64x14x14,0.011875
68,0,imagen.jpeg,59,pointwise_conv,1x64x14x14,2.754086
68,0,imagen.jpeg,60,batchnorm,1x384x14x14,0.06896
68,0,imagen.jpeg,61,activacion,1x384x14x14,0.237364
68,0,imagen.jpeg,62,depthwise_conv,1x384x14x14,1.28803
68,0,imagen.jpeg,63,batchnorm,1x384x14x14,0.119292
68,0,imagen.jpeg,64,activacion,1x384x14x14,0.309543
68,0,imagen.jpeg,65,pointwise_conv,1x384x14x14,2.813346
68,0,imagen.jpeg,66,batchnorm,1x64x14x14,0.011004
68,0,imagen.jpeg,67,layer_add,1x64x14x14,0.006961
68,0,imagen.jpeg,68,pointwise_conv,1x64x14x14,2.88085
68,0,imagen.jpeg,69,batchnorm,1x384x14x14,0.070045
68,0,imagen.jpeg,70,activacion,1x384x14x14,0.240205
68,0,imagen.jpeg,71,depthwise_conv,1x384x14x14,0.859641
68,0,imagen.jpeg,72,batchnorm,1x384x14x14,0.101614
68,0,imagen.jpeg,73,activacion,1x384x14x14,0.250654
68,0,imagen.jpeg,74,pointwise_conv,1x384x14x14,2.690911
68,0,imagen.jpeg,75,batchnorm,1x64x14x14,0.031046
68,0,imagen.jpeg,76,layer_add,1x64x14x14,0.019132
68,0,imagen.jpeg,77,pointwise_conv,1x64x14x14,2.627654
68,0,imagen.jpeg,78,batchnorm,1x384x14x14,0.063821
68,0,imagen.jpeg,79,activacion,1x384x14x14,0.299269
68,0,imagen.jpeg,80,depthwise_conv,1x384x14x14,0.750275
68,0,imagen.jpeg,81,batchnorm,1x384x14x14,0.141317
68,0,imagen.jpeg,82,activacion,1x384x14x14,0.222151
68,0,imagen.jpeg,83,pointwise_conv,1x384x14x14,3.453068
68,0,imagen.jpeg,84,batchnorm,1x64x14x14,0.012447
68,0,imagen.jpeg,85,layer_add,1x64x14x14,0.006762
68,0,imagen.jpeg,86,pointwise_conv,1x64x14x14,2.740423
68,0,imagen.jpeg,87,batchnorm,1x384x14x14,0.067128
68,0,imagen.jpeg,88,activacion,1x384x14x14,0.266199
68,0,imagen.jpeg,89,depthwise_conv,1x384x14x14,0.746085
68,0,imagen.jpeg,90,batchnorm,1x384x14x14,0.105471
68,0,imagen.jpeg,91,activacion,1x384x14x14,0.242971
68,0,imagen.jpeg,92,pointwise_conv,1x384x14x14,4.356266
68,0,imagen.jpeg,93,batchnorm,1x96x14x14,0.020192
68,0,imagen.jpeg,94,pointwise_conv,1x96x14x14,6.026679
68,0,imagen.jpeg,95,batchnorm,1x576x14x14,0.161674
68,0,imagen.jpeg,96,activacion,1x576x14x14,0.343351
68,0,imagen.jpeg,97,depthwise_conv,1x576x14x14,1.12883
68,0,imagen.jpeg,98,batchnorm,1x576x14x14,0.167762
68,0,imagen.jpeg,99,activacion,1x576x14x14,0.337467
68,0,imagen.jpeg,100,pointwise_conv,1x576x14x14,6.151596
68,0,imagen.jpeg,101,batchnorm,1x96x14x14,0.027885
68,0,imagen.jpeg,102,layer_add,1x96x14x14,0.022403
68,0,imagen.jpeg,103,pointwise_conv,1x96x14x14,6.107978
68,0,imagen.jpeg,104,batchnorm,1x576x14x14,0.107876
68,0,imagen.jpeg,105,activacion,1x576x14x14,0.399718
68,0,imagen.jpeg,106,depthwise_conv,1x576x14x14,1.132617
68,0,imagen.jpeg,107,batchnorm,1x576x14x14,0.158009
68,0,imagen.jpeg,108,activacion,1x576x14x14,0.303287
68,0,imagen.jpeg,109,pointwise_conv,1x576x14x14,6.126979
68,0,imagen.jpeg,110,batchnorm,1x96x14x14,0.017069
68,0,imagen.jpeg,111,layer_add,1x96x14x14,0.012449
68,0,imagen.jpeg,112,pointwise_conv,1x96x14x14,5.92822
68,0,imagen.jpeg,113,batchnorm,1x576x14x14,0.105099
68,0,imagen.jpeg,114,activacion,1x576x14x14,0.311946
68,0,imagen.jpeg,115,depthwise_conv,1x576x14x14,0.269314
68,0,imagen.jpeg,116,batchnorm,1x576x7x7,0.030131
68,0,imagen.jpeg,117,activacion,1x576x7x7,0.06534
68,0,imagen.jpeg,118,pointwise_conv,1x576x7x7,2.521563
68,0,imagen.jpeg,119,batchnorm,1x160x7x7,0.008155
68,0,imagen.jpeg,120,pointwise_conv,1x160x7x7,4.925492
68,0,imagen.jpeg,121,batchnorm,1x960x7x7,0.070578
68,0,imagen.jpeg,122,activacion,1x960x7x7,0.216768
68,0,imagen.jpeg,123,depthwise_conv,1x960x7x7,0.567677
68,0,imagen.jpeg,124,batchnorm,1x960x7x7,0.052286
68,0,imagen.jpeg,125,activacion,1x960x7x7,0.178319
68,0,imagen.jpeg,126,pointwise_conv,1x960x7x7,4.59154
68,0,imagen.jpeg,127,batchnorm,1x160x7x7,0.008216
68,0,imagen.jpeg,128,layer_add,1x160x7x7,0.004996
68,0,imagen.jpeg,129,pointwise_conv,1x160x7x7,4.294456
68,0,imagen.jpeg,130,batchnorm,1x960x7x7,0.04408
68,0,imagen.jpeg,131,activacion,1x960x7x7,0.137168
68,0,imagen.jpeg,132,depthwise_conv,1x960x7x7,0.445351
68,0,imagen.jpeg,133,batchnorm,1x960x7x7,0.053876
68,0,imagen.jpeg,134,activacion,1x960x7x7,0.124619
68,0,imagen.jpeg,135,pointwise_conv,1x960x7x7,4.306019
68,0,imagen.jpeg,136,batchnorm,1x160x7x7,0.010355
68,0,imagen.jpeg,137,layer_add,1x160x7x7,0.006855
68,0,imagen.jpeg,138,pointwise_conv,1x160x7x7,4.142324
68,0,imagen.jpeg,139,batchnorm,1x960x7x7,0.048928
68,0,imagen.jpeg,140,activacion,1x960x7x7,0.113239
68,0,imagen.jpeg,141,depthwise_conv,1x960x7x7,0.446021
68,0,imagen.jpeg,142,batchnorm,1x960x7x7,0.046895
68,0,imagen.jpeg,143,activacion,1x960x7x7,0.087791
68,0,imagen.jpeg,144,pointwise_conv,1x960x7x7,8.153081
68,0,imagen.jpeg,145,batchnorm,1x320x7x7,0.015712
68,0,imagen.jpeg,146,pointwise_conv,1x320x7x7,11.035802
68,0,imagen.jpeg,147,batchnorm,1x1280x7x7,0.061227
68,0,imagen.jpeg,148,activacion,1x1280x7x7,0.185762
68,0,imagen.jpeg,149,pooling,1x1280x7x7,0.04026
68,0,imagen.jpeg,150,linear,1x1280,1.431202
69,0,imagen.jpeg,0,conv2d,1x3x224x224,15.462085
69,0,imagen.jpeg,1,batchnorm,1x32x112x112,0.395757
69,0,imagen.jpeg,2,activacion,1x32x112x112,0.667335
69,0,imagen.jpeg,3,depthwise_conv,1x32x112x112,3.850006
69,0,imagen.jpeg,4,batchnorm,1x32x112x112,2.439704
69,0,imagen.jpeg,5,activacion,1x32x112x112,0.779826
69,0,imagen.jpeg,6,pointwise_conv,1x32x112x112,3.521914
69,0,imagen.jpeg,7,batchnorm,1x16x112x112,0.170925
69,0,imagen.jpeg,8,pointwise_conv,1x16x112x112,10.940863
69,0,imagen.jpeg,9,batchnorm,1x96x112x112,2.048323
69,0,imagen.jpeg,10,activacion,1x96x112x112,3.634033
69,0,imagen.jpeg,11,depthwise_conv,1x96x112x112,3.169896
69,0,imagen.jpeg,12,batchnorm,1x96x56x56,0.269227
69,0,imagen.jpeg,13,activacion,1x96x56x56,0.985942
69,0,imagen.jpeg,14,pointwise_conv,1x96x56x56,3.96447
69,0,imagen.jpeg,15,batchnorm,1x24x56x56,0.061783
69,0,imagen.jpeg,16,pointwise_conv,1x24x56x56,6.710179
69,0,imagen.jpeg,17,batchnorm,1x144x56x56,0.885336
69,0,imagen.jpeg,18,activacion,1x144x56x56,1.268976
69,0,imagen.jpeg,19,depthwise_conv,1x144x56x56,4.434019
69,0,imagen.jpeg,20,batchnorm,1x144x56x56,0.869366
69,0,imagen.jpeg,21,activacion,1x144x56x56,1.615367
69,0,imagen.jpeg,22,pointwise_conv,1x144x56x56,7.249835
69,0,imagen.jpeg,23,batchnorm,1x24x56x56,0.0658
69,0,imagen.jpeg,24,layer_add,1x24x56x56,0.046464
69,0,imagen.jpeg,25,pointwise_conv,1x24x56x56,6.515696
69,0,imagen.jpeg,26,batchnorm,1x144x56x56,0.458796
69,0,imagen.jpeg,27,activacion,1x144x56x56,1.527216
69,0,imagen.jpeg,28,depthwise_conv,1x144x56x56,1.14531
69,0,imagen.jpeg,29,batchnorm,1x144x28x28,0.116956
69,0,imagen.jpeg,30,activacion,1x144x28x28,0.339091
69,0,imagen.jpeg,31,pointwise_conv,1x144x28x28,2.039951
69,0,imagen.jpeg,32,batchnorm,1x32x28x28,0.021465
69,0,imagen.jpeg,33,pointwise_conv,1x32x28x28,2.673814
69,0,imagen.jpeg,34,batchnorm,1x192x28x28,0.130026
69,0,imagen.jpeg,35,activacion,1x192x28x28,0.356158
69,0,imagen.jpeg,36,depthwise_conv,1x192x28x28,1.478923
69,0,imagen.jpeg,37,batchnorm,1x192x28x28,0.124589
69,0,imagen.jpeg,38,activacion,1x192x28x28,0.516255
69,0,imagen.jpeg,39,pointwise_conv,1x192x28x28,2.608342
69,0,imagen.jpeg,40,batchnorm,1x32x28x28,0.020322
69,0,imagen.jpeg,41,layer_add,1x32x28x28,0.01329
69,0,imagen.jpeg,42,pointwise_conv,1x32x28x28,2.741649
69,0,imagen.jpeg,43,batchnorm,1x192x28x28,0.159129
69,0,imagen.jpeg,44,activacion,1x192x28x28,0.505199
69,0,imagen.jpeg,45,depthwise_conv,1x192x28x28,1.597951
69,0,imagen.jpeg,46,batchnorm,1x192x28x28,0.150092
69,0,imagen.jpeg,47,activacion,1x192x28x28,0.520822
69,0,imagen.jpeg,48,pointwise_conv,1x192x28x28,3.302958
69,0,imagen.jpeg,49,batchnorm,1x32x28x28,0.023128
69,0,imagen.jpeg,50,layer_add,1x32x28x28,0.013363
69,0,imagen.jpeg,51,pointwise_conv,1x32x28x28,2.65357
69,0,imagen.jpeg,52,batchnorm,1x192x28x28,0.166526
69,0,imagen.jpeg,53,activacion,1x192x28x28,0.489388
69,0,imagen.jpeg,54,depthwise_conv,1x192x28x28,0.385089
69,0,imagen.jpeg,55,batchnorm,1x192x14x14,0.034402
69,0,imagen.jpeg,56,activacion,1x192x14x14,0.098956
69,0,imagen.jpeg,57,pointwise_conv,1x192x14x14,1.347005
69,0,imagen.jpeg,58,batchnorm,1x64x14x14,0.011514
69,0,imagen.jpeg,59,pointwise_conv,1x64x14x14,2.743085
69,0,imagen.jpeg,60,batchnorm,1x384x14x14,0.064339
69,0,imagen.jpeg,61,activacion,1x384x14x14,0.185496
69,0,imagen.jpeg,62,depthwise_conv,1x384x14x14,0.786442
69,0,imagen.jpeg,63,batchnorm,1x384x14x14,0.065387
69,0,imagen.jpeg,64,activacion,1x384x14x14,0.258709
69,0,imagen.jpeg,65,pointwise_conv,1x384x14x14,2.609061
69,0,imagen.jpeg,66,batchnorm,1x64x14x14,0.010712
69,0,imagen.jpeg,67,layer_add,1x64x14x14,0.005808
69,0,imagen.jpeg,68,pointwise_conv,1x64x14x14,3.436962
69,0,imagen.jpeg,69,batchnorm,1x384x14x14,0.074225
69,0,imagen.jpeg,70,activacion,1x384x14x14,0.237154
69,0,imagen.jpeg,71,depthwise_conv,1x384x14x14,0.754613
69,0,imagen.jpeg,72,batchnorm,1x384x14x14,0.095983
69,0,imagen.jpeg,73,activacion,1x384x14x14,0.243261
69,0,imagen.jpeg,74,pointwise_conv,1x384x14x14,2.658205
69,0,imagen.jpeg,75,batchnorm,1x64x14x14,0.010766
69,0,imagen.jpeg,76,layer_add,1x64x14x14,0.00705
69,0,imagen.jpeg,77,pointwise_conv,1x64x14x14,2.705292
69,0,imagen.jpeg,78,batchnorm,1x384x14x14,0.062371
69,0,imagen.jpeg,79,activacion,1x384x14x14,0.241031
69,0,imagen.jpeg,80,depthwise_conv,1x384x14x14,0.77043
69,0,imagen.jpeg,81,batchnorm,1x384x14x14,0.135464
69,0,imagen.jpeg,82,activacion,1x384x14x14,0.216805
69,0,imagen.jpeg,83,pointwise_conv,1x384x14x14,2.943259
69,0,imagen.jpeg,84,batchnorm,1x64x14x14,0.026914
69,0,imagen.jpeg,85,layer_add,1x64x14x14,0.007648
69,0,imagen.jpeg,86,pointwise_conv,1x64x14x14,2.87242
69,0,imagen.jpeg,87,batchnorm,1x384x14x14,0.1044
69,0,imagen.jpeg,88,activacion,1x384x14x14,0.293231
69,0,imagen.jpeg,89,depthwise_conv,1x384x14x14,0.993935
69,0,imagen.jpeg,90,batchnorm,1x384x14x14,0.073233
69,0,imagen.jpeg,91,activacion,1x384x14x14,0.247712
69,0,imagen.jpeg,92,pointwise_conv,1x384x14x14,4.163962
69,0,imagen.jpeg,93,batchnorm,1x96x14x14,0.017485
69,0,imagen.jpeg,94,pointwise_conv,1x96x14x14,6.096864
69,0,imagen.jpeg,95,batchnorm,1x576x14x14,0.103263
69,0,imagen.jpeg,96,activacion,1x576x14x14,0.355847
69,0,imagen.jpeg,97,depthwise_conv,1x576x14x14,1.17687
69,0,imagen.jpeg,98,batchnorm,1x576x14x14,0.18866
69,0,imagen.jpeg,99,activacion,1x576x14x14,0.333913
69,0,imagen.jpeg,100,pointwise_conv,1x576x14x14,6.389615
69,0,imagen.jpeg,101,batchnorm,1x96x14x14,0.01751
69,0,imagen.jpeg,102,layer_add,1x96x14x14,0.009534
69,0,imagen.jpeg,103,pointwise_conv,1x96x14x14,6.071749
69,0,imagen.jpeg,104,batchnorm,1x576x14x14,0.105554
69,0,imagen.jpeg,105,activacion,1x576x14x14,0.361694
69,0,imagen.jpeg,106,depthwise_conv,1x576x14x14,1.159457
69,0,imagen.jpeg,107,batchnorm,1x576x14x14,0.190188
69,0,imagen.jpeg,108,activacion,1x576x14x14,0.37182
69,0,imagen.jpeg,109,pointwise_conv,1x576x14x14,6.698919
69,0,imagen.jpeg,110,batchnorm,1x96x14x14,0.017157
69,0,imagen.jpeg,111,layer_add,1x96x14x14,0.012243
69,0,imagen.jpeg,112,pointwise_conv,1x96x14x14,5.998334
69,0,imagen.jpeg,113,batchnorm,1x576x14x14,0.103722
69,0,imagen.jpeg,114,activacion,1x576x14x14,0.319974
69,0,imagen.jpeg,115,depthwise_conv,1x576x14x14,0.293626
69,0,imagen.jpeg,116,batchnorm,1x576x7x7,0.030069
69,0,imagen.jpeg,117,activacion,1x576x7x7,0.064942
69,0,imagen.jpeg,118,pointwise_conv,1x576x7x7,2.445776
69,0,imagen.jpeg,119,batchnorm,1x160x7x7,0.007848
69,0,imagen.jpeg,120,pointwise_conv,1x160x7x7,4.417228
69,0,imagen.jpeg,121,batchnorm,1x960x7x7,0.045393
69,0,imagen.jpeg,122,activacion,1x960x7x7,0.14561
69,0,imagen.jpeg,123,depthwise_conv,1x960x7x7,0.449652
69,0,imagen.jpeg,124,batchnorm,1x960x7x7,0.043386
69,0,imagen.jpeg,125,activacion,1x960x7x7,0.140144
69,0,imagen.jpeg,126,pointwise_conv,1x960x7x7,4.081757
69,0,imagen.jpeg,127,batchnorm,1x160x7x7,0.007278
69,0,imagen.jpeg,128,layer_add,1x160x7x7,0.00419
69,0,imagen.jpeg,129,pointwise_conv,1x160x7x7,4.025128
69,0,imagen.jpeg,130,batchnorm,1x960x7x7,0.043858
69,0,imagen.jpeg,131,activacion,1x960x7x7,0.142391
69,0,imagen.jpeg,132,depthwise_conv,1x960x7x7,0.427628
69,0,imagen.jpeg,133,batchnorm,1x960x7x7,0.055802
69,0,imagen.jpeg,134,activacion,1x960x7x7,0.126194
69,0,imagen.jpeg,135,pointwise_conv,1x960x7x7,4.29809
69,0,imagen.jpeg,136,batchnorm,1x160x7x7,0.008494
69,0,imagen.jpeg,137,layer_add,1x160x7x7,0.004499
69,0,imagen.jpeg,138,pointwise_conv,1x160x7x7,4.222456
69,0,imagen.jpeg,139,batchnorm,1x960x7x7,0.047928
69,0,imagen.jpeg,140,activacion,1x960x7x7,0.116985
69,0,imagen.jpeg,141,depthwise_conv,1x960x7x7,0.441102
69,0,imagen.jpeg,142,batchnorm,1x960x7x7,0.047948
69,0,imagen.jpeg,143,activacion,1x960x7x7,0.090606
69,0,imagen.jpeg,144,pointwise_conv,1x960x7x7,8.223296
69,0,imagen.jpeg,145,batchnorm,1x320x7x7,0.015679
69,0,imagen.jpeg,146,pointwise_conv,1x320x7x7,11.561214
69,0,imagen.jpeg,147,batchnorm,1x1280x7x7,0.064547
69,0,imagen.jpeg,148,activacion,1x1280x7x7,0.184871
69,0,imagen.jpeg,149,pooling,1x1280x7x7,0.040992
69,0,imagen.jpeg,150,linear,1x1280,1.478067
70,0,imagen.jpeg,0,conv2d,1x3x224x224,16.060058
70,0,imagen.jpeg,1,batchnorm,1x32x112x112,0.614023
70,0,imagen.jpeg,2,activacion,1x32x112x112,0.672575
70,0,imagen.jpeg,3,depthwise_conv,1x32x112x112,4.015896
70,0,imagen.jpeg,4,batchnorm,1x32x112x112,2.277241
70,0,imagen.jpeg,5,activacion,1x32x112x112,0.731457
70,0,imagen.jpeg,6,pointwise_conv,1x32x112x112,3.55798
70,0,imagen.jpeg,7,batchnorm,1x16x112x112,0.172417
70,0,imagen.jpeg,8,pointwise_conv,1x16x112x112,11.947933
70,0,imagen.jpeg,9,batchnorm,1x96x112x112,2.022849
70,0,imagen.jpeg,10,activacion,1x96x112x112,3.3381
70,0,imagen.jpeg,11,depthwise_conv,1x96x112x112,3.558839
70,0,imagen.jpeg,12,batchnorm,1x96x56x56,0.280921
70,0,imagen.jpeg,13,activacion,1x96x56x56,1.017907
70,0,imagen.jpeg,14,pointwise_conv,1x96x56x56,3.932109
70,0,imagen.jpeg,15,batchnorm,1x24x56x56,0.064491
70,0,imagen.jpeg,16,pointwise_conv,1x24x56x56,6.558801
70,0,imagen.jpeg,17,batchnorm,1x144x56x56,0.872529
70,0,imagen.jpeg,18,activacion,1x144x56x56,1.29216
70,0,imagen.jpeg,19,depthwise_conv,1x144x56x56,4.749183
70,0,imagen.jpeg,20,batchnorm,1x144x56x56,0.919048
70,0,imagen.jpeg,21,activacion,1x144x56x56,1.552711
70,0,imagen.jpeg,22,pointwise_conv,1x144x56x56,5.917008
70,0,imagen.jpeg,23,batchnorm,1x24x56x56,0.065228
70,0,imagen.jpeg,24,layer_add,1x24x56x56,0.048324
70,0,imagen.jpeg,25,pointwise_conv,1x24x56x56,6.225094
70,0,imagen.jpeg,26,batchnorm,1x144x56x56,0.430714
70,0,imagen.jpeg,27,activacion,1x144x56x56,1.579025
70,0,imagen.jpeg,28,depthwise_conv,1x144x56x56,1.146323
70,0,imagen.jpeg,29,batchnorm,1x144x28x28,0.097866
70,0,imagen.jpeg,30,activacion,1x144x28x28,0.363986
70,0,imagen.jpeg,31,pointwise_conv,1x144x28x28,1.956174
70,0,imagen.jpeg,32,batchnorm,1x32x28x28,0.021536
70,0,imagen.jpeg,33,pointwise_conv,1x32x28x28,2.637587
70,0,imagen.jpeg,34,batchnorm,1x192x28x28,0.132512
70,0,imagen.jpeg,35,activacion,1x192x28x28,0.378667
70,0,imagen.jpeg,36,depthwise_conv,1x192x28x28,1.448659
70,0,imagen.jpeg,37,batchnorm,1x192x28x28,0.125973
70,0,imagen.jpeg,38,activacion,1x192x28x28,0.534151
70,0,imagen.jpeg,39,pointwise_conv,1x192x28x28,2.690465
70,0,imagen.jpeg,40,batchnorm,1x32x28x28,0.02662
70,0,imagen.jpeg,41,layer_add,1x32x28x28,0.016455
70,0,imagen.jpeg,42,pointwise_conv,1x32x28x28,2.855295
70,0,imagen.jpeg,43,batchnorm,1x192x28x28,0.145184
70,0,imagen.jpeg,44,activacion,1x192x28x28,0.431821
70,0,imagen.jpeg,45,depthwise_conv,1x192x28x28,1.560593
70,0,imagen.jpeg,46,batchnorm,1x192x28x28,0.134767
70,0,imagen.jpeg,47,activacion,1x192x28x28,0.511168
70,0,imagen.jpeg,48,pointwise_conv,1x192x28x28,2.577967
70,0,imagen.jpeg,49,batchnorm,1x32x28x28,0.020728
70,0,imagen.jpeg,50,layer_add,1x32x28x28,0.013101
70,0,imagen.jpeg,51,pointwise_conv,1x32x28x28,2.693679
70,0,imagen.jpeg,52,batchnorm,1x192x28x28,0.125874
70,0,imagen.jpeg,53,activacion,1x192x28x28,0.48419
70,0,imagen.jpeg,54,depthwise_conv,1x192x28x28,0.371891
70,0,imagen.jpeg,55,batchnorm,1x192x14x14,0.033248
70,0,imagen.jpeg,56,activacion,1x192x14x14,0.09568
70,0,imagen.jpeg,57,pointwise_conv,1x192x14x14,1.406562
70,0,imagen.jpeg,58,batchnorm,1x64x14x14,0.011898
70,0,imagen.jpeg,59,pointwise_conv,1x64x14x14,3.154494
70,0,imagen.jpeg,60,batchnorm,1x384x14x14,0.107161
70,0,imagen.jpeg,61,activacion,1x384x14x14,0.209943
70,0,imagen.jpeg,62,depthwise_conv,1x384x14x14,0.799684
70,0,imagen.jpeg,63,batchnorm,1x384x14x14,0.068297
70,0,imagen.jpeg,64,activacion,1x384x14x14,0.275488
70,0,imagen.jpeg,65,pointwise_conv,1x384x14x14,3.970883
70,0,imagen.jpeg,66,batchnorm,1x64x14x14,0.020361
70,0,imagen.jpeg,67,layer_add,1x64x14x14,0.01241
70,0,imagen.jpeg,68,pointwise_conv,1x64x14x14,5.119499
70,0,imagen.jpeg,69,batchnorm,1x384x14x14,0.079039
70,0,imagen.jpeg,70,activacion,1x384x14x14,0.26843
70,0,imagen.jpeg,71,depthwise_conv,1x384x14x14,0.766835
70,0,imagen.jpeg,72,batchnorm,1x384x14x14,0.098343
70,0,imagen.jpeg,73,activacion,1x384x14x14,0.25302
70,0,imagen.jpeg,74,pointwise_conv,1x384x14x14,2.792395
70,0,imagen.jpeg,75,batchnorm,1x64x14x14,0.013215
70,0,imagen.jpeg,76,layer_add,1x64x14x14,0.007506
70,0,imagen.jpeg,77,pointwise_conv,1x64x14x14,2.859368
70,0,imagen.jpeg,78,batchnorm,1x384x14x14,0.069855
70,0,imagen.jpeg,79,activacion,1x384x14x14,0.251981
70,0,imagen.jpeg,80,depthwise_conv,1x384x14x14,0.776698
70,0,imagen.jpeg,81,batchnorm,1x384x14x14,0.161753
70,0,imagen.jpeg,82,activacion,1x384x14x14,0.237255
70,0,imagen.jpeg,83,pointwise_conv,1x384x14x14,2.707454
70,0,imagen.jpeg,84,batchnorm,1x64x14x14,0.01101
70,0,imagen.jpeg,85,layer_add,1x64x14x14,0.006498
70,0,imagen.jpeg,86,pointwise_conv,1x64x14x14,2.716622
70,0,imagen.jpeg,87,batchnorm,1x384x14x14,0.063897
70,0,imagen.jpeg,88,activacion,1x384x14x14,0.247351
70,0,imagen.jpeg,89,depthwise_conv,1x384x14x14,0.821341
70,0,imagen.jpeg,90,batchnorm,1x384x14x14,0.066355
70,0,imagen.jpeg,91,activacion,1x384x14x14,0.239733
70,0,imagen.jpeg,92,pointwise_conv,1x384x14x14,4.375277
70,0,imagen.jpeg,93,batchnorm,1x96x14x14,0.029431
70,0,imagen.jpeg,94,pointwise_conv,1x96x14x14,6.538939
70,0,imagen.jpeg,95,batchnorm,1x576x14x14,0.112005
70,0,imagen.jpeg,96,activacion,1x576x14x14,0.367475
70,0,imagen.jpeg,97,depthwise_conv,1x576x14x14,1.187854
70,0,imagen.jpeg,98,batchnorm,1x576x14x14,0.173381
70,0,imagen.jpeg,99,activacion,1x576x14x14,0.329689
70,0,imagen.jpeg,100,pointwise_conv,1x576x14x14,6.117595
70,0,imagen.jpeg,101,batchnorm,1x96x14x14,0.016816
70,0,imagen.jpeg,102,layer_add,1x96x14x14,0.010433
70,0,imagen.jpeg,103,pointwise_conv,1x96x14x14,6.741367
70,0,imagen.jpeg,104,batchnorm,1x576x14x14,0.108092
70,0,imagen.jpeg,105,activacion,1x576x14x14,0.371412
70,0,imagen.jpeg,106,depthwise_conv,1x576x14x14,1.125648
70,0,imagen.jpeg,107,batchnorm,1x576x14x14,0.153731
70,0,imagen.jpeg,108,activacion,1x576x14x14,0.29235
70,0,imagen.jpeg,109,pointwise_conv,1x576x14x14,6.056133
70,0,imagen.jpeg,110,batchnorm,1x96x14x14,0.037298
70,0,imagen.jpeg,111,layer_add,1x96x14x14,0.026531
70,0,imagen.jpeg,112,pointwise_conv,1x96x14x14,6.291669
70,0,imagen.jpeg,113,batchnorm,1x576x14x14,0.123344
70,0,imagen.jpeg,114,activacion,1x576x14x14,0.320306
70,0,imagen.jpeg,115,depthwise_conv,1x576x14x14,0.289334
70,0,imagen.jpeg,116,batchnorm,1x576x7x7,0.030352
70,0,imagen.jpeg,117,activacion,1x576x7x7,0.066519
70,0,imagen.jpeg,118,pointwise_conv,1x576x7x7,2.502272
70,0,imagen.jpeg,119,batchnorm,1x160x7x7,0.00762
70,0,imagen.jpeg,120,pointwise_conv,1x160x7x7,4.063565
70,0,imagen.jpeg,121,batchnorm,1x960x7x7,0.042723
70,0,imagen.jpeg,122,activacion,1x960x7x7,0.14578
70,0,imagen.jpeg,123,depthwise_conv,1x960x7x7,0.414312
70,0,imagen.jpeg,124,batchnorm,1x960x7x7,0.04158
70,0,imagen.jpeg,125,activacion,1x960x7x7,0.168845
70,0,imagen.jpeg,126,pointwise_conv,1x960x7x7,4.050058
70,0,imagen.jpeg,127,batchnorm,1x160x7x7,0.007303
70,0,imagen.jpeg,128,layer_add,1x160x7x7,0.003797
70,0,imagen.jpeg,129,pointwise_conv,1x160x7x7,4.457728
70,0,imagen.jpeg,130,batchnorm,1x960x7x7,0.048334
70,0,imagen.jpeg,131,activacion,1x960x7x7,0.147931
70,0,imagen.jpeg,132,depthwise_conv,1x960x7x7,0.448473
70,0,imagen.jpeg,133,batchnorm,1x960x7x7,0.056137
70,0,imagen.jpeg,134,activacion,1x960x7x7,0.127971
70,0,imagen.jpeg,135,pointwise_conv,1x960x7x7,4.065462
70,0,imagen.jpeg,136,batchnorm,1x160x7x7,0.00738
70,0,imagen.jpeg,137,layer_add,1x160x7x7,0.005125
70,0,imagen.jpeg,138,pointwise_conv,1x160x7x7,3.997849
70,0,imagen.jpeg,139,batchnorm,1x960x7x7,0.043283
70,0,imagen.jpeg,140,activacion,1x960x7x7,0.11596
70,0,imagen.jpeg,141,depthwise_conv,1x960x7x7,0.424798
70,0,imagen.jpeg,142,batchnorm,1x960x7x7,0.046336
70,0,imagen.jpeg,143,activacion,1x960x7x7,0.087234
70,0,imagen.jpeg,144,pointwise_conv,1x960x7x7,8.295999
70,0,imagen.jpeg,145,batchnorm,1x320x7x7,0.017433
70,0,imagen.jpeg,146,pointwise_conv,1x320x7x7,10.814399
70,0,imagen.jpeg,147,batchnorm,1x1280x7x7,0.063664
70,0,imagen.jpeg,148,activacion,1x1280x7x7,0.18553
70,0,imagen.jpeg,149,pooling,1x1280x7x7,0.040516
70,0,imagen.jpeg,150,linear,1x1280,1.449444
71,0,imagen.jpeg,0,conv2d,1x3x224x224,16.107817
71,0,imagen.jpeg,1,batchnorm,1x32x112x112,0.413793
71,0,imagen.jpeg,2,activacion,1x32x112x112,0.677184
71,0,imagen.jpeg,3,depthwise_conv,1x32x112x112,4.014276
71,0,imagen.jpeg,4,batchnorm,1x32x112x112,2.282675
71,0,imagen.jpeg,5,activacion,1x32x112x112,0.742821
71,0,imagen.jpeg,6,pointwise_conv,1x32x112x112,4.000361
71,0,imagen.jpeg,7,batchnorm,1x16x112x112,0.272196
71,0,imagen.jpeg,8,pointwise_conv,1x16x112x112,11.337884
71,0,imagen.jpeg,9,batchnorm,1x96x112x112,2.064965
71,0,imagen.jpeg,10,activacion,1x96x112x112,3.816143
71,0,imagen.jpeg,11,depthwise_conv,1x96x112x112,3.190557
71,0,imagen.jpeg,12,batchnorm,1x96x56x56,0.281559
71,0,imagen.jpeg,13,activacion,1x96x56x56,0.993186
71,0,imagen.jpeg,14,pointwise_conv,1x96x56x56,3.839669
71,0,imagen.jpeg,15,batchnorm,1x24x56x56,0.09768
71,0,imagen.jpeg,16,pointwise_conv,1x24x56x56,7.09837
71,0,imagen.jpeg,17,batchnorm,1x144x56x56,0.950278
71,0,imagen.jpeg,18,activacion,1x144x56x56,1.267032
71,0,imagen.jpeg,19,depthwise_conv,1x144x56x56,4.602331
71,0,imagen.jpeg,20,batchnorm,1x144x56x56,0.884691
71,0,imagen.jpeg,21,activacion,1x144x56x56,1.607417
71,0,imagen.jpeg,22,pointwise_conv,1x144x56x56,5.95711
71,0,imagen.jpeg,23,batchnorm,1x24x56x56,0.064568
71,0,imagen.jpeg,24,layer_add,1x24x56x56,0.074363
71,0,imagen.jpeg,25,pointwise_conv,1x24x56x56,5.847428
71,0,imagen.jpeg,26,batchnorm,1x144x56x56,0.405256
71,0,imagen.jpeg,27,activacion,1x144x56x56,1.472608
71,0,imagen.jpeg,28,depthwise_conv,1x144x56x56,1.05399
71,0,imagen.jpeg,29,batchnorm,1x144x28x28,0.091544
71,0,imagen.jpeg,30,activacion,1x144x28x28,0.324848
71,0,imagen.jpeg,31,pointwise_conv,1x144x28x28,1.897825
71,0,imagen.jpeg,32,batchnorm,1x32x28x28,0.020981
71,0,imagen.jpeg,33,pointwise_conv,1x32x28x28,2.599767
71,0,imagen.jpeg,34,batchnorm,1x192x28x28,0.129369
71,0,imagen.jpeg,35,activacion,1x192x28x28,0.380179
71,0,imagen.jpeg,36,depthwise_conv,1x192x28x28,1.657489
71,0,imagen.jpeg,37,batchnorm,1x192x28x28,0.134209
71,0,imagen.jpeg,38,activacion,1x192x28x28,0.558521
71,0,imagen.jpeg,39,pointwise_conv,1x192x28x28,2.567203
71,0,imagen.jpeg,40,batchnorm,1x32x28x28,0.021055
71,0,imagen.jpeg,41,layer_add,1x32x28x28,0.01421
71,0,imagen.jpeg,42,pointwise_conv,1x32x28x28,2.625995
71,0,imagen.jpeg,43,batchnorm,1x192x28x28,0.127811
71,0,imagen.jpeg,44,activacion,1x192x28x28,0.450865
71,0,imagen.jpeg,45,depthwise_conv,1x192x28x28,1.463545
71,0,imagen.jpeg,46,batchnorm,1x192x28x28,0.129026
71,0,imagen.jpeg,47,activacion,1x192x28x28,0.492204
71,0,imagen.jpeg,48,pointwise_conv,1x192x28x28,2.577119
71,0,imagen.jpeg,49,batchnorm,1x32x28x28,0.021062
71,0,imagen.jpeg,50,layer_add,1x32x28x28,0.012239
71,0,imagen.jpeg,51,pointwise_conv,1x32x28x28,2.712915
71,0,imagen.jpeg,52,batchnorm,1x192x28x28,0.140306
71,0,imagen.jpeg,53,activacion,1x192x28x28,0.477718
71,0,imagen.jpeg,54,depthwise_conv,1x192x28x28,0.376109
71,0,imagen.jpeg,55,batchnorm,1x192x14x14,0.033569
71,0,imagen.jpeg,56,activacion,1x192x14x14,0.096086
71,0,imagen.jpeg,57,pointwise_conv,1x192x14x14,1.316383
71,0,imagen.jpeg,58,batchnorm,1x64x14x14,0.011546
71,0,imagen.jpeg,59,pointwise_conv,1x64x14x14,2.641158
71,0,imagen.jpeg,60,batchnorm,1x384x14x14,0.06669
71,0,imagen.jpeg,61,activacion,1x384x14x14,0.190592
71,0,imagen.jpeg,62,depthwise_conv,1x384x14x14,0.749825
71,0,imagen.jpeg,63,batchnorm,1x384x14x14,0.065434
71,0,imagen.jpeg,64,activacion,1x384x14x14,0.269386
71,0,imagen.jpeg,65,pointwise_conv,1x384x14x14,2.618397
71,0,imagen.jpeg,66,batchnorm,1x64x14x14,0.011523
71,0,imagen.jpeg,67,layer_add,1x64x14x14,0.005654
71,0,imagen.jpeg,68,pointwise_conv,1x64x14x14,2.708344
71,0,imagen.jpeg,69,batchnorm,1x384x14x14,0.071818
71,0,imagen.jpeg,70,activacion,1x384x14x14,0.253472
71,0,imagen.jpeg,71,depthwise_conv,1x384x14x14,0.752753
71,0,imagen.jpeg,72,batchnorm,1x384x14x14,0.102249
71,0,imagen.jpeg,73,activacion,1x384x14x14,0.245314
71,0,imagen.jpeg,74,pointwise_conv,1x384x14x14,2.626286
71,0,imagen.jpeg,75,batchnorm,1x64x14x14,0.011127
71,0,imagen.jpeg,76,layer_add,1x64x14x14,0.007654
71,0,imagen.jpeg,77,pointwise_conv,1x64x14x14,2.805772
71,0,imagen.jpeg,78,batchnorm,1x384x14x14,0.070246
71,0,imagen.jpeg,79,activacion,1x384x14x14,0.26716
71,0,imagen.jpeg,80,depthwise_conv,1x384x14x14,0.771329
71,0,imagen.jpeg,81,batchnorm,1x384x14x14,0.152311
71,0,imagen.jpeg,82,activacion,1x384x14x14,0.222165
71,0,imagen.jpeg,83,pointwise_conv,1x384x14x14,2.625201
71,0,imagen.jpeg,84,batchnorm,1x64x14x14,0.011194
71,0,imagen.jpeg,85,layer_add,1x64x14x14,0.005952
71,0,imagen.jpeg,86,pointwise_conv,1x64x14x14,2.683085
71,0,imagen.jpeg,87,batchnorm,1x384x14x14,0.066778
71,0,imagen.jpeg,88,activacion,1x384x14x14,0.254165
71,0,imagen.jpeg,89,depthwise_conv,1x384x14x14,0.758565
71,0,imagen.jpeg,90,batchnorm,1x384x14x14,0.065648
71,0,imagen.jpeg,91,activacion,1x384x14x14,0.236781
71,0,imagen.jpeg,92,pointwise_conv,1x384x14x14,3.943527
71,0,imagen.jpeg,93,batchnorm,1x96x14x14,0.017856
71,0,imagen.jpeg,94,pointwise_conv,1x96x14x14,6.051366
71,0,imagen.jpeg,95,batchnorm,1x576x14x14,0.101009
71,0,imagen.jpeg,96,activacion,1x576x14x14,0.366192
71,0,imagen.jpeg,97,depthwise_conv,1x576x14x14,1.122798
71,0,imagen.jpeg,98,batchnorm,1x576x14x14,0.17235
71,0,imagen.jpeg,99,activacion,1x576x14x14,0.327736
71,0,imagen.jpeg,100,pointwise_conv,1x576x14x14,6.032027
71,0,imagen.jpeg,101,batchnorm,1x96x14x14,0.016792
71,0,imagen.jpeg,102,layer_add,1x96x14x14,0.009931
71,0,imagen.jpeg,103,pointwise_conv,1x96x14x14,6.029034
71,0,imagen.jpeg,104,batchnorm,1x576x14x14,0.099841
71,0,imagen.jpeg,105,activacion,1x576x14x14,0.363905
71,0,imagen.jpeg,106,depthwise_conv,1x576x14x14,1.152923
71,0,imagen.jpeg,107,batchnorm,1x576x14x14,0.178126
71,0,imagen.jpeg,108,activacion,1x576x14x14,0.299555
71,0,imagen.jpeg,109,pointwise_conv,1x576x14x14,5.923736
71,0,imagen.jpeg,110,batchnorm,1x96x14x14,0.01639
71,0,imagen.jpeg,111,layer_add,1x96x14x14,0.011734
71,0,imagen.jpeg,112,pointwise_conv,1x96x14x14,5.926277
71,0,imagen.jpeg,113,batchnorm,1x576x14x14,0.14549
71,0,imagen.jpeg,114,activacion,1x576x14x14,0.326717
71,0,imagen.jpeg,115,depthwise_conv,1x576x14x14,0.267128
71,0,imagen.jpeg,116,batchnorm,1x576x7x7,0.030128
71,0,imagen.jpeg,117,activacion,1x576x7x7,0.06478
71,0,imagen.jpeg,118,pointwise_conv,1x576x7x7,2.392623
71,0,imagen.jpeg,119,batchnorm,1x160x7x7,0.007583
71,0,imagen.jpeg,120,pointwise_conv,1x160x7x7,4.01456
71,0,imagen.jpeg,121,batchnorm,1x960x7x7,0.044128
71,0,imagen.jpeg,122,activacion,1x960x7x7,0.148505
71,0,imagen.jpeg,123,depthwise_conv,1x960x7x7,0.424631
71,0,imagen.jpeg,124,batchnorm,1x960x7x7,0.042477
71,0,imagen.jpeg,125,activacion,1x960x7x7,0.138333
71,0,imagen.jpeg,126,pointwise_conv,1x960x7x7,4.021934
71,0,imagen.jpeg,127,batchnorm,1x160x7x7,0.007635
71,0,imagen.jpeg,128,layer_add,1x160x7x7,0.004036
71,0,imagen.jpeg,129,pointwise_conv,1x160x7x7,4.027432
71,0,imagen.jpeg,130,batchnorm,1x960x7x7,0.043121
71,0,imagen.jpeg,131,activacion,1x960x7x7,0.141998
71,0,imagen.jpeg,132,depthwise_conv,1x960x7x7,0.424423
71,0,imagen.jpeg,133,batchnorm,1x960x7x7,0.053592
71,0,imagen.jpeg,134,activacion,1x960x7x7,0.129599
71,0,imagen.jpeg,135,pointwise_conv,1x960x7x7,4.132431
71,0,imagen.jpeg,136,batchnorm,1x160x7x7,0.007405
71,0,imagen.jpeg,137,layer_add,1x160x7x7,0.004108
71,0,imagen.jpeg,138,pointwise_conv,1x160x7x7,3.997534
71,0,imagen.jpeg,139,batchnorm,1x960x7x7,0.043215
71,0,imagen.jpeg,140,activacion,1x960x7x7,0.113482
71,0,imagen.jpeg,141,depthwise_conv,1x960x7x7,0.424539
71,0,imagen.jpeg,142,batchnorm,1x960x7x7,0.048887
71,0,imagen.jpeg,143,activacion,1x960x7x7,0.088102
71,0,imagen.jpeg,144,pointwise_conv,1x960x7x7,8.123831
71,0,imagen.jpeg,145,batchnorm,1x320x7x7,0.016106
71,0,imagen.jpeg,146,pointwise_conv,1x320x7x7,10.916671
71,0,imagen.jpeg,147,batchnorm,1x1280x7x7,0.05908
71,0,imagen.jpeg,148,activacion,1x1280x7x7,0.185861
71,0,imagen.jpeg,149,pooling,1x1280x7x7,0.040138
71,0,imagen.jpeg,150,linear,1x1280,1.419926
72,0,imagen.jpeg,0,conv2d,1x3x224x224,14.849417
72,0,imagen.jpeg,1,batchnorm,1x32x112x112,0.443078
72,0,imagen.jpeg,2,activacion,1x32x112x112,0.631903
72,0,imagen.jpeg,3,depthwise_conv,1x32x112x112,3.836956
72,0,imagen.jpeg,4,batchnorm,1x32x112x112,2.357673
72,0,imagen.jpeg,5,activacion,1x32x112x112,0.693731
72,0,imagen.jpeg,6,pointwise_conv,1x32x112x112,3.37103
72,0,imagen.jpeg,7,batchnorm,1x16x112x112,0.210856
72,0,imagen.jpeg,8,pointwise_conv,1x16x112x112,10.910844
72,0,imagen.jpeg,9,batchnorm,1x96x112x112,2.04735
72,0,imagen.jpeg,10,activacion,1x96x112x112,3.484761
72,0,imagen.jpeg,11,depthwise_conv,1x96x112x112,3.009755
72,0,imagen.jpeg,12,batchnorm,1x96x56x56,0.275599
72,0,imagen.jpeg,13,activacion,1x96x56x56,0.963625
72,0,imagen.jpeg,14,pointwise_conv,1x96x56x56,3.715528
72,0,imagen.jpeg,15,batchnorm,1x24x56x56,0.060003
72,0,imagen.jpeg,16,pointwise_conv,1x24x56x56,6.334414
72,0,imagen.jpeg,17,batchnorm,1x144x56x56,0.86278
72,0,imagen.jpeg,18,activacion,1x144x56x56,1.286914
72,0,imagen.jpeg,19,depthwise_conv,1x144x56x56,4.300292
72,0,imagen.jpeg,20,batchnorm,1x144x56x56,0.8738
72,0,imagen.jpeg,21,activacion,1x144x56x56,1.534957
72,0,imagen.jpeg,22,pointwise_conv,1x144x56x56,5.852157
72,0,imagen.jpeg,23,batchnorm,1x24x56x56,0.063718
72,0,imagen.jpeg,24,layer_add,1x24x56x56,0.047177
72,0,imagen.jpeg,25,pointwise_conv,1x24x56x56,5.715388
72,0,imagen.jpeg,26,batchnorm,1x144x56x56,0.410623
72,0,imagen.jpeg,27,activacion,1x144x56x56,1.457697
72,0,imagen.jpeg,28,depthwise_conv,1x144x56x56,1.079564
72,0,imagen.jpeg,29,batchnorm,1x144x28x28,0.09514
72,0,imagen.jpeg,30,activacion,1x144x28x28,0.330947
72,0,imagen.jpeg,31,pointwise_conv,1x144x28x28,1.975481
72,0,imagen.jpeg,32,batchnorm,1x32x28x28,0.021537
72,0,imagen.jpeg,33,pointwise_conv,1x32x28x28,2.596584
72,0,imagen.jpeg,34,batchnorm,1x192x28x28,0.135031
72,0,imagen.jpeg,35,activacion,1x192x28x28,0.365923
72,0,imagen.jpeg,36,depthwise_conv,1x192x28x28,1.452659
72,0,imagen.jpeg,37,batchnorm,1x192x28x28,0.1263
72,0,imagen.jpeg,38,activacion,1x192x28x28,0.533519
72,0,imagen.jpeg,39,pointwise_conv,1x192x28x28,2.557025
72,0,imagen.jpeg,40,batchnorm,1x32x28x28,0.021214
72,0,imagen.jpeg,41,layer_add,1x32x28x28,0.012754
72,0,imagen.jpeg,42,pointwise_conv,1x32x28x28,2.628301
72,0,imagen.jpeg,43,batchnorm,1x192x28x28,0.130543
72,0,imagen.jpeg,44,activacion,1x192x28x28,0.423774
72,0,imagen.jpeg,45,depthwise_conv,1x192x28x28,1.932696
72,0,imagen.jpeg,46,batchnorm,1x192x28x28,0.202526
72,0,imagen.jpeg,47,activacion,1x192x28x28,0.492684
72,0,imagen.jpeg,48,pointwise_conv,1x192x28x28,2.791912
72,0,imagen.jpeg,49,batchnorm,1x32x28x28,0.021022
72,0,imagen.jpeg,50,layer_add,1x32x28x28,0.013325
72,0,imagen.jpeg,51,pointwise_conv,1x32x28x28,2.71015
72,0,imagen.jpeg,52,batchnorm,1x192x28x28,0.137186
72,0,imagen.jpeg,53,activacion,1x192x28x28,0.477629
72,0,imagen.jpeg,54,depthwise_conv,1x192x28x28,0.372077
72,0,imagen.jpeg,55,batchnorm,1x192x14x14,0.033123
72,0,imagen.jpeg,56,activacion,1x192x14x14,0.096202
72,0,imagen.jpeg,57,pointwise_conv,1x192x14x14,1.310406
72,0,imagen.jpeg,58,batchnorm,1x64x14x14,0.011522
72,0,imagen.jpeg,59,pointwise_conv,1x64x14x14,2.702236
72,0,imagen.jpeg,60,batchnorm,1x384x14x14,0.067401
72,0,imagen.jpeg,61,activacion,1x384x14x14,0.192791
72,0,imagen.jpeg,62,depthwise_conv,1x384x14x14,0.750642
72,0,imagen.jpeg,63,batchnorm,1x384x14x14,0.065498
72,0,imagen.jpeg,64,activacion,1x384x14x14,0.261703
72,0,imagen.jpeg,65,pointwise_conv,1x384x14x14,2.621536
72,0,imagen.jpeg,66,batchnorm,1x64x14x14,0.011102
72,0,imagen.jpeg,67,layer_add,1x64x14x14,0.005615
72,0,imagen.jpeg,68,pointwise_conv,1x64x14x14,2.649155
72,0,imagen.jpeg,69,batchnorm,1x384x14x14,0.065339
72,0,imagen.jpeg,70,activacion,1x384x14x14,0.233014
72,0,imagen.jpeg,71,depthwise_conv,1x384x14x14,0.752811
72,0,imagen.jpeg,72,batchnorm,1x384x14x14,0.094876
72,0,imagen.jpeg,73,activacion,1x384x14x14,0.244538
72,0,imagen.jpeg,74,pointwise_conv,1x384x14x14,2.621632
72,0,imagen.jpeg,75,batchnorm,1x64x14x14,0.011199
72,0,imagen.jpeg,76,layer_add,1x64x14x14,0.006814
72,0,imagen.jpeg,77,pointwise_conv,1x64x14x14,2.756693
72,0,imagen.jpeg,78,batchnorm,1x384x14x14,0.074872
72,0,imagen.jpeg,79,activacion,1x384x14x14,0.258707
72,0,imagen.jpeg,80,depthwise_conv,1x384x14x14,0.745055
72,0,imagen.jpeg,81,batchnorm,1x384x14x14,0.139136
72,0,imagen.jpeg,82,activacion,1x384x14x14,0.227224
72,0,imagen.jpeg,83,pointwise_conv,1x384x14x14,2.621816
72,0,imagen.jpeg,84,batchnorm,1x64x14x14,0.011307
72,0,imagen.jpeg,85,layer_add,1x64x14x14,0.006719
72,0,imagen.jpeg,86,pointwise_conv,1x64x14x14,2.648754
72,0,imagen.jpeg,87,batchnorm,1x384x14x14,0.065295
72,0,imagen.jpeg,88,activacion,1x384x14x14,0.251831
72,0,imagen.jpeg,89,depthwise_conv,1x384x14x14,0.752303
72,0,imagen.jpeg,90,batchnorm,1x384x14x14,0.065864
72,0,imagen.jpeg,91,activacion,1x384x14x14,0.238765
72,0,imagen.jpeg,92,pointwise_conv,1x384x14x14,5.047105
72,0,imagen.jpeg,93,batchnorm,1x96x14x14,0.07795
72,0,imagen.jpeg,94,pointwise_conv,1x96x14x14,11.290186
72,0,imagen.jpeg,95,batchnorm,1x576x14x14,0.209406
72,0,imagen.jpeg,96,activacion,1x576x14x14,0.455954
72,0,imagen.jpeg,97,depthwise_conv,1x576x14x14,1.506947
72,0,imagen.jpeg,98,batchnorm,1x576x14x14,0.194015
72,0,imagen.jpeg,99,activacion,1x576x14x14,0.390718
72,0,imagen.jpeg,100,pointwise_conv,1x576x14x14,6.547502
72,0,imagen.jpeg,101,batchnorm,1x96x14x14,0.017545
72,0,imagen.jpeg,102,layer_add,1x96x14x14,0.010044
72,0,imagen.jpeg,103,pointwise_conv,1x96x14x14,5.952031
72,0,imagen.jpeg,104,batchnorm,1x576x14x14,0.111253
72,0,imagen.jpeg,105,activacion,1x576x14x14,0.362339
72,0,imagen.jpeg,106,depthwise_conv,1x576x14x14,1.159658
72,0,imagen.jpeg,107,batchnorm,1x576x14x14,0.164854
72,0,imagen.jpeg,108,activacion,1x576x14x14,0.309523
72,0,imagen.jpeg,109,pointwise_conv,1x576x14x14,6.031045
72,0,imagen.jpeg,110,batchnorm,1x96x14x14,0.017018
72,0,imagen.jpeg,111,layer_add,1x96x14x14,0.012969
72,0,imagen.jpeg,112,pointwise_conv,1x96x14x14,6.11592
72,0,imagen.jpeg,113,batchnorm,1x576x14x14,0.10672
72,0,imagen.jpeg,114,activacion,1x576x14x14,0.333781
72,0,imagen.jpeg,115,depthwise_conv,1x576x14x14,0.266933
72,0,imagen.jpeg,116,batchnorm,1x576x7x7,0.030301
72,0,imagen.jpeg,117,activacion,1x576x7x7,0.064793
72,0,imagen.jpeg,118,pointwise_conv,1x576x7x7,2.455852
72,0,imagen.jpeg,119,batchnorm,1x160x7x7,0.007891
72,0,imagen.jpeg,120,pointwise_conv,1x160x7x7,4.071936
72,0,imagen.jpeg,121,batchnorm,1x960x7x7,0.041737
72,0,imagen.jpeg,122,activacion,1x960x7x7,0.142492
72,0,imagen.jpeg,123,depthwise_conv,1x960x7x7,0.427605
72,0,imagen.jpeg,124,batchnorm,1x960x7x7,0.043984
72,0,imagen.jpeg,125,activacion,1x960x7x7,0.134168
72,0,imagen.jpeg,126,pointwise_conv,1x960x7x7,4.016457
72,0,imagen.jpeg,127,batchnorm,1x160x7x7,0.007284
72,0,imagen.jpeg,128,layer_add,1x160x7x7,0.003956
72,0,imagen.jpeg,129,pointwise_conv,1x160x7x7,4.020336
72,0,imagen.jpeg,130,batchnorm,1x960x7x7,0.043233
72,0,imagen.jpeg,131,activacion,1x960x7x7,0.141577
72,0,imagen.jpeg,132,depthwise_conv,1x960x7x7,0.470372
72,0,imagen.jpeg,133,batchnorm,1x960x7x7,0.053783
72,0,imagen.jpeg,134,activacion,1x960x7x7,0.12412
72,0,imagen.jpeg,135,pointwise_conv,1x960x7x7,3.992932
72,0,imagen.jpeg,136,batchnorm,1x160x7x7,0.00739
72,0,imagen.jpeg,137,layer_add,1x160x7x7,0.003893
72,0,imagen.jpeg,138,pointwise_conv,1x160x7x7,4.065257
72,0,imagen.jpeg,139,batchnorm,1x960x7x7,0.043923
72,0,imagen.jpeg,140,activacion,1x960x7x7,0.116824
72,0,imagen.jpeg,141,depthwise_conv,1x960x7x7,0.436466
72,0,imagen.jpeg,142,batchnorm,1x960x7x7,0.047615
72,0,imagen.jpeg,143,activacion,1x960x7x7,0.090098
72,0,imagen.jpeg,144,pointwise_conv,1x960x7x7,8.067165
72,0,imagen.jpeg,145,batchnorm,1x320x7x7,0.01577
72,0,imagen.jpeg,146,pointwise_conv,1x320x7x7,11.074744
72,0,imagen.jpeg,147,batchnorm,1x1280x7x7,0.062755
72,0,imagen.jpeg,148,activacion,1x1280x7x7,0.18498
72,0,imagen.jpeg,149,pooling,1x1280x7x7,0.040143
72,0,imagen.jpeg,150,linear,1x1280,1.423364
73,0,imagen.jpeg,0,conv2d,1x3x224x224,15.818688
73,0,imagen.jpeg,1,batchnorm,1x32x112x112,0.425742
73,0,imagen.jpeg,2,activacion,1x32x112x112,0.944761
73,0,imagen.jpeg,3,depthwise_conv,1x32x112x112,4.067696
73,0,imagen.jpeg,4,batchnorm,1x32x112x112,2.376932
73,0,imagen.jpeg,5,activacion,1x32x112x112,0.723419
73,0,imagen.jpeg,6,pointwise_conv,1x32x112x112,3.504633
73,0,imagen.jpeg,7,batchnorm,1x16x112x112,0.171722
73,0,imagen.jpeg,8,pointwise_conv,1x16x112x112,10.948086
73,0,imagen.jpeg,9,batchnorm,1x96x112x112,1.967854
73,0,imagen.jpeg,10,activacion,1x96x112x112,3.303659
73,0,imagen.jpeg,11,depthwise_conv,1x96x112x112,3.246449
73,0,imagen.jpeg,12,batchnorm,1x96x56x56,0.265572
73,0,imagen.jpeg,13,activacion,1x96x56x56,1.11398
73,0,imagen.jpeg,14,pointwise_conv,1x96x56x56,3.870849
73,0,imagen.jpeg,15,batchnorm,1x24x56x56,0.060406
73,0,imagen.jpeg,16,pointwise_conv,1x24x56x56,6.41755
73,0,imagen.jpeg,17,batchnorm,1x144x56x56,0.888141
73,0,imagen.jpeg,18,activacion,1x144x56x56,1.238538
73,0,imagen.jpeg,19,depthwise_conv,1x144x56x56,4.516894
73,0,imagen.jpeg,20,batchnorm,1x144x56x56,0.924366
73,0,imagen.jpeg,21,activacion,1x144x56x56,1.659182
73,0,imagen.jpeg,22,pointwise_conv,1x144x56x56,5.741188
73,0,imagen.jpeg,23,batchnorm,1x24x56x56,0.062345
73,0,imagen.jpeg,24,layer_add,1x24x56x56,0.046181
73,0,imagen.jpeg,25,pointwise_conv,1x24x56x56,5.807159
73,0,imagen.jpeg,26,batchnorm,1x144x56x56,0.414345
73,0,imagen.jpeg,27,activacion,1x144x56x56,1.50591
73,0,imagen.jpeg,28,depthwise_conv,1x144x56x56,1.135873
73,0,imagen.jpeg,29,batchnorm,1x144x28x28,0.095943
73,0,imagen.jpeg,30,activacion,1x144x28x28,0.323198
73,0,imagen.jpeg,31,pointwise_conv,1x144x28x28,1.915839
73,0,imagen.jpeg,32,batchnorm,1x32x28x28,0.020854
73,0,imagen.jpeg,33,pointwise_conv,1x32x28x28,2.566539
73,0,imagen.jpeg,34,batchnorm,1x192x28x28,0.133876
73,0,imagen.jpeg,35,activacion,1x192x28x28,0.366049
73,0,imagen.jpeg,36,depthwise_conv,1x192x28x28,1.451706
73,0,imagen.jpeg,37,batchnorm,1x192x28x28,0.129966
73,0,imagen.jpeg,38,activacion,1x192x28x28,0.514081
73,0,imagen.jpeg,39,pointwise_conv,1x192x28x28,2.55023
73,0,imagen.jpeg,40,batchnorm,1x32x28x28,0.021362
73,0,imagen.jpeg,41,layer_add,1x32x28x28,0.013465
73,0,imagen.jpeg,42,pointwise_conv,1x32x28x28,2.595235
73,0,imagen.jpeg,43,batchnorm,1x192x28x28,0.127943
73,0,imagen.jpeg,44,activacion,1x192x28x28,0.425133
73,0,imagen.jpeg,45,depthwise_conv,1x192x28x28,1.516304
73,0,imagen.jpeg,46,batchnorm,1x192x28x28,0.163356
73,0,imagen.jpeg,47,activacion,1x192x28x28,0.516313
73,0,imagen.jpeg,48,pointwise_conv,1x192x28x28,2.557367
73,0,imagen.jpeg,49,batchnorm,1x32x28x28,0.020866
73,0,imagen.jpeg,50,layer_add,1x32x28x28,0.013607
73,0,imagen.jpeg,51,pointwise_conv,1x32x28x28,2.813251
73,0,imagen.jpeg,52,batchnorm,1x192x28x28,0.197569
73,0,imagen.jpeg,53,activacion,1x192x28x28,0.584591
73,0,imagen.jpeg,54,depthwise_conv,1x192x28x28,0.622825
73,0,imagen.jpeg,55,batchnorm,1x192x14x14,0.052697
73,0,imagen.jpeg,56,activacion,1x192x14x14,0.118668
73,0,imagen.jpeg,57,pointwise_conv,1x192x14x14,2.012486
73,0,imagen.jpeg,58,batchnorm,1x64x14x14,0.012359
73,0,imagen.jpeg,59,pointwise_conv,1x64x14x14,2.75275
73,0,imagen.jpeg,60,batchnorm,1x384x14x14,0.070598
73,0,imagen.jpeg,61,activacion,1x384x14x14,0.195348
73,0,imagen.jpeg,62,depthwise_conv,1x384x14x14,0.776942
73,0,imagen.jpeg,63,batchnorm,1x384x14x14,0.065603
73,0,imagen.jpeg,64,activacion,1x384x14x14,0.262364
73,0,imagen.jpeg,65,pointwise_conv,1x384x14x14,2.626969
73,0,imagen.jpeg,66,batchnorm,1x64x14x14,0.011475
73,0,imagen.jpeg,67,layer_add,1x64x14x14,0.006622
73,0,imagen.jpeg,68,pointwise_conv,1x64x14x14,2.701473
73,0,imagen.jpeg,69,batchnorm,1x384x14x14,0.065609
73,0,imagen.jpeg,70,activacion,1x384x14x14,0.232193
73,0,imagen.jpeg,71,depthwise_conv,1x384x14x14,0.779151
73,0,imagen.jpeg,72,batchnorm,1x384x14x14,0.099374
73,0,imagen.jpeg,73,activacion,1x384x14x14,0.249196
73,0,imagen.jpeg,74,pointwise_conv,1x384x14x14,2.642702
73,0,imagen.jpeg,75,batchnorm,1x64x14x14,0.011429
73,0,imagen.jpeg,76,layer_add,1x64x14x14,0.007825
73,0,imagen.jpeg,77,pointwise_conv,1x64x14x14,2.651017
73,0,imagen.jpeg,78,batchnorm,1x384x14x14,0.067322
73,0,imagen.jpeg,79,activacion,1x384x14x14,0.249783
73,0,imagen.jpeg,80,depthwise_conv,1x384x14x14,0.75355
73,0,imagen.jpeg,81,batchnorm,1x384x14x14,0.138934
73,0,imagen.jpeg,82,activacion,1x384x14x14,0.224782
73,0,imagen.jpeg,83,pointwise_conv,1x384x14x14,2.633631
73,0,imagen.jpeg,84,batchnorm,1x64x14x14,0.011497
73,0,imagen.jpeg,85,layer_add,1x64x14x14,0.006358
73,0,imagen.jpeg,86,pointwise_conv,1x64x14x14,2.650683
73,0,imagen.jpeg,87,batchnorm,1x384x14x14,0.065846
73,0,imagen.jpeg,88,activacion,1x384x14x14,0.258181
73,0,imagen.jpeg,89,depthwise_conv,1x384x14x14,0.752344
73,0,imagen.jpeg,90,batchnorm,1x384x14x14,0.065383
73,0,imagen.jpeg,91,activacion,1x384x14x14,0.235343
73,0,imagen.jpeg,92,pointwise_conv,1x384x14x14,3.934071
73,0,imagen.jpeg,93,batchnorm,1x96x14x14,0.018128
73,0,imagen.jpeg,94,pointwise_conv,1x96x14x14,5.981436
73,0,imagen.jpeg,95,batchnorm,1x576x14x14,0.104506
73,0,imagen.jpeg,96,activacion,1x576x14x14,0.3656
73,0,imagen.jpeg,97,depthwise_conv,1x576x14x14,1.175034
73,0,imagen.jpeg,98,batchnorm,1x576x14x14,0.172678
73,0,imagen.jpeg,99,activacion,1x576x14x14,0.327975
73,0,imagen.jpeg,100,pointwise_conv,1x576x14x14,6.030602
73,0,imagen.jpeg,101,batchnorm,1x96x14x14,0.018825
73,0,imagen.jpeg,102,layer_add,1x96x14x14,0.011856
73,0,imagen.jpeg,103,pointwise_conv,1x96x14x14,6.01002
73,0,imagen.jpeg,104,batchnorm,1x576x14x14,0.108266
73,0,imagen.jpeg,105,activacion,1x576x14x14,0.361234
73,0,imagen.jpeg,106,depthwise_conv,1x576x14x14,1.128141
73,0,imagen.jpeg,107,batchnorm,1x576x14x14,0.157959
73,0,imagen.jpeg,108,activacion,1x576x14x14,0.301915
73,0,imagen.jpeg,109,pointwise_conv,1x576x14x14,5.924407
73,0,imagen.jpeg,110,batchnorm,1x96x14x14,0.017108
73,0,imagen.jpeg,111,layer_add,1x96x14x14,0.012908
73,0,imagen.jpeg,112,pointwise_conv,1x96x14x14,5.982826
73,0,imagen.jpeg,113,batchnorm,1x576x14x14,0.102823
73,0,imagen.jpeg,114,activacion,1x576x14x14,0.314075
73,0,imagen.jpeg,115,depthwise_conv,1x576x14x14,0.266767
73,0,imagen.jpeg,116,batchnorm,1x576x7x7,0.030103
73,0,imagen.jpeg,117,activacion,1x576x7x7,0.064418
73,0,imagen.jpeg,118,pointwise_conv,1x576x7x7,2.392801
73,0,imagen.jpeg,119,batchnorm,1x160x7x7,0.007856
73,0,imagen.jpeg,120,pointwise_conv,1x160x7x7,4.030824
73,0,imagen.jpeg,121,batchnorm,1x960x7x7,0.045378
73,0,imagen.jpeg,122,activacion,1x960x7x7,0.153353
73,0,imagen.jpeg,123,depthwise_conv,1x960x7x7,0.447351
73,0,imagen.jpeg,124,batchnorm,1x960x7x7,0.042524
73,0,imagen.jpeg,125,activacion,1x960x7x7,0.137732
73,0,imagen.jpeg,126,pointwise_conv,1x960x7x7,3.991571
73,0,imagen.jpeg,127,batchnorm,1x160x7x7,0.007414
73,0,imagen.jpeg,128,layer_add,1x160x7x7,0.003865
73,0,imagen.jpeg,129,pointwise_conv,1x160x7x7,3.999755
73,0,imagen.jpeg,130,batchnorm,1x960x7x7,0.043056
73,0,imagen.jpeg,131,activacion,1x960x7x7,0.14282
73,0,imagen.jpeg,132,depthwise_conv,1x960x7x7,0.422288
73,0,imagen.jpeg,133,batchnorm,1x960x7x7,0.053653
73,0,imagen.jpeg,134,activacion,1x960x7x7,0.124716
73,0,imagen.jpeg,135,pointwise_conv,1x960x7x7,3.990837
73,0,imagen.jpeg,136,batchnorm,1x160x7x7,0.007638
73,0,imagen.jpeg,137,layer_add,1x160x7x7,0.003452
73,0,imagen.jpeg,138,pointwise_conv,1x160x7x7,3.999531
73,0,imagen.jpeg,139,batchnorm,1x960x7x7,0.043098
73,0,imagen.jpeg,140,activacion,1x960x7x7,0.1145
73,0,imagen.jpeg,141,depthwise_conv,1x960x7x7,0.439749
73,0,imagen.jpeg,142,batchnorm,1x960x7x7,0.046937
73,0,imagen.jpeg,143,activacion,1x960x7x7,0.088454
73,0,imagen.jpeg,144,pointwise_conv,1x960x7x7,13.508515
73,0,imagen.jpeg,145,batchnorm,1x320x7x7,0.026235
73,0,imagen.jpeg,146,pointwise_conv,1x320x7x7,12.197662
73,0,imagen.jpeg,147,batchnorm,1x1280x7x7,0.061097
73,0,imagen.jpeg,148,activacion,1x1280x7x7,0.178958
73,0,imagen.jpeg,149,pooling,1x1280x7x7,0.038826
73,0,imagen.jpeg,150,linear,1x1280,1.402027
74,0,imagen.jpeg,0,conv2d,1x3x224x224,15.388934
74,0,imagen.jpeg,1,batchnorm,1x32x112x112,0.44386
74,0,imagen.jpeg,2,activacion,1x32x112x112,0.686574
74,0,imagen.jpeg,3,depthwise_conv,1x32x112x112,3.96458
74,0,imagen.jpeg,4,batchnorm,1x32x112x112,2.310242
74,0,imagen.jpeg,5,activacion,1x32x112x112,0.743504
74,0,imagen.jpeg,6,pointwise_conv,1x32x112x112,3.628464
74,0,imagen.jpeg,7,batchnorm,1x16x112x112,0.215403
74,0,imagen.jpeg,8,pointwise_conv,1x16x112x112,11.470692
74,0,imagen.jpeg,9,batchnorm,1x96x112x112,2.136467
74,0,imagen.jpeg,10,activacion,1x96x112x112,3.404385
74,0,imagen.jpeg,11,depthwise_conv,1x96x112x112,3.55081
74,0,imagen.jpeg,12,batchnorm,1x96x56x56,0.424161
74,0,imagen.jpeg,13,activacion,1x96x56x56,1.031851
74,0,imagen.jpeg,14,pointwise_conv,1x96x56x56,3.986022
74,0,imagen.jpeg,15,batchnorm,1x24x56x56,0.061885
74,0,imagen.jpeg,16,pointwise_conv,1x24x56x56,6.573774
74,0,imagen.jpeg,17,batchnorm,1x144x56x56,0.880936
74,0,imagen.jpeg,18,activacion,1x144x56x56,1.272082
74,0,imagen.jpeg,19,depthwise_conv,1x144x56x56,4.579794
74,0,imagen.jpeg,20,batchnorm,1x144x56x56,0.94105
74,0,imagen.jpeg,21,activacion,1x144x56x56,1.628757
74,0,imagen.jpeg,22,pointwise_conv,1x144x56x56,5.88046
74,0,imagen.jpeg,23,batchnorm,1x24x56x56,0.062908
74,0,imagen.jpeg,24,layer_add,1x24x56x56,0.04275
74,0,imagen.jpeg,25,pointwise_conv,1x24x56x56,6.053735
74,0,imagen.jpeg,26,batchnorm,1x144x56x56,0.835609
74,0,imagen.jpeg,27,activacion,1x144x56x56,1.596088
74,0,imagen.jpeg,28,depthwise_conv,1x144x56x56,1.13558
74,0,imagen.jpeg,29,batchnorm,1x144x28x28,0.09644
74,0,imagen.jpeg,30,activacion,1x144x28x28,0.33093
74,0,imagen.jpeg,31,pointwise_conv,1x144x28x28,1.952577
74,0,imagen.jpeg,32,batchnorm,1x32x28x28,0.021268
74,0,imagen.jpeg,33,pointwise_conv,1x32x28x28,2.706271
74,0,imagen.jpeg,34,batchnorm,1x192x28x28,0.136174
74,0,imagen.jpeg,35,activacion,1x192x28x28,0.407621
74,0,imagen.jpeg,36,depthwise_conv,1x192x28x28,1.485651
74,0,imagen.jpeg,37,batchnorm,1x192x28x28,0.128733
74,0,imagen.jpeg,38,activacion,1x192x28x28,0.5264
74,0,imagen.jpeg,39,pointwise_conv,1x192x28x28,2.598022
74,0,imagen.jpeg,40,batchnorm,1x32x28x28,0.020967
74,0,imagen.jpeg,41,layer_add,1x32x28x28,0.012645
74,0,imagen.jpeg,42,pointwise_conv,1x32x28x28,2.661988
74,0,imagen.jpeg,43,batchnorm,1x192x28x28,0.162966
74,0,imagen.jpeg,44,activacion,1x192x28x28,0.434574
74,0,imagen.jpeg,45,depthwise_conv,1x192x28x28,1.485029
74,0,imagen.jpeg,46,batchnorm,1x192x28x28,0.144303
74,0,imagen.jpeg,47,activacion,1x192x28x28,0.495687
74,0,imagen.jpeg,48,pointwise_conv,1x192x28x28,2.538537
74,0,imagen.jpeg,49,batchnorm,1x32x28x28,0.020632
74,0,imagen.jpeg,50,layer_add,1x32x28x28,0.011885
74,0,imagen.jpeg,51,pointwise_conv,1x32x28x28,2.591265
74,0,imagen.jpeg,52,batchnorm,1x192x28x28,0.127498
74,0,imagen.jpeg,53,activacion,1x192x28x28,0.473906
74,0,imagen.jpeg,54,depthwise_conv,1x192x28x28,0.374921
74,0,imagen.jpeg,55,batchnorm,1x192x14x14,0.033483
74,0,imagen.jpeg,56,activacion,1x192x14x14,0.09618
74,0,imagen.jpeg,57,pointwise_conv,1x192x14x14,1.318531
74,0,imagen.jpeg,58,batchnorm,1x64x14x14,0.011465
74,0,imagen.jpeg,59,pointwise_conv,1x64x14x14,2.742478
74,0,imagen.jpeg,60,batchnorm,1x384x14x14,0.0646
74,0,imagen.jpeg,61,activacion,1x384x14x14,0.181426
74,0,imagen.jpeg,62,depthwise_conv,1x384x14x14,0.764873
74,0,imagen.jpeg,63,batchnorm,1x384x14x14,0.063837
74,0,imagen.jpeg,64,activacion,1x384x14x14,0.295013
74,0,imagen.jpeg,65,pointwise_conv,1x384x14x14,2.684554
74,0,imagen.jpeg,66,batchnorm,1x64x14x14,0.01065
74,0,imagen.jpeg,67,layer_add,1x64x14x14,0.006211
74,0,imagen.jpeg,68,pointwise_conv,1x64x14x14,2.668855
74,0,imagen.jpeg,69,batchnorm,1x384x14x14,0.062193
74,0,imagen.jpeg,70,activacion,1x384x14x14,0.289533
74,0,imagen.jpeg,71,depthwise_conv,1x384x14x14,0.82116
74,0,imagen.jpeg,72,batchnorm,1x384x14x14,0.095971
74,0,imagen.jpeg,73,activacion,1x384x14x14,0.291949
74,0,imagen.jpeg,74,pointwise_conv,1x384x14x14,2.842072
74,0,imagen.jpeg,75,batchnorm,1x64x14x14,0.011036
74,0,imagen.jpeg,76,layer_add,1x64x14x14,0.007527
74,0,imagen.jpeg,77,pointwise_conv,1x64x14x14,2.716723
74,0,imagen.jpeg,78,batchnorm,1x384x14x14,0.066216
74,0,imagen.jpeg,79,activacion,1x384x14x14,0.266375
74,0,imagen.jpeg,80,depthwise_conv,1x384x14x14,0.739003
74,0,imagen.jpeg,81,batchnorm,1x384x14x14,0.137928
74,0,imagen.jpeg,82,activacion,1x384x14x14,0.268288
74,0,imagen.jpeg,83,pointwise_conv,1x384x14x14,2.700305
74,0,imagen.jpeg,84,batchnorm,1x64x14x14,0.011519
74,0,imagen.jpeg,85,layer_add,1x64x14x14,0.019832
74,0,imagen.jpeg,86,pointwise_conv,1x64x14x14,2.668581
74,0,imagen.jpeg,87,batchnorm,1x384x14x14,0.064162
74,0,imagen.jpeg,88,activacion,1x384x14x14,0.313005
74,0,imagen.jpeg,89,depthwise_conv,1x384x14x14,0.732122
74,0,imagen.jpeg,90,batchnorm,1x384x14x14,0.096516
74,0,imagen.jpeg,91,activacion,1x384x14x14,0.230594
74,0,imagen.jpeg,92,pointwise_conv,1x384x14x14,4.007289
74,0,imagen.jpeg,93,batchnorm,1x96x14x14,0.01733
74,0,imagen.jpeg,94,pointwise_conv,1x96x14x14,5.974818
74,0,imagen.jpeg,95,batchnorm,1x576x14x14,0.101797
74,0,imagen.jpeg,96,activacion,1x576x14x14,0.366145
74,0,imagen.jpeg,97,depthwise_conv,1x576x14x14,1.142847
74,0,imagen.jpeg,98,batchnorm,1x576x14x14,0.176554
74,0,imagen.jpeg,99,activacion,1x576x14x14,0.325489
74,0,imagen.jpeg,100,pointwise_conv,1x576x14x14,5.960839
74,0,imagen.jpeg,101,batchnorm,1x96x14x14,0.01748
74,0,imagen.jpeg,102,layer_add,1x96x14x14,0.010667
74,0,imagen.jpeg,103,pointwise_conv,1x96x14x14,5.961526
74,0,imagen.jpeg,104,batchnorm,1x576x14x14,0.100288
74,0,imagen.jpeg,105,activacion,1x576x14x14,0.364382
74,0,imagen.jpeg,106,depthwise_conv,1x576x14x14,1.126026
74,0,imagen.jpeg,107,batchnorm,1x576x14x14,0.156962
74,0,imagen.jpeg,108,activacion,1x576x14x14,0.299262
74,0,imagen.jpeg,109,pointwise_conv,1x576x14x14,5.942973
74,0,imagen.jpeg,110,batchnorm,1x96x14x14,0.016455
74,0,imagen.jpeg,111,layer_add,1x96x14x14,0.011669
74,0,imagen.jpeg,112,pointwise_conv,1x96x14x14,5.99248
74,0,imagen.jpeg,113,batchnorm,1x576x14x14,0.11506
74,0,imagen.jpeg,114,activacion,1x576x14x14,0.314953
74,0,imagen.jpeg,115,depthwise_conv,1x576x14x14,0.267645
74,0,imagen.jpeg,116,batchnorm,1x576x7x7,0.030626
74,0,imagen.jpeg,117,activacion,1x576x7x7,0.065407
74,0,imagen.jpeg,118,pointwise_conv,1x576x7x7,2.478745
74,0,imagen.jpeg,119,batchnorm,1x160x7x7,0.00823
74,0,imagen.jpeg,120,pointwise_conv,1x160x7x7,4.534905
74,0,imagen.jpeg,121,batchnorm,1x960x7x7,0.049556
74,0,imagen.jpeg,122,activacion,1x960x7x7,0.153517
74,0,imagen.jpeg,123,depthwise_conv,1x960x7x7,0.433062
74,0,imagen.jpeg,124,batchnorm,1x960x7x7,0.045578
74,0,imagen.jpeg,125,activacion,1x960x7x7,0.148326
74,0,imagen.jpeg,126,pointwise_conv,1x960x7x7,4.298679
74,0,imagen.jpeg,127,batchnorm,1x160x7x7,0.008572
74,0,imagen.jpeg,128,layer_add,1x160x7x7,0.004874
74,0,imagen.jpeg,129,pointwise_conv,1x160x7x7,4.320125
74,0,imagen.jpeg,130,batchnorm,1x960x7x7,0.047784
74,0,imagen.jpeg,131,activacion,1x960x7x7,0.160737
74,0,imagen.jpeg,132,depthwise_conv,1x960x7x7,0.445503
74,0,imagen.jpeg,133,batchnorm,1x960x7x7,0.056733
74,0,imagen.jpeg,134,activacion,1x960x7x7,0.130488
74,0,imagen.jpeg,135,pointwise_conv,1x960x7x7,4.160864
74,0,imagen.jpeg,136,batchnorm,1x160x7x7,0.00913
74,0,imagen.jpeg,137,layer_add,1x160x7x7,0.005931
74,0,imagen.jpeg,138,pointwise_conv,1x160x7x7,4.252448
74,0,imagen.jpeg,139,batchnorm,1x960x7x7,0.049198
74,0,imagen.jpeg,140,activacion,1x960x7x7,0.115483
74,0,imagen.jpeg,141,depthwise_conv,1x960x7x7,0.539365
74,0,imagen.jpeg,142,batchnorm,1x960x7x7,0.049678
74,0,imagen.jpeg,143,activacion,1x960x7x7,0.090018
74,0,imagen.jpeg,144,pointwise_conv,1x960x7x7,8.415155
74,0,imagen.jpeg,145,batchnorm,1x320x7x7,0.016166
74,0,imagen.jpeg,146,pointwise_conv,1x320x7x7,10.9483
74,0,imagen.jpeg,147,batchnorm,1x1280x7x7,0.061975
74,0,imagen.jpeg,148,activacion,1x1280x7x7,0.185233
74,0,imagen.jpeg,149,pooling,1x1280x7x7,0.044121
74,0,imagen.jpeg,150,linear,1x1280,1.428332
75,0,imagen.jpeg,0,conv2d,1x3x224x224,15.47557
75,0,imagen.jpeg,1,batchnorm,1x32x112x112,0.457739
75,0,imagen.jpeg,2,activacion,1x32x112x112,0.716056
75,0,imagen.jpeg,3,depthwise_conv,1x32x112x112,4.235049
75,0,imagen.jpeg,4,batchnorm,1x32x112x112,2.459415
75,0,imagen.jpeg,5,activacion,1x32x112x112,0.87291
75,0,imagen.jpeg,6,pointwise_conv,1x32x112x112,3.930402
75,0,imagen.jpeg,7,batchnorm,1x16x112x112,0.178769
75,0,imagen.jpeg,8,pointwise_conv,1x16x112x112,11.754929
75,0,imagen.jpeg,9,batchnorm,1x96x112x112,2.36358
75,0,imagen.jpeg,10,activacion,1x96x112x112,3.505832
75,0,imagen.jpeg,11,depthwise_conv,1x96x112x112,3.042458
75,0,imagen.jpeg,12,batchnorm,1x96x56x56,0.292923
75,0,imagen.jpeg,13,activacion,1x96x56x56,1.010764
75,0,imagen.jpeg,14,pointwise_conv,1x96x56x56,3.813701
75,0,imagen.jpeg,15,batchnorm,1x24x56x56,0.063564
75,0,imagen.jpeg,16,pointwise_conv,1x24x56x56,6.691768
75,0,imagen.jpeg,17,batchnorm,1x144x56x56,0.900968
75,0,imagen.jpeg,18,activacion,1x144x56x56,1.439141
75,0,imagen.jpeg,19,depthwise_conv,1x144x56x56,4.790617
75,0,imagen.jpeg,20,batchnorm,1x144x56x56,0.918071
75,0,imagen.jpeg,21,activacion,1x144x56x56,1.660115
75,0,imagen.jpeg,22,pointwise_conv,1x144x56x56,5.905154
75,0,imagen.jpeg,23,batchnorm,1x24x56x56,0.061736
75,0,imagen.jpeg,24,layer_add,1x24x56x56,0.042424
75,0,imagen.jpeg,25,pointwise_conv,1x24x56x56,6.096777
75,0,imagen.jpeg,26,batchnorm,1x144x56x56,0.490887
75,0,imagen.jpeg,27,activacion,1x144x56x56,1.585676
75,0,imagen.jpeg,28,depthwise_conv,1x144x56x56,1.221802
75,0,imagen.jpeg,29,batchnorm,1x144x28x28,0.104944
75,0,imagen.jpeg,30,activacion,1x144x28x28,0.349856
75,0,imagen.jpeg,31,pointwise_conv,1x144x28x28,2.026911
75,0,imagen.jpeg,32,batchnorm,1x32x28x28,0.021994
75,0,imagen.jpeg,33,pointwise_conv,1x32x28x28,2.727988
75,0,imagen.jpeg,34,batchnorm,1x192x28x28,0.13704
75,0,imagen.jpeg,35,activacion,1x192x28x28,0.380853
75,0,imagen.jpeg,36,depthwise_conv,1x192x28x28,1.489424
75,0,imagen.jpeg,37,batchnorm,1x192x28x28,0.127201
75,0,imagen.jpeg,38,activacion,1x192x28x28,0.528628
75,0,imagen.jpeg,39,pointwise_conv,1x192x28x28,2.666557
75,0,imagen.jpeg,40,batchnorm,1x32x28x28,0.021412
75,0,imagen.jpeg,41,layer_add,1x32x28x28,0.014152
75,0,imagen.jpeg,42,pointwise_conv,1x32x28x28,2.693078
75,0,imagen.jpeg,43,batchnorm,1x192x28x28,0.164899
75,0,imagen.jpeg,44,activacion,1x192x28x28,0.44546
75,0,imagen.jpeg,45,depthwise_conv,1x192x28x28,1.488835
75,0,imagen.jpeg,46,batchnorm,1x192x28x28,0.142648
75,0,imagen.jpeg,47,activacion,1x192x28x28,0.492904
75,0,imagen.jpeg,48,pointwise_conv,1x192x28x28,2.581259
75,0,imagen.jpeg,49,batchnorm,1x32x28x28,0.020543
75,0,imagen.jpeg,50,layer_add,1x32x28x28,0.012487
75,0,imagen.jpeg,51,pointwise_conv,1x32x28x28,2.659248
75,0,imagen.jpeg,52,batchnorm,1x192x28x28,0.139093
75,0,imagen.jpeg,53,activacion,1x192x28x28,0.454309
75,0,imagen.jpeg,54,depthwise_conv,1x192x28x28,0.404266
75,0,imagen.jpeg,55,batchnorm,1x192x14x14,0.03226
75,0,imagen.jpeg,56,activacion,1x192x14x14,0.09295
75,0,imagen.jpeg,57,pointwise_conv,1x192x14x14,1.337984
75,0,imagen.jpeg,58,batchnorm,1x64x14x14,0.011591
75,0,imagen.jpeg,59,pointwise_conv,1x64x14x14,2.663538
75,0,imagen.jpeg,60,batchnorm,1x384x14x14,0.064398
75,0,imagen.jpeg,61,activacion,1x384x14x14,0.185774
75,0,imagen.jpeg,62,depthwise_conv,1x384x14x14,0.808258
75,0,imagen.jpeg,63,batchnorm,1x384x14x14,0.066419
75,0,imagen.jpeg,64,activacion,1x384x14x14,0.263454
75,0,imagen.jpeg,65,pointwise_conv,1x384x14x14,2.62926
75,0,imagen.jpeg,66,batchnorm,1x64x14x14,0.011341
75,0,imagen.jpeg,67,layer_add,1x64x14x14,0.006437
75,0,imagen.jpeg,68,pointwise_conv,1x64x14x14,2.949537
75,0,imagen.jpeg,69,batchnorm,1x384x14x14,0.109731
75,0,imagen.jpeg,70,activacion,1x384x14x14,0.252893
75,0,imagen.jpeg,71,depthwise_conv,1x384x14x14,0.811882
75,0,imagen.jpeg,72,batchnorm,1x384x14x14,0.097391
75,0,imagen.jpeg,73,activacion,1x384x14x14,0.259464
75,0,imagen.jpeg,74,pointwise_conv,1x384x14x14,2.684141
75,0,imagen.jpeg,75,batchnorm,1x64x14x14,0.011398
75,0,imagen.jpeg,76,layer_add,1x64x14x14,0.007818
75,0,imagen.jpeg,77,pointwise_conv,1x64x14x14,2.718547
75,0,imagen.jpeg,78,batchnorm,1x384x14x14,0.078319
75,0,imagen.jpeg,79,activacion,1x384x14x14,0.263766
75,0,imagen.jpeg,80,depthwise_conv,1x384x14x14,0.749252
75,0,imagen.jpeg,81,batchnorm,1x384x14x14,0.154363
75,0,imagen.jpeg,82,activacion,1x384x14x14,0.230145
75,0,imagen.jpeg,83,pointwise_conv,1x384x14x14,2.732346
75,0,imagen.jpeg,84,batchnorm,1x64x14x14,0.011765
75,0,imagen.jpeg,85,layer_add,1x64x14x14,0.006427
75,0,imagen.jpeg,86,pointwise_conv,1x64x14x14,2.708941
75,0,imagen.jpeg,87,batchnorm,1x384x14x14,0.065511
75,0,imagen.jpeg,88,activacion,1x384x14x14,0.259401
75,0,imagen.jpeg,89,depthwise_conv,1x384x14x14,0.782711
75,0,imagen.jpeg,90,batchnorm,1x384x14x14,0.065659
75,0,imagen.jpeg,91,activacion,1x384x14x14,0.237205
75,0,imagen.jpeg,92,pointwise_conv,1x384x14x14,3.94774
75,0,imagen.jpeg,93,batchnorm,1x96x14x14,0.017236
75,0,imagen.jpeg,94,pointwise_conv,1x96x14x14,5.912892
75,0,imagen.jpeg,95,batchnorm,1x576x14x14,0.095015
75,0,imagen.jpeg,96,activacion,1x576x14x14,0.389354
75,0,imagen.jpeg,97,depthwise_conv,1x576x14x14,1.202938
75,0,imagen.jpeg,98,batchnorm,1x576x14x14,0.169349
75,0,imagen.jpeg,99,activacion,1x576x14x14,0.318005
75,0,imagen.jpeg,100,pointwise_conv,1x576x14x14,6.10221
75,0,imagen.jpeg,101,batchnorm,1x96x14x14,0.016771
75,0,imagen.jpeg,102,layer_add,1x96x14x14,0.009931
75,0,imagen.jpeg,103,pointwise_conv,1x96x14x14,6.037709
75,0,imagen.jpeg,104,batchnorm,1x576x14x14,0.103486
75,0,imagen.jpeg,105,activacion,1x576x14x14,0.362079
75,0,imagen.jpeg,106,depthwise_conv,1x576x14x14,1.163159
75,0,imagen.jpeg,107,batchnorm,1x576x14x14,0.216017
75,0,imagen.jpeg,108,activacion,1x576x14x14,0.360233
75,0,imagen.jpeg,109,pointwise_conv,1x576x14x14,6.141796
75,0,imagen.jpeg,110,batchnorm,1x96x14x14,0.017313
75,0,imagen.jpeg,111,layer_add,1x96x14x14,0.013393
75,0,imagen.jpeg,112,pointwise_conv,1x96x14x14,5.966155
75,0,imagen.jpeg,113,batchnorm,1x576x14x14,0.106346
75,0,imagen.jpeg,114,activacion,1x576x14x14,0.312148
75,0,imagen.jpeg,115,depthwise_conv,1x576x14x14,0.26693
75,0,imagen.jpeg,116,batchnorm,1x576x7x7,0.030246
75,0,imagen.jpeg,117,activacion,1x576x7x7,0.064885
75,0,imagen.jpeg,118,pointwise_conv,1x576x7x7,2.395246
75,0,imagen.jpeg,119,batchnorm,1x160x7x7,0.007735
75,0,imagen.jpeg,120,pointwise_conv,1x160x7x7,4.053391
75,0,imagen.jpeg,121,batchnorm,1x960x7x7,0.046167
75,0,imagen.jpeg,122,activacion,1x960x7x7,0.151752
75,0,imagen.jpeg,123,depthwise_conv,1x960x7x7,0.436486
75,0,imagen.jpeg,124,batchnorm,1x960x7x7,0.043865
75,0,imagen.jpeg,125,activacion,1x960x7x7,0.141602
75,0,imagen.jpeg,126,pointwise_conv,1x960x7x7,4.011334
75,0,imagen.jpeg,127,batchnorm,1x160x7x7,0.007661
75,0,imagen.jpeg,128,layer_add,1x160x7x7,0.003809
75,0,imagen.jpeg,129,pointwise_conv,1x160x7x7,4.056093
75,0,imagen.jpeg,130,batchnorm,1x960x7x7,0.042553
75,0,imagen.jpeg,131,activacion,1x960x7x7,0.142486
75,0,imagen.jpeg,132,depthwise_conv,1x960x7x7,0.426567
75,0,imagen.jpeg,133,batchnorm,1x960x7x7,0.053631
75,0,imagen.jpeg,134,activacion,1x960x7x7,0.124022
75,0,imagen.jpeg,135,pointwise_conv,1x960x7x7,3.991225
75,0,imagen.jpeg,136,batchnorm,1x160x7x7,0.007486
75,0,imagen.jpeg,137,layer_add,1x160x7x7,0.003668
75,0,imagen.jpeg,138,pointwise_conv,1x160x7x7,4.111023
75,0,imagen.jpeg,139,batchnorm,1x960x7x7,0.04438
75,0,imagen.jpeg,140,activacion,1x960x7x7,0.12927
75,0,imagen.jpeg,141,depthwise_conv,1x960x7x7,0.425744
75,0,imagen.jpeg,142,batchnorm,1x960x7x7,0.046758
75,0,imagen.jpeg,143,activacion,1x960x7x7,0.087356
75,0,imagen.jpeg,144,pointwise_conv,1x960x7x7,8.034237
75,0,imagen.jpeg,145,batchnorm,1x320x7x7,0.015765
75,0,imagen.jpeg,146,pointwise_conv,1x320x7x7,10.737317
75,0,imagen.jpeg,147,batchnorm,1x1280x7x7,0.059083
75,0,imagen.jpeg,148,activacion,1x1280x7x7,0.181276
75,0,imagen.jpeg,149,pooling,1x1280x7x7,0.041318
75,0,imagen.jpeg,150,linear,1x1280,1.50272
76,0,imagen.jpeg,0,conv2d,1x3x224x224,15.379086
76,0,imagen.jpeg,1,batchnorm,1x32x112x112,0.403449
76,0,imagen.jpeg,2,activacion,1x32x112x112,0.681395
76,0,imagen.jpeg,3,depthwise_conv,1x32x112x112,3.972977
76,0,imagen.jpeg,4,batchnorm,1x32x112x112,2.271051
76,0,imagen.jpeg,5,activacion,1x32x112x112,0.772083
76,0,imagen.jpeg,6,pointwise_conv,1x32x112x112,3.47591
76,0,imagen.jpeg,7,batchnorm,1x16x112x112,0.168698
76,0,imagen.jpeg,8,pointwise_conv,1x16x112x112,10.845484
76,0,imagen.jpeg,9,batchnorm,1x96x112x112,2.129118
76,0,imagen.jpeg,10,activacion,1x96x112x112,3.324428
76,0,imagen.jpeg,11,depthwise_conv,1x96x112x112,3.085429
76,0,imagen.jpeg,12,batchnorm,1x96x56x56,0.278947
76,0,imagen.jpeg,13,activacion,1x96x56x56,0.959948
76,0,imagen.jpeg,14,pointwise_conv,1x96x56x56,3.878183
76,0,imagen.jpeg,15,batchnorm,1x24x56x56,0.061652
76,0,imagen.jpeg,16,pointwise_conv,1x24x56x56,6.523417
76,0,imagen.jpeg,17,batchnorm,1x144x56x56,0.855552
76,0,imagen.jpeg,18,activacion,1x144x56x56,1.236406
76,0,imagen.jpeg,19,depthwise_conv,1x144x56x56,4.408653
76,0,imagen.jpeg,20,batchnorm,1x144x56x56,0.841608
76,0,imagen.jpeg,21,activacion,1x144x56x56,1.607672
76,0,imagen.jpeg,22,pointwise_conv,1x144x56x56,5.762907
76,0,imagen.jpeg,23,batchnorm,1x24x56x56,0.062666
76,0,imagen.jpeg,24,layer_add,1x24x56x56,0.046605
76,0,imagen.jpeg,25,pointwise_conv,1x24x56x56,5.881255
76,0,imagen.jpeg,26,batchnorm,1x144x56x56,0.404312
76,0,imagen.jpeg,27,activacion,1x144x56x56,1.505133
76,0,imagen.jpeg,28,depthwise_conv,1x144x56x56,1.102987
76,0,imagen.jpeg,29,batchnorm,1x144x28x28,0.094394
76,0,imagen.jpeg,30,activacion,1x144x28x28,0.376071
76,0,imagen.jpeg,31,pointwise_conv,1x144x28x28,3.570465
76,0,imagen.jpeg,32,batchnorm,1x32x28x28,0.040649
76,0,imagen.jpeg,33,pointwise_conv,1x32x28x28,2.738972
76,0,imagen.jpeg,34,batchnorm,1x192x28x28,0.141557
76,0,imagen.jpeg,35,activacion,1x192x28x28,0.401232
76,0,imagen.jpeg,36,depthwise_conv,1x192x28x28,1.4793
76,0,imagen.jpeg,37,batchnorm,1x192x28x28,0.136477
76,0,imagen.jpeg,38,activacion,1x192x28x28,0.517314
76,0,imagen.jpeg,39,pointwise_conv,1x192x28x28,2.545072
76,0,imagen.jpeg,40,batchnorm,1x32x28x28,0.021247
76,0,imagen.jpeg,41,layer_add,1x32x28x28,0.014314
76,0,imagen.jpeg,42,pointwise_conv,1x32x28x28,2.616558
76,0,imagen.jpeg,43,batchnorm,1x192x28x28,0.13465
76,0,imagen.jpeg,44,activacion,1x192x28x28,0.427246
76,0,imagen.jpeg,45,depthwise_conv,1x192x28x28,1.454799
76,0,imagen.jpeg,46,batchnorm,1x192x28x28,0.162347
76,0,imagen.jpeg,47,activacion,1x192x28x28,0.501493
76,0,imagen.jpeg,48,pointwise_conv,1x192x28x28,2.540824
76,0,imagen.jpeg,49,batchnorm,1x32x28x28,0.02061
76,0,imagen.jpeg,50,layer_add,1x32x28x28,0.011689
76,0,imagen.jpeg,51,pointwise_conv,1x32x28x28,2.616653
76,0,imagen.jpeg,52,batchnorm,1x192x28x28,0.129379
76,0,imagen.jpeg,53,activacion,1x192x28x28,0.473738
76,0,imagen.jpeg,54,depthwise_conv,1x192x28x28,0.379281
76,0,imagen.jpeg,55,batchnorm,1x192x14x14,0.047242
76,0,imagen.jpeg,56,activacion,1x192x14x14,0.093795
76,0,imagen.jpeg,57,pointwise_conv,1x192x14x14,1.312577
76,0,imagen.jpeg,58,batchnorm,1x64x14x14,0.011455
76,0,imagen.jpeg,59,pointwise_conv,1x64x14x14,2.674322
76,0,imagen.jpeg,60,batchnorm,1x384x14x14,0.065945
76,0,imagen.jpeg,61,activacion,1x384x14x14,0.190385
76,0,imagen.jpeg,62,depthwise_conv,1x384x14x14,0.749352
76,0,imagen.jpeg,63,batchnorm,1x384x14x14,0.065383
76,0,imagen.jpeg,64,activacion,1x384x14x14,0.272461
76,0,imagen.jpeg,65,pointwise_conv,1x384x14x14,2.66284
76,0,imagen.jpeg,66,batchnorm,1x64x14x14,0.011402
76,0,imagen.jpeg,67,layer_add,1x64x14x14,0.006001
76,0,imagen.jpeg,68,pointwise_conv,1x64x14x14,2.676801
76,0,imagen.jpeg,69,batchnorm,1x384x14x14,0.067038
76,0,imagen.jpeg,70,activacion,1x384x14x14,0.240458
76,0,imagen.jpeg,71,depthwise_conv,1x384x14x14,0.768805
76,0,imagen.jpeg,72,batchnorm,1x384x14x14,0.097341
76,0,imagen.jpeg,73,activacion,1x384x14x14,0.248851
76,0,imagen.jpeg,74,pointwise_conv,1x384x14x14,2.708548
76,0,imagen.jpeg,75,batchnorm,1x64x14x14,0.012356
76,0,imagen.jpeg,76,layer_add,1x64x14x14,0.007604
76,0,imagen.jpeg,77,pointwise_conv,1x64x14x14,2.663196
76,0,imagen.jpeg,78,batchnorm,1x384x14x14,0.068082
76,0,imagen.jpeg,79,activacion,1x384x14x14,0.252254
76,0,imagen.jpeg,80,depthwise_conv,1x384x14x14,0.752716
76,0,imagen.jpeg,81,batchnorm,1x384x14x14,0.139079
76,0,imagen.jpeg,82,activacion,1x384x14x14,0.224621
76,0,imagen.jpeg,83,pointwise_conv,1x384x14x14,2.623467
76,0,imagen.jpeg,84,batchnorm,1x64x14x14,0.011095
76,0,imagen.jpeg,85,layer_add,1x64x14x14,0.005984
76,0,imagen.jpeg,86,pointwise_conv,1x64x14x14,2.649165
76,0,imagen.jpeg,87,batchnorm,1x384x14x14,0.06632
76,0,imagen.jpeg,88,activacion,1x384x14x14,0.253004
76,0,imagen.jpeg,89,depthwise_conv,1x384x14x14,0.75138
76,0,imagen.jpeg,90,batchnorm,1x384x14x14,0.065296
76,0,imagen.jpeg,91,activacion,1x384x14x14,0.23529
76,0,imagen.jpeg,92,pointwise_conv,1x384x14x14,4.051335
76,0,imagen.jpeg,93,batchnorm,1x96x14x14,0.018829
76,0,imagen.jpeg,94,pointwise_conv,1x96x14x14,6.016559
76,0,imagen.jpeg,95,batchnorm,1x576x14x14,0.103261
76,0,imagen.jpeg,96,activacion,1x576x14x14,0.364516
76,0,imagen.jpeg,97,depthwise_conv,1x576x14x14,1.119604
76,0,imagen.jpeg,98,batchnorm,1x576x14x14,0.173349
76,0,imagen.jpeg,99,activacion,1x576x14x14,0.328144
76,0,imagen.jpeg,100,pointwise_conv,1x576x14x14,5.924485
76,0,imagen.jpeg,101,batchnorm,1x96x14x14,0.016745
76,0,imagen.jpeg,102,layer_add,1x96x14x14,0.010149
76,0,imagen.jpeg,103,pointwise_conv,1x96x14x14,5.925764
76,0,imagen.jpeg,104,batchnorm,1x576x14x14,0.10241
76,0,imagen.jpeg,105,activacion,1x576x14x14,0.359891
76,0,imagen.jpeg,106,depthwise_conv,1x576x14x14,1.164629
76,0,imagen.jpeg,107,batchnorm,1x576x14x14,0.15672
76,0,imagen.jpeg,108,activacion,1x576x14x14,0.303058
76,0,imagen.jpeg,109,pointwise_conv,1x576x14x14,5.933562
76,0,imagen.jpeg,110,batchnorm,1x96x14x14,0.021149
76,0,imagen.jpeg,111,layer_add,1x96x14x14,0.012132
76,0,imagen.jpeg,112,pointwise_conv,1x96x14x14,5.926543
76,0,imagen.jpeg,113,batchnorm,1x576x14x14,0.098561
76,0,imagen.jpeg,114,activacion,1x576x14x14,0.31185
76,0,imagen.jpeg,115,depthwise_conv,1x576x14x14,0.294477
76,0,imagen.jpeg,116,batchnorm,1x576x7x7,0.030335
76,0,imagen.jpeg,117,activacion,1x576x7x7,0.064864
76,0,imagen.jpeg,118,pointwise_conv,1x576x7x7,2.394154
76,0,imagen.jpeg,119,batchnorm,1x160x7x7,0.007787
76,0,imagen.jpeg,120,pointwise_conv,1x160x7x7,4.597374
76,0,imagen.jpeg,121,batchnorm,1x960x7x7,0.054379
76,0,imagen.jpeg,122,activacion,1x960x7x7,0.180468
76,0,imagen.jpeg,123,depthwise_conv,1x960x7x7,0.443591
76,0,imagen.jpeg,124,batchnorm,1x960x7x7,0.043746
76,0,imagen.jpeg,125,activacion,1x960x7x7,0.139121
76,0,imagen.jpeg,126,pointwise_conv,1x960x7x7,4.506474
76,0,imagen.jpeg,127,batchnorm,1x160x7x7,0.010285
76,0,imagen.jpeg,128,layer_add,1x160x7x7,0.007883
76,0,imagen.jpeg,129,pointwise_conv,1x160x7x7,4.52905
76,0,imagen.jpeg,130,batchnorm,1x960x7x7,0.047983
76,0,imagen.jpeg,131,activacion,1x960x7x7,0.142205
76,0,imagen.jpeg,132,depthwise_conv,1x960x7x7,0.453708
76,0,imagen.jpeg,133,batchnorm,1x960x7x7,0.056004
76,0,imagen.jpeg,134,activacion,1x960x7x7,0.128618
76,0,imagen.jpeg,135,pointwise_conv,1x960x7x7,4.168632
76,0,imagen.jpeg,136,batchnorm,1x160x7x7,0.007365
76,0,imagen.jpeg,137,layer_add,1x160x7x7,0.004581
76,0,imagen.jpeg,138,pointwise_conv,1x160x7x7,4.095752
76,0,imagen.jpeg,139,batchnorm,1x960x7x7,0.042156
76,0,imagen.jpeg,140,activacion,1x960x7x7,0.125275
76,0,imagen.jpeg,141,depthwise_conv,1x960x7x7,0.443433
76,0,imagen.jpeg,142,batchnorm,1x960x7x7,0.046446
76,0,imagen.jpeg,143,activacion,1x960x7x7,0.087769
76,0,imagen.jpeg,144,pointwise_conv,1x960x7x7,8.500991
76,0,imagen.jpeg,145,batchnorm,1x320x7x7,0.016197
76,0,imagen.jpeg,146,pointwise_conv,1x320x7x7,11.478401
76,0,imagen.jpeg,147,batchnorm,1x1280x7x7,0.062764
76,0,imagen.jpeg,148,activacion,1x1280x7x7,0.180786
76,0,imagen.jpeg,149,pooling,1x1280x7x7,0.039416
76,0,imagen.jpeg,150,linear,1x1280,1.409858
77,0,imagen.jpeg,0,conv2d,1x3x224x224,15.673837
77,0,imagen.jpeg,1,batchnorm,1x32x112x112,0.411863
77,0,imagen.jpeg,2,activacion,1x32x112x112,0.638965
77,0,imagen.jpeg,3,depthwise_conv,1x32x112x112,3.882993
77,0,imagen.jpeg,4,batchnorm,1x32x112x112,2.357803
77,0,imagen.jpeg,5,activacion,1x32x112x112,0.777281
77,0,imagen.jpeg,6,pointwise_conv,1x32x112x112,3.565877
77,0,imagen.jpeg,7,batchnorm,1x16x112x112,0.168201
77,0,imagen.jpeg,8,pointwise_conv,1x16x112x112,10.73382
77,0,imagen.jpeg,9,batchnorm,1x96x112x112,2.269471
77,0,imagen.jpeg,10,activacion,1x96x112x112,3.369359
77,0,imagen.jpeg,11,depthwise_conv,1x96x112x112,3.00867
77,0,imagen.jpeg,12,batchnorm,1x96x56x56,0.285387
77,0,imagen.jpeg,13,activacion,1x96x56x56,0.964414
77,0,imagen.jpeg,14,pointwise_conv,1x96x56x56,3.849428
77,0,imagen.jpeg,15,batchnorm,1x24x56x56,0.061355
77,0,imagen.jpeg,16,pointwise_conv,1x24x56x56,6.59085
77,0,imagen.jpeg,17,batchnorm,1x144x56x56,0.863975
77,0,imagen.jpeg,18,activacion,1x144x56x56,1.248298
77,0,imagen.jpeg,19,depthwise_conv,1x144x56x56,4.299179
77,0,imagen.jpeg,20,batchnorm,1x144x56x56,0.83038
77,0,imagen.jpeg,21,activacion,1x144x56x56,1.619319
77,0,imagen.jpeg,22,pointwise_conv,1x144x56x56,5.963173
77,0,imagen.jpeg,23,batchnorm,1x24x56x56,0.06421
77,0,imagen.jpeg,24,layer_add,1x24x56x56,0.045528
77,0,imagen.jpeg,25,pointwise_conv,1x24x56x56,5.839351
77,0,imagen.jpeg,26,batchnorm,1x144x56x56,0.417397
77,0,imagen.jpeg,27,activacion,1x144x56x56,1.435792
77,0,imagen.jpeg,28,depthwise_conv,1x144x56x56,1.066311
77,0,imagen.jpeg,29,batchnorm,1x144x28x28,0.093965
77,0,imagen.jpeg,30,activacion,1x144x28x28,0.325897
77,0,imagen.jpeg,31,pointwise_conv,1x144x28x28,1.937455
77,0,imagen.jpeg,32,batchnorm,1x32x28x28,0.021517
77,0,imagen.jpeg,33,pointwise_conv,1x32x28x28,2.654784
77,0,imagen.jpeg,34,batchnorm,1x192x28x28,0.181859
77,0,imagen.jpeg,35,activacion,1x192x28x28,0.366316
77,0,imagen.jpeg,36,depthwise_conv,1x192x28x28,1.449732
77,0,imagen.jpeg,37,batchnorm,1x192x28x28,0.129522
77,0,imagen.jpeg,38,activacion,1x192x28x28,0.517859
77,0,imagen.jpeg,39,pointwise_conv,1x192x28x28,2.56382
77,0,imagen.jpeg,40,batchnorm,1x32x28x28,0.021152
77,0,imagen.jpeg,41,layer_add,1x32x28x28,0.013615
77,0,imagen.jpeg,42,pointwise_conv,1x32x28x28,2.59377
77,0,imagen.jpeg,43,batchnorm,1x192x28x28,0.130663
77,0,imagen.jpeg,44,activacion,1x192x28x28,0.424833
77,0,imagen.jpeg,45,depthwise_conv,1x192x28x28,1.432928
77,0,imagen.jpeg,46,batchnorm,1x192x28x28,0.125366
77,0,imagen.jpeg,47,activacion,1x192x28x28,0.497824
77,0,imagen.jpeg,48,pointwise_conv,1x192x28x28,2.585808
77,0,imagen.jpeg,49,batchnorm,1x32x28x28,0.020833
77,0,imagen.jpeg,50,layer_add,1x32x28x28,0.012067
77,0,imagen.jpeg,51,pointwise_conv,1x32x28x28,2.644013
77,0,imagen.jpeg,52,batchnorm,1x192x28x28,0.189856
77,0,imagen.jpeg,53,activacion,1x192x28x28,0.5198
77,0,imagen.jpeg,54,depthwise_conv,1x192x28x28,0.376249
77,0,imagen.jpeg,55,batchnorm,1x192x14x14,0.033122
77,0,imagen.jpeg,56,activacion,1x192x14x14,0.096785
77,0,imagen.jpeg,57,pointwise_conv,1x192x14x14,1.310987
77,0,imagen.jpeg,58,batchnorm,1x64x14x14,0.01447
77,0,imagen.jpeg,59,pointwise_conv,1x64x14x14,2.651983
77,0,imagen.jpeg,60,batchnorm,1x384x14x14,0.084223
77,0,imagen.jpeg,61,activacion,1x384x14x14,0.190348
77,0,imagen.jpeg,62,depthwise_conv,1x384x14x14,0.803323
77,0,imagen.jpeg,63,batchnorm,1x384x14x14,0.075139
77,0,imagen.jpeg,64,activacion,1x384x14x14,0.286967
77,0,imagen.jpeg,65,pointwise_conv,1x384x14x14,2.627006
77,0,imagen.jpeg,66,batchnorm,1x64x14x14,0.011389
77,0,imagen.jpeg,67,layer_add,1x64x14x14,0.007348
77,0,imagen.jpeg,68,pointwise_conv,1x64x14x14,2.649996
77,0,imagen.jpeg,69,batchnorm,1x384x14x14,0.066076
77,0,imagen.jpeg,70,activacion,1x384x14x14,0.24875
77,0,imagen.jpeg,71,depthwise_conv,1x384x14x14,0.767748
77,0,imagen.jpeg,72,batchnorm,1x384x14x14,0.097425
77,0,imagen.jpeg,73,activacion,1x384x14x14,0.242475
77,0,imagen.jpeg,74,pointwise_conv,1x384x14x14,2.656633
77,0,imagen.jpeg,75,batchnorm,1x64x14x14,0.013377
77,0,imagen.jpeg,76,layer_add,1x64x14x14,0.008188
77,0,imagen.jpeg,77,pointwise_conv,1x64x14x14,2.845397
77,0,imagen.jpeg,78,batchnorm,1x384x14x14,0.072373
77,0,imagen.jpeg,79,activacion,1x384x14x14,0.259121
77,0,imagen.jpeg,80,depthwise_conv,1x384x14x14,0.776046
77,0,imagen.jpeg,81,batchnorm,1x384x14x14,0.141816
77,0,imagen.jpeg,82,activacion,1x384x14x14,0.223562
77,0,imagen.jpeg,83,pointwise_conv,1x384x14x14,2.621664
77,0,imagen.jpeg,84,batchnorm,1x64x14x14,0.011221
77,0,imagen.jpeg,85,layer_add,1x64x14x14,0.006577
77,0,imagen.jpeg,86,pointwise_conv,1x64x14x14,2.6484
77,0,imagen.jpeg,87,batchnorm,1x384x14x14,0.065323
77,0,imagen.jpeg,88,activacion,1x384x14x14,0.251364
77,0,imagen.jpeg,89,depthwise_conv,1x384x14x14,0.74342
77,0,imagen.jpeg,90,batchnorm,1x384x14x14,0.065942
77,0,imagen.jpeg,91,activacion,1x384x14x14,0.237405
77,0,imagen.jpeg,92,pointwise_conv,1x384x14x14,3.935012
77,0,imagen.jpeg,93,batchnorm,1x96x14x14,0.017897
77,0,imagen.jpeg,94,pointwise_conv,1x96x14x14,6.148937
77,0,imagen.jpeg,95,batchnorm,1x576x14x14,0.10333
77,0,imagen.jpeg,96,activacion,1x576x14x14,0.364897
77,0,imagen.jpeg,97,depthwise_conv,1x576x14x14,1.157208
77,0,imagen.jpeg,98,batchnorm,1x576x14x14,0.169157
77,0,imagen.jpeg,99,activacion,1x576x14x14,0.315377
77,0,imagen.jpeg,100,pointwise_conv,1x576x14x14,5.994732
77,0,imagen.jpeg,101,batchnorm,1x96x14x14,0.022443
77,0,imagen.jpeg,102,layer_add,1x96x14x14,0.011467
77,0,imagen.jpeg,103,pointwise_conv,1x96x14x14,6.290979
77,0,imagen.jpeg,104,batchnorm,1x576x14x14,0.110415
77,0,imagen.jpeg,105,activacion,1x576x14x14,0.361188
77,0,imagen.jpeg,106,depthwise_conv,1x576x14x14,1.146661
77,0,imagen.jpeg,107,batchnorm,1x576x14x14,0.161719
77,0,imagen.jpeg,108,activacion,1x576x14x14,0.311623
77,0,imagen.jpeg,109,pointwise_conv,1x576x14x14,6.021958
77,0,imagen.jpeg,110,batchnorm,1x96x14x14,0.016574
77,0,imagen.jpeg,111,layer_add,1x96x14x14,0.012568
77,0,imagen.jpeg,112,pointwise_conv,1x96x14x14,5.941448
77,0,imagen.jpeg,113,batchnorm,1x576x14x14,0.101816
77,0,imagen.jpeg,114,activacion,1x576x14x14,0.312524
77,0,imagen.jpeg,115,depthwise_conv,1x576x14x14,0.330846
77,0,imagen.jpeg,116,batchnorm,1x576x7x7,0.0312
77,0,imagen.jpeg,117,activacion,1x576x7x7,0.064926
77,0,imagen.jpeg,118,pointwise_conv,1x576x7x7,2.393304
77,0,imagen.jpeg,119,batchnorm,1x160x7x7,0.007602
77,0,imagen.jpeg,120,pointwise_conv,1x160x7x7,3.998499
77,0,imagen.jpeg,121,batchnorm,1x960x7x7,0.044368
77,0,imagen.jpeg,122,activacion,1x960x7x7,0.152125
77,0,imagen.jpeg,123,depthwise_conv,1x960x7x7,0.425698
77,0,imagen.jpeg,124,batchnorm,1x960x7x7,0.042572
77,0,imagen.jpeg,125,activacion,1x960x7x7,0.138849
77,0,imagen.jpeg,126,pointwise_conv,1x960x7x7,4.036882
77,0,imagen.jpeg,127,batchnorm,1x160x7x7,0.007807
77,0,imagen.jpeg,128,layer_add,1x160x7x7,0.004204
77,0,imagen.jpeg,129,pointwise_conv,1x160x7x7,4.035185
77,0,imagen.jpeg,130,batchnorm,1x960x7x7,0.043137
77,0,imagen.jpeg,131,activacion,1x960x7x7,0.140912
77,0,imagen.jpeg,132,depthwise_conv,1x960x7x7,0.46019
77,0,imagen.jpeg,133,batchnorm,1x960x7x7,0.053716
77,0,imagen.jpeg,134,activacion,1x960x7x7,0.123993
77,0,imagen.jpeg,135,pointwise_conv,1x960x7x7,3.987242
77,0,imagen.jpeg,136,batchnorm,1x160x7x7,0.007467
77,0,imagen.jpeg,137,layer_add,1x160x7x7,0.003704
77,0,imagen.jpeg,138,pointwise_conv,1x160x7x7,3.999808
77,0,imagen.jpeg,139,batchnorm,1x960x7x7,0.045281
77,0,imagen.jpeg,140,activacion,1x960x7x7,0.114397
77,0,imagen.jpeg,141,depthwise_conv,1x960x7x7,0.440418
77,0,imagen.jpeg,142,batchnorm,1x960x7x7,0.046313
77,0,imagen.jpeg,143,activacion,1x960x7x7,0.087639
77,0,imagen.jpeg,144,pointwise_conv,1x960x7x7,8.075456
77,0,imagen.jpeg,145,batchnorm,1x320x7x7,0.015414
77,0,imagen.jpeg,146,pointwise_conv,1x320x7x7,10.81761
77,0,imagen.jpeg,147,batchnorm,1x1280x7x7,0.06142
77,0,imagen.jpeg,148,activacion,1x1280x7x7,0.187414
77,0,imagen.jpeg,149,pooling,1x1280x7x7,0.04025
77,0,imagen.jpeg,150,linear,1x1280,1.442033
78,0,imagen.jpeg,0,conv2d,1x3x224x224,15.11052
78,0,imagen.jpeg,1,batchnorm,1x32x112x112,0.392732
78,0,imagen.jpeg,2,activacion,1x32x112x112,0.655595
78,0,imagen.jpeg,3,depthwise_conv,1x32x112x112,3.920972
78,0,imagen.jpeg,4,batchnorm,1x32x112x112,2.285103
78,0,imagen.jpeg,5,activacion,1x32x112x112,0.73738
78,0,imagen.jpeg,6,pointwise_conv,1x32x112x112,3.530897
78,0,imagen.jpeg,7,batchnorm,1x16x112x112,0.193653
78,0,imagen.jpeg,8,pointwise_conv,1x16x112x112,10.876898
78,0,imagen.jpeg,9,batchnorm,1x96x112x112,2.065931
78,0,imagen.jpeg,10,activacion,1x96x112x112,3.287784
78,0,imagen.jpeg,11,depthwise_conv,1x96x112x112,3.049696
78,0,imagen.jpeg,12,batchnorm,1x96x56x56,0.280251
78,0,imagen.jpeg,13,activacion,1x96x56x56,0.98388
78,0,imagen.jpeg,14,pointwise_conv,1x96x56x56,3.719044
78,0,imagen.jpeg,15,batchnorm,1x24x56x56,0.083641
78,0,imagen.jpeg,16,pointwise_conv,1x24x56x56,6.422688
78,0,imagen.jpeg,17,batchnorm,1x144x56x56,0.854851
78,0,imagen.jpeg,18,activacion,1x144x56x56,1.243347
78,0,imagen.jpeg,19,depthwise_conv,1x144x56x56,4.405264
78,0,imagen.jpeg,20,batchnorm,1x144x56x56,0.844763
78,0,imagen.jpeg,21,activacion,1x144x56x56,1.575349
78,0,imagen.jpeg,22,pointwise_conv,1x144x56x56,5.758613
78,0,imagen.jpeg,23,batchnorm,1x24x56x56,0.063343
78,0,imagen.jpeg,24,layer_add,1x24x56x56,0.050598
78,0,imagen.jpeg,25,pointwise_conv,1x24x56x56,5.83255
78,0,imagen.jpeg,26,batchnorm,1x144x56x56,0.418469
78,0,imagen.jpeg,27,activacion,1x144x56x56,1.45359
78,0,imagen.jpeg,28,depthwise_conv,1x144x56x56,1.097276
78,0,imagen.jpeg,29,batchnorm,1x144x28x28,0.095476
78,0,imagen.jpeg,30,activacion,1x144x28x28,0.340466
78,0,imagen.jpeg,31,pointwise_conv,1x144x28x28,1.91844
78,0,imagen.jpeg,32,batchnorm,1x32x28x28,0.020985
78,0,imagen.jpeg,33,pointwise_conv,1x32x28x28,2.722385
78,0,imagen.jpeg,34,batchnorm,1x192x28x28,0.149767
78,0,imagen.jpeg,35,activacion,1x192x28x28,0.370046
78,0,imagen.jpeg,36,depthwise_conv,1x192x28x28,1.452476
78,0,imagen.jpeg,37,batchnorm,1x192x28x28,0.127091
78,0,imagen.jpeg,38,activacion,1x192x28x28,0.509982
78,0,imagen.jpeg,39,pointwise_conv,1x192x28x28,2.64892
78,0,imagen.jpeg,40,batchnorm,1x32x28x28,0.022976
78,0,imagen.jpeg,41,layer_add,1x32x28x28,0.026423
78,0,imagen.jpeg,42,pointwise_conv,1x32x28x28,2.67841
78,0,imagen.jpeg,43,batchnorm,1x192x28x28,0.145647
78,0,imagen.jpeg,44,activacion,1x192x28x28,0.429673
78,0,imagen.jpeg,45,depthwise_conv,1x192x28x28,1.486565
78,0,imagen.jpeg,46,batchnorm,1x192x28x28,0.138615
78,0,imagen.jpeg,47,activacion,1x192x28x28,0.535415
78,0,imagen.jpeg,48,pointwise_conv,1x192x28x28,2.592898
78,0,imagen.jpeg,49,batchnorm,1x32x28x28,0.03152
78,0,imagen.jpeg,50,layer_add,1x32x28x28,0.015677
78,0,imagen.jpeg,51,pointwise_conv,1x32x28x28,2.617364
78,0,imagen.jpeg,52,batchnorm,1x192x28x28,0.139236
78,0,imagen.jpeg,53,activacion,1x192x28x28,0.477715
78,0,imagen.jpeg,54,depthwise_conv,1x192x28x28,0.371964
78,0,imagen.jpeg,55,batchnorm,1x192x14x14,0.033109
78,0,imagen.jpeg,56,activacion,1x192x14x14,0.09596
78,0,imagen.jpeg,57,pointwise_conv,1x192x14x14,1.324107
78,0,imagen.jpeg,58,batchnorm,1x64x14x14,0.011589
78,0,imagen.jpeg,59,pointwise_conv,1x64x14x14,2.73945
78,0,imagen.jpeg,60,batchnorm,1x384x14x14,0.070248
78,0,imagen.jpeg,61,activacion,1x384x14x14,0.191085
78,0,imagen.jpeg,62,depthwise_conv,1x384x14x14,0.803024
78,0,imagen.jpeg,63,batchnorm,1x384x14x14,0.065453
78,0,imagen.jpeg,64,activacion,1x384x14x14,0.26021
78,0,imagen.jpeg,65,pointwise_conv,1x384x14x14,2.66703
78,0,imagen.jpeg,66,batchnorm,1x64x14x14,0.011103
78,0,imagen.jpeg,67,layer_add,1x64x14x14,0.006728
78,0,imagen.jpeg,68,pointwise_conv,1x64x14x14,2.69991
78,0,imagen.jpeg,69,batchnorm,1x384x14x14,0.067493
78,0,imagen.jpeg,70,activacion,1x384x14x14,0.240453
78,0,imagen.jpeg,71,depthwise_conv,1x384x14x14,0.779543
78,0,imagen.jpeg,72,batchnorm,1x384x14x14,0.097383
78,0,imagen.jpeg,73,activacion,1x384x14x14,0.252077
78,0,imagen.jpeg,74,pointwise_conv,1x384x14x14,2.6391
78,0,imagen.jpeg,75,batchnorm,1x64x14x14,0.011083
78,0,imagen.jpeg,76,layer_add,1x64x14x14,0.006518
78,0,imagen.jpeg,77,pointwise_conv,1x64x14x14,2.704467
78,0,imagen.jpeg,78,batchnorm,1x384x14x14,0.074543
78,0,imagen.jpeg,79,activacion,1x384x14x14,0.26126
78,0,imagen.jpeg,80,depthwise_conv,1x384x14x14,0.850113
78,0,imagen.jpeg,81,batchnorm,1x384x14x14,0.143186
78,0,imagen.jpeg,82,activacion,1x384x14x14,0.228516
78,0,imagen.jpeg,83,pointwise_conv,1x384x14x14,2.691972
78,0,imagen.jpeg,84,batchnorm,1x64x14x14,0.011082
78,0,imagen.jpeg,85,layer_add,1x64x14x14,0.007312
78,0,imagen.jpeg,86,pointwise_conv,1x64x14x14,2.689852
78,0,imagen.jpeg,87,batchnorm,1x384x14x14,0.065415
78,0,imagen.jpeg,88,activacion,1x384x14x14,0.251689
78,0,imagen.jpeg,89,depthwise_conv,1x384x14x14,0.750205
78,0,imagen.jpeg,90,batchnorm,1x384x14x14,0.06547
78,0,imagen.jpeg,91,activacion,1x384x14x14,0.237515
78,0,imagen.jpeg,92,pointwise_conv,1x384x14x14,3.937897
78,0,imagen.jpeg,93,batchnorm,1x96x14x14,0.017724
78,0,imagen.jpeg,94,pointwise_conv,1x96x14x14,5.997684
78,0,imagen.jpeg,95,batchnorm,1x576x14x14,0.104556
78,0,imagen.jpeg,96,activacion,1x576x14x14,0.377553
78,0,imagen.jpeg,97,depthwise_conv,1x576x14x14,1.145912
78,0,imagen.jpeg,98,batchnorm,1x576x14x14,0.173132
78,0,imagen.jpeg,99,activacion,1x576x14x14,0.327259
78,0,imagen.jpeg,100,pointwise_conv,1x576x14x14,5.978894
78,0,imagen.jpeg,101,batchnorm,1x96x14x14,0.01685
78,0,imagen.jpeg,102,layer_add,1x96x14x14,0.009429
78,0,imagen.jpeg,103,pointwise_conv,1x96x14x14,5.982351
78,0,imagen.jpeg,104,batchnorm,1x576x14x14,0.099572
78,0,imagen.jpeg,105,activacion,1x576x14x14,0.360001
78,0,imagen.jpeg,106,depthwise_conv,1x576x14x14,1.118797
78,0,imagen.jpeg,107,batchnorm,1x576x14x14,0.159504
78,0,imagen.jpeg,108,activacion,1x576x14x14,0.300575
78,0,imagen.jpeg,109,pointwise_conv,1x576x14x14,5.980792
78,0,imagen.jpeg,110,batchnorm,1x96x14x14,0.021244
78,0,imagen.jpeg,111,layer_add,1x96x14x14,0.012277
78,0,imagen.jpeg,112,pointwise_conv,1x96x14x14,6.083747
78,0,imagen.jpeg,113,batchnorm,1x576x14x14,0.130197
78,0,imagen.jpeg,114,activacion,1x576x14x14,0.325357
78,0,imagen.jpeg,115,depthwise_conv,1x576x14x14,0.273619
78,0,imagen.jpeg,116,batchnorm,1x576x7x7,0.031588
78,0,imagen.jpeg,117,activacion,1x576x7x7,0.070116
78,0,imagen.jpeg,118,pointwise_conv,1x576x7x7,2.505383
78,0,imagen.jpeg,119,batchnorm,1x160x7x7,0.007675
78,0,imagen.jpeg,120,pointwise_conv,1x160x7x7,5.474825
78,0,imagen.jpeg,121,batchnorm,1x960x7x7,0.07224
78,0,imagen.jpeg,122,activacion,1x960x7x7,0.183676
78,0,imagen.jpeg,123,depthwise_conv,1x960x7x7,0.693598
78,0,imagen.jpeg,124,batchnorm,1x960x7x7,0.056482
78,0,imagen.jpeg,125,activacion,1x960x7x7,0.170663
78,0,imagen.jpeg,126,pointwise_conv,1x960x7x7,4.22494
78,0,imagen.jpeg,127,batchnorm,1x160x7x7,0.0077
78,0,imagen.jpeg,128,layer_add,1x160x7x7,0.004201
78,0,imagen.jpeg,129,pointwise_conv,1x160x7x7,4.112251
78,0,imagen.jpeg,130,batchnorm,1x960x7x7,0.046459
78,0,imagen.jpeg,131,activacion,1x960x7x7,0.145733
78,0,imagen.jpeg,132,depthwise_conv,1x960x7x7,0.440564
78,0,imagen.jpeg,133,batchnorm,1x960x7x7,0.055296
78,0,imagen.jpeg,134,activacion,1x960x7x7,0.126965
78,0,imagen.jpeg,135,pointwise_conv,1x960x7x7,4.092755
78,0,imagen.jpeg,136,batchnorm,1x160x7x7,0.007814
78,0,imagen.jpeg,137,layer_add,1x160x7x7,0.004236
78,0,imagen.jpeg,138,pointwise_conv,1x160x7x7,4.188447
78,0,imagen.jpeg,139,batchnorm,1x960x7x7,0.045279
78,0,imagen.jpeg,140,activacion,1x960x7x7,0.116886
78,0,imagen.jpeg,141,depthwise_conv,1x960x7x7,0.436181
78,0,imagen.jpeg,142,batchnorm,1x960x7x7,0.047608
78,0,imagen.jpeg,143,activacion,1x960x7x7,0.09033
78,0,imagen.jpeg,144,pointwise_conv,1x960x7x7,8.162954
78,0,imagen.jpeg,145,batchnorm,1x320x7x7,0.016094
78,0,imagen.jpeg,146,pointwise_conv,1x320x7x7,10.914265
78,0,imagen.jpeg,147,batchnorm,1x1280x7x7,0.058781
78,0,imagen.jpeg,148,activacion,1x1280x7x7,0.185882
78,0,imagen.jpeg,149,pooling,1x1280x7x7,0.040078
78,0,imagen.jpeg,150,linear,1x1280,1.435666
79,0,imagen.jpeg,0,conv2d,1x3x224x224,17.734697
79,0,imagen.jpeg,1,batchnorm,1x32x112x112,0.407018
79,0,imagen.jpeg,2,activacion,1x32x112x112,0.681797
79,0,imagen.jpeg,3,depthwise_conv,1x32x112x112,4.143389
79,0,imagen.jpeg,4,batchnorm,1x32x112x112,2.440843
79,0,imagen.jpeg,5,activacion,1x32x112x112,0.898803
79,0,imagen.jpeg,6,pointwise_conv,1x32x112x112,4.737889
79,0,imagen.jpeg,7,batchnorm,1x16x112x112,0.215343
79,0,imagen.jpeg,8,pointwise_conv,1x16x112x112,13.484984
79,0,imagen.jpeg,9,batchnorm,1x96x112x112,2.161265
79,0,imagen.jpeg,10,activacion,1x96x112x112,3.893391
79,0,imagen.jpeg,11,depthwise_conv,1x96x112x112,3.390572
79,0,imagen.jpeg,12,batchnorm,1x96x56x56,0.317637
79,0,imagen.jpeg,13,activacion,1x96x56x56,1.177129
79,0,imagen.jpeg,14,pointwise_conv,1x96x56x56,4.904032
79,0,imagen.jpeg,15,batchnorm,1x24x56x56,0.079823
79,0,imagen.jpeg,16,pointwise_conv,1x24x56x56,7.992619
79,0,imagen.jpeg,17,batchnorm,1x144x56x56,0.990979
79,0,imagen.jpeg,18,activacion,1x144x56x56,1.419883
79,0,imagen.jpeg,19,depthwise_conv,1x144x56x56,5.006039
79,0,imagen.jpeg,20,batchnorm,1x144x56x56,0.959231
79,0,imagen.jpeg,21,activacion,1x144x56x56,1.732152
79,0,imagen.jpeg,22,pointwise_conv,1x144x56x56,7.454978
79,0,imagen.jpeg,23,batchnorm,1x24x56x56,0.078805
79,0,imagen.jpeg,24,layer_add,1x24x56x56,0.052213
79,0,imagen.jpeg,25,pointwise_conv,1x24x56x56,6.95623
79,0,imagen.jpeg,26,batchnorm,1x144x56x56,0.576961
79,0,imagen.jpeg,27,activacion,1x144x56x56,1.729125
79,0,imagen.jpeg,28,depthwise_conv,1x144x56x56,1.356038
79,0,imagen.jpeg,29,batchnorm,1x144x28x28,0.131709
79,0,imagen.jpeg,30,activacion,1x144x28x28,0.400636
79,0,imagen.jpeg,31,pointwise_conv,1x144x28x28,2.212014
79,0,imagen.jpeg,32,batchnorm,1x32x28x28,0.025807
79,0,imagen.jpeg,33,pointwise_conv,1x32x28x28,3.013138
79,0,imagen.jpeg,34,batchnorm,1x192x28x28,0.160968
79,0,imagen.jpeg,35,activacion,1x192x28x28,0.455819
79,0,imagen.jpeg,36,depthwise_conv,1x192x28x28,1.741631
79,0,imagen.jpeg,37,batchnorm,1x192x28x28,0.169695
79,0,imagen.jpeg,38,activacion,1x192x28x28,0.603718
79,0,imagen.jpeg,39,pointwise_conv,1x192x28x28,3.065561
79,0,imagen.jpeg,40,batchnorm,1x32x28x28,0.025621
79,0,imagen.jpeg,41,layer_add,1x32x28x28,0.015543
79,0,imagen.jpeg,42,pointwise_conv,1x32x28x28,3.040781
79,0,imagen.jpeg,43,batchnorm,1x192x28x28,0.18497
79,0,imagen.jpeg,44,activacion,1x192x28x28,0.54027
79,0,imagen.jpeg,45,depthwise_conv,1x192x28x28,1.725344
79,0,imagen.jpeg,46,batchnorm,1x192x28x28,0.161266
79,0,imagen.jpeg,47,activacion,1x192x28x28,0.586309
79,0,imagen.jpeg,48,pointwise_conv,1x192x28x28,3.444582
79,0,imagen.jpeg,49,batchnorm,1x32x28x28,0.026885
79,0,imagen.jpeg,50,layer_add,1x32x28x28,0.015824
79,0,imagen.jpeg,51,pointwise_conv,1x32x28x28,3.481747
79,0,imagen.jpeg,52,batchnorm,1x192x28x28,0.163636
79,0,imagen.jpeg,53,activacion,1x192x28x28,0.556913
79,0,imagen.jpeg,54,depthwise_conv,1x192x28x28,0.429219
79,0,imagen.jpeg,55,batchnorm,1x192x14x14,0.0381
79,0,imagen.jpeg,56,activacion,1x192x14x14,0.11035
79,0,imagen.jpeg,57,pointwise_conv,1x192x14x14,1.53097
79,0,imagen.jpeg,58,batchnorm,1x64x14x14,0.013156
79,0,imagen.jpeg,59,pointwise_conv,1x64x14x14,3.197008
79,0,imagen.jpeg,60,batchnorm,1x384x14x14,0.094357
79,0,imagen.jpeg,61,activacion,1x384x14x14,0.247651
79,0,imagen.jpeg,62,depthwise_conv,1x384x14x14,0.876248
79,0,imagen.jpeg,63,batchnorm,1x384x14x14,0.076248
79,0,imagen.jpeg,64,activacion,1x384x14x14,0.298571
79,0,imagen.jpeg,65,pointwise_conv,1x384x14x14,3.102224
79,0,imagen.jpeg,66,batchnorm,1x64x14x14,0.01493
79,0,imagen.jpeg,67,layer_add,1x64x14x14,0.008309
79,0,imagen.jpeg,68,pointwise_conv,1x64x14x14,3.067464
79,0,imagen.jpeg,69,batchnorm,1x384x14x14,0.077894
79,0,imagen.jpeg,70,activacion,1x384x14x14,0.270854
79,0,imagen.jpeg,71,depthwise_conv,1x384x14x14,0.864184
79,0,imagen.jpeg,72,batchnorm,1x384x14x14,0.108907
79,0,imagen.jpeg,73,activacion,1x384x14x14,0.280928
79,0,imagen.jpeg,74,pointwise_conv,1x384x14x14,3.073
79,0,imagen.jpeg,75,batchnorm,1x64x14x14,0.013256
79,0,imagen.jpeg,76,layer_add,1x64x14x14,0.008508
79,0,imagen.jpeg,77,pointwise_conv,1x64x14x14,3.378851
79,0,imagen.jpeg,78,batchnorm,1x384x14x14,0.104396
79,0,imagen.jpeg,79,activacion,1x384x14x14,0.295513
79,0,imagen.jpeg,80,depthwise_conv,1x384x14x14,0.878927
79,0,imagen.jpeg,81,batchnorm,1x384x14x14,0.168351
79,0,imagen.jpeg,82,activacion,1x384x14x14,0.265872
79,0,imagen.jpeg,83,pointwise_conv,1x384x14x14,3.38293
79,0,imagen.jpeg,84,batchnorm,1x64x14x14,0.013972
79,0,imagen.jpeg,85,layer_add,1x64x14x14,0.008036
79,0,imagen.jpeg,86,pointwise_conv,1x64x14x14,3.156111
79,0,imagen.jpeg,87,batchnorm,1x384x14x14,0.079766
79,0,imagen.jpeg,88,activacion,1x384x14x14,0.289019
79,0,imagen.jpeg,89,depthwise_conv,1x384x14x14,0.863108
79,0,imagen.jpeg,90,batchnorm,1x384x14x14,0.075279
79,0,imagen.jpeg,91,activacion,1x384x14x14,0.269507
79,0,imagen.jpeg,92,pointwise_conv,1x384x14x14,4.541812
79,0,imagen.jpeg,93,batchnorm,1x96x14x14,0.020848
79,0,imagen.jpeg,94,pointwise_conv,1x96x14x14,7.196369
79,0,imagen.jpeg,95,batchnorm,1x576x14x14,0.125319
79,0,imagen.jpeg,96,activacion,1x576x14x14,0.426999
79,0,imagen.jpeg,97,depthwise_conv,1x576x14x14,1.291224
79,0,imagen.jpeg,98,batchnorm,1x576x14x14,0.197168
79,0,imagen.jpeg,99,activacion,1x576x14x14,0.381191
79,0,imagen.jpeg,100,pointwise_conv,1x576x14x14,7.101878
79,0,imagen.jpeg,101,batchnorm,1x96x14x14,0.02058
79,0,imagen.jpeg,102,layer_add,1x96x14x14,0.011911
79,0,imagen.jpeg,103,pointwise_conv,1x96x14x14,7.527101
79,0,imagen.jpeg,104,batchnorm,1x576x14x14,0.125775
79,0,imagen.jpeg,105,activacion,1x576x14x14,0.417512
79,0,imagen.jpeg,106,depthwise_conv,1x576x14x14,1.29998
79,0,imagen.jpeg,107,batchnorm,1x576x14x14,0.180081
79,0,imagen.jpeg,108,activacion,1x576x14x14,0.34572
79,0,imagen.jpeg,109,pointwise_conv,1x576x14x14,6.929333
79,0,imagen.jpeg,110,batchnorm,1x96x14x14,0.048064
79,0,imagen.jpeg,111,layer_add,1x96x14x14,0.041732
79,0,imagen.jpeg,112,pointwise_conv,1x96x14x14,7.448632
79,0,imagen.jpeg,113,batchnorm,1x576x14x14,0.190596
79,0,imagen.jpeg,114,activacion,1x576x14x14,0.37967
79,0,imagen.jpeg,115,depthwise_conv,1x576x14x14,0.311317
79,0,imagen.jpeg,116,batchnorm,1x576x7x7,0.047083
79,0,imagen.jpeg,117,activacion,1x576x7x7,0.084594
79,0,imagen.jpeg,118,pointwise_conv,1x576x7x7,3.099286
79,0,imagen.jpeg,119,batchnorm,1x160x7x7,0.009132
79,0,imagen.jpeg,120,pointwise_conv,1x160x7x7,6.090571
79,0,imagen.jpeg,121,batchnorm,1x960x7x7,0.056652
79,0,imagen.jpeg,122,activacion,1x960x7x7,0.172603
79,0,imagen.jpeg,123,depthwise_conv,1x960x7x7,0.504486
79,0,imagen.jpeg,124,batchnorm,1x960x7x7,0.054713
79,0,imagen.jpeg,125,activacion,1x960x7x7,0.160845
79,0,imagen.jpeg,126,pointwise_conv,1x960x7x7,4.867894
79,0,imagen.jpeg,127,batchnorm,1x160x7x7,0.009255
79,0,imagen.jpeg,128,layer_add,1x160x7x7,0.004644
79,0,imagen.jpeg,129,pointwise_conv,1x160x7x7,4.598463
79,0,imagen.jpeg,130,batchnorm,1x960x7x7,0.04958
79,0,imagen.jpeg,131,activacion,1x960x7x7,0.158325
79,0,imagen.jpeg,132,depthwise_conv,1x960x7x7,0.476865
79,0,imagen.jpeg,133,batchnorm,1x960x7x7,0.060153
79,0,imagen.jpeg,134,activacion,1x960x7x7,0.152651
79,0,imagen.jpeg,135,pointwise_conv,1x960x7x7,4.896912
79,0,imagen.jpeg,136,batchnorm,1x160x7x7,0.009345
79,0,imagen.jpeg,137,layer_add,1x160x7x7,0.005404
79,0,imagen.jpeg,138,pointwise_conv,1x160x7x7,5.159382
79,0,imagen.jpeg,139,batchnorm,1x960x7x7,0.053991
79,0,imagen.jpeg,140,activacion,1x960x7x7,0.131734
79,0,imagen.jpeg,141,depthwise_conv,1x960x7x7,0.496232
79,0,imagen.jpeg,142,batchnorm,1x960x7x7,0.054536
79,0,imagen.jpeg,143,activacion,1x960x7x7,0.10105
79,0,imagen.jpeg,144,pointwise_conv,1x960x7x7,9.880919
79,0,imagen.jpeg,145,batchnorm,1x320x7x7,0.020167
79,0,imagen.jpeg,146,pointwise_conv,1x320x7x7,12.565829
79,0,imagen.jpeg,147,batchnorm,1x1280x7x7,0.067115
79,0,imagen.jpeg,148,activacion,1x1280x7x7,0.2003
79,0,imagen.jpeg,149,pooling,1x1280x7x7,0.044037
79,0,imagen.jpeg,150,linear,1x1280,1.707242
80,0,imagen.jpeg,0,conv2d,1x3x224x224,18.221964
80,0,imagen.jpeg,1,batchnorm,1x32x112x112,0.444052
80,0,imagen.jpeg,2,activacion,1x32x112x112,0.73713
80,0,imagen.jpeg,3,depthwise_conv,1x32x112x112,4.92394
80,0,imagen.jpeg,4,batchnorm,1x32x112x112,2.823237
80,0,imagen.jpeg,5,activacion,1x32x112x112,0.960583
80,0,imagen.jpeg,6,pointwise_conv,1x32x112x112,5.15734
80,0,imagen.jpeg,7,batchnorm,1x16x112x112,0.226464
80,0,imagen.jpeg,8,pointwise_conv,1x16x112x112,13.057942
80,0,imagen.jpeg,9,batchnorm,1x96x112x112,2.305203
80,0,imagen.jpeg,10,activacion,1x96x112x112,3.817313
80,0,imagen.jpeg,11,depthwise_conv,1x96x112x112,3.590358
80,0,imagen.jpeg,12,batchnorm,1x96x56x56,0.345873
80,0,imagen.jpeg,13,activacion,1x96x56x56,1.190319
80,0,imagen.jpeg,14,pointwise_conv,1x96x56x56,6.092089
80,0,imagen.jpeg,15,batchnorm,1x24x56x56,0.080637
80,0,imagen.jpeg,16,pointwise_conv,1x24x56x56,7.326429
80,0,imagen.jpeg,17,batchnorm,1x144x56x56,0.97148
80,0,imagen.jpeg,18,activacion,1x144x56x56,1.466289
80,0,imagen.jpeg,19,depthwise_conv,1x144x56x56,5.477524
80,0,imagen.jpeg,20,batchnorm,1x144x56x56,1.062608
80,0,imagen.jpeg,21,activacion,1x144x56x56,1.953898
80,0,imagen.jpeg,22,pointwise_conv,1x144x56x56,7.096999
80,0,imagen.jpeg,23,batchnorm,1x24x56x56,0.107159
80,0,imagen.jpeg,24,layer_add,1x24x56x56,0.065187
80,0,imagen.jpeg,25,pointwise_conv,1x24x56x56,8.111189
80,0,imagen.jpeg,26,batchnorm,1x144x56x56,0.505105
80,0,imagen.jpeg,27,activacion,1x144x56x56,1.709625
80,0,imagen.jpeg,28,depthwise_conv,1x144x56x56,1.301087
80,0,imagen.jpeg,29,batchnorm,1x144x28x28,0.121826
80,0,imagen.jpeg,30,activacion,1x144x28x28,0.389787
80,0,imagen.jpeg,31,pointwise_conv,1x144x28x28,2.22037
80,0,imagen.jpeg,32,batchnorm,1x32x28x28,0.025994
80,0,imagen.jpeg,33,pointwise_conv,1x32x28x28,3.518469
80,0,imagen.jpeg,34,batchnorm,1x192x28x28,0.200715
80,0,imagen.jpeg,35,activacion,1x192x28x28,0.434237
80,0,imagen.jpeg,36,depthwise_conv,1x192x28x28,2.062601
80,0,imagen.jpeg,37,batchnorm,1x192x28x28,0.263552
80,0,imagen.jpeg,38,activacion,1x192x28x28,0.633029
80,0,imagen.jpeg,39,pointwise_conv,1x192x28x28,3.196903
80,0,imagen.jpeg,40,batchnorm,1x32x28x28,0.03957
80,0,imagen.jpeg,41,layer_add,1x32x28x28,0.018273
80,0,imagen.jpeg,42,pointwise_conv,1x32x28x28,3.024835
80,0,imagen.jpeg,43,batchnorm,1x192x28x28,0.166012
80,0,imagen.jpeg,44,activacion,1x192x28x28,0.50743
80,0,imagen.jpeg,45,depthwise_conv,1x192x28x28,1.680625
80,0,imagen.jpeg,46,batchnorm,1x192x28x28,0.153887
80,0,imagen.jpeg,47,activacion,1x192x28x28,0.567935
80,0,imagen.jpeg,48,pointwise_conv,1x192x28x28,3.771076
80,0,imagen.jpeg,49,batchnorm,1x32x28x28,0.037152
80,0,imagen.jpeg,50,layer_add,1x32x28x28,0.02442
80,0,imagen.jpeg,51,pointwise_conv,1x32x28x28,3.289456
80,0,imagen.jpeg,52,batchnorm,1x192x28x28,0.164188
80,0,imagen.jpeg,53,activacion,1x192x28x28,0.547551
80,0,imagen.jpeg,54,depthwise_conv,1x192x28x28,0.441185
80,0,imagen.jpeg,55,batchnorm,1x192x14x14,0.038008
80,0,imagen.jpeg,56,activacion,1x192x14x14,0.110578
80,0,imagen.jpeg,57,pointwise_conv,1x192x14x14,1.528379
80,0,imagen.jpeg,58,batchnorm,1x64x14x14,0.01343
80,0,imagen.jpeg,59,pointwise_conv,1x64x14x14,3.041955
80,0,imagen.jpeg,60,batchnorm,1x384x14x14,0.076824
80,0,imagen.jpeg,61,activacion,1x384x14x14,0.218717
80,0,imagen.jpeg,62,depthwise_conv,1x384x14x14,0.857834
80,0,imagen.jpeg,63,batchnorm,1x384x14x14,0.074804
80,0,imagen.jpeg,64,activacion,1x384x14x14,0.298621
80,0,imagen.jpeg,65,pointwise_conv,1x384x14x14,3.045779
80,0,imagen.jpeg,66,batchnorm,1x64x14x14,0.013415
80,0,imagen.jpeg,67,layer_add,1x64x14x14,0.010757
80,0,imagen.jpeg,68,pointwise_conv,1x64x14x14,3.411709
80,0,imagen.jpeg,69,batchnorm,1x384x14x14,0.087683
80,0,imagen.jpeg,70,activacion,1x384x14x14,0.278276
80,0,imagen.jpeg,71,depthwise_conv,1x384x14x14,0.884577
80,0,imagen.jpeg,72,batchnorm,1x384x14x14,0.122829
80,0,imagen.jpeg,73,activacion,1x384x14x14,0.30774
80,0,imagen.jpeg,74,pointwise_conv,1x384x14x14,3.138237
80,0,imagen.jpeg,75,batchnorm,1x64x14x14,0.019737
80,0,imagen.jpeg,76,layer_add,1x64x14x14,0.011931
80,0,imagen.jpeg,77,pointwise_conv,1x64x14x14,3.057591
80,0,imagen.jpeg,78,batchnorm,1x384x14x14,0.07842
80,0,imagen.jpeg,79,activacion,1x384x14x14,0.288205
80,0,imagen.jpeg,80,depthwise_conv,1x384x14x14,0.897566
80,0,imagen.jpeg,81,batchnorm,1x384x14x14,0.159448
80,0,imagen.jpeg,82,activacion,1x384x14x14,0.25759
80,0,imagen.jpeg,83,pointwise_conv,1x384x14x14,3.026319
80,0,imagen.jpeg,84,batchnorm,1x64x14x14,0.013036
80,0,imagen.jpeg,85,layer_add,1x64x14x14,0.007442
80,0,imagen.jpeg,86,pointwise_conv,1x64x14x14,3.612911
80,0,imagen.jpeg,87,batchnorm,1x384x14x14,0.086065
80,0,imagen.jpeg,88,activacion,1x384x14x14,0.306496
80,0,imagen.jpeg,89,depthwise_conv,1x384x14x14,0.921958
80,0,imagen.jpeg,90,batchnorm,1x384x14x14,0.086599
80,0,imagen.jpeg,91,activacion,1x384x14x14,0.274545
80,0,imagen.jpeg,92,pointwise_conv,1x384x14x14,4.554276
80,0,imagen.jpeg,93,batchnorm,1x96x14x14,0.02077
80,0,imagen.jpeg,94,pointwise_conv,1x96x14x14,7.600454
80,0,imagen.jpeg,95,batchnorm,1x576x14x14,0.183674
80,0,imagen.jpeg,96,activacion,1x576x14x14,0.490648
80,0,imagen.jpeg,97,depthwise_conv,1x576x14x14,1.506317
80,0,imagen.jpeg,98,batchnorm,1x576x14x14,0.213376
80,0,imagen.jpeg,99,activacion,1x576x14x14,0.407064
80,0,imagen.jpeg,100,pointwise_conv,1x576x14x14,7.006404
80,0,imagen.jpeg,101,batchnorm,1x96x14x14,0.020029
80,0,imagen.jpeg,102,layer_add,1x96x14x14,0.011085
80,0,imagen.jpeg,103,pointwise_conv,1x96x14x14,7.10206
80,0,imagen.jpeg,104,batchnorm,1x576x14x14,0.135957
80,0,imagen.jpeg,105,activacion,1x576x14x14,0.430595
80,0,imagen.jpeg,106,depthwise_conv,1x576x14x14,1.407176
80,0,imagen.jpeg,107,batchnorm,1x576x14x14,0.214902
80,0,imagen.jpeg,108,activacion,1x576x14x14,0.352817
80,0,imagen.jpeg,109,pointwise_conv,1x576x14x14,7.067985
80,0,imagen.jpeg,110,batchnorm,1x96x14x14,0.020946
80,0,imagen.jpeg,111,layer_add,1x96x14x14,0.014576
80,0,imagen.jpeg,112,pointwise_conv,1x96x14x14,7.576002
80,0,imagen.jpeg,113,batchnorm,1x576x14x14,0.131641
80,0,imagen.jpeg,114,activacion,1x576x14x14,0.382237
80,0,imagen.jpeg,115,depthwise_conv,1x576x14x14,0.332969
80,0,imagen.jpeg,116,batchnorm,1x576x7x7,0.036033
80,0,imagen.jpeg,117,activacion,1x576x7x7,0.075111
80,0,imagen.jpeg,118,pointwise_conv,1x576x7x7,2.854627
80,0,imagen.jpeg,119,batchnorm,1x160x7x7,0.00877
80,0,imagen.jpeg,120,pointwise_conv,1x160x7x7,4.596344
80,0,imagen.jpeg,121,batchnorm,1x960x7x7,0.050719
80,0,imagen.jpeg,122,activacion,1x960x7x7,0.170572
80,0,imagen.jpeg,123,depthwise_conv,1x960x7x7,0.490589
80,0,imagen.jpeg,124,batchnorm,1x960x7x7,0.049427
80,0,imagen.jpeg,125,activacion,1x960x7x7,0.158189
80,0,imagen.jpeg,126,pointwise_conv,1x960x7x7,4.890987
80,0,imagen.jpeg,127,batchnorm,1x160x7x7,0.009625
80,0,imagen.jpeg,128,layer_add,1x160x7x7,0.005004
80,0,imagen.jpeg,129,pointwise_conv,1x160x7x7,4.930032
80,0,imagen.jpeg,130,batchnorm,1x960x7x7,0.076104
80,0,imagen.jpeg,131,activacion,1x960x7x7,0.166985
80,0,imagen.jpeg,132,depthwise_conv,1x960x7x7,0.497685
80,0,imagen.jpeg,133,batchnorm,1x960x7x7,0.063209
80,0,imagen.jpeg,134,activacion,1x960x7x7,0.144473
80,0,imagen.jpeg,135,pointwise_conv,1x960x7x7,4.709182
80,0,imagen.jpeg,136,batchnorm,1x160x7x7,0.009403
80,0,imagen.jpeg,137,layer_add,1x160x7x7,0.005038
80,0,imagen.jpeg,138,pointwise_conv,1x160x7x7,5.07997
80,0,imagen.jpeg,139,batchnorm,1x960x7x7,0.061539
80,0,imagen.jpeg,140,activacion,1x960x7x7,0.139715
80,0,imagen.jpeg,141,depthwise_conv,1x960x7x7,0.548567
80,0,imagen.jpeg,142,batchnorm,1x960x7x7,0.05763
80,0,imagen.jpeg,143,activacion,1x960x7x7,0.101457
80,0,imagen.jpeg,144,pointwise_conv,1x960x7x7,9.662418
80,0,imagen.jpeg,145,batchnorm,1x320x7x7,0.018199
80,0,imagen.jpeg,146,pointwise_conv,1x320x7x7,13.019467
80,0,imagen.jpeg,147,batchnorm,1x1280x7x7,0.06991
80,0,imagen.jpeg,148,activacion,1x1280x7x7,0.213914
80,0,imagen.jpeg,149,pooling,1x1280x7x7,0.044879
80,0,imagen.jpeg,150,linear,1x1280,1.590198
81,0,imagen.jpeg,0,conv2d,1x3x224x224,18.263472
81,0,imagen.jpeg,1,batchnorm,1x32x112x112,0.490667
81,0,imagen.jpeg,2,activacion,1x32x112x112,0.827456
81,0,imagen.jpeg,3,depthwise_conv,1x32x112x112,4.648006
81,0,imagen.jpeg,4,batchnorm,1x32x112x112,2.623748
81,0,imagen.jpeg,5,activacion,1x32x112x112,0.838288
81,0,imagen.jpeg,6,pointwise_conv,1x32x112x112,4.122668
81,0,imagen.jpeg,7,batchnorm,1x16x112x112,0.350967
81,0,imagen.jpeg,8,pointwise_conv,1x16x112x112,13.545112
81,0,imagen.jpeg,9,batchnorm,1x96x112x112,2.394185
81,0,imagen.jpeg,10,activacion,1x96x112x112,4.117845
81,0,imagen.jpeg,11,depthwise_conv,1x96x112x112,3.4725
81,0,imagen.jpeg,12,batchnorm,1x96x56x56,0.31061
81,0,imagen.jpeg,13,activacion,1x96x56x56,1.118202
81,0,imagen.jpeg,14,pointwise_conv,1x96x56x56,4.373585
81,0,imagen.jpeg,15,batchnorm,1x24x56x56,0.07227
81,0,imagen.jpeg,16,pointwise_conv,1x24x56x56,7.573562
81,0,imagen.jpeg,17,batchnorm,1x144x56x56,0.974747
81,0,imagen.jpeg,18,activacion,1x144x56x56,1.41114
81,0,imagen.jpeg,19,depthwise_conv,1x144x56x56,5.3568
81,0,imagen.jpeg,20,batchnorm,1x144x56x56,0.988948
81,0,imagen.jpeg,21,activacion,1x144x56x56,1.889544
81,0,imagen.jpeg,22,pointwise_conv,1x144x56x56,7.054188
81,0,imagen.jpeg,23,batchnorm,1x24x56x56,0.072722
81,0,imagen.jpeg,24,layer_add,1x24x56x56,0.051615
81,0,imagen.jpeg,25,pointwise_conv,1x24x56x56,6.548317
81,0,imagen.jpeg,26,batchnorm,1x144x56x56,0.47902
81,0,imagen.jpeg,27,activacion,1x144x56x56,1.635988
81,0,imagen.jpeg,28,depthwise_conv,1x144x56x56,1.308309
81,0,imagen.jpeg,29,batchnorm,1x144x28x28,0.133633
81,0,imagen.jpeg,30,activacion,1x144x28x28,0.374483
81,0,imagen.jpeg,31,pointwise_conv,1x144x28x28,2.271527
81,0,imagen.jpeg,32,batchnorm,1x32x28x28,0.023833
81,0,imagen.jpeg,33,pointwise_conv,1x32x28x28,3.273578
81,0,imagen.jpeg,34,batchnorm,1x192x28x28,0.175317
81,0,imagen.jpeg,35,activacion,1x192x28x28,0.41861
81,0,imagen.jpeg,36,depthwise_conv,1x192x28x28,1.620125
81,0,imagen.jpeg,37,batchnorm,1x192x28x28,0.158402
81,0,imagen.jpeg,38,activacion,1x192x28x28,0.57366
81,0,imagen.jpeg,39,pointwise_conv,1x192x28x28,2.947911
81,0,imagen.jpeg,40,batchnorm,1x32x28x28,0.023911
81,0,imagen.jpeg,41,layer_add,1x32x28x28,0.015008
81,0,imagen.jpeg,42,pointwise_conv,1x32x28x28,3.273194
81,0,imagen.jpeg,43,batchnorm,1x192x28x28,0.170241
81,0,imagen.jpeg,44,activacion,1x192x28x28,0.482614
81,0,imagen.jpeg,45,depthwise_conv,1x192x28x28,1.650327
81,0,imagen.jpeg,46,batchnorm,1x192x28x28,0.150269
81,0,imagen.jpeg,47,activacion,1x192x28x28,0.538755
81,0,imagen.jpeg,48,pointwise_conv,1x192x28x28,2.981067
81,0,imagen.jpeg,49,batchnorm,1x32x28x28,0.027853
81,0,imagen.jpeg,50,layer_add,1x32x28x28,0.020251
81,0,imagen.jpeg,51,pointwise_conv,1x32x28x28,5.409146
81,0,imagen.jpeg,52,batchnorm,1x192x28x28,0.277911
81,0,imagen.jpeg,53,activacion,1x192x28x28,0.700939
81,0,imagen.jpeg,54,depthwise_conv,1x192x28x28,0.824041
81,0,imagen.jpeg,55,batchnorm,1x192x14x14,0.06601
81,0,imagen.jpeg,56,activacion,1x192x14x14,0.145248
81,0,imagen.jpeg,57,pointwise_conv,1x192x14x14,3.017328
81,0,imagen.jpeg,58,batchnorm,1x64x14x14,0.02548
81,0,imagen.jpeg,59,pointwise_conv,1x64x14x14,6.256707
81,0,imagen.jpeg,60,batchnorm,1x384x14x14,0.156167
81,0,imagen.jpeg,61,activacion,1x384x14x14,0.306028
81,0,imagen.jpeg,62,depthwise_conv,1x384x14x14,1.674894
81,0,imagen.jpeg,63,batchnorm,1x384x14x14,0.141108
81,0,imagen.jpeg,64,activacion,1x384x14x14,0.391417
81,0,imagen.jpeg,65,pointwise_conv,1x384x14x14,6.263593
81,0,imagen.jpeg,66,batchnorm,1x64x14x14,0.025359
81,0,imagen.jpeg,67,layer_add,1x64x14x14,0.01301
81,0,imagen.jpeg,68,pointwise_conv,1x64x14x14,5.951957
81,0,imagen.jpeg,69,batchnorm,1x384x14x14,0.128879
81,0,imagen.jpeg,70,activacion,1x384x14x14,0.367109
81,0,imagen.jpeg,71,depthwise_conv,1x384x14x14,1.555258
81,0,imagen.jpeg,72,batchnorm,1x384x14x14,0.196608
81,0,imagen.jpeg,73,activacion,1x384x14x14,0.385812
81,0,imagen.jpeg,74,pointwise_conv,1x384x14x14,5.859526
81,0,imagen.jpeg,75,batchnorm,1x64x14x14,0.019787
81,0,imagen.jpeg,76,layer_add,1x64x14x14,0.01296
81,0,imagen.jpeg,77,pointwise_conv,1x64x14x14,4.945423
81,0,imagen.jpeg,78,batchnorm,1x384x14x14,0.153397
81,0,imagen.jpeg,79,activacion,1x384x14x14,0.362078
81,0,imagen.jpeg,80,depthwise_conv,1x384x14x14,1.658925
81,0,imagen.jpeg,81,batchnorm,1x384x14x14,0.206977
81,0,imagen.jpeg,82,activacion,1x384x14x14,0.307357
81,0,imagen.jpeg,83,pointwise_conv,1x384x14x14,4.519392
81,0,imagen.jpeg,84,batchnorm,1x64x14x14,0.02327
81,0,imagen.jpeg,85,layer_add,1x64x14x14,0.014371
81,0,imagen.jpeg,86,pointwise_conv,1x64x14x14,6.100062
81,0,imagen.jpeg,87,batchnorm,1x384x14x14,0.147925
81,0,imagen.jpeg,88,activacion,1x384x14x14,0.421317
81,0,imagen.jpeg,89,depthwise_conv,1x384x14x14,1.755045
81,0,imagen.jpeg,90,batchnorm,1x384x14x14,0.159177
81,0,imagen.jpeg,91,activacion,1x384x14x14,0.405907
81,0,imagen.jpeg,92,pointwise_conv,1x384x14x14,6.016857
81,0,imagen.jpeg,93,batchnorm,1x96x14x14,0.022443
81,0,imagen.jpeg,94,pointwise_conv,1x96x14x14,8.049157
81,0,imagen.jpeg,95,batchnorm,1x576x14x14,0.199293
81,0,imagen.jpeg,96,activacion,1x576x14x14,0.434149
81,0,imagen.jpeg,97,depthwise_conv,1x576x14x14,1.455614
81,0,imagen.jpeg,98,batchnorm,1x576x14x14,0.224113
81,0,imagen.jpeg,99,activacion,1x576x14x14,0.401387
81,0,imagen.jpeg,100,pointwise_conv,1x576x14x14,8.861366
81,0,imagen.jpeg,101,batchnorm,1x96x14x14,0.032907
81,0,imagen.jpeg,102,layer_add,1x96x14x14,0.014342
81,0,imagen.jpeg,103,pointwise_conv,1x96x14x14,7.138296
81,0,imagen.jpeg,104,batchnorm,1x576x14x14,0.131342
81,0,imagen.jpeg,105,activacion,1x576x14x14,0.416849
81,0,imagen.jpeg,106,depthwise_conv,1x576x14x14,1.299109
81,0,imagen.jpeg,107,batchnorm,1x576x14x14,0.179983
81,0,imagen.jpeg,108,activacion,1x576x14x14,0.347296
81,0,imagen.jpeg,109,pointwise_conv,1x576x14x14,9.133458
81,0,imagen.jpeg,110,batchnorm,1x96x14x14,0.022694
81,0,imagen.jpeg,111,layer_add,1x96x14x14,0.016562
81,0,imagen.jpeg,112,pointwise_conv,1x96x14x14,7.252908
81,0,imagen.jpeg,113,batchnorm,1x576x14x14,0.120477
81,0,imagen.jpeg,114,activacion,1x576x14x14,0.352691
81,0,imagen.jpeg,115,depthwise_conv,1x576x14x14,0.298115
81,0,imagen.jpeg,116,batchnorm,1x576x7x7,0.033282
81,0,imagen.jpeg,117,activacion,1x576x7x7,0.072533
81,0,imagen.jpeg,118,pointwise_conv,1x576x7x7,2.669972
81,0,imagen.jpeg,119,batchnorm,1x160x7x7,0.008471
81,0,imagen.jpeg,120,pointwise_conv,1x160x7x7,4.684426
81,0,imagen.jpeg,121,batchnorm,1x960x7x7,0.053719
81,0,imagen.jpeg,122,activacion,1x960x7x7,0.161785
81,0,imagen.jpeg,123,depthwise_conv,1x960x7x7,0.491105
81,0,imagen.jpeg,124,batchnorm,1x960x7x7,0.052793
81,0,imagen.jpeg,125,activacion,1x960x7x7,0.152659
81,0,imagen.jpeg,126,pointwise_conv,1x960x7x7,4.391795
81,0,imagen.jpeg,127,batchnorm,1x160x7x7,0.007419
81,0,imagen.jpeg,128,layer_add,1x160x7x7,0.004143
81,0,imagen.jpeg,129,pointwise_conv,1x160x7x7,4.074581
81,0,imagen.jpeg,130,batchnorm,1x960x7x7,0.050825
81,0,imagen.jpeg,131,activacion,1x960x7x7,0.142656
81,0,imagen.jpeg,132,depthwise_conv,1x960x7x7,0.446212
81,0,imagen.jpeg,133,batchnorm,1x960x7x7,0.055356
81,0,imagen.jpeg,134,activacion,1x960x7x7,0.127271
81,0,imagen.jpeg,135,pointwise_conv,1x960x7x7,4.244385
81,0,imagen.jpeg,136,batchnorm,1x160x7x7,0.007582
81,0,imagen.jpeg,137,layer_add,1x160x7x7,0.00421
81,0,imagen.jpeg,138,pointwise_conv,1x160x7x7,4.147593
81,0,imagen.jpeg,139,batchnorm,1x960x7x7,0.043142
81,0,imagen.jpeg,140,activacion,1x960x7x7,0.110695
81,0,imagen.jpeg,141,depthwise_conv,1x960x7x7,0.455042
81,0,imagen.jpeg,142,batchnorm,1x960x7x7,0.045686
81,0,imagen.jpeg,143,activacion,1x960x7x7,0.086029
81,0,imagen.jpeg,144,pointwise_conv,1x960x7x7,8.216487
81,0,imagen.jpeg,145,batchnorm,1x320x7x7,0.015669
81,0,imagen.jpeg,146,pointwise_conv,1x320x7x7,10.820932
81,0,imagen.jpeg,147,batchnorm,1x1280x7x7,0.05659
81,0,imagen.jpeg,148,activacion,1x1280x7x7,0.172494
81,0,imagen.jpeg,149,pooling,1x1280x7x7,0.037264
81,0,imagen.jpeg,150,linear,1x1280,1.433948
82,0,imagen.jpeg,0,conv2d,1x3x224x224,15.533241
82,0,imagen.jpeg,1,batchnorm,1x32x112x112,0.468231
82,0,imagen.jpeg,2,activacion,1x32x112x112,0.663096
82,0,imagen.jpeg,3,depthwise_conv,1x32x112x112,3.952333
82,0,imagen.jpeg,4,batchnorm,1x32x112x112,2.368366
82,0,imagen.jpeg,5,activacion,1x32x112x112,0.766198
82,0,imagen.jpeg,6,pointwise_conv,1x32x112x112,3.495622
82,0,imagen.jpeg,7,batchnorm,1x16x112x112,0.168005
82,0,imagen.jpeg,8,pointwise_conv,1x16x112x112,11.450042
82,0,imagen.jpeg,9,batchnorm,1x96x112x112,2.108495
82,0,imagen.jpeg,10,activacion,1x96x112x112,3.332985
82,0,imagen.jpeg,11,depthwise_conv,1x96x112x112,3.084737
82,0,imagen.jpeg,12,batchnorm,1x96x56x56,0.28608
82,0,imagen.jpeg,13,activacion,1x96x56x56,0.979638
82,0,imagen.jpeg,14,pointwise_conv,1x96x56x56,4.125019
82,0,imagen.jpeg,15,batchnorm,1x24x56x56,0.077087
82,0,imagen.jpeg,16,pointwise_conv,1x24x56x56,7.004033
82,0,imagen.jpeg,17,batchnorm,1x144x56x56,0.915207
82,0,imagen.jpeg,18,activacion,1x144x56x56,1.271443
82,0,imagen.jpeg,19,depthwise_conv,1x144x56x56,4.563435
82,0,imagen.jpeg,20,batchnorm,1x144x56x56,0.969702
82,0,imagen.jpeg,21,activacion,1x144x56x56,1.607901
82,0,imagen.jpeg,22,pointwise_conv,1x144x56x56,6.401838
82,0,imagen.jpeg,23,batchnorm,1x24x56x56,0.072887
82,0,imagen.jpeg,24,layer_add,1x24x56x56,0.051049
82,0,imagen.jpeg,25,pointwise_conv,1x24x56x56,6.052113
82,0,imagen.jpeg,26,batchnorm,1x144x56x56,0.458531
82,0,imagen.jpeg,27,activacion,1x144x56x56,1.572963
82,0,imagen.jpeg,28,depthwise_conv,1x144x56x56,1.274314
82,0,imagen.jpeg,29,batchnorm,1x144x28x28,0.099164
82,0,imagen.jpeg,30,activacion,1x144x28x28,0.349337
82,0,imagen.jpeg,31,pointwise_conv,1x144x28x28,1.970873
82,0,imagen.jpeg,32,batchnorm,1x32x28x28,0.021692
82,0,imagen.jpeg,33,pointwise_conv,1x32x28x28,2.626954
82,0,imagen.jpeg,34,batchnorm,1x192x28x28,0.133468
82,0,imagen.jpeg,35,activacion,1x192x28x28,0.356128
82,0,imagen.jpeg,36,depthwise_conv,1x192x28x28,1.487462
82,0,imagen.jpeg,37,batchnorm,1x192x28x28,0.124324
82,0,imagen.jpeg,38,activacion,1x192x28x28,0.518673
82,0,imagen.jpeg,39,pointwise_conv,1x192x28x28,2.573274
82,0,imagen.jpeg,40,batchnorm,1x32x28x28,0.020585
82,0,imagen.jpeg,41,layer_add,1x32x28x28,0.013012
82,0,imagen.jpeg,42,pointwise_conv,1x32x28x28,2.618023
82,0,imagen.jpeg,43,batchnorm,1x192x28x28,0.122779
82,0,imagen.jpeg,44,activacion,1x192x28x28,0.414676
82,0,imagen.jpeg,45,depthwise_conv,1x192x28x28,1.466395
82,0,imagen.jpeg,46,batchnorm,1x192x28x28,0.123443
82,0,imagen.jpeg,47,activacion,1x192x28x28,0.554176
82,0,imagen.jpeg,48,pointwise_conv,1x192x28x28,2.654525
82,0,imagen.jpeg,49,batchnorm,1x32x28x28,0.020636
82,0,imagen.jpeg,50,layer_add,1x32x28x28,0.012423
82,0,imagen.jpeg,51,pointwise_conv,1x32x28x28,2.630612
82,0,imagen.jpeg,52,batchnorm,1x192x28x28,0.125161
82,0,imagen.jpeg,53,activacion,1x192x28x28,0.489307
82,0,imagen.jpeg,54,depthwise_conv,1x192x28x28,0.353995
82,0,imagen.jpeg,55,batchnorm,1x192x14x14,0.031893
82,0,imagen.jpeg,56,activacion,1x192x14x14,0.0919
82,0,imagen.jpeg,57,pointwise_conv,1x192x14x14,1.353506
82,0,imagen.jpeg,58,batchnorm,1x64x14x14,0.01128
82,0,imagen.jpeg,59,pointwise_conv,1x64x14x14,2.634084
82,0,imagen.jpeg,60,batchnorm,1x384x14x14,0.064228
82,0,imagen.jpeg,61,activacion,1x384x14x14,0.188393
82,0,imagen.jpeg,62,depthwise_conv,1x384x14x14,0.730292
82,0,imagen.jpeg,63,batchnorm,1x384x14x14,0.066112
82,0,imagen.jpeg,64,activacion,1x384x14x14,0.251479
82,0,imagen.jpeg,65,pointwise_conv,1x384x14x14,2.607332
82,0,imagen.jpeg,66,batchnorm,1x64x14x14,0.010931
82,0,imagen.jpeg,67,layer_add,1x64x14x14,0.005417
82,0,imagen.jpeg,68,pointwise_conv,1x64x14x14,2.793996
82,0,imagen.jpeg,69,batchnorm,1x384x14x14,0.078687
82,0,imagen.jpeg,70,activacion,1x384x14x14,0.235368
82,0,imagen.jpeg,71,depthwise_conv,1x384x14x14,0.771715
82,0,imagen.jpeg,72,batchnorm,1x384x14x14,0.11209
82,0,imagen.jpeg,73,activacion,1x384x14x14,0.248769
82,0,imagen.jpeg,74,pointwise_conv,1x384x14x14,2.657527
82,0,imagen.jpeg,75,batchnorm,1x64x14x14,0.011198
82,0,imagen.jpeg,76,layer_add,1x64x14x14,0.007635
82,0,imagen.jpeg,77,pointwise_conv,1x64x14x14,2.654689
82,0,imagen.jpeg,78,batchnorm,1x384x14x14,0.067782
82,0,imagen.jpeg,79,activacion,1x384x14x14,0.257794
82,0,imagen.jpeg,80,depthwise_conv,1x384x14x14,0.748684
82,0,imagen.jpeg,81,batchnorm,1x384x14x14,0.138909
82,0,imagen.jpeg,82,activacion,1x384x14x14,0.224521
82,0,imagen.jpeg,83,pointwise_conv,1x384x14x14,2.681562
82,0,imagen.jpeg,84,batchnorm,1x64x14x14,0.011328
82,0,imagen.jpeg,85,layer_add,1x64x14x14,0.005969
82,0,imagen.jpeg,86,pointwise_conv,1x64x14x14,2.690836
82,0,imagen.jpeg,87,batchnorm,1x384x14x14,0.067001
82,0,imagen.jpeg,88,activacion,1x384x14x14,0.26179
82,0,imagen.jpeg,89,depthwise_conv,1x384x14x14,0.779389
82,0,imagen.jpeg,90,batchnorm,1x384x14x14,0.066413
82,0,imagen.jpeg,91,activacion,1x384x14x14,0.234838
82,0,imagen.jpeg,92,pointwise_conv,1x384x14x14,3.961048
82,0,imagen.jpeg,93,batchnorm,1x96x14x14,0.02109
82,0,imagen.jpeg,94,pointwise_conv,1x96x14x14,5.951053
82,0,imagen.jpeg,95,batchnorm,1x576x14x14,0.099501
82,0,imagen.jpeg,96,activacion,1x576x14x14,0.365037
82,0,imagen.jpeg,97,depthwise_conv,1x576x14x14,1.122709
82,0,imagen.jpeg,98,batchnorm,1x576x14x14,0.171903
82,0,imagen.jpeg,99,activacion,1x576x14x14,0.322841
82,0,imagen.jpeg,100,pointwise_conv,1x576x14x14,5.922659
82,0,imagen.jpeg,101,batchnorm,1x96x14x14,0.017167
82,0,imagen.jpeg,102,layer_add,1x96x14x14,0.009706
82,0,imagen.jpeg,103,pointwise_conv,1x96x14x14,6.284128
82,0,imagen.jpeg,104,batchnorm,1x576x14x14,0.117033
82,0,imagen.jpeg,105,activacion,1x576x14x14,0.370677
82,0,imagen.jpeg,106,depthwise_conv,1x576x14x14,1.15744
82,0,imagen.jpeg,107,batchnorm,1x576x14x14,0.161815
82,0,imagen.jpeg,108,activacion,1x576x14x14,0.311937
82,0,imagen.jpeg,109,pointwise_conv,1x576x14x14,5.962782
82,0,imagen.jpeg,110,batchnorm,1x96x14x14,0.016716
82,0,imagen.jpeg,111,layer_add,1x96x14x14,0.012671
82,0,imagen.jpeg,112,pointwise_conv,1x96x14x14,6.062237
82,0,imagen.jpeg,113,batchnorm,1x576x14x14,0.113933
82,0,imagen.jpeg,114,activacion,1x576x14x14,0.322178
82,0,imagen.jpeg,115,depthwise_conv,1x576x14x14,0.278195
82,0,imagen.jpeg,116,batchnorm,1x576x7x7,0.031414
82,0,imagen.jpeg,117,activacion,1x576x7x7,0.066693
82,0,imagen.jpeg,118,pointwise_conv,1x576x7x7,2.491693
82,0,imagen.jpeg,119,batchnorm,1x160x7x7,0.007636
82,0,imagen.jpeg,120,pointwise_conv,1x160x7x7,4.163946
82,0,imagen.jpeg,121,batchnorm,1x960x7x7,0.045391
82,0,imagen.jpeg,122,activacion,1x960x7x7,0.152902
82,0,imagen.jpeg,123,depthwise_conv,1x960x7x7,0.434607
82,0,imagen.jpeg,124,batchnorm,1x960x7x7,0.0437
82,0,imagen.jpeg,125,activacion,1x960x7x7,0.145888
82,0,imagen.jpeg,126,pointwise_conv,1x960x7x7,4.080403
82,0,imagen.jpeg,127,batchnorm,1x160x7x7,0.007539
82,0,imagen.jpeg,128,layer_add,1x160x7x7,0.003879
82,0,imagen.jpeg,129,pointwise_conv,1x160x7x7,4.038668
82,0,imagen.jpeg,130,batchnorm,1x960x7x7,0.042544
82,0,imagen.jpeg,131,activacion,1x960x7x7,0.142381
82,0,imagen.jpeg,132,depthwise_conv,1x960x7x7,0.420467
82,0,imagen.jpeg,133,batchnorm,1x960x7x7,0.056172
82,0,imagen.jpeg,134,activacion,1x960x7x7,0.124382
82,0,imagen.jpeg,135,pointwise_conv,1x960x7x7,3.995461
82,0,imagen.jpeg,136,batchnorm,1x160x7x7,0.007729
82,0,imagen.jpeg,137,layer_add,1x160x7x7,0.003676
82,0,imagen.jpeg,138,pointwise_conv,1x160x7x7,4.09325
82,0,imagen.jpeg,139,batchnorm,1x960x7x7,0.043909
82,0,imagen.jpeg,140,activacion,1x960x7x7,0.11651
82,0,imagen.jpeg,141,depthwise_conv,1x960x7x7,0.46851
82,0,imagen.jpeg,142,batchnorm,1x960x7x7,0.047819
82,0,imagen.jpeg,143,activacion,1x960x7x7,0.090493
82,0,imagen.jpeg,144,pointwise_conv,1x960x7x7,8.386315
82,0,imagen.jpeg,145,batchnorm,1x320x7x7,0.01779
82,0,imagen.jpeg,146,pointwise_conv,1x320x7x7,11.061225
82,0,imagen.jpeg,147,batchnorm,1x1280x7x7,0.066405
82,0,imagen.jpeg,148,activacion,1x1280x7x7,0.189054
82,0,imagen.jpeg,149,pooling,1x1280x7x7,0.046134
82,0,imagen.jpeg,150,linear,1x1280,1.476442
83,0,imagen.jpeg,0,conv2d,1x3x224x224,15.663568
83,0,imagen.jpeg,1,batchnorm,1x32x112x112,0.38635
83,0,imagen.jpeg,2,activacion,1x32x112x112,0.6709
83,0,imagen.jpeg,3,depthwise_conv,1x32x112x112,3.896623
83,0,imagen.jpeg,4,batchnorm,1x32x112x112,2.306052
83,0,imagen.jpeg,5,activacion,1x32x112x112,0.756841
83,0,imagen.jpeg,6,pointwise_conv,1x32x112x112,3.726132
83,0,imagen.jpeg,7,batchnorm,1x16x112x112,0.182833
83,0,imagen.jpeg,8,pointwise_conv,1x16x112x112,11.195951
83,0,imagen.jpeg,9,batchnorm,1x96x112x112,2.158887
83,0,imagen.jpeg,10,activacion,1x96x112x112,3.437385
83,0,imagen.jpeg,11,depthwise_conv,1x96x112x112,3.206894
83,0,imagen.jpeg,12,batchnorm,1x96x56x56,0.306154
83,0,imagen.jpeg,13,activacion,1x96x56x56,0.986053
83,0,imagen.jpeg,14,pointwise_conv,1x96x56x56,3.869763
83,0,imagen.jpeg,15,batchnorm,1x24x56x56,0.062456
83,0,imagen.jpeg,16,pointwise_conv,1x24x56x56,6.533403
83,0,imagen.jpeg,17,batchnorm,1x144x56x56,0.876962
83,0,imagen.jpeg,18,activacion,1x144x56x56,1.281418
83,0,imagen.jpeg,19,depthwise_conv,1x144x56x56,4.399759
83,0,imagen.jpeg,20,batchnorm,1x144x56x56,0.906436
83,0,imagen.jpeg,21,activacion,1x144x56x56,1.575947
83,0,imagen.jpeg,22,pointwise_conv,1x144x56x56,6.34376
83,0,imagen.jpeg,23,batchnorm,1x24x56x56,0.103115
83,0,imagen.jpeg,24,layer_add,1x24x56x56,0.081272
83,0,imagen.jpeg,25,pointwise_conv,1x24x56x56,6.483898
83,0,imagen.jpeg,26,batchnorm,1x144x56x56,0.439662
83,0,imagen.jpeg,27,activacion,1x144x56x56,1.571361
83,0,imagen.jpeg,28,depthwise_conv,1x144x56x56,1.17851
83,0,imagen.jpeg,29,batchnorm,1x144x28x28,0.101802
83,0,imagen.jpeg,30,activacion,1x144x28x28,0.359525
83,0,imagen.jpeg,31,pointwise_conv,1x144x28x28,2.027163
83,0,imagen.jpeg,32,batchnorm,1x32x28x28,0.021753
83,0,imagen.jpeg,33,pointwise_conv,1x32x28x28,2.862077
83,0,imagen.jpeg,34,batchnorm,1x192x28x28,0.158738
83,0,imagen.jpeg,35,activacion,1x192x28x28,0.390729
83,0,imagen.jpeg,36,depthwise_conv,1x192x28x28,1.5417
83,0,imagen.jpeg,37,batchnorm,1x192x28x28,0.134348
83,0,imagen.jpeg,38,activacion,1x192x28x28,0.546641
83,0,imagen.jpeg,39,pointwise_conv,1x192x28x28,2.687518
83,0,imagen.jpeg,40,batchnorm,1x32x28x28,0.022224
83,0,imagen.jpeg,41,layer_add,1x32x28x28,0.014061
83,0,imagen.jpeg,42,pointwise_conv,1x32x28x28,2.64694
83,0,imagen.jpeg,43,batchnorm,1x192x28x28,0.133671
83,0,imagen.jpeg,44,activacion,1x192x28x28,0.445241
83,0,imagen.jpeg,45,depthwise_conv,1x192x28x28,1.489609
83,0,imagen.jpeg,46,batchnorm,1x192x28x28,0.158305
83,0,imagen.jpeg,47,activacion,1x192x28x28,0.505408
83,0,imagen.jpeg,48,pointwise_conv,1x192x28x28,2.612039
83,0,imagen.jpeg,49,batchnorm,1x32x28x28,0.020737
83,0,imagen.jpeg,50,layer_add,1x32x28x28,0.012616
83,0,imagen.jpeg,51,pointwise_conv,1x32x28x28,3.24769
83,0,imagen.jpeg,52,batchnorm,1x192x28x28,0.186724
83,0,imagen.jpeg,53,activacion,1x192x28x28,0.50509
83,0,imagen.jpeg,54,depthwise_conv,1x192x28x28,0.395695
83,0,imagen.jpeg,55,batchnorm,1x192x14x14,0.035046
83,0,imagen.jpeg,56,activacion,1x192x14x14,0.101461
83,0,imagen.jpeg,57,pointwise_conv,1x192x14x14,1.381497
83,0,imagen.jpeg,58,batchnorm,1x64x14x14,0.012041
83,0,imagen.jpeg,59,pointwise_conv,1x64x14x14,2.777436
83,0,imagen.jpeg,60,batchnorm,1x384x14x14,0.066672
83,0,imagen.jpeg,61,activacion,1x384x14x14,0.190767
83,0,imagen.jpeg,62,depthwise_conv,1x384x14x14,0.770928
83,0,imagen.jpeg,63,batchnorm,1x384x14x14,0.067256
83,0,imagen.jpeg,64,activacion,1x384x14x14,0.26993
83,0,imagen.jpeg,65,pointwise_conv,1x384x14x14,2.693074
83,0,imagen.jpeg,66,batchnorm,1x64x14x14,0.011001
83,0,imagen.jpeg,67,layer_add,1x64x14x14,0.005531
83,0,imagen.jpeg,68,pointwise_conv,1x64x14x14,2.843308
83,0,imagen.jpeg,69,batchnorm,1x384x14x14,0.093687
83,0,imagen.jpeg,70,activacion,1x384x14x14,0.244782
83,0,imagen.jpeg,71,depthwise_conv,1x384x14x14,0.767501
83,0,imagen.jpeg,72,batchnorm,1x384x14x14,0.111144
83,0,imagen.jpeg,73,activacion,1x384x14x14,0.247026
83,0,imagen.jpeg,74,pointwise_conv,1x384x14x14,3.468816
83,0,imagen.jpeg,75,batchnorm,1x64x14x14,0.013032
83,0,imagen.jpeg,76,layer_add,1x64x14x14,0.007776
83,0,imagen.jpeg,77,pointwise_conv,1x64x14x14,2.790119
83,0,imagen.jpeg,78,batchnorm,1x384x14x14,0.072978
83,0,imagen.jpeg,79,activacion,1x384x14x14,0.253364
83,0,imagen.jpeg,80,depthwise_conv,1x384x14x14,0.787317
83,0,imagen.jpeg,81,batchnorm,1x384x14x14,0.144862
83,0,imagen.jpeg,82,activacion,1x384x14x14,0.249177
83,0,imagen.jpeg,83,pointwise_conv,1x384x14x14,2.761688
83,0,imagen.jpeg,84,batchnorm,1x64x14x14,0.011403
83,0,imagen.jpeg,85,layer_add,1x64x14x14,0.006684
83,0,imagen.jpeg,86,pointwise_conv,1x64x14x14,2.729771
83,0,imagen.jpeg,87,batchnorm,1x384x14x14,0.067855
83,0,imagen.jpeg,88,activacion,1x384x14x14,0.268925
83,0,imagen.jpeg,89,depthwise_conv,1x384x14x14,0.772584
83,0,imagen.jpeg,90,batchnorm,1x384x14x14,0.067162
83,0,imagen.jpeg,91,activacion,1x384x14x14,0.241831
83,0,imagen.jpeg,92,pointwise_conv,1x384x14x14,4.893508
83,0,imagen.jpeg,93,batchnorm,1x96x14x14,0.019413
83,0,imagen.jpeg,94,pointwise_conv,1x96x14x14,6.134886
83,0,imagen.jpeg,95,batchnorm,1x576x14x14,0.136416
83,0,imagen.jpeg,96,activacion,1x576x14x14,0.372224
83,0,imagen.jpeg,97,depthwise_conv,1x576x14x14,1.149982
83,0,imagen.jpeg,98,batchnorm,1x576x14x14,0.176515
83,0,imagen.jpeg,99,activacion,1x576x14x14,0.335618
83,0,imagen.jpeg,100,pointwise_conv,1x576x14x14,6.809912
83,0,imagen.jpeg,101,batchnorm,1x96x14x14,0.018809
83,0,imagen.jpeg,102,layer_add,1x96x14x14,0.010096
83,0,imagen.jpeg,103,pointwise_conv,1x96x14x14,6.044996
83,0,imagen.jpeg,104,batchnorm,1x576x14x14,0.103633
83,0,imagen.jpeg,105,activacion,1x576x14x14,0.350465
83,0,imagen.jpeg,106,depthwise_conv,1x576x14x14,1.124436
83,0,imagen.jpeg,107,batchnorm,1x576x14x14,0.157573
83,0,imagen.jpeg,108,activacion,1x576x14x14,0.317102
83,0,imagen.jpeg,109,pointwise_conv,1x576x14x14,6.331561
83,0,imagen.jpeg,110,batchnorm,1x96x14x14,0.034623
83,0,imagen.jpeg,111,layer_add,1x96x14x14,0.018461
83,0,imagen.jpeg,112,pointwise_conv,1x96x14x14,6.535214
83,0,imagen.jpeg,113,batchnorm,1x576x14x14,0.108447
83,0,imagen.jpeg,114,activacion,1x576x14x14,0.358857
83,0,imagen.jpeg,115,depthwise_conv,1x576x14x14,0.279717
83,0,imagen.jpeg,116,batchnorm,1x576x7x7,0.029969
83,0,imagen.jpeg,117,activacion,1x576x7x7,0.065461
83,0,imagen.jpeg,118,pointwise_conv,1x576x7x7,2.452617
83,0,imagen.jpeg,119,batchnorm,1x160x7x7,0.007776
83,0,imagen.jpeg,120,pointwise_conv,1x160x7x7,4.137193
83,0,imagen.jpeg,121,batchnorm,1x960x7x7,0.044328
83,0,imagen.jpeg,122,activacion,1x960x7x7,0.146319
83,0,imagen.jpeg,123,depthwise_conv,1x960x7x7,0.457398
83,0,imagen.jpeg,124,batchnorm,1x960x7x7,0.041807
83,0,imagen.jpeg,125,activacion,1x960x7x7,0.135818
83,0,imagen.jpeg,126,pointwise_conv,1x960x7x7,4.6792
83,0,imagen.jpeg,127,batchnorm,1x160x7x7,0.0077
83,0,imagen.jpeg,128,layer_add,1x160x7x7,0.004297
83,0,imagen.jpeg,129,pointwise_conv,1x160x7x7,4.2244
83,0,imagen.jpeg,130,batchnorm,1x960x7x7,0.044761
83,0,imagen.jpeg,131,activacion,1x960x7x7,0.141113
83,0,imagen.jpeg,132,depthwise_conv,1x960x7x7,0.427615
83,0,imagen.jpeg,133,batchnorm,1x960x7x7,0.054339
83,0,imagen.jpeg,134,activacion,1x960x7x7,0.136938
83,0,imagen.jpeg,135,pointwise_conv,1x960x7x7,4.117617
83,0,imagen.jpeg,136,batchnorm,1x160x7x7,0.007418
83,0,imagen.jpeg,137,layer_add,1x160x7x7,0.004053
83,0,imagen.jpeg,138,pointwise_conv,1x160x7x7,4.178137
83,0,imagen.jpeg,139,batchnorm,1x960x7x7,0.127988
83,0,imagen.jpeg,140,activacion,1x960x7x7,0.149327
83,0,imagen.jpeg,141,depthwise_conv,1x960x7x7,0.479918
83,0,imagen.jpeg,142,batchnorm,1x960x7x7,0.056087
83,0,imagen.jpeg,143,activacion,1x960x7x7,0.102904
83,0,imagen.jpeg,144,pointwise_conv,1x960x7x7,8.147773
83,0,imagen.jpeg,145,batchnorm,1x320x7x7,0.015031
83,0,imagen.jpeg,146,pointwise_conv,1x320x7x7,11.395228
83,0,imagen.jpeg,147,batchnorm,1x1280x7x7,0.063741
83,0,imagen.jpeg,148,activacion,1x1280x7x7,0.192485
83,0,imagen.jpeg,149,pooling,1x1280x7x7,0.041548
83,0,imagen.jpeg,150,linear,1x1280,1.465834
84,0,imagen.jpeg,0,conv2d,1x3x224x224,16.684979
84,0,imagen.jpeg,1,batchnorm,1x32x112x112,0.414567
84,0,imagen.jpeg,2,activacion,1x32x112x112,0.702702
84,0,imagen.jpeg,3,depthwise_conv,1x32x112x112,4.293864
84,0,imagen.jpeg,4,batchnorm,1x32x112x112,2.53743
84,0,imagen.jpeg,5,activacion,1x32x112x112,0.796532
84,0,imagen.jpeg,6,pointwise_conv,1x32x112x112,3.736397
84,0,imagen.jpeg,7,batchnorm,1x16x112x112,0.198959
84,0,imagen.jpeg,8,pointwise_conv,1x16x112x112,11.648425
84,0,imagen.jpeg,9,batchnorm,1x96x112x112,2.133941
84,0,imagen.jpeg,10,activacion,1x96x112x112,3.474802
84,0,imagen.jpeg,11,depthwise_conv,1x96x112x112,3.307054
84,0,imagen.jpeg,12,batchnorm,1x96x56x56,0.290119
84,0,imagen.jpeg,13,activacion,1x96x56x56,1.03673
84,0,imagen.jpeg,14,pointwise_conv,1x96x56x56,4.532177
84,0,imagen.jpeg,15,batchnorm,1x24x56x56,0.07084
84,0,imagen.jpeg,16,pointwise_conv,1x24x56x56,6.854718
84,0,imagen.jpeg,17,batchnorm,1x144x56x56,0.885509
84,0,imagen.jpeg,18,activacion,1x144x56x56,1.332359
84,0,imagen.jpeg,19,depthwise_conv,1x144x56x56,4.9904
84,0,imagen.jpeg,20,batchnorm,1x144x56x56,1.011055
84,0,imagen.jpeg,21,activacion,1x144x56x56,1.667783
84,0,imagen.jpeg,22,pointwise_conv,1x144x56x56,5.997687
84,0,imagen.jpeg,23,batchnorm,1x24x56x56,0.063057
84,0,imagen.jpeg,24,layer_add,1x24x56x56,0.042276
84,0,imagen.jpeg,25,pointwise_conv,1x24x56x56,5.99467
84,0,imagen.jpeg,26,batchnorm,1x144x56x56,0.675294
84,0,imagen.jpeg,27,activacion,1x144x56x56,1.7311
84,0,imagen.jpeg,28,depthwise_conv,1x144x56x56,1.266587
84,0,imagen.jpeg,29,batchnorm,1x144x28x28,0.110493
84,0,imagen.jpeg,30,activacion,1x144x28x28,0.37278
84,0,imagen.jpeg,31,pointwise_conv,1x144x28x28,2.027709
84,0,imagen.jpeg,32,batchnorm,1x32x28x28,0.022009
84,0,imagen.jpeg,33,pointwise_conv,1x32x28x28,2.724951
84,0,imagen.jpeg,34,batchnorm,1x192x28x28,0.137952
84,0,imagen.jpeg,35,activacion,1x192x28x28,0.381315
84,0,imagen.jpeg,36,depthwise_conv,1x192x28x28,1.51934
84,0,imagen.jpeg,37,batchnorm,1x192x28x28,0.134551
84,0,imagen.jpeg,38,activacion,1x192x28x28,0.536957
84,0,imagen.jpeg,39,pointwise_conv,1x192x28x28,2.662798
84,0,imagen.jpeg,40,batchnorm,1x32x28x28,0.0211
84,0,imagen.jpeg,41,layer_add,1x32x28x28,0.013384
84,0,imagen.jpeg,42,pointwise_conv,1x32x28x28,3.288601
84,0,imagen.jpeg,43,batchnorm,1x192x28x28,0.186497
84,0,imagen.jpeg,44,activacion,1x192x28x28,0.467651
84,0,imagen.jpeg,45,depthwise_conv,1x192x28x28,1.572466
84,0,imagen.jpeg,46,batchnorm,1x192x28x28,0.153563
84,0,imagen.jpeg,47,activacion,1x192x28x28,0.509737
84,0,imagen.jpeg,48,pointwise_conv,1x192x28x28,2.678286
84,0,imagen.jpeg,49,batchnorm,1x32x28x28,0.021263
84,0,imagen.jpeg,50,layer_add,1x32x28x28,0.014193
84,0,imagen.jpeg,51,pointwise_conv,1x32x28x28,2.657187
84,0,imagen.jpeg,52,batchnorm,1x192x28x28,0.127211
84,0,imagen.jpeg,53,activacion,1x192x28x28,0.499815
84,0,imagen.jpeg,54,depthwise_conv,1x192x28x28,0.380599
84,0,imagen.jpeg,55,batchnorm,1x192x14x14,0.033286
84,0,imagen.jpeg,56,activacion,1x192x14x14,0.095425
84,0,imagen.jpeg,57,pointwise_conv,1x192x14x14,1.369418
84,0,imagen.jpeg,58,batchnorm,1x64x14x14,0.012195
84,0,imagen.jpeg,59,pointwise_conv,1x64x14x14,2.698335
84,0,imagen.jpeg,60,batchnorm,1x384x14x14,0.066979
84,0,imagen.jpeg,61,activacion,1x384x14x14,0.22565
84,0,imagen.jpeg,62,depthwise_conv,1x384x14x14,0.757208
84,0,imagen.jpeg,63,batchnorm,1x384x14x14,0.067976
84,0,imagen.jpeg,64,activacion,1x384x14x14,0.263027
84,0,imagen.jpeg,65,pointwise_conv,1x384x14x14,3.709943
84,0,imagen.jpeg,66,batchnorm,1x64x14x14,0.019063
84,0,imagen.jpeg,67,layer_add,1x64x14x14,0.007584
84,0,imagen.jpeg,68,pointwise_conv,1x64x14x14,2.801671
84,0,imagen.jpeg,69,batchnorm,1x384x14x14,0.069524
84,0,imagen.jpeg,70,activacion,1x384x14x14,0.255291
84,0,imagen.jpeg,71,depthwise_conv,1x384x14x14,0.794044
84,0,imagen.jpeg,72,batchnorm,1x384x14x14,0.100063
84,0,imagen.jpeg,73,activacion,1x384x14x14,0.257255
84,0,imagen.jpeg,74,pointwise_conv,1x384x14x14,2.771991
84,0,imagen.jpeg,75,batchnorm,1x64x14x14,0.011046
84,0,imagen.jpeg,76,layer_add,1x64x14x14,0.006533
84,0,imagen.jpeg,77,pointwise_conv,1x64x14x14,2.752089
84,0,imagen.jpeg,78,batchnorm,1x384x14x14,0.065743
84,0,imagen.jpeg,79,activacion,1x384x14x14,0.267664
84,0,imagen.jpeg,80,depthwise_conv,1x384x14x14,0.774721
84,0,imagen.jpeg,81,batchnorm,1x384x14x14,0.142413
84,0,imagen.jpeg,82,activacion,1x384x14x14,0.234712
84,0,imagen.jpeg,83,pointwise_conv,1x384x14x14,2.917636
84,0,imagen.jpeg,84,batchnorm,1x64x14x14,0.041603
84,0,imagen.jpeg,85,layer_add,1x64x14x14,0.006997
84,0,imagen.jpeg,86,pointwise_conv,1x64x14x14,2.788231
84,0,imagen.jpeg,87,batchnorm,1x384x14x14,0.068306
84,0,imagen.jpeg,88,activacion,1x384x14x14,0.254067
84,0,imagen.jpeg,89,depthwise_conv,1x384x14x14,0.779162
84,0,imagen.jpeg,90,batchnorm,1x384x14x14,0.067127
84,0,imagen.jpeg,91,activacion,1x384x14x14,0.259211
84,0,imagen.jpeg,92,pointwise_conv,1x384x14x14,4.163714
84,0,imagen.jpeg,93,batchnorm,1x96x14x14,0.017681
84,0,imagen.jpeg,94,pointwise_conv,1x96x14x14,6.042756
84,0,imagen.jpeg,95,batchnorm,1x576x14x14,0.116192
84,0,imagen.jpeg,96,activacion,1x576x14x14,0.381478
84,0,imagen.jpeg,97,depthwise_conv,1x576x14x14,1.197285
84,0,imagen.jpeg,98,batchnorm,1x576x14x14,0.23116
84,0,imagen.jpeg,99,activacion,1x576x14x14,0.343919
84,0,imagen.jpeg,100,pointwise_conv,1x576x14x14,6.078786
84,0,imagen.jpeg,101,batchnorm,1x96x14x14,0.016559
84,0,imagen.jpeg,102,layer_add,1x96x14x14,0.010043
84,0,imagen.jpeg,103,pointwise_conv,1x96x14x14,5.914886
84,0,imagen.jpeg,104,batchnorm,1x576x14x14,0.102569
84,0,imagen.jpeg,105,activacion,1x576x14x14,0.361521
84,0,imagen.jpeg,106,depthwise_conv,1x576x14x14,1.171428
84,0,imagen.jpeg,107,batchnorm,1x576x14x14,0.17057
84,0,imagen.jpeg,108,activacion,1x576x14x14,0.341207
84,0,imagen.jpeg,109,pointwise_conv,1x576x14x14,6.915235
84,0,imagen.jpeg,110,batchnorm,1x96x14x14,0.017273
84,0,imagen.jpeg,111,layer_add,1x96x14x14,0.012972
84,0,imagen.jpeg,112,pointwise_conv,1x96x14x14,5.994358
84,0,imagen.jpeg,113,batchnorm,1x576x14x14,0.105676
84,0,imagen.jpeg,114,activacion,1x576x14x14,0.317916
84,0,imagen.jpeg,115,depthwise_conv,1x576x14x14,0.267019
84,0,imagen.jpeg,116,batchnorm,1x576x7x7,0.030786
84,0,imagen.jpeg,117,activacion,1x576x7x7,0.065398
84,0,imagen.jpeg,118,pointwise_conv,1x576x7x7,2.535252
84,0,imagen.jpeg,119,batchnorm,1x160x7x7,0.009005
84,0,imagen.jpeg,120,pointwise_conv,1x160x7x7,4.292341
84,0,imagen.jpeg,121,batchnorm,1x960x7x7,0.075578
84,0,imagen.jpeg,122,activacion,1x960x7x7,0.145576
84,0,imagen.jpeg,123,depthwise_conv,1x960x7x7,0.436119
84,0,imagen.jpeg,124,batchnorm,1x960x7x7,0.043342
84,0,imagen.jpeg,125,activacion,1x960x7x7,0.138113
84,0,imagen.jpeg,126,pointwise_conv,1x960x7x7,4.019592
84,0,imagen.jpeg,127,batchnorm,1x160x7x7,0.007503
84,0,imagen.jpeg,128,layer_add,1x160x7x7,0.004146
84,0,imagen.jpeg,129,pointwise_conv,1x160x7x7,3.992044
84,0,imagen.jpeg,130,batchnorm,1x960x7x7,0.04217
84,0,imagen.jpeg,131,activacion,1x960x7x7,0.138319
84,0,imagen.jpeg,132,depthwise_conv,1x960x7x7,0.434953
84,0,imagen.jpeg,133,batchnorm,1x960x7x7,0.053693
84,0,imagen.jpeg,134,activacion,1x960x7x7,0.123698
84,0,imagen.jpeg,135,pointwise_conv,1x960x7x7,4.4001
84,0,imagen.jpeg,136,batchnorm,1x160x7x7,0.029827
84,0,imagen.jpeg,137,layer_add,1x160x7x7,0.005682
84,0,imagen.jpeg,138,pointwise_conv,1x160x7x7,4.177392
84,0,imagen.jpeg,139,batchnorm,1x960x7x7,0.043973
84,0,imagen.jpeg,140,activacion,1x960x7x7,0.15168
84,0,imagen.jpeg,141,depthwise_conv,1x960x7x7,0.524906
84,0,imagen.jpeg,142,batchnorm,1x960x7x7,0.047173
84,0,imagen.jpeg,143,activacion,1x960x7x7,0.08785
84,0,imagen.jpeg,144,pointwise_conv,1x960x7x7,8.132688
84,0,imagen.jpeg,145,batchnorm,1x320x7x7,0.031361
84,0,imagen.jpeg,146,pointwise_conv,1x320x7x7,11.130024
84,0,imagen.jpeg,147,batchnorm,1x1280x7x7,0.063129
84,0,imagen.jpeg,148,activacion,1x1280x7x7,0.18499
84,0,imagen.jpeg,149,pooling,1x1280x7x7,0.040619
84,0,imagen.jpeg,150,linear,1x1280,1.424928
85,0,imagen.jpeg,0,conv2d,1x3x224x224,15.77625
85,0,imagen.jpeg,1,batchnorm,1x32x112x112,0.474607
85,0,imagen.jpeg,2,activacion,1x32x112x112,0.752262
85,0,imagen.jpeg,3,depthwise_conv,1x32x112x112,4.215192
85,0,imagen.jpeg,4,batchnorm,1x32x112x112,2.405795
85,0,imagen.jpeg,5,activacion,1x32x112x112,0.767919
85,0,imagen.jpeg,6,pointwise_conv,1x32x112x112,3.611367
85,0,imagen.jpeg,7,batchnorm,1x16x112x112,0.176734
85,0,imagen.jpeg,8,pointwise_conv,1x16x112x112,11.686862
85,0,imagen.jpeg,9,batchnorm,1x96x112x112,2.080963
85,0,imagen.jpeg,10,activacion,1x96x112x112,3.529794
85,0,imagen.jpeg,11,depthwise_conv,1x96x112x112,3.090611
85,0,imagen.jpeg,12,batchnorm,1x96x56x56,0.287093
85,0,imagen.jpeg,13,activacion,1x96x56x56,1.037176
85,0,imagen.jpeg,14,pointwise_conv,1x96x56x56,4.054879
85,0,imagen.jpeg,15,batchnorm,1x24x56x56,0.065322
85,0,imagen.jpeg,16,pointwise_conv,1x24x56x56,11.241986
85,0,imagen.jpeg,17,batchnorm,1x144x56x56,1.379232
85,0,imagen.jpeg,18,activacion,1x144x56x56,1.649946
85,0,imagen.jpeg,19,depthwise_conv,1x144x56x56,6.703307
85,0,imagen.jpeg,20,batchnorm,1x144x56x56,0.921537
85,0,imagen.jpeg,21,activacion,1x144x56x56,1.688402
85,0,imagen.jpeg,22,pointwise_conv,1x144x56x56,7.482164
85,0,imagen.jpeg,23,batchnorm,1x24x56x56,0.073314
85,0,imagen.jpeg,24,layer_add,1x24x56x56,0.046721
85,0,imagen.jpeg,25,pointwise_conv,1x24x56x56,6.19094
85,0,imagen.jpeg,26,batchnorm,1x144x56x56,0.426084
85,0,imagen.jpeg,27,activacion,1x144x56x56,1.560104
85,0,imagen.jpeg,28,depthwise_conv,1x144x56x56,1.583516
85,0,imagen.jpeg,29,batchnorm,1x144x28x28,0.194545
85,0,imagen.jpeg,30,activacion,1x144x28x28,0.369741
85,0,imagen.jpeg,31,pointwise_conv,1x144x28x28,2.073352
85,0,imagen.jpeg,32,batchnorm,1x32x28x28,0.023793
85,0,imagen.jpeg,33,pointwise_conv,1x32x28x28,2.798933
85,0,imagen.jpeg,34,batchnorm,1x192x28x28,0.144022
85,0,imagen.jpeg,35,activacion,1x192x28x28,0.385322
85,0,imagen.jpeg,36,depthwise_conv,1x192x28x28,1.542646
85,0,imagen.jpeg,37,batchnorm,1x192x28x28,0.130353
85,0,imagen.jpeg,38,activacion,1x192x28x28,0.566796
85,0,imagen.jpeg,39,pointwise_conv,1x192x28x28,2.669945
85,0,imagen.jpeg,40,batchnorm,1x32x28x28,0.021207
85,0,imagen.jpeg,41,layer_add,1x32x28x28,0.012848
85,0,imagen.jpeg,42,pointwise_conv,1x32x28x28,2.689277
85,0,imagen.jpeg,43,batchnorm,1x192x28x28,0.128745
85,0,imagen.jpeg,44,activacion,1x192x28x28,0.456195
85,0,imagen.jpeg,45,depthwise_conv,1x192x28x28,1.613169
85,0,imagen.jpeg,46,batchnorm,1x192x28x28,0.138785
85,0,imagen.jpeg,47,activacion,1x192x28x28,0.523552
85,0,imagen.jpeg,48,pointwise_conv,1x192x28x28,2.760188
85,0,imagen.jpeg,49,batchnorm,1x32x28x28,0.023267
85,0,imagen.jpeg,50,layer_add,1x32x28x28,0.014195
85,0,imagen.jpeg,51,pointwise_conv,1x32x28x28,2.662686
85,0,imagen.jpeg,52,batchnorm,1x192x28x28,0.140814
85,0,imagen.jpeg,53,activacion,1x192x28x28,0.504672
85,0,imagen.jpeg,54,depthwise_conv,1x192x28x28,0.386944
85,0,imagen.jpeg,55,batchnorm,1x192x14x14,0.051619
85,0,imagen.jpeg,56,activacion,1x192x14x14,0.10525
85,0,imagen.jpeg,57,pointwise_conv,1x192x14x14,1.962919
85,0,imagen.jpeg,58,batchnorm,1x64x14x14,0.012625
85,0,imagen.jpeg,59,pointwise_conv,1x64x14x14,2.760751
85,0,imagen.jpeg,60,batchnorm,1x384x14x14,0.069197
85,0,imagen.jpeg,61,activacion,1x384x14x14,0.185805
85,0,imagen.jpeg,62,depthwise_conv,1x384x14x14,0.791829
85,0,imagen.jpeg,63,batchnorm,1x384x14x14,0.065424
85,0,imagen.jpeg,64,activacion,1x384x14x14,0.26286
85,0,imagen.jpeg,65,pointwise_conv,1x384x14x14,2.754109
85,0,imagen.jpeg,66,batchnorm,1x64x14x14,0.013987
85,0,imagen.jpeg,67,layer_add,1x64x14x14,0.009284
85,0,imagen.jpeg,68,pointwise_conv,1x64x14x14,2.970895
85,0,imagen.jpeg,69,batchnorm,1x384x14x14,0.072817
85,0,imagen.jpeg,70,activacion,1x384x14x14,0.233649
85,0,imagen.jpeg,71,depthwise_conv,1x384x14x14,0.786091
85,0,imagen.jpeg,72,batchnorm,1x384x14x14,0.110718
85,0,imagen.jpeg,73,activacion,1x384x14x14,0.266106
85,0,imagen.jpeg,74,pointwise_conv,1x384x14x14,2.761027
85,0,imagen.jpeg,75,batchnorm,1x64x14x14,0.011337
85,0,imagen.jpeg,76,layer_add,1x64x14x14,0.007658
85,0,imagen.jpeg,77,pointwise_conv,1x64x14x14,2.900385
85,0,imagen.jpeg,78,batchnorm,1x384x14x14,0.07035
85,0,imagen.jpeg,79,activacion,1x384x14x14,0.257908
85,0,imagen.jpeg,80,depthwise_conv,1x384x14x14,0.769095
85,0,imagen.jpeg,81,batchnorm,1x384x14x14,0.142642
85,0,imagen.jpeg,82,activacion,1x384x14x14,0.232481
85,0,imagen.jpeg,83,pointwise_conv,1x384x14x14,2.674619
85,0,imagen.jpeg,84,batchnorm,1x64x14x14,0.01086
85,0,imagen.jpeg,85,layer_add,1x64x14x14,0.005964
85,0,imagen.jpeg,86,pointwise_conv,1x64x14x14,3.074726
85,0,imagen.jpeg,87,batchnorm,1x384x14x14,0.070557
85,0,imagen.jpeg,88,activacion,1x384x14x14,0.249116
85,0,imagen.jpeg,89,depthwise_conv,1x384x14x14,0.751563
85,0,imagen.jpeg,90,batchnorm,1x384x14x14,0.065377
85,0,imagen.jpeg,91,activacion,1x384x14x14,0.253856
85,0,imagen.jpeg,92,pointwise_conv,1x384x14x14,4.023246
85,0,imagen.jpeg,93,batchnorm,1x96x14x14,0.017406
85,0,imagen.jpeg,94,pointwise_conv,1x96x14x14,6.446676
85,0,imagen.jpeg,95,batchnorm,1x576x14x14,0.106178
85,0,imagen.jpeg,96,activacion,1x576x14x14,0.375686
85,0,imagen.jpeg,97,depthwise_conv,1x576x14x14,1.152035
85,0,imagen.jpeg,98,batchnorm,1x576x14x14,0.180012
85,0,imagen.jpeg,99,activacion,1x576x14x14,0.335343
85,0,imagen.jpeg,100,pointwise_conv,1x576x14x14,6.382688
85,0,imagen.jpeg,101,batchnorm,1x96x14x14,0.017413
85,0,imagen.jpeg,102,layer_add,1x96x14x14,0.009923
85,0,imagen.jpeg,103,pointwise_conv,1x96x14x14,6.464057
85,0,imagen.jpeg,104,batchnorm,1x576x14x14,0.106169
85,0,imagen.jpeg,105,activacion,1x576x14x14,0.391646
85,0,imagen.jpeg,106,depthwise_conv,1x576x14x14,1.13914
85,0,imagen.jpeg,107,batchnorm,1x576x14x14,0.166772
85,0,imagen.jpeg,108,activacion,1x576x14x14,0.291741
85,0,imagen.jpeg,109,pointwise_conv,1x576x14x14,6.834244
85,0,imagen.jpeg,110,batchnorm,1x96x14x14,0.017428
85,0,imagen.jpeg,111,layer_add,1x96x14x14,0.012129
85,0,imagen.jpeg,112,pointwise_conv,1x96x14x14,6.041943
85,0,imagen.jpeg,113,batchnorm,1x576x14x14,0.142943
85,0,imagen.jpeg,114,activacion,1x576x14x14,0.317764
85,0,imagen.jpeg,115,depthwise_conv,1x576x14x14,0.30932
85,0,imagen.jpeg,116,batchnorm,1x576x7x7,0.03125
85,0,imagen.jpeg,117,activacion,1x576x7x7,0.064823
85,0,imagen.jpeg,118,pointwise_conv,1x576x7x7,2.468739
85,0,imagen.jpeg,119,batchnorm,1x160x7x7,0.008006
85,0,imagen.jpeg,120,pointwise_conv,1x160x7x7,4.284601
85,0,imagen.jpeg,121,batchnorm,1x960x7x7,0.047518
85,0,imagen.jpeg,122,activacion,1x960x7x7,0.185183
85,0,imagen.jpeg,123,depthwise_conv,1x960x7x7,0.429853
85,0,imagen.jpeg,124,batchnorm,1x960x7x7,0.043086
85,0,imagen.jpeg,125,activacion,1x960x7x7,0.140086
85,0,imagen.jpeg,126,pointwise_conv,1x960x7x7,4.112429
85,0,imagen.jpeg,127,batchnorm,1x160x7x7,0.03105
85,0,imagen.jpeg,128,layer_add,1x160x7x7,0.0043
85,0,imagen.jpeg,129,pointwise_conv,1x160x7x7,4.06902
85,0,imagen.jpeg,130,batchnorm,1x960x7x7,0.043569
85,0,imagen.jpeg,131,activacion,1x960x7x7,0.142239
85,0,imagen.jpeg,132,depthwise_conv,1x960x7x7,0.492877
85,0,imagen.jpeg,133,batchnorm,1x960x7x7,0.067611
85,0,imagen.jpeg,134,activacion,1x960x7x7,0.124747
85,0,imagen.jpeg,135,pointwise_conv,1x960x7x7,4.111455
85,0,imagen.jpeg,136,batchnorm,1x160x7x7,0.00805
85,0,imagen.jpeg,137,layer_add,1x160x7x7,0.004556
85,0,imagen.jpeg,138,pointwise_conv,1x160x7x7,4.09019
85,0,imagen.jpeg,139,batchnorm,1x960x7x7,0.074051
85,0,imagen.jpeg,140,activacion,1x960x7x7,0.113676
85,0,imagen.jpeg,141,depthwise_conv,1x960x7x7,0.43914
85,0,imagen.jpeg,142,batchnorm,1x960x7x7,0.048022
85,0,imagen.jpeg,143,activacion,1x960x7x7,0.089746
85,0,imagen.jpeg,144,pointwise_conv,1x960x7x7,8.14083
85,0,imagen.jpeg,145,batchnorm,1x320x7x7,0.016191
85,0,imagen.jpeg,146,pointwise_conv,1x320x7x7,11.284425
85,0,imagen.jpeg,147,batchnorm,1x1280x7x7,0.066653
85,0,imagen.jpeg,148,activacion,1x1280x7x7,0.189215
85,0,imagen.jpeg,149,pooling,1x1280x7x7,0.041785
85,0,imagen.jpeg,150,linear,1x1280,1.452059
86,0,imagen.jpeg,0,conv2d,1x3x224x224,15.694283
86,0,imagen.jpeg,1,batchnorm,1x32x112x112,0.423321
86,0,imagen.jpeg,2,activacion,1x32x112x112,0.656492
86,0,imagen.jpeg,3,depthwise_conv,1x32x112x112,4.37881
86,0,imagen.jpeg,4,batchnorm,1x32x112x112,2.790121
86,0,imagen.jpeg,5,activacion,1x32x112x112,0.985752
86,0,imagen.jpeg,6,pointwise_conv,1x32x112x112,6.456035
86,0,imagen.jpeg,7,batchnorm,1x16x112x112,0.272366
86,0,imagen.jpeg,8,pointwise_conv,1x16x112x112,13.056349
86,0,imagen.jpeg,9,batchnorm,1x96x112x112,2.050801
86,0,imagen.jpeg,10,activacion,1x96x112x112,3.386939
86,0,imagen.jpeg,11,depthwise_conv,1x96x112x112,3.265726
86,0,imagen.jpeg,12,batchnorm,1x96x56x56,0.283499
86,0,imagen.jpeg,13,activacion,1x96x56x56,1.01415
86,0,imagen.jpeg,14,pointwise_conv,1x96x56x56,3.997903
86,0,imagen.jpeg,15,batchnorm,1x24x56x56,0.062828
86,0,imagen.jpeg,16,pointwise_conv,1x24x56x56,10.052303
86,0,imagen.jpeg,17,batchnorm,1x144x56x56,1.316907
86,0,imagen.jpeg,18,activacion,1x144x56x56,1.434329
86,0,imagen.jpeg,19,depthwise_conv,1x144x56x56,4.618761
86,0,imagen.jpeg,20,batchnorm,1x144x56x56,0.902616
86,0,imagen.jpeg,21,activacion,1x144x56x56,1.676847
86,0,imagen.jpeg,22,pointwise_conv,1x144x56x56,7.04092
86,0,imagen.jpeg,23,batchnorm,1x24x56x56,0.074414
86,0,imagen.jpeg,24,layer_add,1x24x56x56,0.070723
86,0,imagen.jpeg,25,pointwise_conv,1x24x56x56,6.169406
86,0,imagen.jpeg,26,batchnorm,1x144x56x56,0.42294
86,0,imagen.jpeg,27,activacion,1x144x56x56,1.548204
86,0,imagen.jpeg,28,depthwise_conv,1x144x56x56,1.145625
86,0,imagen.jpeg,29,batchnorm,1x144x28x28,0.102793
86,0,imagen.jpeg,30,activacion,1x144x28x28,0.351498
86,0,imagen.jpeg,31,pointwise_conv,1x144x28x28,2.023445
86,0,imagen.jpeg,32,batchnorm,1x32x28x28,0.027978
86,0,imagen.jpeg,33,pointwise_conv,1x32x28x28,2.852936
86,0,imagen.jpeg,34,batchnorm,1x192x28x28,0.157791
86,0,imagen.jpeg,35,activacion,1x192x28x28,0.385916
86,0,imagen.jpeg,36,depthwise_conv,1x192x28x28,1.634874
86,0,imagen.jpeg,37,batchnorm,1x192x28x28,0.143556
86,0,imagen.jpeg,38,activacion,1x192x28x28,0.541142
86,0,imagen.jpeg,39,pointwise_conv,1x192x28x28,2.689033
86,0,imagen.jpeg,40,batchnorm,1x32x28x28,0.022367
86,0,imagen.jpeg,41,layer_add,1x32x28x28,0.013721
86,0,imagen.jpeg,42,pointwise_conv,1x32x28x28,2.668838
86,0,imagen.jpeg,43,batchnorm,1x192x28x28,0.138699
86,0,imagen.jpeg,44,activacion,1x192x28x28,0.454848
86,0,imagen.jpeg,45,depthwise_conv,1x192x28x28,1.486966
86,0,imagen.jpeg,46,batchnorm,1x192x28x28,0.130745
86,0,imagen.jpeg,47,activacion,1x192x28x28,0.508981
86,0,imagen.jpeg,48,pointwise_conv,1x192x28x28,2.623629
86,0,imagen.jpeg,49,batchnorm,1x32x28x28,0.02191
86,0,imagen.jpeg,50,layer_add,1x32x28x28,0.014155
86,0,imagen.jpeg,51,pointwise_conv,1x32x28x28,2.67462
86,0,imagen.jpeg,52,batchnorm,1x192x28x28,0.190536
86,0,imagen.jpeg,53,activacion,1x192x28x28,0.496219
86,0,imagen.jpeg,54,depthwise_conv,1x192x28x28,0.390388
86,0,imagen.jpeg,55,batchnorm,1x192x14x14,0.038007
86,0,imagen.jpeg,56,activacion,1x192x14x14,0.102933
86,0,imagen.jpeg,57,pointwise_conv,1x192x14x14,1.929632
86,0,imagen.jpeg,58,batchnorm,1x64x14x14,0.012711
86,0,imagen.jpeg,59,pointwise_conv,1x64x14x14,2.732581
86,0,imagen.jpeg,60,batchnorm,1x384x14x14,0.069851
86,0,imagen.jpeg,61,activacion,1x384x14x14,0.207316
86,0,imagen.jpeg,62,depthwise_conv,1x384x14x14,0.769826
86,0,imagen.jpeg,63,batchnorm,1x384x14x14,0.067122
86,0,imagen.jpeg,64,activacion,1x384x14x14,0.267571
86,0,imagen.jpeg,65,pointwise_conv,1x384x14x14,2.681464
86,0,imagen.jpeg,66,batchnorm,1x64x14x14,0.010944
86,0,imagen.jpeg,67,layer_add,1x64x14x14,0.005923
86,0,imagen.jpeg,68,pointwise_conv,1x64x14x14,2.705798
86,0,imagen.jpeg,69,batchnorm,1x384x14x14,0.063624
86,0,imagen.jpeg,70,activacion,1x384x14x14,0.244109
86,0,imagen.jpeg,71,depthwise_conv,1x384x14x14,0.750498
86,0,imagen.jpeg,72,batchnorm,1x384x14x14,0.110252
86,0,imagen.jpeg,73,activacion,1x384x14x14,0.24947
86,0,imagen.jpeg,74,pointwise_conv,1x384x14x14,2.679847
86,0,imagen.jpeg,75,batchnorm,1x64x14x14,0.010845
86,0,imagen.jpeg,76,layer_add,1x64x14x14,0.006723
86,0,imagen.jpeg,77,pointwise_conv,1x64x14x14,2.725168
86,0,imagen.jpeg,78,batchnorm,1x384x14x14,0.077302
86,0,imagen.jpeg,79,activacion,1x384x14x14,0.238277
86,0,imagen.jpeg,80,depthwise_conv,1x384x14x14,0.728688
86,0,imagen.jpeg,81,batchnorm,1x384x14x14,0.13546
86,0,imagen.jpeg,82,activacion,1x384x14x14,0.216877
86,0,imagen.jpeg,83,pointwise_conv,1x384x14x14,3.483243
86,0,imagen.jpeg,84,batchnorm,1x64x14x14,0.012707
86,0,imagen.jpeg,85,layer_add,1x64x14x14,0.006915
86,0,imagen.jpeg,86,pointwise_conv,1x64x14x14,2.741757
86,0,imagen.jpeg,87,batchnorm,1x384x14x14,0.079278
86,0,imagen.jpeg,88,activacion,1x384x14x14,0.247162
86,0,imagen.jpeg,89,depthwise_conv,1x384x14x14,0.782829
86,0,imagen.jpeg,90,batchnorm,1x384x14x14,0.065267
86,0,imagen.jpeg,91,activacion,1x384x14x14,0.235593
86,0,imagen.jpeg,92,pointwise_conv,1x384x14x14,4.203448
86,0,imagen.jpeg,93,batchnorm,1x96x14x14,0.019121
86,0,imagen.jpeg,94,pointwise_conv,1x96x14x14,5.947098
86,0,imagen.jpeg,95,batchnorm,1x576x14x14,0.098832
86,0,imagen.jpeg,96,activacion,1x576x14x14,0.362705
86,0,imagen.jpeg,97,depthwise_conv,1x576x14x14,1.152381
86,0,imagen.jpeg,98,batchnorm,1x576x14x14,0.175305
86,0,imagen.jpeg,99,activacion,1x576x14x14,0.327554
86,0,imagen.jpeg,100,pointwise_conv,1x576x14x14,6.824933
86,0,imagen.jpeg,101,batchnorm,1x96x14x14,0.018926
86,0,imagen.jpeg,102,layer_add,1x96x14x14,0.011907
86,0,imagen.jpeg,103,pointwise_conv,1x96x14x14,6.173693
86,0,imagen.jpeg,104,batchnorm,1x576x14x14,0.105429
86,0,imagen.jpeg,105,activacion,1x576x14x14,0.362679
86,0,imagen.jpeg,106,depthwise_conv,1x576x14x14,1.157481
86,0,imagen.jpeg,107,batchnorm,1x576x14x14,0.153266
86,0,imagen.jpeg,108,activacion,1x576x14x14,0.291993
86,0,imagen.jpeg,109,pointwise_conv,1x576x14x14,6.173256
86,0,imagen.jpeg,110,batchnorm,1x96x14x14,0.016895
86,0,imagen.jpeg,111,layer_add,1x96x14x14,0.012517
86,0,imagen.jpeg,112,pointwise_conv,1x96x14x14,5.970999
86,0,imagen.jpeg,113,batchnorm,1x576x14x14,0.101578
86,0,imagen.jpeg,114,activacion,1x576x14x14,0.311625
86,0,imagen.jpeg,115,depthwise_conv,1x576x14x14,0.267362
86,0,imagen.jpeg,116,batchnorm,1x576x7x7,0.033119
86,0,imagen.jpeg,117,activacion,1x576x7x7,0.064642
86,0,imagen.jpeg,118,pointwise_conv,1x576x7x7,2.419064
86,0,imagen.jpeg,119,batchnorm,1x160x7x7,0.007953
86,0,imagen.jpeg,120,pointwise_conv,1x160x7x7,4.082753
86,0,imagen.jpeg,121,batchnorm,1x960x7x7,0.045274
86,0,imagen.jpeg,122,activacion,1x960x7x7,0.15404
86,0,imagen.jpeg,123,depthwise_conv,1x960x7x7,0.442235
86,0,imagen.jpeg,124,batchnorm,1x960x7x7,0.042461
86,0,imagen.jpeg,125,activacion,1x960x7x7,0.137639
86,0,imagen.jpeg,126,pointwise_conv,1x960x7x7,4.160962
86,0,imagen.jpeg,127,batchnorm,1x160x7x7,0.007438
86,0,imagen.jpeg,128,layer_add,1x160x7x7,0.003922
86,0,imagen.jpeg,129,pointwise_conv,1x160x7x7,4.052873
86,0,imagen.jpeg,130,batchnorm,1x960x7x7,0.045454
86,0,imagen.jpeg,131,activacion,1x960x7x7,0.14326
86,0,imagen.jpeg,132,depthwise_conv,1x960x7x7,0.425068
86,0,imagen.jpeg,133,batchnorm,1x960x7x7,0.053659
86,0,imagen.jpeg,134,activacion,1x960x7x7,0.124535
86,0,imagen.jpeg,135,pointwise_conv,1x960x7x7,3.993318
86,0,imagen.jpeg,136,batchnorm,1x160x7x7,0.007348
86,0,imagen.jpeg,137,layer_add,1x160x7x7,0.003866
86,0,imagen.jpeg,138,pointwise_conv,1x160x7x7,4.147047
86,0,imagen.jpeg,139,batchnorm,1x960x7x7,0.044824
86,0,imagen.jpeg,140,activacion,1x960x7x7,0.117312
86,0,imagen.jpeg,141,depthwise_conv,1x960x7x7,0.460218
86,0,imagen.jpeg,142,batchnorm,1x960x7x7,0.069
86,0,imagen.jpeg,143,activacion,1x960x7x7,0.101399
86,0,imagen.jpeg,144,pointwise_conv,1x960x7x7,8.186355
86,0,imagen.jpeg,145,batchnorm,1x320x7x7,0.014865
86,0,imagen.jpeg,146,pointwise_conv,1x320x7x7,10.918614
86,0,imagen.jpeg,147,batchnorm,1x1280x7x7,0.061443
86,0,imagen.jpeg,148,activacion,1x1280x7x7,0.185896
86,0,imagen.jpeg,149,pooling,1x1280x7x7,0.039993
86,0,imagen.jpeg,150,linear,1x1280,1.479574
87,0,imagen.jpeg,0,conv2d,1x3x224x224,15.171519
87,0,imagen.jpeg,1,batchnorm,1x32x112x112,0.394745
87,0,imagen.jpeg,2,activacion,1x32x112x112,0.643694
87,0,imagen.jpeg,3,depthwise_conv,1x32x112x112,3.960111
87,0,imagen.jpeg,4,batchnorm,1x32x112x112,2.379681
87,0,imagen.jpeg,5,activacion,1x32x112x112,0.765369
87,0,imagen.jpeg,6,pointwise_conv,1x32x112x112,3.892714
87,0,imagen.jpeg,7,batchnorm,1x16x112x112,0.200162
87,0,imagen.jpeg,8,pointwise_conv,1x16x112x112,11.05747
87,0,imagen.jpeg,9,batchnorm,1x96x112x112,2.239504
87,0,imagen.jpeg,10,activacion,1x96x112x112,3.407231
87,0,imagen.jpeg,11,depthwise_conv,1x96x112x112,3.201133
87,0,imagen.jpeg,12,batchnorm,1x96x56x56,0.28181
87,0,imagen.jpeg,13,activacion,1x96x56x56,0.982053
87,0,imagen.jpeg,14,pointwise_conv,1x96x56x56,3.921923
87,0,imagen.jpeg,15,batchnorm,1x24x56x56,0.063017
87,0,imagen.jpeg,16,pointwise_conv,1x24x56x56,6.815842
87,0,imagen.jpeg,17,batchnorm,1x144x56x56,0.902542
87,0,imagen.jpeg,18,activacion,1x144x56x56,1.312797
87,0,imagen.jpeg,19,depthwise_conv,1x144x56x56,5.031349
87,0,imagen.jpeg,20,batchnorm,1x144x56x56,0.883498
87,0,imagen.jpeg,21,activacion,1x144x56x56,1.658541
87,0,imagen.jpeg,22,pointwise_conv,1x144x56x56,7.399551
87,0,imagen.jpeg,23,batchnorm,1x24x56x56,0.073127
87,0,imagen.jpeg,24,layer_add,1x24x56x56,0.048296
87,0,imagen.jpeg,25,pointwise_conv,1x24x56x56,6.034191
87,0,imagen.jpeg,26,batchnorm,1x144x56x56,0.4137
87,0,imagen.jpeg,27,activacion,1x144x56x56,1.500895
87,0,imagen.jpeg,28,depthwise_conv,1x144x56x56,1.201731
87,0,imagen.jpeg,29,batchnorm,1x144x28x28,0.106334
87,0,imagen.jpeg,30,activacion,1x144x28x28,0.355829
87,0,imagen.jpeg,31,pointwise_conv,1x144x28x28,2.510639
87,0,imagen.jpeg,32,batchnorm,1x32x28x28,0.033752
87,0,imagen.jpeg,33,pointwise_conv,1x32x28x28,2.676441
87,0,imagen.jpeg,34,batchnorm,1x192x28x28,0.168149
87,0,imagen.jpeg,35,activacion,1x192x28x28,0.484828
87,0,imagen.jpeg,36,depthwise_conv,1x192x28x28,1.495594
87,0,imagen.jpeg,37,batchnorm,1x192x28x28,0.134229
87,0,imagen.jpeg,38,activacion,1x192x28x28,0.525645
87,0,imagen.jpeg,39,pointwise_conv,1x192x28x28,2.632507
87,0,imagen.jpeg,40,batchnorm,1x32x28x28,0.02079
87,0,imagen.jpeg,41,layer_add,1x32x28x28,0.013503
87,0,imagen.jpeg,42,pointwise_conv,1x32x28x28,2.665025
87,0,imagen.jpeg,43,batchnorm,1x192x28x28,0.127981
87,0,imagen.jpeg,44,activacion,1x192x28x28,0.437844
87,0,imagen.jpeg,45,depthwise_conv,1x192x28x28,1.466185
87,0,imagen.jpeg,46,batchnorm,1x192x28x28,0.137271
87,0,imagen.jpeg,47,activacion,1x192x28x28,0.484739
87,0,imagen.jpeg,48,pointwise_conv,1x192x28x28,2.725702
87,0,imagen.jpeg,49,batchnorm,1x32x28x28,0.021818
87,0,imagen.jpeg,50,layer_add,1x32x28x28,0.012965
87,0,imagen.jpeg,51,pointwise_conv,1x32x28x28,2.664355
87,0,imagen.jpeg,52,batchnorm,1x192x28x28,0.132156
87,0,imagen.jpeg,53,activacion,1x192x28x28,0.504921
87,0,imagen.jpeg,54,depthwise_conv,1x192x28x28,0.372397
87,0,imagen.jpeg,55,batchnorm,1x192x14x14,0.032845
87,0,imagen.jpeg,56,activacion,1x192x14x14,0.093626
87,0,imagen.jpeg,57,pointwise_conv,1x192x14x14,1.360168
87,0,imagen.jpeg,58,batchnorm,1x64x14x14,0.011651
87,0,imagen.jpeg,59,pointwise_conv,1x64x14x14,2.665337
87,0,imagen.jpeg,60,batchnorm,1x384x14x14,0.064746
87,0,imagen.jpeg,61,activacion,1x384x14x14,0.18545
87,0,imagen.jpeg,62,depthwise_conv,1x384x14x14,0.76163
87,0,imagen.jpeg,63,batchnorm,1x384x14x14,0.065464
87,0,imagen.jpeg,64,activacion,1x384x14x14,0.259855
87,0,imagen.jpeg,65,pointwise_conv,1x384x14x14,2.670549
87,0,imagen.jpeg,66,batchnorm,1x64x14x14,0.010974
87,0,imagen.jpeg,67,layer_add,1x64x14x14,0.005254
87,0,imagen.jpeg,68,pointwise_conv,1x64x14x14,3.273928
87,0,imagen.jpeg,69,batchnorm,1x384x14x14,0.090903
87,0,imagen.jpeg,70,activacion,1x384x14x14,0.242841
87,0,imagen.jpeg,71,depthwise_conv,1x384x14x14,0.750868
87,0,imagen.jpeg,72,batchnorm,1x384x14x14,0.095185
87,0,imagen.jpeg,73,activacion,1x384x14x14,0.248321
87,0,imagen.jpeg,74,pointwise_conv,1x384x14x14,2.657883
87,0,imagen.jpeg,75,batchnorm,1x64x14x14,0.010664
87,0,imagen.jpeg,76,layer_add,1x64x14x14,0.007092
87,0,imagen.jpeg,77,pointwise_conv,1x64x14x14,2.754144
87,0,imagen.jpeg,78,batchnorm,1x384x14x14,0.065986
87,0,imagen.jpeg,79,activacion,1x384x14x14,0.307872
87,0,imagen.jpeg,80,depthwise_conv,1x384x14x14,0.752727
87,0,imagen.jpeg,81,batchnorm,1x384x14x14,0.136491
87,0,imagen.jpeg,82,activacion,1x384x14x14,0.21929
87,0,imagen.jpeg,83,pointwise_conv,1x384x14x14,2.648722
87,0,imagen.jpeg,84,batchnorm,1x64x14x14,0.011156
87,0,imagen.jpeg,85,layer_add,1x64x14x14,0.006355
87,0,imagen.jpeg,86,pointwise_conv,1x64x14x14,2.655715
87,0,imagen.jpeg,87,batchnorm,1x384x14x14,0.065376
87,0,imagen.jpeg,88,activacion,1x384x14x14,0.254413
87,0,imagen.jpeg,89,depthwise_conv,1x384x14x14,0.744757
87,0,imagen.jpeg,90,batchnorm,1x384x14x14,0.072357
87,0,imagen.jpeg,91,activacion,1x384x14x14,0.237172
87,0,imagen.jpeg,92,pointwise_conv,1x384x14x14,4.19435
87,0,imagen.jpeg,93,batchnorm,1x96x14x14,0.045347
87,0,imagen.jpeg,94,pointwise_conv,1x96x14x14,6.478886
87,0,imagen.jpeg,95,batchnorm,1x576x14x14,0.104717
87,0,imagen.jpeg,96,activacion,1x576x14x14,0.361041
87,0,imagen.jpeg,97,depthwise_conv,1x576x14x14,1.128863
87,0,imagen.jpeg,98,batchnorm,1x576x14x14,0.172789
87,0,imagen.jpeg,99,activacion,1x576x14x14,0.326263
87,0,imagen.jpeg,100,pointwise_conv,1x576x14x14,6.271854
87,0,imagen.jpeg,101,batchnorm,1x96x14x14,0.028382
87,0,imagen.jpeg,102,layer_add,1x96x14x14,0.01414
87,0,imagen.jpeg,103,pointwise_conv,1x96x14x14,6.058801
87,0,imagen.jpeg,104,batchnorm,1x576x14x14,0.111603
87,0,imagen.jpeg,105,activacion,1x576x14x14,0.368971
87,0,imagen.jpeg,106,depthwise_conv,1x576x14x14,1.133111
87,0,imagen.jpeg,107,batchnorm,1x576x14x14,0.16278
87,0,imagen.jpeg,108,activacion,1x576x14x14,0.299677
87,0,imagen.jpeg,109,pointwise_conv,1x576x14x14,6.344768
87,0,imagen.jpeg,110,batchnorm,1x96x14x14,0.030109
87,0,imagen.jpeg,111,layer_add,1x96x14x14,0.069128
87,0,imagen.jpeg,112,pointwise_conv,1x96x14x14,6.287095
87,0,imagen.jpeg,113,batchnorm,1x576x14x14,0.113893
87,0,imagen.jpeg,114,activacion,1x576x14x14,0.336378
87,0,imagen.jpeg,115,depthwise_conv,1x576x14x14,0.260489
87,0,imagen.jpeg,116,batchnorm,1x576x7x7,0.029854
87,0,imagen.jpeg,117,activacion,1x576x7x7,0.063428
87,0,imagen.jpeg,118,pointwise_conv,1x576x7x7,2.445049
87,0,imagen.jpeg,119,batchnorm,1x160x7x7,0.008017
87,0,imagen.jpeg,120,pointwise_conv,1x160x7x7,4.150968
87,0,imagen.jpeg,121,batchnorm,1x960x7x7,0.044292
87,0,imagen.jpeg,122,activacion,1x960x7x7,0.149496
87,0,imagen.jpeg,123,depthwise_conv,1x960x7x7,0.425322
87,0,imagen.jpeg,124,batchnorm,1x960x7x7,0.042651
87,0,imagen.jpeg,125,activacion,1x960x7x7,0.158569
87,0,imagen.jpeg,126,pointwise_conv,1x960x7x7,4.107005
87,0,imagen.jpeg,127,batchnorm,1x160x7x7,0.007324
87,0,imagen.jpeg,128,layer_add,1x160x7x7,0.003656
87,0,imagen.jpeg,129,pointwise_conv,1x160x7x7,4.128101
87,0,imagen.jpeg,130,batchnorm,1x960x7x7,0.045427
87,0,imagen.jpeg,131,activacion,1x960x7x7,0.15024
87,0,imagen.jpeg,132,depthwise_conv,1x960x7x7,0.457185
87,0,imagen.jpeg,133,batchnorm,1x960x7x7,0.055283
87,0,imagen.jpeg,134,activacion,1x960x7x7,0.128373
87,0,imagen.jpeg,135,pointwise_conv,1x960x7x7,4.03446
87,0,imagen.jpeg,136,batchnorm,1x160x7x7,0.007285
87,0,imagen.jpeg,137,layer_add,1x160x7x7,0.00372
87,0,imagen.jpeg,138,pointwise_conv,1x160x7x7,4.121657
87,0,imagen.jpeg,139,batchnorm,1x960x7x7,0.042766
87,0,imagen.jpeg,140,activacion,1x960x7x7,0.113415
87,0,imagen.jpeg,141,depthwise_conv,1x960x7x7,0.434331
87,0,imagen.jpeg,142,batchnorm,1x960x7x7,0.046663
87,0,imagen.jpeg,143,activacion,1x960x7x7,0.087747
87,0,imagen.jpeg,144,pointwise_conv,1x960x7x7,8.247549
87,0,imagen.jpeg,145,batchnorm,1x320x7x7,0.016268
87,0,imagen.jpeg,146,pointwise_conv,1x320x7x7,10.911178
87,0,imagen.jpeg,147,batchnorm,1x1280x7x7,0.060194
87,0,imagen.jpeg,148,activacion,1x1280x7x7,0.186107
87,0,imagen.jpeg,149,pooling,1x1280x7x7,0.039811
87,0,imagen.jpeg,150,linear,1x1280,1.404208
88,0,imagen.jpeg,0,conv2d,1x3x224x224,15.018631
88,0,imagen.jpeg,1,batchnorm,1x32x112x112,0.404139
88,0,imagen.jpeg,2,activacion,1x32x112x112,0.627025
88,0,imagen.jpeg,3,depthwise_conv,1x32x112x112,3.818263
88,0,imagen.jpeg,4,batchnorm,1x32x112x112,2.492958
88,0,imagen.jpeg,5,activacion,1x32x112x112,0.843415
88,0,imagen.jpeg,6,pointwise_conv,1x32x112x112,3.643179
88,0,imagen.jpeg,7,batchnorm,1x16x112x112,0.184124
88,0,imagen.jpeg,8,pointwise_conv,1x16x112x112,11.587574
88,0,imagen.jpeg,9,batchnorm,1x96x112x112,2.20556
88,0,imagen.jpeg,10,activacion,1x96x112x112,3.421304
88,0,imagen.jpeg,11,depthwise_conv,1x96x112x112,3.070955
88,0,imagen.jpeg,12,batchnorm,1x96x56x56,0.284488
88,0,imagen.jpeg,13,activacion,1x96x56x56,0.991625
88,0,imagen.jpeg,14,pointwise_conv,1x96x56x56,3.960172
88,0,imagen.jpeg,15,batchnorm,1x24x56x56,0.066135
88,0,imagen.jpeg,16,pointwise_conv,1x24x56x56,6.71544
88,0,imagen.jpeg,17,batchnorm,1x144x56x56,0.856972
88,0,imagen.jpeg,18,activacion,1x144x56x56,1.231541
88,0,imagen.jpeg,19,depthwise_conv,1x144x56x56,4.439644
88,0,imagen.jpeg,20,batchnorm,1x144x56x56,0.866147
88,0,imagen.jpeg,21,activacion,1x144x56x56,1.595905
88,0,imagen.jpeg,22,pointwise_conv,1x144x56x56,5.90174
88,0,imagen.jpeg,23,batchnorm,1x24x56x56,0.065153
88,0,imagen.jpeg,24,layer_add,1x24x56x56,0.047556
88,0,imagen.jpeg,25,pointwise_conv,1x24x56x56,5.898318
88,0,imagen.jpeg,26,batchnorm,1x144x56x56,0.41023
88,0,imagen.jpeg,27,activacion,1x144x56x56,1.501144
88,0,imagen.jpeg,28,depthwise_conv,1x144x56x56,1.104416
88,0,imagen.jpeg,29,batchnorm,1x144x28x28,0.096482
88,0,imagen.jpeg,30,activacion,1x144x28x28,0.340549
88,0,imagen.jpeg,31,pointwise_conv,1x144x28x28,1.929462
88,0,imagen.jpeg,32,batchnorm,1x32x28x28,0.021484
88,0,imagen.jpeg,33,pointwise_conv,1x32x28x28,2.656681
88,0,imagen.jpeg,34,batchnorm,1x192x28x28,0.150917
88,0,imagen.jpeg,35,activacion,1x192x28x28,0.358767
88,0,imagen.jpeg,36,depthwise_conv,1x192x28x28,1.467333
88,0,imagen.jpeg,37,batchnorm,1x192x28x28,0.13961
88,0,imagen.jpeg,38,activacion,1x192x28x28,0.532807
88,0,imagen.jpeg,39,pointwise_conv,1x192x28x28,2.543282
88,0,imagen.jpeg,40,batchnorm,1x32x28x28,0.020683
88,0,imagen.jpeg,41,layer_add,1x32x28x28,0.013091
88,0,imagen.jpeg,42,pointwise_conv,1x32x28x28,2.542824
88,0,imagen.jpeg,43,batchnorm,1x192x28x28,0.125772
88,0,imagen.jpeg,44,activacion,1x192x28x28,0.43814
88,0,imagen.jpeg,45,depthwise_conv,1x192x28x28,1.449989
88,0,imagen.jpeg,46,batchnorm,1x192x28x28,0.12573
88,0,imagen.jpeg,47,activacion,1x192x28x28,0.492933
88,0,imagen.jpeg,48,pointwise_conv,1x192x28x28,2.549239
88,0,imagen.jpeg,49,batchnorm,1x32x28x28,0.021244
88,0,imagen.jpeg,50,layer_add,1x32x28x28,0.011799
88,0,imagen.jpeg,51,pointwise_conv,1x32x28x28,2.600913
88,0,imagen.jpeg,52,batchnorm,1x192x28x28,0.131626
88,0,imagen.jpeg,53,activacion,1x192x28x28,0.477012
88,0,imagen.jpeg,54,depthwise_conv,1x192x28x28,0.408286
88,0,imagen.jpeg,55,batchnorm,1x192x14x14,0.033831
88,0,imagen.jpeg,56,activacion,1x192x14x14,0.095295
88,0,imagen.jpeg,57,pointwise_conv,1x192x14x14,1.311885
88,0,imagen.jpeg,58,batchnorm,1x64x14x14,0.011794
88,0,imagen.jpeg,59,pointwise_conv,1x64x14x14,2.647574
88,0,imagen.jpeg,60,batchnorm,1x384x14x14,0.066571
88,0,imagen.jpeg,61,activacion,1x384x14x14,0.210918
88,0,imagen.jpeg,62,depthwise_conv,1x384x14x14,0.769001
88,0,imagen.jpeg,63,batchnorm,1x384x14x14,0.082117
88,0,imagen.jpeg,64,activacion,1x384x14x14,0.260403
88,0,imagen.jpeg,65,pointwise_conv,1x384x14x14,2.618783
88,0,imagen.jpeg,66,batchnorm,1x64x14x14,0.011132
88,0,imagen.jpeg,67,layer_add,1x64x14x14,0.005536
88,0,imagen.jpeg,68,pointwise_conv,1x64x14x14,2.646848
88,0,imagen.jpeg,69,batchnorm,1x384x14x14,0.065086
88,0,imagen.jpeg,70,activacion,1x384x14x14,0.237187
88,0,imagen.jpeg,71,depthwise_conv,1x384x14x14,0.751636
88,0,imagen.jpeg,72,batchnorm,1x384x14x14,0.094642
88,0,imagen.jpeg,73,activacion,1x384x14x14,0.247386
88,0,imagen.jpeg,74,pointwise_conv,1x384x14x14,3.328674
88,0,imagen.jpeg,75,batchnorm,1x64x14x14,0.018057
88,0,imagen.jpeg,76,layer_add,1x64x14x14,0.01026
88,0,imagen.jpeg,77,pointwise_conv,1x64x14x14,2.760879
88,0,imagen.jpeg,78,batchnorm,1x384x14x14,0.067908
88,0,imagen.jpeg,79,activacion,1x384x14x14,0.257176
88,0,imagen.jpeg,80,depthwise_conv,1x384x14x14,0.743776
88,0,imagen.jpeg,81,batchnorm,1x384x14x14,0.139115
88,0,imagen.jpeg,82,activacion,1x384x14x14,0.229396
88,0,imagen.jpeg,83,pointwise_conv,1x384x14x14,2.827201
88,0,imagen.jpeg,84,batchnorm,1x64x14x14,0.011989
88,0,imagen.jpeg,85,layer_add,1x64x14x14,0.006994
88,0,imagen.jpeg,86,pointwise_conv,1x64x14x14,2.861586
88,0,imagen.jpeg,87,batchnorm,1x384x14x14,0.107657
88,0,imagen.jpeg,88,activacion,1x384x14x14,0.269063
88,0,imagen.jpeg,89,depthwise_conv,1x384x14x14,0.847738
88,0,imagen.jpeg,90,batchnorm,1x384x14x14,0.073435
88,0,imagen.jpeg,91,activacion,1x384x14x14,0.242711
88,0,imagen.jpeg,92,pointwise_conv,1x384x14x14,4.790007
88,0,imagen.jpeg,93,batchnorm,1x96x14x14,0.053761
88,0,imagen.jpeg,94,pointwise_conv,1x96x14x14,6.228266
88,0,imagen.jpeg,95,batchnorm,1x576x14x14,0.104413
88,0,imagen.jpeg,96,activacion,1x576x14x14,0.373563
88,0,imagen.jpeg,97,depthwise_conv,1x576x14x14,1.148887
88,0,imagen.jpeg,98,batchnorm,1x576x14x14,0.176672
88,0,imagen.jpeg,99,activacion,1x576x14x14,0.349602
88,0,imagen.jpeg,100,pointwise_conv,1x576x14x14,6.311568
88,0,imagen.jpeg,101,batchnorm,1x96x14x14,0.01762
88,0,imagen.jpeg,102,layer_add,1x96x14x14,0.009735
88,0,imagen.jpeg,103,pointwise_conv,1x96x14x14,6.005925
88,0,imagen.jpeg,104,batchnorm,1x576x14x14,0.103236
88,0,imagen.jpeg,105,activacion,1x576x14x14,0.36017
88,0,imagen.jpeg,106,depthwise_conv,1x576x14x14,1.141774
88,0,imagen.jpeg,107,batchnorm,1x576x14x14,0.16136
88,0,imagen.jpeg,108,activacion,1x576x14x14,0.311397
88,0,imagen.jpeg,109,pointwise_conv,1x576x14x14,5.934985
88,0,imagen.jpeg,110,batchnorm,1x96x14x14,0.016598
88,0,imagen.jpeg,111,layer_add,1x96x14x14,0.012042
88,0,imagen.jpeg,112,pointwise_conv,1x96x14x14,6.172017
88,0,imagen.jpeg,113,batchnorm,1x576x14x14,0.10468
88,0,imagen.jpeg,114,activacion,1x576x14x14,0.314001
88,0,imagen.jpeg,115,depthwise_conv,1x576x14x14,0.2698
88,0,imagen.jpeg,116,batchnorm,1x576x7x7,0.030311
88,0,imagen.jpeg,117,activacion,1x576x7x7,0.064702
88,0,imagen.jpeg,118,pointwise_conv,1x576x7x7,2.394358
88,0,imagen.jpeg,119,batchnorm,1x160x7x7,0.007565
88,0,imagen.jpeg,120,pointwise_conv,1x160x7x7,4.078714
88,0,imagen.jpeg,121,batchnorm,1x960x7x7,0.046349
88,0,imagen.jpeg,122,activacion,1x960x7x7,0.148032
88,0,imagen.jpeg,123,depthwise_conv,1x960x7x7,0.425402
88,0,imagen.jpeg,124,batchnorm,1x960x7x7,0.042498
88,0,imagen.jpeg,125,activacion,1x960x7x7,0.138612
88,0,imagen.jpeg,126,pointwise_conv,1x960x7x7,4.052531
88,0,imagen.jpeg,127,batchnorm,1x160x7x7,0.01459
88,0,imagen.jpeg,128,layer_add,1x160x7x7,0.006687
88,0,imagen.jpeg,129,pointwise_conv,1x160x7x7,4.137397
88,0,imagen.jpeg,130,batchnorm,1x960x7x7,0.04434
88,0,imagen.jpeg,131,activacion,1x960x7x7,0.144683
88,0,imagen.jpeg,132,depthwise_conv,1x960x7x7,0.43628
88,0,imagen.jpeg,133,batchnorm,1x960x7x7,0.058023
88,0,imagen.jpeg,134,activacion,1x960x7x7,0.127168
88,0,imagen.jpeg,135,pointwise_conv,1x960x7x7,4.079777
88,0,imagen.jpeg,136,batchnorm,1x160x7x7,0.007712
88,0,imagen.jpeg,137,layer_add,1x160x7x7,0.004186
88,0,imagen.jpeg,138,pointwise_conv,1x160x7x7,4.109612
88,0,imagen.jpeg,139,batchnorm,1x960x7x7,0.04372
88,0,imagen.jpeg,140,activacion,1x960x7x7,0.116545
88,0,imagen.jpeg,141,depthwise_conv,1x960x7x7,0.44711
88,0,imagen.jpeg,142,batchnorm,1x960x7x7,0.045122
88,0,imagen.jpeg,143,activacion,1x960x7x7,0.0858
88,0,imagen.jpeg,144,pointwise_conv,1x960x7x7,8.874609
88,0,imagen.jpeg,145,batchnorm,1x320x7x7,0.016009
88,0,imagen.jpeg,146,pointwise_conv,1x320x7x7,10.999437
88,0,imagen.jpeg,147,batchnorm,1x1280x7x7,0.151813
88,0,imagen.jpeg,148,activacion,1x1280x7x7,0.385946
88,0,imagen.jpeg,149,pooling,1x1280x7x7,0.07378
88,0,imagen.jpeg,150,linear,1x1280,1.572724
89,0,imagen.jpeg,0,conv2d,1x3x224x224,16.15882
89,0,imagen.jpeg,1,batchnorm,1x32x112x112,0.423166
89,0,imagen.jpeg,2,activacion,1x32x112x112,0.649559
89,0,imagen.jpeg,3,depthwise_conv,1x32x112x112,3.86772
89,0,imagen.jpeg,4,batchnorm,1x32x112x112,2.365703
89,0,imagen.jpeg,5,activacion,1x32x112x112,0.941433
89,0,imagen.jpeg,6,pointwise_conv,1x32x112x112,3.567217
89,0,imagen.jpeg,7,batchnorm,1x16x112x112,0.176927
89,0,imagen.jpeg,8,pointwise_conv,1x16x112x112,11.537216
89,0,imagen.jpeg,9,batchnorm,1x96x112x112,2.607868
89,0,imagen.jpeg,10,activacion,1x96x112x112,3.384185
89,0,imagen.jpeg,11,depthwise_conv,1x96x112x112,2.989963
89,0,imagen.jpeg,12,batchnorm,1x96x56x56,0.275305
89,0,imagen.jpeg,13,activacion,1x96x56x56,0.98105
89,0,imagen.jpeg,14,pointwise_conv,1x96x56x56,3.908158
89,0,imagen.jpeg,15,batchnorm,1x24x56x56,0.061552
89,0,imagen.jpeg,16,pointwise_conv,1x24x56x56,6.653925
89,0,imagen.jpeg,17,batchnorm,1x144x56x56,0.881608
89,0,imagen.jpeg,18,activacion,1x144x56x56,1.243993
89,0,imagen.jpeg,19,depthwise_conv,1x144x56x56,4.411539
89,0,imagen.jpeg,20,batchnorm,1x144x56x56,0.860876
89,0,imagen.jpeg,21,activacion,1x144x56x56,1.553981
89,0,imagen.jpeg,22,pointwise_conv,1x144x56x56,5.870343
89,0,imagen.jpeg,23,batchnorm,1x24x56x56,0.063821
89,0,imagen.jpeg,24,layer_add,1x24x56x56,0.047914
89,0,imagen.jpeg,25,pointwise_conv,1x24x56x56,5.770642
89,0,imagen.jpeg,26,batchnorm,1x144x56x56,0.416143
89,0,imagen.jpeg,27,activacion,1x144x56x56,1.426505
89,0,imagen.jpeg,28,depthwise_conv,1x144x56x56,1.074418
89,0,imagen.jpeg,29,batchnorm,1x144x28x28,0.094106
89,0,imagen.jpeg,30,activacion,1x144x28x28,0.347852
89,0,imagen.jpeg,31,pointwise_conv,1x144x28x28,1.86858
89,0,imagen.jpeg,32,batchnorm,1x32x28x28,0.021253
89,0,imagen.jpeg,33,pointwise_conv,1x32x28x28,2.780035
89,0,imagen.jpeg,34,batchnorm,1x192x28x28,0.142624
89,0,imagen.jpeg,35,activacion,1x192x28x28,0.36779
89,0,imagen.jpeg,36,depthwise_conv,1x192x28x28,1.449352
89,0,imagen.jpeg,37,batchnorm,1x192x28x28,0.128145
89,0,imagen.jpeg,38,activacion,1x192x28x28,0.514097
89,0,imagen.jpeg,39,pointwise_conv,1x192x28x28,2.558677
89,0,imagen.jpeg,40,batchnorm,1x32x28x28,0.020639
89,0,imagen.jpeg,41,layer_add,1x32x28x28,0.012527
89,0,imagen.jpeg,42,pointwise_conv,1x32x28x28,2.603044
89,0,imagen.jpeg,43,batchnorm,1x192x28x28,0.126537
89,0,imagen.jpeg,44,activacion,1x192x28x28,0.424204
89,0,imagen.jpeg,45,depthwise_conv,1x192x28x28,1.452658
89,0,imagen.jpeg,46,batchnorm,1x192x28x28,0.137993
89,0,imagen.jpeg,47,activacion,1x192x28x28,0.491381
89,0,imagen.jpeg,48,pointwise_conv,1x192x28x28,2.555329
89,0,imagen.jpeg,49,batchnorm,1x32x28x28,0.022976
89,0,imagen.jpeg,50,layer_add,1x32x28x28,0.019593
89,0,imagen.jpeg,51,pointwise_conv,1x32x28x28,2.99546
89,0,imagen.jpeg,52,batchnorm,1x192x28x28,0.146247
89,0,imagen.jpeg,53,activacion,1x192x28x28,0.501752
89,0,imagen.jpeg,54,depthwise_conv,1x192x28x28,0.39355
89,0,imagen.jpeg,55,batchnorm,1x192x14x14,0.034435
89,0,imagen.jpeg,56,activacion,1x192x14x14,0.099002
89,0,imagen.jpeg,57,pointwise_conv,1x192x14x14,1.353212
89,0,imagen.jpeg,58,batchnorm,1x64x14x14,0.011731
89,0,imagen.jpeg,59,pointwise_conv,1x64x14x14,2.692527
89,0,imagen.jpeg,60,batchnorm,1x384x14x14,0.066982
89,0,imagen.jpeg,61,activacion,1x384x14x14,0.190544
89,0,imagen.jpeg,62,depthwise_conv,1x384x14x14,0.746765
89,0,imagen.jpeg,63,batchnorm,1x384x14x14,0.065364
89,0,imagen.jpeg,64,activacion,1x384x14x14,0.259796
89,0,imagen.jpeg,65,pointwise_conv,1x384x14x14,3.044453
89,0,imagen.jpeg,66,batchnorm,1x64x14x14,0.01255
89,0,imagen.jpeg,67,layer_add,1x64x14x14,0.007349
89,0,imagen.jpeg,68,pointwise_conv,1x64x14x14,2.913003
89,0,imagen.jpeg,69,batchnorm,1x384x14x14,0.076299
89,0,imagen.jpeg,70,activacion,1x384x14x14,0.254686
89,0,imagen.jpeg,71,depthwise_conv,1x384x14x14,0.80694
89,0,imagen.jpeg,72,batchnorm,1x384x14x14,0.109251
89,0,imagen.jpeg,73,activacion,1x384x14x14,0.257759
89,0,imagen.jpeg,74,pointwise_conv,1x384x14x14,3.455957
89,0,imagen.jpeg,75,batchnorm,1x64x14x14,0.014451
89,0,imagen.jpeg,76,layer_add,1x64x14x14,0.008785
89,0,imagen.jpeg,77,pointwise_conv,1x64x14x14,2.975828
89,0,imagen.jpeg,78,batchnorm,1x384x14x14,0.072064
89,0,imagen.jpeg,79,activacion,1x384x14x14,0.275789
89,0,imagen.jpeg,80,depthwise_conv,1x384x14x14,0.790726
89,0,imagen.jpeg,81,batchnorm,1x384x14x14,0.146576
89,0,imagen.jpeg,82,activacion,1x384x14x14,0.235269
89,0,imagen.jpeg,83,pointwise_conv,1x384x14x14,2.778148
89,0,imagen.jpeg,84,batchnorm,1x64x14x14,0.011353
89,0,imagen.jpeg,85,layer_add,1x64x14x14,0.006417
89,0,imagen.jpeg,86,pointwise_conv,1x64x14x14,2.700435
89,0,imagen.jpeg,87,batchnorm,1x384x14x14,0.065191
89,0,imagen.jpeg,88,activacion,1x384x14x14,0.251602
89,0,imagen.jpeg,89,depthwise_conv,1x384x14x14,0.765267
89,0,imagen.jpeg,90,batchnorm,1x384x14x14,0.067326
89,0,imagen.jpeg,91,activacion,1x384x14x14,0.241857
89,0,imagen.jpeg,92,pointwise_conv,1x384x14x14,4.700712
89,0,imagen.jpeg,93,batchnorm,1x96x14x14,0.019393
89,0,imagen.jpeg,94,pointwise_conv,1x96x14x14,6.174579
89,0,imagen.jpeg,95,batchnorm,1x576x14x14,0.136362
89,0,imagen.jpeg,96,activacion,1x576x14x14,0.356002
89,0,imagen.jpeg,97,depthwise_conv,1x576x14x14,1.15665
89,0,imagen.jpeg,98,batchnorm,1x576x14x14,0.177781
89,0,imagen.jpeg,99,activacion,1x576x14x14,0.336965
89,0,imagen.jpeg,100,pointwise_conv,1x576x14x14,6.376703
89,0,imagen.jpeg,101,batchnorm,1x96x14x14,0.0179
89,0,imagen.jpeg,102,layer_add,1x96x14x14,0.010275
89,0,imagen.jpeg,103,pointwise_conv,1x96x14x14,6.034732
89,0,imagen.jpeg,104,batchnorm,1x576x14x14,0.100298
89,0,imagen.jpeg,105,activacion,1x576x14x14,0.392051
89,0,imagen.jpeg,106,depthwise_conv,1x576x14x14,1.132467
89,0,imagen.jpeg,107,batchnorm,1x576x14x14,0.158371
89,0,imagen.jpeg,108,activacion,1x576x14x14,0.302681
89,0,imagen.jpeg,109,pointwise_conv,1x576x14x14,5.883229
89,0,imagen.jpeg,110,batchnorm,1x96x14x14,0.016191
89,0,imagen.jpeg,111,layer_add,1x96x14x14,0.011565
89,0,imagen.jpeg,112,pointwise_conv,1x96x14x14,6.163567
89,0,imagen.jpeg,113,batchnorm,1x576x14x14,0.103216
89,0,imagen.jpeg,114,activacion,1x576x14x14,0.304163
89,0,imagen.jpeg,115,depthwise_conv,1x576x14x14,0.26342
89,0,imagen.jpeg,116,batchnorm,1x576x7x7,0.043963
89,0,imagen.jpeg,117,activacion,1x576x7x7,0.063274
89,0,imagen.jpeg,118,pointwise_conv,1x576x7x7,2.398795
89,0,imagen.jpeg,119,batchnorm,1x160x7x7,0.007595
89,0,imagen.jpeg,120,pointwise_conv,1x160x7x7,4.007957
89,0,imagen.jpeg,121,batchnorm,1x960x7x7,0.044043
89,0,imagen.jpeg,122,activacion,1x960x7x7,0.149338
89,0,imagen.jpeg,123,depthwise_conv,1x960x7x7,0.427885
89,0,imagen.jpeg,124,batchnorm,1x960x7x7,0.042483
89,0,imagen.jpeg,125,activacion,1x960x7x7,0.137272
89,0,imagen.jpeg,126,pointwise_conv,1x960x7x7,4.102117
89,0,imagen.jpeg,127,batchnorm,1x160x7x7,0.007345
89,0,imagen.jpeg,128,layer_add,1x160x7x7,0.003935
89,0,imagen.jpeg,129,pointwise_conv,1x160x7x7,4.160651
89,0,imagen.jpeg,130,batchnorm,1x960x7x7,0.047566
89,0,imagen.jpeg,131,activacion,1x960x7x7,0.146006
89,0,imagen.jpeg,132,depthwise_conv,1x960x7x7,0.432518
89,0,imagen.jpeg,133,batchnorm,1x960x7x7,0.055398
89,0,imagen.jpeg,134,activacion,1x960x7x7,0.128918
89,0,imagen.jpeg,135,pointwise_conv,1x960x7x7,4.201555
89,0,imagen.jpeg,136,batchnorm,1x160x7x7,0.00857
89,0,imagen.jpeg,137,layer_add,1x160x7x7,0.005072
89,0,imagen.jpeg,138,pointwise_conv,1x160x7x7,5.177806
89,0,imagen.jpeg,139,batchnorm,1x960x7x7,0.069569
89,0,imagen.jpeg,140,activacion,1x960x7x7,0.121058
89,0,imagen.jpeg,141,depthwise_conv,1x960x7x7,0.445343
89,0,imagen.jpeg,142,batchnorm,1x960x7x7,0.048179
89,0,imagen.jpeg,143,activacion,1x960x7x7,0.090241
89,0,imagen.jpeg,144,pointwise_conv,1x960x7x7,9.573572
89,0,imagen.jpeg,145,batchnorm,1x320x7x7,0.016518
89,0,imagen.jpeg,146,pointwise_conv,1x320x7x7,12.181081
89,0,imagen.jpeg,147,batchnorm,1x1280x7x7,0.064865
89,0,imagen.jpeg,148,activacion,1x1280x7x7,0.188597
89,0,imagen.jpeg,149,pooling,1x1280x7x7,0.042841
89,0,imagen.jpeg,150,linear,1x1280,1.444826
90,0,imagen.jpeg,0,conv2d,1x3x224x224,15.997781
90,0,imagen.jpeg,1,batchnorm,1x32x112x112,0.423784
90,0,imagen.jpeg,2,activacion,1x32x112x112,0.695846
90,0,imagen.jpeg,3,depthwise_conv,1x32x112x112,4.335604
90,0,imagen.jpeg,4,batchnorm,1x32x112x112,2.416077
90,0,imagen.jpeg,5,activacion,1x32x112x112,0.762951
90,0,imagen.jpeg,6,pointwise_conv,1x32x112x112,3.5344
90,0,imagen.jpeg,7,batchnorm,1x16x112x112,0.176229
90,0,imagen.jpeg,8,pointwise_conv,1x16x112x112,11.493772
90,0,imagen.jpeg,9,batchnorm,1x96x112x112,2.112696
90,0,imagen.jpeg,10,activacion,1x96x112x112,3.389469
90,0,imagen.jpeg,11,depthwise_conv,1x96x112x112,3.048283
90,0,imagen.jpeg,12,batchnorm,1x96x56x56,0.300525
90,0,imagen.jpeg,13,activacion,1x96x56x56,0.99789
90,0,imagen.jpeg,14,pointwise_conv,1x96x56x56,4.169129
90,0,imagen.jpeg,15,batchnorm,1x24x56x56,0.079376
90,0,imagen.jpeg,16,pointwise_conv,1x24x56x56,6.528221
90,0,imagen.jpeg,17,batchnorm,1x144x56x56,0.860427
90,0,imagen.jpeg,18,activacion,1x144x56x56,1.239986
90,0,imagen.jpeg,19,depthwise_conv,1x144x56x56,4.365167
90,0,imagen.jpeg,20,batchnorm,1x144x56x56,0.867061
90,0,imagen.jpeg,21,activacion,1x144x56x56,1.642672
90,0,imagen.jpeg,22,pointwise_conv,1x144x56x56,5.85839
90,0,imagen.jpeg,23,batchnorm,1x24x56x56,0.062445
90,0,imagen.jpeg,24,layer_add,1x24x56x56,0.04558
90,0,imagen.jpeg,25,pointwise_conv,1x24x56x56,5.910659
90,0,imagen.jpeg,26,batchnorm,1x144x56x56,0.420515
90,0,imagen.jpeg,27,activacion,1x144x56x56,1.505078
90,0,imagen.jpeg,28,depthwise_conv,1x144x56x56,1.112113
90,0,imagen.jpeg,29,batchnorm,1x144x28x28,0.09874
90,0,imagen.jpeg,30,activacion,1x144x28x28,0.341879
90,0,imagen.jpeg,31,pointwise_conv,1x144x28x28,2.087662
90,0,imagen.jpeg,32,batchnorm,1x32x28x28,0.022023
90,0,imagen.jpeg,33,pointwise_conv,1x32x28x28,2.618963
90,0,imagen.jpeg,34,batchnorm,1x192x28x28,0.132793
90,0,imagen.jpeg,35,activacion,1x192x28x28,0.393117
90,0,imagen.jpeg,36,depthwise_conv,1x192x28x28,1.467668
90,0,imagen.jpeg,37,batchnorm,1x192x28x28,0.127012
90,0,imagen.jpeg,38,activacion,1x192x28x28,0.516614
90,0,imagen.jpeg,39,pointwise_conv,1x192x28x28,2.604475
90,0,imagen.jpeg,40,batchnorm,1x32x28x28,0.020869
90,0,imagen.jpeg,41,layer_add,1x32x28x28,0.014134
90,0,imagen.jpeg,42,pointwise_conv,1x32x28x28,2.701907
90,0,imagen.jpeg,43,batchnorm,1x192x28x28,0.130848
90,0,imagen.jpeg,44,activacion,1x192x28x28,0.426471
90,0,imagen.jpeg,45,depthwise_conv,1x192x28x28,1.472798
90,0,imagen.jpeg,46,batchnorm,1x192x28x28,0.126185
90,0,imagen.jpeg,47,activacion,1x192x28x28,0.497679
90,0,imagen.jpeg,48,pointwise_conv,1x192x28x28,2.710956
90,0,imagen.jpeg,49,batchnorm,1x32x28x28,0.021558
90,0,imagen.jpeg,50,layer_add,1x32x28x28,0.012585
90,0,imagen.jpeg,51,pointwise_conv,1x32x28x28,2.654715
90,0,imagen.jpeg,52,batchnorm,1x192x28x28,0.131674
90,0,imagen.jpeg,53,activacion,1x192x28x28,0.476091
90,0,imagen.jpeg,54,depthwise_conv,1x192x28x28,0.37541
90,0,imagen.jpeg,55,batchnorm,1x192x14x14,0.033589
90,0,imagen.jpeg,56,activacion,1x192x14x14,0.095921
90,0,imagen.jpeg,57,pointwise_conv,1x192x14x14,1.310602
90,0,imagen.jpeg,58,batchnorm,1x64x14x14,0.011647
90,0,imagen.jpeg,59,pointwise_conv,1x64x14x14,2.649302
90,0,imagen.jpeg,60,batchnorm,1x384x14x14,0.066364
90,0,imagen.jpeg,61,activacion,1x384x14x14,0.190206
90,0,imagen.jpeg,62,depthwise_conv,1x384x14x14,0.746767
90,0,imagen.jpeg,63,batchnorm,1x384x14x14,0.065469
90,0,imagen.jpeg,64,activacion,1x384x14x14,0.258685
90,0,imagen.jpeg,65,pointwise_conv,1x384x14x14,2.622876
90,0,imagen.jpeg,66,batchnorm,1x64x14x14,0.0109
90,0,imagen.jpeg,67,layer_add,1x64x14x14,0.005824
90,0,imagen.jpeg,68,pointwise_conv,1x64x14x14,2.68714
90,0,imagen.jpeg,69,batchnorm,1x384x14x14,0.071475
90,0,imagen.jpeg,70,activacion,1x384x14x14,0.243713
90,0,imagen.jpeg,71,depthwise_conv,1x384x14x14,0.755978
90,0,imagen.jpeg,72,batchnorm,1x384x14x14,0.099665
90,0,imagen.jpeg,73,activacion,1x384x14x14,0.261926
90,0,imagen.jpeg,74,pointwise_conv,1x384x14x14,4.616009
90,0,imagen.jpeg,75,batchnorm,1x64x14x14,0.018634
90,0,imagen.jpeg,76,layer_add,1x64x14x14,0.009265
90,0,imagen.jpeg,77,pointwise_conv,1x64x14x14,3.952869
90,0,imagen.jpeg,78,batchnorm,1x384x14x14,0.075435
90,0,imagen.jpeg,79,activacion,1x384x14x14,0.259959
90,0,imagen.jpeg,80,depthwise_conv,1x384x14x14,0.811263
90,0,imagen.jpeg,81,batchnorm,1x384x14x14,0.154999
90,0,imagen.jpeg,82,activacion,1x384x14x14,0.238541
90,0,imagen.jpeg,83,pointwise_conv,1x384x14x14,3.216896
90,0,imagen.jpeg,84,batchnorm,1x64x14x14,0.012748
90,0,imagen.jpeg,85,layer_add,1x64x14x14,0.007297
90,0,imagen.jpeg,86,pointwise_conv,1x64x14x14,2.93526
90,0,imagen.jpeg,87,batchnorm,1x384x14x14,0.097774
90,0,imagen.jpeg,88,activacion,1x384x14x14,0.292187
90,0,imagen.jpeg,89,depthwise_conv,1x384x14x14,0.799664
90,0,imagen.jpeg,90,batchnorm,1x384x14x14,0.078572
90,0,imagen.jpeg,91,activacion,1x384x14x14,0.259664
90,0,imagen.jpeg,92,pointwise_conv,1x384x14x14,4.969115
90,0,imagen.jpeg,93,batchnorm,1x96x14x14,0.019621
90,0,imagen.jpeg,94,pointwise_conv,1x96x14x14,6.335789
90,0,imagen.jpeg,95,batchnorm,1x576x14x14,0.115758
90,0,imagen.jpeg,96,activacion,1x576x14x14,0.373469
90,0,imagen.jpeg,97,depthwise_conv,1x576x14x14,1.219488
90,0,imagen.jpeg,98,batchnorm,1x576x14x14,0.203657
90,0,imagen.jpeg,99,activacion,1x576x14x14,0.442072
90,0,imagen.jpeg,100,pointwise_conv,1x576x14x14,7.117729
90,0,imagen.jpeg,101,batchnorm,1x96x14x14,0.019025
90,0,imagen.jpeg,102,layer_add,1x96x14x14,0.010901
90,0,imagen.jpeg,103,pointwise_conv,1x96x14x14,6.538185
90,0,imagen.jpeg,104,batchnorm,1x576x14x14,0.124251
90,0,imagen.jpeg,105,activacion,1x576x14x14,0.379005
90,0,imagen.jpeg,106,depthwise_conv,1x576x14x14,1.451953
90,0,imagen.jpeg,107,batchnorm,1x576x14x14,0.223254
90,0,imagen.jpeg,108,activacion,1x576x14x14,0.371435
90,0,imagen.jpeg,109,pointwise_conv,1x576x14x14,6.404864
90,0,imagen.jpeg,110,batchnorm,1x96x14x14,0.017226
90,0,imagen.jpeg,111,layer_add,1x96x14x14,0.012545
90,0,imagen.jpeg,112,pointwise_conv,1x96x14x14,6.004814
90,0,imagen.jpeg,113,batchnorm,1x576x14x14,0.107037
90,0,imagen.jpeg,114,activacion,1x576x14x14,0.3275
90,0,imagen.jpeg,115,depthwise_conv,1x576x14x14,0.277142
90,0,imagen.jpeg,116,batchnorm,1x576x7x7,0.0315
90,0,imagen.jpeg,117,activacion,1x576x7x7,0.06626
90,0,imagen.jpeg,118,pointwise_conv,1x576x7x7,2.675596
90,0,imagen.jpeg,119,batchnorm,1x160x7x7,0.008408
90,0,imagen.jpeg,120,pointwise_conv,1x160x7x7,4.172129
90,0,imagen.jpeg,121,batchnorm,1x960x7x7,0.042695
90,0,imagen.jpeg,122,activacion,1x960x7x7,0.150084
90,0,imagen.jpeg,123,depthwise_conv,1x960x7x7,0.433828
90,0,imagen.jpeg,124,batchnorm,1x960x7x7,0.042486
90,0,imagen.jpeg,125,activacion,1x960x7x7,0.141525
90,0,imagen.jpeg,126,pointwise_conv,1x960x7x7,4.083785
90,0,imagen.jpeg,127,batchnorm,1x160x7x7,0.007121
90,0,imagen.jpeg,128,layer_add,1x160x7x7,0.003468
90,0,imagen.jpeg,129,pointwise_conv,1x160x7x7,4.07305
90,0,imagen.jpeg,130,batchnorm,1x960x7x7,0.041493
90,0,imagen.jpeg,131,activacion,1x960x7x7,0.151881
90,0,imagen.jpeg,132,depthwise_conv,1x960x7x7,0.427833
90,0,imagen.jpeg,133,batchnorm,1x960x7x7,0.053546
90,0,imagen.jpeg,134,activacion,1x960x7x7,0.12415
90,0,imagen.jpeg,135,pointwise_conv,1x960x7x7,5.001346
90,0,imagen.jpeg,136,batchnorm,1x160x7x7,0.008765
90,0,imagen.jpeg,137,layer_add,1x160x7x7,0.004771
90,0,imagen.jpeg,138,pointwise_conv,1x160x7x7,4.125131
90,0,imagen.jpeg,139,batchnorm,1x960x7x7,0.043391
90,0,imagen.jpeg,140,activacion,1x960x7x7,0.1101
90,0,imagen.jpeg,141,depthwise_conv,1x960x7x7,0.457216
90,0,imagen.jpeg,142,batchnorm,1x960x7x7,0.045365
90,0,imagen.jpeg,143,activacion,1x960x7x7,0.085936
90,0,imagen.jpeg,144,pointwise_conv,1x960x7x7,8.391144
90,0,imagen.jpeg,145,batchnorm,1x320x7x7,0.016802
90,0,imagen.jpeg,146,pointwise_conv,1x320x7x7,11.068952
90,0,imagen.jpeg,147,batchnorm,1x1280x7x7,0.058693
90,0,imagen.jpeg,148,activacion,1x1280x7x7,0.175719
90,0,imagen.jpeg,149,pooling,1x1280x7x7,0.038298
90,0,imagen.jpeg,150,linear,1x1280,1.408204
91,0,imagen.jpeg,0,conv2d,1x3x224x224,15.541576
91,0,imagen.jpeg,1,batchnorm,1x32x112x112,0.426109
91,0,imagen.jpeg,2,activacion,1x32x112x112,0.640159
91,0,imagen.jpeg,3,depthwise_conv,1x32x112x112,3.911
91,0,imagen.jpeg,4,batchnorm,1x32x112x112,2.254174
91,0,imagen.jpeg,5,activacion,1x32x112x112,0.713762
91,0,imagen.jpeg,6,pointwise_conv,1x32x112x112,3.563605
91,0,imagen.jpeg,7,batchnorm,1x16x112x112,0.17221
91,0,imagen.jpeg,8,pointwise_conv,1x16x112x112,11.808138
91,0,imagen.jpeg,9,batchnorm,1x96x112x112,2.119082
91,0,imagen.jpeg,10,activacion,1x96x112x112,3.360381
91,0,imagen.jpeg,11,depthwise_conv,1x96x112x112,3.309821
91,0,imagen.jpeg,12,batchnorm,1x96x56x56,0.297249
91,0,imagen.jpeg,13,activacion,1x96x56x56,0.991168
91,0,imagen.jpeg,14,pointwise_conv,1x96x56x56,3.860316
91,0,imagen.jpeg,15,batchnorm,1x24x56x56,0.062281
91,0,imagen.jpeg,16,pointwise_conv,1x24x56x56,6.520238
91,0,imagen.jpeg,17,batchnorm,1x144x56x56,0.875287
91,0,imagen.jpeg,18,activacion,1x144x56x56,1.27065
91,0,imagen.jpeg,19,depthwise_conv,1x144x56x56,4.58477
91,0,imagen.jpeg,20,batchnorm,1x144x56x56,0.898797
91,0,imagen.jpeg,21,activacion,1x144x56x56,1.595831
91,0,imagen.jpeg,22,pointwise_conv,1x144x56x56,5.674147
91,0,imagen.jpeg,23,batchnorm,1x24x56x56,0.06139
91,0,imagen.jpeg,24,layer_add,1x24x56x56,0.04641
91,0,imagen.jpeg,25,pointwise_conv,1x24x56x56,5.960926
91,0,imagen.jpeg,26,batchnorm,1x144x56x56,0.461121
91,0,imagen.jpeg,27,activacion,1x144x56x56,1.466082
91,0,imagen.jpeg,28,depthwise_conv,1x144x56x56,1.14891
91,0,imagen.jpeg,29,batchnorm,1x144x28x28,0.096846
91,0,imagen.jpeg,30,activacion,1x144x28x28,0.341811
91,0,imagen.jpeg,31,pointwise_conv,1x144x28x28,1.91625
91,0,imagen.jpeg,32,batchnorm,1x32x28x28,0.021567
91,0,imagen.jpeg,33,pointwise_conv,1x32x28x28,2.859128
91,0,imagen.jpeg,34,batchnorm,1x192x28x28,0.154715
91,0,imagen.jpeg,35,activacion,1x192x28x28,0.399367
91,0,imagen.jpeg,36,depthwise_conv,1x192x28x28,1.485854
91,0,imagen.jpeg,37,batchnorm,1x192x28x28,0.152969
91,0,imagen.jpeg,38,activacion,1x192x28x28,0.534832
91,0,imagen.jpeg,39,pointwise_conv,1x192x28x28,2.758942
91,0,imagen.jpeg,40,batchnorm,1x32x28x28,0.025428
91,0,imagen.jpeg,41,layer_add,1x32x28x28,0.018286
91,0,imagen.jpeg,42,pointwise_conv,1x32x28x28,3.282966
91,0,imagen.jpeg,43,batchnorm,1x192x28x28,0.153116
91,0,imagen.jpeg,44,activacion,1x192x28x28,0.499643
91,0,imagen.jpeg,45,depthwise_conv,1x192x28x28,3.021112
91,0,imagen.jpeg,46,batchnorm,1x192x28x28,0.309294
91,0,imagen.jpeg,47,activacion,1x192x28x28,0.559148
91,0,imagen.jpeg,48,pointwise_conv,1x192x28x28,2.759939
91,0,imagen.jpeg,49,batchnorm,1x32x28x28,0.02247
91,0,imagen.jpeg,50,layer_add,1x32x28x28,0.026706
91,0,imagen.jpeg,51,pointwise_conv,1x32x28x28,2.718342
91,0,imagen.jpeg,52,batchnorm,1x192x28x28,0.139449
91,0,imagen.jpeg,53,activacion,1x192x28x28,0.514714
91,0,imagen.jpeg,54,depthwise_conv,1x192x28x28,0.392475
91,0,imagen.jpeg,55,batchnorm,1x192x14x14,0.035043
91,0,imagen.jpeg,56,activacion,1x192x14x14,0.101042
91,0,imagen.jpeg,57,pointwise_conv,1x192x14x14,1.383813
91,0,imagen.jpeg,58,batchnorm,1x64x14x14,0.012099
91,0,imagen.jpeg,59,pointwise_conv,1x64x14x14,2.804685
91,0,imagen.jpeg,60,batchnorm,1x384x14x14,0.068163
91,0,imagen.jpeg,61,activacion,1x384x14x14,0.190079
91,0,imagen.jpeg,62,depthwise_conv,1x384x14x14,0.839546
91,0,imagen.jpeg,63,batchnorm,1x384x14x14,0.067569
91,0,imagen.jpeg,64,activacion,1x384x14x14,0.266238
91,0,imagen.jpeg,65,pointwise_conv,1x384x14x14,2.772313
91,0,imagen.jpeg,66,batchnorm,1x64x14x14,0.011552
91,0,imagen.jpeg,67,layer_add,1x64x14x14,0.006639
91,0,imagen.jpeg,68,pointwise_conv,1x64x14x14,2.808367
91,0,imagen.jpeg,69,batchnorm,1x384x14x14,0.073052
91,0,imagen.jpeg,70,activacion,1x384x14x14,0.23577
91,0,imagen.jpeg,71,depthwise_conv,1x384x14x14,0.78285
91,0,imagen.jpeg,72,batchnorm,1x384x14x14,0.098188
91,0,imagen.jpeg,73,activacion,1x384x14x14,0.266193
91,0,imagen.jpeg,74,pointwise_conv,1x384x14x14,2.755617
91,0,imagen.jpeg,75,batchnorm,1x64x14x14,0.011762
91,0,imagen.jpeg,76,layer_add,1x64x14x14,0.007865
91,0,imagen.jpeg,77,pointwise_conv,1x64x14x14,2.744114
91,0,imagen.jpeg,78,batchnorm,1x384x14x14,0.070342
91,0,imagen.jpeg,79,activacion,1x384x14x14,0.266672
91,0,imagen.jpeg,80,depthwise_conv,1x384x14x14,0.772867
91,0,imagen.jpeg,81,batchnorm,1x384x14x14,0.146534
91,0,imagen.jpeg,82,activacion,1x384x14x14,0.238086
91,0,imagen.jpeg,83,pointwise_conv,1x384x14x14,2.814102
91,0,imagen.jpeg,84,batchnorm,1x64x14x14,0.011421
91,0,imagen.jpeg,85,layer_add,1x64x14x14,0.006814
91,0,imagen.jpeg,86,pointwise_conv,1x64x14x14,2.715576
91,0,imagen.jpeg,87,batchnorm,1x384x14x14,0.064168
91,0,imagen.jpeg,88,activacion,1x384x14x14,0.271453
91,0,imagen.jpeg,89,depthwise_conv,1x384x14x14,0.747741
91,0,imagen.jpeg,90,batchnorm,1x384x14x14,0.065333
91,0,imagen.jpeg,91,activacion,1x384x14x14,0.237303
91,0,imagen.jpeg,92,pointwise_conv,1x384x14x14,4.031655
91,0,imagen.jpeg,93,batchnorm,1x96x14x14,0.017172
91,0,imagen.jpeg,94,pointwise_conv,1x96x14x14,6.101048
91,0,imagen.jpeg,95,batchnorm,1x576x14x14,0.100592
91,0,imagen.jpeg,96,activacion,1x576x14x14,0.378202
91,0,imagen.jpeg,97,depthwise_conv,1x576x14x14,1.148982
91,0,imagen.jpeg,98,batchnorm,1x576x14x14,0.177874
91,0,imagen.jpeg,99,activacion,1x576x14x14,0.335122
91,0,imagen.jpeg,100,pointwise_conv,1x576x14x14,5.939129
91,0,imagen.jpeg,101,batchnorm,1x96x14x14,0.016175
91,0,imagen.jpeg,102,layer_add,1x96x14x14,0.009813
91,0,imagen.jpeg,103,pointwise_conv,1x96x14x14,5.731117
91,0,imagen.jpeg,104,batchnorm,1x576x14x14,0.099626
91,0,imagen.jpeg,105,activacion,1x576x14x14,0.362439
91,0,imagen.jpeg,106,depthwise_conv,1x576x14x14,1.138173
91,0,imagen.jpeg,107,batchnorm,1x576x14x14,0.154475
91,0,imagen.jpeg,108,activacion,1x576x14x14,0.291975
91,0,imagen.jpeg,109,pointwise_conv,1x576x14x14,6.03881
91,0,imagen.jpeg,110,batchnorm,1x96x14x14,0.016041
91,0,imagen.jpeg,111,layer_add,1x96x14x14,0.011956
91,0,imagen.jpeg,112,pointwise_conv,1x96x14x14,5.936905
91,0,imagen.jpeg,113,batchnorm,1x576x14x14,0.100096
91,0,imagen.jpeg,114,activacion,1x576x14x14,0.313704
91,0,imagen.jpeg,115,depthwise_conv,1x576x14x14,0.266808
91,0,imagen.jpeg,116,batchnorm,1x576x7x7,0.030858
91,0,imagen.jpeg,117,activacion,1x576x7x7,0.065062
91,0,imagen.jpeg,118,pointwise_conv,1x576x7x7,2.655204
91,0,imagen.jpeg,119,batchnorm,1x160x7x7,0.008039
91,0,imagen.jpeg,120,pointwise_conv,1x160x7x7,4.094167
91,0,imagen.jpeg,121,batchnorm,1x960x7x7,0.045189
91,0,imagen.jpeg,122,activacion,1x960x7x7,0.148882
91,0,imagen.jpeg,123,depthwise_conv,1x960x7x7,0.427535
91,0,imagen.jpeg,124,batchnorm,1x960x7x7,0.042802
91,0,imagen.jpeg,125,activacion,1x960x7x7,0.138715
91,0,imagen.jpeg,126,pointwise_conv,1x960x7x7,3.99705
91,0,imagen.jpeg,127,batchnorm,1x160x7x7,0.007518
91,0,imagen.jpeg,128,layer_add,1x160x7x7,0.003763
91,0,imagen.jpeg,129,pointwise_conv,1x160x7x7,4.112413
91,0,imagen.jpeg,130,batchnorm,1x960x7x7,0.045675
91,0,imagen.jpeg,131,activacion,1x960x7x7,0.146066
91,0,imagen.jpeg,132,depthwise_conv,1x960x7x7,0.439042
91,0,imagen.jpeg,133,batchnorm,1x960x7x7,0.055244
91,0,imagen.jpeg,134,activacion,1x960x7x7,0.126752
91,0,imagen.jpeg,135,pointwise_conv,1x960x7x7,4.240908
91,0,imagen.jpeg,136,batchnorm,1x160x7x7,0.008219
91,0,imagen.jpeg,137,layer_add,1x160x7x7,0.00603
91,0,imagen.jpeg,138,pointwise_conv,1x160x7x7,4.568029
91,0,imagen.jpeg,139,batchnorm,1x960x7x7,0.048925
91,0,imagen.jpeg,140,activacion,1x960x7x7,0.118111
91,0,imagen.jpeg,141,depthwise_conv,1x960x7x7,0.441373
91,0,imagen.jpeg,142,batchnorm,1x960x7x7,0.048634
91,0,imagen.jpeg,143,activacion,1x960x7x7,0.091525
91,0,imagen.jpeg,144,pointwise_conv,1x960x7x7,9.06078
91,0,imagen.jpeg,145,batchnorm,1x320x7x7,0.01885
91,0,imagen.jpeg,146,pointwise_conv,1x320x7x7,11.030964
91,0,imagen.jpeg,147,batchnorm,1x1280x7x7,0.062309
91,0,imagen.jpeg,148,activacion,1x1280x7x7,0.180911
91,0,imagen.jpeg,149,pooling,1x1280x7x7,0.039305
91,0,imagen.jpeg,150,linear,1x1280,1.442811
92,0,imagen.jpeg,0,conv2d,1x3x224x224,15.541744
92,0,imagen.jpeg,1,batchnorm,1x32x112x112,0.42241
92,0,imagen.jpeg,2,activacion,1x32x112x112,0.657175
92,0,imagen.jpeg,3,depthwise_conv,1x32x112x112,3.910246
92,0,imagen.jpeg,4,batchnorm,1x32x112x112,2.316148
92,0,imagen.jpeg,5,activacion,1x32x112x112,0.726497
92,0,imagen.jpeg,6,pointwise_conv,1x32x112x112,3.594845
92,0,imagen.jpeg,7,batchnorm,1x16x112x112,0.177775
92,0,imagen.jpeg,8,pointwise_conv,1x16x112x112,11.233713
92,0,imagen.jpeg,9,batchnorm,1x96x112x112,2.083339
92,0,imagen.jpeg,10,activacion,1x96x112x112,3.394794
92,0,imagen.jpeg,11,depthwise_conv,1x96x112x112,3.192058
92,0,imagen.jpeg,12,batchnorm,1x96x56x56,0.282428
92,0,imagen.jpeg,13,activacion,1x96x56x56,1.001456
92,0,imagen.jpeg,14,pointwise_conv,1x96x56x56,4.622282
92,0,imagen.jpeg,15,batchnorm,1x24x56x56,0.123549
92,0,imagen.jpeg,16,pointwise_conv,1x24x56x56,6.633801
92,0,imagen.jpeg,17,batchnorm,1x144x56x56,0.865305
92,0,imagen.jpeg,18,activacion,1x144x56x56,1.301728
92,0,imagen.jpeg,19,depthwise_conv,1x144x56x56,4.812611
92,0,imagen.jpeg,20,batchnorm,1x144x56x56,0.900122
92,0,imagen.jpeg,21,activacion,1x144x56x56,1.669057
92,0,imagen.jpeg,22,pointwise_conv,1x144x56x56,6.330549
92,0,imagen.jpeg,23,batchnorm,1x24x56x56,0.071289
92,0,imagen.jpeg,24,layer_add,1x24x56x56,0.047423
92,0,imagen.jpeg,25,pointwise_conv,1x24x56x56,7.281627
92,0,imagen.jpeg,26,batchnorm,1x144x56x56,0.52208
92,0,imagen.jpeg,27,activacion,1x144x56x56,1.63188
92,0,imagen.jpeg,28,depthwise_conv,1x144x56x56,1.202984
92,0,imagen.jpeg,29,batchnorm,1x144x28x28,0.104762
92,0,imagen.jpeg,30,activacion,1x144x28x28,0.368908
92,0,imagen.jpeg,31,pointwise_conv,1x144x28x28,2.08089
92,0,imagen.jpeg,32,batchnorm,1x32x28x28,0.022405
92,0,imagen.jpeg,33,pointwise_conv,1x32x28x28,2.729407
92,0,imagen.jpeg,34,batchnorm,1x192x28x28,0.14071
92,0,imagen.jpeg,35,activacion,1x192x28x28,0.365797
92,0,imagen.jpeg,36,depthwise_conv,1x192x28x28,1.548213
92,0,imagen.jpeg,37,batchnorm,1x192x28x28,0.132727
92,0,imagen.jpeg,38,activacion,1x192x28x28,0.580538
92,0,imagen.jpeg,39,pointwise_conv,1x192x28x28,3.027904
92,0,imagen.jpeg,40,batchnorm,1x32x28x28,0.024679
92,0,imagen.jpeg,41,layer_add,1x32x28x28,0.01778
92,0,imagen.jpeg,42,pointwise_conv,1x32x28x28,2.888574
92,0,imagen.jpeg,43,batchnorm,1x192x28x28,0.144915
92,0,imagen.jpeg,44,activacion,1x192x28x28,0.456259
92,0,imagen.jpeg,45,depthwise_conv,1x192x28x28,1.531125
92,0,imagen.jpeg,46,batchnorm,1x192x28x28,0.135003
92,0,imagen.jpeg,47,activacion,1x192x28x28,0.526189
92,0,imagen.jpeg,48,pointwise_conv,1x192x28x28,2.685294
92,0,imagen.jpeg,49,batchnorm,1x32x28x28,0.021256
92,0,imagen.jpeg,50,layer_add,1x32x28x28,0.013319
92,0,imagen.jpeg,51,pointwise_conv,1x32x28x28,2.646135
92,0,imagen.jpeg,52,batchnorm,1x192x28x28,0.142394
92,0,imagen.jpeg,53,activacion,1x192x28x28,0.489278
92,0,imagen.jpeg,54,depthwise_conv,1x192x28x28,0.381407
92,0,imagen.jpeg,55,batchnorm,1x192x14x14,0.060639
92,0,imagen.jpeg,56,activacion,1x192x14x14,0.097828
92,0,imagen.jpeg,57,pointwise_conv,1x192x14x14,1.788258
92,0,imagen.jpeg,58,batchnorm,1x64x14x14,0.016254
92,0,imagen.jpeg,59,pointwise_conv,1x64x14x14,2.784203
92,0,imagen.jpeg,60,batchnorm,1x384x14x14,0.080029
92,0,imagen.jpeg,61,activacion,1x384x14x14,0.185959
92,0,imagen.jpeg,62,depthwise_conv,1x384x14x14,0.833934
92,0,imagen.jpeg,63,batchnorm,1x384x14x14,0.066373
92,0,imagen.jpeg,64,activacion,1x384x14x14,0.2716
92,0,imagen.jpeg,65,pointwise_conv,1x384x14x14,3.361125
92,0,imagen.jpeg,66,batchnorm,1x64x14x14,0.012932
92,0,imagen.jpeg,67,layer_add,1x64x14x14,0.007274
92,0,imagen.jpeg,68,pointwise_conv,1x64x14x14,2.789161
92,0,imagen.jpeg,69,batchnorm,1x384x14x14,0.069641
92,0,imagen.jpeg,70,activacion,1x384x14x14,0.259016
92,0,imagen.jpeg,71,depthwise_conv,1x384x14x14,0.790247
92,0,imagen.jpeg,72,batchnorm,1x384x14x14,0.10009
92,0,imagen.jpeg,73,activacion,1x384x14x14,0.25933
92,0,imagen.jpeg,74,pointwise_conv,1x384x14x14,2.709863
92,0,imagen.jpeg,75,batchnorm,1x64x14x14,0.010833
92,0,imagen.jpeg,76,layer_add,1x64x14x14,0.006892
92,0,imagen.jpeg,77,pointwise_conv,1x64x14x14,3.005886
92,0,imagen.jpeg,78,batchnorm,1x384x14x14,0.079839
92,0,imagen.jpeg,79,activacion,1x384x14x14,0.254926
92,0,imagen.jpeg,80,depthwise_conv,1x384x14x14,0.787773
92,0,imagen.jpeg,81,batchnorm,1x384x14x14,0.148081
92,0,imagen.jpeg,82,activacion,1x384x14x14,0.248207
92,0,imagen.jpeg,83,pointwise_conv,1x384x14x14,2.730545
92,0,imagen.jpeg,84,batchnorm,1x64x14x14,0.011352
92,0,imagen.jpeg,85,layer_add,1x64x14x14,0.006812
92,0,imagen.jpeg,86,pointwise_conv,1x64x14x14,2.792183
92,0,imagen.jpeg,87,batchnorm,1x384x14x14,0.068587
92,0,imagen.jpeg,88,activacion,1x384x14x14,0.259631
92,0,imagen.jpeg,89,depthwise_conv,1x384x14x14,0.77062
92,0,imagen.jpeg,90,batchnorm,1x384x14x14,0.06703
92,0,imagen.jpeg,91,activacion,1x384x14x14,0.243375
92,0,imagen.jpeg,92,pointwise_conv,1x384x14x14,4.031273
92,0,imagen.jpeg,93,batchnorm,1x96x14x14,0.017463
92,0,imagen.jpeg,94,pointwise_conv,1x96x14x14,6.828239
92,0,imagen.jpeg,95,batchnorm,1x576x14x14,0.11155
92,0,imagen.jpeg,96,activacion,1x576x14x14,0.364166
92,0,imagen.jpeg,97,depthwise_conv,1x576x14x14,1.200722
92,0,imagen.jpeg,98,batchnorm,1x576x14x14,0.203775
92,0,imagen.jpeg,99,activacion,1x576x14x14,0.335676
92,0,imagen.jpeg,100,pointwise_conv,1x576x14x14,6.119659
92,0,imagen.jpeg,101,batchnorm,1x96x14x14,0.016233
92,0,imagen.jpeg,102,layer_add,1x96x14x14,0.010707
92,0,imagen.jpeg,103,pointwise_conv,1x96x14x14,6.018894
92,0,imagen.jpeg,104,batchnorm,1x576x14x14,0.100153
92,0,imagen.jpeg,105,activacion,1x576x14x14,0.352855
92,0,imagen.jpeg,106,depthwise_conv,1x576x14x14,1.119927
92,0,imagen.jpeg,107,batchnorm,1x576x14x14,0.16561
92,0,imagen.jpeg,108,activacion,1x576x14x14,0.320848
92,0,imagen.jpeg,109,pointwise_conv,1x576x14x14,6.195429
92,0,imagen.jpeg,110,batchnorm,1x96x14x14,0.024132
92,0,imagen.jpeg,111,layer_add,1x96x14x14,0.027385
92,0,imagen.jpeg,112,pointwise_conv,1x96x14x14,6.34463
92,0,imagen.jpeg,113,batchnorm,1x576x14x14,0.110277
92,0,imagen.jpeg,114,activacion,1x576x14x14,0.324194
92,0,imagen.jpeg,115,depthwise_conv,1x576x14x14,0.267457
92,0,imagen.jpeg,116,batchnorm,1x576x7x7,0.030026
92,0,imagen.jpeg,117,activacion,1x576x7x7,0.064731
92,0,imagen.jpeg,118,pointwise_conv,1x576x7x7,2.466556
92,0,imagen.jpeg,119,batchnorm,1x160x7x7,0.007782
92,0,imagen.jpeg,120,pointwise_conv,1x160x7x7,4.03645
92,0,imagen.jpeg,121,batchnorm,1x960x7x7,0.043526
92,0,imagen.jpeg,122,activacion,1x960x7x7,0.144777
92,0,imagen.jpeg,123,depthwise_conv,1x960x7x7,0.413914
92,0,imagen.jpeg,124,batchnorm,1x960x7x7,0.056114
92,0,imagen.jpeg,125,activacion,1x960x7x7,0.138804
92,0,imagen.jpeg,126,pointwise_conv,1x960x7x7,4.014649
92,0,imagen.jpeg,127,batchnorm,1x160x7x7,0.02288
92,0,imagen.jpeg,128,layer_add,1x160x7x7,0.00349
92,0,imagen.jpeg,129,pointwise_conv,1x160x7x7,4.123838
92,0,imagen.jpeg,130,batchnorm,1x960x7x7,0.042928
92,0,imagen.jpeg,131,activacion,1x960x7x7,0.141625
92,0,imagen.jpeg,132,depthwise_conv,1x960x7x7,0.425217
92,0,imagen.jpeg,133,batchnorm,1x960x7x7,0.053632
92,0,imagen.jpeg,134,activacion,1x960x7x7,0.127007
92,0,imagen.jpeg,135,pointwise_conv,1x960x7x7,3.989609
92,0,imagen.jpeg,136,batchnorm,1x160x7x7,0.007295
92,0,imagen.jpeg,137,layer_add,1x160x7x7,0.003894
92,0,imagen.jpeg,138,pointwise_conv,1x160x7x7,4.123172
92,0,imagen.jpeg,139,batchnorm,1x960x7x7,0.043798
92,0,imagen.jpeg,140,activacion,1x960x7x7,0.116245
92,0,imagen.jpeg,141,depthwise_conv,1x960x7x7,0.433892
92,0,imagen.jpeg,142,batchnorm,1x960x7x7,0.047841
92,0,imagen.jpeg,143,activacion,1x960x7x7,0.090151
92,0,imagen.jpeg,144,pointwise_conv,1x960x7x7,8.221462
92,0,imagen.jpeg,145,batchnorm,1x320x7x7,0.01612
92,0,imagen.jpeg,146,pointwise_conv,1x320x7x7,10.759975
92,0,imagen.jpeg,147,batchnorm,1x1280x7x7,0.059637
92,0,imagen.jpeg,148,activacion,1x1280x7x7,0.18579
92,0,imagen.jpeg,149,pooling,1x1280x7x7,0.040113
92,0,imagen.jpeg,150,linear,1x1280,1.431493
93,0,imagen.jpeg,0,conv2d,1x3x224x224,15.002737
93,0,imagen.jpeg,1,batchnorm,1x32x112x112,0.416844
93,0,imagen.jpeg,2,activacion,1x32x112x112,0.654815
93,0,imagen.jpeg,3,depthwise_conv,1x32x112x112,3.780817
93,0,imagen.jpeg,4,batchnorm,1x32x112x112,2.284113
93,0,imagen.jpeg,5,activacion,1x32x112x112,0.728181
93,0,imagen.jpeg,6,pointwise_conv,1x32x112x112,3.423993
93,0,imagen.jpeg,7,batchnorm,1x16x112x112,0.167693
93,0,imagen.jpeg,8,pointwise_conv,1x16x112x112,11.247078
93,0,imagen.jpeg,9,batchnorm,1x96x112x112,2.095728
93,0,imagen.jpeg,10,activacion,1x96x112x112,3.363347
93,0,imagen.jpeg,11,depthwise_conv,1x96x112x112,3.301472
93,0,imagen.jpeg,12,batchnorm,1x96x56x56,0.270629
93,0,imagen.jpeg,13,activacion,1x96x56x56,1.047008
93,0,imagen.jpeg,14,pointwise_conv,1x96x56x56,3.918286
93,0,imagen.jpeg,15,batchnorm,1x24x56x56,0.061997
93,0,imagen.jpeg,16,pointwise_conv,1x24x56x56,6.443704
93,0,imagen.jpeg,17,batchnorm,1x144x56x56,0.879216
93,0,imagen.jpeg,18,activacion,1x144x56x56,1.279361
93,0,imagen.jpeg,19,depthwise_conv,1x144x56x56,4.550411
93,0,imagen.jpeg,20,batchnorm,1x144x56x56,0.897994
93,0,imagen.jpeg,21,activacion,1x144x56x56,1.608747
93,0,imagen.jpeg,22,pointwise_conv,1x144x56x56,5.867845
93,0,imagen.jpeg,23,batchnorm,1x24x56x56,0.06138
93,0,imagen.jpeg,24,layer_add,1x24x56x56,0.045725
93,0,imagen.jpeg,25,pointwise_conv,1x24x56x56,5.994246
93,0,imagen.jpeg,26,batchnorm,1x144x56x56,0.416056
93,0,imagen.jpeg,27,activacion,1x144x56x56,1.483557
93,0,imagen.jpeg,28,depthwise_conv,1x144x56x56,1.109955
93,0,imagen.jpeg,29,batchnorm,1x144x28x28,0.096774
93,0,imagen.jpeg,30,activacion,1x144x28x28,0.339293
93,0,imagen.jpeg,31,pointwise_conv,1x144x28x28,2.124134
93,0,imagen.jpeg,32,batchnorm,1x32x28x28,0.026726
93,0,imagen.jpeg,33,pointwise_conv,1x32x28x28,2.999722
93,0,imagen.jpeg,34,batchnorm,1x192x28x28,0.142845
93,0,imagen.jpeg,35,activacion,1x192x28x28,0.388291
93,0,imagen.jpeg,36,depthwise_conv,1x192x28x28,1.691754
93,0,imagen.jpeg,37,batchnorm,1x192x28x28,0.153586
93,0,imagen.jpeg,38,activacion,1x192x28x28,0.550781
93,0,imagen.jpeg,39,pointwise_conv,1x192x28x28,3.387119
93,0,imagen.jpeg,40,batchnorm,1x32x28x28,0.033603
93,0,imagen.jpeg,41,layer_add,1x32x28x28,0.026976
93,0,imagen.jpeg,42,pointwise_conv,1x32x28x28,3.282842
93,0,imagen.jpeg,43,batchnorm,1x192x28x28,0.154705
93,0,imagen.jpeg,44,activacion,1x192x28x28,0.456069
93,0,imagen.jpeg,45,depthwise_conv,1x192x28x28,1.541597
93,0,imagen.jpeg,46,batchnorm,1x192x28x28,0.145122
93,0,imagen.jpeg,47,activacion,1x192x28x28,0.51178
93,0,imagen.jpeg,48,pointwise_conv,1x192x28x28,2.682521
93,0,imagen.jpeg,49,batchnorm,1x32x28x28,0.025838
93,0,imagen.jpeg,50,layer_add,1x32x28x28,0.013428
93,0,imagen.jpeg,51,pointwise_conv,1x32x28x28,2.644998
93,0,imagen.jpeg,52,batchnorm,1x192x28x28,0.131207
93,0,imagen.jpeg,53,activacion,1x192x28x28,0.477161
93,0,imagen.jpeg,54,depthwise_conv,1x192x28x28,0.389258
93,0,imagen.jpeg,55,batchnorm,1x192x14x14,0.034693
93,0,imagen.jpeg,56,activacion,1x192x14x14,0.098273
93,0,imagen.jpeg,57,pointwise_conv,1x192x14x14,1.429897
93,0,imagen.jpeg,58,batchnorm,1x64x14x14,0.020891
93,0,imagen.jpeg,59,pointwise_conv,1x64x14x14,2.823168
93,0,imagen.jpeg,60,batchnorm,1x384x14x14,0.069831
93,0,imagen.jpeg,61,activacion,1x384x14x14,0.208357
93,0,imagen.jpeg,62,depthwise_conv,1x384x14x14,0.811811
93,0,imagen.jpeg,63,batchnorm,1x384x14x14,0.068924
93,0,imagen.jpeg,64,activacion,1x384x14x14,0.271552
93,0,imagen.jpeg,65,pointwise_conv,1x384x14x14,2.760737
93,0,imagen.jpeg,66,batchnorm,1x64x14x14,0.011557
93,0,imagen.jpeg,67,layer_add,1x64x14x14,0.006261
93,0,imagen.jpeg,68,pointwise_conv,1x64x14x14,2.72614
93,0,imagen.jpeg,69,batchnorm,1x384x14x14,0.070603
93,0,imagen.jpeg,70,activacion,1x384x14x14,0.239941
93,0,imagen.jpeg,71,depthwise_conv,1x384x14x14,0.790281
93,0,imagen.jpeg,72,batchnorm,1x384x14x14,0.104753
93,0,imagen.jpeg,73,activacion,1x384x14x14,0.261901
93,0,imagen.jpeg,74,pointwise_conv,1x384x14x14,2.748022
93,0,imagen.jpeg,75,batchnorm,1x64x14x14,0.011158
93,0,imagen.jpeg,76,layer_add,1x64x14x14,0.007162
93,0,imagen.jpeg,77,pointwise_conv,1x64x14x14,2.712966
93,0,imagen.jpeg,78,batchnorm,1x384x14x14,0.067008
93,0,imagen.jpeg,79,activacion,1x384x14x14,0.272529
93,0,imagen.jpeg,80,depthwise_conv,1x384x14x14,0.746482
93,0,imagen.jpeg,81,batchnorm,1x384x14x14,0.141406
93,0,imagen.jpeg,82,activacion,1x384x14x14,0.223395
93,0,imagen.jpeg,83,pointwise_conv,1x384x14x14,2.700984
93,0,imagen.jpeg,84,batchnorm,1x64x14x14,0.011042
93,0,imagen.jpeg,85,layer_add,1x64x14x14,0.006049
93,0,imagen.jpeg,86,pointwise_conv,1x64x14x14,2.798872
93,0,imagen.jpeg,87,batchnorm,1x384x14x14,0.0703
93,0,imagen.jpeg,88,activacion,1x384x14x14,0.26185
93,0,imagen.jpeg,89,depthwise_conv,1x384x14x14,0.786024
93,0,imagen.jpeg,90,batchnorm,1x384x14x14,0.065346
93,0,imagen.jpeg,91,activacion,1x384x14x14,0.234848
93,0,imagen.jpeg,92,pointwise_conv,1x384x14x14,4.004241
93,0,imagen.jpeg,93,batchnorm,1x96x14x14,0.017317
93,0,imagen.jpeg,94,pointwise_conv,1x96x14x14,6.054072
93,0,imagen.jpeg,95,batchnorm,1x576x14x14,0.096283
93,0,imagen.jpeg,96,activacion,1x576x14x14,0.388199
93,0,imagen.jpeg,97,depthwise_conv,1x576x14x14,1.13222
93,0,imagen.jpeg,98,batchnorm,1x576x14x14,0.19367
93,0,imagen.jpeg,99,activacion,1x576x14x14,0.332529
93,0,imagen.jpeg,100,pointwise_conv,1x576x14x14,5.876288
93,0,imagen.jpeg,101,batchnorm,1x96x14x14,0.016085
93,0,imagen.jpeg,102,layer_add,1x96x14x14,0.00967
93,0,imagen.jpeg,103,pointwise_conv,1x96x14x14,5.773751
93,0,imagen.jpeg,104,batchnorm,1x576x14x14,0.100795
93,0,imagen.jpeg,105,activacion,1x576x14x14,0.363443
93,0,imagen.jpeg,106,depthwise_conv,1x576x14x14,1.156082
93,0,imagen.jpeg,107,batchnorm,1x576x14x14,0.244987
93,0,imagen.jpeg,108,activacion,1x576x14x14,0.405974
93,0,imagen.jpeg,109,pointwise_conv,1x576x14x14,6.330734
93,0,imagen.jpeg,110,batchnorm,1x96x14x14,0.01709
93,0,imagen.jpeg,111,layer_add,1x96x14x14,0.012378
93,0,imagen.jpeg,112,pointwise_conv,1x96x14x14,6.035841
93,0,imagen.jpeg,113,batchnorm,1x576x14x14,0.106956
93,0,imagen.jpeg,114,activacion,1x576x14x14,0.31465
93,0,imagen.jpeg,115,depthwise_conv,1x576x14x14,0.26713
93,0,imagen.jpeg,116,batchnorm,1x576x7x7,0.031824
93,0,imagen.jpeg,117,activacion,1x576x7x7,0.07112
93,0,imagen.jpeg,118,pointwise_conv,1x576x7x7,2.55588
93,0,imagen.jpeg,119,batchnorm,1x160x7x7,0.008214
93,0,imagen.jpeg,120,pointwise_conv,1x160x7x7,4.569236
93,0,imagen.jpeg,121,batchnorm,1x960x7x7,0.05062
93,0,imagen.jpeg,122,activacion,1x960x7x7,0.159147
93,0,imagen.jpeg,123,depthwise_conv,1x960x7x7,0.446821
93,0,imagen.jpeg,124,batchnorm,1x960x7x7,0.046038
93,0,imagen.jpeg,125,activacion,1x960x7x7,0.153637
93,0,imagen.jpeg,126,pointwise_conv,1x960x7x7,4.558819
93,0,imagen.jpeg,127,batchnorm,1x160x7x7,0.008895
93,0,imagen.jpeg,128,layer_add,1x160x7x7,0.004491
93,0,imagen.jpeg,129,pointwise_conv,1x160x7x7,4.278145
93,0,imagen.jpeg,130,batchnorm,1x960x7x7,0.053652
93,0,imagen.jpeg,131,activacion,1x960x7x7,0.143082
93,0,imagen.jpeg,132,depthwise_conv,1x960x7x7,0.770314
93,0,imagen.jpeg,133,batchnorm,1x960x7x7,0.068158
93,0,imagen.jpeg,134,activacion,1x960x7x7,0.12953
93,0,imagen.jpeg,135,pointwise_conv,1x960x7x7,4.484049
93,0,imagen.jpeg,136,batchnorm,1x160x7x7,0.008188
93,0,imagen.jpeg,137,layer_add,1x160x7x7,0.004628
93,0,imagen.jpeg,138,pointwise_conv,1x160x7x7,4.068799
93,0,imagen.jpeg,139,batchnorm,1x960x7x7,0.044436
93,0,imagen.jpeg,140,activacion,1x960x7x7,0.11409
93,0,imagen.jpeg,141,depthwise_conv,1x960x7x7,0.447992
93,0,imagen.jpeg,142,batchnorm,1x960x7x7,0.047537
93,0,imagen.jpeg,143,activacion,1x960x7x7,0.093208
93,0,imagen.jpeg,144,pointwise_conv,1x960x7x7,8.136664
93,0,imagen.jpeg,145,batchnorm,1x320x7x7,0.01632
93,0,imagen.jpeg,146,pointwise_conv,1x320x7x7,10.919877
93,0,imagen.jpeg,147,batchnorm,1x1280x7x7,0.061036
93,0,imagen.jpeg,148,activacion,1x1280x7x7,0.17654
93,0,imagen.jpeg,149,pooling,1x1280x7x7,0.038609
93,0,imagen.jpeg,150,linear,1x1280,1.410904
94,0,imagen.jpeg,0,conv2d,1x3x224x224,15.33605
94,0,imagen.jpeg,1,batchnorm,1x32x112x112,0.417863
94,0,imagen.jpeg,2,activacion,1x32x112x112,0.663472
94,0,imagen.jpeg,3,depthwise_conv,1x32x112x112,3.927168
94,0,imagen.jpeg,4,batchnorm,1x32x112x112,2.321803
94,0,imagen.jpeg,5,activacion,1x32x112x112,0.727461
94,0,imagen.jpeg,6,pointwise_conv,1x32x112x112,3.537148
94,0,imagen.jpeg,7,batchnorm,1x16x112x112,0.211864
94,0,imagen.jpeg,8,pointwise_conv,1x16x112x112,12.105426
94,0,imagen.jpeg,9,batchnorm,1x96x112x112,2.06154
94,0,imagen.jpeg,10,activacion,1x96x112x112,3.495246
94,0,imagen.jpeg,11,depthwise_conv,1x96x112x112,3.203256
94,0,imagen.jpeg,12,batchnorm,1x96x56x56,0.282376
94,0,imagen.jpeg,13,activacion,1x96x56x56,1.007925
94,0,imagen.jpeg,14,pointwise_conv,1x96x56x56,3.950392
94,0,imagen.jpeg,15,batchnorm,1x24x56x56,0.061856
94,0,imagen.jpeg,16,pointwise_conv,1x24x56x56,6.692687
94,0,imagen.jpeg,17,batchnorm,1x144x56x56,1.187098
94,0,imagen.jpeg,18,activacion,1x144x56x56,1.356395
94,0,imagen.jpeg,19,depthwise_conv,1x144x56x56,4.637974
94,0,imagen.jpeg,20,batchnorm,1x144x56x56,1.082814
94,0,imagen.jpeg,21,activacion,1x144x56x56,1.708448
94,0,imagen.jpeg,22,pointwise_conv,1x144x56x56,7.738969
94,0,imagen.jpeg,23,batchnorm,1x24x56x56,0.083399
94,0,imagen.jpeg,24,layer_add,1x24x56x56,0.06259
94,0,imagen.jpeg,25,pointwise_conv,1x24x56x56,6.749725
94,0,imagen.jpeg,26,batchnorm,1x144x56x56,0.462436
94,0,imagen.jpeg,27,activacion,1x144x56x56,1.651413
94,0,imagen.jpeg,28,depthwise_conv,1x144x56x56,1.234291
94,0,imagen.jpeg,29,batchnorm,1x144x28x28,0.103466
94,0,imagen.jpeg,30,activacion,1x144x28x28,0.385086
94,0,imagen.jpeg,31,pointwise_conv,1x144x28x28,2.123313
94,0,imagen.jpeg,32,batchnorm,1x32x28x28,0.023821
94,0,imagen.jpeg,33,pointwise_conv,1x32x28x28,2.863619
94,0,imagen.jpeg,34,batchnorm,1x192x28x28,0.153989
94,0,imagen.jpeg,35,activacion,1x192x28x28,0.399741
94,0,imagen.jpeg,36,depthwise_conv,1x192x28x28,1.580242
94,0,imagen.jpeg,37,batchnorm,1x192x28x28,0.140203
94,0,imagen.jpeg,38,activacion,1x192x28x28,0.554669
94,0,imagen.jpeg,39,pointwise_conv,1x192x28x28,2.763109
94,0,imagen.jpeg,40,batchnorm,1x32x28x28,0.021832
94,0,imagen.jpeg,41,layer_add,1x32x28x28,0.014089
94,0,imagen.jpeg,42,pointwise_conv,1x32x28x28,2.724809
94,0,imagen.jpeg,43,batchnorm,1x192x28x28,0.131596
94,0,imagen.jpeg,44,activacion,1x192x28x28,0.435564
94,0,imagen.jpeg,45,depthwise_conv,1x192x28x28,1.533476
94,0,imagen.jpeg,46,batchnorm,1x192x28x28,0.125954
94,0,imagen.jpeg,47,activacion,1x192x28x28,0.500448
94,0,imagen.jpeg,48,pointwise_conv,1x192x28x28,2.686595
94,0,imagen.jpeg,49,batchnorm,1x32x28x28,0.021604
94,0,imagen.jpeg,50,layer_add,1x32x28x28,0.012648
94,0,imagen.jpeg,51,pointwise_conv,1x32x28x28,2.725606
94,0,imagen.jpeg,52,batchnorm,1x192x28x28,0.131328
94,0,imagen.jpeg,53,activacion,1x192x28x28,0.492264
94,0,imagen.jpeg,54,depthwise_conv,1x192x28x28,0.38477
94,0,imagen.jpeg,55,batchnorm,1x192x14x14,0.034497
94,0,imagen.jpeg,56,activacion,1x192x14x14,0.098624
94,0,imagen.jpeg,57,pointwise_conv,1x192x14x14,1.385082
94,0,imagen.jpeg,58,batchnorm,1x64x14x14,0.02569
94,0,imagen.jpeg,59,pointwise_conv,1x64x14x14,2.772437
94,0,imagen.jpeg,60,batchnorm,1x384x14x14,0.067679
94,0,imagen.jpeg,61,activacion,1x384x14x14,0.206003
94,0,imagen.jpeg,62,depthwise_conv,1x384x14x14,0.756014
94,0,imagen.jpeg,63,batchnorm,1x384x14x14,0.080119
94,0,imagen.jpeg,64,activacion,1x384x14x14,0.267567
94,0,imagen.jpeg,65,pointwise_conv,1x384x14x14,2.745459
94,0,imagen.jpeg,66,batchnorm,1x64x14x14,0.01254
94,0,imagen.jpeg,67,layer_add,1x64x14x14,0.007334
94,0,imagen.jpeg,68,pointwise_conv,1x64x14x14,2.697965
94,0,imagen.jpeg,69,batchnorm,1x384x14x14,0.066534
94,0,imagen.jpeg,70,activacion,1x384x14x14,0.22903
94,0,imagen.jpeg,71,depthwise_conv,1x384x14x14,0.759341
94,0,imagen.jpeg,72,batchnorm,1x384x14x14,0.094982
94,0,imagen.jpeg,73,activacion,1x384x14x14,0.245118
94,0,imagen.jpeg,74,pointwise_conv,1x384x14x14,2.689758
94,0,imagen.jpeg,75,batchnorm,1x64x14x14,0.010891
94,0,imagen.jpeg,76,layer_add,1x64x14x14,0.006806
94,0,imagen.jpeg,77,pointwise_conv,1x64x14x14,2.668271
94,0,imagen.jpeg,78,batchnorm,1x384x14x14,0.064205
94,0,imagen.jpeg,79,activacion,1x384x14x14,0.25158
94,0,imagen.jpeg,80,depthwise_conv,1x384x14x14,0.747129
94,0,imagen.jpeg,81,batchnorm,1x384x14x14,0.138943
94,0,imagen.jpeg,82,activacion,1x384x14x14,0.224761
94,0,imagen.jpeg,83,pointwise_conv,1x384x14x14,2.682142
94,0,imagen.jpeg,84,batchnorm,1x64x14x14,0.010862
94,0,imagen.jpeg,85,layer_add,1x64x14x14,0.00534
94,0,imagen.jpeg,86,pointwise_conv,1x64x14x14,2.770994
94,0,imagen.jpeg,87,batchnorm,1x384x14x14,0.065828
94,0,imagen.jpeg,88,activacion,1x384x14x14,0.254193
94,0,imagen.jpeg,89,depthwise_conv,1x384x14x14,0.76377
94,0,imagen.jpeg,90,batchnorm,1x384x14x14,0.069615
94,0,imagen.jpeg,91,activacion,1x384x14x14,0.242987
94,0,imagen.jpeg,92,pointwise_conv,1x384x14x14,4.072269
94,0,imagen.jpeg,93,batchnorm,1x96x14x14,0.017344
94,0,imagen.jpeg,94,pointwise_conv,1x96x14x14,5.959884
94,0,imagen.jpeg,95,batchnorm,1x576x14x14,0.097815
94,0,imagen.jpeg,96,activacion,1x576x14x14,0.366636
94,0,imagen.jpeg,97,depthwise_conv,1x576x14x14,1.159469
94,0,imagen.jpeg,98,batchnorm,1x576x14x14,0.174673
94,0,imagen.jpeg,99,activacion,1x576x14x14,0.326746
94,0,imagen.jpeg,100,pointwise_conv,1x576x14x14,6.43967
94,0,imagen.jpeg,101,batchnorm,1x96x14x14,0.022176
94,0,imagen.jpeg,102,layer_add,1x96x14x14,0.025749
94,0,imagen.jpeg,103,pointwise_conv,1x96x14x14,6.537893
94,0,imagen.jpeg,104,batchnorm,1x576x14x14,0.149973
94,0,imagen.jpeg,105,activacion,1x576x14x14,0.356754
94,0,imagen.jpeg,106,depthwise_conv,1x576x14x14,1.15047
94,0,imagen.jpeg,107,batchnorm,1x576x14x14,0.163874
94,0,imagen.jpeg,108,activacion,1x576x14x14,0.315475
94,0,imagen.jpeg,109,pointwise_conv,1x576x14x14,6.040418
94,0,imagen.jpeg,110,batchnorm,1x96x14x14,0.016181
94,0,imagen.jpeg,111,layer_add,1x96x14x14,0.012182
94,0,imagen.jpeg,112,pointwise_conv,1x96x14x14,6.345021
94,0,imagen.jpeg,113,batchnorm,1x576x14x14,0.108967
94,0,imagen.jpeg,114,activacion,1x576x14x14,0.360881
94,0,imagen.jpeg,115,depthwise_conv,1x576x14x14,0.260317
94,0,imagen.jpeg,116,batchnorm,1x576x7x7,0.042123
94,0,imagen.jpeg,117,activacion,1x576x7x7,0.064701
94,0,imagen.jpeg,118,pointwise_conv,1x576x7x7,2.458884
94,0,imagen.jpeg,119,batchnorm,1x160x7x7,0.007614
94,0,imagen.jpeg,120,pointwise_conv,1x160x7x7,4.045293
94,0,imagen.jpeg,121,batchnorm,1x960x7x7,0.043235
94,0,imagen.jpeg,122,activacion,1x960x7x7,0.160753
94,0,imagen.jpeg,123,depthwise_conv,1x960x7x7,0.426155
94,0,imagen.jpeg,124,batchnorm,1x960x7x7,0.04254
94,0,imagen.jpeg,125,activacion,1x960x7x7,0.138776
94,0,imagen.jpeg,126,pointwise_conv,1x960x7x7,4.328911
94,0,imagen.jpeg,127,batchnorm,1x160x7x7,0.008187
94,0,imagen.jpeg,128,layer_add,1x160x7x7,0.004352
94,0,imagen.jpeg,129,pointwise_conv,1x160x7x7,4.235587
94,0,imagen.jpeg,130,batchnorm,1x960x7x7,0.045777
94,0,imagen.jpeg,131,activacion,1x960x7x7,0.141655
94,0,imagen.jpeg,132,depthwise_conv,1x960x7x7,0.440763
94,0,imagen.jpeg,133,batchnorm,1x960x7x7,0.055757
94,0,imagen.jpeg,134,activacion,1x960x7x7,0.127778
94,0,imagen.jpeg,135,pointwise_conv,1x960x7x7,4.033111
94,0,imagen.jpeg,136,batchnorm,1x160x7x7,0.007106
94,0,imagen.jpeg,137,layer_add,1x160x7x7,0.004102
94,0,imagen.jpeg,138,pointwise_conv,1x160x7x7,4.03323
94,0,imagen.jpeg,139,batchnorm,1x960x7x7,0.04179
94,0,imagen.jpeg,140,activacion,1x960x7x7,0.111778
94,0,imagen.jpeg,141,depthwise_conv,1x960x7x7,0.42589
94,0,imagen.jpeg,142,batchnorm,1x960x7x7,0.046308
94,0,imagen.jpeg,143,activacion,1x960x7x7,0.087773
94,0,imagen.jpeg,144,pointwise_conv,1x960x7x7,8.310986
94,0,imagen.jpeg,145,batchnorm,1x320x7x7,0.017171
94,0,imagen.jpeg,146,pointwise_conv,1x320x7x7,10.59393
94,0,imagen.jpeg,147,batchnorm,1x1280x7x7,0.06205
94,0,imagen.jpeg,148,activacion,1x1280x7x7,0.180671
94,0,imagen.jpeg,149,pooling,1x1280x7x7,0.039106
94,0,imagen.jpeg,150,linear,1x1280,1.367341
95,0,imagen.jpeg,0,conv2d,1x3x224x224,15.716422
95,0,imagen.jpeg,1,batchnorm,1x32x112x112,0.418607
95,0,imagen.jpeg,2,activacion,1x32x112x112,0.642156
95,0,imagen.jpeg,3,depthwise_conv,1x32x112x112,3.963651
95,0,imagen.jpeg,4,batchnorm,1x32x112x112,2.29006
95,0,imagen.jpeg,5,activacion,1x32x112x112,0.714886
95,0,imagen.jpeg,6,pointwise_conv,1x32x112x112,3.574444
95,0,imagen.jpeg,7,batchnorm,1x16x112x112,0.182447
95,0,imagen.jpeg,8,pointwise_conv,1x16x112x112,10.974815
95,0,imagen.jpeg,9,batchnorm,1x96x112x112,2.27544
95,0,imagen.jpeg,10,activacion,1x96x112x112,3.542404
95,0,imagen.jpeg,11,depthwise_conv,1x96x112x112,3.163889
95,0,imagen.jpeg,12,batchnorm,1x96x56x56,0.278559
95,0,imagen.jpeg,13,activacion,1x96x56x56,1.000341
95,0,imagen.jpeg,14,pointwise_conv,1x96x56x56,3.968987
95,0,imagen.jpeg,15,batchnorm,1x24x56x56,0.061973
95,0,imagen.jpeg,16,pointwise_conv,1x24x56x56,6.689039
95,0,imagen.jpeg,17,batchnorm,1x144x56x56,0.907852
95,0,imagen.jpeg,18,activacion,1x144x56x56,1.296585
95,0,imagen.jpeg,19,depthwise_conv,1x144x56x56,4.485348
95,0,imagen.jpeg,20,batchnorm,1x144x56x56,0.87531
95,0,imagen.jpeg,21,activacion,1x144x56x56,1.614893
95,0,imagen.jpeg,22,pointwise_conv,1x144x56x56,5.886805
95,0,imagen.jpeg,23,batchnorm,1x24x56x56,0.066783
95,0,imagen.jpeg,24,layer_add,1x24x56x56,0.052284
95,0,imagen.jpeg,25,pointwise_conv,1x24x56x56,5.795251
95,0,imagen.jpeg,26,batchnorm,1x144x56x56,0.457445
95,0,imagen.jpeg,27,activacion,1x144x56x56,1.499685
95,0,imagen.jpeg,28,depthwise_conv,1x144x56x56,1.137064
95,0,imagen.jpeg,29,batchnorm,1x144x28x28,0.102324
95,0,imagen.jpeg,30,activacion,1x144x28x28,0.34826
95,0,imagen.jpeg,31,pointwise_conv,1x144x28x28,1.968295
95,0,imagen.jpeg,32,batchnorm,1x32x28x28,0.022011
95,0,imagen.jpeg,33,pointwise_conv,1x32x28x28,2.666054
95,0,imagen.jpeg,34,batchnorm,1x192x28x28,0.135456
95,0,imagen.jpeg,35,activacion,1x192x28x28,0.381514
95,0,imagen.jpeg,36,depthwise_conv,1x192x28x28,1.508357
95,0,imagen.jpeg,37,batchnorm,1x192x28x28,0.139198
95,0,imagen.jpeg,38,activacion,1x192x28x28,0.531638
95,0,imagen.jpeg,39,pointwise_conv,1x192x28x28,2.619032
95,0,imagen.jpeg,40,batchnorm,1x32x28x28,0.034345
95,0,imagen.jpeg,41,layer_add,1x32x28x28,0.013904
95,0,imagen.jpeg,42,pointwise_conv,1x32x28x28,2.672191
95,0,imagen.jpeg,43,batchnorm,1x192x28x28,0.130421
95,0,imagen.jpeg,44,activacion,1x192x28x28,0.444193
95,0,imagen.jpeg,45,depthwise_conv,1x192x28x28,1.492613
95,0,imagen.jpeg,46,batchnorm,1x192x28x28,0.142056
95,0,imagen.jpeg,47,activacion,1x192x28x28,0.496662
95,0,imagen.jpeg,48,pointwise_conv,1x192x28x28,2.662361
95,0,imagen.jpeg,49,batchnorm,1x32x28x28,0.021659
95,0,imagen.jpeg,50,layer_add,1x32x28x28,0.012959
95,0,imagen.jpeg,51,pointwise_conv,1x32x28x28,2.665252
95,0,imagen.jpeg,52,batchnorm,1x192x28x28,0.128752
95,0,imagen.jpeg,53,activacion,1x192x28x28,0.502403
95,0,imagen.jpeg,54,depthwise_conv,1x192x28x28,0.380391
95,0,imagen.jpeg,55,batchnorm,1x192x14x14,0.036004
95,0,imagen.jpeg,56,activacion,1x192x14x14,0.096258
95,0,imagen.jpeg,57,pointwise_conv,1x192x14x14,1.348541
95,0,imagen.jpeg,58,batchnorm,1x64x14x14,0.011987
95,0,imagen.jpeg,59,pointwise_conv,1x64x14x14,2.718067
95,0,imagen.jpeg,60,batchnorm,1x384x14x14,0.066505
95,0,imagen.jpeg,61,activacion,1x384x14x14,0.190563
95,0,imagen.jpeg,62,depthwise_conv,1x384x14x14,0.778833
95,0,imagen.jpeg,63,batchnorm,1x384x14x14,0.067193
95,0,imagen.jpeg,64,activacion,1x384x14x14,0.265426
95,0,imagen.jpeg,65,pointwise_conv,1x384x14x14,2.687747
95,0,imagen.jpeg,66,batchnorm,1x64x14x14,0.011268
95,0,imagen.jpeg,67,layer_add,1x64x14x14,0.006194
95,0,imagen.jpeg,68,pointwise_conv,1x64x14x14,2.727453
95,0,imagen.jpeg,69,batchnorm,1x384x14x14,0.065273
95,0,imagen.jpeg,70,activacion,1x384x14x14,0.234879
95,0,imagen.jpeg,71,depthwise_conv,1x384x14x14,0.764758
95,0,imagen.jpeg,72,batchnorm,1x384x14x14,0.094923
95,0,imagen.jpeg,73,activacion,1x384x14x14,0.243914
95,0,imagen.jpeg,74,pointwise_conv,1x384x14x14,3.052584
95,0,imagen.jpeg,75,batchnorm,1x64x14x14,0.011913
95,0,imagen.jpeg,76,layer_add,1x64x14x14,0.007979
95,0,imagen.jpeg,77,pointwise_conv,1x64x14x14,2.738146
95,0,imagen.jpeg,78,batchnorm,1x384x14x14,0.06788
95,0,imagen.jpeg,79,activacion,1x384x14x14,0.28292
95,0,imagen.jpeg,80,depthwise_conv,1x384x14x14,0.746913
95,0,imagen.jpeg,81,batchnorm,1x384x14x14,0.139285
95,0,imagen.jpeg,82,activacion,1x384x14x14,0.222761
95,0,imagen.jpeg,83,pointwise_conv,1x384x14x14,2.704407
95,0,imagen.jpeg,84,batchnorm,1x64x14x14,0.011284
95,0,imagen.jpeg,85,layer_add,1x64x14x14,0.006107
95,0,imagen.jpeg,86,pointwise_conv,1x64x14x14,2.710315
95,0,imagen.jpeg,87,batchnorm,1x384x14x14,0.066136
95,0,imagen.jpeg,88,activacion,1x384x14x14,0.342872
95,0,imagen.jpeg,89,depthwise_conv,1x384x14x14,0.756265
95,0,imagen.jpeg,90,batchnorm,1x384x14x14,0.065862
95,0,imagen.jpeg,91,activacion,1x384x14x14,0.235789
95,0,imagen.jpeg,92,pointwise_conv,1x384x14x14,4.045123
95,0,imagen.jpeg,93,batchnorm,1x96x14x14,0.017479
95,0,imagen.jpeg,94,pointwise_conv,1x96x14x14,6.09467
95,0,imagen.jpeg,95,batchnorm,1x576x14x14,0.100609
95,0,imagen.jpeg,96,activacion,1x576x14x14,0.391534
95,0,imagen.jpeg,97,depthwise_conv,1x576x14x14,1.15932
95,0,imagen.jpeg,98,batchnorm,1x576x14x14,0.173279
95,0,imagen.jpeg,99,activacion,1x576x14x14,0.346245
95,0,imagen.jpeg,100,pointwise_conv,1x576x14x14,5.911043
95,0,imagen.jpeg,101,batchnorm,1x96x14x14,0.04061
95,0,imagen.jpeg,102,layer_add,1x96x14x14,0.025892
95,0,imagen.jpeg,103,pointwise_conv,1x96x14x14,5.778689
95,0,imagen.jpeg,104,batchnorm,1x576x14x14,0.097326
95,0,imagen.jpeg,105,activacion,1x576x14x14,0.344816
95,0,imagen.jpeg,106,depthwise_conv,1x576x14x14,1.109194
95,0,imagen.jpeg,107,batchnorm,1x576x14x14,0.153881
95,0,imagen.jpeg,108,activacion,1x576x14x14,0.312368
95,0,imagen.jpeg,109,pointwise_conv,1x576x14x14,5.829755
95,0,imagen.jpeg,110,batchnorm,1x96x14x14,0.016086
95,0,imagen.jpeg,111,layer_add,1x96x14x14,0.011125
95,0,imagen.jpeg,112,pointwise_conv,1x96x14x14,5.777377
95,0,imagen.jpeg,113,batchnorm,1x576x14x14,0.095801
95,0,imagen.jpeg,114,activacion,1x576x14x14,0.32386
95,0,imagen.jpeg,115,depthwise_conv,1x576x14x14,0.266861
95,0,imagen.jpeg,116,batchnorm,1x576x7x7,0.029779
95,0,imagen.jpeg,117,activacion,1x576x7x7,0.064318
95,0,imagen.jpeg,118,pointwise_conv,1x576x7x7,2.395601
95,0,imagen.jpeg,119,batchnorm,1x160x7x7,0.007346
95,0,imagen.jpeg,120,pointwise_conv,1x160x7x7,4.031366
95,0,imagen.jpeg,121,batchnorm,1x960x7x7,0.044425
95,0,imagen.jpeg,122,activacion,1x960x7x7,0.14853
95,0,imagen.jpeg,123,depthwise_conv,1x960x7x7,0.422491
95,0,imagen.jpeg,124,batchnorm,1x960x7x7,0.042544
95,0,imagen.jpeg,125,activacion,1x960x7x7,0.14057
95,0,imagen.jpeg,126,pointwise_conv,1x960x7x7,3.991132
95,0,imagen.jpeg,127,batchnorm,1x160x7x7,0.007316
95,0,imagen.jpeg,128,layer_add,1x160x7x7,0.003418
95,0,imagen.jpeg,129,pointwise_conv,1x160x7x7,4.068113
95,0,imagen.jpeg,130,batchnorm,1x960x7x7,0.045501
95,0,imagen.jpeg,131,activacion,1x960x7x7,0.146012
95,0,imagen.jpeg,132,depthwise_conv,1x960x7x7,0.4337
95,0,imagen.jpeg,133,batchnorm,1x960x7x7,0.060387
95,0,imagen.jpeg,134,activacion,1x960x7x7,0.127315
95,0,imagen.jpeg,135,pointwise_conv,1x960x7x7,3.997107
95,0,imagen.jpeg,136,batchnorm,1x160x7x7,0.007396
95,0,imagen.jpeg,137,layer_add,1x160x7x7,0.00405
95,0,imagen.jpeg,138,pointwise_conv,1x160x7x7,4.029043
95,0,imagen.jpeg,139,batchnorm,1x960x7x7,0.043484
95,0,imagen.jpeg,140,activacion,1x960x7x7,0.113927
95,0,imagen.jpeg,141,depthwise_conv,1x960x7x7,0.422626
95,0,imagen.jpeg,142,batchnorm,1x960x7x7,0.046363
95,0,imagen.jpeg,143,activacion,1x960x7x7,0.087406
95,0,imagen.jpeg,144,pointwise_conv,1x960x7x7,8.058609
95,0,imagen.jpeg,145,batchnorm,1x320x7x7,0.016372
95,0,imagen.jpeg,146,pointwise_conv,1x320x7x7,10.678202
95,0,imagen.jpeg,147,batchnorm,1x1280x7x7,0.060195
95,0,imagen.jpeg,148,activacion,1x1280x7x7,0.180701
95,0,imagen.jpeg,149,pooling,1x1280x7x7,0.039073
95,0,imagen.jpeg,150,linear,1x1280,1.381159
96,0,imagen.jpeg,0,conv2d,1x3x224x224,14.962194
96,0,imagen.jpeg,1,batchnorm,1x32x112x112,0.407683
96,0,imagen.jpeg,2,activacion,1x32x112x112,0.657024
96,0,imagen.jpeg,3,depthwise_conv,1x32x112x112,3.894427
96,0,imagen.jpeg,4,batchnorm,1x32x112x112,2.430401
96,0,imagen.jpeg,5,activacion,1x32x112x112,0.738138
96,0,imagen.jpeg,6,pointwise_conv,1x32x112x112,3.599532
96,0,imagen.jpeg,7,batchnorm,1x16x112x112,0.213429
96,0,imagen.jpeg,8,pointwise_conv,1x16x112x112,11.167951
96,0,imagen.jpeg,9,batchnorm,1x96x112x112,2.093551
96,0,imagen.jpeg,10,activacion,1x96x112x112,3.350352
96,0,imagen.jpeg,11,depthwise_conv,1x96x112x112,3.06559
96,0,imagen.jpeg,12,batchnorm,1x96x56x56,0.306888
96,0,imagen.jpeg,13,activacion,1x96x56x56,0.992872
96,0,imagen.jpeg,14,pointwise_conv,1x96x56x56,3.865626
96,0,imagen.jpeg,15,batchnorm,1x24x56x56,0.061518
96,0,imagen.jpeg,16,pointwise_conv,1x24x56x56,6.516435
96,0,imagen.jpeg,17,batchnorm,1x144x56x56,0.890994
96,0,imagen.jpeg,18,activacion,1x144x56x56,1.269945
96,0,imagen.jpeg,19,depthwise_conv,1x144x56x56,4.493589
96,0,imagen.jpeg,20,batchnorm,1x144x56x56,0.875475
96,0,imagen.jpeg,21,activacion,1x144x56x56,1.548159
96,0,imagen.jpeg,22,pointwise_conv,1x144x56x56,5.761883
96,0,imagen.jpeg,23,batchnorm,1x24x56x56,0.06135
96,0,imagen.jpeg,24,layer_add,1x24x56x56,0.044652
96,0,imagen.jpeg,25,pointwise_conv,1x24x56x56,5.922084
96,0,imagen.jpeg,26,batchnorm,1x144x56x56,0.405188
96,0,imagen.jpeg,27,activacion,1x144x56x56,1.509048
96,0,imagen.jpeg,28,depthwise_conv,1x144x56x56,1.141116
96,0,imagen.jpeg,29,batchnorm,1x144x28x28,0.099269
96,0,imagen.jpeg,30,activacion,1x144x28x28,0.346978
96,0,imagen.jpeg,31,pointwise_conv,1x144x28x28,1.975104
96,0,imagen.jpeg,32,batchnorm,1x32x28x28,0.02143
96,0,imagen.jpeg,33,pointwise_conv,1x32x28x28,2.58888
96,0,imagen.jpeg,34,batchnorm,1x192x28x28,0.130748
96,0,imagen.jpeg,35,activacion,1x192x28x28,0.3808
96,0,imagen.jpeg,36,depthwise_conv,1x192x28x28,1.459686
96,0,imagen.jpeg,37,batchnorm,1x192x28x28,0.140192
96,0,imagen.jpeg,38,activacion,1x192x28x28,0.533588
96,0,imagen.jpeg,39,pointwise_conv,1x192x28x28,2.564596
96,0,imagen.jpeg,40,batchnorm,1x32x28x28,0.047394
96,0,imagen.jpeg,41,layer_add,1x32x28x28,0.012927
96,0,imagen.jpeg,42,pointwise_conv,1x32x28x28,2.652178
96,0,imagen.jpeg,43,batchnorm,1x192x28x28,0.120963
96,0,imagen.jpeg,44,activacion,1x192x28x28,0.405798
96,0,imagen.jpeg,45,depthwise_conv,1x192x28x28,1.432227
96,0,imagen.jpeg,46,batchnorm,1x192x28x28,0.126927
96,0,imagen.jpeg,47,activacion,1x192x28x28,0.494487
96,0,imagen.jpeg,48,pointwise_conv,1x192x28x28,2.607897
96,0,imagen.jpeg,49,batchnorm,1x32x28x28,0.020572
96,0,imagen.jpeg,50,layer_add,1x32x28x28,0.011387
96,0,imagen.jpeg,51,pointwise_conv,1x32x28x28,2.640728
96,0,imagen.jpeg,52,batchnorm,1x192x28x28,0.120364
96,0,imagen.jpeg,53,activacion,1x192x28x28,0.531857
96,0,imagen.jpeg,54,depthwise_conv,1x192x28x28,0.372208
96,0,imagen.jpeg,55,batchnorm,1x192x14x14,0.032815
96,0,imagen.jpeg,56,activacion,1x192x14x14,0.129916
96,0,imagen.jpeg,57,pointwise_conv,1x192x14x14,1.311048
96,0,imagen.jpeg,58,batchnorm,1x64x14x14,0.011626
96,0,imagen.jpeg,59,pointwise_conv,1x64x14x14,2.697648
96,0,imagen.jpeg,60,batchnorm,1x384x14x14,0.065588
96,0,imagen.jpeg,61,activacion,1x384x14x14,0.186147
96,0,imagen.jpeg,62,depthwise_conv,1x384x14x14,0.774326
96,0,imagen.jpeg,63,batchnorm,1x384x14x14,0.065328
96,0,imagen.jpeg,64,activacion,1x384x14x14,0.259935
96,0,imagen.jpeg,65,pointwise_conv,1x384x14x14,2.657982
96,0,imagen.jpeg,66,batchnorm,1x64x14x14,0.011121
96,0,imagen.jpeg,67,layer_add,1x64x14x14,0.005771
96,0,imagen.jpeg,68,pointwise_conv,1x64x14x14,2.703947
96,0,imagen.jpeg,69,batchnorm,1x384x14x14,0.064408
96,0,imagen.jpeg,70,activacion,1x384x14x14,0.227521
96,0,imagen.jpeg,71,depthwise_conv,1x384x14x14,0.767492
96,0,imagen.jpeg,72,batchnorm,1x384x14x14,0.095167
96,0,imagen.jpeg,73,activacion,1x384x14x14,0.24167
96,0,imagen.jpeg,74,pointwise_conv,1x384x14x14,2.707249
96,0,imagen.jpeg,75,batchnorm,1x64x14x14,0.019673
96,0,imagen.jpeg,76,layer_add,1x64x14x14,0.010412
96,0,imagen.jpeg,77,pointwise_conv,1x64x14x14,2.772141
96,0,imagen.jpeg,78,batchnorm,1x384x14x14,0.066339
96,0,imagen.jpeg,79,activacion,1x384x14x14,0.25326
96,0,imagen.jpeg,80,depthwise_conv,1x384x14x14,0.773023
96,0,imagen.jpeg,81,batchnorm,1x384x14x14,0.135432
96,0,imagen.jpeg,82,activacion,1x384x14x14,0.237523
96,0,imagen.jpeg,83,pointwise_conv,1x384x14x14,2.675472
96,0,imagen.jpeg,84,batchnorm,1x64x14x14,0.011146
96,0,imagen.jpeg,85,layer_add,1x64x14x14,0.018919
96,0,imagen.jpeg,86,pointwise_conv,1x64x14x14,2.702769
96,0,imagen.jpeg,87,batchnorm,1x384x14x14,0.063931
96,0,imagen.jpeg,88,activacion,1x384x14x14,0.260883
96,0,imagen.jpeg,89,depthwise_conv,1x384x14x14,0.751784
96,0,imagen.jpeg,90,batchnorm,1x384x14x14,0.096094
96,0,imagen.jpeg,91,activacion,1x384x14x14,0.272055
96,0,imagen.jpeg,92,pointwise_conv,1x384x14x14,4.028337
96,0,imagen.jpeg,93,batchnorm,1x96x14x14,0.016977
96,0,imagen.jpeg,94,pointwise_conv,1x96x14x14,5.772352
96,0,imagen.jpeg,95,batchnorm,1x576x14x14,0.094619
96,0,imagen.jpeg,96,activacion,1x576x14x14,0.369722
96,0,imagen.jpeg,97,depthwise_conv,1x576x14x14,1.096957
96,0,imagen.jpeg,98,batchnorm,1x576x14x14,0.169188
96,0,imagen.jpeg,99,activacion,1x576x14x14,0.337562
96,0,imagen.jpeg,100,pointwise_conv,1x576x14x14,5.824084
96,0,imagen.jpeg,101,batchnorm,1x96x14x14,0.016222
96,0,imagen.jpeg,102,layer_add,1x96x14x14,0.009183
96,0,imagen.jpeg,103,pointwise_conv,1x96x14x14,5.965251
96,0,imagen.jpeg,104,batchnorm,1x576x14x14,0.099805
96,0,imagen.jpeg,105,activacion,1x576x14x14,0.361073
96,0,imagen.jpeg,106,depthwise_conv,1x576x14x14,1.187836
96,0,imagen.jpeg,107,batchnorm,1x576x14x14,0.154861
96,0,imagen.jpeg,108,activacion,1x576x14x14,0.294923
96,0,imagen.jpeg,109,pointwise_conv,1x576x14x14,5.937171
96,0,imagen.jpeg,110,batchnorm,1x96x14x14,0.016494
96,0,imagen.jpeg,111,layer_add,1x96x14x14,0.011885
96,0,imagen.jpeg,112,pointwise_conv,1x96x14x14,5.999392
96,0,imagen.jpeg,113,batchnorm,1x576x14x14,0.098844
96,0,imagen.jpeg,114,activacion,1x576x14x14,0.312276
96,0,imagen.jpeg,115,depthwise_conv,1x576x14x14,0.269578
96,0,imagen.jpeg,116,batchnorm,1x576x7x7,0.03047
96,0,imagen.jpeg,117,activacion,1x576x7x7,0.064693
96,0,imagen.jpeg,118,pointwise_conv,1x576x7x7,2.392731
96,0,imagen.jpeg,119,batchnorm,1x160x7x7,0.007748
96,0,imagen.jpeg,120,pointwise_conv,1x160x7x7,4.053551
96,0,imagen.jpeg,121,batchnorm,1x960x7x7,0.043512
96,0,imagen.jpeg,122,activacion,1x960x7x7,0.149705
96,0,imagen.jpeg,123,depthwise_conv,1x960x7x7,0.427653
96,0,imagen.jpeg,124,batchnorm,1x960x7x7,0.042733
96,0,imagen.jpeg,125,activacion,1x960x7x7,0.138551
96,0,imagen.jpeg,126,pointwise_conv,1x960x7x7,4.080799
96,0,imagen.jpeg,127,batchnorm,1x160x7x7,0.007683
96,0,imagen.jpeg,128,layer_add,1x160x7x7,0.004346
96,0,imagen.jpeg,129,pointwise_conv,1x160x7x7,4.001147
96,0,imagen.jpeg,130,batchnorm,1x960x7x7,0.044602
96,0,imagen.jpeg,131,activacion,1x960x7x7,0.145121
96,0,imagen.jpeg,132,depthwise_conv,1x960x7x7,0.423388
96,0,imagen.jpeg,133,batchnorm,1x960x7x7,0.053733
96,0,imagen.jpeg,134,activacion,1x960x7x7,0.123573
96,0,imagen.jpeg,135,pointwise_conv,1x960x7x7,3.983472
96,0,imagen.jpeg,136,batchnorm,1x160x7x7,0.007415
96,0,imagen.jpeg,137,layer_add,1x160x7x7,0.004185
96,0,imagen.jpeg,138,pointwise_conv,1x160x7x7,4.02785
96,0,imagen.jpeg,139,batchnorm,1x960x7x7,0.04383
96,0,imagen.jpeg,140,activacion,1x960x7x7,0.116646
96,0,imagen.jpeg,141,depthwise_conv,1x960x7x7,0.440033
96,0,imagen.jpeg,142,batchnorm,1x960x7x7,0.04631
96,0,imagen.jpeg,143,activacion,1x960x7x7,0.087734
96,0,imagen.jpeg,144,pointwise_conv,1x960x7x7,7.975805
96,0,imagen.jpeg,145,batchnorm,1x320x7x7,0.015526
96,0,imagen.jpeg,146,pointwise_conv,1x320x7x7,10.640237
96,0,imagen.jpeg,147,batchnorm,1x1280x7x7,0.057989
96,0,imagen.jpeg,148,activacion,1x1280x7x7,0.180505
96,0,imagen.jpeg,149,pooling,1x1280x7x7,0.038805
96,0,imagen.jpeg,150,linear,1x1280,1.374146
97,0,imagen.jpeg,0,conv2d,1x3x224x224,14.792541
97,0,imagen.jpeg,1,batchnorm,1x32x112x112,0.395091
97,0,imagen.jpeg,2,activacion,1x32x112x112,0.601269
97,0,imagen.jpeg,3,depthwise_conv,1x32x112x112,3.704425
97,0,imagen.jpeg,4,batchnorm,1x32x112x112,2.198163
97,0,imagen.jpeg,5,activacion,1x32x112x112,0.757193
97,0,imagen.jpeg,6,pointwise_conv,1x32x112x112,3.478241
97,0,imagen.jpeg,7,batchnorm,1x16x112x112,0.345577
97,0,imagen.jpeg,8,pointwise_conv,1x16x112x112,11.438785
97,0,imagen.jpeg,9,batchnorm,1x96x112x112,2.318382
97,0,imagen.jpeg,10,activacion,1x96x112x112,3.507011
97,0,imagen.jpeg,11,depthwise_conv,1x96x112x112,3.086745
97,0,imagen.jpeg,12,batchnorm,1x96x56x56,0.283089
97,0,imagen.jpeg,13,activacion,1x96x56x56,1.021663
97,0,imagen.jpeg,14,pointwise_conv,1x96x56x56,4.327153
97,0,imagen.jpeg,15,batchnorm,1x24x56x56,0.082147
97,0,imagen.jpeg,16,pointwise_conv,1x24x56x56,6.758596
97,0,imagen.jpeg,17,batchnorm,1x144x56x56,0.893639
97,0,imagen.jpeg,18,activacion,1x144x56x56,1.332364
97,0,imagen.jpeg,19,depthwise_conv,1x144x56x56,4.60467
97,0,imagen.jpeg,20,batchnorm,1x144x56x56,0.884358
97,0,imagen.jpeg,21,activacion,1x144x56x56,1.672543
97,0,imagen.jpeg,22,pointwise_conv,1x144x56x56,6.156998
97,0,imagen.jpeg,23,batchnorm,1x24x56x56,0.069994
97,0,imagen.jpeg,24,layer_add,1x24x56x56,0.050843
97,0,imagen.jpeg,25,pointwise_conv,1x24x56x56,6.004532
97,0,imagen.jpeg,26,batchnorm,1x144x56x56,0.440251
97,0,imagen.jpeg,27,activacion,1x144x56x56,1.47136
97,0,imagen.jpeg,28,depthwise_conv,1x144x56x56,1.144874
97,0,imagen.jpeg,29,batchnorm,1x144x28x28,0.101521
97,0,imagen.jpeg,30,activacion,1x144x28x28,0.352914
97,0,imagen.jpeg,31,pointwise_conv,1x144x28x28,1.968398
97,0,imagen.jpeg,32,batchnorm,1x32x28x28,0.021533
97,0,imagen.jpeg,33,pointwise_conv,1x32x28x28,2.83215
97,0,imagen.jpeg,34,batchnorm,1x192x28x28,0.139022
97,0,imagen.jpeg,35,activacion,1x192x28x28,0.365016
97,0,imagen.jpeg,36,depthwise_conv,1x192x28x28,1.502732
97,0,imagen.jpeg,37,batchnorm,1x192x28x28,0.138684
97,0,imagen.jpeg,38,activacion,1x192x28x28,0.525064
97,0,imagen.jpeg,39,pointwise_conv,1x192x28x28,2.611085
97,0,imagen.jpeg,40,batchnorm,1x32x28x28,0.021868
97,0,imagen.jpeg,41,layer_add,1x32x28x28,0.013602
97,0,imagen.jpeg,42,pointwise_conv,1x32x28x28,2.673248
97,0,imagen.jpeg,43,batchnorm,1x192x28x28,0.132846
97,0,imagen.jpeg,44,activacion,1x192x28x28,0.446875
97,0,imagen.jpeg,45,depthwise_conv,1x192x28x28,1.480978
97,0,imagen.jpeg,46,batchnorm,1x192x28x28,0.126973
97,0,imagen.jpeg,47,activacion,1x192x28x28,0.49323
97,0,imagen.jpeg,48,pointwise_conv,1x192x28x28,2.576831
97,0,imagen.jpeg,49,batchnorm,1x32x28x28,0.020668
97,0,imagen.jpeg,50,layer_add,1x32x28x28,0.01227
97,0,imagen.jpeg,51,pointwise_conv,1x32x28x28,2.838649
97,0,imagen.jpeg,52,batchnorm,1x192x28x28,0.133906
97,0,imagen.jpeg,53,activacion,1x192x28x28,0.479806
97,0,imagen.jpeg,54,depthwise_conv,1x192x28x28,0.371867
97,0,imagen.jpeg,55,batchnorm,1x192x14x14,0.033677
97,0,imagen.jpeg,56,activacion,1x192x14x14,0.099168
97,0,imagen.jpeg,57,pointwise_conv,1x192x14x14,1.530607
97,0,imagen.jpeg,58,batchnorm,1x64x14x14,0.013069
97,0,imagen.jpeg,59,pointwise_conv,1x64x14x14,3.298385
97,0,imagen.jpeg,60,batchnorm,1x384x14x14,0.070135
97,0,imagen.jpeg,61,activacion,1x384x14x14,0.192113
97,0,imagen.jpeg,62,depthwise_conv,1x384x14x14,0.77455
97,0,imagen.jpeg,63,batchnorm,1x384x14x14,0.067105
97,0,imagen.jpeg,64,activacion,1x384x14x14,0.266795
97,0,imagen.jpeg,65,pointwise_conv,1x384x14x14,2.690176
97,0,imagen.jpeg,66,batchnorm,1x64x14x14,0.011229
97,0,imagen.jpeg,67,layer_add,1x64x14x14,0.006103
97,0,imagen.jpeg,68,pointwise_conv,1x64x14x14,2.719335
97,0,imagen.jpeg,69,batchnorm,1x384x14x14,0.067832
97,0,imagen.jpeg,70,activacion,1x384x14x14,0.248931
97,0,imagen.jpeg,71,depthwise_conv,1x384x14x14,0.808574
97,0,imagen.jpeg,72,batchnorm,1x384x14x14,0.100378
97,0,imagen.jpeg,73,activacion,1x384x14x14,0.25918
97,0,imagen.jpeg,74,pointwise_conv,1x384x14x14,2.874006
97,0,imagen.jpeg,75,batchnorm,1x64x14x14,0.014881
97,0,imagen.jpeg,76,layer_add,1x64x14x14,0.007506
97,0,imagen.jpeg,77,pointwise_conv,1x64x14x14,2.788487
97,0,imagen.jpeg,78,batchnorm,1x384x14x14,0.072658
97,0,imagen.jpeg,79,activacion,1x384x14x14,0.274257
97,0,imagen.jpeg,80,depthwise_conv,1x384x14x14,0.79822
97,0,imagen.jpeg,81,batchnorm,1x384x14x14,0.143663
97,0,imagen.jpeg,82,activacion,1x384x14x14,0.232689
97,0,imagen.jpeg,83,pointwise_conv,1x384x14x14,2.689588
97,0,imagen.jpeg,84,batchnorm,1x64x14x14,0.010945
97,0,imagen.jpeg,85,layer_add,1x64x14x14,0.006704
97,0,imagen.jpeg,86,pointwise_conv,1x64x14x14,2.71735
97,0,imagen.jpeg,87,batchnorm,1x384x14x14,0.062104
97,0,imagen.jpeg,88,activacion,1x384x14x14,0.284583
97,0,imagen.jpeg,89,depthwise_conv,1x384x14x14,0.727829
97,0,imagen.jpeg,90,batchnorm,1x384x14x14,0.091048
97,0,imagen.jpeg,91,activacion,1x384x14x14,0.242723
97,0,imagen.jpeg,92,pointwise_conv,1x384x14x14,4.888321
97,0,imagen.jpeg,93,batchnorm,1x96x14x14,0.03295
97,0,imagen.jpeg,94,pointwise_conv,1x96x14x14,6.370852
97,0,imagen.jpeg,95,batchnorm,1x576x14x14,0.114409
97,0,imagen.jpeg,96,activacion,1x576x14x14,0.368221
97,0,imagen.jpeg,97,depthwise_conv,1x576x14x14,1.163787
97,0,imagen.jpeg,98,batchnorm,1x576x14x14,0.183266
97,0,imagen.jpeg,99,activacion,1x576x14x14,0.347705
97,0,imagen.jpeg,100,pointwise_conv,1x576x14x14,6.368098
97,0,imagen.jpeg,101,batchnorm,1x96x14x14,0.018394
97,0,imagen.jpeg,102,layer_add,1x96x14x14,0.010525
97,0,imagen.jpeg,103,pointwise_conv,1x96x14x14,6.433952
97,0,imagen.jpeg,104,batchnorm,1x576x14x14,0.120911
97,0,imagen.jpeg,105,activacion,1x576x14x14,0.397529
97,0,imagen.jpeg,106,depthwise_conv,1x576x14x14,1.220214
97,0,imagen.jpeg,107,batchnorm,1x576x14x14,0.173902
97,0,imagen.jpeg,108,activacion,1x576x14x14,0.327038
97,0,imagen.jpeg,109,pointwise_conv,1x576x14x14,6.413986
97,0,imagen.jpeg,110,batchnorm,1x96x14x14,0.018609
97,0,imagen.jpeg,111,layer_add,1x96x14x14,0.014281
97,0,imagen.jpeg,112,pointwise_conv,1x96x14x14,6.628148
97,0,imagen.jpeg,113,batchnorm,1x576x14x14,0.122728
97,0,imagen.jpeg,114,activacion,1x576x14x14,0.329457
97,0,imagen.jpeg,115,depthwise_conv,1x576x14x14,0.281514
97,0,imagen.jpeg,116,batchnorm,1x576x7x7,0.046161
97,0,imagen.jpeg,117,activacion,1x576x7x7,0.070615
97,0,imagen.jpeg,118,pointwise_conv,1x576x7x7,2.560031
97,0,imagen.jpeg,119,batchnorm,1x160x7x7,0.007708
97,0,imagen.jpeg,120,pointwise_conv,1x160x7x7,4.302857
97,0,imagen.jpeg,121,batchnorm,1x960x7x7,0.044823
97,0,imagen.jpeg,122,activacion,1x960x7x7,0.15139
97,0,imagen.jpeg,123,depthwise_conv,1x960x7x7,0.42521
97,0,imagen.jpeg,124,batchnorm,1x960x7x7,0.042769
97,0,imagen.jpeg,125,activacion,1x960x7x7,0.137582
97,0,imagen.jpeg,126,pointwise_conv,1x960x7x7,4.286276
97,0,imagen.jpeg,127,batchnorm,1x160x7x7,0.007451
97,0,imagen.jpeg,128,layer_add,1x160x7x7,0.00405
97,0,imagen.jpeg,129,pointwise_conv,1x160x7x7,4.06898
97,0,imagen.jpeg,130,batchnorm,1x960x7x7,0.042838
97,0,imagen.jpeg,131,activacion,1x960x7x7,0.137859
97,0,imagen.jpeg,132,depthwise_conv,1x960x7x7,0.430671
97,0,imagen.jpeg,133,batchnorm,1x960x7x7,0.056221
97,0,imagen.jpeg,134,activacion,1x960x7x7,0.124372
97,0,imagen.jpeg,135,pointwise_conv,1x960x7x7,4.262077
97,0,imagen.jpeg,136,batchnorm,1x160x7x7,0.007777
97,0,imagen.jpeg,137,layer_add,1x160x7x7,0.00465
97,0,imagen.jpeg,138,pointwise_conv,1x160x7x7,4.284757
97,0,imagen.jpeg,139,batchnorm,1x960x7x7,0.051081
97,0,imagen.jpeg,140,activacion,1x960x7x7,0.117318
97,0,imagen.jpeg,141,depthwise_conv,1x960x7x7,0.669087
97,0,imagen.jpeg,142,batchnorm,1x960x7x7,0.080086
97,0,imagen.jpeg,143,activacion,1x960x7x7,0.120316
97,0,imagen.jpeg,144,pointwise_conv,1x960x7x7,8.707092
97,0,imagen.jpeg,145,batchnorm,1x320x7x7,0.016264
97,0,imagen.jpeg,146,pointwise_conv,1x320x7x7,10.724131
97,0,imagen.jpeg,147,batchnorm,1x1280x7x7,0.064066
97,0,imagen.jpeg,148,activacion,1x1280x7x7,0.180274
97,0,imagen.jpeg,149,pooling,1x1280x7x7,0.039351
97,0,imagen.jpeg,150,linear,1x1280,1.440012
98,0,imagen.jpeg,0,conv2d,1x3x224x224,15.391222
98,0,imagen.jpeg,1,batchnorm,1x32x112x112,0.440484
98,0,imagen.jpeg,2,activacion,1x32x112x112,0.637577
98,0,imagen.jpeg,3,depthwise_conv,1x32x112x112,3.994429
98,0,imagen.jpeg,4,batchnorm,1x32x112x112,2.302699
98,0,imagen.jpeg,5,activacion,1x32x112x112,0.741874
98,0,imagen.jpeg,6,pointwise_conv,1x32x112x112,3.55854
98,0,imagen.jpeg,7,batchnorm,1x16x112x112,0.174294
98,0,imagen.jpeg,8,pointwise_conv,1x16x112x112,12.094456
98,0,imagen.jpeg,9,batchnorm,1x96x112x112,2.171745
98,0,imagen.jpeg,10,activacion,1x96x112x112,3.477341
98,0,imagen.jpeg,11,depthwise_conv,1x96x112x112,3.057404
98,0,imagen.jpeg,12,batchnorm,1x96x56x56,0.276372
98,0,imagen.jpeg,13,activacion,1x96x56x56,1.008407
98,0,imagen.jpeg,14,pointwise_conv,1x96x56x56,3.9822
98,0,imagen.jpeg,15,batchnorm,1x24x56x56,0.062904
98,0,imagen.jpeg,16,pointwise_conv,1x24x56x56,6.775319
98,0,imagen.jpeg,17,batchnorm,1x144x56x56,0.892709
98,0,imagen.jpeg,18,activacion,1x144x56x56,1.306998
98,0,imagen.jpeg,19,depthwise_conv,1x144x56x56,4.427339
98,0,imagen.jpeg,20,batchnorm,1x144x56x56,0.90968
98,0,imagen.jpeg,21,activacion,1x144x56x56,1.613229
98,0,imagen.jpeg,22,pointwise_conv,1x144x56x56,5.997842
98,0,imagen.jpeg,23,batchnorm,1x24x56x56,0.065113
98,0,imagen.jpeg,24,layer_add,1x24x56x56,0.047716
98,0,imagen.jpeg,25,pointwise_conv,1x24x56x56,6.011251
98,0,imagen.jpeg,26,batchnorm,1x144x56x56,0.435537
98,0,imagen.jpeg,27,activacion,1x144x56x56,1.506076
98,0,imagen.jpeg,28,depthwise_conv,1x144x56x56,1.134841
98,0,imagen.jpeg,29,batchnorm,1x144x28x28,0.102078
98,0,imagen.jpeg,30,activacion,1x144x28x28,0.350302
98,0,imagen.jpeg,31,pointwise_conv,1x144x28x28,1.997813
98,0,imagen.jpeg,32,batchnorm,1x32x28x28,0.021811
98,0,imagen.jpeg,33,pointwise_conv,1x32x28x28,2.656605
98,0,imagen.jpeg,34,batchnorm,1x192x28x28,0.130561
98,0,imagen.jpeg,35,activacion,1x192x28x28,0.355831
98,0,imagen.jpeg,36,depthwise_conv,1x192x28x28,1.478822
98,0,imagen.jpeg,37,batchnorm,1x192x28x28,0.129513
98,0,imagen.jpeg,38,activacion,1x192x28x28,0.520924
98,0,imagen.jpeg,39,pointwise_conv,1x192x28x28,2.623565
98,0,imagen.jpeg,40,batchnorm,1x32x28x28,0.021251
98,0,imagen.jpeg,41,layer_add,1x32x28x28,0.012844
98,0,imagen.jpeg,42,pointwise_conv,1x32x28x28,2.592273
98,0,imagen.jpeg,43,batchnorm,1x192x28x28,0.123035
98,0,imagen.jpeg,44,activacion,1x192x28x28,0.404036
98,0,imagen.jpeg,45,depthwise_conv,1x192x28x28,1.492937
98,0,imagen.jpeg,46,batchnorm,1x192x28x28,0.127247
98,0,imagen.jpeg,47,activacion,1x192x28x28,0.49104
98,0,imagen.jpeg,48,pointwise_conv,1x192x28x28,2.584156
98,0,imagen.jpeg,49,batchnorm,1x32x28x28,0.027154
98,0,imagen.jpeg,50,layer_add,1x32x28x28,0.012656
98,0,imagen.jpeg,51,pointwise_conv,1x32x28x28,2.525403
98,0,imagen.jpeg,52,batchnorm,1x192x28x28,0.125859
98,0,imagen.jpeg,53,activacion,1x192x28x28,0.455024
98,0,imagen.jpeg,54,depthwise_conv,1x192x28x28,0.356583
98,0,imagen.jpeg,55,batchnorm,1x192x14x14,0.031745
98,0,imagen.jpeg,56,activacion,1x192x14x14,0.092463
98,0,imagen.jpeg,57,pointwise_conv,1x192x14x14,1.300794
98,0,imagen.jpeg,58,batchnorm,1x64x14x14,0.011477
98,0,imagen.jpeg,59,pointwise_conv,1x64x14x14,2.690697
98,0,imagen.jpeg,60,batchnorm,1x384x14x14,0.064606
98,0,imagen.jpeg,61,activacion,1x384x14x14,0.186336
98,0,imagen.jpeg,62,depthwise_conv,1x384x14x14,0.764535
98,0,imagen.jpeg,63,batchnorm,1x384x14x14,0.063743
98,0,imagen.jpeg,64,activacion,1x384x14x14,0.252759
98,0,imagen.jpeg,65,pointwise_conv,1x384x14x14,2.655937
98,0,imagen.jpeg,66,batchnorm,1x64x14x14,0.010828
98,0,imagen.jpeg,67,layer_add,1x64x14x14,0.005401
98,0,imagen.jpeg,68,pointwise_conv,1x64x14x14,2.706652
98,0,imagen.jpeg,69,batchnorm,1x384x14x14,0.063709
98,0,imagen.jpeg,70,activacion,1x384x14x14,0.227053
98,0,imagen.jpeg,71,depthwise_conv,1x384x14x14,0.767089
98,0,imagen.jpeg,72,batchnorm,1x384x14x14,0.125751
98,0,imagen.jpeg,73,activacion,1x384x14x14,0.317768
98,0,imagen.jpeg,74,pointwise_conv,1x384x14x14,2.718096
98,0,imagen.jpeg,75,batchnorm,1x64x14x14,0.012443
98,0,imagen.jpeg,76,layer_add,1x64x14x14,0.007587
98,0,imagen.jpeg,77,pointwise_conv,1x64x14x14,2.710272
98,0,imagen.jpeg,78,batchnorm,1x384x14x14,0.084973
98,0,imagen.jpeg,79,activacion,1x384x14x14,0.252508
98,0,imagen.jpeg,80,depthwise_conv,1x384x14x14,0.787264
98,0,imagen.jpeg,81,batchnorm,1x384x14x14,0.15165
98,0,imagen.jpeg,82,activacion,1x384x14x14,0.244009
98,0,imagen.jpeg,83,pointwise_conv,1x384x14x14,2.691534
98,0,imagen.jpeg,84,batchnorm,1x64x14x14,0.010844
98,0,imagen.jpeg,85,layer_add,1x64x14x14,0.006518
98,0,imagen.jpeg,86,pointwise_conv,1x64x14x14,2.636408
98,0,imagen.jpeg,87,batchnorm,1x384x14x14,0.064604
98,0,imagen.jpeg,88,activacion,1x384x14x14,0.263954
98,0,imagen.jpeg,89,depthwise_conv,1x384x14x14,0.748499
98,0,imagen.jpeg,90,batchnorm,1x384x14x14,0.065891
98,0,imagen.jpeg,91,activacion,1x384x14x14,0.246054
98,0,imagen.jpeg,92,pointwise_conv,1x384x14x14,4.122971
98,0,imagen.jpeg,93,batchnorm,1x96x14x14,0.017444
98,0,imagen.jpeg,94,pointwise_conv,1x96x14x14,5.979128
98,0,imagen.jpeg,95,batchnorm,1x576x14x14,0.098711
98,0,imagen.jpeg,96,activacion,1x576x14x14,0.355654
98,0,imagen.jpeg,97,depthwise_conv,1x576x14x14,1.097896
98,0,imagen.jpeg,98,batchnorm,1x576x14x14,0.170924
98,0,imagen.jpeg,99,activacion,1x576x14x14,0.31447
98,0,imagen.jpeg,100,pointwise_conv,1x576x14x14,6.166477
98,0,imagen.jpeg,101,batchnorm,1x96x14x14,0.017231
98,0,imagen.jpeg,102,layer_add,1x96x14x14,0.010366
98,0,imagen.jpeg,103,pointwise_conv,1x96x14x14,6.071151
98,0,imagen.jpeg,104,batchnorm,1x576x14x14,0.171174
98,0,imagen.jpeg,105,activacion,1x576x14x14,0.416045
98,0,imagen.jpeg,106,depthwise_conv,1x576x14x14,1.220945
98,0,imagen.jpeg,107,batchnorm,1x576x14x14,0.190155
98,0,imagen.jpeg,108,activacion,1x576x14x14,0.314897
98,0,imagen.jpeg,109,pointwise_conv,1x576x14x14,6.504855
98,0,imagen.jpeg,110,batchnorm,1x96x14x14,0.018164
98,0,imagen.jpeg,111,layer_add,1x96x14x14,0.012922
98,0,imagen.jpeg,112,pointwise_conv,1x96x14x14,6.309536
98,0,imagen.jpeg,113,batchnorm,1x576x14x14,0.11899
98,0,imagen.jpeg,114,activacion,1x576x14x14,0.344683
98,0,imagen.jpeg,115,depthwise_conv,1x576x14x14,0.285864
98,0,imagen.jpeg,116,batchnorm,1x576x7x7,0.03306
98,0,imagen.jpeg,117,activacion,1x576x7x7,0.070786
98,0,imagen.jpeg,118,pointwise_conv,1x576x7x7,2.556832
98,0,imagen.jpeg,119,batchnorm,1x160x7x7,0.007991
98,0,imagen.jpeg,120,pointwise_conv,1x160x7x7,4.13093
98,0,imagen.jpeg,121,batchnorm,1x960x7x7,0.043671
98,0,imagen.jpeg,122,activacion,1x960x7x7,0.147944
98,0,imagen.jpeg,123,depthwise_conv,1x960x7x7,0.440565
98,0,imagen.jpeg,124,batchnorm,1x960x7x7,0.04431
98,0,imagen.jpeg,125,activacion,1x960x7x7,0.142431
98,0,imagen.jpeg,126,pointwise_conv,1x960x7x7,4.132257
98,0,imagen.jpeg,127,batchnorm,1x160x7x7,0.007988
98,0,imagen.jpeg,128,layer_add,1x160x7x7,0.004884
98,0,imagen.jpeg,129,pointwise_conv,1x160x7x7,4.19552
98,0,imagen.jpeg,130,batchnorm,1x960x7x7,0.043547
98,0,imagen.jpeg,131,activacion,1x960x7x7,0.166244
98,0,imagen.jpeg,132,depthwise_conv,1x960x7x7,0.463613
98,0,imagen.jpeg,133,batchnorm,1x960x7x7,0.052921
98,0,imagen.jpeg,134,activacion,1x960x7x7,0.120914
98,0,imagen.jpeg,135,pointwise_conv,1x960x7x7,4.08206
98,0,imagen.jpeg,136,batchnorm,1x160x7x7,0.007126
98,0,imagen.jpeg,137,layer_add,1x160x7x7,0.004502
98,0,imagen.jpeg,138,pointwise_conv,1x160x7x7,4.085433
98,0,imagen.jpeg,139,batchnorm,1x960x7x7,0.042456
98,0,imagen.jpeg,140,activacion,1x960x7x7,0.11176
98,0,imagen.jpeg,141,depthwise_conv,1x960x7x7,0.41419
98,0,imagen.jpeg,142,batchnorm,1x960x7x7,0.045186
98,0,imagen.jpeg,143,activacion,1x960x7x7,0.100074
98,0,imagen.jpeg,144,pointwise_conv,1x960x7x7,8.230404
98,0,imagen.jpeg,145,batchnorm,1x320x7x7,0.015404
98,0,imagen.jpeg,146,pointwise_conv,1x320x7x7,10.759546
98,0,imagen.jpeg,147,batchnorm,1x1280x7x7,0.059416
98,0,imagen.jpeg,148,activacion,1x1280x7x7,0.181273
98,0,imagen.jpeg,149,pooling,1x1280x7x7,0.039005
98,0,imagen.jpeg,150,linear,1x1280,1.383739
99,0,imagen.jpeg,0,conv2d,1x3x224x224,15.705652
99,0,imagen.jpeg,1,batchnorm,1x32x112x112,0.434258
99,0,imagen.jpeg,2,activacion,1x32x112x112,0.643143
99,0,imagen.jpeg,3,depthwise_conv,1x32x112x112,3.91847
99,0,imagen.jpeg,4,batchnorm,1x32x112x112,2.320916
99,0,imagen.jpeg,5,activacion,1x32x112x112,0.72132
99,0,imagen.jpeg,6,pointwise_conv,1x32x112x112,3.938502
99,0,imagen.jpeg,7,batchnorm,1x16x112x112,0.189741
99,0,imagen.jpeg,8,pointwise_conv,1x16x112x112,11.360185
99,0,imagen.jpeg,9,batchnorm,1x96x112x112,2.424966
99,0,imagen.jpeg,10,activacion,1x96x112x112,3.546311
99,0,imagen.jpeg,11,depthwise_conv,1x96x112x112,3.163158
99,0,imagen.jpeg,12,batchnorm,1x96x56x56,0.277407
99,0,imagen.jpeg,13,activacion,1x96x56x56,1.011072
99,0,imagen.jpeg,14,pointwise_conv,1x96x56x56,3.97961
99,0,imagen.jpeg,15,batchnorm,1x24x56x56,0.06293
99,0,imagen.jpeg,16,pointwise_conv,1x24x56x56,6.734232
99,0,imagen.jpeg,17,batchnorm,1x144x56x56,0.899585
99,0,imagen.jpeg,18,activacion,1x144x56x56,1.319604
99,0,imagen.jpeg,19,depthwise_conv,1x144x56x56,4.553822
99,0,imagen.jpeg,20,batchnorm,1x144x56x56,0.881012
99,0,imagen.jpeg,21,activacion,1x144x56x56,1.587822
99,0,imagen.jpeg,22,pointwise_conv,1x144x56x56,5.959729
99,0,imagen.jpeg,23,batchnorm,1x24x56x56,0.065395
99,0,imagen.jpeg,24,layer_add,1x24x56x56,0.048698
99,0,imagen.jpeg,25,pointwise_conv,1x24x56x56,6.085608
99,0,imagen.jpeg,26,batchnorm,1x144x56x56,0.504272
99,0,imagen.jpeg,27,activacion,1x144x56x56,1.515186
99,0,imagen.jpeg,28,depthwise_conv,1x144x56x56,1.189394
99,0,imagen.jpeg,29,batchnorm,1x144x28x28,0.096877
99,0,imagen.jpeg,30,activacion,1x144x28x28,0.331996
99,0,imagen.jpeg,31,pointwise_conv,1x144x28x28,1.958818
99,0,imagen.jpeg,32,batchnorm,1x32x28x28,0.022273
99,0,imagen.jpeg,33,pointwise_conv,1x32x28x28,2.736094
99,0,imagen.jpeg,34,batchnorm,1x192x28x28,0.146564
99,0,imagen.jpeg,35,activacion,1x192x28x28,0.383467
99,0,imagen.jpeg,36,depthwise_conv,1x192x28x28,1.490344
99,0,imagen.jpeg,37,batchnorm,1x192x28x28,0.133377
99,0,imagen.jpeg,38,activacion,1x192x28x28,0.538356
99,0,imagen.jpeg,39,pointwise_conv,1x192x28x28,2.638367
99,0,imagen.jpeg,40,batchnorm,1x32x28x28,0.024408
99,0,imagen.jpeg,41,layer_add,1x32x28x28,0.015693
99,0,imagen.jpeg,42,pointwise_conv,1x32x28x28,2.720887
99,0,imagen.jpeg,43,batchnorm,1x192x28x28,0.155578
99,0,imagen.jpeg,44,activacion,1x192x28x28,0.470205
99,0,imagen.jpeg,45,depthwise_conv,1x192x28x28,1.470479
99,0,imagen.jpeg,46,batchnorm,1x192x28x28,0.20672
99,0,imagen.jpeg,47,activacion,1x192x28x28,0.53053
99,0,imagen.jpeg,48,pointwise_conv,1x192x28x28,2.741857
99,0,imagen.jpeg,49,batchnorm,1x32x28x28,0.020847
99,0,imagen.jpeg,50,layer_add,1x32x28x28,0.013504
99,0,imagen.jpeg,51,pointwise_conv,1x32x28x28,2.665485
99,0,imagen.jpeg,52,batchnorm,1x192x28x28,0.133259
99,0,imagen.jpeg,53,activacion,1x192x28x28,0.47995
99,0,imagen.jpeg,54,depthwise_conv,1x192x28x28,0.374603
99,0,imagen.jpeg,55,batchnorm,1x192x14x14,0.033393
99,0,imagen.jpeg,56,activacion,1x192x14x14,0.096179
99,0,imagen.jpeg,57,pointwise_conv,1x192x14x14,1.349468
99,0,imagen.jpeg,58,batchnorm,1x64x14x14,0.012134
99,0,imagen.jpeg,59,pointwise_conv,1x64x14x14,2.716796
99,0,imagen.jpeg,60,batchnorm,1x384x14x14,0.064893
99,0,imagen.jpeg,61,activacion,1x384x14x14,0.203139
99,0,imagen.jpeg,62,depthwise_conv,1x384x14x14,0.74544
99,0,imagen.jpeg,63,batchnorm,1x384x14x14,0.080615
99,0,imagen.jpeg,64,activacion,1x384x14x14,0.269073
99,0,imagen.jpeg,65,pointwise_conv,1x384x14x14,2.692733
99,0,imagen.jpeg,66,batchnorm,1x64x14x14,0.01109
99,0,imagen.jpeg,67,layer_add,1x64x14x14,0.005903
99,0,imagen.jpeg,68,pointwise_conv,1x64x14x14,2.78526
99,0,imagen.jpeg,69,batchnorm,1x384x14x14,0.075988
99,0,imagen.jpeg,70,activacion,1x384x14x14,0.284713
99,0,imagen.jpeg,71,depthwise_conv,1x384x14x14,0.815727
99,0,imagen.jpeg,72,batchnorm,1x384x14x14,0.096531
99,0,imagen.jpeg,73,activacion,1x384x14x14,0.245015
99,0,imagen.jpeg,74,pointwise_conv,1x384x14x14,2.744087
99,0,imagen.jpeg,75,batchnorm,1x64x14x14,0.011419
99,0,imagen.jpeg,76,layer_add,1x64x14x14,0.007613
99,0,imagen.jpeg,77,pointwise_conv,1x64x14x14,2.735979
99,0,imagen.jpeg,78,batchnorm,1x384x14x14,0.078849
99,0,imagen.jpeg,79,activacion,1x384x14x14,0.246856
99,0,imagen.jpeg,80,depthwise_conv,1x384x14x14,0.755257
99,0,imagen.jpeg,81,batchnorm,1x384x14x14,0.139503
99,0,imagen.jpeg,82,activacion,1x384x14x14,0.224763
99,0,imagen.jpeg,83,pointwise_conv,1x384x14x14,2.739588
99,0,imagen.jpeg,84,batchnorm,1x64x14x14,0.011497
99,0,imagen.jpeg,85,layer_add,1x64x14x14,0.006467
99,0,imagen.jpeg,86,pointwise_conv,1x64x14x14,2.749149
99,0,imagen.jpeg,87,batchnorm,1x384x14x14,0.078795
99,0,imagen.jpeg,88,activacion,1x384x14x14,0.25156
99,0,imagen.jpeg,89,depthwise_conv,1x384x14x14,0.750828
99,0,imagen.jpeg,90,batchnorm,1x384x14x14,0.069293
99,0,imagen.jpeg,91,activacion,1x384x14x14,0.236429
99,0,imagen.jpeg,92,pointwise_conv,1x384x14x14,4.768569
99,0,imagen.jpeg,93,batchnorm,1x96x14x14,0.019677
99,0,imagen.jpeg,94,pointwise_conv,1x96x14x14,6.192713
99,0,imagen.jpeg,95,batchnorm,1x576x14x14,0.10274
99,0,imagen.jpeg,96,activacion,1x576x14x14,0.35452
99,0,imagen.jpeg,97,depthwise_conv,1x576x14x14,1.158546
99,0,imagen.jpeg,98,batchnorm,1x576x14x14,0.171956
99,0,imagen.jpeg,99,activacion,1x576x14x14,0.348259
99,0,imagen.jpeg,100,pointwise_conv,1x576x14x14,6.053825
99,0,imagen.jpeg,101,batchnorm,1x96x14x14,0.018244
99,0,imagen.jpeg,102,layer_add,1x96x14x14,0.012206
99,0,imagen.jpeg,103,pointwise_conv,1x96x14x14,6.139713
99,0,imagen.jpeg,104,batchnorm,1x576x14x14,0.102972
99,0,imagen.jpeg,105,activacion,1x576x14x14,0.366535
99,0,imagen.jpeg,106,depthwise_conv,1x576x14x14,1.180272
99,0,imagen.jpeg,107,batchnorm,1x576x14x14,0.157259
99,0,imagen.jpeg,108,activacion,1x576x14x14,0.300208
99,0,imagen.jpeg,109,pointwise_conv,1x576x14x14,6.11397
99,0,imagen.jpeg,110,batchnorm,1x96x14x14,0.016513
99,0,imagen.jpeg,111,layer_add,1x96x14x14,0.012375
99,0,imagen.jpeg,112,pointwise_conv,1x96x14x14,5.932498
99,0,imagen.jpeg,113,batchnorm,1x576x14x14,0.108244
99,0,imagen.jpeg,114,activacion,1x576x14x14,0.342698
99,0,imagen.jpeg,115,depthwise_conv,1x576x14x14,0.281012
99,0,imagen.jpeg,116,batchnorm,1x576x7x7,0.032274
99,0,imagen.jpeg,117,activacion,1x576x7x7,0.067992
99,0,imagen.jpeg,118,pointwise_conv,1x576x7x7,2.479485
99,0,imagen.jpeg,119,batchnorm,1x160x7x7,0.008039
99,0,imagen.jpeg,120,pointwise_conv,1x160x7x7,4.113329
99,0,imagen.jpeg,121,batchnorm,1x960x7x7,0.044717
99,0,imagen.jpeg,122,activacion,1x960x7x7,0.153421
99,0,imagen.jpeg,123,depthwise_conv,1x960x7x7,0.438296
99,0,imagen.jpeg,124,batchnorm,1x960x7x7,0.043762
99,0,imagen.jpeg,125,activacion,1x960x7x7,0.142447
99,0,imagen.jpeg,126,pointwise_conv,1x960x7x7,4.10829
99,0,imagen.jpeg,127,batchnorm,1x160x7x7,0.0077
99,0,imagen.jpeg,128,layer_add,1x160x7x7,0.003954
99,0,imagen.jpeg,129,pointwise_conv,1x160x7x7,4.141882
99,0,imagen.jpeg,130,batchnorm,1x960x7x7,0.044733
99,0,imagen.jpeg,131,activacion,1x960x7x7,0.148473
99,0,imagen.jpeg,132,depthwise_conv,1x960x7x7,0.435595
99,0,imagen.jpeg,133,batchnorm,1x960x7x7,0.055169
99,0,imagen.jpeg,134,activacion,1x960x7x7,0.127743
99,0,imagen.jpeg,135,pointwise_conv,1x960x7x7,4.105053
99,0,imagen.jpeg,136,batchnorm,1x160x7x7,0.007473
99,0,imagen.jpeg,137,layer_add,1x160x7x7,0.003984
99,0,imagen.jpeg,138,pointwise_conv,1x160x7x7,4.111315
99,0,imagen.jpeg,139,batchnorm,1x960x7x7,0.043632
99,0,imagen.jpeg,140,activacion,1x960x7x7,0.116893
99,0,imagen.jpeg,141,depthwise_conv,1x960x7x7,0.434265
99,0,imagen.jpeg,142,batchnorm,1x960x7x7,0.047523
99,0,imagen.jpeg,143,activacion,1x960x7x7,0.090126
99,0,imagen.jpeg,144,pointwise_conv,1x960x7x7,8.167843
99,0,imagen.jpeg,145,batchnorm,1x320x7x7,0.016621
99,0,imagen.jpeg,146,pointwise_conv,1x320x7x7,10.914036
99,0,imagen.jpeg,147,batchnorm,1x1280x7x7,0.060141
99,0,imagen.jpeg,148,activacion,1x1280x7x7,0.18581
99,0,imagen.jpeg,149,pooling,1x1280x7x7,0.040442
99,0,imagen.jpeg,150,linear,1x1280,1.416835
100,0,imagen.jpeg,0,conv2d,1x3x224x224,15.363201
100,0,imagen.jpeg,1,batchnorm,1x32x112x112,0.461476
100,0,imagen.jpeg,2,activacion,1x32x112x112,0.659592
100,0,imagen.jpeg,3,depthwise_conv,1x32x112x112,3.787691
100,0,imagen.jpeg,4,batchnorm,1x32x112x112,2.293556
100,0,imagen.jpeg,5,activacion,1x32x112x112,0.791629
100,0,imagen.jpeg,6,pointwise_conv,1x32x112x112,3.456584
100,0,imagen.jpeg,7,batchnorm,1x16x112x112,0.167145
100,0,imagen.jpeg,8,pointwise_conv,1x16x112x112,11.192523
100,0,imagen.jpeg,9,batchnorm,1x96x112x112,2.43292
100,0,imagen.jpeg,10,activacion,1x96x112x112,3.494329
100,0,imagen.jpeg,11,depthwise_conv,1x96x112x112,3.534918
100,0,imagen.jpeg,12,batchnorm,1x96x56x56,0.311045
100,0,imagen.jpeg,13,activacion,1x96x56x56,1.094796
100,0,imagen.jpeg,14,pointwise_conv,1x96x56x56,4.380896
100,0,imagen.jpeg,15,batchnorm,1x24x56x56,0.068712
100,0,imagen.jpeg,16,pointwise_conv,1x24x56x56,6.930102
100,0,imagen.jpeg,17,batchnorm,1x144x56x56,0.924536
100,0,imagen.jpeg,18,activacion,1x144x56x56,1.337186
100,0,imagen.jpeg,19,depthwise_conv,1x144x56x56,4.798089
100,0,imagen.jpeg,20,batchnorm,1x144x56x56,0.898488
100,0,imagen.jpeg,21,activacion,1x144x56x56,1.631537
100,0,imagen.jpeg,22,pointwise_conv,1x144x56x56,6.003732
100,0,imagen.jpeg,23,batchnorm,1x24x56x56,0.068112
100,0,imagen.jpeg,24,layer_add,1x24x56x56,0.051073
100,0,imagen.jpeg,25,pointwise_conv,1x24x56x56,6.04989
100,0,imagen.jpeg,26,batchnorm,1x144x56x56,0.416506
100,0,imagen.jpeg,27,activacion,1x144x56x56,1.467845
100,0,imagen.jpeg,28,depthwise_conv,1x144x56x56,1.156403
100,0,imagen.jpeg,29,batchnorm,1x144x28x28,0.100638
100,0,imagen.jpeg,30,activacion,1x144x28x28,0.338446
100,0,imagen.jpeg,31,pointwise_conv,1x144x28x28,1.970564
100,0,imagen.jpeg,32,batchnorm,1x32x28x28,0.02113
100,0,imagen.jpeg,33,pointwise_conv,1x32x28x28,2.653868
100,0,imagen.jpeg,34,batchnorm,1x192x28x28,0.130093
100,0,imagen.jpeg,35,activacion,1x192x28x28,0.449294
100,0,imagen.jpeg,36,depthwise_conv,1x192x28x28,1.502741
100,0,imagen.jpeg,37,batchnorm,1x192x28x28,0.127932
100,0,imagen.jpeg,38,activacion,1x192x28x28,0.513016
100,0,imagen.jpeg,39,pointwise_conv,1x192x28x28,2.893019
100,0,imagen.jpeg,40,batchnorm,1x32x28x28,0.023654
100,0,imagen.jpeg,41,layer_add,1x32x28x28,0.015664
100,0,imagen.jpeg,42,pointwise_conv,1x32x28x28,2.654792
100,0,imagen.jpeg,43,batchnorm,1x192x28x28,0.177332
100,0,imagen.jpeg,44,activacion,1x192x28x28,0.429837
100,0,imagen.jpeg,45,depthwise_conv,1x192x28x28,1.468654
100,0,imagen.jpeg,46,batchnorm,1x192x28x28,0.162381
100,0,imagen.jpeg,47,activacion,1x192x28x28,0.486983
100,0,imagen.jpeg,48,pointwise_conv,1x192x28x28,2.622224
100,0,imagen.jpeg,49,batchnorm,1x32x28x28,0.020863
100,0,imagen.jpeg,50,layer_add,1x32x28x28,0.013696
100,0,imagen.jpeg,51,pointwise_conv,1x32x28x28,2.658645
100,0,imagen.jpeg,52,batchnorm,1x192x28x28,0.139991
100,0,imagen.jpeg,53,activacion,1x192x28x28,0.49211
100,0,imagen.jpeg,54,depthwise_conv,1x192x28x28,0.433955
100,0,imagen.jpeg,55,batchnorm,1x192x14x14,0.036575
100,0,imagen.jpeg,56,activacion,1x192x14x14,0.099066
100,0,imagen.jpeg,57,pointwise_conv,1x192x14x14,1.476405
100,0,imagen.jpeg,58,batchnorm,1x64x14x14,0.021748
100,0,imagen.jpeg,59,pointwise_conv,1x64x14x14,2.844435
100,0,imagen.jpeg,60,batchnorm,1x384x14x14,0.070704
100,0,imagen.jpeg,61,activacion,1x384x14x14,0.191409
100,0,imagen.jpeg,62,depthwise_conv,1x384x14x14,0.790379
100,0,imagen.jpeg,63,batchnorm,1x384x14x14,0.067602
100,0,imagen.jpeg,64,activacion,1x384x14x14,0.268852
100,0,imagen.jpeg,65,pointwise_conv,1x384x14x14,2.751597
100,0,imagen.jpeg,66,batchnorm,1x64x14x14,0.011295
100,0,imagen.jpeg,67,layer_add,1x64x14x14,0.006815
100,0,imagen.jpeg,68,pointwise_conv,1x64x14x14,2.742347
100,0,imagen.jpeg,69,batchnorm,1x384x14x14,0.070432
100,0,imagen.jpeg,70,activacion,1x384x14x14,0.234288
100,0,imagen.jpeg,71,depthwise_conv,1x384x14x14,0.780979
100,0,imagen.jpeg,72,batchnorm,1x384x14x14,0.097439
100,0,imagen.jpeg,73,activacion,1x384x14x14,0.25031
100,0,imagen.jpeg,74,pointwise_conv,1x384x14x14,2.790954
100,0,imagen.jpeg,75,batchnorm,1x64x14x14,0.012485
100,0,imagen.jpeg,76,layer_add,1x64x14x14,0.009304
100,0,imagen.jpeg,77,pointwise_conv,1x64x14x14,2.836553
100,0,imagen.jpeg,78,batchnorm,1x384x14x14,0.071002
100,0,imagen.jpeg,79,activacion,1x384x14x14,0.276623
100,0,imagen.jpeg,80,depthwise_conv,1x384x14x14,0.80788
100,0,imagen.jpeg,81,batchnorm,1x384x14x14,0.14265
100,0,imagen.jpeg,82,activacion,1x384x14x14,0.230861
100,0,imagen.jpeg,83,pointwise_conv,1x384x14x14,2.763525
100,0,imagen.jpeg,84,batchnorm,1x64x14x14,0.011106
100,0,imagen.jpeg,85,layer_add,1x64x14x14,0.006814
100,0,imagen.jpeg,86,pointwise_conv,1x64x14x14,2.709853
100,0,imagen.jpeg,87,batchnorm,1x384x14x14,0.063964
100,0,imagen.jpeg,88,activacion,1x384x14x14,0.281351
100,0,imagen.jpeg,89,depthwise_conv,1x384x14x14,0.74748
100,0,imagen.jpeg,90,batchnorm,1x384x14x14,0.065282
100,0,imagen.jpeg,91,activacion,1x384x14x14,0.235499
100,0,imagen.jpeg,92,pointwise_conv,1x384x14x14,4.062062
100,0,imagen.jpeg,93,batchnorm,1x96x14x14,0.017428
100,0,imagen.jpeg,94,pointwise_conv,1x96x14x14,6.223254
100,0,imagen.jpeg,95,batchnorm,1x576x14x14,0.124922
100,0,imagen.jpeg,96,activacion,1x576x14x14,0.375194
100,0,imagen.jpeg,97,depthwise_conv,1x576x14x14,1.220788
100,0,imagen.jpeg,98,batchnorm,1x576x14x14,0.19141
100,0,imagen.jpeg,99,activacion,1x576x14x14,0.349139
100,0,imagen.jpeg,100,pointwise_conv,1x576x14x14,6.17245
100,0,imagen.jpeg,101,batchnorm,1x96x14x14,0.016118
100,0,imagen.jpeg,102,layer_add,1x96x14x14,0.010279
100,0,imagen.jpeg,103,pointwise_conv,1x96x14x14,6.119121
100,0,imagen.jpeg,104,batchnorm,1x576x14x14,0.10551
100,0,imagen.jpeg,105,activacion,1x576x14x14,0.375372
100,0,imagen.jpeg,106,depthwise_conv,1x576x14x14,1.151121
100,0,imagen.jpeg,107,batchnorm,1x576x14x14,0.161847
100,0,imagen.jpeg,108,activacion,1x576x14x14,0.308197
100,0,imagen.jpeg,109,pointwise_conv,1x576x14x14,5.992491
100,0,imagen.jpeg,110,batchnorm,1x96x14x14,0.016118
100,0,imagen.jpeg,111,layer_add,1x96x14x14,0.011823
100,0,imagen.jpeg,112,pointwise_conv,1x96x14x14,5.818838
100,0,imagen.jpeg,113,batchnorm,1x576x14x14,0.098456
100,0,imagen.jpeg,114,activacion,1x576x14x14,0.335688
100,0,imagen.jpeg,115,depthwise_conv,1x576x14x14,0.254038
100,0,imagen.jpeg,116,batchnorm,1x576x7x7,0.028335
100,0,imagen.jpeg,117,activacion,1x576x7x7,0.061548
100,0,imagen.jpeg,118,pointwise_conv,1x576x7x7,2.462087
100,0,imagen.jpeg,119,batchnorm,1x160x7x7,0.007644
100,0,imagen.jpeg,120,pointwise_conv,1x160x7x7,3.95686
100,0,imagen.jpeg,121,batchnorm,1x960x7x7,0.043096
100,0,imagen.jpeg,122,activacion,1x960x7x7,0.148836
100,0,imagen.jpeg,123,depthwise_conv,1x960x7x7,0.424983
100,0,imagen.jpeg,124,batchnorm,1x960x7x7,0.042495
100,0,imagen.jpeg,125,activacion,1x960x7x7,0.140288
100,0,imagen.jpeg,126,pointwise_conv,1x960x7x7,3.981229
100,0,imagen.jpeg,127,batchnorm,1x160x7x7,0.00739
100,0,imagen.jpeg,128,layer_add,1x160x7x7,0.003831
100,0,imagen.jpeg,129,pointwise_conv,1x160x7x7,4.01973
100,0,imagen.jpeg,130,batchnorm,1x960x7x7,0.043045
100,0,imagen.jpeg,131,activacion,1x960x7x7,0.140588
100,0,imagen.jpeg,132,depthwise_conv,1x960x7x7,0.424699
100,0,imagen.jpeg,133,batchnorm,1x960x7x7,0.053659
100,0,imagen.jpeg,134,activacion,1x960x7x7,0.12783
100,0,imagen.jpeg,135,pointwise_conv,1x960x7x7,3.990142
100,0,imagen.jpeg,136,batchnorm,1x160x7x7,0.007508
100,0,imagen.jpeg,137,layer_add,1x160x7x7,0.003744
100,0,imagen.jpeg,138,pointwise_conv,1x160x7x7,4.134241
100,0,imagen.jpeg,139,batchnorm,1x960x7x7,0.0428
100,0,imagen.jpeg,140,activacion,1x960x7x7,0.112936
100,0,imagen.jpeg,141,depthwise_conv,1x960x7x7,0.421366
100,0,imagen.jpeg,142,batchnorm,1x960x7x7,0.046598
100,0,imagen.jpeg,143,activacion,1x960x7x7,0.087665
100,0,imagen.jpeg,144,pointwise_conv,1x960x7x7,8.092646
100,0,imagen.jpeg,145,batchnorm,1x320x7x7,0.016039
100,0,imagen.jpeg,146,pointwise_conv,1x320x7x7,10.822324
100,0,imagen.jpeg,147,batchnorm,1x1280x7x7,0.060015
100,0,imagen.jpeg,148,activacion,1x1280x7x7,0.184902
100,0,imagen.jpeg,149,pooling,1x1280x7x7,0.039881
100,0,imagen.jpeg,150,linear,1x1280,1.414842
101,0,imagen.jpeg,0,conv2d,1x3x224x224,15.677708
101,0,imagen.jpeg,1,batchnorm,1x32x112x112,0.459159
101,0,imagen.jpeg,2,activacion,1x32x112x112,0.667147
101,0,imagen.jpeg,3,depthwise_conv,1x32x112x112,4.292497
101,0,imagen.jpeg,4,batchnorm,1x32x112x112,2.43225
101,0,imagen.jpeg,5,activacion,1x32x112x112,0.763514
101,0,imagen.jpeg,6,pointwise_conv,1x32x112x112,3.769948
101,0,imagen.jpeg,7,batchnorm,1x16x112x112,0.203901
101,0,imagen.jpeg,8,pointwise_conv,1x16x112x112,12.202898
101,0,imagen.jpeg,9,batchnorm,1x96x112x112,2.138969
101,0,imagen.jpeg,10,activacion,1x96x112x112,3.550665
101,0,imagen.jpeg,11,depthwise_conv,1x96x112x112,3.196443
101,0,imagen.jpeg,12,batchnorm,1x96x56x56,0.302786
101,0,imagen.jpeg,13,activacion,1x96x56x56,1.069017
101,0,imagen.jpeg,14,pointwise_conv,1x96x56x56,4.222428
101,0,imagen.jpeg,15,batchnorm,1x24x56x56,0.065413
101,0,imagen.jpeg,16,pointwise_conv,1x24x56x56,6.90871
101,0,imagen.jpeg,17,batchnorm,1x144x56x56,0.89932
101,0,imagen.jpeg,18,activacion,1x144x56x56,1.371804
101,0,imagen.jpeg,19,depthwise_conv,1x144x56x56,4.595171
101,0,imagen.jpeg,20,batchnorm,1x144x56x56,0.903574
101,0,imagen.jpeg,21,activacion,1x144x56x56,1.63638
101,0,imagen.jpeg,22,pointwise_conv,1x144x56x56,5.852897
101,0,imagen.jpeg,23,batchnorm,1x24x56x56,0.070502
101,0,imagen.jpeg,24,layer_add,1x24x56x56,0.050552
101,0,imagen.jpeg,25,pointwise_conv,1x24x56x56,6.119792
101,0,imagen.jpeg,26,batchnorm,1x144x56x56,0.469505
101,0,imagen.jpeg,27,activacion,1x144x56x56,1.558328
101,0,imagen.jpeg,28,depthwise_conv,1x144x56x56,1.14581
101,0,imagen.jpeg,29,batchnorm,1x144x28x28,0.099107
101,0,imagen.jpeg,30,activacion,1x144x28x28,0.372012
101,0,imagen.jpeg,31,pointwise_conv,1x144x28x28,2.045023
101,0,imagen.jpeg,32,batchnorm,1x32x28x28,0.022027
101,0,imagen.jpeg,33,pointwise_conv,1x32x28x28,2.721856
101,0,imagen.jpeg,34,batchnorm,1x192x28x28,0.148817
101,0,imagen.jpeg,35,activacion,1x192x28x28,0.365925
101,0,imagen.jpeg,36,depthwise_conv,1x192x28x28,1.530993
101,0,imagen.jpeg,37,batchnorm,1x192x28x28,0.126301
101,0,imagen.jpeg,38,activacion,1x192x28x28,0.512974
101,0,imagen.jpeg,39,pointwise_conv,1x192x28x28,2.846647
101,0,imagen.jpeg,40,batchnorm,1x32x28x28,0.024703
101,0,imagen.jpeg,41,layer_add,1x32x28x28,0.015486
101,0,imagen.jpeg,42,pointwise_conv,1x32x28x28,2.732482
101,0,imagen.jpeg,43,batchnorm,1x192x28x28,0.140686
101,0,imagen.jpeg,44,activacion,1x192x28x28,0.454735
101,0,imagen.jpeg,45,depthwise_conv,1x192x28x28,1.526919
101,0,imagen.jpeg,46,batchnorm,1x192x28x28,0.148434
101,0,imagen.jpeg,47,activacion,1x192x28x28,0.510911
101,0,imagen.jpeg,48,pointwise_conv,1x192x28x28,2.675787
101,0,imagen.jpeg,49,batchnorm,1x32x28x28,0.021419
101,0,imagen.jpeg,50,layer_add,1x32x28x28,0.013858
101,0,imagen.jpeg,51,pointwise_conv,1x32x28x28,2.664332
101,0,imagen.jpeg,52,batchnorm,1x192x28x28,0.149636
101,0,imagen.jpeg,53,activacion,1x192x28x28,0.462134
101,0,imagen.jpeg,54,depthwise_conv,1x192x28x28,0.384356
101,0,imagen.jpeg,55,batchnorm,1x192x14x14,0.033712
101,0,imagen.jpeg,56,activacion,1x192x14x14,0.0963
101,0,imagen.jpeg,57,pointwise_conv,1x192x14x14,1.342574
101,0,imagen.jpeg,58,batchnorm,1x64x14x14,0.01201
101,0,imagen.jpeg,59,pointwise_conv,1x64x14x14,2.787584
101,0,imagen.jpeg,60,batchnorm,1x384x14x14,0.071214
101,0,imagen.jpeg,61,activacion,1x384x14x14,0.191302
101,0,imagen.jpeg,62,depthwise_conv,1x384x14x14,0.791741
101,0,imagen.jpeg,63,batchnorm,1x384x14x14,0.077246
101,0,imagen.jpeg,64,activacion,1x384x14x14,0.294202
101,0,imagen.jpeg,65,pointwise_conv,1x384x14x14,2.817744
101,0,imagen.jpeg,66,batchnorm,1x64x14x14,0.011425
101,0,imagen.jpeg,67,layer_add,1x64x14x14,0.006824
101,0,imagen.jpeg,68,pointwise_conv,1x64x14x14,2.678146
101,0,imagen.jpeg,69,batchnorm,1x384x14x14,0.088763
101,0,imagen.jpeg,70,activacion,1x384x14x14,0.246354
101,0,imagen.jpeg,71,depthwise_conv,1x384x14x14,0.781127
101,0,imagen.jpeg,72,batchnorm,1x384x14x14,0.103663
101,0,imagen.jpeg,73,activacion,1x384x14x14,0.256226
101,0,imagen.jpeg,74,pointwise_conv,1x384x14x14,2.767971
101,0,imagen.jpeg,75,batchnorm,1x64x14x14,0.012134
101,0,imagen.jpeg,76,layer_add,1x64x14x14,0.007613
101,0,imagen.jpeg,77,pointwise_conv,1x64x14x14,2.816534
101,0,imagen.jpeg,78,batchnorm,1x384x14x14,0.072152
101,0,imagen.jpeg,79,activacion,1x384x14x14,0.258091
101,0,imagen.jpeg,80,depthwise_conv,1x384x14x14,0.794709
101,0,imagen.jpeg,81,batchnorm,1x384x14x14,0.151117
101,0,imagen.jpeg,82,activacion,1x384x14x14,0.235062
101,0,imagen.jpeg,83,pointwise_conv,1x384x14x14,2.829694
101,0,imagen.jpeg,84,batchnorm,1x64x14x14,0.011616
101,0,imagen.jpeg,85,layer_add,1x64x14x14,0.007113
101,0,imagen.jpeg,86,pointwise_conv,1x64x14x14,2.767641
101,0,imagen.jpeg,87,batchnorm,1x384x14x14,0.065202
101,0,imagen.jpeg,88,activacion,1x384x14x14,0.264279
101,0,imagen.jpeg,89,depthwise_conv,1x384x14x14,0.787759
101,0,imagen.jpeg,90,batchnorm,1x384x14x14,0.068937
101,0,imagen.jpeg,91,activacion,1x384x14x14,0.26212
101,0,imagen.jpeg,92,pointwise_conv,1x384x14x14,4.584407
101,0,imagen.jpeg,93,batchnorm,1x96x14x14,0.021664
101,0,imagen.jpeg,94,pointwise_conv,1x96x14x14,7.29636
101,0,imagen.jpeg,95,batchnorm,1x576x14x14,0.127018
101,0,imagen.jpeg,96,activacion,1x576x14x14,0.408833
101,0,imagen.jpeg,97,depthwise_conv,1x576x14x14,1.317341
101,0,imagen.jpeg,98,batchnorm,1x576x14x14,0.206013
101,0,imagen.jpeg,99,activacion,1x576x14x14,0.372167
101,0,imagen.jpeg,100,pointwise_conv,1x576x14x14,6.626681
101,0,imagen.jpeg,101,batchnorm,1x96x14x14,0.019456
101,0,imagen.jpeg,102,layer_add,1x96x14x14,0.012298
101,0,imagen.jpeg,103,pointwise_conv,1x96x14x14,6.418344
101,0,imagen.jpeg,104,batchnorm,1x576x14x14,0.108422
101,0,imagen.jpeg,105,activacion,1x576x14x14,0.361611
101,0,imagen.jpeg,106,depthwise_conv,1x576x14x14,1.175525
101,0,imagen.jpeg,107,batchnorm,1x576x14x14,0.160209
101,0,imagen.jpeg,108,activacion,1x576x14x14,0.300487
101,0,imagen.jpeg,109,pointwise_conv,1x576x14x14,6.001502
101,0,imagen.jpeg,110,batchnorm,1x96x14x14,0.016779
101,0,imagen.jpeg,111,layer_add,1x96x14x14,0.012627
101,0,imagen.jpeg,112,pointwise_conv,1x96x14x14,6.208203
101,0,imagen.jpeg,113,batchnorm,1x576x14x14,0.10552
101,0,imagen.jpeg,114,activacion,1x576x14x14,0.334116
101,0,imagen.jpeg,115,depthwise_conv,1x576x14x14,0.273934
101,0,imagen.jpeg,116,batchnorm,1x576x7x7,0.031116
101,0,imagen.jpeg,117,activacion,1x576x7x7,0.066412
101,0,imagen.jpeg,118,pointwise_conv,1x576x7x7,2.543164
101,0,imagen.jpeg,119,batchnorm,1x160x7x7,0.008268
101,0,imagen.jpeg,120,pointwise_conv,1x160x7x7,4.17332
101,0,imagen.jpeg,121,batchnorm,1x960x7x7,0.044219
101,0,imagen.jpeg,122,activacion,1x960x7x7,0.145224
101,0,imagen.jpeg,123,depthwise_conv,1x960x7x7,0.435199
101,0,imagen.jpeg,124,batchnorm,1x960x7x7,0.042786
101,0,imagen.jpeg,125,activacion,1x960x7x7,0.138465
101,0,imagen.jpeg,126,pointwise_conv,1x960x7x7,4.140965
101,0,imagen.jpeg,127,batchnorm,1x160x7x7,0.007582
101,0,imagen.jpeg,128,layer_add,1x160x7x7,0.004061
101,0,imagen.jpeg,129,pointwise_conv,1x160x7x7,4.000488
101,0,imagen.jpeg,130,batchnorm,1x960x7x7,0.042334
101,0,imagen.jpeg,131,activacion,1x960x7x7,0.138726
101,0,imagen.jpeg,132,depthwise_conv,1x960x7x7,0.441253
101,0,imagen.jpeg,133,batchnorm,1x960x7x7,0.068238
101,0,imagen.jpeg,134,activacion,1x960x7x7,0.123961
101,0,imagen.jpeg,135,pointwise_conv,1x960x7x7,4.035395
101,0,imagen.jpeg,136,batchnorm,1x160x7x7,0.007133
101,0,imagen.jpeg,137,layer_add,1x160x7x7,0.003758
101,0,imagen.jpeg,138,pointwise_conv,1x160x7x7,4.594492
101,0,imagen.jpeg,139,batchnorm,1x960x7x7,0.059609
101,0,imagen.jpeg,140,activacion,1x960x7x7,0.117589
101,0,imagen.jpeg,141,depthwise_conv,1x960x7x7,0.46096
101,0,imagen.jpeg,142,batchnorm,1x960x7x7,0.049118
101,0,imagen.jpeg,143,activacion,1x960x7x7,0.092983
101,0,imagen.jpeg,144,pointwise_conv,1x960x7x7,8.535488
101,0,imagen.jpeg,145,batchnorm,1x320x7x7,0.017928
101,0,imagen.jpeg,146,pointwise_conv,1x320x7x7,11.1696
101,0,imagen.jpeg,147,batchnorm,1x1280x7x7,0.12759
101,0,imagen.jpeg,148,activacion,1x1280x7x7,0.176727
101,0,imagen.jpeg,149,pooling,1x1280x7x7,0.039013
101,0,imagen.jpeg,150,linear,1x1280,1.427248
102,0,imagen.jpeg,0,conv2d,1x3x224x224,16.107299
102,0,imagen.jpeg,1,batchnorm,1x32x112x112,0.411472
102,0,imagen.jpeg,2,activacion,1x32x112x112,0.644041
102,0,imagen.jpeg,3,depthwise_conv,1x32x112x112,3.910395
102,0,imagen.jpeg,4,batchnorm,1x32x112x112,2.292303
102,0,imagen.jpeg,5,activacion,1x32x112x112,0.801403
102,0,imagen.jpeg,6,pointwise_conv,1x32x112x112,3.550229
102,0,imagen.jpeg,7,batchnorm,1x16x112x112,0.210178
102,0,imagen.jpeg,8,pointwise_conv,1x16x112x112,11.119912
102,0,imagen.jpeg,9,batchnorm,1x96x112x112,2.134674
102,0,imagen.jpeg,10,activacion,1x96x112x112,3.391572
102,0,imagen.jpeg,11,depthwise_conv,1x96x112x112,3.201081
102,0,imagen.jpeg,12,batchnorm,1x96x56x56,0.281882
102,0,imagen.jpeg,13,activacion,1x96x56x56,0.977161
102,0,imagen.jpeg,14,pointwise_conv,1x96x56x56,3.907804
102,0,imagen.jpeg,15,batchnorm,1x24x56x56,0.063282
102,0,imagen.jpeg,16,pointwise_conv,1x24x56x56,6.551983
102,0,imagen.jpeg,17,batchnorm,1x144x56x56,0.882582
102,0,imagen.jpeg,18,activacion,1x144x56x56,1.28795
102,0,imagen.jpeg,19,depthwise_conv,1x144x56x56,4.454606
102,0,imagen.jpeg,20,batchnorm,1x144x56x56,0.88175
102,0,imagen.jpeg,21,activacion,1x144x56x56,1.669036
102,0,imagen.jpeg,22,pointwise_conv,1x144x56x56,7.77068
102,0,imagen.jpeg,23,batchnorm,1x24x56x56,0.074307
102,0,imagen.jpeg,24,layer_add,1x24x56x56,0.059398
102,0,imagen.jpeg,25,pointwise_conv,1x24x56x56,6.329758
102,0,imagen.jpeg,26,batchnorm,1x144x56x56,0.462331
102,0,imagen.jpeg,27,activacion,1x144x56x56,1.609149
102,0,imagen.jpeg,28,depthwise_conv,1x144x56x56,1.17509
102,0,imagen.jpeg,29,batchnorm,1x144x28x28,0.098829
102,0,imagen.jpeg,30,activacion,1x144x28x28,0.347931
102,0,imagen.jpeg,31,pointwise_conv,1x144x28x28,2.107934
102,0,imagen.jpeg,32,batchnorm,1x32x28x28,0.041771
102,0,imagen.jpeg,33,pointwise_conv,1x32x28x28,2.876405
102,0,imagen.jpeg,34,batchnorm,1x192x28x28,0.163771
102,0,imagen.jpeg,35,activacion,1x192x28x28,0.37974
102,0,imagen.jpeg,36,depthwise_conv,1x192x28x28,1.510471
102,0,imagen.jpeg,37,batchnorm,1x192x28x28,0.136783
102,0,imagen.jpeg,38,activacion,1x192x28x28,0.506292
102,0,imagen.jpeg,39,pointwise_conv,1x192x28x28,2.608156
102,0,imagen.jpeg,40,batchnorm,1x32x28x28,0.021771
102,0,imagen.jpeg,41,layer_add,1x32x28x28,0.013606
102,0,imagen.jpeg,42,pointwise_conv,1x32x28x28,2.655889
102,0,imagen.jpeg,43,batchnorm,1x192x28x28,0.132531
102,0,imagen.jpeg,44,activacion,1x192x28x28,0.412894
102,0,imagen.jpeg,45,depthwise_conv,1x192x28x28,1.501843
102,0,imagen.jpeg,46,batchnorm,1x192x28x28,0.124276
102,0,imagen.jpeg,47,activacion,1x192x28x28,0.584703
102,0,imagen.jpeg,48,pointwise_conv,1x192x28x28,2.563718
102,0,imagen.jpeg,49,batchnorm,1x32x28x28,0.023236
102,0,imagen.jpeg,50,layer_add,1x32x28x28,0.037332
102,0,imagen.jpeg,51,pointwise_conv,1x32x28x28,2.780124
102,0,imagen.jpeg,52,batchnorm,1x192x28x28,0.137613
102,0,imagen.jpeg,53,activacion,1x192x28x28,0.488768
102,0,imagen.jpeg,54,depthwise_conv,1x192x28x28,0.371653
102,0,imagen.jpeg,55,batchnorm,1x192x14x14,0.033413
102,0,imagen.jpeg,56,activacion,1x192x14x14,0.09562
102,0,imagen.jpeg,57,pointwise_conv,1x192x14x14,1.370656
102,0,imagen.jpeg,58,batchnorm,1x64x14x14,0.011396
102,0,imagen.jpeg,59,pointwise_conv,1x64x14x14,2.731298
102,0,imagen.jpeg,60,batchnorm,1x384x14x14,0.069137
102,0,imagen.jpeg,61,activacion,1x384x14x14,0.199602
102,0,imagen.jpeg,62,depthwise_conv,1x384x14x14,0.744204
102,0,imagen.jpeg,63,batchnorm,1x384x14x14,0.065331
102,0,imagen.jpeg,64,activacion,1x384x14x14,0.258628
102,0,imagen.jpeg,65,pointwise_conv,1x384x14x14,2.752117
102,0,imagen.jpeg,66,batchnorm,1x64x14x14,0.010786
102,0,imagen.jpeg,67,layer_add,1x64x14x14,0.005929
102,0,imagen.jpeg,68,pointwise_conv,1x64x14x14,2.810306
102,0,imagen.jpeg,69,batchnorm,1x384x14x14,0.070831
102,0,imagen.jpeg,70,activacion,1x384x14x14,0.234883
102,0,imagen.jpeg,71,depthwise_conv,1x384x14x14,0.778434
102,0,imagen.jpeg,72,batchnorm,1x384x14x14,0.097605
102,0,imagen.jpeg,73,activacion,1x384x14x14,0.248921
102,0,imagen.jpeg,74,pointwise_conv,1x384x14x14,2.743602
102,0,imagen.jpeg,75,batchnorm,1x64x14x14,0.0112
102,0,imagen.jpeg,76,layer_add,1x64x14x14,0.00723
102,0,imagen.jpeg,77,pointwise_conv,1x64x14x14,2.74293
102,0,imagen.jpeg,78,batchnorm,1x384x14x14,0.064259
102,0,imagen.jpeg,79,activacion,1x384x14x14,0.247272
102,0,imagen.jpeg,80,depthwise_conv,1x384x14x14,0.762483
102,0,imagen.jpeg,81,batchnorm,1x384x14x14,0.13883
102,0,imagen.jpeg,82,activacion,1x384x14x14,0.23626
102,0,imagen.jpeg,83,pointwise_conv,1x384x14x14,2.723974
102,0,imagen.jpeg,84,batchnorm,1x64x14x14,0.01123
102,0,imagen.jpeg,85,layer_add,1x64x14x14,0.005692
102,0,imagen.jpeg,86,pointwise_conv,1x64x14x14,2.744996
102,0,imagen.jpeg,87,batchnorm,1x384x14x14,0.063718
102,0,imagen.jpeg,88,activacion,1x384x14x14,0.247121
102,0,imagen.jpeg,89,depthwise_conv,1x384x14x14,0.763998
102,0,imagen.jpeg,90,batchnorm,1x384x14x14,0.065316
102,0,imagen.jpeg,91,activacion,1x384x14x14,0.237436
102,0,imagen.jpeg,92,pointwise_conv,1x384x14x14,4.091112
102,0,imagen.jpeg,93,batchnorm,1x96x14x14,0.017731
102,0,imagen.jpeg,94,pointwise_conv,1x96x14x14,6.667917
102,0,imagen.jpeg,95,batchnorm,1x576x14x14,0.134552
102,0,imagen.jpeg,96,activacion,1x576x14x14,0.39909
102,0,imagen.jpeg,97,depthwise_conv,1x576x14x14,1.159899
102,0,imagen.jpeg,98,batchnorm,1x576x14x14,0.19085
102,0,imagen.jpeg,99,activacion,1x576x14x14,0.346287
102,0,imagen.jpeg,100,pointwise_conv,1x576x14x14,6.381565
102,0,imagen.jpeg,101,batchnorm,1x96x14x14,0.018993
102,0,imagen.jpeg,102,layer_add,1x96x14x14,0.027007
102,0,imagen.jpeg,103,pointwise_conv,1x96x14x14,6.084626
102,0,imagen.jpeg,104,batchnorm,1x576x14x14,0.125893
102,0,imagen.jpeg,105,activacion,1x576x14x14,0.350883
102,0,imagen.jpeg,106,depthwise_conv,1x576x14x14,1.127496
102,0,imagen.jpeg,107,batchnorm,1x576x14x14,0.167052
102,0,imagen.jpeg,108,activacion,1x576x14x14,0.336449
102,0,imagen.jpeg,109,pointwise_conv,1x576x14x14,6.129463
102,0,imagen.jpeg,110,batchnorm,1x96x14x14,0.017352
102,0,imagen.jpeg,111,layer_add,1x96x14x14,0.01414
102,0,imagen.jpeg,112,pointwise_conv,1x96x14x14,6.766802
102,0,imagen.jpeg,113,batchnorm,1x576x14x14,0.113793
102,0,imagen.jpeg,114,activacion,1x576x14x14,0.334097
102,0,imagen.jpeg,115,depthwise_conv,1x576x14x14,0.287615
102,0,imagen.jpeg,116,batchnorm,1x576x7x7,0.031948
102,0,imagen.jpeg,117,activacion,1x576x7x7,0.066256
102,0,imagen.jpeg,118,pointwise_conv,1x576x7x7,2.617733
102,0,imagen.jpeg,119,batchnorm,1x160x7x7,0.008746
102,0,imagen.jpeg,120,pointwise_conv,1x160x7x7,4.422732
102,0,imagen.jpeg,121,batchnorm,1x960x7x7,0.049528
102,0,imagen.jpeg,122,activacion,1x960x7x7,0.160793
102,0,imagen.jpeg,123,depthwise_conv,1x960x7x7,0.464129
102,0,imagen.jpeg,124,batchnorm,1x960x7x7,0.046245
102,0,imagen.jpeg,125,activacion,1x960x7x7,0.149823
102,0,imagen.jpeg,126,pointwise_conv,1x960x7x7,4.602608
102,0,imagen.jpeg,127,batchnorm,1x160x7x7,0.008744
102,0,imagen.jpeg,128,layer_add,1x160x7x7,0.004707
102,0,imagen.jpeg,129,pointwise_conv,1x160x7x7,4.380201
102,0,imagen.jpeg,130,batchnorm,1x960x7x7,0.046071
102,0,imagen.jpeg,131,activacion,1x960x7x7,0.148744
102,0,imagen.jpeg,132,depthwise_conv,1x960x7x7,0.435999
102,0,imagen.jpeg,133,batchnorm,1x960x7x7,0.055181
102,0,imagen.jpeg,134,activacion,1x960x7x7,0.144591
102,0,imagen.jpeg,135,pointwise_conv,1x960x7x7,4.081878
102,0,imagen.jpeg,136,batchnorm,1x160x7x7,0.007475
102,0,imagen.jpeg,137,layer_add,1x160x7x7,0.004494
102,0,imagen.jpeg,138,pointwise_conv,1x160x7x7,4.257756
102,0,imagen.jpeg,139,batchnorm,1x960x7x7,0.048312
102,0,imagen.jpeg,140,activacion,1x960x7x7,0.116406
102,0,imagen.jpeg,141,depthwise_conv,1x960x7x7,0.457492
102,0,imagen.jpeg,142,batchnorm,1x960x7x7,0.049215
102,0,imagen.jpeg,143,activacion,1x960x7x7,0.092496
102,0,imagen.jpeg,144,pointwise_conv,1x960x7x7,8.161474
102,0,imagen.jpeg,145,batchnorm,1x320x7x7,0.014967
102,0,imagen.jpeg,146,pointwise_conv,1x320x7x7,11.174513
102,0,imagen.jpeg,147,batchnorm,1x1280x7x7,0.059859
102,0,imagen.jpeg,148,activacion,1x1280x7x7,0.189836
102,0,imagen.jpeg,149,pooling,1x1280x7x7,0.049041
102,0,imagen.jpeg,150,linear,1x1280,1.412091
103,0,imagen.jpeg,0,conv2d,1x3x224x224,15.952367
103,0,imagen.jpeg,1,batchnorm,1x32x112x112,0.426086
103,0,imagen.jpeg,2,activacion,1x32x112x112,0.677242
103,0,imagen.jpeg,3,depthwise_conv,1x32x112x112,4.357628
103,0,imagen.jpeg,4,batchnorm,1x32x112x112,2.60668
103,0,imagen.jpeg,5,activacion,1x32x112x112,0.831874
103,0,imagen.jpeg,6,pointwise_conv,1x32x112x112,4.240338
103,0,imagen.jpeg,7,batchnorm,1x16x112x112,0.212143
103,0,imagen.jpeg,8,pointwise_conv,1x16x112x112,12.637452
103,0,imagen.jpeg,9,batchnorm,1x96x112x112,2.611421
103,0,imagen.jpeg,10,activacion,1x96x112x112,3.791102
103,0,imagen.jpeg,11,depthwise_conv,1x96x112x112,3.460766
103,0,imagen.jpeg,12,batchnorm,1x96x56x56,0.309686
103,0,imagen.jpeg,13,activacion,1x96x56x56,1.117252
103,0,imagen.jpeg,14,pointwise_conv,1x96x56x56,4.471954
103,0,imagen.jpeg,15,batchnorm,1x24x56x56,0.082799
103,0,imagen.jpeg,16,pointwise_conv,1x24x56x56,7.195722
103,0,imagen.jpeg,17,batchnorm,1x144x56x56,0.977177
103,0,imagen.jpeg,18,activacion,1x144x56x56,1.374068
103,0,imagen.jpeg,19,depthwise_conv,1x144x56x56,4.989684
103,0,imagen.jpeg,20,batchnorm,1x144x56x56,1.055664
103,0,imagen.jpeg,21,activacion,1x144x56x56,1.739121
103,0,imagen.jpeg,22,pointwise_conv,1x144x56x56,6.392714
103,0,imagen.jpeg,23,batchnorm,1x24x56x56,0.070008
103,0,imagen.jpeg,24,layer_add,1x24x56x56,0.046471
103,0,imagen.jpeg,25,pointwise_conv,1x24x56x56,6.392139
103,0,imagen.jpeg,26,batchnorm,1x144x56x56,0.476241
103,0,imagen.jpeg,27,activacion,1x144x56x56,1.552402
103,0,imagen.jpeg,28,depthwise_conv,1x144x56x56,1.194488
103,0,imagen.jpeg,29,batchnorm,1x144x28x28,0.102977
103,0,imagen.jpeg,30,activacion,1x144x28x28,0.379404
103,0,imagen.jpeg,31,pointwise_conv,1x144x28x28,2.085073
103,0,imagen.jpeg,32,batchnorm,1x32x28x28,0.022274
103,0,imagen.jpeg,33,pointwise_conv,1x32x28x28,2.799315
103,0,imagen.jpeg,34,batchnorm,1x192x28x28,0.140113
103,0,imagen.jpeg,35,activacion,1x192x28x28,0.37651
103,0,imagen.jpeg,36,depthwise_conv,1x192x28x28,1.544786
103,0,imagen.jpeg,37,batchnorm,1x192x28x28,0.142459
103,0,imagen.jpeg,38,activacion,1x192x28x28,0.566625
103,0,imagen.jpeg,39,pointwise_conv,1x192x28x28,2.932316
103,0,imagen.jpeg,40,batchnorm,1x32x28x28,0.057151
103,0,imagen.jpeg,41,layer_add,1x32x28x28,0.024319
103,0,imagen.jpeg,42,pointwise_conv,1x32x28x28,2.830108
103,0,imagen.jpeg,43,batchnorm,1x192x28x28,0.147587
103,0,imagen.jpeg,44,activacion,1x192x28x28,0.445358
103,0,imagen.jpeg,45,depthwise_conv,1x192x28x28,1.573159
103,0,imagen.jpeg,46,batchnorm,1x192x28x28,0.140254
103,0,imagen.jpeg,47,activacion,1x192x28x28,0.53374
103,0,imagen.jpeg,48,pointwise_conv,1x192x28x28,2.754578
103,0,imagen.jpeg,49,batchnorm,1x32x28x28,0.022005
103,0,imagen.jpeg,50,layer_add,1x32x28x28,0.013892
103,0,imagen.jpeg,51,pointwise_conv,1x32x28x28,2.630767
103,0,imagen.jpeg,52,batchnorm,1x192x28x28,0.133814
103,0,imagen.jpeg,53,activacion,1x192x28x28,0.503756
103,0,imagen.jpeg,54,depthwise_conv,1x192x28x28,0.382046
103,0,imagen.jpeg,55,batchnorm,1x192x14x14,0.034382
103,0,imagen.jpeg,56,activacion,1x192x14x14,0.112203
103,0,imagen.jpeg,57,pointwise_conv,1x192x14x14,1.458033
103,0,imagen.jpeg,58,batchnorm,1x64x14x14,0.012763
103,0,imagen.jpeg,59,pointwise_conv,1x64x14x14,2.839365
103,0,imagen.jpeg,60,batchnorm,1x384x14x14,0.077146
103,0,imagen.jpeg,61,activacion,1x384x14x14,0.20218
103,0,imagen.jpeg,62,depthwise_conv,1x384x14x14,0.79078
103,0,imagen.jpeg,63,batchnorm,1x384x14x14,0.069287
103,0,imagen.jpeg,64,activacion,1x384x14x14,0.276875
103,0,imagen.jpeg,65,pointwise_conv,1x384x14x14,2.791409
103,0,imagen.jpeg,66,batchnorm,1x64x14x14,0.012046
103,0,imagen.jpeg,67,layer_add,1x64x14x14,0.006888
103,0,imagen.jpeg,68,pointwise_conv,1x64x14x14,2.738897
103,0,imagen.jpeg,69,batchnorm,1x384x14x14,0.070283
103,0,imagen.jpeg,70,activacion,1x384x14x14,0.235333
103,0,imagen.jpeg,71,depthwise_conv,1x384x14x14,0.788727
103,0,imagen.jpeg,72,batchnorm,1x384x14x14,0.097615
103,0,imagen.jpeg,73,activacion,1x384x14x14,0.26205
103,0,imagen.jpeg,74,pointwise_conv,1x384x14x14,2.675541
103,0,imagen.jpeg,75,batchnorm,1x64x14x14,0.011068
103,0,imagen.jpeg,76,layer_add,1x64x14x14,0.006704
103,0,imagen.jpeg,77,pointwise_conv,1x64x14x14,2.7793
103,0,imagen.jpeg,78,batchnorm,1x384x14x14,0.089715
103,0,imagen.jpeg,79,activacion,1x384x14x14,0.25378
103,0,imagen.jpeg,80,depthwise_conv,1x384x14x14,0.759155
103,0,imagen.jpeg,81,batchnorm,1x384x14x14,0.144996
103,0,imagen.jpeg,82,activacion,1x384x14x14,0.228369
103,0,imagen.jpeg,83,pointwise_conv,1x384x14x14,2.840799
103,0,imagen.jpeg,84,batchnorm,1x64x14x14,0.01261
103,0,imagen.jpeg,85,layer_add,1x64x14x14,0.006889
103,0,imagen.jpeg,86,pointwise_conv,1x64x14x14,2.717875
103,0,imagen.jpeg,87,batchnorm,1x384x14x14,0.074562
103,0,imagen.jpeg,88,activacion,1x384x14x14,0.251243
103,0,imagen.jpeg,89,depthwise_conv,1x384x14x14,0.777914
103,0,imagen.jpeg,90,batchnorm,1x384x14x14,0.069539
103,0,imagen.jpeg,91,activacion,1x384x14x14,0.242235
103,0,imagen.jpeg,92,pointwise_conv,1x384x14x14,4.078249
103,0,imagen.jpeg,93,batchnorm,1x96x14x14,0.018857
103,0,imagen.jpeg,94,pointwise_conv,1x96x14x14,6.251416
103,0,imagen.jpeg,95,batchnorm,1x576x14x14,0.135903
103,0,imagen.jpeg,96,activacion,1x576x14x14,0.410153
103,0,imagen.jpeg,97,depthwise_conv,1x576x14x14,1.245836
103,0,imagen.jpeg,98,batchnorm,1x576x14x14,0.198809
103,0,imagen.jpeg,99,activacion,1x576x14x14,0.359877
103,0,imagen.jpeg,100,pointwise_conv,1x576x14x14,6.486508
103,0,imagen.jpeg,101,batchnorm,1x96x14x14,0.018402
103,0,imagen.jpeg,102,layer_add,1x96x14x14,0.010879
103,0,imagen.jpeg,103,pointwise_conv,1x96x14x14,6.633048
103,0,imagen.jpeg,104,batchnorm,1x576x14x14,0.118521
103,0,imagen.jpeg,105,activacion,1x576x14x14,0.386313
103,0,imagen.jpeg,106,depthwise_conv,1x576x14x14,1.293274
103,0,imagen.jpeg,107,batchnorm,1x576x14x14,0.195598
103,0,imagen.jpeg,108,activacion,1x576x14x14,0.367662
103,0,imagen.jpeg,109,pointwise_conv,1x576x14x14,6.794332
103,0,imagen.jpeg,110,batchnorm,1x96x14x14,0.01891
103,0,imagen.jpeg,111,layer_add,1x96x14x14,0.013578
103,0,imagen.jpeg,112,pointwise_conv,1x96x14x14,6.60551
103,0,imagen.jpeg,113,batchnorm,1x576x14x14,0.125781
103,0,imagen.jpeg,114,activacion,1x576x14x14,0.39419
103,0,imagen.jpeg,115,depthwise_conv,1x576x14x14,0.291439
103,0,imagen.jpeg,116,batchnorm,1x576x7x7,0.033339
103,0,imagen.jpeg,117,activacion,1x576x7x7,0.071114
103,0,imagen.jpeg,118,pointwise_conv,1x576x7x7,2.706083
103,0,imagen.jpeg,119,batchnorm,1x160x7x7,0.008376
103,0,imagen.jpeg,120,pointwise_conv,1x160x7x7,4.335103
103,0,imagen.jpeg,121,batchnorm,1x960x7x7,0.047954
103,0,imagen.jpeg,122,activacion,1x960x7x7,0.1632
103,0,imagen.jpeg,123,depthwise_conv,1x960x7x7,0.460302
103,0,imagen.jpeg,124,batchnorm,1x960x7x7,0.046596
103,0,imagen.jpeg,125,activacion,1x960x7x7,0.150191
103,0,imagen.jpeg,126,pointwise_conv,1x960x7x7,4.199607
103,0,imagen.jpeg,127,batchnorm,1x160x7x7,0.007583
103,0,imagen.jpeg,128,layer_add,1x160x7x7,0.004195
103,0,imagen.jpeg,129,pointwise_conv,1x160x7x7,4.137394
103,0,imagen.jpeg,130,batchnorm,1x960x7x7,0.043645
103,0,imagen.jpeg,131,activacion,1x960x7x7,0.141801
103,0,imagen.jpeg,132,depthwise_conv,1x960x7x7,0.43903
103,0,imagen.jpeg,133,batchnorm,1x960x7x7,0.058606
103,0,imagen.jpeg,134,activacion,1x960x7x7,0.128016
103,0,imagen.jpeg,135,pointwise_conv,1x960x7x7,4.195539
103,0,imagen.jpeg,136,batchnorm,1x160x7x7,0.007418
103,0,imagen.jpeg,137,layer_add,1x160x7x7,0.004415
103,0,imagen.jpeg,138,pointwise_conv,1x160x7x7,4.09331
103,0,imagen.jpeg,139,batchnorm,1x960x7x7,0.042703
103,0,imagen.jpeg,140,activacion,1x960x7x7,0.110715
103,0,imagen.jpeg,141,depthwise_conv,1x960x7x7,0.4302
103,0,imagen.jpeg,142,batchnorm,1x960x7x7,0.047092
103,0,imagen.jpeg,143,activacion,1x960x7x7,0.087991
103,0,imagen.jpeg,144,pointwise_conv,1x960x7x7,8.40337
103,0,imagen.jpeg,145,batchnorm,1x320x7x7,0.018563
103,0,imagen.jpeg,146,pointwise_conv,1x320x7x7,10.838702
103,0,imagen.jpeg,147,batchnorm,1x1280x7x7,0.061459
103,0,imagen.jpeg,148,activacion,1x1280x7x7,0.213736
103,0,imagen.jpeg,149,pooling,1x1280x7x7,0.038932
103,0,imagen.jpeg,150,linear,1x1280,1.457053
104,0,imagen.jpeg,0,conv2d,1x3x224x224,15.641843
104,0,imagen.jpeg,1,batchnorm,1x32x112x112,0.427829
104,0,imagen.jpeg,2,activacion,1x32x112x112,0.644911
104,0,imagen.jpeg,3,depthwise_conv,1x32x112x112,3.983341
104,0,imagen.jpeg,4,batchnorm,1x32x112x112,2.507993
104,0,imagen.jpeg,5,activacion,1x32x112x112,0.79458
104,0,imagen.jpeg,6,pointwise_conv,1x32x112x112,4.058543
104,0,imagen.jpeg,7,batchnorm,1x16x112x112,0.198214
104,0,imagen.jpeg,8,pointwise_conv,1x16x112x112,11.379846
104,0,imagen.jpeg,9,batchnorm,1x96x112x112,2.114015
104,0,imagen.jpeg,10,activacion,1x96x112x112,3.816337
104,0,imagen.jpeg,11,depthwise_conv,1x96x112x112,3.076983
104,0,imagen.jpeg,12,batchnorm,1x96x56x56,0.276946
104,0,imagen.jpeg,13,activacion,1x96x56x56,1.033476
104,0,imagen.jpeg,14,pointwise_conv,1x96x56x56,3.811784
104,0,imagen.jpeg,15,batchnorm,1x24x56x56,0.063225
104,0,imagen.jpeg,16,pointwise_conv,1x24x56x56,6.749871
104,0,imagen.jpeg,17,batchnorm,1x144x56x56,0.939402
104,0,imagen.jpeg,18,activacion,1x144x56x56,1.34544
104,0,imagen.jpeg,19,depthwise_conv,1x144x56x56,4.503922
104,0,imagen.jpeg,20,batchnorm,1x144x56x56,0.887476
104,0,imagen.jpeg,21,activacion,1x144x56x56,1.583854
104,0,imagen.jpeg,22,pointwise_conv,1x144x56x56,5.992173
104,0,imagen.jpeg,23,batchnorm,1x24x56x56,0.067698
104,0,imagen.jpeg,24,layer_add,1x24x56x56,0.048329
104,0,imagen.jpeg,25,pointwise_conv,1x24x56x56,5.971279
104,0,imagen.jpeg,26,batchnorm,1x144x56x56,0.50045
104,0,imagen.jpeg,27,activacion,1x144x56x56,1.579329
104,0,imagen.jpeg,28,depthwise_conv,1x144x56x56,1.128088
104,0,imagen.jpeg,29,batchnorm,1x144x28x28,0.093182
104,0,imagen.jpeg,30,activacion,1x144x28x28,0.330275
104,0,imagen.jpeg,31,pointwise_conv,1x144x28x28,1.953291
104,0,imagen.jpeg,32,batchnorm,1x32x28x28,0.0207
104,0,imagen.jpeg,33,pointwise_conv,1x32x28x28,2.704016
104,0,imagen.jpeg,34,batchnorm,1x192x28x28,0.163585
104,0,imagen.jpeg,35,activacion,1x192x28x28,0.379303
104,0,imagen.jpeg,36,depthwise_conv,1x192x28x28,1.485687
104,0,imagen.jpeg,37,batchnorm,1x192x28x28,0.130773
104,0,imagen.jpeg,38,activacion,1x192x28x28,0.548338
104,0,imagen.jpeg,39,pointwise_conv,1x192x28x28,2.782714
104,0,imagen.jpeg,40,batchnorm,1x32x28x28,0.024284
104,0,imagen.jpeg,41,layer_add,1x32x28x28,0.014827
104,0,imagen.jpeg,42,pointwise_conv,1x32x28x28,2.654241
104,0,imagen.jpeg,43,batchnorm,1x192x28x28,0.161539
104,0,imagen.jpeg,44,activacion,1x192x28x28,0.414378
104,0,imagen.jpeg,45,depthwise_conv,1x192x28x28,1.470953
104,0,imagen.jpeg,46,batchnorm,1x192x28x28,0.138253
104,0,imagen.jpeg,47,activacion,1x192x28x28,0.48108
104,0,imagen.jpeg,48,pointwise_conv,1x192x28x28,2.608691
104,0,imagen.jpeg,49,batchnorm,1x32x28x28,0.020597
104,0,imagen.jpeg,50,layer_add,1x32x28x28,0.013616
104,0,imagen.jpeg,51,pointwise_conv,1x32x28x28,2.675811
104,0,imagen.jpeg,52,batchnorm,1x192x28x28,0.140654
104,0,imagen.jpeg,53,activacion,1x192x28x28,0.473775
104,0,imagen.jpeg,54,depthwise_conv,1x192x28x28,0.402155
104,0,imagen.jpeg,55,batchnorm,1x192x14x14,0.03497
104,0,imagen.jpeg,56,activacion,1x192x14x14,0.098663
104,0,imagen.jpeg,57,pointwise_conv,1x192x14x14,1.345455
104,0,imagen.jpeg,58,batchnorm,1x64x14x14,0.0118
104,0,imagen.jpeg,59,pointwise_conv,1x64x14x14,2.896783
104,0,imagen.jpeg,60,batchnorm,1x384x14x14,0.079132
104,0,imagen.jpeg,61,activacion,1x384x14x14,0.224339
104,0,imagen.jpeg,62,depthwise_conv,1x384x14x14,0.80769
104,0,imagen.jpeg,63,batchnorm,1x384x14x14,0.077793
104,0,imagen.jpeg,64,activacion,1x384x14x14,0.29543
104,0,imagen.jpeg,65,pointwise_conv,1x384x14x14,2.87205
104,0,imagen.jpeg,66,batchnorm,1x64x14x14,0.015299
104,0,imagen.jpeg,67,layer_add,1x64x14x14,0.007081
104,0,imagen.jpeg,68,pointwise_conv,1x64x14x14,2.82076
104,0,imagen.jpeg,69,batchnorm,1x384x14x14,0.090959
104,0,imagen.jpeg,70,activacion,1x384x14x14,0.235923
104,0,imagen.jpeg,71,depthwise_conv,1x384x14x14,0.786266
104,0,imagen.jpeg,72,batchnorm,1x384x14x14,0.09762
104,0,imagen.jpeg,73,activacion,1x384x14x14,0.272063
104,0,imagen.jpeg,74,pointwise_conv,1x384x14x14,2.865998
104,0,imagen.jpeg,75,batchnorm,1x64x14x14,0.014928
104,0,imagen.jpeg,76,layer_add,1x64x14x14,0.007729
104,0,imagen.jpeg,77,pointwise_conv,1x64x14x14,2.755661
104,0,imagen.jpeg,78,batchnorm,1x384x14x14,0.079362
104,0,imagen.jpeg,79,activacion,1x384x14x14,0.270671
104,0,imagen.jpeg,80,depthwise_conv,1x384x14x14,0.840221
104,0,imagen.jpeg,81,batchnorm,1x384x14x14,0.161694
104,0,imagen.jpeg,82,activacion,1x384x14x14,0.257428
104,0,imagen.jpeg,83,pointwise_conv,1x384x14x14,2.839642
104,0,imagen.jpeg,84,batchnorm,1x64x14x14,0.012507
104,0,imagen.jpeg,85,layer_add,1x64x14x14,0.007539
104,0,imagen.jpeg,86,pointwise_conv,1x64x14x14,2.913584
104,0,imagen.jpeg,87,batchnorm,1x384x14x14,0.075959
104,0,imagen.jpeg,88,activacion,1x384x14x14,0.314321
104,0,imagen.jpeg,89,depthwise_conv,1x384x14x14,0.836584
104,0,imagen.jpeg,90,batchnorm,1x384x14x14,0.076158
104,0,imagen.jpeg,91,activacion,1x384x14x14,0.264756
104,0,imagen.jpeg,92,pointwise_conv,1x384x14x14,4.553183
104,0,imagen.jpeg,93,batchnorm,1x96x14x14,0.021564
104,0,imagen.jpeg,94,pointwise_conv,1x96x14x14,6.984004
104,0,imagen.jpeg,95,batchnorm,1x576x14x14,0.121041
104,0,imagen.jpeg,96,activacion,1x576x14x14,0.404594
104,0,imagen.jpeg,97,depthwise_conv,1x576x14x14,1.313112
104,0,imagen.jpeg,98,batchnorm,1x576x14x14,0.192081
104,0,imagen.jpeg,99,activacion,1x576x14x14,0.361511
104,0,imagen.jpeg,100,pointwise_conv,1x576x14x14,6.597286
104,0,imagen.jpeg,101,batchnorm,1x96x14x14,0.032216
104,0,imagen.jpeg,102,layer_add,1x96x14x14,0.027428
104,0,imagen.jpeg,103,pointwise_conv,1x96x14x14,6.507286
104,0,imagen.jpeg,104,batchnorm,1x576x14x14,0.118002
104,0,imagen.jpeg,105,activacion,1x576x14x14,0.394506
104,0,imagen.jpeg,106,depthwise_conv,1x576x14x14,1.234124
104,0,imagen.jpeg,107,batchnorm,1x576x14x14,0.166221
104,0,imagen.jpeg,108,activacion,1x576x14x14,0.317892
104,0,imagen.jpeg,109,pointwise_conv,1x576x14x14,6.191853
104,0,imagen.jpeg,110,batchnorm,1x96x14x14,0.018499
104,0,imagen.jpeg,111,layer_add,1x96x14x14,0.015458
104,0,imagen.jpeg,112,pointwise_conv,1x96x14x14,7.209117
104,0,imagen.jpeg,113,batchnorm,1x576x14x14,0.124447
104,0,imagen.jpeg,114,activacion,1x576x14x14,0.354059
104,0,imagen.jpeg,115,depthwise_conv,1x576x14x14,0.336513
104,0,imagen.jpeg,116,batchnorm,1x576x7x7,0.035059
104,0,imagen.jpeg,117,activacion,1x576x7x7,0.074584
104,0,imagen.jpeg,118,pointwise_conv,1x576x7x7,2.862264
104,0,imagen.jpeg,119,batchnorm,1x160x7x7,0.008767
104,0,imagen.jpeg,120,pointwise_conv,1x160x7x7,4.53035
104,0,imagen.jpeg,121,batchnorm,1x960x7x7,0.048642
104,0,imagen.jpeg,122,activacion,1x960x7x7,0.166791
104,0,imagen.jpeg,123,depthwise_conv,1x960x7x7,0.460432
104,0,imagen.jpeg,124,batchnorm,1x960x7x7,0.046473
104,0,imagen.jpeg,125,activacion,1x960x7x7,0.151465
104,0,imagen.jpeg,126,pointwise_conv,1x960x7x7,5.010456
104,0,imagen.jpeg,127,batchnorm,1x160x7x7,0.009896
104,0,imagen.jpeg,128,layer_add,1x160x7x7,0.018978
104,0,imagen.jpeg,129,pointwise_conv,1x160x7x7,4.828877
104,0,imagen.jpeg,130,batchnorm,1x960x7x7,0.05963
104,0,imagen.jpeg,131,activacion,1x960x7x7,0.164011
104,0,imagen.jpeg,132,depthwise_conv,1x960x7x7,0.48729
104,0,imagen.jpeg,133,batchnorm,1x960x7x7,0.061813
104,0,imagen.jpeg,134,activacion,1x960x7x7,0.149064
104,0,imagen.jpeg,135,pointwise_conv,1x960x7x7,4.473317
104,0,imagen.jpeg,136,batchnorm,1x160x7x7,0.007973
104,0,imagen.jpeg,137,layer_add,1x160x7x7,0.004506
104,0,imagen.jpeg,138,pointwise_conv,1x160x7x7,4.719843
104,0,imagen.jpeg,139,batchnorm,1x960x7x7,0.066648
104,0,imagen.jpeg,140,activacion,1x960x7x7,0.131512
104,0,imagen.jpeg,141,depthwise_conv,1x960x7x7,0.506492
104,0,imagen.jpeg,142,batchnorm,1x960x7x7,0.055865
104,0,imagen.jpeg,143,activacion,1x960x7x7,0.098284
104,0,imagen.jpeg,144,pointwise_conv,1x960x7x7,8.934257
104,0,imagen.jpeg,145,batchnorm,1x320x7x7,0.017369
104,0,imagen.jpeg,146,pointwise_conv,1x320x7x7,11.242076
104,0,imagen.jpeg,147,batchnorm,1x1280x7x7,0.061704
104,0,imagen.jpeg,148,activacion,1x1280x7x7,0.181939
104,0,imagen.jpeg,149,pooling,1x1280x7x7,0.039558
104,0,imagen.jpeg,150,linear,1x1280,1.407799
105,0,imagen.jpeg,0,conv2d,1x3x224x224,15.78243
105,0,imagen.jpeg,1,batchnorm,1x32x112x112,0.410571
105,0,imagen.jpeg,2,activacion,1x32x112x112,0.678731
105,0,imagen.jpeg,3,depthwise_conv,1x32x112x112,4.061358
105,0,imagen.jpeg,4,batchnorm,1x32x112x112,2.347512
105,0,imagen.jpeg,5,activacion,1x32x112x112,0.726568
105,0,imagen.jpeg,6,pointwise_conv,1x32x112x112,3.530221
105,0,imagen.jpeg,7,batchnorm,1x16x112x112,0.173347
105,0,imagen.jpeg,8,pointwise_conv,1x16x112x112,11.220606
105,0,imagen.jpeg,9,batchnorm,1x96x112x112,2.085195
105,0,imagen.jpeg,10,activacion,1x96x112x112,3.469165
105,0,imagen.jpeg,11,depthwise_conv,1x96x112x112,3.277236
105,0,imagen.jpeg,12,batchnorm,1x96x56x56,0.297533
105,0,imagen.jpeg,13,activacion,1x96x56x56,1.070557
105,0,imagen.jpeg,14,pointwise_conv,1x96x56x56,4.353723
105,0,imagen.jpeg,15,batchnorm,1x24x56x56,0.073645
105,0,imagen.jpeg,16,pointwise_conv,1x24x56x56,8.211561
105,0,imagen.jpeg,17,batchnorm,1x144x56x56,1.038213
105,0,imagen.jpeg,18,activacion,1x144x56x56,1.428068
105,0,imagen.jpeg,19,depthwise_conv,1x144x56x56,5.571401
105,0,imagen.jpeg,20,batchnorm,1x144x56x56,1.054471
105,0,imagen.jpeg,21,activacion,1x144x56x56,1.799165
105,0,imagen.jpeg,22,pointwise_conv,1x144x56x56,6.646401
105,0,imagen.jpeg,23,batchnorm,1x24x56x56,0.072985
105,0,imagen.jpeg,24,layer_add,1x24x56x56,0.04705
105,0,imagen.jpeg,25,pointwise_conv,1x24x56x56,6.910894
105,0,imagen.jpeg,26,batchnorm,1x144x56x56,0.503295
105,0,imagen.jpeg,27,activacion,1x144x56x56,1.704703
105,0,imagen.jpeg,28,depthwise_conv,1x144x56x56,1.271729
105,0,imagen.jpeg,29,batchnorm,1x144x28x28,0.119804
105,0,imagen.jpeg,30,activacion,1x144x28x28,0.390727
105,0,imagen.jpeg,31,pointwise_conv,1x144x28x28,2.170497
105,0,imagen.jpeg,32,batchnorm,1x32x28x28,0.023532
105,0,imagen.jpeg,33,pointwise_conv,1x32x28x28,2.831331
105,0,imagen.jpeg,34,batchnorm,1x192x28x28,0.140353
105,0,imagen.jpeg,35,activacion,1x192x28x28,0.41443
105,0,imagen.jpeg,36,depthwise_conv,1x192x28x28,1.600811
105,0,imagen.jpeg,37,batchnorm,1x192x28x28,0.15018
105,0,imagen.jpeg,38,activacion,1x192x28x28,0.554525
105,0,imagen.jpeg,39,pointwise_conv,1x192x28x28,2.760144
105,0,imagen.jpeg,40,batchnorm,1x32x28x28,0.02333
105,0,imagen.jpeg,41,layer_add,1x32x28x28,0.016551
105,0,imagen.jpeg,42,pointwise_conv,1x32x28x28,2.821634
105,0,imagen.jpeg,43,batchnorm,1x192x28x28,0.147599
105,0,imagen.jpeg,44,activacion,1x192x28x28,0.443167
105,0,imagen.jpeg,45,depthwise_conv,1x192x28x28,1.498735
105,0,imagen.jpeg,46,batchnorm,1x192x28x28,0.128602
105,0,imagen.jpeg,47,activacion,1x192x28x28,0.521774
105,0,imagen.jpeg,48,pointwise_conv,1x192x28x28,2.678402
105,0,imagen.jpeg,49,batchnorm,1x32x28x28,0.021585
105,0,imagen.jpeg,50,layer_add,1x32x28x28,0.014091
105,0,imagen.jpeg,51,pointwise_conv,1x32x28x28,2.601409
105,0,imagen.jpeg,52,batchnorm,1x192x28x28,0.128366
105,0,imagen.jpeg,53,activacion,1x192x28x28,0.503323
105,0,imagen.jpeg,54,depthwise_conv,1x192x28x28,0.381794
105,0,imagen.jpeg,55,batchnorm,1x192x14x14,0.034185
105,0,imagen.jpeg,56,activacion,1x192x14x14,0.099057
105,0,imagen.jpeg,57,pointwise_conv,1x192x14x14,1.42401
105,0,imagen.jpeg,58,batchnorm,1x64x14x14,0.012495
105,0,imagen.jpeg,59,pointwise_conv,1x64x14x14,2.790083
105,0,imagen.jpeg,60,batchnorm,1x384x14x14,0.088394
105,0,imagen.jpeg,61,activacion,1x384x14x14,0.228072
105,0,imagen.jpeg,62,depthwise_conv,1x384x14x14,0.79996
105,0,imagen.jpeg,63,batchnorm,1x384x14x14,0.079982
105,0,imagen.jpeg,64,activacion,1x384x14x14,0.284665
105,0,imagen.jpeg,65,pointwise_conv,1x384x14x14,2.783911
105,0,imagen.jpeg,66,batchnorm,1x64x14x14,0.011176
105,0,imagen.jpeg,67,layer_add,1x64x14x14,0.007019
105,0,imagen.jpeg,68,pointwise_conv,1x64x14x14,2.676714
105,0,imagen.jpeg,69,batchnorm,1x384x14x14,0.068273
105,0,imagen.jpeg,70,activacion,1x384x14x14,0.255247
105,0,imagen.jpeg,71,depthwise_conv,1x384x14x14,0.771796
105,0,imagen.jpeg,72,batchnorm,1x384x14x14,0.095032
105,0,imagen.jpeg,73,activacion,1x384x14x14,0.245496
105,0,imagen.jpeg,74,pointwise_conv,1x384x14x14,2.735916
105,0,imagen.jpeg,75,batchnorm,1x64x14x14,0.010909
105,0,imagen.jpeg,76,layer_add,1x64x14x14,0.006772
105,0,imagen.jpeg,77,pointwise_conv,1x64x14x14,2.772944
105,0,imagen.jpeg,78,batchnorm,1x384x14x14,0.069535
105,0,imagen.jpeg,79,activacion,1x384x14x14,0.287789
105,0,imagen.jpeg,80,depthwise_conv,1x384x14x14,0.825376
105,0,imagen.jpeg,81,batchnorm,1x384x14x14,0.146635
105,0,imagen.jpeg,82,activacion,1x384x14x14,0.234576
105,0,imagen.jpeg,83,pointwise_conv,1x384x14x14,2.827473
105,0,imagen.jpeg,84,batchnorm,1x64x14x14,0.011805
105,0,imagen.jpeg,85,layer_add,1x64x14x14,0.007133
105,0,imagen.jpeg,86,pointwise_conv,1x64x14x14,2.70974
105,0,imagen.jpeg,87,batchnorm,1x384x14x14,0.067171
105,0,imagen.jpeg,88,activacion,1x384x14x14,0.251127
105,0,imagen.jpeg,89,depthwise_conv,1x384x14x14,0.779393
105,0,imagen.jpeg,90,batchnorm,1x384x14x14,0.067073
105,0,imagen.jpeg,91,activacion,1x384x14x14,0.242787
105,0,imagen.jpeg,92,pointwise_conv,1x384x14x14,4.081779
105,0,imagen.jpeg,93,batchnorm,1x96x14x14,0.017411
105,0,imagen.jpeg,94,pointwise_conv,1x96x14x14,6.070577
105,0,imagen.jpeg,95,batchnorm,1x576x14x14,0.115074
105,0,imagen.jpeg,96,activacion,1x576x14x14,0.359996
105,0,imagen.jpeg,97,depthwise_conv,1x576x14x14,1.183048
105,0,imagen.jpeg,98,batchnorm,1x576x14x14,0.213278
105,0,imagen.jpeg,99,activacion,1x576x14x14,0.339315
105,0,imagen.jpeg,100,pointwise_conv,1x576x14x14,6.175146
105,0,imagen.jpeg,101,batchnorm,1x96x14x14,0.017258
105,0,imagen.jpeg,102,layer_add,1x96x14x14,0.010335
105,0,imagen.jpeg,103,pointwise_conv,1x96x14x14,6.300615
105,0,imagen.jpeg,104,batchnorm,1x576x14x14,0.111647
105,0,imagen.jpeg,105,activacion,1x576x14x14,0.358945
105,0,imagen.jpeg,106,depthwise_conv,1x576x14x14,1.160036
105,0,imagen.jpeg,107,batchnorm,1x576x14x14,0.176025
105,0,imagen.jpeg,108,activacion,1x576x14x14,0.306187
105,0,imagen.jpeg,109,pointwise_conv,1x576x14x14,5.985589
105,0,imagen.jpeg,110,batchnorm,1x96x14x14,0.016811
105,0,imagen.jpeg,111,layer_add,1x96x14x14,0.012271
105,0,imagen.jpeg,112,pointwise_conv,1x96x14x14,6.103384
105,0,imagen.jpeg,113,batchnorm,1x576x14x14,0.136604
105,0,imagen.jpeg,114,activacion,1x576x14x14,0.464804
105,0,imagen.jpeg,115,depthwise_conv,1x576x14x14,0.280069
105,0,imagen.jpeg,116,batchnorm,1x576x7x7,0.041107
105,0,imagen.jpeg,117,activacion,1x576x7x7,0.093818
105,0,imagen.jpeg,118,pointwise_conv,1x576x7x7,2.585787
105,0,imagen.jpeg,119,batchnorm,1x160x7x7,0.008461
105,0,imagen.jpeg,120,pointwise_conv,1x160x7x7,4.144668
105,0,imagen.jpeg,121,batchnorm,1x960x7x7,0.0463
105,0,imagen.jpeg,122,activacion,1x960x7x7,0.153065
105,0,imagen.jpeg,123,depthwise_conv,1x960x7x7,0.424307
105,0,imagen.jpeg,124,batchnorm,1x960x7x7,0.043437
105,0,imagen.jpeg,125,activacion,1x960x7x7,0.151901
105,0,imagen.jpeg,126,pointwise_conv,1x960x7x7,4.154181
105,0,imagen.jpeg,127,batchnorm,1x160x7x7,0.007117
105,0,imagen.jpeg,128,layer_add,1x160x7x7,0.004039
105,0,imagen.jpeg,129,pointwise_conv,1x160x7x7,4.183402
105,0,imagen.jpeg,130,batchnorm,1x960x7x7,0.043228
105,0,imagen.jpeg,131,activacion,1x960x7x7,0.137694
105,0,imagen.jpeg,132,depthwise_conv,1x960x7x7,0.429622
105,0,imagen.jpeg,133,batchnorm,1x960x7x7,0.053933
105,0,imagen.jpeg,134,activacion,1x960x7x7,0.124164
105,0,imagen.jpeg,135,pointwise_conv,1x960x7x7,4.275336
105,0,imagen.jpeg,136,batchnorm,1x160x7x7,0.007706
105,0,imagen.jpeg,137,layer_add,1x160x7x7,0.005007
105,0,imagen.jpeg,138,pointwise_conv,1x160x7x7,4.104926
105,0,imagen.jpeg,139,batchnorm,1x960x7x7,0.044518
105,0,imagen.jpeg,140,activacion,1x960x7x7,0.111211
105,0,imagen.jpeg,141,depthwise_conv,1x960x7x7,0.440747
105,0,imagen.jpeg,142,batchnorm,1x960x7x7,0.04685
105,0,imagen.jpeg,143,activacion,1x960x7x7,0.087713
105,0,imagen.jpeg,144,pointwise_conv,1x960x7x7,8.188792
105,0,imagen.jpeg,145,batchnorm,1x320x7x7,0.015774
105,0,imagen.jpeg,146,pointwise_conv,1x320x7x7,11.007903
105,0,imagen.jpeg,147,batchnorm,1x1280x7x7,0.086145
105,0,imagen.jpeg,148,activacion,1x1280x7x7,0.175509
105,0,imagen.jpeg,149,pooling,1x1280x7x7,0.038152
105,0,imagen.jpeg,150,linear,1x1280,1.37646
106,0,imagen.jpeg,0,conv2d,1x3x224x224,17.350376
106,0,imagen.jpeg,1,batchnorm,1x32x112x112,0.438027
106,0,imagen.jpeg,2,activacion,1x32x112x112,0.718807
106,0,imagen.jpeg,3,depthwise_conv,1x32x112x112,4.221432
106,0,imagen.jpeg,4,batchnorm,1x32x112x112,2.368951
106,0,imagen.jpeg,5,activacion,1x32x112x112,0.736273
106,0,imagen.jpeg,6,pointwise_conv,1x32x112x112,3.674732
106,0,imagen.jpeg,7,batchnorm,1x16x112x112,0.186444
106,0,imagen.jpeg,8,pointwise_conv,1x16x112x112,11.444104
106,0,imagen.jpeg,9,batchnorm,1x96x112x112,2.064465
106,0,imagen.jpeg,10,activacion,1x96x112x112,3.547433
106,0,imagen.jpeg,11,depthwise_conv,1x96x112x112,3.444521
106,0,imagen.jpeg,12,batchnorm,1x96x56x56,0.275964
106,0,imagen.jpeg,13,activacion,1x96x56x56,1.01359
106,0,imagen.jpeg,14,pointwise_conv,1x96x56x56,4.382532
106,0,imagen.jpeg,15,batchnorm,1x24x56x56,0.070233
106,0,imagen.jpeg,16,pointwise_conv,1x24x56x56,6.806956
106,0,imagen.jpeg,17,batchnorm,1x144x56x56,1.012994
106,0,imagen.jpeg,18,activacion,1x144x56x56,1.356163
106,0,imagen.jpeg,19,depthwise_conv,1x144x56x56,4.489537
106,0,imagen.jpeg,20,batchnorm,1x144x56x56,0.872035
106,0,imagen.jpeg,21,activacion,1x144x56x56,1.5932
106,0,imagen.jpeg,22,pointwise_conv,1x144x56x56,6.685923
106,0,imagen.jpeg,23,batchnorm,1x24x56x56,0.067824
106,0,imagen.jpeg,24,layer_add,1x24x56x56,0.044332
106,0,imagen.jpeg,25,pointwise_conv,1x24x56x56,6.387818
106,0,imagen.jpeg,26,batchnorm,1x144x56x56,0.423372
106,0,imagen.jpeg,27,activacion,1x144x56x56,1.54668
106,0,imagen.jpeg,28,depthwise_conv,1x144x56x56,1.107263
106,0,imagen.jpeg,29,batchnorm,1x144x28x28,0.096138
106,0,imagen.jpeg,30,activacion,1x144x28x28,0.340946
106,0,imagen.jpeg,31,pointwise_conv,1x144x28x28,1.968886
106,0,imagen.jpeg,32,batchnorm,1x32x28x28,0.021684
106,0,imagen.jpeg,33,pointwise_conv,1x32x28x28,2.757568
106,0,imagen.jpeg,34,batchnorm,1x192x28x28,0.138699
106,0,imagen.jpeg,35,activacion,1x192x28x28,0.377729
106,0,imagen.jpeg,36,depthwise_conv,1x192x28x28,1.520558
106,0,imagen.jpeg,37,batchnorm,1x192x28x28,0.142576
106,0,imagen.jpeg,38,activacion,1x192x28x28,0.542648
106,0,imagen.jpeg,39,pointwise_conv,1x192x28x28,3.165981
106,0,imagen.jpeg,40,batchnorm,1x32x28x28,0.025003
106,0,imagen.jpeg,41,layer_add,1x32x28x28,0.014212
106,0,imagen.jpeg,42,pointwise_conv,1x32x28x28,2.717892
106,0,imagen.jpeg,43,batchnorm,1x192x28x28,0.139332
106,0,imagen.jpeg,44,activacion,1x192x28x28,0.450362
106,0,imagen.jpeg,45,depthwise_conv,1x192x28x28,1.487262
106,0,imagen.jpeg,46,batchnorm,1x192x28x28,0.131682
106,0,imagen.jpeg,47,activacion,1x192x28x28,0.510509
106,0,imagen.jpeg,48,pointwise_conv,1x192x28x28,2.646395
106,0,imagen.jpeg,49,batchnorm,1x32x28x28,0.022029
106,0,imagen.jpeg,50,layer_add,1x32x28x28,0.013174
106,0,imagen.jpeg,51,pointwise_conv,1x32x28x28,2.679783
106,0,imagen.jpeg,52,batchnorm,1x192x28x28,0.132072
106,0,imagen.jpeg,53,activacion,1x192x28x28,0.502713
106,0,imagen.jpeg,54,depthwise_conv,1x192x28x28,0.384754
106,0,imagen.jpeg,55,batchnorm,1x192x14x14,0.042475
106,0,imagen.jpeg,56,activacion,1x192x14x14,0.09887
106,0,imagen.jpeg,57,pointwise_conv,1x192x14x14,1.346
106,0,imagen.jpeg,58,batchnorm,1x64x14x14,0.011832
106,0,imagen.jpeg,59,pointwise_conv,1x64x14x14,2.713504
106,0,imagen.jpeg,60,batchnorm,1x384x14x14,0.065334
106,0,imagen.jpeg,61,activacion,1x384x14x14,0.186382
106,0,imagen.jpeg,62,depthwise_conv,1x384x14x14,0.760548
106,0,imagen.jpeg,63,batchnorm,1x384x14x14,0.066204
106,0,imagen.jpeg,64,activacion,1x384x14x14,0.278161
106,0,imagen.jpeg,65,pointwise_conv,1x384x14x14,2.757771
106,0,imagen.jpeg,66,batchnorm,1x64x14x14,0.011871
106,0,imagen.jpeg,67,layer_add,1x64x14x14,0.007088
106,0,imagen.jpeg,68,pointwise_conv,1x64x14x14,2.763089
106,0,imagen.jpeg,69,batchnorm,1x384x14x14,0.066257
106,0,imagen.jpeg,70,activacion,1x384x14x14,0.227752
106,0,imagen.jpeg,71,depthwise_conv,1x384x14x14,0.792593
106,0,imagen.jpeg,72,batchnorm,1x384x14x14,0.095949
106,0,imagen.jpeg,73,activacion,1x384x14x14,0.263478
106,0,imagen.jpeg,74,pointwise_conv,1x384x14x14,2.698156
106,0,imagen.jpeg,75,batchnorm,1x64x14x14,0.010855
106,0,imagen.jpeg,76,layer_add,1x64x14x14,0.006982
106,0,imagen.jpeg,77,pointwise_conv,1x64x14x14,2.920523
106,0,imagen.jpeg,78,batchnorm,1x384x14x14,0.070154
106,0,imagen.jpeg,79,activacion,1x384x14x14,0.274252
106,0,imagen.jpeg,80,depthwise_conv,1x384x14x14,0.774439
106,0,imagen.jpeg,81,batchnorm,1x384x14x14,0.149845
106,0,imagen.jpeg,82,activacion,1x384x14x14,0.235911
106,0,imagen.jpeg,83,pointwise_conv,1x384x14x14,2.695646
106,0,imagen.jpeg,84,batchnorm,1x64x14x14,0.011095
106,0,imagen.jpeg,85,layer_add,1x64x14x14,0.006236
106,0,imagen.jpeg,86,pointwise_conv,1x64x14x14,2.68355
106,0,imagen.jpeg,87,batchnorm,1x384x14x14,0.066313
106,0,imagen.jpeg,88,activacion,1x384x14x14,0.258863
106,0,imagen.jpeg,89,depthwise_conv,1x384x14x14,0.751743
106,0,imagen.jpeg,90,batchnorm,1x384x14x14,0.065804
106,0,imagen.jpeg,91,activacion,1x384x14x14,0.236231
106,0,imagen.jpeg,92,pointwise_conv,1x384x14x14,4.079319
106,0,imagen.jpeg,93,batchnorm,1x96x14x14,0.017951
106,0,imagen.jpeg,94,pointwise_conv,1x96x14x14,6.1643
106,0,imagen.jpeg,95,batchnorm,1x576x14x14,0.101101
106,0,imagen.jpeg,96,activacion,1x576x14x14,0.38343
106,0,imagen.jpeg,97,depthwise_conv,1x576x14x14,1.10982
106,0,imagen.jpeg,98,batchnorm,1x576x14x14,0.164135
106,0,imagen.jpeg,99,activacion,1x576x14x14,0.325996
106,0,imagen.jpeg,100,pointwise_conv,1x576x14x14,5.798846
106,0,imagen.jpeg,101,batchnorm,1x96x14x14,0.016882
106,0,imagen.jpeg,102,layer_add,1x96x14x14,0.009582
106,0,imagen.jpeg,103,pointwise_conv,1x96x14x14,6.822571
106,0,imagen.jpeg,104,batchnorm,1x576x14x14,0.174553
106,0,imagen.jpeg,105,activacion,1x576x14x14,0.37813
106,0,imagen.jpeg,106,depthwise_conv,1x576x14x14,1.170064
106,0,imagen.jpeg,107,batchnorm,1x576x14x14,0.191949
106,0,imagen.jpeg,108,activacion,1x576x14x14,0.333267
106,0,imagen.jpeg,109,pointwise_conv,1x576x14x14,6.161448
106,0,imagen.jpeg,110,batchnorm,1x96x14x14,0.017544
106,0,imagen.jpeg,111,layer_add,1x96x14x14,0.012425
106,0,imagen.jpeg,112,pointwise_conv,1x96x14x14,6.75071
106,0,imagen.jpeg,113,batchnorm,1x576x14x14,0.1134
106,0,imagen.jpeg,114,activacion,1x576x14x14,0.348644
106,0,imagen.jpeg,115,depthwise_conv,1x576x14x14,0.283363
106,0,imagen.jpeg,116,batchnorm,1x576x7x7,0.031491
106,0,imagen.jpeg,117,activacion,1x576x7x7,0.068
106,0,imagen.jpeg,118,pointwise_conv,1x576x7x7,2.510474
106,0,imagen.jpeg,119,batchnorm,1x160x7x7,0.007266
106,0,imagen.jpeg,120,pointwise_conv,1x160x7x7,4.103054
106,0,imagen.jpeg,121,batchnorm,1x960x7x7,0.042879
106,0,imagen.jpeg,122,activacion,1x960x7x7,0.143854
106,0,imagen.jpeg,123,depthwise_conv,1x960x7x7,0.42873
106,0,imagen.jpeg,124,batchnorm,1x960x7x7,0.045187
106,0,imagen.jpeg,125,activacion,1x960x7x7,0.138445
106,0,imagen.jpeg,126,pointwise_conv,1x960x7x7,4.189004
106,0,imagen.jpeg,127,batchnorm,1x160x7x7,0.007824
106,0,imagen.jpeg,128,layer_add,1x160x7x7,0.004126
106,0,imagen.jpeg,129,pointwise_conv,1x160x7x7,4.220847
106,0,imagen.jpeg,130,batchnorm,1x960x7x7,0.045554
106,0,imagen.jpeg,131,activacion,1x960x7x7,0.141339
106,0,imagen.jpeg,132,depthwise_conv,1x960x7x7,0.451709
106,0,imagen.jpeg,133,batchnorm,1x960x7x7,0.055276
106,0,imagen.jpeg,134,activacion,1x960x7x7,0.128357
106,0,imagen.jpeg,135,pointwise_conv,1x960x7x7,4.104134
106,0,imagen.jpeg,136,batchnorm,1x160x7x7,0.00717
106,0,imagen.jpeg,137,layer_add,1x160x7x7,0.004176
106,0,imagen.jpeg,138,pointwise_conv,1x160x7x7,4.008916
106,0,imagen.jpeg,139,batchnorm,1x960x7x7,0.042945
106,0,imagen.jpeg,140,activacion,1x960x7x7,0.116011
106,0,imagen.jpeg,141,depthwise_conv,1x960x7x7,0.423799
106,0,imagen.jpeg,142,batchnorm,1x960x7x7,0.046596
106,0,imagen.jpeg,143,activacion,1x960x7x7,0.087868
106,0,imagen.jpeg,144,pointwise_conv,1x960x7x7,8.178398
106,0,imagen.jpeg,145,batchnorm,1x320x7x7,0.01914
106,0,imagen.jpeg,146,pointwise_conv,1x320x7x7,10.866212
106,0,imagen.jpeg,147,batchnorm,1x1280x7x7,0.065258
106,0,imagen.jpeg,148,activacion,1x1280x7x7,0.185541
106,0,imagen.jpeg,149,pooling,1x1280x7x7,0.040348
106,0,imagen.jpeg,150,linear,1x1280,1.398907
107,0,imagen.jpeg,0,conv2d,1x3x224x224,15.725978
107,0,imagen.jpeg,1,batchnorm,1x32x112x112,0.404861
107,0,imagen.jpeg,2,activacion,1x32x112x112,0.689464
107,0,imagen.jpeg,3,depthwise_conv,1x32x112x112,3.947101
107,0,imagen.jpeg,4,batchnorm,1x32x112x112,2.290111
107,0,imagen.jpeg,5,activacion,1x32x112x112,0.749099
107,0,imagen.jpeg,6,pointwise_conv,1x32x112x112,3.563494
107,0,imagen.jpeg,7,batchnorm,1x16x112x112,0.202698
107,0,imagen.jpeg,8,pointwise_conv,1x16x112x112,11.19333
107,0,imagen.jpeg,9,batchnorm,1x96x112x112,2.084569
107,0,imagen.jpeg,10,activacion,1x96x112x112,3.338967
107,0,imagen.jpeg,11,depthwise_conv,1x96x112x112,3.479934
107,0,imagen.jpeg,12,batchnorm,1x96x56x56,0.301948
107,0,imagen.jpeg,13,activacion,1x96x56x56,1.040686
107,0,imagen.jpeg,14,pointwise_conv,1x96x56x56,3.945034
107,0,imagen.jpeg,15,batchnorm,1x24x56x56,0.062863
107,0,imagen.jpeg,16,pointwise_conv,1x24x56x56,6.829662
107,0,imagen.jpeg,17,batchnorm,1x144x56x56,0.886693
107,0,imagen.jpeg,18,activacion,1x144x56x56,1.315327
107,0,imagen.jpeg,19,depthwise_conv,1x144x56x56,4.455699
107,0,imagen.jpeg,20,batchnorm,1x144x56x56,0.864617
107,0,imagen.jpeg,21,activacion,1x144x56x56,1.602111
107,0,imagen.jpeg,22,pointwise_conv,1x144x56x56,6.630272
107,0,imagen.jpeg,23,batchnorm,1x24x56x56,0.091364
107,0,imagen.jpeg,24,layer_add,1x24x56x56,0.053135
107,0,imagen.jpeg,25,pointwise_conv,1x24x56x56,6.075293
107,0,imagen.jpeg,26,batchnorm,1x144x56x56,0.410531
107,0,imagen.jpeg,27,activacion,1x144x56x56,1.502068
107,0,imagen.jpeg,28,depthwise_conv,1x144x56x56,1.135961
107,0,imagen.jpeg,29,batchnorm,1x144x28x28,0.096881
107,0,imagen.jpeg,30,activacion,1x144x28x28,0.340469
107,0,imagen.jpeg,31,pointwise_conv,1x144x28x28,2.00042
107,0,imagen.jpeg,32,batchnorm,1x32x28x28,0.021503
107,0,imagen.jpeg,33,pointwise_conv,1x32x28x28,2.711215
107,0,imagen.jpeg,34,batchnorm,1x192x28x28,0.136783
107,0,imagen.jpeg,35,activacion,1x192x28x28,0.388803
107,0,imagen.jpeg,36,depthwise_conv,1x192x28x28,1.497221
107,0,imagen.jpeg,37,batchnorm,1x192x28x28,0.128257
107,0,imagen.jpeg,38,activacion,1x192x28x28,0.53895
107,0,imagen.jpeg,39,pointwise_conv,1x192x28x28,2.604821
107,0,imagen.jpeg,40,batchnorm,1x32x28x28,0.021555
107,0,imagen.jpeg,41,layer_add,1x32x28x28,0.012962
107,0,imagen.jpeg,42,pointwise_conv,1x32x28x28,2.576182
107,0,imagen.jpeg,43,batchnorm,1x192x28x28,0.123868
107,0,imagen.jpeg,44,activacion,1x192x28x28,0.437812
107,0,imagen.jpeg,45,depthwise_conv,1x192x28x28,1.454576
107,0,imagen.jpeg,46,batchnorm,1x192x28x28,0.128843
107,0,imagen.jpeg,47,activacion,1x192x28x28,0.497812
107,0,imagen.jpeg,48,pointwise_conv,1x192x28x28,2.599275
107,0,imagen.jpeg,49,batchnorm,1x32x28x28,0.021093
107,0,imagen.jpeg,50,layer_add,1x32x28x28,0.012216
107,0,imagen.jpeg,51,pointwise_conv,1x32x28x28,2.641198
107,0,imagen.jpeg,52,batchnorm,1x192x28x28,0.182403
107,0,imagen.jpeg,53,activacion,1x192x28x28,0.456145
107,0,imagen.jpeg,54,depthwise_conv,1x192x28x28,0.354617
107,0,imagen.jpeg,55,batchnorm,1x192x14x14,0.058924
107,0,imagen.jpeg,56,activacion,1x192x14x14,0.093623
107,0,imagen.jpeg,57,pointwise_conv,1x192x14x14,1.305919
107,0,imagen.jpeg,58,batchnorm,1x64x14x14,0.011329
107,0,imagen.jpeg,59,pointwise_conv,1x64x14x14,2.686419
107,0,imagen.jpeg,60,batchnorm,1x384x14x14,0.065961
107,0,imagen.jpeg,61,activacion,1x384x14x14,0.18563
107,0,imagen.jpeg,62,depthwise_conv,1x384x14x14,0.752657
107,0,imagen.jpeg,63,batchnorm,1x384x14x14,0.065436
107,0,imagen.jpeg,64,activacion,1x384x14x14,0.259164
107,0,imagen.jpeg,65,pointwise_conv,1x384x14x14,2.641663
107,0,imagen.jpeg,66,batchnorm,1x64x14x14,0.01086
107,0,imagen.jpeg,67,layer_add,1x64x14x14,0.00596
107,0,imagen.jpeg,68,pointwise_conv,1x64x14x14,2.695193
107,0,imagen.jpeg,69,batchnorm,1x384x14x14,0.063759
107,0,imagen.jpeg,70,activacion,1x384x14x14,0.240693
107,0,imagen.jpeg,71,depthwise_conv,1x384x14x14,0.883577
107,0,imagen.jpeg,72,batchnorm,1x384x14x14,0.107695
107,0,imagen.jpeg,73,activacion,1x384x14x14,0.27728
107,0,imagen.jpeg,74,pointwise_conv,1x384x14x14,2.919466
107,0,imagen.jpeg,75,batchnorm,1x64x14x14,0.011237
107,0,imagen.jpeg,76,layer_add,1x64x14x14,0.007728
107,0,imagen.jpeg,77,pointwise_conv,1x64x14x14,2.7123
107,0,imagen.jpeg,78,batchnorm,1x384x14x14,0.065852
107,0,imagen.jpeg,79,activacion,1x384x14x14,0.268321
107,0,imagen.jpeg,80,depthwise_conv,1x384x14x14,0.747214
107,0,imagen.jpeg,81,batchnorm,1x384x14x14,0.142101
107,0,imagen.jpeg,82,activacion,1x384x14x14,0.241298
107,0,imagen.jpeg,83,pointwise_conv,1x384x14x14,2.676504
107,0,imagen.jpeg,84,batchnorm,1x64x14x14,0.011076
107,0,imagen.jpeg,85,layer_add,1x64x14x14,0.006519
107,0,imagen.jpeg,86,pointwise_conv,1x64x14x14,2.647253
107,0,imagen.jpeg,87,batchnorm,1x384x14x14,0.065364
107,0,imagen.jpeg,88,activacion,1x384x14x14,0.254717
107,0,imagen.jpeg,89,depthwise_conv,1x384x14x14,0.748083
107,0,imagen.jpeg,90,batchnorm,1x384x14x14,0.065266
107,0,imagen.jpeg,91,activacion,1x384x14x14,0.239141
107,0,imagen.jpeg,92,pointwise_conv,1x384x14x14,4.944632
107,0,imagen.jpeg,93,batchnorm,1x96x14x14,0.029281
107,0,imagen.jpeg,94,pointwise_conv,1x96x14x14,6.903469
107,0,imagen.jpeg,95,batchnorm,1x576x14x14,0.112359
107,0,imagen.jpeg,96,activacion,1x576x14x14,0.371781
107,0,imagen.jpeg,97,depthwise_conv,1x576x14x14,1.173941
107,0,imagen.jpeg,98,batchnorm,1x576x14x14,0.176311
107,0,imagen.jpeg,99,activacion,1x576x14x14,0.332923
107,0,imagen.jpeg,100,pointwise_conv,1x576x14x14,6.028152
107,0,imagen.jpeg,101,batchnorm,1x96x14x14,0.017175
107,0,imagen.jpeg,102,layer_add,1x96x14x14,0.009988
107,0,imagen.jpeg,103,pointwise_conv,1x96x14x14,6.036156
107,0,imagen.jpeg,104,batchnorm,1x576x14x14,0.105543
107,0,imagen.jpeg,105,activacion,1x576x14x14,0.361945
107,0,imagen.jpeg,106,depthwise_conv,1x576x14x14,1.122565
107,0,imagen.jpeg,107,batchnorm,1x576x14x14,0.157426
107,0,imagen.jpeg,108,activacion,1x576x14x14,0.316434
107,0,imagen.jpeg,109,pointwise_conv,1x576x14x14,5.992249
107,0,imagen.jpeg,110,batchnorm,1x96x14x14,0.016506
107,0,imagen.jpeg,111,layer_add,1x96x14x14,0.012153
107,0,imagen.jpeg,112,pointwise_conv,1x96x14x14,6.02893
107,0,imagen.jpeg,113,batchnorm,1x576x14x14,0.102882
107,0,imagen.jpeg,114,activacion,1x576x14x14,0.312742
107,0,imagen.jpeg,115,depthwise_conv,1x576x14x14,0.272375
107,0,imagen.jpeg,116,batchnorm,1x576x7x7,0.057123
107,0,imagen.jpeg,117,activacion,1x576x7x7,0.064761
107,0,imagen.jpeg,118,pointwise_conv,1x576x7x7,2.394049
107,0,imagen.jpeg,119,batchnorm,1x160x7x7,0.0075
107,0,imagen.jpeg,120,pointwise_conv,1x160x7x7,4.076216
107,0,imagen.jpeg,121,batchnorm,1x960x7x7,0.04613
107,0,imagen.jpeg,122,activacion,1x960x7x7,0.154724
107,0,imagen.jpeg,123,depthwise_conv,1x960x7x7,0.448081
107,0,imagen.jpeg,124,batchnorm,1x960x7x7,0.042621
107,0,imagen.jpeg,125,activacion,1x960x7x7,0.137206
107,0,imagen.jpeg,126,pointwise_conv,1x960x7x7,3.998968
107,0,imagen.jpeg,127,batchnorm,1x160x7x7,0.007798
107,0,imagen.jpeg,128,layer_add,1x160x7x7,0.0044
107,0,imagen.jpeg,129,pointwise_conv,1x160x7x7,4.151503
107,0,imagen.jpeg,130,batchnorm,1x960x7x7,0.045543
107,0,imagen.jpeg,131,activacion,1x960x7x7,0.149915
107,0,imagen.jpeg,132,depthwise_conv,1x960x7x7,0.451836
107,0,imagen.jpeg,133,batchnorm,1x960x7x7,0.063647
107,0,imagen.jpeg,134,activacion,1x960x7x7,0.127451
107,0,imagen.jpeg,135,pointwise_conv,1x960x7x7,4.081592
107,0,imagen.jpeg,136,batchnorm,1x160x7x7,0.007702
107,0,imagen.jpeg,137,layer_add,1x160x7x7,0.003818
107,0,imagen.jpeg,138,pointwise_conv,1x160x7x7,4.108208
107,0,imagen.jpeg,139,batchnorm,1x960x7x7,0.043638
107,0,imagen.jpeg,140,activacion,1x960x7x7,0.117086
107,0,imagen.jpeg,141,depthwise_conv,1x960x7x7,0.431965
107,0,imagen.jpeg,142,batchnorm,1x960x7x7,0.047832
107,0,imagen.jpeg,143,activacion,1x960x7x7,0.09005
107,0,imagen.jpeg,144,pointwise_conv,1x960x7x7,8.239959
107,0,imagen.jpeg,145,batchnorm,1x320x7x7,0.016469
107,0,imagen.jpeg,146,pointwise_conv,1x320x7x7,11.066351
107,0,imagen.jpeg,147,batchnorm,1x1280x7x7,0.065826
107,0,imagen.jpeg,148,activacion,1x1280x7x7,0.185147
107,0,imagen.jpeg,149,pooling,1x1280x7x7,0.040676
107,0,imagen.jpeg,150,linear,1x1280,1.400643
108,0,imagen.jpeg,0,conv2d,1x3x224x224,15.696827
108,0,imagen.jpeg,1,batchnorm,1x32x112x112,0.460687
108,0,imagen.jpeg,2,activacion,1x32x112x112,0.64229
108,0,imagen.jpeg,3,depthwise_conv,1x32x112x112,3.913637
108,0,imagen.jpeg,4,batchnorm,1x32x112x112,2.31323
108,0,imagen.jpeg,5,activacion,1x32x112x112,0.741812
108,0,imagen.jpeg,6,pointwise_conv,1x32x112x112,3.491044
108,0,imagen.jpeg,7,batchnorm,1x16x112x112,0.194034
108,0,imagen.jpeg,8,pointwise_conv,1x16x112x112,10.852423
108,0,imagen.jpeg,9,batchnorm,1x96x112x112,2.03614
108,0,imagen.jpeg,10,activacion,1x96x112x112,3.431476
108,0,imagen.jpeg,11,depthwise_conv,1x96x112x112,3.104878
108,0,imagen.jpeg,12,batchnorm,1x96x56x56,0.288867
108,0,imagen.jpeg,13,activacion,1x96x56x56,1.011306
108,0,imagen.jpeg,14,pointwise_conv,1x96x56x56,3.954653
108,0,imagen.jpeg,15,batchnorm,1x24x56x56,0.062835
108,0,imagen.jpeg,16,pointwise_conv,1x24x56x56,6.400776
108,0,imagen.jpeg,17,batchnorm,1x144x56x56,0.854075
108,0,imagen.jpeg,18,activacion,1x144x56x56,1.327255
108,0,imagen.jpeg,19,depthwise_conv,1x144x56x56,4.49829
108,0,imagen.jpeg,20,batchnorm,1x144x56x56,0.895472
108,0,imagen.jpeg,21,activacion,1x144x56x56,1.647882
108,0,imagen.jpeg,22,pointwise_conv,1x144x56x56,6.170612
108,0,imagen.jpeg,23,batchnorm,1x24x56x56,0.066392
108,0,imagen.jpeg,24,layer_add,1x24x56x56,0.049536
108,0,imagen.jpeg,25,pointwise_conv,1x24x56x56,5.867453
108,0,imagen.jpeg,26,batchnorm,1x144x56x56,0.453503
108,0,imagen.jpeg,27,activacion,1x144x56x56,1.488521
108,0,imagen.jpeg,28,depthwise_conv,1x144x56x56,1.158214
108,0,imagen.jpeg,29,batchnorm,1x144x28x28,0.093653
108,0,imagen.jpeg,30,activacion,1x144x28x28,0.322951
108,0,imagen.jpeg,31,pointwise_conv,1x144x28x28,1.916933
108,0,imagen.jpeg,32,batchnorm,1x32x28x28,0.020616
108,0,imagen.jpeg,33,pointwise_conv,1x32x28x28,2.643333
108,0,imagen.jpeg,34,batchnorm,1x192x28x28,0.134338
108,0,imagen.jpeg,35,activacion,1x192x28x28,0.364784
108,0,imagen.jpeg,36,depthwise_conv,1x192x28x28,1.453593
108,0,imagen.jpeg,37,batchnorm,1x192x28x28,0.127342
108,0,imagen.jpeg,38,activacion,1x192x28x28,0.505842
108,0,imagen.jpeg,39,pointwise_conv,1x192x28x28,2.593887
108,0,imagen.jpeg,40,batchnorm,1x32x28x28,0.02147
108,0,imagen.jpeg,41,layer_add,1x32x28x28,0.013109
108,0,imagen.jpeg,42,pointwise_conv,1x32x28x28,2.597954
108,0,imagen.jpeg,43,batchnorm,1x192x28x28,0.128321
108,0,imagen.jpeg,44,activacion,1x192x28x28,0.426394
108,0,imagen.jpeg,45,depthwise_conv,1x192x28x28,1.463584
108,0,imagen.jpeg,46,batchnorm,1x192x28x28,0.132168
108,0,imagen.jpeg,47,activacion,1x192x28x28,0.51429
108,0,imagen.jpeg,48,pointwise_conv,1x192x28x28,2.571057
108,0,imagen.jpeg,49,batchnorm,1x32x28x28,0.02131
108,0,imagen.jpeg,50,layer_add,1x32x28x28,0.012588
108,0,imagen.jpeg,51,pointwise_conv,1x32x28x28,2.633706
108,0,imagen.jpeg,52,batchnorm,1x192x28x28,0.132676
108,0,imagen.jpeg,53,activacion,1x192x28x28,0.490887
108,0,imagen.jpeg,54,depthwise_conv,1x192x28x28,0.381721
108,0,imagen.jpeg,55,batchnorm,1x192x14x14,0.047272
108,0,imagen.jpeg,56,activacion,1x192x14x14,0.096042
108,0,imagen.jpeg,57,pointwise_conv,1x192x14x14,1.310238
108,0,imagen.jpeg,58,batchnorm,1x64x14x14,0.011846
108,0,imagen.jpeg,59,pointwise_conv,1x64x14x14,2.647333
108,0,imagen.jpeg,60,batchnorm,1x384x14x14,0.066123
108,0,imagen.jpeg,61,activacion,1x384x14x14,0.190384
108,0,imagen.jpeg,62,depthwise_conv,1x384x14x14,0.750847
108,0,imagen.jpeg,63,batchnorm,1x384x14x14,0.065969
108,0,imagen.jpeg,64,activacion,1x384x14x14,0.262405
108,0,imagen.jpeg,65,pointwise_conv,1x384x14x14,2.621531
108,0,imagen.jpeg,66,batchnorm,1x64x14x14,0.011535
108,0,imagen.jpeg,67,layer_add,1x64x14x14,0.006358
108,0,imagen.jpeg,68,pointwise_conv,1x64x14x14,2.648917
108,0,imagen.jpeg,69,batchnorm,1x384x14x14,0.065277
108,0,imagen.jpeg,70,activacion,1x384x14x14,0.233202
108,0,imagen.jpeg,71,depthwise_conv,1x384x14x14,0.751658
108,0,imagen.jpeg,72,batchnorm,1x384x14x14,0.094877
108,0,imagen.jpeg,73,activacion,1x384x14x14,0.247177
108,0,imagen.jpeg,74,pointwise_conv,1x384x14x14,2.747591
108,0,imagen.jpeg,75,batchnorm,1x64x14x14,0.013406
108,0,imagen.jpeg,76,layer_add,1x64x14x14,0.008619
108,0,imagen.jpeg,77,pointwise_conv,1x64x14x14,2.73139
108,0,imagen.jpeg,78,batchnorm,1x384x14x14,0.067344
108,0,imagen.jpeg,79,activacion,1x384x14x14,0.252781
108,0,imagen.jpeg,80,depthwise_conv,1x384x14x14,0.748097
108,0,imagen.jpeg,81,batchnorm,1x384x14x14,0.138859
108,0,imagen.jpeg,82,activacion,1x384x14x14,0.222758
108,0,imagen.jpeg,83,pointwise_conv,1x384x14x14,2.621669
108,0,imagen.jpeg,84,batchnorm,1x64x14x14,0.0112
108,0,imagen.jpeg,85,layer_add,1x64x14x14,0.005936
108,0,imagen.jpeg,86,pointwise_conv,1x64x14x14,2.650724
108,0,imagen.jpeg,87,batchnorm,1x384x14x14,0.065488
108,0,imagen.jpeg,88,activacion,1x384x14x14,0.2545
108,0,imagen.jpeg,89,depthwise_conv,1x384x14x14,0.753849
108,0,imagen.jpeg,90,batchnorm,1x384x14x14,0.065404
108,0,imagen.jpeg,91,activacion,1x384x14x14,0.239902
108,0,imagen.jpeg,92,pointwise_conv,1x384x14x14,3.970929
108,0,imagen.jpeg,93,batchnorm,1x96x14x14,0.018068
108,0,imagen.jpeg,94,pointwise_conv,1x96x14x14,5.927047
108,0,imagen.jpeg,95,batchnorm,1x576x14x14,0.100003
108,0,imagen.jpeg,96,activacion,1x576x14x14,0.369711
108,0,imagen.jpeg,97,depthwise_conv,1x576x14x14,1.130352
108,0,imagen.jpeg,98,batchnorm,1x576x14x14,0.173095
108,0,imagen.jpeg,99,activacion,1x576x14x14,0.325109
108,0,imagen.jpeg,100,pointwise_conv,1x576x14x14,5.930097
108,0,imagen.jpeg,101,batchnorm,1x96x14x14,0.016851
108,0,imagen.jpeg,102,layer_add,1x96x14x14,0.010132
108,0,imagen.jpeg,103,pointwise_conv,1x96x14x14,5.977207
108,0,imagen.jpeg,104,batchnorm,1x576x14x14,0.099309
108,0,imagen.jpeg,105,activacion,1x576x14x14,0.363223
108,0,imagen.jpeg,106,depthwise_conv,1x576x14x14,1.129719
108,0,imagen.jpeg,107,batchnorm,1x576x14x14,0.156636
108,0,imagen.jpeg,108,activacion,1x576x14x14,0.300442
108,0,imagen.jpeg,109,pointwise_conv,1x576x14x14,5.975697
108,0,imagen.jpeg,110,batchnorm,1x96x14x14,0.016613
108,0,imagen.jpeg,111,layer_add,1x96x14x14,0.011481
108,0,imagen.jpeg,112,pointwise_conv,1x96x14x14,5.982431
108,0,imagen.jpeg,113,batchnorm,1x576x14x14,0.098663
108,0,imagen.jpeg,114,activacion,1x576x14x14,0.314546
108,0,imagen.jpeg,115,depthwise_conv,1x576x14x14,0.26673
108,0,imagen.jpeg,116,batchnorm,1x576x7x7,0.029914
108,0,imagen.jpeg,117,activacion,1x576x7x7,0.064555
108,0,imagen.jpeg,118,pointwise_conv,1x576x7x7,2.393731
108,0,imagen.jpeg,119,batchnorm,1x160x7x7,0.007425
108,0,imagen.jpeg,120,pointwise_conv,1x160x7x7,4.026359
108,0,imagen.jpeg,121,batchnorm,1x960x7x7,0.045032
108,0,imagen.jpeg,122,activacion,1x960x7x7,0.15316
108,0,imagen.jpeg,123,depthwise_conv,1x960x7x7,0.441925
108,0,imagen.jpeg,124,batchnorm,1x960x7x7,0.042612
108,0,imagen.jpeg,125,activacion,1x960x7x7,0.138404
108,0,imagen.jpeg,126,pointwise_conv,1x960x7x7,4.042005
108,0,imagen.jpeg,127,batchnorm,1x160x7x7,0.007289
108,0,imagen.jpeg,128,layer_add,1x160x7x7,0.003913
108,0,imagen.jpeg,129,pointwise_conv,1x160x7x7,4.213736
108,0,imagen.jpeg,130,batchnorm,1x960x7x7,0.047956
108,0,imagen.jpeg,131,activacion,1x960x7x7,0.145592
108,0,imagen.jpeg,132,depthwise_conv,1x960x7x7,0.440026
108,0,imagen.jpeg,133,batchnorm,1x960x7x7,0.055358
108,0,imagen.jpeg,134,activacion,1x960x7x7,0.127419
108,0,imagen.jpeg,135,pointwise_conv,1x960x7x7,4.08316
108,0,imagen.jpeg,136,batchnorm,1x160x7x7,0.007849
108,0,imagen.jpeg,137,layer_add,1x160x7x7,0.004528
108,0,imagen.jpeg,138,pointwise_conv,1x160x7x7,4.108891
108,0,imagen.jpeg,139,batchnorm,1x960x7x7,0.044059
108,0,imagen.jpeg,140,activacion,1x960x7x7,0.116394
108,0,imagen.jpeg,141,depthwise_conv,1x960x7x7,0.438663
108,0,imagen.jpeg,142,batchnorm,1x960x7x7,0.047457
108,0,imagen.jpeg,143,activacion,1x960x7x7,0.090067
108,0,imagen.jpeg,144,pointwise_conv,1x960x7x7,8.189676
108,0,imagen.jpeg,145,batchnorm,1x320x7x7,0.015851
108,0,imagen.jpeg,146,pointwise_conv,1x320x7x7,15.133787
108,0,imagen.jpeg,147,batchnorm,1x1280x7x7,0.072628
108,0,imagen.jpeg,148,activacion,1x1280x7x7,0.192353
108,0,imagen.jpeg,149,pooling,1x1280x7x7,0.045407
108,0,imagen.jpeg,150,linear,1x1280,1.438013
109,0,imagen.jpeg,0,conv2d,1x3x224x224,15.971368
109,0,imagen.jpeg,1,batchnorm,1x32x112x112,0.4079
109,0,imagen.jpeg,2,activacion,1x32x112x112,0.636909
109,0,imagen.jpeg,3,depthwise_conv,1x32x112x112,3.941311
109,0,imagen.jpeg,4,batchnorm,1x32x112x112,2.314468
109,0,imagen.jpeg,5,activacion,1x32x112x112,0.705397
109,0,imagen.jpeg,6,pointwise_conv,1x32x112x112,3.848048
109,0,imagen.jpeg,7,batchnorm,1x16x112x112,0.209334
109,0,imagen.jpeg,8,pointwise_conv,1x16x112x112,11.168218
109,0,imagen.jpeg,9,batchnorm,1x96x112x112,2.069244
109,0,imagen.jpeg,10,activacion,1x96x112x112,3.451134
109,0,imagen.jpeg,11,depthwise_conv,1x96x112x112,2.983656
109,0,imagen.jpeg,12,batchnorm,1x96x56x56,0.267569
109,0,imagen.jpeg,13,activacion,1x96x56x56,0.970547
109,0,imagen.jpeg,14,pointwise_conv,1x96x56x56,3.911627
109,0,imagen.jpeg,15,batchnorm,1x24x56x56,0.062089
109,0,imagen.jpeg,16,pointwise_conv,1x24x56x56,6.577447
109,0,imagen.jpeg,17,batchnorm,1x144x56x56,0.89016
109,0,imagen.jpeg,18,activacion,1x144x56x56,1.270779
109,0,imagen.jpeg,19,depthwise_conv,1x144x56x56,4.391492
109,0,imagen.jpeg,20,batchnorm,1x144x56x56,0.856422
109,0,imagen.jpeg,21,activacion,1x144x56x56,1.575342
109,0,imagen.jpeg,22,pointwise_conv,1x144x56x56,6.887479
109,0,imagen.jpeg,23,batchnorm,1x24x56x56,0.07142
109,0,imagen.jpeg,24,layer_add,1x24x56x56,0.052224
109,0,imagen.jpeg,25,pointwise_conv,1x24x56x56,6.136151
109,0,imagen.jpeg,26,batchnorm,1x144x56x56,0.465541
109,0,imagen.jpeg,27,activacion,1x144x56x56,1.504826
109,0,imagen.jpeg,28,depthwise_conv,1x144x56x56,1.24281
109,0,imagen.jpeg,29,batchnorm,1x144x28x28,0.105536
109,0,imagen.jpeg,30,activacion,1x144x28x28,0.34591
109,0,imagen.jpeg,31,pointwise_conv,1x144x28x28,3.645229
109,0,imagen.jpeg,32,batchnorm,1x32x28x28,0.034148
109,0,imagen.jpeg,33,pointwise_conv,1x32x28x28,4.943361
109,0,imagen.jpeg,34,batchnorm,1x192x28x28,0.230706
109,0,imagen.jpeg,35,activacion,1x192x28x28,0.495356
109,0,imagen.jpeg,36,depthwise_conv,1x192x28x28,2.541692
109,0,imagen.jpeg,37,batchnorm,1x192x28x28,0.151173
109,0,imagen.jpeg,38,activacion,1x192x28x28,0.550026
109,0,imagen.jpeg,39,pointwise_conv,1x192x28x28,2.653844
109,0,imagen.jpeg,40,batchnorm,1x32x28x28,0.021389
109,0,imagen.jpeg,41,layer_add,1x32x28x28,0.013989
109,0,imagen.jpeg,42,pointwise_conv,1x32x28x28,2.708983
109,0,imagen.jpeg,43,batchnorm,1x192x28x28,0.136099
109,0,imagen.jpeg,44,activacion,1x192x28x28,0.438128
109,0,imagen.jpeg,45,depthwise_conv,1x192x28x28,1.481181
109,0,imagen.jpeg,46,batchnorm,1x192x28x28,0.129547
109,0,imagen.jpeg,47,activacion,1x192x28x28,0.534337
109,0,imagen.jpeg,48,pointwise_conv,1x192x28x28,2.793034
109,0,imagen.jpeg,49,batchnorm,1x32x28x28,0.026105
109,0,imagen.jpeg,50,layer_add,1x32x28x28,0.015714
109,0,imagen.jpeg,51,pointwise_conv,1x32x28x28,2.847283
109,0,imagen.jpeg,52,batchnorm,1x192x28x28,0.142269
109,0,imagen.jpeg,53,activacion,1x192x28x28,0.49754
109,0,imagen.jpeg,54,depthwise_conv,1x192x28x28,0.382999
109,0,imagen.jpeg,55,batchnorm,1x192x14x14,0.034664
109,0,imagen.jpeg,56,activacion,1x192x14x14,0.09862
109,0,imagen.jpeg,57,pointwise_conv,1x192x14x14,1.39755
109,0,imagen.jpeg,58,batchnorm,1x64x14x14,0.011513
109,0,imagen.jpeg,59,pointwise_conv,1x64x14x14,2.833524
109,0,imagen.jpeg,60,batchnorm,1x384x14x14,0.074204
109,0,imagen.jpeg,61,activacion,1x384x14x14,0.193216
109,0,imagen.jpeg,62,depthwise_conv,1x384x14x14,0.77286
109,0,imagen.jpeg,63,batchnorm,1x384x14x14,0.067837
109,0,imagen.jpeg,64,activacion,1x384x14x14,0.266895
109,0,imagen.jpeg,65,pointwise_conv,1x384x14x14,2.753929
109,0,imagen.jpeg,66,batchnorm,1x64x14x14,0.01177
109,0,imagen.jpeg,67,layer_add,1x64x14x14,0.006989
109,0,imagen.jpeg,68,pointwise_conv,1x64x14x14,2.771576
109,0,imagen.jpeg,69,batchnorm,1x384x14x14,0.078654
109,0,imagen.jpeg,70,activacion,1x384x14x14,0.304976
109,0,imagen.jpeg,71,depthwise_conv,1x384x14x14,0.800915
109,0,imagen.jpeg,72,batchnorm,1x384x14x14,0.095965
109,0,imagen.jpeg,73,activacion,1x384x14x14,0.243782
109,0,imagen.jpeg,74,pointwise_conv,1x384x14x14,2.679268
109,0,imagen.jpeg,75,batchnorm,1x64x14x14,0.011231
109,0,imagen.jpeg,76,layer_add,1x64x14x14,0.007182
109,0,imagen.jpeg,77,pointwise_conv,1x64x14x14,2.718446
109,0,imagen.jpeg,78,batchnorm,1x384x14x14,0.067684
109,0,imagen.jpeg,79,activacion,1x384x14x14,0.251235
109,0,imagen.jpeg,80,depthwise_conv,1x384x14x14,0.780996
109,0,imagen.jpeg,81,batchnorm,1x384x14x14,0.142549
109,0,imagen.jpeg,82,activacion,1x384x14x14,0.229192
109,0,imagen.jpeg,83,pointwise_conv,1x384x14x14,2.7323
109,0,imagen.jpeg,84,batchnorm,1x64x14x14,0.010798
109,0,imagen.jpeg,85,layer_add,1x64x14x14,0.005871
109,0,imagen.jpeg,86,pointwise_conv,1x64x14x14,2.678687
109,0,imagen.jpeg,87,batchnorm,1x384x14x14,0.063806
109,0,imagen.jpeg,88,activacion,1x384x14x14,0.246427
109,0,imagen.jpeg,89,depthwise_conv,1x384x14x14,0.795404
109,0,imagen.jpeg,90,batchnorm,1x384x14x14,0.0659
109,0,imagen.jpeg,91,activacion,1x384x14x14,0.239454
109,0,imagen.jpeg,92,pointwise_conv,1x384x14x14,4.028863
109,0,imagen.jpeg,93,batchnorm,1x96x14x14,0.017333
109,0,imagen.jpeg,94,pointwise_conv,1x96x14x14,6.378798
109,0,imagen.jpeg,95,batchnorm,1x576x14x14,0.100732
109,0,imagen.jpeg,96,activacion,1x576x14x14,0.369795
109,0,imagen.jpeg,97,depthwise_conv,1x576x14x14,1.192343
109,0,imagen.jpeg,98,batchnorm,1x576x14x14,0.170746
109,0,imagen.jpeg,99,activacion,1x576x14x14,0.315794
109,0,imagen.jpeg,100,pointwise_conv,1x576x14x14,6.398015
109,0,imagen.jpeg,101,batchnorm,1x96x14x14,0.018034
109,0,imagen.jpeg,102,layer_add,1x96x14x14,0.011144
109,0,imagen.jpeg,103,pointwise_conv,1x96x14x14,6.377176
109,0,imagen.jpeg,104,batchnorm,1x576x14x14,0.127261
109,0,imagen.jpeg,105,activacion,1x576x14x14,0.364811
109,0,imagen.jpeg,106,depthwise_conv,1x576x14x14,1.156689
109,0,imagen.jpeg,107,batchnorm,1x576x14x14,0.163286
109,0,imagen.jpeg,108,activacion,1x576x14x14,0.311975
109,0,imagen.jpeg,109,pointwise_conv,1x576x14x14,6.268625
109,0,imagen.jpeg,110,batchnorm,1x96x14x14,0.023167
109,0,imagen.jpeg,111,layer_add,1x96x14x14,0.01713
109,0,imagen.jpeg,112,pointwise_conv,1x96x14x14,6.183802
109,0,imagen.jpeg,113,batchnorm,1x576x14x14,0.107843
109,0,imagen.jpeg,114,activacion,1x576x14x14,0.332523
109,0,imagen.jpeg,115,depthwise_conv,1x576x14x14,0.267111
109,0,imagen.jpeg,116,batchnorm,1x576x7x7,0.030322
109,0,imagen.jpeg,117,activacion,1x576x7x7,0.065325
109,0,imagen.jpeg,118,pointwise_conv,1x576x7x7,2.557837
109,0,imagen.jpeg,119,batchnorm,1x160x7x7,0.008321
109,0,imagen.jpeg,120,pointwise_conv,1x160x7x7,4.377722
109,0,imagen.jpeg,121,batchnorm,1x960x7x7,0.046012
109,0,imagen.jpeg,122,activacion,1x960x7x7,0.169042
109,0,imagen.jpeg,123,depthwise_conv,1x960x7x7,0.483938
109,0,imagen.jpeg,124,batchnorm,1x960x7x7,0.048209
109,0,imagen.jpeg,125,activacion,1x960x7x7,0.151599
109,0,imagen.jpeg,126,pointwise_conv,1x960x7x7,4.832487
109,0,imagen.jpeg,127,batchnorm,1x160x7x7,0.008415
109,0,imagen.jpeg,128,layer_add,1x160x7x7,0.004958
109,0,imagen.jpeg,129,pointwise_conv,1x160x7x7,4.331308
109,0,imagen.jpeg,130,batchnorm,1x960x7x7,0.045306
109,0,imagen.jpeg,131,activacion,1x960x7x7,0.142825
109,0,imagen.jpeg,132,depthwise_conv,1x960x7x7,0.44474
109,0,imagen.jpeg,133,batchnorm,1x960x7x7,0.055751
109,0,imagen.jpeg,134,activacion,1x960x7x7,0.127495
109,0,imagen.jpeg,135,pointwise_conv,1x960x7x7,4.11964
109,0,imagen.jpeg,136,batchnorm,1x160x7x7,0.007845
109,0,imagen.jpeg,137,layer_add,1x160x7x7,0.004528
109,0,imagen.jpeg,138,pointwise_conv,1x160x7x7,4.238875
109,0,imagen.jpeg,139,batchnorm,1x960x7x7,0.045654
109,0,imagen.jpeg,140,activacion,1x960x7x7,0.133646
109,0,imagen.jpeg,141,depthwise_conv,1x960x7x7,0.448583
109,0,imagen.jpeg,142,batchnorm,1x960x7x7,0.049453
109,0,imagen.jpeg,143,activacion,1x960x7x7,0.092407
109,0,imagen.jpeg,144,pointwise_conv,1x960x7x7,8.243787
109,0,imagen.jpeg,145,batchnorm,1x320x7x7,0.044636
109,0,imagen.jpeg,146,pointwise_conv,1x320x7x7,11.552841
109,0,imagen.jpeg,147,batchnorm,1x1280x7x7,0.062739
109,0,imagen.jpeg,148,activacion,1x1280x7x7,0.176223
109,0,imagen.jpeg,149,pooling,1x1280x7x7,0.055395
109,0,imagen.jpeg,150,linear,1x1280,1.378642
110,0,imagen.jpeg,0,conv2d,1x3x224x224,15.390229
110,0,imagen.jpeg,1,batchnorm,1x32x112x112,0.456406
110,0,imagen.jpeg,2,activacion,1x32x112x112,0.631456
110,0,imagen.jpeg,3,depthwise_conv,1x32x112x112,3.984635
110,0,imagen.jpeg,4,batchnorm,1x32x112x112,2.387052
110,0,imagen.jpeg,5,activacion,1x32x112x112,0.72058
110,0,imagen.jpeg,6,pointwise_conv,1x32x112x112,3.521681
110,0,imagen.jpeg,7,batchnorm,1x16x112x112,0.175869
110,0,imagen.jpeg,8,pointwise_conv,1x16x112x112,10.829872
110,0,imagen.jpeg,9,batchnorm,1x96x112x112,2.109431
110,0,imagen.jpeg,10,activacion,1x96x112x112,3.46387
110,0,imagen.jpeg,11,depthwise_conv,1x96x112x112,3.276247
110,0,imagen.jpeg,12,batchnorm,1x96x56x56,0.331397
110,0,imagen.jpeg,13,activacion,1x96x56x56,1.071846
110,0,imagen.jpeg,14,pointwise_conv,1x96x56x56,4.167403
110,0,imagen.jpeg,15,batchnorm,1x24x56x56,0.065596
110,0,imagen.jpeg,16,pointwise_conv,1x24x56x56,6.661417
110,0,imagen.jpeg,17,batchnorm,1x144x56x56,0.868093
110,0,imagen.jpeg,18,activacion,1x144x56x56,1.271069
110,0,imagen.jpeg,19,depthwise_conv,1x144x56x56,4.500069
110,0,imagen.jpeg,20,batchnorm,1x144x56x56,0.918095
110,0,imagen.jpeg,21,activacion,1x144x56x56,1.762785
110,0,imagen.jpeg,22,pointwise_conv,1x144x56x56,6.080991
110,0,imagen.jpeg,23,batchnorm,1x24x56x56,0.064128
110,0,imagen.jpeg,24,layer_add,1x24x56x56,0.043065
110,0,imagen.jpeg,25,pointwise_conv,1x24x56x56,6.190274
110,0,imagen.jpeg,26,batchnorm,1x144x56x56,0.418333
110,0,imagen.jpeg,27,activacion,1x144x56x56,1.51467
110,0,imagen.jpeg,28,depthwise_conv,1x144x56x56,1.194064
110,0,imagen.jpeg,29,batchnorm,1x144x28x28,0.105971
110,0,imagen.jpeg,30,activacion,1x144x28x28,0.341087
110,0,imagen.jpeg,31,pointwise_conv,1x144x28x28,1.969575
110,0,imagen.jpeg,32,batchnorm,1x32x28x28,0.021512
110,0,imagen.jpeg,33,pointwise_conv,1x32x28x28,2.710549
110,0,imagen.jpeg,34,batchnorm,1x192x28x28,0.13289
110,0,imagen.jpeg,35,activacion,1x192x28x28,0.411936
110,0,imagen.jpeg,36,depthwise_conv,1x192x28x28,1.449917
110,0,imagen.jpeg,37,batchnorm,1x192x28x28,0.124012
110,0,imagen.jpeg,38,activacion,1x192x28x28,0.550412
110,0,imagen.jpeg,39,pointwise_conv,1x192x28x28,2.621512
110,0,imagen.jpeg,40,batchnorm,1x32x28x28,0.022149
110,0,imagen.jpeg,41,layer_add,1x32x28x28,0.013345
110,0,imagen.jpeg,42,pointwise_conv,1x32x28x28,2.691056
110,0,imagen.jpeg,43,batchnorm,1x192x28x28,0.131485
110,0,imagen.jpeg,44,activacion,1x192x28x28,0.448605
110,0,imagen.jpeg,45,depthwise_conv,1x192x28x28,1.484115
110,0,imagen.jpeg,46,batchnorm,1x192x28x28,0.127618
110,0,imagen.jpeg,47,activacion,1x192x28x28,0.505332
110,0,imagen.jpeg,48,pointwise_conv,1x192x28x28,2.799775
110,0,imagen.jpeg,49,batchnorm,1x32x28x28,0.021296
110,0,imagen.jpeg,50,layer_add,1x32x28x28,0.015344
110,0,imagen.jpeg,51,pointwise_conv,1x32x28x28,2.699156
110,0,imagen.jpeg,52,batchnorm,1x192x28x28,0.137783
110,0,imagen.jpeg,53,activacion,1x192x28x28,0.476262
110,0,imagen.jpeg,54,depthwise_conv,1x192x28x28,0.399377
110,0,imagen.jpeg,55,batchnorm,1x192x14x14,0.033503
110,0,imagen.jpeg,56,activacion,1x192x14x14,0.096025
110,0,imagen.jpeg,57,pointwise_conv,1x192x14x14,1.310858
110,0,imagen.jpeg,58,batchnorm,1x64x14x14,0.011975
110,0,imagen.jpeg,59,pointwise_conv,1x64x14x14,2.647677
110,0,imagen.jpeg,60,batchnorm,1x384x14x14,0.066933
110,0,imagen.jpeg,61,activacion,1x384x14x14,0.193755
110,0,imagen.jpeg,62,depthwise_conv,1x384x14x14,0.748218
110,0,imagen.jpeg,63,batchnorm,1x384x14x14,0.065342
110,0,imagen.jpeg,64,activacion,1x384x14x14,0.260461
110,0,imagen.jpeg,65,pointwise_conv,1x384x14x14,2.622354
110,0,imagen.jpeg,66,batchnorm,1x64x14x14,0.011119
110,0,imagen.jpeg,67,layer_add,1x64x14x14,0.005538
110,0,imagen.jpeg,68,pointwise_conv,1x64x14x14,2.777033
110,0,imagen.jpeg,69,batchnorm,1x384x14x14,0.067153
110,0,imagen.jpeg,70,activacion,1x384x14x14,0.238425
110,0,imagen.jpeg,71,depthwise_conv,1x384x14x14,0.809225
110,0,imagen.jpeg,72,batchnorm,1x384x14x14,0.113131
110,0,imagen.jpeg,73,activacion,1x384x14x14,0.263588
110,0,imagen.jpeg,74,pointwise_conv,1x384x14x14,2.938634
110,0,imagen.jpeg,75,batchnorm,1x64x14x14,0.011703
110,0,imagen.jpeg,76,layer_add,1x64x14x14,0.007832
110,0,imagen.jpeg,77,pointwise_conv,1x64x14x14,2.752598
110,0,imagen.jpeg,78,batchnorm,1x384x14x14,0.069938
110,0,imagen.jpeg,79,activacion,1x384x14x14,0.257479
110,0,imagen.jpeg,80,depthwise_conv,1x384x14x14,0.775833
110,0,imagen.jpeg,81,batchnorm,1x384x14x14,0.139045
110,0,imagen.jpeg,82,activacion,1x384x14x14,0.224035
110,0,imagen.jpeg,83,pointwise_conv,1x384x14x14,2.675519
110,0,imagen.jpeg,84,batchnorm,1x64x14x14,0.011013
110,0,imagen.jpeg,85,layer_add,1x64x14x14,0.005832
110,0,imagen.jpeg,86,pointwise_conv,1x64x14x14,2.739253
110,0,imagen.jpeg,87,batchnorm,1x384x14x14,0.067043
110,0,imagen.jpeg,88,activacion,1x384x14x14,0.257881
110,0,imagen.jpeg,89,depthwise_conv,1x384x14x14,0.803478
110,0,imagen.jpeg,90,batchnorm,1x384x14x14,0.065841
110,0,imagen.jpeg,91,activacion,1x384x14x14,0.237005
110,0,imagen.jpeg,92,pointwise_conv,1x384x14x14,3.989739
110,0,imagen.jpeg,93,batchnorm,1x96x14x14,0.018118
110,0,imagen.jpeg,94,pointwise_conv,1x96x14x14,6.008524
110,0,imagen.jpeg,95,batchnorm,1x576x14x14,0.106864
110,0,imagen.jpeg,96,activacion,1x576x14x14,0.367923
110,0,imagen.jpeg,97,depthwise_conv,1x576x14x14,1.122889
110,0,imagen.jpeg,98,batchnorm,1x576x14x14,0.172437
110,0,imagen.jpeg,99,activacion,1x576x14x14,0.344394
110,0,imagen.jpeg,100,pointwise_conv,1x576x14x14,7.375551
110,0,imagen.jpeg,101,batchnorm,1x96x14x14,0.023339
110,0,imagen.jpeg,102,layer_add,1x96x14x14,0.011541
110,0,imagen.jpeg,103,pointwise_conv,1x96x14x14,6.595872
110,0,imagen.jpeg,104,batchnorm,1x576x14x14,0.116961
110,0,imagen.jpeg,105,activacion,1x576x14x14,0.374096
110,0,imagen.jpeg,106,depthwise_conv,1x576x14x14,1.147911
110,0,imagen.jpeg,107,batchnorm,1x576x14x14,0.162942
110,0,imagen.jpeg,108,activacion,1x576x14x14,0.30943
110,0,imagen.jpeg,109,pointwise_conv,1x576x14x14,6.053877
110,0,imagen.jpeg,110,batchnorm,1x96x14x14,0.017799
110,0,imagen.jpeg,111,layer_add,1x96x14x14,0.013164
110,0,imagen.jpeg,112,pointwise_conv,1x96x14x14,6.107615
110,0,imagen.jpeg,113,batchnorm,1x576x14x14,0.105442
110,0,imagen.jpeg,114,activacion,1x576x14x14,0.320277
110,0,imagen.jpeg,115,depthwise_conv,1x576x14x14,0.274228
110,0,imagen.jpeg,116,batchnorm,1x576x7x7,0.030898
110,0,imagen.jpeg,117,activacion,1x576x7x7,0.066569
110,0,imagen.jpeg,118,pointwise_conv,1x576x7x7,2.563307
110,0,imagen.jpeg,119,batchnorm,1x160x7x7,0.007799
110,0,imagen.jpeg,120,pointwise_conv,1x160x7x7,4.048524
110,0,imagen.jpeg,121,batchnorm,1x960x7x7,0.047801
110,0,imagen.jpeg,122,activacion,1x960x7x7,0.156899
110,0,imagen.jpeg,123,depthwise_conv,1x960x7x7,0.435875
110,0,imagen.jpeg,124,batchnorm,1x960x7x7,0.043672
110,0,imagen.jpeg,125,activacion,1x960x7x7,0.142264
110,0,imagen.jpeg,126,pointwise_conv,1x960x7x7,4.085887
110,0,imagen.jpeg,127,batchnorm,1x160x7x7,0.026584
110,0,imagen.jpeg,128,layer_add,1x160x7x7,0.004041
110,0,imagen.jpeg,129,pointwise_conv,1x160x7x7,4.111889
110,0,imagen.jpeg,130,batchnorm,1x960x7x7,0.044226
110,0,imagen.jpeg,131,activacion,1x960x7x7,0.145631
110,0,imagen.jpeg,132,depthwise_conv,1x960x7x7,0.433176
110,0,imagen.jpeg,133,batchnorm,1x960x7x7,0.05543
110,0,imagen.jpeg,134,activacion,1x960x7x7,0.127413
110,0,imagen.jpeg,135,pointwise_conv,1x960x7x7,4.083092
110,0,imagen.jpeg,136,batchnorm,1x160x7x7,0.007482
110,0,imagen.jpeg,137,layer_add,1x160x7x7,0.004059
110,0,imagen.jpeg,138,pointwise_conv,1x160x7x7,4.133332
110,0,imagen.jpeg,139,batchnorm,1x960x7x7,0.043919
110,0,imagen.jpeg,140,activacion,1x960x7x7,0.117304
110,0,imagen.jpeg,141,depthwise_conv,1x960x7x7,0.433832
110,0,imagen.jpeg,142,batchnorm,1x960x7x7,0.05073
110,0,imagen.jpeg,143,activacion,1x960x7x7,0.090167
110,0,imagen.jpeg,144,pointwise_conv,1x960x7x7,8.166195
110,0,imagen.jpeg,145,batchnorm,1x320x7x7,0.016045
110,0,imagen.jpeg,146,pointwise_conv,1x320x7x7,10.99024
110,0,imagen.jpeg,147,batchnorm,1x1280x7x7,0.061288
110,0,imagen.jpeg,148,activacion,1x1280x7x7,0.185068
110,0,imagen.jpeg,149,pooling,1x1280x7x7,0.040445
110,0,imagen.jpeg,150,linear,1x1280,1.426849
111,0,imagen.jpeg,0,conv2d,1x3x224x224,16.206249
111,0,imagen.jpeg,1,batchnorm,1x32x112x112,0.395707
111,0,imagen.jpeg,2,activacion,1x32x112x112,0.667297
111,0,imagen.jpeg,3,depthwise_conv,1x32x112x112,4.027036
111,0,imagen.jpeg,4,batchnorm,1x32x112x112,2.347154
111,0,imagen.jpeg,5,activacion,1x32x112x112,0.738694
111,0,imagen.jpeg,6,pointwise_conv,1x32x112x112,3.591092
111,0,imagen.jpeg,7,batchnorm,1x16x112x112,0.167587
111,0,imagen.jpeg,8,pointwise_conv,1x16x112x112,11.130217
111,0,imagen.jpeg,9,batchnorm,1x96x112x112,2.102856
111,0,imagen.jpeg,10,activacion,1x96x112x112,3.417701
111,0,imagen.jpeg,11,depthwise_conv,1x96x112x112,3.210785
111,0,imagen.jpeg,12,batchnorm,1x96x56x56,0.302795
111,0,imagen.jpeg,13,activacion,1x96x56x56,1.033153
111,0,imagen.jpeg,14,pointwise_conv,1x96x56x56,3.854459
111,0,imagen.jpeg,15,batchnorm,1x24x56x56,0.07698
111,0,imagen.jpeg,16,pointwise_conv,1x24x56x56,6.400765
111,0,imagen.jpeg,17,batchnorm,1x144x56x56,0.853484
111,0,imagen.jpeg,18,activacion,1x144x56x56,1.244022
111,0,imagen.jpeg,19,depthwise_conv,1x144x56x56,4.30334
111,0,imagen.jpeg,20,batchnorm,1x144x56x56,0.849477
111,0,imagen.jpeg,21,activacion,1x144x56x56,1.565149
111,0,imagen.jpeg,22,pointwise_conv,1x144x56x56,5.735809
111,0,imagen.jpeg,23,batchnorm,1x24x56x56,0.062476
111,0,imagen.jpeg,24,layer_add,1x24x56x56,0.0464
111,0,imagen.jpeg,25,pointwise_conv,1x24x56x56,5.895617
111,0,imagen.jpeg,26,batchnorm,1x144x56x56,0.481424
111,0,imagen.jpeg,27,activacion,1x144x56x56,1.658905
111,0,imagen.jpeg,28,depthwise_conv,1x144x56x56,1.713985
111,0,imagen.jpeg,29,batchnorm,1x144x28x28,0.146983
111,0,imagen.jpeg,30,activacion,1x144x28x28,0.429309
111,0,imagen.jpeg,31,pointwise_conv,1x144x28x28,3.591718
111,0,imagen.jpeg,32,batchnorm,1x32x28x28,0.03607
111,0,imagen.jpeg,33,pointwise_conv,1x32x28x28,4.400921
111,0,imagen.jpeg,34,batchnorm,1x192x28x28,0.151484
111,0,imagen.jpeg,35,activacion,1x192x28x28,0.398346
111,0,imagen.jpeg,36,depthwise_conv,1x192x28x28,1.557322
111,0,imagen.jpeg,37,batchnorm,1x192x28x28,0.151066
111,0,imagen.jpeg,38,activacion,1x192x28x28,0.549185
111,0,imagen.jpeg,39,pointwise_conv,1x192x28x28,2.745002
111,0,imagen.jpeg,40,batchnorm,1x32x28x28,0.027426
111,0,imagen.jpeg,41,layer_add,1x32x28x28,0.014682
111,0,imagen.jpeg,42,pointwise_conv,1x32x28x28,2.718044
111,0,imagen.jpeg,43,batchnorm,1x192x28x28,0.142589
111,0,imagen.jpeg,44,activacion,1x192x28x28,0.440221
111,0,imagen.jpeg,45,depthwise_conv,1x192x28x28,1.561465
111,0,imagen.jpeg,46,batchnorm,1x192x28x28,0.15533
111,0,imagen.jpeg,47,activacion,1x192x28x28,0.503644
111,0,imagen.jpeg,48,pointwise_conv,1x192x28x28,2.654015
111,0,imagen.jpeg,49,batchnorm,1x32x28x28,0.02114
111,0,imagen.jpeg,50,layer_add,1x32x28x28,0.013297
111,0,imagen.jpeg,51,pointwise_conv,1x32x28x28,2.673226
111,0,imagen.jpeg,52,batchnorm,1x192x28x28,0.130692
111,0,imagen.jpeg,53,activacion,1x192x28x28,0.46149
111,0,imagen.jpeg,54,depthwise_conv,1x192x28x28,0.384657
111,0,imagen.jpeg,55,batchnorm,1x192x14x14,0.033086
111,0,imagen.jpeg,56,activacion,1x192x14x14,0.096579
111,0,imagen.jpeg,57,pointwise_conv,1x192x14x14,1.343241
111,0,imagen.jpeg,58,batchnorm,1x64x14x14,0.011855
111,0,imagen.jpeg,59,pointwise_conv,1x64x14x14,2.77243
111,0,imagen.jpeg,60,batchnorm,1x384x14x14,0.06781
111,0,imagen.jpeg,61,activacion,1x384x14x14,0.190311
111,0,imagen.jpeg,62,depthwise_conv,1x384x14x14,0.788097
111,0,imagen.jpeg,63,batchnorm,1x384x14x14,0.067141
111,0,imagen.jpeg,64,activacion,1x384x14x14,0.269303
111,0,imagen.jpeg,65,pointwise_conv,1x384x14x14,2.79023
111,0,imagen.jpeg,66,batchnorm,1x64x14x14,0.01459
111,0,imagen.jpeg,67,layer_add,1x64x14x14,0.007803
111,0,imagen.jpeg,68,pointwise_conv,1x64x14x14,2.74274
111,0,imagen.jpeg,69,batchnorm,1x384x14x14,0.071833
111,0,imagen.jpeg,70,activacion,1x384x14x14,0.240162
111,0,imagen.jpeg,71,depthwise_conv,1x384x14x14,0.766718
111,0,imagen.jpeg,72,batchnorm,1x384x14x14,0.097672
111,0,imagen.jpeg,73,activacion,1x384x14x14,0.249157
111,0,imagen.jpeg,74,pointwise_conv,1x384x14x14,2.696707
111,0,imagen.jpeg,75,batchnorm,1x64x14x14,0.010964
111,0,imagen.jpeg,76,layer_add,1x64x14x14,0.007376
111,0,imagen.jpeg,77,pointwise_conv,1x64x14x14,2.661068
111,0,imagen.jpeg,78,batchnorm,1x384x14x14,0.075817
111,0,imagen.jpeg,79,activacion,1x384x14x14,0.386253
111,0,imagen.jpeg,80,depthwise_conv,1x384x14x14,0.753782
111,0,imagen.jpeg,81,batchnorm,1x384x14x14,0.13899
111,0,imagen.jpeg,82,activacion,1x384x14x14,0.224571
111,0,imagen.jpeg,83,pointwise_conv,1x384x14x14,2.6894
111,0,imagen.jpeg,84,batchnorm,1x64x14x14,0.010717
111,0,imagen.jpeg,85,layer_add,1x64x14x14,0.005614
111,0,imagen.jpeg,86,pointwise_conv,1x64x14x14,2.708001
111,0,imagen.jpeg,87,batchnorm,1x384x14x14,0.06461
111,0,imagen.jpeg,88,activacion,1x384x14x14,0.245504
111,0,imagen.jpeg,89,depthwise_conv,1x384x14x14,0.835692
111,0,imagen.jpeg,90,batchnorm,1x384x14x14,0.065465
111,0,imagen.jpeg,91,activacion,1x384x14x14,0.237444
111,0,imagen.jpeg,92,pointwise_conv,1x384x14x14,3.999015
111,0,imagen.jpeg,93,batchnorm,1x96x14x14,0.016917
111,0,imagen.jpeg,94,pointwise_conv,1x96x14x14,5.86017
111,0,imagen.jpeg,95,batchnorm,1x576x14x14,0.098015
111,0,imagen.jpeg,96,activacion,1x576x14x14,0.35894
111,0,imagen.jpeg,97,depthwise_conv,1x576x14x14,1.174053
111,0,imagen.jpeg,98,batchnorm,1x576x14x14,0.168543
111,0,imagen.jpeg,99,activacion,1x576x14x14,0.316282
111,0,imagen.jpeg,100,pointwise_conv,1x576x14x14,6.058711
111,0,imagen.jpeg,101,batchnorm,1x96x14x14,0.016643
111,0,imagen.jpeg,102,layer_add,1x96x14x14,0.010048
111,0,imagen.jpeg,103,pointwise_conv,1x96x14x14,6.139636
111,0,imagen.jpeg,104,batchnorm,1x576x14x14,0.109248
111,0,imagen.jpeg,105,activacion,1x576x14x14,0.362339
111,0,imagen.jpeg,106,depthwise_conv,1x576x14x14,1.126879
111,0,imagen.jpeg,107,batchnorm,1x576x14x14,0.176136
111,0,imagen.jpeg,108,activacion,1x576x14x14,0.308015
111,0,imagen.jpeg,109,pointwise_conv,1x576x14x14,6.41728
111,0,imagen.jpeg,110,batchnorm,1x96x14x14,0.019211
111,0,imagen.jpeg,111,layer_add,1x96x14x14,0.013637
111,0,imagen.jpeg,112,pointwise_conv,1x96x14x14,6.06379
111,0,imagen.jpeg,113,batchnorm,1x576x14x14,0.108641
111,0,imagen.jpeg,114,activacion,1x576x14x14,0.310727
111,0,imagen.jpeg,115,depthwise_conv,1x576x14x14,0.267118
111,0,imagen.jpeg,116,batchnorm,1x576x7x7,0.034928
111,0,imagen.jpeg,117,activacion,1x576x7x7,0.064972
111,0,imagen.jpeg,118,pointwise_conv,1x576x7x7,2.440979
111,0,imagen.jpeg,119,batchnorm,1x160x7x7,0.007905
111,0,imagen.jpeg,120,pointwise_conv,1x160x7x7,4.107144
111,0,imagen.jpeg,121,batchnorm,1x960x7x7,0.048285
111,0,imagen.jpeg,122,activacion,1x960x7x7,0.150015
111,0,imagen.jpeg,123,depthwise_conv,1x960x7x7,0.427354
111,0,imagen.jpeg,124,batchnorm,1x960x7x7,0.072795
111,0,imagen.jpeg,125,activacion,1x960x7x7,0.144935
111,0,imagen.jpeg,126,pointwise_conv,1x960x7x7,4.197483
111,0,imagen.jpeg,127,batchnorm,1x160x7x7,0.008116
111,0,imagen.jpeg,128,layer_add,1x160x7x7,0.004304
111,0,imagen.jpeg,129,pointwise_conv,1x160x7x7,4.129853
111,0,imagen.jpeg,130,batchnorm,1x960x7x7,0.0458
111,0,imagen.jpeg,131,activacion,1x960x7x7,0.145292
111,0,imagen.jpeg,132,depthwise_conv,1x960x7x7,0.47227
111,0,imagen.jpeg,133,batchnorm,1x960x7x7,0.055524
111,0,imagen.jpeg,134,activacion,1x960x7x7,0.128504
111,0,imagen.jpeg,135,pointwise_conv,1x960x7x7,4.140592
111,0,imagen.jpeg,136,batchnorm,1x160x7x7,0.007757
111,0,imagen.jpeg,137,layer_add,1x160x7x7,0.004569
111,0,imagen.jpeg,138,pointwise_conv,1x160x7x7,4.1151
111,0,imagen.jpeg,139,batchnorm,1x960x7x7,0.046134
111,0,imagen.jpeg,140,activacion,1x960x7x7,0.11692
111,0,imagen.jpeg,141,depthwise_conv,1x960x7x7,0.442899
111,0,imagen.jpeg,142,batchnorm,1x960x7x7,0.04844
111,0,imagen.jpeg,143,activacion,1x960x7x7,0.08937
111,0,imagen.jpeg,144,pointwise_conv,1x960x7x7,8.16749
111,0,imagen.jpeg,145,batchnorm,1x320x7x7,0.015834
111,0,imagen.jpeg,146,pointwise_conv,1x320x7x7,10.857122
111,0,imagen.jpeg,147,batchnorm,1x1280x7x7,0.059773
111,0,imagen.jpeg,148,activacion,1x1280x7x7,0.18086
111,0,imagen.jpeg,149,pooling,1x1280x7x7,0.039342
111,0,imagen.jpeg,150,linear,1x1280,1.368288
112,0,imagen.jpeg,0,conv2d,1x3x224x224,15.159627
112,0,imagen.jpeg,1,batchnorm,1x32x112x112,0.395402
112,0,imagen.jpeg,2,activacion,1x32x112x112,0.882943
112,0,imagen.jpeg,3,depthwise_conv,1x32x112x112,6.299958
112,0,imagen.jpeg,4,batchnorm,1x32x112x112,2.766413
112,0,imagen.jpeg,5,activacion,1x32x112x112,0.951613
112,0,imagen.jpeg,6,pointwise_conv,1x32x112x112,5.026436
112,0,imagen.jpeg,7,batchnorm,1x16x112x112,0.18393
112,0,imagen.jpeg,8,pointwise_conv,1x16x112x112,11.636985
112,0,imagen.jpeg,9,batchnorm,1x96x112x112,2.095366
112,0,imagen.jpeg,10,activacion,1x96x112x112,3.417474
112,0,imagen.jpeg,11,depthwise_conv,1x96x112x112,3.072619
112,0,imagen.jpeg,12,batchnorm,1x96x56x56,0.305034
112,0,imagen.jpeg,13,activacion,1x96x56x56,1.0504
112,0,imagen.jpeg,14,pointwise_conv,1x96x56x56,4.05239
112,0,imagen.jpeg,15,batchnorm,1x24x56x56,0.063559
112,0,imagen.jpeg,16,pointwise_conv,1x24x56x56,6.777036
112,0,imagen.jpeg,17,batchnorm,1x144x56x56,0.903127
112,0,imagen.jpeg,18,activacion,1x144x56x56,1.313577
112,0,imagen.jpeg,19,depthwise_conv,1x144x56x56,4.5549
112,0,imagen.jpeg,20,batchnorm,1x144x56x56,0.861697
112,0,imagen.jpeg,21,activacion,1x144x56x56,1.612643
112,0,imagen.jpeg,22,pointwise_conv,1x144x56x56,5.735475
112,0,imagen.jpeg,23,batchnorm,1x24x56x56,0.110309
112,0,imagen.jpeg,24,layer_add,1x24x56x56,0.047004
112,0,imagen.jpeg,25,pointwise_conv,1x24x56x56,6.003526
112,0,imagen.jpeg,26,batchnorm,1x144x56x56,0.444621
112,0,imagen.jpeg,27,activacion,1x144x56x56,1.540082
112,0,imagen.jpeg,28,depthwise_conv,1x144x56x56,1.145795
112,0,imagen.jpeg,29,batchnorm,1x144x28x28,0.099582
112,0,imagen.jpeg,30,activacion,1x144x28x28,0.360697
112,0,imagen.jpeg,31,pointwise_conv,1x144x28x28,1.978303
112,0,imagen.jpeg,32,batchnorm,1x32x28x28,0.021718
112,0,imagen.jpeg,33,pointwise_conv,1x32x28x28,2.663991
112,0,imagen.jpeg,34,batchnorm,1x192x28x28,0.128707
112,0,imagen.jpeg,35,activacion,1x192x28x28,0.347915
112,0,imagen.jpeg,36,depthwise_conv,1x192x28x28,1.466632
112,0,imagen.jpeg,37,batchnorm,1x192x28x28,0.123029
112,0,imagen.jpeg,38,activacion,1x192x28x28,0.482187
112,0,imagen.jpeg,39,pointwise_conv,1x192x28x28,2.590405
112,0,imagen.jpeg,40,batchnorm,1x32x28x28,0.020272
112,0,imagen.jpeg,41,layer_add,1x32x28x28,0.01258
112,0,imagen.jpeg,42,pointwise_conv,1x32x28x28,2.86142
112,0,imagen.jpeg,43,batchnorm,1x192x28x28,0.247917
112,0,imagen.jpeg,44,activacion,1x192x28x28,0.524474
112,0,imagen.jpeg,45,depthwise_conv,1x192x28x28,1.596769
112,0,imagen.jpeg,46,batchnorm,1x192x28x28,0.145315
112,0,imagen.jpeg,47,activacion,1x192x28x28,0.497933
112,0,imagen.jpeg,48,pointwise_conv,1x192x28x28,2.994219
112,0,imagen.jpeg,49,batchnorm,1x32x28x28,0.037063
112,0,imagen.jpeg,50,layer_add,1x32x28x28,0.021434
112,0,imagen.jpeg,51,pointwise_conv,1x32x28x28,2.965491
112,0,imagen.jpeg,52,batchnorm,1x192x28x28,0.160104
112,0,imagen.jpeg,53,activacion,1x192x28x28,0.52878
112,0,imagen.jpeg,54,depthwise_conv,1x192x28x28,0.417835
112,0,imagen.jpeg,55,batchnorm,1x192x14x14,0.035967
112,0,imagen.jpeg,56,activacion,1x192x14x14,0.103968
112,0,imagen.jpeg,57,pointwise_conv,1x192x14x14,1.420497
112,0,imagen.jpeg,58,batchnorm,1x64x14x14,0.01157
112,0,imagen.jpeg,59,pointwise_conv,1x64x14x14,2.781582
112,0,imagen.jpeg,60,batchnorm,1x384x14x14,0.068509
112,0,imagen.jpeg,61,activacion,1x384x14x14,0.215581
112,0,imagen.jpeg,62,depthwise_conv,1x384x14x14,0.813932
112,0,imagen.jpeg,63,batchnorm,1x384x14x14,0.098516
112,0,imagen.jpeg,64,activacion,1x384x14x14,0.314885
112,0,imagen.jpeg,65,pointwise_conv,1x384x14x14,4.294198
112,0,imagen.jpeg,66,batchnorm,1x64x14x14,0.014125
112,0,imagen.jpeg,67,layer_add,1x64x14x14,0.007742
112,0,imagen.jpeg,68,pointwise_conv,1x64x14x14,3.063844
112,0,imagen.jpeg,69,batchnorm,1x384x14x14,0.078792
112,0,imagen.jpeg,70,activacion,1x384x14x14,0.26773
112,0,imagen.jpeg,71,depthwise_conv,1x384x14x14,0.861519
112,0,imagen.jpeg,72,batchnorm,1x384x14x14,0.108972
112,0,imagen.jpeg,73,activacion,1x384x14x14,0.284301
112,0,imagen.jpeg,74,pointwise_conv,1x384x14x14,2.958101
112,0,imagen.jpeg,75,batchnorm,1x64x14x14,0.012056
112,0,imagen.jpeg,76,layer_add,1x64x14x14,0.007845
112,0,imagen.jpeg,77,pointwise_conv,1x64x14x14,3.462052
112,0,imagen.jpeg,78,batchnorm,1x384x14x14,0.17566
112,0,imagen.jpeg,79,activacion,1x384x14x14,0.322228
112,0,imagen.jpeg,80,depthwise_conv,1x384x14x14,0.926973
112,0,imagen.jpeg,81,batchnorm,1x384x14x14,0.163147
112,0,imagen.jpeg,82,activacion,1x384x14x14,0.249699
112,0,imagen.jpeg,83,pointwise_conv,1x384x14x14,3.217679
112,0,imagen.jpeg,84,batchnorm,1x64x14x14,0.014102
112,0,imagen.jpeg,85,layer_add,1x64x14x14,0.00726
112,0,imagen.jpeg,86,pointwise_conv,1x64x14x14,3.035902
112,0,imagen.jpeg,87,batchnorm,1x384x14x14,0.072913
112,0,imagen.jpeg,88,activacion,1x384x14x14,0.272276
112,0,imagen.jpeg,89,depthwise_conv,1x384x14x14,0.846773
112,0,imagen.jpeg,90,batchnorm,1x384x14x14,0.072928
112,0,imagen.jpeg,91,activacion,1x384x14x14,0.282627
112,0,imagen.jpeg,92,pointwise_conv,1x384x14x14,4.203972
112,0,imagen.jpeg,93,batchnorm,1x96x14x14,0.017585
112,0,imagen.jpeg,94,pointwise_conv,1x96x14x14,6.722644
112,0,imagen.jpeg,95,batchnorm,1x576x14x14,0.107129
112,0,imagen.jpeg,96,activacion,1x576x14x14,0.369667
112,0,imagen.jpeg,97,depthwise_conv,1x576x14x14,1.202814
112,0,imagen.jpeg,98,batchnorm,1x576x14x14,0.179495
112,0,imagen.jpeg,99,activacion,1x576x14x14,0.333831
112,0,imagen.jpeg,100,pointwise_conv,1x576x14x14,6.16348
112,0,imagen.jpeg,101,batchnorm,1x96x14x14,0.016332
112,0,imagen.jpeg,102,layer_add,1x96x14x14,0.009936
112,0,imagen.jpeg,103,pointwise_conv,1x96x14x14,6.204547
112,0,imagen.jpeg,104,batchnorm,1x576x14x14,0.103295
112,0,imagen.jpeg,105,activacion,1x576x14x14,0.35259
112,0,imagen.jpeg,106,depthwise_conv,1x576x14x14,1.158819
112,0,imagen.jpeg,107,batchnorm,1x576x14x14,0.157605
112,0,imagen.jpeg,108,activacion,1x576x14x14,0.320469
112,0,imagen.jpeg,109,pointwise_conv,1x576x14x14,6.446776
112,0,imagen.jpeg,110,batchnorm,1x96x14x14,0.019205
112,0,imagen.jpeg,111,layer_add,1x96x14x14,0.013332
112,0,imagen.jpeg,112,pointwise_conv,1x96x14x14,6.298929
112,0,imagen.jpeg,113,batchnorm,1x576x14x14,0.113779
112,0,imagen.jpeg,114,activacion,1x576x14x14,0.32373
112,0,imagen.jpeg,115,depthwise_conv,1x576x14x14,0.303372
112,0,imagen.jpeg,116,batchnorm,1x576x7x7,0.031719
112,0,imagen.jpeg,117,activacion,1x576x7x7,0.069113
112,0,imagen.jpeg,118,pointwise_conv,1x576x7x7,2.568423
112,0,imagen.jpeg,119,batchnorm,1x160x7x7,0.008188
112,0,imagen.jpeg,120,pointwise_conv,1x160x7x7,4.10533
112,0,imagen.jpeg,121,batchnorm,1x960x7x7,0.0446
112,0,imagen.jpeg,122,activacion,1x960x7x7,0.149428
112,0,imagen.jpeg,123,depthwise_conv,1x960x7x7,0.47271
112,0,imagen.jpeg,124,batchnorm,1x960x7x7,0.042579
112,0,imagen.jpeg,125,activacion,1x960x7x7,0.140403
112,0,imagen.jpeg,126,pointwise_conv,1x960x7x7,4.185306
112,0,imagen.jpeg,127,batchnorm,1x160x7x7,0.007199
112,0,imagen.jpeg,128,layer_add,1x160x7x7,0.003481
112,0,imagen.jpeg,129,pointwise_conv,1x160x7x7,4.242049
112,0,imagen.jpeg,130,batchnorm,1x960x7x7,0.04311
112,0,imagen.jpeg,131,activacion,1x960x7x7,0.138424
112,0,imagen.jpeg,132,depthwise_conv,1x960x7x7,0.493834
112,0,imagen.jpeg,133,batchnorm,1x960x7x7,0.053608
112,0,imagen.jpeg,134,activacion,1x960x7x7,0.124157
112,0,imagen.jpeg,135,pointwise_conv,1x960x7x7,4.058366
112,0,imagen.jpeg,136,batchnorm,1x160x7x7,0.007442
112,0,imagen.jpeg,137,layer_add,1x160x7x7,0.003796
112,0,imagen.jpeg,138,pointwise_conv,1x160x7x7,3.994417
112,0,imagen.jpeg,139,batchnorm,1x960x7x7,0.041506
112,0,imagen.jpeg,140,activacion,1x960x7x7,0.111081
112,0,imagen.jpeg,141,depthwise_conv,1x960x7x7,0.467775
112,0,imagen.jpeg,142,batchnorm,1x960x7x7,0.0463
112,0,imagen.jpeg,143,activacion,1x960x7x7,0.087572
112,0,imagen.jpeg,144,pointwise_conv,1x960x7x7,8.196648
112,0,imagen.jpeg,145,batchnorm,1x320x7x7,0.015271
112,0,imagen.jpeg,146,pointwise_conv,1x320x7x7,11.217469
112,0,imagen.jpeg,147,batchnorm,1x1280x7x7,0.101126
112,0,imagen.jpeg,148,activacion,1x1280x7x7,0.210941
112,0,imagen.jpeg,149,pooling,1x1280x7x7,0.042239
112,0,imagen.jpeg,150,linear,1x1280,1.548507
113,0,imagen.jpeg,0,conv2d,1x3x224x224,16.123137
113,0,imagen.jpeg,1,batchnorm,1x32x112x112,0.395022
113,0,imagen.jpeg,2,activacion,1x32x112x112,0.679738
113,0,imagen.jpeg,3,depthwise_conv,1x32x112x112,4.117215
113,0,imagen.jpeg,4,batchnorm,1x32x112x112,2.332346
113,0,imagen.jpeg,5,activacion,1x32x112x112,0.786982
113,0,imagen.jpeg,6,pointwise_conv,1x32x112x112,4.238632
113,0,imagen.jpeg,7,batchnorm,1x16x112x112,0.183364
113,0,imagen.jpeg,8,pointwise_conv,1x16x112x112,11.088673
113,0,imagen.jpeg,9,batchnorm,1x96x112x112,2.261577
113,0,imagen.jpeg,10,activacion,1x96x112x112,3.457322
113,0,imagen.jpeg,11,depthwise_conv,1x96x112x112,3.149332
113,0,imagen.jpeg,12,batchnorm,1x96x56x56,0.307283
113,0,imagen.jpeg,13,activacion,1x96x56x56,1.018499
113,0,imagen.jpeg,14,pointwise_conv,1x96x56x56,3.771155
113,0,imagen.jpeg,15,batchnorm,1x24x56x56,0.062558
113,0,imagen.jpeg,16,pointwise_conv,1x24x56x56,6.726989
113,0,imagen.jpeg,17,batchnorm,1x144x56x56,0.906484
113,0,imagen.jpeg,18,activacion,1x144x56x56,1.269647
113,0,imagen.jpeg,19,depthwise_conv,1x144x56x56,4.888194
113,0,imagen.jpeg,20,batchnorm,1x144x56x56,0.97489
113,0,imagen.jpeg,21,activacion,1x144x56x56,1.674066
113,0,imagen.jpeg,22,pointwise_conv,1x144x56x56,6.194161
113,0,imagen.jpeg,23,batchnorm,1x24x56x56,0.084278
113,0,imagen.jpeg,24,layer_add,1x24x56x56,0.057027
113,0,imagen.jpeg,25,pointwise_conv,1x24x56x56,5.972948
113,0,imagen.jpeg,26,batchnorm,1x144x56x56,0.414724
113,0,imagen.jpeg,27,activacion,1x144x56x56,1.483253
113,0,imagen.jpeg,28,depthwise_conv,1x144x56x56,1.106725
113,0,imagen.jpeg,29,batchnorm,1x144x28x28,0.094801
113,0,imagen.jpeg,30,activacion,1x144x28x28,0.323708
113,0,imagen.jpeg,31,pointwise_conv,1x144x28x28,1.883649
113,0,imagen.jpeg,32,batchnorm,1x32x28x28,0.020809
113,0,imagen.jpeg,33,pointwise_conv,1x32x28x28,2.888291
113,0,imagen.jpeg,34,batchnorm,1x192x28x28,0.138704
113,0,imagen.jpeg,35,activacion,1x192x28x28,0.368365
113,0,imagen.jpeg,36,depthwise_conv,1x192x28x28,1.458245
113,0,imagen.jpeg,37,batchnorm,1x192x28x28,0.127757
113,0,imagen.jpeg,38,activacion,1x192x28x28,0.517272
113,0,imagen.jpeg,39,pointwise_conv,1x192x28x28,2.555104
113,0,imagen.jpeg,40,batchnorm,1x32x28x28,0.02097
113,0,imagen.jpeg,41,layer_add,1x32x28x28,0.012551
113,0,imagen.jpeg,42,pointwise_conv,1x32x28x28,2.622994
113,0,imagen.jpeg,43,batchnorm,1x192x28x28,0.121969
113,0,imagen.jpeg,44,activacion,1x192x28x28,0.45765
113,0,imagen.jpeg,45,depthwise_conv,1x192x28x28,1.450782
113,0,imagen.jpeg,46,batchnorm,1x192x28x28,0.120431
113,0,imagen.jpeg,47,activacion,1x192x28x28,0.525836
113,0,imagen.jpeg,48,pointwise_conv,1x192x28x28,2.572875
113,0,imagen.jpeg,49,batchnorm,1x32x28x28,0.022969
113,0,imagen.jpeg,50,layer_add,1x32x28x28,0.032767
113,0,imagen.jpeg,51,pointwise_conv,1x32x28x28,2.725431
113,0,imagen.jpeg,52,batchnorm,1x192x28x28,0.125619
113,0,imagen.jpeg,53,activacion,1x192x28x28,0.507799
113,0,imagen.jpeg,54,depthwise_conv,1x192x28x28,0.420591
113,0,imagen.jpeg,55,batchnorm,1x192x14x14,0.051068
113,0,imagen.jpeg,56,activacion,1x192x14x14,0.09405
113,0,imagen.jpeg,57,pointwise_conv,1x192x14x14,1.330781
113,0,imagen.jpeg,58,batchnorm,1x64x14x14,0.011495
113,0,imagen.jpeg,59,pointwise_conv,1x64x14x14,2.779135
113,0,imagen.jpeg,60,batchnorm,1x384x14x14,0.065383
113,0,imagen.jpeg,61,activacion,1x384x14x14,0.215123
113,0,imagen.jpeg,62,depthwise_conv,1x384x14x14,0.752452
113,0,imagen.jpeg,63,batchnorm,1x384x14x14,0.063803
113,0,imagen.jpeg,64,activacion,1x384x14x14,0.289526
113,0,imagen.jpeg,65,pointwise_conv,1x384x14x14,2.733587
113,0,imagen.jpeg,66,batchnorm,1x64x14x14,0.010762
113,0,imagen.jpeg,67,layer_add,1x64x14x14,0.005943
113,0,imagen.jpeg,68,pointwise_conv,1x64x14x14,2.867611
113,0,imagen.jpeg,69,batchnorm,1x384x14x14,0.092164
113,0,imagen.jpeg,70,activacion,1x384x14x14,0.26686
113,0,imagen.jpeg,71,depthwise_conv,1x384x14x14,0.761913
113,0,imagen.jpeg,72,batchnorm,1x384x14x14,0.10101
113,0,imagen.jpeg,73,activacion,1x384x14x14,0.262834
113,0,imagen.jpeg,74,pointwise_conv,1x384x14x14,2.843986
113,0,imagen.jpeg,75,batchnorm,1x64x14x14,0.024776
113,0,imagen.jpeg,76,layer_add,1x64x14x14,0.007508
113,0,imagen.jpeg,77,pointwise_conv,1x64x14x14,2.701589
113,0,imagen.jpeg,78,batchnorm,1x384x14x14,0.06468
113,0,imagen.jpeg,79,activacion,1x384x14x14,0.245793
113,0,imagen.jpeg,80,depthwise_conv,1x384x14x14,0.782083
113,0,imagen.jpeg,81,batchnorm,1x384x14x14,0.138868
113,0,imagen.jpeg,82,activacion,1x384x14x14,0.224577
113,0,imagen.jpeg,83,pointwise_conv,1x384x14x14,2.686738
113,0,imagen.jpeg,84,batchnorm,1x64x14x14,0.010857
113,0,imagen.jpeg,85,layer_add,1x64x14x14,0.005823
113,0,imagen.jpeg,86,pointwise_conv,1x64x14x14,2.707415
113,0,imagen.jpeg,87,batchnorm,1x384x14x14,0.063754
113,0,imagen.jpeg,88,activacion,1x384x14x14,0.245665
113,0,imagen.jpeg,89,depthwise_conv,1x384x14x14,0.73247
113,0,imagen.jpeg,90,batchnorm,1x384x14x14,0.063662
113,0,imagen.jpeg,91,activacion,1x384x14x14,0.229312
113,0,imagen.jpeg,92,pointwise_conv,1x384x14x14,4.164111
113,0,imagen.jpeg,93,batchnorm,1x96x14x14,0.017613
113,0,imagen.jpeg,94,pointwise_conv,1x96x14x14,5.97408
113,0,imagen.jpeg,95,batchnorm,1x576x14x14,0.09925
113,0,imagen.jpeg,96,activacion,1x576x14x14,0.369114
113,0,imagen.jpeg,97,depthwise_conv,1x576x14x14,1.122615
113,0,imagen.jpeg,98,batchnorm,1x576x14x14,0.173424
113,0,imagen.jpeg,99,activacion,1x576x14x14,0.327522
113,0,imagen.jpeg,100,pointwise_conv,1x576x14x14,6.043766
113,0,imagen.jpeg,101,batchnorm,1x96x14x14,0.01681
113,0,imagen.jpeg,102,layer_add,1x96x14x14,0.009967
113,0,imagen.jpeg,103,pointwise_conv,1x96x14x14,6.133896
113,0,imagen.jpeg,104,batchnorm,1x576x14x14,0.100905
113,0,imagen.jpeg,105,activacion,1x576x14x14,0.387476
113,0,imagen.jpeg,106,depthwise_conv,1x576x14x14,1.219919
113,0,imagen.jpeg,107,batchnorm,1x576x14x14,0.170044
113,0,imagen.jpeg,108,activacion,1x576x14x14,0.336601
113,0,imagen.jpeg,109,pointwise_conv,1x576x14x14,9.679677
113,0,imagen.jpeg,110,batchnorm,1x96x14x14,0.019681
113,0,imagen.jpeg,111,layer_add,1x96x14x14,0.014575
113,0,imagen.jpeg,112,pointwise_conv,1x96x14x14,6.264014
113,0,imagen.jpeg,113,batchnorm,1x576x14x14,0.113266
113,0,imagen.jpeg,114,activacion,1x576x14x14,0.331509
113,0,imagen.jpeg,115,depthwise_conv,1x576x14x14,0.267518
113,0,imagen.jpeg,116,batchnorm,1x576x7x7,0.030631
113,0,imagen.jpeg,117,activacion,1x576x7x7,0.065048
113,0,imagen.jpeg,118,pointwise_conv,1x576x7x7,2.442514
113,0,imagen.jpeg,119,batchnorm,1x160x7x7,0.008065
113,0,imagen.jpeg,120,pointwise_conv,1x160x7x7,4.092543
113,0,imagen.jpeg,121,batchnorm,1x960x7x7,0.044655
113,0,imagen.jpeg,122,activacion,1x960x7x7,0.152653
113,0,imagen.jpeg,123,depthwise_conv,1x960x7x7,0.503156
113,0,imagen.jpeg,124,batchnorm,1x960x7x7,0.043786
113,0,imagen.jpeg,125,activacion,1x960x7x7,0.14215
113,0,imagen.jpeg,126,pointwise_conv,1x960x7x7,4.19015
113,0,imagen.jpeg,127,batchnorm,1x160x7x7,0.007846
113,0,imagen.jpeg,128,layer_add,1x160x7x7,0.004236
113,0,imagen.jpeg,129,pointwise_conv,1x160x7x7,4.142404
113,0,imagen.jpeg,130,batchnorm,1x960x7x7,0.045698
113,0,imagen.jpeg,131,activacion,1x960x7x7,0.146714
113,0,imagen.jpeg,132,depthwise_conv,1x960x7x7,0.434251
113,0,imagen.jpeg,133,batchnorm,1x960x7x7,0.055532
113,0,imagen.jpeg,134,activacion,1x960x7x7,0.130392
113,0,imagen.jpeg,135,pointwise_conv,1x960x7x7,4.124512
113,0,imagen.jpeg,136,batchnorm,1x160x7x7,0.00766
113,0,imagen.jpeg,137,layer_add,1x160x7x7,0.004211
113,0,imagen.jpeg,138,pointwise_conv,1x160x7x7,4.035843
113,0,imagen.jpeg,139,batchnorm,1x960x7x7,0.044385
113,0,imagen.jpeg,140,activacion,1x960x7x7,0.117213
113,0,imagen.jpeg,141,depthwise_conv,1x960x7x7,0.433386
113,0,imagen.jpeg,142,batchnorm,1x960x7x7,0.04793
113,0,imagen.jpeg,143,activacion,1x960x7x7,0.090367
113,0,imagen.jpeg,144,pointwise_conv,1x960x7x7,8.235427
113,0,imagen.jpeg,145,batchnorm,1x320x7x7,0.016143
113,0,imagen.jpeg,146,pointwise_conv,1x320x7x7,11.128439
113,0,imagen.jpeg,147,batchnorm,1x1280x7x7,0.063296
113,0,imagen.jpeg,148,activacion,1x1280x7x7,0.188801
113,0,imagen.jpeg,149,pooling,1x1280x7x7,0.040633
113,0,imagen.jpeg,150,linear,1x1280,1.442165
114,0,imagen.jpeg,0,conv2d,1x3x224x224,15.815987
114,0,imagen.jpeg,1,batchnorm,1x32x112x112,0.383972
114,0,imagen.jpeg,2,activacion,1x32x112x112,0.655859
114,0,imagen.jpeg,3,depthwise_conv,1x32x112x112,3.906661
114,0,imagen.jpeg,4,batchnorm,1x32x112x112,2.483561
114,0,imagen.jpeg,5,activacion,1x32x112x112,0.792573
114,0,imagen.jpeg,6,pointwise_conv,1x32x112x112,3.860877
114,0,imagen.jpeg,7,batchnorm,1x16x112x112,0.182366
114,0,imagen.jpeg,8,pointwise_conv,1x16x112x112,11.443875
114,0,imagen.jpeg,9,batchnorm,1x96x112x112,2.378933
114,0,imagen.jpeg,10,activacion,1x96x112x112,3.468964
114,0,imagen.jpeg,11,depthwise_conv,1x96x112x112,3.150885
114,0,imagen.jpeg,12,batchnorm,1x96x56x56,0.27612
114,0,imagen.jpeg,13,activacion,1x96x56x56,1.013482
114,0,imagen.jpeg,14,pointwise_conv,1x96x56x56,3.810505
114,0,imagen.jpeg,15,batchnorm,1x24x56x56,0.061953
114,0,imagen.jpeg,16,pointwise_conv,1x24x56x56,6.71377
114,0,imagen.jpeg,17,batchnorm,1x144x56x56,0.874437
114,0,imagen.jpeg,18,activacion,1x144x56x56,1.2699
114,0,imagen.jpeg,19,depthwise_conv,1x144x56x56,4.397305
114,0,imagen.jpeg,20,batchnorm,1x144x56x56,0.876503
114,0,imagen.jpeg,21,activacion,1x144x56x56,1.617039
114,0,imagen.jpeg,22,pointwise_conv,1x144x56x56,5.767334
114,0,imagen.jpeg,23,batchnorm,1x24x56x56,0.086384
114,0,imagen.jpeg,24,layer_add,1x24x56x56,0.047443
114,0,imagen.jpeg,25,pointwise_conv,1x24x56x56,5.998518
114,0,imagen.jpeg,26,batchnorm,1x144x56x56,0.424697
114,0,imagen.jpeg,27,activacion,1x144x56x56,1.58424
114,0,imagen.jpeg,28,depthwise_conv,1x144x56x56,1.107584
114,0,imagen.jpeg,29,batchnorm,1x144x28x28,0.096847
114,0,imagen.jpeg,30,activacion,1x144x28x28,0.347482
114,0,imagen.jpeg,31,pointwise_conv,1x144x28x28,1.990938
114,0,imagen.jpeg,32,batchnorm,1x32x28x28,0.021064
114,0,imagen.jpeg,33,pointwise_conv,1x32x28x28,2.616562
114,0,imagen.jpeg,34,batchnorm,1x192x28x28,0.158902
114,0,imagen.jpeg,35,activacion,1x192x28x28,0.383309
114,0,imagen.jpeg,36,depthwise_conv,1x192x28x28,1.485619
114,0,imagen.jpeg,37,batchnorm,1x192x28x28,0.12795
114,0,imagen.jpeg,38,activacion,1x192x28x28,0.507691
114,0,imagen.jpeg,39,pointwise_conv,1x192x28x28,2.606036
114,0,imagen.jpeg,40,batchnorm,1x32x28x28,0.020587
114,0,imagen.jpeg,41,layer_add,1x32x28x28,0.013191
114,0,imagen.jpeg,42,pointwise_conv,1x32x28x28,2.525599
114,0,imagen.jpeg,43,batchnorm,1x192x28x28,0.126754
114,0,imagen.jpeg,44,activacion,1x192x28x28,0.42641
114,0,imagen.jpeg,45,depthwise_conv,1x192x28x28,1.455126
114,0,imagen.jpeg,46,batchnorm,1x192x28x28,0.127127
114,0,imagen.jpeg,47,activacion,1x192x28x28,0.491543
114,0,imagen.jpeg,48,pointwise_conv,1x192x28x28,2.622848
114,0,imagen.jpeg,49,batchnorm,1x32x28x28,0.054361
114,0,imagen.jpeg,50,layer_add,1x32x28x28,0.01335
114,0,imagen.jpeg,51,pointwise_conv,1x32x28x28,2.573963
114,0,imagen.jpeg,52,batchnorm,1x192x28x28,0.128043
114,0,imagen.jpeg,53,activacion,1x192x28x28,0.462397
114,0,imagen.jpeg,54,depthwise_conv,1x192x28x28,0.370648
114,0,imagen.jpeg,55,batchnorm,1x192x14x14,0.032567
114,0,imagen.jpeg,56,activacion,1x192x14x14,0.0938
114,0,imagen.jpeg,57,pointwise_conv,1x192x14x14,1.279023
114,0,imagen.jpeg,58,batchnorm,1x64x14x14,0.011548
114,0,imagen.jpeg,59,pointwise_conv,1x64x14x14,3.070616
114,0,imagen.jpeg,60,batchnorm,1x384x14x14,0.088568
114,0,imagen.jpeg,61,activacion,1x384x14x14,0.228627
114,0,imagen.jpeg,62,depthwise_conv,1x384x14x14,0.801365
114,0,imagen.jpeg,63,batchnorm,1x384x14x14,0.109236
114,0,imagen.jpeg,64,activacion,1x384x14x14,0.307932
114,0,imagen.jpeg,65,pointwise_conv,1x384x14x14,2.939824
114,0,imagen.jpeg,66,batchnorm,1x64x14x14,0.012639
114,0,imagen.jpeg,67,layer_add,1x64x14x14,0.007304
114,0,imagen.jpeg,68,pointwise_conv,1x64x14x14,3.157647
114,0,imagen.jpeg,69,batchnorm,1x384x14x14,0.082574
114,0,imagen.jpeg,70,activacion,1x384x14x14,0.256113
114,0,imagen.jpeg,71,depthwise_conv,1x384x14x14,0.871509
114,0,imagen.jpeg,72,batchnorm,1x384x14x14,0.116415
114,0,imagen.jpeg,73,activacion,1x384x14x14,0.270716
114,0,imagen.jpeg,74,pointwise_conv,1x384x14x14,2.954154
114,0,imagen.jpeg,75,batchnorm,1x64x14x14,0.012863
114,0,imagen.jpeg,76,layer_add,1x64x14x14,0.007782
114,0,imagen.jpeg,77,pointwise_conv,1x64x14x14,2.851965
114,0,imagen.jpeg,78,batchnorm,1x384x14x14,0.069896
114,0,imagen.jpeg,79,activacion,1x384x14x14,0.278742
114,0,imagen.jpeg,80,depthwise_conv,1x384x14x14,0.787189
114,0,imagen.jpeg,81,batchnorm,1x384x14x14,0.161363
114,0,imagen.jpeg,82,activacion,1x384x14x14,0.228999
114,0,imagen.jpeg,83,pointwise_conv,1x384x14x14,2.764967
114,0,imagen.jpeg,84,batchnorm,1x64x14x14,0.01113
114,0,imagen.jpeg,85,layer_add,1x64x14x14,0.006629
114,0,imagen.jpeg,86,pointwise_conv,1x64x14x14,2.728101
114,0,imagen.jpeg,87,batchnorm,1x384x14x14,0.092581
114,0,imagen.jpeg,88,activacion,1x384x14x14,0.250854
114,0,imagen.jpeg,89,depthwise_conv,1x384x14x14,0.767938
114,0,imagen.jpeg,90,batchnorm,1x384x14x14,0.066926
114,0,imagen.jpeg,91,activacion,1x384x14x14,0.241078
114,0,imagen.jpeg,92,pointwise_conv,1x384x14x14,4.246261
114,0,imagen.jpeg,93,batchnorm,1x96x14x14,0.0184
114,0,imagen.jpeg,94,pointwise_conv,1x96x14x14,6.068131
114,0,imagen.jpeg,95,batchnorm,1x576x14x14,0.099579
114,0,imagen.jpeg,96,activacion,1x576x14x14,0.357078
114,0,imagen.jpeg,97,depthwise_conv,1x576x14x14,1.120683
114,0,imagen.jpeg,98,batchnorm,1x576x14x14,0.172043
114,0,imagen.jpeg,99,activacion,1x576x14x14,0.377478
114,0,imagen.jpeg,100,pointwise_conv,1x576x14x14,6.14946
114,0,imagen.jpeg,101,batchnorm,1x96x14x14,0.016958
114,0,imagen.jpeg,102,layer_add,1x96x14x14,0.009884
114,0,imagen.jpeg,103,pointwise_conv,1x96x14x14,6.438137
114,0,imagen.jpeg,104,batchnorm,1x576x14x14,0.104331
114,0,imagen.jpeg,105,activacion,1x576x14x14,0.362971
114,0,imagen.jpeg,106,depthwise_conv,1x576x14x14,1.125842
114,0,imagen.jpeg,107,batchnorm,1x576x14x14,0.158064
114,0,imagen.jpeg,108,activacion,1x576x14x14,0.319525
114,0,imagen.jpeg,109,pointwise_conv,1x576x14x14,6.116475
114,0,imagen.jpeg,110,batchnorm,1x96x14x14,0.016858
114,0,imagen.jpeg,111,layer_add,1x96x14x14,0.012481
114,0,imagen.jpeg,112,pointwise_conv,1x96x14x14,6.075942
114,0,imagen.jpeg,113,batchnorm,1x576x14x14,0.102928
114,0,imagen.jpeg,114,activacion,1x576x14x14,0.325039
114,0,imagen.jpeg,115,depthwise_conv,1x576x14x14,0.285181
114,0,imagen.jpeg,116,batchnorm,1x576x7x7,0.030063
114,0,imagen.jpeg,117,activacion,1x576x7x7,0.065077
114,0,imagen.jpeg,118,pointwise_conv,1x576x7x7,2.406378
114,0,imagen.jpeg,119,batchnorm,1x160x7x7,0.007418
114,0,imagen.jpeg,120,pointwise_conv,1x160x7x7,4.043444
114,0,imagen.jpeg,121,batchnorm,1x960x7x7,0.044305
114,0,imagen.jpeg,122,activacion,1x960x7x7,0.149576
114,0,imagen.jpeg,123,depthwise_conv,1x960x7x7,0.425351
114,0,imagen.jpeg,124,batchnorm,1x960x7x7,0.042665
114,0,imagen.jpeg,125,activacion,1x960x7x7,0.138279
114,0,imagen.jpeg,126,pointwise_conv,1x960x7x7,4.080532
114,0,imagen.jpeg,127,batchnorm,1x160x7x7,0.008165
114,0,imagen.jpeg,128,layer_add,1x160x7x7,0.004287
114,0,imagen.jpeg,129,pointwise_conv,1x160x7x7,4.074089
114,0,imagen.jpeg,130,batchnorm,1x960x7x7,0.04581
114,0,imagen.jpeg,131,activacion,1x960x7x7,0.146712
114,0,imagen.jpeg,132,depthwise_conv,1x960x7x7,0.441824
114,0,imagen.jpeg,133,batchnorm,1x960x7x7,0.05852
114,0,imagen.jpeg,134,activacion,1x960x7x7,0.124558
114,0,imagen.jpeg,135,pointwise_conv,1x960x7x7,4.049276
114,0,imagen.jpeg,136,batchnorm,1x160x7x7,0.007337
114,0,imagen.jpeg,137,layer_add,1x160x7x7,0.00398
114,0,imagen.jpeg,138,pointwise_conv,1x160x7x7,4.108289
114,0,imagen.jpeg,139,batchnorm,1x960x7x7,0.053618
114,0,imagen.jpeg,140,activacion,1x960x7x7,0.128729
114,0,imagen.jpeg,141,depthwise_conv,1x960x7x7,0.446991
114,0,imagen.jpeg,142,batchnorm,1x960x7x7,0.053478
114,0,imagen.jpeg,143,activacion,1x960x7x7,0.098411
114,0,imagen.jpeg,144,pointwise_conv,1x960x7x7,8.197846
114,0,imagen.jpeg,145,batchnorm,1x320x7x7,0.015258
114,0,imagen.jpeg,146,pointwise_conv,1x320x7x7,10.866051
114,0,imagen.jpeg,147,batchnorm,1x1280x7x7,0.071258
114,0,imagen.jpeg,148,activacion,1x1280x7x7,0.195374
114,0,imagen.jpeg,149,pooling,1x1280x7x7,0.044303
114,0,imagen.jpeg,150,linear,1x1280,1.478271
115,0,imagen.jpeg,0,conv2d,1x3x224x224,15.612255
115,0,imagen.jpeg,1,batchnorm,1x32x112x112,0.438994
115,0,imagen.jpeg,2,activacion,1x32x112x112,0.639093
115,0,imagen.jpeg,3,depthwise_conv,1x32x112x112,3.891979
115,0,imagen.jpeg,4,batchnorm,1x32x112x112,2.246049
115,0,imagen.jpeg,5,activacion,1x32x112x112,0.825537
115,0,imagen.jpeg,6,pointwise_conv,1x32x112x112,3.491475
115,0,imagen.jpeg,7,batchnorm,1x16x112x112,0.172681
115,0,imagen.jpeg,8,pointwise_conv,1x16x112x112,11.113711
115,0,imagen.jpeg,9,batchnorm,1x96x112x112,2.172961
115,0,imagen.jpeg,10,activacion,1x96x112x112,3.389132
115,0,imagen.jpeg,11,depthwise_conv,1x96x112x112,3.210224
115,0,imagen.jpeg,12,batchnorm,1x96x56x56,0.308111
115,0,imagen.jpeg,13,activacion,1x96x56x56,1.01105
115,0,imagen.jpeg,14,pointwise_conv,1x96x56x56,3.948151
115,0,imagen.jpeg,15,batchnorm,1x24x56x56,0.064322
115,0,imagen.jpeg,16,pointwise_conv,1x24x56x56,6.540477
115,0,imagen.jpeg,17,batchnorm,1x144x56x56,0.88114
115,0,imagen.jpeg,18,activacion,1x144x56x56,1.275678
115,0,imagen.jpeg,19,depthwise_conv,1x144x56x56,4.422791
115,0,imagen.jpeg,20,batchnorm,1x144x56x56,0.900134
115,0,imagen.jpeg,21,activacion,1x144x56x56,1.578655
115,0,imagen.jpeg,22,pointwise_conv,1x144x56x56,6.927175
115,0,imagen.jpeg,23,batchnorm,1x24x56x56,0.074408
115,0,imagen.jpeg,24,layer_add,1x24x56x56,0.047647
115,0,imagen.jpeg,25,pointwise_conv,1x24x56x56,6.713693
115,0,imagen.jpeg,26,batchnorm,1x144x56x56,0.47555
115,0,imagen.jpeg,27,activacion,1x144x56x56,1.621318
115,0,imagen.jpeg,28,depthwise_conv,1x144x56x56,1.21899
115,0,imagen.jpeg,29,batchnorm,1x144x28x28,0.105147
115,0,imagen.jpeg,30,activacion,1x144x28x28,0.368515
115,0,imagen.jpeg,31,pointwise_conv,1x144x28x28,2.064144
115,0,imagen.jpeg,32,batchnorm,1x32x28x28,0.034971
115,0,imagen.jpeg,33,pointwise_conv,1x32x28x28,2.895347
115,0,imagen.jpeg,34,batchnorm,1x192x28x28,0.144414
115,0,imagen.jpeg,35,activacion,1x192x28x28,0.374566
115,0,imagen.jpeg,36,depthwise_conv,1x192x28x28,1.561341
115,0,imagen.jpeg,37,batchnorm,1x192x28x28,0.148582
115,0,imagen.jpeg,38,activacion,1x192x28x28,0.540206
115,0,imagen.jpeg,39,pointwise_conv,1x192x28x28,2.599106
115,0,imagen.jpeg,40,batchnorm,1x32x28x28,0.021273
115,0,imagen.jpeg,41,layer_add,1x32x28x28,0.013675
115,0,imagen.jpeg,42,pointwise_conv,1x32x28x28,2.656962
115,0,imagen.jpeg,43,batchnorm,1x192x28x28,0.139488
115,0,imagen.jpeg,44,activacion,1x192x28x28,0.441304
115,0,imagen.jpeg,45,depthwise_conv,1x192x28x28,1.485268
115,0,imagen.jpeg,46,batchnorm,1x192x28x28,0.127158
115,0,imagen.jpeg,47,activacion,1x192x28x28,0.510713
115,0,imagen.jpeg,48,pointwise_conv,1x192x28x28,2.700039
115,0,imagen.jpeg,49,batchnorm,1x32x28x28,0.022106
115,0,imagen.jpeg,50,layer_add,1x32x28x28,0.01354
115,0,imagen.jpeg,51,pointwise_conv,1x32x28x28,2.727381
115,0,imagen.jpeg,52,batchnorm,1x192x28x28,0.14599
115,0,imagen.jpeg,53,activacion,1x192x28x28,0.504731
115,0,imagen.jpeg,54,depthwise_conv,1x192x28x28,0.384919
115,0,imagen.jpeg,55,batchnorm,1x192x14x14,0.034599
115,0,imagen.jpeg,56,activacion,1x192x14x14,0.113385
115,0,imagen.jpeg,57,pointwise_conv,1x192x14x14,1.399742
115,0,imagen.jpeg,58,batchnorm,1x64x14x14,0.012078
115,0,imagen.jpeg,59,pointwise_conv,1x64x14x14,2.778882
115,0,imagen.jpeg,60,batchnorm,1x384x14x14,0.066439
115,0,imagen.jpeg,61,activacion,1x384x14x14,0.1917
115,0,imagen.jpeg,62,depthwise_conv,1x384x14x14,0.775918
115,0,imagen.jpeg,63,batchnorm,1x384x14x14,0.067063
115,0,imagen.jpeg,64,activacion,1x384x14x14,0.268376
115,0,imagen.jpeg,65,pointwise_conv,1x384x14x14,2.740918
115,0,imagen.jpeg,66,batchnorm,1x64x14x14,0.011216
115,0,imagen.jpeg,67,layer_add,1x64x14x14,0.005389
115,0,imagen.jpeg,68,pointwise_conv,1x64x14x14,2.816586
115,0,imagen.jpeg,69,batchnorm,1x384x14x14,0.077181
115,0,imagen.jpeg,70,activacion,1x384x14x14,0.252148
115,0,imagen.jpeg,71,depthwise_conv,1x384x14x14,0.813177
115,0,imagen.jpeg,72,batchnorm,1x384x14x14,0.101439
115,0,imagen.jpeg,73,activacion,1x384x14x14,0.256059
115,0,imagen.jpeg,74,pointwise_conv,1x384x14x14,2.76062
115,0,imagen.jpeg,75,batchnorm,1x64x14x14,0.011309
115,0,imagen.jpeg,76,layer_add,1x64x14x14,0.007236
115,0,imagen.jpeg,77,pointwise_conv,1x64x14x14,2.742121
115,0,imagen.jpeg,78,batchnorm,1x384x14x14,0.12028
115,0,imagen.jpeg,79,activacion,1x384x14x14,0.252428
115,0,imagen.jpeg,80,depthwise_conv,1x384x14x14,0.815168
115,0,imagen.jpeg,81,batchnorm,1x384x14x14,0.156609
115,0,imagen.jpeg,82,activacion,1x384x14x14,0.237095
115,0,imagen.jpeg,83,pointwise_conv,1x384x14x14,2.760003
115,0,imagen.jpeg,84,batchnorm,1x64x14x14,0.011103
115,0,imagen.jpeg,85,layer_add,1x64x14x14,0.006725
115,0,imagen.jpeg,86,pointwise_conv,1x64x14x14,2.705372
115,0,imagen.jpeg,87,batchnorm,1x384x14x14,0.064572
115,0,imagen.jpeg,88,activacion,1x384x14x14,0.245538
115,0,imagen.jpeg,89,depthwise_conv,1x384x14x14,0.793174
115,0,imagen.jpeg,90,batchnorm,1x384x14x14,0.065354
115,0,imagen.jpeg,91,activacion,1x384x14x14,0.236332
115,0,imagen.jpeg,92,pointwise_conv,1x384x14x14,4.070629
115,0,imagen.jpeg,93,batchnorm,1x96x14x14,0.019071
115,0,imagen.jpeg,94,pointwise_conv,1x96x14x14,6.099381
115,0,imagen.jpeg,95,batchnorm,1x576x14x14,0.112675
115,0,imagen.jpeg,96,activacion,1x576x14x14,0.354366
115,0,imagen.jpeg,97,depthwise_conv,1x576x14x14,1.168395
115,0,imagen.jpeg,98,batchnorm,1x576x14x14,0.181915
115,0,imagen.jpeg,99,activacion,1x576x14x14,0.318426
115,0,imagen.jpeg,100,pointwise_conv,1x576x14x14,6.265583
115,0,imagen.jpeg,101,batchnorm,1x96x14x14,0.087951
115,0,imagen.jpeg,102,layer_add,1x96x14x14,0.020307
115,0,imagen.jpeg,103,pointwise_conv,1x96x14x14,6.347189
115,0,imagen.jpeg,104,batchnorm,1x576x14x14,0.108687
115,0,imagen.jpeg,105,activacion,1x576x14x14,0.407685
115,0,imagen.jpeg,106,depthwise_conv,1x576x14x14,1.136709
115,0,imagen.jpeg,107,batchnorm,1x576x14x14,0.157499
115,0,imagen.jpeg,108,activacion,1x576x14x14,0.293887
115,0,imagen.jpeg,109,pointwise_conv,1x576x14x14,5.995499
115,0,imagen.jpeg,110,batchnorm,1x96x14x14,0.020635
115,0,imagen.jpeg,111,layer_add,1x96x14x14,0.011973
115,0,imagen.jpeg,112,pointwise_conv,1x96x14x14,6.149988
115,0,imagen.jpeg,113,batchnorm,1x576x14x14,0.129158
115,0,imagen.jpeg,114,activacion,1x576x14x14,0.31468
115,0,imagen.jpeg,115,depthwise_conv,1x576x14x14,0.267184
115,0,imagen.jpeg,116,batchnorm,1x576x7x7,0.030137
115,0,imagen.jpeg,117,activacion,1x576x7x7,0.064999
115,0,imagen.jpeg,118,pointwise_conv,1x576x7x7,2.450568
115,0,imagen.jpeg,119,batchnorm,1x160x7x7,0.007898
115,0,imagen.jpeg,120,pointwise_conv,1x160x7x7,4.612079
115,0,imagen.jpeg,121,batchnorm,1x960x7x7,0.049146
115,0,imagen.jpeg,122,activacion,1x960x7x7,0.153582
115,0,imagen.jpeg,123,depthwise_conv,1x960x7x7,0.444454
115,0,imagen.jpeg,124,batchnorm,1x960x7x7,0.045846
115,0,imagen.jpeg,125,activacion,1x960x7x7,0.147014
115,0,imagen.jpeg,126,pointwise_conv,1x960x7x7,4.807451
115,0,imagen.jpeg,127,batchnorm,1x160x7x7,0.009054
115,0,imagen.jpeg,128,layer_add,1x160x7x7,0.005389
115,0,imagen.jpeg,129,pointwise_conv,1x160x7x7,4.512901
115,0,imagen.jpeg,130,batchnorm,1x960x7x7,0.054717
115,0,imagen.jpeg,131,activacion,1x960x7x7,0.15358
115,0,imagen.jpeg,132,depthwise_conv,1x960x7x7,0.460315
115,0,imagen.jpeg,133,batchnorm,1x960x7x7,0.058777
115,0,imagen.jpeg,134,activacion,1x960x7x7,0.133974
115,0,imagen.jpeg,135,pointwise_conv,1x960x7x7,4.192145
115,0,imagen.jpeg,136,batchnorm,1x160x7x7,0.007502
115,0,imagen.jpeg,137,layer_add,1x160x7x7,0.00452
115,0,imagen.jpeg,138,pointwise_conv,1x160x7x7,4.036861
115,0,imagen.jpeg,139,batchnorm,1x960x7x7,0.045692
115,0,imagen.jpeg,140,activacion,1x960x7x7,0.120147
115,0,imagen.jpeg,141,depthwise_conv,1x960x7x7,0.426181
115,0,imagen.jpeg,142,batchnorm,1x960x7x7,0.056389
115,0,imagen.jpeg,143,activacion,1x960x7x7,0.088944
115,0,imagen.jpeg,144,pointwise_conv,1x960x7x7,8.250156
115,0,imagen.jpeg,145,batchnorm,1x320x7x7,0.015727
115,0,imagen.jpeg,146,pointwise_conv,1x320x7x7,10.952875
115,0,imagen.jpeg,147,batchnorm,1x1280x7x7,0.058581
115,0,imagen.jpeg,148,activacion,1x1280x7x7,0.175889
115,0,imagen.jpeg,149,pooling,1x1280x7x7,0.038143
115,0,imagen.jpeg,150,linear,1x1280,1.459148
116,0,imagen.jpeg,0,conv2d,1x3x224x224,15.675489
116,0,imagen.jpeg,1,batchnorm,1x32x112x112,0.454432
116,0,imagen.jpeg,2,activacion,1x32x112x112,0.635436
116,0,imagen.jpeg,3,depthwise_conv,1x32x112x112,3.902316
116,0,imagen.jpeg,4,batchnorm,1x32x112x112,2.341408
116,0,imagen.jpeg,5,activacion,1x32x112x112,0.758353
116,0,imagen.jpeg,6,pointwise_conv,1x32x112x112,3.544707
116,0,imagen.jpeg,7,batchnorm,1x16x112x112,0.173219
116,0,imagen.jpeg,8,pointwise_conv,1x16x112x112,11.907429
116,0,imagen.jpeg,9,batchnorm,1x96x112x112,2.192885
116,0,imagen.jpeg,10,activacion,1x96x112x112,3.442612
116,0,imagen.jpeg,11,depthwise_conv,1x96x112x112,3.052725
116,0,imagen.jpeg,12,batchnorm,1x96x56x56,0.293498
116,0,imagen.jpeg,13,activacion,1x96x56x56,1.008657
116,0,imagen.jpeg,14,pointwise_conv,1x96x56x56,3.90019
116,0,imagen.jpeg,15,batchnorm,1x24x56x56,0.061736
116,0,imagen.jpeg,16,pointwise_conv,1x24x56x56,6.87543
116,0,imagen.jpeg,17,batchnorm,1x144x56x56,0.907332
116,0,imagen.jpeg,18,activacion,1x144x56x56,1.290184
116,0,imagen.jpeg,19,depthwise_conv,1x144x56x56,4.416015
116,0,imagen.jpeg,20,batchnorm,1x144x56x56,0.966406
116,0,imagen.jpeg,21,activacion,1x144x56x56,1.594634
116,0,imagen.jpeg,22,pointwise_conv,1x144x56x56,5.808387
116,0,imagen.jpeg,23,batchnorm,1x24x56x56,0.064753
116,0,imagen.jpeg,24,layer_add,1x24x56x56,0.047282
116,0,imagen.jpeg,25,pointwise_conv,1x24x56x56,5.81203
116,0,imagen.jpeg,26,batchnorm,1x144x56x56,0.431497
116,0,imagen.jpeg,27,activacion,1x144x56x56,1.51245
116,0,imagen.jpeg,28,depthwise_conv,1x144x56x56,1.146306
116,0,imagen.jpeg,29,batchnorm,1x144x28x28,0.099133
116,0,imagen.jpeg,30,activacion,1x144x28x28,0.340534
116,0,imagen.jpeg,31,pointwise_conv,1x144x28x28,1.974207
116,0,imagen.jpeg,32,batchnorm,1x32x28x28,0.021684
116,0,imagen.jpeg,33,pointwise_conv,1x32x28x28,2.658367
116,0,imagen.jpeg,34,batchnorm,1x192x28x28,0.131041
116,0,imagen.jpeg,35,activacion,1x192x28x28,0.36018
116,0,imagen.jpeg,36,depthwise_conv,1x192x28x28,1.492141
116,0,imagen.jpeg,37,batchnorm,1x192x28x28,0.144206
116,0,imagen.jpeg,38,activacion,1x192x28x28,0.51242
116,0,imagen.jpeg,39,pointwise_conv,1x192x28x28,2.597758
116,0,imagen.jpeg,40,batchnorm,1x32x28x28,0.021029
116,0,imagen.jpeg,41,layer_add,1x32x28x28,0.013171
116,0,imagen.jpeg,42,pointwise_conv,1x32x28x28,2.624522
116,0,imagen.jpeg,43,batchnorm,1x192x28x28,0.122031
116,0,imagen.jpeg,44,activacion,1x192x28x28,0.441681
116,0,imagen.jpeg,45,depthwise_conv,1x192x28x28,1.495619
116,0,imagen.jpeg,46,batchnorm,1x192x28x28,0.124172
116,0,imagen.jpeg,47,activacion,1x192x28x28,0.597679
116,0,imagen.jpeg,48,pointwise_conv,1x192x28x28,2.679456
116,0,imagen.jpeg,49,batchnorm,1x32x28x28,0.021658
116,0,imagen.jpeg,50,layer_add,1x32x28x28,0.013747
116,0,imagen.jpeg,51,pointwise_conv,1x32x28x28,2.61882
116,0,imagen.jpeg,52,batchnorm,1x192x28x28,0.138407
116,0,imagen.jpeg,53,activacion,1x192x28x28,0.487193
116,0,imagen.jpeg,54,depthwise_conv,1x192x28x28,0.374629
116,0,imagen.jpeg,55,batchnorm,1x192x14x14,0.033716
116,0,imagen.jpeg,56,activacion,1x192x14x14,0.095875
116,0,imagen.jpeg,57,pointwise_conv,1x192x14x14,1.316423
116,0,imagen.jpeg,58,batchnorm,1x64x14x14,0.011652
116,0,imagen.jpeg,59,pointwise_conv,1x64x14x14,2.647153
116,0,imagen.jpeg,60,batchnorm,1x384x14x14,0.063917
116,0,imagen.jpeg,61,activacion,1x384x14x14,0.181008
116,0,imagen.jpeg,62,depthwise_conv,1x384x14x14,0.72834
116,0,imagen.jpeg,63,batchnorm,1x384x14x14,0.063751
116,0,imagen.jpeg,64,activacion,1x384x14x14,0.256935
116,0,imagen.jpeg,65,pointwise_conv,1x384x14x14,2.657004
116,0,imagen.jpeg,66,batchnorm,1x64x14x14,0.010945
116,0,imagen.jpeg,67,layer_add,1x64x14x14,0.005783
116,0,imagen.jpeg,68,pointwise_conv,1x64x14x14,2.720777
116,0,imagen.jpeg,69,batchnorm,1x384x14x14,0.066178
116,0,imagen.jpeg,70,activacion,1x384x14x14,0.243223
116,0,imagen.jpeg,71,depthwise_conv,1x384x14x14,0.856662
116,0,imagen.jpeg,72,batchnorm,1x384x14x14,0.098838
116,0,imagen.jpeg,73,activacion,1x384x14x14,0.245414
116,0,imagen.jpeg,74,pointwise_conv,1x384x14x14,2.817288
116,0,imagen.jpeg,75,batchnorm,1x64x14x14,0.01208
116,0,imagen.jpeg,76,layer_add,1x64x14x14,0.008012
116,0,imagen.jpeg,77,pointwise_conv,1x64x14x14,2.713432
116,0,imagen.jpeg,78,batchnorm,1x384x14x14,0.067146
116,0,imagen.jpeg,79,activacion,1x384x14x14,0.246011
116,0,imagen.jpeg,80,depthwise_conv,1x384x14x14,0.796851
116,0,imagen.jpeg,81,batchnorm,1x384x14x14,0.139104
116,0,imagen.jpeg,82,activacion,1x384x14x14,0.226911
116,0,imagen.jpeg,83,pointwise_conv,1x384x14x14,2.766632
116,0,imagen.jpeg,84,batchnorm,1x64x14x14,0.012168
116,0,imagen.jpeg,85,layer_add,1x64x14x14,0.006841
116,0,imagen.jpeg,86,pointwise_conv,1x64x14x14,2.696019
116,0,imagen.jpeg,87,batchnorm,1x384x14x14,0.065016
116,0,imagen.jpeg,88,activacion,1x384x14x14,0.249017
116,0,imagen.jpeg,89,depthwise_conv,1x384x14x14,0.755201
116,0,imagen.jpeg,90,batchnorm,1x384x14x14,0.065352
116,0,imagen.jpeg,91,activacion,1x384x14x14,0.239865
116,0,imagen.jpeg,92,pointwise_conv,1x384x14x14,4.06548
116,0,imagen.jpeg,93,batchnorm,1x96x14x14,0.017402
116,0,imagen.jpeg,94,pointwise_conv,1x96x14x14,5.94935
116,0,imagen.jpeg,95,batchnorm,1x576x14x14,0.099426
116,0,imagen.jpeg,96,activacion,1x576x14x14,0.365813
116,0,imagen.jpeg,97,depthwise_conv,1x576x14x14,1.130458
116,0,imagen.jpeg,98,batchnorm,1x576x14x14,0.23109
116,0,imagen.jpeg,99,activacion,1x576x14x14,0.337638
116,0,imagen.jpeg,100,pointwise_conv,1x576x14x14,6.060441
116,0,imagen.jpeg,101,batchnorm,1x96x14x14,0.01931
116,0,imagen.jpeg,102,layer_add,1x96x14x14,0.011569
116,0,imagen.jpeg,103,pointwise_conv,1x96x14x14,6.13295
116,0,imagen.jpeg,104,batchnorm,1x576x14x14,0.111772
116,0,imagen.jpeg,105,activacion,1x576x14x14,0.371766
116,0,imagen.jpeg,106,depthwise_conv,1x576x14x14,1.154722
116,0,imagen.jpeg,107,batchnorm,1x576x14x14,0.163048
116,0,imagen.jpeg,108,activacion,1x576x14x14,0.311711
116,0,imagen.jpeg,109,pointwise_conv,1x576x14x14,6.046922
116,0,imagen.jpeg,110,batchnorm,1x96x14x14,0.017219
116,0,imagen.jpeg,111,layer_add,1x96x14x14,0.012617
116,0,imagen.jpeg,112,pointwise_conv,1x96x14x14,6.079042
116,0,imagen.jpeg,113,batchnorm,1x576x14x14,0.120975
116,0,imagen.jpeg,114,activacion,1x576x14x14,0.314303
116,0,imagen.jpeg,115,depthwise_conv,1x576x14x14,0.267091
116,0,imagen.jpeg,116,batchnorm,1x576x7x7,0.030632
116,0,imagen.jpeg,117,activacion,1x576x7x7,0.065196
116,0,imagen.jpeg,118,pointwise_conv,1x576x7x7,2.441659
116,0,imagen.jpeg,119,batchnorm,1x160x7x7,0.007678
116,0,imagen.jpeg,120,pointwise_conv,1x160x7x7,4.01043
116,0,imagen.jpeg,121,batchnorm,1x960x7x7,0.043898
116,0,imagen.jpeg,122,activacion,1x960x7x7,0.149327
116,0,imagen.jpeg,123,depthwise_conv,1x960x7x7,0.421536
116,0,imagen.jpeg,124,batchnorm,1x960x7x7,0.042596
116,0,imagen.jpeg,125,activacion,1x960x7x7,0.138477
116,0,imagen.jpeg,126,pointwise_conv,1x960x7x7,4.010351
116,0,imagen.jpeg,127,batchnorm,1x160x7x7,0.007337
116,0,imagen.jpeg,128,layer_add,1x160x7x7,0.006837
116,0,imagen.jpeg,129,pointwise_conv,1x160x7x7,4.105746
116,0,imagen.jpeg,130,batchnorm,1x960x7x7,0.044054
116,0,imagen.jpeg,131,activacion,1x960x7x7,0.145
116,0,imagen.jpeg,132,depthwise_conv,1x960x7x7,0.433603
116,0,imagen.jpeg,133,batchnorm,1x960x7x7,0.055136
116,0,imagen.jpeg,134,activacion,1x960x7x7,0.128862
116,0,imagen.jpeg,135,pointwise_conv,1x960x7x7,4.081444
116,0,imagen.jpeg,136,batchnorm,1x160x7x7,0.007495
116,0,imagen.jpeg,137,layer_add,1x160x7x7,0.00375
116,0,imagen.jpeg,138,pointwise_conv,1x160x7x7,4.108766
116,0,imagen.jpeg,139,batchnorm,1x960x7x7,0.043621
116,0,imagen.jpeg,140,activacion,1x960x7x7,0.116844
116,0,imagen.jpeg,141,depthwise_conv,1x960x7x7,0.436306
116,0,imagen.jpeg,142,batchnorm,1x960x7x7,0.047627
116,0,imagen.jpeg,143,activacion,1x960x7x7,0.089701
116,0,imagen.jpeg,144,pointwise_conv,1x960x7x7,8.065991
116,0,imagen.jpeg,145,batchnorm,1x320x7x7,0.015373
116,0,imagen.jpeg,146,pointwise_conv,1x320x7x7,10.884622
116,0,imagen.jpeg,147,batchnorm,1x1280x7x7,0.060418
116,0,imagen.jpeg,148,activacion,1x1280x7x7,0.184799
116,0,imagen.jpeg,149,pooling,1x1280x7x7,0.041308
116,0,imagen.jpeg,150,linear,1x1280,1.460752
117,0,imagen.jpeg,0,conv2d,1x3x224x224,15.163457
117,0,imagen.jpeg,1,batchnorm,1x32x112x112,0.423949
117,0,imagen.jpeg,2,activacion,1x32x112x112,0.668661
117,0,imagen.jpeg,3,depthwise_conv,1x32x112x112,3.891583
117,0,imagen.jpeg,4,batchnorm,1x32x112x112,2.337143
117,0,imagen.jpeg,5,activacion,1x32x112x112,0.803757
117,0,imagen.jpeg,6,pointwise_conv,1x32x112x112,3.668847
117,0,imagen.jpeg,7,batchnorm,1x16x112x112,0.195366
117,0,imagen.jpeg,8,pointwise_conv,1x16x112x112,10.933584
117,0,imagen.jpeg,9,batchnorm,1x96x112x112,2.124598
117,0,imagen.jpeg,10,activacion,1x96x112x112,3.29733
117,0,imagen.jpeg,11,depthwise_conv,1x96x112x112,3.1599
117,0,imagen.jpeg,12,batchnorm,1x96x56x56,0.291927
117,0,imagen.jpeg,13,activacion,1x96x56x56,0.985201
117,0,imagen.jpeg,14,pointwise_conv,1x96x56x56,3.762457
117,0,imagen.jpeg,15,batchnorm,1x24x56x56,0.061179
117,0,imagen.jpeg,16,pointwise_conv,1x24x56x56,6.293627
117,0,imagen.jpeg,17,batchnorm,1x144x56x56,0.857259
117,0,imagen.jpeg,18,activacion,1x144x56x56,1.247533
117,0,imagen.jpeg,19,depthwise_conv,1x144x56x56,4.342859
117,0,imagen.jpeg,20,batchnorm,1x144x56x56,0.831155
117,0,imagen.jpeg,21,activacion,1x144x56x56,1.516542
117,0,imagen.jpeg,22,pointwise_conv,1x144x56x56,5.887751
117,0,imagen.jpeg,23,batchnorm,1x24x56x56,0.061838
117,0,imagen.jpeg,24,layer_add,1x24x56x56,0.045665
117,0,imagen.jpeg,25,pointwise_conv,1x24x56x56,5.95993
117,0,imagen.jpeg,26,batchnorm,1x144x56x56,0.406674
117,0,imagen.jpeg,27,activacion,1x144x56x56,1.443635
117,0,imagen.jpeg,28,depthwise_conv,1x144x56x56,1.079446
117,0,imagen.jpeg,29,batchnorm,1x144x28x28,0.093418
117,0,imagen.jpeg,30,activacion,1x144x28x28,0.322261
117,0,imagen.jpeg,31,pointwise_conv,1x144x28x28,1.860518
117,0,imagen.jpeg,32,batchnorm,1x32x28x28,0.020975
117,0,imagen.jpeg,33,pointwise_conv,1x32x28x28,2.654942
117,0,imagen.jpeg,34,batchnorm,1x192x28x28,0.14141
117,0,imagen.jpeg,35,activacion,1x192x28x28,0.380424
117,0,imagen.jpeg,36,depthwise_conv,1x192x28x28,1.45206
117,0,imagen.jpeg,37,batchnorm,1x192x28x28,0.126169
117,0,imagen.jpeg,38,activacion,1x192x28x28,0.511321
117,0,imagen.jpeg,39,pointwise_conv,1x192x28x28,2.553792
117,0,imagen.jpeg,40,batchnorm,1x32x28x28,0.021225
117,0,imagen.jpeg,41,layer_add,1x32x28x28,0.013551
117,0,imagen.jpeg,42,pointwise_conv,1x32x28x28,2.616078
117,0,imagen.jpeg,43,batchnorm,1x192x28x28,0.128112
117,0,imagen.jpeg,44,activacion,1x192x28x28,0.424841
117,0,imagen.jpeg,45,depthwise_conv,1x192x28x28,1.485699
117,0,imagen.jpeg,46,batchnorm,1x192x28x28,0.128501
117,0,imagen.jpeg,47,activacion,1x192x28x28,0.509047
117,0,imagen.jpeg,48,pointwise_conv,1x192x28x28,2.575091
117,0,imagen.jpeg,49,batchnorm,1x32x28x28,0.021264
117,0,imagen.jpeg,50,layer_add,1x32x28x28,0.012483
117,0,imagen.jpeg,51,pointwise_conv,1x32x28x28,2.597507
117,0,imagen.jpeg,52,batchnorm,1x192x28x28,0.132086
117,0,imagen.jpeg,53,activacion,1x192x28x28,0.619094
117,0,imagen.jpeg,54,depthwise_conv,1x192x28x28,0.610684
117,0,imagen.jpeg,55,batchnorm,1x192x14x14,0.04279
117,0,imagen.jpeg,56,activacion,1x192x14x14,0.095559
117,0,imagen.jpeg,57,pointwise_conv,1x192x14x14,1.310448
117,0,imagen.jpeg,58,batchnorm,1x64x14x14,0.011811
117,0,imagen.jpeg,59,pointwise_conv,1x64x14x14,2.68009
117,0,imagen.jpeg,60,batchnorm,1x384x14x14,0.069365
117,0,imagen.jpeg,61,activacion,1x384x14x14,0.195813
117,0,imagen.jpeg,62,depthwise_conv,1x384x14x14,0.76887
117,0,imagen.jpeg,63,batchnorm,1x384x14x14,0.067114
117,0,imagen.jpeg,64,activacion,1x384x14x14,0.279437
117,0,imagen.jpeg,65,pointwise_conv,1x384x14x14,2.623445
117,0,imagen.jpeg,66,batchnorm,1x64x14x14,0.0113
117,0,imagen.jpeg,67,layer_add,1x64x14x14,0.005818
117,0,imagen.jpeg,68,pointwise_conv,1x64x14x14,2.6497
117,0,imagen.jpeg,69,batchnorm,1x384x14x14,0.065278
117,0,imagen.jpeg,70,activacion,1x384x14x14,0.232831
117,0,imagen.jpeg,71,depthwise_conv,1x384x14x14,0.752473
117,0,imagen.jpeg,72,batchnorm,1x384x14x14,0.094819
117,0,imagen.jpeg,73,activacion,1x384x14x14,0.24336
117,0,imagen.jpeg,74,pointwise_conv,1x384x14x14,2.71516
117,0,imagen.jpeg,75,batchnorm,1x64x14x14,0.012196
117,0,imagen.jpeg,76,layer_add,1x64x14x14,0.00758
117,0,imagen.jpeg,77,pointwise_conv,1x64x14x14,2.726106
117,0,imagen.jpeg,78,batchnorm,1x384x14x14,0.072687
117,0,imagen.jpeg,79,activacion,1x384x14x14,0.259618
117,0,imagen.jpeg,80,depthwise_conv,1x384x14x14,0.772106
117,0,imagen.jpeg,81,batchnorm,1x384x14x14,0.142939
117,0,imagen.jpeg,82,activacion,1x384x14x14,0.230648
117,0,imagen.jpeg,83,pointwise_conv,1x384x14x14,2.645895
117,0,imagen.jpeg,84,batchnorm,1x64x14x14,0.011162
117,0,imagen.jpeg,85,layer_add,1x64x14x14,0.006618
117,0,imagen.jpeg,86,pointwise_conv,1x64x14x14,2.678942
117,0,imagen.jpeg,87,batchnorm,1x384x14x14,0.070223
117,0,imagen.jpeg,88,activacion,1x384x14x14,0.259901
117,0,imagen.jpeg,89,depthwise_conv,1x384x14x14,0.769709
117,0,imagen.jpeg,90,batchnorm,1x384x14x14,0.067112
117,0,imagen.jpeg,91,activacion,1x384x14x14,0.242801
117,0,imagen.jpeg,92,pointwise_conv,1x384x14x14,4.03807
117,0,imagen.jpeg,93,batchnorm,1x96x14x14,0.018252
117,0,imagen.jpeg,94,pointwise_conv,1x96x14x14,6.181671
117,0,imagen.jpeg,95,batchnorm,1x576x14x14,0.100065
117,0,imagen.jpeg,96,activacion,1x576x14x14,0.414858
117,0,imagen.jpeg,97,depthwise_conv,1x576x14x14,1.13645
117,0,imagen.jpeg,98,batchnorm,1x576x14x14,0.20829
117,0,imagen.jpeg,99,activacion,1x576x14x14,0.316259
117,0,imagen.jpeg,100,pointwise_conv,1x576x14x14,6.031088
117,0,imagen.jpeg,101,batchnorm,1x96x14x14,0.01692
117,0,imagen.jpeg,102,layer_add,1x96x14x14,0.010392
117,0,imagen.jpeg,103,pointwise_conv,1x96x14x14,5.936586
117,0,imagen.jpeg,104,batchnorm,1x576x14x14,0.100846
117,0,imagen.jpeg,105,activacion,1x576x14x14,0.363757
117,0,imagen.jpeg,106,depthwise_conv,1x576x14x14,1.120234
117,0,imagen.jpeg,107,batchnorm,1x576x14x14,0.157779
117,0,imagen.jpeg,108,activacion,1x576x14x14,0.301037
117,0,imagen.jpeg,109,pointwise_conv,1x576x14x14,5.921613
117,0,imagen.jpeg,110,batchnorm,1x96x14x14,0.016618
117,0,imagen.jpeg,111,layer_add,1x96x14x14,0.012532
117,0,imagen.jpeg,112,pointwise_conv,1x96x14x14,5.927655
117,0,imagen.jpeg,113,batchnorm,1x576x14x14,0.0999
117,0,imagen.jpeg,114,activacion,1x576x14x14,0.315622
117,0,imagen.jpeg,115,depthwise_conv,1x576x14x14,0.266767
117,0,imagen.jpeg,116,batchnorm,1x576x7x7,0.030099
117,0,imagen.jpeg,117,activacion,1x576x7x7,0.065105
117,0,imagen.jpeg,118,pointwise_conv,1x576x7x7,2.394158
117,0,imagen.jpeg,119,batchnorm,1x160x7x7,0.007876
117,0,imagen.jpeg,120,pointwise_conv,1x160x7x7,4.052385
117,0,imagen.jpeg,121,batchnorm,1x960x7x7,0.043227
117,0,imagen.jpeg,122,activacion,1x960x7x7,0.148348
117,0,imagen.jpeg,123,depthwise_conv,1x960x7x7,0.423452
117,0,imagen.jpeg,124,batchnorm,1x960x7x7,0.042699
117,0,imagen.jpeg,125,activacion,1x960x7x7,0.13927
117,0,imagen.jpeg,126,pointwise_conv,1x960x7x7,3.991577
117,0,imagen.jpeg,127,batchnorm,1x160x7x7,0.007266
117,0,imagen.jpeg,128,layer_add,1x160x7x7,0.003412
117,0,imagen.jpeg,129,pointwise_conv,1x160x7x7,4.069158
117,0,imagen.jpeg,130,batchnorm,1x960x7x7,0.042691
117,0,imagen.jpeg,131,activacion,1x960x7x7,0.142496
117,0,imagen.jpeg,132,depthwise_conv,1x960x7x7,0.425135
117,0,imagen.jpeg,133,batchnorm,1x960x7x7,0.053582
117,0,imagen.jpeg,134,activacion,1x960x7x7,0.126323
117,0,imagen.jpeg,135,pointwise_conv,1x960x7x7,4.03647
117,0,imagen.jpeg,136,batchnorm,1x160x7x7,0.007271
117,0,imagen.jpeg,137,layer_add,1x160x7x7,0.003979
117,0,imagen.jpeg,138,pointwise_conv,1x160x7x7,3.99777
117,0,imagen.jpeg,139,batchnorm,1x960x7x7,0.042519
117,0,imagen.jpeg,140,activacion,1x960x7x7,0.113422
117,0,imagen.jpeg,141,depthwise_conv,1x960x7x7,0.421747
117,0,imagen.jpeg,142,batchnorm,1x960x7x7,0.046317
117,0,imagen.jpeg,143,activacion,1x960x7x7,0.09043
117,0,imagen.jpeg,144,pointwise_conv,1x960x7x7,8.097604
117,0,imagen.jpeg,145,batchnorm,1x320x7x7,0.015555
117,0,imagen.jpeg,146,pointwise_conv,1x320x7x7,10.978577
117,0,imagen.jpeg,147,batchnorm,1x1280x7x7,0.058863
117,0,imagen.jpeg,148,activacion,1x1280x7x7,0.180864
117,0,imagen.jpeg,149,pooling,1x1280x7x7,0.038995
117,0,imagen.jpeg,150,linear,1x1280,1.382901
118,0,imagen.jpeg,0,conv2d,1x3x224x224,14.647446
118,0,imagen.jpeg,1,batchnorm,1x32x112x112,0.410532
118,0,imagen.jpeg,2,activacion,1x32x112x112,0.619818
118,0,imagen.jpeg,3,depthwise_conv,1x32x112x112,3.781602
118,0,imagen.jpeg,4,batchnorm,1x32x112x112,2.241794
118,0,imagen.jpeg,5,activacion,1x32x112x112,0.694722
118,0,imagen.jpeg,6,pointwise_conv,1x32x112x112,3.44135
118,0,imagen.jpeg,7,batchnorm,1x16x112x112,0.170191
118,0,imagen.jpeg,8,pointwise_conv,1x16x112x112,10.854843
118,0,imagen.jpeg,9,batchnorm,1x96x112x112,2.049715
118,0,imagen.jpeg,10,activacion,1x96x112x112,3.331021
118,0,imagen.jpeg,11,depthwise_conv,1x96x112x112,3.007442
118,0,imagen.jpeg,12,batchnorm,1x96x56x56,0.284133
118,0,imagen.jpeg,13,activacion,1x96x56x56,0.992018
118,0,imagen.jpeg,14,pointwise_conv,1x96x56x56,3.754377
118,0,imagen.jpeg,15,batchnorm,1x24x56x56,0.060547
118,0,imagen.jpeg,16,pointwise_conv,1x24x56x56,6.399391
118,0,imagen.jpeg,17,batchnorm,1x144x56x56,0.858685
118,0,imagen.jpeg,18,activacion,1x144x56x56,1.249741
118,0,imagen.jpeg,19,depthwise_conv,1x144x56x56,4.296179
118,0,imagen.jpeg,20,batchnorm,1x144x56x56,0.850643
118,0,imagen.jpeg,21,activacion,1x144x56x56,1.560455
118,0,imagen.jpeg,22,pointwise_conv,1x144x56x56,5.613983
118,0,imagen.jpeg,23,batchnorm,1x24x56x56,0.062553
118,0,imagen.jpeg,24,layer_add,1x24x56x56,0.046877
118,0,imagen.jpeg,25,pointwise_conv,1x24x56x56,5.854195
118,0,imagen.jpeg,26,batchnorm,1x144x56x56,0.417451
118,0,imagen.jpeg,27,activacion,1x144x56x56,1.51392
118,0,imagen.jpeg,28,depthwise_conv,1x144x56x56,1.123738
118,0,imagen.jpeg,29,batchnorm,1x144x28x28,0.096391
118,0,imagen.jpeg,30,activacion,1x144x28x28,0.331521
118,0,imagen.jpeg,31,pointwise_conv,1x144x28x28,2.012774
118,0,imagen.jpeg,32,batchnorm,1x32x28x28,0.02426
118,0,imagen.jpeg,33,pointwise_conv,1x32x28x28,2.788217
118,0,imagen.jpeg,34,batchnorm,1x192x28x28,0.19792
118,0,imagen.jpeg,35,activacion,1x192x28x28,0.387704
118,0,imagen.jpeg,36,depthwise_conv,1x192x28x28,1.541403
118,0,imagen.jpeg,37,batchnorm,1x192x28x28,0.155299
118,0,imagen.jpeg,38,activacion,1x192x28x28,0.512659
118,0,imagen.jpeg,39,pointwise_conv,1x192x28x28,2.613082
118,0,imagen.jpeg,40,batchnorm,1x32x28x28,0.020754
118,0,imagen.jpeg,41,layer_add,1x32x28x28,0.013388
118,0,imagen.jpeg,42,pointwise_conv,1x32x28x28,2.652615
118,0,imagen.jpeg,43,batchnorm,1x192x28x28,0.138526
118,0,imagen.jpeg,44,activacion,1x192x28x28,0.424601
118,0,imagen.jpeg,45,depthwise_conv,1x192x28x28,1.445661
118,0,imagen.jpeg,46,batchnorm,1x192x28x28,0.122183
118,0,imagen.jpeg,47,activacion,1x192x28x28,0.479908
118,0,imagen.jpeg,48,pointwise_conv,1x192x28x28,2.51016
118,0,imagen.jpeg,49,batchnorm,1x32x28x28,0.021039
118,0,imagen.jpeg,50,layer_add,1x32x28x28,0.012073
118,0,imagen.jpeg,51,pointwise_conv,1x32x28x28,2.62651
118,0,imagen.jpeg,52,batchnorm,1x192x28x28,0.132352
118,0,imagen.jpeg,53,activacion,1x192x28x28,0.497385
118,0,imagen.jpeg,54,depthwise_conv,1x192x28x28,0.374415
118,0,imagen.jpeg,55,batchnorm,1x192x14x14,0.033394
118,0,imagen.jpeg,56,activacion,1x192x14x14,0.096541
118,0,imagen.jpeg,57,pointwise_conv,1x192x14x14,1.309913
118,0,imagen.jpeg,58,batchnorm,1x64x14x14,0.011717
118,0,imagen.jpeg,59,pointwise_conv,1x64x14x14,2.64885
118,0,imagen.jpeg,60,batchnorm,1x384x14x14,0.065836
118,0,imagen.jpeg,61,activacion,1x384x14x14,0.18964
118,0,imagen.jpeg,62,depthwise_conv,1x384x14x14,0.75141
118,0,imagen.jpeg,63,batchnorm,1x384x14x14,0.065406
118,0,imagen.jpeg,64,activacion,1x384x14x14,0.257894
118,0,imagen.jpeg,65,pointwise_conv,1x384x14x14,2.623451
118,0,imagen.jpeg,66,batchnorm,1x64x14x14,0.011454
118,0,imagen.jpeg,67,layer_add,1x64x14x14,0.00598
118,0,imagen.jpeg,68,pointwise_conv,1x64x14x14,2.64919
118,0,imagen.jpeg,69,batchnorm,1x384x14x14,0.065299
118,0,imagen.jpeg,70,activacion,1x384x14x14,0.232166
118,0,imagen.jpeg,71,depthwise_conv,1x384x14x14,0.751454
118,0,imagen.jpeg,72,batchnorm,1x384x14x14,0.09492
118,0,imagen.jpeg,73,activacion,1x384x14x14,0.241864
118,0,imagen.jpeg,74,pointwise_conv,1x384x14x14,2.62348
118,0,imagen.jpeg,75,batchnorm,1x64x14x14,0.011034
118,0,imagen.jpeg,76,layer_add,1x64x14x14,0.006167
118,0,imagen.jpeg,77,pointwise_conv,1x64x14x14,2.810498
118,0,imagen.jpeg,78,batchnorm,1x384x14x14,0.077219
118,0,imagen.jpeg,79,activacion,1x384x14x14,0.254365
118,0,imagen.jpeg,80,depthwise_conv,1x384x14x14,0.755304
118,0,imagen.jpeg,81,batchnorm,1x384x14x14,0.139959
118,0,imagen.jpeg,82,activacion,1x384x14x14,0.222708
118,0,imagen.jpeg,83,pointwise_conv,1x384x14x14,2.622498
118,0,imagen.jpeg,84,batchnorm,1x64x14x14,0.011249
118,0,imagen.jpeg,85,layer_add,1x64x14x14,0.007415
118,0,imagen.jpeg,86,pointwise_conv,1x64x14x14,2.651572
118,0,imagen.jpeg,87,batchnorm,1x384x14x14,0.068694
118,0,imagen.jpeg,88,activacion,1x384x14x14,0.25293
118,0,imagen.jpeg,89,depthwise_conv,1x384x14x14,0.75318
118,0,imagen.jpeg,90,batchnorm,1x384x14x14,0.0659
118,0,imagen.jpeg,91,activacion,1x384x14x14,0.23732
118,0,imagen.jpeg,92,pointwise_conv,1x384x14x14,3.935334
118,0,imagen.jpeg,93,batchnorm,1x96x14x14,0.017809
118,0,imagen.jpeg,94,pointwise_conv,1x96x14x14,5.946184
118,0,imagen.jpeg,95,batchnorm,1x576x14x14,0.102158
118,0,imagen.jpeg,96,activacion,1x576x14x14,0.376244
118,0,imagen.jpeg,97,depthwise_conv,1x576x14x14,1.14327
118,0,imagen.jpeg,98,batchnorm,1x576x14x14,0.172371
118,0,imagen.jpeg,99,activacion,1x576x14x14,0.325607
118,0,imagen.jpeg,100,pointwise_conv,1x576x14x14,5.987248
118,0,imagen.jpeg,101,batchnorm,1x96x14x14,0.016664
118,0,imagen.jpeg,102,layer_add,1x96x14x14,0.00965
118,0,imagen.jpeg,103,pointwise_conv,1x96x14x14,5.926545
118,0,imagen.jpeg,104,batchnorm,1x576x14x14,0.0987
118,0,imagen.jpeg,105,activacion,1x576x14x14,0.361917
118,0,imagen.jpeg,106,depthwise_conv,1x576x14x14,1.124259
118,0,imagen.jpeg,107,batchnorm,1x576x14x14,0.182889
118,0,imagen.jpeg,108,activacion,1x576x14x14,0.300224
118,0,imagen.jpeg,109,pointwise_conv,1x576x14x14,5.948724
118,0,imagen.jpeg,110,batchnorm,1x96x14x14,0.016531
118,0,imagen.jpeg,111,layer_add,1x96x14x14,0.011843
118,0,imagen.jpeg,112,pointwise_conv,1x96x14x14,5.925921
118,0,imagen.jpeg,113,batchnorm,1x576x14x14,0.098566
118,0,imagen.jpeg,114,activacion,1x576x14x14,0.312961
118,0,imagen.jpeg,115,depthwise_conv,1x576x14x14,0.26931
118,0,imagen.jpeg,116,batchnorm,1x576x7x7,0.030312
118,0,imagen.jpeg,117,activacion,1x576x7x7,0.064604
118,0,imagen.jpeg,118,pointwise_conv,1x576x7x7,2.391244
118,0,imagen.jpeg,119,batchnorm,1x160x7x7,0.007896
118,0,imagen.jpeg,120,pointwise_conv,1x160x7x7,4.05665
118,0,imagen.jpeg,121,batchnorm,1x960x7x7,0.043817
118,0,imagen.jpeg,122,activacion,1x960x7x7,0.149047
118,0,imagen.jpeg,123,depthwise_conv,1x960x7x7,0.427477
118,0,imagen.jpeg,124,batchnorm,1x960x7x7,0.042568
118,0,imagen.jpeg,125,activacion,1x960x7x7,0.139168
118,0,imagen.jpeg,126,pointwise_conv,1x960x7x7,3.985325
118,0,imagen.jpeg,127,batchnorm,1x160x7x7,0.007296
118,0,imagen.jpeg,128,layer_add,1x160x7x7,0.004412
118,0,imagen.jpeg,129,pointwise_conv,1x160x7x7,4.055622
118,0,imagen.jpeg,130,batchnorm,1x960x7x7,0.042663
118,0,imagen.jpeg,131,activacion,1x960x7x7,0.145541
118,0,imagen.jpeg,132,depthwise_conv,1x960x7x7,0.424479
118,0,imagen.jpeg,133,batchnorm,1x960x7x7,0.053609
118,0,imagen.jpeg,134,activacion,1x960x7x7,0.124924
118,0,imagen.jpeg,135,pointwise_conv,1x960x7x7,3.98513
118,0,imagen.jpeg,136,batchnorm,1x160x7x7,0.007341
118,0,imagen.jpeg,137,layer_add,1x160x7x7,0.003464
118,0,imagen.jpeg,138,pointwise_conv,1x160x7x7,4.051471
118,0,imagen.jpeg,139,batchnorm,1x960x7x7,0.042496
118,0,imagen.jpeg,140,activacion,1x960x7x7,0.115626
118,0,imagen.jpeg,141,depthwise_conv,1x960x7x7,0.424547
118,0,imagen.jpeg,142,batchnorm,1x960x7x7,0.046313
118,0,imagen.jpeg,143,activacion,1x960x7x7,0.087588
118,0,imagen.jpeg,144,pointwise_conv,1x960x7x7,8.053174
118,0,imagen.jpeg,145,batchnorm,1x320x7x7,0.015322
118,0,imagen.jpeg,146,pointwise_conv,1x320x7x7,10.708345
118,0,imagen.jpeg,147,batchnorm,1x1280x7x7,0.058271
118,0,imagen.jpeg,148,activacion,1x1280x7x7,0.194955
118,0,imagen.jpeg,149,pooling,1x1280x7x7,0.040056
118,0,imagen.jpeg,150,linear,1x1280,1.419677
119,0,imagen.jpeg,0,conv2d,1x3x224x224,14.969199
119,0,imagen.jpeg,1,batchnorm,1x32x112x112,0.43107
119,0,imagen.jpeg,2,activacion,1x32x112x112,0.646565
119,0,imagen.jpeg,3,depthwise_conv,1x32x112x112,4.49423
119,0,imagen.jpeg,4,batchnorm,1x32x112x112,2.283917
119,0,imagen.jpeg,5,activacion,1x32x112x112,0.733084
119,0,imagen.jpeg,6,pointwise_conv,1x32x112x112,3.472348
119,0,imagen.jpeg,7,batchnorm,1x16x112x112,0.177796
119,0,imagen.jpeg,8,pointwise_conv,1x16x112x112,10.893936
119,0,imagen.jpeg,9,batchnorm,1x96x112x112,2.034016
119,0,imagen.jpeg,10,activacion,1x96x112x112,3.339239
119,0,imagen.jpeg,11,depthwise_conv,1x96x112x112,3.068514
119,0,imagen.jpeg,12,batchnorm,1x96x56x56,0.288464
119,0,imagen.jpeg,13,activacion,1x96x56x56,0.978432
119,0,imagen.jpeg,14,pointwise_conv,1x96x56x56,3.842836
119,0,imagen.jpeg,15,batchnorm,1x24x56x56,0.075256
119,0,imagen.jpeg,16,pointwise_conv,1x24x56x56,6.424581
119,0,imagen.jpeg,17,batchnorm,1x144x56x56,0.855295
119,0,imagen.jpeg,18,activacion,1x144x56x56,1.23904
119,0,imagen.jpeg,19,depthwise_conv,1x144x56x56,4.516701
119,0,imagen.jpeg,20,batchnorm,1x144x56x56,0.973131
119,0,imagen.jpeg,21,activacion,1x144x56x56,1.550834
119,0,imagen.jpeg,22,pointwise_conv,1x144x56x56,5.618595
119,0,imagen.jpeg,23,batchnorm,1x24x56x56,0.061362
119,0,imagen.jpeg,24,layer_add,1x24x56x56,0.047332
119,0,imagen.jpeg,25,pointwise_conv,1x24x56x56,5.749457
119,0,imagen.jpeg,26,batchnorm,1x144x56x56,0.404164
119,0,imagen.jpeg,27,activacion,1x144x56x56,1.424315
119,0,imagen.jpeg,28,depthwise_conv,1x144x56x56,1.110275
119,0,imagen.jpeg,29,batchnorm,1x144x28x28,0.096154
119,0,imagen.jpeg,30,activacion,1x144x28x28,0.321156
119,0,imagen.jpeg,31,pointwise_conv,1x144x28x28,1.887241
119,0,imagen.jpeg,32,batchnorm,1x32x28x28,0.021091
119,0,imagen.jpeg,33,pointwise_conv,1x32x28x28,2.53345
119,0,imagen.jpeg,34,batchnorm,1x192x28x28,0.128686
119,0,imagen.jpeg,35,activacion,1x192x28x28,0.355949
119,0,imagen.jpeg,36,depthwise_conv,1x192x28x28,1.479618
119,0,imagen.jpeg,37,batchnorm,1x192x28x28,0.126863
119,0,imagen.jpeg,38,activacion,1x192x28x28,0.508691
119,0,imagen.jpeg,39,pointwise_conv,1x192x28x28,2.555342
119,0,imagen.jpeg,40,batchnorm,1x32x28x28,0.021252
119,0,imagen.jpeg,41,layer_add,1x32x28x28,0.012689
119,0,imagen.jpeg,42,pointwise_conv,1x32x28x28,2.595268
119,0,imagen.jpeg,43,batchnorm,1x192x28x28,0.125408
119,0,imagen.jpeg,44,activacion,1x192x28x28,0.4255
119,0,imagen.jpeg,45,depthwise_conv,1x192x28x28,1.453556
119,0,imagen.jpeg,46,batchnorm,1x192x28x28,0.128843
119,0,imagen.jpeg,47,activacion,1x192x28x28,0.493485
119,0,imagen.jpeg,48,pointwise_conv,1x192x28x28,2.549322
119,0,imagen.jpeg,49,batchnorm,1x32x28x28,0.021402
119,0,imagen.jpeg,50,layer_add,1x32x28x28,0.011326
119,0,imagen.jpeg,51,pointwise_conv,1x32x28x28,2.648848
119,0,imagen.jpeg,52,batchnorm,1x192x28x28,0.12679
119,0,imagen.jpeg,53,activacion,1x192x28x28,0.478903
119,0,imagen.jpeg,54,depthwise_conv,1x192x28x28,0.37519
119,0,imagen.jpeg,55,batchnorm,1x192x14x14,0.033559
119,0,imagen.jpeg,56,activacion,1x192x14x14,0.095584
119,0,imagen.jpeg,57,pointwise_conv,1x192x14x14,1.310286
119,0,imagen.jpeg,58,batchnorm,1x64x14x14,0.011565
119,0,imagen.jpeg,59,pointwise_conv,1x64x14x14,2.649513
119,0,imagen.jpeg,60,batchnorm,1x384x14x14,0.066164
119,0,imagen.jpeg,61,activacion,1x384x14x14,0.190802
119,0,imagen.jpeg,62,depthwise_conv,1x384x14x14,0.749313
119,0,imagen.jpeg,63,batchnorm,1x384x14x14,0.065396
119,0,imagen.jpeg,64,activacion,1x384x14x14,0.264238
119,0,imagen.jpeg,65,pointwise_conv,1x384x14x14,2.6217
119,0,imagen.jpeg,66,batchnorm,1x64x14x14,0.011139
119,0,imagen.jpeg,67,layer_add,1x64x14x14,0.006061
119,0,imagen.jpeg,68,pointwise_conv,1x64x14x14,2.68356
119,0,imagen.jpeg,69,batchnorm,1x384x14x14,0.066981
119,0,imagen.jpeg,70,activacion,1x384x14x14,0.250747
119,0,imagen.jpeg,71,depthwise_conv,1x384x14x14,0.753467
119,0,imagen.jpeg,72,batchnorm,1x384x14x14,0.094808
119,0,imagen.jpeg,73,activacion,1x384x14x14,0.243432
119,0,imagen.jpeg,74,pointwise_conv,1x384x14x14,2.620698
119,0,imagen.jpeg,75,batchnorm,1x64x14x14,0.011051
119,0,imagen.jpeg,76,layer_add,1x64x14x14,0.005998
119,0,imagen.jpeg,77,pointwise_conv,1x64x14x14,2.77288
119,0,imagen.jpeg,78,batchnorm,1x384x14x14,0.073814
119,0,imagen.jpeg,79,activacion,1x384x14x14,0.271431
119,0,imagen.jpeg,80,depthwise_conv,1x384x14x14,0.783134
119,0,imagen.jpeg,81,batchnorm,1x384x14x14,0.139454
119,0,imagen.jpeg,82,activacion,1x384x14x14,0.226438
119,0,imagen.jpeg,83,pointwise_conv,1x384x14x14,2.621805
119,0,imagen.jpeg,84,batchnorm,1x64x14x14,0.011271
119,0,imagen.jpeg,85,layer_add,1x64x14x14,0.006727
119,0,imagen.jpeg,86,pointwise_conv,1x64x14x14,2.648927
119,0,imagen.jpeg,87,batchnorm,1x384x14x14,0.06556
119,0,imagen.jpeg,88,activacion,1x384x14x14,0.253479
119,0,imagen.jpeg,89,depthwise_conv,1x384x14x14,0.752133
119,0,imagen.jpeg,90,batchnorm,1x384x14x14,0.065395
119,0,imagen.jpeg,91,activacion,1x384x14x14,0.236673
119,0,imagen.jpeg,92,pointwise_conv,1x384x14x14,3.934456
119,0,imagen.jpeg,93,batchnorm,1x96x14x14,0.017695
119,0,imagen.jpeg,94,pointwise_conv,1x96x14x14,6.004154
119,0,imagen.jpeg,95,batchnorm,1x576x14x14,0.102026
119,0,imagen.jpeg,96,activacion,1x576x14x14,0.368167
119,0,imagen.jpeg,97,depthwise_conv,1x576x14x14,1.157044
119,0,imagen.jpeg,98,batchnorm,1x576x14x14,0.172252
119,0,imagen.jpeg,99,activacion,1x576x14x14,0.325694
119,0,imagen.jpeg,100,pointwise_conv,1x576x14x14,6.111276
119,0,imagen.jpeg,101,batchnorm,1x96x14x14,0.0198
119,0,imagen.jpeg,102,layer_add,1x96x14x14,0.012604
119,0,imagen.jpeg,103,pointwise_conv,1x96x14x14,6.214965
119,0,imagen.jpeg,104,batchnorm,1x576x14x14,0.119928
119,0,imagen.jpeg,105,activacion,1x576x14x14,0.366701
119,0,imagen.jpeg,106,depthwise_conv,1x576x14x14,1.155453
119,0,imagen.jpeg,107,batchnorm,1x576x14x14,0.173432
119,0,imagen.jpeg,108,activacion,1x576x14x14,0.331074
119,0,imagen.jpeg,109,pointwise_conv,1x576x14x14,7.05485
119,0,imagen.jpeg,110,batchnorm,1x96x14x14,0.020881
119,0,imagen.jpeg,111,layer_add,1x96x14x14,0.014705
119,0,imagen.jpeg,112,pointwise_conv,1x96x14x14,6.790779
119,0,imagen.jpeg,113,batchnorm,1x576x14x14,0.123565
119,0,imagen.jpeg,114,activacion,1x576x14x14,0.350415
119,0,imagen.jpeg,115,depthwise_conv,1x576x14x14,0.316383
119,0,imagen.jpeg,116,batchnorm,1x576x7x7,0.034353
119,0,imagen.jpeg,117,activacion,1x576x7x7,0.074342
119,0,imagen.jpeg,118,pointwise_conv,1x576x7x7,2.777565
119,0,imagen.jpeg,119,batchnorm,1x160x7x7,0.008713
119,0,imagen.jpeg,120,pointwise_conv,1x160x7x7,4.75697
119,0,imagen.jpeg,121,batchnorm,1x960x7x7,0.052904
119,0,imagen.jpeg,122,activacion,1x960x7x7,0.172823
119,0,imagen.jpeg,123,depthwise_conv,1x960x7x7,0.510338
119,0,imagen.jpeg,124,batchnorm,1x960x7x7,0.063816
119,0,imagen.jpeg,125,activacion,1x960x7x7,0.16196
119,0,imagen.jpeg,126,pointwise_conv,1x960x7x7,4.744906
119,0,imagen.jpeg,127,batchnorm,1x160x7x7,0.008812
119,0,imagen.jpeg,128,layer_add,1x160x7x7,0.005449
119,0,imagen.jpeg,129,pointwise_conv,1x160x7x7,4.650167
119,0,imagen.jpeg,130,batchnorm,1x960x7x7,0.053023
119,0,imagen.jpeg,131,activacion,1x960x7x7,0.168748
119,0,imagen.jpeg,132,depthwise_conv,1x960x7x7,0.761975
119,0,imagen.jpeg,133,batchnorm,1x960x7x7,0.099552
119,0,imagen.jpeg,134,activacion,1x960x7x7,0.181038
119,0,imagen.jpeg,135,pointwise_conv,1x960x7x7,4.992512
119,0,imagen.jpeg,136,batchnorm,1x160x7x7,0.009921
119,0,imagen.jpeg,137,layer_add,1x160x7x7,0.005602
119,0,imagen.jpeg,138,pointwise_conv,1x160x7x7,4.788335
119,0,imagen.jpeg,139,batchnorm,1x960x7x7,0.054992
119,0,imagen.jpeg,140,activacion,1x960x7x7,0.130684
119,0,imagen.jpeg,141,depthwise_conv,1x960x7x7,0.563796
119,0,imagen.jpeg,142,batchnorm,1x960x7x7,0.055622
119,0,imagen.jpeg,143,activacion,1x960x7x7,0.100857
119,0,imagen.jpeg,144,pointwise_conv,1x960x7x7,9.995101
119,0,imagen.jpeg,145,batchnorm,1x320x7x7,0.019535
119,0,imagen.jpeg,146,pointwise_conv,1x320x7x7,14.357497
119,0,imagen.jpeg,147,batchnorm,1x1280x7x7,0.146734
119,0,imagen.jpeg,148,activacion,1x1280x7x7,0.242879
119,0,imagen.jpeg,149,pooling,1x1280x7x7,0.074031
119,0,imagen.jpeg,150,linear,1x1280,1.719015
120,0,imagen.jpeg,0,conv2d,1x3x224x224,20.103175
120,0,imagen.jpeg,1,batchnorm,1x32x112x112,0.461193
120,0,imagen.jpeg,2,activacion,1x32x112x112,0.767877
120,0,imagen.jpeg,3,depthwise_conv,1x32x112x112,4.796504
120,0,imagen.jpeg,4,batchnorm,1x32x112x112,2.644616
120,0,imagen.jpeg,5,activacion,1x32x112x112,0.840781
120,0,imagen.jpeg,6,pointwise_conv,1x32x112x112,4.021139
120,0,imagen.jpeg,7,batchnorm,1x16x112x112,0.203555
120,0,imagen.jpeg,8,pointwise_conv,1x16x112x112,13.749463
120,0,imagen.jpeg,9,batchnorm,1x96x112x112,2.258411
120,0,imagen.jpeg,10,activacion,1x96x112x112,3.753264
120,0,imagen.jpeg,11,depthwise_conv,1x96x112x112,3.501819
120,0,imagen.jpeg,12,batchnorm,1x96x56x56,0.31457
120,0,imagen.jpeg,13,activacion,1x96x56x56,1.159448
120,0,imagen.jpeg,14,pointwise_conv,1x96x56x56,4.448885
120,0,imagen.jpeg,15,batchnorm,1x24x56x56,0.070861
120,0,imagen.jpeg,16,pointwise_conv,1x24x56x56,7.250252
120,0,imagen.jpeg,17,batchnorm,1x144x56x56,0.956342
120,0,imagen.jpeg,18,activacion,1x144x56x56,1.446829
120,0,imagen.jpeg,19,depthwise_conv,1x144x56x56,5.114785
120,0,imagen.jpeg,20,batchnorm,1x144x56x56,0.995091
120,0,imagen.jpeg,21,activacion,1x144x56x56,1.694087
120,0,imagen.jpeg,22,pointwise_conv,1x144x56x56,6.257236
120,0,imagen.jpeg,23,batchnorm,1x24x56x56,0.086476
120,0,imagen.jpeg,24,layer_add,1x24x56x56,0.063048
120,0,imagen.jpeg,25,pointwise_conv,1x24x56x56,6.923821
120,0,imagen.jpeg,26,batchnorm,1x144x56x56,0.455508
120,0,imagen.jpeg,27,activacion,1x144x56x56,1.616287
120,0,imagen.jpeg,28,depthwise_conv,1x144x56x56,1.223634
120,0,imagen.jpeg,29,batchnorm,1x144x28x28,0.104901
120,0,imagen.jpeg,30,activacion,1x144x28x28,0.367257
120,0,imagen.jpeg,31,pointwise_conv,1x144x28x28,2.086389
120,0,imagen.jpeg,32,batchnorm,1x32x28x28,0.023541
120,0,imagen.jpeg,33,pointwise_conv,1x32x28x28,2.738553
120,0,imagen.jpeg,34,batchnorm,1x192x28x28,0.138141
120,0,imagen.jpeg,35,activacion,1x192x28x28,0.418143
120,0,imagen.jpeg,36,depthwise_conv,1x192x28x28,1.799773
120,0,imagen.jpeg,37,batchnorm,1x192x28x28,0.153676
120,0,imagen.jpeg,38,activacion,1x192x28x28,0.579856
120,0,imagen.jpeg,39,pointwise_conv,1x192x28x28,3.011559
120,0,imagen.jpeg,40,batchnorm,1x32x28x28,0.024952
120,0,imagen.jpeg,41,layer_add,1x32x28x28,0.015365
120,0,imagen.jpeg,42,pointwise_conv,1x32x28x28,2.898208
120,0,imagen.jpeg,43,batchnorm,1x192x28x28,0.151105
120,0,imagen.jpeg,44,activacion,1x192x28x28,0.461402
120,0,imagen.jpeg,45,depthwise_conv,1x192x28x28,1.584057
120,0,imagen.jpeg,46,batchnorm,1x192x28x28,0.135336
120,0,imagen.jpeg,47,activacion,1x192x28x28,0.522219
120,0,imagen.jpeg,48,pointwise_conv,1x192x28x28,2.899626
120,0,imagen.jpeg,49,batchnorm,1x32x28x28,0.027262
120,0,imagen.jpeg,50,layer_add,1x32x28x28,0.017649
120,0,imagen.jpeg,51,pointwise_conv,1x32x28x28,3.424622
120,0,imagen.jpeg,52,batchnorm,1x192x28x28,0.160711
120,0,imagen.jpeg,53,activacion,1x192x28x28,0.568239
120,0,imagen.jpeg,54,depthwise_conv,1x192x28x28,0.434313
120,0,imagen.jpeg,55,batchnorm,1x192x14x14,0.038774
120,0,imagen.jpeg,56,activacion,1x192x14x14,0.110013
120,0,imagen.jpeg,57,pointwise_conv,1x192x14x14,1.479435
120,0,imagen.jpeg,58,batchnorm,1x64x14x14,0.012347
120,0,imagen.jpeg,59,pointwise_conv,1x64x14x14,2.956209
120,0,imagen.jpeg,60,batchnorm,1x384x14x14,0.07337
120,0,imagen.jpeg,61,activacion,1x384x14x14,0.205782
120,0,imagen.jpeg,62,depthwise_conv,1x384x14x14,0.807123
120,0,imagen.jpeg,63,batchnorm,1x384x14x14,0.070969
120,0,imagen.jpeg,64,activacion,1x384x14x14,0.282118
120,0,imagen.jpeg,65,pointwise_conv,1x384x14x14,2.855602
120,0,imagen.jpeg,66,batchnorm,1x64x14x14,0.011772
120,0,imagen.jpeg,67,layer_add,1x64x14x14,0.006213
120,0,imagen.jpeg,68,pointwise_conv,1x64x14x14,2.715283
120,0,imagen.jpeg,69,batchnorm,1x384x14x14,0.087753
120,0,imagen.jpeg,70,activacion,1x384x14x14,0.233276
120,0,imagen.jpeg,71,depthwise_conv,1x384x14x14,0.807933
120,0,imagen.jpeg,72,batchnorm,1x384x14x14,0.120771
120,0,imagen.jpeg,73,activacion,1x384x14x14,0.259192
120,0,imagen.jpeg,74,pointwise_conv,1x384x14x14,3.155295
120,0,imagen.jpeg,75,batchnorm,1x64x14x14,0.014323
120,0,imagen.jpeg,76,layer_add,1x64x14x14,0.007993
120,0,imagen.jpeg,77,pointwise_conv,1x64x14x14,3.021699
120,0,imagen.jpeg,78,batchnorm,1x384x14x14,0.077984
120,0,imagen.jpeg,79,activacion,1x384x14x14,0.305496
120,0,imagen.jpeg,80,depthwise_conv,1x384x14x14,0.895276
120,0,imagen.jpeg,81,batchnorm,1x384x14x14,0.16641
120,0,imagen.jpeg,82,activacion,1x384x14x14,0.256763
120,0,imagen.jpeg,83,pointwise_conv,1x384x14x14,3.707591
120,0,imagen.jpeg,84,batchnorm,1x64x14x14,0.013763
120,0,imagen.jpeg,85,layer_add,1x64x14x14,0.007567
120,0,imagen.jpeg,86,pointwise_conv,1x64x14x14,3.045123
120,0,imagen.jpeg,87,batchnorm,1x384x14x14,0.08175
120,0,imagen.jpeg,88,activacion,1x384x14x14,0.279489
120,0,imagen.jpeg,89,depthwise_conv,1x384x14x14,0.839088
120,0,imagen.jpeg,90,batchnorm,1x384x14x14,0.073849
120,0,imagen.jpeg,91,activacion,1x384x14x14,0.269124
120,0,imagen.jpeg,92,pointwise_conv,1x384x14x14,4.655235
120,0,imagen.jpeg,93,batchnorm,1x96x14x14,0.02243
120,0,imagen.jpeg,94,pointwise_conv,1x96x14x14,6.737822
120,0,imagen.jpeg,95,batchnorm,1x576x14x14,0.114985
120,0,imagen.jpeg,96,activacion,1x576x14x14,0.390535
120,0,imagen.jpeg,97,depthwise_conv,1x576x14x14,1.217295
120,0,imagen.jpeg,98,batchnorm,1x576x14x14,0.18649
120,0,imagen.jpeg,99,activacion,1x576x14x14,0.350516
120,0,imagen.jpeg,100,pointwise_conv,1x576x14x14,6.658225
120,0,imagen.jpeg,101,batchnorm,1x96x14x14,0.02013
120,0,imagen.jpeg,102,layer_add,1x96x14x14,0.01201
120,0,imagen.jpeg,103,pointwise_conv,1x96x14x14,6.205023
120,0,imagen.jpeg,104,batchnorm,1x576x14x14,0.109017
120,0,imagen.jpeg,105,activacion,1x576x14x14,0.37815
120,0,imagen.jpeg,106,depthwise_conv,1x576x14x14,1.161352
120,0,imagen.jpeg,107,batchnorm,1x576x14x14,0.157442
120,0,imagen.jpeg,108,activacion,1x576x14x14,0.303216
120,0,imagen.jpeg,109,pointwise_conv,1x576x14x14,6.236923
120,0,imagen.jpeg,110,batchnorm,1x96x14x14,0.019524
120,0,imagen.jpeg,111,layer_add,1x96x14x14,0.013062
120,0,imagen.jpeg,112,pointwise_conv,1x96x14x14,6.136431
120,0,imagen.jpeg,113,batchnorm,1x576x14x14,0.109755
120,0,imagen.jpeg,114,activacion,1x576x14x14,0.316081
120,0,imagen.jpeg,115,depthwise_conv,1x576x14x14,0.282479
120,0,imagen.jpeg,116,batchnorm,1x576x7x7,0.030786
120,0,imagen.jpeg,117,activacion,1x576x7x7,0.068304
120,0,imagen.jpeg,118,pointwise_conv,1x576x7x7,2.50432
120,0,imagen.jpeg,119,batchnorm,1x160x7x7,0.007881
120,0,imagen.jpeg,120,pointwise_conv,1x160x7x7,4.161824
120,0,imagen.jpeg,121,batchnorm,1x960x7x7,0.046867
120,0,imagen.jpeg,122,activacion,1x960x7x7,0.150773
120,0,imagen.jpeg,123,depthwise_conv,1x960x7x7,0.463536
120,0,imagen.jpeg,124,batchnorm,1x960x7x7,0.065253
120,0,imagen.jpeg,125,activacion,1x960x7x7,0.14032
120,0,imagen.jpeg,126,pointwise_conv,1x960x7x7,4.324195
120,0,imagen.jpeg,127,batchnorm,1x160x7x7,0.007501
120,0,imagen.jpeg,128,layer_add,1x160x7x7,0.004203
120,0,imagen.jpeg,129,pointwise_conv,1x160x7x7,4.053862
120,0,imagen.jpeg,130,batchnorm,1x960x7x7,0.04372
120,0,imagen.jpeg,131,activacion,1x960x7x7,0.14039
120,0,imagen.jpeg,132,depthwise_conv,1x960x7x7,0.433005
120,0,imagen.jpeg,133,batchnorm,1x960x7x7,0.054079
120,0,imagen.jpeg,134,activacion,1x960x7x7,0.125161
120,0,imagen.jpeg,135,pointwise_conv,1x960x7x7,4.027619
120,0,imagen.jpeg,136,batchnorm,1x160x7x7,0.007119
120,0,imagen.jpeg,137,layer_add,1x160x7x7,0.004016
120,0,imagen.jpeg,138,pointwise_conv,1x160x7x7,4.481885
120,0,imagen.jpeg,139,batchnorm,1x960x7x7,0.055907
120,0,imagen.jpeg,140,activacion,1x960x7x7,0.123627
120,0,imagen.jpeg,141,depthwise_conv,1x960x7x7,0.473831
120,0,imagen.jpeg,142,batchnorm,1x960x7x7,0.069039
120,0,imagen.jpeg,143,activacion,1x960x7x7,0.094394
120,0,imagen.jpeg,144,pointwise_conv,1x960x7x7,8.109549
120,0,imagen.jpeg,145,batchnorm,1x320x7x7,0.015173
120,0,imagen.jpeg,146,pointwise_conv,1x320x7x7,11.019098
120,0,imagen.jpeg,147,batchnorm,1x1280x7x7,0.059917
120,0,imagen.jpeg,148,activacion,1x1280x7x7,0.203487
120,0,imagen.jpeg,149,pooling,1x1280x7x7,0.038464
120,0,imagen.jpeg,150,linear,1x1280,1.432179
